motif_ID	motif_ALT_ID	motif_P-value	seq_ID	seq_Score	seq_Class	is_holdout?
1-STRCACTGARARAAAWD	STREME-1	2.7e-008	peak_534	23.56	tp	0
1-STRCACTGARARAAAWD	STREME-1	2.7e-008	peak_321	23.55	tp	0
1-STRCACTGARARAAAWD	STREME-1	2.7e-008	peak_416	23.43	tp	1
1-STRCACTGARARAAAWD	STREME-1	2.7e-008	peak_179	23.36	tp	0
1-STRCACTGARARAAAWD	STREME-1	2.7e-008	peak_847	23.36	tp	0
1-STRCACTGARARAAAWD	STREME-1	2.7e-008	peak_686	23.04	tp	0
1-STRCACTGARARAAAWD	STREME-1	2.7e-008	peak_25	23.04	tp	1
1-STRCACTGARARAAAWD	STREME-1	2.7e-008	peak_329	22.92	tp	0
1-STRCACTGARARAAAWD	STREME-1	2.7e-008	peak_248	22.92	tp	0
1-STRCACTGARARAAAWD	STREME-1	2.7e-008	peak_249	22.92	tp	0
1-STRCACTGARARAAAWD	STREME-1	2.7e-008	peak_283	22.20	tp	0
1-STRCACTGARARAAAWD	STREME-1	2.7e-008	peak_463	22.16	tp	0
1-STRCACTGARARAAAWD	STREME-1	2.7e-008	peak_5	22.14	tp	0
1-STRCACTGARARAAAWD	STREME-1	2.7e-008	peak_328	22.09	tp	0
1-STRCACTGARARAAAWD	STREME-1	2.7e-008	peak_332	22.02	tp	1
1-STRCACTGARARAAAWD	STREME-1	2.7e-008	peak_734	21.64	tp	0
1-STRCACTGARARAAAWD	STREME-1	2.7e-008	peak_582	21.63	tp	0
1-STRCACTGARARAAAWD	STREME-1	2.7e-008	peak_7	21.60	tp	0
1-STRCACTGARARAAAWD	STREME-1	2.7e-008	peak_294	21.46	tp	0
1-STRCACTGARARAAAWD	STREME-1	2.7e-008	peak_526	21.42	tp	0
1-STRCACTGARARAAAWD	STREME-1	2.7e-008	peak_730	21.31	tp	0
1-STRCACTGARARAAAWD	STREME-1	2.7e-008	peak_836	21.25	tp	0
1-STRCACTGARARAAAWD	STREME-1	2.7e-008	peak_12	21.22	tp	0
1-STRCACTGARARAAAWD	STREME-1	2.7e-008	peak_619	21.19	tp	1
1-STRCACTGARARAAAWD	STREME-1	2.7e-008	peak_792	21.12	tp	0
1-STRCACTGARARAAAWD	STREME-1	2.7e-008	peak_177	21.06	tp	0
1-STRCACTGARARAAAWD	STREME-1	2.7e-008	peak_51	20.96	tp	0
1-STRCACTGARARAAAWD	STREME-1	2.7e-008	peak_303	20.93	tp	0
1-STRCACTGARARAAAWD	STREME-1	2.7e-008	peak_90	20.92	tp	0
1-STRCACTGARARAAAWD	STREME-1	2.7e-008	peak_630	20.87	tp	0
1-STRCACTGARARAAAWD	STREME-1	2.7e-008	peak_857	20.82	tp	1
1-STRCACTGARARAAAWD	STREME-1	2.7e-008	peak_81	20.61	tp	0
1-STRCACTGARARAAAWD	STREME-1	2.7e-008	peak_473	20.54	tp	0
1-STRCACTGARARAAAWD	STREME-1	2.7e-008	peak_818	20.45	tp	0
1-STRCACTGARARAAAWD	STREME-1	2.7e-008	peak_641	20.41	tp	0
1-STRCACTGARARAAAWD	STREME-1	2.7e-008	peak_617	20.31	tp	0
1-STRCACTGARARAAAWD	STREME-1	2.7e-008	peak_388	20.29	tp	0
1-STRCACTGARARAAAWD	STREME-1	2.7e-008	peak_705	20.21	tp	0
1-STRCACTGARARAAAWD	STREME-1	2.7e-008	peak_793	20.09	tp	0
1-STRCACTGARARAAAWD	STREME-1	2.7e-008	peak_269	20.03	tp	1
1-STRCACTGARARAAAWD	STREME-1	2.7e-008	peak_687	20.02	tp	1
1-STRCACTGARARAAAWD	STREME-1	2.7e-008	peak_427	20.00	tp	0
1-STRCACTGARARAAAWD	STREME-1	2.7e-008	peak_618	19.96	tp	0
1-STRCACTGARARAAAWD	STREME-1	2.7e-008	peak_204	19.95	tp	1
1-STRCACTGARARAAAWD	STREME-1	2.7e-008	peak_225	19.89	tp	1
1-STRCACTGARARAAAWD	STREME-1	2.7e-008	peak_644	19.88	tp	1
1-STRCACTGARARAAAWD	STREME-1	2.7e-008	peak_365	19.85	tp	0
1-STRCACTGARARAAAWD	STREME-1	2.7e-008	peak_33	19.83	tp	0
1-STRCACTGARARAAAWD	STREME-1	2.7e-008	peak_226	19.78	tp	0
1-STRCACTGARARAAAWD	STREME-1	2.7e-008	peak_550	19.75	tp	0
1-STRCACTGARARAAAWD	STREME-1	2.7e-008	peak_753	19.73	tp	0
1-STRCACTGARARAAAWD	STREME-1	2.7e-008	peak_324	19.72	tp	0
1-STRCACTGARARAAAWD	STREME-1	2.7e-008	peak_401	19.66	tp	1
1-STRCACTGARARAAAWD	STREME-1	2.7e-008	peak_311	19.56	tp	0
1-STRCACTGARARAAAWD	STREME-1	2.7e-008	peak_305	19.54	tp	0
1-STRCACTGARARAAAWD	STREME-1	2.7e-008	peak_26	19.48	tp	0
1-STRCACTGARARAAAWD	STREME-1	2.7e-008	peak_589	19.44	tp	0
1-STRCACTGARARAAAWD	STREME-1	2.7e-008	peak_623	19.37	tp	0
1-STRCACTGARARAAAWD	STREME-1	2.7e-008	peak_276	19.36	tp	0
1-STRCACTGARARAAAWD	STREME-1	2.7e-008	peak_766	19.18	tp	0
1-STRCACTGARARAAAWD	STREME-1	2.7e-008	peak_855	19.13	tp	0
1-STRCACTGARARAAAWD	STREME-1	2.7e-008	peak_195	19.12	tp	0
1-STRCACTGARARAAAWD	STREME-1	2.7e-008	peak_774	19.05	tp	1
1-STRCACTGARARAAAWD	STREME-1	2.7e-008	peak_346	19.03	tp	0
1-STRCACTGARARAAAWD	STREME-1	2.7e-008	peak_649	18.99	tp	0
1-STRCACTGARARAAAWD	STREME-1	2.7e-008	peak_782	18.94	tp	0
1-STRCACTGARARAAAWD	STREME-1	2.7e-008	peak_646	18.90	tp	0
1-STRCACTGARARAAAWD	STREME-1	2.7e-008	peak_60	18.89	tp	1
1-STRCACTGARARAAAWD	STREME-1	2.7e-008	peak_610	18.77	tp	0
1-STRCACTGARARAAAWD	STREME-1	2.7e-008	peak_263	18.73	tp	0
1-STRCACTGARARAAAWD	STREME-1	2.7e-008	peak_348	18.72	tp	0
1-STRCACTGARARAAAWD	STREME-1	2.7e-008	peak_187	18.71	tp	0
1-STRCACTGARARAAAWD	STREME-1	2.7e-008	peak_810	18.69	tp	0
1-STRCACTGARARAAAWD	STREME-1	2.7e-008	peak_258	18.66	tp	0
1-STRCACTGARARAAAWD	STREME-1	2.7e-008	peak_223	18.66	tp	0
1-STRCACTGARARAAAWD	STREME-1	2.7e-008	peak_36	18.66	tp	0
1-STRCACTGARARAAAWD	STREME-1	2.7e-008	peak_520	18.62	tp	0
1-STRCACTGARARAAAWD	STREME-1	2.7e-008	peak_430	18.61	tp	0
1-STRCACTGARARAAAWD	STREME-1	2.7e-008	peak_704	18.61	tp	0
1-STRCACTGARARAAAWD	STREME-1	2.7e-008	peak_67	18.56	tp	0
1-STRCACTGARARAAAWD	STREME-1	2.7e-008	peak_496	18.54	tp	0
1-STRCACTGARARAAAWD	STREME-1	2.7e-008	peak_737	18.50	tp	0
1-STRCACTGARARAAAWD	STREME-1	2.7e-008	peak_749	18.48	tp	0
1-STRCACTGARARAAAWD	STREME-1	2.7e-008	peak_44	18.44	tp	0
1-STRCACTGARARAAAWD	STREME-1	2.7e-008	peak_820	18.43	tp	0
1-STRCACTGARARAAAWD	STREME-1	2.7e-008	peak_439	18.38	tp	1
1-STRCACTGARARAAAWD	STREME-1	2.7e-008	peak_723	18.38	tp	0
1-STRCACTGARARAAAWD	STREME-1	2.7e-008	peak_716	18.23	tp	0
1-STRCACTGARARAAAWD	STREME-1	2.7e-008	peak_235	18.11	tp	0
1-STRCACTGARARAAAWD	STREME-1	2.7e-008	peak_604	18.04	tp	0
1-STRCACTGARARAAAWD	STREME-1	2.7e-008	peak_744	17.98	tp	0
1-STRCACTGARARAAAWD	STREME-1	2.7e-008	peak_370	17.97	tp	0
1-STRCACTGARARAAAWD	STREME-1	2.7e-008	peak_435	17.96	tp	0
1-STRCACTGARARAAAWD	STREME-1	2.7e-008	peak_314	17.85	tp	0
1-STRCACTGARARAAAWD	STREME-1	2.7e-008	peak_747	17.85	tp	0
1-STRCACTGARARAAAWD	STREME-1	2.7e-008	peak_400	17.83	tp	0
1-STRCACTGARARAAAWD	STREME-1	2.7e-008	peak_794	17.79	tp	0
1-STRCACTGARARAAAWD	STREME-1	2.7e-008	peak_536	17.79	tp	0
1-STRCACTGARARAAAWD	STREME-1	2.7e-008	peak_658	17.78	tp	0
1-STRCACTGARARAAAWD	STREME-1	2.7e-008	peak_234	17.76	tp	0
1-STRCACTGARARAAAWD	STREME-1	2.7e-008	peak_407	17.71	tp	0
1-STRCACTGARARAAAWD	STREME-1	2.7e-008	peak_611	17.70	tp	1
1-STRCACTGARARAAAWD	STREME-1	2.7e-008	peak_503	17.69	tp	0
1-STRCACTGARARAAAWD	STREME-1	2.7e-008	peak_74	17.68	tp	0
1-STRCACTGARARAAAWD	STREME-1	2.7e-008	peak_497	17.59	tp	0
1-STRCACTGARARAAAWD	STREME-1	2.7e-008	peak_240	17.57	tp	0
1-STRCACTGARARAAAWD	STREME-1	2.7e-008	peak_803	17.50	tp	0
1-STRCACTGARARAAAWD	STREME-1	2.7e-008	peak_420	17.49	tp	0
1-STRCACTGARARAAAWD	STREME-1	2.7e-008	peak_342	17.35	tp	0
1-STRCACTGARARAAAWD	STREME-1	2.7e-008	peak_352	17.35	tp	0
1-STRCACTGARARAAAWD	STREME-1	2.7e-008	peak_205	17.34	tp	0
1-STRCACTGARARAAAWD	STREME-1	2.7e-008	peak_664	17.30	tp	1
1-STRCACTGARARAAAWD	STREME-1	2.7e-008	peak_583	17.28	tp	0
1-STRCACTGARARAAAWD	STREME-1	2.7e-008	peak_408	17.26	tp	0
1-STRCACTGARARAAAWD	STREME-1	2.7e-008	peak_399	17.21	tp	0
1-STRCACTGARARAAAWD	STREME-1	2.7e-008	peak_673	17.20	tp	0
1-STRCACTGARARAAAWD	STREME-1	2.7e-008	peak_228	17.16	tp	1
1-STRCACTGARARAAAWD	STREME-1	2.7e-008	peak_724	17.14	tp	1
1-STRCACTGARARAAAWD	STREME-1	2.7e-008	peak_186	17.12	tp	0
1-STRCACTGARARAAAWD	STREME-1	2.7e-008	peak_397	17.11	tp	0
1-STRCACTGARARAAAWD	STREME-1	2.7e-008	peak_767	17.11	tp	0
1-STRCACTGARARAAAWD	STREME-1	2.7e-008	peak_366	17.10	tp	0
1-STRCACTGARARAAAWD	STREME-1	2.7e-008	peak_515	17.06	tp	0
1-STRCACTGARARAAAWD	STREME-1	2.7e-008	peak_865	17.06	tp	0
1-STRCACTGARARAAAWD	STREME-1	2.7e-008	peak_382	17.04	tp	0
1-STRCACTGARARAAAWD	STREME-1	2.7e-008	peak_500	17.00	tp	0
1-STRCACTGARARAAAWD	STREME-1	2.7e-008	peak_652	17.00	tp	0
1-STRCACTGARARAAAWD	STREME-1	2.7e-008	peak_728	16.99	tp	0
1-STRCACTGARARAAAWD	STREME-1	2.7e-008	peak_267	16.92	tp	0
1-STRCACTGARARAAAWD	STREME-1	2.7e-008	peak_529	16.90	tp	0
1-STRCACTGARARAAAWD	STREME-1	2.7e-008	peak_690	16.90	tp	0
1-STRCACTGARARAAAWD	STREME-1	2.7e-008	peak_118	16.89	tp	0
1-STRCACTGARARAAAWD	STREME-1	2.7e-008	peak_172	16.84	tp	0
1-STRCACTGARARAAAWD	STREME-1	2.7e-008	peak_403	16.79	tp	0
1-STRCACTGARARAAAWD	STREME-1	2.7e-008	peak_554	16.79	tp	0
1-STRCACTGARARAAAWD	STREME-1	2.7e-008	peak_103	16.75	tp	0
1-STRCACTGARARAAAWD	STREME-1	2.7e-008	peak_111	16.74	tp	0
1-STRCACTGARARAAAWD	STREME-1	2.7e-008	peak_165	16.62	tp	0
1-STRCACTGARARAAAWD	STREME-1	2.7e-008	peak_310	16.62	tp	0
1-STRCACTGARARAAAWD	STREME-1	2.7e-008	peak_544	16.58	tp	0
1-STRCACTGARARAAAWD	STREME-1	2.7e-008	peak_636	16.58	tp	0
1-STRCACTGARARAAAWD	STREME-1	2.7e-008	peak_325	16.53	tp	0
1-STRCACTGARARAAAWD	STREME-1	2.7e-008	peak_334	16.45	tp	0
1-STRCACTGARARAAAWD	STREME-1	2.7e-008	peak_523	16.45	tp	0
1-STRCACTGARARAAAWD	STREME-1	2.7e-008	peak_339	16.43	tp	0
1-STRCACTGARARAAAWD	STREME-1	2.7e-008	peak_113	16.43	tp	0
1-STRCACTGARARAAAWD	STREME-1	2.7e-008	peak_200	16.38	tp	0
1-STRCACTGARARAAAWD	STREME-1	2.7e-008	peak_663	16.38	tp	0
1-STRCACTGARARAAAWD	STREME-1	2.7e-008	peak_384	16.34	tp	0
1-STRCACTGARARAAAWD	STREME-1	2.7e-008	peak_547	16.30	tp	0
1-STRCACTGARARAAAWD	STREME-1	2.7e-008	peak_795	16.27	tp	0
1-STRCACTGARARAAAWD	STREME-1	2.7e-008	peak_777	16.25	tp	0
1-STRCACTGARARAAAWD	STREME-1	2.7e-008	peak_764	16.22	tp	0
1-STRCACTGARARAAAWD	STREME-1	2.7e-008	peak_145	16.21	tp	0
1-STRCACTGARARAAAWD	STREME-1	2.7e-008	peak_335	16.21	tp	0
1-STRCACTGARARAAAWD	STREME-1	2.7e-008	peak_642	16.21	tp	0
1-STRCACTGARARAAAWD	STREME-1	2.7e-008	peak_546	16.14	tp	1
1-STRCACTGARARAAAWD	STREME-1	2.7e-008	peak_295	16.05	tp	0
1-STRCACTGARARAAAWD	STREME-1	2.7e-008	peak_48	16.04	tp	0
1-STRCACTGARARAAAWD	STREME-1	2.7e-008	peak_159	16.01	tp	0
1-STRCACTGARARAAAWD	STREME-1	2.7e-008	peak_254	15.99	tp	0
1-STRCACTGARARAAAWD	STREME-1	2.7e-008	peak_31	15.93	tp	0
1-STRCACTGARARAAAWD	STREME-1	2.7e-008	peak_270	15.85	tp	0
1-STRCACTGARARAAAWD	STREME-1	2.7e-008	peak_511	15.82	tp	0
1-STRCACTGARARAAAWD	STREME-1	2.7e-008	peak_411	15.78	tp	0
1-STRCACTGARARAAAWD	STREME-1	2.7e-008	peak_806	15.68	tp	0
1-STRCACTGARARAAAWD	STREME-1	2.7e-008	peak_605	15.67	tp	0
1-STRCACTGARARAAAWD	STREME-1	2.7e-008	peak_768	15.66	tp	1
1-STRCACTGARARAAAWD	STREME-1	2.7e-008	peak_235	15.65	fp	0
1-STRCACTGARARAAAWD	STREME-1	2.7e-008	peak_358	15.63	tp	0
1-STRCACTGARARAAAWD	STREME-1	2.7e-008	peak_216	15.60	tp	0
1-STRCACTGARARAAAWD	STREME-1	2.7e-008	peak_715	15.59	tp	0
1-STRCACTGARARAAAWD	STREME-1	2.7e-008	peak_645	15.48	tp	1
1-STRCACTGARARAAAWD	STREME-1	2.7e-008	peak_535	15.45	tp	0
1-STRCACTGARARAAAWD	STREME-1	2.7e-008	peak_869	15.42	tp	0
1-STRCACTGARARAAAWD	STREME-1	2.7e-008	peak_280	15.38	tp	0
1-STRCACTGARARAAAWD	STREME-1	2.7e-008	peak_101	15.35	tp	0
1-STRCACTGARARAAAWD	STREME-1	2.7e-008	peak_447	15.32	tp	0
1-STRCACTGARARAAAWD	STREME-1	2.7e-008	peak_682	15.32	tp	0
1-STRCACTGARARAAAWD	STREME-1	2.7e-008	peak_55	15.31	tp	1
1-STRCACTGARARAAAWD	STREME-1	2.7e-008	peak_287	15.25	tp	0
1-STRCACTGARARAAAWD	STREME-1	2.7e-008	peak_567	15.18	tp	0
1-STRCACTGARARAAAWD	STREME-1	2.7e-008	peak_94	15.14	tp	0
1-STRCACTGARARAAAWD	STREME-1	2.7e-008	peak_478	15.08	tp	1
1-STRCACTGARARAAAWD	STREME-1	2.7e-008	peak_22	15.05	tp	0
1-STRCACTGARARAAAWD	STREME-1	2.7e-008	peak_718	14.94	tp	0
1-STRCACTGARARAAAWD	STREME-1	2.7e-008	peak_354	14.87	tp	0
1-STRCACTGARARAAAWD	STREME-1	2.7e-008	peak_266	14.86	tp	0
1-STRCACTGARARAAAWD	STREME-1	2.7e-008	peak_533	14.80	tp	0
1-STRCACTGARARAAAWD	STREME-1	2.7e-008	peak_639	14.74	tp	0
1-STRCACTGARARAAAWD	STREME-1	2.7e-008	peak_808	14.70	tp	0
1-STRCACTGARARAAAWD	STREME-1	2.7e-008	peak_202	14.62	tp	0
1-STRCACTGARARAAAWD	STREME-1	2.7e-008	peak_108	14.60	tp	0
1-STRCACTGARARAAAWD	STREME-1	2.7e-008	peak_821	14.51	tp	0
1-STRCACTGARARAAAWD	STREME-1	2.7e-008	peak_688	14.50	tp	0
1-STRCACTGARARAAAWD	STREME-1	2.7e-008	peak_121	14.49	tp	0
1-STRCACTGARARAAAWD	STREME-1	2.7e-008	peak_761	14.49	tp	0
1-STRCACTGARARAAAWD	STREME-1	2.7e-008	peak_255	14.32	tp	0
1-STRCACTGARARAAAWD	STREME-1	2.7e-008	peak_379	14.24	fp	0
1-STRCACTGARARAAAWD	STREME-1	2.7e-008	peak_102	14.24	tp	0
1-STRCACTGARARAAAWD	STREME-1	2.7e-008	peak_722	14.23	tp	1
1-STRCACTGARARAAAWD	STREME-1	2.7e-008	peak_454	14.11	tp	0
1-STRCACTGARARAAAWD	STREME-1	2.7e-008	peak_558	14.11	tp	0
1-STRCACTGARARAAAWD	STREME-1	2.7e-008	peak_695	14.07	tp	0
1-STRCACTGARARAAAWD	STREME-1	2.7e-008	peak_560	13.92	tp	0
1-STRCACTGARARAAAWD	STREME-1	2.7e-008	peak_126	13.92	tp	0
1-STRCACTGARARAAAWD	STREME-1	2.7e-008	peak_625	13.81	tp	0
1-STRCACTGARARAAAWD	STREME-1	2.7e-008	peak_123	13.78	tp	0
1-STRCACTGARARAAAWD	STREME-1	2.7e-008	peak_140	13.71	tp	0
1-STRCACTGARARAAAWD	STREME-1	2.7e-008	peak_558	13.65	fp	1
1-STRCACTGARARAAAWD	STREME-1	2.7e-008	peak_125	13.60	tp	0
1-STRCACTGARARAAAWD	STREME-1	2.7e-008	peak_250	13.53	tp	0
1-STRCACTGARARAAAWD	STREME-1	2.7e-008	peak_15	13.48	tp	0
1-STRCACTGARARAAAWD	STREME-1	2.7e-008	peak_794	13.47	fp	0
1-STRCACTGARARAAAWD	STREME-1	2.7e-008	peak_120	13.42	tp	0
1-STRCACTGARARAAAWD	STREME-1	2.7e-008	peak_276	13.38	fp	0
1-STRCACTGARARAAAWD	STREME-1	2.7e-008	peak_288	13.34	tp	0
1-STRCACTGARARAAAWD	STREME-1	2.7e-008	peak_739	13.34	tp	0
1-STRCACTGARARAAAWD	STREME-1	2.7e-008	peak_284	13.29	tp	1
1-STRCACTGARARAAAWD	STREME-1	2.7e-008	peak_1	13.28	fp	0
1-STRCACTGARARAAAWD	STREME-1	2.7e-008	peak_371	13.27	tp	1
1-STRCACTGARARAAAWD	STREME-1	2.7e-008	peak_485	13.19	tp	0
1-STRCACTGARARAAAWD	STREME-1	2.7e-008	peak_185	13.08	tp	0
1-STRCACTGARARAAAWD	STREME-1	2.7e-008	peak_703	13.00	tp	0
1-STRCACTGARARAAAWD	STREME-1	2.7e-008	peak_848	12.97	tp	0
1-STRCACTGARARAAAWD	STREME-1	2.7e-008	peak_4	12.96	tp	0
1-STRCACTGARARAAAWD	STREME-1	2.7e-008	peak_712	12.87	tp	0
1-STRCACTGARARAAAWD	STREME-1	2.7e-008	peak_676	12.85	tp	0
1-STRCACTGARARAAAWD	STREME-1	2.7e-008	peak_460	12.80	tp	0
1-STRCACTGARARAAAWD	STREME-1	2.7e-008	peak_100	12.70	tp	0
1-STRCACTGARARAAAWD	STREME-1	2.7e-008	peak_629	12.66	fp	0
1-STRCACTGARARAAAWD	STREME-1	2.7e-008	peak_245	12.61	tp	0
1-STRCACTGARARAAAWD	STREME-1	2.7e-008	peak_493	12.58	tp	0
1-STRCACTGARARAAAWD	STREME-1	2.7e-008	peak_809	12.52	tp	0
1-STRCACTGARARAAAWD	STREME-1	2.7e-008	peak_167	12.52	tp	0
1-STRCACTGARARAAAWD	STREME-1	2.7e-008	peak_528	12.49	tp	0
1-STRCACTGARARAAAWD	STREME-1	2.7e-008	peak_650	12.36	tp	0
1-STRCACTGARARAAAWD	STREME-1	2.7e-008	peak_799	12.33	tp	0
1-STRCACTGARARAAAWD	STREME-1	2.7e-008	peak_784	12.16	tp	0
1-STRCACTGARARAAAWD	STREME-1	2.7e-008	peak_52	12.07	tp	0
1-STRCACTGARARAAAWD	STREME-1	2.7e-008	peak_762	12.07	tp	0
1-STRCACTGARARAAAWD	STREME-1	2.7e-008	peak_727	12.03	tp	0
1-STRCACTGARARAAAWD	STREME-1	2.7e-008	peak_804	12.02	tp	0
1-STRCACTGARARAAAWD	STREME-1	2.7e-008	peak_37	11.99	tp	0
1-STRCACTGARARAAAWD	STREME-1	2.7e-008	peak_360	11.96	tp	0
1-STRCACTGARARAAAWD	STREME-1	2.7e-008	peak_323	11.94	tp	0
#
2-CGCTCTCTCTCTCTCTC	STREME-2	1.6e-004	peak_1	24.33	tp	0
2-CGCTCTCTCTCTCTCTC	STREME-2	1.6e-004	peak_429	23.61	tp	0
2-CGCTCTCTCTCTCTCTC	STREME-2	1.6e-004	peak_520	23.10	tp	0
2-CGCTCTCTCTCTCTCTC	STREME-2	1.6e-004	peak_431	22.63	tp	0
2-CGCTCTCTCTCTCTCTC	STREME-2	1.6e-004	peak_427	22.14	tp	0
2-CGCTCTCTCTCTCTCTC	STREME-2	1.6e-004	peak_748	22.04	tp	0
2-CGCTCTCTCTCTCTCTC	STREME-2	1.6e-004	peak_546	21.56	tp	1
2-CGCTCTCTCTCTCTCTC	STREME-2	1.6e-004	peak_22	21.39	tp	0
2-CGCTCTCTCTCTCTCTC	STREME-2	1.6e-004	peak_801	21.19	tp	0
2-CGCTCTCTCTCTCTCTC	STREME-2	1.6e-004	peak_566	20.84	tp	0
2-CGCTCTCTCTCTCTCTC	STREME-2	1.6e-004	peak_126	20.52	tp	0
2-CGCTCTCTCTCTCTCTC	STREME-2	1.6e-004	peak_767	20.42	tp	0
2-CGCTCTCTCTCTCTCTC	STREME-2	1.6e-004	peak_42	20.31	tp	0
2-CGCTCTCTCTCTCTCTC	STREME-2	1.6e-004	peak_49	20.23	tp	0
2-CGCTCTCTCTCTCTCTC	STREME-2	1.6e-004	peak_721	20.17	tp	0
2-CGCTCTCTCTCTCTCTC	STREME-2	1.6e-004	peak_680	20.13	tp	0
2-CGCTCTCTCTCTCTCTC	STREME-2	1.6e-004	peak_788	20.09	tp	0
2-CGCTCTCTCTCTCTCTC	STREME-2	1.6e-004	peak_201	19.68	tp	0
2-CGCTCTCTCTCTCTCTC	STREME-2	1.6e-004	peak_108	19.62	tp	0
2-CGCTCTCTCTCTCTCTC	STREME-2	1.6e-004	peak_544	19.59	tp	0
2-CGCTCTCTCTCTCTCTC	STREME-2	1.6e-004	peak_261	19.53	tp	0
2-CGCTCTCTCTCTCTCTC	STREME-2	1.6e-004	peak_159	19.40	tp	0
2-CGCTCTCTCTCTCTCTC	STREME-2	1.6e-004	peak_857	19.33	tp	1
2-CGCTCTCTCTCTCTCTC	STREME-2	1.6e-004	peak_342	19.16	tp	0
2-CGCTCTCTCTCTCTCTC	STREME-2	1.6e-004	peak_633	19.02	tp	0
2-CGCTCTCTCTCTCTCTC	STREME-2	1.6e-004	peak_603	18.93	tp	0
2-CGCTCTCTCTCTCTCTC	STREME-2	1.6e-004	peak_484	18.84	tp	1
2-CGCTCTCTCTCTCTCTC	STREME-2	1.6e-004	peak_716	18.78	tp	0
2-CGCTCTCTCTCTCTCTC	STREME-2	1.6e-004	peak_235	18.73	fp	0
2-CGCTCTCTCTCTCTCTC	STREME-2	1.6e-004	peak_107	18.62	tp	0
2-CGCTCTCTCTCTCTCTC	STREME-2	1.6e-004	peak_722	18.61	tp	1
2-CGCTCTCTCTCTCTCTC	STREME-2	1.6e-004	peak_50	18.55	tp	0
2-CGCTCTCTCTCTCTCTC	STREME-2	1.6e-004	peak_297	18.54	tp	0
2-CGCTCTCTCTCTCTCTC	STREME-2	1.6e-004	peak_643	18.46	tp	0
2-CGCTCTCTCTCTCTCTC	STREME-2	1.6e-004	peak_690	18.41	tp	0
2-CGCTCTCTCTCTCTCTC	STREME-2	1.6e-004	peak_746	18.29	tp	0
2-CGCTCTCTCTCTCTCTC	STREME-2	1.6e-004	peak_795	18.15	tp	0
2-CGCTCTCTCTCTCTCTC	STREME-2	1.6e-004	peak_761	18.13	tp	0
2-CGCTCTCTCTCTCTCTC	STREME-2	1.6e-004	peak_407	18.11	tp	0
2-CGCTCTCTCTCTCTCTC	STREME-2	1.6e-004	peak_48	17.95	tp	0
2-CGCTCTCTCTCTCTCTC	STREME-2	1.6e-004	peak_219	17.93	tp	0
2-CGCTCTCTCTCTCTCTC	STREME-2	1.6e-004	peak_410	17.91	tp	0
2-CGCTCTCTCTCTCTCTC	STREME-2	1.6e-004	peak_704	17.88	tp	0
2-CGCTCTCTCTCTCTCTC	STREME-2	1.6e-004	peak_110	17.74	tp	0
2-CGCTCTCTCTCTCTCTC	STREME-2	1.6e-004	peak_69	17.73	tp	0
2-CGCTCTCTCTCTCTCTC	STREME-2	1.6e-004	peak_500	17.58	tp	0
2-CGCTCTCTCTCTCTCTC	STREME-2	1.6e-004	peak_28	17.56	tp	0
2-CGCTCTCTCTCTCTCTC	STREME-2	1.6e-004	peak_793	17.47	tp	0
2-CGCTCTCTCTCTCTCTC	STREME-2	1.6e-004	peak_794	17.46	tp	0
2-CGCTCTCTCTCTCTCTC	STREME-2	1.6e-004	peak_373	17.34	tp	0
2-CGCTCTCTCTCTCTCTC	STREME-2	1.6e-004	peak_296	17.28	tp	0
2-CGCTCTCTCTCTCTCTC	STREME-2	1.6e-004	peak_796	17.26	tp	0
2-CGCTCTCTCTCTCTCTC	STREME-2	1.6e-004	peak_393	17.25	tp	0
2-CGCTCTCTCTCTCTCTC	STREME-2	1.6e-004	peak_596	17.21	tp	0
2-CGCTCTCTCTCTCTCTC	STREME-2	1.6e-004	peak_752	17.21	tp	1
2-CGCTCTCTCTCTCTCTC	STREME-2	1.6e-004	peak_197	17.19	tp	0
2-CGCTCTCTCTCTCTCTC	STREME-2	1.6e-004	peak_98	16.98	tp	0
2-CGCTCTCTCTCTCTCTC	STREME-2	1.6e-004	peak_68	16.97	tp	0
2-CGCTCTCTCTCTCTCTC	STREME-2	1.6e-004	peak_804	16.92	tp	0
2-CGCTCTCTCTCTCTCTC	STREME-2	1.6e-004	peak_113	16.90	tp	0
2-CGCTCTCTCTCTCTCTC	STREME-2	1.6e-004	peak_554	16.80	tp	0
2-CGCTCTCTCTCTCTCTC	STREME-2	1.6e-004	peak_420	16.65	tp	0
2-CGCTCTCTCTCTCTCTC	STREME-2	1.6e-004	peak_293	16.58	fp	0
2-CGCTCTCTCTCTCTCTC	STREME-2	1.6e-004	peak_669	16.55	tp	0
2-CGCTCTCTCTCTCTCTC	STREME-2	1.6e-004	peak_675	16.47	tp	0
2-CGCTCTCTCTCTCTCTC	STREME-2	1.6e-004	peak_727	16.42	tp	0
2-CGCTCTCTCTCTCTCTC	STREME-2	1.6e-004	peak_442	16.40	tp	0
2-CGCTCTCTCTCTCTCTC	STREME-2	1.6e-004	peak_348	16.36	tp	0
2-CGCTCTCTCTCTCTCTC	STREME-2	1.6e-004	peak_730	16.14	tp	0
2-CGCTCTCTCTCTCTCTC	STREME-2	1.6e-004	peak_416	16.03	fp	0
2-CGCTCTCTCTCTCTCTC	STREME-2	1.6e-004	peak_240	16.03	tp	0
2-CGCTCTCTCTCTCTCTC	STREME-2	1.6e-004	peak_158	15.93	tp	0
2-CGCTCTCTCTCTCTCTC	STREME-2	1.6e-004	peak_821	15.92	tp	0
2-CGCTCTCTCTCTCTCTC	STREME-2	1.6e-004	peak_784	15.81	tp	0
2-CGCTCTCTCTCTCTCTC	STREME-2	1.6e-004	peak_482	15.71	fp	0
2-CGCTCTCTCTCTCTCTC	STREME-2	1.6e-004	peak_182	15.70	tp	1
2-CGCTCTCTCTCTCTCTC	STREME-2	1.6e-004	peak_530	15.61	tp	0
2-CGCTCTCTCTCTCTCTC	STREME-2	1.6e-004	peak_73	15.59	tp	0
2-CGCTCTCTCTCTCTCTC	STREME-2	1.6e-004	peak_803	15.58	tp	0
2-CGCTCTCTCTCTCTCTC	STREME-2	1.6e-004	peak_778	15.54	tp	0
2-CGCTCTCTCTCTCTCTC	STREME-2	1.6e-004	peak_223	15.45	tp	0
2-CGCTCTCTCTCTCTCTC	STREME-2	1.6e-004	peak_733	15.37	tp	0
2-CGCTCTCTCTCTCTCTC	STREME-2	1.6e-004	peak_250	15.28	tp	0
2-CGCTCTCTCTCTCTCTC	STREME-2	1.6e-004	peak_597	15.23	tp	0
2-CGCTCTCTCTCTCTCTC	STREME-2	1.6e-004	peak_557	15.20	tp	0
2-CGCTCTCTCTCTCTCTC	STREME-2	1.6e-004	peak_647	15.20	tp	0
2-CGCTCTCTCTCTCTCTC	STREME-2	1.6e-004	peak_792	15.15	tp	0
2-CGCTCTCTCTCTCTCTC	STREME-2	1.6e-004	peak_228	15.05	tp	1
2-CGCTCTCTCTCTCTCTC	STREME-2	1.6e-004	peak_363	14.99	tp	0
2-CGCTCTCTCTCTCTCTC	STREME-2	1.6e-004	peak_229	14.98	tp	0
2-CGCTCTCTCTCTCTCTC	STREME-2	1.6e-004	peak_325	14.96	tp	0
2-CGCTCTCTCTCTCTCTC	STREME-2	1.6e-004	peak_621	14.87	tp	0
2-CGCTCTCTCTCTCTCTC	STREME-2	1.6e-004	peak_337	14.84	tp	0
2-CGCTCTCTCTCTCTCTC	STREME-2	1.6e-004	peak_382	14.73	tp	0
2-CGCTCTCTCTCTCTCTC	STREME-2	1.6e-004	peak_242	14.70	tp	0
2-CGCTCTCTCTCTCTCTC	STREME-2	1.6e-004	peak_57	14.67	tp	0
2-CGCTCTCTCTCTCTCTC	STREME-2	1.6e-004	peak_193	14.61	tp	0
2-CGCTCTCTCTCTCTCTC	STREME-2	1.6e-004	peak_720	14.61	tp	1
2-CGCTCTCTCTCTCTCTC	STREME-2	1.6e-004	peak_737	14.58	fp	0
2-CGCTCTCTCTCTCTCTC	STREME-2	1.6e-004	peak_454	14.57	tp	0
2-CGCTCTCTCTCTCTCTC	STREME-2	1.6e-004	peak_334	14.56	tp	0
2-CGCTCTCTCTCTCTCTC	STREME-2	1.6e-004	peak_281	14.54	tp	0
2-CGCTCTCTCTCTCTCTC	STREME-2	1.6e-004	peak_405	14.52	fp	0
2-CGCTCTCTCTCTCTCTC	STREME-2	1.6e-004	peak_671	14.36	tp	0
2-CGCTCTCTCTCTCTCTC	STREME-2	1.6e-004	peak_770	14.34	tp	0
2-CGCTCTCTCTCTCTCTC	STREME-2	1.6e-004	peak_258	14.30	tp	0
2-CGCTCTCTCTCTCTCTC	STREME-2	1.6e-004	peak_472	14.25	fp	0
2-CGCTCTCTCTCTCTCTC	STREME-2	1.6e-004	peak_453	14.22	tp	0
2-CGCTCTCTCTCTCTCTC	STREME-2	1.6e-004	peak_336	14.15	tp	0
2-CGCTCTCTCTCTCTCTC	STREME-2	1.6e-004	peak_425	14.13	tp	0
2-CGCTCTCTCTCTCTCTC	STREME-2	1.6e-004	peak_815	14.12	tp	0
2-CGCTCTCTCTCTCTCTC	STREME-2	1.6e-004	peak_356	14.07	fp	0
2-CGCTCTCTCTCTCTCTC	STREME-2	1.6e-004	peak_429	14.04	fp	0
2-CGCTCTCTCTCTCTCTC	STREME-2	1.6e-004	peak_848	14.03	tp	0
2-CGCTCTCTCTCTCTCTC	STREME-2	1.6e-004	peak_284	13.97	tp	1
2-CGCTCTCTCTCTCTCTC	STREME-2	1.6e-004	peak_474	13.96	tp	1
2-CGCTCTCTCTCTCTCTC	STREME-2	1.6e-004	peak_236	13.95	tp	0
2-CGCTCTCTCTCTCTCTC	STREME-2	1.6e-004	peak_663	13.93	tp	0
2-CGCTCTCTCTCTCTCTC	STREME-2	1.6e-004	peak_354	13.92	fp	0
2-CGCTCTCTCTCTCTCTC	STREME-2	1.6e-004	peak_440	13.81	tp	0
2-CGCTCTCTCTCTCTCTC	STREME-2	1.6e-004	peak_328	13.73	tp	0
2-CGCTCTCTCTCTCTCTC	STREME-2	1.6e-004	peak_601	13.70	fp	0
2-CGCTCTCTCTCTCTCTC	STREME-2	1.6e-004	peak_271	13.70	tp	0
2-CGCTCTCTCTCTCTCTC	STREME-2	1.6e-004	peak_225	13.69	fp	0
2-CGCTCTCTCTCTCTCTC	STREME-2	1.6e-004	peak_661	13.62	tp	0
2-CGCTCTCTCTCTCTCTC	STREME-2	1.6e-004	peak_407	13.59	fp	0
2-CGCTCTCTCTCTCTCTC	STREME-2	1.6e-004	peak_366	13.58	tp	0
2-CGCTCTCTCTCTCTCTC	STREME-2	1.6e-004	peak_245	13.55	tp	0
2-CGCTCTCTCTCTCTCTC	STREME-2	1.6e-004	peak_297	13.53	fp	0
2-CGCTCTCTCTCTCTCTC	STREME-2	1.6e-004	peak_673	13.50	tp	0
2-CGCTCTCTCTCTCTCTC	STREME-2	1.6e-004	peak_487	13.50	tp	0
2-CGCTCTCTCTCTCTCTC	STREME-2	1.6e-004	peak_776	13.47	tp	0
2-CGCTCTCTCTCTCTCTC	STREME-2	1.6e-004	peak_252	13.34	tp	0
2-CGCTCTCTCTCTCTCTC	STREME-2	1.6e-004	peak_532	13.23	tp	0
2-CGCTCTCTCTCTCTCTC	STREME-2	1.6e-004	peak_488	13.22	tp	0
2-CGCTCTCTCTCTCTCTC	STREME-2	1.6e-004	peak_105	13.04	tp	0
2-CGCTCTCTCTCTCTCTC	STREME-2	1.6e-004	peak_851	13.03	tp	0
2-CGCTCTCTCTCTCTCTC	STREME-2	1.6e-004	peak_124	13.01	tp	0
2-CGCTCTCTCTCTCTCTC	STREME-2	1.6e-004	peak_431	12.96	fp	0
2-CGCTCTCTCTCTCTCTC	STREME-2	1.6e-004	peak_143	12.92	tp	0
2-CGCTCTCTCTCTCTCTC	STREME-2	1.6e-004	peak_155	12.79	tp	0
2-CGCTCTCTCTCTCTCTC	STREME-2	1.6e-004	peak_3	12.59	tp	0
2-CGCTCTCTCTCTCTCTC	STREME-2	1.6e-004	peak_144	12.58	tp	0
2-CGCTCTCTCTCTCTCTC	STREME-2	1.6e-004	peak_818	12.57	tp	0
2-CGCTCTCTCTCTCTCTC	STREME-2	1.6e-004	peak_339	12.55	tp	0
2-CGCTCTCTCTCTCTCTC	STREME-2	1.6e-004	peak_698	12.47	tp	1
2-CGCTCTCTCTCTCTCTC	STREME-2	1.6e-004	peak_726	12.44	tp	0
2-CGCTCTCTCTCTCTCTC	STREME-2	1.6e-004	peak_67	12.43	tp	0
2-CGCTCTCTCTCTCTCTC	STREME-2	1.6e-004	peak_388	12.42	tp	0
2-CGCTCTCTCTCTCTCTC	STREME-2	1.6e-004	peak_847	12.41	tp	0
2-CGCTCTCTCTCTCTCTC	STREME-2	1.6e-004	peak_77	12.36	fp	0
2-CGCTCTCTCTCTCTCTC	STREME-2	1.6e-004	peak_712	12.36	tp	0
2-CGCTCTCTCTCTCTCTC	STREME-2	1.6e-004	peak_66	12.35	fp	0
2-CGCTCTCTCTCTCTCTC	STREME-2	1.6e-004	peak_125	12.33	fp	0
2-CGCTCTCTCTCTCTCTC	STREME-2	1.6e-004	peak_699	12.25	tp	0
2-CGCTCTCTCTCTCTCTC	STREME-2	1.6e-004	peak_791	12.21	tp	0
2-CGCTCTCTCTCTCTCTC	STREME-2	1.6e-004	peak_364	12.16	tp	0
2-CGCTCTCTCTCTCTCTC	STREME-2	1.6e-004	peak_195	12.14	tp	0
2-CGCTCTCTCTCTCTCTC	STREME-2	1.6e-004	peak_283	12.14	tp	0
2-CGCTCTCTCTCTCTCTC	STREME-2	1.6e-004	peak_244	12.11	tp	0
2-CGCTCTCTCTCTCTCTC	STREME-2	1.6e-004	peak_416	12.02	tp	1
2-CGCTCTCTCTCTCTCTC	STREME-2	1.6e-004	peak_565	11.99	tp	0
2-CGCTCTCTCTCTCTCTC	STREME-2	1.6e-004	peak_394	11.95	tp	0
2-CGCTCTCTCTCTCTCTC	STREME-2	1.6e-004	peak_828	11.94	tp	0
#
3-AAWWAAAATAWATAWAWATW	STREME-3	8.4e-004	peak_226	19.29	tp	0
3-AAWWAAAATAWATAWAWATW	STREME-3	8.4e-004	peak_295	17.99	tp	0
3-AAWWAAAATAWATAWAWATW	STREME-3	8.4e-004	peak_361	17.73	tp	0
3-AAWWAAAATAWATAWAWATW	STREME-3	8.4e-004	peak_813	17.53	tp	0
3-AAWWAAAATAWATAWAWATW	STREME-3	8.4e-004	peak_476	17.29	tp	0
3-AAWWAAAATAWATAWAWATW	STREME-3	8.4e-004	peak_403	17.13	tp	0
3-AAWWAAAATAWATAWAWATW	STREME-3	8.4e-004	peak_299	16.74	tp	0
3-AAWWAAAATAWATAWAWATW	STREME-3	8.4e-004	peak_153	16.69	tp	0
3-AAWWAAAATAWATAWAWATW	STREME-3	8.4e-004	peak_187	16.68	tp	0
3-AAWWAAAATAWATAWAWATW	STREME-3	8.4e-004	peak_242	16.59	tp	0
3-AAWWAAAATAWATAWAWATW	STREME-3	8.4e-004	peak_804	16.41	tp	0
3-AAWWAAAATAWATAWAWATW	STREME-3	8.4e-004	peak_71	16.31	tp	0
3-AAWWAAAATAWATAWAWATW	STREME-3	8.4e-004	peak_764	16.30	tp	0
3-AAWWAAAATAWATAWAWATW	STREME-3	8.4e-004	peak_154	16.24	tp	0
3-AAWWAAAATAWATAWAWATW	STREME-3	8.4e-004	peak_191	16.09	tp	0
3-AAWWAAAATAWATAWAWATW	STREME-3	8.4e-004	peak_593	15.91	tp	0
3-AAWWAAAATAWATAWAWATW	STREME-3	8.4e-004	peak_421	15.90	tp	0
3-AAWWAAAATAWATAWAWATW	STREME-3	8.4e-004	peak_61	15.88	tp	0
3-AAWWAAAATAWATAWAWATW	STREME-3	8.4e-004	peak_775	15.78	tp	0
3-AAWWAAAATAWATAWAWATW	STREME-3	8.4e-004	peak_432	15.73	tp	0
3-AAWWAAAATAWATAWAWATW	STREME-3	8.4e-004	peak_91	15.68	tp	0
3-AAWWAAAATAWATAWAWATW	STREME-3	8.4e-004	peak_820	15.62	tp	0
3-AAWWAAAATAWATAWAWATW	STREME-3	8.4e-004	peak_616	15.57	tp	0
3-AAWWAAAATAWATAWAWATW	STREME-3	8.4e-004	peak_726	15.48	tp	0
3-AAWWAAAATAWATAWAWATW	STREME-3	8.4e-004	peak_19	15.46	tp	0
3-AAWWAAAATAWATAWAWATW	STREME-3	8.4e-004	peak_520	15.45	tp	0
3-AAWWAAAATAWATAWAWATW	STREME-3	8.4e-004	peak_771	15.37	tp	0
3-AAWWAAAATAWATAWAWATW	STREME-3	8.4e-004	peak_181	15.34	fp	0
3-AAWWAAAATAWATAWAWATW	STREME-3	8.4e-004	peak_510	15.25	tp	0
3-AAWWAAAATAWATAWAWATW	STREME-3	8.4e-004	peak_242	15.22	fp	0
3-AAWWAAAATAWATAWAWATW	STREME-3	8.4e-004	peak_537	15.20	tp	0
3-AAWWAAAATAWATAWAWATW	STREME-3	8.4e-004	peak_557	15.10	tp	0
3-AAWWAAAATAWATAWAWATW	STREME-3	8.4e-004	peak_256	15.07	tp	0
3-AAWWAAAATAWATAWAWATW	STREME-3	8.4e-004	peak_738	14.99	tp	0
3-AAWWAAAATAWATAWAWATW	STREME-3	8.4e-004	peak_104	14.89	tp	0
3-AAWWAAAATAWATAWAWATW	STREME-3	8.4e-004	peak_595	14.87	fp	0
3-AAWWAAAATAWATAWAWATW	STREME-3	8.4e-004	peak_602	14.87	tp	0
3-AAWWAAAATAWATAWAWATW	STREME-3	8.4e-004	peak_444	14.81	tp	0
3-AAWWAAAATAWATAWAWATW	STREME-3	8.4e-004	peak_330	14.81	tp	0
3-AAWWAAAATAWATAWAWATW	STREME-3	8.4e-004	peak_787	14.79	tp	0
3-AAWWAAAATAWATAWAWATW	STREME-3	8.4e-004	peak_753	14.76	fp	0
3-AAWWAAAATAWATAWAWATW	STREME-3	8.4e-004	peak_343	14.76	tp	0
3-AAWWAAAATAWATAWAWATW	STREME-3	8.4e-004	peak_377	14.73	tp	0
3-AAWWAAAATAWATAWAWATW	STREME-3	8.4e-004	peak_68	14.70	tp	0
3-AAWWAAAATAWATAWAWATW	STREME-3	8.4e-004	peak_629	14.69	tp	0
3-AAWWAAAATAWATAWAWATW	STREME-3	8.4e-004	peak_715	14.67	tp	0
3-AAWWAAAATAWATAWAWATW	STREME-3	8.4e-004	peak_642	14.66	tp	0
3-AAWWAAAATAWATAWAWATW	STREME-3	8.4e-004	peak_386	14.65	tp	0
3-AAWWAAAATAWATAWAWATW	STREME-3	8.4e-004	peak_239	14.53	tp	0
3-AAWWAAAATAWATAWAWATW	STREME-3	8.4e-004	peak_85	14.49	tp	0
3-AAWWAAAATAWATAWAWATW	STREME-3	8.4e-004	peak_591	14.47	fp	0
3-AAWWAAAATAWATAWAWATW	STREME-3	8.4e-004	peak_610	14.46	tp	0
3-AAWWAAAATAWATAWAWATW	STREME-3	8.4e-004	peak_555	14.39	fp	0
3-AAWWAAAATAWATAWAWATW	STREME-3	8.4e-004	peak_313	14.39	tp	1
3-AAWWAAAATAWATAWAWATW	STREME-3	8.4e-004	peak_123	14.37	fp	0
3-AAWWAAAATAWATAWAWATW	STREME-3	8.4e-004	peak_317	14.37	tp	0
3-AAWWAAAATAWATAWAWATW	STREME-3	8.4e-004	peak_206	14.36	tp	1
3-AAWWAAAATAWATAWAWATW	STREME-3	8.4e-004	peak_541	14.36	tp	0
3-AAWWAAAATAWATAWAWATW	STREME-3	8.4e-004	peak_133	14.34	tp	1
3-AAWWAAAATAWATAWAWATW	STREME-3	8.4e-004	peak_508	14.31	fp	0
3-AAWWAAAATAWATAWAWATW	STREME-3	8.4e-004	peak_509	14.28	tp	0
3-AAWWAAAATAWATAWAWATW	STREME-3	8.4e-004	peak_607	14.24	tp	0
3-AAWWAAAATAWATAWAWATW	STREME-3	8.4e-004	peak_383	14.23	tp	0
3-AAWWAAAATAWATAWAWATW	STREME-3	8.4e-004	peak_87	14.19	tp	0
3-AAWWAAAATAWATAWAWATW	STREME-3	8.4e-004	peak_808	14.18	tp	0
3-AAWWAAAATAWATAWAWATW	STREME-3	8.4e-004	peak_488	14.17	tp	0
3-AAWWAAAATAWATAWAWATW	STREME-3	8.4e-004	peak_651	14.12	tp	0
3-AAWWAAAATAWATAWAWATW	STREME-3	8.4e-004	peak_17	14.10	fp	0
3-AAWWAAAATAWATAWAWATW	STREME-3	8.4e-004	peak_773	14.08	tp	0
3-AAWWAAAATAWATAWAWATW	STREME-3	8.4e-004	peak_525	14.07	tp	0
3-AAWWAAAATAWATAWAWATW	STREME-3	8.4e-004	peak_662	14.03	tp	0
3-AAWWAAAATAWATAWAWATW	STREME-3	8.4e-004	peak_558	14.02	tp	0
3-AAWWAAAATAWATAWAWATW	STREME-3	8.4e-004	peak_473	14.01	tp	0
3-AAWWAAAATAWATAWAWATW	STREME-3	8.4e-004	peak_734	14.01	tp	0
3-AAWWAAAATAWATAWAWATW	STREME-3	8.4e-004	peak_499	13.97	tp	0
3-AAWWAAAATAWATAWAWATW	STREME-3	8.4e-004	peak_836	13.93	tp	0
3-AAWWAAAATAWATAWAWATW	STREME-3	8.4e-004	peak_217	13.91	tp	0
3-AAWWAAAATAWATAWAWATW	STREME-3	8.4e-004	peak_734	13.89	fp	0
3-AAWWAAAATAWATAWAWATW	STREME-3	8.4e-004	peak_713	13.88	tp	0
3-AAWWAAAATAWATAWAWATW	STREME-3	8.4e-004	peak_600	13.86	tp	0
3-AAWWAAAATAWATAWAWATW	STREME-3	8.4e-004	peak_310	13.86	fp	0
3-AAWWAAAATAWATAWAWATW	STREME-3	8.4e-004	peak_748	13.82	tp	0
3-AAWWAAAATAWATAWAWATW	STREME-3	8.4e-004	peak_238	13.77	tp	1
3-AAWWAAAATAWATAWAWATW	STREME-3	8.4e-004	peak_319	13.74	tp	0
3-AAWWAAAATAWATAWAWATW	STREME-3	8.4e-004	peak_731	13.72	tp	0
3-AAWWAAAATAWATAWAWATW	STREME-3	8.4e-004	peak_435	13.70	tp	0
3-AAWWAAAATAWATAWAWATW	STREME-3	8.4e-004	peak_756	13.67	tp	0
3-AAWWAAAATAWATAWAWATW	STREME-3	8.4e-004	peak_797	13.63	fp	0
3-AAWWAAAATAWATAWAWATW	STREME-3	8.4e-004	peak_348	13.60	tp	0
3-AAWWAAAATAWATAWAWATW	STREME-3	8.4e-004	peak_839	13.58	fp	0
3-AAWWAAAATAWATAWAWATW	STREME-3	8.4e-004	peak_234	13.56	tp	0
3-AAWWAAAATAWATAWAWATW	STREME-3	8.4e-004	peak_351	13.54	fp	0
3-AAWWAAAATAWATAWAWATW	STREME-3	8.4e-004	peak_670	13.53	tp	0
3-AAWWAAAATAWATAWAWATW	STREME-3	8.4e-004	peak_458	13.49	tp	1
3-AAWWAAAATAWATAWAWATW	STREME-3	8.4e-004	peak_816	13.49	tp	0
3-AAWWAAAATAWATAWAWATW	STREME-3	8.4e-004	peak_265	13.48	tp	0
3-AAWWAAAATAWATAWAWATW	STREME-3	8.4e-004	peak_393	13.48	tp	0
3-AAWWAAAATAWATAWAWATW	STREME-3	8.4e-004	peak_4	13.45	tp	0
3-AAWWAAAATAWATAWAWATW	STREME-3	8.4e-004	peak_35	13.45	tp	0
3-AAWWAAAATAWATAWAWATW	STREME-3	8.4e-004	peak_228	13.43	tp	1
3-AAWWAAAATAWATAWAWATW	STREME-3	8.4e-004	peak_848	13.43	tp	0
3-AAWWAAAATAWATAWAWATW	STREME-3	8.4e-004	peak_249	13.41	tp	0
3-AAWWAAAATAWATAWAWATW	STREME-3	8.4e-004	peak_31	13.41	tp	0
3-AAWWAAAATAWATAWAWATW	STREME-3	8.4e-004	peak_838	13.40	tp	0
3-AAWWAAAATAWATAWAWATW	STREME-3	8.4e-004	peak_768	13.38	tp	1
3-AAWWAAAATAWATAWAWATW	STREME-3	8.4e-004	peak_753	13.37	tp	0
3-AAWWAAAATAWATAWAWATW	STREME-3	8.4e-004	peak_621	13.34	tp	0
3-AAWWAAAATAWATAWAWATW	STREME-3	8.4e-004	peak_779	13.31	tp	0
3-AAWWAAAATAWATAWAWATW	STREME-3	8.4e-004	peak_506	13.25	tp	1
3-AAWWAAAATAWATAWAWATW	STREME-3	8.4e-004	peak_336	13.21	tp	0
3-AAWWAAAATAWATAWAWATW	STREME-3	8.4e-004	peak_402	13.21	tp	0
3-AAWWAAAATAWATAWAWATW	STREME-3	8.4e-004	peak_811	13.21	tp	0
3-AAWWAAAATAWATAWAWATW	STREME-3	8.4e-004	peak_326	13.18	tp	0
3-AAWWAAAATAWATAWAWATW	STREME-3	8.4e-004	peak_797	13.17	tp	0
3-AAWWAAAATAWATAWAWATW	STREME-3	8.4e-004	peak_815	13.17	tp	0
3-AAWWAAAATAWATAWAWATW	STREME-3	8.4e-004	peak_521	13.17	tp	1
3-AAWWAAAATAWATAWAWATW	STREME-3	8.4e-004	peak_861	13.15	fp	0
3-AAWWAAAATAWATAWAWATW	STREME-3	8.4e-004	peak_100	13.15	tp	0
3-AAWWAAAATAWATAWAWATW	STREME-3	8.4e-004	peak_16	13.13	fp	0
3-AAWWAAAATAWATAWAWATW	STREME-3	8.4e-004	peak_709	13.12	tp	0
3-AAWWAAAATAWATAWAWATW	STREME-3	8.4e-004	peak_543	13.09	tp	0
3-AAWWAAAATAWATAWAWATW	STREME-3	8.4e-004	peak_66	13.09	tp	0
3-AAWWAAAATAWATAWAWATW	STREME-3	8.4e-004	peak_794	13.08	tp	0
3-AAWWAAAATAWATAWAWATW	STREME-3	8.4e-004	peak_98	13.07	tp	0
3-AAWWAAAATAWATAWAWATW	STREME-3	8.4e-004	peak_819	13.07	tp	0
3-AAWWAAAATAWATAWAWATW	STREME-3	8.4e-004	peak_720	13.06	tp	1
3-AAWWAAAATAWATAWAWATW	STREME-3	8.4e-004	peak_200	13.05	tp	0
3-AAWWAAAATAWATAWAWATW	STREME-3	8.4e-004	peak_179	13.04	tp	0
3-AAWWAAAATAWATAWAWATW	STREME-3	8.4e-004	peak_530	13.04	tp	0
3-AAWWAAAATAWATAWAWATW	STREME-3	8.4e-004	peak_831	13.02	tp	0
3-AAWWAAAATAWATAWAWATW	STREME-3	8.4e-004	peak_470	13.00	tp	0
3-AAWWAAAATAWATAWAWATW	STREME-3	8.4e-004	peak_180	12.99	tp	0
3-AAWWAAAATAWATAWAWATW	STREME-3	8.4e-004	peak_420	12.96	tp	0
3-AAWWAAAATAWATAWAWATW	STREME-3	8.4e-004	peak_321	12.96	tp	0
3-AAWWAAAATAWATAWAWATW	STREME-3	8.4e-004	peak_597	12.94	fp	0
3-AAWWAAAATAWATAWAWATW	STREME-3	8.4e-004	peak_528	12.91	fp	0
3-AAWWAAAATAWATAWAWATW	STREME-3	8.4e-004	peak_214	12.91	tp	0
3-AAWWAAAATAWATAWAWATW	STREME-3	8.4e-004	peak_350	12.91	tp	0
3-AAWWAAAATAWATAWAWATW	STREME-3	8.4e-004	peak_466	12.86	tp	0
3-AAWWAAAATAWATAWAWATW	STREME-3	8.4e-004	peak_16	12.85	tp	0
3-AAWWAAAATAWATAWAWATW	STREME-3	8.4e-004	peak_489	12.84	tp	0
3-AAWWAAAATAWATAWAWATW	STREME-3	8.4e-004	peak_370	12.80	tp	0
3-AAWWAAAATAWATAWAWATW	STREME-3	8.4e-004	peak_868	12.80	tp	0
3-AAWWAAAATAWATAWAWATW	STREME-3	8.4e-004	peak_652	12.80	tp	0
3-AAWWAAAATAWATAWAWATW	STREME-3	8.4e-004	peak_156	12.77	fp	0
3-AAWWAAAATAWATAWAWATW	STREME-3	8.4e-004	peak_573	12.76	tp	0
3-AAWWAAAATAWATAWAWATW	STREME-3	8.4e-004	peak_622	12.76	tp	0
3-AAWWAAAATAWATAWAWATW	STREME-3	8.4e-004	peak_277	12.74	fp	0
3-AAWWAAAATAWATAWAWATW	STREME-3	8.4e-004	peak_109	12.73	tp	0
3-AAWWAAAATAWATAWAWATW	STREME-3	8.4e-004	peak_134	12.69	tp	0
3-AAWWAAAATAWATAWAWATW	STREME-3	8.4e-004	peak_254	12.66	tp	0
3-AAWWAAAATAWATAWAWATW	STREME-3	8.4e-004	peak_555	12.66	tp	0
3-AAWWAAAATAWATAWAWATW	STREME-3	8.4e-004	peak_191	12.64	fp	0
3-AAWWAAAATAWATAWAWATW	STREME-3	8.4e-004	peak_512	12.62	fp	0
3-AAWWAAAATAWATAWAWATW	STREME-3	8.4e-004	peak_366	12.61	tp	0
3-AAWWAAAATAWATAWAWATW	STREME-3	8.4e-004	peak_86	12.60	tp	0
3-AAWWAAAATAWATAWAWATW	STREME-3	8.4e-004	peak_714	12.57	tp	0
3-AAWWAAAATAWATAWAWATW	STREME-3	8.4e-004	peak_538	12.57	tp	0
3-AAWWAAAATAWATAWAWATW	STREME-3	8.4e-004	peak_259	12.56	tp	0
3-AAWWAAAATAWATAWAWATW	STREME-3	8.4e-004	peak_735	12.54	tp	0
3-AAWWAAAATAWATAWAWATW	STREME-3	8.4e-004	peak_433	12.53	tp	0
3-AAWWAAAATAWATAWAWATW	STREME-3	8.4e-004	peak_507	12.52	tp	0
3-AAWWAAAATAWATAWAWATW	STREME-3	8.4e-004	peak_141	12.50	fp	0
3-AAWWAAAATAWATAWAWATW	STREME-3	8.4e-004	peak_464	12.50	fp	0
3-AAWWAAAATAWATAWAWATW	STREME-3	8.4e-004	peak_47	12.49	tp	0
3-AAWWAAAATAWATAWAWATW	STREME-3	8.4e-004	peak_32	12.48	tp	0
3-AAWWAAAATAWATAWAWATW	STREME-3	8.4e-004	peak_322	12.48	tp	0
3-AAWWAAAATAWATAWAWATW	STREME-3	8.4e-004	peak_504	12.44	tp	0
3-AAWWAAAATAWATAWAWATW	STREME-3	8.4e-004	peak_293	12.44	tp	0
3-AAWWAAAATAWATAWAWATW	STREME-3	8.4e-004	peak_96	12.42	fp	0
3-AAWWAAAATAWATAWAWATW	STREME-3	8.4e-004	peak_793	12.41	tp	0
3-AAWWAAAATAWATAWAWATW	STREME-3	8.4e-004	peak_384	12.40	fp	1
3-AAWWAAAATAWATAWAWATW	STREME-3	8.4e-004	peak_86	12.40	fp	0
3-AAWWAAAATAWATAWAWATW	STREME-3	8.4e-004	peak_796	12.39	tp	0
3-AAWWAAAATAWATAWAWATW	STREME-3	8.4e-004	peak_27	12.38	tp	0
3-AAWWAAAATAWATAWAWATW	STREME-3	8.4e-004	peak_636	12.37	tp	0
3-AAWWAAAATAWATAWAWATW	STREME-3	8.4e-004	peak_841	12.37	tp	0
3-AAWWAAAATAWATAWAWATW	STREME-3	8.4e-004	peak_338	12.36	tp	1
3-AAWWAAAATAWATAWAWATW	STREME-3	8.4e-004	peak_52	12.35	fp	0
3-AAWWAAAATAWATAWAWATW	STREME-3	8.4e-004	peak_125	12.35	tp	0
3-AAWWAAAATAWATAWAWATW	STREME-3	8.4e-004	peak_189	12.34	tp	0
3-AAWWAAAATAWATAWAWATW	STREME-3	8.4e-004	peak_17	12.33	tp	0
3-AAWWAAAATAWATAWAWATW	STREME-3	8.4e-004	peak_535	12.33	tp	0
3-AAWWAAAATAWATAWAWATW	STREME-3	8.4e-004	peak_495	12.30	fp	0
3-AAWWAAAATAWATAWAWATW	STREME-3	8.4e-004	peak_248	12.30	fp	0
3-AAWWAAAATAWATAWAWATW	STREME-3	8.4e-004	peak_471	12.29	tp	0
3-AAWWAAAATAWATAWAWATW	STREME-3	8.4e-004	peak_76	12.27	tp	0
3-AAWWAAAATAWATAWAWATW	STREME-3	8.4e-004	peak_97	12.25	fp	0
3-AAWWAAAATAWATAWAWATW	STREME-3	8.4e-004	peak_519	12.24	fp	0
3-AAWWAAAATAWATAWAWATW	STREME-3	8.4e-004	peak_287	12.20	tp	0
3-AAWWAAAATAWATAWAWATW	STREME-3	8.4e-004	peak_865	12.18	tp	0
3-AAWWAAAATAWATAWAWATW	STREME-3	8.4e-004	peak_356	12.15	tp	0
3-AAWWAAAATAWATAWAWATW	STREME-3	8.4e-004	peak_870	12.15	tp	0
3-AAWWAAAATAWATAWAWATW	STREME-3	8.4e-004	peak_688	12.14	tp	0
3-AAWWAAAATAWATAWAWATW	STREME-3	8.4e-004	peak_843	12.13	tp	0
3-AAWWAAAATAWATAWAWATW	STREME-3	8.4e-004	peak_395	12.12	tp	0
3-AAWWAAAATAWATAWAWATW	STREME-3	8.4e-004	peak_324	12.10	tp	0
3-AAWWAAAATAWATAWAWATW	STREME-3	8.4e-004	peak_55	12.10	tp	1
3-AAWWAAAATAWATAWAWATW	STREME-3	8.4e-004	peak_708	12.10	tp	0
3-AAWWAAAATAWATAWAWATW	STREME-3	8.4e-004	peak_732	12.09	tp	1
3-AAWWAAAATAWATAWAWATW	STREME-3	8.4e-004	peak_199	12.09	tp	0
3-AAWWAAAATAWATAWAWATW	STREME-3	8.4e-004	peak_527	12.08	tp	0
3-AAWWAAAATAWATAWAWATW	STREME-3	8.4e-004	peak_785	12.07	tp	0
3-AAWWAAAATAWATAWAWATW	STREME-3	8.4e-004	peak_736	12.05	tp	0
3-AAWWAAAATAWATAWAWATW	STREME-3	8.4e-004	peak_3	12.04	tp	0
3-AAWWAAAATAWATAWAWATW	STREME-3	8.4e-004	peak_359	12.03	tp	1
3-AAWWAAAATAWATAWAWATW	STREME-3	8.4e-004	peak_381	12.02	fp	0
3-AAWWAAAATAWATAWAWATW	STREME-3	8.4e-004	peak_462	12.01	fp	0
3-AAWWAAAATAWATAWAWATW	STREME-3	8.4e-004	peak_523	12.00	tp	0
3-AAWWAAAATAWATAWAWATW	STREME-3	8.4e-004	peak_174	12.00	tp	1
3-AAWWAAAATAWATAWAWATW	STREME-3	8.4e-004	peak_448	11.99	tp	0
3-AAWWAAAATAWATAWAWATW	STREME-3	8.4e-004	peak_655	11.98	tp	0
3-AAWWAAAATAWATAWAWATW	STREME-3	8.4e-004	peak_847	11.97	tp	0
3-AAWWAAAATAWATAWAWATW	STREME-3	8.4e-004	peak_490	11.97	tp	0
3-AAWWAAAATAWATAWAWATW	STREME-3	8.4e-004	peak_2	11.95	tp	0
3-AAWWAAAATAWATAWAWATW	STREME-3	8.4e-004	peak_606	11.94	tp	0
3-AAWWAAAATAWATAWAWATW	STREME-3	8.4e-004	peak_342	11.94	tp	0
3-AAWWAAAATAWATAWAWATW	STREME-3	8.4e-004	peak_384	11.94	tp	0
3-AAWWAAAATAWATAWAWATW	STREME-3	8.4e-004	peak_713	11.93	fp	0
3-AAWWAAAATAWATAWAWATW	STREME-3	8.4e-004	peak_405	11.92	tp	0
3-AAWWAAAATAWATAWAWATW	STREME-3	8.4e-004	peak_682	11.91	tp	0
3-AAWWAAAATAWATAWAWATW	STREME-3	8.4e-004	peak_588	11.90	tp	1
3-AAWWAAAATAWATAWAWATW	STREME-3	8.4e-004	peak_6	11.90	tp	0
3-AAWWAAAATAWATAWAWATW	STREME-3	8.4e-004	peak_438	11.89	tp	0
3-AAWWAAAATAWATAWAWATW	STREME-3	8.4e-004	peak_531	11.86	tp	0
3-AAWWAAAATAWATAWAWATW	STREME-3	8.4e-004	peak_198	11.86	fp	1
3-AAWWAAAATAWATAWAWATW	STREME-3	8.4e-004	peak_484	11.84	tp	1
3-AAWWAAAATAWATAWAWATW	STREME-3	8.4e-004	peak_866	11.84	tp	0
3-AAWWAAAATAWATAWAWATW	STREME-3	8.4e-004	peak_395	11.83	fp	0
3-AAWWAAAATAWATAWAWATW	STREME-3	8.4e-004	peak_153	11.82	fp	0
3-AAWWAAAATAWATAWAWATW	STREME-3	8.4e-004	peak_674	11.81	fp	0
3-AAWWAAAATAWATAWAWATW	STREME-3	8.4e-004	peak_122	11.80	fp	0
3-AAWWAAAATAWATAWAWATW	STREME-3	8.4e-004	peak_103	11.75	fp	0
3-AAWWAAAATAWATAWAWATW	STREME-3	8.4e-004	peak_323	11.73	tp	0
3-AAWWAAAATAWATAWAWATW	STREME-3	8.4e-004	peak_707	11.73	tp	0
3-AAWWAAAATAWATAWAWATW	STREME-3	8.4e-004	peak_81	11.73	fp	0
3-AAWWAAAATAWATAWAWATW	STREME-3	8.4e-004	peak_267	11.73	fp	0
3-AAWWAAAATAWATAWAWATW	STREME-3	8.4e-004	peak_614	11.72	tp	0
3-AAWWAAAATAWATAWAWATW	STREME-3	8.4e-004	peak_640	11.72	tp	0
3-AAWWAAAATAWATAWAWATW	STREME-3	8.4e-004	peak_684	11.71	tp	0
3-AAWWAAAATAWATAWAWATW	STREME-3	8.4e-004	peak_188	11.70	tp	1
3-AAWWAAAATAWATAWAWATW	STREME-3	8.4e-004	peak_547	11.68	tp	0
3-AAWWAAAATAWATAWAWATW	STREME-3	8.4e-004	peak_422	11.68	tp	0
3-AAWWAAAATAWATAWAWATW	STREME-3	8.4e-004	peak_370	11.67	fp	0
3-AAWWAAAATAWATAWAWATW	STREME-3	8.4e-004	peak_387	11.66	tp	0
3-AAWWAAAATAWATAWAWATW	STREME-3	8.4e-004	peak_298	11.66	tp	0
3-AAWWAAAATAWATAWAWATW	STREME-3	8.4e-004	peak_635	11.65	tp	0
3-AAWWAAAATAWATAWAWATW	STREME-3	8.4e-004	peak_286	11.63	tp	0
3-AAWWAAAATAWATAWAWATW	STREME-3	8.4e-004	peak_260	11.63	tp	0
3-AAWWAAAATAWATAWAWATW	STREME-3	8.4e-004	peak_516	11.63	tp	0
3-AAWWAAAATAWATAWAWATW	STREME-3	8.4e-004	peak_567	11.62	fp	1
3-AAWWAAAATAWATAWAWATW	STREME-3	8.4e-004	peak_497	11.61	fp	0
3-AAWWAAAATAWATAWAWATW	STREME-3	8.4e-004	peak_341	11.61	tp	0
3-AAWWAAAATAWATAWAWATW	STREME-3	8.4e-004	peak_544	11.61	tp	0
3-AAWWAAAATAWATAWAWATW	STREME-3	8.4e-004	peak_192	11.60	tp	0
3-AAWWAAAATAWATAWAWATW	STREME-3	8.4e-004	peak_545	11.60	tp	0
3-AAWWAAAATAWATAWAWATW	STREME-3	8.4e-004	peak_308	11.60	tp	0
3-AAWWAAAATAWATAWAWATW	STREME-3	8.4e-004	peak_790	11.58	tp	0
3-AAWWAAAATAWATAWAWATW	STREME-3	8.4e-004	peak_578	11.57	fp	0
3-AAWWAAAATAWATAWAWATW	STREME-3	8.4e-004	peak_710	11.57	tp	0
3-AAWWAAAATAWATAWAWATW	STREME-3	8.4e-004	peak_64	11.57	tp	0
3-AAWWAAAATAWATAWAWATW	STREME-3	8.4e-004	peak_328	11.57	tp	0
3-AAWWAAAATAWATAWAWATW	STREME-3	8.4e-004	peak_517	11.56	tp	0
3-AAWWAAAATAWATAWAWATW	STREME-3	8.4e-004	peak_732	11.55	fp	0
3-AAWWAAAATAWATAWAWATW	STREME-3	8.4e-004	peak_514	11.53	tp	0
3-AAWWAAAATAWATAWAWATW	STREME-3	8.4e-004	peak_72	11.52	tp	0
3-AAWWAAAATAWATAWAWATW	STREME-3	8.4e-004	peak_440	11.50	tp	0
3-AAWWAAAATAWATAWAWATW	STREME-3	8.4e-004	peak_100	11.48	fp	0
3-AAWWAAAATAWATAWAWATW	STREME-3	8.4e-004	peak_858	11.47	fp	0
3-AAWWAAAATAWATAWAWATW	STREME-3	8.4e-004	peak_663	11.46	tp	0
3-AAWWAAAATAWATAWAWATW	STREME-3	8.4e-004	peak_559	11.45	tp	0
3-AAWWAAAATAWATAWAWATW	STREME-3	8.4e-004	peak_254	11.45	fp	0
3-AAWWAAAATAWATAWAWATW	STREME-3	8.4e-004	peak_204	11.42	tp	1
3-AAWWAAAATAWATAWAWATW	STREME-3	8.4e-004	peak_678	11.42	tp	0
3-AAWWAAAATAWATAWAWATW	STREME-3	8.4e-004	peak_516	11.41	fp	0
3-AAWWAAAATAWATAWAWATW	STREME-3	8.4e-004	peak_445	11.40	tp	0
3-AAWWAAAATAWATAWAWATW	STREME-3	8.4e-004	peak_431	11.39	fp	0
3-AAWWAAAATAWATAWAWATW	STREME-3	8.4e-004	peak_196	11.39	tp	0
3-AAWWAAAATAWATAWAWATW	STREME-3	8.4e-004	peak_619	11.38	tp	1
3-AAWWAAAATAWATAWAWATW	STREME-3	8.4e-004	peak_33	11.36	tp	0
3-AAWWAAAATAWATAWAWATW	STREME-3	8.4e-004	peak_424	11.34	tp	0
3-AAWWAAAATAWATAWAWATW	STREME-3	8.4e-004	peak_796	11.34	fp	0
3-AAWWAAAATAWATAWAWATW	STREME-3	8.4e-004	peak_349	11.34	tp	0
3-AAWWAAAATAWATAWAWATW	STREME-3	8.4e-004	peak_327	11.34	tp	0
3-AAWWAAAATAWATAWAWATW	STREME-3	8.4e-004	peak_505	11.34	tp	0
3-AAWWAAAATAWATAWAWATW	STREME-3	8.4e-004	peak_485	11.33	tp	0
3-AAWWAAAATAWATAWAWATW	STREME-3	8.4e-004	peak_110	11.32	tp	0
3-AAWWAAAATAWATAWAWATW	STREME-3	8.4e-004	peak_141	11.31	tp	0
3-AAWWAAAATAWATAWAWATW	STREME-3	8.4e-004	peak_139	11.30	tp	0
3-AAWWAAAATAWATAWAWATW	STREME-3	8.4e-004	peak_220	11.30	fp	0
3-AAWWAAAATAWATAWAWATW	STREME-3	8.4e-004	peak_761	11.29	fp	0
3-AAWWAAAATAWATAWAWATW	STREME-3	8.4e-004	peak_105	11.28	tp	0
3-AAWWAAAATAWATAWAWATW	STREME-3	8.4e-004	peak_581	11.27	tp	0
3-AAWWAAAATAWATAWAWATW	STREME-3	8.4e-004	peak_124	11.26	tp	0
3-AAWWAAAATAWATAWAWATW	STREME-3	8.4e-004	peak_115	11.25	fp	0
3-AAWWAAAATAWATAWAWATW	STREME-3	8.4e-004	peak_59	11.25	tp	0
3-AAWWAAAATAWATAWAWATW	STREME-3	8.4e-004	peak_190	11.25	tp	1
3-AAWWAAAATAWATAWAWATW	STREME-3	8.4e-004	peak_664	11.24	tp	1
3-AAWWAAAATAWATAWAWATW	STREME-3	8.4e-004	peak_480	11.24	fp	0
3-AAWWAAAATAWATAWAWATW	STREME-3	8.4e-004	peak_236	11.23	fp	0
3-AAWWAAAATAWATAWAWATW	STREME-3	8.4e-004	peak_431	11.21	tp	0
3-AAWWAAAATAWATAWAWATW	STREME-3	8.4e-004	peak_597	11.20	tp	0
3-AAWWAAAATAWATAWAWATW	STREME-3	8.4e-004	peak_211	11.19	tp	0
3-AAWWAAAATAWATAWAWATW	STREME-3	8.4e-004	peak_83	11.18	tp	0
3-AAWWAAAATAWATAWAWATW	STREME-3	8.4e-004	peak_209	11.17	tp	0
3-AAWWAAAATAWATAWAWATW	STREME-3	8.4e-004	peak_423	11.15	tp	0
3-AAWWAAAATAWATAWAWATW	STREME-3	8.4e-004	peak_415	11.14	tp	0
3-AAWWAAAATAWATAWAWATW	STREME-3	8.4e-004	peak_373	11.12	tp	0
3-AAWWAAAATAWATAWAWATW	STREME-3	8.4e-004	peak_47	11.10	fp	0
3-AAWWAAAATAWATAWAWATW	STREME-3	8.4e-004	peak_167	11.09	fp	0
3-AAWWAAAATAWATAWAWATW	STREME-3	8.4e-004	peak_18	11.09	fp	0
3-AAWWAAAATAWATAWAWATW	STREME-3	8.4e-004	peak_4	11.08	fp	0
3-AAWWAAAATAWATAWAWATW	STREME-3	8.4e-004	peak_506	11.08	fp	0
3-AAWWAAAATAWATAWAWATW	STREME-3	8.4e-004	peak_468	11.08	tp	0
3-AAWWAAAATAWATAWAWATW	STREME-3	8.4e-004	peak_543	11.08	fp	0
3-AAWWAAAATAWATAWAWATW	STREME-3	8.4e-004	peak_613	11.07	tp	0
3-AAWWAAAATAWATAWAWATW	STREME-3	8.4e-004	peak_126	11.07	tp	0
3-AAWWAAAATAWATAWAWATW	STREME-3	8.4e-004	peak_51	11.05	tp	0
3-AAWWAAAATAWATAWAWATW	STREME-3	8.4e-004	peak_362	11.04	tp	0
3-AAWWAAAATAWATAWAWATW	STREME-3	8.4e-004	peak_106	11.03	tp	0
3-AAWWAAAATAWATAWAWATW	STREME-3	8.4e-004	peak_806	11.03	tp	0
3-AAWWAAAATAWATAWAWATW	STREME-3	8.4e-004	peak_161	11.01	fp	1
3-AAWWAAAATAWATAWAWATW	STREME-3	8.4e-004	peak_139	11.01	fp	0
3-AAWWAAAATAWATAWAWATW	STREME-3	8.4e-004	peak_812	11.00	tp	0
3-AAWWAAAATAWATAWAWATW	STREME-3	8.4e-004	peak_368	10.98	tp	0
3-AAWWAAAATAWATAWAWATW	STREME-3	8.4e-004	peak_346	10.98	tp	0
3-AAWWAAAATAWATAWAWATW	STREME-3	8.4e-004	peak_553	10.94	tp	0
3-AAWWAAAATAWATAWAWATW	STREME-3	8.4e-004	peak_556	10.94	tp	0
3-AAWWAAAATAWATAWAWATW	STREME-3	8.4e-004	peak_68	10.93	fp	0
3-AAWWAAAATAWATAWAWATW	STREME-3	8.4e-004	peak_696	10.93	tp	0
3-AAWWAAAATAWATAWAWATW	STREME-3	8.4e-004	peak_167	10.93	tp	0
3-AAWWAAAATAWATAWAWATW	STREME-3	8.4e-004	peak_281	10.89	tp	0
3-AAWWAAAATAWATAWAWATW	STREME-3	8.4e-004	peak_166	10.88	tp	0
3-AAWWAAAATAWATAWAWATW	STREME-3	8.4e-004	peak_561	10.87	tp	0
3-AAWWAAAATAWATAWAWATW	STREME-3	8.4e-004	peak_148	10.86	tp	0
3-AAWWAAAATAWATAWAWATW	STREME-3	8.4e-004	peak_491	10.85	tp	0
3-AAWWAAAATAWATAWAWATW	STREME-3	8.4e-004	peak_244	10.84	tp	0
3-AAWWAAAATAWATAWAWATW	STREME-3	8.4e-004	peak_845	10.84	fp	0
3-AAWWAAAATAWATAWAWATW	STREME-3	8.4e-004	peak_129	10.83	tp	0
3-AAWWAAAATAWATAWAWATW	STREME-3	8.4e-004	peak_447	10.83	tp	0
3-AAWWAAAATAWATAWAWATW	STREME-3	8.4e-004	peak_477	10.80	fp	0
3-AAWWAAAATAWATAWAWATW	STREME-3	8.4e-004	peak_683	10.80	tp	0
3-AAWWAAAATAWATAWAWATW	STREME-3	8.4e-004	peak_339	10.79	tp	0
3-AAWWAAAATAWATAWAWATW	STREME-3	8.4e-004	peak_169	10.78	tp	0
3-AAWWAAAATAWATAWAWATW	STREME-3	8.4e-004	peak_474	10.78	fp	0
3-AAWWAAAATAWATAWAWATW	STREME-3	8.4e-004	peak_462	10.78	tp	0
3-AAWWAAAATAWATAWAWATW	STREME-3	8.4e-004	peak_454	10.75	tp	0
3-AAWWAAAATAWATAWAWATW	STREME-3	8.4e-004	peak_67	10.75	tp	0
3-AAWWAAAATAWATAWAWATW	STREME-3	8.4e-004	peak_300	10.75	tp	0
3-AAWWAAAATAWATAWAWATW	STREME-3	8.4e-004	peak_628	10.74	tp	0
3-AAWWAAAATAWATAWAWATW	STREME-3	8.4e-004	peak_411	10.72	tp	0
3-AAWWAAAATAWATAWAWATW	STREME-3	8.4e-004	peak_146	10.71	tp	0
3-AAWWAAAATAWATAWAWATW	STREME-3	8.4e-004	peak_157	10.71	tp	0
3-AAWWAAAATAWATAWAWATW	STREME-3	8.4e-004	peak_449	10.71	fp	0
3-AAWWAAAATAWATAWAWATW	STREME-3	8.4e-004	peak_357	10.71	tp	0
3-AAWWAAAATAWATAWAWATW	STREME-3	8.4e-004	peak_30	10.70	tp	0
3-AAWWAAAATAWATAWAWATW	STREME-3	8.4e-004	peak_99	10.70	tp	0
3-AAWWAAAATAWATAWAWATW	STREME-3	8.4e-004	peak_354	10.69	fp	0
3-AAWWAAAATAWATAWAWATW	STREME-3	8.4e-004	peak_504	10.67	fp	0
3-AAWWAAAATAWATAWAWATW	STREME-3	8.4e-004	peak_84	10.67	tp	0
3-AAWWAAAATAWATAWAWATW	STREME-3	8.4e-004	peak_769	10.66	tp	0
3-AAWWAAAATAWATAWAWATW	STREME-3	8.4e-004	peak_197	10.65	tp	0
3-AAWWAAAATAWATAWAWATW	STREME-3	8.4e-004	peak_389	10.64	fp	0
3-AAWWAAAATAWATAWAWATW	STREME-3	8.4e-004	peak_694	10.63	fp	1
3-AAWWAAAATAWATAWAWATW	STREME-3	8.4e-004	peak_519	10.59	tp	0
3-AAWWAAAATAWATAWAWATW	STREME-3	8.4e-004	peak_416	10.59	tp	1
3-AAWWAAAATAWATAWAWATW	STREME-3	8.4e-004	peak_48	10.55	tp	0
3-AAWWAAAATAWATAWAWATW	STREME-3	8.4e-004	peak_385	10.54	tp	0
3-AAWWAAAATAWATAWAWATW	STREME-3	8.4e-004	peak_80	10.54	tp	0
3-AAWWAAAATAWATAWAWATW	STREME-3	8.4e-004	peak_756	10.53	fp	0
3-AAWWAAAATAWATAWAWATW	STREME-3	8.4e-004	peak_57	10.52	tp	0
3-AAWWAAAATAWATAWAWATW	STREME-3	8.4e-004	peak_673	10.52	tp	0
3-AAWWAAAATAWATAWAWATW	STREME-3	8.4e-004	peak_558	10.51	fp	1
3-AAWWAAAATAWATAWAWATW	STREME-3	8.4e-004	peak_316	10.46	tp	0
3-AAWWAAAATAWATAWAWATW	STREME-3	8.4e-004	peak_780	10.46	tp	0
3-AAWWAAAATAWATAWAWATW	STREME-3	8.4e-004	peak_716	10.44	tp	0
3-AAWWAAAATAWATAWAWATW	STREME-3	8.4e-004	peak_502	10.43	tp	0
3-AAWWAAAATAWATAWAWATW	STREME-3	8.4e-004	peak_598	10.43	tp	0
3-AAWWAAAATAWATAWAWATW	STREME-3	8.4e-004	peak_830	10.42	fp	0
3-AAWWAAAATAWATAWAWATW	STREME-3	8.4e-004	peak_404	10.41	tp	1
3-AAWWAAAATAWATAWAWATW	STREME-3	8.4e-004	peak_173	10.40	tp	0
3-AAWWAAAATAWATAWAWATW	STREME-3	8.4e-004	peak_813	10.39	fp	0
3-AAWWAAAATAWATAWAWATW	STREME-3	8.4e-004	peak_467	10.37	tp	0
3-AAWWAAAATAWATAWAWATW	STREME-3	8.4e-004	peak_494	10.36	tp	0
3-AAWWAAAATAWATAWAWATW	STREME-3	8.4e-004	peak_209	10.35	fp	0
3-AAWWAAAATAWATAWAWATW	STREME-3	8.4e-004	peak_783	10.35	tp	0
3-AAWWAAAATAWATAWAWATW	STREME-3	8.4e-004	peak_18	10.34	tp	0
3-AAWWAAAATAWATAWAWATW	STREME-3	8.4e-004	peak_246	10.32	tp	0
3-AAWWAAAATAWATAWAWATW	STREME-3	8.4e-004	peak_842	10.32	fp	0
3-AAWWAAAATAWATAWAWATW	STREME-3	8.4e-004	peak_589	10.31	tp	0
3-AAWWAAAATAWATAWAWATW	STREME-3	8.4e-004	peak_580	10.31	tp	1
3-AAWWAAAATAWATAWAWATW	STREME-3	8.4e-004	peak_93	10.30	tp	0
3-AAWWAAAATAWATAWAWATW	STREME-3	8.4e-004	peak_337	10.29	tp	0
3-AAWWAAAATAWATAWAWATW	STREME-3	8.4e-004	peak_300	10.28	fp	0
3-AAWWAAAATAWATAWAWATW	STREME-3	8.4e-004	peak_559	10.28	fp	0
3-AAWWAAAATAWATAWAWATW	STREME-3	8.4e-004	peak_397	10.27	tp	0
3-AAWWAAAATAWATAWAWATW	STREME-3	8.4e-004	peak_446	10.26	tp	0
3-AAWWAAAATAWATAWAWATW	STREME-3	8.4e-004	peak_136	10.26	tp	0
3-AAWWAAAATAWATAWAWATW	STREME-3	8.4e-004	peak_52	10.26	tp	0
3-AAWWAAAATAWATAWAWATW	STREME-3	8.4e-004	peak_408	10.26	fp	1
3-AAWWAAAATAWATAWAWATW	STREME-3	8.4e-004	peak_579	10.26	tp	0
3-AAWWAAAATAWATAWAWATW	STREME-3	8.4e-004	peak_849	10.26	tp	0
3-AAWWAAAATAWATAWAWATW	STREME-3	8.4e-004	peak_494	10.26	fp	0
3-AAWWAAAATAWATAWAWATW	STREME-3	8.4e-004	peak_508	10.25	tp	0
3-AAWWAAAATAWATAWAWATW	STREME-3	8.4e-004	peak_419	10.24	tp	0
3-AAWWAAAATAWATAWAWATW	STREME-3	8.4e-004	peak_595	10.23	tp	0
3-AAWWAAAATAWATAWAWATW	STREME-3	8.4e-004	peak_263	10.22	tp	0
3-AAWWAAAATAWATAWAWATW	STREME-3	8.4e-004	peak_288	10.21	tp	0
3-AAWWAAAATAWATAWAWATW	STREME-3	8.4e-004	peak_107	10.18	fp	1
3-AAWWAAAATAWATAWAWATW	STREME-3	8.4e-004	peak_657	10.18	tp	0
3-AAWWAAAATAWATAWAWATW	STREME-3	8.4e-004	peak_119	10.14	tp	0
3-AAWWAAAATAWATAWAWATW	STREME-3	8.4e-004	peak_77	10.13	tp	0
3-AAWWAAAATAWATAWAWATW	STREME-3	8.4e-004	peak_409	10.12	tp	0
3-AAWWAAAATAWATAWAWATW	STREME-3	8.4e-004	peak_81	10.10	tp	0
3-AAWWAAAATAWATAWAWATW	STREME-3	8.4e-004	peak_123	10.08	tp	0
3-AAWWAAAATAWATAWAWATW	STREME-3	8.4e-004	peak_761	10.08	tp	0
3-AAWWAAAATAWATAWAWATW	STREME-3	8.4e-004	peak_94	10.08	tp	0
3-AAWWAAAATAWATAWAWATW	STREME-3	8.4e-004	peak_34	10.07	fp	0
3-AAWWAAAATAWATAWAWATW	STREME-3	8.4e-004	peak_477	10.05	tp	0
3-AAWWAAAATAWATAWAWATW	STREME-3	8.4e-004	peak_436	10.04	tp	0
3-AAWWAAAATAWATAWAWATW	STREME-3	8.4e-004	peak_648	10.03	tp	0
#
4-ATACATATCTA	STREME-4	2.4e-003	peak_831	18.42	tp	0
4-ATACATATCTA	STREME-4	2.4e-003	peak_410	18.42	tp	0
4-ATACATATCTA	STREME-4	2.4e-003	peak_62	16.34	tp	0
4-ATACATATCTA	STREME-4	2.4e-003	peak_465	15.76	tp	0
4-ATACATATCTA	STREME-4	2.4e-003	peak_702	15.76	tp	0
4-ATACATATCTA	STREME-4	2.4e-003	peak_669	15.76	fp	0
4-ATACATATCTA	STREME-4	2.4e-003	peak_681	15.76	tp	1
4-ATACATATCTA	STREME-4	2.4e-003	peak_369	15.45	tp	0
4-ATACATATCTA	STREME-4	2.4e-003	peak_372	15.42	tp	1
4-ATACATATCTA	STREME-4	2.4e-003	peak_359	15.22	fp	0
4-ATACATATCTA	STREME-4	2.4e-003	peak_175	15.04	fp	0
4-ATACATATCTA	STREME-4	2.4e-003	peak_245	14.88	tp	0
4-ATACATATCTA	STREME-4	2.4e-003	peak_194	14.88	tp	0
4-ATACATATCTA	STREME-4	2.4e-003	peak_327	14.81	tp	0
4-ATACATATCTA	STREME-4	2.4e-003	peak_826	14.67	tp	0
4-ATACATATCTA	STREME-4	2.4e-003	peak_515	14.54	tp	0
4-ATACATATCTA	STREME-4	2.4e-003	peak_648	14.14	tp	0
4-ATACATATCTA	STREME-4	2.4e-003	peak_379	14.07	fp	0
4-ATACATATCTA	STREME-4	2.4e-003	peak_734	14.03	fp	0
4-ATACATATCTA	STREME-4	2.4e-003	peak_743	13.78	tp	0
4-ATACATATCTA	STREME-4	2.4e-003	peak_718	13.76	tp	0
4-ATACATATCTA	STREME-4	2.4e-003	peak_463	13.34	tp	0
4-ATACATATCTA	STREME-4	2.4e-003	peak_156	13.21	tp	0
4-ATACATATCTA	STREME-4	2.4e-003	peak_136	13.21	tp	0
4-ATACATATCTA	STREME-4	2.4e-003	peak_141	13.21	tp	0
4-ATACATATCTA	STREME-4	2.4e-003	peak_38	13.21	fp	0
4-ATACATATCTA	STREME-4	2.4e-003	peak_370	13.21	fp	0
4-ATACATATCTA	STREME-4	2.4e-003	peak_76	13.17	tp	0
4-ATACATATCTA	STREME-4	2.4e-003	peak_727	12.97	tp	0
4-ATACATATCTA	STREME-4	2.4e-003	peak_520	12.78	tp	0
4-ATACATATCTA	STREME-4	2.4e-003	peak_814	12.73	tp	0
4-ATACATATCTA	STREME-4	2.4e-003	peak_94	12.67	tp	0
4-ATACATATCTA	STREME-4	2.4e-003	peak_825	12.58	tp	1
4-ATACATATCTA	STREME-4	2.4e-003	peak_471	12.57	tp	0
4-ATACATATCTA	STREME-4	2.4e-003	peak_792	12.51	tp	0
4-ATACATATCTA	STREME-4	2.4e-003	peak_674	12.45	tp	1
4-ATACATATCTA	STREME-4	2.4e-003	peak_167	12.42	tp	0
4-ATACATATCTA	STREME-4	2.4e-003	peak_108	12.42	tp	0
4-ATACATATCTA	STREME-4	2.4e-003	peak_59	12.40	tp	0
4-ATACATATCTA	STREME-4	2.4e-003	peak_440	12.40	tp	0
4-ATACATATCTA	STREME-4	2.4e-003	peak_660	12.40	fp	0
4-ATACATATCTA	STREME-4	2.4e-003	peak_641	12.38	fp	0
4-ATACATATCTA	STREME-4	2.4e-003	peak_757	12.34	tp	0
4-ATACATATCTA	STREME-4	2.4e-003	peak_660	12.34	tp	0
4-ATACATATCTA	STREME-4	2.4e-003	peak_487	12.34	tp	0
4-ATACATATCTA	STREME-4	2.4e-003	peak_405	12.34	tp	0
4-ATACATATCTA	STREME-4	2.4e-003	peak_143	12.34	tp	0
4-ATACATATCTA	STREME-4	2.4e-003	peak_387	12.30	tp	0
4-ATACATATCTA	STREME-4	2.4e-003	peak_18	12.27	tp	0
4-ATACATATCTA	STREME-4	2.4e-003	peak_215	12.23	tp	0
4-ATACATATCTA	STREME-4	2.4e-003	peak_295	12.23	tp	0
4-ATACATATCTA	STREME-4	2.4e-003	peak_685	12.03	tp	0
4-ATACATATCTA	STREME-4	2.4e-003	peak_159	12.03	tp	0
4-ATACATATCTA	STREME-4	2.4e-003	peak_651	11.95	tp	0
4-ATACATATCTA	STREME-4	2.4e-003	peak_689	11.92	tp	1
4-ATACATATCTA	STREME-4	2.4e-003	peak_602	11.89	tp	0
4-ATACATATCTA	STREME-4	2.4e-003	peak_129	11.82	tp	0
4-ATACATATCTA	STREME-4	2.4e-003	peak_182	11.81	tp	1
4-ATACATATCTA	STREME-4	2.4e-003	peak_730	11.75	tp	0
4-ATACATATCTA	STREME-4	2.4e-003	peak_843	11.75	tp	0
4-ATACATATCTA	STREME-4	2.4e-003	peak_457	11.74	tp	0
4-ATACATATCTA	STREME-4	2.4e-003	peak_195	11.72	tp	0
4-ATACATATCTA	STREME-4	2.4e-003	peak_600	11.72	tp	0
4-ATACATATCTA	STREME-4	2.4e-003	peak_524	11.72	tp	0
4-ATACATATCTA	STREME-4	2.4e-003	peak_443	11.70	tp	0
4-ATACATATCTA	STREME-4	2.4e-003	peak_601	11.70	tp	1
4-ATACATATCTA	STREME-4	2.4e-003	peak_817	11.68	tp	0
4-ATACATATCTA	STREME-4	2.4e-003	peak_214	11.68	tp	0
4-ATACATATCTA	STREME-4	2.4e-003	peak_609	11.67	tp	0
4-ATACATATCTA	STREME-4	2.4e-003	peak_684	11.62	tp	0
4-ATACATATCTA	STREME-4	2.4e-003	peak_695	11.62	tp	0
4-ATACATATCTA	STREME-4	2.4e-003	peak_99	11.57	tp	0
4-ATACATATCTA	STREME-4	2.4e-003	peak_27	11.55	tp	0
4-ATACATATCTA	STREME-4	2.4e-003	peak_374	11.46	tp	0
4-ATACATATCTA	STREME-4	2.4e-003	peak_601	11.46	fp	0
4-ATACATATCTA	STREME-4	2.4e-003	peak_416	11.43	tp	1
4-ATACATATCTA	STREME-4	2.4e-003	peak_73	11.42	tp	0
4-ATACATATCTA	STREME-4	2.4e-003	peak_658	11.39	tp	0
4-ATACATATCTA	STREME-4	2.4e-003	peak_465	11.39	fp	0
4-ATACATATCTA	STREME-4	2.4e-003	peak_605	11.38	tp	0
4-ATACATATCTA	STREME-4	2.4e-003	peak_297	11.38	tp	0
4-ATACATATCTA	STREME-4	2.4e-003	peak_756	11.36	tp	0
4-ATACATATCTA	STREME-4	2.4e-003	peak_169	11.36	tp	0
4-ATACATATCTA	STREME-4	2.4e-003	peak_221	11.36	tp	0
4-ATACATATCTA	STREME-4	2.4e-003	peak_481	11.34	tp	0
4-ATACATATCTA	STREME-4	2.4e-003	peak_553	11.34	tp	0
4-ATACATATCTA	STREME-4	2.4e-003	peak_743	11.31	fp	0
4-ATACATATCTA	STREME-4	2.4e-003	peak_178	11.29	tp	0
4-ATACATATCTA	STREME-4	2.4e-003	peak_447	11.23	tp	0
4-ATACATATCTA	STREME-4	2.4e-003	peak_619	11.23	tp	1
4-ATACATATCTA	STREME-4	2.4e-003	peak_312	11.23	tp	0
4-ATACATATCTA	STREME-4	2.4e-003	peak_129	11.23	fp	0
4-ATACATATCTA	STREME-4	2.4e-003	peak_638	11.23	tp	1
4-ATACATATCTA	STREME-4	2.4e-003	peak_774	11.22	tp	1
4-ATACATATCTA	STREME-4	2.4e-003	peak_237	11.22	tp	0
4-ATACATATCTA	STREME-4	2.4e-003	peak_861	11.17	tp	0
4-ATACATATCTA	STREME-4	2.4e-003	peak_79	11.17	tp	0
4-ATACATATCTA	STREME-4	2.4e-003	peak_64	11.17	tp	0
4-ATACATATCTA	STREME-4	2.4e-003	peak_596	11.17	tp	0
4-ATACATATCTA	STREME-4	2.4e-003	peak_745	11.14	tp	0
4-ATACATATCTA	STREME-4	2.4e-003	peak_390	11.13	tp	0
4-ATACATATCTA	STREME-4	2.4e-003	peak_623	11.12	tp	0
4-ATACATATCTA	STREME-4	2.4e-003	peak_277	11.12	tp	0
4-ATACATATCTA	STREME-4	2.4e-003	peak_639	11.12	tp	0
4-ATACATATCTA	STREME-4	2.4e-003	peak_107	11.12	tp	0
4-ATACATATCTA	STREME-4	2.4e-003	peak_568	11.11	tp	0
4-ATACATATCTA	STREME-4	2.4e-003	peak_812	11.11	tp	0
4-ATACATATCTA	STREME-4	2.4e-003	peak_673	11.07	tp	0
4-ATACATATCTA	STREME-4	2.4e-003	peak_11	11.07	tp	0
4-ATACATATCTA	STREME-4	2.4e-003	peak_105	11.07	fp	0
4-ATACATATCTA	STREME-4	2.4e-003	peak_633	11.06	fp	0
4-ATACATATCTA	STREME-4	2.4e-003	peak_48	11.05	tp	0
4-ATACATATCTA	STREME-4	2.4e-003	peak_734	11.04	tp	0
4-ATACATATCTA	STREME-4	2.4e-003	peak_785	11.03	tp	0
4-ATACATATCTA	STREME-4	2.4e-003	peak_490	10.99	tp	0
4-ATACATATCTA	STREME-4	2.4e-003	peak_620	10.99	tp	0
4-ATACATATCTA	STREME-4	2.4e-003	peak_755	10.99	fp	1
4-ATACATATCTA	STREME-4	2.4e-003	peak_181	10.97	tp	0
4-ATACATATCTA	STREME-4	2.4e-003	peak_271	10.97	tp	0
4-ATACATATCTA	STREME-4	2.4e-003	peak_631	10.92	tp	0
4-ATACATATCTA	STREME-4	2.4e-003	peak_397	10.88	tp	0
4-ATACATATCTA	STREME-4	2.4e-003	peak_845	10.87	tp	0
4-ATACATATCTA	STREME-4	2.4e-003	peak_554	10.84	tp	0
#
5-CAGTGTGACC	STREME-5	3.3e-003	peak_208	18.91	tp	0
5-CAGTGTGACC	STREME-5	3.3e-003	peak_89	18.91	tp	0
5-CAGTGTGACC	STREME-5	3.3e-003	peak_196	18.91	tp	0
5-CAGTGTGACC	STREME-5	3.3e-003	peak_600	18.91	tp	0
5-CAGTGTGACC	STREME-5	3.3e-003	peak_86	18.91	tp	0
5-CAGTGTGACC	STREME-5	3.3e-003	peak_432	18.91	tp	0
5-CAGTGTGACC	STREME-5	3.3e-003	peak_446	18.91	tp	0
5-CAGTGTGACC	STREME-5	3.3e-003	peak_577	18.91	tp	0
5-CAGTGTGACC	STREME-5	3.3e-003	peak_326	18.91	tp	0
5-CAGTGTGACC	STREME-5	3.3e-003	peak_307	18.91	tp	0
5-CAGTGTGACC	STREME-5	3.3e-003	peak_255	18.91	tp	0
5-CAGTGTGACC	STREME-5	3.3e-003	peak_78	18.91	tp	0
5-CAGTGTGACC	STREME-5	3.3e-003	peak_475	18.91	tp	0
5-CAGTGTGACC	STREME-5	3.3e-003	peak_637	18.91	tp	0
5-CAGTGTGACC	STREME-5	3.3e-003	peak_355	18.91	tp	0
5-CAGTGTGACC	STREME-5	3.3e-003	peak_629	18.91	tp	0
5-CAGTGTGACC	STREME-5	3.3e-003	peak_191	18.91	tp	0
5-CAGTGTGACC	STREME-5	3.3e-003	peak_713	18.91	tp	0
5-CAGTGTGACC	STREME-5	3.3e-003	peak_451	18.91	tp	0
5-CAGTGTGACC	STREME-5	3.3e-003	peak_256	18.91	tp	0
5-CAGTGTGACC	STREME-5	3.3e-003	peak_313	18.91	tp	1
5-CAGTGTGACC	STREME-5	3.3e-003	peak_401	18.91	tp	1
5-CAGTGTGACC	STREME-5	3.3e-003	peak_188	18.91	tp	1
5-CAGTGTGACC	STREME-5	3.3e-003	peak_665	17.68	tp	0
5-CAGTGTGACC	STREME-5	3.3e-003	peak_452	17.68	tp	0
5-CAGTGTGACC	STREME-5	3.3e-003	peak_450	17.68	tp	0
5-CAGTGTGACC	STREME-5	3.3e-003	peak_417	17.68	tp	0
5-CAGTGTGACC	STREME-5	3.3e-003	peak_127	17.68	tp	0
5-CAGTGTGACC	STREME-5	3.3e-003	peak_217	17.68	tp	0
5-CAGTGTGACC	STREME-5	3.3e-003	peak_519	17.68	tp	0
5-CAGTGTGACC	STREME-5	3.3e-003	peak_194	17.68	tp	0
5-CAGTGTGACC	STREME-5	3.3e-003	peak_387	17.68	tp	0
5-CAGTGTGACC	STREME-5	3.3e-003	peak_616	17.68	fp	0
5-CAGTGTGACC	STREME-5	3.3e-003	peak_137	17.68	tp	1
5-CAGTGTGACC	STREME-5	3.3e-003	peak_491	16.73	tp	0
5-CAGTGTGACC	STREME-5	3.3e-003	peak_867	16.73	tp	0
5-CAGTGTGACC	STREME-5	3.3e-003	peak_565	16.73	tp	0
5-CAGTGTGACC	STREME-5	3.3e-003	peak_306	16.73	tp	0
5-CAGTGTGACC	STREME-5	3.3e-003	peak_805	16.73	tp	0
5-CAGTGTGACC	STREME-5	3.3e-003	peak_460	16.73	tp	0
5-CAGTGTGACC	STREME-5	3.3e-003	peak_14	16.73	tp	0
5-CAGTGTGACC	STREME-5	3.3e-003	peak_606	16.73	tp	0
5-CAGTGTGACC	STREME-5	3.3e-003	peak_362	16.73	tp	0
5-CAGTGTGACC	STREME-5	3.3e-003	peak_482	16.73	fp	0
5-CAGTGTGACC	STREME-5	3.3e-003	peak_824	16.21	tp	0
5-CAGTGTGACC	STREME-5	3.3e-003	peak_91	15.65	tp	0
5-CAGTGTGACC	STREME-5	3.3e-003	peak_608	15.50	tp	0
5-CAGTGTGACC	STREME-5	3.3e-003	peak_556	15.50	tp	0
5-CAGTGTGACC	STREME-5	3.3e-003	peak_221	15.50	tp	0
5-CAGTGTGACC	STREME-5	3.3e-003	peak_569	15.45	tp	0
5-CAGTGTGACC	STREME-5	3.3e-003	peak_254	15.45	tp	0
5-CAGTGTGACC	STREME-5	3.3e-003	peak_383	15.45	tp	0
5-CAGTGTGACC	STREME-5	3.3e-003	peak_100	15.45	tp	0
5-CAGTGTGACC	STREME-5	3.3e-003	peak_166	15.45	tp	0
5-CAGTGTGACC	STREME-5	3.3e-003	peak_467	15.45	fp	0
5-CAGTGTGACC	STREME-5	3.3e-003	peak_672	15.45	fp	0
5-CAGTGTGACC	STREME-5	3.3e-003	peak_28	14.73	tp	0
5-CAGTGTGACC	STREME-5	3.3e-003	peak_512	14.73	tp	0
5-CAGTGTGACC	STREME-5	3.3e-003	peak_712	14.73	fp	0
5-CAGTGTGACC	STREME-5	3.3e-003	peak_545	14.56	tp	0
5-CAGTGTGACC	STREME-5	3.3e-003	peak_192	14.56	tp	0
5-CAGTGTGACC	STREME-5	3.3e-003	peak_638	14.56	tp	1
5-CAGTGTGACC	STREME-5	3.3e-003	peak_213	14.42	tp	0
5-CAGTGTGACC	STREME-5	3.3e-003	peak_848	14.42	tp	0
5-CAGTGTGACC	STREME-5	3.3e-003	peak_563	14.23	tp	0
5-CAGTGTGACC	STREME-5	3.3e-003	peak_391	14.03	tp	1
5-CAGTGTGACC	STREME-5	3.3e-003	peak_599	13.90	tp	0
5-CAGTGTGACC	STREME-5	3.3e-003	peak_46	13.89	tp	0
5-CAGTGTGACC	STREME-5	3.3e-003	peak_564	13.86	tp	0
5-CAGTGTGACC	STREME-5	3.3e-003	peak_625	13.86	tp	0
5-CAGTGTGACC	STREME-5	3.3e-003	peak_232	13.86	tp	0
5-CAGTGTGACC	STREME-5	3.3e-003	peak_3	13.86	tp	0
5-CAGTGTGACC	STREME-5	3.3e-003	peak_110	13.86	fp	0
5-CAGTGTGACC	STREME-5	3.3e-003	peak_227	13.86	tp	1
5-CAGTGTGACC	STREME-5	3.3e-003	peak_444	13.76	tp	0
5-CAGTGTGACC	STREME-5	3.3e-003	peak_301	13.73	tp	0
5-CAGTGTGACC	STREME-5	3.3e-003	peak_134	13.73	tp	0
5-CAGTGTGACC	STREME-5	3.3e-003	peak_518	13.73	tp	0
5-CAGTGTGACC	STREME-5	3.3e-003	peak_155	13.73	tp	0
5-CAGTGTGACC	STREME-5	3.3e-003	peak_449	13.73	tp	0
5-CAGTGTGACC	STREME-5	3.3e-003	peak_300	13.73	tp	0
5-CAGTGTGACC	STREME-5	3.3e-003	peak_769	13.73	tp	0
5-CAGTGTGACC	STREME-5	3.3e-003	peak_588	13.73	tp	1
5-CAGTGTGACC	STREME-5	3.3e-003	peak_19	13.51	tp	0
5-CAGTGTGACC	STREME-5	3.3e-003	peak_411	13.42	tp	0
5-CAGTGTGACC	STREME-5	3.3e-003	peak_844	13.33	fp	0
5-CAGTGTGACC	STREME-5	3.3e-003	peak_176	13.27	tp	0
5-CAGTGTGACC	STREME-5	3.3e-003	peak_257	13.27	tp	0
5-CAGTGTGACC	STREME-5	3.3e-003	peak_318	13.21	tp	0
5-CAGTGTGACC	STREME-5	3.3e-003	peak_718	13.19	tp	0
5-CAGTGTGACC	STREME-5	3.3e-003	peak_776	13.19	tp	0
5-CAGTGTGACC	STREME-5	3.3e-003	peak_465	13.19	tp	0
5-CAGTGTGACC	STREME-5	3.3e-003	peak_175	12.95	tp	0
5-CAGTGTGACC	STREME-5	3.3e-003	peak_462	12.71	tp	0
#
6-CACRCACACACACACACACD	STREME-6	6.9e-003	peak_759	26.09	tp	0
6-CACRCACACACACACACACD	STREME-6	6.9e-003	peak_341	24.73	tp	0
6-CACRCACACACACACACACD	STREME-6	6.9e-003	peak_729	24.56	tp	0
6-CACRCACACACACACACACD	STREME-6	6.9e-003	peak_271	24.37	tp	0
6-CACRCACACACACACACACD	STREME-6	6.9e-003	peak_776	23.39	tp	0
6-CACRCACACACACACACACD	STREME-6	6.9e-003	peak_394	22.98	tp	0
6-CACRCACACACACACACACD	STREME-6	6.9e-003	peak_557	22.91	tp	0
6-CACRCACACACACACACACD	STREME-6	6.9e-003	peak_182	22.04	tp	1
6-CACRCACACACACACACACD	STREME-6	6.9e-003	peak_733	21.42	tp	0
6-CACRCACACACACACACACD	STREME-6	6.9e-003	peak_268	21.23	tp	0
6-CACRCACACACACACACACD	STREME-6	6.9e-003	peak_12	20.82	tp	0
6-CACRCACACACACACACACD	STREME-6	6.9e-003	peak_500	20.64	tp	0
6-CACRCACACACACACACACD	STREME-6	6.9e-003	peak_236	20.23	tp	0
6-CACRCACACACACACACACD	STREME-6	6.9e-003	peak_205	20.22	tp	0
6-CACRCACACACACACACACD	STREME-6	6.9e-003	peak_471	20.19	tp	0
6-CACRCACACACACACACACD	STREME-6	6.9e-003	peak_794	19.59	tp	0
6-CACRCACACACACACACACD	STREME-6	6.9e-003	peak_406	19.56	tp	0
6-CACRCACACACACACACACD	STREME-6	6.9e-003	peak_627	19.24	tp	0
6-CACRCACACACACACACACD	STREME-6	6.9e-003	peak_348	19.16	tp	0
6-CACRCACACACACACACACD	STREME-6	6.9e-003	peak_716	19.15	tp	0
6-CACRCACACACACACACACD	STREME-6	6.9e-003	peak_643	19.10	tp	0
6-CACRCACACACACACACACD	STREME-6	6.9e-003	peak_121	18.61	tp	0
6-CACRCACACACACACACACD	STREME-6	6.9e-003	peak_396	18.61	tp	0
6-CACRCACACACACACACACD	STREME-6	6.9e-003	peak_41	18.34	tp	0
6-CACRCACACACACACACACD	STREME-6	6.9e-003	peak_258	18.34	tp	0
6-CACRCACACACACACACACD	STREME-6	6.9e-003	peak_329	18.32	fp	0
6-CACRCACACACACACACACD	STREME-6	6.9e-003	peak_531	18.28	tp	0
6-CACRCACACACACACACACD	STREME-6	6.9e-003	peak_177	18.11	tp	0
6-CACRCACACACACACACACD	STREME-6	6.9e-003	peak_49	18.06	tp	0
6-CACRCACACACACACACACD	STREME-6	6.9e-003	peak_775	18.01	tp	0
6-CACRCACACACACACACACD	STREME-6	6.9e-003	peak_312	17.89	tp	0
6-CACRCACACACACACACACD	STREME-6	6.9e-003	peak_673	17.82	tp	0
6-CACRCACACACACACACACD	STREME-6	6.9e-003	peak_206	17.82	tp	1
6-CACRCACACACACACACACD	STREME-6	6.9e-003	peak_747	17.72	tp	0
6-CACRCACACACACACACACD	STREME-6	6.9e-003	peak_253	17.59	tp	0
6-CACRCACACACACACACACD	STREME-6	6.9e-003	peak_482	17.48	tp	0
6-CACRCACACACACACACACD	STREME-6	6.9e-003	peak_67	17.46	tp	0
6-CACRCACACACACACACACD	STREME-6	6.9e-003	peak_317	17.32	tp	0
6-CACRCACACACACACACACD	STREME-6	6.9e-003	peak_223	17.25	tp	0
6-CACRCACACACACACACACD	STREME-6	6.9e-003	peak_81	17.14	tp	0
6-CACRCACACACACACACACD	STREME-6	6.9e-003	peak_602	17.11	tp	0
6-CACRCACACACACACACACD	STREME-6	6.9e-003	peak_435	16.97	tp	0
6-CACRCACACACACACACACD	STREME-6	6.9e-003	peak_420	16.89	tp	0
6-CACRCACACACACACACACD	STREME-6	6.9e-003	peak_855	16.75	tp	0
6-CACRCACACACACACACACD	STREME-6	6.9e-003	peak_366	16.62	tp	0
6-CACRCACACACACACACACD	STREME-6	6.9e-003	peak_180	16.43	tp	0
6-CACRCACACACACACACACD	STREME-6	6.9e-003	peak_250	16.38	tp	0
6-CACRCACACACACACACACD	STREME-6	6.9e-003	peak_689	16.25	tp	1
6-CACRCACACACACACACACD	STREME-6	6.9e-003	peak_770	16.23	tp	0
6-CACRCACACACACACACACD	STREME-6	6.9e-003	peak_586	16.15	tp	0
6-CACRCACACACACACACACD	STREME-6	6.9e-003	peak_836	16.14	tp	0
6-CACRCACACACACACACACD	STREME-6	6.9e-003	peak_347	16.13	tp	0
6-CACRCACACACACACACACD	STREME-6	6.9e-003	peak_413	15.82	tp	0
6-CACRCACACACACACACACD	STREME-6	6.9e-003	peak_748	15.68	tp	0
6-CACRCACACACACACACACD	STREME-6	6.9e-003	peak_407	15.67	tp	0
6-CACRCACACACACACACACD	STREME-6	6.9e-003	peak_242	15.67	tp	0
6-CACRCACACACACACACACD	STREME-6	6.9e-003	peak_360	15.64	tp	0
6-CACRCACACACACACACACD	STREME-6	6.9e-003	peak_501	15.62	tp	0
6-CACRCACACACACACACACD	STREME-6	6.9e-003	peak_674	15.51	tp	1
6-CACRCACACACACACACACD	STREME-6	6.9e-003	peak_204	15.42	tp	1
6-CACRCACACACACACACACD	STREME-6	6.9e-003	peak_721	15.34	tp	0
6-CACRCACACACACACACACD	STREME-6	6.9e-003	peak_579	15.34	tp	0
6-CACRCACACACACACACACD	STREME-6	6.9e-003	peak_294	15.19	tp	0
6-CACRCACACACACACACACD	STREME-6	6.9e-003	peak_129	15.18	tp	0
6-CACRCACACACACACACACD	STREME-6	6.9e-003	peak_10	15.17	tp	0
6-CACRCACACACACACACACD	STREME-6	6.9e-003	peak_185	15.14	tp	0
6-CACRCACACACACACACACD	STREME-6	6.9e-003	peak_619	14.93	tp	1
6-CACRCACACACACACACACD	STREME-6	6.9e-003	peak_593	14.90	tp	0
6-CACRCACACACACACACACD	STREME-6	6.9e-003	peak_178	14.84	tp	0
6-CACRCACACACACACACACD	STREME-6	6.9e-003	peak_545	14.82	tp	0
6-CACRCACACACACACACACD	STREME-6	6.9e-003	peak_164	14.81	tp	0
6-CACRCACACACACACACACD	STREME-6	6.9e-003	peak_302	14.80	tp	0
6-CACRCACACACACACACACD	STREME-6	6.9e-003	peak_212	14.67	tp	0
6-CACRCACACACACACACACD	STREME-6	6.9e-003	peak_44	14.65	tp	0
6-CACRCACACACACACACACD	STREME-6	6.9e-003	peak_189	14.65	tp	0
6-CACRCACACACACACACACD	STREME-6	6.9e-003	peak_672	14.60	tp	0
6-CACRCACACACACACACACD	STREME-6	6.9e-003	peak_453	14.54	tp	0
6-CACRCACACACACACACACD	STREME-6	6.9e-003	peak_373	14.52	tp	0
6-CACRCACACACACACACACD	STREME-6	6.9e-003	peak_645	14.48	tp	1
6-CACRCACACACACACACACD	STREME-6	6.9e-003	peak_369	14.27	tp	0
#
7-AAAAWTAAWAAAAAA	STREME-7	7.9e-003	peak_714	16.01	tp	0
7-AAAAWTAAWAAAAAA	STREME-7	7.9e-003	peak_777	15.70	tp	0
7-AAAAWTAAWAAAAAA	STREME-7	7.9e-003	peak_492	15.70	tp	0
7-AAAAWTAAWAAAAAA	STREME-7	7.9e-003	peak_415	15.57	tp	0
7-AAAAWTAAWAAAAAA	STREME-7	7.9e-003	peak_470	15.41	tp	0
7-AAAAWTAAWAAAAAA	STREME-7	7.9e-003	peak_104	15.36	tp	0
7-AAAAWTAAWAAAAAA	STREME-7	7.9e-003	peak_693	15.34	tp	0
7-AAAAWTAAWAAAAAA	STREME-7	7.9e-003	peak_233	15.34	tp	0
7-AAAAWTAAWAAAAAA	STREME-7	7.9e-003	peak_857	15.34	tp	1
7-AAAAWTAAWAAAAAA	STREME-7	7.9e-003	peak_181	15.08	tp	0
7-AAAAWTAAWAAAAAA	STREME-7	7.9e-003	peak_864	14.98	tp	0
7-AAAAWTAAWAAAAAA	STREME-7	7.9e-003	peak_771	14.96	fp	0
7-AAAAWTAAWAAAAAA	STREME-7	7.9e-003	peak_224	14.92	tp	1
7-AAAAWTAAWAAAAAA	STREME-7	7.9e-003	peak_31	14.79	tp	0
7-AAAAWTAAWAAAAAA	STREME-7	7.9e-003	peak_85	14.74	tp	0
7-AAAAWTAAWAAAAAA	STREME-7	7.9e-003	peak_761	14.68	tp	0
7-AAAAWTAAWAAAAAA	STREME-7	7.9e-003	peak_156	14.67	tp	0
7-AAAAWTAAWAAAAAA	STREME-7	7.9e-003	peak_414	14.62	tp	0
7-AAAAWTAAWAAAAAA	STREME-7	7.9e-003	peak_202	14.56	tp	0
7-AAAAWTAAWAAAAAA	STREME-7	7.9e-003	peak_447	14.38	fp	0
7-AAAAWTAAWAAAAAA	STREME-7	7.9e-003	peak_533	14.35	tp	0
7-AAAAWTAAWAAAAAA	STREME-7	7.9e-003	peak_839	14.30	tp	0
7-AAAAWTAAWAAAAAA	STREME-7	7.9e-003	peak_752	14.28	tp	1
7-AAAAWTAAWAAAAAA	STREME-7	7.9e-003	peak_308	14.27	tp	0
7-AAAAWTAAWAAAAAA	STREME-7	7.9e-003	peak_378	14.27	tp	0
7-AAAAWTAAWAAAAAA	STREME-7	7.9e-003	peak_117	14.27	fp	0
7-AAAAWTAAWAAAAAA	STREME-7	7.9e-003	peak_247	14.26	tp	0
7-AAAAWTAAWAAAAAA	STREME-7	7.9e-003	peak_234	14.21	fp	0
7-AAAAWTAAWAAAAAA	STREME-7	7.9e-003	peak_361	14.21	tp	0
7-AAAAWTAAWAAAAAA	STREME-7	7.9e-003	peak_141	14.20	fp	0
7-AAAAWTAAWAAAAAA	STREME-7	7.9e-003	peak_516	14.15	fp	0
7-AAAAWTAAWAAAAAA	STREME-7	7.9e-003	peak_496	14.14	tp	0
7-AAAAWTAAWAAAAAA	STREME-7	7.9e-003	peak_124	14.11	fp	0
7-AAAAWTAAWAAAAAA	STREME-7	7.9e-003	peak_654	14.07	fp	0
7-AAAAWTAAWAAAAAA	STREME-7	7.9e-003	peak_583	13.99	tp	0
7-AAAAWTAAWAAAAAA	STREME-7	7.9e-003	peak_93	13.98	tp	0
7-AAAAWTAAWAAAAAA	STREME-7	7.9e-003	peak_690	13.97	tp	0
7-AAAAWTAAWAAAAAA	STREME-7	7.9e-003	peak_731	13.97	tp	0
7-AAAAWTAAWAAAAAA	STREME-7	7.9e-003	peak_33	13.96	tp	0
7-AAAAWTAAWAAAAAA	STREME-7	7.9e-003	peak_564	13.96	tp	0
7-AAAAWTAAWAAAAAA	STREME-7	7.9e-003	peak_189	13.92	tp	0
7-AAAAWTAAWAAAAAA	STREME-7	7.9e-003	peak_474	13.92	tp	1
7-AAAAWTAAWAAAAAA	STREME-7	7.9e-003	peak_512	13.89	fp	0
7-AAAAWTAAWAAAAAA	STREME-7	7.9e-003	peak_368	13.86	tp	0
7-AAAAWTAAWAAAAAA	STREME-7	7.9e-003	peak_59	13.84	tp	0
7-AAAAWTAAWAAAAAA	STREME-7	7.9e-003	peak_331	13.84	tp	0
7-AAAAWTAAWAAAAAA	STREME-7	7.9e-003	peak_88	13.84	tp	0
7-AAAAWTAAWAAAAAA	STREME-7	7.9e-003	peak_610	13.77	tp	0
7-AAAAWTAAWAAAAAA	STREME-7	7.9e-003	peak_780	13.74	tp	0
7-AAAAWTAAWAAAAAA	STREME-7	7.9e-003	peak_789	13.71	tp	0
7-AAAAWTAAWAAAAAA	STREME-7	7.9e-003	peak_111	13.71	tp	0
7-AAAAWTAAWAAAAAA	STREME-7	7.9e-003	peak_648	13.64	tp	0
7-AAAAWTAAWAAAAAA	STREME-7	7.9e-003	peak_86	13.60	tp	0
7-AAAAWTAAWAAAAAA	STREME-7	7.9e-003	peak_47	13.57	tp	0
7-AAAAWTAAWAAAAAA	STREME-7	7.9e-003	peak_674	13.52	tp	1
7-AAAAWTAAWAAAAAA	STREME-7	7.9e-003	peak_506	13.50	fp	0
7-AAAAWTAAWAAAAAA	STREME-7	7.9e-003	peak_232	13.43	tp	0
7-AAAAWTAAWAAAAAA	STREME-7	7.9e-003	peak_840	13.40	tp	1
7-AAAAWTAAWAAAAAA	STREME-7	7.9e-003	peak_861	13.39	tp	0
7-AAAAWTAAWAAAAAA	STREME-7	7.9e-003	peak_333	13.36	tp	0
7-AAAAWTAAWAAAAAA	STREME-7	7.9e-003	peak_650	13.34	tp	0
7-AAAAWTAAWAAAAAA	STREME-7	7.9e-003	peak_188	13.28	tp	1
7-AAAAWTAAWAAAAAA	STREME-7	7.9e-003	peak_444	13.24	fp	0
7-AAAAWTAAWAAAAAA	STREME-7	7.9e-003	peak_311	13.23	fp	0
7-AAAAWTAAWAAAAAA	STREME-7	7.9e-003	peak_74	13.18	tp	0
7-AAAAWTAAWAAAAAA	STREME-7	7.9e-003	peak_334	13.17	tp	0
7-AAAAWTAAWAAAAAA	STREME-7	7.9e-003	peak_434	13.14	tp	0
7-AAAAWTAAWAAAAAA	STREME-7	7.9e-003	peak_678	13.10	tp	0
7-AAAAWTAAWAAAAAA	STREME-7	7.9e-003	peak_849	13.07	tp	0
7-AAAAWTAAWAAAAAA	STREME-7	7.9e-003	peak_174	13.04	fp	0
7-AAAAWTAAWAAAAAA	STREME-7	7.9e-003	peak_499	13.02	fp	0
7-AAAAWTAAWAAAAAA	STREME-7	7.9e-003	peak_130	13.01	tp	1
7-AAAAWTAAWAAAAAA	STREME-7	7.9e-003	peak_724	12.98	tp	1
7-AAAAWTAAWAAAAAA	STREME-7	7.9e-003	peak_38	12.97	tp	0
7-AAAAWTAAWAAAAAA	STREME-7	7.9e-003	peak_114	12.95	tp	0
7-AAAAWTAAWAAAAAA	STREME-7	7.9e-003	peak_512	12.94	tp	0
7-AAAAWTAAWAAAAAA	STREME-7	7.9e-003	peak_800	12.93	tp	0
7-AAAAWTAAWAAAAAA	STREME-7	7.9e-003	peak_57	12.93	tp	0
7-AAAAWTAAWAAAAAA	STREME-7	7.9e-003	peak_6	12.93	fp	0
7-AAAAWTAAWAAAAAA	STREME-7	7.9e-003	peak_431	12.88	tp	0
7-AAAAWTAAWAAAAAA	STREME-7	7.9e-003	peak_364	12.84	fp	0
7-AAAAWTAAWAAAAAA	STREME-7	7.9e-003	peak_67	12.82	tp	0
7-AAAAWTAAWAAAAAA	STREME-7	7.9e-003	peak_448	12.80	tp	0
7-AAAAWTAAWAAAAAA	STREME-7	7.9e-003	peak_634	12.79	fp	0
7-AAAAWTAAWAAAAAA	STREME-7	7.9e-003	peak_174	12.75	tp	1
7-AAAAWTAAWAAAAAA	STREME-7	7.9e-003	peak_708	12.74	tp	0
7-AAAAWTAAWAAAAAA	STREME-7	7.9e-003	peak_632	12.73	tp	0
7-AAAAWTAAWAAAAAA	STREME-7	7.9e-003	peak_373	12.73	tp	0
7-AAAAWTAAWAAAAAA	STREME-7	7.9e-003	peak_13	12.72	tp	0
7-AAAAWTAAWAAAAAA	STREME-7	7.9e-003	peak_338	12.71	fp	1
7-AAAAWTAAWAAAAAA	STREME-7	7.9e-003	peak_107	12.70	tp	0
7-AAAAWTAAWAAAAAA	STREME-7	7.9e-003	peak_199	12.69	tp	0
7-AAAAWTAAWAAAAAA	STREME-7	7.9e-003	peak_263	12.67	tp	0
7-AAAAWTAAWAAAAAA	STREME-7	7.9e-003	peak_136	12.63	fp	0
7-AAAAWTAAWAAAAAA	STREME-7	7.9e-003	peak_824	12.62	tp	0
7-AAAAWTAAWAAAAAA	STREME-7	7.9e-003	peak_184	12.62	tp	0
7-AAAAWTAAWAAAAAA	STREME-7	7.9e-003	peak_182	12.61	tp	1
7-AAAAWTAAWAAAAAA	STREME-7	7.9e-003	peak_478	12.56	fp	0
7-AAAAWTAAWAAAAAA	STREME-7	7.9e-003	peak_495	12.56	tp	0
7-AAAAWTAAWAAAAAA	STREME-7	7.9e-003	peak_96	12.54	tp	0
7-AAAAWTAAWAAAAAA	STREME-7	7.9e-003	peak_535	12.54	fp	1
7-AAAAWTAAWAAAAAA	STREME-7	7.9e-003	peak_331	12.45	fp	0
7-AAAAWTAAWAAAAAA	STREME-7	7.9e-003	peak_491	12.43	tp	0
7-AAAAWTAAWAAAAAA	STREME-7	7.9e-003	peak_625	12.42	fp	0
7-AAAAWTAAWAAAAAA	STREME-7	7.9e-003	peak_153	12.41	tp	0
7-AAAAWTAAWAAAAAA	STREME-7	7.9e-003	peak_694	12.38	tp	0
7-AAAAWTAAWAAAAAA	STREME-7	7.9e-003	peak_438	12.37	fp	0
7-AAAAWTAAWAAAAAA	STREME-7	7.9e-003	peak_508	12.37	tp	0
7-AAAAWTAAWAAAAAA	STREME-7	7.9e-003	peak_279	12.30	fp	0
7-AAAAWTAAWAAAAAA	STREME-7	7.9e-003	peak_195	12.30	tp	0
7-AAAAWTAAWAAAAAA	STREME-7	7.9e-003	peak_267	12.29	tp	0
7-AAAAWTAAWAAAAAA	STREME-7	7.9e-003	peak_356	12.29	tp	0
7-AAAAWTAAWAAAAAA	STREME-7	7.9e-003	peak_527	12.28	tp	0
7-AAAAWTAAWAAAAAA	STREME-7	7.9e-003	peak_549	12.22	tp	0
7-AAAAWTAAWAAAAAA	STREME-7	7.9e-003	peak_558	12.21	tp	0
7-AAAAWTAAWAAAAAA	STREME-7	7.9e-003	peak_428	12.21	tp	0
7-AAAAWTAAWAAAAAA	STREME-7	7.9e-003	peak_240	12.17	tp	0
7-AAAAWTAAWAAAAAA	STREME-7	7.9e-003	peak_504	12.17	tp	0
7-AAAAWTAAWAAAAAA	STREME-7	7.9e-003	peak_167	12.15	tp	0
7-AAAAWTAAWAAAAAA	STREME-7	7.9e-003	peak_484	12.11	tp	1
7-AAAAWTAAWAAAAAA	STREME-7	7.9e-003	peak_754	12.10	fp	0
7-AAAAWTAAWAAAAAA	STREME-7	7.9e-003	peak_835	12.05	tp	0
7-AAAAWTAAWAAAAAA	STREME-7	7.9e-003	peak_238	12.04	fp	0
7-AAAAWTAAWAAAAAA	STREME-7	7.9e-003	peak_573	12.04	fp	0
7-AAAAWTAAWAAAAAA	STREME-7	7.9e-003	peak_447	12.03	tp	0
7-AAAAWTAAWAAAAAA	STREME-7	7.9e-003	peak_22	12.02	tp	0
7-AAAAWTAAWAAAAAA	STREME-7	7.9e-003	peak_201	11.97	tp	0
7-AAAAWTAAWAAAAAA	STREME-7	7.9e-003	peak_37	11.97	fp	0
7-AAAAWTAAWAAAAAA	STREME-7	7.9e-003	peak_584	11.93	tp	0
7-AAAAWTAAWAAAAAA	STREME-7	7.9e-003	peak_231	11.91	tp	0
7-AAAAWTAAWAAAAAA	STREME-7	7.9e-003	peak_49	11.89	tp	0
7-AAAAWTAAWAAAAAA	STREME-7	7.9e-003	peak_836	11.78	fp	0
7-AAAAWTAAWAAAAAA	STREME-7	7.9e-003	peak_645	11.75	tp	1
7-AAAAWTAAWAAAAAA	STREME-7	7.9e-003	peak_870	11.75	fp	1
7-AAAAWTAAWAAAAAA	STREME-7	7.9e-003	peak_554	11.74	tp	0
7-AAAAWTAAWAAAAAA	STREME-7	7.9e-003	peak_657	11.74	tp	0
7-AAAAWTAAWAAAAAA	STREME-7	7.9e-003	peak_528	11.72	tp	0
7-AAAAWTAAWAAAAAA	STREME-7	7.9e-003	peak_351	11.68	tp	0
7-AAAAWTAAWAAAAAA	STREME-7	7.9e-003	peak_595	11.67	tp	0
7-AAAAWTAAWAAAAAA	STREME-7	7.9e-003	peak_443	11.62	tp	0
#
8-CCACTGTRC	STREME-8	1.4e-002	peak_274	17.07	tp	0
8-CCACTGTRC	STREME-8	1.4e-002	peak_786	17.07	tp	0
8-CCACTGTRC	STREME-8	1.4e-002	peak_700	17.07	tp	0
8-CCACTGTRC	STREME-8	1.4e-002	peak_677	17.07	tp	0
8-CCACTGTRC	STREME-8	1.4e-002	peak_213	17.07	tp	0
8-CCACTGTRC	STREME-8	1.4e-002	peak_153	17.07	tp	0
8-CCACTGTRC	STREME-8	1.4e-002	peak_643	17.07	tp	0
8-CCACTGTRC	STREME-8	1.4e-002	peak_316	17.07	tp	0
8-CCACTGTRC	STREME-8	1.4e-002	peak_252	17.07	tp	0
8-CCACTGTRC	STREME-8	1.4e-002	peak_65	17.07	tp	0
8-CCACTGTRC	STREME-8	1.4e-002	peak_28	17.07	tp	0
8-CCACTGTRC	STREME-8	1.4e-002	peak_833	17.07	tp	0
8-CCACTGTRC	STREME-8	1.4e-002	peak_239	17.07	tp	0
8-CCACTGTRC	STREME-8	1.4e-002	peak_859	17.07	tp	0
8-CCACTGTRC	STREME-8	1.4e-002	peak_495	17.07	tp	0
8-CCACTGTRC	STREME-8	1.4e-002	peak_178	17.07	tp	0
8-CCACTGTRC	STREME-8	1.4e-002	peak_673	17.07	tp	0
8-CCACTGTRC	STREME-8	1.4e-002	peak_548	17.07	tp	0
8-CCACTGTRC	STREME-8	1.4e-002	peak_648	17.07	tp	0
8-CCACTGTRC	STREME-8	1.4e-002	peak_99	17.07	tp	0
8-CCACTGTRC	STREME-8	1.4e-002	peak_754	17.07	tp	0
8-CCACTGTRC	STREME-8	1.4e-002	peak_572	17.07	tp	0
8-CCACTGTRC	STREME-8	1.4e-002	peak_817	17.07	tp	0
8-CCACTGTRC	STREME-8	1.4e-002	peak_671	17.07	tp	0
8-CCACTGTRC	STREME-8	1.4e-002	peak_373	17.07	tp	0
8-CCACTGTRC	STREME-8	1.4e-002	peak_138	17.07	tp	0
8-CCACTGTRC	STREME-8	1.4e-002	peak_790	17.07	tp	0
8-CCACTGTRC	STREME-8	1.4e-002	peak_471	17.07	tp	0
8-CCACTGTRC	STREME-8	1.4e-002	peak_171	17.07	fp	0
8-CCACTGTRC	STREME-8	1.4e-002	peak_585	17.07	tp	1
8-CCACTGTRC	STREME-8	1.4e-002	peak_133	17.07	tp	1
8-CCACTGTRC	STREME-8	1.4e-002	peak_720	17.07	tp	1
8-CCACTGTRC	STREME-8	1.4e-002	peak_200	17.07	fp	1
8-CCACTGTRC	STREME-8	1.4e-002	peak_315	17.07	fp	1
8-CCACTGTRC	STREME-8	1.4e-002	peak_809	15.55	tp	0
8-CCACTGTRC	STREME-8	1.4e-002	peak_214	15.55	tp	0
8-CCACTGTRC	STREME-8	1.4e-002	peak_1	15.55	tp	0
8-CCACTGTRC	STREME-8	1.4e-002	peak_657	15.55	tp	0
8-CCACTGTRC	STREME-8	1.4e-002	peak_864	15.55	tp	0
8-CCACTGTRC	STREME-8	1.4e-002	peak_831	15.55	tp	0
8-CCACTGTRC	STREME-8	1.4e-002	peak_210	15.55	tp	0
8-CCACTGTRC	STREME-8	1.4e-002	peak_748	15.55	tp	0
8-CCACTGTRC	STREME-8	1.4e-002	peak_759	15.55	tp	0
8-CCACTGTRC	STREME-8	1.4e-002	peak_105	15.55	tp	0
8-CCACTGTRC	STREME-8	1.4e-002	peak_515	15.55	tp	0
8-CCACTGTRC	STREME-8	1.4e-002	peak_52	15.55	tp	0
8-CCACTGTRC	STREME-8	1.4e-002	peak_193	15.55	tp	0
8-CCACTGTRC	STREME-8	1.4e-002	peak_663	15.55	tp	0
8-CCACTGTRC	STREME-8	1.4e-002	peak_772	15.55	tp	0
8-CCACTGTRC	STREME-8	1.4e-002	peak_536	15.55	tp	0
8-CCACTGTRC	STREME-8	1.4e-002	peak_773	15.55	tp	0
8-CCACTGTRC	STREME-8	1.4e-002	peak_780	15.55	tp	0
8-CCACTGTRC	STREME-8	1.4e-002	peak_209	15.55	tp	0
8-CCACTGTRC	STREME-8	1.4e-002	peak_660	15.55	tp	0
8-CCACTGTRC	STREME-8	1.4e-002	peak_446	15.55	tp	0
8-CCACTGTRC	STREME-8	1.4e-002	peak_181	15.55	tp	0
8-CCACTGTRC	STREME-8	1.4e-002	peak_816	15.55	tp	0
8-CCACTGTRC	STREME-8	1.4e-002	peak_271	15.55	tp	0
8-CCACTGTRC	STREME-8	1.4e-002	peak_164	15.55	tp	0
8-CCACTGTRC	STREME-8	1.4e-002	peak_49	15.55	tp	0
8-CCACTGTRC	STREME-8	1.4e-002	peak_433	15.55	tp	0
8-CCACTGTRC	STREME-8	1.4e-002	peak_54	15.55	tp	0
8-CCACTGTRC	STREME-8	1.4e-002	peak_197	15.55	tp	0
8-CCACTGTRC	STREME-8	1.4e-002	peak_675	15.55	tp	0
8-CCACTGTRC	STREME-8	1.4e-002	peak_796	15.55	tp	0
8-CCACTGTRC	STREME-8	1.4e-002	peak_57	15.55	tp	0
8-CCACTGTRC	STREME-8	1.4e-002	peak_850	15.55	tp	0
8-CCACTGTRC	STREME-8	1.4e-002	peak_113	15.55	tp	0
8-CCACTGTRC	STREME-8	1.4e-002	peak_360	15.55	tp	0
8-CCACTGTRC	STREME-8	1.4e-002	peak_615	15.55	tp	0
8-CCACTGTRC	STREME-8	1.4e-002	peak_563	15.55	tp	0
8-CCACTGTRC	STREME-8	1.4e-002	peak_135	15.55	tp	0
8-CCACTGTRC	STREME-8	1.4e-002	peak_791	15.55	tp	0
8-CCACTGTRC	STREME-8	1.4e-002	peak_423	15.55	tp	0
8-CCACTGTRC	STREME-8	1.4e-002	peak_70	15.55	tp	0
8-CCACTGTRC	STREME-8	1.4e-002	peak_440	15.55	tp	0
8-CCACTGTRC	STREME-8	1.4e-002	peak_683	15.55	tp	0
8-CCACTGTRC	STREME-8	1.4e-002	peak_851	15.55	tp	0
8-CCACTGTRC	STREME-8	1.4e-002	peak_785	15.55	tp	0
8-CCACTGTRC	STREME-8	1.4e-002	peak_596	15.55	tp	0
8-CCACTGTRC	STREME-8	1.4e-002	peak_733	15.55	tp	0
8-CCACTGTRC	STREME-8	1.4e-002	peak_592	15.55	tp	0
8-CCACTGTRC	STREME-8	1.4e-002	peak_198	15.55	tp	0
8-CCACTGTRC	STREME-8	1.4e-002	peak_815	15.55	tp	0
8-CCACTGTRC	STREME-8	1.4e-002	peak_193	15.55	fp	0
8-CCACTGTRC	STREME-8	1.4e-002	peak_577	15.55	fp	0
8-CCACTGTRC	STREME-8	1.4e-002	peak_681	15.55	tp	1
8-CCACTGTRC	STREME-8	1.4e-002	peak_506	15.55	tp	1
8-CCACTGTRC	STREME-8	1.4e-002	peak_522	15.55	tp	1
8-CCACTGTRC	STREME-8	1.4e-002	peak_645	15.55	tp	1
8-CCACTGTRC	STREME-8	1.4e-002	peak_674	15.55	tp	1
8-CCACTGTRC	STREME-8	1.4e-002	peak_571	15.55	tp	1
8-CCACTGTRC	STREME-8	1.4e-002	peak_570	15.55	tp	1
8-CCACTGTRC	STREME-8	1.4e-002	peak_374	15.55	fp	1
8-CCACTGTRC	STREME-8	1.4e-002	peak_731	14.04	tp	0
8-CCACTGTRC	STREME-8	1.4e-002	peak_92	14.04	tp	0
8-CCACTGTRC	STREME-8	1.4e-002	peak_719	14.04	tp	0
8-CCACTGTRC	STREME-8	1.4e-002	peak_344	14.04	tp	0
8-CCACTGTRC	STREME-8	1.4e-002	peak_448	14.04	tp	0
8-CCACTGTRC	STREME-8	1.4e-002	peak_331	14.04	tp	0
8-CCACTGTRC	STREME-8	1.4e-002	peak_667	14.04	tp	0
8-CCACTGTRC	STREME-8	1.4e-002	peak_632	14.04	tp	0
8-CCACTGTRC	STREME-8	1.4e-002	peak_396	14.04	tp	0
8-CCACTGTRC	STREME-8	1.4e-002	peak_498	14.04	tp	0
8-CCACTGTRC	STREME-8	1.4e-002	peak_171	14.04	tp	0
8-CCACTGTRC	STREME-8	1.4e-002	peak_798	14.04	tp	0
8-CCACTGTRC	STREME-8	1.4e-002	peak_83	14.04	tp	0
8-CCACTGTRC	STREME-8	1.4e-002	peak_87	14.04	tp	0
8-CCACTGTRC	STREME-8	1.4e-002	peak_7	14.04	tp	0
8-CCACTGTRC	STREME-8	1.4e-002	peak_295	14.04	tp	0
8-CCACTGTRC	STREME-8	1.4e-002	peak_868	14.04	tp	0
8-CCACTGTRC	STREME-8	1.4e-002	peak_182	14.04	fp	0
8-CCACTGTRC	STREME-8	1.4e-002	peak_206	14.04	tp	1
8-CCACTGTRC	STREME-8	1.4e-002	peak_379	13.08	tp	0
8-CCACTGTRC	STREME-8	1.4e-002	peak_578	13.08	tp	0
8-CCACTGTRC	STREME-8	1.4e-002	peak_858	13.08	tp	0
8-CCACTGTRC	STREME-8	1.4e-002	peak_752	13.08	tp	1
#
9-GCTATCGAW	STREME-9	1.6e-002	peak_775	16.00	tp	0
9-GCTATCGAW	STREME-9	1.6e-002	peak_486	16.00	tp	0
9-GCTATCGAW	STREME-9	1.6e-002	peak_807	16.00	tp	0
9-GCTATCGAW	STREME-9	1.6e-002	peak_405	16.00	tp	0
9-GCTATCGAW	STREME-9	1.6e-002	peak_671	16.00	tp	0
9-GCTATCGAW	STREME-9	1.6e-002	peak_189	16.00	tp	0
9-GCTATCGAW	STREME-9	1.6e-002	peak_259	16.00	tp	0
9-GCTATCGAW	STREME-9	1.6e-002	peak_510	16.00	tp	0
9-GCTATCGAW	STREME-9	1.6e-002	peak_243	16.00	tp	0
9-GCTATCGAW	STREME-9	1.6e-002	peak_733	16.00	fp	0
9-GCTATCGAW	STREME-9	1.6e-002	peak_487	15.69	tp	0
9-GCTATCGAW	STREME-9	1.6e-002	peak_861	15.69	tp	0
9-GCTATCGAW	STREME-9	1.6e-002	peak_307	15.69	tp	0
9-GCTATCGAW	STREME-9	1.6e-002	peak_859	15.69	tp	0
9-GCTATCGAW	STREME-9	1.6e-002	peak_78	15.69	tp	0
9-GCTATCGAW	STREME-9	1.6e-002	peak_424	15.69	tp	0
9-GCTATCGAW	STREME-9	1.6e-002	peak_514	15.69	tp	0
9-GCTATCGAW	STREME-9	1.6e-002	peak_553	15.69	tp	0
9-GCTATCGAW	STREME-9	1.6e-002	peak_519	15.69	tp	0
9-GCTATCGAW	STREME-9	1.6e-002	peak_397	15.69	fp	0
9-GCTATCGAW	STREME-9	1.6e-002	peak_521	15.69	tp	1
9-GCTATCGAW	STREME-9	1.6e-002	peak_50	14.98	tp	0
9-GCTATCGAW	STREME-9	1.6e-002	peak_742	14.98	tp	0
9-GCTATCGAW	STREME-9	1.6e-002	peak_569	14.18	tp	0
9-GCTATCGAW	STREME-9	1.6e-002	peak_483	14.18	tp	0
9-GCTATCGAW	STREME-9	1.6e-002	peak_428	14.18	tp	0
9-GCTATCGAW	STREME-9	1.6e-002	peak_590	14.18	tp	0
9-GCTATCGAW	STREME-9	1.6e-002	peak_459	14.18	fp	0
9-GCTATCGAW	STREME-9	1.6e-002	peak_448	14.18	fp	0
9-GCTATCGAW	STREME-9	1.6e-002	peak_163	14.18	fp	1
9-GCTATCGAW	STREME-9	1.6e-002	peak_261	13.96	tp	0
9-GCTATCGAW	STREME-9	1.6e-002	peak_472	13.96	tp	0
9-GCTATCGAW	STREME-9	1.6e-002	peak_765	13.96	tp	0
9-GCTATCGAW	STREME-9	1.6e-002	peak_290	13.96	tp	0
9-GCTATCGAW	STREME-9	1.6e-002	peak_811	13.96	tp	0
9-GCTATCGAW	STREME-9	1.6e-002	peak_117	13.96	tp	0
9-GCTATCGAW	STREME-9	1.6e-002	peak_651	13.87	tp	0
9-GCTATCGAW	STREME-9	1.6e-002	peak_408	13.87	tp	0
9-GCTATCGAW	STREME-9	1.6e-002	peak_106	13.87	tp	0
9-GCTATCGAW	STREME-9	1.6e-002	peak_203	13.87	tp	0
9-GCTATCGAW	STREME-9	1.6e-002	peak_466	13.87	tp	0
9-GCTATCGAW	STREME-9	1.6e-002	peak_105	13.87	fp	0
9-GCTATCGAW	STREME-9	1.6e-002	peak_65	13.70	tp	0
9-GCTATCGAW	STREME-9	1.6e-002	peak_690	13.70	tp	0
9-GCTATCGAW	STREME-9	1.6e-002	peak_825	13.70	tp	1
9-GCTATCGAW	STREME-9	1.6e-002	peak_840	13.70	tp	1
9-GCTATCGAW	STREME-9	1.6e-002	peak_130	13.70	tp	1
9-GCTATCGAW	STREME-9	1.6e-002	peak_19	13.70	fp	1
9-GCTATCGAW	STREME-9	1.6e-002	peak_153	13.65	tp	0
9-GCTATCGAW	STREME-9	1.6e-002	peak_822	13.65	tp	0
9-GCTATCGAW	STREME-9	1.6e-002	peak_612	13.65	tp	0
9-GCTATCGAW	STREME-9	1.6e-002	peak_93	13.65	tp	0
9-GCTATCGAW	STREME-9	1.6e-002	peak_727	13.65	tp	0
9-GCTATCGAW	STREME-9	1.6e-002	peak_177	13.65	fp	0
9-GCTATCGAW	STREME-9	1.6e-002	peak_232	13.40	tp	0
9-GCTATCGAW	STREME-9	1.6e-002	peak_802	13.40	tp	0
9-GCTATCGAW	STREME-9	1.6e-002	peak_575	13.40	tp	0
9-GCTATCGAW	STREME-9	1.6e-002	peak_275	13.40	tp	0
9-GCTATCGAW	STREME-9	1.6e-002	peak_482	13.40	fp	0
9-GCTATCGAW	STREME-9	1.6e-002	peak_17	13.40	tp	0
9-GCTATCGAW	STREME-9	1.6e-002	peak_538	13.40	tp	0
9-GCTATCGAW	STREME-9	1.6e-002	peak_88	13.40	tp	0
9-GCTATCGAW	STREME-9	1.6e-002	peak_266	13.40	fp	0
9-GCTATCGAW	STREME-9	1.6e-002	peak_100	13.40	fp	0
9-GCTATCGAW	STREME-9	1.6e-002	peak_741	13.40	tp	1
9-GCTATCGAW	STREME-9	1.6e-002	peak_199	13.39	tp	0
9-GCTATCGAW	STREME-9	1.6e-002	peak_23	13.39	tp	0
9-GCTATCGAW	STREME-9	1.6e-002	peak_814	13.39	tp	0
9-GCTATCGAW	STREME-9	1.6e-002	peak_14	13.39	tp	0
9-GCTATCGAW	STREME-9	1.6e-002	peak_363	13.39	tp	0
9-GCTATCGAW	STREME-9	1.6e-002	peak_720	13.39	tp	1
9-GCTATCGAW	STREME-9	1.6e-002	peak_286	13.16	tp	0
9-GCTATCGAW	STREME-9	1.6e-002	peak_662	13.09	tp	0
9-GCTATCGAW	STREME-9	1.6e-002	peak_828	13.09	tp	0
9-GCTATCGAW	STREME-9	1.6e-002	peak_615	13.09	tp	0
9-GCTATCGAW	STREME-9	1.6e-002	peak_404	13.09	tp	1
9-GCTATCGAW	STREME-9	1.6e-002	peak_56	13.09	tp	0
9-GCTATCGAW	STREME-9	1.6e-002	peak_692	13.09	tp	0
9-GCTATCGAW	STREME-9	1.6e-002	peak_321	13.09	tp	0
9-GCTATCGAW	STREME-9	1.6e-002	peak_40	13.09	tp	0
9-GCTATCGAW	STREME-9	1.6e-002	peak_484	13.09	tp	1
9-GCTATCGAW	STREME-9	1.6e-002	peak_381	13.09	tp	1
9-GCTATCGAW	STREME-9	1.6e-002	peak_667	12.94	tp	0
9-GCTATCGAW	STREME-9	1.6e-002	peak_188	12.94	tp	1
9-GCTATCGAW	STREME-9	1.6e-002	peak_97	12.73	tp	0
9-GCTATCGAW	STREME-9	1.6e-002	peak_279	12.73	tp	0
9-GCTATCGAW	STREME-9	1.6e-002	peak_414	12.73	tp	0
9-GCTATCGAW	STREME-9	1.6e-002	peak_463	12.73	fp	0
#
10-AGVGATG	STREME-10	1.7e-002	peak_334	13.66	tp	0
10-AGVGATG	STREME-10	1.7e-002	peak_489	13.66	tp	0
10-AGVGATG	STREME-10	1.7e-002	peak_738	13.66	tp	0
10-AGVGATG	STREME-10	1.7e-002	peak_365	13.66	tp	0
10-AGVGATG	STREME-10	1.7e-002	peak_47	13.66	tp	0
10-AGVGATG	STREME-10	1.7e-002	peak_757	13.66	tp	0
10-AGVGATG	STREME-10	1.7e-002	peak_402	13.66	tp	0
10-AGVGATG	STREME-10	1.7e-002	peak_668	13.66	tp	0
10-AGVGATG	STREME-10	1.7e-002	peak_73	13.66	tp	0
10-AGVGATG	STREME-10	1.7e-002	peak_608	13.66	tp	0
10-AGVGATG	STREME-10	1.7e-002	peak_771	13.66	tp	0
10-AGVGATG	STREME-10	1.7e-002	peak_164	13.66	tp	0
10-AGVGATG	STREME-10	1.7e-002	peak_745	13.66	tp	0
10-AGVGATG	STREME-10	1.7e-002	peak_23	13.66	tp	0
10-AGVGATG	STREME-10	1.7e-002	peak_219	13.66	tp	0
10-AGVGATG	STREME-10	1.7e-002	peak_124	13.66	tp	0
10-AGVGATG	STREME-10	1.7e-002	peak_96	13.66	tp	0
10-AGVGATG	STREME-10	1.7e-002	peak_306	13.66	tp	0
10-AGVGATG	STREME-10	1.7e-002	peak_518	13.66	tp	0
10-AGVGATG	STREME-10	1.7e-002	peak_609	13.66	tp	0
10-AGVGATG	STREME-10	1.7e-002	peak_211	13.66	tp	0
10-AGVGATG	STREME-10	1.7e-002	peak_560	13.66	tp	0
10-AGVGATG	STREME-10	1.7e-002	peak_312	13.66	tp	0
10-AGVGATG	STREME-10	1.7e-002	peak_424	13.66	tp	0
10-AGVGATG	STREME-10	1.7e-002	peak_802	13.66	tp	0
10-AGVGATG	STREME-10	1.7e-002	peak_445	13.66	tp	0
10-AGVGATG	STREME-10	1.7e-002	peak_3	13.66	tp	0
10-AGVGATG	STREME-10	1.7e-002	peak_466	13.66	tp	0
10-AGVGATG	STREME-10	1.7e-002	peak_112	13.66	tp	0
10-AGVGATG	STREME-10	1.7e-002	peak_412	13.66	tp	0
10-AGVGATG	STREME-10	1.7e-002	peak_428	13.66	tp	0
10-AGVGATG	STREME-10	1.7e-002	peak_367	13.66	tp	0
10-AGVGATG	STREME-10	1.7e-002	peak_509	13.66	tp	0
10-AGVGATG	STREME-10	1.7e-002	peak_13	13.66	tp	0
10-AGVGATG	STREME-10	1.7e-002	peak_470	13.66	tp	0
10-AGVGATG	STREME-10	1.7e-002	peak_189	13.66	tp	0
10-AGVGATG	STREME-10	1.7e-002	peak_618	13.66	tp	0
10-AGVGATG	STREME-10	1.7e-002	peak_361	13.66	tp	0
10-AGVGATG	STREME-10	1.7e-002	peak_299	13.66	tp	0
10-AGVGATG	STREME-10	1.7e-002	peak_719	13.66	fp	0
10-AGVGATG	STREME-10	1.7e-002	peak_568	13.66	fp	0
10-AGVGATG	STREME-10	1.7e-002	peak_188	13.66	fp	0
10-AGVGATG	STREME-10	1.7e-002	peak_318	13.66	fp	0
10-AGVGATG	STREME-10	1.7e-002	peak_240	13.66	fp	0
10-AGVGATG	STREME-10	1.7e-002	peak_201	13.66	fp	0
10-AGVGATG	STREME-10	1.7e-002	peak_332	13.66	fp	0
10-AGVGATG	STREME-10	1.7e-002	peak_266	13.66	fp	0
10-AGVGATG	STREME-10	1.7e-002	peak_671	13.66	fp	0
10-AGVGATG	STREME-10	1.7e-002	peak_149	13.66	fp	0
10-AGVGATG	STREME-10	1.7e-002	peak_602	13.66	fp	0
10-AGVGATG	STREME-10	1.7e-002	peak_116	13.66	fp	0
10-AGVGATG	STREME-10	1.7e-002	peak_105	13.66	fp	0
10-AGVGATG	STREME-10	1.7e-002	peak_754	13.66	fp	0
10-AGVGATG	STREME-10	1.7e-002	peak_765	13.66	fp	0
10-AGVGATG	STREME-10	1.7e-002	peak_219	13.66	fp	0
10-AGVGATG	STREME-10	1.7e-002	peak_636	13.66	fp	0
10-AGVGATG	STREME-10	1.7e-002	peak_225	13.66	tp	1
10-AGVGATG	STREME-10	1.7e-002	peak_741	13.66	tp	1
10-AGVGATG	STREME-10	1.7e-002	peak_359	13.66	tp	1
10-AGVGATG	STREME-10	1.7e-002	peak_474	13.66	tp	1
10-AGVGATG	STREME-10	1.7e-002	peak_17	13.22	tp	0
10-AGVGATG	STREME-10	1.7e-002	peak_516	13.22	tp	0
10-AGVGATG	STREME-10	1.7e-002	peak_208	13.22	tp	0
10-AGVGATG	STREME-10	1.7e-002	peak_823	13.22	tp	0
10-AGVGATG	STREME-10	1.7e-002	peak_388	13.22	tp	0
10-AGVGATG	STREME-10	1.7e-002	peak_66	13.22	tp	0
10-AGVGATG	STREME-10	1.7e-002	peak_222	13.22	tp	0
10-AGVGATG	STREME-10	1.7e-002	peak_535	13.22	tp	0
10-AGVGATG	STREME-10	1.7e-002	peak_839	13.22	tp	0
10-AGVGATG	STREME-10	1.7e-002	peak_296	13.22	tp	0
10-AGVGATG	STREME-10	1.7e-002	peak_669	13.22	tp	0
10-AGVGATG	STREME-10	1.7e-002	peak_98	13.22	tp	0
10-AGVGATG	STREME-10	1.7e-002	peak_290	13.22	tp	0
10-AGVGATG	STREME-10	1.7e-002	peak_267	13.22	tp	0
10-AGVGATG	STREME-10	1.7e-002	peak_576	13.22	tp	0
10-AGVGATG	STREME-10	1.7e-002	peak_756	13.22	tp	0
10-AGVGATG	STREME-10	1.7e-002	peak_755	13.22	tp	0
10-AGVGATG	STREME-10	1.7e-002	peak_632	13.22	tp	0
10-AGVGATG	STREME-10	1.7e-002	peak_239	13.22	tp	0
10-AGVGATG	STREME-10	1.7e-002	peak_486	13.22	tp	0
10-AGVGATG	STREME-10	1.7e-002	peak_199	13.22	tp	0
10-AGVGATG	STREME-10	1.7e-002	peak_549	13.22	tp	0
10-AGVGATG	STREME-10	1.7e-002	peak_415	13.22	tp	0
10-AGVGATG	STREME-10	1.7e-002	peak_297	13.22	tp	0
10-AGVGATG	STREME-10	1.7e-002	peak_232	13.22	tp	0
10-AGVGATG	STREME-10	1.7e-002	peak_662	13.22	tp	0
10-AGVGATG	STREME-10	1.7e-002	peak_483	13.22	tp	0
10-AGVGATG	STREME-10	1.7e-002	peak_53	13.22	tp	0
10-AGVGATG	STREME-10	1.7e-002	peak_672	13.22	tp	0
10-AGVGATG	STREME-10	1.7e-002	peak_661	13.22	tp	0
10-AGVGATG	STREME-10	1.7e-002	peak_641	13.22	tp	0
10-AGVGATG	STREME-10	1.7e-002	peak_766	13.22	tp	0
10-AGVGATG	STREME-10	1.7e-002	peak_858	13.22	tp	0
10-AGVGATG	STREME-10	1.7e-002	peak_285	13.22	tp	0
10-AGVGATG	STREME-10	1.7e-002	peak_714	13.22	tp	0
10-AGVGATG	STREME-10	1.7e-002	peak_146	13.22	tp	0
10-AGVGATG	STREME-10	1.7e-002	peak_579	13.22	tp	0
10-AGVGATG	STREME-10	1.7e-002	peak_11	13.22	tp	0
10-AGVGATG	STREME-10	1.7e-002	peak_707	13.22	tp	0
10-AGVGATG	STREME-10	1.7e-002	peak_733	13.22	tp	0
10-AGVGATG	STREME-10	1.7e-002	peak_510	13.22	tp	0
10-AGVGATG	STREME-10	1.7e-002	peak_343	13.22	tp	0
10-AGVGATG	STREME-10	1.7e-002	peak_656	13.22	tp	0
10-AGVGATG	STREME-10	1.7e-002	peak_265	13.22	tp	0
10-AGVGATG	STREME-10	1.7e-002	peak_482	13.22	tp	0
10-AGVGATG	STREME-10	1.7e-002	peak_67	13.22	fp	0
10-AGVGATG	STREME-10	1.7e-002	peak_844	13.22	fp	0
10-AGVGATG	STREME-10	1.7e-002	peak_169	13.22	fp	0
10-AGVGATG	STREME-10	1.7e-002	peak_167	13.22	fp	0
10-AGVGATG	STREME-10	1.7e-002	peak_748	13.22	fp	0
10-AGVGATG	STREME-10	1.7e-002	peak_673	13.22	fp	0
10-AGVGATG	STREME-10	1.7e-002	peak_467	13.22	fp	0
10-AGVGATG	STREME-10	1.7e-002	peak_827	13.22	fp	0
10-AGVGATG	STREME-10	1.7e-002	peak_350	13.22	fp	0
10-AGVGATG	STREME-10	1.7e-002	peak_552	13.22	fp	0
10-AGVGATG	STREME-10	1.7e-002	peak_648	13.22	fp	0
10-AGVGATG	STREME-10	1.7e-002	peak_504	13.22	fp	0
10-AGVGATG	STREME-10	1.7e-002	peak_203	13.22	fp	0
10-AGVGATG	STREME-10	1.7e-002	peak_216	13.22	fp	0
10-AGVGATG	STREME-10	1.7e-002	peak_530	13.22	fp	0
10-AGVGATG	STREME-10	1.7e-002	peak_205	13.22	fp	0
10-AGVGATG	STREME-10	1.7e-002	peak_697	13.22	tp	1
10-AGVGATG	STREME-10	1.7e-002	peak_827	13.22	tp	1
10-AGVGATG	STREME-10	1.7e-002	peak_484	13.22	tp	1
10-AGVGATG	STREME-10	1.7e-002	peak_418	13.22	tp	1
10-AGVGATG	STREME-10	1.7e-002	peak_487	13.22	fp	1
#
11-AGVGTTGCCAGAYB	STREME-11	2.9e-002	peak_368	21.36	tp	0
11-AGVGTTGCCAGAYB	STREME-11	2.9e-002	peak_291	20.59	tp	0
11-AGVGTTGCCAGAYB	STREME-11	2.9e-002	peak_578	20.59	tp	0
11-AGVGTTGCCAGAYB	STREME-11	2.9e-002	peak_340	19.90	tp	0
11-AGVGTTGCCAGAYB	STREME-11	2.9e-002	peak_50	19.72	tp	0
11-AGVGTTGCCAGAYB	STREME-11	2.9e-002	peak_451	19.65	tp	0
11-AGVGTTGCCAGAYB	STREME-11	2.9e-002	peak_512	19.63	tp	0
11-AGVGTTGCCAGAYB	STREME-11	2.9e-002	peak_678	19.54	tp	0
11-AGVGTTGCCAGAYB	STREME-11	2.9e-002	peak_148	19.54	tp	0
11-AGVGTTGCCAGAYB	STREME-11	2.9e-002	peak_622	19.20	tp	0
11-AGVGTTGCCAGAYB	STREME-11	2.9e-002	peak_189	19.05	tp	0
11-AGVGTTGCCAGAYB	STREME-11	2.9e-002	peak_208	19.03	tp	0
11-AGVGTTGCCAGAYB	STREME-11	2.9e-002	peak_597	19.03	tp	0
11-AGVGTTGCCAGAYB	STREME-11	2.9e-002	peak_326	18.72	tp	0
11-AGVGTTGCCAGAYB	STREME-11	2.9e-002	peak_176	18.67	tp	0
11-AGVGTTGCCAGAYB	STREME-11	2.9e-002	peak_47	18.55	tp	0
11-AGVGTTGCCAGAYB	STREME-11	2.9e-002	peak_786	18.49	tp	0
11-AGVGTTGCCAGAYB	STREME-11	2.9e-002	peak_415	18.44	tp	0
11-AGVGTTGCCAGAYB	STREME-11	2.9e-002	peak_499	18.35	tp	0
11-AGVGTTGCCAGAYB	STREME-11	2.9e-002	peak_495	18.14	tp	0
11-AGVGTTGCCAGAYB	STREME-11	2.9e-002	peak_422	18.11	tp	0
11-AGVGTTGCCAGAYB	STREME-11	2.9e-002	peak_63	18.07	tp	0
11-AGVGTTGCCAGAYB	STREME-11	2.9e-002	peak_46	18.06	tp	0
11-AGVGTTGCCAGAYB	STREME-11	2.9e-002	peak_599	17.80	tp	0
11-AGVGTTGCCAGAYB	STREME-11	2.9e-002	peak_563	17.79	tp	0
11-AGVGTTGCCAGAYB	STREME-11	2.9e-002	peak_173	17.63	tp	0
11-AGVGTTGCCAGAYB	STREME-11	2.9e-002	peak_517	17.58	tp	0
11-AGVGTTGCCAGAYB	STREME-11	2.9e-002	peak_640	17.52	tp	0
11-AGVGTTGCCAGAYB	STREME-11	2.9e-002	peak_471	17.45	tp	0
11-AGVGTTGCCAGAYB	STREME-11	2.9e-002	peak_117	17.18	tp	0
11-AGVGTTGCCAGAYB	STREME-11	2.9e-002	peak_790	17.13	tp	0
11-AGVGTTGCCAGAYB	STREME-11	2.9e-002	peak_409	17.04	tp	0
11-AGVGTTGCCAGAYB	STREME-11	2.9e-002	peak_354	16.99	tp	0
11-AGVGTTGCCAGAYB	STREME-11	2.9e-002	peak_180	16.95	tp	0
11-AGVGTTGCCAGAYB	STREME-11	2.9e-002	peak_13	16.94	tp	0
11-AGVGTTGCCAGAYB	STREME-11	2.9e-002	peak_183	16.78	tp	0
11-AGVGTTGCCAGAYB	STREME-11	2.9e-002	peak_151	16.74	tp	0
11-AGVGTTGCCAGAYB	STREME-11	2.9e-002	peak_237	16.73	tp	0
11-AGVGTTGCCAGAYB	STREME-11	2.9e-002	peak_300	16.59	tp	0
11-AGVGTTGCCAGAYB	STREME-11	2.9e-002	peak_514	16.53	tp	0
11-AGVGTTGCCAGAYB	STREME-11	2.9e-002	peak_797	16.25	tp	0
11-AGVGTTGCCAGAYB	STREME-11	2.9e-002	peak_841	16.16	tp	0
11-AGVGTTGCCAGAYB	STREME-11	2.9e-002	peak_356	16.12	tp	0
11-AGVGTTGCCAGAYB	STREME-11	2.9e-002	peak_647	16.08	tp	0
11-AGVGTTGCCAGAYB	STREME-11	2.9e-002	peak_192	16.07	fp	0
11-AGVGTTGCCAGAYB	STREME-11	2.9e-002	peak_189	16.04	fp	0
11-AGVGTTGCCAGAYB	STREME-11	2.9e-002	peak_858	15.82	tp	0
11-AGVGTTGCCAGAYB	STREME-11	2.9e-002	peak_819	15.81	tp	0
11-AGVGTTGCCAGAYB	STREME-11	2.9e-002	peak_812	15.74	tp	0
11-AGVGTTGCCAGAYB	STREME-11	2.9e-002	peak_171	15.67	fp	0
11-AGVGTTGCCAGAYB	STREME-11	2.9e-002	peak_668	15.61	tp	0
11-AGVGTTGCCAGAYB	STREME-11	2.9e-002	peak_862	15.61	tp	0
11-AGVGTTGCCAGAYB	STREME-11	2.9e-002	peak_233	15.55	tp	0
11-AGVGTTGCCAGAYB	STREME-11	2.9e-002	peak_555	15.43	tp	0
11-AGVGTTGCCAGAYB	STREME-11	2.9e-002	peak_168	15.42	tp	0
11-AGVGTTGCCAGAYB	STREME-11	2.9e-002	peak_494	15.27	tp	0
11-AGVGTTGCCAGAYB	STREME-11	2.9e-002	peak_638	15.18	tp	1
11-AGVGTTGCCAGAYB	STREME-11	2.9e-002	peak_2	15.15	tp	0
11-AGVGTTGCCAGAYB	STREME-11	2.9e-002	peak_290	14.88	tp	0
11-AGVGTTGCCAGAYB	STREME-11	2.9e-002	peak_138	14.83	fp	0
11-AGVGTTGCCAGAYB	STREME-11	2.9e-002	peak_616	14.81	tp	0
11-AGVGTTGCCAGAYB	STREME-11	2.9e-002	peak_650	14.81	tp	0
11-AGVGTTGCCAGAYB	STREME-11	2.9e-002	peak_639	14.80	fp	0
11-AGVGTTGCCAGAYB	STREME-11	2.9e-002	peak_165	14.78	tp	0
11-AGVGTTGCCAGAYB	STREME-11	2.9e-002	peak_97	14.71	tp	0
11-AGVGTTGCCAGAYB	STREME-11	2.9e-002	peak_275	14.62	tp	0
11-AGVGTTGCCAGAYB	STREME-11	2.9e-002	peak_634	14.56	tp	0
11-AGVGTTGCCAGAYB	STREME-11	2.9e-002	peak_301	14.49	tp	0
11-AGVGTTGCCAGAYB	STREME-11	2.9e-002	peak_771	14.39	tp	0
11-AGVGTTGCCAGAYB	STREME-11	2.9e-002	peak_642	14.28	tp	0
11-AGVGTTGCCAGAYB	STREME-11	2.9e-002	peak_773	14.26	tp	0
11-AGVGTTGCCAGAYB	STREME-11	2.9e-002	peak_632	14.21	tp	0
11-AGVGTTGCCAGAYB	STREME-11	2.9e-002	peak_633	14.18	fp	0
11-AGVGTTGCCAGAYB	STREME-11	2.9e-002	peak_761	14.17	tp	0
11-AGVGTTGCCAGAYB	STREME-11	2.9e-002	peak_223	14.14	tp	0
11-AGVGTTGCCAGAYB	STREME-11	2.9e-002	peak_519	14.13	tp	0
11-AGVGTTGCCAGAYB	STREME-11	2.9e-002	peak_383	14.09	tp	0
11-AGVGTTGCCAGAYB	STREME-11	2.9e-002	peak_19	14.08	tp	0
11-AGVGTTGCCAGAYB	STREME-11	2.9e-002	peak_17	13.94	tp	0
11-AGVGTTGCCAGAYB	STREME-11	2.9e-002	peak_763	13.94	tp	0
11-AGVGTTGCCAGAYB	STREME-11	2.9e-002	peak_160	13.85	tp	1
11-AGVGTTGCCAGAYB	STREME-11	2.9e-002	peak_306	13.80	tp	0
11-AGVGTTGCCAGAYB	STREME-11	2.9e-002	peak_598	13.74	tp	0
11-AGVGTTGCCAGAYB	STREME-11	2.9e-002	peak_575	13.71	tp	0
11-AGVGTTGCCAGAYB	STREME-11	2.9e-002	peak_707	13.69	tp	0
11-AGVGTTGCCAGAYB	STREME-11	2.9e-002	peak_714	13.63	tp	0
11-AGVGTTGCCAGAYB	STREME-11	2.9e-002	peak_756	13.58	tp	0
11-AGVGTTGCCAGAYB	STREME-11	2.9e-002	peak_522	13.55	tp	1
11-AGVGTTGCCAGAYB	STREME-11	2.9e-002	peak_849	13.53	tp	0
11-AGVGTTGCCAGAYB	STREME-11	2.9e-002	peak_437	13.42	tp	0
11-AGVGTTGCCAGAYB	STREME-11	2.9e-002	peak_218	13.37	tp	0
11-AGVGTTGCCAGAYB	STREME-11	2.9e-002	peak_807	13.30	tp	0
11-AGVGTTGCCAGAYB	STREME-11	2.9e-002	peak_847	13.30	fp	0
11-AGVGTTGCCAGAYB	STREME-11	2.9e-002	peak_299	13.29	tp	0
11-AGVGTTGCCAGAYB	STREME-11	2.9e-002	peak_423	13.22	tp	0
11-AGVGTTGCCAGAYB	STREME-11	2.9e-002	peak_99	13.21	fp	0
11-AGVGTTGCCAGAYB	STREME-11	2.9e-002	peak_845	13.16	tp	0
11-AGVGTTGCCAGAYB	STREME-11	2.9e-002	peak_716	13.12	fp	0
11-AGVGTTGCCAGAYB	STREME-11	2.9e-002	peak_528	13.09	tp	0
11-AGVGTTGCCAGAYB	STREME-11	2.9e-002	peak_614	13.06	tp	0
11-AGVGTTGCCAGAYB	STREME-11	2.9e-002	peak_60	13.05	tp	1
11-AGVGTTGCCAGAYB	STREME-11	2.9e-002	peak_364	13.03	tp	0
11-AGVGTTGCCAGAYB	STREME-11	2.9e-002	peak_758	13.00	tp	0
11-AGVGTTGCCAGAYB	STREME-11	2.9e-002	peak_192	12.98	tp	0
11-AGVGTTGCCAGAYB	STREME-11	2.9e-002	peak_463	12.88	tp	0
11-AGVGTTGCCAGAYB	STREME-11	2.9e-002	peak_730	12.83	tp	0
11-AGVGTTGCCAGAYB	STREME-11	2.9e-002	peak_253	12.82	fp	0
11-AGVGTTGCCAGAYB	STREME-11	2.9e-002	peak_722	12.79	tp	1
11-AGVGTTGCCAGAYB	STREME-11	2.9e-002	peak_534	12.75	tp	0
11-AGVGTTGCCAGAYB	STREME-11	2.9e-002	peak_425	12.73	tp	0
11-AGVGTTGCCAGAYB	STREME-11	2.9e-002	peak_333	12.72	tp	0
11-AGVGTTGCCAGAYB	STREME-11	2.9e-002	peak_593	12.70	tp	0
11-AGVGTTGCCAGAYB	STREME-11	2.9e-002	peak_567	12.61	tp	0
11-AGVGTTGCCAGAYB	STREME-11	2.9e-002	peak_367	12.61	tp	0
11-AGVGTTGCCAGAYB	STREME-11	2.9e-002	peak_792	12.59	tp	0
#
12-CAGCAACAACAACRWC	STREME-12	2.9e-002	peak_28	23.62	tp	0
12-CAGCAACAACAACRWC	STREME-12	2.9e-002	peak_747	23.20	tp	0
12-CAGCAACAACAACRWC	STREME-12	2.9e-002	peak_197	22.48	tp	0
12-CAGCAACAACAACRWC	STREME-12	2.9e-002	peak_400	22.48	tp	0
12-CAGCAACAACAACRWC	STREME-12	2.9e-002	peak_1	21.76	tp	0
12-CAGCAACAACAACRWC	STREME-12	2.9e-002	peak_491	21.05	tp	0
12-CAGCAACAACAACRWC	STREME-12	2.9e-002	peak_667	20.74	tp	0
12-CAGCAACAACAACRWC	STREME-12	2.9e-002	peak_492	20.55	tp	0
12-CAGCAACAACAACRWC	STREME-12	2.9e-002	peak_725	20.29	tp	0
12-CAGCAACAACAACRWC	STREME-12	2.9e-002	peak_731	19.84	tp	0
12-CAGCAACAACAACRWC	STREME-12	2.9e-002	peak_663	19.84	tp	0
12-CAGCAACAACAACRWC	STREME-12	2.9e-002	peak_489	19.82	tp	0
12-CAGCAACAACAACRWC	STREME-12	2.9e-002	peak_208	19.07	tp	0
12-CAGCAACAACAACRWC	STREME-12	2.9e-002	peak_348	19.05	tp	0
12-CAGCAACAACAACRWC	STREME-12	2.9e-002	peak_682	18.78	tp	0
12-CAGCAACAACAACRWC	STREME-12	2.9e-002	peak_240	18.46	tp	0
12-CAGCAACAACAACRWC	STREME-12	2.9e-002	peak_228	18.14	tp	1
12-CAGCAACAACAACRWC	STREME-12	2.9e-002	peak_773	18.11	tp	0
12-CAGCAACAACAACRWC	STREME-12	2.9e-002	peak_59	17.88	tp	0
12-CAGCAACAACAACRWC	STREME-12	2.9e-002	peak_7	17.68	tp	0
12-CAGCAACAACAACRWC	STREME-12	2.9e-002	peak_673	17.57	tp	0
12-CAGCAACAACAACRWC	STREME-12	2.9e-002	peak_41	17.34	tp	0
12-CAGCAACAACAACRWC	STREME-12	2.9e-002	peak_794	17.22	tp	0
12-CAGCAACAACAACRWC	STREME-12	2.9e-002	peak_388	16.76	tp	0
12-CAGCAACAACAACRWC	STREME-12	2.9e-002	peak_598	16.61	tp	0
12-CAGCAACAACAACRWC	STREME-12	2.9e-002	peak_635	16.43	tp	0
12-CAGCAACAACAACRWC	STREME-12	2.9e-002	peak_605	16.32	tp	0
12-CAGCAACAACAACRWC	STREME-12	2.9e-002	peak_331	16.17	tp	0
12-CAGCAACAACAACRWC	STREME-12	2.9e-002	peak_107	16.09	tp	0
12-CAGCAACAACAACRWC	STREME-12	2.9e-002	peak_759	16.05	tp	0
12-CAGCAACAACAACRWC	STREME-12	2.9e-002	peak_131	16.05	tp	0
12-CAGCAACAACAACRWC	STREME-12	2.9e-002	peak_749	16.04	tp	0
12-CAGCAACAACAACRWC	STREME-12	2.9e-002	peak_672	16.02	tp	0
12-CAGCAACAACAACRWC	STREME-12	2.9e-002	peak_323	15.95	tp	0
12-CAGCAACAACAACRWC	STREME-12	2.9e-002	peak_511	15.88	tp	0
12-CAGCAACAACAACRWC	STREME-12	2.9e-002	peak_767	15.84	tp	0
12-CAGCAACAACAACRWC	STREME-12	2.9e-002	peak_537	15.70	tp	0
12-CAGCAACAACAACRWC	STREME-12	2.9e-002	peak_103	15.69	tp	0
12-CAGCAACAACAACRWC	STREME-12	2.9e-002	peak_657	15.67	tp	0
12-CAGCAACAACAACRWC	STREME-12	2.9e-002	peak_523	15.61	fp	0
12-CAGCAACAACAACRWC	STREME-12	2.9e-002	peak_329	15.54	tp	0
12-CAGCAACAACAACRWC	STREME-12	2.9e-002	peak_133	15.42	tp	1
12-CAGCAACAACAACRWC	STREME-12	2.9e-002	peak_843	15.39	tp	0
12-CAGCAACAACAACRWC	STREME-12	2.9e-002	peak_353	15.36	tp	0
12-CAGCAACAACAACRWC	STREME-12	2.9e-002	peak_447	15.08	fp	0
12-CAGCAACAACAACRWC	STREME-12	2.9e-002	peak_335	15.03	tp	0
12-CAGCAACAACAACRWC	STREME-12	2.9e-002	peak_192	14.84	tp	0
12-CAGCAACAACAACRWC	STREME-12	2.9e-002	peak_327	14.78	tp	0
12-CAGCAACAACAACRWC	STREME-12	2.9e-002	peak_226	14.73	tp	0
12-CAGCAACAACAACRWC	STREME-12	2.9e-002	peak_128	14.70	fp	0
12-CAGCAACAACAACRWC	STREME-12	2.9e-002	peak_36	14.69	tp	0
12-CAGCAACAACAACRWC	STREME-12	2.9e-002	peak_743	14.69	tp	0
12-CAGCAACAACAACRWC	STREME-12	2.9e-002	peak_135	14.60	tp	0
12-CAGCAACAACAACRWC	STREME-12	2.9e-002	peak_276	14.59	tp	0
12-CAGCAACAACAACRWC	STREME-12	2.9e-002	peak_6	14.59	tp	0
12-CAGCAACAACAACRWC	STREME-12	2.9e-002	peak_830	14.49	tp	0
12-CAGCAACAACAACRWC	STREME-12	2.9e-002	peak_641	14.49	tp	0
12-CAGCAACAACAACRWC	STREME-12	2.9e-002	peak_669	14.40	tp	0
12-CAGCAACAACAACRWC	STREME-12	2.9e-002	peak_5	14.39	tp	0
12-CAGCAACAACAACRWC	STREME-12	2.9e-002	peak_330	14.38	fp	0
12-CAGCAACAACAACRWC	STREME-12	2.9e-002	peak_242	14.32	tp	0
12-CAGCAACAACAACRWC	STREME-12	2.9e-002	peak_416	14.25	tp	1
12-CAGCAACAACAACRWC	STREME-12	2.9e-002	peak_709	14.25	tp	0
12-CAGCAACAACAACRWC	STREME-12	2.9e-002	peak_115	14.24	tp	0
12-CAGCAACAACAACRWC	STREME-12	2.9e-002	peak_686	14.15	tp	0
12-CAGCAACAACAACRWC	STREME-12	2.9e-002	peak_220	13.97	tp	0
12-CAGCAACAACAACRWC	STREME-12	2.9e-002	peak_123	13.91	fp	0
12-CAGCAACAACAACRWC	STREME-12	2.9e-002	peak_394	13.91	tp	0
12-CAGCAACAACAACRWC	STREME-12	2.9e-002	peak_571	13.76	tp	1
12-CAGCAACAACAACRWC	STREME-12	2.9e-002	peak_114	13.75	tp	0
12-CAGCAACAACAACRWC	STREME-12	2.9e-002	peak_639	13.68	tp	0
12-CAGCAACAACAACRWC	STREME-12	2.9e-002	peak_312	13.66	tp	0
12-CAGCAACAACAACRWC	STREME-12	2.9e-002	peak_198	13.62	tp	0
12-CAGCAACAACAACRWC	STREME-12	2.9e-002	peak_504	13.48	tp	0
12-CAGCAACAACAACRWC	STREME-12	2.9e-002	peak_507	13.47	fp	0
12-CAGCAACAACAACRWC	STREME-12	2.9e-002	peak_224	13.42	tp	1
12-CAGCAACAACAACRWC	STREME-12	2.9e-002	peak_660	13.36	tp	0
12-CAGCAACAACAACRWC	STREME-12	2.9e-002	peak_417	13.33	tp	0
12-CAGCAACAACAACRWC	STREME-12	2.9e-002	peak_285	13.31	fp	0
12-CAGCAACAACAACRWC	STREME-12	2.9e-002	peak_438	13.26	tp	0
12-CAGCAACAACAACRWC	STREME-12	2.9e-002	peak_321	13.22	tp	0
12-CAGCAACAACAACRWC	STREME-12	2.9e-002	peak_517	13.20	tp	0
12-CAGCAACAACAACRWC	STREME-12	2.9e-002	peak_643	13.14	tp	0
12-CAGCAACAACAACRWC	STREME-12	2.9e-002	peak_467	13.14	tp	0
12-CAGCAACAACAACRWC	STREME-12	2.9e-002	peak_831	13.08	tp	0
12-CAGCAACAACAACRWC	STREME-12	2.9e-002	peak_65	13.07	fp	0
12-CAGCAACAACAACRWC	STREME-12	2.9e-002	peak_453	13.03	tp	0
12-CAGCAACAACAACRWC	STREME-12	2.9e-002	peak_247	13.00	tp	0
12-CAGCAACAACAACRWC	STREME-12	2.9e-002	peak_761	12.95	tp	0
12-CAGCAACAACAACRWC	STREME-12	2.9e-002	peak_67	12.92	tp	0
12-CAGCAACAACAACRWC	STREME-12	2.9e-002	peak_833	12.84	tp	0
12-CAGCAACAACAACRWC	STREME-12	2.9e-002	peak_821	12.83	tp	0
12-CAGCAACAACAACRWC	STREME-12	2.9e-002	peak_678	12.82	tp	0
12-CAGCAACAACAACRWC	STREME-12	2.9e-002	peak_126	12.80	tp	0
12-CAGCAACAACAACRWC	STREME-12	2.9e-002	peak_636	12.77	tp	0
#
13-CAGGGGCGTAGNVMRRRR	STREME-13	2.9e-002	peak_495	25.34	tp	0
13-CAGGGGCGTAGNVMRRRR	STREME-13	2.9e-002	peak_148	25.13	tp	0
13-CAGGGGCGTAGNVMRRRR	STREME-13	2.9e-002	peak_386	24.30	tp	0
13-CAGGGGCGTAGNVMRRRR	STREME-13	2.9e-002	peak_620	24.17	tp	0
13-CAGGGGCGTAGNVMRRRR	STREME-13	2.9e-002	peak_436	22.70	tp	0
13-CAGGGGCGTAGNVMRRRR	STREME-13	2.9e-002	peak_489	22.59	tp	0
13-CAGGGGCGTAGNVMRRRR	STREME-13	2.9e-002	peak_142	22.35	tp	0
13-CAGGGGCGTAGNVMRRRR	STREME-13	2.9e-002	peak_116	22.20	tp	0
13-CAGGGGCGTAGNVMRRRR	STREME-13	2.9e-002	peak_624	22.16	tp	0
13-CAGGGGCGTAGNVMRRRR	STREME-13	2.9e-002	peak_706	21.98	tp	0
13-CAGGGGCGTAGNVMRRRR	STREME-13	2.9e-002	peak_282	21.58	tp	0
13-CAGGGGCGTAGNVMRRRR	STREME-13	2.9e-002	peak_248	20.96	tp	0
13-CAGGGGCGTAGNVMRRRR	STREME-13	2.9e-002	peak_62	20.84	tp	0
13-CAGGGGCGTAGNVMRRRR	STREME-13	2.9e-002	peak_564	19.94	tp	0
13-CAGGGGCGTAGNVMRRRR	STREME-13	2.9e-002	peak_789	19.93	tp	0
13-CAGGGGCGTAGNVMRRRR	STREME-13	2.9e-002	peak_158	19.76	tp	0
13-CAGGGGCGTAGNVMRRRR	STREME-13	2.9e-002	peak_546	19.56	tp	1
13-CAGGGGCGTAGNVMRRRR	STREME-13	2.9e-002	peak_803	19.53	tp	0
13-CAGGGGCGTAGNVMRRRR	STREME-13	2.9e-002	peak_606	19.20	tp	0
13-CAGGGGCGTAGNVMRRRR	STREME-13	2.9e-002	peak_70	19.18	fp	0
13-CAGGGGCGTAGNVMRRRR	STREME-13	2.9e-002	peak_373	19.15	tp	0
13-CAGGGGCGTAGNVMRRRR	STREME-13	2.9e-002	peak_441	19.05	tp	0
13-CAGGGGCGTAGNVMRRRR	STREME-13	2.9e-002	peak_538	19.05	tp	0
13-CAGGGGCGTAGNVMRRRR	STREME-13	2.9e-002	peak_527	19.04	tp	0
13-CAGGGGCGTAGNVMRRRR	STREME-13	2.9e-002	peak_844	18.92	tp	0
13-CAGGGGCGTAGNVMRRRR	STREME-13	2.9e-002	peak_571	18.90	tp	1
13-CAGGGGCGTAGNVMRRRR	STREME-13	2.9e-002	peak_333	18.87	tp	0
13-CAGGGGCGTAGNVMRRRR	STREME-13	2.9e-002	peak_394	18.77	tp	0
13-CAGGGGCGTAGNVMRRRR	STREME-13	2.9e-002	peak_380	18.51	tp	1
13-CAGGGGCGTAGNVMRRRR	STREME-13	2.9e-002	peak_747	18.38	tp	0
13-CAGGGGCGTAGNVMRRRR	STREME-13	2.9e-002	peak_350	18.32	tp	0
13-CAGGGGCGTAGNVMRRRR	STREME-13	2.9e-002	peak_467	18.16	tp	0
13-CAGGGGCGTAGNVMRRRR	STREME-13	2.9e-002	peak_340	18.03	tp	0
13-CAGGGGCGTAGNVMRRRR	STREME-13	2.9e-002	peak_751	17.75	tp	0
13-CAGGGGCGTAGNVMRRRR	STREME-13	2.9e-002	peak_207	17.61	tp	0
13-CAGGGGCGTAGNVMRRRR	STREME-13	2.9e-002	peak_721	17.51	tp	0
13-CAGGGGCGTAGNVMRRRR	STREME-13	2.9e-002	peak_748	17.37	fp	0
13-CAGGGGCGTAGNVMRRRR	STREME-13	2.9e-002	peak_425	17.32	tp	0
13-CAGGGGCGTAGNVMRRRR	STREME-13	2.9e-002	peak_201	17.14	tp	0
13-CAGGGGCGTAGNVMRRRR	STREME-13	2.9e-002	peak_249	17.08	tp	0
13-CAGGGGCGTAGNVMRRRR	STREME-13	2.9e-002	peak_399	16.93	tp	0
13-CAGGGGCGTAGNVMRRRR	STREME-13	2.9e-002	peak_801	16.89	tp	0
13-CAGGGGCGTAGNVMRRRR	STREME-13	2.9e-002	peak_501	16.72	tp	0
13-CAGGGGCGTAGNVMRRRR	STREME-13	2.9e-002	peak_289	16.71	tp	0
13-CAGGGGCGTAGNVMRRRR	STREME-13	2.9e-002	peak_172	16.66	tp	0
13-CAGGGGCGTAGNVMRRRR	STREME-13	2.9e-002	peak_853	16.48	tp	0
13-CAGGGGCGTAGNVMRRRR	STREME-13	2.9e-002	peak_593	16.48	tp	0
13-CAGGGGCGTAGNVMRRRR	STREME-13	2.9e-002	peak_732	16.29	tp	1
13-CAGGGGCGTAGNVMRRRR	STREME-13	2.9e-002	peak_64	16.22	tp	0
13-CAGGGGCGTAGNVMRRRR	STREME-13	2.9e-002	peak_861	16.07	tp	0
13-CAGGGGCGTAGNVMRRRR	STREME-13	2.9e-002	peak_287	15.91	fp	0
13-CAGGGGCGTAGNVMRRRR	STREME-13	2.9e-002	peak_482	15.84	tp	0
13-CAGGGGCGTAGNVMRRRR	STREME-13	2.9e-002	peak_448	15.70	tp	0
13-CAGGGGCGTAGNVMRRRR	STREME-13	2.9e-002	peak_764	15.67	tp	0
13-CAGGGGCGTAGNVMRRRR	STREME-13	2.9e-002	peak_374	15.43	tp	0
13-CAGGGGCGTAGNVMRRRR	STREME-13	2.9e-002	peak_561	15.28	fp	0
13-CAGGGGCGTAGNVMRRRR	STREME-13	2.9e-002	peak_484	15.23	tp	1
13-CAGGGGCGTAGNVMRRRR	STREME-13	2.9e-002	peak_612	15.20	fp	0
13-CAGGGGCGTAGNVMRRRR	STREME-13	2.9e-002	peak_261	15.05	tp	0
13-CAGGGGCGTAGNVMRRRR	STREME-13	2.9e-002	peak_341	14.99	tp	0
13-CAGGGGCGTAGNVMRRRR	STREME-13	2.9e-002	peak_301	14.71	tp	0
13-CAGGGGCGTAGNVMRRRR	STREME-13	2.9e-002	peak_47	14.67	tp	0
13-CAGGGGCGTAGNVMRRRR	STREME-13	2.9e-002	peak_4	14.58	tp	0
13-CAGGGGCGTAGNVMRRRR	STREME-13	2.9e-002	peak_597	14.52	tp	0
13-CAGGGGCGTAGNVMRRRR	STREME-13	2.9e-002	peak_433	14.48	tp	0
13-CAGGGGCGTAGNVMRRRR	STREME-13	2.9e-002	peak_317	14.42	tp	0
13-CAGGGGCGTAGNVMRRRR	STREME-13	2.9e-002	peak_93	14.33	tp	0
13-CAGGGGCGTAGNVMRRRR	STREME-13	2.9e-002	peak_405	13.98	tp	0
#
14-AAGAAGAAGAAGMAGVKDG	STREME-14	2.9e-002	peak_196	25.03	tp	0
14-AAGAAGAAGAAGMAGVKDG	STREME-14	2.9e-002	peak_627	24.62	tp	0
14-AAGAAGAAGAAGMAGVKDG	STREME-14	2.9e-002	peak_806	23.85	tp	0
14-AAGAAGAAGAAGMAGVKDG	STREME-14	2.9e-002	peak_561	22.21	tp	0
14-AAGAAGAAGAAGMAGVKDG	STREME-14	2.9e-002	peak_455	22.09	tp	1
14-AAGAAGAAGAAGMAGVKDG	STREME-14	2.9e-002	peak_336	21.09	tp	0
14-AAGAAGAAGAAGMAGVKDG	STREME-14	2.9e-002	peak_237	20.77	tp	0
14-AAGAAGAAGAAGMAGVKDG	STREME-14	2.9e-002	peak_125	20.72	tp	0
14-AAGAAGAAGAAGMAGVKDG	STREME-14	2.9e-002	peak_674	20.12	tp	1
14-AAGAAGAAGAAGMAGVKDG	STREME-14	2.9e-002	peak_492	19.94	tp	0
14-AAGAAGAAGAAGMAGVKDG	STREME-14	2.9e-002	peak_38	19.92	tp	0
14-AAGAAGAAGAAGMAGVKDG	STREME-14	2.9e-002	peak_794	19.77	tp	0
14-AAGAAGAAGAAGMAGVKDG	STREME-14	2.9e-002	peak_730	18.72	tp	0
14-AAGAAGAAGAAGMAGVKDG	STREME-14	2.9e-002	peak_462	18.62	tp	0
14-AAGAAGAAGAAGMAGVKDG	STREME-14	2.9e-002	peak_556	18.61	tp	0
14-AAGAAGAAGAAGMAGVKDG	STREME-14	2.9e-002	peak_605	18.11	tp	0
14-AAGAAGAAGAAGMAGVKDG	STREME-14	2.9e-002	peak_685	17.97	tp	0
14-AAGAAGAAGAAGMAGVKDG	STREME-14	2.9e-002	peak_780	17.93	tp	0
14-AAGAAGAAGAAGMAGVKDG	STREME-14	2.9e-002	peak_57	17.43	tp	0
14-AAGAAGAAGAAGMAGVKDG	STREME-14	2.9e-002	peak_646	17.38	tp	0
14-AAGAAGAAGAAGMAGVKDG	STREME-14	2.9e-002	peak_801	17.18	fp	0
14-AAGAAGAAGAAGMAGVKDG	STREME-14	2.9e-002	peak_595	17.16	tp	0
14-AAGAAGAAGAAGMAGVKDG	STREME-14	2.9e-002	peak_617	16.94	tp	0
14-AAGAAGAAGAAGMAGVKDG	STREME-14	2.9e-002	peak_246	16.82	tp	0
14-AAGAAGAAGAAGMAGVKDG	STREME-14	2.9e-002	peak_691	16.78	tp	0
14-AAGAAGAAGAAGMAGVKDG	STREME-14	2.9e-002	peak_159	16.77	tp	0
14-AAGAAGAAGAAGMAGVKDG	STREME-14	2.9e-002	peak_300	16.56	tp	0
14-AAGAAGAAGAAGMAGVKDG	STREME-14	2.9e-002	peak_24	16.48	tp	0
14-AAGAAGAAGAAGMAGVKDG	STREME-14	2.9e-002	peak_375	16.46	tp	0
14-AAGAAGAAGAAGMAGVKDG	STREME-14	2.9e-002	peak_467	16.38	tp	0
14-AAGAAGAAGAAGMAGVKDG	STREME-14	2.9e-002	peak_725	16.37	tp	0
14-AAGAAGAAGAAGMAGVKDG	STREME-14	2.9e-002	peak_261	16.24	tp	0
14-AAGAAGAAGAAGMAGVKDG	STREME-14	2.9e-002	peak_810	16.16	tp	0
14-AAGAAGAAGAAGMAGVKDG	STREME-14	2.9e-002	peak_297	16.10	tp	0
14-AAGAAGAAGAAGMAGVKDG	STREME-14	2.9e-002	peak_594	16.05	tp	0
14-AAGAAGAAGAAGMAGVKDG	STREME-14	2.9e-002	peak_520	15.93	fp	0
14-AAGAAGAAGAAGMAGVKDG	STREME-14	2.9e-002	peak_653	15.91	tp	0
14-AAGAAGAAGAAGMAGVKDG	STREME-14	2.9e-002	peak_733	15.77	tp	0
14-AAGAAGAAGAAGMAGVKDG	STREME-14	2.9e-002	peak_500	15.76	tp	0
14-AAGAAGAAGAAGMAGVKDG	STREME-14	2.9e-002	peak_728	15.60	tp	0
14-AAGAAGAAGAAGMAGVKDG	STREME-14	2.9e-002	peak_220	15.51	tp	0
14-AAGAAGAAGAAGMAGVKDG	STREME-14	2.9e-002	peak_369	15.29	tp	0
14-AAGAAGAAGAAGMAGVKDG	STREME-14	2.9e-002	peak_668	15.28	fp	0
14-AAGAAGAAGAAGMAGVKDG	STREME-14	2.9e-002	peak_155	15.22	tp	0
14-AAGAAGAAGAAGMAGVKDG	STREME-14	2.9e-002	peak_256	15.21	tp	0
14-AAGAAGAAGAAGMAGVKDG	STREME-14	2.9e-002	peak_588	15.19	tp	1
14-AAGAAGAAGAAGMAGVKDG	STREME-14	2.9e-002	peak_193	15.16	tp	0
14-AAGAAGAAGAAGMAGVKDG	STREME-14	2.9e-002	peak_760	14.95	tp	0
14-AAGAAGAAGAAGMAGVKDG	STREME-14	2.9e-002	peak_657	14.94	tp	0
14-AAGAAGAAGAAGMAGVKDG	STREME-14	2.9e-002	peak_681	14.92	tp	1
14-AAGAAGAAGAAGMAGVKDG	STREME-14	2.9e-002	peak_272	14.87	tp	0
14-AAGAAGAAGAAGMAGVKDG	STREME-14	2.9e-002	peak_846	14.79	tp	1
14-AAGAAGAAGAAGMAGVKDG	STREME-14	2.9e-002	peak_673	14.72	tp	0
#
15-AATGTATTTAATA	STREME-15	2.9e-002	peak_341	19.11	tp	0
15-AATGTATTTAATA	STREME-15	2.9e-002	peak_73	19.11	tp	0
15-AATGTATTTAATA	STREME-15	2.9e-002	peak_335	19.11	tp	0
15-AATGTATTTAATA	STREME-15	2.9e-002	peak_418	19.11	tp	1
15-AATGTATTTAATA	STREME-15	2.9e-002	peak_382	17.18	tp	0
15-AATGTATTTAATA	STREME-15	2.9e-002	peak_628	17.18	tp	0
15-AATGTATTTAATA	STREME-15	2.9e-002	peak_661	16.26	tp	0
15-AATGTATTTAATA	STREME-15	2.9e-002	peak_623	15.77	fp	0
15-AATGTATTTAATA	STREME-15	2.9e-002	peak_286	15.27	fp	0
15-AATGTATTTAATA	STREME-15	2.9e-002	peak_595	15.27	tp	0
15-AATGTATTTAATA	STREME-15	2.9e-002	peak_356	15.26	tp	0
15-AATGTATTTAATA	STREME-15	2.9e-002	peak_146	15.08	fp	0
15-AATGTATTTAATA	STREME-15	2.9e-002	peak_548	14.95	tp	0
15-AATGTATTTAATA	STREME-15	2.9e-002	peak_824	14.85	tp	0
15-AATGTATTTAATA	STREME-15	2.9e-002	peak_786	14.49	tp	0
15-AATGTATTTAATA	STREME-15	2.9e-002	peak_64	14.34	tp	0
15-AATGTATTTAATA	STREME-15	2.9e-002	peak_317	14.31	fp	0
15-AATGTATTTAATA	STREME-15	2.9e-002	peak_415	14.21	tp	0
15-AATGTATTTAATA	STREME-15	2.9e-002	peak_555	14.09	tp	0
15-AATGTATTTAATA	STREME-15	2.9e-002	peak_277	14.08	tp	0
15-AATGTATTTAATA	STREME-15	2.9e-002	peak_567	14.08	tp	0
15-AATGTATTTAATA	STREME-15	2.9e-002	peak_541	14.07	tp	0
15-AATGTATTTAATA	STREME-15	2.9e-002	peak_761	14.05	fp	0
15-AATGTATTTAATA	STREME-15	2.9e-002	peak_128	14.05	tp	0
15-AATGTATTTAATA	STREME-15	2.9e-002	peak_651	13.84	tp	0
15-AATGTATTTAATA	STREME-15	2.9e-002	peak_27	13.81	fp	0
15-AATGTATTTAATA	STREME-15	2.9e-002	peak_39	13.81	tp	0
15-AATGTATTTAATA	STREME-15	2.9e-002	peak_190	13.78	fp	0
15-AATGTATTTAATA	STREME-15	2.9e-002	peak_716	13.74	tp	0
15-AATGTATTTAATA	STREME-15	2.9e-002	peak_647	13.69	tp	0
15-AATGTATTTAATA	STREME-15	2.9e-002	peak_560	13.66	tp	0
15-AATGTATTTAATA	STREME-15	2.9e-002	peak_814	13.66	fp	0
15-AATGTATTTAATA	STREME-15	2.9e-002	peak_430	13.66	fp	0
15-AATGTATTTAATA	STREME-15	2.9e-002	peak_178	13.59	tp	0
15-AATGTATTTAATA	STREME-15	2.9e-002	peak_741	13.59	fp	0
15-AATGTATTTAATA	STREME-15	2.9e-002	peak_697	13.47	tp	1
15-AATGTATTTAATA	STREME-15	2.9e-002	peak_843	13.40	tp	0
15-AATGTATTTAATA	STREME-15	2.9e-002	peak_399	13.39	tp	0
15-AATGTATTTAATA	STREME-15	2.9e-002	peak_318	13.28	tp	0
15-AATGTATTTAATA	STREME-15	2.9e-002	peak_242	13.26	tp	0
15-AATGTATTTAATA	STREME-15	2.9e-002	peak_600	13.25	tp	0
15-AATGTATTTAATA	STREME-15	2.9e-002	peak_615	13.18	tp	0
15-AATGTATTTAATA	STREME-15	2.9e-002	peak_57	13.18	tp	0
15-AATGTATTTAATA	STREME-15	2.9e-002	peak_69	13.16	tp	0
15-AATGTATTTAATA	STREME-15	2.9e-002	peak_860	13.16	fp	0
15-AATGTATTTAATA	STREME-15	2.9e-002	peak_753	13.14	tp	0
15-AATGTATTTAATA	STREME-15	2.9e-002	peak_636	13.13	tp	0
15-AATGTATTTAATA	STREME-15	2.9e-002	peak_433	13.12	tp	0
15-AATGTATTTAATA	STREME-15	2.9e-002	peak_508	13.12	tp	0
15-AATGTATTTAATA	STREME-15	2.9e-002	peak_494	13.12	tp	0
15-AATGTATTTAATA	STREME-15	2.9e-002	peak_285	13.00	fp	0
15-AATGTATTTAATA	STREME-15	2.9e-002	peak_859	12.97	tp	0
15-AATGTATTTAATA	STREME-15	2.9e-002	peak_631	12.97	fp	0
15-AATGTATTTAATA	STREME-15	2.9e-002	peak_110	12.91	fp	0
15-AATGTATTTAATA	STREME-15	2.9e-002	peak_348	12.87	tp	0
15-AATGTATTTAATA	STREME-15	2.9e-002	peak_291	12.85	tp	0
15-AATGTATTTAATA	STREME-15	2.9e-002	peak_492	12.77	tp	0
15-AATGTATTTAATA	STREME-15	2.9e-002	peak_470	12.74	fp	0
15-AATGTATTTAATA	STREME-15	2.9e-002	peak_30	12.68	tp	0
15-AATGTATTTAATA	STREME-15	2.9e-002	peak_321	12.63	fp	0
15-AATGTATTTAATA	STREME-15	2.9e-002	peak_444	12.62	tp	0
15-AATGTATTTAATA	STREME-15	2.9e-002	peak_377	12.61	tp	0
15-AATGTATTTAATA	STREME-15	2.9e-002	peak_741	12.61	tp	1
15-AATGTATTTAATA	STREME-15	2.9e-002	peak_248	12.56	tp	0
15-AATGTATTTAATA	STREME-15	2.9e-002	peak_383	12.52	tp	0
15-AATGTATTTAATA	STREME-15	2.9e-002	peak_702	12.43	tp	0
15-AATGTATTTAATA	STREME-15	2.9e-002	peak_326	12.38	tp	0
15-AATGTATTTAATA	STREME-15	2.9e-002	peak_347	12.34	tp	0
15-AATGTATTTAATA	STREME-15	2.9e-002	peak_83	12.19	tp	0
15-AATGTATTTAATA	STREME-15	2.9e-002	peak_692	12.18	tp	0
15-AATGTATTTAATA	STREME-15	2.9e-002	peak_462	12.18	tp	0
15-AATGTATTTAATA	STREME-15	2.9e-002	peak_410	12.18	fp	0
15-AATGTATTTAATA	STREME-15	2.9e-002	peak_60	12.18	tp	1
15-AATGTATTTAATA	STREME-15	2.9e-002	peak_278	12.15	fp	0
15-AATGTATTTAATA	STREME-15	2.9e-002	peak_167	12.14	tp	0
15-AATGTATTTAATA	STREME-15	2.9e-002	peak_132	12.13	tp	0
15-AATGTATTTAATA	STREME-15	2.9e-002	peak_635	12.11	tp	0
15-AATGTATTTAATA	STREME-15	2.9e-002	peak_830	12.08	tp	0
15-AATGTATTTAATA	STREME-15	2.9e-002	peak_327	12.04	tp	0
15-AATGTATTTAATA	STREME-15	2.9e-002	peak_112	12.01	tp	0
15-AATGTATTTAATA	STREME-15	2.9e-002	peak_297	12.01	tp	0
15-AATGTATTTAATA	STREME-15	2.9e-002	peak_734	11.95	tp	0
15-AATGTATTTAATA	STREME-15	2.9e-002	peak_120	11.92	tp	0
15-AATGTATTTAATA	STREME-15	2.9e-002	peak_21	11.84	tp	0
15-AATGTATTTAATA	STREME-15	2.9e-002	peak_254	11.84	tp	0
15-AATGTATTTAATA	STREME-15	2.9e-002	peak_454	11.84	fp	0
15-AATGTATTTAATA	STREME-15	2.9e-002	peak_603	11.79	tp	0
15-AATGTATTTAATA	STREME-15	2.9e-002	peak_201	11.79	fp	0
15-AATGTATTTAATA	STREME-15	2.9e-002	peak_843	11.75	fp	0
15-AATGTATTTAATA	STREME-15	2.9e-002	peak_479	11.75	tp	0
15-AATGTATTTAATA	STREME-15	2.9e-002	peak_70	11.74	tp	0
15-AATGTATTTAATA	STREME-15	2.9e-002	peak_440	11.73	tp	0
15-AATGTATTTAATA	STREME-15	2.9e-002	peak_768	11.68	tp	1
15-AATGTATTTAATA	STREME-15	2.9e-002	peak_554	11.68	tp	0
15-AATGTATTTAATA	STREME-15	2.9e-002	peak_517	11.66	tp	0
15-AATGTATTTAATA	STREME-15	2.9e-002	peak_101	11.61	tp	0
#
16-AAAAAAAAAACAAAACAAA	STREME-16	2.9e-002	peak_104	21.95	tp	0
16-AAAAAAAAAACAAAACAAA	STREME-16	2.9e-002	peak_729	19.47	tp	0
16-AAAAAAAAAACAAAACAAA	STREME-16	2.9e-002	peak_776	17.91	tp	0
16-AAAAAAAAAACAAAACAAA	STREME-16	2.9e-002	peak_492	17.47	fp	0
16-AAAAAAAAAACAAAACAAA	STREME-16	2.9e-002	peak_706	17.33	tp	0
16-AAAAAAAAAACAAAACAAA	STREME-16	2.9e-002	peak_760	16.89	tp	0
16-AAAAAAAAAACAAAACAAA	STREME-16	2.9e-002	peak_482	16.39	tp	0
16-AAAAAAAAAACAAAACAAA	STREME-16	2.9e-002	peak_683	16.32	tp	0
16-AAAAAAAAAACAAAACAAA	STREME-16	2.9e-002	peak_822	16.21	tp	0
16-AAAAAAAAAACAAAACAAA	STREME-16	2.9e-002	peak_682	16.21	tp	0
16-AAAAAAAAAACAAAACAAA	STREME-16	2.9e-002	peak_753	16.16	tp	0
16-AAAAAAAAAACAAAACAAA	STREME-16	2.9e-002	peak_710	15.89	tp	0
16-AAAAAAAAAACAAAACAAA	STREME-16	2.9e-002	peak_807	15.89	tp	0
16-AAAAAAAAAACAAAACAAA	STREME-16	2.9e-002	peak_692	15.82	fp	0
16-AAAAAAAAAACAAAACAAA	STREME-16	2.9e-002	peak_709	15.81	fp	0
16-AAAAAAAAAACAAAACAAA	STREME-16	2.9e-002	peak_757	15.76	tp	0
16-AAAAAAAAAACAAAACAAA	STREME-16	2.9e-002	peak_281	15.73	tp	0
16-AAAAAAAAAACAAAACAAA	STREME-16	2.9e-002	peak_769	15.68	tp	0
16-AAAAAAAAAACAAAACAAA	STREME-16	2.9e-002	peak_63	15.58	tp	0
16-AAAAAAAAAACAAAACAAA	STREME-16	2.9e-002	peak_23	15.45	tp	0
16-AAAAAAAAAACAAAACAAA	STREME-16	2.9e-002	peak_248	15.45	fp	0
16-AAAAAAAAAACAAAACAAA	STREME-16	2.9e-002	peak_339	15.45	tp	0
16-AAAAAAAAAACAAAACAAA	STREME-16	2.9e-002	peak_774	15.40	tp	1
16-AAAAAAAAAACAAAACAAA	STREME-16	2.9e-002	peak_855	15.30	tp	0
16-AAAAAAAAAACAAAACAAA	STREME-16	2.9e-002	peak_265	15.25	tp	0
16-AAAAAAAAAACAAAACAAA	STREME-16	2.9e-002	peak_673	15.21	tp	0
16-AAAAAAAAAACAAAACAAA	STREME-16	2.9e-002	peak_271	15.13	tp	0
16-AAAAAAAAAACAAAACAAA	STREME-16	2.9e-002	peak_435	15.10	tp	0
16-AAAAAAAAAACAAAACAAA	STREME-16	2.9e-002	peak_217	15.06	tp	0
16-AAAAAAAAAACAAAACAAA	STREME-16	2.9e-002	peak_205	15.00	tp	0
16-AAAAAAAAAACAAAACAAA	STREME-16	2.9e-002	peak_802	14.97	tp	0
16-AAAAAAAAAACAAAACAAA	STREME-16	2.9e-002	peak_721	14.96	tp	0
16-AAAAAAAAAACAAAACAAA	STREME-16	2.9e-002	peak_341	14.95	tp	0
16-AAAAAAAAAACAAAACAAA	STREME-16	2.9e-002	peak_656	14.92	tp	0
16-AAAAAAAAAACAAAACAAA	STREME-16	2.9e-002	peak_841	14.89	tp	0
16-AAAAAAAAAACAAAACAAA	STREME-16	2.9e-002	peak_204	14.70	fp	0
16-AAAAAAAAAACAAAACAAA	STREME-16	2.9e-002	peak_91	14.69	fp	0
16-AAAAAAAAAACAAAACAAA	STREME-16	2.9e-002	peak_779	14.63	fp	0
16-AAAAAAAAAACAAAACAAA	STREME-16	2.9e-002	peak_164	14.53	fp	0
16-AAAAAAAAAACAAAACAAA	STREME-16	2.9e-002	peak_81	14.53	tp	0
16-AAAAAAAAAACAAAACAAA	STREME-16	2.9e-002	peak_88	14.51	fp	0
16-AAAAAAAAAACAAAACAAA	STREME-16	2.9e-002	peak_32	14.44	fp	0
16-AAAAAAAAAACAAAACAAA	STREME-16	2.9e-002	peak_221	14.43	tp	0
16-AAAAAAAAAACAAAACAAA	STREME-16	2.9e-002	peak_712	14.36	tp	0
16-AAAAAAAAAACAAAACAAA	STREME-16	2.9e-002	peak_413	14.34	tp	0
16-AAAAAAAAAACAAAACAAA	STREME-16	2.9e-002	peak_195	14.26	tp	0
16-AAAAAAAAAACAAAACAAA	STREME-16	2.9e-002	peak_577	14.25	tp	0
16-AAAAAAAAAACAAAACAAA	STREME-16	2.9e-002	peak_422	14.23	tp	0
16-AAAAAAAAAACAAAACAAA	STREME-16	2.9e-002	peak_35	14.22	tp	0
16-AAAAAAAAAACAAAACAAA	STREME-16	2.9e-002	peak_249	14.20	fp	0
16-AAAAAAAAAACAAAACAAA	STREME-16	2.9e-002	peak_14	14.14	fp	0
16-AAAAAAAAAACAAAACAAA	STREME-16	2.9e-002	peak_223	14.11	tp	0
16-AAAAAAAAAACAAAACAAA	STREME-16	2.9e-002	peak_236	14.02	tp	0
16-AAAAAAAAAACAAAACAAA	STREME-16	2.9e-002	peak_701	13.94	tp	0
16-AAAAAAAAAACAAAACAAA	STREME-16	2.9e-002	peak_367	13.91	tp	0
16-AAAAAAAAAACAAAACAAA	STREME-16	2.9e-002	peak_861	13.90	fp	0
16-AAAAAAAAAACAAAACAAA	STREME-16	2.9e-002	peak_255	13.90	tp	0
16-AAAAAAAAAACAAAACAAA	STREME-16	2.9e-002	peak_504	13.87	fp	0
16-AAAAAAAAAACAAAACAAA	STREME-16	2.9e-002	peak_51	13.86	fp	0
16-AAAAAAAAAACAAAACAAA	STREME-16	2.9e-002	peak_838	13.85	tp	0
16-AAAAAAAAAACAAAACAAA	STREME-16	2.9e-002	peak_187	13.84	fp	0
16-AAAAAAAAAACAAAACAAA	STREME-16	2.9e-002	peak_526	13.72	tp	0
16-AAAAAAAAAACAAAACAAA	STREME-16	2.9e-002	peak_13	13.59	fp	0
16-AAAAAAAAAACAAAACAAA	STREME-16	2.9e-002	peak_146	13.59	tp	0
16-AAAAAAAAAACAAAACAAA	STREME-16	2.9e-002	peak_773	13.58	tp	0
16-AAAAAAAAAACAAAACAAA	STREME-16	2.9e-002	peak_151	13.58	tp	0
16-AAAAAAAAAACAAAACAAA	STREME-16	2.9e-002	peak_199	13.51	tp	0
16-AAAAAAAAAACAAAACAAA	STREME-16	2.9e-002	peak_638	13.47	fp	0
16-AAAAAAAAAACAAAACAAA	STREME-16	2.9e-002	peak_709	13.44	tp	0
16-AAAAAAAAAACAAAACAAA	STREME-16	2.9e-002	peak_129	13.43	fp	0
16-AAAAAAAAAACAAAACAAA	STREME-16	2.9e-002	peak_799	13.39	tp	0
16-AAAAAAAAAACAAAACAAA	STREME-16	2.9e-002	peak_518	13.39	tp	0
16-AAAAAAAAAACAAAACAAA	STREME-16	2.9e-002	peak_836	13.36	tp	0
16-AAAAAAAAAACAAAACAAA	STREME-16	2.9e-002	peak_865	13.11	fp	0
16-AAAAAAAAAACAAAACAAA	STREME-16	2.9e-002	peak_685	13.10	tp	0
16-AAAAAAAAAACAAAACAAA	STREME-16	2.9e-002	peak_331	13.10	tp	0
16-AAAAAAAAAACAAAACAAA	STREME-16	2.9e-002	peak_763	13.09	tp	0
16-AAAAAAAAAACAAAACAAA	STREME-16	2.9e-002	peak_761	13.09	fp	0
16-AAAAAAAAAACAAAACAAA	STREME-16	2.9e-002	peak_140	13.08	tp	0
16-AAAAAAAAAACAAAACAAA	STREME-16	2.9e-002	peak_127	13.06	tp	0
16-AAAAAAAAAACAAAACAAA	STREME-16	2.9e-002	peak_395	13.05	tp	0
16-AAAAAAAAAACAAAACAAA	STREME-16	2.9e-002	peak_727	13.00	tp	0
16-AAAAAAAAAACAAAACAAA	STREME-16	2.9e-002	peak_318	12.91	tp	0
16-AAAAAAAAAACAAAACAAA	STREME-16	2.9e-002	peak_788	12.87	tp	0
16-AAAAAAAAAACAAAACAAA	STREME-16	2.9e-002	peak_182	12.85	tp	1
16-AAAAAAAAAACAAAACAAA	STREME-16	2.9e-002	peak_338	12.82	tp	1
16-AAAAAAAAAACAAAACAAA	STREME-16	2.9e-002	peak_226	12.81	tp	0
16-AAAAAAAAAACAAAACAAA	STREME-16	2.9e-002	peak_669	12.73	tp	0
16-AAAAAAAAAACAAAACAAA	STREME-16	2.9e-002	peak_541	12.73	tp	0
16-AAAAAAAAAACAAAACAAA	STREME-16	2.9e-002	peak_252	12.72	fp	0
16-AAAAAAAAAACAAAACAAA	STREME-16	2.9e-002	peak_300	12.69	tp	0
16-AAAAAAAAAACAAAACAAA	STREME-16	2.9e-002	peak_87	12.67	tp	0
16-AAAAAAAAAACAAAACAAA	STREME-16	2.9e-002	peak_585	12.60	tp	1
16-AAAAAAAAAACAAAACAAA	STREME-16	2.9e-002	peak_360	12.52	tp	0
16-AAAAAAAAAACAAAACAAA	STREME-16	2.9e-002	peak_516	12.52	fp	0
16-AAAAAAAAAACAAAACAAA	STREME-16	2.9e-002	peak_646	12.50	tp	0
16-AAAAAAAAAACAAAACAAA	STREME-16	2.9e-002	peak_443	12.50	fp	0
16-AAAAAAAAAACAAAACAAA	STREME-16	2.9e-002	peak_566	12.48	tp	0
16-AAAAAAAAAACAAAACAAA	STREME-16	2.9e-002	peak_798	12.47	tp	0
16-AAAAAAAAAACAAAACAAA	STREME-16	2.9e-002	peak_334	12.33	fp	0
16-AAAAAAAAAACAAAACAAA	STREME-16	2.9e-002	peak_479	12.30	tp	0
16-AAAAAAAAAACAAAACAAA	STREME-16	2.9e-002	peak_272	12.30	tp	0
16-AAAAAAAAAACAAAACAAA	STREME-16	2.9e-002	peak_724	12.22	tp	1
16-AAAAAAAAAACAAAACAAA	STREME-16	2.9e-002	peak_351	12.22	tp	0
16-AAAAAAAAAACAAAACAAA	STREME-16	2.9e-002	peak_251	12.21	tp	0
#
17-MACAGCAGCSGYCAVARNR	STREME-17	3.2e-002	peak_128	22.04	tp	0
17-MACAGCAGCSGYCAVARNR	STREME-17	3.2e-002	peak_613	21.12	tp	0
17-MACAGCAGCSGYCAVARNR	STREME-17	3.2e-002	peak_828	20.08	tp	0
17-MACAGCAGCSGYCAVARNR	STREME-17	3.2e-002	peak_831	19.92	tp	0
17-MACAGCAGCSGYCAVARNR	STREME-17	3.2e-002	peak_330	19.75	tp	0
17-MACAGCAGCSGYCAVARNR	STREME-17	3.2e-002	peak_740	19.73	tp	0
17-MACAGCAGCSGYCAVARNR	STREME-17	3.2e-002	peak_694	18.61	tp	0
17-MACAGCAGCSGYCAVARNR	STREME-17	3.2e-002	peak_689	17.72	tp	1
17-MACAGCAGCSGYCAVARNR	STREME-17	3.2e-002	peak_76	17.29	tp	0
17-MACAGCAGCSGYCAVARNR	STREME-17	3.2e-002	peak_848	16.99	tp	0
17-MACAGCAGCSGYCAVARNR	STREME-17	3.2e-002	peak_253	16.94	tp	0
17-MACAGCAGCSGYCAVARNR	STREME-17	3.2e-002	peak_672	16.83	tp	0
17-MACAGCAGCSGYCAVARNR	STREME-17	3.2e-002	peak_559	16.82	tp	0
17-MACAGCAGCSGYCAVARNR	STREME-17	3.2e-002	peak_9	16.74	tp	0
17-MACAGCAGCSGYCAVARNR	STREME-17	3.2e-002	peak_304	16.65	tp	0
17-MACAGCAGCSGYCAVARNR	STREME-17	3.2e-002	peak_469	16.64	tp	0
17-MACAGCAGCSGYCAVARNR	STREME-17	3.2e-002	peak_335	16.62	tp	0
17-MACAGCAGCSGYCAVARNR	STREME-17	3.2e-002	peak_691	16.62	tp	0
17-MACAGCAGCSGYCAVARNR	STREME-17	3.2e-002	peak_651	16.46	tp	0
17-MACAGCAGCSGYCAVARNR	STREME-17	3.2e-002	peak_459	16.41	tp	0
17-MACAGCAGCSGYCAVARNR	STREME-17	3.2e-002	peak_419	16.37	tp	0
17-MACAGCAGCSGYCAVARNR	STREME-17	3.2e-002	peak_385	16.26	tp	0
17-MACAGCAGCSGYCAVARNR	STREME-17	3.2e-002	peak_261	16.20	tp	0
17-MACAGCAGCSGYCAVARNR	STREME-17	3.2e-002	peak_71	16.16	tp	0
17-MACAGCAGCSGYCAVARNR	STREME-17	3.2e-002	peak_836	16.16	tp	0
17-MACAGCAGCSGYCAVARNR	STREME-17	3.2e-002	peak_61	16.08	tp	0
17-MACAGCAGCSGYCAVARNR	STREME-17	3.2e-002	peak_312	16.02	tp	0
17-MACAGCAGCSGYCAVARNR	STREME-17	3.2e-002	peak_858	15.82	fp	0
17-MACAGCAGCSGYCAVARNR	STREME-17	3.2e-002	peak_406	15.81	tp	0
17-MACAGCAGCSGYCAVARNR	STREME-17	3.2e-002	peak_59	15.80	tp	0
17-MACAGCAGCSGYCAVARNR	STREME-17	3.2e-002	peak_283	15.79	tp	0
17-MACAGCAGCSGYCAVARNR	STREME-17	3.2e-002	peak_225	15.69	tp	1
17-MACAGCAGCSGYCAVARNR	STREME-17	3.2e-002	peak_267	15.39	tp	0
17-MACAGCAGCSGYCAVARNR	STREME-17	3.2e-002	peak_862	15.20	fp	0
17-MACAGCAGCSGYCAVARNR	STREME-17	3.2e-002	peak_564	15.11	fp	1
17-MACAGCAGCSGYCAVARNR	STREME-17	3.2e-002	peak_768	15.09	tp	1
17-MACAGCAGCSGYCAVARNR	STREME-17	3.2e-002	peak_680	14.95	tp	0
17-MACAGCAGCSGYCAVARNR	STREME-17	3.2e-002	peak_48	14.92	tp	0
17-MACAGCAGCSGYCAVARNR	STREME-17	3.2e-002	peak_282	14.91	tp	0
17-MACAGCAGCSGYCAVARNR	STREME-17	3.2e-002	peak_690	14.89	tp	0
17-MACAGCAGCSGYCAVARNR	STREME-17	3.2e-002	peak_129	14.88	tp	0
17-MACAGCAGCSGYCAVARNR	STREME-17	3.2e-002	peak_382	14.88	tp	0
17-MACAGCAGCSGYCAVARNR	STREME-17	3.2e-002	peak_681	14.87	tp	1
17-MACAGCAGCSGYCAVARNR	STREME-17	3.2e-002	peak_761	14.84	tp	0
17-MACAGCAGCSGYCAVARNR	STREME-17	3.2e-002	peak_184	14.80	tp	0
17-MACAGCAGCSGYCAVARNR	STREME-17	3.2e-002	peak_354	14.70	tp	0
17-MACAGCAGCSGYCAVARNR	STREME-17	3.2e-002	peak_317	14.63	tp	0
17-MACAGCAGCSGYCAVARNR	STREME-17	3.2e-002	peak_824	14.60	fp	0
17-MACAGCAGCSGYCAVARNR	STREME-17	3.2e-002	peak_719	14.57	tp	0
17-MACAGCAGCSGYCAVARNR	STREME-17	3.2e-002	peak_74	14.54	tp	0
17-MACAGCAGCSGYCAVARNR	STREME-17	3.2e-002	peak_578	14.44	fp	0
17-MACAGCAGCSGYCAVARNR	STREME-17	3.2e-002	peak_336	14.41	fp	0
17-MACAGCAGCSGYCAVARNR	STREME-17	3.2e-002	peak_291	14.40	tp	0
17-MACAGCAGCSGYCAVARNR	STREME-17	3.2e-002	peak_704	14.38	fp	0
17-MACAGCAGCSGYCAVARNR	STREME-17	3.2e-002	peak_133	14.37	tp	1
17-MACAGCAGCSGYCAVARNR	STREME-17	3.2e-002	peak_109	14.34	tp	0
17-MACAGCAGCSGYCAVARNR	STREME-17	3.2e-002	peak_601	14.33	tp	1
17-MACAGCAGCSGYCAVARNR	STREME-17	3.2e-002	peak_1	14.33	tp	0
17-MACAGCAGCSGYCAVARNR	STREME-17	3.2e-002	peak_706	14.26	fp	0
17-MACAGCAGCSGYCAVARNR	STREME-17	3.2e-002	peak_241	14.23	tp	0
17-MACAGCAGCSGYCAVARNR	STREME-17	3.2e-002	peak_182	14.13	fp	0
17-MACAGCAGCSGYCAVARNR	STREME-17	3.2e-002	peak_15	14.09	tp	0
17-MACAGCAGCSGYCAVARNR	STREME-17	3.2e-002	peak_26	14.03	tp	0
17-MACAGCAGCSGYCAVARNR	STREME-17	3.2e-002	peak_566	14.00	fp	0
17-MACAGCAGCSGYCAVARNR	STREME-17	3.2e-002	peak_188	13.99	tp	1
17-MACAGCAGCSGYCAVARNR	STREME-17	3.2e-002	peak_204	13.98	tp	1
17-MACAGCAGCSGYCAVARNR	STREME-17	3.2e-002	peak_134	13.97	tp	0
17-MACAGCAGCSGYCAVARNR	STREME-17	3.2e-002	peak_35	13.90	tp	0
17-MACAGCAGCSGYCAVARNR	STREME-17	3.2e-002	peak_850	13.89	tp	0
17-MACAGCAGCSGYCAVARNR	STREME-17	3.2e-002	peak_432	13.87	tp	0
17-MACAGCAGCSGYCAVARNR	STREME-17	3.2e-002	peak_499	13.81	tp	0
17-MACAGCAGCSGYCAVARNR	STREME-17	3.2e-002	peak_462	13.76	tp	0
17-MACAGCAGCSGYCAVARNR	STREME-17	3.2e-002	peak_646	13.72	fp	0
17-MACAGCAGCSGYCAVARNR	STREME-17	3.2e-002	peak_21	13.67	tp	0
17-MACAGCAGCSGYCAVARNR	STREME-17	3.2e-002	peak_801	13.65	fp	0
17-MACAGCAGCSGYCAVARNR	STREME-17	3.2e-002	peak_136	13.64	tp	0
17-MACAGCAGCSGYCAVARNR	STREME-17	3.2e-002	peak_500	13.64	tp	0
17-MACAGCAGCSGYCAVARNR	STREME-17	3.2e-002	peak_546	13.53	fp	0
17-MACAGCAGCSGYCAVARNR	STREME-17	3.2e-002	peak_647	13.47	fp	0
17-MACAGCAGCSGYCAVARNR	STREME-17	3.2e-002	peak_583	13.45	tp	0
17-MACAGCAGCSGYCAVARNR	STREME-17	3.2e-002	peak_709	13.34	tp	0
17-MACAGCAGCSGYCAVARNR	STREME-17	3.2e-002	peak_336	13.31	tp	0
17-MACAGCAGCSGYCAVARNR	STREME-17	3.2e-002	peak_730	13.26	tp	0
17-MACAGCAGCSGYCAVARNR	STREME-17	3.2e-002	peak_775	13.09	tp	0
17-MACAGCAGCSGYCAVARNR	STREME-17	3.2e-002	peak_248	13.06	tp	0
17-MACAGCAGCSGYCAVARNR	STREME-17	3.2e-002	peak_536	13.05	tp	0
17-MACAGCAGCSGYCAVARNR	STREME-17	3.2e-002	peak_665	13.03	fp	0
17-MACAGCAGCSGYCAVARNR	STREME-17	3.2e-002	peak_153	13.00	fp	0
17-MACAGCAGCSGYCAVARNR	STREME-17	3.2e-002	peak_484	12.98	tp	1
17-MACAGCAGCSGYCAVARNR	STREME-17	3.2e-002	peak_270	12.97	tp	0
17-MACAGCAGCSGYCAVARNR	STREME-17	3.2e-002	peak_703	12.96	tp	0
17-MACAGCAGCSGYCAVARNR	STREME-17	3.2e-002	peak_570	12.93	tp	1
17-MACAGCAGCSGYCAVARNR	STREME-17	3.2e-002	peak_381	12.86	tp	1
17-MACAGCAGCSGYCAVARNR	STREME-17	3.2e-002	peak_410	12.83	tp	0
17-MACAGCAGCSGYCAVARNR	STREME-17	3.2e-002	peak_503	12.81	fp	0
17-MACAGCAGCSGYCAVARNR	STREME-17	3.2e-002	peak_18	12.76	tp	0
17-MACAGCAGCSGYCAVARNR	STREME-17	3.2e-002	peak_346	12.71	tp	0
17-MACAGCAGCSGYCAVARNR	STREME-17	3.2e-002	peak_726	12.64	tp	0
17-MACAGCAGCSGYCAVARNR	STREME-17	3.2e-002	peak_110	12.64	fp	0
17-MACAGCAGCSGYCAVARNR	STREME-17	3.2e-002	peak_696	12.63	tp	0
17-MACAGCAGCSGYCAVARNR	STREME-17	3.2e-002	peak_586	12.59	tp	0
17-MACAGCAGCSGYCAVARNR	STREME-17	3.2e-002	peak_331	12.57	tp	0
17-MACAGCAGCSGYCAVARNR	STREME-17	3.2e-002	peak_592	12.57	tp	0
17-MACAGCAGCSGYCAVARNR	STREME-17	3.2e-002	peak_703	12.57	fp	1
17-MACAGCAGCSGYCAVARNR	STREME-17	3.2e-002	peak_118	12.54	tp	0
17-MACAGCAGCSGYCAVARNR	STREME-17	3.2e-002	peak_375	12.52	tp	0
17-MACAGCAGCSGYCAVARNR	STREME-17	3.2e-002	peak_832	12.50	tp	0
17-MACAGCAGCSGYCAVARNR	STREME-17	3.2e-002	peak_53	12.47	fp	0
17-MACAGCAGCSGYCAVARNR	STREME-17	3.2e-002	peak_159	12.43	tp	0
17-MACAGCAGCSGYCAVARNR	STREME-17	3.2e-002	peak_457	12.40	fp	0
17-MACAGCAGCSGYCAVARNR	STREME-17	3.2e-002	peak_623	12.39	tp	0
17-MACAGCAGCSGYCAVARNR	STREME-17	3.2e-002	peak_442	12.39	tp	0
17-MACAGCAGCSGYCAVARNR	STREME-17	3.2e-002	peak_715	12.37	tp	0
17-MACAGCAGCSGYCAVARNR	STREME-17	3.2e-002	peak_369	12.31	tp	0
17-MACAGCAGCSGYCAVARNR	STREME-17	3.2e-002	peak_497	12.29	tp	0
17-MACAGCAGCSGYCAVARNR	STREME-17	3.2e-002	peak_541	12.29	tp	0
17-MACAGCAGCSGYCAVARNR	STREME-17	3.2e-002	peak_93	12.22	tp	0
17-MACAGCAGCSGYCAVARNR	STREME-17	3.2e-002	peak_178	12.20	tp	0
17-MACAGCAGCSGYCAVARNR	STREME-17	3.2e-002	peak_540	12.18	fp	0
17-MACAGCAGCSGYCAVARNR	STREME-17	3.2e-002	peak_487	12.16	tp	0
17-MACAGCAGCSGYCAVARNR	STREME-17	3.2e-002	peak_815	12.16	fp	0
17-MACAGCAGCSGYCAVARNR	STREME-17	3.2e-002	peak_495	12.15	fp	0
17-MACAGCAGCSGYCAVARNR	STREME-17	3.2e-002	peak_276	12.14	fp	0
17-MACAGCAGCSGYCAVARNR	STREME-17	3.2e-002	peak_837	12.14	tp	1
17-MACAGCAGCSGYCAVARNR	STREME-17	3.2e-002	peak_852	12.10	fp	0
17-MACAGCAGCSGYCAVARNR	STREME-17	3.2e-002	peak_694	12.02	fp	1
17-MACAGCAGCSGYCAVARNR	STREME-17	3.2e-002	peak_323	12.01	tp	0
17-MACAGCAGCSGYCAVARNR	STREME-17	3.2e-002	peak_54	12.00	tp	0
17-MACAGCAGCSGYCAVARNR	STREME-17	3.2e-002	peak_716	11.99	tp	0
17-MACAGCAGCSGYCAVARNR	STREME-17	3.2e-002	peak_190	11.96	fp	0
17-MACAGCAGCSGYCAVARNR	STREME-17	3.2e-002	peak_639	11.96	fp	0
17-MACAGCAGCSGYCAVARNR	STREME-17	3.2e-002	peak_778	11.95	tp	0
17-MACAGCAGCSGYCAVARNR	STREME-17	3.2e-002	peak_345	11.95	fp	0
17-MACAGCAGCSGYCAVARNR	STREME-17	3.2e-002	peak_297	11.94	fp	0
17-MACAGCAGCSGYCAVARNR	STREME-17	3.2e-002	peak_57	11.91	tp	0
17-MACAGCAGCSGYCAVARNR	STREME-17	3.2e-002	peak_762	11.90	fp	0
17-MACAGCAGCSGYCAVARNR	STREME-17	3.2e-002	peak_642	11.87	tp	0
17-MACAGCAGCSGYCAVARNR	STREME-17	3.2e-002	peak_205	11.86	tp	0
17-MACAGCAGCSGYCAVARNR	STREME-17	3.2e-002	peak_707	11.85	tp	0
17-MACAGCAGCSGYCAVARNR	STREME-17	3.2e-002	peak_342	11.83	tp	0
17-MACAGCAGCSGYCAVARNR	STREME-17	3.2e-002	peak_657	11.80	tp	0
17-MACAGCAGCSGYCAVARNR	STREME-17	3.2e-002	peak_636	11.77	tp	0
17-MACAGCAGCSGYCAVARNR	STREME-17	3.2e-002	peak_567	11.76	tp	0
17-MACAGCAGCSGYCAVARNR	STREME-17	3.2e-002	peak_747	11.74	tp	0
17-MACAGCAGCSGYCAVARNR	STREME-17	3.2e-002	peak_444	11.74	tp	0
17-MACAGCAGCSGYCAVARNR	STREME-17	3.2e-002	peak_870	11.72	fp	1
17-MACAGCAGCSGYCAVARNR	STREME-17	3.2e-002	peak_103	11.70	tp	0
17-MACAGCAGCSGYCAVARNR	STREME-17	3.2e-002	peak_647	11.70	tp	0
17-MACAGCAGCSGYCAVARNR	STREME-17	3.2e-002	peak_718	11.66	tp	0
17-MACAGCAGCSGYCAVARNR	STREME-17	3.2e-002	peak_815	11.62	tp	0
17-MACAGCAGCSGYCAVARNR	STREME-17	3.2e-002	peak_189	11.59	tp	0
17-MACAGCAGCSGYCAVARNR	STREME-17	3.2e-002	peak_801	11.57	tp	0
17-MACAGCAGCSGYCAVARNR	STREME-17	3.2e-002	peak_509	11.56	tp	0
17-MACAGCAGCSGYCAVARNR	STREME-17	3.2e-002	peak_843	11.55	tp	0
17-MACAGCAGCSGYCAVARNR	STREME-17	3.2e-002	peak_777	11.55	tp	0
17-MACAGCAGCSGYCAVARNR	STREME-17	3.2e-002	peak_854	11.53	tp	0
17-MACAGCAGCSGYCAVARNR	STREME-17	3.2e-002	peak_523	11.52	tp	0
17-MACAGCAGCSGYCAVARNR	STREME-17	3.2e-002	peak_420	11.47	tp	0
17-MACAGCAGCSGYCAVARNR	STREME-17	3.2e-002	peak_509	11.46	fp	0
17-MACAGCAGCSGYCAVARNR	STREME-17	3.2e-002	peak_353	11.41	tp	0
17-MACAGCAGCSGYCAVARNR	STREME-17	3.2e-002	peak_795	11.40	tp	0
17-MACAGCAGCSGYCAVARNR	STREME-17	3.2e-002	peak_296	11.39	tp	0
17-MACAGCAGCSGYCAVARNR	STREME-17	3.2e-002	peak_297	11.36	tp	0
17-MACAGCAGCSGYCAVARNR	STREME-17	3.2e-002	peak_259	11.34	tp	0
17-MACAGCAGCSGYCAVARNR	STREME-17	3.2e-002	peak_250	11.32	tp	0
17-MACAGCAGCSGYCAVARNR	STREME-17	3.2e-002	peak_186	11.29	tp	0
17-MACAGCAGCSGYCAVARNR	STREME-17	3.2e-002	peak_591	11.27	tp	0
17-MACAGCAGCSGYCAVARNR	STREME-17	3.2e-002	peak_671	11.25	tp	0
17-MACAGCAGCSGYCAVARNR	STREME-17	3.2e-002	peak_756	11.25	tp	0
17-MACAGCAGCSGYCAVARNR	STREME-17	3.2e-002	peak_33	11.20	tp	0
17-MACAGCAGCSGYCAVARNR	STREME-17	3.2e-002	peak_70	11.19	tp	0
#
18-AAACAAA	STREME-18	4.6e-002	peak_494	10.72	tp	0
18-AAACAAA	STREME-18	4.6e-002	peak_437	10.72	tp	0
18-AAACAAA	STREME-18	4.6e-002	peak_794	10.72	tp	0
18-AAACAAA	STREME-18	4.6e-002	peak_258	10.72	tp	0
18-AAACAAA	STREME-18	4.6e-002	peak_289	10.72	tp	0
18-AAACAAA	STREME-18	4.6e-002	peak_208	10.72	tp	0
18-AAACAAA	STREME-18	4.6e-002	peak_489	10.72	tp	0
18-AAACAAA	STREME-18	4.6e-002	peak_457	10.72	tp	0
18-AAACAAA	STREME-18	4.6e-002	peak_747	10.72	tp	0
18-AAACAAA	STREME-18	4.6e-002	peak_218	10.72	tp	0
18-AAACAAA	STREME-18	4.6e-002	peak_770	10.72	tp	0
18-AAACAAA	STREME-18	4.6e-002	peak_44	10.72	tp	0
18-AAACAAA	STREME-18	4.6e-002	peak_382	10.72	tp	0
18-AAACAAA	STREME-18	4.6e-002	peak_354	10.72	tp	0
18-AAACAAA	STREME-18	4.6e-002	peak_147	10.72	tp	0
18-AAACAAA	STREME-18	4.6e-002	peak_688	10.72	tp	0
18-AAACAAA	STREME-18	4.6e-002	peak_530	10.72	tp	0
18-AAACAAA	STREME-18	4.6e-002	peak_823	10.72	tp	0
18-AAACAAA	STREME-18	4.6e-002	peak_388	10.72	tp	0
18-AAACAAA	STREME-18	4.6e-002	peak_66	10.72	tp	0
18-AAACAAA	STREME-18	4.6e-002	peak_870	10.72	tp	0
18-AAACAAA	STREME-18	4.6e-002	peak_114	10.72	tp	0
18-AAACAAA	STREME-18	4.6e-002	peak_861	10.72	tp	0
18-AAACAAA	STREME-18	4.6e-002	peak_318	10.72	tp	0
18-AAACAAA	STREME-18	4.6e-002	peak_68	10.72	tp	0
18-AAACAAA	STREME-18	4.6e-002	peak_47	10.72	tp	0
18-AAACAAA	STREME-18	4.6e-002	peak_759	10.72	tp	0
18-AAACAAA	STREME-18	4.6e-002	peak_205	10.72	tp	0
18-AAACAAA	STREME-18	4.6e-002	peak_394	10.72	tp	0
18-AAACAAA	STREME-18	4.6e-002	peak_42	10.72	tp	0
18-AAACAAA	STREME-18	4.6e-002	peak_282	10.72	tp	0
18-AAACAAA	STREME-18	4.6e-002	peak_222	10.72	tp	0
18-AAACAAA	STREME-18	4.6e-002	peak_535	10.72	tp	0
18-AAACAAA	STREME-18	4.6e-002	peak_309	10.72	tp	0
18-AAACAAA	STREME-18	4.6e-002	peak_319	10.72	tp	0
18-AAACAAA	STREME-18	4.6e-002	peak_558	10.72	tp	0
18-AAACAAA	STREME-18	4.6e-002	peak_153	10.72	tp	0
18-AAACAAA	STREME-18	4.6e-002	peak_839	10.72	tp	0
18-AAACAAA	STREME-18	4.6e-002	peak_110	10.72	tp	0
18-AAACAAA	STREME-18	4.6e-002	peak_500	10.72	tp	0
18-AAACAAA	STREME-18	4.6e-002	peak_568	10.72	tp	0
18-AAACAAA	STREME-18	4.6e-002	peak_91	10.72	tp	0
18-AAACAAA	STREME-18	4.6e-002	peak_472	10.72	tp	0
18-AAACAAA	STREME-18	4.6e-002	peak_643	10.72	tp	0
18-AAACAAA	STREME-18	4.6e-002	peak_779	10.72	tp	0
18-AAACAAA	STREME-18	4.6e-002	peak_345	10.72	tp	0
18-AAACAAA	STREME-18	4.6e-002	peak_67	10.72	tp	0
18-AAACAAA	STREME-18	4.6e-002	peak_364	10.72	tp	0
18-AAACAAA	STREME-18	4.6e-002	peak_821	10.72	tp	0
18-AAACAAA	STREME-18	4.6e-002	peak_193	10.72	tp	0
18-AAACAAA	STREME-18	4.6e-002	peak_296	10.72	tp	0
18-AAACAAA	STREME-18	4.6e-002	peak_654	10.72	tp	0
18-AAACAAA	STREME-18	4.6e-002	peak_278	10.72	tp	0
18-AAACAAA	STREME-18	4.6e-002	peak_252	10.72	tp	0
18-AAACAAA	STREME-18	4.6e-002	peak_788	10.72	tp	0
18-AAACAAA	STREME-18	4.6e-002	peak_765	10.72	tp	0
18-AAACAAA	STREME-18	4.6e-002	peak_780	10.72	tp	0
18-AAACAAA	STREME-18	4.6e-002	peak_344	10.72	tp	0
18-AAACAAA	STREME-18	4.6e-002	peak_499	10.72	tp	0
18-AAACAAA	STREME-18	4.6e-002	peak_480	10.72	tp	0
18-AAACAAA	STREME-18	4.6e-002	peak_28	10.72	tp	0
18-AAACAAA	STREME-18	4.6e-002	peak_156	10.72	tp	0
18-AAACAAA	STREME-18	4.6e-002	peak_98	10.72	tp	0
18-AAACAAA	STREME-18	4.6e-002	peak_781	10.72	tp	0
18-AAACAAA	STREME-18	4.6e-002	peak_599	10.72	tp	0
18-AAACAAA	STREME-18	4.6e-002	peak_125	10.72	tp	0
18-AAACAAA	STREME-18	4.6e-002	peak_660	10.72	tp	0
18-AAACAAA	STREME-18	4.6e-002	peak_97	10.72	tp	0
18-AAACAAA	STREME-18	4.6e-002	peak_369	10.72	tp	0
18-AAACAAA	STREME-18	4.6e-002	peak_432	10.72	tp	0
18-AAACAAA	STREME-18	4.6e-002	peak_679	10.72	tp	0
18-AAACAAA	STREME-18	4.6e-002	peak_286	10.72	tp	0
18-AAACAAA	STREME-18	4.6e-002	peak_59	10.72	tp	0
18-AAACAAA	STREME-18	4.6e-002	peak_294	10.72	tp	0
18-AAACAAA	STREME-18	4.6e-002	peak_667	10.72	tp	0
18-AAACAAA	STREME-18	4.6e-002	peak_326	10.72	tp	0
18-AAACAAA	STREME-18	4.6e-002	peak_287	10.72	tp	0
18-AAACAAA	STREME-18	4.6e-002	peak_403	10.72	tp	0
18-AAACAAA	STREME-18	4.6e-002	peak_267	10.72	tp	0
18-AAACAAA	STREME-18	4.6e-002	peak_576	10.72	tp	0
18-AAACAAA	STREME-18	4.6e-002	peak_756	10.72	tp	0
18-AAACAAA	STREME-18	4.6e-002	peak_6	10.72	tp	0
18-AAACAAA	STREME-18	4.6e-002	peak_353	10.72	tp	0
18-AAACAAA	STREME-18	4.6e-002	peak_324	10.72	tp	0
18-AAACAAA	STREME-18	4.6e-002	peak_95	10.72	tp	0
18-AAACAAA	STREME-18	4.6e-002	peak_631	10.72	tp	0
18-AAACAAA	STREME-18	4.6e-002	peak_775	10.72	tp	0
18-AAACAAA	STREME-18	4.6e-002	peak_408	10.72	tp	0
18-AAACAAA	STREME-18	4.6e-002	peak_854	10.72	tp	0
18-AAACAAA	STREME-18	4.6e-002	peak_375	10.72	tp	0
18-AAACAAA	STREME-18	4.6e-002	peak_327	10.72	tp	0
18-AAACAAA	STREME-18	4.6e-002	peak_111	10.72	tp	0
18-AAACAAA	STREME-18	4.6e-002	peak_393	10.72	tp	0
18-AAACAAA	STREME-18	4.6e-002	peak_56	10.72	tp	0
18-AAACAAA	STREME-18	4.6e-002	peak_237	10.72	tp	0
18-AAACAAA	STREME-18	4.6e-002	peak_379	10.72	tp	0
18-AAACAAA	STREME-18	4.6e-002	peak_450	10.72	tp	0
18-AAACAAA	STREME-18	4.6e-002	peak_234	10.72	tp	0
18-AAACAAA	STREME-18	4.6e-002	peak_71	10.72	tp	0
18-AAACAAA	STREME-18	4.6e-002	peak_164	10.72	tp	0
18-AAACAAA	STREME-18	4.6e-002	peak_120	10.72	tp	0
18-AAACAAA	STREME-18	4.6e-002	peak_396	10.72	tp	0
18-AAACAAA	STREME-18	4.6e-002	peak_407	10.72	tp	0
18-AAACAAA	STREME-18	4.6e-002	peak_686	10.72	tp	0
18-AAACAAA	STREME-18	4.6e-002	peak_549	10.72	tp	0
18-AAACAAA	STREME-18	4.6e-002	peak_49	10.72	tp	0
18-AAACAAA	STREME-18	4.6e-002	peak_853	10.72	tp	0
18-AAACAAA	STREME-18	4.6e-002	peak_229	10.72	tp	0
18-AAACAAA	STREME-18	4.6e-002	peak_376	10.72	tp	0
18-AAACAAA	STREME-18	4.6e-002	peak_80	10.72	tp	0
18-AAACAAA	STREME-18	4.6e-002	peak_565	10.72	tp	0
18-AAACAAA	STREME-18	4.6e-002	peak_433	10.72	tp	0
18-AAACAAA	STREME-18	4.6e-002	peak_21	10.72	tp	0
18-AAACAAA	STREME-18	4.6e-002	peak_415	10.72	tp	0
18-AAACAAA	STREME-18	4.6e-002	peak_512	10.72	tp	0
18-AAACAAA	STREME-18	4.6e-002	peak_219	10.72	tp	0
18-AAACAAA	STREME-18	4.6e-002	peak_248	10.72	tp	0
18-AAACAAA	STREME-18	4.6e-002	peak_124	10.72	tp	0
18-AAACAAA	STREME-18	4.6e-002	peak_96	10.72	tp	0
18-AAACAAA	STREME-18	4.6e-002	peak_721	10.72	tp	0
18-AAACAAA	STREME-18	4.6e-002	peak_18	10.72	tp	0
18-AAACAAA	STREME-18	4.6e-002	peak_625	10.72	tp	0
18-AAACAAA	STREME-18	4.6e-002	peak_554	10.72	tp	0
18-AAACAAA	STREME-18	4.6e-002	peak_77	10.72	tp	0
18-AAACAAA	STREME-18	4.6e-002	peak_116	10.72	tp	0
18-AAACAAA	STREME-18	4.6e-002	peak_666	10.72	tp	0
18-AAACAAA	STREME-18	4.6e-002	peak_574	10.72	tp	0
18-AAACAAA	STREME-18	4.6e-002	peak_796	10.72	tp	0
18-AAACAAA	STREME-18	4.6e-002	peak_594	10.72	tp	0
18-AAACAAA	STREME-18	4.6e-002	peak_232	10.72	tp	0
18-AAACAAA	STREME-18	4.6e-002	peak_176	10.72	tp	0
18-AAACAAA	STREME-18	4.6e-002	peak_400	10.72	tp	0
18-AAACAAA	STREME-18	4.6e-002	peak_694	10.72	tp	0
18-AAACAAA	STREME-18	4.6e-002	peak_103	10.72	tp	0
18-AAACAAA	STREME-18	4.6e-002	peak_57	10.72	tp	0
18-AAACAAA	STREME-18	4.6e-002	peak_171	10.72	tp	0
18-AAACAAA	STREME-18	4.6e-002	peak_358	10.72	tp	0
18-AAACAAA	STREME-18	4.6e-002	peak_145	10.72	tp	0
18-AAACAAA	STREME-18	4.6e-002	peak_337	10.72	tp	0
18-AAACAAA	STREME-18	4.6e-002	peak_211	10.72	tp	0
18-AAACAAA	STREME-18	4.6e-002	peak_467	10.72	tp	0
18-AAACAAA	STREME-18	4.6e-002	peak_673	10.72	tp	0
18-AAACAAA	STREME-18	4.6e-002	peak_635	10.72	tp	0
18-AAACAAA	STREME-18	4.6e-002	peak_291	10.72	tp	0
18-AAACAAA	STREME-18	4.6e-002	peak_481	10.72	tp	0
18-AAACAAA	STREME-18	4.6e-002	peak_424	10.72	tp	0
18-AAACAAA	STREME-18	4.6e-002	peak_798	10.72	tp	0
18-AAACAAA	STREME-18	4.6e-002	peak_814	10.72	tp	0
18-AAACAAA	STREME-18	4.6e-002	peak_63	10.72	tp	0
18-AAACAAA	STREME-18	4.6e-002	peak_445	10.72	tp	0
18-AAACAAA	STREME-18	4.6e-002	peak_805	10.72	tp	0
18-AAACAAA	STREME-18	4.6e-002	peak_3	10.72	tp	0
18-AAACAAA	STREME-18	4.6e-002	peak_431	10.72	tp	0
18-AAACAAA	STREME-18	4.6e-002	peak_555	10.72	tp	0
18-AAACAAA	STREME-18	4.6e-002	peak_405	10.72	tp	0
18-AAACAAA	STREME-18	4.6e-002	peak_523	10.72	tp	0
18-AAACAAA	STREME-18	4.6e-002	peak_449	10.72	tp	0
18-AAACAAA	STREME-18	4.6e-002	peak_729	10.72	tp	0
18-AAACAAA	STREME-18	4.6e-002	peak_583	10.72	tp	0
18-AAACAAA	STREME-18	4.6e-002	peak_87	10.72	tp	0
18-AAACAAA	STREME-18	4.6e-002	peak_113	10.72	tp	0
18-AAACAAA	STREME-18	4.6e-002	peak_591	10.72	tp	0
18-AAACAAA	STREME-18	4.6e-002	peak_112	10.72	tp	0
18-AAACAAA	STREME-18	4.6e-002	peak_192	10.72	tp	0
18-AAACAAA	STREME-18	4.6e-002	peak_412	10.72	tp	0
18-AAACAAA	STREME-18	4.6e-002	peak_411	10.72	tp	0
18-AAACAAA	STREME-18	4.6e-002	peak_104	10.72	tp	0
18-AAACAAA	STREME-18	4.6e-002	peak_595	10.72	tp	0
18-AAACAAA	STREME-18	4.6e-002	peak_742	10.72	tp	0
18-AAACAAA	STREME-18	4.6e-002	peak_141	10.72	tp	0
18-AAACAAA	STREME-18	4.6e-002	peak_151	10.72	tp	0
18-AAACAAA	STREME-18	4.6e-002	peak_99	10.72	tp	0
18-AAACAAA	STREME-18	4.6e-002	peak_754	10.72	tp	0
18-AAACAAA	STREME-18	4.6e-002	peak_139	10.72	tp	0
18-AAACAAA	STREME-18	4.6e-002	peak_709	10.72	tp	0
18-AAACAAA	STREME-18	4.6e-002	peak_699	10.72	tp	0
18-AAACAAA	STREME-18	4.6e-002	peak_173	10.72	tp	0
18-AAACAAA	STREME-18	4.6e-002	peak_613	10.72	tp	0
18-AAACAAA	STREME-18	4.6e-002	peak_276	10.72	tp	0
18-AAACAAA	STREME-18	4.6e-002	peak_115	10.72	tp	0
18-AAACAAA	STREME-18	4.6e-002	peak_277	10.72	tp	0
18-AAACAAA	STREME-18	4.6e-002	peak_811	10.72	tp	0
18-AAACAAA	STREME-18	4.6e-002	peak_716	10.72	tp	0
18-AAACAAA	STREME-18	4.6e-002	peak_728	10.72	tp	0
18-AAACAAA	STREME-18	4.6e-002	peak_302	10.72	tp	0
18-AAACAAA	STREME-18	4.6e-002	peak_142	10.72	tp	0
18-AAACAAA	STREME-18	4.6e-002	peak_195	10.72	tp	0
18-AAACAAA	STREME-18	4.6e-002	peak_385	10.72	tp	0
18-AAACAAA	STREME-18	4.6e-002	peak_367	10.72	tp	0
18-AAACAAA	STREME-18	4.6e-002	peak_360	10.72	tp	0
18-AAACAAA	STREME-18	4.6e-002	peak_615	10.72	tp	0
18-AAACAAA	STREME-18	4.6e-002	peak_335	10.72	tp	0
18-AAACAAA	STREME-18	4.6e-002	peak_179	10.72	tp	0
18-AAACAAA	STREME-18	4.6e-002	peak_13	10.72	tp	0
18-AAACAAA	STREME-18	4.6e-002	peak_5	10.72	tp	0
18-AAACAAA	STREME-18	4.6e-002	peak_263	10.72	tp	0
18-AAACAAA	STREME-18	4.6e-002	peak_378	10.72	tp	0
18-AAACAAA	STREME-18	4.6e-002	peak_128	10.72	tp	0
18-AAACAAA	STREME-18	4.6e-002	peak_641	10.72	tp	0
18-AAACAAA	STREME-18	4.6e-002	peak_604	10.72	tp	0
18-AAACAAA	STREME-18	4.6e-002	peak_14	10.72	tp	0
18-AAACAAA	STREME-18	4.6e-002	peak_702	10.72	tp	0
18-AAACAAA	STREME-18	4.6e-002	peak_761	10.72	tp	0
18-AAACAAA	STREME-18	4.6e-002	peak_791	10.72	tp	0
18-AAACAAA	STREME-18	4.6e-002	peak_829	10.72	tp	0
18-AAACAAA	STREME-18	4.6e-002	peak_496	10.72	tp	0
18-AAACAAA	STREME-18	4.6e-002	peak_819	10.72	tp	0
18-AAACAAA	STREME-18	4.6e-002	peak_216	10.72	tp	0
18-AAACAAA	STREME-18	4.6e-002	peak_22	10.72	tp	0
18-AAACAAA	STREME-18	4.6e-002	peak_226	10.72	tp	0
18-AAACAAA	STREME-18	4.6e-002	peak_406	10.72	tp	0
18-AAACAAA	STREME-18	4.6e-002	peak_557	10.72	tp	0
18-AAACAAA	STREME-18	4.6e-002	peak_750	10.72	tp	0
18-AAACAAA	STREME-18	4.6e-002	peak_168	10.72	tp	0
18-AAACAAA	STREME-18	4.6e-002	peak_440	10.72	tp	0
18-AAACAAA	STREME-18	4.6e-002	peak_817	10.72	tp	0
18-AAACAAA	STREME-18	4.6e-002	peak_537	10.72	tp	0
18-AAACAAA	STREME-18	4.6e-002	peak_342	10.72	tp	0
18-AAACAAA	STREME-18	4.6e-002	peak_528	10.72	tp	0
18-AAACAAA	STREME-18	4.6e-002	peak_556	10.72	tp	0
18-AAACAAA	STREME-18	4.6e-002	peak_734	10.72	tp	0
18-AAACAAA	STREME-18	4.6e-002	peak_683	10.72	tp	0
18-AAACAAA	STREME-18	4.6e-002	peak_519	10.72	tp	0
18-AAACAAA	STREME-18	4.6e-002	peak_333	10.72	tp	0
18-AAACAAA	STREME-18	4.6e-002	peak_532	10.72	tp	0
18-AAACAAA	STREME-18	4.6e-002	peak_787	10.72	tp	0
18-AAACAAA	STREME-18	4.6e-002	peak_616	10.72	tp	0
18-AAACAAA	STREME-18	4.6e-002	peak_614	10.72	tp	0
18-AAACAAA	STREME-18	4.6e-002	peak_129	10.72	tp	0
18-AAACAAA	STREME-18	4.6e-002	peak_7	10.72	tp	0
18-AAACAAA	STREME-18	4.6e-002	peak_507	10.72	tp	0
18-AAACAAA	STREME-18	4.6e-002	peak_132	10.72	tp	0
18-AAACAAA	STREME-18	4.6e-002	peak_194	10.72	tp	0
18-AAACAAA	STREME-18	4.6e-002	peak_189	10.72	tp	0
18-AAACAAA	STREME-18	4.6e-002	peak_257	10.72	tp	0
18-AAACAAA	STREME-18	4.6e-002	peak_714	10.72	tp	0
18-AAACAAA	STREME-18	4.6e-002	peak_696	10.72	tp	0
18-AAACAAA	STREME-18	4.6e-002	peak_295	10.72	tp	0
18-AAACAAA	STREME-18	4.6e-002	peak_493	10.72	tp	0
18-AAACAAA	STREME-18	4.6e-002	peak_76	10.72	tp	0
18-AAACAAA	STREME-18	4.6e-002	peak_618	10.72	tp	0
18-AAACAAA	STREME-18	4.6e-002	peak_606	10.72	tp	0
18-AAACAAA	STREME-18	4.6e-002	peak_146	10.72	tp	0
18-AAACAAA	STREME-18	4.6e-002	peak_647	10.72	tp	0
18-AAACAAA	STREME-18	4.6e-002	peak_311	10.72	tp	0
18-AAACAAA	STREME-18	4.6e-002	peak_273	10.72	tp	0
18-AAACAAA	STREME-18	4.6e-002	peak_293	10.72	tp	0
18-AAACAAA	STREME-18	4.6e-002	peak_144	10.72	tp	0
18-AAACAAA	STREME-18	4.6e-002	peak_849	10.72	tp	0
18-AAACAAA	STREME-18	4.6e-002	peak_330	10.72	tp	0
18-AAACAAA	STREME-18	4.6e-002	peak_11	10.72	tp	0
18-AAACAAA	STREME-18	4.6e-002	peak_377	10.72	tp	0
18-AAACAAA	STREME-18	4.6e-002	peak_163	10.72	tp	0
18-AAACAAA	STREME-18	4.6e-002	peak_46	10.72	tp	0
18-AAACAAA	STREME-18	4.6e-002	peak_350	10.72	tp	0
18-AAACAAA	STREME-18	4.6e-002	peak_387	10.72	tp	0
18-AAACAAA	STREME-18	4.6e-002	peak_485	10.72	tp	0
18-AAACAAA	STREME-18	4.6e-002	peak_813	10.72	tp	0
18-AAACAAA	STREME-18	4.6e-002	peak_39	10.72	tp	0
18-AAACAAA	STREME-18	4.6e-002	peak_138	10.72	tp	0
18-AAACAAA	STREME-18	4.6e-002	peak_510	10.72	tp	0
18-AAACAAA	STREME-18	4.6e-002	peak_592	10.72	tp	0
18-AAACAAA	STREME-18	4.6e-002	peak_547	10.72	tp	0
18-AAACAAA	STREME-18	4.6e-002	peak_656	10.72	tp	0
18-AAACAAA	STREME-18	4.6e-002	peak_107	10.72	tp	0
18-AAACAAA	STREME-18	4.6e-002	peak_799	10.72	tp	0
18-AAACAAA	STREME-18	4.6e-002	peak_832	10.72	tp	0
18-AAACAAA	STREME-18	4.6e-002	peak_852	10.72	tp	0
18-AAACAAA	STREME-18	4.6e-002	peak_143	10.72	tp	0
18-AAACAAA	STREME-18	4.6e-002	peak_198	10.72	tp	0
18-AAACAAA	STREME-18	4.6e-002	peak_606	10.72	fp	0
18-AAACAAA	STREME-18	4.6e-002	peak_302	10.72	fp	0
18-AAACAAA	STREME-18	4.6e-002	peak_146	10.72	fp	0
18-AAACAAA	STREME-18	4.6e-002	peak_259	10.72	fp	0
18-AAACAAA	STREME-18	4.6e-002	peak_342	10.72	fp	0
18-AAACAAA	STREME-18	4.6e-002	peak_296	10.72	fp	0
18-AAACAAA	STREME-18	4.6e-002	peak_759	10.72	fp	0
18-AAACAAA	STREME-18	4.6e-002	peak_46	10.72	fp	0
18-AAACAAA	STREME-18	4.6e-002	peak_110	10.72	fp	0
18-AAACAAA	STREME-18	4.6e-002	peak_367	10.72	fp	0
18-AAACAAA	STREME-18	4.6e-002	peak_333	10.72	fp	0
18-AAACAAA	STREME-18	4.6e-002	peak_656	10.72	fp	0
18-AAACAAA	STREME-18	4.6e-002	peak_284	10.72	fp	0
18-AAACAAA	STREME-18	4.6e-002	peak_409	10.72	fp	0
18-AAACAAA	STREME-18	4.6e-002	peak_67	10.72	fp	0
18-AAACAAA	STREME-18	4.6e-002	peak_37	10.72	fp	0
18-AAACAAA	STREME-18	4.6e-002	peak_745	10.72	fp	0
18-AAACAAA	STREME-18	4.6e-002	peak_842	10.72	fp	0
18-AAACAAA	STREME-18	4.6e-002	peak_799	10.72	fp	0
18-AAACAAA	STREME-18	4.6e-002	peak_418	10.72	fp	0
18-AAACAAA	STREME-18	4.6e-002	peak_710	10.72	fp	0
18-AAACAAA	STREME-18	4.6e-002	peak_711	10.72	fp	0
18-AAACAAA	STREME-18	4.6e-002	peak_177	10.72	fp	0
18-AAACAAA	STREME-18	4.6e-002	peak_769	10.72	fp	0
18-AAACAAA	STREME-18	4.6e-002	peak_459	10.72	fp	0
18-AAACAAA	STREME-18	4.6e-002	peak_791	10.72	fp	0
18-AAACAAA	STREME-18	4.6e-002	peak_70	10.72	fp	0
18-AAACAAA	STREME-18	4.6e-002	peak_129	10.72	fp	0
18-AAACAAA	STREME-18	4.6e-002	peak_112	10.72	fp	0
18-AAACAAA	STREME-18	4.6e-002	peak_785	10.72	fp	0
18-AAACAAA	STREME-18	4.6e-002	peak_416	10.72	fp	0
18-AAACAAA	STREME-18	4.6e-002	peak_353	10.72	fp	0
18-AAACAAA	STREME-18	4.6e-002	peak_111	10.72	fp	0
18-AAACAAA	STREME-18	4.6e-002	peak_843	10.72	fp	0
18-AAACAAA	STREME-18	4.6e-002	peak_495	10.72	fp	0
18-AAACAAA	STREME-18	4.6e-002	peak_39	10.72	fp	0
18-AAACAAA	STREME-18	4.6e-002	peak_685	10.72	fp	0
18-AAACAAA	STREME-18	4.6e-002	peak_199	10.72	fp	0
18-AAACAAA	STREME-18	4.6e-002	peak_335	10.72	fp	0
18-AAACAAA	STREME-18	4.6e-002	peak_725	10.72	fp	0
18-AAACAAA	STREME-18	4.6e-002	peak_729	10.72	fp	0
18-AAACAAA	STREME-18	4.6e-002	peak_188	10.72	fp	0
18-AAACAAA	STREME-18	4.6e-002	peak_212	10.72	fp	0
18-AAACAAA	STREME-18	4.6e-002	peak_569	10.72	fp	0
18-AAACAAA	STREME-18	4.6e-002	peak_376	10.72	fp	0
18-AAACAAA	STREME-18	4.6e-002	peak_218	10.72	fp	0
18-AAACAAA	STREME-18	4.6e-002	peak_861	10.72	fp	0
18-AAACAAA	STREME-18	4.6e-002	peak_6	10.72	fp	0
18-AAACAAA	STREME-18	4.6e-002	peak_195	10.72	fp	0
18-AAACAAA	STREME-18	4.6e-002	peak_82	10.72	fp	0
18-AAACAAA	STREME-18	4.6e-002	peak_415	10.72	fp	0
18-AAACAAA	STREME-18	4.6e-002	peak_601	10.72	fp	0
18-AAACAAA	STREME-18	4.6e-002	peak_644	10.72	fp	0
18-AAACAAA	STREME-18	4.6e-002	peak_126	10.72	fp	0
18-AAACAAA	STREME-18	4.6e-002	peak_712	10.72	fp	0
18-AAACAAA	STREME-18	4.6e-002	peak_225	10.72	fp	0
18-AAACAAA	STREME-18	4.6e-002	peak_375	10.72	fp	0
18-AAACAAA	STREME-18	4.6e-002	peak_340	10.72	fp	0
18-AAACAAA	STREME-18	4.6e-002	peak_647	10.72	fp	0
18-AAACAAA	STREME-18	4.6e-002	peak_702	10.72	fp	0
18-AAACAAA	STREME-18	4.6e-002	peak_857	10.72	fp	0
18-AAACAAA	STREME-18	4.6e-002	peak_458	10.72	fp	0
18-AAACAAA	STREME-18	4.6e-002	peak_497	10.72	fp	0
18-AAACAAA	STREME-18	4.6e-002	peak_165	10.72	fp	0
18-AAACAAA	STREME-18	4.6e-002	peak_103	10.72	fp	0
18-AAACAAA	STREME-18	4.6e-002	peak_435	10.72	fp	0
18-AAACAAA	STREME-18	4.6e-002	peak_73	10.72	fp	0
18-AAACAAA	STREME-18	4.6e-002	peak_663	10.72	fp	0
18-AAACAAA	STREME-18	4.6e-002	peak_775	10.72	fp	0
18-AAACAAA	STREME-18	4.6e-002	peak_427	10.72	fp	0
18-AAACAAA	STREME-18	4.6e-002	peak_109	10.72	fp	0
18-AAACAAA	STREME-18	4.6e-002	peak_779	10.72	fp	0
18-AAACAAA	STREME-18	4.6e-002	peak_756	10.72	fp	0
18-AAACAAA	STREME-18	4.6e-002	peak_457	10.72	fp	0
18-AAACAAA	STREME-18	4.6e-002	peak_463	10.72	fp	0
18-AAACAAA	STREME-18	4.6e-002	peak_248	10.72	fp	0
18-AAACAAA	STREME-18	4.6e-002	peak_691	10.72	fp	0
18-AAACAAA	STREME-18	4.6e-002	peak_673	10.72	fp	0
18-AAACAAA	STREME-18	4.6e-002	peak_222	10.72	fp	0
18-AAACAAA	STREME-18	4.6e-002	peak_441	10.72	fp	0
18-AAACAAA	STREME-18	4.6e-002	peak_639	10.72	fp	0
18-AAACAAA	STREME-18	4.6e-002	peak_363	10.72	fp	0
18-AAACAAA	STREME-18	4.6e-002	peak_449	10.72	fp	0
18-AAACAAA	STREME-18	4.6e-002	peak_612	10.72	fp	0
18-AAACAAA	STREME-18	4.6e-002	peak_224	10.72	fp	0
18-AAACAAA	STREME-18	4.6e-002	peak_395	10.72	fp	0
18-AAACAAA	STREME-18	4.6e-002	peak_690	10.72	fp	0
18-AAACAAA	STREME-18	4.6e-002	peak_788	10.72	fp	0
18-AAACAAA	STREME-18	4.6e-002	peak_245	10.72	fp	0
18-AAACAAA	STREME-18	4.6e-002	peak_417	10.72	fp	0
18-AAACAAA	STREME-18	4.6e-002	peak_722	10.72	fp	0
18-AAACAAA	STREME-18	4.6e-002	peak_49	10.72	fp	0
18-AAACAAA	STREME-18	4.6e-002	peak_523	10.72	fp	0
18-AAACAAA	STREME-18	4.6e-002	peak_345	10.72	fp	0
18-AAACAAA	STREME-18	4.6e-002	peak_171	10.72	fp	0
18-AAACAAA	STREME-18	4.6e-002	peak_570	10.72	fp	0
18-AAACAAA	STREME-18	4.6e-002	peak_837	10.72	fp	0
18-AAACAAA	STREME-18	4.6e-002	peak_582	10.72	fp	0
18-AAACAAA	STREME-18	4.6e-002	peak_43	10.72	fp	0
18-AAACAAA	STREME-18	4.6e-002	peak_615	10.72	fp	0
18-AAACAAA	STREME-18	4.6e-002	peak_53	10.72	fp	0
18-AAACAAA	STREME-18	4.6e-002	peak_831	10.72	fp	0
18-AAACAAA	STREME-18	4.6e-002	peak_665	10.72	fp	0
18-AAACAAA	STREME-18	4.6e-002	peak_386	10.72	fp	0
18-AAACAAA	STREME-18	4.6e-002	peak_614	10.72	fp	0
18-AAACAAA	STREME-18	4.6e-002	peak_382	10.72	fp	0
18-AAACAAA	STREME-18	4.6e-002	peak_798	10.72	fp	0
18-AAACAAA	STREME-18	4.6e-002	peak_472	10.72	fp	0
18-AAACAAA	STREME-18	4.6e-002	peak_68	10.72	fp	0
18-AAACAAA	STREME-18	4.6e-002	peak_78	10.72	fp	0
18-AAACAAA	STREME-18	4.6e-002	peak_351	10.72	fp	0
18-AAACAAA	STREME-18	4.6e-002	peak_123	10.72	fp	0
18-AAACAAA	STREME-18	4.6e-002	peak_625	10.72	fp	0
18-AAACAAA	STREME-18	4.6e-002	peak_47	10.72	fp	0
18-AAACAAA	STREME-18	4.6e-002	peak_214	10.72	fp	0
18-AAACAAA	STREME-18	4.6e-002	peak_154	10.72	fp	0
18-AAACAAA	STREME-18	4.6e-002	peak_147	10.72	fp	0
18-AAACAAA	STREME-18	4.6e-002	peak_727	10.72	fp	0
18-AAACAAA	STREME-18	4.6e-002	peak_252	10.72	fp	0
18-AAACAAA	STREME-18	4.6e-002	peak_61	10.72	fp	0
18-AAACAAA	STREME-18	4.6e-002	peak_62	10.72	fp	0
18-AAACAAA	STREME-18	4.6e-002	peak_683	10.72	fp	0
18-AAACAAA	STREME-18	4.6e-002	peak_425	10.72	fp	0
18-AAACAAA	STREME-18	4.6e-002	peak_106	10.72	fp	0
18-AAACAAA	STREME-18	4.6e-002	peak_840	10.72	fp	0
18-AAACAAA	STREME-18	4.6e-002	peak_742	10.72	fp	0
18-AAACAAA	STREME-18	4.6e-002	peak_854	10.72	fp	0
18-AAACAAA	STREME-18	4.6e-002	peak_518	10.72	fp	0
18-AAACAAA	STREME-18	4.6e-002	peak_405	10.72	fp	0
18-AAACAAA	STREME-18	4.6e-002	peak_807	10.72	fp	0
18-AAACAAA	STREME-18	4.6e-002	peak_176	10.72	fp	0
18-AAACAAA	STREME-18	4.6e-002	peak_560	10.72	fp	0
18-AAACAAA	STREME-18	4.6e-002	peak_551	10.72	fp	0
18-AAACAAA	STREME-18	4.6e-002	peak_752	10.72	fp	0
18-AAACAAA	STREME-18	4.6e-002	peak_182	10.72	fp	0
18-AAACAAA	STREME-18	4.6e-002	peak_267	10.72	fp	0
18-AAACAAA	STREME-18	4.6e-002	peak_675	10.72	fp	0
18-AAACAAA	STREME-18	4.6e-002	peak_144	10.72	fp	0
18-AAACAAA	STREME-18	4.6e-002	peak_812	10.72	fp	0
18-AAACAAA	STREME-18	4.6e-002	peak_298	10.72	fp	0
18-AAACAAA	STREME-18	4.6e-002	peak_184	10.72	fp	0
18-AAACAAA	STREME-18	4.6e-002	peak_124	10.72	fp	0
18-AAACAAA	STREME-18	4.6e-002	peak_71	10.72	fp	0
18-AAACAAA	STREME-18	4.6e-002	peak_322	10.72	fp	0
18-AAACAAA	STREME-18	4.6e-002	peak_276	10.72	fp	0
18-AAACAAA	STREME-18	4.6e-002	peak_765	10.72	fp	0
18-AAACAAA	STREME-18	4.6e-002	peak_66	10.72	fp	0
18-AAACAAA	STREME-18	4.6e-002	peak_52	10.72	fp	0
18-AAACAAA	STREME-18	4.6e-002	peak_278	10.72	fp	0
18-AAACAAA	STREME-18	4.6e-002	peak_805	10.72	fp	0
18-AAACAAA	STREME-18	4.6e-002	peak_716	10.72	fp	0
18-AAACAAA	STREME-18	4.6e-002	peak_708	10.72	fp	0
18-AAACAAA	STREME-18	4.6e-002	peak_836	10.72	fp	0
18-AAACAAA	STREME-18	4.6e-002	peak_590	10.72	fp	0
18-AAACAAA	STREME-18	4.6e-002	peak_670	10.72	fp	0
18-AAACAAA	STREME-18	4.6e-002	peak_667	10.72	fp	0
18-AAACAAA	STREME-18	4.6e-002	peak_23	10.72	fp	0
18-AAACAAA	STREME-18	4.6e-002	peak_707	10.72	fp	0
18-AAACAAA	STREME-18	4.6e-002	peak_256	10.72	fp	0
18-AAACAAA	STREME-18	4.6e-002	peak_762	10.72	fp	0
18-AAACAAA	STREME-18	4.6e-002	peak_370	10.72	fp	0
18-AAACAAA	STREME-18	4.6e-002	peak_865	10.72	fp	0
18-AAACAAA	STREME-18	4.6e-002	peak_327	10.72	fp	0
18-AAACAAA	STREME-18	4.6e-002	peak_824	10.72	fp	0
18-AAACAAA	STREME-18	4.6e-002	peak_139	10.72	fp	0
18-AAACAAA	STREME-18	4.6e-002	peak_478	10.72	fp	0
18-AAACAAA	STREME-18	4.6e-002	peak_626	10.72	fp	0
18-AAACAAA	STREME-18	4.6e-002	peak_91	10.72	fp	0
18-AAACAAA	STREME-18	4.6e-002	peak_134	10.72	fp	0
18-AAACAAA	STREME-18	4.6e-002	peak_743	10.72	fp	0
18-AAACAAA	STREME-18	4.6e-002	peak_216	10.72	fp	0
18-AAACAAA	STREME-18	4.6e-002	peak_383	10.72	fp	0
18-AAACAAA	STREME-18	4.6e-002	peak_437	10.72	fp	0
18-AAACAAA	STREME-18	4.6e-002	peak_841	10.72	fp	0
18-AAACAAA	STREME-18	4.6e-002	peak_115	10.72	fp	0
18-AAACAAA	STREME-18	4.6e-002	peak_796	10.72	fp	0
18-AAACAAA	STREME-18	4.6e-002	peak_265	10.72	fp	0
18-AAACAAA	STREME-18	4.6e-002	peak_34	10.72	fp	0
18-AAACAAA	STREME-18	4.6e-002	peak_8	10.72	fp	0
18-AAACAAA	STREME-18	4.6e-002	peak_175	10.72	fp	0
18-AAACAAA	STREME-18	4.6e-002	peak_128	10.72	fp	0
18-AAACAAA	STREME-18	4.6e-002	peak_636	10.72	fp	0
18-AAACAAA	STREME-18	4.6e-002	peak_738	10.72	fp	0
18-AAACAAA	STREME-18	4.6e-002	peak_669	10.72	fp	0
18-AAACAAA	STREME-18	4.6e-002	peak_857	10.72	tp	1
18-AAACAAA	STREME-18	4.6e-002	peak_722	10.72	tp	1
18-AAACAAA	STREME-18	4.6e-002	peak_506	10.72	tp	1
18-AAACAAA	STREME-18	4.6e-002	peak_752	10.72	tp	1
18-AAACAAA	STREME-18	4.6e-002	peak_827	10.72	tp	1
18-AAACAAA	STREME-18	4.6e-002	peak_404	10.72	tp	1
18-AAACAAA	STREME-18	4.6e-002	peak_372	10.72	tp	1
18-AAACAAA	STREME-18	4.6e-002	peak_174	10.72	tp	1
18-AAACAAA	STREME-18	4.6e-002	peak_837	10.72	tp	1
18-AAACAAA	STREME-18	4.6e-002	peak_262	10.72	tp	1
18-AAACAAA	STREME-18	4.6e-002	peak_152	10.72	tp	1
18-AAACAAA	STREME-18	4.6e-002	peak_840	10.72	tp	1
18-AAACAAA	STREME-18	4.6e-002	peak_359	10.72	tp	1
18-AAACAAA	STREME-18	4.6e-002	peak_55	10.72	tp	1
18-AAACAAA	STREME-18	4.6e-002	peak_522	10.72	tp	1
18-AAACAAA	STREME-18	4.6e-002	peak_585	10.72	tp	1
18-AAACAAA	STREME-18	4.6e-002	peak_689	10.72	tp	1
18-AAACAAA	STREME-18	4.6e-002	peak_464	10.72	tp	1
18-AAACAAA	STREME-18	4.6e-002	peak_190	10.72	tp	1
18-AAACAAA	STREME-18	4.6e-002	peak_674	10.72	tp	1
18-AAACAAA	STREME-18	4.6e-002	peak_332	10.72	tp	1
18-AAACAAA	STREME-18	4.6e-002	peak_182	10.72	tp	1
18-AAACAAA	STREME-18	4.6e-002	peak_458	10.72	tp	1
18-AAACAAA	STREME-18	4.6e-002	peak_546	10.72	tp	1
18-AAACAAA	STREME-18	4.6e-002	peak_133	10.72	tp	1
18-AAACAAA	STREME-18	4.6e-002	peak_418	10.72	tp	1
18-AAACAAA	STREME-18	4.6e-002	peak_551	10.72	tp	1
18-AAACAAA	STREME-18	4.6e-002	peak_478	10.72	tp	1
18-AAACAAA	STREME-18	4.6e-002	peak_338	10.72	tp	1
18-AAACAAA	STREME-18	4.6e-002	peak_381	10.72	tp	1
18-AAACAAA	STREME-18	4.6e-002	peak_720	10.72	tp	1
18-AAACAAA	STREME-18	4.6e-002	peak_227	10.72	tp	1
18-AAACAAA	STREME-18	4.6e-002	peak_204	10.72	tp	1
18-AAACAAA	STREME-18	4.6e-002	peak_416	10.72	tp	1
18-AAACAAA	STREME-18	4.6e-002	peak_570	10.72	tp	1
18-AAACAAA	STREME-18	4.6e-002	peak_243	10.72	fp	1
18-AAACAAA	STREME-18	4.6e-002	peak_50	10.72	fp	1
18-AAACAAA	STREME-18	4.6e-002	peak_855	10.72	fp	1
18-AAACAAA	STREME-18	4.6e-002	peak_851	10.72	fp	1
18-AAACAAA	STREME-18	4.6e-002	peak_161	10.72	fp	1
18-AAACAAA	STREME-18	4.6e-002	peak_301	10.72	fp	1
18-AAACAAA	STREME-18	4.6e-002	peak_208	10.72	fp	1
18-AAACAAA	STREME-18	4.6e-002	peak_484	10.72	fp	1
18-AAACAAA	STREME-18	4.6e-002	peak_652	10.72	fp	1
18-AAACAAA	STREME-18	4.6e-002	peak_558	10.72	fp	1
18-AAACAAA	STREME-18	4.6e-002	peak_746	10.72	fp	1
18-AAACAAA	STREME-18	4.6e-002	peak_107	10.72	fp	1
18-AAACAAA	STREME-18	4.6e-002	peak_749	10.72	fp	1
18-AAACAAA	STREME-18	4.6e-002	peak_408	10.72	fp	1
18-AAACAAA	STREME-18	4.6e-002	peak_315	10.72	fp	1
18-AAACAAA	STREME-18	4.6e-002	peak_473	10.72	fp	1
18-AAACAAA	STREME-18	4.6e-002	peak_535	10.72	fp	1
18-AAACAAA	STREME-18	4.6e-002	peak_662	10.72	fp	1
18-AAACAAA	STREME-18	4.6e-002	peak_527	10.72	fp	1
18-AAACAAA	STREME-18	4.6e-002	peak_312	10.72	fp	1
18-AAACAAA	STREME-18	4.6e-002	peak_694	10.72	fp	1
18-AAACAAA	STREME-18	4.6e-002	peak_211	10.72	fp	1
18-AAACAAA	STREME-18	4.6e-002	peak_564	10.72	fp	1
18-AAACAAA	STREME-18	4.6e-002	peak_818	10.72	fp	1
18-AAACAAA	STREME-18	4.6e-002	peak_501	10.72	fp	1
18-AAACAAA	STREME-18	4.6e-002	peak_755	10.72	fp	1
18-AAACAAA	STREME-18	4.6e-002	peak_34	6.86	tp	0
18-AAACAAA	STREME-18	4.6e-002	peak_841	6.86	tp	0
18-AAACAAA	STREME-18	4.6e-002	peak_487	6.86	tp	0
18-AAACAAA	STREME-18	4.6e-002	peak_657	6.86	tp	0
18-AAACAAA	STREME-18	4.6e-002	peak_429	6.86	tp	0
18-AAACAAA	STREME-18	4.6e-002	peak_270	6.86	tp	0
18-AAACAAA	STREME-18	4.6e-002	peak_210	6.86	tp	0
18-AAACAAA	STREME-18	4.6e-002	peak_325	6.86	tp	0
18-AAACAAA	STREME-18	4.6e-002	peak_213	6.86	tp	0
18-AAACAAA	STREME-18	4.6e-002	peak_316	6.86	tp	0
18-AAACAAA	STREME-18	4.6e-002	peak_757	6.86	tp	0
18-AAACAAA	STREME-18	4.6e-002	peak_538	6.86	tp	0
18-AAACAAA	STREME-18	4.6e-002	peak_663	6.86	tp	0
18-AAACAAA	STREME-18	4.6e-002	peak_642	6.86	tp	0
18-AAACAAA	STREME-18	4.6e-002	peak_65	6.86	tp	0
18-AAACAAA	STREME-18	4.6e-002	peak_305	6.86	tp	0
18-AAACAAA	STREME-18	4.6e-002	peak_461	6.86	tp	0
18-AAACAAA	STREME-18	4.6e-002	peak_524	6.86	tp	0
18-AAACAAA	STREME-18	4.6e-002	peak_26	6.86	tp	0
18-AAACAAA	STREME-18	4.6e-002	peak_220	6.86	tp	0
18-AAACAAA	STREME-18	4.6e-002	peak_244	6.86	tp	0
18-AAACAAA	STREME-18	4.6e-002	peak_477	6.86	tp	0
18-AAACAAA	STREME-18	4.6e-002	peak_818	6.86	tp	0
18-AAACAAA	STREME-18	4.6e-002	peak_346	6.86	tp	0
18-AAACAAA	STREME-18	4.6e-002	peak_520	6.86	tp	0
18-AAACAAA	STREME-18	4.6e-002	peak_863	6.86	tp	0
18-AAACAAA	STREME-18	4.6e-002	peak_90	6.86	tp	0
18-AAACAAA	STREME-18	4.6e-002	peak_751	6.86	tp	0
18-AAACAAA	STREME-18	4.6e-002	peak_564	6.86	tp	0
18-AAACAAA	STREME-18	4.6e-002	peak_730	6.86	tp	0
18-AAACAAA	STREME-18	4.6e-002	peak_48	6.86	tp	0
18-AAACAAA	STREME-18	4.6e-002	peak_165	6.86	tp	0
18-AAACAAA	STREME-18	4.6e-002	peak_581	6.86	tp	0
18-AAACAAA	STREME-18	4.6e-002	peak_845	6.86	tp	0
18-AAACAAA	STREME-18	4.6e-002	peak_54	6.86	tp	0
18-AAACAAA	STREME-18	4.6e-002	peak_134	6.86	tp	0
18-AAACAAA	STREME-18	4.6e-002	peak_708	6.86	tp	0
18-AAACAAA	STREME-18	4.6e-002	peak_518	6.86	tp	0
18-AAACAAA	STREME-18	4.6e-002	peak_626	6.86	tp	0
18-AAACAAA	STREME-18	4.6e-002	peak_230	6.86	tp	0
18-AAACAAA	STREME-18	4.6e-002	peak_312	6.86	tp	0
18-AAACAAA	STREME-18	4.6e-002	peak_386	6.86	tp	0
18-AAACAAA	STREME-18	4.6e-002	peak_74	6.86	tp	0
18-AAACAAA	STREME-18	4.6e-002	peak_544	6.86	tp	0
18-AAACAAA	STREME-18	4.6e-002	peak_602	6.86	tp	0
18-AAACAAA	STREME-18	4.6e-002	peak_713	6.86	tp	0
18-AAACAAA	STREME-18	4.6e-002	peak_648	6.86	tp	0
18-AAACAAA	STREME-18	4.6e-002	peak_575	6.86	tp	0
18-AAACAAA	STREME-18	4.6e-002	peak_53	6.86	tp	0
18-AAACAAA	STREME-18	4.6e-002	peak_428	6.86	tp	0
18-AAACAAA	STREME-18	4.6e-002	peak_514	6.86	tp	0
18-AAACAAA	STREME-18	4.6e-002	peak_317	6.86	tp	0
18-AAACAAA	STREME-18	4.6e-002	peak_783	6.86	tp	0
18-AAACAAA	STREME-18	4.6e-002	peak_490	6.86	tp	0
18-AAACAAA	STREME-18	4.6e-002	peak_501	6.86	tp	0
18-AAACAAA	STREME-18	4.6e-002	peak_476	6.86	tp	0
18-AAACAAA	STREME-18	4.6e-002	peak_553	6.86	tp	0
18-AAACAAA	STREME-18	4.6e-002	peak_634	6.86	tp	0
18-AAACAAA	STREME-18	4.6e-002	peak_726	6.86	tp	0
18-AAACAAA	STREME-18	4.6e-002	peak_533	6.86	tp	0
18-AAACAAA	STREME-18	4.6e-002	peak_793	6.86	tp	0
18-AAACAAA	STREME-18	4.6e-002	peak_628	6.86	tp	0
18-AAACAAA	STREME-18	4.6e-002	peak_443	6.86	tp	0
18-AAACAAA	STREME-18	4.6e-002	peak_808	6.86	tp	0
18-AAACAAA	STREME-18	4.6e-002	peak_597	6.86	tp	0
18-AAACAAA	STREME-18	4.6e-002	peak_639	6.86	tp	0
18-AAACAAA	STREME-18	4.6e-002	peak_758	6.86	tp	0
18-AAACAAA	STREME-18	4.6e-002	peak_268	6.86	tp	0
18-AAACAAA	STREME-18	4.6e-002	peak_633	6.86	tp	0
18-AAACAAA	STREME-18	4.6e-002	peak_797	6.86	tp	0
18-AAACAAA	STREME-18	4.6e-002	peak_790	6.86	tp	0
18-AAACAAA	STREME-18	4.6e-002	peak_322	6.86	tp	0
18-AAACAAA	STREME-18	4.6e-002	peak_815	6.86	tp	0
18-AAACAAA	STREME-18	4.6e-002	peak_482	6.86	tp	0
18-AAACAAA	STREME-18	4.6e-002	peak_471	6.86	tp	0
18-AAACAAA	STREME-18	4.6e-002	peak_295	6.86	fp	0
18-AAACAAA	STREME-18	4.6e-002	peak_664	6.86	fp	0
18-AAACAAA	STREME-18	4.6e-002	peak_866	6.86	fp	0
18-AAACAAA	STREME-18	4.6e-002	peak_559	6.86	fp	0
18-AAACAAA	STREME-18	4.6e-002	peak_869	6.86	fp	0
18-AAACAAA	STREME-18	4.6e-002	peak_230	6.86	fp	0
18-AAACAAA	STREME-18	4.6e-002	peak_348	6.86	fp	0
18-AAACAAA	STREME-18	4.6e-002	peak_434	6.86	fp	0
18-AAACAAA	STREME-18	4.6e-002	peak_28	6.86	fp	0
18-AAACAAA	STREME-18	4.6e-002	peak_209	6.86	fp	0
18-AAACAAA	STREME-18	4.6e-002	peak_529	6.86	fp	0
18-AAACAAA	STREME-18	4.6e-002	peak_543	6.86	fp	0
18-AAACAAA	STREME-18	4.6e-002	peak_583	6.86	fp	0
18-AAACAAA	STREME-18	4.6e-002	peak_811	6.86	fp	0
18-AAACAAA	STREME-18	4.6e-002	peak_471	6.86	fp	0
18-AAACAAA	STREME-18	4.6e-002	peak_760	6.86	fp	0
18-AAACAAA	STREME-18	4.6e-002	peak_740	6.86	fp	0
18-AAACAAA	STREME-18	4.6e-002	peak_362	6.86	fp	0
18-AAACAAA	STREME-18	4.6e-002	peak_401	6.86	fp	0
18-AAACAAA	STREME-18	4.6e-002	peak_514	6.86	fp	0
18-AAACAAA	STREME-18	4.6e-002	peak_790	6.86	fp	0
18-AAACAAA	STREME-18	4.6e-002	peak_819	6.86	fp	0
18-AAACAAA	STREME-18	4.6e-002	peak_183	6.86	fp	0
18-AAACAAA	STREME-18	4.6e-002	peak_422	6.86	fp	0
18-AAACAAA	STREME-18	4.6e-002	peak_545	6.86	fp	0
18-AAACAAA	STREME-18	4.6e-002	peak_291	6.86	fp	0
18-AAACAAA	STREME-18	4.6e-002	peak_347	6.86	fp	0
18-AAACAAA	STREME-18	4.6e-002	peak_2	6.86	fp	0
18-AAACAAA	STREME-18	4.6e-002	peak_744	6.86	fp	0
18-AAACAAA	STREME-18	4.6e-002	peak_748	6.86	fp	0
18-AAACAAA	STREME-18	4.6e-002	peak_763	6.86	fp	0
18-AAACAAA	STREME-18	4.6e-002	peak_823	6.86	fp	0
18-AAACAAA	STREME-18	4.6e-002	peak_532	6.86	fp	0
18-AAACAAA	STREME-18	4.6e-002	peak_577	6.86	fp	0
18-AAACAAA	STREME-18	4.6e-002	peak_483	6.86	fp	0
18-AAACAAA	STREME-18	4.6e-002	peak_381	6.86	fp	0
18-AAACAAA	STREME-18	4.6e-002	peak_726	6.86	fp	0
18-AAACAAA	STREME-18	4.6e-002	peak_450	6.86	fp	0
18-AAACAAA	STREME-18	4.6e-002	peak_55	6.86	fp	0
18-AAACAAA	STREME-18	4.6e-002	peak_412	6.86	fp	0
18-AAACAAA	STREME-18	4.6e-002	peak_11	6.86	fp	0
18-AAACAAA	STREME-18	4.6e-002	peak_94	6.86	fp	0
18-AAACAAA	STREME-18	4.6e-002	peak_573	6.86	fp	0
18-AAACAAA	STREME-18	4.6e-002	peak_210	6.86	fp	0
18-AAACAAA	STREME-18	4.6e-002	peak_777	6.86	fp	0
18-AAACAAA	STREME-18	4.6e-002	peak_642	6.86	fp	0
18-AAACAAA	STREME-18	4.6e-002	peak_813	6.86	fp	0
18-AAACAAA	STREME-18	4.6e-002	peak_822	6.86	fp	0
18-AAACAAA	STREME-18	4.6e-002	peak_867	6.86	fp	0
18-AAACAAA	STREME-18	4.6e-002	peak_608	6.86	fp	0
18-AAACAAA	STREME-18	4.6e-002	peak_407	6.86	fp	0
18-AAACAAA	STREME-18	4.6e-002	peak_5	6.86	fp	0
18-AAACAAA	STREME-18	4.6e-002	peak_88	6.86	fp	0
18-AAACAAA	STREME-18	4.6e-002	peak_852	6.86	fp	0
18-AAACAAA	STREME-18	4.6e-002	peak_589	6.86	fp	0
18-AAACAAA	STREME-18	4.6e-002	peak_696	6.86	fp	0
18-AAACAAA	STREME-18	4.6e-002	peak_204	6.86	fp	0
18-AAACAAA	STREME-18	4.6e-002	peak_18	6.86	fp	0
18-AAACAAA	STREME-18	4.6e-002	peak_460	6.86	fp	0
18-AAACAAA	STREME-18	4.6e-002	peak_65	6.86	fp	0
18-AAACAAA	STREME-18	4.6e-002	peak_10	6.86	fp	0
18-AAACAAA	STREME-18	4.6e-002	peak_681	6.86	tp	1
18-AAACAAA	STREME-18	4.6e-002	peak_697	6.86	tp	1
18-AAACAAA	STREME-18	4.6e-002	peak_741	6.86	tp	1
18-AAACAAA	STREME-18	4.6e-002	peak_284	6.86	tp	1
18-AAACAAA	STREME-18	4.6e-002	peak_580	6.86	tp	1
18-AAACAAA	STREME-18	4.6e-002	peak_391	6.86	tp	1
18-AAACAAA	STREME-18	4.6e-002	peak_484	6.86	tp	1
18-AAACAAA	STREME-18	4.6e-002	peak_160	6.86	tp	1
18-AAACAAA	STREME-18	4.6e-002	peak_114	6.86	fp	1
18-AAACAAA	STREME-18	4.6e-002	peak_693	6.86	fp	1
18-AAACAAA	STREME-18	4.6e-002	peak_19	6.86	fp	1
18-AAACAAA	STREME-18	4.6e-002	peak_870	6.86	fp	1
18-AAACAAA	STREME-18	4.6e-002	peak_163	6.86	fp	1
#
19-BCAAWCAGCTGWTTGV	STREME-19	5.0e-002	peak_508	20.29	tp	0
19-BCAAWCAGCTGWTTGV	STREME-19	5.0e-002	peak_476	19.90	tp	0
19-BCAAWCAGCTGWTTGV	STREME-19	5.0e-002	peak_475	19.63	tp	0
19-BCAAWCAGCTGWTTGV	STREME-19	5.0e-002	peak_517	19.55	tp	0
19-BCAAWCAGCTGWTTGV	STREME-19	5.0e-002	peak_343	19.38	tp	0
19-BCAAWCAGCTGWTTGV	STREME-19	5.0e-002	peak_199	19.19	tp	0
19-BCAAWCAGCTGWTTGV	STREME-19	5.0e-002	peak_745	19.11	tp	0
19-BCAAWCAGCTGWTTGV	STREME-19	5.0e-002	peak_272	18.80	tp	0
19-BCAAWCAGCTGWTTGV	STREME-19	5.0e-002	peak_182	18.71	tp	1
19-BCAAWCAGCTGWTTGV	STREME-19	5.0e-002	peak_367	18.49	tp	0
19-BCAAWCAGCTGWTTGV	STREME-19	5.0e-002	peak_797	18.45	tp	0
19-BCAAWCAGCTGWTTGV	STREME-19	5.0e-002	peak_376	18.40	tp	0
19-BCAAWCAGCTGWTTGV	STREME-19	5.0e-002	peak_38	18.27	tp	0
19-BCAAWCAGCTGWTTGV	STREME-19	5.0e-002	peak_488	18.11	tp	0
19-BCAAWCAGCTGWTTGV	STREME-19	5.0e-002	peak_133	18.06	tp	1
19-BCAAWCAGCTGWTTGV	STREME-19	5.0e-002	peak_429	18.01	tp	0
19-BCAAWCAGCTGWTTGV	STREME-19	5.0e-002	peak_558	17.80	tp	0
19-BCAAWCAGCTGWTTGV	STREME-19	5.0e-002	peak_813	17.80	tp	0
19-BCAAWCAGCTGWTTGV	STREME-19	5.0e-002	peak_675	17.64	fp	0
19-BCAAWCAGCTGWTTGV	STREME-19	5.0e-002	peak_532	17.09	tp	0
19-BCAAWCAGCTGWTTGV	STREME-19	5.0e-002	peak_149	16.86	tp	0
19-BCAAWCAGCTGWTTGV	STREME-19	5.0e-002	peak_163	16.56	tp	0
19-BCAAWCAGCTGWTTGV	STREME-19	5.0e-002	peak_538	16.42	tp	0
19-BCAAWCAGCTGWTTGV	STREME-19	5.0e-002	peak_308	16.29	tp	0
19-BCAAWCAGCTGWTTGV	STREME-19	5.0e-002	peak_778	16.13	tp	0
19-BCAAWCAGCTGWTTGV	STREME-19	5.0e-002	peak_827	16.04	fp	0
19-BCAAWCAGCTGWTTGV	STREME-19	5.0e-002	peak_763	16.04	tp	0
19-BCAAWCAGCTGWTTGV	STREME-19	5.0e-002	peak_113	15.96	tp	0
19-BCAAWCAGCTGWTTGV	STREME-19	5.0e-002	peak_738	15.83	tp	0
19-BCAAWCAGCTGWTTGV	STREME-19	5.0e-002	peak_640	15.83	tp	0
19-BCAAWCAGCTGWTTGV	STREME-19	5.0e-002	peak_62	15.81	tp	0
19-BCAAWCAGCTGWTTGV	STREME-19	5.0e-002	peak_437	15.67	tp	0
19-BCAAWCAGCTGWTTGV	STREME-19	5.0e-002	peak_423	15.64	tp	0
19-BCAAWCAGCTGWTTGV	STREME-19	5.0e-002	peak_627	15.61	tp	0
19-BCAAWCAGCTGWTTGV	STREME-19	5.0e-002	peak_821	15.53	tp	0
19-BCAAWCAGCTGWTTGV	STREME-19	5.0e-002	peak_154	15.51	tp	0
19-BCAAWCAGCTGWTTGV	STREME-19	5.0e-002	peak_76	15.40	tp	0
19-BCAAWCAGCTGWTTGV	STREME-19	5.0e-002	peak_679	15.33	tp	0
19-BCAAWCAGCTGWTTGV	STREME-19	5.0e-002	peak_13	15.27	tp	0
19-BCAAWCAGCTGWTTGV	STREME-19	5.0e-002	peak_759	15.12	tp	0
19-BCAAWCAGCTGWTTGV	STREME-19	5.0e-002	peak_615	15.05	tp	0
19-BCAAWCAGCTGWTTGV	STREME-19	5.0e-002	peak_785	14.98	tp	0
19-BCAAWCAGCTGWTTGV	STREME-19	5.0e-002	peak_174	14.94	tp	1
19-BCAAWCAGCTGWTTGV	STREME-19	5.0e-002	peak_130	14.73	tp	1
19-BCAAWCAGCTGWTTGV	STREME-19	5.0e-002	peak_279	14.52	tp	0
19-BCAAWCAGCTGWTTGV	STREME-19	5.0e-002	peak_333	14.49	tp	0
19-BCAAWCAGCTGWTTGV	STREME-19	5.0e-002	peak_364	14.35	tp	0
19-BCAAWCAGCTGWTTGV	STREME-19	5.0e-002	peak_377	14.32	tp	0
19-BCAAWCAGCTGWTTGV	STREME-19	5.0e-002	peak_19	14.24	tp	0
19-BCAAWCAGCTGWTTGV	STREME-19	5.0e-002	peak_616	14.18	tp	0
19-BCAAWCAGCTGWTTGV	STREME-19	5.0e-002	peak_45	14.02	tp	0
19-BCAAWCAGCTGWTTGV	STREME-19	5.0e-002	peak_865	13.98	tp	0
19-BCAAWCAGCTGWTTGV	STREME-19	5.0e-002	peak_150	13.96	fp	0
19-BCAAWCAGCTGWTTGV	STREME-19	5.0e-002	peak_812	13.94	tp	0
19-BCAAWCAGCTGWTTGV	STREME-19	5.0e-002	peak_381	13.89	tp	1
19-BCAAWCAGCTGWTTGV	STREME-19	5.0e-002	peak_259	13.82	tp	0
19-BCAAWCAGCTGWTTGV	STREME-19	5.0e-002	peak_452	13.76	tp	0
19-BCAAWCAGCTGWTTGV	STREME-19	5.0e-002	peak_207	13.64	tp	0
19-BCAAWCAGCTGWTTGV	STREME-19	5.0e-002	peak_788	13.63	tp	0
19-BCAAWCAGCTGWTTGV	STREME-19	5.0e-002	peak_146	13.60	tp	0
19-BCAAWCAGCTGWTTGV	STREME-19	5.0e-002	peak_858	13.58	tp	0
19-BCAAWCAGCTGWTTGV	STREME-19	5.0e-002	peak_246	13.53	tp	0
19-BCAAWCAGCTGWTTGV	STREME-19	5.0e-002	peak_97	13.50	tp	0
19-BCAAWCAGCTGWTTGV	STREME-19	5.0e-002	peak_597	13.47	tp	0
19-BCAAWCAGCTGWTTGV	STREME-19	5.0e-002	peak_609	13.24	fp	1
19-BCAAWCAGCTGWTTGV	STREME-19	5.0e-002	peak_232	13.21	tp	0
19-BCAAWCAGCTGWTTGV	STREME-19	5.0e-002	peak_489	13.17	tp	0
19-BCAAWCAGCTGWTTGV	STREME-19	5.0e-002	peak_131	13.15	tp	0
19-BCAAWCAGCTGWTTGV	STREME-19	5.0e-002	peak_650	12.99	tp	0
19-BCAAWCAGCTGWTTGV	STREME-19	5.0e-002	peak_590	12.98	tp	0
19-BCAAWCAGCTGWTTGV	STREME-19	5.0e-002	peak_40	12.98	tp	0
19-BCAAWCAGCTGWTTGV	STREME-19	5.0e-002	peak_87	12.97	tp	0
19-BCAAWCAGCTGWTTGV	STREME-19	5.0e-002	peak_814	12.93	tp	0
19-BCAAWCAGCTGWTTGV	STREME-19	5.0e-002	peak_171	12.82	tp	0
19-BCAAWCAGCTGWTTGV	STREME-19	5.0e-002	peak_91	12.81	tp	0
19-BCAAWCAGCTGWTTGV	STREME-19	5.0e-002	peak_166	12.70	tp	0
19-BCAAWCAGCTGWTTGV	STREME-19	5.0e-002	peak_626	12.60	fp	0
19-BCAAWCAGCTGWTTGV	STREME-19	5.0e-002	peak_296	12.51	tp	0
19-BCAAWCAGCTGWTTGV	STREME-19	5.0e-002	peak_443	12.50	fp	0
19-BCAAWCAGCTGWTTGV	STREME-19	5.0e-002	peak_176	12.50	tp	0
19-BCAAWCAGCTGWTTGV	STREME-19	5.0e-002	peak_362	12.46	tp	0
19-BCAAWCAGCTGWTTGV	STREME-19	5.0e-002	peak_549	12.38	tp	0
19-BCAAWCAGCTGWTTGV	STREME-19	5.0e-002	peak_615	12.33	fp	0
19-BCAAWCAGCTGWTTGV	STREME-19	5.0e-002	peak_162	12.30	tp	0
19-BCAAWCAGCTGWTTGV	STREME-19	5.0e-002	peak_283	12.29	tp	0
19-BCAAWCAGCTGWTTGV	STREME-19	5.0e-002	peak_531	12.21	tp	0
19-BCAAWCAGCTGWTTGV	STREME-19	5.0e-002	peak_501	12.13	fp	1
19-BCAAWCAGCTGWTTGV	STREME-19	5.0e-002	peak_41	12.10	tp	0
19-BCAAWCAGCTGWTTGV	STREME-19	5.0e-002	peak_34	12.06	tp	0
19-BCAAWCAGCTGWTTGV	STREME-19	5.0e-002	peak_298	11.91	tp	0
19-BCAAWCAGCTGWTTGV	STREME-19	5.0e-002	peak_10	11.78	tp	0
19-BCAAWCAGCTGWTTGV	STREME-19	5.0e-002	peak_543	11.62	tp	0
19-BCAAWCAGCTGWTTGV	STREME-19	5.0e-002	peak_591	11.58	tp	0
19-BCAAWCAGCTGWTTGV	STREME-19	5.0e-002	peak_71	11.56	tp	0
19-BCAAWCAGCTGWTTGV	STREME-19	5.0e-002	peak_837	11.53	tp	1
19-BCAAWCAGCTGWTTGV	STREME-19	5.0e-002	peak_262	11.52	tp	1
19-BCAAWCAGCTGWTTGV	STREME-19	5.0e-002	peak_190	11.50	tp	1
19-BCAAWCAGCTGWTTGV	STREME-19	5.0e-002	peak_806	11.38	tp	0
#
20-GHTATCGATADC	STREME-20	5.9e-002	peak_541	20.18	tp	0
20-GHTATCGATADC	STREME-20	5.9e-002	peak_156	19.19	tp	0
20-GHTATCGATADC	STREME-20	5.9e-002	peak_505	19.19	tp	0
20-GHTATCGATADC	STREME-20	5.9e-002	peak_362	19.19	tp	0
20-GHTATCGATADC	STREME-20	5.9e-002	peak_124	18.86	tp	0
20-GHTATCGATADC	STREME-20	5.9e-002	peak_575	18.86	tp	0
20-GHTATCGATADC	STREME-20	5.9e-002	peak_117	18.86	tp	0
20-GHTATCGATADC	STREME-20	5.9e-002	peak_359	18.86	tp	1
20-GHTATCGATADC	STREME-20	5.9e-002	peak_19	18.21	tp	0
20-GHTATCGATADC	STREME-20	5.9e-002	peak_256	18.21	tp	0
20-GHTATCGATADC	STREME-20	5.9e-002	peak_8	17.92	tp	0
20-GHTATCGATADC	STREME-20	5.9e-002	peak_466	17.92	tp	0
20-GHTATCGATADC	STREME-20	5.9e-002	peak_807	17.88	tp	0
20-GHTATCGATADC	STREME-20	5.9e-002	peak_418	17.88	tp	1
20-GHTATCGATADC	STREME-20	5.9e-002	peak_454	17.59	tp	0
20-GHTATCGATADC	STREME-20	5.9e-002	peak_37	17.55	tp	0
20-GHTATCGATADC	STREME-20	5.9e-002	peak_99	17.41	tp	0
20-GHTATCGATADC	STREME-20	5.9e-002	peak_655	17.41	tp	0
20-GHTATCGATADC	STREME-20	5.9e-002	peak_713	16.45	tp	0
20-GHTATCGATADC	STREME-20	5.9e-002	peak_259	16.45	tp	0
20-GHTATCGATADC	STREME-20	5.9e-002	peak_562	16.33	tp	0
20-GHTATCGATADC	STREME-20	5.9e-002	peak_545	16.32	tp	0
20-GHTATCGATADC	STREME-20	5.9e-002	peak_260	16.04	tp	0
20-GHTATCGATADC	STREME-20	5.9e-002	peak_341	15.90	tp	0
20-GHTATCGATADC	STREME-20	5.9e-002	peak_97	15.90	tp	0
20-GHTATCGATADC	STREME-20	5.9e-002	peak_154	15.90	tp	0
20-GHTATCGATADC	STREME-20	5.9e-002	peak_859	15.76	tp	0
20-GHTATCGATADC	STREME-20	5.9e-002	peak_775	15.71	tp	0
20-GHTATCGATADC	STREME-20	5.9e-002	peak_175	15.63	tp	0
20-GHTATCGATADC	STREME-20	5.9e-002	peak_125	15.52	tp	0
20-GHTATCGATADC	STREME-20	5.9e-002	peak_229	15.46	tp	0
20-GHTATCGATADC	STREME-20	5.9e-002	peak_802	15.13	tp	0
20-GHTATCGATADC	STREME-20	5.9e-002	peak_555	15.07	tp	0
20-GHTATCGATADC	STREME-20	5.9e-002	peak_79	15.07	fp	0
20-GHTATCGATADC	STREME-20	5.9e-002	peak_825	14.79	tp	1
20-GHTATCGATADC	STREME-20	5.9e-002	peak_577	14.52	tp	0
20-GHTATCGATADC	STREME-20	5.9e-002	peak_651	14.50	tp	0
20-GHTATCGATADC	STREME-20	5.9e-002	peak_88	14.50	tp	0
20-GHTATCGATADC	STREME-20	5.9e-002	peak_134	14.46	tp	0
20-GHTATCGATADC	STREME-20	5.9e-002	peak_805	14.46	tp	0
20-GHTATCGATADC	STREME-20	5.9e-002	peak_405	14.27	tp	0
20-GHTATCGATADC	STREME-20	5.9e-002	peak_198	14.10	fp	1
20-GHTATCGATADC	STREME-20	5.9e-002	peak_841	14.09	tp	0
20-GHTATCGATADC	STREME-20	5.9e-002	peak_459	14.09	tp	0
20-GHTATCGATADC	STREME-20	5.9e-002	peak_741	14.09	tp	1
20-GHTATCGATADC	STREME-20	5.9e-002	peak_383	14.07	tp	0
20-GHTATCGATADC	STREME-20	5.9e-002	peak_65	14.01	tp	0
20-GHTATCGATADC	STREME-20	5.9e-002	peak_261	13.92	tp	0
20-GHTATCGATADC	STREME-20	5.9e-002	peak_742	13.88	tp	0
20-GHTATCGATADC	STREME-20	5.9e-002	peak_390	13.88	tp	0
20-GHTATCGATADC	STREME-20	5.9e-002	peak_146	13.78	tp	0
20-GHTATCGATADC	STREME-20	5.9e-002	peak_17	13.74	tp	0
20-GHTATCGATADC	STREME-20	5.9e-002	peak_39	13.74	tp	0
20-GHTATCGATADC	STREME-20	5.9e-002	peak_195	13.58	tp	0
20-GHTATCGATADC	STREME-20	5.9e-002	peak_64	13.55	tp	0
20-GHTATCGATADC	STREME-20	5.9e-002	peak_45	13.41	tp	0
20-GHTATCGATADC	STREME-20	5.9e-002	peak_845	13.40	tp	0
20-GHTATCGATADC	STREME-20	5.9e-002	peak_509	13.33	tp	0
20-GHTATCGATADC	STREME-20	5.9e-002	peak_116	13.12	tp	0
20-GHTATCGATADC	STREME-20	5.9e-002	peak_849	13.12	tp	0
20-GHTATCGATADC	STREME-20	5.9e-002	peak_404	13.06	tp	1
20-GHTATCGATADC	STREME-20	5.9e-002	peak_114	13.03	tp	0
20-GHTATCGATADC	STREME-20	5.9e-002	peak_506	13.02	tp	1
20-GHTATCGATADC	STREME-20	5.9e-002	peak_758	12.96	tp	0
20-GHTATCGATADC	STREME-20	5.9e-002	peak_368	12.94	tp	0
20-GHTATCGATADC	STREME-20	5.9e-002	peak_66	12.75	tp	0
#
21-CAGCTGGCGG	STREME-21	5.9e-002	peak_673	17.96	tp	0
21-CAGCTGGCGG	STREME-21	5.9e-002	peak_648	17.96	tp	0
21-CAGCTGGCGG	STREME-21	5.9e-002	peak_293	17.96	tp	0
21-CAGCTGGCGG	STREME-21	5.9e-002	peak_246	16.50	tp	0
21-CAGCTGGCGG	STREME-21	5.9e-002	peak_459	16.50	tp	0
21-CAGCTGGCGG	STREME-21	5.9e-002	peak_90	15.84	tp	0
21-CAGCTGGCGG	STREME-21	5.9e-002	peak_134	15.84	tp	0
21-CAGCTGGCGG	STREME-21	5.9e-002	peak_149	15.84	tp	0
21-CAGCTGGCGG	STREME-21	5.9e-002	peak_863	15.78	tp	0
21-CAGCTGGCGG	STREME-21	5.9e-002	peak_322	15.78	fp	0
21-CAGCTGGCGG	STREME-21	5.9e-002	peak_861	15.55	tp	0
21-CAGCTGGCGG	STREME-21	5.9e-002	peak_778	15.27	tp	0
21-CAGCTGGCGG	STREME-21	5.9e-002	peak_327	15.21	tp	0
21-CAGCTGGCGG	STREME-21	5.9e-002	peak_420	15.20	tp	0
21-CAGCTGGCGG	STREME-21	5.9e-002	peak_496	14.89	tp	0
21-CAGCTGGCGG	STREME-21	5.9e-002	peak_707	14.89	tp	0
21-CAGCTGGCGG	STREME-21	5.9e-002	peak_347	14.89	fp	0
21-CAGCTGGCGG	STREME-21	5.9e-002	peak_689	14.89	tp	1
21-CAGCTGGCGG	STREME-21	5.9e-002	peak_270	14.50	tp	0
21-CAGCTGGCGG	STREME-21	5.9e-002	peak_356	14.50	tp	0
21-CAGCTGGCGG	STREME-21	5.9e-002	peak_342	14.50	tp	0
21-CAGCTGGCGG	STREME-21	5.9e-002	peak_265	14.50	tp	0
21-CAGCTGGCGG	STREME-21	5.9e-002	peak_117	14.50	tp	0
21-CAGCTGGCGG	STREME-21	5.9e-002	peak_513	14.48	tp	0
21-CAGCTGGCGG	STREME-21	5.9e-002	peak_574	14.48	tp	0
21-CAGCTGGCGG	STREME-21	5.9e-002	peak_560	14.48	tp	0
21-CAGCTGGCGG	STREME-21	5.9e-002	peak_274	14.42	tp	0
21-CAGCTGGCGG	STREME-21	5.9e-002	peak_748	14.42	tp	0
21-CAGCTGGCGG	STREME-21	5.9e-002	peak_71	14.42	tp	0
21-CAGCTGGCGG	STREME-21	5.9e-002	peak_602	14.42	tp	0
21-CAGCTGGCGG	STREME-21	5.9e-002	peak_716	14.31	fp	0
21-CAGCTGGCGG	STREME-21	5.9e-002	peak_814	14.26	tp	0
21-CAGCTGGCGG	STREME-21	5.9e-002	peak_307	14.16	fp	0
21-CAGCTGGCGG	STREME-21	5.9e-002	peak_317	14.09	tp	0
21-CAGCTGGCGG	STREME-21	5.9e-002	peak_579	14.08	tp	0
21-CAGCTGGCGG	STREME-21	5.9e-002	peak_342	14.08	fp	0
21-CAGCTGGCGG	STREME-21	5.9e-002	peak_620	13.93	tp	0
21-CAGCTGGCGG	STREME-21	5.9e-002	peak_665	13.91	tp	0
21-CAGCTGGCGG	STREME-21	5.9e-002	peak_275	13.89	fp	0
21-CAGCTGGCGG	STREME-21	5.9e-002	peak_445	13.50	tp	0
21-CAGCTGGCGG	STREME-21	5.9e-002	peak_444	13.50	tp	0
21-CAGCTGGCGG	STREME-21	5.9e-002	peak_759	13.49	tp	0
21-CAGCTGGCGG	STREME-21	5.9e-002	peak_3	13.43	tp	0
21-CAGCTGGCGG	STREME-21	5.9e-002	peak_446	13.33	tp	0
21-CAGCTGGCGG	STREME-21	5.9e-002	peak_30	13.25	tp	0
21-CAGCTGGCGG	STREME-21	5.9e-002	peak_88	13.25	tp	0
21-CAGCTGGCGG	STREME-21	5.9e-002	peak_571	13.20	fp	0
21-CAGCTGGCGG	STREME-21	5.9e-002	peak_405	13.20	tp	0
21-CAGCTGGCGG	STREME-21	5.9e-002	peak_60	13.18	tp	1
21-CAGCTGGCGG	STREME-21	5.9e-002	peak_480	13.16	tp	0
21-CAGCTGGCGG	STREME-21	5.9e-002	peak_508	13.12	fp	0
21-CAGCTGGCGG	STREME-21	5.9e-002	peak_588	13.11	tp	1
21-CAGCTGGCGG	STREME-21	5.9e-002	peak_8	13.06	tp	0
21-CAGCTGGCGG	STREME-21	5.9e-002	peak_162	13.06	tp	0
21-CAGCTGGCGG	STREME-21	5.9e-002	peak_84	13.04	tp	0
21-CAGCTGGCGG	STREME-21	5.9e-002	peak_842	13.04	tp	0
21-CAGCTGGCGG	STREME-21	5.9e-002	peak_229	13.04	tp	0
21-CAGCTGGCGG	STREME-21	5.9e-002	peak_215	13.04	tp	0
21-CAGCTGGCGG	STREME-21	5.9e-002	peak_563	13.04	fp	0
21-CAGCTGGCGG	STREME-21	5.9e-002	peak_732	13.04	tp	1
21-CAGCTGGCGG	STREME-21	5.9e-002	peak_20	13.03	tp	0
21-CAGCTGGCGG	STREME-21	5.9e-002	peak_454	13.03	tp	0
21-CAGCTGGCGG	STREME-21	5.9e-002	peak_754	12.95	tp	0
21-CAGCTGGCGG	STREME-21	5.9e-002	peak_271	12.95	fp	1
21-CAGCTGGCGG	STREME-21	5.9e-002	peak_516	12.92	tp	0
21-CAGCTGGCGG	STREME-21	5.9e-002	peak_29	12.92	tp	0
21-CAGCTGGCGG	STREME-21	5.9e-002	peak_48	12.75	tp	0
21-CAGCTGGCGG	STREME-21	5.9e-002	peak_116	12.75	tp	0
21-CAGCTGGCGG	STREME-21	5.9e-002	peak_113	12.75	fp	0
21-CAGCTGGCGG	STREME-21	5.9e-002	peak_849	12.61	tp	0
21-CAGCTGGCGG	STREME-21	5.9e-002	peak_615	12.57	tp	0
21-CAGCTGGCGG	STREME-21	5.9e-002	peak_41	12.50	tp	0
21-CAGCTGGCGG	STREME-21	5.9e-002	peak_597	12.50	tp	0
21-CAGCTGGCGG	STREME-21	5.9e-002	peak_367	12.50	fp	0
21-CAGCTGGCGG	STREME-21	5.9e-002	peak_383	12.44	tp	0
21-CAGCTGGCGG	STREME-21	5.9e-002	peak_275	12.38	tp	0
21-CAGCTGGCGG	STREME-21	5.9e-002	peak_303	12.38	fp	0
21-CAGCTGGCGG	STREME-21	5.9e-002	peak_251	12.37	tp	0
21-CAGCTGGCGG	STREME-21	5.9e-002	peak_551	12.37	tp	1
21-CAGCTGGCGG	STREME-21	5.9e-002	peak_722	12.32	tp	1
21-CAGCTGGCGG	STREME-21	5.9e-002	peak_485	12.28	tp	0
21-CAGCTGGCGG	STREME-21	5.9e-002	peak_93	12.24	fp	0
21-CAGCTGGCGG	STREME-21	5.9e-002	peak_184	12.15	tp	0
21-CAGCTGGCGG	STREME-21	5.9e-002	peak_811	12.15	fp	0
21-CAGCTGGCGG	STREME-21	5.9e-002	peak_304	12.05	tp	0
21-CAGCTGGCGG	STREME-21	5.9e-002	peak_801	12.01	tp	0
21-CAGCTGGCGG	STREME-21	5.9e-002	peak_377	11.99	tp	0
21-CAGCTGGCGG	STREME-21	5.9e-002	peak_631	11.96	tp	0
21-CAGCTGGCGG	STREME-21	5.9e-002	peak_261	11.95	tp	0
21-CAGCTGGCGG	STREME-21	5.9e-002	peak_659	11.86	tp	0
21-CAGCTGGCGG	STREME-21	5.9e-002	peak_627	11.82	tp	0
#
22-RAAGGGTATHYVWWAGTC	STREME-22	2.5e-001	peak_72	24.57	tp	0
22-RAAGGGTATHYVWWAGTC	STREME-22	2.5e-001	peak_842	24.40	tp	0
22-RAAGGGTATHYVWWAGTC	STREME-22	2.5e-001	peak_457	24.09	tp	0
22-RAAGGGTATHYVWWAGTC	STREME-22	2.5e-001	peak_830	22.92	tp	0
22-RAAGGGTATHYVWWAGTC	STREME-22	2.5e-001	peak_692	22.76	tp	0
22-RAAGGGTATHYVWWAGTC	STREME-22	2.5e-001	peak_263	22.35	tp	0
22-RAAGGGTATHYVWWAGTC	STREME-22	2.5e-001	peak_673	22.34	tp	0
22-RAAGGGTATHYVWWAGTC	STREME-22	2.5e-001	peak_633	21.63	tp	0
22-RAAGGGTATHYVWWAGTC	STREME-22	2.5e-001	peak_770	20.82	tp	0
22-RAAGGGTATHYVWWAGTC	STREME-22	2.5e-001	peak_421	20.28	tp	0
22-RAAGGGTATHYVWWAGTC	STREME-22	2.5e-001	peak_747	20.10	tp	0
22-RAAGGGTATHYVWWAGTC	STREME-22	2.5e-001	peak_398	19.92	tp	0
22-RAAGGGTATHYVWWAGTC	STREME-22	2.5e-001	peak_268	19.87	tp	0
22-RAAGGGTATHYVWWAGTC	STREME-22	2.5e-001	peak_508	19.78	tp	0
22-RAAGGGTATHYVWWAGTC	STREME-22	2.5e-001	peak_426	19.68	tp	0
22-RAAGGGTATHYVWWAGTC	STREME-22	2.5e-001	peak_92	18.60	tp	0
22-RAAGGGTATHYVWWAGTC	STREME-22	2.5e-001	peak_302	18.06	tp	0
22-RAAGGGTATHYVWWAGTC	STREME-22	2.5e-001	peak_320	17.60	tp	0
22-RAAGGGTATHYVWWAGTC	STREME-22	2.5e-001	peak_507	16.68	tp	0
22-RAAGGGTATHYVWWAGTC	STREME-22	2.5e-001	peak_56	16.66	tp	0
22-RAAGGGTATHYVWWAGTC	STREME-22	2.5e-001	peak_576	16.44	tp	0
22-RAAGGGTATHYVWWAGTC	STREME-22	2.5e-001	peak_374	16.41	tp	0
22-RAAGGGTATHYVWWAGTC	STREME-22	2.5e-001	peak_107	16.40	tp	0
22-RAAGGGTATHYVWWAGTC	STREME-22	2.5e-001	peak_748	16.25	tp	0
22-RAAGGGTATHYVWWAGTC	STREME-22	2.5e-001	peak_327	15.99	tp	0
22-RAAGGGTATHYVWWAGTC	STREME-22	2.5e-001	peak_389	15.97	tp	0
22-RAAGGGTATHYVWWAGTC	STREME-22	2.5e-001	peak_144	15.85	tp	0
22-RAAGGGTATHYVWWAGTC	STREME-22	2.5e-001	peak_626	15.83	tp	0
22-RAAGGGTATHYVWWAGTC	STREME-22	2.5e-001	peak_74	15.54	tp	0
22-RAAGGGTATHYVWWAGTC	STREME-22	2.5e-001	peak_275	15.50	tp	0
22-RAAGGGTATHYVWWAGTC	STREME-22	2.5e-001	peak_229	15.30	tp	0
22-RAAGGGTATHYVWWAGTC	STREME-22	2.5e-001	peak_637	15.22	tp	0
22-RAAGGGTATHYVWWAGTC	STREME-22	2.5e-001	peak_333	15.12	fp	0
22-RAAGGGTATHYVWWAGTC	STREME-22	2.5e-001	peak_238	15.06	tp	1
22-RAAGGGTATHYVWWAGTC	STREME-22	2.5e-001	peak_656	15.05	tp	0
22-RAAGGGTATHYVWWAGTC	STREME-22	2.5e-001	peak_243	14.98	tp	0
22-RAAGGGTATHYVWWAGTC	STREME-22	2.5e-001	peak_670	14.94	tp	0
22-RAAGGGTATHYVWWAGTC	STREME-22	2.5e-001	peak_41	14.91	tp	0
22-RAAGGGTATHYVWWAGTC	STREME-22	2.5e-001	peak_776	14.90	tp	0
22-RAAGGGTATHYVWWAGTC	STREME-22	2.5e-001	peak_20	14.82	tp	0
22-RAAGGGTATHYVWWAGTC	STREME-22	2.5e-001	peak_175	14.66	tp	0
22-RAAGGGTATHYVWWAGTC	STREME-22	2.5e-001	peak_481	14.63	tp	0
22-RAAGGGTATHYVWWAGTC	STREME-22	2.5e-001	peak_142	14.56	tp	0
22-RAAGGGTATHYVWWAGTC	STREME-22	2.5e-001	peak_315	14.35	tp	1
22-RAAGGGTATHYVWWAGTC	STREME-22	2.5e-001	peak_566	14.33	tp	0
