motif_id	motif_alt_id	sequence_name	start	stop	strand	score	p-value	q-value	matched_sequence
AWWWWWWWWWWWAAHAWATWWAAAAWWWW	MEME-1	peak_386	110	138	+	20.6486	4.92e-09	0.00152	AAATATTACACAAATATTTTTAAAATAAA
AWWWWWWWWWWWAAHAWATWWAAAAWWWW	MEME-1	peak_379	195	223	+	20.3784	7.24e-09	0.00152	AAATAATGTCTAAATAAATTTAAATATAT
AWWWWWWWWWWWAAHAWATWWAAAAWWWW	MEME-1	peak_77	189	217	+	19.6622	1.92e-08	0.00197	AAAAGATTTTTTAACAAATAAAAAAAAAA
AWWWWWWWWWWWAAHAWATWWAAAAWWWW	MEME-1	peak_476	297	325	+	19.473	2.45e-08	0.00197	AAAAATGAAATAAATATATTTAATATATT
AWWWWWWWWWWWAAHAWATWWAAAAWWWW	MEME-1	peak_415	238	266	+	19.2838	3.12e-08	0.00197	AATAAAAAAAAAAACATATGTAATATTAT
AWWWWWWWWWWWAAHAWATWWAAAAWWWW	MEME-1	peak_433	288	316	-	19.2568	3.23e-08	0.00197	AAGAAATGTACAAATATTTTTAAAATTTT
AWWWWWWWWWWWAAHAWATWWAAAAWWWW	MEME-1	peak_437	233	261	+	19.2297	3.34e-08	0.00197	AATATATAAGTAAATAAATAAAATAATAT
AWWWWWWWWWWWAAHAWATWWAAAAWWWW	MEME-1	peak_588	523	551	+	19.1351	3.76e-08	0.00197	AATATATATAAAAAAATATATAATATTAT
AWWWWWWWWWWWAAHAWATWWAAAAWWWW	MEME-1	peak_170	123	151	+	18.8514	5.32e-08	0.00223	ATATAATTTCTTAATACAATTAAAAATAA
AWWWWWWWWWWWAAHAWATWWAAAAWWWW	MEME-1	peak_374	73	101	+	18.7703	5.87e-08	0.00223	TAATATTTTATAAAAATATATAAAATGTA
AWWWWWWWWWWWAAHAWATWWAAAAWWWW	MEME-1	peak_351	131	159	-	18.7162	6.26e-08	0.00223	AATAATAAAATAAACAATTTTAGAATAAA
AWWWWWWWWWWWAAHAWATWWAAAAWWWW	MEME-1	peak_264	195	223	-	18.7027	6.36e-08	0.00223	ATTAAAAATATAAATGTATTTAACATTAT
AWWWWWWWWWWWAAHAWATWWAAAAWWWW	MEME-1	peak_278	206	234	+	18.5946	7.23e-08	0.00234	ATCATAATTTAAAATATATTTAAAAATTA
AWWWWWWWWWWWAAHAWATWWAAAAWWWW	MEME-1	peak_320	203	231	+	18.3108	1.01e-07	0.00278	AAATTATTAATAAATAATTTAAGAAAATA
AWWWWWWWWWWWAAHAWATWWAAAAWWWW	MEME-1	peak_199	126	154	+	18.1757	1.18e-07	0.00278	ATAAAATAAGTTATTATAATTAAAATGAT
AWWWWWWWWWWWAAHAWATWWAAAAWWWW	MEME-1	peak_530	145	173	+	18.1622	1.19e-07	0.00278	AAATAATATGAAAATATAAAATAAATATA
AWWWWWWWWWWWAAHAWATWWAAAAWWWW	MEME-1	peak_90	314	342	-	18.1351	1.23e-07	0.00278	AAATAAATAATTAAAATTTTAAAGATTTA
AWWWWWWWWWWWAAHAWATWWAAAAWWWW	MEME-1	peak_436	210	238	-	18.0676	1.33e-07	0.00278	AATATTAATTATAAAATATTCAAAATAAT
AWWWWWWWWWWWAAHAWATWWAAAAWWWW	MEME-1	peak_376	252	280	-	17.973	1.48e-07	0.00278	ATTAATAAATTAAAAAAATTAAAATATTA
AWWWWWWWWWWWAAHAWATWWAAAAWWWW	MEME-1	peak_376	253	281	-	17.973	1.48e-07	0.00278	TATTAATAAATTAAAAAAATTAAAATATT
AWWWWWWWWWWWAAHAWATWWAAAAWWWW	MEME-1	peak_409	323	351	+	17.9595	1.5e-07	0.00278	AATTAAATATTAAACATTTTTAAATATCA
AWWWWWWWWWWWAAHAWATWWAAAAWWWW	MEME-1	peak_599	148	176	-	17.9459	1.52e-07	0.00278	ACAAAATAAGCAAATAAATGAAAGAATTA
AWWWWWWWWWWWAAHAWATWWAAAAWWWW	MEME-1	peak_262	283	311	+	17.9459	1.52e-07	0.00278	AATACATTTTTAAACAAATATAAATTTTT
AWWWWWWWWWWWAAHAWATWWAAAAWWWW	MEME-1	peak_54	292	320	-	17.7162	1.96e-07	0.00344	AAAATACATCTTAATATATTTATATAATA
AWWWWWWWWWWWAAHAWATWWAAAAWWWW	MEME-1	peak_271	236	264	-	17.4054	2.75e-07	0.00457	AAATGATAAATAAATAGTTTTAAATATAA
AWWWWWWWWWWWAAHAWATWWAAAAWWWW	MEME-1	peak_439	201	229	+	17.3784	2.83e-07	0.00457	TCAATATTTAAAGACATATTTAAATATAA
AWWWWWWWWWWWAAHAWATWWAAAAWWWW	MEME-1	peak_376	261	289	-	17.2838	3.12e-07	0.00486	AAGCAAAATATTAATAAATTAAAAAAATT
AWWWWWWWWWWWAAHAWATWWAAAAWWWW	MEME-1	peak_107	392	420	-	17.1892	3.45e-07	0.00518	ATCAAAATATATAATAAATTTAACAAATA
AWWWWWWWWWWWAAHAWATWWAAAAWWWW	MEME-1	peak_278	209	237	-	17.1351	3.65e-07	0.00518	TCTTAATTTTTAAATATATTTTAAATTAT
AWWWWWWWWWWWAAHAWATWWAAAAWWWW	MEME-1	peak_473	214	242	-	17.1216	3.7e-07	0.00518	AATAAATATATAAAAACATATAGTATTAT
AWWWWWWWWWWWAAHAWATWWAAAAWWWW	MEME-1	peak_588	521	549	+	17.0676	3.92e-07	0.00526	TTAATATATATAAAAAAATATATAATATT
AWWWWWWWWWWWAAHAWATWWAAAAWWWW	MEME-1	peak_524	187	215	-	17.0405	4.03e-07	0.00526	AATTAAAAAATAAAAATTTATATAATTTT
AWWWWWWWWWWWAAHAWATWWAAAAWWWW	MEME-1	peak_398	199	227	-	16.9459	4.44e-07	0.00526	ACATTTTTTGTTAATATTTTTTAATAAAA
AWWWWWWWWWWWAAHAWATWWAAAAWWWW	MEME-1	peak_384	126	154	+	16.9324	4.5e-07	0.00526	AAAATTTTAGTTGAAAAATATAATAATAT
AWWWWWWWWWWWAAHAWATWWAAAAWWWW	MEME-1	peak_324	405	433	+	16.9189	4.56e-07	0.00526	AATATATATCTAAAAATTAAAAAAAAATT
AWWWWWWWWWWWAAHAWATWWAAAAWWWW	MEME-1	peak_125	527	555	+	16.9189	4.56e-07	0.00526	AAAAAATATATATAAAAATGTAAGTATTA
AWWWWWWWWWWWAAHAWATWWAAAAWWWW	MEME-1	peak_346	471	499	-	16.8919	4.69e-07	0.00526	ACATAATAAAATGAAATAATAAAAAATAA
AWWWWWWWWWWWAAHAWATWWAAAAWWWW	MEME-1	peak_598	254	282	-	16.8784	4.76e-07	0.00526	TATACATATATTAATATATGTAAAATGAA
AWWWWWWWWWWWAAHAWATWWAAAAWWWW	MEME-1	peak_38	219	247	+	16.8243	5.03e-07	0.00528	AAAAATAAAGAAACCATGTTTAATAAAAA
AWWWWWWWWWWWAAHAWATWWAAAAWWWW	MEME-1	peak_324	404	432	+	16.8243	5.03e-07	0.00528	AAATATATATCTAAAAATTAAAAAAAAAT
AWWWWWWWWWWWAAHAWATWWAAAAWWWW	MEME-1	peak_322	428	456	-	16.7703	5.31e-07	0.00538	TAAATAAAAATAAATAAATTTTATTAATT
AWWWWWWWWWWWAAHAWATWWAAAAWWWW	MEME-1	peak_15	165	193	+	16.7568	5.38e-07	0.00538	AATAAATAAGTTACAATTTAAAAGAATAT
AWWWWWWWWWWWAAHAWATWWAAAAWWWW	MEME-1	peak_18	259	287	-	16.6351	6.08e-07	0.00588	ATACAATTTATAGAAATATTTAATATTAT
AWWWWWWWWWWWAAHAWATWWAAAAWWWW	MEME-1	peak_285	112	140	-	16.5946	6.33e-07	0.00588	TAAATTAATGCAAACATTTTTAAATTTTT
AWWWWWWWWWWWAAHAWATWWAAAAWWWW	MEME-1	peak_6	76	104	-	16.5541	6.59e-07	0.00588	AAAACTATTGTAAATGTTTTAAAAAATAT
AWWWWWWWWWWWAAHAWATWWAAAAWWWW	MEME-1	peak_189	272	300	+	16.5405	6.68e-07	0.00588	AATTAATAAGTAAATAATTTTCAATAATT
AWWWWWWWWWWWAAHAWATWWAAAAWWWW	MEME-1	peak_300	188	216	-	16.5	6.96e-07	0.00588	AACAAATTTTAAAACAAAATTAATTTTAA
AWWWWWWWWWWWAAHAWATWWAAAAWWWW	MEME-1	peak_539	443	471	+	16.4865	7.05e-07	0.00588	AAAATATAAATAAATTTATACAACTTTTT
AWWWWWWWWWWWAAHAWATWWAAAAWWWW	MEME-1	peak_589	78	106	-	16.473	7.14e-07	0.00588	ATATTTTTAATAAAAATCTAAAAATTAAA
AWWWWWWWWWWWAAHAWATWWAAAAWWWW	MEME-1	peak_577	121	149	+	16.473	7.14e-07	0.00588	AAAAGATAAAATAACATATTTTAAAAAGT
AWWWWWWWWWWWAAHAWATWWAAAAWWWW	MEME-1	peak_31	165	193	+	16.473	7.14e-07	0.00588	AAAAATTTAATTATAATTATTAAGATAAA
AWWWWWWWWWWWAAHAWATWWAAAAWWWW	MEME-1	peak_325	380	408	-	16.3649	7.94e-07	0.00642	AAAAATTTTAAAAGTGAAATAAAAAATAT
AWWWWWWWWWWWAAHAWATWWAAAAWWWW	MEME-1	peak_609	124	152	-	16.2703	8.71e-07	0.00683	AATTTACTAATAAACATAATCAATAATAA
AWWWWWWWWWWWAAHAWATWWAAAAWWWW	MEME-1	peak_286	261	289	-	16.2568	8.83e-07	0.00683	AAAATATAAAATGCTGTATATAAATATAA
AWWWWWWWWWWWAAHAWATWWAAAAWWWW	MEME-1	peak_92	167	195	+	16.2432	8.94e-07	0.00683	ACTAAATAAGTAGCTATATTAAAAAAGCT
AWWWWWWWWWWWAAHAWATWWAAAAWWWW	MEME-1	peak_154	126	154	+	16.1486	9.8e-07	0.00722	AAAATATAAACAAATATAAATCAAATTTT
AWWWWWWWWWWWAAHAWATWWAAAAWWWW	MEME-1	peak_271	208	236	-	16.1486	9.8e-07	0.00722	ATATAAATTTTAAATATATAGTAAATAAA
AWWWWWWWWWWWAAHAWATWWAAAAWWWW	MEME-1	peak_122	162	190	+	16.0811	1.05e-06	0.00757	ATCAAAATAGTAAAAATATTTTGAAAAAT
AWWWWWWWWWWWAAHAWATWWAAAAWWWW	MEME-1	peak_380	126	154	-	16.0405	1.09e-06	0.00765	AAATTAAAAACAAATAAAATCAATATTTT
AWWWWWWWWWWWAAHAWATWWAAAAWWWW	MEME-1	peak_541	149	177	-	16.0135	1.11e-06	0.00765	TCATATTAAGCTAATAAATTTACAATAAT
AWWWWWWWWWWWAAHAWATWWAAAAWWWW	MEME-1	peak_320	202	230	+	16.0135	1.11e-06	0.00765	AAAATTATTAATAAATAATTTAAGAAAAT
AWWWWWWWWWWWAAHAWATWWAAAAWWWW	MEME-1	peak_175	181	209	-	16	1.13e-06	0.00765	AATAATATAAAAATAATATTAAAGATTAA
AWWWWWWWWWWWAAHAWATWWAAAAWWWW	MEME-1	peak_107	285	313	+	15.9459	1.19e-06	0.00778	ATAAAATTTGAAAATATCTAAAAGTATAT
AWWWWWWWWWWWAAHAWATWWAAAAWWWW	MEME-1	peak_225	111	139	+	15.9324	1.2e-06	0.00778	ATAAAAGTTACTAATATTTTAAAGAAATA
AWWWWWWWWWWWAAHAWATWWAAAAWWWW	MEME-1	peak_530	141	169	+	15.9324	1.2e-06	0.00778	ATTAAAATAATATGAAAATATAAAATAAA
AWWWWWWWWWWWAAHAWATWWAAAAWWWW	MEME-1	peak_146	17	45	-	15.8649	1.28e-06	0.00804	ACAAAATAATCAAAAATATAAATTAATAT
AWWWWWWWWWWWAAHAWATWWAAAAWWWW	MEME-1	peak_322	434	462	-	15.8649	1.28e-06	0.00804	AAAATGTAAATAAAAATAAATAAATTTTA
AWWWWWWWWWWWAAHAWATWWAAAAWWWW	MEME-1	peak_409	301	329	+	15.7973	1.37e-06	0.00817	AAGTAATTTTATAACACATATTAATTAAA
AWWWWWWWWWWWAAHAWATWWAAAAWWWW	MEME-1	peak_334	124	152	+	15.7838	1.38e-06	0.00817	ATTTTATTTATTACCATCATTAAAAAATA
AWWWWWWWWWWWAAHAWATWWAAAAWWWW	MEME-1	peak_332	110	138	-	15.7703	1.4e-06	0.00817	AATAATAATAAAAATACATTTTTATATTA
AWWWWWWWWWWWAAHAWATWWAAAAWWWW	MEME-1	peak_180	61	89	-	15.7162	1.47e-06	0.00817	ATAAGATTTAATAATATTTTAAATTTAAA
AWWWWWWWWWWWAAHAWATWWAAAAWWWW	MEME-1	peak_376	249	277	+	15.6892	1.51e-06	0.00817	ATATAATATTTTAATTTTTTTAATTTATT
AWWWWWWWWWWWAAHAWATWWAAAAWWWW	MEME-1	peak_550	89	117	+	15.6757	1.53e-06	0.00817	AAAAAAAATATATATATATGTCAAAATTT
AWWWWWWWWWWWAAHAWATWWAAAAWWWW	MEME-1	peak_219	131	159	+	15.6757	1.53e-06	0.00817	AAAAATTAGTATACTATATATATAAAAAA
AWWWWWWWWWWWAAHAWATWWAAAAWWWW	MEME-1	peak_485	204	232	-	15.6622	1.55e-06	0.00817	ATTTATATAATAAACACATATATATTTAA
AWWWWWWWWWWWAAHAWATWWAAAAWWWW	MEME-1	peak_257	201	229	-	15.6486	1.57e-06	0.00817	AATTATTTTCTAAACTTAAAAAAAATAAA
AWWWWWWWWWWWAAHAWATWWAAAAWWWW	MEME-1	peak_28	240	268	+	15.6351	1.59e-06	0.00817	CCATAATATATTATTATTTATAAAAAAAA
AWWWWWWWWWWWAAHAWATWWAAAAWWWW	MEME-1	peak_376	257	285	-	15.6351	1.59e-06	0.00817	AAAATATTAATAAATTAAAAAAATTAAAA
AWWWWWWWWWWWAAHAWATWWAAAAWWWW	MEME-1	peak_169	131	159	+	15.6216	1.61e-06	0.00817	AACAAATGTTCTGTTACATTTAAAAAAAT
AWWWWWWWWWWWAAHAWATWWAAAAWWWW	MEME-1	peak_172	111	139	+	15.5946	1.65e-06	0.00817	AAAAAAAATATATATATATTTTTATAGTA
AWWWWWWWWWWWAAHAWATWWAAAAWWWW	MEME-1	peak_366	279	307	-	15.5946	1.65e-06	0.00817	ATTAATTTATAAAAAAGATTTAATTTAAA
AWWWWWWWWWWWAAHAWATWWAAAAWWWW	MEME-1	peak_351	147	175	-	15.5676	1.69e-06	0.00817	AAAAAAATTTTAGAAGAATAATAAAATAA
AWWWWWWWWWWWAAHAWATWWAAAAWWWW	MEME-1	peak_366	232	260	-	15.5676	1.69e-06	0.00817	TATTTATAATTTTATAAATTTAAAATTAT
AWWWWWWWWWWWAAHAWATWWAAAAWWWW	MEME-1	peak_79	326	354	+	15.5676	1.69e-06	0.00817	ACATAATACAAAACAATATACAAATTATT
AWWWWWWWWWWWAAHAWATWWAAAAWWWW	MEME-1	peak_31	144	172	+	15.5541	1.71e-06	0.00817	CAAAAACAAAATAACAGATATAAAAATTT
AWWWWWWWWWWWAAHAWATWWAAAAWWWW	MEME-1	peak_435	158	186	+	15.5541	1.71e-06	0.00817	ACATAAATAGTAAACATATATTCCAAAAT
AWWWWWWWWWWWAAHAWATWWAAAAWWWW	MEME-1	peak_366	209	237	-	15.5541	1.71e-06	0.00817	AATTATAAAACAAATTAATTCAAATTTAT
AWWWWWWWWWWWAAHAWATWWAAAAWWWW	MEME-1	peak_62	464	492	+	15.5541	1.71e-06	0.00817	AAAAAATATATATATACATATAAAATACC
AWWWWWWWWWWWAAHAWATWWAAAAWWWW	MEME-1	peak_568	125	153	+	15.5135	1.78e-06	0.00839	CACATATATAATACAACATTTAAAATAAA
AWWWWWWWWWWWAAHAWATWWAAAAWWWW	MEME-1	peak_267	361	389	-	15.4865	1.82e-06	0.0085	AAAAAAAAAACTATTAAAAGAAAATTAAA
AWWWWWWWWWWWAAHAWATWWAAAAWWWW	MEME-1	peak_170	291	319	+	15.473	1.84e-06	0.00851	AAACTATTATTAAGAAAATGTAAAATATA
AWWWWWWWWWWWAAHAWATWWAAAAWWWW	MEME-1	peak_472	246	274	+	15.4595	1.87e-06	0.00852	ATCAAATAATCAATCGAATTAAAAATTAA
AWWWWWWWWWWWAAHAWATWWAAAAWWWW	MEME-1	peak_88	582	610	+	15.4324	1.91e-06	0.00864	AAAATATTAGTAACTGTTTAAAACAATTT
AWWWWWWWWWWWAAHAWATWWAAAAWWWW	MEME-1	peak_224	169	197	-	15.4189	1.94e-06	0.00866	AAAAATTACTTAAATATTTTTGACAATAT
AWWWWWWWWWWWAAHAWATWWAAAAWWWW	MEME-1	peak_22	184	212	-	15.4054	1.96e-06	0.00867	AAAATATAAAAAAACATTATAAAATTCTT
AWWWWWWWWWWWAAHAWATWWAAAAWWWW	MEME-1	peak_261	210	238	-	15.3514	2.06e-06	0.00901	AACATATATATAAAAAAATGTATATTGTA
AWWWWWWWWWWWAAHAWATWWAAAAWWWW	MEME-1	peak_107	286	314	-	15.3243	2.11e-06	0.00914	AATATACTTTTAGATATTTTCAAATTTTA
AWWWWWWWWWWWAAHAWATWWAAAAWWWW	MEME-1	peak_464	184	212	-	15.2973	2.16e-06	0.00927	CATAAAAATAAAAATAAATTTATAACAAA
AWWWWWWWWWWWAAHAWATWWAAAAWWWW	MEME-1	peak_264	146	174	+	15.2703	2.22e-06	0.0094	ATAAATATAGTATAAATGTTTAAAAATAT
AWWWWWWWWWWWAAHAWATWWAAAAWWWW	MEME-1	peak_146	15	43	-	15.2297	2.3e-06	0.00965	AAAATAATCAAAAATATAAATTAATATAT
AWWWWWWWWWWWAAHAWATWWAAAAWWWW	MEME-1	peak_215	176	204	-	15.1892	2.38e-06	0.00981	AAAATTTTAATATGTAAATATTAAATTAT
AWWWWWWWWWWWAAHAWATWWAAAAWWWW	MEME-1	peak_152	346	374	+	15.1892	2.38e-06	0.00981	AAAAACCAAAATAAAACATTTAAAATTAA
AWWWWWWWWWWWAAHAWATWWAAAAWWWW	MEME-1	peak_379	134	162	+	15.1622	2.44e-06	0.00986	AACTTATATTAAAATAATTATATAAATAA
AWWWWWWWWWWWAAHAWATWWAAAAWWWW	MEME-1	peak_311	237	265	-	15.1622	2.44e-06	0.00986	AAATAACATTTTAATAACTTTAAAAAAAC
AWWWWWWWWWWWAAHAWATWWAAAAWWWW	MEME-1	peak_180	63	91	-	15.1351	2.5e-06	0.01	AAATAAGATTTAATAATATTTTAAATTTA
AWWWWWWWWWWWAAHAWATWWAAAAWWWW	MEME-1	peak_539	151	179	+	15.1081	2.56e-06	0.0101	AAAAAATGCAATAAATTTTTAAAATATAA
AWWWWWWWWWWWAAHAWATWWAAAAWWWW	MEME-1	peak_588	535	563	+	15.027	2.75e-06	0.0108	AAAATATATAATATTATTTGCAATAATAT
AWWWWWWWWWWWAAHAWATWWAAAAWWWW	MEME-1	peak_140	187	215	+	15.0135	2.78e-06	0.0108	AAACAATTTTTTTTTAAATTTAAAATAAT
AWWWWWWWWWWWAAHAWATWWAAAAWWWW	MEME-1	peak_154	141	169	+	15	2.82e-06	0.0108	ATAAATCAAATTTTTGTATTTAAAAAAAA
AWWWWWWWWWWWAAHAWATWWAAAAWWWW	MEME-1	peak_539	434	462	-	15	2.82e-06	0.0108	TATAAATTTATTTATATTTTCAACAAATA
AWWWWWWWWWWWAAHAWATWWAAAAWWWW	MEME-1	peak_408	243	271	+	14.973	2.89e-06	0.0109	AATTTAAAAAAAAGCAAATTCAATATTTT
AWWWWWWWWWWWAAHAWATWWAAAAWWWW	MEME-1	peak_436	212	240	-	14.9054	3.06e-06	0.0114	ATAATATTAATTATAAAATATTCAAAATA
AWWWWWWWWWWWAAHAWATWWAAAAWWWW	MEME-1	peak_322	425	453	+	14.9054	3.06e-06	0.0114	AAAAATTAATAAAATTTATTTATTTTTAT
AWWWWWWWWWWWAAHAWATWWAAAAWWWW	MEME-1	peak_455	129	157	-	14.8649	3.17e-06	0.0117	ATATATCATATTAACAAATTGAAATTGAA
AWWWWWWWWWWWAAHAWATWWAAAAWWWW	MEME-1	peak_43	287	315	-	14.8514	3.21e-06	0.0117	AAAAAATTTTTAAAGAACTAAAACTATAA
AWWWWWWWWWWWAAHAWATWWAAAAWWWW	MEME-1	peak_263	277	305	+	14.8378	3.25e-06	0.0117	AAAACAAATTTAAACAAATATAAAATGAC
AWWWWWWWWWWWAAHAWATWWAAAAWWWW	MEME-1	peak_90	317	345	-	14.8378	3.25e-06	0.0117	AATAAATAAATAATTAAAATTTTAAAGAT
AWWWWWWWWWWWAAHAWATWWAAAAWWWW	MEME-1	peak_329	228	256	+	14.8243	3.29e-06	0.0117	ACTAAATATACATATGTATTAATAATAAA
AWWWWWWWWWWWAAHAWATWWAAAAWWWW	MEME-1	peak_608	150	178	+	14.7973	3.36e-06	0.0117	ACAAATAAAAAAGAAAAATGTAACAATTT
AWWWWWWWWWWWAAHAWATWWAAAAWWWW	MEME-1	peak_55	210	238	+	14.7973	3.36e-06	0.0117	ATGTTATAATTTAATTTATATAAAAAGAA
AWWWWWWWWWWWAAHAWATWWAAAAWWWW	MEME-1	peak_590	223	251	-	14.7973	3.36e-06	0.0117	AAAAAAAGCTTAAACAAATAAAACTTGTA
AWWWWWWWWWWWAAHAWATWWAAAAWWWW	MEME-1	peak_100	107	135	-	14.7568	3.48e-06	0.012	AAATAAATAATAAAAATAATTTTTTAAAA
AWWWWWWWWWWWAAHAWATWWAAAAWWWW	MEME-1	peak_332	107	135	+	14.7297	3.57e-06	0.0122	ATTTAATATAAAAATGTATTTTTATTATT
AWWWWWWWWWWWAAHAWATWWAAAAWWWW	MEME-1	peak_574	170	198	+	14.6892	3.69e-06	0.0124	TACAATCAAACAAAAATATGCAAAAATAT
AWWWWWWWWWWWAAHAWATWWAAAAWWWW	MEME-1	peak_332	108	136	-	14.6757	3.74e-06	0.0124	TAATAATAAAAATACATTTTTATATTAAA
AWWWWWWWWWWWAAHAWATWWAAAAWWWW	MEME-1	peak_68	48	76	-	14.6622	3.78e-06	0.0124	AAAAAAATTAACAACATTTTTAAGATACA
AWWWWWWWWWWWAAHAWATWWAAAAWWWW	MEME-1	peak_266	148	176	-	14.6622	3.78e-06	0.0124	AAATTACATAATAATAAATTATATTTTAA
AWWWWWWWWWWWAAHAWATWWAAAAWWWW	MEME-1	peak_539	150	178	+	14.6486	3.82e-06	0.0124	AAAAAAATGCAATAAATTTTTAAAATATA
AWWWWWWWWWWWAAHAWATWWAAAAWWWW	MEME-1	peak_524	182	210	+	14.6486	3.82e-06	0.0124	AAAAAAAAATTATATAAATTTTTATTTTT
AWWWWWWWWWWWAAHAWATWWAAAAWWWW	MEME-1	peak_55	103	131	-	14.6351	3.87e-06	0.0124	AACTAAAACACAAAAATTTTTTAATATAT
AWWWWWWWWWWWAAHAWATWWAAAAWWWW	MEME-1	peak_541	179	207	-	14.6216	3.91e-06	0.0124	AAAATATGACAAAAAAAATAAAATAATCT
AWWWWWWWWWWWAAHAWATWWAAAAWWWW	MEME-1	peak_519	210	238	+	14.6081	3.96e-06	0.0124	ACAAAATTACGTAAAACATTTAAGATATT
AWWWWWWWWWWWAAHAWATWWAAAAWWWW	MEME-1	peak_164	213	241	+	14.6081	3.96e-06	0.0124	AAAAATTGTACTAATAAAAATGAAAATTT
AWWWWWWWWWWWAAHAWATWWAAAAWWWW	MEME-1	peak_454	291	319	-	14.6081	3.96e-06	0.0124	ATAACTTATATTTTTAAATTAAAAATAAA
AWWWWWWWWWWWAAHAWATWWAAAAWWWW	MEME-1	peak_524	189	217	-	14.5811	4.05e-06	0.0126	AAAATTAAAAAATAAAAATTTATATAATT
AWWWWWWWWWWWAAHAWATWWAAAAWWWW	MEME-1	peak_18	227	255	+	14.5676	4.1e-06	0.0127	ACATTTAGAATAACTATATTCTAAATTTT
AWWWWWWWWWWWAAHAWATWWAAAAWWWW	MEME-1	peak_318	148	176	+	14.5405	4.19e-06	0.0129	AAATAATATGCTGAAATATTAATTTAATT
AWWWWWWWWWWWAAHAWATWWAAAAWWWW	MEME-1	peak_370	272	300	-	14.527	4.24e-06	0.0129	AAACTTAAAATTTCTAAATTTAAAAAATA
AWWWWWWWWWWWAAHAWATWWAAAAWWWW	MEME-1	peak_237	185	213	+	14.5	4.34e-06	0.013	TTAACATAAACTAATATTTTAAACAATAT
AWWWWWWWWWWWAAHAWATWWAAAAWWWW	MEME-1	peak_183	20	48	-	14.4865	4.39e-06	0.013	AAATTATTTGTTATAAAATGTATAAATTT
AWWWWWWWWWWWAAHAWATWWAAAAWWWW	MEME-1	peak_156	92	120	-	14.4865	4.39e-06	0.013	AATAAATTAGCTATTAAATTTTGAAATTA
AWWWWWWWWWWWAAHAWATWWAAAAWWWW	MEME-1	peak_123	233	261	+	14.473	4.44e-06	0.013	ACCAAATTTAAAAAAGAATAAATAATAAA
AWWWWWWWWWWWAAHAWATWWAAAAWWWW	MEME-1	peak_485	198	226	-	14.4595	4.49e-06	0.013	ATAATAAACACATATATATTTAATTTATT
AWWWWWWWWWWWAAHAWATWWAAAAWWWW	MEME-1	peak_198	246	274	-	14.4595	4.49e-06	0.013	AAAAATTAAATTACAAATATTTAAAAGCA
AWWWWWWWWWWWAAHAWATWWAAAAWWWW	MEME-1	peak_454	297	325	-	14.4595	4.49e-06	0.013	ACGAAAATAACTTATATTTTTAAATTAAA
AWWWWWWWWWWWAAHAWATWWAAAAWWWW	MEME-1	peak_300	151	179	-	14.4459	4.54e-06	0.0131	TAAAAATGCCTAAACACATTTTAATTACA
AWWWWWWWWWWWAAHAWATWWAAAAWWWW	MEME-1	peak_236	267	295	+	14.4324	4.59e-06	0.0131	AAATTATTTATATGCAATTTCAATAAATA
AWWWWWWWWWWWAAHAWATWWAAAAWWWW	MEME-1	peak_432	215	243	-	14.4189	4.65e-06	0.0131	AAAAATCATATAAGTTAAAAAAAAAATAA
AWWWWWWWWWWWAAHAWATWWAAAAWWWW	MEME-1	peak_437	336	364	-	14.4054	4.7e-06	0.0131	TAAAAACTAACAAAATTATTTAATTTTAA
AWWWWWWWWWWWAAHAWATWWAAAAWWWW	MEME-1	peak_322	424	452	-	14.3919	4.75e-06	0.0131	TAAAAATAAATAAATTTTATTAATTTTTT
AWWWWWWWWWWWAAHAWATWWAAAAWWWW	MEME-1	peak_588	511	539	+	14.3784	4.81e-06	0.0131	CAATTGTGAATTAATATATATAAAAAAAT
AWWWWWWWWWWWAAHAWATWWAAAAWWWW	MEME-1	peak_345	17	45	+	14.3649	4.86e-06	0.0131	ATAATTTAAGATAATTTTTTTATAATTAT
AWWWWWWWWWWWAAHAWATWWAAAAWWWW	MEME-1	peak_159	162	190	-	14.3649	4.86e-06	0.0131	AATATATTTATTGACACATGAACTATATA
AWWWWWWWWWWWAAHAWATWWAAAAWWWW	MEME-1	peak_576	173	201	-	14.3649	4.86e-06	0.0131	ATAAAAATATTAAATATATTTCAGTTACA
AWWWWWWWWWWWAAHAWATWWAAAAWWWW	MEME-1	peak_366	280	308	-	14.3649	4.86e-06	0.0131	AATTAATTTATAAAAAAGATTTAATTTAA
AWWWWWWWWWWWAAHAWATWWAAAAWWWW	MEME-1	peak_592	173	201	+	14.3514	4.92e-06	0.0131	ATGTTATATTAAAACATTTTTTAATATTT
AWWWWWWWWWWWAAHAWATWWAAAAWWWW	MEME-1	peak_524	188	216	-	14.3514	4.92e-06	0.0131	AAATTAAAAAATAAAAATTTATATAATTT
AWWWWWWWWWWWAAHAWATWWAAAAWWWW	MEME-1	peak_132	2	30	-	14.3378	4.97e-06	0.0131	AAGAAACGAATAAAAATAAAAACAAAAAT
AWWWWWWWWWWWAAHAWATWWAAAAWWWW	MEME-1	peak_437	245	273	+	14.3378	4.97e-06	0.0131	AATAAATAAAATAATATATTAACCATATC
AWWWWWWWWWWWAAHAWATWWAAAAWWWW	MEME-1	peak_272	286	314	-	14.3378	4.97e-06	0.0131	AATATGTAAAATAAAATATATTAATAATA
AWWWWWWWWWWWAAHAWATWWAAAAWWWW	MEME-1	peak_427	102	130	+	14.2973	5.15e-06	0.0134	ATATGTTAAGTTAAAAATTTAAAAAATCA
AWWWWWWWWWWWAAHAWATWWAAAAWWWW	MEME-1	peak_520	238	266	+	14.2838	5.2e-06	0.0134	AAATTACTAGTTAACATTAAAATAAAAAA
AWWWWWWWWWWWAAHAWATWWAAAAWWWW	MEME-1	peak_588	533	561	+	14.2838	5.2e-06	0.0134	AAAAAATATATAATATTATTTGCAATAAT
AWWWWWWWWWWWAAHAWATWWAAAAWWWW	MEME-1	peak_434	112	140	-	14.2568	5.32e-06	0.0136	TATTTTTAATTAAAAAAATTAAAATATCT
AWWWWWWWWWWWAAHAWATWWAAAAWWWW	MEME-1	peak_183	210	238	+	14.2297	5.44e-06	0.0138	AATATATTTATTAAATCCAATAAAAAAAA
AWWWWWWWWWWWAAHAWATWWAAAAWWWW	MEME-1	peak_598	270	298	-	14.2297	5.44e-06	0.0138	AAAAAAAAAGATAGAATATACATATATTA
AWWWWWWWWWWWAAHAWATWWAAAAWWWW	MEME-1	peak_325	379	407	-	14.2162	5.51e-06	0.0138	AAAATTTTAAAAGTGAAATAAAAAATATA
AWWWWWWWWWWWAAHAWATWWAAAAWWWW	MEME-1	peak_46	437	465	-	14.1892	5.63e-06	0.0141	ATATATTGAAAAACAAAATTAATAATGAA
AWWWWWWWWWWWAAHAWATWWAAAAWWWW	MEME-1	peak_271	218	246	-	14.1757	5.69e-06	0.0141	TTTAAATATAATATAAATTTTAAATATAT
AWWWWWWWWWWWAAHAWATWWAAAAWWWW	MEME-1	peak_333	128	156	-	14.1622	5.76e-06	0.0142	ACACTAAATTTAAATAATTTCAAATTATT
AWWWWWWWWWWWAAHAWATWWAAAAWWWW	MEME-1	peak_334	141	169	+	14.1486	5.82e-06	0.0143	CATTAAAAAATAAACAAAAACAAAATGAT
AWWWWWWWWWWWAAHAWATWWAAAAWWWW	MEME-1	peak_264	148	176	+	14.1351	5.89e-06	0.0144	AAATATAGTATAAATGTTTAAAAATATCT
AWWWWWWWWWWWAAHAWATWWAAAAWWWW	MEME-1	peak_63	562	590	-	14.1216	5.95e-06	0.0145	ACAAATCGGGTAAATATATTTACATAATT
AWWWWWWWWWWWAAHAWATWWAAAAWWWW	MEME-1	peak_366	234	262	+	14.1081	6.02e-06	0.0145	AATTTTAAATTTATAAAATTATAAATAAA
AWWWWWWWWWWWAAHAWATWWAAAAWWWW	MEME-1	peak_285	333	361	-	14.0946	6.09e-06	0.0145	AACTATTTTTTAACTATTTTTATTATTAA
AWWWWWWWWWWWAAHAWATWWAAAAWWWW	MEME-1	peak_322	424	452	+	14.0946	6.09e-06	0.0145	AAAAAATTAATAAAATTTATTTATTTTTA
AWWWWWWWWWWWAAHAWATWWAAAAWWWW	MEME-1	peak_524	184	212	+	14.0676	6.22e-06	0.0146	AAAAAAATTATATAAATTTTTATTTTTTA
AWWWWWWWWWWWAAHAWATWWAAAAWWWW	MEME-1	peak_366	248	276	+	14.0676	6.22e-06	0.0146	AAAATTATAAATAAAATCTTTTATTTAAA
AWWWWWWWWWWWAAHAWATWWAAAAWWWW	MEME-1	peak_588	525	553	+	14.0676	6.22e-06	0.0146	TATATATAAAAAAATATATAATATTATTT
AWWWWWWWWWWWAAHAWATWWAAAAWWWW	MEME-1	peak_140	192	220	-	14.027	6.43e-06	0.015	TTATAATTATTTTAAATTTAAAAAAAAAT
AWWWWWWWWWWWAAHAWATWWAAAAWWWW	MEME-1	peak_412	266	294	-	14	6.58e-06	0.0151	AAAATTTTTCTAAACTAATTCATAACATA
AWWWWWWWWWWWAAHAWATWWAAAAWWWW	MEME-1	peak_267	219	247	+	13.9865	6.65e-06	0.0151	AATTTTCTAATAAACACATGTAAAATAAC
AWWWWWWWWWWWAAHAWATWWAAAAWWWW	MEME-1	peak_551	207	235	-	13.9865	6.65e-06	0.0151	AAAAAAAACAAAAATTCTATTAATATATA
AWWWWWWWWWWWAAHAWATWWAAAAWWWW	MEME-1	peak_342	236	264	+	13.9865	6.65e-06	0.0151	TAAAAAATAAAAATTATCTTAAAAACATT
AWWWWWWWWWWWAAHAWATWWAAAAWWWW	MEME-1	peak_202	428	456	-	13.9865	6.65e-06	0.0151	ATATGAAGTTTAAATATATTTTATAATTT
AWWWWWWWWWWWAAHAWATWWAAAAWWWW	MEME-1	peak_380	130	158	-	13.9595	6.8e-06	0.0152	AACAAAATTAAAAACAAATAAAATCAATA
AWWWWWWWWWWWAAHAWATWWAAAAWWWW	MEME-1	peak_57	65	93	-	13.9459	6.87e-06	0.0152	ATATCATGTAAAGAAATATTTAATTTATA
AWWWWWWWWWWWAAHAWATWWAAAAWWWW	MEME-1	peak_380	132	160	-	13.9324	6.95e-06	0.0152	AAAACAAAATTAAAAACAAATAAAATCAA
AWWWWWWWWWWWAAHAWATWWAAAAWWWW	MEME-1	peak_366	261	289	+	13.9324	6.95e-06	0.0152	AAATCTTTTATTTAAATCTTTAAATTAAA
AWWWWWWWWWWWAAHAWATWWAAAAWWWW	MEME-1	peak_290	266	294	-	13.9324	6.95e-06	0.0152	ATAAAATGTATAAACAGTTGAGAAATTAA
AWWWWWWWWWWWAAHAWATWWAAAAWWWW	MEME-1	peak_589	77	105	+	13.9189	7.03e-06	0.0152	ATTTAATTTTTAGATTTTTATTAAAAATA
AWWWWWWWWWWWAAHAWATWWAAAAWWWW	MEME-1	peak_479	125	153	+	13.9189	7.03e-06	0.0152	TTAATATATTTTAATAGCTTTAATATATA
AWWWWWWWWWWWAAHAWATWWAAAAWWWW	MEME-1	peak_100	106	134	-	13.9189	7.03e-06	0.0152	AATAAATAATAAAAATAATTTTTTAAAAA
AWWWWWWWWWWWAAHAWATWWAAAAWWWW	MEME-1	peak_241	371	399	-	13.9189	7.03e-06	0.0152	AAATATTATAAAACTATATAAGCAATTAA
AWWWWWWWWWWWAAHAWATWWAAAAWWWW	MEME-1	peak_334	145	173	+	13.9054	7.1e-06	0.0153	AAAAAATAAACAAAAACAAAATGATTATA
AWWWWWWWWWWWAAHAWATWWAAAAWWWW	MEME-1	peak_122	164	192	+	13.8919	7.18e-06	0.0153	CAAAATAGTAAAAATATTTTGAAAAATAA
AWWWWWWWWWWWAAHAWATWWAAAAWWWW	MEME-1	peak_376	186	214	+	13.8919	7.18e-06	0.0153	AAAAAATATGTATTCAATTTCAATACAAT
AWWWWWWWWWWWAAHAWATWWAAAAWWWW	MEME-1	peak_204	146	174	+	13.8649	7.34e-06	0.0156	AAATAACAAGATAATAACTTTACAATTCT
AWWWWWWWWWWWAAHAWATWWAAAAWWWW	MEME-1	peak_146	230	258	+	13.8378	7.5e-06	0.0158	CTGAAAATTAATAAAATATATAAAATGAA
AWWWWWWWWWWWAAHAWATWWAAAAWWWW	MEME-1	peak_392	407	435	-	13.8378	7.5e-06	0.0158	CTAAATTAAGCTAATGAAAATAAAAAAAT
AWWWWWWWWWWWAAHAWATWWAAAAWWWW	MEME-1	peak_366	224	252	-	13.8243	7.59e-06	0.0158	ATTTTATAAATTTAAAATTATAAAACAAA
AWWWWWWWWWWWAAHAWATWWAAAAWWWW	MEME-1	peak_609	174	202	+	13.8108	7.67e-06	0.0158	AATATTTAACTAAGTACATTCAACTTTTT
AWWWWWWWWWWWAAHAWATWWAAAAWWWW	MEME-1	peak_405	261	289	+	13.8108	7.67e-06	0.0158	ATATAATAAAAAATTAATTATATTAATAA
AWWWWWWWWWWWAAHAWATWWAAAAWWWW	MEME-1	peak_522	126	154	+	13.7973	7.75e-06	0.0158	TCATAATTTATTATTATTTATAACAATTA
AWWWWWWWWWWWAAHAWATWWAAAAWWWW	MEME-1	peak_125	292	320	-	13.7973	7.75e-06	0.0158	ACGATTTAAGTAAATACATACAAGTTATT
AWWWWWWWWWWWAAHAWATWWAAAAWWWW	MEME-1	peak_588	519	547	+	13.7973	7.75e-06	0.0158	AATTAATATATATAAAAAAATATATAATA
AWWWWWWWWWWWAAHAWATWWAAAAWWWW	MEME-1	peak_136	175	203	-	13.7703	7.92e-06	0.016	AAAAAAAATATAACCTTGTTTTTAAAATA
AWWWWWWWWWWWAAHAWATWWAAAAWWWW	MEME-1	peak_471	134	162	+	13.7568	8.01e-06	0.016	ATCAAATAATCTAACATATTTTCAAAAGA
AWWWWWWWWWWWAAHAWATWWAAAAWWWW	MEME-1	peak_608	160	188	+	13.7568	8.01e-06	0.016	AAGAAAAATGTAACAATTTTCAGATAAAT
AWWWWWWWWWWWAAHAWATWWAAAAWWWW	MEME-1	peak_524	185	213	-	13.7568	8.01e-06	0.016	TTAAAAAATAAAAATTTATATAATTTTTT
AWWWWWWWWWWWAAHAWATWWAAAAWWWW	MEME-1	peak_357	257	285	-	13.7432	8.1e-06	0.0161	AACAATTAAATAAAAATGTGATAAATACA
AWWWWWWWWWWWAAHAWATWWAAAAWWWW	MEME-1	peak_181	129	157	-	13.7297	8.19e-06	0.0162	ATTAAAATAAATAACAAATAAACATTTCT
AWWWWWWWWWWWAAHAWATWWAAAAWWWW	MEME-1	peak_366	249	277	+	13.7162	8.27e-06	0.0162	AAATTATAAATAAAATCTTTTATTTAAAT
AWWWWWWWWWWWAAHAWATWWAAAAWWWW	MEME-1	peak_23	438	466	-	13.7162	8.27e-06	0.0162	TAAAAAAATATAACTACTTATTACTATAA
AWWWWWWWWWWWAAHAWATWWAAAAWWWW	MEME-1	peak_592	183	211	+	13.7027	8.36e-06	0.0163	AAAACATTTTTTAATATTTGTACTTATAA
AWWWWWWWWWWWAAHAWATWWAAAAWWWW	MEME-1	peak_324	401	429	+	13.6757	8.55e-06	0.0164	ATGAAATATATATCTAAAAATTAAAAAAA
AWWWWWWWWWWWAAHAWATWWAAAAWWWW	MEME-1	peak_91	186	214	+	13.6622	8.64e-06	0.0164	AAATTATTTTTAAAGAATAAAAACAAAAT
AWWWWWWWWWWWAAHAWATWWAAAAWWWW	MEME-1	peak_60	251	279	+	13.6622	8.64e-06	0.0164	TTTAATATAATTAAAACATATAATTATTA
AWWWWWWWWWWWAAHAWATWWAAAAWWWW	MEME-1	peak_405	259	287	+	13.6622	8.64e-06	0.0164	AAATATAATAAAAAATTAATTATATTAAT
AWWWWWWWWWWWAAHAWATWWAAAAWWWW	MEME-1	peak_185	244	272	-	13.6622	8.64e-06	0.0164	AAAATAAAAATAAATAAATAGTGAATTTA
AWWWWWWWWWWWAAHAWATWWAAAAWWWW	MEME-1	peak_60	352	380	+	13.6622	8.64e-06	0.0164	TTATATTAACTAAACATATACTATATTTA
AWWWWWWWWWWWAAHAWATWWAAAAWWWW	MEME-1	peak_524	171	199	+	13.6486	8.73e-06	0.0165	ACTAAATTTCCAAAAAAAAATTATATAAA
AWWWWWWWWWWWAAHAWATWWAAAAWWWW	MEME-1	peak_485	200	228	-	13.6351	8.83e-06	0.0165	ATATAATAAACACATATATATTTAATTTA
AWWWWWWWWWWWAAHAWATWWAAAAWWWW	MEME-1	peak_261	344	372	-	13.6351	8.83e-06	0.0165	TAAAGTTAAATAAACGAATTCAATAAACA
AWWWWWWWWWWWAAHAWATWWAAAAWWWW	MEME-1	peak_46	426	454	-	13.6351	8.83e-06	0.0165	AACAAAATTAATAATGAAATTAAATTTCT
AWWWWWWWWWWWAAHAWATWWAAAAWWWW	MEME-1	peak_379	122	150	+	13.5811	9.21e-06	0.0171	AAATGTAAAACTAACTTATATTAAAATAA
AWWWWWWWWWWWAAHAWATWWAAAAWWWW	MEME-1	peak_384	138	166	+	13.5676	9.31e-06	0.0172	GAAAAATATAATAATATAATAAAGTTATT
AWWWWWWWWWWWAAHAWATWWAAAAWWWW	MEME-1	peak_405	260	288	+	13.5676	9.31e-06	0.0172	AATATAATAAAAAATTAATTATATTAATA
AWWWWWWWWWWWAAHAWATWWAAAAWWWW	MEME-1	peak_271	223	251	+	13.5541	9.41e-06	0.0172	TTTAAAATTTATATTATATTTAAAACTAT
AWWWWWWWWWWWAAHAWATWWAAAAWWWW	MEME-1	peak_224	177	205	+	13.5405	9.52e-06	0.0172	AAAAATATTTAAGTAATTTTTAACATTTA
AWWWWWWWWWWWAAHAWATWWAAAAWWWW	MEME-1	peak_335	208	236	-	13.5405	9.52e-06	0.0172	AATTAATTAACAAAAATATTTTGTAATCT
AWWWWWWWWWWWAAHAWATWWAAAAWWWW	MEME-1	peak_62	466	494	+	13.5405	9.52e-06	0.0172	AAAATATATATATACATATAAAATACCAT
AWWWWWWWWWWWAAHAWATWWAAAAWWWW	MEME-1	peak_31	152	180	+	13.527	9.62e-06	0.0172	AAATAACAGATATAAAAATTTAATTATAA
AWWWWWWWWWWWAAHAWATWWAAAAWWWW	MEME-1	peak_83	162	190	+	13.527	9.62e-06	0.0172	AAAAAAAAAATTAATTTTAGTATATTATA
AWWWWWWWWWWWAAHAWATWWAAAAWWWW	MEME-1	peak_412	165	193	+	13.527	9.62e-06	0.0172	ACAAATTAAAATAAAATAATTTTGAAATT
AWWWWWWWWWWWAAHAWATWWAAAAWWWW	MEME-1	peak_351	148	176	-	13.5135	9.72e-06	0.0172	AAAAAAAATTTTAGAAGAATAATAAAATA
AWWWWWWWWWWWAAHAWATWWAAAAWWWW	MEME-1	peak_366	235	263	+	13.5135	9.72e-06	0.0172	ATTTTAAATTTATAAAATTATAAATAAAA
AWWWWWWWWWWWAAHAWATWWAAAAWWWW	MEME-1	peak_372	310	338	-	13.5135	9.72e-06	0.0172	ATCATTGATAATAATAAATTTATAATAAA
AWWWWWWWWWWWAAHAWATWWAAAAWWWW	MEME-1	peak_438	115	143	-	13.5	9.82e-06	0.0172	ATAAAATTAATTGTTATTTTAAAACTATT
AWWWWWWWWWWWAAHAWATWWAAAAWWWW	MEME-1	peak_320	193	221	-	13.5	9.82e-06	0.0172	AATTATTTATTAATAATTTTCAATATACA
AWWWWWWWWWWWAAHAWATWWAAAAWWWW	MEME-1	peak_271	217	245	-	13.4865	9.93e-06	0.0172	TTAAATATAATATAAATTTTAAATATATA
AWWWWWWWWWWWAAHAWATWWAAAAWWWW	MEME-1	peak_433	287	315	+	13.4865	9.93e-06	0.0172	TAAAATTTTAAAAATATTTGTACATTTCT
AWWWWWWWWWWWAAHAWATWWAAAAWWWW	MEME-1	peak_326	276	304	-	13.4865	9.93e-06	0.0172	CAAAAAATTAATTCCAAAATTAAAAAAAT
AWWWWWWWWWWWAAHAWATWWAAAAWWWW	MEME-1	peak_524	186	214	+	13.473	1e-05	0.0173	AAAAATTATATAAATTTTTATTTTTTAAT
AWWWWWWWWWWWAAHAWATWWAAAAWWWW	MEME-1	peak_289	96	124	+	13.4459	1.03e-05	0.0175	AATAAATAATTTAATTTAAAAACATTTTA
AWWWWWWWWWWWAAHAWATWWAAAAWWWW	MEME-1	peak_180	662	690	-	13.4459	1.03e-05	0.0175	ACAAAATTGTAAAATATGATAAAAATATT
AWWWWWWWWWWWAAHAWATWWAAAAWWWW	MEME-1	peak_125	169	197	-	13.4324	1.04e-05	0.0175	ATTTTATGTTTAATAAACTTTAAATAAAA
AWWWWWWWWWWWAAHAWATWWAAAAWWWW	MEME-1	peak_573	250	278	+	13.4324	1.04e-05	0.0175	AAGAAATTTTTAACTATTTGTTTAAATTT
AWWWWWWWWWWWAAHAWATWWAAAAWWWW	MEME-1	peak_594	217	245	+	13.4054	1.06e-05	0.0178	AAATAGTTTACTATCATATTTACAAAGTT
AWWWWWWWWWWWAAHAWATWWAAAAWWWW	MEME-1	peak_412	200	228	-	13.4054	1.06e-05	0.0178	TTTTATGATATAAATATATTTAATATGTA
AWWWWWWWWWWWAAHAWATWWAAAAWWWW	MEME-1	peak_70	24	52	-	13.3784	1.08e-05	0.0181	TTTAAACATTTAATAATATTTAATTTAAT
AWWWWWWWWWWWAAHAWATWWAAAAWWWW	MEME-1	peak_45	146	174	+	13.3649	1.09e-05	0.0182	ATATTAAATCATGATAATTTATAAAAATA
AWWWWWWWWWWWAAHAWATWWAAAAWWWW	MEME-1	peak_388	322	350	+	13.3514	1.1e-05	0.0183	AATTAAAAAATTAAGAAATAAAAAAACCA
AWWWWWWWWWWWAAHAWATWWAAAAWWWW	MEME-1	peak_461	117	145	+	13.3378	1.12e-05	0.0183	CATAAACTTGTAACCATTTTAATAAAATT
AWWWWWWWWWWWAAHAWATWWAAAAWWWW	MEME-1	peak_432	211	239	-	13.3378	1.12e-05	0.0183	ATCATATAAGTTAAAAAAAAAATAATTAT
AWWWWWWWWWWWAAHAWATWWAAAAWWWW	MEME-1	peak_122	29	57	+	13.3243	1.13e-05	0.0183	ATAAAAATAACTAAAAATTGTATTTAAAT
AWWWWWWWWWWWAAHAWATWWAAAAWWWW	MEME-1	peak_286	80	108	+	13.3243	1.13e-05	0.0183	ATAAATAAAATAAATTCTTGAAAATATCA
AWWWWWWWWWWWAAHAWATWWAAAAWWWW	MEME-1	peak_554	438	466	+	13.3243	1.13e-05	0.0183	TATAAAATTCAAAATATATTTATTTTTTA
AWWWWWWWWWWWAAHAWATWWAAAAWWWW	MEME-1	peak_349	105	133	+	13.3108	1.14e-05	0.0183	TAAAAATATATTTCTAAATTTACAACGAA
AWWWWWWWWWWWAAHAWATWWAAAAWWWW	MEME-1	peak_288	187	215	+	13.3108	1.14e-05	0.0183	ATGTATTTAGAAACAATATTTTATAATAT
AWWWWWWWWWWWAAHAWATWWAAAAWWWW	MEME-1	peak_183	214	242	-	13.3108	1.14e-05	0.0183	AAATTTTTTTTTATTGGATTTAATAAATA
AWWWWWWWWWWWAAHAWATWWAAAAWWWW	MEME-1	peak_3	61	89	-	13.2973	1.15e-05	0.0183	GTATAAATATAAAATATATTCTAAATAAT
AWWWWWWWWWWWAAHAWATWWAAAAWWWW	MEME-1	peak_398	196	224	+	13.2973	1.15e-05	0.0183	TTCTTTTATTAAAAAATATTAACAAAAAA
AWWWWWWWWWWWAAHAWATWWAAAAWWWW	MEME-1	peak_543	163	191	+	13.2838	1.16e-05	0.0183	TATAATTATAAAAAAGTAATAAAATAGTT
AWWWWWWWWWWWAAHAWATWWAAAAWWWW	MEME-1	peak_135	218	246	-	13.2838	1.16e-05	0.0183	ATAACTTATTAAACTGTATTTATAAATTT
AWWWWWWWWWWWAAHAWATWWAAAAWWWW	MEME-1	peak_550	155	183	-	13.2703	1.18e-05	0.0183	AATTAAAAAGCTGAAACTTTAAAAACTTT
AWWWWWWWWWWWAAHAWATWWAAAAWWWW	MEME-1	peak_441	203	231	+	13.2703	1.18e-05	0.0183	TTTATAAACTCAAACATATTCAAAATTCT
AWWWWWWWWWWWAAHAWATWWAAAAWWWW	MEME-1	peak_288	213	241	-	13.2703	1.18e-05	0.0183	ATTAATTTATTTAGCATTTAAATATAATA
AWWWWWWWWWWWAAHAWATWWAAAAWWWW	MEME-1	peak_202	425	453	+	13.2703	1.18e-05	0.0183	CATAAATTATAAAATATATTTAAACTTCA
AWWWWWWWWWWWAAHAWATWWAAAAWWWW	MEME-1	peak_83	110	138	+	13.2568	1.19e-05	0.0183	AATAAAAACTTTGTTAACTATAAAATAAA
AWWWWWWWWWWWAAHAWATWWAAAAWWWW	MEME-1	peak_69	91	119	-	13.2568	1.19e-05	0.0183	AAGAAATATGTTCATATTTTCAATTTATT
AWWWWWWWWWWWAAHAWATWWAAAAWWWW	MEME-1	peak_140	193	221	-	13.2568	1.19e-05	0.0183	ATTATAATTATTTTAAATTTAAAAAAAAA
AWWWWWWWWWWWAAHAWATWWAAAAWWWW	MEME-1	peak_366	231	259	-	13.2568	1.19e-05	0.0183	ATTTATAATTTTATAAATTTAAAATTATA
AWWWWWWWWWWWAAHAWATWWAAAAWWWW	MEME-1	peak_592	176	204	-	13.2432	1.2e-05	0.0184	TACAAATATTAAAAAATGTTTTAATATAA
AWWWWWWWWWWWAAHAWATWWAAAAWWWW	MEME-1	peak_285	343	371	+	13.2297	1.21e-05	0.0185	AAATAGTTAAAAAATAGTTTTTAAATACA
AWWWWWWWWWWWAAHAWATWWAAAAWWWW	MEME-1	peak_90	313	341	-	13.2162	1.23e-05	0.0186	AATAAATAATTAAAATTTTAAAGATTTAT
AWWWWWWWWWWWAAHAWATWWAAAAWWWW	MEME-1	peak_138	297	325	+	13.2027	1.24e-05	0.0186	ATATTTTGTATAGATATTTTTTAAAACAT
AWWWWWWWWWWWAAHAWATWWAAAAWWWW	MEME-1	peak_409	306	334	-	13.2027	1.24e-05	0.0186	TAATATTTAATTAATATGTGTTATAAAAT
AWWWWWWWWWWWAAHAWATWWAAAAWWWW	MEME-1	peak_322	425	453	-	13.2027	1.24e-05	0.0186	ATAAAAATAAATAAATTTTATTAATTTTT
AWWWWWWWWWWWAAHAWATWWAAAAWWWW	MEME-1	peak_175	182	210	-	13.1892	1.25e-05	0.0188	AAATAATATAAAAATAATATTAAAGATTA
AWWWWWWWWWWWAAHAWATWWAAAAWWWW	MEME-1	peak_352	252	280	-	13.1757	1.26e-05	0.0189	AACATTATTTAAATTAAATTTAAATATCT
AWWWWWWWWWWWAAHAWATWWAAAAWWWW	MEME-1	peak_425	30	58	-	13.1622	1.28e-05	0.019	AAAATAATAATTACCAAGTTAAAATAAGA
AWWWWWWWWWWWAAHAWATWWAAAAWWWW	MEME-1	peak_24	174	202	-	13.1486	1.29e-05	0.019	ATAATATATTTTGAGTCTTATAAAAAAAT
AWWWWWWWWWWWAAHAWATWWAAAAWWWW	MEME-1	peak_140	207	235	+	13.1486	1.29e-05	0.019	TAAAATAATTATAATATAAGAAAGAATTA
AWWWWWWWWWWWAAHAWATWWAAAAWWWW	MEME-1	peak_476	296	324	+	13.1486	1.29e-05	0.019	AAAAAATGAAATAAATATATTTAATATAT
AWWWWWWWWWWWAAHAWATWWAAAAWWWW	MEME-1	peak_90	219	247	-	13.1351	1.3e-05	0.0192	AAAAAAAATAGTTTCATATTAAAATTTAA
AWWWWWWWWWWWAAHAWATWWAAAAWWWW	MEME-1	peak_45	149	177	+	13.1216	1.32e-05	0.0192	TTAAATCATGATAATTTATAAAAATAAAT
AWWWWWWWWWWWAAHAWATWWAAAAWWWW	MEME-1	peak_560	125	153	-	13.1216	1.32e-05	0.0192	ACAAAAAGTAATAATAGTAAAAAATAAAA
AWWWWWWWWWWWAAHAWATWWAAAAWWWW	MEME-1	peak_524	190	218	-	13.1216	1.32e-05	0.0192	TAAAATTAAAAAATAAAAATTTATATAAT
AWWWWWWWWWWWAAHAWATWWAAAAWWWW	MEME-1	peak_371	114	142	-	13.1081	1.33e-05	0.0192	AATAAAAATACAAATGAATGTTAAATATC
AWWWWWWWWWWWAAHAWATWWAAAAWWWW	MEME-1	peak_349	179	207	+	13.1081	1.33e-05	0.0192	ATAAATCAATATACAATATGTAAGTATAT
AWWWWWWWWWWWAAHAWATWWAAAAWWWW	MEME-1	peak_397	296	324	+	13.1081	1.33e-05	0.0192	ATATTATGTGTACATACATACAAATTTAT
AWWWWWWWWWWWAAHAWATWWAAAAWWWW	MEME-1	peak_264	149	177	-	13.0946	1.35e-05	0.0192	TAGATATTTTTAAACATTTATACTATATT
AWWWWWWWWWWWAAHAWATWWAAAAWWWW	MEME-1	peak_240	189	217	+	13.0946	1.35e-05	0.0192	TTAATATTATCTAATATCTACAAATATTT
AWWWWWWWWWWWAAHAWATWWAAAAWWWW	MEME-1	peak_18	249	277	-	13.0946	1.35e-05	0.0192	TAGAAATATTTAATATTATTCAAAAATTT
AWWWWWWWWWWWAAHAWATWWAAAAWWWW	MEME-1	peak_124	212	240	+	13.0811	1.36e-05	0.0192	ACAAATTTCCAAAGCTTATGTAAAATATA
AWWWWWWWWWWWAAHAWATWWAAAAWWWW	MEME-1	peak_437	221	249	+	13.0811	1.36e-05	0.0192	AAAAAAATCCTTAATATATAAGTAAATAA
AWWWWWWWWWWWAAHAWATWWAAAAWWWW	MEME-1	peak_464	196	224	-	13.0676	1.37e-05	0.0194	TATATTTTAGTACATAAAAATAAAAATAA
AWWWWWWWWWWWAAHAWATWWAAAAWWWW	MEME-1	peak_410	178	206	+	13.0541	1.39e-05	0.0194	AAAACATTAGATAACAGATATATATTGAT
AWWWWWWWWWWWAAHAWATWWAAAAWWWW	MEME-1	peak_312	232	260	-	13.0541	1.39e-05	0.0194	TCACATTTAAATTAAATATTTAAAATAAA
AWWWWWWWWWWWAAHAWATWWAAAAWWWW	MEME-1	peak_342	245	273	+	13.0405	1.4e-05	0.0195	AAAATTATCTTAAAAACATTTTACACTAT
AWWWWWWWWWWWAAHAWATWWAAAAWWWW	MEME-1	peak_524	195	223	-	13.027	1.42e-05	0.0195	CACATTAAAATTAAAAAATAAAAATTTAT
AWWWWWWWWWWWAAHAWATWWAAAAWWWW	MEME-1	peak_2	226	254	-	13.027	1.42e-05	0.0195	AATATATTATATAAAACTTATACGAATTT
AWWWWWWWWWWWAAHAWATWWAAAAWWWW	MEME-1	peak_376	248	276	-	13.027	1.42e-05	0.0195	ATAAATTAAAAAAATTAAAATATTATATA
AWWWWWWWWWWWAAHAWATWWAAAAWWWW	MEME-1	peak_180	56	84	-	13.0135	1.43e-05	0.0195	ATTTAATAATATTTTAAATTTAAAACATA
AWWWWWWWWWWWAAHAWATWWAAAAWWWW	MEME-1	peak_614	125	153	+	13.0135	1.43e-05	0.0195	AAACTTAAAGATAACATCTTAAATATAAT
AWWWWWWWWWWWAAHAWATWWAAAAWWWW	MEME-1	peak_592	171	199	+	13.0135	1.43e-05	0.0195	AAATGTTATATTAAAACATTTTTTAATAT
AWWWWWWWWWWWAAHAWATWWAAAAWWWW	MEME-1	peak_524	191	219	-	13.0135	1.43e-05	0.0195	TTAAAATTAAAAAATAAAAATTTATATAA
AWWWWWWWWWWWAAHAWATWWAAAAWWWW	MEME-1	peak_376	244	272	-	13.0135	1.43e-05	0.0195	ATTAAAAAAATTAAAATATTATATAATTC
AWWWWWWWWWWWAAHAWATWWAAAAWWWW	MEME-1	peak_332	99	127	+	13	1.45e-05	0.0195	AATATATAATTTAATATAAAAATGTATTT
AWWWWWWWWWWWAAHAWATWWAAAAWWWW	MEME-1	peak_565	83	111	-	13	1.45e-05	0.0195	CAATTTAAACTAAAAATTTTTAAAACTTT
AWWWWWWWWWWWAAHAWATWWAAAAWWWW	MEME-1	peak_314	165	193	+	12.9865	1.46e-05	0.0195	TTTATATTTATTGCTATAATCAAATAATA
AWWWWWWWWWWWAAHAWATWWAAAAWWWW	MEME-1	peak_288	197	225	+	12.9865	1.46e-05	0.0195	AAACAATATTTTATAATATTATATTTAAA
AWWWWWWWWWWWAAHAWATWWAAAAWWWW	MEME-1	peak_46	381	409	-	12.9865	1.46e-05	0.0195	ATATAATAGAATAATGTATGTTATAAATA
AWWWWWWWWWWWAAHAWATWWAAAAWWWW	MEME-1	peak_368	174	202	-	12.973	1.48e-05	0.0197	TTCAGATTTATTGATAATTATAAAAAATA
AWWWWWWWWWWWAAHAWATWWAAAAWWWW	MEME-1	peak_351	194	222	-	12.9595	1.49e-05	0.0197	CAAAAAAATTTTAAAAAATATAACTTTCT
AWWWWWWWWWWWAAHAWATWWAAAAWWWW	MEME-1	peak_75	239	267	+	12.9595	1.49e-05	0.0197	ATGTATTTTAATAATTTATGTACAAAAAT
AWWWWWWWWWWWAAHAWATWWAAAAWWWW	MEME-1	peak_393	255	283	-	12.9595	1.49e-05	0.0197	CAAATACTTGTAAACACAATAAAATTGTT
AWWWWWWWWWWWAAHAWATWWAAAAWWWW	MEME-1	peak_333	138	166	-	12.9459	1.51e-05	0.0197	TAAATAATAAACACTAAATTTAAATAATT
AWWWWWWWWWWWAAHAWATWWAAAAWWWW	MEME-1	peak_574	192	220	+	12.9459	1.51e-05	0.0197	AAAATATTCACTAGCACAAATAAATCATA
AWWWWWWWWWWWAAHAWATWWAAAAWWWW	MEME-1	peak_393	193	221	-	12.9459	1.51e-05	0.0197	ATATAAGAAAAAAATATATGAACAACTAA
AWWWWWWWWWWWAAHAWATWWAAAAWWWW	MEME-1	peak_458	116	144	-	12.9324	1.52e-05	0.0199	AAATTATACCTAAAAACATAAATCATTAT
AWWWWWWWWWWWAAHAWATWWAAAAWWWW	MEME-1	peak_545	124	152	-	12.9189	1.54e-05	0.0199	TCTAAATTAGAAATTATATGCAAAATGTT
AWWWWWWWWWWWAAHAWATWWAAAAWWWW	MEME-1	peak_355	159	187	-	12.9189	1.54e-05	0.0199	AAATTAGAGGCAAACATTTAAAAATAAAA
AWWWWWWWWWWWAAHAWATWWAAAAWWWW	MEME-1	peak_166	717	745	-	12.9189	1.54e-05	0.0199	AATATTTATCATAACATAAAAACGATAAA
AWWWWWWWWWWWAAHAWATWWAAAAWWWW	MEME-1	peak_96	104	132	-	12.9054	1.55e-05	0.02	ATAAAACGTGTTAATTCTTTCAAATTGAA
AWWWWWWWWWWWAAHAWATWWAAAAWWWW	MEME-1	peak_568	146	174	+	12.9054	1.55e-05	0.02	AAAATAAACACATAAATAATAACAAATAA
AWWWWWWWWWWWAAHAWATWWAAAAWWWW	MEME-1	peak_271	226	254	-	12.8919	1.57e-05	0.0201	TAAATAGTTTTAAATATAATATAAATTTT
AWWWWWWWWWWWAAHAWATWWAAAAWWWW	MEME-1	peak_147	323	351	-	12.8784	1.59e-05	0.0202	AATAAATATCTTATTAAAATTAAGAAAGT
AWWWWWWWWWWWAAHAWATWWAAAAWWWW	MEME-1	peak_530	142	170	+	12.8649	1.6e-05	0.0203	TTAAAATAATATGAAAATATAAAATAAAT
AWWWWWWWWWWWAAHAWATWWAAAAWWWW	MEME-1	peak_395	170	198	+	12.8649	1.6e-05	0.0203	AATAAATTACAAATTATAAACAATAAACA
AWWWWWWWWWWWAAHAWATWWAAAAWWWW	MEME-1	peak_183	16	44	+	12.8378	1.64e-05	0.0206	AAATAAATTTATACATTTTATAACAAATA
AWWWWWWWWWWWAAHAWATWWAAAAWWWW	MEME-1	peak_225	108	136	+	12.8378	1.64e-05	0.0206	AAAATAAAAGTTACTAATATTTTAAAGAA
AWWWWWWWWWWWAAHAWATWWAAAAWWWW	MEME-1	peak_57	282	310	+	12.8378	1.64e-05	0.0206	AAAAAATATTTTAATATATTCATAAGAAC
AWWWWWWWWWWWAAHAWATWWAAAAWWWW	MEME-1	peak_551	208	236	-	12.8243	1.65e-05	0.0206	AAAAAAAAACAAAAATTCTATTAATATAT
AWWWWWWWWWWWAAHAWATWWAAAAWWWW	MEME-1	peak_80	665	693	+	12.8243	1.65e-05	0.0206	ACAAATTGAATACATATTTTTAGTAAAAT
AWWWWWWWWWWWAAHAWATWWAAAAWWWW	MEME-1	peak_84	191	219	-	12.8108	1.67e-05	0.0207	TAAACTCATAAAACTGTATTTAAAATGTA
AWWWWWWWWWWWAAHAWATWWAAAAWWWW	MEME-1	peak_376	251	279	-	12.8108	1.67e-05	0.0207	TTAATAAATTAAAAAAATTAAAATATTAT
AWWWWWWWWWWWAAHAWATWWAAAAWWWW	MEME-1	peak_287	116	144	+	12.7973	1.69e-05	0.0208	AATTAATTATTAATAGTATGTTATAATAA
AWWWWWWWWWWWAAHAWATWWAAAAWWWW	MEME-1	peak_351	130	158	-	12.7973	1.69e-05	0.0208	ATAATAAAATAAACAATTTTAGAATAAAA
AWWWWWWWWWWWAAHAWATWWAAAAWWWW	MEME-1	peak_437	229	257	+	12.7838	1.7e-05	0.0209	CCTTAATATATAAGTAAATAAATAAAATA
AWWWWWWWWWWWAAHAWATWWAAAAWWWW	MEME-1	peak_87	240	268	-	12.7838	1.7e-05	0.0209	TATAAATAAATATGAATATTAAATACATA
AWWWWWWWWWWWAAHAWATWWAAAAWWWW	MEME-1	peak_588	536	564	-	12.7838	1.7e-05	0.0209	AATATTATTGCAAATAATATTATATATTT
AWWWWWWWWWWWAAHAWATWWAAAAWWWW	MEME-1	peak_214	93	121	+	12.7703	1.72e-05	0.0209	AATAATCAAAAAAGCAACATTTAAAATAA
AWWWWWWWWWWWAAHAWATWWAAAAWWWW	MEME-1	peak_333	120	148	-	12.7703	1.72e-05	0.0209	TTTAAATAATTTCAAATTATTAAAATATA
AWWWWWWWWWWWAAHAWATWWAAAAWWWW	MEME-1	peak_187	213	241	-	12.7703	1.72e-05	0.0209	ATATCAAAATTTGAAAGATTAAAAATTTT
AWWWWWWWWWWWAAHAWATWWAAAAWWWW	MEME-1	peak_436	136	164	-	12.7568	1.74e-05	0.021	ACATATATTTCTGTTATATTTAAATAGTA
AWWWWWWWWWWWAAHAWATWWAAAAWWWW	MEME-1	peak_271	219	247	-	12.7568	1.74e-05	0.021	TTTTAAATATAATATAAATTTTAAATATA
AWWWWWWWWWWWAAHAWATWWAAAAWWWW	MEME-1	peak_220	478	506	-	12.7297	1.77e-05	0.0213	AACAAATTTATTACTACAAAAATCAATAT
AWWWWWWWWWWWAAHAWATWWAAAAWWWW	MEME-1	peak_554	587	615	+	12.7297	1.77e-05	0.0213	AAATATTATGTTGACATTATTAATATAAC
AWWWWWWWWWWWAAHAWATWWAAAAWWWW	MEME-1	peak_366	233	261	+	12.7027	1.81e-05	0.0216	TAATTTTAAATTTATAAAATTATAAATAA
AWWWWWWWWWWWAAHAWATWWAAAAWWWW	MEME-1	peak_278	139	167	-	12.6892	1.83e-05	0.0216	AAATATTACATAAAAAGTTGAAATTTTTA
AWWWWWWWWWWWAAHAWATWWAAAAWWWW	MEME-1	peak_553	58	86	+	12.6757	1.85e-05	0.0216	TACAAATGTATAAAATGTTAAAAAAAAAA
AWWWWWWWWWWWAAHAWATWWAAAAWWWW	MEME-1	peak_614	214	242	+	12.6757	1.85e-05	0.0216	AAATATGTAGAAACCAATTTTTAAACAAA
AWWWWWWWWWWWAAHAWATWWAAAAWWWW	MEME-1	peak_366	239	267	-	12.6757	1.85e-05	0.0216	AAGATTTTATTTATAATTTTATAAATTTA
AWWWWWWWWWWWAAHAWATWWAAAAWWWW	MEME-1	peak_322	348	376	+	12.6757	1.85e-05	0.0216	AACATATATGAAATGATATAAACAAATAT
AWWWWWWWWWWWAAHAWATWWAAAAWWWW	MEME-1	peak_345	15	43	-	12.6622	1.86e-05	0.0216	AATTATAAAAAAATTATCTTAAATTATAT
AWWWWWWWWWWWAAHAWATWWAAAAWWWW	MEME-1	peak_456	134	162	+	12.6622	1.86e-05	0.0216	AAGAATTTTTCTAAAGAATATATATTAAT
AWWWWWWWWWWWAAHAWATWWAAAAWWWW	MEME-1	peak_134	167	195	+	12.6622	1.86e-05	0.0216	ATATTAAATATAAGCTCTTTTAAATCAAT
AWWWWWWWWWWWAAHAWATWWAAAAWWWW	MEME-1	peak_11	155	183	-	12.6622	1.86e-05	0.0216	AAGCAAAAAAATAAAATAAGCAAAATAAA
AWWWWWWWWWWWAAHAWATWWAAAAWWWW	MEME-1	peak_288	212	240	+	12.6622	1.86e-05	0.0216	ATATTATATTTAAATGCTAAATAAATTAA
AWWWWWWWWWWWAAHAWATWWAAAAWWWW	MEME-1	peak_209	212	240	+	12.6622	1.86e-05	0.0216	ATTTAATATATTAATGCAAGAAATTTATA
AWWWWWWWWWWWAAHAWATWWAAAAWWWW	MEME-1	peak_322	427	455	-	12.6622	1.86e-05	0.0216	AAATAAAAATAAATAAATTTTATTAATTT
AWWWWWWWWWWWAAHAWATWWAAAAWWWW	MEME-1	peak_183	15	43	+	12.6486	1.88e-05	0.0216	AAAATAAATTTATACATTTTATAACAAAT
AWWWWWWWWWWWAAHAWATWWAAAAWWWW	MEME-1	peak_543	163	191	-	12.6486	1.88e-05	0.0216	AACTATTTTATTACTTTTTTATAATTATA
AWWWWWWWWWWWAAHAWATWWAAAAWWWW	MEME-1	peak_51	190	218	-	12.6486	1.88e-05	0.0216	AATACATACCTAAATAAAAAAAAGAATTT
AWWWWWWWWWWWAAHAWATWWAAAAWWWW	MEME-1	peak_473	212	240	-	12.6486	1.88e-05	0.0216	TAAATATATAAAAACATATAGTATTATTA
AWWWWWWWWWWWAAHAWATWWAAAAWWWW	MEME-1	peak_365	136	164	+	12.6351	1.9e-05	0.0217	TAAATTCTTGTAAACTTATATTAAATACT
AWWWWWWWWWWWAAHAWATWWAAAAWWWW	MEME-1	peak_31	156	184	+	12.6351	1.9e-05	0.0217	AACAGATATAAAAATTTAATTATAATTAT
AWWWWWWWWWWWAAHAWATWWAAAAWWWW	MEME-1	peak_170	47	75	+	12.6216	1.92e-05	0.0218	AATAAAATACTTAATACATTTCATTAACA
AWWWWWWWWWWWAAHAWATWWAAAAWWWW	MEME-1	peak_198	242	270	+	12.6081	1.94e-05	0.0219	AAAATGCTTTTAAATATTTGTAATTTAAT
AWWWWWWWWWWWAAHAWATWWAAAAWWWW	MEME-1	peak_590	232	260	-	12.6081	1.94e-05	0.0219	ACATTAATAAAAAAAAGCTTAAACAAATA
AWWWWWWWWWWWAAHAWATWWAAAAWWWW	MEME-1	peak_262	274	302	+	12.6081	1.94e-05	0.0219	TAAATATTAAATACATTTTTAAACAAATA
AWWWWWWWWWWWAAHAWATWWAAAAWWWW	MEME-1	peak_573	251	279	-	12.5946	1.96e-05	0.022	TAAATTTAAACAAATAGTTAAAAATTTCT
AWWWWWWWWWWWAAHAWATWWAAAAWWWW	MEME-1	peak_296	306	334	+	12.5946	1.96e-05	0.022	ATTTTAATTAATATTATTTGTAAGAAAAT
AWWWWWWWWWWWAAHAWATWWAAAAWWWW	MEME-1	peak_74	171	199	+	12.5811	1.98e-05	0.022	TATTAAAGAAAAAATATATATATTTAATT
AWWWWWWWWWWWAAHAWATWWAAAAWWWW	MEME-1	peak_539	433	461	+	12.5811	1.98e-05	0.022	ATATTTGTTGAAAATATAAATAAATTTAT
AWWWWWWWWWWWAAHAWATWWAAAAWWWW	MEME-1	peak_17	170	198	+	12.5676	2e-05	0.022	AAAAAACGAATTCACATAAGCTAAAAAAT
AWWWWWWWWWWWAAHAWATWWAAAAWWWW	MEME-1	peak_530	146	174	-	12.5676	2e-05	0.022	ATATATTTATTTTATATTTTCATATTATT
AWWWWWWWWWWWAAHAWATWWAAAAWWWW	MEME-1	peak_366	219	247	+	12.5676	2e-05	0.022	ATTAATTTGTTTTATAATTTTAAATTTAT
AWWWWWWWWWWWAAHAWATWWAAAAWWWW	MEME-1	peak_241	306	334	-	12.5676	2e-05	0.022	AAATACAAATCAGACAAATTTTAAATATT
AWWWWWWWWWWWAAHAWATWWAAAAWWWW	MEME-1	peak_278	216	244	+	12.5541	2.02e-05	0.0222	AAAATATATTTAAAAATTAAGAACATGTA
AWWWWWWWWWWWAAHAWATWWAAAAWWWW	MEME-1	peak_49	137	165	+	12.5405	2.04e-05	0.0223	AAAATATTAGAAAAAATCTAAAAGCAATA
AWWWWWWWWWWWAAHAWATWWAAAAWWWW	MEME-1	peak_294	119	147	-	12.5405	2.04e-05	0.0223	AATAAAATATTTCCCAAATAATAATTAAA
AWWWWWWWWWWWAAHAWATWWAAAAWWWW	MEME-1	peak_469	470	498	+	12.5405	2.04e-05	0.0223	AAATATTAATACAGCGTATTTTAAAAAAA
AWWWWWWWWWWWAAHAWATWWAAAAWWWW	MEME-1	peak_412	205	233	+	12.527	2.06e-05	0.0223	ATTAAATATATTTATATCATAAAAACGAA
AWWWWWWWWWWWAAHAWATWWAAAAWWWW	MEME-1	peak_322	426	454	-	12.527	2.06e-05	0.0223	AATAAAAATAAATAAATTTTATTAATTTT
AWWWWWWWWWWWAAHAWATWWAAAAWWWW	MEME-1	peak_253	74	102	+	12.5135	2.08e-05	0.0223	AATACACTAAATAGAATTTTATAAAAAAT
AWWWWWWWWWWWAAHAWATWWAAAAWWWW	MEME-1	peak_434	116	144	-	12.5135	2.08e-05	0.0223	AAATTATTTTTAATTAAAAAAATTAAAAT
AWWWWWWWWWWWAAHAWATWWAAAAWWWW	MEME-1	peak_275	272	300	+	12.5135	2.08e-05	0.0223	ATTATTTATATTACTGTTTATCAAAAAAA
AWWWWWWWWWWWAAHAWATWWAAAAWWWW	MEME-1	peak_573	155	183	+	12.5	2.1e-05	0.0223	ACATAAAAAATAAATATATATAACCAAGA
AWWWWWWWWWWWAAHAWATWWAAAAWWWW	MEME-1	peak_315	175	203	+	12.5	2.1e-05	0.0223	TAATTTTTATTAAATACATTTTCGTAATA
AWWWWWWWWWWWAAHAWATWWAAAAWWWW	MEME-1	peak_524	190	218	+	12.5	2.1e-05	0.0223	ATTATATAAATTTTTATTTTTTAATTTTA
AWWWWWWWWWWWAAHAWATWWAAAAWWWW	MEME-1	peak_592	186	214	-	12.5	2.1e-05	0.0223	ATTTTATAAGTACAAATATTAAAAAATGT
AWWWWWWWWWWWAAHAWATWWAAAAWWWW	MEME-1	peak_232	237	265	-	12.5	2.1e-05	0.0223	ATAAAGTTTGTAAATTTTTAAAATTAAAA
AWWWWWWWWWWWAAHAWATWWAAAAWWWW	MEME-1	peak_379	119	147	+	12.4865	2.12e-05	0.0223	TAAAAATGTAAAACTAACTTATATTAAAA
AWWWWWWWWWWWAAHAWATWWAAAAWWWW	MEME-1	peak_544	211	239	-	12.4865	2.12e-05	0.0223	AAAATAATAATTAATTGTTTCTACAAATA
AWWWWWWWWWWWAAHAWATWWAAAAWWWW	MEME-1	peak_352	239	267	+	12.4865	2.12e-05	0.0223	CAATATTAACCTGAGATATTTAAATTTAA
AWWWWWWWWWWWAAHAWATWWAAAAWWWW	MEME-1	peak_241	359	387	-	12.4865	2.12e-05	0.0223	ACTATATAAGCAATTAAATTTGCAAAAAT
AWWWWWWWWWWWAAHAWATWWAAAAWWWW	MEME-1	peak_554	441	469	-	12.4865	2.12e-05	0.0223	GTATAAAAAATAAATATATTTTGAATTTT
AWWWWWWWWWWWAAHAWATWWAAAAWWWW	MEME-1	peak_434	117	145	-	12.473	2.14e-05	0.0223	AAAATTATTTTTAATTAAAAAAATTAAAA
AWWWWWWWWWWWAAHAWATWWAAAAWWWW	MEME-1	peak_385	171	199	+	12.473	2.14e-05	0.0223	AATAGATGTGTAATAATAAAAAAATAATT
AWWWWWWWWWWWAAHAWATWWAAAAWWWW	MEME-1	peak_120	283	311	-	12.473	2.14e-05	0.0223	ATCAAAGGTATTAAAATTTAATAAATAAT
AWWWWWWWWWWWAAHAWATWWAAAAWWWW	MEME-1	peak_335	125	153	-	12.4595	2.17e-05	0.0224	AAAATTAGTATTAACAAATAAATAAGATT
AWWWWWWWWWWWAAHAWATWWAAAAWWWW	MEME-1	peak_28	244	272	+	12.4595	2.17e-05	0.0224	AATATATTATTATTTATAAAAAAAAAGTT
AWWWWWWWWWWWAAHAWATWWAAAAWWWW	MEME-1	peak_220	496	524	+	12.4595	2.17e-05	0.0224	ATAAATTTGTTAAGCAAATTATATAAGAT
AWWWWWWWWWWWAAHAWATWWAAAAWWWW	MEME-1	peak_524	183	211	+	12.4324	2.21e-05	0.0226	AAAAAAAATTATATAAATTTTTATTTTTT
AWWWWWWWWWWWAAHAWATWWAAAAWWWW	MEME-1	peak_379	187	215	+	12.4324	2.21e-05	0.0226	AAAACATTAAATAATGTCTAAATAAATTT
AWWWWWWWWWWWAAHAWATWWAAAAWWWW	MEME-1	peak_140	191	219	-	12.4324	2.21e-05	0.0226	TATAATTATTTTAAATTTAAAAAAAAATT
AWWWWWWWWWWWAAHAWATWWAAAAWWWW	MEME-1	peak_362	200	228	-	12.4324	2.21e-05	0.0226	AAATATTATAAAAAAAAGTACACATAGAT
AWWWWWWWWWWWAAHAWATWWAAAAWWWW	MEME-1	peak_262	275	303	+	12.4324	2.21e-05	0.0226	AAATATTAAATACATTTTTAAACAAATAT
AWWWWWWWWWWWAAHAWATWWAAAAWWWW	MEME-1	peak_140	194	222	-	12.4189	2.23e-05	0.0226	TATTATAATTATTTTAAATTTAAAAAAAA
AWWWWWWWWWWWAAHAWATWWAAAAWWWW	MEME-1	peak_60	287	315	-	12.4189	2.23e-05	0.0226	AATAAATAGAATTATGCTTTAAAAATTTA
AWWWWWWWWWWWAAHAWATWWAAAAWWWW	MEME-1	peak_246	296	324	-	12.4189	2.23e-05	0.0226	AAGAATTATAATAAAATATATTCTTTTAT
AWWWWWWWWWWWAAHAWATWWAAAAWWWW	MEME-1	peak_332	102	130	-	12.4054	2.25e-05	0.0227	TAAAAATACATTTTTATATTAAATTATAT
AWWWWWWWWWWWAAHAWATWWAAAAWWWW	MEME-1	peak_140	189	217	+	12.4054	2.25e-05	0.0227	ACAATTTTTTTTTAAATTTAAAATAATTA
AWWWWWWWWWWWAAHAWATWWAAAAWWWW	MEME-1	peak_588	524	552	-	12.4054	2.25e-05	0.0227	AATAATATTATATATTTTTTTATATATAT
AWWWWWWWWWWWAAHAWATWWAAAAWWWW	MEME-1	peak_438	121	149	+	12.3919	2.27e-05	0.0228	TTTAAAATAACAATTAATTTTATATTAAA
AWWWWWWWWWWWAAHAWATWWAAAAWWWW	MEME-1	peak_382	343	371	+	12.3919	2.27e-05	0.0228	TCTAAATATCAAACTTTTTGTAAAATAAA
AWWWWWWWWWWWAAHAWATWWAAAAWWWW	MEME-1	peak_253	65	93	-	12.3649	2.32e-05	0.0229	AAAATTCTATTTAGTGTATTAAAAATCTA
AWWWWWWWWWWWAAHAWATWWAAAAWWWW	MEME-1	peak_219	130	158	+	12.3649	2.32e-05	0.0229	AAAAAATTAGTATACTATATATATAAAAA
AWWWWWWWWWWWAAHAWATWWAAAAWWWW	MEME-1	peak_209	207	235	-	12.3649	2.32e-05	0.0229	ATTTCTTGCATTAATATATTAAATTATAT
AWWWWWWWWWWWAAHAWATWWAAAAWWWW	MEME-1	peak_427	278	306	+	12.3649	2.32e-05	0.0229	AAAAGTAAAACAAATACATTTATACATTA
AWWWWWWWWWWWAAHAWATWWAAAAWWWW	MEME-1	peak_79	275	303	-	12.3649	2.32e-05	0.0229	AATAAAAATACAAAAAGAATAACCTTAAT
AWWWWWWWWWWWAAHAWATWWAAAAWWWW	MEME-1	peak_588	532	560	+	12.3649	2.32e-05	0.0229	AAAAAAATATATAATATTATTTGCAATAA
AWWWWWWWWWWWAAHAWATWWAAAAWWWW	MEME-1	peak_37	111	139	+	12.3514	2.34e-05	0.023	AAAAGATTTCTTGGTTCATATAAAAAATT
AWWWWWWWWWWWAAHAWATWWAAAAWWWW	MEME-1	peak_333	137	165	-	12.3514	2.34e-05	0.023	AAATAATAAACACTAAATTTAAATAATTT
AWWWWWWWWWWWAAHAWATWWAAAAWWWW	MEME-1	peak_541	169	197	-	12.3378	2.37e-05	0.0232	AAAAAAAATAAAATAATCTTTCATATTAA
AWWWWWWWWWWWAAHAWATWWAAAAWWWW	MEME-1	peak_215	175	203	+	12.3243	2.39e-05	0.0232	TATAATTTAATATTTACATATTAAAATTT
AWWWWWWWWWWWAAHAWATWWAAAAWWWW	MEME-1	peak_74	172	200	-	12.3243	2.39e-05	0.0232	AAATTAAATATATATATTTTTTCTTTAAT
AWWWWWWWWWWWAAHAWATWWAAAAWWWW	MEME-1	peak_198	243	271	-	12.3243	2.39e-05	0.0232	AATTAAATTACAAATATTTAAAAGCATTT
AWWWWWWWWWWWAAHAWATWWAAAAWWWW	MEME-1	peak_63	282	310	-	12.3243	2.39e-05	0.0232	AAATTTTATATTGAAAGAATTTATATTAA
AWWWWWWWWWWWAAHAWATWWAAAAWWWW	MEME-1	peak_345	20	48	-	12.3108	2.41e-05	0.0234	TATATAATTATAAAAAAATTATCTTAAAT
AWWWWWWWWWWWAAHAWATWWAAAAWWWW	MEME-1	peak_60	253	281	+	12.2973	2.44e-05	0.0235	TAATATAATTAAAACATATAATTATTATT
AWWWWWWWWWWWAAHAWATWWAAAAWWWW	MEME-1	peak_87	248	276	-	12.2973	2.44e-05	0.0235	ATATGAAGTATAAATAAATATGAATATTA
AWWWWWWWWWWWAAHAWATWWAAAAWWWW	MEME-1	peak_46	438	466	-	12.2973	2.44e-05	0.0235	AATATATTGAAAAACAAAATTAATAATGA
AWWWWWWWWWWWAAHAWATWWAAAAWWWW	MEME-1	peak_164	273	301	-	12.2838	2.46e-05	0.0236	AAATTTAAAACTAAAATTTGTATAACTTT
AWWWWWWWWWWWAAHAWATWWAAAAWWWW	MEME-1	peak_427	289	317	-	12.2703	2.48e-05	0.0238	AAATAACATTTTAATGTATAAATGTATTT
AWWWWWWWWWWWAAHAWATWWAAAAWWWW	MEME-1	peak_315	178	206	-	12.2568	2.51e-05	0.024	CAGTATTACGAAAATGTATTTAATAAAAA
AWWWWWWWWWWWAAHAWATWWAAAAWWWW	MEME-1	peak_322	423	451	+	12.2432	2.53e-05	0.0242	TAAAAAATTAATAAAATTTATTTATTTTT
AWWWWWWWWWWWAAHAWATWWAAAAWWWW	MEME-1	peak_351	144	172	-	12.2297	2.56e-05	0.0244	AAAATTTTAGAAGAATAATAAAATAAACA
AWWWWWWWWWWWAAHAWATWWAAAAWWWW	MEME-1	peak_7	143	171	-	12.2162	2.58e-05	0.0245	ATTTATAAACCAAAAAGAATTAATAATAA
AWWWWWWWWWWWAAHAWATWWAAAAWWWW	MEME-1	peak_433	228	256	+	12.2162	2.58e-05	0.0245	TTATTATTACAAGCTACATTTAATAATAT
AWWWWWWWWWWWAAHAWATWWAAAAWWWW	MEME-1	peak_91	184	212	+	12.2027	2.61e-05	0.0246	ACAAATTATTTTTAAAGAATAAAAACAAA
AWWWWWWWWWWWAAHAWATWWAAAAWWWW	MEME-1	peak_373	224	252	-	12.2027	2.61e-05	0.0246	AATAAATAAAAAGCGAAATTCATCAATTA
AWWWWWWWWWWWAAHAWATWWAAAAWWWW	MEME-1	peak_23	348	376	+	12.1892	2.63e-05	0.0248	AAAATTTTATAAAGTAAGTTAAGAAATAA
AWWWWWWWWWWWAAHAWATWWAAAAWWWW	MEME-1	peak_366	196	224	+	12.1757	2.66e-05	0.0249	AATAATATCACATATAAATTTGAATTAAT
AWWWWWWWWWWWAAHAWATWWAAAAWWWW	MEME-1	peak_366	222	250	-	12.1757	2.66e-05	0.0249	TTTATAAATTTAAAATTATAAAACAAATT
AWWWWWWWWWWWAAHAWATWWAAAAWWWW	MEME-1	peak_588	525	553	-	12.1757	2.66e-05	0.0249	AAATAATATTATATATTTTTTTATATATA
AWWWWWWWWWWWAAHAWATWWAAAAWWWW	MEME-1	peak_366	252	280	-	12.1622	2.69e-05	0.025	AAGATTTAAATAAAAGATTTTATTTATAA
AWWWWWWWWWWWAAHAWATWWAAAAWWWW	MEME-1	peak_115	453	481	-	12.1622	2.69e-05	0.025	ATGAAATACGTAATCAATTTTTAATCAAA
AWWWWWWWWWWWAAHAWATWWAAAAWWWW	MEME-1	peak_183	18	46	-	12.1486	2.71e-05	0.025	ATTATTTGTTATAAAATGTATAAATTTAT
AWWWWWWWWWWWAAHAWATWWAAAAWWWW	MEME-1	peak_568	140	168	+	12.1486	2.71e-05	0.025	ACATTTAAAATAAACACATAAATAATAAC
AWWWWWWWWWWWAAHAWATWWAAAAWWWW	MEME-1	peak_105	200	228	-	12.1486	2.71e-05	0.025	ATAATAAGCCTTAAAATCTATTAAATATT
AWWWWWWWWWWWAAHAWATWWAAAAWWWW	MEME-1	peak_554	439	467	-	12.1486	2.71e-05	0.025	ATAAAAAATAAATATATTTTGAATTTTAT
AWWWWWWWWWWWAAHAWATWWAAAAWWWW	MEME-1	peak_2	248	276	+	12.1351	2.74e-05	0.0252	ATATATTACATTTACATTTTCAAGTAGAA
AWWWWWWWWWWWAAHAWATWWAAAAWWWW	MEME-1	peak_183	17	45	+	12.1216	2.76e-05	0.0253	AATAAATTTATACATTTTATAACAAATAA
AWWWWWWWWWWWAAHAWATWWAAAAWWWW	MEME-1	peak_326	292	320	+	12.1216	2.76e-05	0.0253	AATTAATTTTTTGAATTTTGTAAGTAAAA
AWWWWWWWWWWWAAHAWATWWAAAAWWWW	MEME-1	peak_325	364	392	-	12.1216	2.76e-05	0.0253	AAATAAAAAATATATTTTTATTAATCAAA
AWWWWWWWWWWWAAHAWATWWAAAAWWWW	MEME-1	peak_140	191	219	+	12.1081	2.79e-05	0.0254	AATTTTTTTTTAAATTTAAAATAATTATA
AWWWWWWWWWWWAAHAWATWWAAAAWWWW	MEME-1	peak_433	297	325	+	12.1081	2.79e-05	0.0254	AAAATATTTGTACATTTCTTTAAAACGTA
AWWWWWWWWWWWAAHAWATWWAAAAWWWW	MEME-1	peak_107	288	316	-	12.1081	2.79e-05	0.0254	AAAATATACTTTTAGATATTTTCAAATTT
AWWWWWWWWWWWAAHAWATWWAAAAWWWW	MEME-1	peak_503	141	169	-	12.0811	2.85e-05	0.0256	ACTATTTGCATAAGAAGATTTAACAAATA
AWWWWWWWWWWWAAHAWATWWAAAAWWWW	MEME-1	peak_442	228	256	+	12.0811	2.85e-05	0.0256	AAGAATATAAAACATATTTTAAAATTGTT
AWWWWWWWWWWWAAHAWATWWAAAAWWWW	MEME-1	peak_366	239	267	+	12.0811	2.85e-05	0.0256	TAAATTTATAAAATTATAAATAAAATCTT
AWWWWWWWWWWWAAHAWATWWAAAAWWWW	MEME-1	peak_3	60	88	+	12.0676	2.87e-05	0.0256	AATTATTTAGAATATATTTTATATTTATA
AWWWWWWWWWWWAAHAWATWWAAAAWWWW	MEME-1	peak_434	109	137	+	12.0676	2.87e-05	0.0256	CAAAGATATTTTAATTTTTTTAATTAAAA
AWWWWWWWWWWWAAHAWATWWAAAAWWWW	MEME-1	peak_576	107	135	-	12.0676	2.87e-05	0.0256	AAATTAAAGTAAATTATATATTACAAAAA
AWWWWWWWWWWWAAHAWATWWAAAAWWWW	MEME-1	peak_233	165	193	+	12.0676	2.87e-05	0.0256	AATTAATTTGTAGTCACCATTAATATATT
AWWWWWWWWWWWAAHAWATWWAAAAWWWW	MEME-1	peak_403	166	194	+	12.0676	2.87e-05	0.0256	ATTTTTAAAACAAATAATTTAAGGATAAT
AWWWWWWWWWWWAAHAWATWWAAAAWWWW	MEME-1	peak_311	206	234	-	12.0676	2.87e-05	0.0256	TTAATATCATTAATTAAATTTAAATAAAT
AWWWWWWWWWWWAAHAWATWWAAAAWWWW	MEME-1	peak_406	327	355	+	12.0676	2.87e-05	0.0256	AAGTATTTTGTTGACATATTGAACAAGTT
AWWWWWWWWWWWAAHAWATWWAAAAWWWW	MEME-1	peak_559	128	156	-	12.0541	2.9e-05	0.0257	AATAAAAAGGCAAACAAATAAAATCAAAT
AWWWWWWWWWWWAAHAWATWWAAAAWWWW	MEME-1	peak_284	244	272	+	12.0541	2.9e-05	0.0257	TAATATTTAACACACATTTTTAATTTGAA
AWWWWWWWWWWWAAHAWATWWAAAAWWWW	MEME-1	peak_328	146	174	+	12.0405	2.93e-05	0.0258	ATATTTTATTTTTATATCTTAAAATTGTT
AWWWWWWWWWWWAAHAWATWWAAAAWWWW	MEME-1	peak_376	249	277	-	12.0405	2.93e-05	0.0258	AATAAATTAAAAAAATTAAAATATTATAT
AWWWWWWWWWWWAAHAWATWWAAAAWWWW	MEME-1	peak_565	62	90	+	12.027	2.96e-05	0.0259	AATATATTACCAAATATATGTAAAGTTTT
AWWWWWWWWWWWAAHAWATWWAAAAWWWW	MEME-1	peak_320	194	222	-	12.027	2.96e-05	0.0259	AAATTATTTATTAATAATTTTCAATATAC
AWWWWWWWWWWWAAHAWATWWAAAAWWWW	MEME-1	peak_312	231	259	-	12.027	2.96e-05	0.0259	CACATTTAAATTAAATATTTAAAATAAAA
AWWWWWWWWWWWAAHAWATWWAAAAWWWW	MEME-1	peak_434	113	141	-	12.0135	2.99e-05	0.0259	TTATTTTTAATTAAAAAAATTAAAATATC
AWWWWWWWWWWWAAHAWATWWAAAAWWWW	MEME-1	peak_328	145	173	-	12.0135	2.99e-05	0.0259	ACAATTTTAAGATATAAAAATAAAATATT
AWWWWWWWWWWWAAHAWATWWAAAAWWWW	MEME-1	peak_524	194	222	-	12.0135	2.99e-05	0.0259	ACATTAAAATTAAAAAATAAAAATTTATA
AWWWWWWWWWWWAAHAWATWWAAAAWWWW	MEME-1	peak_59	311	339	+	12.0135	2.99e-05	0.0259	CAAATTAGTACAAAAACAAATAAATTTAA
AWWWWWWWWWWWAAHAWATWWAAAAWWWW	MEME-1	peak_588	520	548	+	12.0135	2.99e-05	0.0259	ATTAATATATATAAAAAAATATATAATAT
AWWWWWWWWWWWAAHAWATWWAAAAWWWW	MEME-1	peak_125	529	557	+	12.0135	2.99e-05	0.0259	AAAATATATATAAAAATGTAAGTATTATA
AWWWWWWWWWWWAAHAWATWWAAAAWWWW	MEME-1	peak_271	228	256	-	12	3.01e-05	0.026	AATAAATAGTTTTAAATATAATATAAATT
AWWWWWWWWWWWAAHAWATWWAAAAWWWW	MEME-1	peak_68	60	88	-	11.9865	3.04e-05	0.0261	AAAATTAACTTTAAAAAAATTAACAACAT
AWWWWWWWWWWWAAHAWATWWAAAAWWWW	MEME-1	peak_515	112	140	-	11.9865	3.04e-05	0.0261	TCATATCAAGTTAAAATTTTAAGAAATAA
AWWWWWWWWWWWAAHAWATWWAAAAWWWW	MEME-1	peak_376	256	284	-	11.9865	3.04e-05	0.0261	AAATATTAATAAATTAAAAAAATTAAAAT
AWWWWWWWWWWWAAHAWATWWAAAAWWWW	MEME-1	peak_286	67	95	+	11.973	3.07e-05	0.0261	CATAAATCTGTAAATAAATAAAATAAATT
AWWWWWWWWWWWAAHAWATWWAAAAWWWW	MEME-1	peak_285	111	139	+	11.973	3.07e-05	0.0261	TAAAAATTTAAAAATGTTTGCATTAATTT
AWWWWWWWWWWWAAHAWATWWAAAAWWWW	MEME-1	peak_559	163	191	-	11.973	3.07e-05	0.0261	ATAAAACGAGTTGTAAACTAAAAAAAAAA
AWWWWWWWWWWWAAHAWATWWAAAAWWWW	MEME-1	peak_138	290	318	-	11.973	3.07e-05	0.0261	AAAAAATATCTATACAAAATATACAAGCT
AWWWWWWWWWWWAAHAWATWWAAAAWWWW	MEME-1	peak_476	300	328	-	11.973	3.07e-05	0.0261	ACGAATATATTAAATATATTTATTTCATT
AWWWWWWWWWWWAAHAWATWWAAAAWWWW	MEME-1	peak_332	104	132	-	11.9595	3.1e-05	0.0263	AATAAAAATACATTTTTATATTAAATTAT
AWWWWWWWWWWWAAHAWATWWAAAAWWWW	MEME-1	peak_313	225	253	-	11.9324	3.16e-05	0.0267	ATCACACTATAAAACAAATATACATAATT
AWWWWWWWWWWWAAHAWATWWAAAAWWWW	MEME-1	peak_549	131	159	+	11.9189	3.19e-05	0.0267	ATCATTTATTCAAACTGATTATAAATATT
AWWWWWWWWWWWAAHAWATWWAAAAWWWW	MEME-1	peak_434	129	157	-	11.9189	3.19e-05	0.0267	AATAAATTCGTTAAAATTATTTTTAATTA
AWWWWWWWWWWWAAHAWATWWAAAAWWWW	MEME-1	peak_140	188	216	+	11.9189	3.19e-05	0.0267	AACAATTTTTTTTTAAATTTAAAATAATT
AWWWWWWWWWWWAAHAWATWWAAAAWWWW	MEME-1	peak_427	311	339	-	11.9189	3.19e-05	0.0267	AAAACTTTATATAACACTTACAAAATAAC
AWWWWWWWWWWWAAHAWATWWAAAAWWWW	MEME-1	peak_88	558	586	+	11.9189	3.19e-05	0.0267	ATAATCCTTACTAATATATTAATAAAAAT
AWWWWWWWWWWWAAHAWATWWAAAAWWWW	MEME-1	peak_157	154	182	+	11.9054	3.22e-05	0.0267	AATAATATATTAAGAGCAAATTAAAATAA
AWWWWWWWWWWWAAHAWATWWAAAAWWWW	MEME-1	peak_437	237	265	+	11.9054	3.22e-05	0.0267	TATAAGTAAATAAATAAAATAATATATTA
AWWWWWWWWWWWAAHAWATWWAAAAWWWW	MEME-1	peak_127	268	296	-	11.9054	3.22e-05	0.0267	AATTAACATTTTATAAAATTCATAAATCA
AWWWWWWWWWWWAAHAWATWWAAAAWWWW	MEME-1	peak_553	69	97	+	11.8919	3.25e-05	0.0267	AAAATGTTAAAAAAAAAAATCAAACAAAA
AWWWWWWWWWWWAAHAWATWWAAAAWWWW	MEME-1	peak_214	94	122	+	11.8919	3.25e-05	0.0267	ATAATCAAAAAAGCAACATTTAAAATAAT
AWWWWWWWWWWWAAHAWATWWAAAAWWWW	MEME-1	peak_271	207	235	+	11.8919	3.25e-05	0.0267	ATTTATTTACTATATATTTAAAATTTATA
AWWWWWWWWWWWAAHAWATWWAAAAWWWW	MEME-1	peak_79	258	286	+	11.8919	3.25e-05	0.0267	AATTGAAAAATTAAAATATTAAGGTTATT
AWWWWWWWWWWWAAHAWATWWAAAAWWWW	MEME-1	peak_75	240	268	-	11.8919	3.25e-05	0.0267	AATTTTTGTACATAAATTATTAAAATACA
AWWWWWWWWWWWAAHAWATWWAAAAWWWW	MEME-1	peak_267	357	385	-	11.8919	3.25e-05	0.0267	AAAAAACTATTAAAAGAAAATTAAATCTA
AWWWWWWWWWWWAAHAWATWWAAAAWWWW	MEME-1	peak_180	659	687	+	11.8919	3.25e-05	0.0267	TTTAATATTTTTATCATATTTTACAATTT
AWWWWWWWWWWWAAHAWATWWAAAAWWWW	MEME-1	peak_184	111	139	+	11.8649	3.32e-05	0.0268	TTTTATTAACCAAATATATATATATTACA
AWWWWWWWWWWWAAHAWATWWAAAAWWWW	MEME-1	peak_435	118	146	+	11.8649	3.32e-05	0.0268	AATTTACTTTATAATGTAATCAATAATAA
AWWWWWWWWWWWAAHAWATWWAAAAWWWW	MEME-1	peak_379	127	155	-	11.8649	3.32e-05	0.0268	TATAATTATTTTAATATAAGTTAGTTTTA
AWWWWWWWWWWWAAHAWATWWAAAAWWWW	MEME-1	peak_333	139	167	-	11.8649	3.32e-05	0.0268	ATAAATAATAAACACTAAATTTAAATAAT
AWWWWWWWWWWWAAHAWATWWAAAAWWWW	MEME-1	peak_256	183	211	-	11.8649	3.32e-05	0.0268	TTTTAAAATTTAAATTCAATTACAAAAAT
AWWWWWWWWWWWAAHAWATWWAAAAWWWW	MEME-1	peak_232	247	275	+	11.8649	3.32e-05	0.0268	AAAAATTTACAAACTTTATATTCATATTT
AWWWWWWWWWWWAAHAWATWWAAAAWWWW	MEME-1	peak_262	273	301	+	11.8649	3.32e-05	0.0268	TTAAATATTAAATACATTTTTAAACAAAT
AWWWWWWWWWWWAAHAWATWWAAAAWWWW	MEME-1	peak_412	300	328	+	11.8649	3.32e-05	0.0268	AAAACACATCTATAAAAATGTACAATTAA
AWWWWWWWWWWWAAHAWATWWAAAAWWWW	MEME-1	peak_291	294	322	-	11.8514	3.35e-05	0.027	TAAAAATAAATACCAATATGATATATATT
AWWWWWWWWWWWAAHAWATWWAAAAWWWW	MEME-1	peak_473	222	250	-	11.8378	3.38e-05	0.0272	TAATTGTAAATAAATATATAAAAACATAT
AWWWWWWWWWWWAAHAWATWWAAAAWWWW	MEME-1	peak_346	469	497	-	11.8378	3.38e-05	0.0272	ATAATAAAATGAAATAATAAAAAATAATT
AWWWWWWWWWWWAAHAWATWWAAAAWWWW	MEME-1	peak_457	121	149	+	11.8243	3.41e-05	0.0273	AACAAAAGAATAAATTAAATTAAATTAAC
AWWWWWWWWWWWAAHAWATWWAAAAWWWW	MEME-1	peak_379	132	160	+	11.8243	3.41e-05	0.0273	CTAACTTATATTAAAATAATTATATAAAT
AWWWWWWWWWWWAAHAWATWWAAAAWWWW	MEME-1	peak_409	326	354	-	11.8243	3.41e-05	0.0273	TATTGATATTTAAAAATGTTTAATATTTA
AWWWWWWWWWWWAAHAWATWWAAAAWWWW	MEME-1	peak_278	207	235	+	11.8108	3.44e-05	0.0274	TCATAATTTAAAATATATTTAAAAATTAA
AWWWWWWWWWWWAAHAWATWWAAAAWWWW	MEME-1	peak_241	387	415	-	11.8108	3.44e-05	0.0274	TAAAAATATGCTACAAAAATATTATAAAA
AWWWWWWWWWWWAAHAWATWWAAAAWWWW	MEME-1	peak_346	461	489	-	11.8108	3.44e-05	0.0274	ATGAAATAATAAAAAATAATTTCGAATTT
AWWWWWWWWWWWAAHAWATWWAAAAWWWW	MEME-1	peak_553	59	87	+	11.7973	3.48e-05	0.0274	ACAAATGTATAAAATGTTAAAAAAAAAAA
AWWWWWWWWWWWAAHAWATWWAAAAWWWW	MEME-1	peak_72	110	138	+	11.7973	3.48e-05	0.0274	AAATTACATTTAGGAAAATGTACAATTTT
AWWWWWWWWWWWAAHAWATWWAAAAWWWW	MEME-1	peak_406	129	157	+	11.7973	3.48e-05	0.0274	AAAAACTTAAAAGAGATATTAAAATTGTA
AWWWWWWWWWWWAAHAWATWWAAAAWWWW	MEME-1	peak_464	200	228	-	11.7973	3.48e-05	0.0274	AAAGTATATTTTAGTACATAAAAATAAAA
AWWWWWWWWWWWAAHAWATWWAAAAWWWW	MEME-1	peak_57	273	301	-	11.7973	3.48e-05	0.0274	AATATATTAAAATATTTTTTAACAAAACA
AWWWWWWWWWWWAAHAWATWWAAAAWWWW	MEME-1	peak_333	116	144	+	11.7838	3.51e-05	0.0274	CACATATATTTTAATAATTTGAAATTATT
AWWWWWWWWWWWAAHAWATWWAAAAWWWW	MEME-1	peak_583	157	185	-	11.7838	3.51e-05	0.0274	AAAAAATAAATAAATATTAGAGCCATTTT
AWWWWWWWWWWWAAHAWATWWAAAAWWWW	MEME-1	peak_592	174	202	-	11.7838	3.51e-05	0.0274	CAAATATTAAAAAATGTTTTAATATAACA
AWWWWWWWWWWWAAHAWATWWAAAAWWWW	MEME-1	peak_20	185	213	-	11.7838	3.51e-05	0.0274	ATTTAAAAAAAAGACGGTTGAAAAATATA
AWWWWWWWWWWWAAHAWATWWAAAAWWWW	MEME-1	peak_476	293	321	+	11.7838	3.51e-05	0.0274	ATTAAAAAATGAAATAAATATATTTAATA
AWWWWWWWWWWWAAHAWATWWAAAAWWWW	MEME-1	peak_380	142	170	-	11.7703	3.54e-05	0.0274	AAGTATGTTAAAAACAAAATTAAAAACAA
AWWWWWWWWWWWAAHAWATWWAAAAWWWW	MEME-1	peak_379	178	206	-	11.7703	3.54e-05	0.0274	TAGACATTATTTAATGTTTTTAACATATT
AWWWWWWWWWWWAAHAWATWWAAAAWWWW	MEME-1	peak_329	244	272	+	11.7703	3.54e-05	0.0274	TATTAATAATAAAATACATTTTTATCTAT
AWWWWWWWWWWWAAHAWATWWAAAAWWWW	MEME-1	peak_543	294	322	+	11.7703	3.54e-05	0.0274	AATAAATTTGTTAGCTTCTTTACGTTAAA
AWWWWWWWWWWWAAHAWATWWAAAAWWWW	MEME-1	peak_296	299	327	+	11.7703	3.54e-05	0.0274	AAAATTAATTTTAATTAATATTATTTGTA
AWWWWWWWWWWWAAHAWATWWAAAAWWWW	MEME-1	peak_401	95	123	-	11.7568	3.58e-05	0.0275	TAAAATTGTGTTACTGATTTTAAAAATGT
AWWWWWWWWWWWAAHAWATWWAAAAWWWW	MEME-1	peak_539	149	177	+	11.7568	3.58e-05	0.0275	GAAAAAAATGCAATAAATTTTTAAAATAT
AWWWWWWWWWWWAAHAWATWWAAAAWWWW	MEME-1	peak_140	196	224	+	11.7568	3.58e-05	0.0275	TTTTTTAAATTTAAAATAATTATAATATA
AWWWWWWWWWWWAAHAWATWWAAAAWWWW	MEME-1	peak_345	21	49	-	11.7432	3.61e-05	0.0276	ATATATAATTATAAAAAAATTATCTTAAA
AWWWWWWWWWWWAAHAWATWWAAAAWWWW	MEME-1	peak_376	250	278	-	11.7432	3.61e-05	0.0276	TAATAAATTAAAAAAATTAAAATATTATA
AWWWWWWWWWWWAAHAWATWWAAAAWWWW	MEME-1	peak_469	471	499	+	11.7432	3.61e-05	0.0276	AATATTAATACAGCGTATTTTAAAAAAAT
AWWWWWWWWWWWAAHAWATWWAAAAWWWW	MEME-1	peak_1	162	190	+	11.7297	3.64e-05	0.0278	AAAAGAATATAAAAATTCTTCAACAAAAA
AWWWWWWWWWWWAAHAWATWWAAAAWWWW	MEME-1	peak_485	203	231	+	11.7297	3.64e-05	0.0278	ATTAAATATATATGTGTTTATTATATAAA
AWWWWWWWWWWWAAHAWATWWAAAAWWWW	MEME-1	peak_122	172	200	+	11.7162	3.68e-05	0.028	TAAAAATATTTTGAAAAATAACACATATA
AWWWWWWWWWWWAAHAWATWWAAAAWWWW	MEME-1	peak_333	121	149	-	11.7027	3.71e-05	0.0281	ATTTAAATAATTTCAAATTATTAAAATAT
AWWWWWWWWWWWAAHAWATWWAAAAWWWW	MEME-1	peak_271	218	246	+	11.7027	3.71e-05	0.0281	ATATATTTAAAATTTATATTATATTTAAA
AWWWWWWWWWWWAAHAWATWWAAAAWWWW	MEME-1	peak_554	688	716	-	11.7027	3.71e-05	0.0281	ATATCTATTATTGATTTTTTAAAAATTTT
AWWWWWWWWWWWAAHAWATWWAAAAWWWW	MEME-1	peak_345	14	42	+	11.6892	3.75e-05	0.0281	AATATAATTTAAGATAATTTTTTTATAAT
AWWWWWWWWWWWAAHAWATWWAAAAWWWW	MEME-1	peak_434	114	142	+	11.6892	3.75e-05	0.0281	ATATTTTAATTTTTTTAATTAAAAATAAT
AWWWWWWWWWWWAAHAWATWWAAAAWWWW	MEME-1	peak_333	124	152	+	11.6892	3.75e-05	0.0281	TTTTAATAATTTGAAATTATTTAAATTTA
AWWWWWWWWWWWAAHAWATWWAAAAWWWW	MEME-1	peak_294	136	164	-	11.6892	3.75e-05	0.0281	AATAATTTGATACCCATAATAAAATATTT
AWWWWWWWWWWWAAHAWATWWAAAAWWWW	MEME-1	peak_312	230	258	-	11.6892	3.75e-05	0.0281	ACATTTAAATTAAATATTTAAAATAAAAC
AWWWWWWWWWWWAAHAWATWWAAAAWWWW	MEME-1	peak_557	34	62	+	11.6757	3.78e-05	0.0281	AAAATACGATAAAAAAAAAAACAAAAAAA
AWWWWWWWWWWWAAHAWATWWAAAAWWWW	MEME-1	peak_323	95	123	+	11.6757	3.78e-05	0.0281	TTAAAAATATTTATCGTTTTTAATTTTAA
AWWWWWWWWWWWAAHAWATWWAAAAWWWW	MEME-1	peak_264	192	220	+	11.6757	3.78e-05	0.0281	CAAATAATGTTAAATACATTTATATTTTT
AWWWWWWWWWWWAAHAWATWWAAAAWWWW	MEME-1	peak_90	210	238	+	11.6757	3.78e-05	0.0281	AATAAATATTTAAATTTTAATATGAAACT
AWWWWWWWWWWWAAHAWATWWAAAAWWWW	MEME-1	peak_595	219	247	-	11.6757	3.78e-05	0.0281	TACAAATGATTAAATGATTATAACTATTT
AWWWWWWWWWWWAAHAWATWWAAAAWWWW	MEME-1	peak_353	418	446	+	11.6757	3.78e-05	0.0281	ATACTTTGAGTTGAAATTATAAAAAAAAA
AWWWWWWWWWWWAAHAWATWWAAAAWWWW	MEME-1	peak_435	160	188	+	11.6622	3.82e-05	0.0281	ATAAATAGTAAACATATATTCCAAAATAT
AWWWWWWWWWWWAAHAWATWWAAAAWWWW	MEME-1	peak_575	140	168	-	11.6622	3.82e-05	0.0281	ATATAATTTTCATGCGTATTCAATAATTT
AWWWWWWWWWWWAAHAWATWWAAAAWWWW	MEME-1	peak_271	203	231	+	11.6622	3.82e-05	0.0281	CTTAATTTATTTACTATATATTTAAAATT
AWWWWWWWWWWWAAHAWATWWAAAAWWWW	MEME-1	peak_366	229	257	+	11.6622	3.82e-05	0.0281	TTTATAATTTTAAATTTATAAAATTATAA
AWWWWWWWWWWWAAHAWATWWAAAAWWWW	MEME-1	peak_392	364	392	-	11.6622	3.82e-05	0.0281	TCAAAAATATAAAATGTATACTATAATAT
AWWWWWWWWWWWAAHAWATWWAAAAWWWW	MEME-1	peak_438	122	150	-	11.6351	3.89e-05	0.0285	ATTTAATATAAAATTAATTGTTATTTTAA
AWWWWWWWWWWWAAHAWATWWAAAAWWWW	MEME-1	peak_112	469	497	-	11.6351	3.89e-05	0.0285	AACTTAATTTATAAAATTTACATATAAAA
AWWWWWWWWWWWAAHAWATWWAAAAWWWW	MEME-1	peak_345	18	46	-	11.6216	3.93e-05	0.0287	TATAATTATAAAAAAATTATCTTAAATTA
AWWWWWWWWWWWAAHAWATWWAAAAWWWW	MEME-1	peak_587	141	169	-	11.6216	3.93e-05	0.0287	ATCTTATATGTAAATGCTTATTAGAATTT
AWWWWWWWWWWWAAHAWATWWAAAAWWWW	MEME-1	peak_532	61	89	-	11.6081	3.96e-05	0.0288	TTATGTAGAATAAATACTTTTATAATAAT
AWWWWWWWWWWWAAHAWATWWAAAAWWWW	MEME-1	peak_140	199	227	-	11.6081	3.96e-05	0.0288	TCTTATATTATAATTATTTTAAATTTAAA
AWWWWWWWWWWWAAHAWATWWAAAAWWWW	MEME-1	peak_236	265	293	+	11.6081	3.96e-05	0.0288	ACAAATTATTTATATGCAATTTCAATAAA
AWWWWWWWWWWWAAHAWATWWAAAAWWWW	MEME-1	peak_63	285	313	+	11.6081	3.96e-05	0.0288	ATATAAATTCTTTCAATATAAAATTTAAA
AWWWWWWWWWWWAAHAWATWWAAAAWWWW	MEME-1	peak_323	71	99	+	11.5946	4e-05	0.0288	AATTATTGTGGAAGTAAATTAAAGTTAAA
AWWWWWWWWWWWAAHAWATWWAAAAWWWW	MEME-1	peak_288	209	237	-	11.5946	4e-05	0.0288	ATTTATTTAGCATTTAAATATAATATTAT
AWWWWWWWWWWWAAHAWATWWAAAAWWWW	MEME-1	peak_412	275	303	+	11.5946	4e-05	0.0288	AATTAGTTTAGAAAAATTTTCAACAAAAA
AWWWWWWWWWWWAAHAWATWWAAAAWWWW	MEME-1	peak_267	319	347	+	11.5946	4e-05	0.0288	ATAAAAATAATTGAAATATGCACGTAGTT
AWWWWWWWWWWWAAHAWATWWAAAAWWWW	MEME-1	peak_418	193	221	-	11.5811	4.04e-05	0.0289	ACCAAAAGTTCAGATACTTTTAACTTTAA
AWWWWWWWWWWWAAHAWATWWAAAAWWWW	MEME-1	peak_262	274	302	-	11.5811	4.04e-05	0.0289	TATTTGTTTAAAAATGTATTTAATATTTA
AWWWWWWWWWWWAAHAWATWWAAAAWWWW	MEME-1	peak_588	365	393	-	11.5811	4.04e-05	0.0289	AAAAATCAGGAAAATAAATAATTTAAAAA
AWWWWWWWWWWWAAHAWATWWAAAAWWWW	MEME-1	peak_271	206	234	+	11.5676	4.08e-05	0.029	AATTTATTTACTATATATTTAAAATTTAT
AWWWWWWWWWWWAAHAWATWWAAAAWWWW	MEME-1	peak_464	183	211	-	11.5676	4.08e-05	0.029	ATAAAAATAAAAATAAATTTATAACAAAT
AWWWWWWWWWWWAAHAWATWWAAAAWWWW	MEME-1	peak_554	242	270	-	11.5676	4.08e-05	0.029	TAGATATGAGAAAATGTTTTTAACTATAA
AWWWWWWWWWWWAAHAWATWWAAAAWWWW	MEME-1	peak_178	429	457	-	11.5676	4.08e-05	0.029	TCAACACTTAAAAAAATAAATAAAATGTT
AWWWWWWWWWWWAAHAWATWWAAAAWWWW	MEME-1	peak_595	209	237	-	11.5541	4.12e-05	0.0292	TAAATGATTATAACTATTTTCACAATTAA
AWWWWWWWWWWWAAHAWATWWAAAAWWWW	MEME-1	peak_54	241	269	+	11.5541	4.12e-05	0.0292	ATATCTTAATCAAGTGAAATTAAATTAAA
AWWWWWWWWWWWAAHAWATWWAAAAWWWW	MEME-1	peak_287	132	160	-	11.5405	4.15e-05	0.0293	AAAATATTACAAAAATTTATTATAACATA
AWWWWWWWWWWWAAHAWATWWAAAAWWWW	MEME-1	peak_326	356	384	-	11.5405	4.15e-05	0.0293	AAATTTTAAATCACCGAATTTACATATAA
AWWWWWWWWWWWAAHAWATWWAAAAWWWW	MEME-1	peak_325	382	410	-	11.5405	4.15e-05	0.0293	ACAAAAATTTTAAAAGTGAAATAAAAAAT
AWWWWWWWWWWWAAHAWATWWAAAAWWWW	MEME-1	peak_351	116	144	-	11.527	4.19e-05	0.0295	AATTTTAGAATAAAAAAATTATGTAATAA
AWWWWWWWWWWWAAHAWATWWAAAAWWWW	MEME-1	peak_568	148	176	+	11.527	4.19e-05	0.0295	AATAAACACATAAATAATAACAAATAAGT
AWWWWWWWWWWWAAHAWATWWAAAAWWWW	MEME-1	peak_119	42	70	+	11.5135	4.23e-05	0.0296	TCAAAAATTTTAAAAGCAAAATAAAATAA
AWWWWWWWWWWWAAHAWATWWAAAAWWWW	MEME-1	peak_287	121	149	-	11.5135	4.23e-05	0.0296	AAAATTTATTATAACATACTATTAATAAT
AWWWWWWWWWWWAAHAWATWWAAAAWWWW	MEME-1	peak_11	149	177	-	11.5135	4.23e-05	0.0296	AAAAATAAAATAAGCAAAATAAATTGTAT
AWWWWWWWWWWWAAHAWATWWAAAAWWWW	MEME-1	peak_400	291	319	-	11.5135	4.23e-05	0.0296	ACAATATTTATTAAAGTATTTTAAGTATA
AWWWWWWWWWWWAAHAWATWWAAAAWWWW	MEME-1	peak_434	114	142	-	11.5	4.27e-05	0.0297	ATTATTTTTAATTAAAAAAATTAAAATAT
AWWWWWWWWWWWAAHAWATWWAAAAWWWW	MEME-1	peak_467	201	229	-	11.5	4.27e-05	0.0297	TAAAATAAAAAAAATATATGTTGGTTATT
AWWWWWWWWWWWAAHAWATWWAAAAWWWW	MEME-1	peak_320	238	266	-	11.5	4.27e-05	0.0297	AACATATTAAAAGCGAATTTAAAAACTTA
AWWWWWWWWWWWAAHAWATWWAAAAWWWW	MEME-1	peak_89	106	134	+	11.4865	4.31e-05	0.0298	AAAAAATTAATTAGGAAGAAAAATAAATT
AWWWWWWWWWWWAAHAWATWWAAAAWWWW	MEME-1	peak_530	143	171	+	11.4865	4.31e-05	0.0298	TAAAATAATATGAAAATATAAAATAAATA
AWWWWWWWWWWWAAHAWATWWAAAAWWWW	MEME-1	peak_197	170	198	-	11.4865	4.31e-05	0.0298	TTTACATTTATAAATATTTTCATGAAGAA
AWWWWWWWWWWWAAHAWATWWAAAAWWWW	MEME-1	peak_185	190	218	-	11.4865	4.31e-05	0.0298	AAAGGATTTAAAAATGTAATTAAAATAAT
AWWWWWWWWWWWAAHAWATWWAAAAWWWW	MEME-1	peak_287	123	151	-	11.473	4.35e-05	0.0299	CAAAAATTTATTATAACATACTATTAATA
AWWWWWWWWWWWAAHAWATWWAAAAWWWW	MEME-1	peak_328	149	177	-	11.473	4.35e-05	0.0299	AACAACAATTTTAAGATATAAAAATAAAA
AWWWWWWWWWWWAAHAWATWWAAAAWWWW	MEME-1	peak_464	181	209	-	11.473	4.35e-05	0.0299	AAAAATAAAAATAAATTTATAACAAATCA
AWWWWWWWWWWWAAHAWATWWAAAAWWWW	MEME-1	peak_366	213	241	-	11.473	4.35e-05	0.0299	TTAAAATTATAAAACAAATTAATTCAAAT
AWWWWWWWWWWWAAHAWATWWAAAAWWWW	MEME-1	peak_304	126	154	+	11.4595	4.39e-05	0.03	AAATTAATTTTACAAATATACAAGTAGAT
AWWWWWWWWWWWAAHAWATWWAAAAWWWW	MEME-1	peak_346	468	496	-	11.4595	4.39e-05	0.03	TAATAAAATGAAATAATAAAAAATAATTT
AWWWWWWWWWWWAAHAWATWWAAAAWWWW	MEME-1	peak_543	162	190	+	11.4459	4.43e-05	0.03	ATATAATTATAAAAAAGTAATAAAATAGT
AWWWWWWWWWWWAAHAWATWWAAAAWWWW	MEME-1	peak_101	212	240	+	11.4459	4.43e-05	0.03	AAAAAACATTTAAGTACATTTGATAAAGT
AWWWWWWWWWWWAAHAWATWWAAAAWWWW	MEME-1	peak_437	236	264	-	11.4459	4.43e-05	0.03	AATATATTATTTTATTTATTTACTTATAT
AWWWWWWWWWWWAAHAWATWWAAAAWWWW	MEME-1	peak_427	286	314	+	11.4459	4.43e-05	0.03	AACAAATACATTTATACATTAAAATGTTA
AWWWWWWWWWWWAAHAWATWWAAAAWWWW	MEME-1	peak_88	578	606	+	11.4459	4.43e-05	0.03	AATAAAAATATTAGTAACTGTTTAAAACA
AWWWWWWWWWWWAAHAWATWWAAAAWWWW	MEME-1	peak_345	30	58	-	11.4324	4.47e-05	0.03	ATTACTGTAATATATAATTATAAAAAAAT
AWWWWWWWWWWWAAHAWATWWAAAAWWWW	MEME-1	peak_522	128	156	-	11.4324	4.47e-05	0.03	ACTAATTGTTATAAATAATAATAAATTAT
AWWWWWWWWWWWAAHAWATWWAAAAWWWW	MEME-1	peak_138	188	216	-	11.4324	4.47e-05	0.03	AATAAAGTTTTAAACACAATTAAATCAGA
AWWWWWWWWWWWAAHAWATWWAAAAWWWW	MEME-1	peak_376	254	282	-	11.4324	4.47e-05	0.03	ATATTAATAAATTAAAAAAATTAAAATAT
AWWWWWWWWWWWAAHAWATWWAAAAWWWW	MEME-1	peak_565	72	100	+	11.4189	4.51e-05	0.03	CAAATATATGTAAAGTTTTAAAAATTTTT
AWWWWWWWWWWWAAHAWATWWAAAAWWWW	MEME-1	peak_286	87	115	+	11.4189	4.51e-05	0.03	AAATAAATTCTTGAAAATATCAAAACGTA
AWWWWWWWWWWWAAHAWATWWAAAAWWWW	MEME-1	peak_580	78	106	-	11.4189	4.51e-05	0.03	TTAAATAATTTAATTGCTTATAAAACAAA
AWWWWWWWWWWWAAHAWATWWAAAAWWWW	MEME-1	peak_551	131	159	+	11.4189	4.51e-05	0.03	TATATATATTTCAAAACATTAAAGTAAAT
AWWWWWWWWWWWAAHAWATWWAAAAWWWW	MEME-1	peak_287	133	161	-	11.4189	4.51e-05	0.03	TAAAATATTACAAAAATTTATTATAACAT
AWWWWWWWWWWWAAHAWATWWAAAAWWWW	MEME-1	peak_376	258	286	-	11.4189	4.51e-05	0.03	CAAAATATTAATAAATTAAAAAAATTAAA
AWWWWWWWWWWWAAHAWATWWAAAAWWWW	MEME-1	peak_112	279	307	-	11.4189	4.51e-05	0.03	CTAAAATTTTCTATAAATTTTACAAATTT
AWWWWWWWWWWWAAHAWATWWAAAAWWWW	MEME-1	peak_346	458	486	+	11.4189	4.51e-05	0.03	AAGAAATTCGAAATTATTTTTTATTATTT
AWWWWWWWWWWWAAHAWATWWAAAAWWWW	MEME-1	peak_248	84	112	+	11.3919	4.6e-05	0.0304	AATTTACTTATAAATTAATTTGAGTAATA
AWWWWWWWWWWWAAHAWATWWAAAAWWWW	MEME-1	peak_589	81	109	-	11.3919	4.6e-05	0.0304	TTTATATTTTTAATAAAAATCTAAAAATT
AWWWWWWWWWWWAAHAWATWWAAAAWWWW	MEME-1	peak_515	125	153	+	11.3919	4.6e-05	0.0304	TTTTAACTTGATATGAAATTAAAAAAAAA
AWWWWWWWWWWWAAHAWATWWAAAAWWWW	MEME-1	peak_31	162	190	+	11.3919	4.6e-05	0.0304	TATAAAAATTTAATTATAATTATTAAGAT
AWWWWWWWWWWWAAHAWATWWAAAAWWWW	MEME-1	peak_553	80	108	+	11.3784	4.64e-05	0.0304	AAAAAAAATCAAACAAAATATTTGATACT
AWWWWWWWWWWWAAHAWATWWAAAAWWWW	MEME-1	peak_435	109	137	-	11.3784	4.64e-05	0.0304	ATTACATTATAAAGTAAATTTTTATAATT
AWWWWWWWWWWWAAHAWATWWAAAAWWWW	MEME-1	peak_7	147	175	-	11.3784	4.64e-05	0.0304	AAATATTTATAAACCAAAAAGAATTAATA
AWWWWWWWWWWWAAHAWATWWAAAAWWWW	MEME-1	peak_320	204	232	+	11.3784	4.64e-05	0.0304	AATTATTAATAAATAATTTAAGAAAATAT
AWWWWWWWWWWWAAHAWATWWAAAAWWWW	MEME-1	peak_551	222	250	-	11.3784	4.64e-05	0.0304	ACCAATTTTTTAGCAAAAAAAAACAAAAA
AWWWWWWWWWWWAAHAWATWWAAAAWWWW	MEME-1	peak_263	241	269	-	11.3784	4.64e-05	0.0304	ATATAAAACTACACTATTTTTAAATTAAT
AWWWWWWWWWWWAAHAWATWWAAAAWWWW	MEME-1	peak_180	60	88	+	11.3649	4.68e-05	0.0306	TTTTAAATTTAAAATATTATTAAATCTTA
AWWWWWWWWWWWAAHAWATWWAAAAWWWW	MEME-1	peak_154	124	152	+	11.3649	4.68e-05	0.0306	TTAAAATATAAACAAATATAAATCAAATT
AWWWWWWWWWWWAAHAWATWWAAAAWWWW	MEME-1	peak_31	146	174	+	11.3514	4.73e-05	0.0307	AAAACAAAATAACAGATATAAAAATTTAA
AWWWWWWWWWWWAAHAWATWWAAAAWWWW	MEME-1	peak_366	236	264	+	11.3514	4.73e-05	0.0307	TTTTAAATTTATAAAATTATAAATAAAAT
AWWWWWWWWWWWAAHAWATWWAAAAWWWW	MEME-1	peak_311	250	278	+	11.3514	4.73e-05	0.0307	TATTAAAATGTTATTTTTTACAAAAATAT
AWWWWWWWWWWWAAHAWATWWAAAAWWWW	MEME-1	peak_57	67	95	-	11.3378	4.77e-05	0.0308	TAATATCATGTAAAGAAATATTTAATTTA
AWWWWWWWWWWWAAHAWATWWAAAAWWWW	MEME-1	peak_224	176	204	+	11.3378	4.77e-05	0.0308	CAAAAATATTTAAGTAATTTTTAACATTT
AWWWWWWWWWWWAAHAWATWWAAAAWWWW	MEME-1	peak_90	225	253	-	11.3378	4.77e-05	0.0308	TATATTAAAAAAAATAGTTTCATATTAAA
AWWWWWWWWWWWAAHAWATWWAAAAWWWW	MEME-1	peak_366	266	294	-	11.3378	4.77e-05	0.0308	AAAGATTTAATTTAAAGATTTAAATAAAA
AWWWWWWWWWWWAAHAWATWWAAAAWWWW	MEME-1	peak_326	313	341	+	11.3378	4.77e-05	0.0308	AAGTAAAAAGCATCCATTATAAAATAAAT
AWWWWWWWWWWWAAHAWATWWAAAAWWWW	MEME-1	peak_55	90	118	+	11.3243	4.81e-05	0.0309	AAAGAATAGGTTTATATATTAAAAAATTT
AWWWWWWWWWWWAAHAWATWWAAAAWWWW	MEME-1	peak_139	164	192	+	11.3243	4.81e-05	0.0309	ATTATATACCCAAACAAAATCTACAATTT
AWWWWWWWWWWWAAHAWATWWAAAAWWWW	MEME-1	peak_376	246	274	-	11.3243	4.81e-05	0.0309	AAATTAAAAAAATTAAAATATTATATAAT
AWWWWWWWWWWWAAHAWATWWAAAAWWWW	MEME-1	peak_380	129	157	-	11.3108	4.86e-05	0.0311	ACAAAATTAAAAACAAATAAAATCAATAT
AWWWWWWWWWWWAAHAWATWWAAAAWWWW	MEME-1	peak_311	198	226	-	11.3108	4.86e-05	0.0311	ATTAATTAAATTTAAATAAATACCATTTT
AWWWWWWWWWWWAAHAWATWWAAAAWWWW	MEME-1	peak_154	137	165	+	11.2973	4.9e-05	0.0313	AAATATAAATCAAATTTTTGTATTTAAAA
AWWWWWWWWWWWAAHAWATWWAAAAWWWW	MEME-1	peak_554	456	484	-	11.2973	4.9e-05	0.0313	AAAAAATGATATTTGGTATAAAAAATAAA
AWWWWWWWWWWWAAHAWATWWAAAAWWWW	MEME-1	peak_215	175	203	-	11.2838	4.95e-05	0.0314	AAATTTTAATATGTAAATATTAAATTATA
AWWWWWWWWWWWAAHAWATWWAAAAWWWW	MEME-1	peak_410	226	254	-	11.2838	4.95e-05	0.0314	ATTAAATTATTTTGTAACTTTAATTTATT
AWWWWWWWWWWWAAHAWATWWAAAAWWWW	MEME-1	peak_180	44	72	+	11.2703	4.99e-05	0.0314	CAAAAAAATGTTTATGTTTTAAATTTAAA
AWWWWWWWWWWWAAHAWATWWAAAAWWWW	MEME-1	peak_248	93	121	+	11.2703	4.99e-05	0.0314	ATAAATTAATTTGAGTAATAATAATAATA
AWWWWWWWWWWWAAHAWATWWAAAAWWWW	MEME-1	peak_379	135	163	+	11.2703	4.99e-05	0.0314	ACTTATATTAAAATAATTATATAAATAAA
AWWWWWWWWWWWAAHAWATWWAAAAWWWW	MEME-1	peak_31	148	176	+	11.2703	4.99e-05	0.0314	AACAAAATAACAGATATAAAAATTTAATT
AWWWWWWWWWWWAAHAWATWWAAAAWWWW	MEME-1	peak_224	166	194	+	11.2703	4.99e-05	0.0314	CTTATATTGTCAAAAATATTTAAGTAATT
AWWWWWWWWWWWAAHAWATWWAAAAWWWW	MEME-1	peak_543	180	208	+	11.2703	4.99e-05	0.0314	AATAAAATAGTTACCAAATTCCTCATATA
AWWWWWWWWWWWAAHAWATWWAAAAWWWW	MEME-1	peak_39	191	219	+	11.2703	4.99e-05	0.0314	AGATATCGAAATAAAAAATTTTAAATATA
AWWWWWWWWWWWAAHAWATWWAAAAWWWW	MEME-1	peak_366	218	246	+	11.2703	4.99e-05	0.0314	AATTAATTTGTTTTATAATTTTAAATTTA
AWWWWWWWWWWWAAHAWATWWAAAAWWWW	MEME-1	peak_504	162	190	+	11.2568	5.04e-05	0.0315	ATAAAATATTAAAAAAAAAAAAGGTTGAA
AWWWWWWWWWWWAAHAWATWWAAAAWWWW	MEME-1	peak_54	289	317	+	11.2568	5.04e-05	0.0315	ATGTATTATATAAATATATTAAGATGTAT
AWWWWWWWWWWWAAHAWATWWAAAAWWWW	MEME-1	peak_537	279	307	-	11.2568	5.04e-05	0.0315	ATATTATTAAAAATGATATGCTAATATTA
AWWWWWWWWWWWAAHAWATWWAAAAWWWW	MEME-1	peak_427	416	444	-	11.2568	5.04e-05	0.0315	AAATATCAAAAATGTAAAATCAAAATGTT
AWWWWWWWWWWWAAHAWATWWAAAAWWWW	MEME-1	peak_13	41	69	-	11.2432	5.08e-05	0.0316	TATTTTTAAGTTTAAATAAATAACAAAAA
AWWWWWWWWWWWAAHAWATWWAAAAWWWW	MEME-1	peak_452	79	107	+	11.2432	5.08e-05	0.0316	ATTTTTTATTCAAAAATAATATATATACA
AWWWWWWWWWWWAAHAWATWWAAAAWWWW	MEME-1	peak_304	136	164	+	11.2432	5.08e-05	0.0316	TACAAATATACAAGTAGATTTAAGTCTTA
AWWWWWWWWWWWAAHAWATWWAAAAWWWW	MEME-1	peak_271	204	232	-	11.2432	5.08e-05	0.0316	AAATTTTAAATATATAGTAAATAAATTAA
AWWWWWWWWWWWAAHAWATWWAAAAWWWW	MEME-1	peak_590	231	259	-	11.2297	5.13e-05	0.0318	CATTAATAAAAAAAAGCTTAAACAAATAA
AWWWWWWWWWWWAAHAWATWWAAAAWWWW	MEME-1	peak_367	153	181	-	11.2162	5.18e-05	0.0318	ACGTAACACAAAGAAACATTATAAATAAT
AWWWWWWWWWWWAAHAWATWWAAAAWWWW	MEME-1	peak_35	208	236	+	11.2162	5.18e-05	0.0318	AAGAATTTTTTAAAAAGCTTAAAATCGTA
AWWWWWWWWWWWAAHAWATWWAAAAWWWW	MEME-1	peak_311	207	235	-	11.2162	5.18e-05	0.0318	TTTAATATCATTAATTAAATTTAAATAAA
AWWWWWWWWWWWAAHAWATWWAAAAWWWW	MEME-1	peak_520	235	263	+	11.2162	5.18e-05	0.0318	CTAAAATTACTAGTTAACATTAAAATAAA
AWWWWWWWWWWWAAHAWATWWAAAAWWWW	MEME-1	peak_427	280	308	+	11.2162	5.18e-05	0.0318	AAGTAAAACAAATACATTTATACATTAAA
AWWWWWWWWWWWAAHAWATWWAAAAWWWW	MEME-1	peak_363	254	282	-	11.2162	5.18e-05	0.0318	GAAATATGTTATGATAAATAATAAAAAAA
AWWWWWWWWWWWAAHAWATWWAAAAWWWW	MEME-1	peak_296	307	335	-	11.2162	5.18e-05	0.0318	TATTTTCTTACAAATAATATTAATTAAAA
AWWWWWWWWWWWAAHAWATWWAAAAWWWW	MEME-1	peak_6	75	103	+	11.2027	5.22e-05	0.0319	AATATTTTTTAAAACATTTACAATAGTTT
AWWWWWWWWWWWAAHAWATWWAAAAWWWW	MEME-1	peak_375	147	175	-	11.2027	5.22e-05	0.0319	AAAACATATTATAATAAATTCTGCTTATT
AWWWWWWWWWWWAAHAWATWWAAAAWWWW	MEME-1	peak_136	173	201	-	11.2027	5.22e-05	0.0319	AAAAAATATAACCTTGTTTTTAAAATAAA
AWWWWWWWWWWWAAHAWATWWAAAAWWWW	MEME-1	peak_522	118	146	-	11.1892	5.27e-05	0.0319	ATAAATAATAATAAATTATGATAAATCAA
AWWWWWWWWWWWAAHAWATWWAAAAWWWW	MEME-1	peak_256	180	208	+	11.1892	5.27e-05	0.0319	CCTATTTTTGTAATTGAATTTAAATTTTA
AWWWWWWWWWWWAAHAWATWWAAAAWWWW	MEME-1	peak_412	208	236	+	11.1892	5.27e-05	0.0319	AAATATATTTATATCATAAAAACGAAAAA
AWWWWWWWWWWWAAHAWATWWAAAAWWWW	MEME-1	peak_464	182	210	-	11.1892	5.27e-05	0.0319	TAAAAATAAAAATAAATTTATAACAAATC
AWWWWWWWWWWWAAHAWATWWAAAAWWWW	MEME-1	peak_269	200	228	-	11.1892	5.27e-05	0.0319	AAACAATTTTTAATCGATTTCAAAATCAA
AWWWWWWWWWWWAAHAWATWWAAAAWWWW	MEME-1	peak_473	224	252	-	11.1892	5.27e-05	0.0319	TTTAATTGTAAATAAATATATAAAAACAT
AWWWWWWWWWWWAAHAWATWWAAAAWWWW	MEME-1	peak_437	346	374	-	11.1892	5.27e-05	0.0319	AGAATATTATTAAAAACTAACAAAATTAT
AWWWWWWWWWWWAAHAWATWWAAAAWWWW	MEME-1	peak_58	519	547	-	11.1892	5.27e-05	0.0319	AAAATATGTATTTATACATATACTTCTAT
AWWWWWWWWWWWAAHAWATWWAAAAWWWW	MEME-1	peak_349	117	145	+	11.1757	5.32e-05	0.032	TCTAAATTTACAACGAATTACAAGAAAAT
AWWWWWWWWWWWAAHAWATWWAAAAWWWW	MEME-1	peak_366	220	248	-	11.1757	5.32e-05	0.032	TATAAATTTAAAATTATAAAACAAATTAA
AWWWWWWWWWWWAAHAWATWWAAAAWWWW	MEME-1	peak_454	292	320	+	11.1757	5.32e-05	0.032	TTATTTTTAATTTAAAAATATAAGTTATT
AWWWWWWWWWWWAAHAWATWWAAAAWWWW	MEME-1	peak_81	105	133	-	11.1622	5.37e-05	0.032	AACTACAATTCAACCAATTTAAAAAAATA
AWWWWWWWWWWWAAHAWATWWAAAAWWWW	MEME-1	peak_59	131	159	-	11.1622	5.37e-05	0.032	ATCATAATCATAAATTTTTTTAATTTACA
AWWWWWWWWWWWAAHAWATWWAAAAWWWW	MEME-1	peak_18	241	269	-	11.1622	5.37e-05	0.032	TTTAATATTATTCAAAAATTTAGAATATA
AWWWWWWWWWWWAAHAWATWWAAAAWWWW	MEME-1	peak_180	54	82	-	11.1486	5.42e-05	0.032	TTAATAATATTTTAAATTTAAAACATAAA
AWWWWWWWWWWWAAHAWATWWAAAAWWWW	MEME-1	peak_445	83	111	+	11.1486	5.42e-05	0.032	AAACATTAATATTACATTTGAAATAAATT
AWWWWWWWWWWWAAHAWATWWAAAAWWWW	MEME-1	peak_271	145	173	+	11.1486	5.42e-05	0.032	AATATCTATAAAAAAAATTAAAAGAATTA
AWWWWWWWWWWWAAHAWATWWAAAAWWWW	MEME-1	peak_209	208	236	+	11.1486	5.42e-05	0.032	TATAATTTAATATATTAATGCAAGAAATT
AWWWWWWWWWWWAAHAWATWWAAAAWWWW	MEME-1	peak_37	205	233	-	11.1486	5.42e-05	0.032	TACAAATAAATGAATAATTGAAAAAAATT
AWWWWWWWWWWWAAHAWATWWAAAAWWWW	MEME-1	peak_90	213	241	-	11.1486	5.42e-05	0.032	AATAGTTTCATATTAAAATTTAAATATTT
AWWWWWWWWWWWAAHAWATWWAAAAWWWW	MEME-1	peak_120	217	245	-	11.1486	5.42e-05	0.032	AAAACTTATCTTAAATGCTTTAATAAAAA
AWWWWWWWWWWWAAHAWATWWAAAAWWWW	MEME-1	peak_198	252	280	+	11.1486	5.42e-05	0.032	TAAATATTTGTAATTTAATTTTTAAAGTA
AWWWWWWWWWWWAAHAWATWWAAAAWWWW	MEME-1	peak_125	229	257	-	11.1486	5.42e-05	0.032	ATTTAATAAAGAAGAAAATAAACAAAGAA
AWWWWWWWWWWWAAHAWATWWAAAAWWWW	MEME-1	peak_535	13	41	+	11.1351	5.47e-05	0.0321	CAAAAACAACAAGAAATATTTACGATTTT
AWWWWWWWWWWWAAHAWATWWAAAAWWWW	MEME-1	peak_565	75	103	-	11.1351	5.47e-05	0.0321	ACTAAAAATTTTTAAAACTTTACATATAT
AWWWWWWWWWWWAAHAWATWWAAAAWWWW	MEME-1	peak_35	195	223	+	11.1351	5.47e-05	0.0321	AAAATGTATGCAAAAGAATTTTTTAAAAA
AWWWWWWWWWWWAAHAWATWWAAAAWWWW	MEME-1	peak_485	199	227	+	11.1351	5.47e-05	0.0321	ATAAATTAAATATATATGTGTTTATTATA
AWWWWWWWWWWWAAHAWATWWAAAAWWWW	MEME-1	peak_524	175	203	-	11.1351	5.47e-05	0.0321	AAAATTTATATAATTTTTTTTTGGAAATT
AWWWWWWWWWWWAAHAWATWWAAAAWWWW	MEME-1	peak_554	687	715	+	11.1351	5.47e-05	0.0321	AAAAATTTTTAAAAAATCAATAATAGATA
AWWWWWWWWWWWAAHAWATWWAAAAWWWW	MEME-1	peak_561	146	174	-	11.1216	5.52e-05	0.0321	AATAAATAGGTTAAAGTAATGAAAACATT
AWWWWWWWWWWWAAHAWATWWAAAAWWWW	MEME-1	peak_612	169	197	-	11.1216	5.52e-05	0.0321	TTAAAATTAATTAAATTATATAGCTTTTA
AWWWWWWWWWWWAAHAWATWWAAAAWWWW	MEME-1	peak_227	175	203	-	11.1216	5.52e-05	0.0321	ATTAAATTAAAAAAAGTATTTCCTTTAAT
AWWWWWWWWWWWAAHAWATWWAAAAWWWW	MEME-1	peak_600	252	280	-	11.1216	5.52e-05	0.0321	AATTCATAAGTTAATAATAATTAGTAATT
AWWWWWWWWWWWAAHAWATWWAAAAWWWW	MEME-1	peak_138	310	338	-	11.1216	5.52e-05	0.0321	ATGATAAATTGTAATGTTTTAAAAAATAT
AWWWWWWWWWWWAAHAWATWWAAAAWWWW	MEME-1	peak_434	119	147	+	11.1081	5.57e-05	0.0322	TTAATTTTTTTAATTAAAAATAATTTTAA
AWWWWWWWWWWWAAHAWATWWAAAAWWWW	MEME-1	peak_561	100	128	-	11.1081	5.57e-05	0.0322	TACAAAATTACAAATAGAATTTAATTGTT
AWWWWWWWWWWWAAHAWATWWAAAAWWWW	MEME-1	peak_74	175	203	+	11.1081	5.57e-05	0.0322	AAAGAAAAAATATATATATTTAATTTGTT
AWWWWWWWWWWWAAHAWATWWAAAAWWWW	MEME-1	peak_322	351	379	-	11.1081	5.57e-05	0.0322	AAAATATTTGTTTATATCATTTCATATAT
AWWWWWWWWWWWAAHAWATWWAAAAWWWW	MEME-1	peak_589	88	116	+	11.0946	5.62e-05	0.0324	AGATTTTTATTAAAAATATAAAACTTATT
AWWWWWWWWWWWAAHAWATWWAAAAWWWW	MEME-1	peak_513	267	295	+	11.0946	5.62e-05	0.0324	ACAAAAAGAAATACATATTAAAACAAAAT
AWWWWWWWWWWWAAHAWATWWAAAAWWWW	MEME-1	peak_125	532	560	-	11.0946	5.62e-05	0.0324	ATCTATAATACTTACATTTTTATATATAT
AWWWWWWWWWWWAAHAWATWWAAAAWWWW	MEME-1	peak_565	50	78	+	11.0811	5.67e-05	0.0325	TAAAGAAATGAAAATATATTACCAAATAT
AWWWWWWWWWWWAAHAWATWWAAAAWWWW	MEME-1	peak_609	93	121	+	11.0811	5.67e-05	0.0325	AAAAATTGAAAAGAAAAAATCGATAATTA
AWWWWWWWWWWWAAHAWATWWAAAAWWWW	MEME-1	peak_345	211	239	-	11.0811	5.67e-05	0.0325	ATAAATTTGTTAGCCATAAGAATAAAAAA
AWWWWWWWWWWWAAHAWATWWAAAAWWWW	MEME-1	peak_23	350	378	-	11.0811	5.67e-05	0.0325	AATTATTTCTTAACTTACTTTATAAAATT
AWWWWWWWWWWWAAHAWATWWAAAAWWWW	MEME-1	peak_346	474	502	-	11.0811	5.67e-05	0.0325	ATGACATAATAAAATGAAATAATAAAAAA
AWWWWWWWWWWWAAHAWATWWAAAAWWWW	MEME-1	peak_172	115	143	+	11.0676	5.72e-05	0.0326	AAAATATATATATATTTTTATAGTATGAT
AWWWWWWWWWWWAAHAWATWWAAAAWWWW	MEME-1	peak_415	236	264	+	11.0676	5.72e-05	0.0326	TTAATAAAAAAAAAAACATATGTAATATT
AWWWWWWWWWWWAAHAWATWWAAAAWWWW	MEME-1	peak_467	211	239	-	11.0676	5.72e-05	0.0326	ATTTAAATCGTAAAATAAAAAAAATATAT
AWWWWWWWWWWWAAHAWATWWAAAAWWWW	MEME-1	peak_342	239	267	+	11.0676	5.72e-05	0.0326	AAAATAAAAATTATCTTAAAAACATTTTA
AWWWWWWWWWWWAAHAWATWWAAAAWWWW	MEME-1	peak_6	73	101	+	11.0541	5.77e-05	0.0327	GAAATATTTTTTAAAACATTTACAATAGT
AWWWWWWWWWWWAAHAWATWWAAAAWWWW	MEME-1	peak_287	119	147	-	11.0541	5.77e-05	0.0327	AATTTATTATAACATACTATTAATAATTA
AWWWWWWWWWWWAAHAWATWWAAAAWWWW	MEME-1	peak_539	218	246	-	11.0541	5.77e-05	0.0327	TATTTATGTGCAAACAAAATGTAAATAAA
AWWWWWWWWWWWAAHAWATWWAAAAWWWW	MEME-1	peak_163	137	165	-	11.0405	5.82e-05	0.0329	AAAAATCAATTTAAGAAATATAAAGATAT
AWWWWWWWWWWWAAHAWATWWAAAAWWWW	MEME-1	peak_90	214	242	-	11.0405	5.82e-05	0.0329	AAATAGTTTCATATTAAAATTTAAATATT
AWWWWWWWWWWWAAHAWATWWAAAAWWWW	MEME-1	peak_90	221	249	-	11.0405	5.82e-05	0.0329	TTAAAAAAAATAGTTTCATATTAAAATTT
AWWWWWWWWWWWAAHAWATWWAAAAWWWW	MEME-1	peak_554	777	805	+	11.0405	5.82e-05	0.0329	AAAATGCAATTAAATATAAATACTAATTT
AWWWWWWWWWWWAAHAWATWWAAAAWWWW	MEME-1	peak_405	259	287	-	11.027	5.87e-05	0.0331	ATTAATATAATTAATTTTTTATTATATTT
AWWWWWWWWWWWAAHAWATWWAAAAWWWW	MEME-1	peak_572	44	72	+	11.0135	5.93e-05	0.0331	ACAAAAAAAACTAATATGTTTATATATAC
AWWWWWWWWWWWAAHAWATWWAAAAWWWW	MEME-1	peak_39	148	176	+	11.0135	5.93e-05	0.0331	AAAAATTAAGTTAACAATATAATCAGATT
AWWWWWWWWWWWAAHAWATWWAAAAWWWW	MEME-1	peak_163	135	163	-	11.0135	5.93e-05	0.0331	AAATCAATTTAAGAAATATAAAGATATAA
AWWWWWWWWWWWAAHAWATWWAAAAWWWW	MEME-1	peak_362	223	251	+	11.0135	5.93e-05	0.0331	ATATTTTATACAACAAACATTAATTATTT
AWWWWWWWWWWWAAHAWATWWAAAAWWWW	MEME-1	peak_183	224	252	+	11.0135	5.93e-05	0.0331	ATCCAATAAAAAAAAATTTACAATACATT
AWWWWWWWWWWWAAHAWATWWAAAAWWWW	MEME-1	peak_271	235	263	+	11.0135	5.93e-05	0.0331	ATTATATTTAAAACTATTTATTTATCATT
AWWWWWWWWWWWAAHAWATWWAAAAWWWW	MEME-1	peak_166	739	767	+	11.0135	5.93e-05	0.0331	AAATATTGTTCTAAAATTTTGACAACATT
AWWWWWWWWWWWAAHAWATWWAAAAWWWW	MEME-1	peak_153	622	650	+	11	5.98e-05	0.0333	AAAAACTAAACAAAAATCATTTAATTTTA
AWWWWWWWWWWWAAHAWATWWAAAAWWWW	MEME-1	peak_550	94	122	-	10.9865	6.03e-05	0.0333	TTTTTAAATTTTGACATATATATATATTT
AWWWWWWWWWWWAAHAWATWWAAAAWWWW	MEME-1	peak_100	110	138	-	10.9865	6.03e-05	0.0333	ATCAAATAAATAATAAAAATAATTTTTTA
AWWWWWWWWWWWAAHAWATWWAAAAWWWW	MEME-1	peak_52	198	226	+	10.9865	6.03e-05	0.0333	AAAAATCACTTTGATGTTTATTATAAATT
AWWWWWWWWWWWAAHAWATWWAAAAWWWW	MEME-1	peak_60	199	227	+	10.9865	6.03e-05	0.0333	AGGAAATGTATAAACATTTTTATTTAAAA
AWWWWWWWWWWWAAHAWATWWAAAAWWWW	MEME-1	peak_428	218	246	+	10.9865	6.03e-05	0.0333	AATTAATGGATAAATAACTTAAGATAACA
AWWWWWWWWWWWAAHAWATWWAAAAWWWW	MEME-1	peak_140	200	228	-	10.9865	6.03e-05	0.0333	TTCTTATATTATAATTATTTTAAATTTAA
AWWWWWWWWWWWAAHAWATWWAAAAWWWW	MEME-1	peak_76	248	276	-	10.9865	6.03e-05	0.0333	AATTTAAAAGCTATCATTATTATAAAACA
AWWWWWWWWWWWAAHAWATWWAAAAWWWW	MEME-1	peak_170	295	323	+	10.9865	6.03e-05	0.0333	TATTATTAAGAAAATGTAAAATATATAAA
AWWWWWWWWWWWAAHAWATWWAAAAWWWW	MEME-1	peak_434	118	146	-	10.973	6.09e-05	0.0335	TAAAATTATTTTTAATTAAAAAAATTAAA
AWWWWWWWWWWWAAHAWATWWAAAAWWWW	MEME-1	peak_232	247	275	-	10.973	6.09e-05	0.0335	AAATATGAATATAAAGTTTGTAAATTTTT
AWWWWWWWWWWWAAHAWATWWAAAAWWWW	MEME-1	peak_331	188	216	+	10.9595	6.14e-05	0.0336	AAAATTGGTACAAAAATAAATACCAAATA
AWWWWWWWWWWWAAHAWATWWAAAAWWWW	MEME-1	peak_271	225	253	+	10.9595	6.14e-05	0.0336	TAAAATTTATATTATATTTAAAACTATTT
AWWWWWWWWWWWAAHAWATWWAAAAWWWW	MEME-1	peak_541	370	398	+	10.9595	6.14e-05	0.0336	AAAATACATCTAAGCTTGTTAAAAAATCT
AWWWWWWWWWWWAAHAWATWWAAAAWWWW	MEME-1	peak_324	403	431	+	10.9595	6.14e-05	0.0336	GAAATATATATCTAAAAATTAAAAAAAAA
AWWWWWWWWWWWAAHAWATWWAAAAWWWW	MEME-1	peak_125	519	547	+	10.9595	6.14e-05	0.0336	AACGATTAAAAAAATATATATAAAAATGT
AWWWWWWWWWWWAAHAWATWWAAAAWWWW	MEME-1	peak_376	76	104	-	10.9459	6.2e-05	0.0337	AATAAAAGCTTAAGTGGATTTAACTAATT
AWWWWWWWWWWWAAHAWATWWAAAAWWWW	MEME-1	peak_591	86	114	-	10.9459	6.2e-05	0.0337	AATAAATAAAAACCCGCTTTTAAATCGAA
AWWWWWWWWWWWAAHAWATWWAAAAWWWW	MEME-1	peak_561	249	277	+	10.9459	6.2e-05	0.0337	TATTTTTAGAATAATACATTTAAAATTGT
AWWWWWWWWWWWAAHAWATWWAAAAWWWW	MEME-1	peak_30	240	268	-	10.9459	6.2e-05	0.0337	AACTATTTTATTATTAAATTCAGCACAAA
AWWWWWWWWWWWAAHAWATWWAAAAWWWW	MEME-1	peak_525	337	365	-	10.9459	6.2e-05	0.0337	CATACATTAATAATTAATTTAATAATTAT
AWWWWWWWWWWWAAHAWATWWAAAAWWWW	MEME-1	peak_559	95	123	-	10.9324	6.25e-05	0.0337	ATATAAATACCAAAGAAATAGTAATAAAA
AWWWWWWWWWWWAAHAWATWWAAAAWWWW	MEME-1	peak_25	152	180	+	10.9324	6.25e-05	0.0337	AAATAATTTTAAAACTTTTGATCAACATT
AWWWWWWWWWWWAAHAWATWWAAAAWWWW	MEME-1	peak_583	161	189	-	10.9324	6.25e-05	0.0337	AAAAAAAAAATAAATAAATATTAGAGCCA
AWWWWWWWWWWWAAHAWATWWAAAAWWWW	MEME-1	peak_412	201	229	+	10.9324	6.25e-05	0.0337	ACATATTAAATATATTTATATCATAAAAA
AWWWWWWWWWWWAAHAWATWWAAAAWWWW	MEME-1	peak_60	255	283	+	10.9324	6.25e-05	0.0337	ATATAATTAAAACATATAATTATTATTCA
AWWWWWWWWWWWAAHAWATWWAAAAWWWW	MEME-1	peak_492	297	325	-	10.9324	6.25e-05	0.0337	ATTAATAAACTTAAAACTTAATAAATCAA
AWWWWWWWWWWWAAHAWATWWAAAAWWWW	MEME-1	peak_100	167	195	+	10.9189	6.31e-05	0.0338	AAAAGATTAAAAGCAATATTGATATATAA
AWWWWWWWWWWWAAHAWATWWAAAAWWWW	MEME-1	peak_22	186	214	-	10.9189	6.31e-05	0.0338	AGAAAATATAAAAAAACATTATAAAATTC
AWWWWWWWWWWWAAHAWATWWAAAAWWWW	MEME-1	peak_123	250	278	+	10.9189	6.31e-05	0.0338	ATAAATAATAAAAGGGAAAATAAAATGTT
AWWWWWWWWWWWAAHAWATWWAAAAWWWW	MEME-1	peak_437	340	368	-	10.9189	6.31e-05	0.0338	TTATTAAAAACTAACAAAATTATTTAATT
AWWWWWWWWWWWAAHAWATWWAAAAWWWW	MEME-1	peak_459	358	386	-	10.9189	6.31e-05	0.0338	AACTTATTTGTAAATGTATAAATTTTGTT
AWWWWWWWWWWWAAHAWATWWAAAAWWWW	MEME-1	peak_438	95	123	-	10.9054	6.36e-05	0.034	AAAACTATTAAAATTAGATATAATAATCT
AWWWWWWWWWWWAAHAWATWWAAAAWWWW	MEME-1	peak_66	249	277	+	10.9054	6.36e-05	0.034	ATATAAAAGACAGAGATAAAAAAAAAGAA
AWWWWWWWWWWWAAHAWATWWAAAAWWWW	MEME-1	peak_257	259	287	+	10.9054	6.36e-05	0.034	CATAAATGTGAAACCACTATAAATATATT
AWWWWWWWWWWWAAHAWATWWAAAAWWWW	MEME-1	peak_68	59	87	-	10.8919	6.42e-05	0.0341	AAATTAACTTTAAAAAAATTAACAACATT
AWWWWWWWWWWWAAHAWATWWAAAAWWWW	MEME-1	peak_89	110	138	+	10.8919	6.42e-05	0.0341	AATTAATTAGGAAGAAAAATAAATTTAAA
AWWWWWWWWWWWAAHAWATWWAAAAWWWW	MEME-1	peak_485	195	223	+	10.8919	6.42e-05	0.0341	AACAATAAATTAAATATATATGTGTTTAT
AWWWWWWWWWWWAAHAWATWWAAAAWWWW	MEME-1	peak_183	243	271	+	10.8919	6.42e-05	0.0341	ACAATACATTTAAGCGCTTTTACAAATCA
AWWWWWWWWWWWAAHAWATWWAAAAWWWW	MEME-1	peak_115	394	422	+	10.8919	6.42e-05	0.0341	TTCAATTGTGAAAATGAATTTAAAAGAAT
AWWWWWWWWWWWAAHAWATWWAAAAWWWW	MEME-1	peak_248	75	103	-	10.8784	6.48e-05	0.0341	AATTAATTTATAAGTAAATTCTAACCACA
AWWWWWWWWWWWAAHAWATWWAAAAWWWW	MEME-1	peak_157	160	188	+	10.8784	6.48e-05	0.0341	ATATTAAGAGCAAATTAAAATAAGTAAAT
AWWWWWWWWWWWAAHAWATWWAAAAWWWW	MEME-1	peak_185	189	217	+	10.8784	6.48e-05	0.0341	AATTATTTTAATTACATTTTTAAATCCTT
AWWWWWWWWWWWAAHAWATWWAAAAWWWW	MEME-1	peak_288	208	236	+	10.8784	6.48e-05	0.0341	TATAATATTATATTTAAATGCTAAATAAA
AWWWWWWWWWWWAAHAWATWWAAAAWWWW	MEME-1	peak_289	181	209	-	10.8784	6.48e-05	0.0341	TCTTGATTAATAGCAAAATATTAAAAAAA
AWWWWWWWWWWWAAHAWATWWAAAAWWWW	MEME-1	peak_551	219	247	-	10.8784	6.48e-05	0.0341	AATTTTTTAGCAAAAAAAAACAAAAATTC
AWWWWWWWWWWWAAHAWATWWAAAAWWWW	MEME-1	peak_61	227	255	-	10.8784	6.48e-05	0.0341	ATCAAAATTAGAACGACATTTATAATATA
AWWWWWWWWWWWAAHAWATWWAAAAWWWW	MEME-1	peak_395	167	195	+	10.8649	6.54e-05	0.0342	TAAAATAAATTACAAATTATAAACAATAA
AWWWWWWWWWWWAAHAWATWWAAAAWWWW	MEME-1	peak_238	196	224	-	10.8649	6.54e-05	0.0342	ATATAAATAACTAACGTAATATCGATTAA
AWWWWWWWWWWWAAHAWATWWAAAAWWWW	MEME-1	peak_15	197	225	-	10.8649	6.54e-05	0.0342	TACAATTACTTAATTAATTTTAACACAAT
AWWWWWWWWWWWAAHAWATWWAAAAWWWW	MEME-1	peak_580	76	104	-	10.8514	6.59e-05	0.0344	AAATAATTTAATTGCTTATAAAACAAACA
AWWWWWWWWWWWAAHAWATWWAAAAWWWW	MEME-1	peak_366	228	256	-	10.8514	6.59e-05	0.0344	TATAATTTTATAAATTTAAAATTATAAAA
AWWWWWWWWWWWAAHAWATWWAAAAWWWW	MEME-1	peak_588	522	550	+	10.8514	6.59e-05	0.0344	TAATATATATAAAAAAATATATAATATTA
AWWWWWWWWWWWAAHAWATWWAAAAWWWW	MEME-1	peak_438	115	143	+	10.8378	6.65e-05	0.0345	AATAGTTTTAAAATAACAATTAATTTTAT
AWWWWWWWWWWWAAHAWATWWAAAAWWWW	MEME-1	peak_450	97	125	-	10.8378	6.65e-05	0.0345	AACAATCATGTTAATGTAAGCAATAAACA
AWWWWWWWWWWWAAHAWATWWAAAAWWWW	MEME-1	peak_328	143	171	-	10.8378	6.65e-05	0.0345	AATTTTAAGATATAAAAATAAAATATTAA
AWWWWWWWWWWWAAHAWATWWAAAAWWWW	MEME-1	peak_300	190	218	-	10.8378	6.65e-05	0.0345	AAAACAAATTTTAAAACAAAATTAATTTT
AWWWWWWWWWWWAAHAWATWWAAAAWWWW	MEME-1	peak_398	212	240	-	10.8378	6.65e-05	0.0345	AATTTAAGTGAAAACATTTTTTGTTAATA
AWWWWWWWWWWWAAHAWATWWAAAAWWWW	MEME-1	peak_180	64	92	-	10.8243	6.71e-05	0.0345	TAAATAAGATTTAATAATATTTTAAATTT
AWWWWWWWWWWWAAHAWATWWAAAAWWWW	MEME-1	peak_438	103	131	+	10.8243	6.71e-05	0.0345	ATATCTAATTTTAATAGTTTTAAAATAAC
AWWWWWWWWWWWAAHAWATWWAAAAWWWW	MEME-1	peak_89	107	135	+	10.8243	6.71e-05	0.0345	AAAAATTAATTAGGAAGAAAAATAAATTT
AWWWWWWWWWWWAAHAWATWWAAAAWWWW	MEME-1	peak_438	125	153	+	10.8243	6.71e-05	0.0345	AAATAACAATTAATTTTATATTAAATTGA
AWWWWWWWWWWWAAHAWATWWAAAAWWWW	MEME-1	peak_51	202	230	-	10.8243	6.71e-05	0.0345	AACATATTTCCAAATACATACCTAAATAA
AWWWWWWWWWWWAAHAWATWWAAAAWWWW	MEME-1	peak_376	245	273	-	10.8243	6.71e-05	0.0345	AATTAAAAAAATTAAAATATTATATAATT
AWWWWWWWWWWWAAHAWATWWAAAAWWWW	MEME-1	peak_561	249	277	-	10.8243	6.71e-05	0.0345	ACAATTTTAAATGTATTATTCTAAAAATA
AWWWWWWWWWWWAAHAWATWWAAAAWWWW	MEME-1	peak_267	344	372	-	10.8243	6.71e-05	0.0345	AAGAAAATTAAATCTACTTGCAAAAAACT
AWWWWWWWWWWWAAHAWATWWAAAAWWWW	MEME-1	peak_565	79	107	+	10.8108	6.77e-05	0.0346	ATGTAAAGTTTTAAAAATTTTTAGTTTAA
AWWWWWWWWWWWAAHAWATWWAAAAWWWW	MEME-1	peak_411	112	140	+	10.8108	6.77e-05	0.0346	ACTAAATGTCCAGAAGTCTTTAATTAAAA
AWWWWWWWWWWWAAHAWATWWAAAAWWWW	MEME-1	peak_140	197	225	+	10.8108	6.77e-05	0.0346	TTTTTAAATTTAAAATAATTATAATATAA
AWWWWWWWWWWWAAHAWATWWAAAAWWWW	MEME-1	peak_590	229	257	-	10.8108	6.77e-05	0.0346	TTAATAAAAAAAAGCTTAAACAAATAAAA
AWWWWWWWWWWWAAHAWATWWAAAAWWWW	MEME-1	peak_285	344	372	-	10.8108	6.77e-05	0.0346	ATGTATTTAAAAACTATTTTTTAACTATT
AWWWWWWWWWWWAAHAWATWWAAAAWWWW	MEME-1	peak_285	99	127	+	10.7973	6.83e-05	0.0348	AAAAAGCATCTATAAAAATTTAAAAATGT
AWWWWWWWWWWWAAHAWATWWAAAAWWWW	MEME-1	peak_397	205	233	+	10.7973	6.83e-05	0.0348	TTAAAATTTAAAAACTAATGCAAGTTTCT
AWWWWWWWWWWWAAHAWATWWAAAAWWWW	MEME-1	peak_320	140	168	-	10.7838	6.89e-05	0.0348	ATTTCAATTCCAAACGATTTTAAATAGTT
AWWWWWWWWWWWAAHAWATWWAAAAWWWW	MEME-1	peak_524	185	213	+	10.7838	6.89e-05	0.0348	AAAAAATTATATAAATTTTTATTTTTTAA
AWWWWWWWWWWWAAHAWATWWAAAAWWWW	MEME-1	peak_576	182	210	-	10.7838	6.89e-05	0.0348	CTTACAGTTATAAAAATATTAAATATATT
AWWWWWWWWWWWAAHAWATWWAAAAWWWW	MEME-1	peak_504	234	262	+	10.7838	6.89e-05	0.0348	TTATATTTGGTAGATTCATTTAAATTTTA
AWWWWWWWWWWWAAHAWATWWAAAAWWWW	MEME-1	peak_395	213	241	-	10.7838	6.89e-05	0.0348	ACTATATTATTTGTAATATTTCAAATGAA
AWWWWWWWWWWWAAHAWATWWAAAAWWWW	MEME-1	peak_125	242	270	-	10.7838	6.89e-05	0.0348	AATACTTGATTTAATTTAATAAAGAAGAA
AWWWWWWWWWWWAAHAWATWWAAAAWWWW	MEME-1	peak_386	121	149	+	10.7703	6.95e-05	0.0348	AAATATTTTTAAAATAAACTGAAGAAATT
AWWWWWWWWWWWAAHAWATWWAAAAWWWW	MEME-1	peak_485	201	229	+	10.7703	6.95e-05	0.0348	AAATTAAATATATATGTGTTTATTATATA
AWWWWWWWWWWWAAHAWATWWAAAAWWWW	MEME-1	peak_18	238	266	+	10.7703	6.95e-05	0.0348	AACTATATTCTAAATTTTTGAATAATATT
AWWWWWWWWWWWAAHAWATWWAAAAWWWW	MEME-1	peak_537	279	307	+	10.7703	6.95e-05	0.0348	TAATATTAGCATATCATTTTTAATAATAT
AWWWWWWWWWWWAAHAWATWWAAAAWWWW	MEME-1	peak_138	307	335	+	10.7703	6.95e-05	0.0348	TAGATATTTTTTAAAACATTACAATTTAT
AWWWWWWWWWWWAAHAWATWWAAAAWWWW	MEME-1	peak_397	297	325	-	10.7703	6.95e-05	0.0348	AATAAATTTGTATGTATGTACACATAATA
AWWWWWWWWWWWAAHAWATWWAAAAWWWW	MEME-1	peak_286	304	332	-	10.7703	6.95e-05	0.0348	TTAACAATCAATAGCAAATTAAAAAATCA
AWWWWWWWWWWWAAHAWATWWAAAAWWWW	MEME-1	peak_591	112	140	+	10.7568	7.01e-05	0.0349	ATTTATTTAAAAAACGTCTTTGATTAAAA
AWWWWWWWWWWWAAHAWATWWAAAAWWWW	MEME-1	peak_86	92	120	-	10.7568	7.01e-05	0.0349	AATAATATAACATAAACTTAAAACACATT
AWWWWWWWWWWWAAHAWATWWAAAAWWWW	MEME-1	peak_332	107	135	-	10.7568	7.01e-05	0.0349	AATAATAAAAATACATTTTTATATTAAAT
AWWWWWWWWWWWAAHAWATWWAAAAWWWW	MEME-1	peak_278	204	232	+	10.7568	7.01e-05	0.0349	CCATCATAATTTAAAATATATTTAAAAAT
AWWWWWWWWWWWAAHAWATWWAAAAWWWW	MEME-1	peak_405	264	292	+	10.7568	7.01e-05	0.0349	TAATAAAAAATTAATTATATTAATAAGCA
AWWWWWWWWWWWAAHAWATWWAAAAWWWW	MEME-1	peak_328	157	185	-	10.7432	7.08e-05	0.035	TCGAAATAAACAACAATTTTAAGATATAA
AWWWWWWWWWWWAAHAWATWWAAAAWWWW	MEME-1	peak_352	259	287	+	10.7432	7.08e-05	0.035	TAAATTTAATTTAAATAATGTTCATAAAA
AWWWWWWWWWWWAAHAWATWWAAAAWWWW	MEME-1	peak_43	286	314	-	10.7432	7.08e-05	0.035	AAAAATTTTTAAAGAACTAAAACTATAAT
AWWWWWWWWWWWAAHAWATWWAAAAWWWW	MEME-1	peak_433	290	318	-	10.7432	7.08e-05	0.035	TAAAGAAATGTACAAATATTTTTAAAATT
AWWWWWWWWWWWAAHAWATWWAAAAWWWW	MEME-1	peak_326	328	356	-	10.7432	7.08e-05	0.035	AAACAAAAAATTAAGATTTATTTTATAAT
AWWWWWWWWWWWAAHAWATWWAAAAWWWW	MEME-1	peak_437	374	402	+	10.7432	7.08e-05	0.035	TAAAAATTAGGTAATATAATATATTTTTA
AWWWWWWWWWWWAAHAWATWWAAAAWWWW	MEME-1	peak_46	442	470	-	10.7432	7.08e-05	0.035	ATTAAATATATTGAAAAACAAAATTAATA
AWWWWWWWWWWWAAHAWATWWAAAAWWWW	MEME-1	peak_374	90	118	+	10.7297	7.14e-05	0.035	ATATAAAATGTAAGTACAATAACAATTGT
AWWWWWWWWWWWAAHAWATWWAAAAWWWW	MEME-1	peak_408	187	215	-	10.7297	7.14e-05	0.035	ATTATTTGTATACACAAGTTTAAATCAAT
AWWWWWWWWWWWAAHAWATWWAAAAWWWW	MEME-1	peak_400	214	242	-	10.7297	7.14e-05	0.035	ATATCATATTCAAATATTTTTAGACTTAA
AWWWWWWWWWWWAAHAWATWWAAAAWWWW	MEME-1	peak_189	271	299	+	10.7297	7.14e-05	0.035	AAATTAATAAGTAAATAATTTTCAATAAT
AWWWWWWWWWWWAAHAWATWWAAAAWWWW	MEME-1	peak_107	389	417	-	10.7297	7.14e-05	0.035	AAAATATATAATAAATTTAACAAATACAT
AWWWWWWWWWWWAAHAWATWWAAAAWWWW	MEME-1	peak_46	444	472	-	10.7297	7.14e-05	0.035	AAATTAAATATATTGAAAAACAAAATTAA
AWWWWWWWWWWWAAHAWATWWAAAAWWWW	MEME-1	peak_532	53	81	-	10.7162	7.2e-05	0.0351	AATAAATACTTTTATAATAATAACACATA
AWWWWWWWWWWWAAHAWATWWAAAAWWWW	MEME-1	peak_184	214	242	+	10.7162	7.2e-05	0.0351	ACCTTATTTATTAGTATATTATTCATTAA
AWWWWWWWWWWWAAHAWATWWAAAAWWWW	MEME-1	peak_90	224	252	+	10.7162	7.2e-05	0.0351	TTTTAATATGAAACTATTTTTTTTAATAT
AWWWWWWWWWWWAAHAWATWWAAAAWWWW	MEME-1	peak_345	248	276	-	10.7162	7.2e-05	0.0351	AAAAAAAAGAAAGGCTTATTTACTATTAA
AWWWWWWWWWWWAAHAWATWWAAAAWWWW	MEME-1	peak_322	423	451	-	10.7162	7.2e-05	0.0351	AAAAATAAATAAATTTTATTAATTTTTTA
AWWWWWWWWWWWAAHAWATWWAAAAWWWW	MEME-1	peak_588	540	568	-	10.7162	7.2e-05	0.0351	AAATAATATTATTGCAAATAATATTATAT
AWWWWWWWWWWWAAHAWATWWAAAAWWWW	MEME-1	peak_351	123	151	-	10.7027	7.27e-05	0.0352	AATAAACAATTTTAGAATAAAAAAATTAT
AWWWWWWWWWWWAAHAWATWWAAAAWWWW	MEME-1	peak_351	145	173	-	10.7027	7.27e-05	0.0352	AAAAATTTTAGAAGAATAATAAAATAAAC
AWWWWWWWWWWWAAHAWATWWAAAAWWWW	MEME-1	peak_71	187	215	+	10.7027	7.27e-05	0.0352	AAATTTAATGTTGCTGAATGAAGAAAAAA
AWWWWWWWWWWWAAHAWATWWAAAAWWWW	MEME-1	peak_405	256	284	+	10.7027	7.27e-05	0.0352	GAGAAATATAATAAAAAATTAATTATATT
AWWWWWWWWWWWAAHAWATWWAAAAWWWW	MEME-1	peak_285	334	362	-	10.7027	7.27e-05	0.0352	AAACTATTTTTTAACTATTTTTATTATTA
AWWWWWWWWWWWAAHAWATWWAAAAWWWW	MEME-1	peak_267	37	65	+	10.6892	7.33e-05	0.0353	AACAAATTGGAAAACATAAAATCAACAAA
AWWWWWWWWWWWAAHAWATWWAAAAWWWW	MEME-1	peak_333	117	145	+	10.6892	7.33e-05	0.0353	ACATATATTTTAATAATTTGAAATTATTT
AWWWWWWWWWWWAAHAWATWWAAAAWWWW	MEME-1	peak_287	120	148	-	10.6892	7.33e-05	0.0353	AAATTTATTATAACATACTATTAATAATT
AWWWWWWWWWWWAAHAWATWWAAAAWWWW	MEME-1	peak_90	214	242	+	10.6892	7.33e-05	0.0353	AATATTTAAATTTTAATATGAAACTATTT
AWWWWWWWWWWWAAHAWATWWAAAAWWWW	MEME-1	peak_598	249	277	+	10.6892	7.33e-05	0.0353	AAAATTTCATTTTACATATATTAATATAT
AWWWWWWWWWWWAAHAWATWWAAAAWWWW	MEME-1	peak_23	371	399	-	10.6892	7.33e-05	0.0353	ATTTTTAATTTTAACGTAATCAATTATTT
AWWWWWWWWWWWAAHAWATWWAAAAWWWW	MEME-1	peak_439	133	161	+	10.6757	7.39e-05	0.0354	ACCTTATATTTAAAAATACTTAACTAATT
AWWWWWWWWWWWAAHAWATWWAAAAWWWW	MEME-1	peak_256	196	224	+	10.6757	7.39e-05	0.0354	AATTTAAATTTTAAAAACTGTATGAATTT
AWWWWWWWWWWWAAHAWATWWAAAAWWWW	MEME-1	peak_131	173	201	-	10.6757	7.39e-05	0.0354	ACACTTTGTGTAAATAATTTAAATTTGTT
AWWWWWWWWWWWAAHAWATWWAAAAWWWW	MEME-1	peak_473	83	111	+	10.6622	7.46e-05	0.0355	ACTTAAATTAATACTAATTTATAAAATGA
AWWWWWWWWWWWAAHAWATWWAAAAWWWW	MEME-1	peak_412	156	184	+	10.6622	7.46e-05	0.0355	GCAAATTGAACAAATTAAAATAAAATAAT
AWWWWWWWWWWWAAHAWATWWAAAAWWWW	MEME-1	peak_541	162	190	-	10.6622	7.46e-05	0.0355	ATAAAATAATCTTTCATATTAAGCTAATA
AWWWWWWWWWWWAAHAWATWWAAAAWWWW	MEME-1	peak_267	302	330	+	10.6622	7.46e-05	0.0355	AAACGATTTTTATCAATATAAAAATAATT
AWWWWWWWWWWWAAHAWATWWAAAAWWWW	MEME-1	peak_557	32	60	+	10.6486	7.52e-05	0.0355	AGAAAATACGATAAAAAAAAAAACAAAAA
AWWWWWWWWWWWAAHAWATWWAAAAWWWW	MEME-1	peak_234	59	87	+	10.6486	7.52e-05	0.0355	AATTCAAGAATACAAAAATTAAATTAATT
AWWWWWWWWWWWAAHAWATWWAAAAWWWW	MEME-1	peak_345	32	60	-	10.6486	7.52e-05	0.0355	AAATTACTGTAATATATAATTATAAAAAA
AWWWWWWWWWWWAAHAWATWWAAAAWWWW	MEME-1	peak_351	113	141	-	10.6486	7.52e-05	0.0355	TTTAGAATAAAAAAATTATGTAATAAAAA
AWWWWWWWWWWWAAHAWATWWAAAAWWWW	MEME-1	peak_395	166	194	+	10.6486	7.52e-05	0.0355	GTAAAATAAATTACAAATTATAAACAATA
AWWWWWWWWWWWAAHAWATWWAAAAWWWW	MEME-1	peak_395	168	196	+	10.6486	7.52e-05	0.0355	AAAATAAATTACAAATTATAAACAATAAA
AWWWWWWWWWWWAAHAWATWWAAAAWWWW	MEME-1	peak_409	164	192	-	10.6486	7.52e-05	0.0355	AAAAAATGTCCTTAAATGTAAATAAAATT
AWWWWWWWWWWWAAHAWATWWAAAAWWWW	MEME-1	peak_140	214	242	+	10.6486	7.52e-05	0.0355	ATTATAATATAAGAAAGAATTAAGTAATA
AWWWWWWWWWWWAAHAWATWWAAAAWWWW	MEME-1	peak_60	268	296	+	10.6486	7.52e-05	0.0355	ATATAATTATTATTCAACTTAAATTTTTA
AWWWWWWWWWWWAAHAWATWWAAAAWWWW	MEME-1	peak_400	287	315	+	10.6486	7.52e-05	0.0355	TACATATACTTAAAATACTTTAATAAATA
AWWWWWWWWWWWAAHAWATWWAAAAWWWW	MEME-1	peak_280	323	351	-	10.6486	7.52e-05	0.0355	AAGAAACTAGATTAAAATTTTACATTTAA
AWWWWWWWWWWWAAHAWATWWAAAAWWWW	MEME-1	peak_13	45	73	-	10.6351	7.59e-05	0.0355	AAGTTATTTTTAAGTTTAAATAAATAACA
AWWWWWWWWWWWAAHAWATWWAAAAWWWW	MEME-1	peak_506	170	198	+	10.6351	7.59e-05	0.0355	ATAAGTATATAAAACAGGTTTAAGATATT
AWWWWWWWWWWWAAHAWATWWAAAAWWWW	MEME-1	peak_329	230	258	+	10.6351	7.59e-05	0.0355	TAAATATACATATGTATTAATAATAAAAT
AWWWWWWWWWWWAAHAWATWWAAAAWWWW	MEME-1	peak_393	217	245	-	10.6351	7.59e-05	0.0355	AAAATAAATTTAAAAGTGTGAATGATATA
AWWWWWWWWWWWAAHAWATWWAAAAWWWW	MEME-1	peak_322	420	448	+	10.6351	7.59e-05	0.0355	CAGTAAAAAATTAATAAAATTTATTTATT
AWWWWWWWWWWWAAHAWATWWAAAAWWWW	MEME-1	peak_88	583	611	-	10.6351	7.59e-05	0.0355	AAAATTGTTTTAAACAGTTACTAATATTT
AWWWWWWWWWWWAAHAWATWWAAAAWWWW	MEME-1	peak_554	700	728	+	10.6351	7.59e-05	0.0355	AAATCAATAATAGATATATGAACACAATT
AWWWWWWWWWWWAAHAWATWWAAAAWWWW	MEME-1	peak_163	129	157	-	10.6216	7.66e-05	0.0356	ATTTAAGAAATATAAAGATATAAGATTAA
AWWWWWWWWWWWAAHAWATWWAAAAWWWW	MEME-1	peak_18	258	286	+	10.6216	7.66e-05	0.0356	AATAATATTAAATATTTCTATAAATTGTA
AWWWWWWWWWWWAAHAWATWWAAAAWWWW	MEME-1	peak_262	302	330	+	10.6216	7.66e-05	0.0356	ATAAATTTTTTAAGGATTTTCAAAATACC
AWWWWWWWWWWWAAHAWATWWAAAAWWWW	MEME-1	peak_454	293	321	-	10.6216	7.66e-05	0.0356	AAATAACTTATATTTTTAAATTAAAAATA
AWWWWWWWWWWWAAHAWATWWAAAAWWWW	MEME-1	peak_345	29	57	+	10.6081	7.72e-05	0.0357	AATTTTTTTATAATTATATATTACAGTAA
AWWWWWWWWWWWAAHAWATWWAAAAWWWW	MEME-1	peak_140	195	223	-	10.6081	7.72e-05	0.0357	ATATTATAATTATTTTAAATTTAAAAAAA
AWWWWWWWWWWWAAHAWATWWAAAAWWWW	MEME-1	peak_209	209	237	-	10.6081	7.72e-05	0.0357	AAATTTCTTGCATTAATATATTAAATTAT
AWWWWWWWWWWWAAHAWATWWAAAAWWWW	MEME-1	peak_23	320	348	+	10.6081	7.72e-05	0.0357	AAAAATTAAAAAATTAGATGATAAAGTTA
AWWWWWWWWWWWAAHAWATWWAAAAWWWW	MEME-1	peak_325	381	409	-	10.6081	7.72e-05	0.0357	CAAAAATTTTAAAAGTGAAATAAAAAATA
AWWWWWWWWWWWAAHAWATWWAAAAWWWW	MEME-1	peak_13	39	67	-	10.5946	7.79e-05	0.0357	TTTTTAAGTTTAAATAAATAACAAAAATT
AWWWWWWWWWWWAAHAWATWWAAAAWWWW	MEME-1	peak_314	94	122	+	10.5946	7.79e-05	0.0357	AATTCTAATATAAAAAATAATATAAAGTT
AWWWWWWWWWWWAAHAWATWWAAAAWWWW	MEME-1	peak_172	108	136	-	10.5946	7.79e-05	0.0357	TATAAAAATATATATATATTTTTTTTGTA
AWWWWWWWWWWWAAHAWATWWAAAAWWWW	MEME-1	peak_351	146	174	-	10.5946	7.79e-05	0.0357	AAAAAATTTTAGAAGAATAATAAAATAAA
AWWWWWWWWWWWAAHAWATWWAAAAWWWW	MEME-1	peak_515	175	203	-	10.5946	7.79e-05	0.0357	TCAAAACTTAATAGAATAATAACATAAAA
AWWWWWWWWWWWAAHAWATWWAAAAWWWW	MEME-1	peak_592	233	261	+	10.5946	7.79e-05	0.0357	TTTTTATTTGCAAATAATTTGAATTTAAA
AWWWWWWWWWWWAAHAWATWWAAAAWWWW	MEME-1	peak_312	239	267	-	10.5946	7.79e-05	0.0357	AAAATTCTCACATTTAAATTAAATATTTA
AWWWWWWWWWWWAAHAWATWWAAAAWWWW	MEME-1	peak_59	313	341	+	10.5946	7.79e-05	0.0357	AATTAGTACAAAAACAAATAAATTTAAAT
AWWWWWWWWWWWAAHAWATWWAAAAWWWW	MEME-1	peak_409	324	352	+	10.5946	7.79e-05	0.0357	ATTAAATATTAAACATTTTTAAATATCAA
AWWWWWWWWWWWAAHAWATWWAAAAWWWW	MEME-1	peak_588	523	551	-	10.5946	7.79e-05	0.0357	ATAATATTATATATTTTTTTATATATATT
AWWWWWWWWWWWAAHAWATWWAAAAWWWW	MEME-1	peak_374	84	112	+	10.5811	7.86e-05	0.0359	AAAAATATATAAAATGTAAGTACAATAAC
AWWWWWWWWWWWAAHAWATWWAAAAWWWW	MEME-1	peak_38	202	230	+	10.5811	7.86e-05	0.0359	TAATAATTTGATAATTAAAAAATAAAGAA
AWWWWWWWWWWWAAHAWATWWAAAAWWWW	MEME-1	peak_237	253	281	+	10.5811	7.86e-05	0.0359	ACATTATAAAATATCTTTTTTACATAGAT
AWWWWWWWWWWWAAHAWATWWAAAAWWWW	MEME-1	peak_366	245	273	+	10.5676	7.93e-05	0.0361	TATAAAATTATAAATAAAATCTTTTATTT
AWWWWWWWWWWWAAHAWATWWAAAAWWWW	MEME-1	peak_425	26	54	-	10.5541	8e-05	0.0363	TAATAATTACCAAGTTAAAATAAGAAAAT
AWWWWWWWWWWWAAHAWATWWAAAAWWWW	MEME-1	peak_183	213	241	+	10.5541	8e-05	0.0363	ATATTTATTAAATCCAATAAAAAAAAATT
AWWWWWWWWWWWAAHAWATWWAAAAWWWW	MEME-1	peak_322	350	378	+	10.5541	8e-05	0.0363	CATATATGAAATGATATAAACAAATATTT
AWWWWWWWWWWWAAHAWATWWAAAAWWWW	MEME-1	peak_180	47	75	-	10.5405	8.07e-05	0.0364	TATTTTAAATTTAAAACATAAACATTTTT
AWWWWWWWWWWWAAHAWATWWAAAAWWWW	MEME-1	peak_550	85	113	+	10.5405	8.07e-05	0.0364	ATTTAAAAAAAATATATATATATGTCAAA
AWWWWWWWWWWWAAHAWATWWAAAAWWWW	MEME-1	peak_156	101	129	+	10.5405	8.07e-05	0.0364	AATTTAATAGCTAATTTATTTTAATGAAA
AWWWWWWWWWWWAAHAWATWWAAAAWWWW	MEME-1	peak_266	143	171	-	10.5405	8.07e-05	0.0364	ACATAATAATAAATTATATTTTAACTGCA
AWWWWWWWWWWWAAHAWATWWAAAAWWWW	MEME-1	peak_125	176	204	+	10.5405	8.07e-05	0.0364	TAAAGTTTATTAAACATAAAATATTATTA
AWWWWWWWWWWWAAHAWATWWAAAAWWWW	MEME-1	peak_525	346	374	+	10.5405	8.07e-05	0.0364	AAATTAATTATTAATGTATGCTGCAATTA
AWWWWWWWWWWWAAHAWATWWAAAAWWWW	MEME-1	peak_241	372	400	-	10.5405	8.07e-05	0.0364	AAAATATTATAAAACTATATAAGCAATTA
AWWWWWWWWWWWAAHAWATWWAAAAWWWW	MEME-1	peak_434	134	162	+	10.527	8.14e-05	0.0365	AAAAATAATTTTAACGAATTTATTCCAAA
AWWWWWWWWWWWAAHAWATWWAAAAWWWW	MEME-1	peak_31	159	187	-	10.527	8.14e-05	0.0365	TTAATAATTATAATTAAATTTTTATATCT
AWWWWWWWWWWWAAHAWATWWAAAAWWWW	MEME-1	peak_224	178	206	-	10.527	8.14e-05	0.0365	ATAAATGTTAAAAATTACTTAAATATTTT
AWWWWWWWWWWWAAHAWATWWAAAAWWWW	MEME-1	peak_544	220	248	+	10.527	8.14e-05	0.0365	AAACAATTAATTATTATTTTTGGAAATTT
AWWWWWWWWWWWAAHAWATWWAAAAWWWW	MEME-1	peak_198	256	284	-	10.527	8.14e-05	0.0365	AATATACTTTAAAAATTAAATTACAAATA
AWWWWWWWWWWWAAHAWATWWAAAAWWWW	MEME-1	peak_215	178	206	-	10.5135	8.21e-05	0.0366	ACAAAATTTTAATATGTAAATATTAAATT
AWWWWWWWWWWWAAHAWATWWAAAAWWWW	MEME-1	peak_307	254	282	+	10.5135	8.21e-05	0.0366	ACAATATTCATAAAAAATATATGTAAAAA
AWWWWWWWWWWWAAHAWATWWAAAAWWWW	MEME-1	peak_409	314	342	+	10.5135	8.21e-05	0.0366	ACACATATTAATTAAATATTAAACATTTT
AWWWWWWWWWWWAAHAWATWWAAAAWWWW	MEME-1	peak_454	289	317	-	10.5135	8.21e-05	0.0366	AACTTATATTTTTAAATTAAAAATAAATT
AWWWWWWWWWWWAAHAWATWWAAAAWWWW	MEME-1	peak_46	446	474	-	10.5135	8.21e-05	0.0366	ATAAATTAAATATATTGAAAAACAAAATT
AWWWWWWWWWWWAAHAWATWWAAAAWWWW	MEME-1	peak_300	200	228	-	10.5	8.28e-05	0.0367	TAAAGTCTACAAAACAAATTTTAAAACAA
AWWWWWWWWWWWAAHAWATWWAAAAWWWW	MEME-1	peak_460	236	264	+	10.5	8.28e-05	0.0367	TATTAAATTTCATACACAATTTAAAAGAT
AWWWWWWWWWWWAAHAWATWWAAAAWWWW	MEME-1	peak_271	210	238	-	10.5	8.28e-05	0.0367	TAATATAAATTTTAAATATATAGTAAATA
AWWWWWWWWWWWAAHAWATWWAAAAWWWW	MEME-1	peak_366	212	240	-	10.5	8.28e-05	0.0367	TAAAATTATAAAACAAATTAATTCAAATT
AWWWWWWWWWWWAAHAWATWWAAAAWWWW	MEME-1	peak_311	215	243	-	10.5	8.28e-05	0.0367	AAAAAACGTTTAATATCATTAATTAAATT
AWWWWWWWWWWWAAHAWATWWAAAAWWWW	MEME-1	peak_36	265	293	-	10.5	8.28e-05	0.0367	ACTTAAAAAAAAGATATTTAAACAACACT
AWWWWWWWWWWWAAHAWATWWAAAAWWWW	MEME-1	peak_285	339	367	+	10.5	8.28e-05	0.0367	ATAAAAATAGTTAAAAAATAGTTTTTAAA
AWWWWWWWWWWWAAHAWATWWAAAAWWWW	MEME-1	peak_154	122	150	+	10.4865	8.35e-05	0.0368	CGTTAAAATATAAACAAATATAAATCAAA
AWWWWWWWWWWWAAHAWATWWAAAAWWWW	MEME-1	peak_351	125	153	-	10.4865	8.35e-05	0.0368	AAAATAAACAATTTTAGAATAAAAAAATT
AWWWWWWWWWWWAAHAWATWWAAAAWWWW	MEME-1	peak_90	208	236	+	10.4865	8.35e-05	0.0368	AAAATAAATATTTAAATTTTAATATGAAA
AWWWWWWWWWWWAAHAWATWWAAAAWWWW	MEME-1	peak_366	220	248	+	10.4865	8.35e-05	0.0368	TTAATTTGTTTTATAATTTTAAATTTATA
AWWWWWWWWWWWAAHAWATWWAAAAWWWW	MEME-1	peak_464	194	222	-	10.4865	8.35e-05	0.0368	TATTTTAGTACATAAAAATAAAAATAAAT
AWWWWWWWWWWWAAHAWATWWAAAAWWWW	MEME-1	peak_412	168	196	+	10.473	8.42e-05	0.037	AATTAAAATAAAATAATTTTGAAATTGCA
AWWWWWWWWWWWAAHAWATWWAAAAWWWW	MEME-1	peak_392	361	389	-	10.473	8.42e-05	0.037	AAAATATAAAATGTATACTATAATATAAT
AWWWWWWWWWWWAAHAWATWWAAAAWWWW	MEME-1	peak_113	381	409	-	10.473	8.42e-05	0.037	GAAATATAAAATAAAATATTAATTTTGAT
AWWWWWWWWWWWAAHAWATWWAAAAWWWW	MEME-1	peak_202	423	451	+	10.473	8.42e-05	0.037	AACATAAATTATAAAATATATTTAAACTT
AWWWWWWWWWWWAAHAWATWWAAAAWWWW	MEME-1	peak_425	29	57	-	10.4595	8.5e-05	0.0371	AAATAATAATTACCAAGTTAAAATAAGAA
AWWWWWWWWWWWAAHAWATWWAAAAWWWW	MEME-1	peak_512	86	114	-	10.4595	8.5e-05	0.0371	ATAAAATATCAAATTAAATAATACATTGA
AWWWWWWWWWWWAAHAWATWWAAAAWWWW	MEME-1	peak_524	186	214	-	10.4595	8.5e-05	0.0371	ATTAAAAAATAAAAATTTATATAATTTTT
AWWWWWWWWWWWAAHAWATWWAAAAWWWW	MEME-1	peak_88	507	535	-	10.4595	8.5e-05	0.0371	AAAAGTAATATCAAGATATTCATAATATT
AWWWWWWWWWWWAAHAWATWWAAAAWWWW	MEME-1	peak_374	74	102	-	10.4459	8.57e-05	0.0373	TTACATTTTATATATTTTTATAAAATATT
AWWWWWWWWWWWAAHAWATWWAAAAWWWW	MEME-1	peak_248	112	140	+	10.4459	8.57e-05	0.0373	AATAATAATATAAGAGGTTTTAAATACTT
AWWWWWWWWWWWAAHAWATWWAAAAWWWW	MEME-1	peak_335	104	132	-	10.4459	8.57e-05	0.0373	ATAAGATTAGATGCCGTTTATTAAATTAT
AWWWWWWWWWWWAAHAWATWWAAAAWWWW	MEME-1	peak_31	169	197	-	10.4459	8.57e-05	0.0373	TTACTTTATCTTAATAATTATAATTAAAT
AWWWWWWWWWWWAAHAWATWWAAAAWWWW	MEME-1	peak_58	462	490	-	10.4459	8.57e-05	0.0373	ATTATTGTGATAGGCAAATATAAAAAATT
AWWWWWWWWWWWAAHAWATWWAAAAWWWW	MEME-1	peak_592	234	262	-	10.4324	8.64e-05	0.0375	TTTTAAATTCAAATTATTTGCAAATAAAA
AWWWWWWWWWWWAAHAWATWWAAAAWWWW	MEME-1	peak_412	313	341	-	10.4324	8.64e-05	0.0375	AAAAAAAACTTTGTTAATTGTACATTTTT
AWWWWWWWWWWWAAHAWATWWAAAAWWWW	MEME-1	peak_241	393	421	+	10.4324	8.64e-05	0.0375	AATATTTTTGTAGCATATTTTTAGAATAT
AWWWWWWWWWWWAAHAWATWWAAAAWWWW	MEME-1	peak_425	47	75	+	10.4189	8.72e-05	0.0375	AATTATTATTTTACTAAATAATATTTAGA
AWWWWWWWWWWWAAHAWATWWAAAAWWWW	MEME-1	peak_31	145	173	+	10.4189	8.72e-05	0.0375	AAAAACAAAATAACAGATATAAAAATTTA
AWWWWWWWWWWWAAHAWATWWAAAAWWWW	MEME-1	peak_234	178	206	+	10.4189	8.72e-05	0.0375	ACTTAACGTATATATTAATTTAAGTTATT
AWWWWWWWWWWWAAHAWATWWAAAAWWWW	MEME-1	peak_306	182	210	+	10.4189	8.72e-05	0.0375	ACTTAATGTTAAATGAATATTAAATTAAA
AWWWWWWWWWWWAAHAWATWWAAAAWWWW	MEME-1	peak_352	261	289	+	10.4189	8.72e-05	0.0375	AATTTAATTTAAATAATGTTCATAAAAAT
AWWWWWWWWWWWAAHAWATWWAAAAWWWW	MEME-1	peak_366	236	264	-	10.4189	8.72e-05	0.0375	ATTTTATTTATAATTTTATAAATTTAAAA
AWWWWWWWWWWWAAHAWATWWAAAAWWWW	MEME-1	peak_342	237	265	-	10.4189	8.72e-05	0.0375	AAATGTTTTTAAGATAATTTTTATTTTTT
AWWWWWWWWWWWAAHAWATWWAAAAWWWW	MEME-1	peak_526	260	288	-	10.4189	8.72e-05	0.0375	AACTGAAACGAAATTAAATGAAAAATTAT
AWWWWWWWWWWWAAHAWATWWAAAAWWWW	MEME-1	peak_59	232	260	-	10.4054	8.79e-05	0.0377	GATATTTTAAATAATATATTTAATAATAC
AWWWWWWWWWWWAAHAWATWWAAAAWWWW	MEME-1	peak_107	391	419	-	10.4054	8.79e-05	0.0377	TCAAAATATATAATAAATTTAACAAATAC
AWWWWWWWWWWWAAHAWATWWAAAAWWWW	MEME-1	peak_332	103	131	+	10.3919	8.87e-05	0.0378	TATAATTTAATATAAAAATGTATTTTTAT
AWWWWWWWWWWWAAHAWATWWAAAAWWWW	MEME-1	peak_541	181	209	-	10.3919	8.87e-05	0.0378	AGAAAATATGACAAAAAAAATAAAATAAT
AWWWWWWWWWWWAAHAWATWWAAAAWWWW	MEME-1	peak_22	197	225	-	10.3919	8.87e-05	0.0378	AATAACTAAACAGAAAATATAAAAAAACA
AWWWWWWWWWWWAAHAWATWWAAAAWWWW	MEME-1	peak_34	203	231	-	10.3919	8.87e-05	0.0378	ATTAATTTGAAATATAAATTATATAAGTA
AWWWWWWWWWWWAAHAWATWWAAAAWWWW	MEME-1	peak_263	268	296	+	10.3919	8.87e-05	0.0378	ATCCAACTTAAAACAAATTTAAACAAATA
AWWWWWWWWWWWAAHAWATWWAAAAWWWW	MEME-1	peak_409	280	308	+	10.3919	8.87e-05	0.0378	AAAACTTAATTTAAAGCAAGAAAGTAATT
AWWWWWWWWWWWAAHAWATWWAAAAWWWW	MEME-1	peak_142	423	451	+	10.3919	8.87e-05	0.0378	AAAAAAAATCTTTATGGTTTCACATAATA
AWWWWWWWWWWWAAHAWATWWAAAAWWWW	MEME-1	peak_612	160	188	-	10.3784	8.95e-05	0.038	ATTAAATTATATAGCTTTTATATGATAAT
AWWWWWWWWWWWAAHAWATWWAAAAWWWW	MEME-1	peak_311	196	224	-	10.3784	8.95e-05	0.038	TAATTAAATTTAAATAAATACCATTTTAA
AWWWWWWWWWWWAAHAWATWWAAAAWWWW	MEME-1	peak_263	224	252	+	10.3784	8.95e-05	0.038	ATTTTTAGTAAAATCATATTAATTTAAAA
AWWWWWWWWWWWAAHAWATWWAAAAWWWW	MEME-1	peak_314	97	125	+	10.3649	9.02e-05	0.038	TCTAATATAAAAAATAATATAAAGTTTTT
AWWWWWWWWWWWAAHAWATWWAAAAWWWW	MEME-1	peak_589	74	102	-	10.3649	9.02e-05	0.038	TTTTAATAAAAATCTAAAAATTAAATTAA
AWWWWWWWWWWWAAHAWATWWAAAAWWWW	MEME-1	peak_589	79	107	-	10.3649	9.02e-05	0.038	TATATTTTTAATAAAAATCTAAAAATTAA
AWWWWWWWWWWWAAHAWATWWAAAAWWWW	MEME-1	peak_419	118	146	+	10.3649	9.02e-05	0.038	ATTAAATTCTTACCTAACTTAACAAAATA
AWWWWWWWWWWWAAHAWATWWAAAAWWWW	MEME-1	peak_559	116	144	-	10.3649	9.02e-05	0.038	AACAAATAAAATCAAATCTACATATAAAT
AWWWWWWWWWWWAAHAWATWWAAAAWWWW	MEME-1	peak_155	309	337	-	10.3649	9.02e-05	0.038	AAAAATATGCCTAGTTTTTGAAAAAAAAA
AWWWWWWWWWWWAAHAWATWWAAAAWWWW	MEME-1	peak_554	677	705	+	10.3649	9.02e-05	0.038	TACAAATTGGAAAAATTTTTAAAAAATCA
AWWWWWWWWWWWAAHAWATWWAAAAWWWW	MEME-1	peak_160	168	196	-	10.3514	9.1e-05	0.0383	ATCTAAATAATTGCAATATTCGAATATAT
AWWWWWWWWWWWAAHAWATWWAAAAWWWW	MEME-1	peak_351	193	221	-	10.3514	9.1e-05	0.0383	AAAAAAATTTTAAAAAATATAACTTTCTA
AWWWWWWWWWWWAAHAWATWWAAAAWWWW	MEME-1	peak_592	244	272	+	10.3514	9.1e-05	0.0383	AAATAATTTGAATTTAAAATGAAAACAAT
AWWWWWWWWWWWAAHAWATWWAAAAWWWW	MEME-1	peak_434	127	155	-	10.3378	9.18e-05	0.0384	TAAATTCGTTAAAATTATTTTTAATTAAA
AWWWWWWWWWWWAAHAWATWWAAAAWWWW	MEME-1	peak_590	168	196	+	10.3378	9.18e-05	0.0384	ACTTATTTTAAAAAGGAATAAAAAAATGT
AWWWWWWWWWWWAAHAWATWWAAAAWWWW	MEME-1	peak_145	205	233	+	10.3378	9.18e-05	0.0384	TAATAGTTTTTTAATAGAATTAAATCAAT
AWWWWWWWWWWWAAHAWATWWAAAAWWWW	MEME-1	peak_271	214	242	+	10.3378	9.18e-05	0.0384	TACTATATATTTAAAATTTATATTATATT
AWWWWWWWWWWWAAHAWATWWAAAAWWWW	MEME-1	peak_307	190	218	-	10.3378	9.18e-05	0.0384	ATAAAAAATATAGAAAATATGTTAAATAA
AWWWWWWWWWWWAAHAWATWWAAAAWWWW	MEME-1	peak_370	271	299	-	10.3378	9.18e-05	0.0384	AACTTAAAATTTCTAAATTTAAAAAATAA
AWWWWWWWWWWWAAHAWATWWAAAAWWWW	MEME-1	peak_345	19	47	-	10.3243	9.26e-05	0.0385	ATATAATTATAAAAAAATTATCTTAAATT
AWWWWWWWWWWWAAHAWATWWAAAAWWWW	MEME-1	peak_35	250	278	-	10.3243	9.26e-05	0.0385	AACTAATTCAAAAACTTTTTATAACAAAA
AWWWWWWWWWWWAAHAWATWWAAAAWWWW	MEME-1	peak_561	262	290	-	10.3243	9.26e-05	0.0385	CTAAAAAGTTCAAACAATTTTAAATGTAT
AWWWWWWWWWWWAAHAWATWWAAAAWWWW	MEME-1	peak_57	317	345	-	10.3243	9.26e-05	0.0385	TTGATTTTCGAAACCGTATTTTAAAATAA
AWWWWWWWWWWWAAHAWATWWAAAAWWWW	MEME-1	peak_554	421	449	-	10.3243	9.26e-05	0.0385	TTGAATTTTATAATTGCATAAAATATTAT
AWWWWWWWWWWWAAHAWATWWAAAAWWWW	MEME-1	peak_553	67	95	+	10.3108	9.34e-05	0.0386	ATAAAATGTTAAAAAAAAAAATCAAACAA
AWWWWWWWWWWWAAHAWATWWAAAAWWWW	MEME-1	peak_565	84	112	-	10.3108	9.34e-05	0.0386	CCAATTTAAACTAAAAATTTTTAAAACTT
AWWWWWWWWWWWAAHAWATWWAAAAWWWW	MEME-1	peak_461	165	193	-	10.3108	9.34e-05	0.0386	TAGCCATTTATTAAAACATTTAAATTGTT
AWWWWWWWWWWWAAHAWATWWAAAAWWWW	MEME-1	peak_554	232	260	-	10.3108	9.34e-05	0.0386	AAAATGTTTTTAACTATAATCAAATGAAT
AWWWWWWWWWWWAAHAWATWWAAAAWWWW	MEME-1	peak_448	233	261	-	10.3108	9.34e-05	0.0386	AATAATTACTTTGGTGTAAAAAAAATGTA
AWWWWWWWWWWWAAHAWATWWAAAAWWWW	MEME-1	peak_554	418	446	+	10.3108	9.34e-05	0.0386	AACATAATATTTTATGCAATTATAAAATT
AWWWWWWWWWWWAAHAWATWWAAAAWWWW	MEME-1	peak_156	97	125	+	10.2973	9.42e-05	0.0388	TCAAAATTTAATAGCTAATTTATTTTAAT
AWWWWWWWWWWWAAHAWATWWAAAAWWWW	MEME-1	peak_380	111	139	+	10.2973	9.42e-05	0.0388	AAAAATTAGGAAAAAAAAATATTGATTTT
AWWWWWWWWWWWAAHAWATWWAAAAWWWW	MEME-1	peak_585	212	240	+	10.2973	9.42e-05	0.0388	AATTTATAATCTATAATCTATATGATAAA
AWWWWWWWWWWWAAHAWATWWAAAAWWWW	MEME-1	peak_409	305	333	+	10.2973	9.42e-05	0.0388	AATTTTATAACACATATTAATTAAATATT
AWWWWWWWWWWWAAHAWATWWAAAAWWWW	MEME-1	peak_159	6	34	-	10.2838	9.5e-05	0.039	ACAATATGTGAAAATATCAATAAAATGAC
AWWWWWWWWWWWAAHAWATWWAAAAWWWW	MEME-1	peak_198	245	273	-	10.2838	9.5e-05	0.039	AAAATTAAATTACAAATATTTAAAAGCAT
AWWWWWWWWWWWAAHAWATWWAAAAWWWW	MEME-1	peak_346	419	447	-	10.2838	9.5e-05	0.039	AACAAAAAAAGTACAATATTATTATTATT
AWWWWWWWWWWWAAHAWATWWAAAAWWWW	MEME-1	peak_332	106	134	-	10.2703	9.58e-05	0.0392	ATAATAAAAATACATTTTTATATTAAATT
AWWWWWWWWWWWAAHAWATWWAAAAWWWW	MEME-1	peak_271	225	253	-	10.2703	9.58e-05	0.0392	AAATAGTTTTAAATATAATATAAATTTTA
AWWWWWWWWWWWAAHAWATWWAAAAWWWW	MEME-1	peak_388	303	331	+	10.2703	9.58e-05	0.0392	ATTTCATTAATTAGTGTATAATTAAAAAA
AWWWWWWWWWWWAAHAWATWWAAAAWWWW	MEME-1	peak_325	379	407	+	10.2703	9.58e-05	0.0392	TATATTTTTTATTTCACTTTTAAAATTTT
AWWWWWWWWWWWAAHAWATWWAAAAWWWW	MEME-1	peak_580	30	58	+	10.2568	9.66e-05	0.0393	ATAAAACTAAATGAAATATTTGTTTAAAT
AWWWWWWWWWWWAAHAWATWWAAAAWWWW	MEME-1	peak_170	126	154	-	10.2568	9.66e-05	0.0393	TTTTTATTTTTAATTGTATTAAGAAATTA
AWWWWWWWWWWWAAHAWATWWAAAAWWWW	MEME-1	peak_444	167	195	-	10.2568	9.66e-05	0.0393	AATATATTTGATATTGTATTAAACTTCAT
AWWWWWWWWWWWAAHAWATWWAAAAWWWW	MEME-1	peak_59	233	261	+	10.2568	9.66e-05	0.0393	TATTATTAAATATATTATTTAAAATATCA
AWWWWWWWWWWWAAHAWATWWAAAAWWWW	MEME-1	peak_112	277	305	-	10.2568	9.66e-05	0.0393	AAAATTTTCTATAAATTTTACAAATTTCA
AWWWWWWWWWWWAAHAWATWWAAAAWWWW	MEME-1	peak_550	87	115	+	10.2432	9.74e-05	0.0395	TTAAAAAAAATATATATATATGTCAAAAT
AWWWWWWWWWWWAAHAWATWWAAAAWWWW	MEME-1	peak_568	144	172	+	10.2432	9.74e-05	0.0395	TTAAAATAAACACATAAATAATAACAAAT
AWWWWWWWWWWWAAHAWATWWAAAAWWWW	MEME-1	peak_366	262	290	-	10.2432	9.74e-05	0.0395	ATTTAATTTAAAGATTTAAATAAAAGATT
AWWWWWWWWWWWAAHAWATWWAAAAWWWW	MEME-1	peak_598	266	294	-	10.2432	9.74e-05	0.0395	AAAAAGATAGAATATACATATATTAATAT
AWWWWWWWWWWWAAHAWATWWAAAAWWWW	MEME-1	peak_524	172	200	+	10.2297	9.83e-05	0.0396	CTAAATTTCCAAAAAAAAATTATATAAAT
AWWWWWWWWWWWAAHAWATWWAAAAWWWW	MEME-1	peak_366	210	238	+	10.2297	9.83e-05	0.0396	TAAATTTGAATTAATTTGTTTTATAATTT
AWWWWWWWWWWWAAHAWATWWAAAAWWWW	MEME-1	peak_232	240	268	-	10.2297	9.83e-05	0.0396	AATATAAAGTTTGTAAATTTTTAAAATTA
AWWWWWWWWWWWAAHAWATWWAAAAWWWW	MEME-1	peak_112	465	493	+	10.2297	9.83e-05	0.0396	AACATTTTATATGTAAATTTTATAAATTA
AWWWWWWWWWWWAAHAWATWWAAAAWWWW	MEME-1	peak_88	570	598	+	10.2297	9.83e-05	0.0396	AATATATTAATAAAAATATTAGTAACTGT
AWWWWWWWWWWWAAHAWATWWAAAAWWWW	MEME-1	peak_432	152	180	+	10.2162	9.91e-05	0.0396	ATATATTACAGAAAAATTATAAAAAACAA
AWWWWWWWWWWWAAHAWATWWAAAAWWWW	MEME-1	peak_384	139	167	-	10.2162	9.91e-05	0.0396	AAATAACTTTATTATATTATTATATTTTT
AWWWWWWWWWWWAAHAWATWWAAAAWWWW	MEME-1	peak_351	149	177	-	10.2162	9.91e-05	0.0396	AAAAAAAAATTTTAGAAGAATAATAAAAT
AWWWWWWWWWWWAAHAWATWWAAAAWWWW	MEME-1	peak_307	189	217	-	10.2162	9.91e-05	0.0396	TAAAAAATATAGAAAATATGTTAAATAAT
AWWWWWWWWWWWAAHAWATWWAAAAWWWW	MEME-1	peak_393	237	265	+	10.2162	9.91e-05	0.0396	ATTTATTTTGTTGCCAAAAACAATTTTAT
AWWWWWWWWWWWAAHAWATWWAAAAWWWW	MEME-1	peak_366	237	265	+	10.2162	9.91e-05	0.0396	TTTAAATTTATAAAATTATAAATAAAATC
AWWWWWWWWWWWAAHAWATWWAAAAWWWW	MEME-1	peak_329	252	280	+	10.2162	9.91e-05	0.0396	ATAAAATACATTTTTATCTATACAACAAT
AWWWWWWWWWWWAAHAWATWWAAAAWWWW	MEME-1	peak_476	295	323	+	10.2162	9.91e-05	0.0396	TAAAAAATGAAATAAATATATTTAATATA
AWWWWWWWWWWWAAHAWATWWAAAAWWWW	MEME-1	peak_588	520	548	-	10.2162	9.91e-05	0.0396	ATATTATATATTTTTTTATATATATTAAT
AWWWWWWWWWWWAAHAWATWWAAAAWWWW	MEME-1	peak_439	143	171	+	10.2027	9.99e-05	0.0397	TAAAAATACTTAACTAATTACAGTTTATA
AWWWWWWWWWWWAAHAWATWWAAAAWWWW	MEME-1	peak_528	229	257	-	10.2027	9.99e-05	0.0397	ACATATTTGGGAAAAATATAATAATATAA
AWWWWWWWWWWWAAHAWATWWAAAAWWWW	MEME-1	peak_405	265	293	+	10.2027	9.99e-05	0.0397	AATAAAAAATTAATTATATTAATAAGCAA
AWWWWWWWWWWWAAHAWATWWAAAAWWWW	MEME-1	peak_573	244	272	-	10.2027	9.99e-05	0.0397	AAACAAATAGTTAAAAATTTCTTGATTTA
AWWWWWWWWWWWAAHAWATWWAAAAWWWW	MEME-1	peak_122	254	282	-	10.2027	9.99e-05	0.0397	AAATTATATTTTATTGCTTTTAATAATAC
AWWWWWWWWWWWAAHAWATWWAAAAWWWW	MEME-1	peak_112	465	493	-	10.2027	9.99e-05	0.0397	TAATTTATAAAATTTACATATAAAATGTT

# FIMO (Find Individual Motif Occurrences): Version 5.5.5 compiled on Mar 10 2026 at 06:53:45
# The format of this file is described at https://meme-suite.org/meme/doc/fimo-output-format.html#tsv_results.
# fimo --verbosity 1 --oc data/chapter3/memechip_Trh_Tgo_masked/fimo_out_1 --bgfile data/chapter3/memechip_Trh_Tgo_masked/background --motif AWWWWWWWWWWWAAHAWATWWAAAAWWWW data/chapter3/memechip_Trh_Tgo_masked/meme_out/meme.xml data/chapter3/memechip_Trh_Tgo_masked/Trh_Tgo_joint_peaks_filt_repeatmasked.fa
