motif_ID	motif_ALT_ID	motif_P-value	seq_ID	seq_Score	seq_Class	is_holdout?
1-AAAAAAATAWATATWAAAWT	STREME-1	1.0e-005	peak_125	24.41	tp	0
1-AAAAAAATAWATATWAAAWT	STREME-1	1.0e-005	peak_319	21.21	tp	0
1-AAAAAAATAWATATWAAAWT	STREME-1	1.0e-005	peak_583	20.60	tp	1
1-AAAAAAATAWATATWAAAWT	STREME-1	1.0e-005	peak_172	20.01	tp	0
1-AAAAAAATAWATATWAAAWT	STREME-1	1.0e-005	peak_588	19.45	tp	0
1-AAAAAAATAWATATWAAAWT	STREME-1	1.0e-005	peak_337	19.41	tp	0
1-AAAAAAATAWATATWAAAWT	STREME-1	1.0e-005	peak_550	18.75	tp	0
1-AAAAAAATAWATATWAAAWT	STREME-1	1.0e-005	peak_59	18.64	tp	0
1-AAAAAAATAWATATWAAAWT	STREME-1	1.0e-005	peak_524	18.23	tp	1
1-AAAAAAATAWATATWAAAWT	STREME-1	1.0e-005	peak_90	18.09	tp	0
1-AAAAAAATAWATATWAAAWT	STREME-1	1.0e-005	peak_71	17.84	tp	0
1-AAAAAAATAWATATWAAAWT	STREME-1	1.0e-005	peak_145	17.84	tp	0
1-AAAAAAATAWATATWAAAWT	STREME-1	1.0e-005	peak_74	17.77	tp	0
1-AAAAAAATAWATATWAAAWT	STREME-1	1.0e-005	peak_261	17.72	tp	0
1-AAAAAAATAWATATWAAAWT	STREME-1	1.0e-005	peak_472	17.66	tp	0
1-AAAAAAATAWATATWAAAWT	STREME-1	1.0e-005	peak_264	17.43	tp	0
1-AAAAAAATAWATATWAAAWT	STREME-1	1.0e-005	peak_154	17.35	tp	0
1-AAAAAAATAWATATWAAAWT	STREME-1	1.0e-005	peak_57	17.32	tp	0
1-AAAAAAATAWATATWAAAWT	STREME-1	1.0e-005	peak_322	17.28	tp	0
1-AAAAAAATAWATATWAAAWT	STREME-1	1.0e-005	peak_553	17.23	tp	0
1-AAAAAAATAWATATWAAAWT	STREME-1	1.0e-005	peak_351	17.09	tp	0
1-AAAAAAATAWATATWAAAWT	STREME-1	1.0e-005	peak_473	17.04	tp	0
1-AAAAAAATAWATATWAAAWT	STREME-1	1.0e-005	peak_481	16.88	tp	0
1-AAAAAAATAWATATWAAAWT	STREME-1	1.0e-005	peak_464	16.86	tp	0
1-AAAAAAATAWATATWAAAWT	STREME-1	1.0e-005	peak_393	16.70	tp	0
1-AAAAAAATAWATATWAAAWT	STREME-1	1.0e-005	peak_62	16.67	tp	0
1-AAAAAAATAWATATWAAAWT	STREME-1	1.0e-005	peak_152	16.39	tp	0
1-AAAAAAATAWATATWAAAWT	STREME-1	1.0e-005	peak_39	16.32	tp	0
1-AAAAAAATAWATATWAAAWT	STREME-1	1.0e-005	peak_261	16.09	fp	0
1-AAAAAAATAWATATWAAAWT	STREME-1	1.0e-005	peak_476	16.01	tp	0
1-AAAAAAATAWATATWAAAWT	STREME-1	1.0e-005	peak_294	16.01	tp	0
1-AAAAAAATAWATATWAAAWT	STREME-1	1.0e-005	peak_180	15.99	tp	0
1-AAAAAAATAWATATWAAAWT	STREME-1	1.0e-005	peak_272	15.92	tp	0
1-AAAAAAATAWATATWAAAWT	STREME-1	1.0e-005	peak_185	15.91	tp	0
1-AAAAAAATAWATATWAAAWT	STREME-1	1.0e-005	peak_162	15.87	tp	0
1-AAAAAAATAWATATWAAAWT	STREME-1	1.0e-005	peak_57	15.71	fp	0
1-AAAAAAATAWATATWAAAWT	STREME-1	1.0e-005	peak_271	15.71	tp	0
1-AAAAAAATAWATATWAAAWT	STREME-1	1.0e-005	peak_537	15.71	tp	0
1-AAAAAAATAWATATWAAAWT	STREME-1	1.0e-005	peak_349	15.71	tp	0
1-AAAAAAATAWATATWAAAWT	STREME-1	1.0e-005	peak_100	15.70	tp	0
1-AAAAAAATAWATATWAAAWT	STREME-1	1.0e-005	peak_554	15.70	tp	0
1-AAAAAAATAWATATWAAAWT	STREME-1	1.0e-005	peak_307	15.67	tp	0
1-AAAAAAATAWATATWAAAWT	STREME-1	1.0e-005	peak_516	15.62	tp	0
1-AAAAAAATAWATATWAAAWT	STREME-1	1.0e-005	peak_412	15.57	tp	0
1-AAAAAAATAWATATWAAAWT	STREME-1	1.0e-005	peak_267	15.54	tp	0
1-AAAAAAATAWATATWAAAWT	STREME-1	1.0e-005	peak_405	15.51	tp	0
1-AAAAAAATAWATATWAAAWT	STREME-1	1.0e-005	peak_22	15.49	tp	0
1-AAAAAAATAWATATWAAAWT	STREME-1	1.0e-005	peak_291	15.42	tp	0
1-AAAAAAATAWATATWAAAWT	STREME-1	1.0e-005	peak_31	15.41	tp	0
1-AAAAAAATAWATATWAAAWT	STREME-1	1.0e-005	peak_422	15.34	tp	0
1-AAAAAAATAWATATWAAAWT	STREME-1	1.0e-005	peak_1	15.25	tp	0
1-AAAAAAATAWATATWAAAWT	STREME-1	1.0e-005	peak_32	15.24	tp	0
1-AAAAAAATAWATATWAAAWT	STREME-1	1.0e-005	peak_345	15.17	tp	0
1-AAAAAAATAWATATWAAAWT	STREME-1	1.0e-005	peak_132	15.15	tp	0
1-AAAAAAATAWATATWAAAWT	STREME-1	1.0e-005	peak_512	15.14	tp	0
1-AAAAAAATAWATATWAAAWT	STREME-1	1.0e-005	peak_542	14.96	tp	0
1-AAAAAAATAWATATWAAAWT	STREME-1	1.0e-005	peak_146	14.95	tp	1
1-AAAAAAATAWATATWAAAWT	STREME-1	1.0e-005	peak_325	14.90	tp	0
1-AAAAAAATAWATATWAAAWT	STREME-1	1.0e-005	peak_491	14.87	tp	0
1-AAAAAAATAWATATWAAAWT	STREME-1	1.0e-005	peak_63	14.87	tp	0
1-AAAAAAATAWATATWAAAWT	STREME-1	1.0e-005	peak_452	14.82	tp	0
1-AAAAAAATAWATATWAAAWT	STREME-1	1.0e-005	peak_557	14.82	tp	0
1-AAAAAAATAWATATWAAAWT	STREME-1	1.0e-005	peak_409	14.81	tp	0
1-AAAAAAATAWATATWAAAWT	STREME-1	1.0e-005	peak_107	14.73	tp	0
1-AAAAAAATAWATATWAAAWT	STREME-1	1.0e-005	peak_573	14.72	tp	1
1-AAAAAAATAWATATWAAAWT	STREME-1	1.0e-005	peak_184	14.71	tp	0
1-AAAAAAATAWATATWAAAWT	STREME-1	1.0e-005	peak_432	14.70	tp	0
1-AAAAAAATAWATATWAAAWT	STREME-1	1.0e-005	peak_351	14.69	fp	0
1-AAAAAAATAWATATWAAAWT	STREME-1	1.0e-005	peak_577	14.66	tp	0
1-AAAAAAATAWATATWAAAWT	STREME-1	1.0e-005	peak_415	14.65	tp	0
1-AAAAAAATAWATATWAAAWT	STREME-1	1.0e-005	peak_246	14.62	tp	0
1-AAAAAAATAWATATWAAAWT	STREME-1	1.0e-005	peak_195	14.61	tp	0
1-AAAAAAATAWATATWAAAWT	STREME-1	1.0e-005	peak_558	14.55	tp	0
1-AAAAAAATAWATATWAAAWT	STREME-1	1.0e-005	peak_243	14.50	tp	0
1-AAAAAAATAWATATWAAAWT	STREME-1	1.0e-005	peak_462	14.49	tp	0
1-AAAAAAATAWATATWAAAWT	STREME-1	1.0e-005	peak_379	14.47	tp	0
1-AAAAAAATAWATATWAAAWT	STREME-1	1.0e-005	peak_433	14.47	tp	0
1-AAAAAAATAWATATWAAAWT	STREME-1	1.0e-005	peak_392	14.46	tp	0
1-AAAAAAATAWATATWAAAWT	STREME-1	1.0e-005	peak_36	14.42	tp	0
1-AAAAAAATAWATATWAAAWT	STREME-1	1.0e-005	peak_93	14.39	tp	0
1-AAAAAAATAWATATWAAAWT	STREME-1	1.0e-005	peak_153	14.39	tp	1
1-AAAAAAATAWATATWAAAWT	STREME-1	1.0e-005	peak_306	14.34	tp	0
1-AAAAAAATAWATATWAAAWT	STREME-1	1.0e-005	peak_332	14.33	tp	1
1-AAAAAAATAWATATWAAAWT	STREME-1	1.0e-005	peak_437	14.28	tp	0
1-AAAAAAATAWATATWAAAWT	STREME-1	1.0e-005	peak_258	14.26	tp	0
1-AAAAAAATAWATATWAAAWT	STREME-1	1.0e-005	peak_513	14.24	tp	0
1-AAAAAAATAWATATWAAAWT	STREME-1	1.0e-005	peak_311	14.17	tp	0
1-AAAAAAATAWATATWAAAWT	STREME-1	1.0e-005	peak_576	14.17	tp	0
1-AAAAAAATAWATATWAAAWT	STREME-1	1.0e-005	peak_163	14.16	tp	0
1-AAAAAAATAWATATWAAAWT	STREME-1	1.0e-005	peak_362	14.16	tp	0
1-AAAAAAATAWATATWAAAWT	STREME-1	1.0e-005	peak_559	14.08	fp	0
1-AAAAAAATAWATATWAAAWT	STREME-1	1.0e-005	peak_317	14.04	tp	0
1-AAAAAAATAWATATWAAAWT	STREME-1	1.0e-005	peak_81	14.03	tp	0
1-AAAAAAATAWATATWAAAWT	STREME-1	1.0e-005	peak_7	14.03	tp	0
1-AAAAAAATAWATATWAAAWT	STREME-1	1.0e-005	peak_60	13.91	tp	0
1-AAAAAAATAWATATWAAAWT	STREME-1	1.0e-005	peak_589	13.90	tp	0
1-AAAAAAATAWATATWAAAWT	STREME-1	1.0e-005	peak_147	13.87	tp	0
1-AAAAAAATAWATATWAAAWT	STREME-1	1.0e-005	peak_388	13.86	tp	0
1-AAAAAAATAWATATWAAAWT	STREME-1	1.0e-005	peak_575	13.83	tp	0
1-AAAAAAATAWATATWAAAWT	STREME-1	1.0e-005	peak_83	13.79	tp	0
1-AAAAAAATAWATATWAAAWT	STREME-1	1.0e-005	peak_263	13.78	fp	0
1-AAAAAAATAWATATWAAAWT	STREME-1	1.0e-005	peak_175	13.74	tp	0
1-AAAAAAATAWATATWAAAWT	STREME-1	1.0e-005	peak_15	13.72	tp	0
1-AAAAAAATAWATATWAAAWT	STREME-1	1.0e-005	peak_390	13.70	tp	0
1-AAAAAAATAWATATWAAAWT	STREME-1	1.0e-005	peak_376	13.64	tp	0
1-AAAAAAATAWATATWAAAWT	STREME-1	1.0e-005	peak_161	13.58	tp	0
1-AAAAAAATAWATATWAAAWT	STREME-1	1.0e-005	peak_448	13.56	tp	0
1-AAAAAAATAWATATWAAAWT	STREME-1	1.0e-005	peak_551	13.56	tp	0
1-AAAAAAATAWATATWAAAWT	STREME-1	1.0e-005	peak_241	13.52	fp	0
1-AAAAAAATAWATATWAAAWT	STREME-1	1.0e-005	peak_113	13.52	tp	0
1-AAAAAAATAWATATWAAAWT	STREME-1	1.0e-005	peak_364	13.51	tp	0
1-AAAAAAATAWATATWAAAWT	STREME-1	1.0e-005	peak_559	13.49	tp	1
1-AAAAAAATAWATATWAAAWT	STREME-1	1.0e-005	peak_504	13.48	tp	0
1-AAAAAAATAWATATWAAAWT	STREME-1	1.0e-005	peak_378	13.45	tp	0
1-AAAAAAATAWATATWAAAWT	STREME-1	1.0e-005	peak_156	13.44	tp	0
1-AAAAAAATAWATATWAAAWT	STREME-1	1.0e-005	peak_10	13.41	tp	0
1-AAAAAAATAWATATWAAAWT	STREME-1	1.0e-005	peak_485	13.33	tp	0
1-AAAAAAATAWATATWAAAWT	STREME-1	1.0e-005	peak_574	13.32	tp	1
1-AAAAAAATAWATATWAAAWT	STREME-1	1.0e-005	peak_434	13.32	tp	0
1-AAAAAAATAWATATWAAAWT	STREME-1	1.0e-005	peak_384	13.27	tp	0
1-AAAAAAATAWATATWAAAWT	STREME-1	1.0e-005	peak_173	13.22	tp	0
1-AAAAAAATAWATATWAAAWT	STREME-1	1.0e-005	peak_380	13.21	tp	0
1-AAAAAAATAWATATWAAAWT	STREME-1	1.0e-005	peak_285	13.21	tp	0
1-AAAAAAATAWATATWAAAWT	STREME-1	1.0e-005	peak_366	13.21	tp	0
1-AAAAAAATAWATATWAAAWT	STREME-1	1.0e-005	peak_11	13.20	tp	0
1-AAAAAAATAWATATWAAAWT	STREME-1	1.0e-005	peak_386	13.18	tp	0
1-AAAAAAATAWATATWAAAWT	STREME-1	1.0e-005	peak_439	13.16	tp	0
1-AAAAAAATAWATATWAAAWT	STREME-1	1.0e-005	peak_427	13.16	tp	0
1-AAAAAAATAWATATWAAAWT	STREME-1	1.0e-005	peak_375	13.13	tp	0
1-AAAAAAATAWATATWAAAWT	STREME-1	1.0e-005	peak_475	13.10	tp	1
1-AAAAAAATAWATATWAAAWT	STREME-1	1.0e-005	peak_480	13.10	tp	0
1-AAAAAAATAWATATWAAAWT	STREME-1	1.0e-005	peak_123	13.08	tp	0
1-AAAAAAATAWATATWAAAWT	STREME-1	1.0e-005	peak_31	13.07	fp	0
1-AAAAAAATAWATATWAAAWT	STREME-1	1.0e-005	peak_170	13.06	tp	0
1-AAAAAAATAWATATWAAAWT	STREME-1	1.0e-005	peak_138	13.05	tp	0
1-AAAAAAATAWATATWAAAWT	STREME-1	1.0e-005	peak_518	13.03	fp	0
1-AAAAAAATAWATATWAAAWT	STREME-1	1.0e-005	peak_328	13.01	fp	0
1-AAAAAAATAWATATWAAAWT	STREME-1	1.0e-005	peak_398	13.01	tp	0
1-AAAAAAATAWATATWAAAWT	STREME-1	1.0e-005	peak_140	12.95	tp	0
1-AAAAAAATAWATATWAAAWT	STREME-1	1.0e-005	peak_120	12.94	tp	0
1-AAAAAAATAWATATWAAAWT	STREME-1	1.0e-005	peak_296	12.94	tp	0
1-AAAAAAATAWATATWAAAWT	STREME-1	1.0e-005	peak_68	12.85	tp	0
1-AAAAAAATAWATATWAAAWT	STREME-1	1.0e-005	peak_263	12.80	tp	0
1-AAAAAAATAWATATWAAAWT	STREME-1	1.0e-005	peak_55	12.78	tp	0
1-AAAAAAATAWATATWAAAWT	STREME-1	1.0e-005	peak_326	12.76	tp	0
1-AAAAAAATAWATATWAAAWT	STREME-1	1.0e-005	peak_328	12.74	tp	1
1-AAAAAAATAWATATWAAAWT	STREME-1	1.0e-005	peak_170	12.70	fp	0
1-AAAAAAATAWATATWAAAWT	STREME-1	1.0e-005	peak_312	12.65	tp	0
1-AAAAAAATAWATATWAAAWT	STREME-1	1.0e-005	peak_324	12.63	tp	0
1-AAAAAAATAWATATWAAAWT	STREME-1	1.0e-005	peak_191	12.62	tp	0
1-AAAAAAATAWATATWAAAWT	STREME-1	1.0e-005	peak_183	12.58	tp	0
1-AAAAAAATAWATATWAAAWT	STREME-1	1.0e-005	peak_144	12.58	tp	0
1-AAAAAAATAWATATWAAAWT	STREME-1	1.0e-005	peak_237	12.53	tp	0
1-AAAAAAATAWATATWAAAWT	STREME-1	1.0e-005	peak_181	12.52	tp	0
1-AAAAAAATAWATATWAAAWT	STREME-1	1.0e-005	peak_544	12.52	tp	0
1-AAAAAAATAWATATWAAAWT	STREME-1	1.0e-005	peak_235	12.48	tp	0
1-AAAAAAATAWATATWAAAWT	STREME-1	1.0e-005	peak_88	12.44	tp	0
1-AAAAAAATAWATATWAAAWT	STREME-1	1.0e-005	peak_465	12.42	tp	0
1-AAAAAAATAWATATWAAAWT	STREME-1	1.0e-005	peak_251	12.41	tp	0
1-AAAAAAATAWATATWAAAWT	STREME-1	1.0e-005	peak_416	12.39	tp	0
1-AAAAAAATAWATATWAAAWT	STREME-1	1.0e-005	peak_288	12.36	tp	0
1-AAAAAAATAWATATWAAAWT	STREME-1	1.0e-005	peak_556	12.33	tp	0
1-AAAAAAATAWATATWAAAWT	STREME-1	1.0e-005	peak_342	12.29	tp	0
1-AAAAAAATAWATATWAAAWT	STREME-1	1.0e-005	peak_389	12.28	tp	0
1-AAAAAAATAWATATWAAAWT	STREME-1	1.0e-005	peak_298	12.28	tp	1
1-AAAAAAATAWATATWAAAWT	STREME-1	1.0e-005	peak_395	12.27	fp	0
1-AAAAAAATAWATATWAAAWT	STREME-1	1.0e-005	peak_234	12.24	tp	1
1-AAAAAAATAWATATWAAAWT	STREME-1	1.0e-005	peak_373	12.24	tp	1
1-AAAAAAATAWATATWAAAWT	STREME-1	1.0e-005	peak_445	12.23	tp	0
1-AAAAAAATAWATATWAAAWT	STREME-1	1.0e-005	peak_225	12.22	tp	0
1-AAAAAAATAWATATWAAAWT	STREME-1	1.0e-005	peak_70	12.19	tp	0
1-AAAAAAATAWATATWAAAWT	STREME-1	1.0e-005	peak_438	12.19	tp	0
1-AAAAAAATAWATATWAAAWT	STREME-1	1.0e-005	peak_539	12.16	tp	0
1-AAAAAAATAWATATWAAAWT	STREME-1	1.0e-005	peak_314	12.15	tp	0
1-AAAAAAATAWATATWAAAWT	STREME-1	1.0e-005	peak_442	12.15	tp	0
1-AAAAAAATAWATATWAAAWT	STREME-1	1.0e-005	peak_105	12.14	tp	0
1-AAAAAAATAWATATWAAAWT	STREME-1	1.0e-005	peak_457	12.12	tp	0
1-AAAAAAATAWATATWAAAWT	STREME-1	1.0e-005	peak_266	12.09	tp	0
1-AAAAAAATAWATATWAAAWT	STREME-1	1.0e-005	peak_467	12.08	tp	0
1-AAAAAAATAWATATWAAAWT	STREME-1	1.0e-005	peak_278	12.08	tp	0
1-AAAAAAATAWATATWAAAWT	STREME-1	1.0e-005	peak_104	12.07	tp	0
1-AAAAAAATAWATATWAAAWT	STREME-1	1.0e-005	peak_214	12.07	tp	0
1-AAAAAAATAWATATWAAAWT	STREME-1	1.0e-005	peak_122	12.07	tp	0
1-AAAAAAATAWATATWAAAWT	STREME-1	1.0e-005	peak_165	12.07	tp	0
1-AAAAAAATAWATATWAAAWT	STREME-1	1.0e-005	peak_329	12.05	tp	0
1-AAAAAAATAWATATWAAAWT	STREME-1	1.0e-005	peak_372	12.04	tp	0
1-AAAAAAATAWATATWAAAWT	STREME-1	1.0e-005	peak_572	12.04	tp	0
1-AAAAAAATAWATATWAAAWT	STREME-1	1.0e-005	peak_87	11.99	tp	0
1-AAAAAAATAWATATWAAAWT	STREME-1	1.0e-005	peak_413	11.96	tp	0
1-AAAAAAATAWATATWAAAWT	STREME-1	1.0e-005	peak_374	11.92	tp	0
1-AAAAAAATAWATATWAAAWT	STREME-1	1.0e-005	peak_565	11.91	tp	0
1-AAAAAAATAWATATWAAAWT	STREME-1	1.0e-005	peak_541	11.91	tp	0
1-AAAAAAATAWATATWAAAWT	STREME-1	1.0e-005	peak_435	11.90	tp	0
1-AAAAAAATAWATATWAAAWT	STREME-1	1.0e-005	peak_23	11.82	tp	0
1-AAAAAAATAWATATWAAAWT	STREME-1	1.0e-005	peak_286	11.81	tp	0
1-AAAAAAATAWATATWAAAWT	STREME-1	1.0e-005	peak_539	11.81	fp	0
1-AAAAAAATAWATATWAAAWT	STREME-1	1.0e-005	peak_383	11.81	tp	0
1-AAAAAAATAWATATWAAAWT	STREME-1	1.0e-005	peak_89	11.80	tp	0
1-AAAAAAATAWATATWAAAWT	STREME-1	1.0e-005	peak_590	11.80	tp	0
1-AAAAAAATAWATATWAAAWT	STREME-1	1.0e-005	peak_79	11.78	tp	0
1-AAAAAAATAWATATWAAAWT	STREME-1	1.0e-005	peak_102	11.74	fp	1
1-AAAAAAATAWATATWAAAWT	STREME-1	1.0e-005	peak_17	11.72	tp	0
1-AAAAAAATAWATATWAAAWT	STREME-1	1.0e-005	peak_292	11.71	tp	0
1-AAAAAAATAWATATWAAAWT	STREME-1	1.0e-005	peak_54	11.70	tp	0
1-AAAAAAATAWATATWAAAWT	STREME-1	1.0e-005	peak_46	11.69	tp	0
1-AAAAAAATAWATATWAAAWT	STREME-1	1.0e-005	peak_320	11.68	tp	0
1-AAAAAAATAWATATWAAAWT	STREME-1	1.0e-005	peak_530	11.66	tp	0
1-AAAAAAATAWATATWAAAWT	STREME-1	1.0e-005	peak_346	11.66	tp	0
1-AAAAAAATAWATATWAAAWT	STREME-1	1.0e-005	peak_289	11.63	tp	0
1-AAAAAAATAWATATWAAAWT	STREME-1	1.0e-005	peak_262	11.62	tp	0
1-AAAAAAATAWATATWAAAWT	STREME-1	1.0e-005	peak_48	11.61	tp	1
1-AAAAAAATAWATATWAAAWT	STREME-1	1.0e-005	peak_287	11.60	tp	0
1-AAAAAAATAWATATWAAAWT	STREME-1	1.0e-005	peak_52	11.56	tp	0
1-AAAAAAATAWATATWAAAWT	STREME-1	1.0e-005	peak_395	11.55	tp	1
1-AAAAAAATAWATATWAAAWT	STREME-1	1.0e-005	peak_179	11.53	tp	1
1-AAAAAAATAWATATWAAAWT	STREME-1	1.0e-005	peak_336	11.49	tp	0
1-AAAAAAATAWATATWAAAWT	STREME-1	1.0e-005	peak_568	11.45	tp	0
1-AAAAAAATAWATATWAAAWT	STREME-1	1.0e-005	peak_614	11.42	tp	0
1-AAAAAAATAWATATWAAAWT	STREME-1	1.0e-005	peak_4	11.42	tp	0
1-AAAAAAATAWATATWAAAWT	STREME-1	1.0e-005	peak_371	11.41	tp	0
1-AAAAAAATAWATATWAAAWT	STREME-1	1.0e-005	peak_42	11.40	tp	1
1-AAAAAAATAWATATWAAAWT	STREME-1	1.0e-005	peak_360	11.39	tp	0
1-AAAAAAATAWATATWAAAWT	STREME-1	1.0e-005	peak_599	11.38	tp	0
1-AAAAAAATAWATATWAAAWT	STREME-1	1.0e-005	peak_80	11.35	tp	0
1-AAAAAAATAWATATWAAAWT	STREME-1	1.0e-005	peak_128	11.34	tp	0
1-AAAAAAATAWATATWAAAWT	STREME-1	1.0e-005	peak_399	11.34	tp	1
1-AAAAAAATAWATATWAAAWT	STREME-1	1.0e-005	peak_604	11.28	tp	0
#
2-AAAATAAAAAM	STREME-2	1.1e-005	peak_473	16.36	tp	0
2-AAAATAAAAAM	STREME-2	1.1e-005	peak_315	16.36	tp	0
2-AAAATAAAAAM	STREME-2	1.1e-005	peak_63	16.36	tp	0
2-AAAATAAAAAM	STREME-2	1.1e-005	peak_520	14.98	tp	0
2-AAAATAAAAAM	STREME-2	1.1e-005	peak_560	14.98	tp	0
2-AAAATAAAAAM	STREME-2	1.1e-005	peak_576	14.98	tp	0
2-AAAATAAAAAM	STREME-2	1.1e-005	peak_262	14.98	tp	0
2-AAAATAAAAAM	STREME-2	1.1e-005	peak_611	14.98	fp	0
2-AAAATAAAAAM	STREME-2	1.1e-005	peak_544	14.61	tp	0
2-AAAATAAAAAM	STREME-2	1.1e-005	peak_88	14.61	tp	0
2-AAAATAAAAAM	STREME-2	1.1e-005	peak_376	14.61	tp	0
2-AAAATAAAAAM	STREME-2	1.1e-005	peak_277	14.55	tp	0
2-AAAATAAAAAM	STREME-2	1.1e-005	peak_434	14.55	tp	0
2-AAAATAAAAAM	STREME-2	1.1e-005	peak_535	14.55	tp	0
2-AAAATAAAAAM	STREME-2	1.1e-005	peak_392	14.55	tp	0
2-AAAATAAAAAM	STREME-2	1.1e-005	peak_31	14.55	tp	0
2-AAAATAAAAAM	STREME-2	1.1e-005	peak_46	14.55	tp	0
2-AAAATAAAAAM	STREME-2	1.1e-005	peak_513	14.52	tp	0
2-AAAATAAAAAM	STREME-2	1.1e-005	peak_536	14.52	fp	0
2-AAAATAAAAAM	STREME-2	1.1e-005	peak_84	14.04	tp	0
2-AAAATAAAAAM	STREME-2	1.1e-005	peak_336	14.04	tp	0
2-AAAATAAAAAM	STREME-2	1.1e-005	peak_437	14.04	tp	0
2-AAAATAAAAAM	STREME-2	1.1e-005	peak_42	14.04	tp	1
2-AAAATAAAAAM	STREME-2	1.1e-005	peak_349	14.01	tp	0
2-AAAATAAAAAM	STREME-2	1.1e-005	peak_302	14.01	fp	0
2-AAAATAAAAAM	STREME-2	1.1e-005	peak_171	13.99	tp	0
2-AAAATAAAAAM	STREME-2	1.1e-005	peak_596	13.99	tp	0
2-AAAATAAAAAM	STREME-2	1.1e-005	peak_21	13.99	tp	0
2-AAAATAAAAAM	STREME-2	1.1e-005	peak_206	13.99	tp	1
2-AAAATAAAAAM	STREME-2	1.1e-005	peak_211	13.98	tp	0
2-AAAATAAAAAM	STREME-2	1.1e-005	peak_38	13.98	tp	0
2-AAAATAAAAAM	STREME-2	1.1e-005	peak_393	13.98	tp	0
2-AAAATAAAAAM	STREME-2	1.1e-005	peak_427	13.98	fp	0
2-AAAATAAAAAM	STREME-2	1.1e-005	peak_323	13.98	tp	1
2-AAAATAAAAAM	STREME-2	1.1e-005	peak_492	13.60	tp	0
2-AAAATAAAAAM	STREME-2	1.1e-005	peak_523	13.60	tp	0
2-AAAATAAAAAM	STREME-2	1.1e-005	peak_592	13.60	tp	0
2-AAAATAAAAAM	STREME-2	1.1e-005	peak_52	13.58	tp	0
2-AAAATAAAAAM	STREME-2	1.1e-005	peak_64	13.23	tp	0
2-AAAATAAAAAM	STREME-2	1.1e-005	peak_382	13.23	tp	0
2-AAAATAAAAAM	STREME-2	1.1e-005	peak_402	13.23	tp	0
2-AAAATAAAAAM	STREME-2	1.1e-005	peak_28	13.23	tp	0
2-AAAATAAAAAM	STREME-2	1.1e-005	peak_362	13.17	tp	0
2-AAAATAAAAAM	STREME-2	1.1e-005	peak_519	13.17	tp	0
2-AAAATAAAAAM	STREME-2	1.1e-005	peak_183	13.17	tp	0
2-AAAATAAAAAM	STREME-2	1.1e-005	peak_133	13.17	tp	0
2-AAAATAAAAAM	STREME-2	1.1e-005	peak_158	12.80	tp	0
2-AAAATAAAAAM	STREME-2	1.1e-005	peak_255	12.80	tp	0
2-AAAATAAAAAM	STREME-2	1.1e-005	peak_599	12.80	tp	0
2-AAAATAAAAAM	STREME-2	1.1e-005	peak_533	12.80	tp	1
2-AAAATAAAAAM	STREME-2	1.1e-005	peak_199	12.77	tp	0
2-AAAATAAAAAM	STREME-2	1.1e-005	peak_359	12.77	tp	0
2-AAAATAAAAAM	STREME-2	1.1e-005	peak_225	12.77	tp	0
2-AAAATAAAAAM	STREME-2	1.1e-005	peak_27	12.77	tp	0
2-AAAATAAAAAM	STREME-2	1.1e-005	peak_126	12.75	tp	0
2-AAAATAAAAAM	STREME-2	1.1e-005	peak_77	12.75	tp	0
2-AAAATAAAAAM	STREME-2	1.1e-005	peak_157	12.75	tp	0
2-AAAATAAAAAM	STREME-2	1.1e-005	peak_56	12.75	tp	0
2-AAAATAAAAAM	STREME-2	1.1e-005	peak_155	12.75	tp	0
2-AAAATAAAAAM	STREME-2	1.1e-005	peak_226	12.75	fp	0
2-AAAATAAAAAM	STREME-2	1.1e-005	peak_569	12.71	tp	0
2-AAAATAAAAAM	STREME-2	1.1e-005	peak_577	12.71	tp	0
2-AAAATAAAAAM	STREME-2	1.1e-005	peak_309	12.71	tp	0
2-AAAATAAAAAM	STREME-2	1.1e-005	peak_366	12.71	fp	0
2-AAAATAAAAAM	STREME-2	1.1e-005	peak_412	12.71	fp	0
2-AAAATAAAAAM	STREME-2	1.1e-005	peak_268	12.71	tp	1
2-AAAATAAAAAM	STREME-2	1.1e-005	peak_395	12.71	tp	1
2-AAAATAAAAAM	STREME-2	1.1e-005	peak_574	12.71	tp	1
2-AAAATAAAAAM	STREME-2	1.1e-005	peak_228	12.66	tp	0
2-AAAATAAAAAM	STREME-2	1.1e-005	peak_93	12.66	tp	0
2-AAAATAAAAAM	STREME-2	1.1e-005	peak_125	12.66	tp	0
2-AAAATAAAAAM	STREME-2	1.1e-005	peak_351	12.66	tp	0
2-AAAATAAAAAM	STREME-2	1.1e-005	peak_336	12.66	fp	0
2-AAAATAAAAAM	STREME-2	1.1e-005	peak_334	12.66	tp	1
2-AAAATAAAAAM	STREME-2	1.1e-005	peak_364	12.65	tp	0
2-AAAATAAAAAM	STREME-2	1.1e-005	peak_405	12.65	fp	0
2-AAAATAAAAAM	STREME-2	1.1e-005	peak_486	12.65	fp	0
2-AAAATAAAAAM	STREME-2	1.1e-005	peak_265	12.61	tp	0
2-AAAATAAAAAM	STREME-2	1.1e-005	peak_11	12.61	tp	0
2-AAAATAAAAAM	STREME-2	1.1e-005	peak_119	12.61	tp	0
2-AAAATAAAAAM	STREME-2	1.1e-005	peak_446	12.61	tp	0
2-AAAATAAAAAM	STREME-2	1.1e-005	peak_243	12.61	tp	0
2-AAAATAAAAAM	STREME-2	1.1e-005	peak_136	12.61	tp	0
2-AAAATAAAAAM	STREME-2	1.1e-005	peak_227	12.61	tp	0
2-AAAATAAAAAM	STREME-2	1.1e-005	peak_59	12.61	tp	0
2-AAAATAAAAAM	STREME-2	1.1e-005	peak_515	12.61	tp	0
2-AAAATAAAAAM	STREME-2	1.1e-005	peak_286	12.61	tp	0
2-AAAATAAAAAM	STREME-2	1.1e-005	peak_607	12.61	tp	0
2-AAAATAAAAAM	STREME-2	1.1e-005	peak_581	12.61	tp	0
2-AAAATAAAAAM	STREME-2	1.1e-005	peak_45	12.54	tp	0
2-AAAATAAAAAM	STREME-2	1.1e-005	peak_291	12.54	tp	0
2-AAAATAAAAAM	STREME-2	1.1e-005	peak_442	12.54	tp	0
2-AAAATAAAAAM	STREME-2	1.1e-005	peak_153	12.54	fp	0
2-AAAATAAAAAM	STREME-2	1.1e-005	peak_331	12.54	tp	1
2-AAAATAAAAAM	STREME-2	1.1e-005	peak_96	12.26	tp	0
2-AAAATAAAAAM	STREME-2	1.1e-005	peak_308	12.26	tp	0
2-AAAATAAAAAM	STREME-2	1.1e-005	peak_257	12.26	tp	0
2-AAAATAAAAAM	STREME-2	1.1e-005	peak_486	12.26	tp	0
2-AAAATAAAAAM	STREME-2	1.1e-005	peak_414	12.26	tp	0
2-AAAATAAAAAM	STREME-2	1.1e-005	peak_423	12.24	tp	0
2-AAAATAAAAAM	STREME-2	1.1e-005	peak_147	12.23	tp	0
2-AAAATAAAAAM	STREME-2	1.1e-005	peak_466	12.22	tp	1
2-AAAATAAAAAM	STREME-2	1.1e-005	peak_25	12.21	tp	0
2-AAAATAAAAAM	STREME-2	1.1e-005	peak_2	12.21	tp	0
2-AAAATAAAAAM	STREME-2	1.1e-005	peak_406	12.21	fp	0
2-AAAATAAAAAM	STREME-2	1.1e-005	peak_550	12.20	tp	0
2-AAAATAAAAAM	STREME-2	1.1e-005	peak_201	12.20	tp	0
2-AAAATAAAAAM	STREME-2	1.1e-005	peak_173	12.20	tp	0
2-AAAATAAAAAM	STREME-2	1.1e-005	peak_410	12.20	tp	0
2-AAAATAAAAAM	STREME-2	1.1e-005	peak_516	12.20	tp	0
2-AAAATAAAAAM	STREME-2	1.1e-005	peak_162	12.20	tp	0
2-AAAATAAAAAM	STREME-2	1.1e-005	peak_276	12.20	tp	0
2-AAAATAAAAAM	STREME-2	1.1e-005	peak_403	12.20	tp	0
2-AAAATAAAAAM	STREME-2	1.1e-005	peak_269	12.20	tp	0
2-AAAATAAAAAM	STREME-2	1.1e-005	peak_36	12.20	tp	0
2-AAAATAAAAAM	STREME-2	1.1e-005	peak_282	12.20	tp	0
2-AAAATAAAAAM	STREME-2	1.1e-005	peak_454	12.20	fp	0
2-AAAATAAAAAM	STREME-2	1.1e-005	peak_380	12.20	fp	0
2-AAAATAAAAAM	STREME-2	1.1e-005	peak_153	12.20	tp	1
2-AAAATAAAAAM	STREME-2	1.1e-005	peak_151	12.19	tp	0
2-AAAATAAAAAM	STREME-2	1.1e-005	peak_57	12.18	tp	0
2-AAAATAAAAAM	STREME-2	1.1e-005	peak_73	12.14	tp	0
2-AAAATAAAAAM	STREME-2	1.1e-005	peak_23	12.14	tp	0
2-AAAATAAAAAM	STREME-2	1.1e-005	peak_284	12.14	tp	0
2-AAAATAAAAAM	STREME-2	1.1e-005	peak_13	12.14	tp	0
2-AAAATAAAAAM	STREME-2	1.1e-005	peak_488	12.14	tp	0
2-AAAATAAAAAM	STREME-2	1.1e-005	peak_420	12.14	tp	0
2-AAAATAAAAAM	STREME-2	1.1e-005	peak_76	12.14	tp	0
2-AAAATAAAAAM	STREME-2	1.1e-005	peak_306	12.14	tp	0
2-AAAATAAAAAM	STREME-2	1.1e-005	peak_454	12.14	tp	1
2-AAAATAAAAAM	STREME-2	1.1e-005	peak_468	12.14	tp	0
2-AAAATAAAAAM	STREME-2	1.1e-005	peak_280	11.79	tp	0
2-AAAATAAAAAM	STREME-2	1.1e-005	peak_369	11.78	tp	0
2-AAAATAAAAAM	STREME-2	1.1e-005	peak_538	11.78	tp	0
2-AAAATAAAAAM	STREME-2	1.1e-005	peak_219	11.76	tp	0
2-AAAATAAAAAM	STREME-2	1.1e-005	peak_164	11.76	tp	0
2-AAAATAAAAAM	STREME-2	1.1e-005	peak_389	11.76	tp	0
2-AAAATAAAAAM	STREME-2	1.1e-005	peak_202	11.76	tp	0
2-AAAATAAAAAM	STREME-2	1.1e-005	peak_4	11.76	tp	0
2-AAAATAAAAAM	STREME-2	1.1e-005	peak_279	11.76	fp	0
2-AAAATAAAAAM	STREME-2	1.1e-005	peak_341	11.76	tp	1
2-AAAATAAAAAM	STREME-2	1.1e-005	peak_267	11.74	tp	0
2-AAAATAAAAAM	STREME-2	1.1e-005	peak_456	11.74	fp	0
2-AAAATAAAAAM	STREME-2	1.1e-005	peak_314	11.70	tp	0
2-AAAATAAAAAM	STREME-2	1.1e-005	peak_530	11.70	tp	0
2-AAAATAAAAAM	STREME-2	1.1e-005	peak_378	11.70	fp	0
2-AAAATAAAAAM	STREME-2	1.1e-005	peak_431	11.67	tp	0
2-AAAATAAAAAM	STREME-2	1.1e-005	peak_429	11.67	fp	0
2-AAAATAAAAAM	STREME-2	1.1e-005	peak_107	11.67	fp	0
2-AAAATAAAAAM	STREME-2	1.1e-005	peak_561	11.65	tp	0
2-AAAATAAAAAM	STREME-2	1.1e-005	peak_123	11.65	tp	0
2-AAAATAAAAAM	STREME-2	1.1e-005	peak_324	11.65	tp	0
2-AAAATAAAAAM	STREME-2	1.1e-005	peak_355	11.65	tp	0
2-AAAATAAAAAM	STREME-2	1.1e-005	peak_235	11.65	tp	0
2-AAAATAAAAAM	STREME-2	1.1e-005	peak_290	11.64	tp	0
2-AAAATAAAAAM	STREME-2	1.1e-005	peak_145	11.64	tp	0
2-AAAATAAAAAM	STREME-2	1.1e-005	peak_371	11.64	fp	0
2-AAAATAAAAAM	STREME-2	1.1e-005	peak_330	11.62	tp	0
2-AAAATAAAAAM	STREME-2	1.1e-005	peak_356	11.62	tp	0
2-AAAATAAAAAM	STREME-2	1.1e-005	peak_525	11.62	tp	0
2-AAAATAAAAAM	STREME-2	1.1e-005	peak_3	11.42	fp	0
2-AAAATAAAAAM	STREME-2	1.1e-005	peak_394	11.39	tp	0
2-AAAATAAAAAM	STREME-2	1.1e-005	peak_1	11.39	tp	0
2-AAAATAAAAAM	STREME-2	1.1e-005	peak_316	11.39	fp	0
2-AAAATAAAAAM	STREME-2	1.1e-005	peak_296	11.37	tp	0
2-AAAATAAAAAM	STREME-2	1.1e-005	peak_37	11.37	tp	0
2-AAAATAAAAAM	STREME-2	1.1e-005	peak_67	11.37	tp	0
2-AAAATAAAAAM	STREME-2	1.1e-005	peak_360	11.37	fp	0
2-AAAATAAAAAM	STREME-2	1.1e-005	peak_559	11.37	tp	1
2-AAAATAAAAAM	STREME-2	1.1e-005	peak_541	11.28	tp	0
2-AAAATAAAAAM	STREME-2	1.1e-005	peak_566	11.28	tp	0
2-AAAATAAAAAM	STREME-2	1.1e-005	peak_180	11.27	tp	0
2-AAAATAAAAAM	STREME-2	1.1e-005	peak_62	11.27	tp	0
2-AAAATAAAAAM	STREME-2	1.1e-005	peak_348	11.27	tp	0
2-AAAATAAAAAM	STREME-2	1.1e-005	peak_344	11.27	tp	0
2-AAAATAAAAAM	STREME-2	1.1e-005	peak_452	11.22	tp	0
2-AAAATAAAAAM	STREME-2	1.1e-005	peak_39	11.22	tp	0
2-AAAATAAAAAM	STREME-2	1.1e-005	peak_68	11.21	tp	0
2-AAAATAAAAAM	STREME-2	1.1e-005	peak_470	11.21	tp	0
2-AAAATAAAAAM	STREME-2	1.1e-005	peak_366	11.16	tp	0
2-AAAATAAAAAM	STREME-2	1.1e-005	peak_256	11.16	fp	0
2-AAAATAAAAAM	STREME-2	1.1e-005	peak_547	11.02	tp	0
2-AAAATAAAAAM	STREME-2	1.1e-005	peak_438	11.02	tp	0
2-AAAATAAAAAM	STREME-2	1.1e-005	peak_43	11.02	tp	0
2-AAAATAAAAAM	STREME-2	1.1e-005	peak_552	10.97	tp	0
2-AAAATAAAAAM	STREME-2	1.1e-005	peak_86	10.97	fp	0
2-AAAATAAAAAM	STREME-2	1.1e-005	peak_287	10.96	tp	0
2-AAAATAAAAAM	STREME-2	1.1e-005	peak_608	10.93	tp	0
2-AAAATAAAAAM	STREME-2	1.1e-005	peak_425	10.93	tp	0
2-AAAATAAAAAM	STREME-2	1.1e-005	peak_163	10.93	tp	0
2-AAAATAAAAAM	STREME-2	1.1e-005	peak_325	10.93	tp	0
2-AAAATAAAAAM	STREME-2	1.1e-005	peak_326	10.91	tp	0
2-AAAATAAAAAM	STREME-2	1.1e-005	peak_222	10.91	tp	0
2-AAAATAAAAAM	STREME-2	1.1e-005	peak_103	10.90	tp	0
2-AAAATAAAAAM	STREME-2	1.1e-005	peak_605	10.90	fp	0
2-AAAATAAAAAM	STREME-2	1.1e-005	peak_210	10.88	tp	0
2-AAAATAAAAAM	STREME-2	1.1e-005	peak_318	10.88	tp	0
2-AAAATAAAAAM	STREME-2	1.1e-005	peak_396	10.88	tp	0
2-AAAATAAAAAM	STREME-2	1.1e-005	peak_234	10.88	tp	1
2-AAAATAAAAAM	STREME-2	1.1e-005	peak_405	10.86	tp	0
2-AAAATAAAAAM	STREME-2	1.1e-005	peak_178	10.86	tp	0
2-AAAATAAAAAM	STREME-2	1.1e-005	peak_580	10.86	tp	0
2-AAAATAAAAAM	STREME-2	1.1e-005	peak_421	10.86	tp	0
2-AAAATAAAAAM	STREME-2	1.1e-005	peak_347	10.86	tp	0
2-AAAATAAAAAM	STREME-2	1.1e-005	peak_270	10.85	tp	0
#
3-GCAGCAGC	STREME-3	1.3e-005	peak_120	15.22	tp	0
3-GCAGCAGC	STREME-3	1.3e-005	peak_113	15.22	tp	0
3-GCAGCAGC	STREME-3	1.3e-005	peak_254	15.22	tp	0
3-GCAGCAGC	STREME-3	1.3e-005	peak_93	15.22	tp	0
3-GCAGCAGC	STREME-3	1.3e-005	peak_201	15.22	tp	0
3-GCAGCAGC	STREME-3	1.3e-005	peak_364	15.22	tp	0
3-GCAGCAGC	STREME-3	1.3e-005	peak_66	15.22	tp	0
3-GCAGCAGC	STREME-3	1.3e-005	peak_498	15.22	tp	0
3-GCAGCAGC	STREME-3	1.3e-005	peak_558	15.22	tp	0
3-GCAGCAGC	STREME-3	1.3e-005	peak_272	15.22	tp	0
3-GCAGCAGC	STREME-3	1.3e-005	peak_34	15.22	tp	0
3-GCAGCAGC	STREME-3	1.3e-005	peak_263	15.22	tp	0
3-GCAGCAGC	STREME-3	1.3e-005	peak_506	15.22	tp	0
3-GCAGCAGC	STREME-3	1.3e-005	peak_495	15.22	tp	0
3-GCAGCAGC	STREME-3	1.3e-005	peak_286	15.22	tp	0
3-GCAGCAGC	STREME-3	1.3e-005	peak_490	15.22	tp	0
3-GCAGCAGC	STREME-3	1.3e-005	peak_600	14.61	tp	0
3-GCAGCAGC	STREME-3	1.3e-005	peak_195	14.61	tp	0
3-GCAGCAGC	STREME-3	1.3e-005	peak_216	14.61	tp	0
3-GCAGCAGC	STREME-3	1.3e-005	peak_295	14.61	tp	0
3-GCAGCAGC	STREME-3	1.3e-005	peak_505	14.61	tp	0
3-GCAGCAGC	STREME-3	1.3e-005	peak_463	14.61	tp	0
3-GCAGCAGC	STREME-3	1.3e-005	peak_99	14.61	tp	0
3-GCAGCAGC	STREME-3	1.3e-005	peak_309	14.61	tp	0
3-GCAGCAGC	STREME-3	1.3e-005	peak_115	14.61	tp	0
3-GCAGCAGC	STREME-3	1.3e-005	peak_71	14.61	tp	0
3-GCAGCAGC	STREME-3	1.3e-005	peak_521	14.61	tp	0
3-GCAGCAGC	STREME-3	1.3e-005	peak_357	14.61	fp	0
3-GCAGCAGC	STREME-3	1.3e-005	peak_191	14.61	fp	0
3-GCAGCAGC	STREME-3	1.3e-005	peak_399	14.61	tp	1
3-GCAGCAGC	STREME-3	1.3e-005	peak_597	14.59	tp	0
3-GCAGCAGC	STREME-3	1.3e-005	peak_297	14.59	tp	0
3-GCAGCAGC	STREME-3	1.3e-005	peak_441	14.59	tp	0
3-GCAGCAGC	STREME-3	1.3e-005	peak_121	14.59	tp	0
3-GCAGCAGC	STREME-3	1.3e-005	peak_509	14.59	tp	0
3-GCAGCAGC	STREME-3	1.3e-005	peak_496	14.59	tp	0
3-GCAGCAGC	STREME-3	1.3e-005	peak_219	14.59	tp	0
3-GCAGCAGC	STREME-3	1.3e-005	peak_40	14.59	tp	0
3-GCAGCAGC	STREME-3	1.3e-005	peak_527	14.59	tp	0
3-GCAGCAGC	STREME-3	1.3e-005	peak_451	14.59	tp	0
3-GCAGCAGC	STREME-3	1.3e-005	peak_426	14.59	tp	0
3-GCAGCAGC	STREME-3	1.3e-005	peak_250	14.59	fp	0
3-GCAGCAGC	STREME-3	1.3e-005	peak_494	14.59	fp	0
3-GCAGCAGC	STREME-3	1.3e-005	peak_422	14.59	fp	0
3-GCAGCAGC	STREME-3	1.3e-005	peak_513	13.98	tp	0
3-GCAGCAGC	STREME-3	1.3e-005	peak_205	13.98	tp	0
3-GCAGCAGC	STREME-3	1.3e-005	peak_35	13.98	tp	0
3-GCAGCAGC	STREME-3	1.3e-005	peak_163	13.98	tp	0
3-GCAGCAGC	STREME-3	1.3e-005	peak_29	13.98	tp	0
3-GCAGCAGC	STREME-3	1.3e-005	peak_514	13.98	tp	0
3-GCAGCAGC	STREME-3	1.3e-005	peak_525	13.98	tp	0
3-GCAGCAGC	STREME-3	1.3e-005	peak_130	13.98	tp	0
3-GCAGCAGC	STREME-3	1.3e-005	peak_182	13.98	tp	0
3-GCAGCAGC	STREME-3	1.3e-005	peak_344	13.98	tp	0
3-GCAGCAGC	STREME-3	1.3e-005	peak_499	13.98	tp	0
3-GCAGCAGC	STREME-3	1.3e-005	peak_598	13.98	fp	0
3-GCAGCAGC	STREME-3	1.3e-005	peak_603	13.98	fp	0
3-GCAGCAGC	STREME-3	1.3e-005	peak_575	13.00	tp	0
3-GCAGCAGC	STREME-3	1.3e-005	peak_408	13.00	tp	0
3-GCAGCAGC	STREME-3	1.3e-005	peak_1	13.00	tp	0
3-GCAGCAGC	STREME-3	1.3e-005	peak_237	13.00	tp	0
3-GCAGCAGC	STREME-3	1.3e-005	peak_336	13.00	tp	0
3-GCAGCAGC	STREME-3	1.3e-005	peak_396	13.00	tp	0
3-GCAGCAGC	STREME-3	1.3e-005	peak_229	13.00	fp	0
3-GCAGCAGC	STREME-3	1.3e-005	peak_571	13.00	fp	0
3-GCAGCAGC	STREME-3	1.3e-005	peak_521	13.00	fp	0
3-GCAGCAGC	STREME-3	1.3e-005	peak_587	13.00	fp	0
3-GCAGCAGC	STREME-3	1.3e-005	peak_609	12.46	tp	0
3-GCAGCAGC	STREME-3	1.3e-005	peak_9	12.46	tp	0
3-GCAGCAGC	STREME-3	1.3e-005	peak_198	12.46	tp	0
3-GCAGCAGC	STREME-3	1.3e-005	peak_407	12.46	tp	0
3-GCAGCAGC	STREME-3	1.3e-005	peak_51	12.46	tp	0
3-GCAGCAGC	STREME-3	1.3e-005	peak_87	12.46	tp	0
3-GCAGCAGC	STREME-3	1.3e-005	peak_227	12.46	tp	0
3-GCAGCAGC	STREME-3	1.3e-005	peak_410	12.46	tp	0
3-GCAGCAGC	STREME-3	1.3e-005	peak_78	12.46	tp	0
3-GCAGCAGC	STREME-3	1.3e-005	peak_264	12.46	tp	0
3-GCAGCAGC	STREME-3	1.3e-005	peak_412	12.46	tp	0
3-GCAGCAGC	STREME-3	1.3e-005	peak_56	12.46	tp	0
3-GCAGCAGC	STREME-3	1.3e-005	peak_139	12.46	tp	0
3-GCAGCAGC	STREME-3	1.3e-005	peak_260	12.46	tp	0
3-GCAGCAGC	STREME-3	1.3e-005	peak_67	12.46	tp	0
3-GCAGCAGC	STREME-3	1.3e-005	peak_612	12.46	tp	0
3-GCAGCAGC	STREME-3	1.3e-005	peak_58	12.46	tp	0
3-GCAGCAGC	STREME-3	1.3e-005	peak_140	12.46	tp	0
3-GCAGCAGC	STREME-3	1.3e-005	peak_75	12.46	tp	0
3-GCAGCAGC	STREME-3	1.3e-005	peak_67	12.46	fp	0
3-GCAGCAGC	STREME-3	1.3e-005	peak_94	12.46	tp	1
3-GCAGCAGC	STREME-3	1.3e-005	peak_574	12.46	tp	1
3-GCAGCAGC	STREME-3	1.3e-005	peak_77	12.39	tp	0
3-GCAGCAGC	STREME-3	1.3e-005	peak_482	12.39	fp	0
3-GCAGCAGC	STREME-3	1.3e-005	peak_457	12.39	fp	0
3-GCAGCAGC	STREME-3	1.3e-005	peak_278	12.33	tp	0
3-GCAGCAGC	STREME-3	1.3e-005	peak_73	12.33	tp	0
3-GCAGCAGC	STREME-3	1.3e-005	peak_508	12.33	tp	0
3-GCAGCAGC	STREME-3	1.3e-005	peak_587	12.33	tp	0
3-GCAGCAGC	STREME-3	1.3e-005	peak_229	12.33	tp	0
3-GCAGCAGC	STREME-3	1.3e-005	peak_481	12.33	tp	0
3-GCAGCAGC	STREME-3	1.3e-005	peak_374	12.33	tp	0
3-GCAGCAGC	STREME-3	1.3e-005	peak_570	12.33	fp	0
3-GCAGCAGC	STREME-3	1.3e-005	peak_431	12.33	fp	0
3-GCAGCAGC	STREME-3	1.3e-005	peak_63	12.20	tp	0
3-GCAGCAGC	STREME-3	1.3e-005	peak_88	12.20	tp	0
3-GCAGCAGC	STREME-3	1.3e-005	peak_352	12.20	tp	0
3-GCAGCAGC	STREME-3	1.3e-005	peak_226	12.20	fp	0
3-GCAGCAGC	STREME-3	1.3e-005	peak_184	12.20	fp	1
3-GCAGCAGC	STREME-3	1.3e-005	peak_96	12.11	tp	0
3-GCAGCAGC	STREME-3	1.3e-005	peak_586	12.11	tp	0
3-GCAGCAGC	STREME-3	1.3e-005	peak_591	12.11	tp	0
3-GCAGCAGC	STREME-3	1.3e-005	peak_305	12.11	tp	0
3-GCAGCAGC	STREME-3	1.3e-005	peak_133	12.11	tp	0
3-GCAGCAGC	STREME-3	1.3e-005	peak_18	12.11	tp	0
3-GCAGCAGC	STREME-3	1.3e-005	peak_446	12.11	tp	0
3-GCAGCAGC	STREME-3	1.3e-005	peak_105	12.11	tp	0
3-GCAGCAGC	STREME-3	1.3e-005	peak_563	12.11	fp	0
3-GCAGCAGC	STREME-3	1.3e-005	peak_501	12.11	fp	0
3-GCAGCAGC	STREME-3	1.3e-005	peak_531	12.11	tp	1
3-GCAGCAGC	STREME-3	1.3e-005	peak_262	12.11	fp	1
3-GCAGCAGC	STREME-3	1.3e-005	peak_175	11.85	tp	0
3-GCAGCAGC	STREME-3	1.3e-005	peak_233	11.85	tp	0
3-GCAGCAGC	STREME-3	1.3e-005	peak_242	11.85	tp	0
3-GCAGCAGC	STREME-3	1.3e-005	peak_173	11.85	tp	0
3-GCAGCAGC	STREME-3	1.3e-005	peak_247	11.85	tp	0
3-GCAGCAGC	STREME-3	1.3e-005	peak_422	11.85	tp	0
3-GCAGCAGC	STREME-3	1.3e-005	peak_37	11.85	fp	0
3-GCAGCAGC	STREME-3	1.3e-005	peak_173	11.85	fp	0
3-GCAGCAGC	STREME-3	1.3e-005	peak_328	11.85	tp	1
3-GCAGCAGC	STREME-3	1.3e-005	peak_41	11.85	tp	1
3-GCAGCAGC	STREME-3	1.3e-005	peak_606	11.82	tp	0
3-GCAGCAGC	STREME-3	1.3e-005	peak_550	11.82	tp	0
3-GCAGCAGC	STREME-3	1.3e-005	peak_251	11.82	tp	0
3-GCAGCAGC	STREME-3	1.3e-005	peak_324	11.82	tp	0
3-GCAGCAGC	STREME-3	1.3e-005	peak_155	11.82	tp	0
3-GCAGCAGC	STREME-3	1.3e-005	peak_610	11.82	fp	0
3-GCAGCAGC	STREME-3	1.3e-005	peak_64	11.82	fp	0
3-GCAGCAGC	STREME-3	1.3e-005	peak_135	11.82	fp	0
3-GCAGCAGC	STREME-3	1.3e-005	peak_411	11.82	fp	0
3-GCAGCAGC	STREME-3	1.3e-005	peak_23	11.82	fp	0
3-GCAGCAGC	STREME-3	1.3e-005	peak_296	11.66	tp	0
3-GCAGCAGC	STREME-3	1.3e-005	peak_448	11.66	tp	0
3-GCAGCAGC	STREME-3	1.3e-005	peak_2	11.66	tp	0
3-GCAGCAGC	STREME-3	1.3e-005	peak_47	11.66	tp	0
3-GCAGCAGC	STREME-3	1.3e-005	peak_437	11.66	tp	0
3-GCAGCAGC	STREME-3	1.3e-005	peak_166	11.66	tp	0
3-GCAGCAGC	STREME-3	1.3e-005	peak_212	11.66	tp	0
3-GCAGCAGC	STREME-3	1.3e-005	peak_517	11.66	fp	0
3-GCAGCAGC	STREME-3	1.3e-005	peak_23	11.59	tp	0
3-GCAGCAGC	STREME-3	1.3e-005	peak_275	11.59	tp	0
3-GCAGCAGC	STREME-3	1.3e-005	peak_27	11.59	tp	0
3-GCAGCAGC	STREME-3	1.3e-005	peak_211	11.59	tp	0
3-GCAGCAGC	STREME-3	1.3e-005	peak_384	11.59	tp	0
3-GCAGCAGC	STREME-3	1.3e-005	peak_184	11.59	tp	0
3-GCAGCAGC	STREME-3	1.3e-005	peak_177	11.59	tp	0
3-GCAGCAGC	STREME-3	1.3e-005	peak_571	11.59	tp	1
3-GCAGCAGC	STREME-3	1.3e-005	peak_72	11.57	tp	0
3-GCAGCAGC	STREME-3	1.3e-005	peak_95	11.57	tp	0
3-GCAGCAGC	STREME-3	1.3e-005	peak_265	11.57	tp	0
3-GCAGCAGC	STREME-3	1.3e-005	peak_60	11.57	tp	0
3-GCAGCAGC	STREME-3	1.3e-005	peak_282	11.57	tp	0
3-GCAGCAGC	STREME-3	1.3e-005	peak_185	11.57	fp	0
3-GCAGCAGC	STREME-3	1.3e-005	peak_70	11.50	tp	0
3-GCAGCAGC	STREME-3	1.3e-005	peak_292	11.50	tp	0
3-GCAGCAGC	STREME-3	1.3e-005	peak_394	11.50	tp	0
3-GCAGCAGC	STREME-3	1.3e-005	peak_579	11.50	tp	0
3-GCAGCAGC	STREME-3	1.3e-005	peak_240	11.50	tp	0
3-GCAGCAGC	STREME-3	1.3e-005	peak_146	11.50	tp	1
3-GCAGCAGC	STREME-3	1.3e-005	peak_326	11.47	tp	0
3-GCAGCAGC	STREME-3	1.3e-005	peak_81	11.47	tp	0
3-GCAGCAGC	STREME-3	1.3e-005	peak_174	11.47	tp	0
3-GCAGCAGC	STREME-3	1.3e-005	peak_519	11.47	tp	0
3-GCAGCAGC	STREME-3	1.3e-005	peak_379	11.47	tp	0
3-GCAGCAGC	STREME-3	1.3e-005	peak_600	11.47	fp	0
3-GCAGCAGC	STREME-3	1.3e-005	peak_484	11.47	fp	0
3-GCAGCAGC	STREME-3	1.3e-005	peak_469	11.47	fp	0
3-GCAGCAGC	STREME-3	1.3e-005	peak_503	11.21	tp	0
3-GCAGCAGC	STREME-3	1.3e-005	peak_486	11.21	tp	0
3-GCAGCAGC	STREME-3	1.3e-005	peak_311	11.21	tp	0
3-GCAGCAGC	STREME-3	1.3e-005	peak_135	11.21	tp	1
3-GCAGCAGC	STREME-3	1.3e-005	peak_259	11.05	tp	0
3-GCAGCAGC	STREME-3	1.3e-005	peak_152	11.05	tp	0
3-GCAGCAGC	STREME-3	1.3e-005	peak_607	11.05	tp	0
3-GCAGCAGC	STREME-3	1.3e-005	peak_598	11.05	tp	0
3-GCAGCAGC	STREME-3	1.3e-005	peak_380	11.05	fp	0
3-GCAGCAGC	STREME-3	1.3e-005	peak_277	11.02	tp	0
3-GCAGCAGC	STREME-3	1.3e-005	peak_131	11.02	tp	0
3-GCAGCAGC	STREME-3	1.3e-005	peak_443	11.02	tp	0
3-GCAGCAGC	STREME-3	1.3e-005	peak_109	11.02	fp	0
3-GCAGCAGC	STREME-3	1.3e-005	peak_114	11.02	fp	0
3-GCAGCAGC	STREME-3	1.3e-005	peak_524	11.02	tp	1
3-GCAGCAGC	STREME-3	1.3e-005	peak_290	10.96	tp	0
3-GCAGCAGC	STREME-3	1.3e-005	peak_390	10.96	tp	0
3-GCAGCAGC	STREME-3	1.3e-005	peak_420	10.96	tp	0
3-GCAGCAGC	STREME-3	1.3e-005	peak_223	10.96	tp	1
3-GCAGCAGC	STREME-3	1.3e-005	peak_392	10.86	tp	0
3-GCAGCAGC	STREME-3	1.3e-005	peak_162	10.86	fp	0
3-GCAGCAGC	STREME-3	1.3e-005	peak_404	10.73	tp	0
3-GCAGCAGC	STREME-3	1.3e-005	peak_545	10.73	fp	0
3-GCAGCAGC	STREME-3	1.3e-005	peak_433	10.73	fp	0
3-GCAGCAGC	STREME-3	1.3e-005	peak_381	10.73	fp	0
3-GCAGCAGC	STREME-3	1.3e-005	peak_511	10.67	tp	0
3-GCAGCAGC	STREME-3	1.3e-005	peak_411	10.67	tp	0
3-GCAGCAGC	STREME-3	1.3e-005	peak_193	10.67	tp	0
3-GCAGCAGC	STREME-3	1.3e-005	peak_417	10.67	tp	0
3-GCAGCAGC	STREME-3	1.3e-005	peak_183	10.67	tp	0
3-GCAGCAGC	STREME-3	1.3e-005	peak_380	10.67	tp	0
3-GCAGCAGC	STREME-3	1.3e-005	peak_334	10.67	tp	1
3-GCAGCAGC	STREME-3	1.3e-005	peak_408	10.67	fp	1
3-GCAGCAGC	STREME-3	1.3e-005	peak_97	10.60	tp	0
3-GCAGCAGC	STREME-3	1.3e-005	peak_494	10.60	tp	0
3-GCAGCAGC	STREME-3	1.3e-005	peak_284	10.60	tp	0
3-GCAGCAGC	STREME-3	1.3e-005	peak_187	10.60	tp	0
3-GCAGCAGC	STREME-3	1.3e-005	peak_523	10.60	tp	0
3-GCAGCAGC	STREME-3	1.3e-005	peak_200	10.60	tp	0
3-GCAGCAGC	STREME-3	1.3e-005	peak_270	10.60	tp	0
3-GCAGCAGC	STREME-3	1.3e-005	peak_509	10.60	fp	0
3-GCAGCAGC	STREME-3	1.3e-005	peak_413	10.60	fp	0
3-GCAGCAGC	STREME-3	1.3e-005	peak_460	10.41	tp	0
3-GCAGCAGC	STREME-3	1.3e-005	peak_306	10.41	tp	0
3-GCAGCAGC	STREME-3	1.3e-005	peak_52	10.23	tp	0
3-GCAGCAGC	STREME-3	1.3e-005	peak_221	10.23	tp	0
3-GCAGCAGC	STREME-3	1.3e-005	peak_274	10.23	tp	0
3-GCAGCAGC	STREME-3	1.3e-005	peak_480	10.23	tp	0
3-GCAGCAGC	STREME-3	1.3e-005	peak_462	10.23	fp	0
3-GCAGCAGC	STREME-3	1.3e-005	peak_230	10.23	fp	0
3-GCAGCAGC	STREME-3	1.3e-005	peak_216	10.12	fp	0
3-GCAGCAGC	STREME-3	1.3e-005	peak_339	10.12	fp	0
3-GCAGCAGC	STREME-3	1.3e-005	peak_572	10.12	tp	0
3-GCAGCAGC	STREME-3	1.3e-005	peak_415	10.12	tp	0
3-GCAGCAGC	STREME-3	1.3e-005	peak_21	10.12	tp	0
3-GCAGCAGC	STREME-3	1.3e-005	peak_313	10.12	tp	0
3-GCAGCAGC	STREME-3	1.3e-005	peak_343	10.12	tp	0
3-GCAGCAGC	STREME-3	1.3e-005	peak_556	10.12	tp	0
3-GCAGCAGC	STREME-3	1.3e-005	peak_92	10.12	fp	0
3-GCAGCAGC	STREME-3	1.3e-005	peak_313	10.12	fp	0
3-GCAGCAGC	STREME-3	1.3e-005	peak_432	10.12	fp	0
3-GCAGCAGC	STREME-3	1.3e-005	peak_45	10.12	fp	0
3-GCAGCAGC	STREME-3	1.3e-005	peak_432	10.10	tp	0
3-GCAGCAGC	STREME-3	1.3e-005	peak_369	10.10	tp	0
3-GCAGCAGC	STREME-3	1.3e-005	peak_330	10.10	tp	0
3-GCAGCAGC	STREME-3	1.3e-005	peak_238	10.10	tp	0
3-GCAGCAGC	STREME-3	1.3e-005	peak_79	10.10	tp	0
3-GCAGCAGC	STREME-3	1.3e-005	peak_261	10.10	tp	0
3-GCAGCAGC	STREME-3	1.3e-005	peak_42	10.10	tp	1
3-GCAGCAGC	STREME-3	1.3e-005	peak_287	10.06	tp	0
3-GCAGCAGC	STREME-3	1.3e-005	peak_515	10.06	tp	0
3-GCAGCAGC	STREME-3	1.3e-005	peak_92	10.06	tp	0
3-GCAGCAGC	STREME-3	1.3e-005	peak_599	10.06	tp	0
3-GCAGCAGC	STREME-3	1.3e-005	peak_595	10.03	tp	0
3-GCAGCAGC	STREME-3	1.3e-005	peak_164	10.03	tp	0
3-GCAGCAGC	STREME-3	1.3e-005	peak_31	10.03	tp	0
3-GCAGCAGC	STREME-3	1.3e-005	peak_428	10.03	fp	0
3-GCAGCAGC	STREME-3	1.3e-005	peak_368	10.00	tp	0
3-GCAGCAGC	STREME-3	1.3e-005	peak_283	10.00	tp	0
3-GCAGCAGC	STREME-3	1.3e-005	peak_167	10.00	tp	0
3-GCAGCAGC	STREME-3	1.3e-005	peak_342	10.00	tp	0
3-GCAGCAGC	STREME-3	1.3e-005	peak_602	10.00	tp	0
3-GCAGCAGC	STREME-3	1.3e-005	peak_542	10.00	tp	0
3-GCAGCAGC	STREME-3	1.3e-005	peak_358	10.00	tp	0
3-GCAGCAGC	STREME-3	1.3e-005	peak_152	10.00	fp	0
3-GCAGCAGC	STREME-3	1.3e-005	peak_33	10.00	fp	0
3-GCAGCAGC	STREME-3	1.3e-005	peak_214	10.00	fp	0
3-GCAGCAGC	STREME-3	1.3e-005	peak_425	10.00	fp	0
3-GCAGCAGC	STREME-3	1.3e-005	peak_153	10.00	tp	1
3-GCAGCAGC	STREME-3	1.3e-005	peak_613	10.00	tp	1
3-GCAGCAGC	STREME-3	1.3e-005	peak_49	10.00	tp	1
3-GCAGCAGC	STREME-3	1.3e-005	peak_196	9.99	tp	0
3-GCAGCAGC	STREME-3	1.3e-005	peak_124	9.98	tp	0
3-GCAGCAGC	STREME-3	1.3e-005	peak_100	9.97	tp	0
3-GCAGCAGC	STREME-3	1.3e-005	peak_554	9.88	tp	0
3-GCAGCAGC	STREME-3	1.3e-005	peak_397	9.88	tp	0
3-GCAGCAGC	STREME-3	1.3e-005	peak_285	9.88	tp	0
3-GCAGCAGC	STREME-3	1.3e-005	peak_132	9.88	tp	0
3-GCAGCAGC	STREME-3	1.3e-005	peak_580	9.88	tp	0
3-GCAGCAGC	STREME-3	1.3e-005	peak_185	9.88	tp	0
3-GCAGCAGC	STREME-3	1.3e-005	peak_144	9.88	tp	0
3-GCAGCAGC	STREME-3	1.3e-005	peak_181	9.88	tp	0
3-GCAGCAGC	STREME-3	1.3e-005	peak_388	9.88	tp	0
3-GCAGCAGC	STREME-3	1.3e-005	peak_36	9.88	tp	0
3-GCAGCAGC	STREME-3	1.3e-005	peak_486	9.88	fp	0
3-GCAGCAGC	STREME-3	1.3e-005	peak_53	9.88	tp	1
3-GCAGCAGC	STREME-3	1.3e-005	peak_32	9.70	tp	0
3-GCAGCAGC	STREME-3	1.3e-005	peak_320	9.70	tp	0
3-GCAGCAGC	STREME-3	1.3e-005	peak_104	9.70	tp	0
3-GCAGCAGC	STREME-3	1.3e-005	peak_120	9.70	fp	0
3-GCAGCAGC	STREME-3	1.3e-005	peak_24	9.70	tp	1
3-GCAGCAGC	STREME-3	1.3e-005	peak_357	9.62	tp	0
3-GCAGCAGC	STREME-3	1.3e-005	peak_108	9.62	fp	0
3-GCAGCAGC	STREME-3	1.3e-005	peak_236	9.56	tp	0
3-GCAGCAGC	STREME-3	1.3e-005	peak_470	9.56	tp	0
3-GCAGCAGC	STREME-3	1.3e-005	peak_535	9.54	tp	0
3-GCAGCAGC	STREME-3	1.3e-005	peak_539	9.54	tp	0
3-GCAGCAGC	STREME-3	1.3e-005	peak_530	9.54	tp	0
3-GCAGCAGC	STREME-3	1.3e-005	peak_252	9.54	tp	0
3-GCAGCAGC	STREME-3	1.3e-005	peak_424	9.54	tp	0
3-GCAGCAGC	STREME-3	1.3e-005	peak_204	9.54	tp	0
3-GCAGCAGC	STREME-3	1.3e-005	peak_603	9.54	tp	0
3-GCAGCAGC	STREME-3	1.3e-005	peak_123	9.54	fp	0
3-GCAGCAGC	STREME-3	1.3e-005	peak_417	9.54	fp	0
3-GCAGCAGC	STREME-3	1.3e-005	peak_115	9.54	fp	0
3-GCAGCAGC	STREME-3	1.3e-005	peak_559	9.54	tp	1
3-GCAGCAGC	STREME-3	1.3e-005	peak_142	9.54	tp	1
3-GCAGCAGC	STREME-3	1.3e-005	peak_157	9.51	tp	0
3-GCAGCAGC	STREME-3	1.3e-005	peak_308	9.51	tp	0
3-GCAGCAGC	STREME-3	1.3e-005	peak_50	9.51	tp	0
3-GCAGCAGC	STREME-3	1.3e-005	peak_46	9.51	tp	0
3-GCAGCAGC	STREME-3	1.3e-005	peak_148	9.51	tp	0
3-GCAGCAGC	STREME-3	1.3e-005	peak_207	9.51	fp	0
3-GCAGCAGC	STREME-3	1.3e-005	peak_25	9.51	fp	0
3-GCAGCAGC	STREME-3	1.3e-005	peak_105	9.51	fp	0
3-GCAGCAGC	STREME-3	1.3e-005	peak_510	9.49	tp	0
3-GCAGCAGC	STREME-3	1.3e-005	peak_84	9.49	tp	0
3-GCAGCAGC	STREME-3	1.3e-005	peak_431	9.49	tp	0
3-GCAGCAGC	STREME-3	1.3e-005	peak_76	9.49	fp	0
3-GCAGCAGC	STREME-3	1.3e-005	peak_19	9.48	tp	0
3-GCAGCAGC	STREME-3	1.3e-005	peak_151	9.48	tp	0
3-GCAGCAGC	STREME-3	1.3e-005	peak_230	9.48	tp	0
3-GCAGCAGC	STREME-3	1.3e-005	peak_406	9.48	tp	0
3-GCAGCAGC	STREME-3	1.3e-005	peak_262	9.48	tp	0
3-GCAGCAGC	STREME-3	1.3e-005	peak_113	9.48	fp	0
3-GCAGCAGC	STREME-3	1.3e-005	peak_453	9.43	tp	0
3-GCAGCAGC	STREME-3	1.3e-005	peak_567	9.42	tp	0
3-GCAGCAGC	STREME-3	1.3e-005	peak_377	9.42	tp	0
3-GCAGCAGC	STREME-3	1.3e-005	peak_318	9.39	tp	0
3-GCAGCAGC	STREME-3	1.3e-005	peak_285	9.39	fp	0
3-GCAGCAGC	STREME-3	1.3e-005	peak_30	9.37	tp	0
3-GCAGCAGC	STREME-3	1.3e-005	peak_4	9.37	tp	0
3-GCAGCAGC	STREME-3	1.3e-005	peak_245	9.37	fp	0
3-GCAGCAGC	STREME-3	1.3e-005	peak_19	9.37	fp	0
3-GCAGCAGC	STREME-3	1.3e-005	peak_199	9.36	tp	0
3-GCAGCAGC	STREME-3	1.3e-005	peak_492	9.36	tp	0
3-GCAGCAGC	STREME-3	1.3e-005	peak_449	9.36	tp	0
3-GCAGCAGC	STREME-3	1.3e-005	peak_226	9.36	tp	0
3-GCAGCAGC	STREME-3	1.3e-005	peak_239	9.36	tp	0
3-GCAGCAGC	STREME-3	1.3e-005	peak_95	9.36	fp	0
3-GCAGCAGC	STREME-3	1.3e-005	peak_65	9.36	tp	1
3-GCAGCAGC	STREME-3	1.3e-005	peak_436	9.36	tp	0
3-GCAGCAGC	STREME-3	1.3e-005	peak_213	9.36	tp	1
#
4-AAAGCAAA	STREME-4	4.4e-004	peak_606	13.52	tp	0
4-AAAGCAAA	STREME-4	4.4e-004	peak_195	13.52	tp	0
4-AAAGCAAA	STREME-4	4.4e-004	peak_383	13.52	tp	0
4-AAAGCAAA	STREME-4	4.4e-004	peak_147	13.52	tp	0
4-AAAGCAAA	STREME-4	4.4e-004	peak_113	13.52	tp	0
4-AAAGCAAA	STREME-4	4.4e-004	peak_128	13.52	tp	0
4-AAAGCAAA	STREME-4	4.4e-004	peak_483	13.52	tp	0
4-AAAGCAAA	STREME-4	4.4e-004	peak_80	13.52	tp	0
4-AAAGCAAA	STREME-4	4.4e-004	peak_190	13.52	tp	0
4-AAAGCAAA	STREME-4	4.4e-004	peak_149	13.52	tp	0
4-AAAGCAAA	STREME-4	4.4e-004	peak_26	13.52	tp	0
4-AAAGCAAA	STREME-4	4.4e-004	peak_593	13.52	tp	0
4-AAAGCAAA	STREME-4	4.4e-004	peak_321	13.52	tp	0
4-AAAGCAAA	STREME-4	4.4e-004	peak_180	13.52	tp	0
4-AAAGCAAA	STREME-4	4.4e-004	peak_452	13.52	tp	0
4-AAAGCAAA	STREME-4	4.4e-004	peak_525	13.52	tp	0
4-AAAGCAAA	STREME-4	4.4e-004	peak_119	13.52	tp	0
4-AAAGCAAA	STREME-4	4.4e-004	peak_570	13.52	tp	0
4-AAAGCAAA	STREME-4	4.4e-004	peak_409	13.52	tp	0
4-AAAGCAAA	STREME-4	4.4e-004	peak_528	13.52	tp	0
4-AAAGCAAA	STREME-4	4.4e-004	peak_393	13.52	tp	0
4-AAAGCAAA	STREME-4	4.4e-004	peak_605	13.52	tp	0
4-AAAGCAAA	STREME-4	4.4e-004	peak_148	13.52	tp	0
4-AAAGCAAA	STREME-4	4.4e-004	peak_404	13.52	tp	0
4-AAAGCAAA	STREME-4	4.4e-004	peak_140	13.52	tp	0
4-AAAGCAAA	STREME-4	4.4e-004	peak_239	13.52	tp	0
4-AAAGCAAA	STREME-4	4.4e-004	peak_209	13.52	tp	0
4-AAAGCAAA	STREME-4	4.4e-004	peak_280	13.52	fp	0
4-AAAGCAAA	STREME-4	4.4e-004	peak_554	13.52	fp	0
4-AAAGCAAA	STREME-4	4.4e-004	peak_273	13.52	fp	0
4-AAAGCAAA	STREME-4	4.4e-004	peak_358	13.52	fp	0
4-AAAGCAAA	STREME-4	4.4e-004	peak_303	13.52	fp	0
4-AAAGCAAA	STREME-4	4.4e-004	peak_258	13.52	fp	0
4-AAAGCAAA	STREME-4	4.4e-004	peak_524	13.52	fp	0
4-AAAGCAAA	STREME-4	4.4e-004	peak_101	13.52	fp	0
4-AAAGCAAA	STREME-4	4.4e-004	peak_64	13.52	fp	0
4-AAAGCAAA	STREME-4	4.4e-004	peak_415	13.52	fp	0
4-AAAGCAAA	STREME-4	4.4e-004	peak_126	13.52	fp	0
4-AAAGCAAA	STREME-4	4.4e-004	peak_33	13.52	fp	0
4-AAAGCAAA	STREME-4	4.4e-004	peak_427	13.52	fp	0
4-AAAGCAAA	STREME-4	4.4e-004	peak_241	13.52	fp	0
4-AAAGCAAA	STREME-4	4.4e-004	peak_114	13.52	fp	0
4-AAAGCAAA	STREME-4	4.4e-004	peak_135	13.52	tp	1
4-AAAGCAAA	STREME-4	4.4e-004	peak_583	13.52	tp	1
4-AAAGCAAA	STREME-4	4.4e-004	peak_395	13.52	tp	1
4-AAAGCAAA	STREME-4	4.4e-004	peak_146	13.52	fp	1
4-AAAGCAAA	STREME-4	4.4e-004	peak_277	11.11	tp	0
4-AAAGCAAA	STREME-4	4.4e-004	peak_465	11.11	tp	0
4-AAAGCAAA	STREME-4	4.4e-004	peak_93	11.11	tp	0
4-AAAGCAAA	STREME-4	4.4e-004	peak_157	11.11	tp	0
4-AAAGCAAA	STREME-4	4.4e-004	peak_498	11.11	tp	0
4-AAAGCAAA	STREME-4	4.4e-004	peak_238	11.11	tp	0
4-AAAGCAAA	STREME-4	4.4e-004	peak_92	11.11	tp	0
4-AAAGCAAA	STREME-4	4.4e-004	peak_581	11.11	tp	0
4-AAAGCAAA	STREME-4	4.4e-004	peak_321	11.11	fp	0
4-AAAGCAAA	STREME-4	4.4e-004	peak_162	11.11	fp	0
4-AAAGCAAA	STREME-4	4.4e-004	peak_42	11.11	tp	1
4-AAAGCAAA	STREME-4	4.4e-004	peak_573	11.11	tp	1
4-AAAGCAAA	STREME-4	4.4e-004	peak_533	11.11	tp	1
4-AAAGCAAA	STREME-4	4.4e-004	peak_493	11.02	tp	0
4-AAAGCAAA	STREME-4	4.4e-004	peak_510	11.02	tp	0
4-AAAGCAAA	STREME-4	4.4e-004	peak_118	11.02	tp	0
4-AAAGCAAA	STREME-4	4.4e-004	peak_164	11.02	tp	0
4-AAAGCAAA	STREME-4	4.4e-004	peak_394	11.02	tp	0
4-AAAGCAAA	STREME-4	4.4e-004	peak_543	11.02	tp	0
4-AAAGCAAA	STREME-4	4.4e-004	peak_274	11.02	tp	0
4-AAAGCAAA	STREME-4	4.4e-004	peak_104	11.02	tp	0
4-AAAGCAAA	STREME-4	4.4e-004	peak_293	11.02	tp	0
4-AAAGCAAA	STREME-4	4.4e-004	peak_279	11.02	tp	0
4-AAAGCAAA	STREME-4	4.4e-004	peak_459	11.02	tp	0
4-AAAGCAAA	STREME-4	4.4e-004	peak_165	11.02	tp	0
4-AAAGCAAA	STREME-4	4.4e-004	peak_442	11.02	tp	0
4-AAAGCAAA	STREME-4	4.4e-004	peak_473	11.02	fp	0
4-AAAGCAAA	STREME-4	4.4e-004	peak_78	11.02	fp	0
4-AAAGCAAA	STREME-4	4.4e-004	peak_293	11.02	fp	0
4-AAAGCAAA	STREME-4	4.4e-004	peak_479	11.02	fp	0
4-AAAGCAAA	STREME-4	4.4e-004	peak_524	11.02	tp	1
4-AAAGCAAA	STREME-4	4.4e-004	peak_601	11.02	tp	1
4-AAAGCAAA	STREME-4	4.4e-004	peak_531	11.02	tp	1
4-AAAGCAAA	STREME-4	4.4e-004	peak_419	11.02	tp	0
4-AAAGCAAA	STREME-4	4.4e-004	peak_532	11.02	tp	0
4-AAAGCAAA	STREME-4	4.4e-004	peak_73	11.02	tp	0
4-AAAGCAAA	STREME-4	4.4e-004	peak_88	11.02	tp	0
4-AAAGCAAA	STREME-4	4.4e-004	peak_19	11.02	tp	0
4-AAAGCAAA	STREME-4	4.4e-004	peak_405	11.02	tp	0
4-AAAGCAAA	STREME-4	4.4e-004	peak_22	11.02	tp	0
4-AAAGCAAA	STREME-4	4.4e-004	peak_500	11.02	tp	0
4-AAAGCAAA	STREME-4	4.4e-004	peak_55	11.02	tp	0
4-AAAGCAAA	STREME-4	4.4e-004	peak_470	11.02	tp	0
4-AAAGCAAA	STREME-4	4.4e-004	peak_477	11.02	tp	0
4-AAAGCAAA	STREME-4	4.4e-004	peak_499	11.02	tp	0
4-AAAGCAAA	STREME-4	4.4e-004	peak_39	11.02	tp	0
4-AAAGCAAA	STREME-4	4.4e-004	peak_406	11.02	tp	0
4-AAAGCAAA	STREME-4	4.4e-004	peak_545	11.02	fp	0
4-AAAGCAAA	STREME-4	4.4e-004	peak_449	11.02	fp	0
4-AAAGCAAA	STREME-4	4.4e-004	peak_6	11.02	fp	0
4-AAAGCAAA	STREME-4	4.4e-004	peak_165	11.02	fp	0
4-AAAGCAAA	STREME-4	4.4e-004	peak_211	11.02	fp	0
4-AAAGCAAA	STREME-4	4.4e-004	peak_6	10.89	tp	0
4-AAAGCAAA	STREME-4	4.4e-004	peak_357	10.89	tp	0
4-AAAGCAAA	STREME-4	4.4e-004	peak_346	10.89	tp	0
4-AAAGCAAA	STREME-4	4.4e-004	peak_295	10.89	tp	0
4-AAAGCAAA	STREME-4	4.4e-004	peak_509	10.89	tp	0
4-AAAGCAAA	STREME-4	4.4e-004	peak_320	10.89	tp	0
4-AAAGCAAA	STREME-4	4.4e-004	peak_484	10.89	tp	0
4-AAAGCAAA	STREME-4	4.4e-004	peak_62	10.89	tp	0
4-AAAGCAAA	STREME-4	4.4e-004	peak_478	10.89	tp	0
4-AAAGCAAA	STREME-4	4.4e-004	peak_488	10.89	tp	0
4-AAAGCAAA	STREME-4	4.4e-004	peak_275	10.89	tp	0
4-AAAGCAAA	STREME-4	4.4e-004	peak_348	10.89	tp	0
4-AAAGCAAA	STREME-4	4.4e-004	peak_420	10.89	tp	0
4-AAAGCAAA	STREME-4	4.4e-004	peak_229	10.89	tp	0
4-AAAGCAAA	STREME-4	4.4e-004	peak_431	10.89	tp	0
4-AAAGCAAA	STREME-4	4.4e-004	peak_184	10.89	tp	0
4-AAAGCAAA	STREME-4	4.4e-004	peak_4	10.89	tp	0
4-AAAGCAAA	STREME-4	4.4e-004	peak_611	10.89	fp	0
4-AAAGCAAA	STREME-4	4.4e-004	peak_190	10.89	fp	0
4-AAAGCAAA	STREME-4	4.4e-004	peak_413	10.89	fp	0
4-AAAGCAAA	STREME-4	4.4e-004	peak_173	10.89	fp	0
4-AAAGCAAA	STREME-4	4.4e-004	peak_214	10.89	fp	0
4-AAAGCAAA	STREME-4	4.4e-004	peak_263	10.89	fp	0
4-AAAGCAAA	STREME-4	4.4e-004	peak_392	10.89	fp	0
4-AAAGCAAA	STREME-4	4.4e-004	peak_316	10.89	tp	1
4-AAAGCAAA	STREME-4	4.4e-004	peak_373	10.89	tp	1
4-AAAGCAAA	STREME-4	4.4e-004	peak_467	10.59	tp	0
4-AAAGCAAA	STREME-4	4.4e-004	peak_513	10.59	tp	0
4-AAAGCAAA	STREME-4	4.4e-004	peak_575	10.59	tp	0
4-AAAGCAAA	STREME-4	4.4e-004	peak_492	10.59	tp	0
4-AAAGCAAA	STREME-4	4.4e-004	peak_608	10.59	tp	0
4-AAAGCAAA	STREME-4	4.4e-004	peak_2	10.59	tp	0
4-AAAGCAAA	STREME-4	4.4e-004	peak_107	10.59	tp	0
4-AAAGCAAA	STREME-4	4.4e-004	peak_202	10.59	tp	0
4-AAAGCAAA	STREME-4	4.4e-004	peak_3	10.59	tp	0
4-AAAGCAAA	STREME-4	4.4e-004	peak_539	10.59	tp	0
4-AAAGCAAA	STREME-4	4.4e-004	peak_155	10.59	tp	0
4-AAAGCAAA	STREME-4	4.4e-004	peak_214	10.59	tp	0
4-AAAGCAAA	STREME-4	4.4e-004	peak_522	10.59	tp	0
4-AAAGCAAA	STREME-4	4.4e-004	peak_212	10.59	tp	0
4-AAAGCAAA	STREME-4	4.4e-004	peak_351	10.59	tp	0
4-AAAGCAAA	STREME-4	4.4e-004	peak_561	10.59	fp	0
4-AAAGCAAA	STREME-4	4.4e-004	peak_526	10.59	fp	0
4-AAAGCAAA	STREME-4	4.4e-004	peak_574	10.59	fp	0
4-AAAGCAAA	STREME-4	4.4e-004	peak_497	10.59	fp	0
4-AAAGCAAA	STREME-4	4.4e-004	peak_149	10.59	fp	0
4-AAAGCAAA	STREME-4	4.4e-004	peak_34	10.59	fp	0
4-AAAGCAAA	STREME-4	4.4e-004	peak_200	10.59	fp	0
4-AAAGCAAA	STREME-4	4.4e-004	peak_166	10.59	fp	1
4-AAAGCAAA	STREME-4	4.4e-004	peak_397	10.52	tp	0
4-AAAGCAAA	STREME-4	4.4e-004	peak_102	10.52	tp	0
4-AAAGCAAA	STREME-4	4.4e-004	peak_188	10.52	tp	0
4-AAAGCAAA	STREME-4	4.4e-004	peak_435	10.52	tp	0
4-AAAGCAAA	STREME-4	4.4e-004	peak_181	10.52	tp	0
4-AAAGCAAA	STREME-4	4.4e-004	peak_211	10.52	tp	0
4-AAAGCAAA	STREME-4	4.4e-004	peak_20	10.52	tp	0
4-AAAGCAAA	STREME-4	4.4e-004	peak_112	10.52	tp	0
4-AAAGCAAA	STREME-4	4.4e-004	peak_418	10.52	tp	0
4-AAAGCAAA	STREME-4	4.4e-004	peak_261	10.52	tp	0
4-AAAGCAAA	STREME-4	4.4e-004	peak_133	10.52	fp	0
4-AAAGCAAA	STREME-4	4.4e-004	peak_489	10.52	fp	0
4-AAAGCAAA	STREME-4	4.4e-004	peak_23	10.52	fp	0
4-AAAGCAAA	STREME-4	4.4e-004	peak_164	10.52	fp	0
4-AAAGCAAA	STREME-4	4.4e-004	peak_604	10.52	fp	0
4-AAAGCAAA	STREME-4	4.4e-004	peak_232	10.52	fp	1
4-AAAGCAAA	STREME-4	4.4e-004	peak_382	10.40	tp	0
4-AAAGCAAA	STREME-4	4.4e-004	peak_120	10.40	tp	0
4-AAAGCAAA	STREME-4	4.4e-004	peak_547	10.40	tp	0
4-AAAGCAAA	STREME-4	4.4e-004	peak_259	10.40	tp	0
4-AAAGCAAA	STREME-4	4.4e-004	peak_439	10.40	tp	0
4-AAAGCAAA	STREME-4	4.4e-004	peak_205	10.40	tp	0
4-AAAGCAAA	STREME-4	4.4e-004	peak_72	10.40	tp	0
4-AAAGCAAA	STREME-4	4.4e-004	peak_178	10.40	tp	0
4-AAAGCAAA	STREME-4	4.4e-004	peak_368	10.40	tp	0
4-AAAGCAAA	STREME-4	4.4e-004	peak_95	10.40	tp	0
4-AAAGCAAA	STREME-4	4.4e-004	peak_451	10.40	tp	0
4-AAAGCAAA	STREME-4	4.4e-004	peak_115	10.40	tp	0
4-AAAGCAAA	STREME-4	4.4e-004	peak_106	10.40	tp	0
4-AAAGCAAA	STREME-4	4.4e-004	peak_215	10.40	tp	0
4-AAAGCAAA	STREME-4	4.4e-004	peak_603	10.40	tp	0
4-AAAGCAAA	STREME-4	4.4e-004	peak_75	10.40	fp	0
4-AAAGCAAA	STREME-4	4.4e-004	peak_110	10.40	fp	0
4-AAAGCAAA	STREME-4	4.4e-004	peak_242	10.40	fp	0
4-AAAGCAAA	STREME-4	4.4e-004	peak_312	10.40	fp	0
4-AAAGCAAA	STREME-4	4.4e-004	peak_370	10.40	fp	0
4-AAAGCAAA	STREME-4	4.4e-004	peak_208	10.40	fp	0
4-AAAGCAAA	STREME-4	4.4e-004	peak_48	10.40	tp	1
4-AAAGCAAA	STREME-4	4.4e-004	peak_354	10.40	tp	1
4-AAAGCAAA	STREME-4	4.4e-004	peak_64	10.15	tp	0
4-AAAGCAAA	STREME-4	4.4e-004	peak_296	10.15	tp	0
4-AAAGCAAA	STREME-4	4.4e-004	peak_121	10.15	tp	0
4-AAAGCAAA	STREME-4	4.4e-004	peak_496	10.15	tp	0
4-AAAGCAAA	STREME-4	4.4e-004	peak_54	10.15	tp	0
4-AAAGCAAA	STREME-4	4.4e-004	peak_99	10.15	tp	0
4-AAAGCAAA	STREME-4	4.4e-004	peak_123	10.15	tp	0
4-AAAGCAAA	STREME-4	4.4e-004	peak_163	10.15	tp	0
4-AAAGCAAA	STREME-4	4.4e-004	peak_221	10.15	tp	0
4-AAAGCAAA	STREME-4	4.4e-004	peak_250	10.15	tp	0
4-AAAGCAAA	STREME-4	4.4e-004	peak_255	10.15	tp	0
4-AAAGCAAA	STREME-4	4.4e-004	peak_355	10.15	tp	0
4-AAAGCAAA	STREME-4	4.4e-004	peak_387	10.15	tp	0
4-AAAGCAAA	STREME-4	4.4e-004	peak_58	10.15	tp	0
4-AAAGCAAA	STREME-4	4.4e-004	peak_281	10.15	tp	0
4-AAAGCAAA	STREME-4	4.4e-004	peak_343	10.15	tp	0
4-AAAGCAAA	STREME-4	4.4e-004	peak_450	10.15	tp	0
4-AAAGCAAA	STREME-4	4.4e-004	peak_270	10.15	tp	0
4-AAAGCAAA	STREME-4	4.4e-004	peak_529	10.15	tp	0
4-AAAGCAAA	STREME-4	4.4e-004	peak_62	10.15	fp	0
4-AAAGCAAA	STREME-4	4.4e-004	peak_36	10.15	fp	0
4-AAAGCAAA	STREME-4	4.4e-004	peak_197	10.15	fp	0
4-AAAGCAAA	STREME-4	4.4e-004	peak_375	10.15	fp	0
4-AAAGCAAA	STREME-4	4.4e-004	peak_450	10.15	fp	0
4-AAAGCAAA	STREME-4	4.4e-004	peak_343	10.15	fp	0
4-AAAGCAAA	STREME-4	4.4e-004	peak_373	10.15	fp	0
4-AAAGCAAA	STREME-4	4.4e-004	peak_267	10.15	fp	0
4-AAAGCAAA	STREME-4	4.4e-004	peak_240	10.15	fp	0
4-AAAGCAAA	STREME-4	4.4e-004	peak_112	10.15	fp	0
4-AAAGCAAA	STREME-4	4.4e-004	peak_223	10.15	tp	1
4-AAAGCAAA	STREME-4	4.4e-004	peak_540	10.15	tp	1
4-AAAGCAAA	STREME-4	4.4e-004	peak_326	9.61	tp	0
4-AAAGCAAA	STREME-4	4.4e-004	peak_52	9.61	tp	0
4-AAAGCAAA	STREME-4	4.4e-004	peak_554	9.61	tp	0
4-AAAGCAAA	STREME-4	4.4e-004	peak_100	9.61	tp	0
4-AAAGCAAA	STREME-4	4.4e-004	peak_138	9.61	tp	0
4-AAAGCAAA	STREME-4	4.4e-004	peak_117	9.61	tp	0
4-AAAGCAAA	STREME-4	4.4e-004	peak_487	9.61	tp	0
4-AAAGCAAA	STREME-4	4.4e-004	peak_173	9.61	tp	0
4-AAAGCAAA	STREME-4	4.4e-004	peak_410	9.61	tp	0
4-AAAGCAAA	STREME-4	4.4e-004	peak_371	9.61	tp	0
4-AAAGCAAA	STREME-4	4.4e-004	peak_280	9.61	tp	0
4-AAAGCAAA	STREME-4	4.4e-004	peak_345	9.61	tp	0
4-AAAGCAAA	STREME-4	4.4e-004	peak_389	9.61	tp	0
4-AAAGCAAA	STREME-4	4.4e-004	peak_445	9.61	tp	0
4-AAAGCAAA	STREME-4	4.4e-004	peak_366	9.61	tp	0
4-AAAGCAAA	STREME-4	4.4e-004	peak_282	9.61	tp	0
4-AAAGCAAA	STREME-4	4.4e-004	peak_37	9.61	fp	0
4-AAAGCAAA	STREME-4	4.4e-004	peak_250	9.61	fp	0
4-AAAGCAAA	STREME-4	4.4e-004	peak_608	9.61	fp	0
4-AAAGCAAA	STREME-4	4.4e-004	peak_560	9.61	fp	0
4-AAAGCAAA	STREME-4	4.4e-004	peak_377	9.61	fp	0
4-AAAGCAAA	STREME-4	4.4e-004	peak_418	9.61	fp	0
4-AAAGCAAA	STREME-4	4.4e-004	peak_230	9.61	fp	0
4-AAAGCAAA	STREME-4	4.4e-004	peak_559	9.61	fp	0
4-AAAGCAAA	STREME-4	4.4e-004	peak_14	9.61	fp	0
4-AAAGCAAA	STREME-4	4.4e-004	peak_510	9.61	fp	0
4-AAAGCAAA	STREME-4	4.4e-004	peak_224	9.61	tp	1
4-AAAGCAAA	STREME-4	4.4e-004	peak_49	9.61	tp	1
4-AAAGCAAA	STREME-4	4.4e-004	peak_454	9.61	tp	1
4-AAAGCAAA	STREME-4	4.4e-004	peak_41	9.61	tp	1
4-AAAGCAAA	STREME-4	4.4e-004	peak_409	9.61	fp	1
4-AAAGCAAA	STREME-4	4.4e-004	peak_567	9.52	tp	0
4-AAAGCAAA	STREME-4	4.4e-004	peak_227	9.52	tp	0
4-AAAGCAAA	STREME-4	4.4e-004	peak_560	9.52	tp	0
4-AAAGCAAA	STREME-4	4.4e-004	peak_344	9.52	tp	0
4-AAAGCAAA	STREME-4	4.4e-004	peak_37	9.52	tp	0
4-AAAGCAAA	STREME-4	4.4e-004	peak_602	9.52	tp	0
4-AAAGCAAA	STREME-4	4.4e-004	peak_552	9.52	tp	0
4-AAAGCAAA	STREME-4	4.4e-004	peak_428	9.52	tp	0
4-AAAGCAAA	STREME-4	4.4e-004	peak_217	9.52	tp	0
4-AAAGCAAA	STREME-4	4.4e-004	peak_398	9.52	tp	0
4-AAAGCAAA	STREME-4	4.4e-004	peak_488	9.52	fp	0
4-AAAGCAAA	STREME-4	4.4e-004	peak_573	9.52	fp	0
4-AAAGCAAA	STREME-4	4.4e-004	peak_359	9.52	fp	0
4-AAAGCAAA	STREME-4	4.4e-004	peak_277	9.52	fp	0
4-AAAGCAAA	STREME-4	4.4e-004	peak_459	9.52	fp	0
4-AAAGCAAA	STREME-4	4.4e-004	peak_45	9.52	fp	0
#
5-GCACAGTGGGMMMWV	STREME-5	4.9e-004	peak_42	22.84	tp	1
5-GCACAGTGGGMMMWV	STREME-5	4.9e-004	peak_599	22.78	tp	0
5-GCACAGTGGGMMMWV	STREME-5	4.9e-004	peak_600	22.37	tp	0
5-GCACAGTGGGMMMWV	STREME-5	4.9e-004	peak_46	22.34	tp	0
5-GCACAGTGGGMMMWV	STREME-5	4.9e-004	peak_593	22.15	tp	0
5-GCACAGTGGGMMMWV	STREME-5	4.9e-004	peak_153	21.61	tp	1
5-GCACAGTGGGMMMWV	STREME-5	4.9e-004	peak_493	21.16	tp	0
5-GCACAGTGGGMMMWV	STREME-5	4.9e-004	peak_45	21.11	tp	0
5-GCACAGTGGGMMMWV	STREME-5	4.9e-004	peak_310	21.01	tp	0
5-GCACAGTGGGMMMWV	STREME-5	4.9e-004	peak_247	20.95	tp	0
5-GCACAGTGGGMMMWV	STREME-5	4.9e-004	peak_62	20.86	tp	0
5-GCACAGTGGGMMMWV	STREME-5	4.9e-004	peak_492	19.84	tp	0
5-GCACAGTGGGMMMWV	STREME-5	4.9e-004	peak_464	19.76	tp	0
5-GCACAGTGGGMMMWV	STREME-5	4.9e-004	peak_383	19.64	tp	0
5-GCACAGTGGGMMMWV	STREME-5	4.9e-004	peak_329	19.59	tp	0
5-GCACAGTGGGMMMWV	STREME-5	4.9e-004	peak_285	19.52	tp	0
5-GCACAGTGGGMMMWV	STREME-5	4.9e-004	peak_385	19.42	tp	1
5-GCACAGTGGGMMMWV	STREME-5	4.9e-004	peak_560	19.40	tp	0
5-GCACAGTGGGMMMWV	STREME-5	4.9e-004	peak_159	19.37	tp	0
5-GCACAGTGGGMMMWV	STREME-5	4.9e-004	peak_514	19.35	tp	0
5-GCACAGTGGGMMMWV	STREME-5	4.9e-004	peak_92	19.34	tp	0
5-GCACAGTGGGMMMWV	STREME-5	4.9e-004	peak_55	19.32	tp	0
5-GCACAGTGGGMMMWV	STREME-5	4.9e-004	peak_350	18.69	tp	0
5-GCACAGTGGGMMMWV	STREME-5	4.9e-004	peak_608	18.64	tp	0
5-GCACAGTGGGMMMWV	STREME-5	4.9e-004	peak_480	18.58	tp	0
5-GCACAGTGGGMMMWV	STREME-5	4.9e-004	peak_384	18.54	tp	0
5-GCACAGTGGGMMMWV	STREME-5	4.9e-004	peak_369	18.34	tp	0
5-GCACAGTGGGMMMWV	STREME-5	4.9e-004	peak_291	18.29	tp	0
5-GCACAGTGGGMMMWV	STREME-5	4.9e-004	peak_528	18.21	tp	0
5-GCACAGTGGGMMMWV	STREME-5	4.9e-004	peak_436	18.21	tp	0
5-GCACAGTGGGMMMWV	STREME-5	4.9e-004	peak_161	18.20	tp	0
5-GCACAGTGGGMMMWV	STREME-5	4.9e-004	peak_314	18.20	tp	0
5-GCACAGTGGGMMMWV	STREME-5	4.9e-004	peak_396	18.11	tp	0
5-GCACAGTGGGMMMWV	STREME-5	4.9e-004	peak_566	18.11	tp	0
5-GCACAGTGGGMMMWV	STREME-5	4.9e-004	peak_180	18.06	tp	0
5-GCACAGTGGGMMMWV	STREME-5	4.9e-004	peak_193	18.05	tp	0
5-GCACAGTGGGMMMWV	STREME-5	4.9e-004	peak_326	17.90	tp	0
5-GCACAGTGGGMMMWV	STREME-5	4.9e-004	peak_342	17.72	tp	0
5-GCACAGTGGGMMMWV	STREME-5	4.9e-004	peak_130	17.36	tp	0
5-GCACAGTGGGMMMWV	STREME-5	4.9e-004	peak_586	17.26	tp	0
5-GCACAGTGGGMMMWV	STREME-5	4.9e-004	peak_431	17.22	tp	0
5-GCACAGTGGGMMMWV	STREME-5	4.9e-004	peak_239	17.15	tp	0
5-GCACAGTGGGMMMWV	STREME-5	4.9e-004	peak_69	16.97	tp	0
5-GCACAGTGGGMMMWV	STREME-5	4.9e-004	peak_81	16.89	tp	0
5-GCACAGTGGGMMMWV	STREME-5	4.9e-004	peak_288	16.89	tp	0
5-GCACAGTGGGMMMWV	STREME-5	4.9e-004	peak_315	16.84	tp	0
5-GCACAGTGGGMMMWV	STREME-5	4.9e-004	peak_498	16.66	tp	0
5-GCACAGTGGGMMMWV	STREME-5	4.9e-004	peak_575	16.57	tp	0
5-GCACAGTGGGMMMWV	STREME-5	4.9e-004	peak_486	16.55	tp	0
5-GCACAGTGGGMMMWV	STREME-5	4.9e-004	peak_162	16.50	tp	0
5-GCACAGTGGGMMMWV	STREME-5	4.9e-004	peak_75	16.46	tp	0
5-GCACAGTGGGMMMWV	STREME-5	4.9e-004	peak_1	16.46	tp	0
5-GCACAGTGGGMMMWV	STREME-5	4.9e-004	peak_504	16.42	tp	0
5-GCACAGTGGGMMMWV	STREME-5	4.9e-004	peak_470	16.26	tp	0
5-GCACAGTGGGMMMWV	STREME-5	4.9e-004	peak_497	16.19	tp	1
5-GCACAGTGGGMMMWV	STREME-5	4.9e-004	peak_142	16.00	tp	1
5-GCACAGTGGGMMMWV	STREME-5	4.9e-004	peak_579	15.69	tp	0
5-GCACAGTGGGMMMWV	STREME-5	4.9e-004	peak_157	15.68	tp	0
5-GCACAGTGGGMMMWV	STREME-5	4.9e-004	peak_25	15.60	tp	0
5-GCACAGTGGGMMMWV	STREME-5	4.9e-004	peak_145	15.55	tp	0
5-GCACAGTGGGMMMWV	STREME-5	4.9e-004	peak_563	15.45	tp	0
5-GCACAGTGGGMMMWV	STREME-5	4.9e-004	peak_333	15.25	tp	0
5-GCACAGTGGGMMMWV	STREME-5	4.9e-004	peak_221	15.16	tp	0
5-GCACAGTGGGMMMWV	STREME-5	4.9e-004	peak_189	15.04	tp	1
5-GCACAGTGGGMMMWV	STREME-5	4.9e-004	peak_115	14.97	tp	0
5-GCACAGTGGGMMMWV	STREME-5	4.9e-004	peak_74	14.90	tp	0
5-GCACAGTGGGMMMWV	STREME-5	4.9e-004	peak_181	14.89	tp	0
5-GCACAGTGGGMMMWV	STREME-5	4.9e-004	peak_49	14.81	tp	1
5-GCACAGTGGGMMMWV	STREME-5	4.9e-004	peak_490	14.72	tp	0
5-GCACAGTGGGMMMWV	STREME-5	4.9e-004	peak_466	14.62	tp	1
5-GCACAGTGGGMMMWV	STREME-5	4.9e-004	peak_540	14.61	tp	1
5-GCACAGTGGGMMMWV	STREME-5	4.9e-004	peak_120	14.56	fp	0
5-GCACAGTGGGMMMWV	STREME-5	4.9e-004	peak_489	14.53	tp	0
5-GCACAGTGGGMMMWV	STREME-5	4.9e-004	peak_62	14.50	fp	0
5-GCACAGTGGGMMMWV	STREME-5	4.9e-004	peak_446	14.27	tp	0
5-GCACAGTGGGMMMWV	STREME-5	4.9e-004	peak_522	14.26	tp	0
5-GCACAGTGGGMMMWV	STREME-5	4.9e-004	peak_453	14.16	tp	0
5-GCACAGTGGGMMMWV	STREME-5	4.9e-004	peak_17	14.11	fp	0
5-GCACAGTGGGMMMWV	STREME-5	4.9e-004	peak_312	14.08	tp	0
5-GCACAGTGGGMMMWV	STREME-5	4.9e-004	peak_323	14.07	tp	1
5-GCACAGTGGGMMMWV	STREME-5	4.9e-004	peak_107	14.07	tp	0
5-GCACAGTGGGMMMWV	STREME-5	4.9e-004	peak_578	14.06	tp	0
5-GCACAGTGGGMMMWV	STREME-5	4.9e-004	peak_175	14.04	tp	0
5-GCACAGTGGGMMMWV	STREME-5	4.9e-004	peak_556	13.96	fp	0
5-GCACAGTGGGMMMWV	STREME-5	4.9e-004	peak_494	13.94	tp	0
5-GCACAGTGGGMMMWV	STREME-5	4.9e-004	peak_381	13.87	tp	0
5-GCACAGTGGGMMMWV	STREME-5	4.9e-004	peak_20	13.84	tp	0
5-GCACAGTGGGMMMWV	STREME-5	4.9e-004	peak_73	13.84	tp	0
5-GCACAGTGGGMMMWV	STREME-5	4.9e-004	peak_612	13.72	tp	0
5-GCACAGTGGGMMMWV	STREME-5	4.9e-004	peak_302	13.72	tp	0
5-GCACAGTGGGMMMWV	STREME-5	4.9e-004	peak_120	13.67	tp	0
5-GCACAGTGGGMMMWV	STREME-5	4.9e-004	peak_271	13.52	fp	0
5-GCACAGTGGGMMMWV	STREME-5	4.9e-004	peak_484	13.41	tp	0
5-GCACAGTGGGMMMWV	STREME-5	4.9e-004	peak_265	13.40	tp	0
5-GCACAGTGGGMMMWV	STREME-5	4.9e-004	peak_346	13.22	tp	0
5-GCACAGTGGGMMMWV	STREME-5	4.9e-004	peak_371	13.20	tp	0
5-GCACAGTGGGMMMWV	STREME-5	4.9e-004	peak_341	13.20	tp	1
5-GCACAGTGGGMMMWV	STREME-5	4.9e-004	peak_491	13.17	tp	0
5-GCACAGTGGGMMMWV	STREME-5	4.9e-004	peak_439	13.16	tp	0
5-GCACAGTGGGMMMWV	STREME-5	4.9e-004	peak_5	13.14	tp	0
5-GCACAGTGGGMMMWV	STREME-5	4.9e-004	peak_524	13.01	tp	1
5-GCACAGTGGGMMMWV	STREME-5	4.9e-004	peak_424	12.96	tp	0
5-GCACAGTGGGMMMWV	STREME-5	4.9e-004	peak_572	12.77	tp	0
5-GCACAGTGGGMMMWV	STREME-5	4.9e-004	peak_340	12.70	tp	0
5-GCACAGTGGGMMMWV	STREME-5	4.9e-004	peak_29	12.69	tp	0
5-GCACAGTGGGMMMWV	STREME-5	4.9e-004	peak_362	12.64	tp	0
5-GCACAGTGGGMMMWV	STREME-5	4.9e-004	peak_474	12.63	tp	0
5-GCACAGTGGGMMMWV	STREME-5	4.9e-004	peak_42	12.56	fp	0
5-GCACAGTGGGMMMWV	STREME-5	4.9e-004	peak_533	12.55	fp	0
5-GCACAGTGGGMMMWV	STREME-5	4.9e-004	peak_324	12.54	tp	0
5-GCACAGTGGGMMMWV	STREME-5	4.9e-004	peak_611	12.47	tp	0
5-GCACAGTGGGMMMWV	STREME-5	4.9e-004	peak_287	12.35	tp	0
5-GCACAGTGGGMMMWV	STREME-5	4.9e-004	peak_488	12.33	fp	0
5-GCACAGTGGGMMMWV	STREME-5	4.9e-004	peak_372	12.33	tp	0
5-GCACAGTGGGMMMWV	STREME-5	4.9e-004	peak_278	12.30	fp	0
5-GCACAGTGGGMMMWV	STREME-5	4.9e-004	peak_16	12.27	tp	0
5-GCACAGTGGGMMMWV	STREME-5	4.9e-004	peak_261	12.27	tp	0
5-GCACAGTGGGMMMWV	STREME-5	4.9e-004	peak_33	12.26	tp	0
5-GCACAGTGGGMMMWV	STREME-5	4.9e-004	peak_590	12.23	tp	0
5-GCACAGTGGGMMMWV	STREME-5	4.9e-004	peak_71	12.18	tp	0
5-GCACAGTGGGMMMWV	STREME-5	4.9e-004	peak_82	12.14	tp	0
5-GCACAGTGGGMMMWV	STREME-5	4.9e-004	peak_602	12.04	fp	1
5-GCACAGTGGGMMMWV	STREME-5	4.9e-004	peak_605	12.02	tp	0
5-GCACAGTGGGMMMWV	STREME-5	4.9e-004	peak_231	11.99	tp	0
5-GCACAGTGGGMMMWV	STREME-5	4.9e-004	peak_526	11.98	tp	0
5-GCACAGTGGGMMMWV	STREME-5	4.9e-004	peak_463	11.87	fp	0
5-GCACAGTGGGMMMWV	STREME-5	4.9e-004	peak_167	11.83	tp	0
5-GCACAGTGGGMMMWV	STREME-5	4.9e-004	peak_21	11.75	tp	0
5-GCACAGTGGGMMMWV	STREME-5	4.9e-004	peak_264	11.70	tp	0
5-GCACAGTGGGMMMWV	STREME-5	4.9e-004	peak_57	11.69	fp	0
5-GCACAGTGGGMMMWV	STREME-5	4.9e-004	peak_67	11.68	tp	0
5-GCACAGTGGGMMMWV	STREME-5	4.9e-004	peak_297	11.65	tp	0
5-GCACAGTGGGMMMWV	STREME-5	4.9e-004	peak_133	11.62	tp	0
5-GCACAGTGGGMMMWV	STREME-5	4.9e-004	peak_6	11.59	tp	0
5-GCACAGTGGGMMMWV	STREME-5	4.9e-004	peak_272	11.55	tp	0
5-GCACAGTGGGMMMWV	STREME-5	4.9e-004	peak_191	11.54	tp	0
5-GCACAGTGGGMMMWV	STREME-5	4.9e-004	peak_303	11.50	tp	0
5-GCACAGTGGGMMMWV	STREME-5	4.9e-004	peak_313	11.38	fp	0
5-GCACAGTGGGMMMWV	STREME-5	4.9e-004	peak_521	11.38	tp	0
5-GCACAGTGGGMMMWV	STREME-5	4.9e-004	peak_63	11.31	tp	0
5-GCACAGTGGGMMMWV	STREME-5	4.9e-004	peak_517	11.21	fp	0
5-GCACAGTGGGMMMWV	STREME-5	4.9e-004	peak_411	11.17	tp	0
5-GCACAGTGGGMMMWV	STREME-5	4.9e-004	peak_194	11.15	tp	0
5-GCACAGTGGGMMMWV	STREME-5	4.9e-004	peak_527	11.13	tp	0
5-GCACAGTGGGMMMWV	STREME-5	4.9e-004	peak_420	11.13	tp	0
5-GCACAGTGGGMMMWV	STREME-5	4.9e-004	peak_229	11.12	tp	0
5-GCACAGTGGGMMMWV	STREME-5	4.9e-004	peak_98	11.06	tp	0
5-GCACAGTGGGMMMWV	STREME-5	4.9e-004	peak_317	11.05	tp	0
5-GCACAGTGGGMMMWV	STREME-5	4.9e-004	peak_482	11.04	tp	0
5-GCACAGTGGGMMMWV	STREME-5	4.9e-004	peak_403	10.99	tp	0
5-GCACAGTGGGMMMWV	STREME-5	4.9e-004	peak_293	10.98	tp	0
5-GCACAGTGGGMMMWV	STREME-5	4.9e-004	peak_279	10.96	tp	0
5-GCACAGTGGGMMMWV	STREME-5	4.9e-004	peak_473	10.95	tp	0
5-GCACAGTGGGMMMWV	STREME-5	4.9e-004	peak_30	10.95	tp	0
5-GCACAGTGGGMMMWV	STREME-5	4.9e-004	peak_469	10.91	tp	1
5-GCACAGTGGGMMMWV	STREME-5	4.9e-004	peak_441	10.89	tp	0
#
6-CACTGAAAAAAATG	STREME-6	8.0e-003	peak_539	22.09	tp	0
6-CACTGAAAAAAATG	STREME-6	8.0e-003	peak_263	22.09	tp	0
6-CACTGAAAAAAATG	STREME-6	8.0e-003	peak_127	21.08	tp	0
6-CACTGAAAAAAATG	STREME-6	8.0e-003	peak_307	20.38	tp	0
6-CACTGAAAAAAATG	STREME-6	8.0e-003	peak_552	20.38	tp	0
6-CACTGAAAAAAATG	STREME-6	8.0e-003	peak_414	20.01	tp	0
6-CACTGAAAAAAATG	STREME-6	8.0e-003	peak_2	19.94	tp	0
6-CACTGAAAAAAATG	STREME-6	8.0e-003	peak_396	19.65	tp	0
6-CACTGAAAAAAATG	STREME-6	8.0e-003	peak_216	19.34	tp	0
6-CACTGAAAAAAATG	STREME-6	8.0e-003	peak_29	19.34	tp	0
6-CACTGAAAAAAATG	STREME-6	8.0e-003	peak_230	19.31	tp	0
6-CACTGAAAAAAATG	STREME-6	8.0e-003	peak_527	19.30	tp	0
6-CACTGAAAAAAATG	STREME-6	8.0e-003	peak_277	19.23	tp	0
6-CACTGAAAAAAATG	STREME-6	8.0e-003	peak_455	19.23	tp	0
6-CACTGAAAAAAATG	STREME-6	8.0e-003	peak_306	18.92	tp	0
6-CACTGAAAAAAATG	STREME-6	8.0e-003	peak_131	18.69	tp	0
6-CACTGAAAAAAATG	STREME-6	8.0e-003	peak_175	18.64	tp	0
6-CACTGAAAAAAATG	STREME-6	8.0e-003	peak_6	18.64	tp	0
6-CACTGAAAAAAATG	STREME-6	8.0e-003	peak_242	18.64	tp	0
6-CACTGAAAAAAATG	STREME-6	8.0e-003	peak_596	18.64	tp	0
6-CACTGAAAAAAATG	STREME-6	8.0e-003	peak_139	18.64	tp	0
6-CACTGAAAAAAATG	STREME-6	8.0e-003	peak_356	18.48	tp	0
6-CACTGAAAAAAATG	STREME-6	8.0e-003	peak_394	18.48	tp	0
6-CACTGAAAAAAATG	STREME-6	8.0e-003	peak_345	18.46	tp	0
6-CACTGAAAAAAATG	STREME-6	8.0e-003	peak_144	18.46	tp	0
6-CACTGAAAAAAATG	STREME-6	8.0e-003	peak_5	18.29	tp	0
6-CACTGAAAAAAATG	STREME-6	8.0e-003	peak_313	18.29	tp	0
6-CACTGAAAAAAATG	STREME-6	8.0e-003	peak_292	18.22	tp	0
6-CACTGAAAAAAATG	STREME-6	8.0e-003	peak_190	18.22	tp	0
6-CACTGAAAAAAATG	STREME-6	8.0e-003	peak_252	18.22	tp	0
6-CACTGAAAAAAATG	STREME-6	8.0e-003	peak_191	18.22	tp	0
6-CACTGAAAAAAATG	STREME-6	8.0e-003	peak_545	18.07	tp	0
6-CACTGAAAAAAATG	STREME-6	8.0e-003	peak_57	18.04	tp	0
6-CACTGAAAAAAATG	STREME-6	8.0e-003	peak_501	18.04	tp	1
6-CACTGAAAAAAATG	STREME-6	8.0e-003	peak_19	17.76	tp	0
6-CACTGAAAAAAATG	STREME-6	8.0e-003	peak_609	17.72	tp	0
6-CACTGAAAAAAATG	STREME-6	8.0e-003	peak_588	17.38	tp	0
6-CACTGAAAAAAATG	STREME-6	8.0e-003	peak_204	17.38	tp	0
6-CACTGAAAAAAATG	STREME-6	8.0e-003	peak_304	17.36	tp	0
6-CACTGAAAAAAATG	STREME-6	8.0e-003	peak_613	17.11	tp	1
6-CACTGAAAAAAATG	STREME-6	8.0e-003	peak_553	17.06	tp	0
6-CACTGAAAAAAATG	STREME-6	8.0e-003	peak_278	17.03	tp	0
6-CACTGAAAAAAATG	STREME-6	8.0e-003	peak_251	16.97	tp	0
6-CACTGAAAAAAATG	STREME-6	8.0e-003	peak_120	16.91	tp	0
6-CACTGAAAAAAATG	STREME-6	8.0e-003	peak_98	16.91	tp	0
6-CACTGAAAAAAATG	STREME-6	8.0e-003	peak_502	16.75	tp	0
6-CACTGAAAAAAATG	STREME-6	8.0e-003	peak_245	16.75	tp	0
6-CACTGAAAAAAATG	STREME-6	8.0e-003	peak_50	16.75	tp	0
6-CACTGAAAAAAATG	STREME-6	8.0e-003	peak_387	16.75	tp	0
6-CACTGAAAAAAATG	STREME-6	8.0e-003	peak_166	16.75	tp	0
6-CACTGAAAAAAATG	STREME-6	8.0e-003	peak_521	16.75	tp	0
6-CACTGAAAAAAATG	STREME-6	8.0e-003	peak_96	16.69	tp	0
6-CACTGAAAAAAATG	STREME-6	8.0e-003	peak_518	16.57	tp	0
6-CACTGAAAAAAATG	STREME-6	8.0e-003	peak_48	16.56	tp	1
6-CACTGAAAAAAATG	STREME-6	8.0e-003	peak_576	16.56	tp	0
6-CACTGAAAAAAATG	STREME-6	8.0e-003	peak_286	16.54	tp	0
6-CACTGAAAAAAATG	STREME-6	8.0e-003	peak_348	16.51	tp	0
6-CACTGAAAAAAATG	STREME-6	8.0e-003	peak_118	16.50	tp	0
6-CACTGAAAAAAATG	STREME-6	8.0e-003	peak_231	16.42	tp	0
6-CACTGAAAAAAATG	STREME-6	8.0e-003	peak_280	16.40	tp	0
6-CACTGAAAAAAATG	STREME-6	8.0e-003	peak_564	16.40	tp	0
6-CACTGAAAAAAATG	STREME-6	8.0e-003	peak_471	16.34	tp	1
6-CACTGAAAAAAATG	STREME-6	8.0e-003	peak_430	16.33	tp	0
6-CACTGAAAAAAATG	STREME-6	8.0e-003	peak_249	16.33	tp	0
6-CACTGAAAAAAATG	STREME-6	8.0e-003	peak_426	16.33	tp	0
6-CACTGAAAAAAATG	STREME-6	8.0e-003	peak_151	16.31	tp	0
6-CACTGAAAAAAATG	STREME-6	8.0e-003	peak_76	16.22	tp	0
6-CACTGAAAAAAATG	STREME-6	8.0e-003	peak_73	16.21	tp	0
6-CACTGAAAAAAATG	STREME-6	8.0e-003	peak_297	16.05	tp	0
6-CACTGAAAAAAATG	STREME-6	8.0e-003	peak_402	15.93	tp	0
6-CACTGAAAAAAATG	STREME-6	8.0e-003	peak_436	15.93	fp	0
6-CACTGAAAAAAATG	STREME-6	8.0e-003	peak_186	15.93	tp	0
6-CACTGAAAAAAATG	STREME-6	8.0e-003	peak_23	15.91	tp	0
6-CACTGAAAAAAATG	STREME-6	8.0e-003	peak_178	15.91	tp	0
6-CACTGAAAAAAATG	STREME-6	8.0e-003	peak_36	15.75	tp	0
6-CACTGAAAAAAATG	STREME-6	8.0e-003	peak_202	15.70	tp	0
6-CACTGAAAAAAATG	STREME-6	8.0e-003	peak_509	15.69	tp	0
6-CACTGAAAAAAATG	STREME-6	8.0e-003	peak_97	15.56	tp	0
6-CACTGAAAAAAATG	STREME-6	8.0e-003	peak_8	15.49	tp	0
6-CACTGAAAAAAATG	STREME-6	8.0e-003	peak_408	15.47	tp	0
6-CACTGAAAAAAATG	STREME-6	8.0e-003	peak_56	15.47	tp	0
6-CACTGAAAAAAATG	STREME-6	8.0e-003	peak_486	15.34	tp	0
6-CACTGAAAAAAATG	STREME-6	8.0e-003	peak_580	15.33	tp	0
6-CACTGAAAAAAATG	STREME-6	8.0e-003	peak_462	15.33	tp	0
6-CACTGAAAAAAATG	STREME-6	8.0e-003	peak_303	15.29	tp	0
6-CACTGAAAAAAATG	STREME-6	8.0e-003	peak_86	15.27	tp	0
6-CACTGAAAAAAATG	STREME-6	8.0e-003	peak_248	15.27	tp	0
6-CACTGAAAAAAATG	STREME-6	8.0e-003	peak_405	15.25	tp	0
6-CACTGAAAAAAATG	STREME-6	8.0e-003	peak_467	15.24	tp	0
6-CACTGAAAAAAATG	STREME-6	8.0e-003	peak_508	15.16	tp	0
6-CACTGAAAAAAATG	STREME-6	8.0e-003	peak_28	15.14	tp	0
6-CACTGAAAAAAATG	STREME-6	8.0e-003	peak_103	15.13	tp	0
6-CACTGAAAAAAATG	STREME-6	8.0e-003	peak_260	15.10	tp	0
6-CACTGAAAAAAATG	STREME-6	8.0e-003	peak_517	14.98	tp	0
6-CACTGAAAAAAATG	STREME-6	8.0e-003	peak_548	14.98	tp	0
6-CACTGAAAAAAATG	STREME-6	8.0e-003	peak_84	14.96	tp	0
6-CACTGAAAAAAATG	STREME-6	8.0e-003	peak_503	14.91	tp	0
6-CACTGAAAAAAATG	STREME-6	8.0e-003	peak_505	14.83	tp	0
6-CACTGAAAAAAATG	STREME-6	8.0e-003	peak_465	14.68	tp	0
6-CACTGAAAAAAATG	STREME-6	8.0e-003	peak_567	14.68	tp	0
6-CACTGAAAAAAATG	STREME-6	8.0e-003	peak_597	14.63	tp	0
6-CACTGAAAAAAATG	STREME-6	8.0e-003	peak_41	14.61	tp	1
6-CACTGAAAAAAATG	STREME-6	8.0e-003	peak_206	14.60	tp	1
6-CACTGAAAAAAATG	STREME-6	8.0e-003	peak_171	14.52	tp	0
6-CACTGAAAAAAATG	STREME-6	8.0e-003	peak_312	14.52	tp	0
6-CACTGAAAAAAATG	STREME-6	8.0e-003	peak_546	14.49	tp	0
6-CACTGAAAAAAATG	STREME-6	8.0e-003	peak_429	14.45	tp	0
6-CACTGAAAAAAATG	STREME-6	8.0e-003	peak_419	14.45	tp	0
6-CACTGAAAAAAATG	STREME-6	8.0e-003	peak_468	14.35	tp	0
6-CACTGAAAAAAATG	STREME-6	8.0e-003	peak_296	14.26	tp	0
6-CACTGAAAAAAATG	STREME-6	8.0e-003	peak_102	14.13	tp	0
6-CACTGAAAAAAATG	STREME-6	8.0e-003	peak_275	14.04	tp	0
6-CACTGAAAAAAATG	STREME-6	8.0e-003	peak_83	14.01	tp	0
6-CACTGAAAAAAATG	STREME-6	8.0e-003	peak_561	14.01	tp	0
6-CACTGAAAAAAATG	STREME-6	8.0e-003	peak_568	13.94	tp	0
6-CACTGAAAAAAATG	STREME-6	8.0e-003	peak_404	13.92	tp	0
6-CACTGAAAAAAATG	STREME-6	8.0e-003	peak_543	13.90	tp	0
6-CACTGAAAAAAATG	STREME-6	8.0e-003	peak_385	13.86	tp	1
6-CACTGAAAAAAATG	STREME-6	8.0e-003	peak_395	13.77	tp	1
6-CACTGAAAAAAATG	STREME-6	8.0e-003	peak_69	13.61	tp	0
6-CACTGAAAAAAATG	STREME-6	8.0e-003	peak_58	13.54	tp	0
6-CACTGAAAAAAATG	STREME-6	8.0e-003	peak_573	13.52	tp	1
6-CACTGAAAAAAATG	STREME-6	8.0e-003	peak_511	13.41	tp	0
6-CACTGAAAAAAATG	STREME-6	8.0e-003	peak_614	13.40	tp	0
6-CACTGAAAAAAATG	STREME-6	8.0e-003	peak_287	13.38	tp	0
6-CACTGAAAAAAATG	STREME-6	8.0e-003	peak_449	13.38	tp	0
6-CACTGAAAAAAATG	STREME-6	8.0e-003	peak_577	13.37	tp	0
6-CACTGAAAAAAATG	STREME-6	8.0e-003	peak_255	13.33	tp	0
6-CACTGAAAAAAATG	STREME-6	8.0e-003	peak_520	13.32	tp	0
6-CACTGAAAAAAATG	STREME-6	8.0e-003	peak_250	13.29	tp	0
6-CACTGAAAAAAATG	STREME-6	8.0e-003	peak_41	13.26	fp	0
6-CACTGAAAAAAATG	STREME-6	8.0e-003	peak_569	13.23	tp	0
6-CACTGAAAAAAATG	STREME-6	8.0e-003	peak_30	13.23	tp	0
6-CACTGAAAAAAATG	STREME-6	8.0e-003	peak_487	13.20	tp	0
6-CACTGAAAAAAATG	STREME-6	8.0e-003	peak_412	13.17	tp	0
6-CACTGAAAAAAATG	STREME-6	8.0e-003	peak_270	13.11	tp	0
6-CACTGAAAAAAATG	STREME-6	8.0e-003	peak_349	13.09	tp	0
6-CACTGAAAAAAATG	STREME-6	8.0e-003	peak_93	13.05	tp	0
6-CACTGAAAAAAATG	STREME-6	8.0e-003	peak_536	13.00	tp	1
6-CACTGAAAAAAATG	STREME-6	8.0e-003	peak_112	12.99	tp	0
6-CACTGAAAAAAATG	STREME-6	8.0e-003	peak_441	12.99	tp	0
6-CACTGAAAAAAATG	STREME-6	8.0e-003	peak_52	12.95	tp	0
6-CACTGAAAAAAATG	STREME-6	8.0e-003	peak_82	12.94	tp	0
6-CACTGAAAAAAATG	STREME-6	8.0e-003	peak_265	12.93	tp	0
6-CACTGAAAAAAATG	STREME-6	8.0e-003	peak_102	12.90	fp	1
6-CACTGAAAAAAATG	STREME-6	8.0e-003	peak_200	12.88	fp	0
6-CACTGAAAAAAATG	STREME-6	8.0e-003	peak_264	12.85	tp	0
6-CACTGAAAAAAATG	STREME-6	8.0e-003	peak_149	12.83	tp	0
6-CACTGAAAAAAATG	STREME-6	8.0e-003	peak_240	12.82	tp	0
6-CACTGAAAAAAATG	STREME-6	8.0e-003	peak_409	12.81	tp	0
6-CACTGAAAAAAATG	STREME-6	8.0e-003	peak_452	12.81	fp	0
6-CACTGAAAAAAATG	STREME-6	8.0e-003	peak_432	12.78	tp	0
6-CACTGAAAAAAATG	STREME-6	8.0e-003	peak_197	12.70	tp	0
6-CACTGAAAAAAATG	STREME-6	8.0e-003	peak_12	12.63	tp	0
6-CACTGAAAAAAATG	STREME-6	8.0e-003	peak_444	12.61	tp	0
6-CACTGAAAAAAATG	STREME-6	8.0e-003	peak_360	12.58	tp	0
6-CACTGAAAAAAATG	STREME-6	8.0e-003	peak_382	12.58	tp	0
6-CACTGAAAAAAATG	STREME-6	8.0e-003	peak_397	12.58	tp	0
6-CACTGAAAAAAATG	STREME-6	8.0e-003	peak_386	12.57	fp	0
6-CACTGAAAAAAATG	STREME-6	8.0e-003	peak_172	12.51	tp	0
6-CACTGAAAAAAATG	STREME-6	8.0e-003	peak_450	12.51	tp	0
6-CACTGAAAAAAATG	STREME-6	8.0e-003	peak_470	12.49	tp	0
6-CACTGAAAAAAATG	STREME-6	8.0e-003	peak_88	12.47	tp	0
6-CACTGAAAAAAATG	STREME-6	8.0e-003	peak_294	12.47	tp	0
6-CACTGAAAAAAATG	STREME-6	8.0e-003	peak_374	12.43	tp	0
6-CACTGAAAAAAATG	STREME-6	8.0e-003	peak_276	12.34	fp	0
6-CACTGAAAAAAATG	STREME-6	8.0e-003	peak_291	12.24	tp	0
6-CACTGAAAAAAATG	STREME-6	8.0e-003	peak_205	12.19	tp	0
6-CACTGAAAAAAATG	STREME-6	8.0e-003	peak_222	12.18	fp	0
6-CACTGAAAAAAATG	STREME-6	8.0e-003	peak_192	12.16	tp	1
6-CACTGAAAAAAATG	STREME-6	8.0e-003	peak_487	12.10	fp	1
6-CACTGAAAAAAATG	STREME-6	8.0e-003	peak_100	12.09	tp	0
6-CACTGAAAAAAATG	STREME-6	8.0e-003	peak_244	12.05	tp	0
6-CACTGAAAAAAATG	STREME-6	8.0e-003	peak_288	11.98	tp	0
6-CACTGAAAAAAATG	STREME-6	8.0e-003	peak_169	11.92	tp	0
6-CACTGAAAAAAATG	STREME-6	8.0e-003	peak_604	11.91	tp	0
6-CACTGAAAAAAATG	STREME-6	8.0e-003	peak_390	11.88	tp	0
6-CACTGAAAAAAATG	STREME-6	8.0e-003	peak_147	11.84	tp	0
6-CACTGAAAAAAATG	STREME-6	8.0e-003	peak_40	11.79	tp	0
6-CACTGAAAAAAATG	STREME-6	8.0e-003	peak_589	11.78	tp	0
6-CACTGAAAAAAATG	STREME-6	8.0e-003	peak_440	11.75	tp	0
6-CACTGAAAAAAATG	STREME-6	8.0e-003	peak_233	11.60	tp	0
6-CACTGAAAAAAATG	STREME-6	8.0e-003	peak_269	11.52	tp	0
#
7-CAACAACAACT	STREME-7	8.0e-003	peak_297	18.34	tp	0
7-CAACAACAACT	STREME-7	8.0e-003	peak_489	18.34	tp	0
7-CAACAACAACT	STREME-7	8.0e-003	peak_8	18.34	tp	0
7-CAACAACAACT	STREME-7	8.0e-003	peak_492	17.40	tp	0
7-CAACAACAACT	STREME-7	8.0e-003	peak_6	17.20	tp	0
7-CAACAACAACT	STREME-7	8.0e-003	peak_106	17.20	tp	0
7-CAACAACAACT	STREME-7	8.0e-003	peak_153	17.20	tp	1
7-CAACAACAACT	STREME-7	8.0e-003	peak_268	17.20	tp	1
7-CAACAACAACT	STREME-7	8.0e-003	peak_543	16.52	tp	0
7-CAACAACAACT	STREME-7	8.0e-003	peak_503	16.52	tp	0
7-CAACAACAACT	STREME-7	8.0e-003	peak_460	16.52	tp	0
7-CAACAACAACT	STREME-7	8.0e-003	peak_384	16.52	tp	0
7-CAACAACAACT	STREME-7	8.0e-003	peak_502	15.69	tp	0
7-CAACAACAACT	STREME-7	8.0e-003	peak_1	15.69	tp	0
7-CAACAACAACT	STREME-7	8.0e-003	peak_59	15.69	tp	0
7-CAACAACAACT	STREME-7	8.0e-003	peak_46	15.60	tp	0
7-CAACAACAACT	STREME-7	8.0e-003	peak_366	15.60	tp	0
7-CAACAACAACT	STREME-7	8.0e-003	peak_199	15.58	tp	0
7-CAACAACAACT	STREME-7	8.0e-003	peak_88	15.58	tp	0
7-CAACAACAACT	STREME-7	8.0e-003	peak_593	15.58	tp	0
7-CAACAACAACT	STREME-7	8.0e-003	peak_214	15.58	tp	0
7-CAACAACAACT	STREME-7	8.0e-003	peak_566	15.58	tp	0
7-CAACAACAACT	STREME-7	8.0e-003	peak_116	15.38	tp	0
7-CAACAACAACT	STREME-7	8.0e-003	peak_175	15.38	tp	0
7-CAACAACAACT	STREME-7	8.0e-003	peak_19	15.38	tp	0
7-CAACAACAACT	STREME-7	8.0e-003	peak_556	15.38	tp	0
7-CAACAACAACT	STREME-7	8.0e-003	peak_364	14.90	fp	0
7-CAACAACAACT	STREME-7	8.0e-003	peak_459	14.81	tp	0
7-CAACAACAACT	STREME-7	8.0e-003	peak_135	14.81	tp	1
7-CAACAACAACT	STREME-7	8.0e-003	peak_321	14.75	tp	0
7-CAACAACAACT	STREME-7	8.0e-003	peak_3	14.75	tp	0
7-CAACAACAACT	STREME-7	8.0e-003	peak_178	14.75	tp	0
7-CAACAACAACT	STREME-7	8.0e-003	peak_7	14.62	tp	0
7-CAACAACAACT	STREME-7	8.0e-003	peak_508	14.55	tp	0
7-CAACAACAACT	STREME-7	8.0e-003	peak_173	14.55	tp	0
7-CAACAACAACT	STREME-7	8.0e-003	peak_409	14.55	tp	0
7-CAACAACAACT	STREME-7	8.0e-003	peak_293	14.55	tp	0
7-CAACAACAACT	STREME-7	8.0e-003	peak_418	14.55	tp	0
7-CAACAACAACT	STREME-7	8.0e-003	peak_415	14.55	fp	0
7-CAACAACAACT	STREME-7	8.0e-003	peak_275	14.29	tp	0
7-CAACAACAACT	STREME-7	8.0e-003	peak_516	14.29	tp	0
7-CAACAACAACT	STREME-7	8.0e-003	peak_165	14.29	tp	0
7-CAACAACAACT	STREME-7	8.0e-003	peak_510	14.13	tp	0
7-CAACAACAACT	STREME-7	8.0e-003	peak_80	14.13	tp	0
7-CAACAACAACT	STREME-7	8.0e-003	peak_539	14.09	tp	0
7-CAACAACAACT	STREME-7	8.0e-003	peak_359	14.00	fp	0
7-CAACAACAACT	STREME-7	8.0e-003	peak_420	13.95	tp	0
7-CAACAACAACT	STREME-7	8.0e-003	peak_427	13.88	tp	0
7-CAACAACAACT	STREME-7	8.0e-003	peak_338	13.79	fp	0
7-CAACAACAACT	STREME-7	8.0e-003	peak_571	13.79	tp	1
7-CAACAACAACT	STREME-7	8.0e-003	peak_440	13.75	tp	0
7-CAACAACAACT	STREME-7	8.0e-003	peak_444	13.75	tp	0
7-CAACAACAACT	STREME-7	8.0e-003	peak_177	13.75	tp	0
7-CAACAACAACT	STREME-7	8.0e-003	peak_292	13.70	tp	0
7-CAACAACAACT	STREME-7	8.0e-003	peak_494	13.70	fp	0
7-CAACAACAACT	STREME-7	8.0e-003	peak_585	13.64	tp	0
7-CAACAACAACT	STREME-7	8.0e-003	peak_520	13.42	tp	0
7-CAACAACAACT	STREME-7	8.0e-003	peak_463	13.30	tp	0
7-CAACAACAACT	STREME-7	8.0e-003	peak_312	13.30	tp	0
7-CAACAACAACT	STREME-7	8.0e-003	peak_290	13.24	fp	0
7-CAACAACAACT	STREME-7	8.0e-003	peak_472	13.08	tp	0
7-CAACAACAACT	STREME-7	8.0e-003	peak_358	13.08	tp	0
7-CAACAACAACT	STREME-7	8.0e-003	peak_302	13.06	tp	0
7-CAACAACAACT	STREME-7	8.0e-003	peak_280	13.05	tp	0
7-CAACAACAACT	STREME-7	8.0e-003	peak_109	13.05	tp	0
7-CAACAACAACT	STREME-7	8.0e-003	peak_37	13.05	tp	0
7-CAACAACAACT	STREME-7	8.0e-003	peak_166	12.99	tp	0
7-CAACAACAACT	STREME-7	8.0e-003	peak_64	12.97	tp	0
7-CAACAACAACT	STREME-7	8.0e-003	peak_121	12.97	tp	0
7-CAACAACAACT	STREME-7	8.0e-003	peak_17	12.96	fp	0
7-CAACAACAACT	STREME-7	8.0e-003	peak_380	12.94	tp	0
7-CAACAACAACT	STREME-7	8.0e-003	peak_171	12.94	fp	0
7-CAACAACAACT	STREME-7	8.0e-003	peak_277	12.94	fp	0
7-CAACAACAACT	STREME-7	8.0e-003	peak_77	12.86	tp	0
7-CAACAACAACT	STREME-7	8.0e-003	peak_553	12.86	tp	0
7-CAACAACAACT	STREME-7	8.0e-003	peak_189	12.86	tp	1
7-CAACAACAACT	STREME-7	8.0e-003	peak_419	12.86	fp	1
7-CAACAACAACT	STREME-7	8.0e-003	peak_538	12.83	tp	0
7-CAACAACAACT	STREME-7	8.0e-003	peak_212	12.76	tp	0
7-CAACAACAACT	STREME-7	8.0e-003	peak_393	12.58	tp	0
7-CAACAACAACT	STREME-7	8.0e-003	peak_530	12.58	tp	0
7-CAACAACAACT	STREME-7	8.0e-003	peak_245	12.58	fp	0
7-CAACAACAACT	STREME-7	8.0e-003	peak_328	12.57	tp	1
7-CAACAACAACT	STREME-7	8.0e-003	peak_430	12.55	tp	0
7-CAACAACAACT	STREME-7	8.0e-003	peak_577	12.50	tp	0
7-CAACAACAACT	STREME-7	8.0e-003	peak_34	12.50	tp	0
7-CAACAACAACT	STREME-7	8.0e-003	peak_234	12.37	tp	1
7-CAACAACAACT	STREME-7	8.0e-003	peak_282	12.36	tp	0
7-CAACAACAACT	STREME-7	8.0e-003	peak_495	12.35	tp	0
7-CAACAACAACT	STREME-7	8.0e-003	peak_363	12.30	fp	0
7-CAACAACAACT	STREME-7	8.0e-003	peak_554	12.25	tp	0
7-CAACAACAACT	STREME-7	8.0e-003	peak_377	12.23	tp	0
7-CAACAACAACT	STREME-7	8.0e-003	peak_313	12.23	fp	0
7-CAACAACAACT	STREME-7	8.0e-003	peak_437	12.19	tp	0
7-CAACAACAACT	STREME-7	8.0e-003	peak_570	12.16	tp	0
7-CAACAACAACT	STREME-7	8.0e-003	peak_257	12.16	fp	0
7-CAACAACAACT	STREME-7	8.0e-003	peak_102	12.16	tp	0
7-CAACAACAACT	STREME-7	8.0e-003	peak_274	12.14	tp	0
7-CAACAACAACT	STREME-7	8.0e-003	peak_250	12.10	tp	0
7-CAACAACAACT	STREME-7	8.0e-003	peak_534	12.10	tp	1
7-CAACAACAACT	STREME-7	8.0e-003	peak_84	11.97	tp	0
7-CAACAACAACT	STREME-7	8.0e-003	peak_427	11.95	fp	0
7-CAACAACAACT	STREME-7	8.0e-003	peak_17	11.93	tp	0
7-CAACAACAACT	STREME-7	8.0e-003	peak_334	11.93	tp	1
7-CAACAACAACT	STREME-7	8.0e-003	peak_551	11.83	tp	0
7-CAACAACAACT	STREME-7	8.0e-003	peak_461	11.79	tp	0
7-CAACAACAACT	STREME-7	8.0e-003	peak_55	11.79	tp	0
7-CAACAACAACT	STREME-7	8.0e-003	peak_374	11.79	tp	0
7-CAACAACAACT	STREME-7	8.0e-003	peak_602	11.79	fp	1
7-CAACAACAACT	STREME-7	8.0e-003	peak_278	11.73	tp	0
7-CAACAACAACT	STREME-7	8.0e-003	peak_29	11.73	fp	0
7-CAACAACAACT	STREME-7	8.0e-003	peak_75	11.73	tp	0
7-CAACAACAACT	STREME-7	8.0e-003	peak_297	11.69	fp	0
7-CAACAACAACT	STREME-7	8.0e-003	peak_57	11.68	tp	0
7-CAACAACAACT	STREME-7	8.0e-003	peak_402	11.64	tp	0
7-CAACAACAACT	STREME-7	8.0e-003	peak_68	11.61	tp	0
7-CAACAACAACT	STREME-7	8.0e-003	peak_240	11.57	tp	0
7-CAACAACAACT	STREME-7	8.0e-003	peak_574	11.51	fp	0
7-CAACAACAACT	STREME-7	8.0e-003	peak_305	11.49	tp	0
7-CAACAACAACT	STREME-7	8.0e-003	peak_179	11.44	fp	0
7-CAACAACAACT	STREME-7	8.0e-003	peak_493	11.43	tp	0
7-CAACAACAACT	STREME-7	8.0e-003	peak_210	11.42	tp	0
7-CAACAACAACT	STREME-7	8.0e-003	peak_322	11.42	tp	0
7-CAACAACAACT	STREME-7	8.0e-003	peak_363	11.40	tp	0
7-CAACAACAACT	STREME-7	8.0e-003	peak_222	11.36	tp	0
7-CAACAACAACT	STREME-7	8.0e-003	peak_499	11.36	tp	0
7-CAACAACAACT	STREME-7	8.0e-003	peak_137	11.36	fp	0
7-CAACAACAACT	STREME-7	8.0e-003	peak_25	11.31	tp	0
7-CAACAACAACT	STREME-7	8.0e-003	peak_458	11.31	tp	0
7-CAACAACAACT	STREME-7	8.0e-003	peak_403	11.28	tp	0
7-CAACAACAACT	STREME-7	8.0e-003	peak_433	11.25	tp	0
7-CAACAACAACT	STREME-7	8.0e-003	peak_174	11.20	tp	0
7-CAACAACAACT	STREME-7	8.0e-003	peak_91	11.14	tp	0
7-CAACAACAACT	STREME-7	8.0e-003	peak_353	11.14	fp	0
7-CAACAACAACT	STREME-7	8.0e-003	peak_411	11.12	tp	0
7-CAACAACAACT	STREME-7	8.0e-003	peak_186	11.12	tp	0
7-CAACAACAACT	STREME-7	8.0e-003	peak_113	11.11	fp	0
7-CAACAACAACT	STREME-7	8.0e-003	peak_421	11.10	fp	0
7-CAACAACAACT	STREME-7	8.0e-003	peak_423	11.09	tp	0
7-CAACAACAACT	STREME-7	8.0e-003	peak_267	11.06	tp	0
7-CAACAACAACT	STREME-7	8.0e-003	peak_580	11.04	tp	0
7-CAACAACAACT	STREME-7	8.0e-003	peak_244	11.03	tp	0
7-CAACAACAACT	STREME-7	8.0e-003	peak_135	11.03	fp	0
7-CAACAACAACT	STREME-7	8.0e-003	peak_407	11.00	tp	0
7-CAACAACAACT	STREME-7	8.0e-003	peak_282	11.00	fp	0
7-CAACAACAACT	STREME-7	8.0e-003	peak_609	10.99	fp	0
7-CAACAACAACT	STREME-7	8.0e-003	peak_30	10.96	tp	0
7-CAACAACAACT	STREME-7	8.0e-003	peak_526	10.95	tp	0
7-CAACAACAACT	STREME-7	8.0e-003	peak_397	10.92	tp	0
7-CAACAACAACT	STREME-7	8.0e-003	peak_284	10.92	tp	0
7-CAACAACAACT	STREME-7	8.0e-003	peak_172	10.92	tp	0
7-CAACAACAACT	STREME-7	8.0e-003	peak_395	10.89	tp	1
7-CAACAACAACT	STREME-7	8.0e-003	peak_507	10.85	tp	0
7-CAACAACAACT	STREME-7	8.0e-003	peak_462	10.85	tp	0
7-CAACAACAACT	STREME-7	8.0e-003	peak_107	10.83	tp	0
7-CAACAACAACT	STREME-7	8.0e-003	peak_540	10.83	tp	1
7-CAACAACAACT	STREME-7	8.0e-003	peak_606	10.83	tp	0
7-CAACAACAACT	STREME-7	8.0e-003	peak_158	10.78	tp	0
#
8-CGCTCTCT	STREME-8	8.3e-003	peak_402	16.37	tp	0
8-CGCTCTCT	STREME-8	8.3e-003	peak_278	16.37	tp	0
8-CGCTCTCT	STREME-8	8.3e-003	peak_440	16.37	tp	0
8-CGCTCTCT	STREME-8	8.3e-003	peak_550	16.37	tp	0
8-CGCTCTCT	STREME-8	8.3e-003	peak_120	16.37	tp	0
8-CGCTCTCT	STREME-8	8.3e-003	peak_372	16.37	tp	0
8-CGCTCTCT	STREME-8	8.3e-003	peak_73	16.37	tp	0
8-CGCTCTCT	STREME-8	8.3e-003	peak_127	16.37	tp	0
8-CGCTCTCT	STREME-8	8.3e-003	peak_408	16.37	tp	0
8-CGCTCTCT	STREME-8	8.3e-003	peak_178	16.37	tp	0
8-CGCTCTCT	STREME-8	8.3e-003	peak_102	16.37	tp	0
8-CGCTCTCT	STREME-8	8.3e-003	peak_265	16.37	tp	0
8-CGCTCTCT	STREME-8	8.3e-003	peak_87	16.37	tp	0
8-CGCTCTCT	STREME-8	8.3e-003	peak_608	16.37	tp	0
8-CGCTCTCT	STREME-8	8.3e-003	peak_61	16.37	tp	0
8-CGCTCTCT	STREME-8	8.3e-003	peak_258	16.37	tp	0
8-CGCTCTCT	STREME-8	8.3e-003	peak_479	16.37	tp	0
8-CGCTCTCT	STREME-8	8.3e-003	peak_520	16.37	tp	0
8-CGCTCTCT	STREME-8	8.3e-003	peak_392	16.37	tp	0
8-CGCTCTCT	STREME-8	8.3e-003	peak_345	16.37	tp	0
8-CGCTCTCT	STREME-8	8.3e-003	peak_312	16.37	tp	0
8-CGCTCTCT	STREME-8	8.3e-003	peak_151	16.37	tp	0
8-CGCTCTCT	STREME-8	8.3e-003	peak_211	16.37	tp	0
8-CGCTCTCT	STREME-8	8.3e-003	peak_46	16.37	tp	0
8-CGCTCTCT	STREME-8	8.3e-003	peak_486	16.37	tp	0
8-CGCTCTCT	STREME-8	8.3e-003	peak_522	16.37	tp	0
8-CGCTCTCT	STREME-8	8.3e-003	peak_230	16.37	tp	0
8-CGCTCTCT	STREME-8	8.3e-003	peak_459	16.37	tp	0
8-CGCTCTCT	STREME-8	8.3e-003	peak_343	16.37	tp	0
8-CGCTCTCT	STREME-8	8.3e-003	peak_92	16.37	tp	0
8-CGCTCTCT	STREME-8	8.3e-003	peak_507	16.37	fp	0
8-CGCTCTCT	STREME-8	8.3e-003	peak_400	16.37	fp	0
8-CGCTCTCT	STREME-8	8.3e-003	peak_2	16.37	fp	0
8-CGCTCTCT	STREME-8	8.3e-003	peak_385	16.37	tp	1
8-CGCTCTCT	STREME-8	8.3e-003	peak_192	16.37	tp	1
8-CGCTCTCT	STREME-8	8.3e-003	peak_571	16.37	tp	1
8-CGCTCTCT	STREME-8	8.3e-003	peak_234	16.37	fp	1
8-CGCTCTCT	STREME-8	8.3e-003	peak_544	15.00	tp	0
8-CGCTCTCT	STREME-8	8.3e-003	peak_57	15.00	tp	0
8-CGCTCTCT	STREME-8	8.3e-003	peak_186	15.00	tp	0
8-CGCTCTCT	STREME-8	8.3e-003	peak_169	15.00	tp	0
8-CGCTCTCT	STREME-8	8.3e-003	peak_436	15.00	tp	0
8-CGCTCTCT	STREME-8	8.3e-003	peak_524	15.00	tp	1
8-CGCTCTCT	STREME-8	8.3e-003	peak_135	15.00	tp	1
8-CGCTCTCT	STREME-8	8.3e-003	peak_331	15.00	tp	1
8-CGCTCTCT	STREME-8	8.3e-003	peak_454	15.00	tp	1
8-CGCTCTCT	STREME-8	8.3e-003	peak_5	14.16	tp	0
8-CGCTCTCT	STREME-8	8.3e-003	peak_509	14.16	tp	0
8-CGCTCTCT	STREME-8	8.3e-003	peak_394	14.16	tp	0
8-CGCTCTCT	STREME-8	8.3e-003	peak_225	14.16	tp	0
8-CGCTCTCT	STREME-8	8.3e-003	peak_185	14.16	tp	0
8-CGCTCTCT	STREME-8	8.3e-003	peak_581	14.16	tp	0
8-CGCTCTCT	STREME-8	8.3e-003	peak_272	14.16	fp	0
8-CGCTCTCT	STREME-8	8.3e-003	peak_550	14.16	fp	0
8-CGCTCTCT	STREME-8	8.3e-003	peak_48	14.16	tp	1
8-CGCTCTCT	STREME-8	8.3e-003	peak_153	14.16	tp	1
#
9-GGCWGCC	STREME-9	1.1e-002	peak_513	12.69	tp	0
9-GGCWGCC	STREME-9	1.1e-002	peak_362	12.69	tp	0
9-GGCWGCC	STREME-9	1.1e-002	peak_245	12.69	tp	0
9-GGCWGCC	STREME-9	1.1e-002	peak_193	12.69	tp	0
9-GGCWGCC	STREME-9	1.1e-002	peak_200	12.69	tp	0
9-GGCWGCC	STREME-9	1.1e-002	peak_451	12.69	tp	0
9-GGCWGCC	STREME-9	1.1e-002	peak_238	12.69	tp	0
9-GGCWGCC	STREME-9	1.1e-002	peak_3	12.69	tp	0
9-GGCWGCC	STREME-9	1.1e-002	peak_34	12.69	tp	0
9-GGCWGCC	STREME-9	1.1e-002	peak_480	12.69	tp	0
9-GGCWGCC	STREME-9	1.1e-002	peak_37	12.69	tp	0
9-GGCWGCC	STREME-9	1.1e-002	peak_79	12.69	tp	0
9-GGCWGCC	STREME-9	1.1e-002	peak_241	12.69	tp	0
9-GGCWGCC	STREME-9	1.1e-002	peak_490	12.69	tp	0
9-GGCWGCC	STREME-9	1.1e-002	peak_483	12.69	fp	0
9-GGCWGCC	STREME-9	1.1e-002	peak_247	12.69	fp	0
9-GGCWGCC	STREME-9	1.1e-002	peak_380	12.69	fp	0
9-GGCWGCC	STREME-9	1.1e-002	peak_540	12.69	fp	0
9-GGCWGCC	STREME-9	1.1e-002	peak_342	12.69	fp	0
9-GGCWGCC	STREME-9	1.1e-002	peak_147	12.69	fp	0
9-GGCWGCC	STREME-9	1.1e-002	peak_35	12.69	fp	0
9-GGCWGCC	STREME-9	1.1e-002	peak_607	12.69	fp	0
9-GGCWGCC	STREME-9	1.1e-002	peak_542	12.69	fp	1
9-GGCWGCC	STREME-9	1.1e-002	peak_276	11.93	tp	0
9-GGCWGCC	STREME-9	1.1e-002	peak_70	11.93	tp	0
9-GGCWGCC	STREME-9	1.1e-002	peak_73	11.93	tp	0
9-GGCWGCC	STREME-9	1.1e-002	peak_489	11.93	tp	0
9-GGCWGCC	STREME-9	1.1e-002	peak_352	11.93	tp	0
9-GGCWGCC	STREME-9	1.1e-002	peak_18	11.93	tp	0
9-GGCWGCC	STREME-9	1.1e-002	peak_355	11.93	tp	0
9-GGCWGCC	STREME-9	1.1e-002	peak_598	11.93	tp	0
9-GGCWGCC	STREME-9	1.1e-002	peak_160	11.93	tp	0
9-GGCWGCC	STREME-9	1.1e-002	peak_311	11.93	tp	0
9-GGCWGCC	STREME-9	1.1e-002	peak_62	11.93	fp	0
9-GGCWGCC	STREME-9	1.1e-002	peak_187	11.93	fp	0
9-GGCWGCC	STREME-9	1.1e-002	peak_309	11.93	fp	0
9-GGCWGCC	STREME-9	1.1e-002	peak_419	11.93	fp	1
9-GGCWGCC	STREME-9	1.1e-002	peak_315	11.53	tp	0
9-GGCWGCC	STREME-9	1.1e-002	peak_382	11.53	tp	0
9-GGCWGCC	STREME-9	1.1e-002	peak_81	11.53	tp	0
9-GGCWGCC	STREME-9	1.1e-002	peak_483	11.53	tp	0
9-GGCWGCC	STREME-9	1.1e-002	peak_19	11.53	tp	0
9-GGCWGCC	STREME-9	1.1e-002	peak_370	11.53	tp	0
9-GGCWGCC	STREME-9	1.1e-002	peak_554	11.53	tp	0
9-GGCWGCC	STREME-9	1.1e-002	peak_408	11.53	tp	0
9-GGCWGCC	STREME-9	1.1e-002	peak_447	11.53	tp	0
9-GGCWGCC	STREME-9	1.1e-002	peak_285	11.53	tp	0
9-GGCWGCC	STREME-9	1.1e-002	peak_508	11.53	tp	0
9-GGCWGCC	STREME-9	1.1e-002	peak_567	11.53	tp	0
9-GGCWGCC	STREME-9	1.1e-002	peak_242	11.53	tp	0
9-GGCWGCC	STREME-9	1.1e-002	peak_1	11.53	tp	0
9-GGCWGCC	STREME-9	1.1e-002	peak_353	11.53	tp	0
9-GGCWGCC	STREME-9	1.1e-002	peak_527	11.53	tp	0
9-GGCWGCC	STREME-9	1.1e-002	peak_185	11.53	tp	0
9-GGCWGCC	STREME-9	1.1e-002	peak_188	11.53	tp	0
9-GGCWGCC	STREME-9	1.1e-002	peak_182	11.53	tp	0
9-GGCWGCC	STREME-9	1.1e-002	peak_431	11.53	tp	0
9-GGCWGCC	STREME-9	1.1e-002	peak_272	11.53	tp	0
9-GGCWGCC	STREME-9	1.1e-002	peak_363	11.53	tp	0
9-GGCWGCC	STREME-9	1.1e-002	peak_376	11.53	tp	0
9-GGCWGCC	STREME-9	1.1e-002	peak_289	11.53	tp	0
9-GGCWGCC	STREME-9	1.1e-002	peak_166	11.53	tp	0
9-GGCWGCC	STREME-9	1.1e-002	peak_249	11.53	tp	0
9-GGCWGCC	STREME-9	1.1e-002	peak_4	11.53	tp	0
9-GGCWGCC	STREME-9	1.1e-002	peak_556	11.53	tp	0
9-GGCWGCC	STREME-9	1.1e-002	peak_191	11.53	tp	0
9-GGCWGCC	STREME-9	1.1e-002	peak_552	11.53	tp	0
9-GGCWGCC	STREME-9	1.1e-002	peak_404	11.53	tp	0
9-GGCWGCC	STREME-9	1.1e-002	peak_455	11.53	tp	0
9-GGCWGCC	STREME-9	1.1e-002	peak_472	11.53	tp	0
9-GGCWGCC	STREME-9	1.1e-002	peak_414	11.53	tp	0
9-GGCWGCC	STREME-9	1.1e-002	peak_295	11.53	fp	0
9-GGCWGCC	STREME-9	1.1e-002	peak_490	11.53	fp	0
9-GGCWGCC	STREME-9	1.1e-002	peak_128	11.53	fp	0
9-GGCWGCC	STREME-9	1.1e-002	peak_111	11.53	fp	0
9-GGCWGCC	STREME-9	1.1e-002	peak_272	11.53	fp	0
9-GGCWGCC	STREME-9	1.1e-002	peak_343	11.53	fp	0
9-GGCWGCC	STREME-9	1.1e-002	peak_541	11.53	fp	0
9-GGCWGCC	STREME-9	1.1e-002	peak_228	11.53	fp	0
9-GGCWGCC	STREME-9	1.1e-002	peak_173	11.53	fp	0
9-GGCWGCC	STREME-9	1.1e-002	peak_323	11.53	fp	0
9-GGCWGCC	STREME-9	1.1e-002	peak_189	11.53	tp	1
9-GGCWGCC	STREME-9	1.1e-002	peak_41	11.53	tp	1
9-GGCWGCC	STREME-9	1.1e-002	peak_326	10.77	tp	0
9-GGCWGCC	STREME-9	1.1e-002	peak_216	10.77	tp	0
9-GGCWGCC	STREME-9	1.1e-002	peak_541	10.77	tp	0
9-GGCWGCC	STREME-9	1.1e-002	peak_365	10.77	tp	0
9-GGCWGCC	STREME-9	1.1e-002	peak_593	10.77	tp	0
9-GGCWGCC	STREME-9	1.1e-002	peak_237	10.77	tp	0
9-GGCWGCC	STREME-9	1.1e-002	peak_580	10.77	tp	0
9-GGCWGCC	STREME-9	1.1e-002	peak_129	10.77	tp	0
9-GGCWGCC	STREME-9	1.1e-002	peak_499	10.77	tp	0
9-GGCWGCC	STREME-9	1.1e-002	peak_374	10.77	tp	0
9-GGCWGCC	STREME-9	1.1e-002	peak_125	10.77	tp	0
9-GGCWGCC	STREME-9	1.1e-002	peak_286	10.77	tp	0
9-GGCWGCC	STREME-9	1.1e-002	peak_148	10.77	tp	0
9-GGCWGCC	STREME-9	1.1e-002	peak_310	10.77	tp	0
9-GGCWGCC	STREME-9	1.1e-002	peak_99	10.77	fp	0
9-GGCWGCC	STREME-9	1.1e-002	peak_113	10.77	fp	0
9-GGCWGCC	STREME-9	1.1e-002	peak_73	10.77	fp	0
9-GGCWGCC	STREME-9	1.1e-002	peak_521	10.77	fp	0
9-GGCWGCC	STREME-9	1.1e-002	peak_411	10.77	fp	0
9-GGCWGCC	STREME-9	1.1e-002	peak_582	10.77	fp	0
9-GGCWGCC	STREME-9	1.1e-002	peak_38	10.77	fp	0
9-GGCWGCC	STREME-9	1.1e-002	peak_139	10.77	fp	0
9-GGCWGCC	STREME-9	1.1e-002	peak_524	10.77	tp	1
9-GGCWGCC	STREME-9	1.1e-002	peak_432	10.37	tp	0
9-GGCWGCC	STREME-9	1.1e-002	peak_207	10.37	tp	0
9-GGCWGCC	STREME-9	1.1e-002	peak_171	10.37	tp	0
9-GGCWGCC	STREME-9	1.1e-002	peak_233	10.37	tp	0
9-GGCWGCC	STREME-9	1.1e-002	peak_390	10.37	tp	0
9-GGCWGCC	STREME-9	1.1e-002	peak_463	10.37	tp	0
9-GGCWGCC	STREME-9	1.1e-002	peak_54	10.37	tp	0
9-GGCWGCC	STREME-9	1.1e-002	peak_422	10.37	tp	0
9-GGCWGCC	STREME-9	1.1e-002	peak_329	10.37	tp	0
9-GGCWGCC	STREME-9	1.1e-002	peak_486	10.37	tp	0
9-GGCWGCC	STREME-9	1.1e-002	peak_92	10.37	tp	0
9-GGCWGCC	STREME-9	1.1e-002	peak_140	10.37	tp	0
9-GGCWGCC	STREME-9	1.1e-002	peak_165	10.37	tp	0
9-GGCWGCC	STREME-9	1.1e-002	peak_10	10.37	tp	0
9-GGCWGCC	STREME-9	1.1e-002	peak_239	10.37	fp	0
9-GGCWGCC	STREME-9	1.1e-002	peak_516	10.37	fp	0
9-GGCWGCC	STREME-9	1.1e-002	peak_404	10.37	fp	0
9-GGCWGCC	STREME-9	1.1e-002	peak_346	10.37	fp	0
9-GGCWGCC	STREME-9	1.1e-002	peak_64	10.37	fp	0
9-GGCWGCC	STREME-9	1.1e-002	peak_296	10.37	fp	0
9-GGCWGCC	STREME-9	1.1e-002	peak_306	10.37	fp	0
9-GGCWGCC	STREME-9	1.1e-002	peak_517	10.37	fp	0
9-GGCWGCC	STREME-9	1.1e-002	peak_430	10.37	fp	0
9-GGCWGCC	STREME-9	1.1e-002	peak_52	10.37	fp	0
9-GGCWGCC	STREME-9	1.1e-002	peak_24	10.37	tp	1
9-GGCWGCC	STREME-9	1.1e-002	peak_142	10.37	tp	1
9-GGCWGCC	STREME-9	1.1e-002	peak_166	10.37	fp	1
9-GGCWGCC	STREME-9	1.1e-002	peak_606	10.16	tp	0
9-GGCWGCC	STREME-9	1.1e-002	peak_600	10.16	tp	0
9-GGCWGCC	STREME-9	1.1e-002	peak_77	10.16	tp	0
9-GGCWGCC	STREME-9	1.1e-002	peak_98	10.16	tp	0
9-GGCWGCC	STREME-9	1.1e-002	peak_441	10.16	tp	0
9-GGCWGCC	STREME-9	1.1e-002	peak_346	10.16	tp	0
9-GGCWGCC	STREME-9	1.1e-002	peak_350	10.16	tp	0
9-GGCWGCC	STREME-9	1.1e-002	peak_265	10.16	tp	0
9-GGCWGCC	STREME-9	1.1e-002	peak_403	10.16	tp	0
9-GGCWGCC	STREME-9	1.1e-002	peak_557	10.16	tp	0
9-GGCWGCC	STREME-9	1.1e-002	peak_62	10.16	tp	0
9-GGCWGCC	STREME-9	1.1e-002	peak_90	10.16	tp	0
9-GGCWGCC	STREME-9	1.1e-002	peak_269	10.16	tp	0
9-GGCWGCC	STREME-9	1.1e-002	peak_416	10.16	tp	0
9-GGCWGCC	STREME-9	1.1e-002	peak_107	10.16	tp	0
9-GGCWGCC	STREME-9	1.1e-002	peak_109	10.16	tp	0
9-GGCWGCC	STREME-9	1.1e-002	peak_594	10.16	tp	0
9-GGCWGCC	STREME-9	1.1e-002	peak_458	10.16	tp	0
9-GGCWGCC	STREME-9	1.1e-002	peak_517	10.16	tp	0
9-GGCWGCC	STREME-9	1.1e-002	peak_530	10.16	tp	0
9-GGCWGCC	STREME-9	1.1e-002	peak_155	10.16	tp	0
9-GGCWGCC	STREME-9	1.1e-002	peak_252	10.16	tp	0
9-GGCWGCC	STREME-9	1.1e-002	peak_112	10.16	tp	0
9-GGCWGCC	STREME-9	1.1e-002	peak_273	10.16	tp	0
9-GGCWGCC	STREME-9	1.1e-002	peak_212	10.16	tp	0
9-GGCWGCC	STREME-9	1.1e-002	peak_424	10.16	tp	0
9-GGCWGCC	STREME-9	1.1e-002	peak_459	10.16	tp	0
9-GGCWGCC	STREME-9	1.1e-002	peak_281	10.16	tp	0
9-GGCWGCC	STREME-9	1.1e-002	peak_542	10.16	tp	0
9-GGCWGCC	STREME-9	1.1e-002	peak_162	10.16	tp	0
9-GGCWGCC	STREME-9	1.1e-002	peak_603	10.16	tp	0
9-GGCWGCC	STREME-9	1.1e-002	peak_606	10.16	fp	0
9-GGCWGCC	STREME-9	1.1e-002	peak_436	10.16	fp	0
9-GGCWGCC	STREME-9	1.1e-002	peak_121	10.16	fp	0
9-GGCWGCC	STREME-9	1.1e-002	peak_462	10.16	fp	0
9-GGCWGCC	STREME-9	1.1e-002	peak_122	10.16	fp	0
9-GGCWGCC	STREME-9	1.1e-002	peak_494	10.16	fp	0
9-GGCWGCC	STREME-9	1.1e-002	peak_528	10.16	fp	0
9-GGCWGCC	STREME-9	1.1e-002	peak_551	10.16	fp	0
9-GGCWGCC	STREME-9	1.1e-002	peak_484	10.16	fp	0
9-GGCWGCC	STREME-9	1.1e-002	peak_481	10.16	fp	0
9-GGCWGCC	STREME-9	1.1e-002	peak_378	10.16	fp	0
9-GGCWGCC	STREME-9	1.1e-002	peak_200	10.16	fp	0
9-GGCWGCC	STREME-9	1.1e-002	peak_559	10.16	tp	1
9-GGCWGCC	STREME-9	1.1e-002	peak_49	10.16	tp	1
9-GGCWGCC	STREME-9	1.1e-002	peak_213	10.16	tp	1
9-GGCWGCC	STREME-9	1.1e-002	peak_220	10.16	tp	1
9-GGCWGCC	STREME-9	1.1e-002	peak_456	10.16	tp	1
9-GGCWGCC	STREME-9	1.1e-002	peak_533	10.16	tp	1
9-GGCWGCC	STREME-9	1.1e-002	peak_237	10.16	fp	1
9-GGCWGCC	STREME-9	1.1e-002	peak_409	10.16	fp	1
9-GGCWGCC	STREME-9	1.1e-002	peak_457	9.60	tp	0
9-GGCWGCC	STREME-9	1.1e-002	peak_63	9.60	tp	0
9-GGCWGCC	STREME-9	1.1e-002	peak_254	9.60	tp	0
9-GGCWGCC	STREME-9	1.1e-002	peak_211	9.60	tp	0
9-GGCWGCC	STREME-9	1.1e-002	peak_592	9.60	tp	0
9-GGCWGCC	STREME-9	1.1e-002	peak_505	9.60	fp	0
9-GGCWGCC	STREME-9	1.1e-002	peak_301	9.60	fp	0
9-GGCWGCC	STREME-9	1.1e-002	peak_9	9.60	fp	0
9-GGCWGCC	STREME-9	1.1e-002	peak_416	9.60	fp	1
9-GGCWGCC	STREME-9	1.1e-002	peak_246	9.39	tp	0
9-GGCWGCC	STREME-9	1.1e-002	peak_383	9.39	tp	0
9-GGCWGCC	STREME-9	1.1e-002	peak_511	9.39	tp	0
9-GGCWGCC	STREME-9	1.1e-002	peak_198	9.39	tp	0
9-GGCWGCC	STREME-9	1.1e-002	peak_149	9.39	tp	0
9-GGCWGCC	STREME-9	1.1e-002	peak_364	9.39	tp	0
9-GGCWGCC	STREME-9	1.1e-002	peak_496	9.39	tp	0
9-GGCWGCC	STREME-9	1.1e-002	peak_417	9.39	tp	0
9-GGCWGCC	STREME-9	1.1e-002	peak_176	9.39	tp	0
9-GGCWGCC	STREME-9	1.1e-002	peak_283	9.39	tp	0
9-GGCWGCC	STREME-9	1.1e-002	peak_381	9.39	tp	0
9-GGCWGCC	STREME-9	1.1e-002	peak_421	9.39	tp	0
9-GGCWGCC	STREME-9	1.1e-002	peak_291	9.39	tp	0
9-GGCWGCC	STREME-9	1.1e-002	peak_336	9.39	tp	0
9-GGCWGCC	STREME-9	1.1e-002	peak_415	9.39	tp	0
9-GGCWGCC	STREME-9	1.1e-002	peak_8	9.39	tp	0
9-GGCWGCC	STREME-9	1.1e-002	peak_58	9.39	tp	0
9-GGCWGCC	STREME-9	1.1e-002	peak_522	9.39	tp	0
9-GGCWGCC	STREME-9	1.1e-002	peak_306	9.39	tp	0
9-GGCWGCC	STREME-9	1.1e-002	peak_204	9.39	tp	0
9-GGCWGCC	STREME-9	1.1e-002	peak_114	9.39	tp	0
9-GGCWGCC	STREME-9	1.1e-002	peak_454	9.39	fp	0
9-GGCWGCC	STREME-9	1.1e-002	peak_75	9.39	fp	0
9-GGCWGCC	STREME-9	1.1e-002	peak_590	9.39	fp	0
9-GGCWGCC	STREME-9	1.1e-002	peak_578	9.39	fp	0
9-GGCWGCC	STREME-9	1.1e-002	peak_544	9.39	fp	0
9-GGCWGCC	STREME-9	1.1e-002	peak_349	9.39	fp	0
9-GGCWGCC	STREME-9	1.1e-002	peak_88	9.39	fp	0
9-GGCWGCC	STREME-9	1.1e-002	peak_600	9.39	fp	0
9-GGCWGCC	STREME-9	1.1e-002	peak_201	9.39	fp	0
9-GGCWGCC	STREME-9	1.1e-002	peak_492	9.39	fp	0
9-GGCWGCC	STREME-9	1.1e-002	peak_143	9.39	fp	0
9-GGCWGCC	STREME-9	1.1e-002	peak_458	9.39	fp	0
9-GGCWGCC	STREME-9	1.1e-002	peak_601	9.39	tp	1
9-GGCWGCC	STREME-9	1.1e-002	peak_153	9.39	tp	1
9-GGCWGCC	STREME-9	1.1e-002	peak_466	9.39	tp	1
9-GGCWGCC	STREME-9	1.1e-002	peak_232	9.39	tp	1
9-GGCWGCC	STREME-9	1.1e-002	peak_511	9.39	fp	1
9-GGCWGCC	STREME-9	1.1e-002	peak_202	9.39	fp	1
9-GGCWGCC	STREME-9	1.1e-002	peak_175	8.99	tp	0
9-GGCWGCC	STREME-9	1.1e-002	peak_120	8.99	tp	0
9-GGCWGCC	STREME-9	1.1e-002	peak_93	8.99	tp	0
9-GGCWGCC	STREME-9	1.1e-002	peak_394	8.99	tp	0
9-GGCWGCC	STREME-9	1.1e-002	peak_163	8.99	tp	0
9-GGCWGCC	STREME-9	1.1e-002	peak_141	8.99	tp	0
9-GGCWGCC	STREME-9	1.1e-002	peak_474	8.99	tp	0
9-GGCWGCC	STREME-9	1.1e-002	peak_503	8.99	tp	0
9-GGCWGCC	STREME-9	1.1e-002	peak_180	8.99	tp	0
9-GGCWGCC	STREME-9	1.1e-002	peak_433	8.99	tp	0
9-GGCWGCC	STREME-9	1.1e-002	peak_250	8.99	tp	0
9-GGCWGCC	STREME-9	1.1e-002	peak_498	8.99	tp	0
9-GGCWGCC	STREME-9	1.1e-002	peak_488	8.99	tp	0
9-GGCWGCC	STREME-9	1.1e-002	peak_196	8.99	tp	0
9-GGCWGCC	STREME-9	1.1e-002	peak_427	8.99	tp	0
9-GGCWGCC	STREME-9	1.1e-002	peak_333	8.99	tp	0
9-GGCWGCC	STREME-9	1.1e-002	peak_119	8.99	tp	0
9-GGCWGCC	STREME-9	1.1e-002	peak_481	8.99	tp	0
9-GGCWGCC	STREME-9	1.1e-002	peak_401	8.99	tp	0
9-GGCWGCC	STREME-9	1.1e-002	peak_423	8.99	tp	0
9-GGCWGCC	STREME-9	1.1e-002	peak_446	8.99	tp	0
9-GGCWGCC	STREME-9	1.1e-002	peak_60	8.99	tp	0
9-GGCWGCC	STREME-9	1.1e-002	peak_325	8.99	tp	0
9-GGCWGCC	STREME-9	1.1e-002	peak_566	8.99	tp	0
9-GGCWGCC	STREME-9	1.1e-002	peak_239	8.99	tp	0
9-GGCWGCC	STREME-9	1.1e-002	peak_586	8.99	fp	0
9-GGCWGCC	STREME-9	1.1e-002	peak_495	8.99	fp	0
9-GGCWGCC	STREME-9	1.1e-002	peak_571	8.99	fp	0
9-GGCWGCC	STREME-9	1.1e-002	peak_357	8.99	fp	0
9-GGCWGCC	STREME-9	1.1e-002	peak_564	8.99	fp	0
9-GGCWGCC	STREME-9	1.1e-002	peak_420	8.99	fp	0
9-GGCWGCC	STREME-9	1.1e-002	peak_218	8.99	fp	0
9-GGCWGCC	STREME-9	1.1e-002	peak_283	8.99	fp	0
9-GGCWGCC	STREME-9	1.1e-002	peak_95	8.99	fp	0
9-GGCWGCC	STREME-9	1.1e-002	peak_41	8.99	fp	0
9-GGCWGCC	STREME-9	1.1e-002	peak_329	8.99	fp	0
9-GGCWGCC	STREME-9	1.1e-002	peak_486	8.99	fp	0
9-GGCWGCC	STREME-9	1.1e-002	peak_211	8.99	fp	0
9-GGCWGCC	STREME-9	1.1e-002	peak_163	8.99	fp	0
9-GGCWGCC	STREME-9	1.1e-002	peak_534	8.99	tp	1
9-GGCWGCC	STREME-9	1.1e-002	peak_301	8.99	tp	1
9-GGCWGCC	STREME-9	1.1e-002	peak_571	8.99	tp	1
9-GGCWGCC	STREME-9	1.1e-002	peak_476	8.99	fp	1
9-GGCWGCC	STREME-9	1.1e-002	peak_610	8.73	tp	0
9-GGCWGCC	STREME-9	1.1e-002	peak_544	8.73	tp	0
9-GGCWGCC	STREME-9	1.1e-002	peak_440	8.73	tp	0
9-GGCWGCC	STREME-9	1.1e-002	peak_84	8.73	tp	0
9-GGCWGCC	STREME-9	1.1e-002	peak_131	8.73	tp	0
9-GGCWGCC	STREME-9	1.1e-002	peak_357	8.73	tp	0
9-GGCWGCC	STREME-9	1.1e-002	peak_317	8.73	tp	0
9-GGCWGCC	STREME-9	1.1e-002	peak_251	8.73	tp	0
9-GGCWGCC	STREME-9	1.1e-002	peak_591	8.73	tp	0
9-GGCWGCC	STREME-9	1.1e-002	peak_95	8.73	tp	0
9-GGCWGCC	STREME-9	1.1e-002	peak_360	8.73	tp	0
9-GGCWGCC	STREME-9	1.1e-002	peak_504	8.73	tp	0
9-GGCWGCC	STREME-9	1.1e-002	peak_543	8.73	tp	0
9-GGCWGCC	STREME-9	1.1e-002	peak_479	8.73	tp	0
9-GGCWGCC	STREME-9	1.1e-002	peak_66	8.73	tp	0
9-GGCWGCC	STREME-9	1.1e-002	peak_443	8.73	tp	0
9-GGCWGCC	STREME-9	1.1e-002	peak_29	8.73	tp	0
9-GGCWGCC	STREME-9	1.1e-002	peak_110	8.73	tp	0
9-GGCWGCC	STREME-9	1.1e-002	peak_115	8.73	tp	0
9-GGCWGCC	STREME-9	1.1e-002	peak_348	8.73	tp	0
9-GGCWGCC	STREME-9	1.1e-002	peak_82	8.73	tp	0
9-GGCWGCC	STREME-9	1.1e-002	peak_214	8.73	tp	0
9-GGCWGCC	STREME-9	1.1e-002	peak_145	8.73	tp	0
9-GGCWGCC	STREME-9	1.1e-002	peak_607	8.73	tp	0
9-GGCWGCC	STREME-9	1.1e-002	peak_398	8.73	tp	0
9-GGCWGCC	STREME-9	1.1e-002	peak_504	8.73	fp	0
9-GGCWGCC	STREME-9	1.1e-002	peak_5	8.73	fp	0
9-GGCWGCC	STREME-9	1.1e-002	peak_291	8.73	fp	0
9-GGCWGCC	STREME-9	1.1e-002	peak_97	8.73	fp	0
9-GGCWGCC	STREME-9	1.1e-002	peak_592	8.73	fp	0
9-GGCWGCC	STREME-9	1.1e-002	peak_560	8.73	fp	0
9-GGCWGCC	STREME-9	1.1e-002	peak_151	8.73	fp	0
9-GGCWGCC	STREME-9	1.1e-002	peak_192	8.73	fp	0
9-GGCWGCC	STREME-9	1.1e-002	peak_165	8.73	fp	0
9-GGCWGCC	STREME-9	1.1e-002	peak_377	8.73	fp	0
9-GGCWGCC	STREME-9	1.1e-002	peak_231	8.73	fp	0
9-GGCWGCC	STREME-9	1.1e-002	peak_70	8.73	fp	0
9-GGCWGCC	STREME-9	1.1e-002	peak_148	8.73	fp	0
9-GGCWGCC	STREME-9	1.1e-002	peak_91	8.73	fp	0
9-GGCWGCC	STREME-9	1.1e-002	peak_223	8.73	tp	1
9-GGCWGCC	STREME-9	1.1e-002	peak_206	8.73	tp	1
9-GGCWGCC	STREME-9	1.1e-002	peak_613	8.73	tp	1
9-GGCWGCC	STREME-9	1.1e-002	peak_400	8.73	tp	1
9-GGCWGCC	STREME-9	1.1e-002	peak_213	8.73	fp	1
#
10-CGCACACRCACMCACRCNCA	STREME-10	1.3e-002	peak_278	27.03	tp	0
10-CGCACACRCACMCACRCNCA	STREME-10	1.3e-002	peak_12	26.29	tp	0
10-CGCACACRCACMCACRCNCA	STREME-10	1.3e-002	peak_561	23.60	tp	0
10-CGCACACRCACMCACRCNCA	STREME-10	1.3e-002	peak_203	23.15	tp	0
10-CGCACACRCACMCACRCNCA	STREME-10	1.3e-002	peak_208	22.81	tp	0
10-CGCACACRCACMCACRCNCA	STREME-10	1.3e-002	peak_411	22.64	tp	0
10-CGCACACRCACMCACRCNCA	STREME-10	1.3e-002	peak_179	22.61	tp	1
10-CGCACACRCACMCACRCNCA	STREME-10	1.3e-002	peak_342	22.42	tp	0
10-CGCACACRCACMCACRCNCA	STREME-10	1.3e-002	peak_483	21.35	tp	0
10-CGCACACRCACMCACRCNCA	STREME-10	1.3e-002	peak_568	21.04	tp	0
10-CGCACACRCACMCACRCNCA	STREME-10	1.3e-002	peak_237	20.40	tp	0
10-CGCACACRCACMCACRCNCA	STREME-10	1.3e-002	peak_526	20.22	tp	0
10-CGCACACRCACMCACRCNCA	STREME-10	1.3e-002	peak_528	20.20	tp	0
10-CGCACACRCACMCACRCNCA	STREME-10	1.3e-002	peak_466	19.87	tp	1
10-CGCACACRCACMCACRCNCA	STREME-10	1.3e-002	peak_447	19.71	tp	0
10-CGCACACRCACMCACRCNCA	STREME-10	1.3e-002	peak_186	19.67	tp	0
10-CGCACACRCACMCACRCNCA	STREME-10	1.3e-002	peak_549	19.22	tp	0
10-CGCACACRCACMCACRCNCA	STREME-10	1.3e-002	peak_576	19.13	tp	0
10-CGCACACRCACMCACRCNCA	STREME-10	1.3e-002	peak_519	19.10	tp	0
10-CGCACACRCACMCACRCNCA	STREME-10	1.3e-002	peak_313	18.87	tp	0
10-CGCACACRCACMCACRCNCA	STREME-10	1.3e-002	peak_284	18.78	tp	0
10-CGCACACRCACMCACRCNCA	STREME-10	1.3e-002	peak_192	18.76	tp	1
10-CGCACACRCACMCACRCNCA	STREME-10	1.3e-002	peak_185	18.60	tp	0
10-CGCACACRCACMCACRCNCA	STREME-10	1.3e-002	peak_46	18.54	tp	0
10-CGCACACRCACMCACRCNCA	STREME-10	1.3e-002	peak_121	18.51	tp	0
10-CGCACACRCACMCACRCNCA	STREME-10	1.3e-002	peak_566	18.41	tp	0
10-CGCACACRCACMCACRCNCA	STREME-10	1.3e-002	peak_303	18.28	tp	0
10-CGCACACRCACMCACRCNCA	STREME-10	1.3e-002	peak_207	18.26	tp	0
10-CGCACACRCACMCACRCNCA	STREME-10	1.3e-002	peak_160	18.12	tp	0
10-CGCACACRCACMCACRCNCA	STREME-10	1.3e-002	peak_382	18.10	tp	0
10-CGCACACRCACMCACRCNCA	STREME-10	1.3e-002	peak_19	18.06	tp	0
10-CGCACACRCACMCACRCNCA	STREME-10	1.3e-002	peak_482	17.90	tp	0
10-CGCACACRCACMCACRCNCA	STREME-10	1.3e-002	peak_309	17.70	tp	0
10-CGCACACRCACMCACRCNCA	STREME-10	1.3e-002	peak_140	17.63	tp	0
10-CGCACACRCACMCACRCNCA	STREME-10	1.3e-002	peak_412	17.48	tp	0
10-CGCACACRCACMCACRCNCA	STREME-10	1.3e-002	peak_23	17.33	tp	0
10-CGCACACRCACMCACRCNCA	STREME-10	1.3e-002	peak_504	17.18	tp	0
10-CGCACACRCACMCACRCNCA	STREME-10	1.3e-002	peak_230	17.18	tp	0
10-CGCACACRCACMCACRCNCA	STREME-10	1.3e-002	peak_477	17.06	tp	0
10-CGCACACRCACMCACRCNCA	STREME-10	1.3e-002	peak_282	16.89	tp	0
10-CGCACACRCACMCACRCNCA	STREME-10	1.3e-002	peak_300	16.79	tp	0
10-CGCACACRCACMCACRCNCA	STREME-10	1.3e-002	peak_43	16.67	tp	0
10-CGCACACRCACMCACRCNCA	STREME-10	1.3e-002	peak_596	16.63	fp	0
10-CGCACACRCACMCACRCNCA	STREME-10	1.3e-002	peak_492	16.56	tp	0
10-CGCACACRCACMCACRCNCA	STREME-10	1.3e-002	peak_173	16.41	tp	0
10-CGCACACRCACMCACRCNCA	STREME-10	1.3e-002	peak_196	16.40	tp	0
10-CGCACACRCACMCACRCNCA	STREME-10	1.3e-002	peak_58	16.38	tp	0
10-CGCACACRCACMCACRCNCA	STREME-10	1.3e-002	peak_455	16.35	tp	0
10-CGCACACRCACMCACRCNCA	STREME-10	1.3e-002	peak_42	16.09	tp	1
10-CGCACACRCACMCACRCNCA	STREME-10	1.3e-002	peak_514	16.07	tp	0
10-CGCACACRCACMCACRCNCA	STREME-10	1.3e-002	peak_110	16.03	tp	0
10-CGCACACRCACMCACRCNCA	STREME-10	1.3e-002	peak_251	15.84	tp	0
10-CGCACACRCACMCACRCNCA	STREME-10	1.3e-002	peak_285	15.73	tp	0
10-CGCACACRCACMCACRCNCA	STREME-10	1.3e-002	peak_279	15.56	tp	0
10-CGCACACRCACMCACRCNCA	STREME-10	1.3e-002	peak_99	15.45	tp	0
10-CGCACACRCACMCACRCNCA	STREME-10	1.3e-002	peak_564	15.41	tp	0
10-CGCACACRCACMCACRCNCA	STREME-10	1.3e-002	peak_586	15.33	tp	0
10-CGCACACRCACMCACRCNCA	STREME-10	1.3e-002	peak_15	15.24	tp	0
10-CGCACACRCACMCACRCNCA	STREME-10	1.3e-002	peak_387	15.12	tp	0
10-CGCACACRCACMCACRCNCA	STREME-10	1.3e-002	peak_194	15.05	fp	0
10-CGCACACRCACMCACRCNCA	STREME-10	1.3e-002	peak_495	15.05	tp	0
10-CGCACACRCACMCACRCNCA	STREME-10	1.3e-002	peak_580	15.03	tp	0
10-CGCACACRCACMCACRCNCA	STREME-10	1.3e-002	peak_554	15.00	tp	0
10-CGCACACRCACMCACRCNCA	STREME-10	1.3e-002	peak_433	14.89	tp	0
10-CGCACACRCACMCACRCNCA	STREME-10	1.3e-002	peak_268	14.88	tp	1
10-CGCACACRCACMCACRCNCA	STREME-10	1.3e-002	peak_148	14.78	tp	0
10-CGCACACRCACMCACRCNCA	STREME-10	1.3e-002	peak_568	14.74	fp	0
10-CGCACACRCACMCACRCNCA	STREME-10	1.3e-002	peak_555	14.74	tp	0
10-CGCACACRCACMCACRCNCA	STREME-10	1.3e-002	peak_436	14.64	tp	0
10-CGCACACRCACMCACRCNCA	STREME-10	1.3e-002	peak_537	14.61	tp	0
10-CGCACACRCACMCACRCNCA	STREME-10	1.3e-002	peak_2	14.47	tp	0
10-CGCACACRCACMCACRCNCA	STREME-10	1.3e-002	peak_611	14.41	tp	0
10-CGCACACRCACMCACRCNCA	STREME-10	1.3e-002	peak_607	14.30	fp	0
10-CGCACACRCACMCACRCNCA	STREME-10	1.3e-002	peak_404	14.26	tp	0
10-CGCACACRCACMCACRCNCA	STREME-10	1.3e-002	peak_164	14.20	tp	0
10-CGCACACRCACMCACRCNCA	STREME-10	1.3e-002	peak_363	14.13	tp	0
10-CGCACACRCACMCACRCNCA	STREME-10	1.3e-002	peak_556	14.03	tp	0
10-CGCACACRCACMCACRCNCA	STREME-10	1.3e-002	peak_9	14.00	tp	0
10-CGCACACRCACMCACRCNCA	STREME-10	1.3e-002	peak_93	13.98	tp	0
10-CGCACACRCACMCACRCNCA	STREME-10	1.3e-002	peak_153	13.97	tp	1
10-CGCACACRCACMCACRCNCA	STREME-10	1.3e-002	peak_167	13.93	tp	0
10-CGCACACRCACMCACRCNCA	STREME-10	1.3e-002	peak_478	13.90	tp	0
10-CGCACACRCACMCACRCNCA	STREME-10	1.3e-002	peak_174	13.89	tp	0
10-CGCACACRCACMCACRCNCA	STREME-10	1.3e-002	peak_540	13.84	tp	1
10-CGCACACRCACMCACRCNCA	STREME-10	1.3e-002	peak_494	13.73	tp	0
10-CGCACACRCACMCACRCNCA	STREME-10	1.3e-002	peak_132	13.73	fp	0
10-CGCACACRCACMCACRCNCA	STREME-10	1.3e-002	peak_419	13.66	tp	0
10-CGCACACRCACMCACRCNCA	STREME-10	1.3e-002	peak_384	13.65	tp	0
10-CGCACACRCACMCACRCNCA	STREME-10	1.3e-002	peak_233	13.60	tp	0
10-CGCACACRCACMCACRCNCA	STREME-10	1.3e-002	peak_41	13.60	tp	1
10-CGCACACRCACMCACRCNCA	STREME-10	1.3e-002	peak_604	13.60	tp	0
10-CGCACACRCACMCACRCNCA	STREME-10	1.3e-002	peak_548	13.57	tp	0
10-CGCACACRCACMCACRCNCA	STREME-10	1.3e-002	peak_458	13.56	tp	0
10-CGCACACRCACMCACRCNCA	STREME-10	1.3e-002	peak_120	13.53	tp	0
10-CGCACACRCACMCACRCNCA	STREME-10	1.3e-002	peak_280	13.47	tp	0
10-CGCACACRCACMCACRCNCA	STREME-10	1.3e-002	peak_28	13.38	tp	0
10-CGCACACRCACMCACRCNCA	STREME-10	1.3e-002	peak_457	13.37	tp	0
10-CGCACACRCACMCACRCNCA	STREME-10	1.3e-002	peak_614	13.37	tp	0
10-CGCACACRCACMCACRCNCA	STREME-10	1.3e-002	peak_510	13.35	tp	0
10-CGCACACRCACMCACRCNCA	STREME-10	1.3e-002	peak_222	13.28	tp	0
10-CGCACACRCACMCACRCNCA	STREME-10	1.3e-002	peak_171	13.20	tp	0
10-CGCACACRCACMCACRCNCA	STREME-10	1.3e-002	peak_319	13.16	tp	0
10-CGCACACRCACMCACRCNCA	STREME-10	1.3e-002	peak_165	13.16	tp	0
10-CGCACACRCACMCACRCNCA	STREME-10	1.3e-002	peak_238	13.14	tp	0
10-CGCACACRCACMCACRCNCA	STREME-10	1.3e-002	peak_487	13.12	tp	0
10-CGCACACRCACMCACRCNCA	STREME-10	1.3e-002	peak_484	13.10	fp	0
10-CGCACACRCACMCACRCNCA	STREME-10	1.3e-002	peak_250	13.09	tp	0
10-CGCACACRCACMCACRCNCA	STREME-10	1.3e-002	peak_319	13.08	fp	0
10-CGCACACRCACMCACRCNCA	STREME-10	1.3e-002	peak_35	13.06	fp	0
10-CGCACACRCACMCACRCNCA	STREME-10	1.3e-002	peak_465	13.00	tp	0
10-CGCACACRCACMCACRCNCA	STREME-10	1.3e-002	peak_582	12.92	tp	0
10-CGCACACRCACMCACRCNCA	STREME-10	1.3e-002	peak_190	12.90	tp	0
10-CGCACACRCACMCACRCNCA	STREME-10	1.3e-002	peak_248	12.90	tp	0
10-CGCACACRCACMCACRCNCA	STREME-10	1.3e-002	peak_609	12.85	tp	0
10-CGCACACRCACMCACRCNCA	STREME-10	1.3e-002	peak_8	12.78	tp	0
10-CGCACACRCACMCACRCNCA	STREME-10	1.3e-002	peak_354	12.77	tp	1
10-CGCACACRCACMCACRCNCA	STREME-10	1.3e-002	peak_57	12.71	tp	0
10-CGCACACRCACMCACRCNCA	STREME-10	1.3e-002	peak_570	12.68	tp	0
10-CGCACACRCACMCACRCNCA	STREME-10	1.3e-002	peak_239	12.67	tp	0
10-CGCACACRCACMCACRCNCA	STREME-10	1.3e-002	peak_92	12.64	tp	0
10-CGCACACRCACMCACRCNCA	STREME-10	1.3e-002	peak_88	12.62	tp	0
10-CGCACACRCACMCACRCNCA	STREME-10	1.3e-002	peak_290	12.60	tp	0
10-CGCACACRCACMCACRCNCA	STREME-10	1.3e-002	peak_45	12.51	tp	0
10-CGCACACRCACMCACRCNCA	STREME-10	1.3e-002	peak_66	12.50	tp	0
10-CGCACACRCACMCACRCNCA	STREME-10	1.3e-002	peak_524	12.38	tp	1
10-CGCACACRCACMCACRCNCA	STREME-10	1.3e-002	peak_571	12.34	tp	1
10-CGCACACRCACMCACRCNCA	STREME-10	1.3e-002	peak_332	12.28	tp	1
10-CGCACACRCACMCACRCNCA	STREME-10	1.3e-002	peak_340	12.27	tp	0
10-CGCACACRCACMCACRCNCA	STREME-10	1.3e-002	peak_41	12.26	fp	0
10-CGCACACRCACMCACRCNCA	STREME-10	1.3e-002	peak_104	12.25	tp	0
10-CGCACACRCACMCACRCNCA	STREME-10	1.3e-002	peak_483	12.21	fp	0
10-CGCACACRCACMCACRCNCA	STREME-10	1.3e-002	peak_302	12.19	tp	0
10-CGCACACRCACMCACRCNCA	STREME-10	1.3e-002	peak_158	12.16	tp	0
10-CGCACACRCACMCACRCNCA	STREME-10	1.3e-002	peak_573	12.12	tp	1
10-CGCACACRCACMCACRCNCA	STREME-10	1.3e-002	peak_321	12.12	tp	0
10-CGCACACRCACMCACRCNCA	STREME-10	1.3e-002	peak_486	12.12	tp	0
10-CGCACACRCACMCACRCNCA	STREME-10	1.3e-002	peak_38	12.11	tp	0
10-CGCACACRCACMCACRCNCA	STREME-10	1.3e-002	peak_505	12.07	tp	0
10-CGCACACRCACMCACRCNCA	STREME-10	1.3e-002	peak_603	12.06	tp	0
10-CGCACACRCACMCACRCNCA	STREME-10	1.3e-002	peak_147	12.00	tp	0
10-CGCACACRCACMCACRCNCA	STREME-10	1.3e-002	peak_484	11.98	tp	0
10-CGCACACRCACMCACRCNCA	STREME-10	1.3e-002	peak_130	11.90	tp	0
10-CGCACACRCACMCACRCNCA	STREME-10	1.3e-002	peak_376	11.89	tp	0
10-CGCACACRCACMCACRCNCA	STREME-10	1.3e-002	peak_459	11.89	tp	0
10-CGCACACRCACMCACRCNCA	STREME-10	1.3e-002	peak_272	11.87	tp	0
10-CGCACACRCACMCACRCNCA	STREME-10	1.3e-002	peak_588	11.86	tp	0
10-CGCACACRCACMCACRCNCA	STREME-10	1.3e-002	peak_602	11.86	tp	0
10-CGCACACRCACMCACRCNCA	STREME-10	1.3e-002	peak_191	11.86	tp	0
10-CGCACACRCACMCACRCNCA	STREME-10	1.3e-002	peak_392	11.85	tp	0
10-CGCACACRCACMCACRCNCA	STREME-10	1.3e-002	peak_516	11.83	tp	0
10-CGCACACRCACMCACRCNCA	STREME-10	1.3e-002	peak_224	11.82	tp	1
10-CGCACACRCACMCACRCNCA	STREME-10	1.3e-002	peak_197	11.79	tp	0
10-CGCACACRCACMCACRCNCA	STREME-10	1.3e-002	peak_63	11.76	tp	0
10-CGCACACRCACMCACRCNCA	STREME-10	1.3e-002	peak_169	11.76	tp	0
10-CGCACACRCACMCACRCNCA	STREME-10	1.3e-002	peak_80	11.70	tp	0
10-CGCACACRCACMCACRCNCA	STREME-10	1.3e-002	peak_338	11.63	tp	0
10-CGCACACRCACMCACRCNCA	STREME-10	1.3e-002	peak_39	11.62	tp	0
10-CGCACACRCACMCACRCNCA	STREME-10	1.3e-002	peak_518	11.58	fp	0
10-CGCACACRCACMCACRCNCA	STREME-10	1.3e-002	peak_417	11.55	fp	0
10-CGCACACRCACMCACRCNCA	STREME-10	1.3e-002	peak_254	11.53	tp	0
10-CGCACACRCACMCACRCNCA	STREME-10	1.3e-002	peak_253	11.53	tp	0
10-CGCACACRCACMCACRCNCA	STREME-10	1.3e-002	peak_393	11.50	tp	0
10-CGCACACRCACMCACRCNCA	STREME-10	1.3e-002	peak_423	11.49	fp	1
10-CGCACACRCACMCACRCNCA	STREME-10	1.3e-002	peak_26	11.45	fp	0
10-CGCACACRCACMCACRCNCA	STREME-10	1.3e-002	peak_451	11.43	tp	0
10-CGCACACRCACMCACRCNCA	STREME-10	1.3e-002	peak_52	11.41	tp	0
10-CGCACACRCACMCACRCNCA	STREME-10	1.3e-002	peak_176	11.39	tp	0
10-CGCACACRCACMCACRCNCA	STREME-10	1.3e-002	peak_62	11.35	tp	0
10-CGCACACRCACMCACRCNCA	STREME-10	1.3e-002	peak_515	11.31	tp	0
10-CGCACACRCACMCACRCNCA	STREME-10	1.3e-002	peak_263	11.26	tp	0
10-CGCACACRCACMCACRCNCA	STREME-10	1.3e-002	peak_434	11.20	tp	0
10-CGCACACRCACMCACRCNCA	STREME-10	1.3e-002	peak_271	11.14	tp	0
10-CGCACACRCACMCACRCNCA	STREME-10	1.3e-002	peak_200	11.14	tp	0
10-CGCACACRCACMCACRCNCA	STREME-10	1.3e-002	peak_513	11.11	tp	0
10-CGCACACRCACMCACRCNCA	STREME-10	1.3e-002	peak_507	11.09	tp	0
10-CGCACACRCACMCACRCNCA	STREME-10	1.3e-002	peak_446	11.07	tp	0
10-CGCACACRCACMCACRCNCA	STREME-10	1.3e-002	peak_136	11.06	tp	0
10-CGCACACRCACMCACRCNCA	STREME-10	1.3e-002	peak_1	11.05	tp	0
10-CGCACACRCACMCACRCNCA	STREME-10	1.3e-002	peak_548	10.96	fp	0
10-CGCACACRCACMCACRCNCA	STREME-10	1.3e-002	peak_67	10.90	tp	0
10-CGCACACRCACMCACRCNCA	STREME-10	1.3e-002	peak_142	10.89	tp	1
10-CGCACACRCACMCACRCNCA	STREME-10	1.3e-002	peak_30	10.87	tp	0
10-CGCACACRCACMCACRCNCA	STREME-10	1.3e-002	peak_560	10.83	tp	0
10-CGCACACRCACMCACRCNCA	STREME-10	1.3e-002	peak_192	10.81	fp	0
10-CGCACACRCACMCACRCNCA	STREME-10	1.3e-002	peak_180	10.79	tp	0
10-CGCACACRCACMCACRCNCA	STREME-10	1.3e-002	peak_118	10.78	tp	0
10-CGCACACRCACMCACRCNCA	STREME-10	1.3e-002	peak_428	10.78	tp	0
10-CGCACACRCACMCACRCNCA	STREME-10	1.3e-002	peak_295	10.78	tp	0
10-CGCACACRCACMCACRCNCA	STREME-10	1.3e-002	peak_221	10.77	fp	1
10-CGCACACRCACMCACRCNCA	STREME-10	1.3e-002	peak_112	10.77	tp	0
10-CGCACACRCACMCACRCNCA	STREME-10	1.3e-002	peak_463	10.76	tp	0
10-CGCACACRCACMCACRCNCA	STREME-10	1.3e-002	peak_346	10.71	tp	0
10-CGCACACRCACMCACRCNCA	STREME-10	1.3e-002	peak_191	10.67	fp	0
10-CGCACACRCACMCACRCNCA	STREME-10	1.3e-002	peak_540	10.67	fp	0
10-CGCACACRCACMCACRCNCA	STREME-10	1.3e-002	peak_55	10.65	tp	0
10-CGCACACRCACMCACRCNCA	STREME-10	1.3e-002	peak_394	10.64	tp	0
10-CGCACACRCACMCACRCNCA	STREME-10	1.3e-002	peak_591	10.63	tp	0
10-CGCACACRCACMCACRCNCA	STREME-10	1.3e-002	peak_237	10.59	fp	1
10-CGCACACRCACMCACRCNCA	STREME-10	1.3e-002	peak_154	10.58	tp	0
10-CGCACACRCACMCACRCNCA	STREME-10	1.3e-002	peak_435	10.56	tp	0
10-CGCACACRCACMCACRCNCA	STREME-10	1.3e-002	peak_102	10.53	fp	1
10-CGCACACRCACMCACRCNCA	STREME-10	1.3e-002	peak_517	10.53	tp	0
10-CGCACACRCACMCACRCNCA	STREME-10	1.3e-002	peak_133	10.50	tp	0
10-CGCACACRCACMCACRCNCA	STREME-10	1.3e-002	peak_29	10.49	fp	0
10-CGCACACRCACMCACRCNCA	STREME-10	1.3e-002	peak_479	10.46	tp	0
10-CGCACACRCACMCACRCNCA	STREME-10	1.3e-002	peak_3	10.41	tp	0
10-CGCACACRCACMCACRCNCA	STREME-10	1.3e-002	peak_148	10.40	fp	0
10-CGCACACRCACMCACRCNCA	STREME-10	1.3e-002	peak_612	10.39	tp	0
10-CGCACACRCACMCACRCNCA	STREME-10	1.3e-002	peak_215	10.37	tp	0
10-CGCACACRCACMCACRCNCA	STREME-10	1.3e-002	peak_511	10.36	fp	1
10-CGCACACRCACMCACRCNCA	STREME-10	1.3e-002	peak_270	10.36	tp	0
10-CGCACACRCACMCACRCNCA	STREME-10	1.3e-002	peak_458	10.33	fp	0
10-CGCACACRCACMCACRCNCA	STREME-10	1.3e-002	peak_365	10.30	tp	0
10-CGCACACRCACMCACRCNCA	STREME-10	1.3e-002	peak_138	10.30	tp	0
10-CGCACACRCACMCACRCNCA	STREME-10	1.3e-002	peak_209	10.29	tp	0
10-CGCACACRCACMCACRCNCA	STREME-10	1.3e-002	peak_255	10.29	tp	0
10-CGCACACRCACMCACRCNCA	STREME-10	1.3e-002	peak_202	10.29	tp	0
10-CGCACACRCACMCACRCNCA	STREME-10	1.3e-002	peak_162	10.27	fp	0
10-CGCACACRCACMCACRCNCA	STREME-10	1.3e-002	peak_520	10.25	tp	0
10-CGCACACRCACMCACRCNCA	STREME-10	1.3e-002	peak_288	10.22	tp	0
10-CGCACACRCACMCACRCNCA	STREME-10	1.3e-002	peak_296	10.19	tp	0
10-CGCACACRCACMCACRCNCA	STREME-10	1.3e-002	peak_211	10.18	tp	0
10-CGCACACRCACMCACRCNCA	STREME-10	1.3e-002	peak_491	10.15	tp	0
10-CGCACACRCACMCACRCNCA	STREME-10	1.3e-002	peak_100	10.14	tp	0
10-CGCACACRCACMCACRCNCA	STREME-10	1.3e-002	peak_219	10.12	tp	0
10-CGCACACRCACMCACRCNCA	STREME-10	1.3e-002	peak_69	10.07	tp	0
10-CGCACACRCACMCACRCNCA	STREME-10	1.3e-002	peak_523	10.01	tp	0
10-CGCACACRCACMCACRCNCA	STREME-10	1.3e-002	peak_318	10.01	tp	0
10-CGCACACRCACMCACRCNCA	STREME-10	1.3e-002	peak_578	9.99	tp	0
10-CGCACACRCACMCACRCNCA	STREME-10	1.3e-002	peak_468	9.97	tp	0
10-CGCACACRCACMCACRCNCA	STREME-10	1.3e-002	peak_27	9.96	tp	0
10-CGCACACRCACMCACRCNCA	STREME-10	1.3e-002	peak_145	9.93	tp	0
10-CGCACACRCACMCACRCNCA	STREME-10	1.3e-002	peak_82	9.89	tp	0
#
11-AAATATWTTTAWAWHWTWWA	STREME-11	1.7e-002	peak_412	20.29	tp	0
11-AAATATWTTTAWAWHWTWWA	STREME-11	1.7e-002	peak_333	18.30	tp	0
11-AAATATWTTTAWAWHWTWWA	STREME-11	1.7e-002	peak_63	18.25	tp	0
11-AAATATWTTTAWAWHWTWWA	STREME-11	1.7e-002	peak_262	16.99	tp	0
11-AAATATWTTTAWAWHWTWWA	STREME-11	1.7e-002	peak_264	16.88	tp	0
11-AAATATWTTTAWAWHWTWWA	STREME-11	1.7e-002	peak_183	16.53	tp	0
11-AAATATWTTTAWAWHWTWWA	STREME-11	1.7e-002	peak_180	16.51	tp	0
11-AAATATWTTTAWAWHWTWWA	STREME-11	1.7e-002	peak_91	16.44	tp	0
11-AAATATWTTTAWAWHWTWWA	STREME-11	1.7e-002	peak_75	16.40	tp	0
11-AAATATWTTTAWAWHWTWWA	STREME-11	1.7e-002	peak_285	16.25	tp	0
11-AAATATWTTTAWAWHWTWWA	STREME-11	1.7e-002	peak_612	16.02	tp	0
11-AAATATWTTTAWAWHWTWWA	STREME-11	1.7e-002	peak_561	15.89	tp	0
11-AAATATWTTTAWAWHWTWWA	STREME-11	1.7e-002	peak_60	15.88	tp	0
11-AAATATWTTTAWAWHWTWWA	STREME-11	1.7e-002	peak_159	15.80	tp	0
11-AAATATWTTTAWAWHWTWWA	STREME-11	1.7e-002	peak_25	15.69	tp	0
11-AAATATWTTTAWAWHWTWWA	STREME-11	1.7e-002	peak_565	15.60	tp	0
11-AAATATWTTTAWAWHWTWWA	STREME-11	1.7e-002	peak_532	15.42	tp	0
11-AAATATWTTTAWAWHWTWWA	STREME-11	1.7e-002	peak_241	15.33	tp	0
11-AAATATWTTTAWAWHWTWWA	STREME-11	1.7e-002	peak_543	15.15	tp	0
11-AAATATWTTTAWAWHWTWWA	STREME-11	1.7e-002	peak_400	15.06	tp	1
11-AAATATWTTTAWAWHWTWWA	STREME-11	1.7e-002	peak_80	15.05	tp	0
11-AAATATWTTTAWAWHWTWWA	STREME-11	1.7e-002	peak_528	15.01	tp	0
11-AAATATWTTTAWAWHWTWWA	STREME-11	1.7e-002	peak_256	14.92	tp	0
11-AAATATWTTTAWAWHWTWWA	STREME-11	1.7e-002	peak_239	14.91	tp	0
11-AAATATWTTTAWAWHWTWWA	STREME-11	1.7e-002	peak_436	14.86	tp	0
11-AAATATWTTTAWAWHWTWWA	STREME-11	1.7e-002	peak_335	14.83	tp	0
11-AAATATWTTTAWAWHWTWWA	STREME-11	1.7e-002	peak_122	14.82	tp	0
11-AAATATWTTTAWAWHWTWWA	STREME-11	1.7e-002	peak_257	14.81	tp	0
11-AAATATWTTTAWAWHWTWWA	STREME-11	1.7e-002	peak_152	14.77	tp	0
11-AAATATWTTTAWAWHWTWWA	STREME-11	1.7e-002	peak_592	14.75	tp	0
11-AAATATWTTTAWAWHWTWWA	STREME-11	1.7e-002	peak_105	14.74	fp	0
11-AAATATWTTTAWAWHWTWWA	STREME-11	1.7e-002	peak_202	14.69	tp	0
11-AAATATWTTTAWAWHWTWWA	STREME-11	1.7e-002	peak_240	14.66	tp	0
11-AAATATWTTTAWAWHWTWWA	STREME-11	1.7e-002	peak_198	14.61	tp	0
11-AAATATWTTTAWAWHWTWWA	STREME-11	1.7e-002	peak_337	14.55	tp	0
11-AAATATWTTTAWAWHWTWWA	STREME-11	1.7e-002	peak_168	14.51	tp	0
11-AAATATWTTTAWAWHWTWWA	STREME-11	1.7e-002	peak_154	14.40	fp	0
11-AAATATWTTTAWAWHWTWWA	STREME-11	1.7e-002	peak_10	14.29	tp	0
11-AAATATWTTTAWAWHWTWWA	STREME-11	1.7e-002	peak_189	14.25	tp	1
11-AAATATWTTTAWAWHWTWWA	STREME-11	1.7e-002	peak_128	14.24	tp	0
11-AAATATWTTTAWAWHWTWWA	STREME-11	1.7e-002	peak_59	14.23	tp	0
11-AAATATWTTTAWAWHWTWWA	STREME-11	1.7e-002	peak_479	14.11	tp	0
11-AAATATWTTTAWAWHWTWWA	STREME-11	1.7e-002	peak_445	14.07	tp	0
11-AAATATWTTTAWAWHWTWWA	STREME-11	1.7e-002	peak_53	14.07	tp	1
11-AAATATWTTTAWAWHWTWWA	STREME-11	1.7e-002	peak_286	14.02	tp	0
11-AAATATWTTTAWAWHWTWWA	STREME-11	1.7e-002	peak_195	13.92	tp	0
11-AAATATWTTTAWAWHWTWWA	STREME-11	1.7e-002	peak_304	13.91	fp	1
11-AAATATWTTTAWAWHWTWWA	STREME-11	1.7e-002	peak_536	13.85	tp	1
11-AAATATWTTTAWAWHWTWWA	STREME-11	1.7e-002	peak_18	13.84	tp	0
11-AAATATWTTTAWAWHWTWWA	STREME-11	1.7e-002	peak_390	13.74	tp	0
11-AAATATWTTTAWAWHWTWWA	STREME-11	1.7e-002	peak_366	13.72	tp	0
11-AAATATWTTTAWAWHWTWWA	STREME-11	1.7e-002	peak_57	13.70	tp	0
11-AAATATWTTTAWAWHWTWWA	STREME-11	1.7e-002	peak_228	13.69	tp	0
11-AAATATWTTTAWAWHWTWWA	STREME-11	1.7e-002	peak_355	13.69	tp	0
11-AAATATWTTTAWAWHWTWWA	STREME-11	1.7e-002	peak_28	13.68	tp	0
11-AAATATWTTTAWAWHWTWWA	STREME-11	1.7e-002	peak_389	13.64	tp	0
11-AAATATWTTTAWAWHWTWWA	STREME-11	1.7e-002	peak_477	13.61	tp	0
11-AAATATWTTTAWAWHWTWWA	STREME-11	1.7e-002	peak_199	13.57	tp	0
11-AAATATWTTTAWAWHWTWWA	STREME-11	1.7e-002	peak_462	13.49	tp	0
11-AAATATWTTTAWAWHWTWWA	STREME-11	1.7e-002	peak_555	13.49	tp	0
11-AAATATWTTTAWAWHWTWWA	STREME-11	1.7e-002	peak_33	13.47	tp	0
11-AAATATWTTTAWAWHWTWWA	STREME-11	1.7e-002	peak_492	13.41	tp	0
11-AAATATWTTTAWAWHWTWWA	STREME-11	1.7e-002	peak_605	13.39	tp	0
11-AAATATWTTTAWAWHWTWWA	STREME-11	1.7e-002	peak_345	13.33	tp	0
11-AAATATWTTTAWAWHWTWWA	STREME-11	1.7e-002	peak_267	13.32	tp	0
11-AAATATWTTTAWAWHWTWWA	STREME-11	1.7e-002	peak_186	13.31	tp	0
11-AAATATWTTTAWAWHWTWWA	STREME-11	1.7e-002	peak_209	13.29	tp	0
11-AAATATWTTTAWAWHWTWWA	STREME-11	1.7e-002	peak_315	13.22	tp	0
11-AAATATWTTTAWAWHWTWWA	STREME-11	1.7e-002	peak_473	13.22	tp	0
11-AAATATWTTTAWAWHWTWWA	STREME-11	1.7e-002	peak_405	13.19	fp	0
11-AAATATWTTTAWAWHWTWWA	STREME-11	1.7e-002	peak_203	13.18	tp	0
11-AAATATWTTTAWAWHWTWWA	STREME-11	1.7e-002	peak_233	13.12	fp	0
11-AAATATWTTTAWAWHWTWWA	STREME-11	1.7e-002	peak_31	13.08	fp	0
11-AAATATWTTTAWAWHWTWWA	STREME-11	1.7e-002	peak_150	13.07	fp	0
11-AAATATWTTTAWAWHWTWWA	STREME-11	1.7e-002	peak_406	13.07	tp	0
11-AAATATWTTTAWAWHWTWWA	STREME-11	1.7e-002	peak_610	13.04	tp	0
11-AAATATWTTTAWAWHWTWWA	STREME-11	1.7e-002	peak_539	13.03	tp	0
11-AAATATWTTTAWAWHWTWWA	STREME-11	1.7e-002	peak_385	13.03	tp	1
11-AAATATWTTTAWAWHWTWWA	STREME-11	1.7e-002	peak_349	12.96	tp	0
11-AAATATWTTTAWAWHWTWWA	STREME-11	1.7e-002	peak_392	12.89	fp	0
11-AAATATWTTTAWAWHWTWWA	STREME-11	1.7e-002	peak_412	12.82	fp	0
11-AAATATWTTTAWAWHWTWWA	STREME-11	1.7e-002	peak_378	12.81	tp	0
11-AAATATWTTTAWAWHWTWWA	STREME-11	1.7e-002	peak_568	12.81	tp	0
11-AAATATWTTTAWAWHWTWWA	STREME-11	1.7e-002	peak_78	12.78	tp	0
11-AAATATWTTTAWAWHWTWWA	STREME-11	1.7e-002	peak_154	12.78	tp	0
11-AAATATWTTTAWAWHWTWWA	STREME-11	1.7e-002	peak_44	12.78	tp	1
11-AAATATWTTTAWAWHWTWWA	STREME-11	1.7e-002	peak_475	12.76	fp	0
11-AAATATWTTTAWAWHWTWWA	STREME-11	1.7e-002	peak_334	12.75	tp	1
11-AAATATWTTTAWAWHWTWWA	STREME-11	1.7e-002	peak_435	12.74	tp	0
11-AAATATWTTTAWAWHWTWWA	STREME-11	1.7e-002	peak_156	12.73	fp	0
11-AAATATWTTTAWAWHWTWWA	STREME-11	1.7e-002	peak_589	12.72	tp	0
11-AAATATWTTTAWAWHWTWWA	STREME-11	1.7e-002	peak_215	12.72	tp	0
11-AAATATWTTTAWAWHWTWWA	STREME-11	1.7e-002	peak_401	12.71	tp	0
11-AAATATWTTTAWAWHWTWWA	STREME-11	1.7e-002	peak_66	12.71	fp	0
11-AAATATWTTTAWAWHWTWWA	STREME-11	1.7e-002	peak_124	12.70	tp	0
11-AAATATWTTTAWAWHWTWWA	STREME-11	1.7e-002	peak_542	12.63	tp	0
11-AAATATWTTTAWAWHWTWWA	STREME-11	1.7e-002	peak_472	12.63	tp	0
11-AAATATWTTTAWAWHWTWWA	STREME-11	1.7e-002	peak_253	12.61	tp	0
11-AAATATWTTTAWAWHWTWWA	STREME-11	1.7e-002	peak_160	12.58	fp	1
11-AAATATWTTTAWAWHWTWWA	STREME-11	1.7e-002	peak_438	12.56	tp	0
11-AAATATWTTTAWAWHWTWWA	STREME-11	1.7e-002	peak_90	12.55	tp	0
11-AAATATWTTTAWAWHWTWWA	STREME-11	1.7e-002	peak_576	12.51	fp	0
11-AAATATWTTTAWAWHWTWWA	STREME-11	1.7e-002	peak_545	12.51	fp	0
11-AAATATWTTTAWAWHWTWWA	STREME-11	1.7e-002	peak_520	12.46	tp	0
11-AAATATWTTTAWAWHWTWWA	STREME-11	1.7e-002	peak_12	12.45	tp	0
11-AAATATWTTTAWAWHWTWWA	STREME-11	1.7e-002	peak_38	12.45	tp	0
11-AAATATWTTTAWAWHWTWWA	STREME-11	1.7e-002	peak_19	12.40	tp	0
11-AAATATWTTTAWAWHWTWWA	STREME-11	1.7e-002	peak_410	12.39	tp	0
11-AAATATWTTTAWAWHWTWWA	STREME-11	1.7e-002	peak_79	12.38	tp	0
11-AAATATWTTTAWAWHWTWWA	STREME-11	1.7e-002	peak_363	12.37	tp	0
11-AAATATWTTTAWAWHWTWWA	STREME-11	1.7e-002	peak_507	12.36	tp	0
11-AAATATWTTTAWAWHWTWWA	STREME-11	1.7e-002	peak_554	12.33	tp	0
11-AAATATWTTTAWAWHWTWWA	STREME-11	1.7e-002	peak_13	12.26	tp	0
11-AAATATWTTTAWAWHWTWWA	STREME-11	1.7e-002	peak_267	12.19	fp	0
11-AAATATWTTTAWAWHWTWWA	STREME-11	1.7e-002	peak_359	12.18	tp	0
11-AAATATWTTTAWAWHWTWWA	STREME-11	1.7e-002	peak_574	12.17	tp	1
11-AAATATWTTTAWAWHWTWWA	STREME-11	1.7e-002	peak_166	12.15	tp	0
11-AAATATWTTTAWAWHWTWWA	STREME-11	1.7e-002	peak_588	12.12	tp	0
11-AAATATWTTTAWAWHWTWWA	STREME-11	1.7e-002	peak_323	12.07	tp	1
11-AAATATWTTTAWAWHWTWWA	STREME-11	1.7e-002	peak_158	12.06	fp	0
11-AAATATWTTTAWAWHWTWWA	STREME-11	1.7e-002	peak_26	12.04	tp	0
11-AAATATWTTTAWAWHWTWWA	STREME-11	1.7e-002	peak_440	12.02	tp	0
11-AAATATWTTTAWAWHWTWWA	STREME-11	1.7e-002	peak_409	12.01	tp	0
11-AAATATWTTTAWAWHWTWWA	STREME-11	1.7e-002	peak_357	11.96	tp	0
11-AAATATWTTTAWAWHWTWWA	STREME-11	1.7e-002	peak_370	11.90	fp	0
11-AAATATWTTTAWAWHWTWWA	STREME-11	1.7e-002	peak_279	11.90	tp	0
11-AAATATWTTTAWAWHWTWWA	STREME-11	1.7e-002	peak_533	11.89	tp	1
11-AAATATWTTTAWAWHWTWWA	STREME-11	1.7e-002	peak_61	11.88	fp	0
11-AAATATWTTTAWAWHWTWWA	STREME-11	1.7e-002	peak_433	11.87	tp	0
11-AAATATWTTTAWAWHWTWWA	STREME-11	1.7e-002	peak_165	11.85	tp	0
11-AAATATWTTTAWAWHWTWWA	STREME-11	1.7e-002	peak_389	11.85	fp	0
11-AAATATWTTTAWAWHWTWWA	STREME-11	1.7e-002	peak_509	11.83	tp	0
11-AAATATWTTTAWAWHWTWWA	STREME-11	1.7e-002	peak_81	11.83	fp	0
11-AAATATWTTTAWAWHWTWWA	STREME-11	1.7e-002	peak_417	11.81	tp	0
11-AAATATWTTTAWAWHWTWWA	STREME-11	1.7e-002	peak_353	11.80	tp	0
11-AAATATWTTTAWAWHWTWWA	STREME-11	1.7e-002	peak_384	11.78	tp	0
11-AAATATWTTTAWAWHWTWWA	STREME-11	1.7e-002	peak_263	11.77	tp	0
11-AAATATWTTTAWAWHWTWWA	STREME-11	1.7e-002	peak_74	11.77	tp	0
11-AAATATWTTTAWAWHWTWWA	STREME-11	1.7e-002	peak_471	11.75	tp	1
11-AAATATWTTTAWAWHWTWWA	STREME-11	1.7e-002	peak_599	11.75	tp	0
11-AAATATWTTTAWAWHWTWWA	STREME-11	1.7e-002	peak_391	11.71	tp	0
11-AAATATWTTTAWAWHWTWWA	STREME-11	1.7e-002	peak_31	11.62	tp	0
11-AAATATWTTTAWAWHWTWWA	STREME-11	1.7e-002	peak_376	11.61	fp	0
11-AAATATWTTTAWAWHWTWWA	STREME-11	1.7e-002	peak_187	11.59	tp	0
11-AAATATWTTTAWAWHWTWWA	STREME-11	1.7e-002	peak_138	11.59	tp	0
11-AAATATWTTTAWAWHWTWWA	STREME-11	1.7e-002	peak_594	11.58	tp	0
11-AAATATWTTTAWAWHWTWWA	STREME-11	1.7e-002	peak_3	11.56	tp	0
11-AAATATWTTTAWAWHWTWWA	STREME-11	1.7e-002	peak_595	11.56	tp	0
11-AAATATWTTTAWAWHWTWWA	STREME-11	1.7e-002	peak_64	11.56	tp	0
11-AAATATWTTTAWAWHWTWWA	STREME-11	1.7e-002	peak_37	11.54	tp	0
11-AAATATWTTTAWAWHWTWWA	STREME-11	1.7e-002	peak_470	11.53	fp	0
11-AAATATWTTTAWAWHWTWWA	STREME-11	1.7e-002	peak_429	11.49	fp	0
11-AAATATWTTTAWAWHWTWWA	STREME-11	1.7e-002	peak_426	11.48	tp	0
11-AAATATWTTTAWAWHWTWWA	STREME-11	1.7e-002	peak_29	11.47	tp	0
11-AAATATWTTTAWAWHWTWWA	STREME-11	1.7e-002	peak_425	11.46	tp	0
11-AAATATWTTTAWAWHWTWWA	STREME-11	1.7e-002	peak_463	11.45	tp	0
11-AAATATWTTTAWAWHWTWWA	STREME-11	1.7e-002	peak_179	11.44	tp	1
11-AAATATWTTTAWAWHWTWWA	STREME-11	1.7e-002	peak_32	11.44	tp	0
11-AAATATWTTTAWAWHWTWWA	STREME-11	1.7e-002	peak_551	11.43	tp	0
11-AAATATWTTTAWAWHWTWWA	STREME-11	1.7e-002	peak_248	11.42	tp	0
11-AAATATWTTTAWAWHWTWWA	STREME-11	1.7e-002	peak_424	11.41	tp	0
11-AAATATWTTTAWAWHWTWWA	STREME-11	1.7e-002	peak_325	11.40	fp	0
11-AAATATWTTTAWAWHWTWWA	STREME-11	1.7e-002	peak_311	11.39	tp	0
11-AAATATWTTTAWAWHWTWWA	STREME-11	1.7e-002	peak_218	11.37	fp	0
11-AAATATWTTTAWAWHWTWWA	STREME-11	1.7e-002	peak_155	11.34	fp	0
11-AAATATWTTTAWAWHWTWWA	STREME-11	1.7e-002	peak_486	11.32	tp	0
11-AAATATWTTTAWAWHWTWWA	STREME-11	1.7e-002	peak_227	11.31	tp	0
11-AAATATWTTTAWAWHWTWWA	STREME-11	1.7e-002	peak_552	11.31	tp	0
11-AAATATWTTTAWAWHWTWWA	STREME-11	1.7e-002	peak_229	11.31	tp	0
11-AAATATWTTTAWAWHWTWWA	STREME-11	1.7e-002	peak_408	11.31	tp	0
11-AAATATWTTTAWAWHWTWWA	STREME-11	1.7e-002	peak_470	11.29	tp	0
11-AAATATWTTTAWAWHWTWWA	STREME-11	1.7e-002	peak_290	11.29	tp	0
11-AAATATWTTTAWAWHWTWWA	STREME-11	1.7e-002	peak_429	11.27	tp	0
11-AAATATWTTTAWAWHWTWWA	STREME-11	1.7e-002	peak_296	11.25	tp	0
11-AAATATWTTTAWAWHWTWWA	STREME-11	1.7e-002	peak_224	11.25	tp	1
11-AAATATWTTTAWAWHWTWWA	STREME-11	1.7e-002	peak_133	11.22	tp	0
11-AAATATWTTTAWAWHWTWWA	STREME-11	1.7e-002	peak_498	11.21	tp	0
11-AAATATWTTTAWAWHWTWWA	STREME-11	1.7e-002	peak_81	11.18	tp	0
11-AAATATWTTTAWAWHWTWWA	STREME-11	1.7e-002	peak_434	11.14	tp	0
11-AAATATWTTTAWAWHWTWWA	STREME-11	1.7e-002	peak_197	11.13	tp	0
11-AAATATWTTTAWAWHWTWWA	STREME-11	1.7e-002	peak_107	11.09	tp	0
11-AAATATWTTTAWAWHWTWWA	STREME-11	1.7e-002	peak_322	11.09	tp	0
11-AAATATWTTTAWAWHWTWWA	STREME-11	1.7e-002	peak_381	11.07	tp	0
11-AAATATWTTTAWAWHWTWWA	STREME-11	1.7e-002	peak_250	11.05	tp	0
11-AAATATWTTTAWAWHWTWWA	STREME-11	1.7e-002	peak_256	11.04	fp	0
11-AAATATWTTTAWAWHWTWWA	STREME-11	1.7e-002	peak_237	11.00	tp	0
11-AAATATWTTTAWAWHWTWWA	STREME-11	1.7e-002	peak_2	10.98	tp	0
11-AAATATWTTTAWAWHWTWWA	STREME-11	1.7e-002	peak_604	10.97	tp	0
11-AAATATWTTTAWAWHWTWWA	STREME-11	1.7e-002	peak_32	10.96	fp	1
11-AAATATWTTTAWAWHWTWWA	STREME-11	1.7e-002	peak_612	10.96	fp	0
11-AAATATWTTTAWAWHWTWWA	STREME-11	1.7e-002	peak_382	10.96	tp	0
11-AAATATWTTTAWAWHWTWWA	STREME-11	1.7e-002	peak_163	10.95	tp	0
11-AAATATWTTTAWAWHWTWWA	STREME-11	1.7e-002	peak_512	10.93	fp	0
11-AAATATWTTTAWAWHWTWWA	STREME-11	1.7e-002	peak_392	10.92	tp	0
11-AAATATWTTTAWAWHWTWWA	STREME-11	1.7e-002	peak_465	10.90	tp	0
11-AAATATWTTTAWAWHWTWWA	STREME-11	1.7e-002	peak_54	10.89	fp	0
11-AAATATWTTTAWAWHWTWWA	STREME-11	1.7e-002	peak_145	10.89	tp	0
11-AAATATWTTTAWAWHWTWWA	STREME-11	1.7e-002	peak_446	10.89	tp	0
11-AAATATWTTTAWAWHWTWWA	STREME-11	1.7e-002	peak_109	10.86	tp	0
11-AAATATWTTTAWAWHWTWWA	STREME-11	1.7e-002	peak_70	10.84	tp	0
11-AAATATWTTTAWAWHWTWWA	STREME-11	1.7e-002	peak_280	10.82	tp	0
11-AAATATWTTTAWAWHWTWWA	STREME-11	1.7e-002	peak_576	10.81	tp	0
11-AAATATWTTTAWAWHWTWWA	STREME-11	1.7e-002	peak_326	10.80	tp	0
11-AAATATWTTTAWAWHWTWWA	STREME-11	1.7e-002	peak_85	10.80	tp	0
11-AAATATWTTTAWAWHWTWWA	STREME-11	1.7e-002	peak_115	10.79	tp	0
11-AAATATWTTTAWAWHWTWWA	STREME-11	1.7e-002	peak_171	10.77	tp	0
11-AAATATWTTTAWAWHWTWWA	STREME-11	1.7e-002	peak_418	10.75	tp	0
11-AAATATWTTTAWAWHWTWWA	STREME-11	1.7e-002	peak_71	10.74	tp	0
11-AAATATWTTTAWAWHWTWWA	STREME-11	1.7e-002	peak_294	10.74	tp	0
11-AAATATWTTTAWAWHWTWWA	STREME-11	1.7e-002	peak_458	10.73	tp	0
11-AAATATWTTTAWAWHWTWWA	STREME-11	1.7e-002	peak_536	10.73	fp	0
11-AAATATWTTTAWAWHWTWWA	STREME-11	1.7e-002	peak_556	10.73	tp	0
11-AAATATWTTTAWAWHWTWWA	STREME-11	1.7e-002	peak_484	10.69	tp	0
11-AAATATWTTTAWAWHWTWWA	STREME-11	1.7e-002	peak_184	10.69	fp	1
11-AAATATWTTTAWAWHWTWWA	STREME-11	1.7e-002	peak_167	10.68	tp	0
11-AAATATWTTTAWAWHWTWWA	STREME-11	1.7e-002	peak_358	10.65	tp	0
11-AAATATWTTTAWAWHWTWWA	STREME-11	1.7e-002	peak_448	10.64	tp	0
11-AAATATWTTTAWAWHWTWWA	STREME-11	1.7e-002	peak_352	10.63	tp	0
11-AAATATWTTTAWAWHWTWWA	STREME-11	1.7e-002	peak_246	10.61	tp	0
11-AAATATWTTTAWAWHWTWWA	STREME-11	1.7e-002	peak_397	10.60	tp	0
11-AAATATWTTTAWAWHWTWWA	STREME-11	1.7e-002	peak_140	10.59	tp	0
11-AAATATWTTTAWAWHWTWWA	STREME-11	1.7e-002	peak_324	10.58	tp	0
#
12-GCAAACAAA	STREME-12	2.7e-002	peak_502	16.04	tp	0
12-GCAAACAAA	STREME-12	2.7e-002	peak_482	16.04	tp	0
12-GCAAACAAA	STREME-12	2.7e-002	peak_526	16.04	tp	0
12-GCAAACAAA	STREME-12	2.7e-002	peak_100	16.04	tp	0
12-GCAAACAAA	STREME-12	2.7e-002	peak_321	16.04	tp	0
12-GCAAACAAA	STREME-12	2.7e-002	peak_196	16.04	tp	0
12-GCAAACAAA	STREME-12	2.7e-002	peak_115	16.04	tp	0
12-GCAAACAAA	STREME-12	2.7e-002	peak_271	16.04	tp	0
12-GCAAACAAA	STREME-12	2.7e-002	peak_348	16.04	tp	0
12-GCAAACAAA	STREME-12	2.7e-002	peak_431	16.04	tp	0
12-GCAAACAAA	STREME-12	2.7e-002	peak_499	16.04	tp	0
12-GCAAACAAA	STREME-12	2.7e-002	peak_516	16.04	tp	0
12-GCAAACAAA	STREME-12	2.7e-002	peak_302	16.04	tp	0
12-GCAAACAAA	STREME-12	2.7e-002	peak_86	16.04	tp	0
12-GCAAACAAA	STREME-12	2.7e-002	peak_58	16.04	tp	0
12-GCAAACAAA	STREME-12	2.7e-002	peak_42	16.04	fp	0
12-GCAAACAAA	STREME-12	2.7e-002	peak_94	16.04	tp	1
12-GCAAACAAA	STREME-12	2.7e-002	peak_559	16.04	tp	1
12-GCAAACAAA	STREME-12	2.7e-002	peak_168	16.04	fp	1
12-GCAAACAAA	STREME-12	2.7e-002	peak_143	13.56	tp	0
12-GCAAACAAA	STREME-12	2.7e-002	peak_254	13.56	tp	0
12-GCAAACAAA	STREME-12	2.7e-002	peak_295	13.56	tp	0
12-GCAAACAAA	STREME-12	2.7e-002	peak_463	13.56	tp	0
12-GCAAACAAA	STREME-12	2.7e-002	peak_537	13.56	tp	0
12-GCAAACAAA	STREME-12	2.7e-002	peak_124	13.56	tp	0
12-GCAAACAAA	STREME-12	2.7e-002	peak_314	13.56	tp	0
12-GCAAACAAA	STREME-12	2.7e-002	peak_580	13.56	tp	0
12-GCAAACAAA	STREME-12	2.7e-002	peak_129	13.56	tp	0
12-GCAAACAAA	STREME-12	2.7e-002	peak_325	13.56	tp	0
12-GCAAACAAA	STREME-12	2.7e-002	peak_507	13.56	fp	0
12-GCAAACAAA	STREME-12	2.7e-002	peak_540	13.56	tp	1
12-GCAAACAAA	STREME-12	2.7e-002	peak_395	13.56	tp	1
12-GCAAACAAA	STREME-12	2.7e-002	peak_547	13.43	tp	0
12-GCAAACAAA	STREME-12	2.7e-002	peak_74	13.43	tp	0
12-GCAAACAAA	STREME-12	2.7e-002	peak_98	13.43	tp	0
12-GCAAACAAA	STREME-12	2.7e-002	peak_81	13.43	tp	0
12-GCAAACAAA	STREME-12	2.7e-002	peak_23	13.43	tp	0
12-GCAAACAAA	STREME-12	2.7e-002	peak_588	13.43	tp	0
12-GCAAACAAA	STREME-12	2.7e-002	peak_587	13.43	tp	0
12-GCAAACAAA	STREME-12	2.7e-002	peak_62	13.43	tp	0
12-GCAAACAAA	STREME-12	2.7e-002	peak_90	13.43	tp	0
12-GCAAACAAA	STREME-12	2.7e-002	peak_560	13.43	tp	0
12-GCAAACAAA	STREME-12	2.7e-002	peak_18	13.43	tp	0
12-GCAAACAAA	STREME-12	2.7e-002	peak_38	13.43	tp	0
12-GCAAACAAA	STREME-12	2.7e-002	peak_139	13.43	tp	0
12-GCAAACAAA	STREME-12	2.7e-002	peak_459	13.43	tp	0
12-GCAAACAAA	STREME-12	2.7e-002	peak_553	13.43	fp	0
12-GCAAACAAA	STREME-12	2.7e-002	peak_575	13.14	tp	0
12-GCAAACAAA	STREME-12	2.7e-002	peak_285	13.14	tp	0
12-GCAAACAAA	STREME-12	2.7e-002	peak_193	13.14	tp	0
12-GCAAACAAA	STREME-12	2.7e-002	peak_561	13.14	tp	0
12-GCAAACAAA	STREME-12	2.7e-002	peak_578	13.14	tp	0
12-GCAAACAAA	STREME-12	2.7e-002	peak_101	13.14	tp	0
12-GCAAACAAA	STREME-12	2.7e-002	peak_293	13.14	tp	0
12-GCAAACAAA	STREME-12	2.7e-002	peak_114	13.14	tp	0
12-GCAAACAAA	STREME-12	2.7e-002	peak_556	13.14	fp	0
12-GCAAACAAA	STREME-12	2.7e-002	peak_595	12.63	tp	0
12-GCAAACAAA	STREME-12	2.7e-002	peak_149	12.63	tp	0
12-GCAAACAAA	STREME-12	2.7e-002	peak_25	12.63	tp	0
12-GCAAACAAA	STREME-12	2.7e-002	peak_87	12.63	tp	0
12-GCAAACAAA	STREME-12	2.7e-002	peak_242	12.63	tp	0
12-GCAAACAAA	STREME-12	2.7e-002	peak_417	12.63	tp	0
12-GCAAACAAA	STREME-12	2.7e-002	peak_46	12.63	tp	0
12-GCAAACAAA	STREME-12	2.7e-002	peak_125	12.63	tp	0
12-GCAAACAAA	STREME-12	2.7e-002	peak_493	11.99	tp	0
12-GCAAACAAA	STREME-12	2.7e-002	peak_290	11.99	tp	0
12-GCAAACAAA	STREME-12	2.7e-002	peak_492	11.99	tp	0
12-GCAAACAAA	STREME-12	2.7e-002	peak_260	11.99	tp	0
12-GCAAACAAA	STREME-12	2.7e-002	peak_88	11.99	fp	0
12-GCAAACAAA	STREME-12	2.7e-002	peak_170	11.58	tp	0
12-GCAAACAAA	STREME-12	2.7e-002	peak_333	11.58	tp	0
12-GCAAACAAA	STREME-12	2.7e-002	peak_460	11.58	tp	0
12-GCAAACAAA	STREME-12	2.7e-002	peak_36	11.58	tp	0
12-GCAAACAAA	STREME-12	2.7e-002	peak_424	11.58	fp	0
12-GCAAACAAA	STREME-12	2.7e-002	peak_112	11.58	fp	0
12-GCAAACAAA	STREME-12	2.7e-002	peak_364	11.54	tp	0
12-GCAAACAAA	STREME-12	2.7e-002	peak_13	11.54	tp	0
12-GCAAACAAA	STREME-12	2.7e-002	peak_291	11.54	tp	0
12-GCAAACAAA	STREME-12	2.7e-002	peak_384	11.54	tp	0
12-GCAAACAAA	STREME-12	2.7e-002	peak_112	11.54	tp	0
12-GCAAACAAA	STREME-12	2.7e-002	peak_284	11.54	fp	0
12-GCAAACAAA	STREME-12	2.7e-002	peak_232	11.54	fp	1
12-GCAAACAAA	STREME-12	2.7e-002	peak_199	11.22	tp	0
12-GCAAACAAA	STREME-12	2.7e-002	peak_541	11.22	tp	0
12-GCAAACAAA	STREME-12	2.7e-002	peak_504	11.22	tp	0
12-GCAAACAAA	STREME-12	2.7e-002	peak_204	11.22	tp	0
12-GCAAACAAA	STREME-12	2.7e-002	peak_323	11.22	fp	0
12-GCAAACAAA	STREME-12	2.7e-002	peak_382	11.21	tp	0
12-GCAAACAAA	STREME-12	2.7e-002	peak_510	11.21	tp	0
12-GCAAACAAA	STREME-12	2.7e-002	peak_318	11.21	tp	0
12-GCAAACAAA	STREME-12	2.7e-002	peak_141	11.21	tp	0
12-GCAAACAAA	STREME-12	2.7e-002	peak_152	11.21	tp	0
12-GCAAACAAA	STREME-12	2.7e-002	peak_519	11.21	tp	0
12-GCAAACAAA	STREME-12	2.7e-002	peak_226	11.21	tp	0
12-GCAAACAAA	STREME-12	2.7e-002	peak_481	11.21	tp	0
12-GCAAACAAA	STREME-12	2.7e-002	peak_506	11.21	tp	0
12-GCAAACAAA	STREME-12	2.7e-002	peak_273	11.21	tp	0
12-GCAAACAAA	STREME-12	2.7e-002	peak_4	11.21	tp	0
12-GCAAACAAA	STREME-12	2.7e-002	peak_586	11.21	fp	0
12-GCAAACAAA	STREME-12	2.7e-002	peak_367	11.21	fp	0
12-GCAAACAAA	STREME-12	2.7e-002	peak_573	11.21	fp	0
12-GCAAACAAA	STREME-12	2.7e-002	peak_28	11.21	fp	0
12-GCAAACAAA	STREME-12	2.7e-002	peak_534	11.21	tp	1
12-GCAAACAAA	STREME-12	2.7e-002	peak_142	11.21	tp	1
12-GCAAACAAA	STREME-12	2.7e-002	peak_103	11.06	tp	0
12-GCAAACAAA	STREME-12	2.7e-002	peak_448	11.06	tp	0
12-GCAAACAAA	STREME-12	2.7e-002	peak_381	11.06	tp	0
12-GCAAACAAA	STREME-12	2.7e-002	peak_250	11.06	tp	0
12-GCAAACAAA	STREME-12	2.7e-002	peak_435	11.06	tp	0
12-GCAAACAAA	STREME-12	2.7e-002	peak_409	11.06	tp	0
12-GCAAACAAA	STREME-12	2.7e-002	peak_270	11.06	tp	0
12-GCAAACAAA	STREME-12	2.7e-002	peak_209	11.06	tp	0
12-GCAAACAAA	STREME-12	2.7e-002	peak_188	11.06	fp	0
12-GCAAACAAA	STREME-12	2.7e-002	peak_433	11.06	fp	0
12-GCAAACAAA	STREME-12	2.7e-002	peak_363	11.06	fp	0
12-GCAAACAAA	STREME-12	2.7e-002	peak_14	11.06	fp	0
12-GCAAACAAA	STREME-12	2.7e-002	peak_53	11.06	tp	1
12-GCAAACAAA	STREME-12	2.7e-002	peak_146	11.06	tp	1
12-GCAAACAAA	STREME-12	2.7e-002	peak_57	10.95	tp	0
12-GCAAACAAA	STREME-12	2.7e-002	peak_107	10.95	tp	0
12-GCAAACAAA	STREME-12	2.7e-002	peak_442	10.95	tp	0
12-GCAAACAAA	STREME-12	2.7e-002	peak_365	10.82	tp	0
12-GCAAACAAA	STREME-12	2.7e-002	peak_378	10.82	tp	0
12-GCAAACAAA	STREME-12	2.7e-002	peak_514	10.82	tp	0
12-GCAAACAAA	STREME-12	2.7e-002	peak_605	10.82	tp	0
12-GCAAACAAA	STREME-12	2.7e-002	peak_20	10.82	fp	0
12-GCAAACAAA	STREME-12	2.7e-002	peak_598	10.82	fp	0
12-GCAAACAAA	STREME-12	2.7e-002	peak_135	10.82	tp	1
12-GCAAACAAA	STREME-12	2.7e-002	peak_222	10.66	tp	0
#
13-AAAATTCAAATT	STREME-13	2.7e-002	peak_295	18.07	tp	0
13-AAAATTCAAATT	STREME-13	2.7e-002	peak_397	18.07	tp	0
13-AAAATTCAAATT	STREME-13	2.7e-002	peak_461	16.63	tp	0
13-AAAATTCAAATT	STREME-13	2.7e-002	peak_556	16.63	tp	0
13-AAAATTCAAATT	STREME-13	2.7e-002	peak_218	15.88	tp	0
13-AAAATTCAAATT	STREME-13	2.7e-002	peak_198	15.67	tp	0
13-AAAATTCAAATT	STREME-13	2.7e-002	peak_19	15.66	fp	0
13-AAAATTCAAATT	STREME-13	2.7e-002	peak_359	15.55	tp	0
13-AAAATTCAAATT	STREME-13	2.7e-002	peak_310	15.41	tp	0
13-AAAATTCAAATT	STREME-13	2.7e-002	peak_371	15.31	tp	0
13-AAAATTCAAATT	STREME-13	2.7e-002	peak_361	15.31	tp	0
13-AAAATTCAAATT	STREME-13	2.7e-002	peak_564	14.93	tp	0
13-AAAATTCAAATT	STREME-13	2.7e-002	peak_286	14.93	tp	0
13-AAAATTCAAATT	STREME-13	2.7e-002	peak_209	14.93	tp	0
13-AAAATTCAAATT	STREME-13	2.7e-002	peak_86	14.62	tp	0
13-AAAATTCAAATT	STREME-13	2.7e-002	peak_320	14.62	fp	0
13-AAAATTCAAATT	STREME-13	2.7e-002	peak_18	14.60	fp	0
13-AAAATTCAAATT	STREME-13	2.7e-002	peak_303	14.55	tp	0
13-AAAATTCAAATT	STREME-13	2.7e-002	peak_24	14.55	tp	1
13-AAAATTCAAATT	STREME-13	2.7e-002	peak_555	14.44	tp	0
13-AAAATTCAAATT	STREME-13	2.7e-002	peak_131	14.44	tp	0
13-AAAATTCAAATT	STREME-13	2.7e-002	peak_368	14.05	tp	0
13-AAAATTCAAATT	STREME-13	2.7e-002	peak_58	13.71	tp	0
13-AAAATTCAAATT	STREME-13	2.7e-002	peak_345	13.71	fp	0
13-AAAATTCAAATT	STREME-13	2.7e-002	peak_79	13.57	tp	0
13-AAAATTCAAATT	STREME-13	2.7e-002	peak_545	13.53	tp	0
13-AAAATTCAAATT	STREME-13	2.7e-002	peak_455	13.49	tp	0
13-AAAATTCAAATT	STREME-13	2.7e-002	peak_500	13.47	tp	0
13-AAAATTCAAATT	STREME-13	2.7e-002	peak_224	13.47	fp	0
13-AAAATTCAAATT	STREME-13	2.7e-002	peak_385	13.47	fp	0
13-AAAATTCAAATT	STREME-13	2.7e-002	peak_93	13.40	tp	0
13-AAAATTCAAATT	STREME-13	2.7e-002	peak_504	13.36	tp	0
13-AAAATTCAAATT	STREME-13	2.7e-002	peak_402	13.32	tp	0
13-AAAATTCAAATT	STREME-13	2.7e-002	peak_338	13.32	tp	0
13-AAAATTCAAATT	STREME-13	2.7e-002	peak_614	13.32	tp	0
13-AAAATTCAAATT	STREME-13	2.7e-002	peak_392	13.32	fp	0
13-AAAATTCAAATT	STREME-13	2.7e-002	peak_176	13.26	tp	0
13-AAAATTCAAATT	STREME-13	2.7e-002	peak_473	13.22	tp	0
13-AAAATTCAAATT	STREME-13	2.7e-002	peak_333	13.22	tp	0
13-AAAATTCAAATT	STREME-13	2.7e-002	peak_84	13.18	tp	0
13-AAAATTCAAATT	STREME-13	2.7e-002	peak_434	13.13	tp	0
13-AAAATTCAAATT	STREME-13	2.7e-002	peak_271	13.13	tp	0
13-AAAATTCAAATT	STREME-13	2.7e-002	peak_306	13.11	tp	0
13-AAAATTCAAATT	STREME-13	2.7e-002	peak_76	12.91	tp	0
13-AAAATTCAAATT	STREME-13	2.7e-002	peak_269	12.88	tp	0
13-AAAATTCAAATT	STREME-13	2.7e-002	peak_513	12.65	tp	0
13-AAAATTCAAATT	STREME-13	2.7e-002	peak_205	12.60	tp	0
13-AAAATTCAAATT	STREME-13	2.7e-002	peak_370	12.56	tp	0
13-AAAATTCAAATT	STREME-13	2.7e-002	peak_291	12.56	tp	0
13-AAAATTCAAATT	STREME-13	2.7e-002	peak_279	12.56	tp	0
13-AAAATTCAAATT	STREME-13	2.7e-002	peak_573	12.53	tp	1
13-AAAATTCAAATT	STREME-13	2.7e-002	peak_401	12.52	tp	0
13-AAAATTCAAATT	STREME-13	2.7e-002	peak_342	12.52	fp	0
13-AAAATTCAAATT	STREME-13	2.7e-002	peak_189	12.45	tp	1
13-AAAATTCAAATT	STREME-13	2.7e-002	peak_142	12.45	tp	1
13-AAAATTCAAATT	STREME-13	2.7e-002	peak_386	12.40	fp	0
13-AAAATTCAAATT	STREME-13	2.7e-002	peak_576	12.40	fp	0
13-AAAATTCAAATT	STREME-13	2.7e-002	peak_159	12.31	fp	0
13-AAAATTCAAATT	STREME-13	2.7e-002	peak_467	12.27	tp	0
13-AAAATTCAAATT	STREME-13	2.7e-002	peak_572	12.24	tp	0
13-AAAATTCAAATT	STREME-13	2.7e-002	peak_579	12.24	tp	0
13-AAAATTCAAATT	STREME-13	2.7e-002	peak_428	12.22	tp	0
13-AAAATTCAAATT	STREME-13	2.7e-002	peak_611	12.22	tp	0
13-AAAATTCAAATT	STREME-13	2.7e-002	peak_240	12.22	tp	0
13-AAAATTCAAATT	STREME-13	2.7e-002	peak_463	12.21	tp	0
13-AAAATTCAAATT	STREME-13	2.7e-002	peak_312	12.21	tp	0
13-AAAATTCAAATT	STREME-13	2.7e-002	peak_278	12.20	tp	0
13-AAAATTCAAATT	STREME-13	2.7e-002	peak_353	12.19	tp	0
13-AAAATTCAAATT	STREME-13	2.7e-002	peak_241	12.14	tp	0
13-AAAATTCAAATT	STREME-13	2.7e-002	peak_234	12.14	tp	1
13-AAAATTCAAATT	STREME-13	2.7e-002	peak_199	12.13	tp	0
13-AAAATTCAAATT	STREME-13	2.7e-002	peak_9	12.10	tp	0
13-AAAATTCAAATT	STREME-13	2.7e-002	peak_380	12.10	tp	0
13-AAAATTCAAATT	STREME-13	2.7e-002	peak_75	12.10	tp	0
13-AAAATTCAAATT	STREME-13	2.7e-002	peak_583	12.10	tp	1
13-AAAATTCAAATT	STREME-13	2.7e-002	peak_353	12.09	fp	0
13-AAAATTCAAATT	STREME-13	2.7e-002	peak_190	12.02	tp	0
13-AAAATTCAAATT	STREME-13	2.7e-002	peak_476	12.02	tp	0
13-AAAATTCAAATT	STREME-13	2.7e-002	peak_166	12.02	tp	0
13-AAAATTCAAATT	STREME-13	2.7e-002	peak_318	12.01	tp	0
13-AAAATTCAAATT	STREME-13	2.7e-002	peak_60	11.99	tp	0
13-AAAATTCAAATT	STREME-13	2.7e-002	peak_554	11.92	tp	0
13-AAAATTCAAATT	STREME-13	2.7e-002	peak_518	11.90	tp	0
13-AAAATTCAAATT	STREME-13	2.7e-002	peak_595	11.87	tp	0
13-AAAATTCAAATT	STREME-13	2.7e-002	peak_351	11.81	tp	0
13-AAAATTCAAATT	STREME-13	2.7e-002	peak_282	11.80	tp	0
13-AAAATTCAAATT	STREME-13	2.7e-002	peak_231	11.70	fp	0
13-AAAATTCAAATT	STREME-13	2.7e-002	peak_232	11.66	tp	1
13-AAAATTCAAATT	STREME-13	2.7e-002	peak_140	11.66	fp	0
13-AAAATTCAAATT	STREME-13	2.7e-002	peak_542	11.66	fp	1
13-AAAATTCAAATT	STREME-13	2.7e-002	peak_473	11.56	fp	0
13-AAAATTCAAATT	STREME-13	2.7e-002	peak_163	11.52	tp	0
13-AAAATTCAAATT	STREME-13	2.7e-002	peak_38	11.52	fp	0
13-AAAATTCAAATT	STREME-13	2.7e-002	peak_165	11.52	fp	0
13-AAAATTCAAATT	STREME-13	2.7e-002	peak_33	11.51	tp	0
13-AAAATTCAAATT	STREME-13	2.7e-002	peak_366	11.51	tp	0
13-AAAATTCAAATT	STREME-13	2.7e-002	peak_283	11.49	tp	0
13-AAAATTCAAATT	STREME-13	2.7e-002	peak_68	11.48	tp	0
13-AAAATTCAAATT	STREME-13	2.7e-002	peak_471	11.45	fp	0
13-AAAATTCAAATT	STREME-13	2.7e-002	peak_172	11.43	tp	0
13-AAAATTCAAATT	STREME-13	2.7e-002	peak_382	11.41	fp	0
13-AAAATTCAAATT	STREME-13	2.7e-002	peak_302	11.41	fp	0
13-AAAATTCAAATT	STREME-13	2.7e-002	peak_451	11.39	fp	0
13-AAAATTCAAATT	STREME-13	2.7e-002	peak_610	11.38	fp	0
13-AAAATTCAAATT	STREME-13	2.7e-002	peak_588	11.37	tp	0
13-AAAATTCAAATT	STREME-13	2.7e-002	peak_409	11.37	tp	0
13-AAAATTCAAATT	STREME-13	2.7e-002	peak_272	11.36	tp	0
13-AAAATTCAAATT	STREME-13	2.7e-002	peak_252	11.30	tp	0
13-AAAATTCAAATT	STREME-13	2.7e-002	peak_243	11.21	fp	0
13-AAAATTCAAATT	STREME-13	2.7e-002	peak_103	11.14	tp	0
13-AAAATTCAAATT	STREME-13	2.7e-002	peak_569	11.11	fp	0
13-AAAATTCAAATT	STREME-13	2.7e-002	peak_132	11.10	tp	0
13-AAAATTCAAATT	STREME-13	2.7e-002	peak_298	11.09	fp	0
13-AAAATTCAAATT	STREME-13	2.7e-002	peak_30	11.07	tp	0
13-AAAATTCAAATT	STREME-13	2.7e-002	peak_113	11.05	tp	0
13-AAAATTCAAATT	STREME-13	2.7e-002	peak_124	11.03	tp	0
13-AAAATTCAAATT	STREME-13	2.7e-002	peak_436	11.00	tp	0
13-AAAATTCAAATT	STREME-13	2.7e-002	peak_486	10.97	tp	0
13-AAAATTCAAATT	STREME-13	2.7e-002	peak_3	10.96	tp	0
13-AAAATTCAAATT	STREME-13	2.7e-002	peak_550	10.95	tp	0
13-AAAATTCAAATT	STREME-13	2.7e-002	peak_196	10.94	tp	0
13-AAAATTCAAATT	STREME-13	2.7e-002	peak_478	10.92	tp	0
13-AAAATTCAAATT	STREME-13	2.7e-002	peak_262	10.92	fp	1
13-AAAATTCAAATT	STREME-13	2.7e-002	peak_315	10.90	tp	0
13-AAAATTCAAATT	STREME-13	2.7e-002	peak_250	10.85	tp	0
13-AAAATTCAAATT	STREME-13	2.7e-002	peak_340	10.85	tp	0
13-AAAATTCAAATT	STREME-13	2.7e-002	peak_134	10.81	tp	0
13-AAAATTCAAATT	STREME-13	2.7e-002	peak_313	10.74	tp	0
13-AAAATTCAAATT	STREME-13	2.7e-002	peak_162	10.74	tp	0
13-AAAATTCAAATT	STREME-13	2.7e-002	peak_136	10.73	tp	0
13-AAAATTCAAATT	STREME-13	2.7e-002	peak_39	10.73	tp	0
13-AAAATTCAAATT	STREME-13	2.7e-002	peak_241	10.69	fp	0
13-AAAATTCAAATT	STREME-13	2.7e-002	peak_102	10.67	tp	0
13-AAAATTCAAATT	STREME-13	2.7e-002	peak_164	10.66	tp	0
13-AAAATTCAAATT	STREME-13	2.7e-002	peak_150	10.66	tp	0
13-AAAATTCAAATT	STREME-13	2.7e-002	peak_602	10.66	tp	0
13-AAAATTCAAATT	STREME-13	2.7e-002	peak_266	10.63	tp	0
13-AAAATTCAAATT	STREME-13	2.7e-002	peak_399	10.62	tp	1
13-AAAATTCAAATT	STREME-13	2.7e-002	peak_34	10.60	tp	0
13-AAAATTCAAATT	STREME-13	2.7e-002	peak_98	10.58	tp	0
13-AAAATTCAAATT	STREME-13	2.7e-002	peak_382	10.48	tp	0
13-AAAATTCAAATT	STREME-13	2.7e-002	peak_157	10.48	tp	0
13-AAAATTCAAATT	STREME-13	2.7e-002	peak_316	10.48	fp	0
13-AAAATTCAAATT	STREME-13	2.7e-002	peak_408	10.46	tp	0
13-AAAATTCAAATT	STREME-13	2.7e-002	peak_354	10.43	tp	1
13-AAAATTCAAATT	STREME-13	2.7e-002	peak_46	10.41	tp	0
13-AAAATTCAAATT	STREME-13	2.7e-002	peak_445	10.34	tp	0
13-AAAATTCAAATT	STREME-13	2.7e-002	peak_270	10.27	tp	0
13-AAAATTCAAATT	STREME-13	2.7e-002	peak_543	10.25	tp	0
#
14-AACAGCTGTTTKSNVNNN	STREME-14	2.9e-002	peak_412	22.25	tp	0
14-AACAGCTGTTTKSNVNNN	STREME-14	2.9e-002	peak_573	21.78	tp	1
14-AACAGCTGTTTKSNVNNN	STREME-14	2.9e-002	peak_155	21.39	tp	0
14-AACAGCTGTTTKSNVNNN	STREME-14	2.9e-002	peak_126	21.37	tp	0
14-AACAGCTGTTTKSNVNNN	STREME-14	2.9e-002	peak_210	20.62	tp	0
14-AACAGCTGTTTKSNVNNN	STREME-14	2.9e-002	peak_218	20.59	tp	0
14-AACAGCTGTTTKSNVNNN	STREME-14	2.9e-002	peak_536	20.33	tp	1
14-AACAGCTGTTTKSNVNNN	STREME-14	2.9e-002	peak_137	20.10	tp	0
14-AACAGCTGTTTKSNVNNN	STREME-14	2.9e-002	peak_289	19.97	tp	0
14-AACAGCTGTTTKSNVNNN	STREME-14	2.9e-002	peak_378	19.88	tp	0
14-AACAGCTGTTTKSNVNNN	STREME-14	2.9e-002	peak_448	19.76	tp	0
14-AACAGCTGTTTKSNVNNN	STREME-14	2.9e-002	peak_235	19.73	tp	0
14-AACAGCTGTTTKSNVNNN	STREME-14	2.9e-002	peak_257	19.53	tp	0
14-AACAGCTGTTTKSNVNNN	STREME-14	2.9e-002	peak_32	19.36	tp	0
14-AACAGCTGTTTKSNVNNN	STREME-14	2.9e-002	peak_461	19.29	tp	0
14-AACAGCTGTTTKSNVNNN	STREME-14	2.9e-002	peak_393	19.02	tp	0
14-AACAGCTGTTTKSNVNNN	STREME-14	2.9e-002	peak_177	18.97	tp	0
14-AACAGCTGTTTKSNVNNN	STREME-14	2.9e-002	peak_129	18.97	tp	0
14-AACAGCTGTTTKSNVNNN	STREME-14	2.9e-002	peak_365	18.89	fp	0
14-AACAGCTGTTTKSNVNNN	STREME-14	2.9e-002	peak_577	18.70	tp	0
14-AACAGCTGTTTKSNVNNN	STREME-14	2.9e-002	peak_530	18.40	tp	0
14-AACAGCTGTTTKSNVNNN	STREME-14	2.9e-002	peak_397	18.37	tp	0
14-AACAGCTGTTTKSNVNNN	STREME-14	2.9e-002	peak_157	18.24	tp	0
14-AACAGCTGTTTKSNVNNN	STREME-14	2.9e-002	peak_342	18.23	tp	0
14-AACAGCTGTTTKSNVNNN	STREME-14	2.9e-002	peak_216	18.22	tp	0
14-AACAGCTGTTTKSNVNNN	STREME-14	2.9e-002	peak_37	18.18	tp	0
14-AACAGCTGTTTKSNVNNN	STREME-14	2.9e-002	peak_368	18.16	tp	0
14-AACAGCTGTTTKSNVNNN	STREME-14	2.9e-002	peak_120	17.93	tp	0
14-AACAGCTGTTTKSNVNNN	STREME-14	2.9e-002	peak_398	17.90	tp	0
14-AACAGCTGTTTKSNVNNN	STREME-14	2.9e-002	peak_366	17.75	tp	0
14-AACAGCTGTTTKSNVNNN	STREME-14	2.9e-002	peak_21	17.56	tp	0
14-AACAGCTGTTTKSNVNNN	STREME-14	2.9e-002	peak_290	17.48	tp	0
14-AACAGCTGTTTKSNVNNN	STREME-14	2.9e-002	peak_107	17.43	tp	0
14-AACAGCTGTTTKSNVNNN	STREME-14	2.9e-002	peak_315	17.38	tp	0
14-AACAGCTGTTTKSNVNNN	STREME-14	2.9e-002	peak_215	17.02	tp	0
14-AACAGCTGTTTKSNVNNN	STREME-14	2.9e-002	peak_446	17.00	tp	0
14-AACAGCTGTTTKSNVNNN	STREME-14	2.9e-002	peak_263	16.93	tp	0
14-AACAGCTGTTTKSNVNNN	STREME-14	2.9e-002	peak_551	16.90	tp	0
14-AACAGCTGTTTKSNVNNN	STREME-14	2.9e-002	peak_34	16.82	tp	0
14-AACAGCTGTTTKSNVNNN	STREME-14	2.9e-002	peak_135	16.81	tp	1
14-AACAGCTGTTTKSNVNNN	STREME-14	2.9e-002	peak_44	16.37	tp	1
14-AACAGCTGTTTKSNVNNN	STREME-14	2.9e-002	peak_90	16.34	tp	0
14-AACAGCTGTTTKSNVNNN	STREME-14	2.9e-002	peak_40	16.07	tp	0
14-AACAGCTGTTTKSNVNNN	STREME-14	2.9e-002	peak_158	15.91	tp	0
14-AACAGCTGTTTKSNVNNN	STREME-14	2.9e-002	peak_358	15.89	tp	0
14-AACAGCTGTTTKSNVNNN	STREME-14	2.9e-002	peak_429	15.74	tp	0
14-AACAGCTGTTTKSNVNNN	STREME-14	2.9e-002	peak_264	15.59	tp	0
14-AACAGCTGTTTKSNVNNN	STREME-14	2.9e-002	peak_603	15.45	fp	0
14-AACAGCTGTTTKSNVNNN	STREME-14	2.9e-002	peak_60	15.18	tp	0
14-AACAGCTGTTTKSNVNNN	STREME-14	2.9e-002	peak_227	15.14	tp	0
14-AACAGCTGTTTKSNVNNN	STREME-14	2.9e-002	peak_416	14.94	tp	0
14-AACAGCTGTTTKSNVNNN	STREME-14	2.9e-002	peak_316	14.86	tp	1
14-AACAGCTGTTTKSNVNNN	STREME-14	2.9e-002	peak_472	14.75	tp	0
14-AACAGCTGTTTKSNVNNN	STREME-14	2.9e-002	peak_428	14.74	tp	0
14-AACAGCTGTTTKSNVNNN	STREME-14	2.9e-002	peak_261	14.52	tp	0
14-AACAGCTGTTTKSNVNNN	STREME-14	2.9e-002	peak_537	14.48	tp	0
14-AACAGCTGTTTKSNVNNN	STREME-14	2.9e-002	peak_162	14.46	tp	0
14-AACAGCTGTTTKSNVNNN	STREME-14	2.9e-002	peak_31	14.35	tp	0
14-AACAGCTGTTTKSNVNNN	STREME-14	2.9e-002	peak_115	14.28	tp	0
14-AACAGCTGTTTKSNVNNN	STREME-14	2.9e-002	peak_470	14.18	tp	0
14-AACAGCTGTTTKSNVNNN	STREME-14	2.9e-002	peak_187	14.10	tp	0
14-AACAGCTGTTTKSNVNNN	STREME-14	2.9e-002	peak_365	14.04	tp	0
#
15-CACACTGC	STREME-15	2.9e-002	peak_350	15.73	tp	0
15-CACACTGC	STREME-15	2.9e-002	peak_233	15.73	tp	0
15-CACACTGC	STREME-15	2.9e-002	peak_434	15.73	tp	0
15-CACACTGC	STREME-15	2.9e-002	peak_588	15.73	tp	0
15-CACACTGC	STREME-15	2.9e-002	peak_484	15.73	tp	0
15-CACACTGC	STREME-15	2.9e-002	peak_170	15.73	tp	0
15-CACACTGC	STREME-15	2.9e-002	peak_152	15.73	tp	0
15-CACACTGC	STREME-15	2.9e-002	peak_274	15.73	tp	0
15-CACACTGC	STREME-15	2.9e-002	peak_452	15.73	tp	0
15-CACACTGC	STREME-15	2.9e-002	peak_183	15.73	tp	0
15-CACACTGC	STREME-15	2.9e-002	peak_605	15.73	tp	0
15-CACACTGC	STREME-15	2.9e-002	peak_125	15.73	tp	0
15-CACACTGC	STREME-15	2.9e-002	peak_358	15.73	tp	0
15-CACACTGC	STREME-15	2.9e-002	peak_239	15.73	tp	0
15-CACACTGC	STREME-15	2.9e-002	peak_475	15.73	fp	0
15-CACACTGC	STREME-15	2.9e-002	peak_116	12.32	tp	0
15-CACACTGC	STREME-15	2.9e-002	peak_159	12.32	tp	0
15-CACACTGC	STREME-15	2.9e-002	peak_128	12.32	tp	0
15-CACACTGC	STREME-15	2.9e-002	peak_74	12.32	tp	0
15-CACACTGC	STREME-15	2.9e-002	peak_33	12.32	tp	0
15-CACACTGC	STREME-15	2.9e-002	peak_99	12.32	tp	0
15-CACACTGC	STREME-15	2.9e-002	peak_104	12.32	tp	0
15-CACACTGC	STREME-15	2.9e-002	peak_115	12.32	tp	0
15-CACACTGC	STREME-15	2.9e-002	peak_489	12.32	tp	0
15-CACACTGC	STREME-15	2.9e-002	peak_422	12.32	tp	0
15-CACACTGC	STREME-15	2.9e-002	peak_570	12.32	tp	0
15-CACACTGC	STREME-15	2.9e-002	peak_3	12.32	tp	0
15-CACACTGC	STREME-15	2.9e-002	peak_34	12.32	tp	0
15-CACACTGC	STREME-15	2.9e-002	peak_424	12.32	fp	0
15-CACACTGC	STREME-15	2.9e-002	peak_281	12.32	fp	0
15-CACACTGC	STREME-15	2.9e-002	peak_85	12.32	fp	0
15-CACACTGC	STREME-15	2.9e-002	peak_146	12.32	tp	1
15-CACACTGC	STREME-15	2.9e-002	peak_175	12.31	tp	0
15-CACACTGC	STREME-15	2.9e-002	peak_187	12.31	tp	0
15-CACACTGC	STREME-15	2.9e-002	peak_420	12.31	tp	0
15-CACACTGC	STREME-15	2.9e-002	peak_499	12.31	tp	0
15-CACACTGC	STREME-15	2.9e-002	peak_195	12.17	tp	0
15-CACACTGC	STREME-15	2.9e-002	peak_15	12.17	tp	0
15-CACACTGC	STREME-15	2.9e-002	peak_173	12.17	tp	0
15-CACACTGC	STREME-15	2.9e-002	peak_333	12.17	tp	0
15-CACACTGC	STREME-15	2.9e-002	peak_172	12.17	tp	0
15-CACACTGC	STREME-15	2.9e-002	peak_67	12.17	tp	0
15-CACACTGC	STREME-15	2.9e-002	peak_249	12.17	tp	0
15-CACACTGC	STREME-15	2.9e-002	peak_598	12.17	tp	0
15-CACACTGC	STREME-15	2.9e-002	peak_442	12.17	tp	0
15-CACACTGC	STREME-15	2.9e-002	peak_561	12.17	fp	0
15-CACACTGC	STREME-15	2.9e-002	peak_250	12.17	fp	0
15-CACACTGC	STREME-15	2.9e-002	peak_332	12.17	fp	0
15-CACACTGC	STREME-15	2.9e-002	peak_447	11.93	tp	0
15-CACACTGC	STREME-15	2.9e-002	peak_436	11.93	tp	0
15-CACACTGC	STREME-15	2.9e-002	peak_257	11.93	tp	0
15-CACACTGC	STREME-15	2.9e-002	peak_495	11.93	tp	0
15-CACACTGC	STREME-15	2.9e-002	peak_529	11.93	tp	0
15-CACACTGC	STREME-15	2.9e-002	peak_131	11.93	fp	0
15-CACACTGC	STREME-15	2.9e-002	peak_316	11.93	tp	1
15-CACACTGC	STREME-15	2.9e-002	peak_299	11.66	tp	0
15-CACACTGC	STREME-15	2.9e-002	peak_21	11.66	tp	0
15-CACACTGC	STREME-15	2.9e-002	peak_215	11.66	tp	0
15-CACACTGC	STREME-15	2.9e-002	peak_208	11.66	fp	0
15-CACACTGC	STREME-15	2.9e-002	peak_497	11.66	tp	1
15-CACACTGC	STREME-15	2.9e-002	peak_132	11.60	tp	0
15-CACACTGC	STREME-15	2.9e-002	peak_165	11.60	tp	0
15-CACACTGC	STREME-15	2.9e-002	peak_96	11.60	fp	0
15-CACACTGC	STREME-15	2.9e-002	peak_318	11.37	tp	0
15-CACACTGC	STREME-15	2.9e-002	peak_377	11.37	tp	0
15-CACACTGC	STREME-15	2.9e-002	peak_221	11.37	tp	0
15-CACACTGC	STREME-15	2.9e-002	peak_525	11.37	tp	0
15-CACACTGC	STREME-15	2.9e-002	peak_130	11.37	tp	0
15-CACACTGC	STREME-15	2.9e-002	peak_182	11.37	tp	0
15-CACACTGC	STREME-15	2.9e-002	peak_44	11.37	fp	0
15-CACACTGC	STREME-15	2.9e-002	peak_527	11.37	fp	0
15-CACACTGC	STREME-15	2.9e-002	peak_446	11.37	fp	0
15-CACACTGC	STREME-15	2.9e-002	peak_597	11.22	tp	0
15-CACACTGC	STREME-15	2.9e-002	peak_548	11.22	tp	0
15-CACACTGC	STREME-15	2.9e-002	peak_290	11.22	tp	0
15-CACACTGC	STREME-15	2.9e-002	peak_103	11.22	tp	0
15-CACACTGC	STREME-15	2.9e-002	peak_512	11.22	tp	0
15-CACACTGC	STREME-15	2.9e-002	peak_205	11.22	tp	0
15-CACACTGC	STREME-15	2.9e-002	peak_121	11.22	tp	0
15-CACACTGC	STREME-15	2.9e-002	peak_546	11.22	tp	0
15-CACACTGC	STREME-15	2.9e-002	peak_164	11.22	tp	0
15-CACACTGC	STREME-15	2.9e-002	peak_305	11.22	tp	0
15-CACACTGC	STREME-15	2.9e-002	peak_500	11.22	tp	0
15-CACACTGC	STREME-15	2.9e-002	peak_477	11.22	tp	0
15-CACACTGC	STREME-15	2.9e-002	peak_85	11.22	tp	0
15-CACACTGC	STREME-15	2.9e-002	peak_552	11.22	tp	0
15-CACACTGC	STREME-15	2.9e-002	peak_229	11.22	fp	0
15-CACACTGC	STREME-15	2.9e-002	peak_130	11.22	fp	0
15-CACACTGC	STREME-15	2.9e-002	peak_129	11.22	fp	0
15-CACACTGC	STREME-15	2.9e-002	peak_150	11.22	fp	0
15-CACACTGC	STREME-15	2.9e-002	peak_269	11.22	fp	0
15-CACACTGC	STREME-15	2.9e-002	peak_167	11.22	fp	0
15-CACACTGC	STREME-15	2.9e-002	peak_1	11.22	fp	0
15-CACACTGC	STREME-15	2.9e-002	peak_479	11.22	fp	0
15-CACACTGC	STREME-15	2.9e-002	peak_573	11.22	tp	1
15-CACACTGC	STREME-15	2.9e-002	peak_245	11.13	tp	0
15-CACACTGC	STREME-15	2.9e-002	peak_492	11.13	tp	0
15-CACACTGC	STREME-15	2.9e-002	peak_564	11.13	tp	0
15-CACACTGC	STREME-15	2.9e-002	peak_314	11.13	tp	0
15-CACACTGC	STREME-15	2.9e-002	peak_250	11.13	tp	0
15-CACACTGC	STREME-15	2.9e-002	peak_535	11.13	tp	0
15-CACACTGC	STREME-15	2.9e-002	peak_580	11.13	tp	0
15-CACACTGC	STREME-15	2.9e-002	peak_31	11.13	tp	0
15-CACACTGC	STREME-15	2.9e-002	peak_388	11.13	tp	0
15-CACACTGC	STREME-15	2.9e-002	peak_459	11.13	tp	0
15-CACACTGC	STREME-15	2.9e-002	peak_252	11.13	fp	0
15-CACACTGC	STREME-15	2.9e-002	peak_535	11.13	fp	0
15-CACACTGC	STREME-15	2.9e-002	peak_122	11.13	fp	0
15-CACACTGC	STREME-15	2.9e-002	peak_203	11.13	fp	0
15-CACACTGC	STREME-15	2.9e-002	peak_260	11.13	fp	0
15-CACACTGC	STREME-15	2.9e-002	peak_87	10.87	tp	0
15-CACACTGC	STREME-15	2.9e-002	peak_278	10.77	tp	0
15-CACACTGC	STREME-15	2.9e-002	peak_77	10.77	tp	0
15-CACACTGC	STREME-15	2.9e-002	peak_476	10.77	tp	0
15-CACACTGC	STREME-15	2.9e-002	peak_200	10.77	tp	0
15-CACACTGC	STREME-15	2.9e-002	peak_196	10.77	tp	0
15-CACACTGC	STREME-15	2.9e-002	peak_303	10.77	tp	0
15-CACACTGC	STREME-15	2.9e-002	peak_134	10.77	tp	0
15-CACACTGC	STREME-15	2.9e-002	peak_556	10.77	tp	0
15-CACACTGC	STREME-15	2.9e-002	peak_521	10.77	tp	0
15-CACACTGC	STREME-15	2.9e-002	peak_384	10.77	fp	0
15-CACACTGC	STREME-15	2.9e-002	peak_259	10.77	fp	0
15-CACACTGC	STREME-15	2.9e-002	peak_115	10.77	fp	0
15-CACACTGC	STREME-15	2.9e-002	peak_230	10.77	fp	0
15-CACACTGC	STREME-15	2.9e-002	peak_323	10.77	tp	1
#
16-CAGTGGCG	STREME-16	2.9e-002	peak_277	16.50	tp	0
16-CAGTGGCG	STREME-16	2.9e-002	peak_432	16.50	tp	0
16-CAGTGGCG	STREME-16	2.9e-002	peak_207	16.50	tp	0
16-CAGTGGCG	STREME-16	2.9e-002	peak_198	16.50	tp	0
16-CAGTGGCG	STREME-16	2.9e-002	peak_405	16.50	tp	0
16-CAGTGGCG	STREME-16	2.9e-002	peak_95	16.50	tp	0
16-CAGTGGCG	STREME-16	2.9e-002	peak_487	16.50	tp	0
16-CAGTGGCG	STREME-16	2.9e-002	peak_318	16.50	tp	0
16-CAGTGGCG	STREME-16	2.9e-002	peak_158	16.50	tp	0
16-CAGTGGCG	STREME-16	2.9e-002	peak_391	16.50	tp	0
16-CAGTGGCG	STREME-16	2.9e-002	peak_451	16.50	tp	0
16-CAGTGGCG	STREME-16	2.9e-002	peak_299	16.50	tp	0
16-CAGTGGCG	STREME-16	2.9e-002	peak_366	16.50	tp	0
16-CAGTGGCG	STREME-16	2.9e-002	peak_302	16.50	tp	0
16-CAGTGGCG	STREME-16	2.9e-002	peak_212	16.50	tp	0
16-CAGTGGCG	STREME-16	2.9e-002	peak_602	16.50	tp	0
16-CAGTGGCG	STREME-16	2.9e-002	peak_162	16.50	tp	0
16-CAGTGGCG	STREME-16	2.9e-002	peak_442	16.50	tp	0
16-CAGTGGCG	STREME-16	2.9e-002	peak_291	16.50	fp	0
16-CAGTGGCG	STREME-16	2.9e-002	peak_207	16.50	fp	0
16-CAGTGGCG	STREME-16	2.9e-002	peak_148	16.50	fp	0
16-CAGTGGCG	STREME-16	2.9e-002	peak_192	16.50	tp	1
16-CAGTGGCG	STREME-16	2.9e-002	peak_189	16.50	tp	1
16-CAGTGGCG	STREME-16	2.9e-002	peak_571	16.50	tp	1
16-CAGTGGCG	STREME-16	2.9e-002	peak_179	16.50	tp	1
16-CAGTGGCG	STREME-16	2.9e-002	peak_382	16.07	tp	0
16-CAGTGGCG	STREME-16	2.9e-002	peak_510	16.07	tp	0
16-CAGTGGCG	STREME-16	2.9e-002	peak_555	16.07	tp	0
16-CAGTGGCG	STREME-16	2.9e-002	peak_483	16.07	tp	0
16-CAGTGGCG	STREME-16	2.9e-002	peak_66	16.07	tp	0
16-CAGTGGCG	STREME-16	2.9e-002	peak_433	16.07	tp	0
16-CAGTGGCG	STREME-16	2.9e-002	peak_324	16.07	tp	0
16-CAGTGGCG	STREME-16	2.9e-002	peak_188	16.07	tp	0
16-CAGTGGCG	STREME-16	2.9e-002	peak_401	16.07	tp	0
16-CAGTGGCG	STREME-16	2.9e-002	peak_404	16.07	tp	0
16-CAGTGGCG	STREME-16	2.9e-002	peak_483	16.07	fp	0
16-CAGTGGCG	STREME-16	2.9e-002	peak_441	16.07	fp	0
16-CAGTGGCG	STREME-16	2.9e-002	peak_258	15.16	tp	0
16-CAGTGGCG	STREME-16	2.9e-002	peak_564	15.16	tp	0
16-CAGTGGCG	STREME-16	2.9e-002	peak_429	15.16	tp	0
16-CAGTGGCG	STREME-16	2.9e-002	peak_129	15.16	tp	0
16-CAGTGGCG	STREME-16	2.9e-002	peak_148	15.16	tp	0
16-CAGTGGCG	STREME-16	2.9e-002	peak_456	15.16	fp	0
16-CAGTGGCG	STREME-16	2.9e-002	peak_478	13.71	tp	0
16-CAGTGGCG	STREME-16	2.9e-002	peak_570	13.71	tp	0
16-CAGTGGCG	STREME-16	2.9e-002	peak_194	13.71	tp	0
16-CAGTGGCG	STREME-16	2.9e-002	peak_269	13.71	fp	0
16-CAGTGGCG	STREME-16	2.9e-002	peak_520	13.10	tp	0
16-CAGTGGCG	STREME-16	2.9e-002	peak_166	13.10	tp	0
16-CAGTGGCG	STREME-16	2.9e-002	peak_583	13.10	tp	1
#
17-AGTGYTGCMAAACGHNBGVV	STREME-17	3.1e-002	peak_30	24.11	tp	0
17-AGTGYTGCMAAACGHNBGVV	STREME-17	3.1e-002	peak_121	24.00	tp	0
17-AGTGYTGCMAAACGHNBGVV	STREME-17	3.1e-002	peak_409	23.62	tp	0
17-AGTGYTGCMAAACGHNBGVV	STREME-17	3.1e-002	peak_413	23.01	tp	0
17-AGTGYTGCMAAACGHNBGVV	STREME-17	3.1e-002	peak_229	22.60	tp	0
17-AGTGYTGCMAAACGHNBGVV	STREME-17	3.1e-002	peak_590	22.49	tp	0
17-AGTGYTGCMAAACGHNBGVV	STREME-17	3.1e-002	peak_289	21.29	tp	0
17-AGTGYTGCMAAACGHNBGVV	STREME-17	3.1e-002	peak_34	21.27	tp	0
17-AGTGYTGCMAAACGHNBGVV	STREME-17	3.1e-002	peak_593	21.16	tp	0
17-AGTGYTGCMAAACGHNBGVV	STREME-17	3.1e-002	peak_7	21.15	tp	0
17-AGTGYTGCMAAACGHNBGVV	STREME-17	3.1e-002	peak_340	21.13	tp	0
17-AGTGYTGCMAAACGHNBGVV	STREME-17	3.1e-002	peak_67	20.22	tp	0
17-AGTGYTGCMAAACGHNBGVV	STREME-17	3.1e-002	peak_44	20.20	tp	1
17-AGTGYTGCMAAACGHNBGVV	STREME-17	3.1e-002	peak_227	19.64	tp	0
17-AGTGYTGCMAAACGHNBGVV	STREME-17	3.1e-002	peak_290	19.58	tp	0
17-AGTGYTGCMAAACGHNBGVV	STREME-17	3.1e-002	peak_362	19.33	tp	0
17-AGTGYTGCMAAACGHNBGVV	STREME-17	3.1e-002	peak_136	19.24	tp	0
17-AGTGYTGCMAAACGHNBGVV	STREME-17	3.1e-002	peak_433	19.21	tp	0
17-AGTGYTGCMAAACGHNBGVV	STREME-17	3.1e-002	peak_22	19.19	tp	0
17-AGTGYTGCMAAACGHNBGVV	STREME-17	3.1e-002	peak_556	19.17	tp	0
17-AGTGYTGCMAAACGHNBGVV	STREME-17	3.1e-002	peak_72	19.06	tp	0
17-AGTGYTGCMAAACGHNBGVV	STREME-17	3.1e-002	peak_350	18.85	tp	0
17-AGTGYTGCMAAACGHNBGVV	STREME-17	3.1e-002	peak_60	18.72	tp	0
17-AGTGYTGCMAAACGHNBGVV	STREME-17	3.1e-002	peak_116	18.66	tp	0
17-AGTGYTGCMAAACGHNBGVV	STREME-17	3.1e-002	peak_515	18.40	fp	0
17-AGTGYTGCMAAACGHNBGVV	STREME-17	3.1e-002	peak_427	18.40	tp	0
17-AGTGYTGCMAAACGHNBGVV	STREME-17	3.1e-002	peak_381	18.07	tp	0
17-AGTGYTGCMAAACGHNBGVV	STREME-17	3.1e-002	peak_157	17.91	tp	0
17-AGTGYTGCMAAACGHNBGVV	STREME-17	3.1e-002	peak_168	17.91	tp	0
17-AGTGYTGCMAAACGHNBGVV	STREME-17	3.1e-002	peak_43	17.74	tp	0
17-AGTGYTGCMAAACGHNBGVV	STREME-17	3.1e-002	peak_52	17.58	tp	0
17-AGTGYTGCMAAACGHNBGVV	STREME-17	3.1e-002	peak_595	17.49	tp	0
17-AGTGYTGCMAAACGHNBGVV	STREME-17	3.1e-002	peak_71	17.46	tp	0
17-AGTGYTGCMAAACGHNBGVV	STREME-17	3.1e-002	peak_445	17.42	tp	0
17-AGTGYTGCMAAACGHNBGVV	STREME-17	3.1e-002	peak_277	17.37	tp	0
17-AGTGYTGCMAAACGHNBGVV	STREME-17	3.1e-002	peak_218	17.30	tp	0
17-AGTGYTGCMAAACGHNBGVV	STREME-17	3.1e-002	peak_173	17.25	tp	0
17-AGTGYTGCMAAACGHNBGVV	STREME-17	3.1e-002	peak_488	17.20	tp	0
17-AGTGYTGCMAAACGHNBGVV	STREME-17	3.1e-002	peak_460	17.17	tp	0
17-AGTGYTGCMAAACGHNBGVV	STREME-17	3.1e-002	peak_516	17.01	tp	0
17-AGTGYTGCMAAACGHNBGVV	STREME-17	3.1e-002	peak_371	17.00	tp	0
17-AGTGYTGCMAAACGHNBGVV	STREME-17	3.1e-002	peak_326	16.99	tp	0
17-AGTGYTGCMAAACGHNBGVV	STREME-17	3.1e-002	peak_235	16.99	tp	0
17-AGTGYTGCMAAACGHNBGVV	STREME-17	3.1e-002	peak_456	16.98	tp	1
17-AGTGYTGCMAAACGHNBGVV	STREME-17	3.1e-002	peak_417	16.96	tp	0
17-AGTGYTGCMAAACGHNBGVV	STREME-17	3.1e-002	peak_138	16.89	tp	0
17-AGTGYTGCMAAACGHNBGVV	STREME-17	3.1e-002	peak_77	16.77	tp	0
17-AGTGYTGCMAAACGHNBGVV	STREME-17	3.1e-002	peak_135	16.73	tp	1
17-AGTGYTGCMAAACGHNBGVV	STREME-17	3.1e-002	peak_565	16.58	tp	0
17-AGTGYTGCMAAACGHNBGVV	STREME-17	3.1e-002	peak_110	16.54	tp	0
17-AGTGYTGCMAAACGHNBGVV	STREME-17	3.1e-002	peak_104	16.53	tp	0
17-AGTGYTGCMAAACGHNBGVV	STREME-17	3.1e-002	peak_281	16.46	tp	0
17-AGTGYTGCMAAACGHNBGVV	STREME-17	3.1e-002	peak_175	16.45	tp	0
17-AGTGYTGCMAAACGHNBGVV	STREME-17	3.1e-002	peak_271	16.30	tp	0
17-AGTGYTGCMAAACGHNBGVV	STREME-17	3.1e-002	peak_603	16.25	tp	0
17-AGTGYTGCMAAACGHNBGVV	STREME-17	3.1e-002	peak_605	16.23	tp	0
17-AGTGYTGCMAAACGHNBGVV	STREME-17	3.1e-002	peak_260	16.11	tp	0
17-AGTGYTGCMAAACGHNBGVV	STREME-17	3.1e-002	peak_64	16.11	tp	0
17-AGTGYTGCMAAACGHNBGVV	STREME-17	3.1e-002	peak_20	16.06	tp	0
17-AGTGYTGCMAAACGHNBGVV	STREME-17	3.1e-002	peak_495	16.06	tp	0
17-AGTGYTGCMAAACGHNBGVV	STREME-17	3.1e-002	peak_344	15.97	tp	0
17-AGTGYTGCMAAACGHNBGVV	STREME-17	3.1e-002	peak_459	15.92	tp	0
17-AGTGYTGCMAAACGHNBGVV	STREME-17	3.1e-002	peak_393	15.89	tp	0
17-AGTGYTGCMAAACGHNBGVV	STREME-17	3.1e-002	peak_349	15.89	tp	0
17-AGTGYTGCMAAACGHNBGVV	STREME-17	3.1e-002	peak_274	15.77	tp	0
17-AGTGYTGCMAAACGHNBGVV	STREME-17	3.1e-002	peak_17	15.70	tp	0
17-AGTGYTGCMAAACGHNBGVV	STREME-17	3.1e-002	peak_333	15.52	tp	0
17-AGTGYTGCMAAACGHNBGVV	STREME-17	3.1e-002	peak_474	15.51	tp	0
17-AGTGYTGCMAAACGHNBGVV	STREME-17	3.1e-002	peak_232	15.45	tp	1
17-AGTGYTGCMAAACGHNBGVV	STREME-17	3.1e-002	peak_424	15.45	tp	0
17-AGTGYTGCMAAACGHNBGVV	STREME-17	3.1e-002	peak_523	15.43	tp	0
17-AGTGYTGCMAAACGHNBGVV	STREME-17	3.1e-002	peak_63	15.38	tp	0
17-AGTGYTGCMAAACGHNBGVV	STREME-17	3.1e-002	peak_367	15.36	tp	1
17-AGTGYTGCMAAACGHNBGVV	STREME-17	3.1e-002	peak_305	15.36	tp	0
17-AGTGYTGCMAAACGHNBGVV	STREME-17	3.1e-002	peak_557	15.32	tp	0
17-AGTGYTGCMAAACGHNBGVV	STREME-17	3.1e-002	peak_7	15.21	fp	1
17-AGTGYTGCMAAACGHNBGVV	STREME-17	3.1e-002	peak_3	15.15	tp	0
17-AGTGYTGCMAAACGHNBGVV	STREME-17	3.1e-002	peak_469	15.12	tp	1
17-AGTGYTGCMAAACGHNBGVV	STREME-17	3.1e-002	peak_95	15.10	tp	0
17-AGTGYTGCMAAACGHNBGVV	STREME-17	3.1e-002	peak_58	15.06	tp	0
17-AGTGYTGCMAAACGHNBGVV	STREME-17	3.1e-002	peak_113	15.04	tp	0
17-AGTGYTGCMAAACGHNBGVV	STREME-17	3.1e-002	peak_106	15.01	tp	0
17-AGTGYTGCMAAACGHNBGVV	STREME-17	3.1e-002	peak_66	15.00	tp	0
17-AGTGYTGCMAAACGHNBGVV	STREME-17	3.1e-002	peak_223	14.95	tp	1
17-AGTGYTGCMAAACGHNBGVV	STREME-17	3.1e-002	peak_276	14.91	tp	0
17-AGTGYTGCMAAACGHNBGVV	STREME-17	3.1e-002	peak_10	14.87	tp	0
17-AGTGYTGCMAAACGHNBGVV	STREME-17	3.1e-002	peak_273	14.74	tp	0
17-AGTGYTGCMAAACGHNBGVV	STREME-17	3.1e-002	peak_13	14.69	tp	0
17-AGTGYTGCMAAACGHNBGVV	STREME-17	3.1e-002	peak_171	14.61	tp	0
17-AGTGYTGCMAAACGHNBGVV	STREME-17	3.1e-002	peak_127	14.59	tp	0
17-AGTGYTGCMAAACGHNBGVV	STREME-17	3.1e-002	peak_336	14.59	tp	0
17-AGTGYTGCMAAACGHNBGVV	STREME-17	3.1e-002	peak_261	14.50	tp	0
17-AGTGYTGCMAAACGHNBGVV	STREME-17	3.1e-002	peak_592	14.50	tp	0
17-AGTGYTGCMAAACGHNBGVV	STREME-17	3.1e-002	peak_228	14.47	tp	0
17-AGTGYTGCMAAACGHNBGVV	STREME-17	3.1e-002	peak_387	14.46	tp	0
17-AGTGYTGCMAAACGHNBGVV	STREME-17	3.1e-002	peak_325	14.38	tp	0
17-AGTGYTGCMAAACGHNBGVV	STREME-17	3.1e-002	peak_554	14.38	tp	0
17-AGTGYTGCMAAACGHNBGVV	STREME-17	3.1e-002	peak_5	14.37	tp	0
17-AGTGYTGCMAAACGHNBGVV	STREME-17	3.1e-002	peak_51	14.35	tp	0
17-AGTGYTGCMAAACGHNBGVV	STREME-17	3.1e-002	peak_264	14.29	tp	0
17-AGTGYTGCMAAACGHNBGVV	STREME-17	3.1e-002	peak_148	14.25	tp	0
17-AGTGYTGCMAAACGHNBGVV	STREME-17	3.1e-002	peak_295	14.24	tp	0
17-AGTGYTGCMAAACGHNBGVV	STREME-17	3.1e-002	peak_209	14.22	tp	0
17-AGTGYTGCMAAACGHNBGVV	STREME-17	3.1e-002	peak_378	14.22	tp	0
17-AGTGYTGCMAAACGHNBGVV	STREME-17	3.1e-002	peak_611	14.17	tp	0
17-AGTGYTGCMAAACGHNBGVV	STREME-17	3.1e-002	peak_428	14.16	tp	0
17-AGTGYTGCMAAACGHNBGVV	STREME-17	3.1e-002	peak_518	14.00	tp	0
17-AGTGYTGCMAAACGHNBGVV	STREME-17	3.1e-002	peak_272	13.91	tp	0
#
18-AAAAAAAAGMAAVAA	STREME-18	3.1e-002	peak_564	19.90	tp	0
18-AAAAAAAAGMAAVAA	STREME-18	3.1e-002	peak_337	17.98	tp	0
18-AAAAAAAAGMAAVAA	STREME-18	3.1e-002	peak_500	17.98	tp	0
18-AAAAAAAAGMAAVAA	STREME-18	3.1e-002	peak_1	16.92	tp	0
18-AAAAAAAAGMAAVAA	STREME-18	3.1e-002	peak_534	16.88	tp	1
18-AAAAAAAAGMAAVAA	STREME-18	3.1e-002	peak_112	16.86	tp	0
18-AAAAAAAAGMAAVAA	STREME-18	3.1e-002	peak_492	16.40	tp	0
18-AAAAAAAAGMAAVAA	STREME-18	3.1e-002	peak_276	16.12	tp	0
18-AAAAAAAAGMAAVAA	STREME-18	3.1e-002	peak_311	16.04	tp	0
18-AAAAAAAAGMAAVAA	STREME-18	3.1e-002	peak_179	16.02	tp	1
18-AAAAAAAAGMAAVAA	STREME-18	3.1e-002	peak_598	15.94	tp	0
18-AAAAAAAAGMAAVAA	STREME-18	3.1e-002	peak_30	15.74	fp	0
18-AAAAAAAAGMAAVAA	STREME-18	3.1e-002	peak_411	15.69	fp	0
18-AAAAAAAAGMAAVAA	STREME-18	3.1e-002	peak_550	15.62	tp	0
18-AAAAAAAAGMAAVAA	STREME-18	3.1e-002	peak_410	15.60	tp	0
18-AAAAAAAAGMAAVAA	STREME-18	3.1e-002	peak_124	15.58	tp	0
18-AAAAAAAAGMAAVAA	STREME-18	3.1e-002	peak_304	15.58	tp	0
18-AAAAAAAAGMAAVAA	STREME-18	3.1e-002	peak_38	15.44	tp	0
18-AAAAAAAAGMAAVAA	STREME-18	3.1e-002	peak_193	15.40	tp	0
18-AAAAAAAAGMAAVAA	STREME-18	3.1e-002	peak_577	15.40	fp	0
18-AAAAAAAAGMAAVAA	STREME-18	3.1e-002	peak_461	15.27	tp	0
18-AAAAAAAAGMAAVAA	STREME-18	3.1e-002	peak_67	15.11	tp	0
18-AAAAAAAAGMAAVAA	STREME-18	3.1e-002	peak_561	15.10	tp	0
18-AAAAAAAAGMAAVAA	STREME-18	3.1e-002	peak_283	15.06	tp	0
18-AAAAAAAAGMAAVAA	STREME-18	3.1e-002	peak_73	15.03	fp	0
18-AAAAAAAAGMAAVAA	STREME-18	3.1e-002	peak_152	14.96	tp	0
18-AAAAAAAAGMAAVAA	STREME-18	3.1e-002	peak_135	14.93	tp	1
18-AAAAAAAAGMAAVAA	STREME-18	3.1e-002	peak_325	14.78	tp	0
18-AAAAAAAAGMAAVAA	STREME-18	3.1e-002	peak_28	14.73	tp	0
18-AAAAAAAAGMAAVAA	STREME-18	3.1e-002	peak_415	14.72	tp	0
18-AAAAAAAAGMAAVAA	STREME-18	3.1e-002	peak_583	14.68	tp	1
18-AAAAAAAAGMAAVAA	STREME-18	3.1e-002	peak_68	14.59	tp	0
18-AAAAAAAAGMAAVAA	STREME-18	3.1e-002	peak_197	14.57	tp	0
18-AAAAAAAAGMAAVAA	STREME-18	3.1e-002	peak_463	14.49	tp	0
18-AAAAAAAAGMAAVAA	STREME-18	3.1e-002	peak_80	14.41	tp	0
18-AAAAAAAAGMAAVAA	STREME-18	3.1e-002	peak_217	14.38	tp	0
18-AAAAAAAAGMAAVAA	STREME-18	3.1e-002	peak_504	14.37	tp	0
18-AAAAAAAAGMAAVAA	STREME-18	3.1e-002	peak_437	14.36	tp	0
18-AAAAAAAAGMAAVAA	STREME-18	3.1e-002	peak_312	14.34	tp	0
18-AAAAAAAAGMAAVAA	STREME-18	3.1e-002	peak_370	14.33	tp	0
18-AAAAAAAAGMAAVAA	STREME-18	3.1e-002	peak_372	14.31	tp	0
18-AAAAAAAAGMAAVAA	STREME-18	3.1e-002	peak_180	14.24	tp	0
18-AAAAAAAAGMAAVAA	STREME-18	3.1e-002	peak_413	14.23	tp	0
18-AAAAAAAAGMAAVAA	STREME-18	3.1e-002	peak_429	14.15	tp	0
18-AAAAAAAAGMAAVAA	STREME-18	3.1e-002	peak_225	14.08	tp	0
18-AAAAAAAAGMAAVAA	STREME-18	3.1e-002	peak_402	13.90	tp	0
18-AAAAAAAAGMAAVAA	STREME-18	3.1e-002	peak_183	13.77	tp	0
18-AAAAAAAAGMAAVAA	STREME-18	3.1e-002	peak_523	13.75	tp	0
18-AAAAAAAAGMAAVAA	STREME-18	3.1e-002	peak_102	13.72	tp	0
18-AAAAAAAAGMAAVAA	STREME-18	3.1e-002	peak_481	13.72	tp	0
18-AAAAAAAAGMAAVAA	STREME-18	3.1e-002	peak_62	13.68	tp	0
18-AAAAAAAAGMAAVAA	STREME-18	3.1e-002	peak_573	13.68	tp	1
18-AAAAAAAAGMAAVAA	STREME-18	3.1e-002	peak_15	13.65	fp	0
18-AAAAAAAAGMAAVAA	STREME-18	3.1e-002	peak_104	13.65	tp	0
18-AAAAAAAAGMAAVAA	STREME-18	3.1e-002	peak_569	13.58	tp	0
18-AAAAAAAAGMAAVAA	STREME-18	3.1e-002	peak_186	13.54	tp	0
18-AAAAAAAAGMAAVAA	STREME-18	3.1e-002	peak_272	13.51	tp	0
18-AAAAAAAAGMAAVAA	STREME-18	3.1e-002	peak_291	13.41	tp	0
18-AAAAAAAAGMAAVAA	STREME-18	3.1e-002	peak_346	13.37	fp	0
18-AAAAAAAAGMAAVAA	STREME-18	3.1e-002	peak_110	13.34	tp	0
18-AAAAAAAAGMAAVAA	STREME-18	3.1e-002	peak_260	13.32	tp	0
18-AAAAAAAAGMAAVAA	STREME-18	3.1e-002	peak_218	13.30	fp	0
18-AAAAAAAAGMAAVAA	STREME-18	3.1e-002	peak_32	13.24	tp	0
18-AAAAAAAAGMAAVAA	STREME-18	3.1e-002	peak_449	13.14	tp	0
18-AAAAAAAAGMAAVAA	STREME-18	3.1e-002	peak_608	13.13	tp	0
18-AAAAAAAAGMAAVAA	STREME-18	3.1e-002	peak_66	13.07	tp	0
18-AAAAAAAAGMAAVAA	STREME-18	3.1e-002	peak_239	13.04	tp	0
18-AAAAAAAAGMAAVAA	STREME-18	3.1e-002	peak_275	12.97	tp	0
18-AAAAAAAAGMAAVAA	STREME-18	3.1e-002	peak_59	12.90	fp	0
18-AAAAAAAAGMAAVAA	STREME-18	3.1e-002	peak_306	12.84	fp	0
18-AAAAAAAAGMAAVAA	STREME-18	3.1e-002	peak_160	12.72	tp	0
18-AAAAAAAAGMAAVAA	STREME-18	3.1e-002	peak_210	12.71	tp	0
18-AAAAAAAAGMAAVAA	STREME-18	3.1e-002	peak_355	12.71	tp	0
18-AAAAAAAAGMAAVAA	STREME-18	3.1e-002	peak_264	12.66	tp	0
18-AAAAAAAAGMAAVAA	STREME-18	3.1e-002	peak_27	12.65	tp	0
18-AAAAAAAAGMAAVAA	STREME-18	3.1e-002	peak_488	12.64	tp	0
18-AAAAAAAAGMAAVAA	STREME-18	3.1e-002	peak_46	12.60	tp	0
18-AAAAAAAAGMAAVAA	STREME-18	3.1e-002	peak_171	12.60	fp	0
18-AAAAAAAAGMAAVAA	STREME-18	3.1e-002	peak_382	12.52	tp	0
18-AAAAAAAAGMAAVAA	STREME-18	3.1e-002	peak_40	12.50	tp	0
18-AAAAAAAAGMAAVAA	STREME-18	3.1e-002	peak_263	12.45	tp	0
18-AAAAAAAAGMAAVAA	STREME-18	3.1e-002	peak_27	12.42	fp	0
18-AAAAAAAAGMAAVAA	STREME-18	3.1e-002	peak_10	12.33	tp	0
18-AAAAAAAAGMAAVAA	STREME-18	3.1e-002	peak_125	12.31	tp	0
18-AAAAAAAAGMAAVAA	STREME-18	3.1e-002	peak_570	12.30	fp	0
18-AAAAAAAAGMAAVAA	STREME-18	3.1e-002	peak_299	12.30	tp	0
18-AAAAAAAAGMAAVAA	STREME-18	3.1e-002	peak_390	12.22	tp	0
18-AAAAAAAAGMAAVAA	STREME-18	3.1e-002	peak_114	12.16	tp	0
18-AAAAAAAAGMAAVAA	STREME-18	3.1e-002	peak_50	12.13	tp	0
18-AAAAAAAAGMAAVAA	STREME-18	3.1e-002	peak_229	12.12	tp	0
18-AAAAAAAAGMAAVAA	STREME-18	3.1e-002	peak_343	12.10	tp	0
18-AAAAAAAAGMAAVAA	STREME-18	3.1e-002	peak_211	12.08	tp	0
18-AAAAAAAAGMAAVAA	STREME-18	3.1e-002	peak_405	12.02	fp	0
18-AAAAAAAAGMAAVAA	STREME-18	3.1e-002	peak_2	11.96	tp	0
18-AAAAAAAAGMAAVAA	STREME-18	3.1e-002	peak_34	11.96	fp	0
18-AAAAAAAAGMAAVAA	STREME-18	3.1e-002	peak_521	11.89	tp	0
18-AAAAAAAAGMAAVAA	STREME-18	3.1e-002	peak_81	11.88	tp	0
18-AAAAAAAAGMAAVAA	STREME-18	3.1e-002	peak_201	11.86	tp	0
18-AAAAAAAAGMAAVAA	STREME-18	3.1e-002	peak_198	11.85	tp	0
18-AAAAAAAAGMAAVAA	STREME-18	3.1e-002	peak_14	11.80	tp	0
18-AAAAAAAAGMAAVAA	STREME-18	3.1e-002	peak_582	11.70	tp	0
18-AAAAAAAAGMAAVAA	STREME-18	3.1e-002	peak_154	11.66	tp	0
18-AAAAAAAAGMAAVAA	STREME-18	3.1e-002	peak_494	11.65	tp	0
18-AAAAAAAAGMAAVAA	STREME-18	3.1e-002	peak_313	11.65	tp	0
18-AAAAAAAAGMAAVAA	STREME-18	3.1e-002	peak_368	11.63	fp	1
18-AAAAAAAAGMAAVAA	STREME-18	3.1e-002	peak_167	11.62	tp	0
18-AAAAAAAAGMAAVAA	STREME-18	3.1e-002	peak_40	11.58	fp	0
18-AAAAAAAAGMAAVAA	STREME-18	3.1e-002	peak_147	11.56	tp	0
18-AAAAAAAAGMAAVAA	STREME-18	3.1e-002	peak_188	11.52	tp	0
18-AAAAAAAAGMAAVAA	STREME-18	3.1e-002	peak_49	11.48	tp	1
18-AAAAAAAAGMAAVAA	STREME-18	3.1e-002	peak_610	11.45	fp	0
18-AAAAAAAAGMAAVAA	STREME-18	3.1e-002	peak_433	11.37	tp	0
18-AAAAAAAAGMAAVAA	STREME-18	3.1e-002	peak_559	11.32	fp	0
18-AAAAAAAAGMAAVAA	STREME-18	3.1e-002	peak_123	11.27	fp	0
18-AAAAAAAAGMAAVAA	STREME-18	3.1e-002	peak_538	11.25	tp	0
18-AAAAAAAAGMAAVAA	STREME-18	3.1e-002	peak_187	11.23	tp	0
18-AAAAAAAAGMAAVAA	STREME-18	3.1e-002	peak_512	11.20	tp	0
18-AAAAAAAAGMAAVAA	STREME-18	3.1e-002	peak_42	11.16	tp	1
18-AAAAAAAAGMAAVAA	STREME-18	3.1e-002	peak_464	11.16	tp	0
18-AAAAAAAAGMAAVAA	STREME-18	3.1e-002	peak_546	11.13	tp	0
18-AAAAAAAAGMAAVAA	STREME-18	3.1e-002	peak_342	11.08	tp	0
18-AAAAAAAAGMAAVAA	STREME-18	3.1e-002	peak_168	11.07	tp	0
18-AAAAAAAAGMAAVAA	STREME-18	3.1e-002	peak_127	11.06	tp	0
18-AAAAAAAAGMAAVAA	STREME-18	3.1e-002	peak_327	11.06	tp	0
18-AAAAAAAAGMAAVAA	STREME-18	3.1e-002	peak_448	11.05	tp	0
#
19-AAATGT	STREME-19	3.7e-002	peak_610	10.33	tp	0
19-AAATGT	STREME-19	3.7e-002	peak_544	10.33	tp	0
19-AAATGT	STREME-19	3.7e-002	peak_326	10.33	tp	0
19-AAATGT	STREME-19	3.7e-002	peak_246	10.33	tp	0
19-AAATGT	STREME-19	3.7e-002	peak_597	10.33	tp	0
19-AAATGT	STREME-19	3.7e-002	peak_315	10.33	tp	0
19-AAATGT	STREME-19	3.7e-002	peak_195	10.33	tp	0
19-AAATGT	STREME-19	3.7e-002	peak_383	10.33	tp	0
19-AAATGT	STREME-19	3.7e-002	peak_216	10.33	tp	0
19-AAATGT	STREME-19	3.7e-002	peak_432	10.33	tp	0
19-AAATGT	STREME-19	3.7e-002	peak_116	10.33	tp	0
19-AAATGT	STREME-19	3.7e-002	peak_168	10.33	tp	0
19-AAATGT	STREME-19	3.7e-002	peak_457	10.33	tp	0
19-AAATGT	STREME-19	3.7e-002	peak_402	10.33	tp	0
19-AAATGT	STREME-19	3.7e-002	peak_419	10.33	tp	0
19-AAATGT	STREME-19	3.7e-002	peak_369	10.33	tp	0
19-AAATGT	STREME-19	3.7e-002	peak_147	10.33	tp	0
19-AAATGT	STREME-19	3.7e-002	peak_440	10.33	tp	0
19-AAATGT	STREME-19	3.7e-002	peak_108	10.33	tp	0
19-AAATGT	STREME-19	3.7e-002	peak_555	10.33	tp	0
19-AAATGT	STREME-19	3.7e-002	peak_84	10.33	tp	0
19-AAATGT	STREME-19	3.7e-002	peak_518	10.33	tp	0
19-AAATGT	STREME-19	3.7e-002	peak_63	10.33	tp	0
19-AAATGT	STREME-19	3.7e-002	peak_290	10.33	tp	0
19-AAATGT	STREME-19	3.7e-002	peak_159	10.33	tp	0
19-AAATGT	STREME-19	3.7e-002	peak_356	10.33	tp	0
19-AAATGT	STREME-19	3.7e-002	peak_131	10.33	tp	0
19-AAATGT	STREME-19	3.7e-002	peak_103	10.33	tp	0
19-AAATGT	STREME-19	3.7e-002	peak_411	10.33	tp	0
19-AAATGT	STREME-19	3.7e-002	peak_276	10.33	tp	0
19-AAATGT	STREME-19	3.7e-002	peak_228	10.33	tp	0
19-AAATGT	STREME-19	3.7e-002	peak_128	10.33	tp	0
19-AAATGT	STREME-19	3.7e-002	peak_74	10.33	tp	0
19-AAATGT	STREME-19	3.7e-002	peak_502	10.33	tp	0
19-AAATGT	STREME-19	3.7e-002	peak_439	10.33	tp	0
19-AAATGT	STREME-19	3.7e-002	peak_199	10.33	tp	0
19-AAATGT	STREME-19	3.7e-002	peak_6	10.33	tp	0
19-AAATGT	STREME-19	3.7e-002	peak_248	10.33	tp	0
19-AAATGT	STREME-19	3.7e-002	peak_88	10.33	tp	0
19-AAATGT	STREME-19	3.7e-002	peak_33	10.33	tp	0
19-AAATGT	STREME-19	3.7e-002	peak_483	10.33	tp	0
19-AAATGT	STREME-19	3.7e-002	peak_127	10.33	tp	0
19-AAATGT	STREME-19	3.7e-002	peak_467	10.33	tp	0
19-AAATGT	STREME-19	3.7e-002	peak_197	10.33	tp	0
19-AAATGT	STREME-19	3.7e-002	peak_210	10.33	tp	0
19-AAATGT	STREME-19	3.7e-002	peak_513	10.33	tp	0
19-AAATGT	STREME-19	3.7e-002	peak_362	10.33	tp	0
19-AAATGT	STREME-19	3.7e-002	peak_569	10.33	tp	0
19-AAATGT	STREME-19	3.7e-002	peak_448	10.33	tp	0
19-AAATGT	STREME-19	3.7e-002	peak_595	10.33	tp	0
19-AAATGT	STREME-19	3.7e-002	peak_554	10.33	tp	0
19-AAATGT	STREME-19	3.7e-002	peak_461	10.33	tp	0
19-AAATGT	STREME-19	3.7e-002	peak_254	10.33	tp	0
19-AAATGT	STREME-19	3.7e-002	peak_121	10.33	tp	0
19-AAATGT	STREME-19	3.7e-002	peak_405	10.33	tp	0
19-AAATGT	STREME-19	3.7e-002	peak_93	10.33	tp	0
19-AAATGT	STREME-19	3.7e-002	peak_72	10.33	tp	0
19-AAATGT	STREME-19	3.7e-002	peak_397	10.33	tp	0
19-AAATGT	STREME-19	3.7e-002	peak_137	10.33	tp	0
19-AAATGT	STREME-19	3.7e-002	peak_284	10.33	tp	0
19-AAATGT	STREME-19	3.7e-002	peak_233	10.33	tp	0
19-AAATGT	STREME-19	3.7e-002	peak_51	10.33	tp	0
19-AAATGT	STREME-19	3.7e-002	peak_526	10.33	tp	0
19-AAATGT	STREME-19	3.7e-002	peak_251	10.33	tp	0
19-AAATGT	STREME-19	3.7e-002	peak_201	10.33	tp	0
19-AAATGT	STREME-19	3.7e-002	peak_364	10.33	tp	0
19-AAATGT	STREME-19	3.7e-002	peak_178	10.33	tp	0
19-AAATGT	STREME-19	3.7e-002	peak_378	10.33	tp	0
19-AAATGT	STREME-19	3.7e-002	peak_390	10.33	tp	0
19-AAATGT	STREME-19	3.7e-002	peak_368	10.33	tp	0
19-AAATGT	STREME-19	3.7e-002	peak_591	10.33	tp	0
19-AAATGT	STREME-19	3.7e-002	peak_508	10.33	tp	0
19-AAATGT	STREME-19	3.7e-002	peak_476	10.33	tp	0
19-AAATGT	STREME-19	3.7e-002	peak_546	10.33	tp	0
19-AAATGT	STREME-19	3.7e-002	peak_193	10.33	tp	0
19-AAATGT	STREME-19	3.7e-002	peak_320	10.33	tp	0
19-AAATGT	STREME-19	3.7e-002	peak_265	10.33	tp	0
19-AAATGT	STREME-19	3.7e-002	peak_30	10.33	tp	0
19-AAATGT	STREME-19	3.7e-002	peak_305	10.33	tp	0
19-AAATGT	STREME-19	3.7e-002	peak_54	10.33	tp	0
19-AAATGT	STREME-19	3.7e-002	peak_174	10.33	tp	0
19-AAATGT	STREME-19	3.7e-002	peak_487	10.33	tp	0
19-AAATGT	STREME-19	3.7e-002	peak_561	10.33	tp	0
19-AAATGT	STREME-19	3.7e-002	peak_492	10.33	tp	0
19-AAATGT	STREME-19	3.7e-002	peak_588	10.33	tp	0
19-AAATGT	STREME-19	3.7e-002	peak_608	10.33	tp	0
19-AAATGT	STREME-19	3.7e-002	peak_57	10.33	tp	0
19-AAATGT	STREME-19	3.7e-002	peak_2	10.33	tp	0
19-AAATGT	STREME-19	3.7e-002	peak_288	10.33	tp	0
19-AAATGT	STREME-19	3.7e-002	peak_35	10.33	tp	0
19-AAATGT	STREME-19	3.7e-002	peak_394	10.33	tp	0
19-AAATGT	STREME-19	3.7e-002	peak_611	10.33	tp	0
19-AAATGT	STREME-19	3.7e-002	peak_338	10.33	tp	0
19-AAATGT	STREME-19	3.7e-002	peak_236	10.33	tp	0
19-AAATGT	STREME-19	3.7e-002	peak_122	10.33	tp	0
19-AAATGT	STREME-19	3.7e-002	peak_61	10.33	tp	0
19-AAATGT	STREME-19	3.7e-002	peak_590	10.33	tp	0
19-AAATGT	STREME-19	3.7e-002	peak_403	10.33	tp	0
19-AAATGT	STREME-19	3.7e-002	peak_593	10.33	tp	0
19-AAATGT	STREME-19	3.7e-002	peak_253	10.33	tp	0
19-AAATGT	STREME-19	3.7e-002	peak_504	10.33	tp	0
19-AAATGT	STREME-19	3.7e-002	peak_173	10.33	tp	0
19-AAATGT	STREME-19	3.7e-002	peak_425	10.33	tp	0
19-AAATGT	STREME-19	3.7e-002	peak_227	10.33	tp	0
19-AAATGT	STREME-19	3.7e-002	peak_543	10.33	tp	0
19-AAATGT	STREME-19	3.7e-002	peak_141	10.33	tp	0
19-AAATGT	STREME-19	3.7e-002	peak_377	10.33	tp	0
19-AAATGT	STREME-19	3.7e-002	peak_359	10.33	tp	0
19-AAATGT	STREME-19	3.7e-002	peak_111	10.33	tp	0
19-AAATGT	STREME-19	3.7e-002	peak_479	10.33	tp	0
19-AAATGT	STREME-19	3.7e-002	peak_503	10.33	tp	0
19-AAATGT	STREME-19	3.7e-002	peak_587	10.33	tp	0
19-AAATGT	STREME-19	3.7e-002	peak_180	10.33	tp	0
19-AAATGT	STREME-19	3.7e-002	peak_433	10.33	tp	0
19-AAATGT	STREME-19	3.7e-002	peak_150	10.33	tp	0
19-AAATGT	STREME-19	3.7e-002	peak_287	10.33	tp	0
19-AAATGT	STREME-19	3.7e-002	peak_308	10.33	tp	0
19-AAATGT	STREME-19	3.7e-002	peak_170	10.33	tp	0
19-AAATGT	STREME-19	3.7e-002	peak_283	10.33	tp	0
19-AAATGT	STREME-19	3.7e-002	peak_83	10.33	tp	0
19-AAATGT	STREME-19	3.7e-002	peak_40	10.33	tp	0
19-AAATGT	STREME-19	3.7e-002	peak_520	10.33	tp	0
19-AAATGT	STREME-19	3.7e-002	peak_294	10.33	tp	0
19-AAATGT	STREME-19	3.7e-002	peak_152	10.33	tp	0
19-AAATGT	STREME-19	3.7e-002	peak_200	10.33	tp	0
19-AAATGT	STREME-19	3.7e-002	peak_582	10.33	tp	0
19-AAATGT	STREME-19	3.7e-002	peak_580	10.33	tp	0
19-AAATGT	STREME-19	3.7e-002	peak_498	10.33	tp	0
19-AAATGT	STREME-19	3.7e-002	peak_514	10.33	tp	0
19-AAATGT	STREME-19	3.7e-002	peak_421	10.33	tp	0
19-AAATGT	STREME-19	3.7e-002	peak_280	10.33	tp	0
19-AAATGT	STREME-19	3.7e-002	peak_392	10.33	tp	0
19-AAATGT	STREME-19	3.7e-002	peak_14	10.33	tp	0
19-AAATGT	STREME-19	3.7e-002	peak_304	10.33	tp	0
19-AAATGT	STREME-19	3.7e-002	peak_11	10.33	tp	0
19-AAATGT	STREME-19	3.7e-002	peak_553	10.33	tp	0
19-AAATGT	STREME-19	3.7e-002	peak_327	10.33	tp	0
19-AAATGT	STREME-19	3.7e-002	peak_185	10.33	tp	0
19-AAATGT	STREME-19	3.7e-002	peak_110	10.33	tp	0
19-AAATGT	STREME-19	3.7e-002	peak_519	10.33	tp	0
19-AAATGT	STREME-19	3.7e-002	peak_307	10.33	tp	0
19-AAATGT	STREME-19	3.7e-002	peak_427	10.33	tp	0
19-AAATGT	STREME-19	3.7e-002	peak_445	10.33	tp	0
19-AAATGT	STREME-19	3.7e-002	peak_169	10.33	tp	0
19-AAATGT	STREME-19	3.7e-002	peak_107	10.33	tp	0
19-AAATGT	STREME-19	3.7e-002	peak_525	10.33	tp	0
19-AAATGT	STREME-19	3.7e-002	peak_109	10.33	tp	0
19-AAATGT	STREME-19	3.7e-002	peak_333	10.33	tp	0
19-AAATGT	STREME-19	3.7e-002	peak_312	10.33	tp	0
19-AAATGT	STREME-19	3.7e-002	peak_183	10.33	tp	0
19-AAATGT	STREME-19	3.7e-002	peak_348	10.33	tp	0
19-AAATGT	STREME-19	3.7e-002	peak_435	10.33	tp	0
19-AAATGT	STREME-19	3.7e-002	peak_31	10.33	tp	0
19-AAATGT	STREME-19	3.7e-002	peak_50	10.33	tp	0
19-AAATGT	STREME-19	3.7e-002	peak_106	10.33	tp	0
19-AAATGT	STREME-19	3.7e-002	peak_322	10.33	tp	0
19-AAATGT	STREME-19	3.7e-002	peak_208	10.33	tp	0
19-AAATGT	STREME-19	3.7e-002	peak_336	10.33	tp	0
19-AAATGT	STREME-19	3.7e-002	peak_133	10.33	tp	0
19-AAATGT	STREME-19	3.7e-002	peak_156	10.33	tp	0
19-AAATGT	STREME-19	3.7e-002	peak_129	10.33	tp	0
19-AAATGT	STREME-19	3.7e-002	peak_349	10.33	tp	0
19-AAATGT	STREME-19	3.7e-002	peak_420	10.33	tp	0
19-AAATGT	STREME-19	3.7e-002	peak_352	10.33	tp	0
19-AAATGT	STREME-19	3.7e-002	peak_101	10.33	tp	0
19-AAATGT	STREME-19	3.7e-002	peak_594	10.33	tp	0
19-AAATGT	STREME-19	3.7e-002	peak_229	10.33	tp	0
19-AAATGT	STREME-19	3.7e-002	peak_211	10.33	tp	0
19-AAATGT	STREME-19	3.7e-002	peak_226	10.33	tp	0
19-AAATGT	STREME-19	3.7e-002	peak_384	10.33	tp	0
19-AAATGT	STREME-19	3.7e-002	peak_18	10.33	tp	0
19-AAATGT	STREME-19	3.7e-002	peak_56	10.33	tp	0
19-AAATGT	STREME-19	3.7e-002	peak_437	10.33	tp	0
19-AAATGT	STREME-19	3.7e-002	peak_82	10.33	tp	0
19-AAATGT	STREME-19	3.7e-002	peak_300	10.33	tp	0
19-AAATGT	STREME-19	3.7e-002	peak_409	10.33	tp	0
19-AAATGT	STREME-19	3.7e-002	peak_344	10.33	tp	0
19-AAATGT	STREME-19	3.7e-002	peak_272	10.33	tp	0
19-AAATGT	STREME-19	3.7e-002	peak_355	10.33	tp	0
19-AAATGT	STREME-19	3.7e-002	peak_388	10.33	tp	0
19-AAATGT	STREME-19	3.7e-002	peak_8	10.33	tp	0
19-AAATGT	STREME-19	3.7e-002	peak_453	10.33	tp	0
19-AAATGT	STREME-19	3.7e-002	peak_231	10.33	tp	0
19-AAATGT	STREME-19	3.7e-002	peak_516	10.33	tp	0
19-AAATGT	STREME-19	3.7e-002	peak_347	10.33	tp	0
19-AAATGT	STREME-19	3.7e-002	peak_393	10.33	tp	0
19-AAATGT	STREME-19	3.7e-002	peak_401	10.33	tp	0
19-AAATGT	STREME-19	3.7e-002	peak_423	10.33	tp	0
19-AAATGT	STREME-19	3.7e-002	peak_21	10.33	tp	0
19-AAATGT	STREME-19	3.7e-002	peak_379	10.33	tp	0
19-AAATGT	STREME-19	3.7e-002	peak_530	10.33	tp	0
19-AAATGT	STREME-19	3.7e-002	peak_86	10.33	tp	0
19-AAATGT	STREME-19	3.7e-002	peak_568	10.33	tp	0
19-AAATGT	STREME-19	3.7e-002	peak_260	10.33	tp	0
19-AAATGT	STREME-19	3.7e-002	peak_545	10.33	tp	0
19-AAATGT	STREME-19	3.7e-002	peak_155	10.33	tp	0
19-AAATGT	STREME-19	3.7e-002	peak_293	10.33	tp	0
19-AAATGT	STREME-19	3.7e-002	peak_313	10.33	tp	0
19-AAATGT	STREME-19	3.7e-002	peak_605	10.33	tp	0
19-AAATGT	STREME-19	3.7e-002	peak_446	10.33	tp	0
19-AAATGT	STREME-19	3.7e-002	peak_387	10.33	tp	0
19-AAATGT	STREME-19	3.7e-002	peak_134	10.33	tp	0
19-AAATGT	STREME-19	3.7e-002	peak_257	10.33	tp	0
19-AAATGT	STREME-19	3.7e-002	peak_112	10.33	tp	0
19-AAATGT	STREME-19	3.7e-002	peak_612	10.33	tp	0
19-AAATGT	STREME-19	3.7e-002	peak_273	10.33	tp	0
19-AAATGT	STREME-19	3.7e-002	peak_58	10.33	tp	0
19-AAATGT	STREME-19	3.7e-002	peak_495	10.33	tp	0
19-AAATGT	STREME-19	3.7e-002	peak_329	10.33	tp	0
19-AAATGT	STREME-19	3.7e-002	peak_486	10.33	tp	0
19-AAATGT	STREME-19	3.7e-002	peak_28	10.33	tp	0
19-AAATGT	STREME-19	3.7e-002	peak_279	10.33	tp	0
19-AAATGT	STREME-19	3.7e-002	peak_342	10.33	tp	0
19-AAATGT	STREME-19	3.7e-002	peak_241	10.33	tp	0
19-AAATGT	STREME-19	3.7e-002	peak_230	10.33	tp	0
19-AAATGT	STREME-19	3.7e-002	peak_602	10.33	tp	0
19-AAATGT	STREME-19	3.7e-002	peak_459	10.33	tp	0
19-AAATGT	STREME-19	3.7e-002	peak_59	10.33	tp	0
19-AAATGT	STREME-19	3.7e-002	peak_281	10.33	tp	0
19-AAATGT	STREME-19	3.7e-002	peak_105	10.33	tp	0
19-AAATGT	STREME-19	3.7e-002	peak_306	10.33	tp	0
19-AAATGT	STREME-19	3.7e-002	peak_249	10.33	tp	0
19-AAATGT	STREME-19	3.7e-002	peak_266	10.33	tp	0
19-AAATGT	STREME-19	3.7e-002	peak_515	10.33	tp	0
19-AAATGT	STREME-19	3.7e-002	peak_204	10.33	tp	0
19-AAATGT	STREME-19	3.7e-002	peak_464	10.33	tp	0
19-AAATGT	STREME-19	3.7e-002	peak_450	10.33	tp	0
19-AAATGT	STREME-19	3.7e-002	peak_114	10.33	tp	0
19-AAATGT	STREME-19	3.7e-002	peak_607	10.33	tp	0
19-AAATGT	STREME-19	3.7e-002	peak_556	10.33	tp	0
19-AAATGT	STREME-19	3.7e-002	peak_426	10.33	tp	0
19-AAATGT	STREME-19	3.7e-002	peak_161	10.33	tp	0
19-AAATGT	STREME-19	3.7e-002	peak_191	10.33	tp	0
19-AAATGT	STREME-19	3.7e-002	peak_92	10.33	tp	0
19-AAATGT	STREME-19	3.7e-002	peak_270	10.33	tp	0
19-AAATGT	STREME-19	3.7e-002	peak_160	10.33	tp	0
19-AAATGT	STREME-19	3.7e-002	peak_60	10.33	tp	0
19-AAATGT	STREME-19	3.7e-002	peak_325	10.33	tp	0
19-AAATGT	STREME-19	3.7e-002	peak_490	10.33	tp	0
19-AAATGT	STREME-19	3.7e-002	peak_39	10.33	tp	0
19-AAATGT	STREME-19	3.7e-002	peak_566	10.33	tp	0
19-AAATGT	STREME-19	3.7e-002	peak_592	10.33	tp	0
19-AAATGT	STREME-19	3.7e-002	peak_521	10.33	tp	0
19-AAATGT	STREME-19	3.7e-002	peak_310	10.33	tp	0
19-AAATGT	STREME-19	3.7e-002	peak_162	10.33	tp	0
19-AAATGT	STREME-19	3.7e-002	peak_165	10.33	tp	0
19-AAATGT	STREME-19	3.7e-002	peak_581	10.33	tp	0
19-AAATGT	STREME-19	3.7e-002	peak_75	10.33	tp	0
19-AAATGT	STREME-19	3.7e-002	peak_366	10.33	fp	0
19-AAATGT	STREME-19	3.7e-002	peak_397	10.33	fp	0
19-AAATGT	STREME-19	3.7e-002	peak_134	10.33	fp	0
19-AAATGT	STREME-19	3.7e-002	peak_195	10.33	fp	0
19-AAATGT	STREME-19	3.7e-002	peak_141	10.33	fp	0
19-AAATGT	STREME-19	3.7e-002	peak_405	10.33	fp	0
19-AAATGT	STREME-19	3.7e-002	peak_290	10.33	fp	0
19-AAATGT	STREME-19	3.7e-002	peak_80	10.33	fp	0
19-AAATGT	STREME-19	3.7e-002	peak_256	10.33	fp	0
19-AAATGT	STREME-19	3.7e-002	peak_545	10.33	fp	0
19-AAATGT	STREME-19	3.7e-002	peak_606	10.33	fp	0
19-AAATGT	STREME-19	3.7e-002	peak_53	10.33	fp	0
19-AAATGT	STREME-19	3.7e-002	peak_261	10.33	fp	0
19-AAATGT	STREME-19	3.7e-002	peak_229	10.33	fp	0
19-AAATGT	STREME-19	3.7e-002	peak_376	10.33	fp	0
19-AAATGT	STREME-19	3.7e-002	peak_81	10.33	fp	0
19-AAATGT	STREME-19	3.7e-002	peak_82	10.33	fp	0
19-AAATGT	STREME-19	3.7e-002	peak_406	10.33	fp	0
19-AAATGT	STREME-19	3.7e-002	peak_565	10.33	fp	0
19-AAATGT	STREME-19	3.7e-002	peak_159	10.33	fp	0
19-AAATGT	STREME-19	3.7e-002	peak_239	10.33	fp	0
19-AAATGT	STREME-19	3.7e-002	peak_490	10.33	fp	0
19-AAATGT	STREME-19	3.7e-002	peak_292	10.33	fp	0
19-AAATGT	STREME-19	3.7e-002	peak_128	10.33	fp	0
19-AAATGT	STREME-19	3.7e-002	peak_516	10.33	fp	0
19-AAATGT	STREME-19	3.7e-002	peak_350	10.33	fp	0
19-AAATGT	STREME-19	3.7e-002	peak_288	10.33	fp	0
19-AAATGT	STREME-19	3.7e-002	peak_252	10.33	fp	0
19-AAATGT	STREME-19	3.7e-002	peak_109	10.33	fp	0
19-AAATGT	STREME-19	3.7e-002	peak_273	10.33	fp	0
19-AAATGT	STREME-19	3.7e-002	peak_375	10.33	fp	0
19-AAATGT	STREME-19	3.7e-002	peak_414	10.33	fp	0
19-AAATGT	STREME-19	3.7e-002	peak_13	10.33	fp	0
19-AAATGT	STREME-19	3.7e-002	peak_544	10.33	fp	0
19-AAATGT	STREME-19	3.7e-002	peak_374	10.33	fp	0
19-AAATGT	STREME-19	3.7e-002	peak_547	10.33	fp	0
19-AAATGT	STREME-19	3.7e-002	peak_564	10.33	fp	0
19-AAATGT	STREME-19	3.7e-002	peak_533	10.33	fp	0
19-AAATGT	STREME-19	3.7e-002	peak_509	10.33	fp	0
19-AAATGT	STREME-19	3.7e-002	peak_512	10.33	fp	0
19-AAATGT	STREME-19	3.7e-002	peak_140	10.33	fp	0
19-AAATGT	STREME-19	3.7e-002	peak_445	10.33	fp	0
19-AAATGT	STREME-19	3.7e-002	peak_539	10.33	fp	0
19-AAATGT	STREME-19	3.7e-002	peak_129	10.33	fp	0
19-AAATGT	STREME-19	3.7e-002	peak_303	10.33	fp	0
19-AAATGT	STREME-19	3.7e-002	peak_50	10.33	fp	0
19-AAATGT	STREME-19	3.7e-002	peak_450	10.33	fp	0
19-AAATGT	STREME-19	3.7e-002	peak_314	10.33	fp	0
19-AAATGT	STREME-19	3.7e-002	peak_383	10.33	fp	0
19-AAATGT	STREME-19	3.7e-002	peak_338	10.33	fp	0
19-AAATGT	STREME-19	3.7e-002	peak_367	10.33	fp	0
19-AAATGT	STREME-19	3.7e-002	peak_386	10.33	fp	0
19-AAATGT	STREME-19	3.7e-002	peak_118	10.33	fp	0
19-AAATGT	STREME-19	3.7e-002	peak_505	10.33	fp	0
19-AAATGT	STREME-19	3.7e-002	peak_520	10.33	fp	0
19-AAATGT	STREME-19	3.7e-002	peak_354	10.33	fp	0
19-AAATGT	STREME-19	3.7e-002	peak_435	10.33	fp	0
19-AAATGT	STREME-19	3.7e-002	peak_122	10.33	fp	0
19-AAATGT	STREME-19	3.7e-002	peak_585	10.33	fp	0
19-AAATGT	STREME-19	3.7e-002	peak_243	10.33	fp	0
19-AAATGT	STREME-19	3.7e-002	peak_598	10.33	fp	0
19-AAATGT	STREME-19	3.7e-002	peak_502	10.33	fp	0
19-AAATGT	STREME-19	3.7e-002	peak_22	10.33	fp	0
19-AAATGT	STREME-19	3.7e-002	peak_529	10.33	fp	0
19-AAATGT	STREME-19	3.7e-002	peak_513	10.33	fp	0
19-AAATGT	STREME-19	3.7e-002	peak_123	10.33	fp	0
19-AAATGT	STREME-19	3.7e-002	peak_498	10.33	fp	0
19-AAATGT	STREME-19	3.7e-002	peak_537	10.33	fp	0
19-AAATGT	STREME-19	3.7e-002	peak_534	10.33	fp	0
19-AAATGT	STREME-19	3.7e-002	peak_42	10.33	fp	0
19-AAATGT	STREME-19	3.7e-002	peak_550	10.33	fp	0
19-AAATGT	STREME-19	3.7e-002	peak_88	10.33	fp	0
19-AAATGT	STREME-19	3.7e-002	peak_267	10.33	fp	0
19-AAATGT	STREME-19	3.7e-002	peak_413	10.33	fp	0
19-AAATGT	STREME-19	3.7e-002	peak_588	10.33	fp	0
19-AAATGT	STREME-19	3.7e-002	peak_266	10.33	fp	0
19-AAATGT	STREME-19	3.7e-002	peak_595	10.33	fp	0
19-AAATGT	STREME-19	3.7e-002	peak_131	10.33	fp	0
19-AAATGT	STREME-19	3.7e-002	peak_68	10.33	fp	0
19-AAATGT	STREME-19	3.7e-002	peak_57	10.33	fp	0
19-AAATGT	STREME-19	3.7e-002	peak_592	10.33	fp	0
19-AAATGT	STREME-19	3.7e-002	peak_461	10.33	fp	0
19-AAATGT	STREME-19	3.7e-002	peak_603	10.33	fp	0
19-AAATGT	STREME-19	3.7e-002	peak_167	10.33	fp	0
19-AAATGT	STREME-19	3.7e-002	peak_126	10.33	fp	0
19-AAATGT	STREME-19	3.7e-002	peak_142	10.33	fp	0
19-AAATGT	STREME-19	3.7e-002	peak_41	10.33	fp	0
19-AAATGT	STREME-19	3.7e-002	peak_438	10.33	fp	0
19-AAATGT	STREME-19	3.7e-002	peak_78	10.33	fp	0
19-AAATGT	STREME-19	3.7e-002	peak_605	10.33	fp	0
19-AAATGT	STREME-19	3.7e-002	peak_333	10.33	fp	0
19-AAATGT	STREME-19	3.7e-002	peak_612	10.33	fp	0
19-AAATGT	STREME-19	3.7e-002	peak_60	10.33	fp	0
19-AAATGT	STREME-19	3.7e-002	peak_238	10.33	fp	0
19-AAATGT	STREME-19	3.7e-002	peak_555	10.33	fp	0
19-AAATGT	STREME-19	3.7e-002	peak_576	10.33	fp	0
19-AAATGT	STREME-19	3.7e-002	peak_614	10.33	fp	0
19-AAATGT	STREME-19	3.7e-002	peak_369	10.33	fp	0
19-AAATGT	STREME-19	3.7e-002	peak_185	10.33	fp	0
19-AAATGT	STREME-19	3.7e-002	peak_31	10.33	fp	0
19-AAATGT	STREME-19	3.7e-002	peak_377	10.33	fp	0
19-AAATGT	STREME-19	3.7e-002	peak_33	10.33	fp	0
19-AAATGT	STREME-19	3.7e-002	peak_135	10.33	fp	0
19-AAATGT	STREME-19	3.7e-002	peak_471	10.33	fp	0
19-AAATGT	STREME-19	3.7e-002	peak_306	10.33	fp	0
19-AAATGT	STREME-19	3.7e-002	peak_107	10.33	fp	0
19-AAATGT	STREME-19	3.7e-002	peak_61	10.33	fp	0
19-AAATGT	STREME-19	3.7e-002	peak_15	10.33	fp	0
19-AAATGT	STREME-19	3.7e-002	peak_389	10.33	fp	0
19-AAATGT	STREME-19	3.7e-002	peak_342	10.33	fp	0
19-AAATGT	STREME-19	3.7e-002	peak_177	10.33	fp	0
19-AAATGT	STREME-19	3.7e-002	peak_432	10.33	fp	0
19-AAATGT	STREME-19	3.7e-002	peak_9	10.33	fp	0
19-AAATGT	STREME-19	3.7e-002	peak_249	10.33	fp	0
19-AAATGT	STREME-19	3.7e-002	peak_403	10.33	fp	0
19-AAATGT	STREME-19	3.7e-002	peak_163	10.33	fp	0
19-AAATGT	STREME-19	3.7e-002	peak_500	10.33	fp	0
19-AAATGT	STREME-19	3.7e-002	peak_277	10.33	fp	0
19-AAATGT	STREME-19	3.7e-002	peak_456	10.33	fp	0
19-AAATGT	STREME-19	3.7e-002	peak_161	10.33	fp	0
19-AAATGT	STREME-19	3.7e-002	peak_48	10.33	fp	0
19-AAATGT	STREME-19	3.7e-002	peak_72	10.33	fp	0
19-AAATGT	STREME-19	3.7e-002	peak_3	10.33	fp	0
19-AAATGT	STREME-19	3.7e-002	peak_265	10.33	fp	0
19-AAATGT	STREME-19	3.7e-002	peak_162	10.33	fp	0
19-AAATGT	STREME-19	3.7e-002	peak_582	10.33	fp	0
19-AAATGT	STREME-19	3.7e-002	peak_453	10.33	fp	0
19-AAATGT	STREME-19	3.7e-002	peak_472	10.33	fp	0
19-AAATGT	STREME-19	3.7e-002	peak_240	10.33	fp	0
19-AAATGT	STREME-19	3.7e-002	peak_241	10.33	fp	0
19-AAATGT	STREME-19	3.7e-002	peak_34	10.33	fp	0
19-AAATGT	STREME-19	3.7e-002	peak_613	10.33	fp	0
19-AAATGT	STREME-19	3.7e-002	peak_180	10.33	fp	0
19-AAATGT	STREME-19	3.7e-002	peak_52	10.33	fp	0
19-AAATGT	STREME-19	3.7e-002	peak_289	10.33	fp	0
19-AAATGT	STREME-19	3.7e-002	peak_425	10.33	fp	0
19-AAATGT	STREME-19	3.7e-002	peak_85	10.33	fp	0
19-AAATGT	STREME-19	3.7e-002	peak_112	10.33	fp	0
19-AAATGT	STREME-19	3.7e-002	peak_322	10.33	fp	0
19-AAATGT	STREME-19	3.7e-002	peak_385	10.33	fp	0
19-AAATGT	STREME-19	3.7e-002	peak_23	10.33	fp	0
19-AAATGT	STREME-19	3.7e-002	peak_164	10.33	fp	0
19-AAATGT	STREME-19	3.7e-002	peak_457	10.33	fp	0
19-AAATGT	STREME-19	3.7e-002	peak_568	10.33	fp	0
19-AAATGT	STREME-19	3.7e-002	peak_326	10.33	fp	0
19-AAATGT	STREME-19	3.7e-002	peak_559	10.33	fp	0
19-AAATGT	STREME-19	3.7e-002	peak_103	10.33	fp	0
19-AAATGT	STREME-19	3.7e-002	peak_260	10.33	fp	0
19-AAATGT	STREME-19	3.7e-002	peak_594	10.33	fp	0
19-AAATGT	STREME-19	3.7e-002	peak_378	10.33	fp	0
19-AAATGT	STREME-19	3.7e-002	peak_156	10.33	fp	0
19-AAATGT	STREME-19	3.7e-002	peak_466	10.33	fp	0
19-AAATGT	STREME-19	3.7e-002	peak_604	10.33	fp	0
19-AAATGT	STREME-19	3.7e-002	peak_200	10.33	fp	0
19-AAATGT	STREME-19	3.7e-002	peak_340	10.33	fp	0
19-AAATGT	STREME-19	3.7e-002	peak_91	10.33	fp	0
19-AAATGT	STREME-19	3.7e-002	peak_271	10.33	fp	0
19-AAATGT	STREME-19	3.7e-002	peak_294	10.33	fp	0
19-AAATGT	STREME-19	3.7e-002	peak_579	10.33	fp	0
19-AAATGT	STREME-19	3.7e-002	peak_224	10.33	tp	1
19-AAATGT	STREME-19	3.7e-002	peak_206	10.33	tp	1
19-AAATGT	STREME-19	3.7e-002	peak_328	10.33	tp	1
19-AAATGT	STREME-19	3.7e-002	peak_135	10.33	tp	1
19-AAATGT	STREME-19	3.7e-002	peak_399	10.33	tp	1
19-AAATGT	STREME-19	3.7e-002	peak_192	10.33	tp	1
19-AAATGT	STREME-19	3.7e-002	peak_540	10.33	tp	1
19-AAATGT	STREME-19	3.7e-002	peak_613	10.33	tp	1
19-AAATGT	STREME-19	3.7e-002	peak_354	10.33	tp	1
19-AAATGT	STREME-19	3.7e-002	peak_497	10.33	tp	1
19-AAATGT	STREME-19	3.7e-002	peak_534	10.33	tp	1
19-AAATGT	STREME-19	3.7e-002	peak_334	10.33	tp	1
19-AAATGT	STREME-19	3.7e-002	peak_400	10.33	tp	1
19-AAATGT	STREME-19	3.7e-002	peak_189	10.33	tp	1
19-AAATGT	STREME-19	3.7e-002	peak_323	10.33	tp	1
19-AAATGT	STREME-19	3.7e-002	peak_536	10.33	tp	1
19-AAATGT	STREME-19	3.7e-002	peak_331	10.33	tp	1
19-AAATGT	STREME-19	3.7e-002	peak_142	10.33	tp	1
19-AAATGT	STREME-19	3.7e-002	peak_466	10.33	tp	1
19-AAATGT	STREME-19	3.7e-002	peak_146	10.33	tp	1
19-AAATGT	STREME-19	3.7e-002	peak_220	10.33	tp	1
19-AAATGT	STREME-19	3.7e-002	peak_179	10.33	tp	1
19-AAATGT	STREME-19	3.7e-002	peak_232	10.33	tp	1
19-AAATGT	STREME-19	3.7e-002	peak_237	10.33	fp	1
19-AAATGT	STREME-19	3.7e-002	peak_262	10.33	fp	1
19-AAATGT	STREME-19	3.7e-002	peak_251	10.33	fp	1
19-AAATGT	STREME-19	3.7e-002	peak_557	10.33	fp	1
19-AAATGT	STREME-19	3.7e-002	peak_335	10.33	fp	1
19-AAATGT	STREME-19	3.7e-002	peak_93	10.33	fp	1
19-AAATGT	STREME-19	3.7e-002	peak_476	10.33	fp	1
19-AAATGT	STREME-19	3.7e-002	peak_236	10.33	fp	1
19-AAATGT	STREME-19	3.7e-002	peak_202	10.33	fp	1
19-AAATGT	STREME-19	3.7e-002	peak_408	10.33	fp	1
19-AAATGT	STREME-19	3.7e-002	peak_124	10.33	fp	1
19-AAATGT	STREME-19	3.7e-002	peak_183	10.33	fp	1
19-AAATGT	STREME-19	3.7e-002	peak_542	10.33	fp	1
#
20-AAATTTAAAAAA	STREME-20	3.8e-002	peak_370	17.24	tp	0
20-AAATTTAAAAAA	STREME-20	3.8e-002	peak_427	17.24	tp	0
20-AAATTTAAAAAA	STREME-20	3.8e-002	peak_320	15.79	tp	0
20-AAATTTAAAAAA	STREME-20	3.8e-002	peak_43	15.79	fp	0
20-AAATTTAAAAAA	STREME-20	3.8e-002	peak_339	15.24	tp	0
20-AAATTTAAAAAA	STREME-20	3.8e-002	peak_34	15.12	tp	0
20-AAATTTAAAAAA	STREME-20	3.8e-002	peak_267	15.12	tp	0
20-AAATTTAAAAAA	STREME-20	3.8e-002	peak_476	15.04	fp	1
20-AAATTTAAAAAA	STREME-20	3.8e-002	peak_174	14.99	tp	0
20-AAATTTAAAAAA	STREME-20	3.8e-002	peak_444	14.99	tp	0
20-AAATTTAAAAAA	STREME-20	3.8e-002	peak_75	14.87	tp	0
20-AAATTTAAAAAA	STREME-20	3.8e-002	peak_58	14.79	tp	0
20-AAATTTAAAAAA	STREME-20	3.8e-002	peak_439	14.68	tp	0
20-AAATTTAAAAAA	STREME-20	3.8e-002	peak_472	13.81	tp	0
20-AAATTTAAAAAA	STREME-20	3.8e-002	peak_61	13.74	fp	0
20-AAATTTAAAAAA	STREME-20	3.8e-002	peak_168	13.69	tp	0
20-AAATTTAAAAAA	STREME-20	3.8e-002	peak_354	13.69	tp	1
20-AAATTTAAAAAA	STREME-20	3.8e-002	peak_578	13.66	tp	0
20-AAATTTAAAAAA	STREME-20	3.8e-002	peak_449	13.59	tp	0
20-AAATTTAAAAAA	STREME-20	3.8e-002	peak_323	13.54	tp	1
20-AAATTTAAAAAA	STREME-20	3.8e-002	peak_515	13.53	tp	0
20-AAATTTAAAAAA	STREME-20	3.8e-002	peak_116	13.47	tp	0
20-AAATTTAAAAAA	STREME-20	3.8e-002	peak_425	13.47	tp	0
20-AAATTTAAAAAA	STREME-20	3.8e-002	peak_475	13.47	tp	1
20-AAATTTAAAAAA	STREME-20	3.8e-002	peak_101	13.46	tp	0
20-AAATTTAAAAAA	STREME-20	3.8e-002	peak_183	13.42	tp	0
20-AAATTTAAAAAA	STREME-20	3.8e-002	peak_108	13.19	tp	0
20-AAATTTAAAAAA	STREME-20	3.8e-002	peak_563	13.16	tp	0
20-AAATTTAAAAAA	STREME-20	3.8e-002	peak_120	13.08	tp	0
20-AAATTTAAAAAA	STREME-20	3.8e-002	peak_77	13.04	tp	0
20-AAATTTAAAAAA	STREME-20	3.8e-002	peak_125	13.04	tp	0
20-AAATTTAAAAAA	STREME-20	3.8e-002	peak_286	13.01	tp	0
20-AAATTTAAAAAA	STREME-20	3.8e-002	peak_406	13.01	tp	0
20-AAATTTAAAAAA	STREME-20	3.8e-002	peak_174	13.00	fp	0
20-AAATTTAAAAAA	STREME-20	3.8e-002	peak_253	12.99	fp	0
20-AAATTTAAAAAA	STREME-20	3.8e-002	peak_581	12.98	fp	0
20-AAATTTAAAAAA	STREME-20	3.8e-002	peak_90	12.98	fp	0
20-AAATTTAAAAAA	STREME-20	3.8e-002	peak_259	12.97	fp	0
20-AAATTTAAAAAA	STREME-20	3.8e-002	peak_140	12.92	tp	0
20-AAATTTAAAAAA	STREME-20	3.8e-002	peak_11	12.87	fp	0
20-AAATTTAAAAAA	STREME-20	3.8e-002	peak_123	12.86	tp	0
20-AAATTTAAAAAA	STREME-20	3.8e-002	peak_400	12.86	tp	1
20-AAATTTAAAAAA	STREME-20	3.8e-002	peak_158	12.78	tp	0
20-AAATTTAAAAAA	STREME-20	3.8e-002	peak_582	12.78	tp	0
20-AAATTTAAAAAA	STREME-20	3.8e-002	peak_260	12.74	tp	0
20-AAATTTAAAAAA	STREME-20	3.8e-002	peak_340	12.67	tp	0
20-AAATTTAAAAAA	STREME-20	3.8e-002	peak_147	12.66	fp	0
20-AAATTTAAAAAA	STREME-20	3.8e-002	peak_307	12.66	tp	0
20-AAATTTAAAAAA	STREME-20	3.8e-002	peak_298	12.65	tp	1
20-AAATTTAAAAAA	STREME-20	3.8e-002	peak_254	12.58	fp	0
20-AAATTTAAAAAA	STREME-20	3.8e-002	peak_289	12.53	tp	0
20-AAATTTAAAAAA	STREME-20	3.8e-002	peak_321	12.52	tp	0
20-AAATTTAAAAAA	STREME-20	3.8e-002	peak_332	12.52	fp	0
20-AAATTTAAAAAA	STREME-20	3.8e-002	peak_437	12.48	fp	0
20-AAATTTAAAAAA	STREME-20	3.8e-002	peak_122	12.46	tp	0
20-AAATTTAAAAAA	STREME-20	3.8e-002	peak_278	12.43	fp	0
20-AAATTTAAAAAA	STREME-20	3.8e-002	peak_249	12.36	tp	0
20-AAATTTAAAAAA	STREME-20	3.8e-002	peak_45	12.34	fp	0
20-AAATTTAAAAAA	STREME-20	3.8e-002	peak_544	12.30	fp	0
20-AAATTTAAAAAA	STREME-20	3.8e-002	peak_225	12.26	fp	1
20-AAATTTAAAAAA	STREME-20	3.8e-002	peak_550	12.26	tp	0
20-AAATTTAAAAAA	STREME-20	3.8e-002	peak_314	12.26	tp	0
20-AAATTTAAAAAA	STREME-20	3.8e-002	peak_82	12.24	tp	0
20-AAATTTAAAAAA	STREME-20	3.8e-002	peak_595	12.22	tp	0
20-AAATTTAAAAAA	STREME-20	3.8e-002	peak_580	12.22	tp	0
20-AAATTTAAAAAA	STREME-20	3.8e-002	peak_261	12.22	tp	0
20-AAATTTAAAAAA	STREME-20	3.8e-002	peak_191	12.21	fp	0
20-AAATTTAAAAAA	STREME-20	3.8e-002	peak_285	12.20	tp	0
20-AAATTTAAAAAA	STREME-20	3.8e-002	peak_445	12.20	tp	0
20-AAATTTAAAAAA	STREME-20	3.8e-002	peak_349	12.11	fp	0
20-AAATTTAAAAAA	STREME-20	3.8e-002	peak_219	12.01	tp	0
20-AAATTTAAAAAA	STREME-20	3.8e-002	peak_36	12.00	tp	0
20-AAATTTAAAAAA	STREME-20	3.8e-002	peak_554	11.89	tp	0
20-AAATTTAAAAAA	STREME-20	3.8e-002	peak_102	11.89	tp	0
20-AAATTTAAAAAA	STREME-20	3.8e-002	peak_328	11.89	tp	1
20-AAATTTAAAAAA	STREME-20	3.8e-002	peak_304	11.81	tp	0
20-AAATTTAAAAAA	STREME-20	3.8e-002	peak_180	11.79	tp	0
20-AAATTTAAAAAA	STREME-20	3.8e-002	peak_187	11.74	tp	0
20-AAATTTAAAAAA	STREME-20	3.8e-002	peak_222	11.74	fp	0
20-AAATTTAAAAAA	STREME-20	3.8e-002	peak_310	11.73	tp	0
20-AAATTTAAAAAA	STREME-20	3.8e-002	peak_607	11.69	tp	0
20-AAATTTAAAAAA	STREME-20	3.8e-002	peak_165	11.69	tp	0
20-AAATTTAAAAAA	STREME-20	3.8e-002	peak_49	11.69	tp	1
20-AAATTTAAAAAA	STREME-20	3.8e-002	peak_71	11.59	tp	0
20-AAATTTAAAAAA	STREME-20	3.8e-002	peak_78	11.59	tp	0
20-AAATTTAAAAAA	STREME-20	3.8e-002	peak_281	11.56	tp	0
20-AAATTTAAAAAA	STREME-20	3.8e-002	peak_240	11.56	tp	0
20-AAATTTAAAAAA	STREME-20	3.8e-002	peak_119	11.53	tp	0
20-AAATTTAAAAAA	STREME-20	3.8e-002	peak_325	11.53	tp	0
20-AAATTTAAAAAA	STREME-20	3.8e-002	peak_302	11.52	tp	0
20-AAATTTAAAAAA	STREME-20	3.8e-002	peak_12	11.52	tp	0
20-AAATTTAAAAAA	STREME-20	3.8e-002	peak_337	11.44	tp	0
20-AAATTTAAAAAA	STREME-20	3.8e-002	peak_278	11.43	tp	0
20-AAATTTAAAAAA	STREME-20	3.8e-002	peak_597	11.41	tp	0
20-AAATTTAAAAAA	STREME-20	3.8e-002	peak_112	11.40	fp	0
20-AAATTTAAAAAA	STREME-20	3.8e-002	peak_201	11.36	tp	0
20-AAATTTAAAAAA	STREME-20	3.8e-002	peak_112	11.36	tp	0
20-AAATTTAAAAAA	STREME-20	3.8e-002	peak_590	11.36	tp	0
20-AAATTTAAAAAA	STREME-20	3.8e-002	peak_432	11.35	tp	0
20-AAATTTAAAAAA	STREME-20	3.8e-002	peak_368	11.35	tp	0
20-AAATTTAAAAAA	STREME-20	3.8e-002	peak_543	11.35	tp	0
20-AAATTTAAAAAA	STREME-20	3.8e-002	peak_353	11.35	tp	0
20-AAATTTAAAAAA	STREME-20	3.8e-002	peak_156	11.34	fp	0
20-AAATTTAAAAAA	STREME-20	3.8e-002	peak_581	11.26	tp	0
20-AAATTTAAAAAA	STREME-20	3.8e-002	peak_598	11.24	tp	0
20-AAATTTAAAAAA	STREME-20	3.8e-002	peak_300	11.20	tp	0
20-AAATTTAAAAAA	STREME-20	3.8e-002	peak_225	11.19	tp	0
20-AAATTTAAAAAA	STREME-20	3.8e-002	peak_294	11.11	tp	0
20-AAATTTAAAAAA	STREME-20	3.8e-002	peak_32	11.09	tp	0
20-AAATTTAAAAAA	STREME-20	3.8e-002	peak_409	11.03	tp	0
20-AAATTTAAAAAA	STREME-20	3.8e-002	peak_155	11.03	tp	0
20-AAATTTAAAAAA	STREME-20	3.8e-002	peak_327	11.02	fp	0
20-AAATTTAAAAAA	STREME-20	3.8e-002	peak_150	11.00	tp	0
20-AAATTTAAAAAA	STREME-20	3.8e-002	peak_134	10.93	fp	0
20-AAATTTAAAAAA	STREME-20	3.8e-002	peak_485	10.93	fp	0
20-AAATTTAAAAAA	STREME-20	3.8e-002	peak_215	10.92	fp	0
20-AAATTTAAAAAA	STREME-20	3.8e-002	peak_345	10.88	tp	0
20-AAATTTAAAAAA	STREME-20	3.8e-002	peak_279	10.88	tp	0
20-AAATTTAAAAAA	STREME-20	3.8e-002	peak_23	10.82	tp	0
20-AAATTTAAAAAA	STREME-20	3.8e-002	peak_250	10.81	tp	0
20-AAATTTAAAAAA	STREME-20	3.8e-002	peak_364	10.80	tp	0
20-AAATTTAAAAAA	STREME-20	3.8e-002	peak_293	10.79	tp	0
20-AAATTTAAAAAA	STREME-20	3.8e-002	peak_264	10.79	fp	0
20-AAATTTAAAAAA	STREME-20	3.8e-002	peak_524	10.79	fp	0
20-AAATTTAAAAAA	STREME-20	3.8e-002	peak_288	10.77	fp	0
20-AAATTTAAAAAA	STREME-20	3.8e-002	peak_543	10.77	fp	0
20-AAATTTAAAAAA	STREME-20	3.8e-002	peak_224	10.77	tp	1
20-AAATTTAAAAAA	STREME-20	3.8e-002	peak_316	10.77	tp	1
20-AAATTTAAAAAA	STREME-20	3.8e-002	peak_383	10.75	fp	0
20-AAATTTAAAAAA	STREME-20	3.8e-002	peak_39	10.75	tp	0
20-AAATTTAAAAAA	STREME-20	3.8e-002	peak_68	10.71	fp	0
20-AAATTTAAAAAA	STREME-20	3.8e-002	peak_245	10.71	tp	0
20-AAATTTAAAAAA	STREME-20	3.8e-002	peak_327	10.68	tp	0
20-AAATTTAAAAAA	STREME-20	3.8e-002	peak_297	10.68	tp	0
20-AAATTTAAAAAA	STREME-20	3.8e-002	peak_333	10.66	tp	0
20-AAATTTAAAAAA	STREME-20	3.8e-002	peak_422	10.62	tp	0
20-AAATTTAAAAAA	STREME-20	3.8e-002	peak_232	10.61	fp	1
20-AAATTTAAAAAA	STREME-20	3.8e-002	peak_350	10.60	tp	0
20-AAATTTAAAAAA	STREME-20	3.8e-002	peak_20	10.60	tp	0
20-AAATTTAAAAAA	STREME-20	3.8e-002	peak_312	10.59	fp	0
20-AAATTTAAAAAA	STREME-20	3.8e-002	peak_608	10.57	tp	0
20-AAATTTAAAAAA	STREME-20	3.8e-002	peak_501	10.57	tp	1
20-AAATTTAAAAAA	STREME-20	3.8e-002	peak_2	10.56	tp	0
20-AAATTTAAAAAA	STREME-20	3.8e-002	peak_541	10.55	tp	0
20-AAATTTAAAAAA	STREME-20	3.8e-002	peak_241	10.54	tp	0
20-AAATTTAAAAAA	STREME-20	3.8e-002	peak_342	10.54	tp	0
20-AAATTTAAAAAA	STREME-20	3.8e-002	peak_330	10.54	tp	0
20-AAATTTAAAAAA	STREME-20	3.8e-002	peak_244	10.53	tp	0
#
21-CAACAAA	STREME-21	4.8e-002	peak_64	12.59	tp	0
21-CAACAAA	STREME-21	4.8e-002	peak_5	12.59	tp	0
21-CAACAAA	STREME-21	4.8e-002	peak_315	12.59	tp	0
21-CAACAAA	STREME-21	4.8e-002	peak_493	12.59	tp	0
21-CAACAAA	STREME-21	4.8e-002	peak_290	12.59	tp	0
21-CAACAAA	STREME-21	4.8e-002	peak_502	12.59	tp	0
21-CAACAAA	STREME-21	4.8e-002	peak_81	12.59	tp	0
21-CAACAAA	STREME-21	4.8e-002	peak_494	12.59	tp	0
21-CAACAAA	STREME-21	4.8e-002	peak_362	12.59	tp	0
21-CAACAAA	STREME-21	4.8e-002	peak_595	12.59	tp	0
21-CAACAAA	STREME-21	4.8e-002	peak_554	12.59	tp	0
21-CAACAAA	STREME-21	4.8e-002	peak_205	12.59	tp	0
21-CAACAAA	STREME-21	4.8e-002	peak_72	12.59	tp	0
21-CAACAAA	STREME-21	4.8e-002	peak_397	12.59	tp	0
21-CAACAAA	STREME-21	4.8e-002	peak_68	12.59	tp	0
21-CAACAAA	STREME-21	4.8e-002	peak_26	12.59	tp	0
21-CAACAAA	STREME-21	4.8e-002	peak_365	12.59	tp	0
21-CAACAAA	STREME-21	4.8e-002	peak_265	12.59	tp	0
21-CAACAAA	STREME-21	4.8e-002	peak_463	12.59	tp	0
21-CAACAAA	STREME-21	4.8e-002	peak_174	12.59	tp	0
21-CAACAAA	STREME-21	4.8e-002	peak_394	12.59	tp	0
21-CAACAAA	STREME-21	4.8e-002	peak_491	12.59	tp	0
21-CAACAAA	STREME-21	4.8e-002	peak_403	12.59	tp	0
21-CAACAAA	STREME-21	4.8e-002	peak_507	12.59	tp	0
21-CAACAAA	STREME-21	4.8e-002	peak_141	12.59	tp	0
21-CAACAAA	STREME-21	4.8e-002	peak_124	12.59	tp	0
21-CAACAAA	STREME-21	4.8e-002	peak_180	12.59	tp	0
21-CAACAAA	STREME-21	4.8e-002	peak_287	12.59	tp	0
21-CAACAAA	STREME-21	4.8e-002	peak_584	12.59	tp	0
21-CAACAAA	STREME-21	4.8e-002	peak_353	12.59	tp	0
21-CAACAAA	STREME-21	4.8e-002	peak_250	12.59	tp	0
21-CAACAAA	STREME-21	4.8e-002	peak_7	12.59	tp	0
21-CAACAAA	STREME-21	4.8e-002	peak_488	12.59	tp	0
21-CAACAAA	STREME-21	4.8e-002	peak_578	12.59	tp	0
21-CAACAAA	STREME-21	4.8e-002	peak_519	12.59	tp	0
21-CAACAAA	STREME-21	4.8e-002	peak_151	12.59	tp	0
21-CAACAAA	STREME-21	4.8e-002	peak_336	12.59	tp	0
21-CAACAAA	STREME-21	4.8e-002	peak_181	12.59	tp	0
21-CAACAAA	STREME-21	4.8e-002	peak_182	12.59	tp	0
21-CAACAAA	STREME-21	4.8e-002	peak_156	12.59	tp	0
21-CAACAAA	STREME-21	4.8e-002	peak_489	12.59	tp	0
21-CAACAAA	STREME-21	4.8e-002	peak_71	12.59	tp	0
21-CAACAAA	STREME-21	4.8e-002	peak_352	12.59	tp	0
21-CAACAAA	STREME-21	4.8e-002	peak_82	12.59	tp	0
21-CAACAAA	STREME-21	4.8e-002	peak_470	12.59	tp	0
21-CAACAAA	STREME-21	4.8e-002	peak_302	12.59	tp	0
21-CAACAAA	STREME-21	4.8e-002	peak_562	12.59	tp	0
21-CAACAAA	STREME-21	4.8e-002	peak_506	12.59	tp	0
21-CAACAAA	STREME-21	4.8e-002	peak_605	12.59	tp	0
21-CAACAAA	STREME-21	4.8e-002	peak_374	12.59	tp	0
21-CAACAAA	STREME-21	4.8e-002	peak_112	12.59	tp	0
21-CAACAAA	STREME-21	4.8e-002	peak_612	12.59	tp	0
21-CAACAAA	STREME-21	4.8e-002	peak_166	12.59	tp	0
21-CAACAAA	STREME-21	4.8e-002	peak_495	12.59	tp	0
21-CAACAAA	STREME-21	4.8e-002	peak_91	12.59	tp	0
21-CAACAAA	STREME-21	4.8e-002	peak_279	12.59	tp	0
21-CAACAAA	STREME-21	4.8e-002	peak_602	12.59	tp	0
21-CAACAAA	STREME-21	4.8e-002	peak_343	12.59	tp	0
21-CAACAAA	STREME-21	4.8e-002	peak_340	12.59	tp	0
21-CAACAAA	STREME-21	4.8e-002	peak_556	12.59	tp	0
21-CAACAAA	STREME-21	4.8e-002	peak_426	12.59	tp	0
21-CAACAAA	STREME-21	4.8e-002	peak_235	12.59	tp	0
21-CAACAAA	STREME-21	4.8e-002	peak_406	12.59	tp	0
21-CAACAAA	STREME-21	4.8e-002	peak_358	12.59	tp	0
21-CAACAAA	STREME-21	4.8e-002	peak_361	12.59	tp	0
21-CAACAAA	STREME-21	4.8e-002	peak_239	12.59	tp	0
21-CAACAAA	STREME-21	4.8e-002	peak_581	12.59	tp	0
21-CAACAAA	STREME-21	4.8e-002	peak_261	12.59	tp	0
21-CAACAAA	STREME-21	4.8e-002	peak_267	12.59	tp	0
21-CAACAAA	STREME-21	4.8e-002	peak_80	12.59	fp	0
21-CAACAAA	STREME-21	4.8e-002	peak_252	12.59	fp	0
21-CAACAAA	STREME-21	4.8e-002	peak_523	12.59	fp	0
21-CAACAAA	STREME-21	4.8e-002	peak_58	12.59	fp	0
21-CAACAAA	STREME-21	4.8e-002	peak_386	12.59	fp	0
21-CAACAAA	STREME-21	4.8e-002	peak_412	12.59	fp	0
21-CAACAAA	STREME-21	4.8e-002	peak_502	12.59	fp	0
21-CAACAAA	STREME-21	4.8e-002	peak_312	12.59	fp	0
21-CAACAAA	STREME-21	4.8e-002	peak_297	12.59	fp	0
21-CAACAAA	STREME-21	4.8e-002	peak_513	12.59	fp	0
21-CAACAAA	STREME-21	4.8e-002	peak_49	12.59	fp	0
21-CAACAAA	STREME-21	4.8e-002	peak_370	12.59	fp	0
21-CAACAAA	STREME-21	4.8e-002	peak_287	12.59	fp	0
21-CAACAAA	STREME-21	4.8e-002	peak_285	12.59	fp	0
21-CAACAAA	STREME-21	4.8e-002	peak_337	12.59	fp	0
21-CAACAAA	STREME-21	4.8e-002	peak_475	12.59	fp	0
21-CAACAAA	STREME-21	4.8e-002	peak_310	12.59	fp	0
21-CAACAAA	STREME-21	4.8e-002	peak_486	12.59	fp	0
21-CAACAAA	STREME-21	4.8e-002	peak_209	12.59	fp	0
21-CAACAAA	STREME-21	4.8e-002	peak_211	12.59	fp	0
21-CAACAAA	STREME-21	4.8e-002	peak_467	12.59	fp	0
21-CAACAAA	STREME-21	4.8e-002	peak_214	12.59	fp	0
21-CAACAAA	STREME-21	4.8e-002	peak_265	12.59	fp	0
21-CAACAAA	STREME-21	4.8e-002	peak_465	12.59	fp	0
21-CAACAAA	STREME-21	4.8e-002	peak_34	12.59	fp	0
21-CAACAAA	STREME-21	4.8e-002	peak_164	12.59	fp	0
21-CAACAAA	STREME-21	4.8e-002	peak_457	12.59	fp	0
21-CAACAAA	STREME-21	4.8e-002	peak_559	12.59	fp	0
21-CAACAAA	STREME-21	4.8e-002	peak_378	12.59	fp	0
21-CAACAAA	STREME-21	4.8e-002	peak_309	12.59	fp	0
21-CAACAAA	STREME-21	4.8e-002	peak_469	12.59	tp	1
21-CAACAAA	STREME-21	4.8e-002	peak_223	12.59	tp	1
21-CAACAAA	STREME-21	4.8e-002	peak_153	12.59	tp	1
21-CAACAAA	STREME-21	4.8e-002	peak_135	12.59	tp	1
21-CAACAAA	STREME-21	4.8e-002	peak_540	12.59	tp	1
21-CAACAAA	STREME-21	4.8e-002	peak_65	12.59	tp	1
21-CAACAAA	STREME-21	4.8e-002	peak_501	12.59	tp	1
21-CAACAAA	STREME-21	4.8e-002	peak_44	12.59	tp	1
21-CAACAAA	STREME-21	4.8e-002	peak_24	12.59	tp	1
21-CAACAAA	STREME-21	4.8e-002	peak_179	12.59	tp	1
21-CAACAAA	STREME-21	4.8e-002	peak_232	12.59	tp	1
21-CAACAAA	STREME-21	4.8e-002	peak_146	12.59	fp	1
21-CAACAAA	STREME-21	4.8e-002	peak_409	12.59	fp	1
21-CAACAAA	STREME-21	4.8e-002	peak_202	12.59	fp	1
21-CAACAAA	STREME-21	4.8e-002	peak_77	12.59	fp	1
#
22-GCGAAAAGT	STREME-22	1.2e-001	peak_432	16.22	tp	0
22-GCGAAAAGT	STREME-22	1.2e-001	peak_221	16.22	tp	0
22-GCGAAAAGT	STREME-22	1.2e-001	peak_416	16.22	tp	0
22-GCGAAAAGT	STREME-22	1.2e-001	peak_224	16.22	tp	1
22-GCGAAAAGT	STREME-22	1.2e-001	peak_195	14.89	tp	0
22-GCGAAAAGT	STREME-22	1.2e-001	peak_356	14.89	tp	0
22-GCGAAAAGT	STREME-22	1.2e-001	peak_295	14.89	tp	0
22-GCGAAAAGT	STREME-22	1.2e-001	peak_360	14.89	tp	0
22-GCGAAAAGT	STREME-22	1.2e-001	peak_582	14.89	tp	0
22-GCGAAAAGT	STREME-22	1.2e-001	peak_309	14.89	tp	0
22-GCGAAAAGT	STREME-22	1.2e-001	peak_602	14.89	tp	0
22-GCGAAAAGT	STREME-22	1.2e-001	peak_442	14.89	tp	0
22-GCGAAAAGT	STREME-22	1.2e-001	peak_600	13.95	tp	0
22-GCGAAAAGT	STREME-22	1.2e-001	peak_276	13.95	tp	0
22-GCGAAAAGT	STREME-22	1.2e-001	peak_482	13.95	tp	0
22-GCGAAAAGT	STREME-22	1.2e-001	peak_321	13.95	tp	0
22-GCGAAAAGT	STREME-22	1.2e-001	peak_558	13.95	tp	0
22-GCGAAAAGT	STREME-22	1.2e-001	peak_229	13.95	tp	0
22-GCGAAAAGT	STREME-22	1.2e-001	peak_167	13.95	tp	0
22-GCGAAAAGT	STREME-22	1.2e-001	peak_270	13.95	tp	0
22-GCGAAAAGT	STREME-22	1.2e-001	peak_581	13.95	tp	0
22-GCGAAAAGT	STREME-22	1.2e-001	peak_365	13.95	fp	0
22-GCGAAAAGT	STREME-22	1.2e-001	peak_81	13.19	tp	0
22-GCGAAAAGT	STREME-22	1.2e-001	peak_118	13.19	tp	0
22-GCGAAAAGT	STREME-22	1.2e-001	peak_526	13.19	tp	0
22-GCGAAAAGT	STREME-22	1.2e-001	peak_265	13.19	tp	0
22-GCGAAAAGT	STREME-22	1.2e-001	peak_64	13.19	fp	0
22-GCGAAAAGT	STREME-22	1.2e-001	peak_74	12.77	tp	0
22-GCGAAAAGT	STREME-22	1.2e-001	peak_193	12.77	tp	0
22-GCGAAAAGT	STREME-22	1.2e-001	peak_124	12.77	tp	0
22-GCGAAAAGT	STREME-22	1.2e-001	peak_427	12.77	tp	0
22-GCGAAAAGT	STREME-22	1.2e-001	peak_133	12.77	tp	0
22-GCGAAAAGT	STREME-22	1.2e-001	peak_551	12.77	tp	0
22-GCGAAAAGT	STREME-22	1.2e-001	peak_272	12.77	tp	0
22-GCGAAAAGT	STREME-22	1.2e-001	peak_396	12.77	tp	0
22-GCGAAAAGT	STREME-22	1.2e-001	peak_171	12.77	fp	0
22-GCGAAAAGT	STREME-22	1.2e-001	peak_484	12.61	tp	0
22-GCGAAAAGT	STREME-22	1.2e-001	peak_504	12.61	tp	0
22-GCGAAAAGT	STREME-22	1.2e-001	peak_413	12.61	tp	0
22-GCGAAAAGT	STREME-22	1.2e-001	peak_535	12.61	tp	0
22-GCGAAAAGT	STREME-22	1.2e-001	peak_579	12.61	tp	0
22-GCGAAAAGT	STREME-22	1.2e-001	peak_156	12.61	tp	0
22-GCGAAAAGT	STREME-22	1.2e-001	peak_437	12.61	tp	0
22-GCGAAAAGT	STREME-22	1.2e-001	peak_289	12.61	tp	0
22-GCGAAAAGT	STREME-22	1.2e-001	peak_134	12.61	tp	0
22-GCGAAAAGT	STREME-22	1.2e-001	peak_374	12.61	tp	0
22-GCGAAAAGT	STREME-22	1.2e-001	peak_521	12.61	fp	0
22-GCGAAAAGT	STREME-22	1.2e-001	peak_559	12.61	tp	1
22-GCGAAAAGT	STREME-22	1.2e-001	peak_127	12.59	tp	0
22-GCGAAAAGT	STREME-22	1.2e-001	peak_317	12.59	tp	0
22-GCGAAAAGT	STREME-22	1.2e-001	peak_190	12.59	tp	0
22-GCGAAAAGT	STREME-22	1.2e-001	peak_187	12.59	tp	0
22-GCGAAAAGT	STREME-22	1.2e-001	peak_487	12.59	tp	0
22-GCGAAAAGT	STREME-22	1.2e-001	peak_377	12.59	tp	0
22-GCGAAAAGT	STREME-22	1.2e-001	peak_312	12.59	tp	0
22-GCGAAAAGT	STREME-22	1.2e-001	peak_352	12.59	tp	0
22-GCGAAAAGT	STREME-22	1.2e-001	peak_151	12.59	fp	0
22-GCGAAAAGT	STREME-22	1.2e-001	peak_52	12.59	fp	0
22-GCGAAAAGT	STREME-22	1.2e-001	peak_510	12.43	tp	0
22-GCGAAAAGT	STREME-22	1.2e-001	peak_35	12.43	tp	0
22-GCGAAAAGT	STREME-22	1.2e-001	peak_369	12.36	tp	0
22-GCGAAAAGT	STREME-22	1.2e-001	peak_102	12.36	tp	0
22-GCGAAAAGT	STREME-22	1.2e-001	peak_384	12.36	tp	0
22-GCGAAAAGT	STREME-22	1.2e-001	peak_419	11.85	tp	0
22-GCGAAAAGT	STREME-22	1.2e-001	peak_533	11.85	tp	1
#
23-GCASTGC	STREME-23	1.6e-001	peak_610	13.05	tp	0
23-GCASTGC	STREME-23	1.6e-001	peak_382	13.05	tp	0
23-GCASTGC	STREME-23	1.6e-001	peak_116	13.05	tp	0
23-GCASTGC	STREME-23	1.6e-001	peak_369	13.05	tp	0
23-GCASTGC	STREME-23	1.6e-001	peak_482	13.05	tp	0
23-GCASTGC	STREME-23	1.6e-001	peak_483	13.05	tp	0
23-GCASTGC	STREME-23	1.6e-001	peak_296	13.05	tp	0
23-GCASTGC	STREME-23	1.6e-001	peak_485	13.05	tp	0
23-GCASTGC	STREME-23	1.6e-001	peak_95	13.05	tp	0
23-GCASTGC	STREME-23	1.6e-001	peak_546	13.05	tp	0
23-GCASTGC	STREME-23	1.6e-001	peak_242	13.05	tp	0
23-GCASTGC	STREME-23	1.6e-001	peak_338	13.05	tp	0
23-GCASTGC	STREME-23	1.6e-001	peak_221	13.05	tp	0
23-GCASTGC	STREME-23	1.6e-001	peak_443	13.05	tp	0
23-GCASTGC	STREME-23	1.6e-001	peak_78	13.05	tp	0
23-GCASTGC	STREME-23	1.6e-001	peak_604	13.05	tp	0
23-GCASTGC	STREME-23	1.6e-001	peak_392	13.05	tp	0
23-GCASTGC	STREME-23	1.6e-001	peak_119	13.05	tp	0
23-GCASTGC	STREME-23	1.6e-001	peak_101	13.05	tp	0
23-GCASTGC	STREME-23	1.6e-001	peak_172	13.05	tp	0
23-GCASTGC	STREME-23	1.6e-001	peak_34	13.05	tp	0
23-GCASTGC	STREME-23	1.6e-001	peak_568	13.05	tp	0
23-GCASTGC	STREME-23	1.6e-001	peak_252	13.05	tp	0
23-GCASTGC	STREME-23	1.6e-001	peak_92	13.05	tp	0
23-GCASTGC	STREME-23	1.6e-001	peak_39	13.05	tp	0
23-GCASTGC	STREME-23	1.6e-001	peak_472	13.05	tp	0
23-GCASTGC	STREME-23	1.6e-001	peak_75	13.05	tp	0
23-GCASTGC	STREME-23	1.6e-001	peak_62	13.05	fp	0
23-GCASTGC	STREME-23	1.6e-001	peak_133	13.05	fp	0
23-GCASTGC	STREME-23	1.6e-001	peak_197	13.05	fp	0
23-GCASTGC	STREME-23	1.6e-001	peak_427	13.05	fp	0
23-GCASTGC	STREME-23	1.6e-001	peak_223	13.05	fp	0
23-GCASTGC	STREME-23	1.6e-001	peak_572	13.05	fp	0
23-GCASTGC	STREME-23	1.6e-001	peak_23	13.05	fp	0
23-GCASTGC	STREME-23	1.6e-001	peak_323	13.05	tp	1
23-GCASTGC	STREME-23	1.6e-001	peak_531	13.05	tp	1
23-GCASTGC	STREME-23	1.6e-001	peak_544	10.93	tp	0
23-GCASTGC	STREME-23	1.6e-001	peak_606	10.93	tp	0
23-GCASTGC	STREME-23	1.6e-001	peak_52	10.93	tp	0
23-GCASTGC	STREME-23	1.6e-001	peak_70	10.93	tp	0
23-GCASTGC	STREME-23	1.6e-001	peak_128	10.93	tp	0
23-GCASTGC	STREME-23	1.6e-001	peak_88	10.93	tp	0
23-GCASTGC	STREME-23	1.6e-001	peak_494	10.93	tp	0
23-GCASTGC	STREME-23	1.6e-001	peak_210	10.93	tp	0
23-GCASTGC	STREME-23	1.6e-001	peak_554	10.93	tp	0
23-GCASTGC	STREME-23	1.6e-001	peak_93	10.93	tp	0
23-GCASTGC	STREME-23	1.6e-001	peak_397	10.93	tp	0
23-GCASTGC	STREME-23	1.6e-001	peak_284	10.93	tp	0
23-GCASTGC	STREME-23	1.6e-001	peak_509	10.93	tp	0
23-GCASTGC	STREME-23	1.6e-001	peak_193	10.93	tp	0
23-GCASTGC	STREME-23	1.6e-001	peak_30	10.93	tp	0
23-GCASTGC	STREME-23	1.6e-001	peak_567	10.93	tp	0
23-GCASTGC	STREME-23	1.6e-001	peak_391	10.93	tp	0
23-GCASTGC	STREME-23	1.6e-001	peak_484	10.93	tp	0
23-GCASTGC	STREME-23	1.6e-001	peak_141	10.93	tp	0
23-GCASTGC	STREME-23	1.6e-001	peak_503	10.93	tp	0
23-GCASTGC	STREME-23	1.6e-001	peak_180	10.93	tp	0
23-GCASTGC	STREME-23	1.6e-001	peak_62	10.93	tp	0
23-GCASTGC	STREME-23	1.6e-001	peak_449	10.93	tp	0
23-GCASTGC	STREME-23	1.6e-001	peak_269	10.93	tp	0
23-GCASTGC	STREME-23	1.6e-001	peak_11	10.93	tp	0
23-GCASTGC	STREME-23	1.6e-001	peak_185	10.93	tp	0
23-GCASTGC	STREME-23	1.6e-001	peak_427	10.93	tp	0
23-GCASTGC	STREME-23	1.6e-001	peak_558	10.93	tp	0
23-GCASTGC	STREME-23	1.6e-001	peak_129	10.93	tp	0
23-GCASTGC	STREME-23	1.6e-001	peak_489	10.93	tp	0
23-GCASTGC	STREME-23	1.6e-001	peak_18	10.93	tp	0
23-GCASTGC	STREME-23	1.6e-001	peak_82	10.93	tp	0
23-GCASTGC	STREME-23	1.6e-001	peak_355	10.93	tp	0
23-GCASTGC	STREME-23	1.6e-001	peak_46	10.93	tp	0
23-GCASTGC	STREME-23	1.6e-001	peak_453	10.93	tp	0
23-GCASTGC	STREME-23	1.6e-001	peak_91	10.93	tp	0
23-GCASTGC	STREME-23	1.6e-001	peak_279	10.93	tp	0
23-GCASTGC	STREME-23	1.6e-001	peak_212	10.93	tp	0
23-GCASTGC	STREME-23	1.6e-001	peak_266	10.93	tp	0
23-GCASTGC	STREME-23	1.6e-001	peak_542	10.93	tp	0
23-GCASTGC	STREME-23	1.6e-001	peak_607	10.93	tp	0
23-GCASTGC	STREME-23	1.6e-001	peak_404	10.93	tp	0
23-GCASTGC	STREME-23	1.6e-001	peak_140	10.93	tp	0
23-GCASTGC	STREME-23	1.6e-001	peak_136	10.93	tp	0
23-GCASTGC	STREME-23	1.6e-001	peak_239	10.93	tp	0
23-GCASTGC	STREME-23	1.6e-001	peak_267	10.93	tp	0
23-GCASTGC	STREME-23	1.6e-001	peak_204	10.93	fp	0
23-GCASTGC	STREME-23	1.6e-001	peak_451	10.93	fp	0
23-GCASTGC	STREME-23	1.6e-001	peak_58	10.93	fp	0
23-GCASTGC	STREME-23	1.6e-001	peak_267	10.93	fp	0
23-GCASTGC	STREME-23	1.6e-001	peak_404	10.93	fp	0
23-GCASTGC	STREME-23	1.6e-001	peak_372	10.93	fp	0
23-GCASTGC	STREME-23	1.6e-001	peak_595	10.93	fp	0
23-GCASTGC	STREME-23	1.6e-001	peak_305	10.93	fp	0
23-GCASTGC	STREME-23	1.6e-001	peak_525	10.93	fp	0
23-GCASTGC	STREME-23	1.6e-001	peak_461	10.93	fp	0
23-GCASTGC	STREME-23	1.6e-001	peak_491	10.93	fp	0
23-GCASTGC	STREME-23	1.6e-001	peak_142	10.93	fp	0
23-GCASTGC	STREME-23	1.6e-001	peak_73	10.93	fp	0
23-GCASTGC	STREME-23	1.6e-001	peak_28	10.93	fp	0
23-GCASTGC	STREME-23	1.6e-001	peak_149	10.93	fp	0
23-GCASTGC	STREME-23	1.6e-001	peak_522	10.93	fp	0
23-GCASTGC	STREME-23	1.6e-001	peak_24	10.93	fp	0
23-GCASTGC	STREME-23	1.6e-001	peak_489	10.93	fp	0
23-GCASTGC	STREME-23	1.6e-001	peak_531	10.93	fp	0
23-GCASTGC	STREME-23	1.6e-001	peak_501	10.93	fp	0
23-GCASTGC	STREME-23	1.6e-001	peak_583	10.93	tp	1
23-GCASTGC	STREME-23	1.6e-001	peak_142	10.93	tp	1
23-GCASTGC	STREME-23	1.6e-001	peak_42	10.93	tp	1
23-GCASTGC	STREME-23	1.6e-001	peak_77	10.93	fp	1
23-GCASTGC	STREME-23	1.6e-001	peak_113	10.53	tp	0
23-GCASTGC	STREME-23	1.6e-001	peak_292	10.53	tp	0
23-GCASTGC	STREME-23	1.6e-001	peak_357	10.53	tp	0
23-GCASTGC	STREME-23	1.6e-001	peak_370	10.53	tp	0
23-GCASTGC	STREME-23	1.6e-001	peak_137	10.53	tp	0
23-GCASTGC	STREME-23	1.6e-001	peak_35	10.53	tp	0
23-GCASTGC	STREME-23	1.6e-001	peak_413	10.53	tp	0
23-GCASTGC	STREME-23	1.6e-001	peak_150	10.53	tp	0
23-GCASTGC	STREME-23	1.6e-001	peak_283	10.53	tp	0
23-GCASTGC	STREME-23	1.6e-001	peak_553	10.53	tp	0
23-GCASTGC	STREME-23	1.6e-001	peak_238	10.53	tp	0
23-GCASTGC	STREME-23	1.6e-001	peak_211	10.53	tp	0
23-GCASTGC	STREME-23	1.6e-001	peak_401	10.53	tp	0
23-GCASTGC	STREME-23	1.6e-001	peak_436	10.53	tp	0
23-GCASTGC	STREME-23	1.6e-001	peak_166	10.53	tp	0
23-GCASTGC	STREME-23	1.6e-001	peak_145	10.53	tp	0
23-GCASTGC	STREME-23	1.6e-001	peak_241	10.53	tp	0
23-GCASTGC	STREME-23	1.6e-001	peak_343	10.53	tp	0
23-GCASTGC	STREME-23	1.6e-001	peak_4	10.53	tp	0
23-GCASTGC	STREME-23	1.6e-001	peak_217	10.53	tp	0
23-GCASTGC	STREME-23	1.6e-001	peak_81	10.53	fp	0
23-GCASTGC	STREME-23	1.6e-001	peak_495	10.53	fp	0
23-GCASTGC	STREME-23	1.6e-001	peak_434	10.53	fp	0
23-GCASTGC	STREME-23	1.6e-001	peak_338	10.53	fp	0
23-GCASTGC	STREME-23	1.6e-001	peak_250	10.53	fp	0
23-GCASTGC	STREME-23	1.6e-001	peak_494	10.53	fp	0
23-GCASTGC	STREME-23	1.6e-001	peak_95	10.53	fp	0
23-GCASTGC	STREME-23	1.6e-001	peak_415	10.53	fp	0
23-GCASTGC	STREME-23	1.6e-001	peak_41	10.53	fp	0
23-GCASTGC	STREME-23	1.6e-001	peak_120	10.53	fp	0
23-GCASTGC	STREME-23	1.6e-001	peak_482	10.53	fp	0
23-GCASTGC	STREME-23	1.6e-001	peak_336	10.53	fp	0
23-GCASTGC	STREME-23	1.6e-001	peak_301	10.53	tp	1
23-GCASTGC	STREME-23	1.6e-001	peak_41	10.53	tp	1
23-GCASTGC	STREME-23	1.6e-001	peak_299	10.53	fp	1
23-GCASTGC	STREME-23	1.6e-001	peak_251	10.53	fp	1
23-GCASTGC	STREME-23	1.6e-001	peak_324	10.53	fp	1
23-GCASTGC	STREME-23	1.6e-001	peak_542	10.53	fp	1
23-GCASTGC	STREME-23	1.6e-001	peak_63	10.53	fp	1
23-GCASTGC	STREME-23	1.6e-001	peak_147	10.21	tp	0
23-GCASTGC	STREME-23	1.6e-001	peak_555	10.21	tp	0
23-GCASTGC	STREME-23	1.6e-001	peak_9	10.21	tp	0
23-GCASTGC	STREME-23	1.6e-001	peak_74	10.21	tp	0
23-GCASTGC	STREME-23	1.6e-001	peak_513	10.21	tp	0
23-GCASTGC	STREME-23	1.6e-001	peak_408	10.21	tp	0
23-GCASTGC	STREME-23	1.6e-001	peak_447	10.21	tp	0
23-GCASTGC	STREME-23	1.6e-001	peak_251	10.21	tp	0
23-GCASTGC	STREME-23	1.6e-001	peak_201	10.21	tp	0
23-GCASTGC	STREME-23	1.6e-001	peak_32	10.21	tp	0
23-GCASTGC	STREME-23	1.6e-001	peak_164	10.21	tp	0
23-GCASTGC	STREME-23	1.6e-001	peak_561	10.21	tp	0
23-GCASTGC	STREME-23	1.6e-001	peak_2	10.21	tp	0
23-GCASTGC	STREME-23	1.6e-001	peak_577	10.21	tp	0
23-GCASTGC	STREME-23	1.6e-001	peak_491	10.21	tp	0
23-GCASTGC	STREME-23	1.6e-001	peak_258	10.21	tp	0
23-GCASTGC	STREME-23	1.6e-001	peak_381	10.21	tp	0
23-GCASTGC	STREME-23	1.6e-001	peak_104	10.21	tp	0
23-GCASTGC	STREME-23	1.6e-001	peak_115	10.21	tp	0
23-GCASTGC	STREME-23	1.6e-001	peak_107	10.21	tp	0
23-GCASTGC	STREME-23	1.6e-001	peak_133	10.21	tp	0
23-GCASTGC	STREME-23	1.6e-001	peak_303	10.21	tp	0
23-GCASTGC	STREME-23	1.6e-001	peak_313	10.21	tp	0
23-GCASTGC	STREME-23	1.6e-001	peak_342	10.21	tp	0
23-GCASTGC	STREME-23	1.6e-001	peak_396	10.21	tp	0
23-GCASTGC	STREME-23	1.6e-001	peak_426	10.21	tp	0
23-GCASTGC	STREME-23	1.6e-001	peak_235	10.21	tp	0
23-GCASTGC	STREME-23	1.6e-001	peak_428	10.21	tp	0
23-GCASTGC	STREME-23	1.6e-001	peak_239	10.21	fp	0
23-GCASTGC	STREME-23	1.6e-001	peak_561	10.21	fp	0
23-GCASTGC	STREME-23	1.6e-001	peak_563	10.21	fp	0
23-GCASTGC	STREME-23	1.6e-001	peak_593	10.21	fp	0
23-GCASTGC	STREME-23	1.6e-001	peak_186	10.21	fp	0
23-GCASTGC	STREME-23	1.6e-001	peak_115	10.21	fp	0
23-GCASTGC	STREME-23	1.6e-001	peak_165	10.21	fp	0
23-GCASTGC	STREME-23	1.6e-001	peak_313	10.21	fp	0
23-GCASTGC	STREME-23	1.6e-001	peak_61	10.21	fp	0
23-GCASTGC	STREME-23	1.6e-001	peak_356	10.21	fp	0
23-GCASTGC	STREME-23	1.6e-001	peak_144	10.21	fp	0
23-GCASTGC	STREME-23	1.6e-001	peak_421	10.21	fp	0
23-GCASTGC	STREME-23	1.6e-001	peak_469	10.21	fp	0
23-GCASTGC	STREME-23	1.6e-001	peak_284	10.21	fp	0
23-GCASTGC	STREME-23	1.6e-001	peak_466	10.21	fp	0
23-GCASTGC	STREME-23	1.6e-001	peak_91	10.21	fp	0
23-GCASTGC	STREME-23	1.6e-001	peak_48	10.21	tp	1
23-GCASTGC	STREME-23	1.6e-001	peak_153	10.21	tp	1
23-GCASTGC	STREME-23	1.6e-001	peak_367	10.21	tp	1
23-GCASTGC	STREME-23	1.6e-001	peak_220	10.21	tp	1
23-GCASTGC	STREME-23	1.6e-001	peak_237	10.21	fp	1
23-GCASTGC	STREME-23	1.6e-001	peak_277	8.80	tp	0
23-GCASTGC	STREME-23	1.6e-001	peak_457	8.80	tp	0
23-GCASTGC	STREME-23	1.6e-001	peak_108	8.80	tp	0
23-GCASTGC	STREME-23	1.6e-001	peak_51	8.80	tp	0
23-GCASTGC	STREME-23	1.6e-001	peak_360	8.80	tp	0
23-GCASTGC	STREME-23	1.6e-001	peak_492	8.80	tp	0
23-GCASTGC	STREME-23	1.6e-001	peak_425	8.80	tp	0
23-GCASTGC	STREME-23	1.6e-001	peak_527	8.80	tp	0
23-GCASTGC	STREME-23	1.6e-001	peak_451	8.80	tp	0
23-GCASTGC	STREME-23	1.6e-001	peak_208	8.80	tp	0
23-GCASTGC	STREME-23	1.6e-001	peak_229	8.80	tp	0
23-GCASTGC	STREME-23	1.6e-001	peak_38	8.80	tp	0
23-GCASTGC	STREME-23	1.6e-001	peak_218	8.80	tp	0
23-GCASTGC	STREME-23	1.6e-001	peak_462	8.80	tp	0
23-GCASTGC	STREME-23	1.6e-001	peak_459	8.80	tp	0
23-GCASTGC	STREME-23	1.6e-001	peak_450	8.80	tp	0
23-GCASTGC	STREME-23	1.6e-001	peak_155	8.80	fp	0
23-GCASTGC	STREME-23	1.6e-001	peak_4	8.80	fp	0
23-GCASTGC	STREME-23	1.6e-001	peak_137	8.80	fp	0
23-GCASTGC	STREME-23	1.6e-001	peak_382	8.80	fp	0
23-GCASTGC	STREME-23	1.6e-001	peak_543	8.80	fp	0
23-GCASTGC	STREME-23	1.6e-001	peak_265	8.80	fp	0
23-GCASTGC	STREME-23	1.6e-001	peak_364	8.80	fp	0
23-GCASTGC	STREME-23	1.6e-001	peak_206	8.80	tp	1
23-GCASTGC	STREME-23	1.6e-001	peak_64	8.40	tp	0
23-GCASTGC	STREME-23	1.6e-001	peak_597	8.40	tp	0
23-GCASTGC	STREME-23	1.6e-001	peak_461	8.40	tp	0
23-GCASTGC	STREME-23	1.6e-001	peak_317	8.40	tp	0
23-GCASTGC	STREME-23	1.6e-001	peak_588	8.40	tp	0
23-GCASTGC	STREME-23	1.6e-001	peak_504	8.40	tp	0
23-GCASTGC	STREME-23	1.6e-001	peak_132	8.40	tp	0
23-GCASTGC	STREME-23	1.6e-001	peak_377	8.40	tp	0
23-GCASTGC	STREME-23	1.6e-001	peak_22	8.40	tp	0
23-GCASTGC	STREME-23	1.6e-001	peak_438	8.40	tp	0
23-GCASTGC	STREME-23	1.6e-001	peak_110	8.40	tp	0
23-GCASTGC	STREME-23	1.6e-001	peak_106	8.40	tp	0
23-GCASTGC	STREME-23	1.6e-001	peak_538	8.40	tp	0
23-GCASTGC	STREME-23	1.6e-001	peak_272	8.40	tp	0
23-GCASTGC	STREME-23	1.6e-001	peak_530	8.40	tp	0
23-GCASTGC	STREME-23	1.6e-001	peak_290	8.40	fp	0
23-GCASTGC	STREME-23	1.6e-001	peak_545	8.40	fp	0
23-GCASTGC	STREME-23	1.6e-001	peak_261	8.40	fp	0
23-GCASTGC	STREME-23	1.6e-001	peak_29	8.40	fp	0
23-GCASTGC	STREME-23	1.6e-001	peak_492	8.40	fp	0
23-GCASTGC	STREME-23	1.6e-001	peak_174	8.40	fp	0
23-GCASTGC	STREME-23	1.6e-001	peak_472	8.40	fp	0
23-GCASTGC	STREME-23	1.6e-001	peak_457	8.40	fp	0
#
24-AAATAAATAWA	STREME-24	2.0e-001	peak_6	15.99	tp	0
24-AAATAAATAWA	STREME-24	2.0e-001	peak_448	15.99	tp	0
24-AAATAAATAWA	STREME-24	2.0e-001	peak_264	15.99	tp	0
24-AAATAAATAWA	STREME-24	2.0e-001	peak_148	15.99	tp	0
24-AAATAAATAWA	STREME-24	2.0e-001	peak_60	15.99	tp	0
24-AAATAAATAWA	STREME-24	2.0e-001	peak_55	15.99	fp	0
24-AAATAAATAWA	STREME-24	2.0e-001	peak_591	15.68	tp	0
24-AAATAAATAWA	STREME-24	2.0e-001	peak_138	15.68	tp	0
24-AAATAAATAWA	STREME-24	2.0e-001	peak_355	15.68	tp	0
24-AAATAAATAWA	STREME-24	2.0e-001	peak_605	15.68	tp	0
24-AAATAAATAWA	STREME-24	2.0e-001	peak_153	15.68	tp	1
24-AAATAAATAWA	STREME-24	2.0e-001	peak_204	13.92	fp	0
24-AAATAAATAWA	STREME-24	2.0e-001	peak_366	13.87	tp	0
24-AAATAAATAWA	STREME-24	2.0e-001	peak_159	13.62	tp	0
24-AAATAAATAWA	STREME-24	2.0e-001	peak_152	13.62	tp	0
24-AAATAAATAWA	STREME-24	2.0e-001	peak_307	13.62	tp	0
24-AAATAAATAWA	STREME-24	2.0e-001	peak_488	13.56	tp	0
24-AAATAAATAWA	STREME-24	2.0e-001	peak_98	13.45	tp	0
24-AAATAAATAWA	STREME-24	2.0e-001	peak_144	13.45	tp	0
24-AAATAAATAWA	STREME-24	2.0e-001	peak_155	13.45	tp	0
24-AAATAAATAWA	STREME-24	2.0e-001	peak_561	13.45	fp	0
24-AAATAAATAWA	STREME-24	2.0e-001	peak_170	13.32	tp	0
24-AAATAAATAWA	STREME-24	2.0e-001	peak_400	13.32	tp	1
24-AAATAAATAWA	STREME-24	2.0e-001	peak_94	13.32	fp	1
24-AAATAAATAWA	STREME-24	2.0e-001	peak_335	13.15	tp	0
24-AAATAAATAWA	STREME-24	2.0e-001	peak_60	13.15	fp	0
24-AAATAAATAWA	STREME-24	2.0e-001	peak_296	13.13	fp	0
24-AAATAAATAWA	STREME-24	2.0e-001	peak_316	13.04	fp	0
24-AAATAAATAWA	STREME-24	2.0e-001	peak_313	12.92	tp	0
24-AAATAAATAWA	STREME-24	2.0e-001	peak_351	12.92	fp	0
24-AAATAAATAWA	STREME-24	2.0e-001	peak_81	12.82	tp	0
24-AAATAAATAWA	STREME-24	2.0e-001	peak_122	12.82	tp	0
24-AAATAAATAWA	STREME-24	2.0e-001	peak_22	12.82	tp	0
24-AAATAAATAWA	STREME-24	2.0e-001	peak_325	12.82	tp	0
24-AAATAAATAWA	STREME-24	2.0e-001	peak_84	12.82	tp	0
24-AAATAAATAWA	STREME-24	2.0e-001	peak_188	12.82	tp	0
24-AAATAAATAWA	STREME-24	2.0e-001	peak_336	12.82	fp	0
24-AAATAAATAWA	STREME-24	2.0e-001	peak_33	12.73	tp	0
24-AAATAAATAWA	STREME-24	2.0e-001	peak_7	12.73	tp	0
24-AAATAAATAWA	STREME-24	2.0e-001	peak_475	12.73	tp	1
24-AAATAAATAWA	STREME-24	2.0e-001	peak_324	12.73	fp	1
24-AAATAAATAWA	STREME-24	2.0e-001	peak_409	12.67	tp	0
24-AAATAAATAWA	STREME-24	2.0e-001	peak_243	12.67	fp	0
24-AAATAAATAWA	STREME-24	2.0e-001	peak_395	12.67	tp	1
24-AAATAAATAWA	STREME-24	2.0e-001	peak_504	12.61	tp	0
24-AAATAAATAWA	STREME-24	2.0e-001	peak_287	12.61	tp	0
24-AAATAAATAWA	STREME-24	2.0e-001	peak_572	12.51	tp	0
24-AAATAAATAWA	STREME-24	2.0e-001	peak_614	12.41	tp	0
24-AAATAAATAWA	STREME-24	2.0e-001	peak_115	12.41	tp	0
24-AAATAAATAWA	STREME-24	2.0e-001	peak_75	12.41	tp	0
24-AAATAAATAWA	STREME-24	2.0e-001	peak_164	12.41	fp	0
24-AAATAAATAWA	STREME-24	2.0e-001	peak_544	12.37	tp	0
24-AAATAAATAWA	STREME-24	2.0e-001	peak_238	12.37	tp	0
24-AAATAAATAWA	STREME-24	2.0e-001	peak_322	12.37	tp	0
24-AAATAAATAWA	STREME-24	2.0e-001	peak_568	12.37	tp	0
24-AAATAAATAWA	STREME-24	2.0e-001	peak_137	12.25	tp	0
24-AAATAAATAWA	STREME-24	2.0e-001	peak_258	12.25	tp	0
24-AAATAAATAWA	STREME-24	2.0e-001	peak_455	12.25	tp	0
24-AAATAAATAWA	STREME-24	2.0e-001	peak_433	12.25	fp	0
24-AAATAAATAWA	STREME-24	2.0e-001	peak_508	12.11	tp	0
24-AAATAAATAWA	STREME-24	2.0e-001	peak_588	12.11	tp	0
24-AAATAAATAWA	STREME-24	2.0e-001	peak_104	12.08	tp	0
24-AAATAAATAWA	STREME-24	2.0e-001	peak_334	11.67	tp	1
24-AAATAAATAWA	STREME-24	2.0e-001	peak_499	11.67	tp	0
24-AAATAAATAWA	STREME-24	2.0e-001	peak_125	11.67	tp	0
24-AAATAAATAWA	STREME-24	2.0e-001	peak_468	11.55	tp	0
24-AAATAAATAWA	STREME-24	2.0e-001	peak_134	11.55	fp	0
24-AAATAAATAWA	STREME-24	2.0e-001	peak_383	11.55	tp	0
24-AAATAAATAWA	STREME-24	2.0e-001	peak_584	11.55	tp	0
24-AAATAAATAWA	STREME-24	2.0e-001	peak_251	11.50	tp	0
24-AAATAAATAWA	STREME-24	2.0e-001	peak_359	11.50	tp	0
24-AAATAAATAWA	STREME-24	2.0e-001	peak_329	11.50	tp	0
24-AAATAAATAWA	STREME-24	2.0e-001	peak_346	11.43	tp	0
24-AAATAAATAWA	STREME-24	2.0e-001	peak_314	11.43	tp	0
24-AAATAAATAWA	STREME-24	2.0e-001	peak_101	11.42	tp	0
24-AAATAAATAWA	STREME-24	2.0e-001	peak_10	11.42	tp	0
24-AAATAAATAWA	STREME-24	2.0e-001	peak_110	11.38	tp	0
24-AAATAAATAWA	STREME-24	2.0e-001	peak_360	11.37	tp	0
24-AAATAAATAWA	STREME-24	2.0e-001	peak_156	11.37	tp	0
24-AAATAAATAWA	STREME-24	2.0e-001	peak_404	11.37	fp	0
24-AAATAAATAWA	STREME-24	2.0e-001	peak_266	11.33	tp	0
24-AAATAAATAWA	STREME-24	2.0e-001	peak_11	11.30	fp	0
24-AAATAAATAWA	STREME-24	2.0e-001	peak_331	11.30	tp	1
24-AAATAAATAWA	STREME-24	2.0e-001	peak_471	11.19	tp	1
24-AAATAAATAWA	STREME-24	2.0e-001	peak_6	11.12	fp	0
24-AAATAAATAWA	STREME-24	2.0e-001	peak_461	11.12	fp	0
24-AAATAAATAWA	STREME-24	2.0e-001	peak_441	11.09	tp	0
24-AAATAAATAWA	STREME-24	2.0e-001	peak_553	11.09	fp	0
24-AAATAAATAWA	STREME-24	2.0e-001	peak_326	11.06	tp	0
24-AAATAAATAWA	STREME-24	2.0e-001	peak_232	11.06	fp	1
24-AAATAAATAWA	STREME-24	2.0e-001	peak_118	11.04	tp	0
24-AAATAAATAWA	STREME-24	2.0e-001	peak_328	11.04	fp	0
24-AAATAAATAWA	STREME-24	2.0e-001	peak_500	11.03	tp	0
24-AAATAAATAWA	STREME-24	2.0e-001	peak_303	11.03	fp	0
24-AAATAAATAWA	STREME-24	2.0e-001	peak_200	11.02	tp	0
24-AAATAAATAWA	STREME-24	2.0e-001	peak_585	11.02	tp	0
24-AAATAAATAWA	STREME-24	2.0e-001	peak_557	11.01	tp	0
24-AAATAAATAWA	STREME-24	2.0e-001	peak_393	10.97	fp	0
24-AAATAAATAWA	STREME-24	2.0e-001	peak_304	10.92	tp	0
24-AAATAAATAWA	STREME-24	2.0e-001	peak_162	10.92	tp	0
24-AAATAAATAWA	STREME-24	2.0e-001	peak_54	10.92	fp	0
24-AAATAAATAWA	STREME-24	2.0e-001	peak_166	10.85	tp	0
24-AAATAAATAWA	STREME-24	2.0e-001	peak_136	10.85	tp	0
24-AAATAAATAWA	STREME-24	2.0e-001	peak_404	10.85	tp	0
24-AAATAAATAWA	STREME-24	2.0e-001	peak_381	10.85	fp	0
24-AAATAAATAWA	STREME-24	2.0e-001	peak_545	10.80	tp	0
24-AAATAAATAWA	STREME-24	2.0e-001	peak_275	10.76	tp	0
24-AAATAAATAWA	STREME-24	2.0e-001	peak_339	10.75	tp	0
24-AAATAAATAWA	STREME-24	2.0e-001	peak_270	10.75	fp	1
24-AAATAAATAWA	STREME-24	2.0e-001	peak_288	10.74	tp	0
24-AAATAAATAWA	STREME-24	2.0e-001	peak_539	10.74	tp	0
24-AAATAAATAWA	STREME-24	2.0e-001	peak_1	10.73	tp	0
24-AAATAAATAWA	STREME-24	2.0e-001	peak_376	10.73	tp	0
24-AAATAAATAWA	STREME-24	2.0e-001	peak_86	10.73	fp	0
24-AAATAAATAWA	STREME-24	2.0e-001	peak_587	10.70	tp	0
24-AAATAAATAWA	STREME-24	2.0e-001	peak_342	10.70	tp	0
24-AAATAAATAWA	STREME-24	2.0e-001	peak_418	10.59	fp	0
24-AAATAAATAWA	STREME-24	2.0e-001	peak_431	10.59	tp	0
24-AAATAAATAWA	STREME-24	2.0e-001	peak_470	10.59	tp	0
24-AAATAAATAWA	STREME-24	2.0e-001	peak_85	10.59	tp	0
24-AAATAAATAWA	STREME-24	2.0e-001	peak_554	10.59	fp	0
24-AAATAAATAWA	STREME-24	2.0e-001	peak_152	10.59	fp	0
24-AAATAAATAWA	STREME-24	2.0e-001	peak_180	10.59	fp	0
24-AAATAAATAWA	STREME-24	2.0e-001	peak_234	10.59	tp	1
24-AAATAAATAWA	STREME-24	2.0e-001	peak_27	10.54	tp	0
24-AAATAAATAWA	STREME-24	2.0e-001	peak_183	10.54	tp	0
24-AAATAAATAWA	STREME-24	2.0e-001	peak_151	10.54	tp	0
24-AAATAAATAWA	STREME-24	2.0e-001	peak_245	10.54	fp	0
24-AAATAAATAWA	STREME-24	2.0e-001	peak_14	10.53	tp	0
24-AAATAAATAWA	STREME-24	2.0e-001	peak_387	10.53	tp	0
24-AAATAAATAWA	STREME-24	2.0e-001	peak_286	10.53	tp	0
24-AAATAAATAWA	STREME-24	2.0e-001	peak_366	10.53	fp	0
24-AAATAAATAWA	STREME-24	2.0e-001	peak_319	10.50	tp	0
24-AAATAAATAWA	STREME-24	2.0e-001	peak_224	10.46	tp	1
24-AAATAAATAWA	STREME-24	2.0e-001	peak_502	10.46	tp	0
24-AAATAAATAWA	STREME-24	2.0e-001	peak_459	10.46	tp	0
24-AAATAAATAWA	STREME-24	2.0e-001	peak_160	10.46	tp	0
24-AAATAAATAWA	STREME-24	2.0e-001	peak_573	10.39	fp	0
24-AAATAAATAWA	STREME-24	2.0e-001	peak_92	10.39	tp	0
24-AAATAAATAWA	STREME-24	2.0e-001	peak_506	10.37	tp	0
24-AAATAAATAWA	STREME-24	2.0e-001	peak_15	10.37	fp	0
24-AAATAAATAWA	STREME-24	2.0e-001	peak_4	10.34	tp	0
24-AAATAAATAWA	STREME-24	2.0e-001	peak_386	10.34	fp	0
24-AAATAAATAWA	STREME-24	2.0e-001	peak_412	10.30	tp	0
24-AAATAAATAWA	STREME-24	2.0e-001	peak_273	10.30	tp	0
24-AAATAAATAWA	STREME-24	2.0e-001	peak_284	10.28	tp	0
24-AAATAAATAWA	STREME-24	2.0e-001	peak_236	10.28	fp	1
24-AAATAAATAWA	STREME-24	2.0e-001	peak_157	10.27	tp	0
24-AAATAAATAWA	STREME-24	2.0e-001	peak_40	10.27	tp	0
24-AAATAAATAWA	STREME-24	2.0e-001	peak_261	10.27	fp	0
