tracheal_custom	43383
tracheal_custom	43384
tracheal_custom	49638
tracheal_custom	33602
tracheal_custom	44817
tracheal_custom	38752
tracheal_custom	38168
tracheal_custom	35614
tracheal_custom	36613
tracheal_custom	36615
tracheal_custom	41579
tracheal_custom	46080
tracheal_custom	45880
tracheal_custom	38727
tracheal_custom	42773
tracheal_custom	33966
tracheal_custom	38723
tracheal_custom	43026
tracheal_custom	36669
tracheal_custom	40790
tracheal_custom	40786
tracheal_custom	40745
tracheal_custom	37706
tracheal_custom	39402
tracheal_custom	35125
tracheal_custom	35132
tracheal_custom	32148
tracheal_custom	38434
tracheal_custom	42801
tracheal_custom	37458
tracheal_custom	48805
tracheal_custom	38674
tracheal_custom	38669
tracheal_custom	39419
tracheal_custom	117353
tracheal_custom	37447
tracheal_custom	32400
tracheal_custom	38703
tracheal_custom	41399
tracheal_custom	39439
tracheal_custom	38643
tracheal_custom	40314
tracheal_custom	40323
tracheal_custom	38635
tracheal_custom	38629
tracheal_custom	39440
tracheal_custom	39435
tracheal_custom	39434
tracheal_custom	49427
tracheal_custom	39423
tracheal_custom	43068
tracheal_custom	44879
tracheal_custom	35190
tracheal_custom	39409
tracheal_custom	31816
tracheal_custom	39418
tracheal_custom	38698
tracheal_custom	37202
tracheal_custom	31300
tracheal_custom	31310
tracheal_custom	38419
tracheal_custom	40553
tracheal_custom	33409
tracheal_custom	40905
tracheal_custom	40952
tracheal_custom	33369
tracheal_custom	37089
tracheal_custom	37130
tracheal_custom	37000
tracheal_custom	39458
tracheal_custom	39454
tracheal_custom	40714
tracheal_custom	44819
tracheal_custom	39460
tracheal_custom	40843
tracheal_custom	49997
tracheal_custom	37524
tracheal_custom	42976
tracheal_custom	40527
tracheal_custom	43830
tracheal_custom	42973
tracheal_custom	35664
tracheal_custom	40510
tracheal_custom	37342
tracheal_custom	45398
tracheal_custom	33803
tracheal_custom	37790
tracheal_custom	33943
tracheal_custom	37301
tracheal_custom	37534
tracheal_custom	39493
tracheal_custom	40599
tracheal_custom	40402
tracheal_custom	40486
tracheal_custom	31065
tracheal_custom	44540
tracheal_custom	31078
tracheal_custom	31083
tracheal_custom	40471
tracheal_custom	31388
tracheal_custom	45339
tracheal_custom	45785
tracheal_custom	50096
tracheal_custom	40875
tracheal_custom	38373
tracheal_custom	40766
tracheal_custom	40770
tracheal_custom	33883
tracheal_custom	40771
tracheal_custom	326206
tracheal_custom	32363
tracheal_custom	35425
tracheal_custom	31048
tracheal_custom	31042
tracheal_custom	47763
tracheal_custom	39899
tracheal_custom	41608
tracheal_custom	50024
tracheal_custom	40775
tracheal_custom	32104
tracheal_custom	32088
tracheal_custom	33033
tracheal_custom	42996
tracheal_custom	42998
tracheal_custom	42999
tracheal_custom	36099
tracheal_custom	43042
tracheal_custom	43436
tracheal_custom	39895
tracheal_custom	53473
tracheal_custom	41069
tracheal_custom	41084
tracheal_custom	38405
tracheal_custom	38076
tracheal_custom	43715
tracheal_custom	31815
tracheal_custom	32045
tracheal_custom	36033
tracheal_custom	36037
tracheal_custom	44978
tracheal_custom	35651
tracheal_custom	45041
tracheal_custom	31316
tracheal_custom	31391
tracheal_custom	36072
tracheal_custom	42833
tracheal_custom	34673
tracheal_custom	35027
tracheal_custom	31024
tracheal_custom	40870
tracheal_custom	40708
tracheal_custom	36363
tracheal_custom	36410
tracheal_custom	36224
tracheal_custom	3354921
tracheal_custom	40694
tracheal_custom	40824
tracheal_custom	39248
tracheal_custom	40522
tracheal_custom	40524
tracheal_custom	38511
tracheal_custom	41263
tracheal_custom	40453
tracheal_custom	33619
tracheal_custom	31678
tracheal_custom	32994
tracheal_custom	32271
tracheal_custom	38522
tracheal_custom	53577
tracheal_custom	36024
tracheal_custom	40672
tracheal_custom	35099
tracheal_custom	37185
tracheal_custom	41262
tracheal_custom	43328
tracheal_custom	36087
tracheal_custom	38374
tracheal_custom	36046
tracheal_custom	41105
tracheal_custom	35504
tracheal_custom	38496
tracheal_custom	32673
tracheal_custom	32670
tracheal_custom	39791
tracheal_custom	39788
tracheal_custom	39785
tracheal_custom	35244
tracheal_custom	36344
tracheal_custom	38528
tracheal_custom	36275
tracheal_custom	36268
tracheal_custom	36276
tracheal_custom	36273
tracheal_custom	36250
tracheal_custom	35013
tracheal_custom	35008
tracheal_custom	31331
tracheal_custom	36427
tracheal_custom	38500
tracheal_custom	36509
tracheal_custom	34156
tracheal_custom	43642
tracheal_custom	37322
tracheal_custom	47065
tracheal_custom	43373
tracheal_custom	39637
tracheal_custom	37556
tracheal_custom	37596
tracheal_custom	37921
tracheal_custom	42933
tracheal_custom	42941
tracheal_custom	50073
tracheal_custom	42947
tracheal_custom	42967
tracheal_custom	43033
tracheal_custom	38906
tracheal_custom	38922
tracheal_custom	50263
tracheal_custom	40000
tracheal_custom	38588
tracheal_custom	38587
tracheal_custom	36053
tracheal_custom	33994
tracheal_custom	38096
tracheal_custom	38074
tracheal_custom	38093
tracheal_custom	33875
tracheal_custom	33753
tracheal_custom	33759
tracheal_custom	33114
tracheal_custom	33739
tracheal_custom	40081
tracheal_custom	33048
tracheal_custom	3772670
tracheal_custom	31698
tracheal_custom	31701
tracheal_custom	32377
tracheal_custom	41722
tracheal_custom	43663
tracheal_custom	31776
tracheal_custom	36029
tracheal_custom	31644
tracheal_custom	31703
tracheal_custom	40484
tracheal_custom	34075
tracheal_custom	40417
tracheal_custom	40893
tracheal_custom	33129
tracheal_custom	31075
tracheal_custom	32211
tracheal_custom	40526
tracheal_custom	40685
tracheal_custom	35798
tracheal_custom	31085
tracheal_custom	31097
tracheal_custom	45250
tracheal_custom	43765
tracheal_custom	38800
tracheal_custom	33108
tracheal_custom	41854
tracheal_custom	34547
tracheal_custom	38403
tracheal_custom	43716
tracheal_custom	38490
tracheal_custom	38514
tracheal_custom	38499
tracheal_custom	38531
tracheal_custom	37167
tracheal_custom	37149
tracheal_custom	37168
tracheal_custom	46085
tracheal_custom	37197
tracheal_custom	35077
tracheal_custom	35085
tracheal_custom	35116
tracheal_custom	40777
tracheal_custom	40776
tracheal_custom	43402
tracheal_custom	31343
tracheal_custom	31931
tracheal_custom	34897
tracheal_custom	34887
tracheal_custom	31786
tracheal_custom	43691
tracheal_custom	33649
tracheal_custom	43623
tracheal_custom	43584
tracheal_custom	40763
tracheal_custom	33681
tracheal_custom	32279
tracheal_custom	32765
tracheal_custom	47082
tracheal_custom	43259
tracheal_custom	41631
tracheal_custom	35690
tracheal_custom	35677
tracheal_custom	36011
tracheal_custom	53578
tracheal_custom	31792
tracheal_custom	40640
tracheal_custom	37856
tracheal_custom	35308
tracheal_custom	39818
tracheal_custom	34730
tracheal_custom	33112
tracheal_custom	34811
tracheal_custom	34809
tracheal_custom	39648
tracheal_custom	39687
tracheal_custom	33474
tracheal_custom	38067
tracheal_custom	33022
tracheal_custom	42723
tracheal_custom	42721
tracheal_custom	34485
tracheal_custom	33346
tracheal_custom	34646
tracheal_custom	33518
tracheal_custom	33509
tracheal_custom	42463
tracheal_custom	38639
tracheal_custom	32094
tracheal_custom	32095
tracheal_custom	35207
tracheal_custom	35182
tracheal_custom	33141
tracheal_custom	33354
tracheal_custom	32275
tracheal_custom	36001
tracheal_custom	38407
tracheal_custom	37131
tracheal_custom	42879
tracheal_custom	42267
tracheal_custom	31810
tracheal_custom	35002
tracheal_custom	35005
tracheal_custom	40780
tracheal_custom	40345
tracheal_custom	3355116
tracheal_custom	43730
tracheal_custom	36773
tracheal_custom	30991
tracheal_custom	36486
tracheal_custom	33056
tracheal_custom	37422
tracheal_custom	36105
tracheal_custom	34775
tracheal_custom	49804
tracheal_custom	41538
tracheal_custom	48317
tracheal_custom	42201
tracheal_custom	32398
tracheal_custom	47764
tracheal_custom	35733
tracheal_custom	45285
tracheal_custom	44013
tracheal_custom	38241
tracheal_custom	38432
tracheal_custom	43747
tracheal_custom	32140
tracheal_custom	35953
tracheal_custom	43504
tracheal_custom	38231
tracheal_custom	40836
tracheal_custom	31925
tracheal_custom	40612
tracheal_custom	38346
tracheal_custom	40701
tracheal_custom	43767
tracheal_custom	35688
tracheal_custom	43745
tracheal_custom	32018
tracheal_custom	44087
tracheal_custom	40831
tracheal_custom	35417
tracheal_custom	31964
tracheal_custom	31740
tracheal_custom	43473
tracheal_custom	40819
tracheal_custom	40815
tracheal_custom	36118
tracheal_custom	35623
tracheal_custom	32122
tracheal_custom	32154
tracheal_custom	40861
tracheal_custom	47251
tracheal_custom	32203
tracheal_custom	32201
tracheal_custom	40921
tracheal_custom	40649
tracheal_custom	45884
tracheal_custom	38009
tracheal_custom	37999
tracheal_custom	31271
tracheal_custom	37994
tracheal_custom	40946
tracheal_custom	40943
tracheal_custom	37801
tracheal_custom	33237
tracheal_custom	48572
tracheal_custom	33234
tracheal_custom	40935
tracheal_custom	31215
tracheal_custom	37968
tracheal_custom	33636
tracheal_custom	33027
tracheal_custom	41697
tracheal_custom	45922
tracheal_custom	45875
tracheal_custom	246397
tracheal_custom	246445
tracheal_custom	43997
tracheal_custom	36950
tracheal_custom	37119
tracheal_custom	37454
tracheal_custom	246528
tracheal_custom	246534
tracheal_custom	35885
tracheal_custom	35809
tracheal_custom	45382
tracheal_custom	37437
tracheal_custom	37986
tracheal_custom	246614
tracheal_custom	35496
tracheal_custom	35704
tracheal_custom	33495
tracheal_custom	37537
tracheal_custom	48571
tracheal_custom	326112
tracheal_custom	43586
tracheal_custom	43539
tracheal_custom	42975
tracheal_custom	318600
tracheal_custom	42784
tracheal_custom	41339
tracheal_custom	41770
tracheal_custom	41457
tracheal_custom	318681
tracheal_custom	43177
tracheal_custom	41178
tracheal_custom	41835
tracheal_custom	31617
tracheal_custom	261629
tracheal_custom	41470
tracheal_custom	41392
tracheal_custom	40826
tracheal_custom	33498
tracheal_custom	318776
tracheal_custom	326148
tracheal_custom	41710
tracheal_custom	44307
tracheal_custom	35427
tracheal_custom	33986
tracheal_custom	33171
tracheal_custom	140439
tracheal_custom	34894
tracheal_custom	35118
tracheal_custom	34652
tracheal_custom	10178782
tracheal_custom	318955
tracheal_custom	318957
tracheal_custom	34463
tracheal_custom	33158
tracheal_custom	38990
tracheal_custom	39206
tracheal_custom	39368
tracheal_custom	45328
tracheal_custom	39537
tracheal_custom	39831
tracheal_custom	317894
tracheal_custom	39978
tracheal_custom	40150
tracheal_custom	38578
tracheal_custom	31600
tracheal_custom	3772569
tracheal_custom	3772375
tracheal_custom	251645
tracheal_custom	38382
tracheal_custom	317952
tracheal_custom	38293
tracheal_custom	46719
tracheal_custom	326208
tracheal_custom	45879
tracheal_custom	318014
tracheal_custom	40412
tracheal_custom	40495
tracheal_custom	45467
tracheal_custom	41636
tracheal_custom	43174
tracheal_custom	33562
tracheal_custom	31309
tracheal_custom	33144
tracheal_custom	32826
tracheal_custom	32352
tracheal_custom	32312
tracheal_custom	32174
tracheal_custom	31980
tracheal_custom	31933
tracheal_custom	326234
tracheal_custom	44861
tracheal_custom	35454
tracheal_custom	31229
tracheal_custom	31717
tracheal_custom	39625
tracheal_custom	41931
tracheal_custom	41177
tracheal_custom	50068
tracheal_custom	34514
tracheal_custom	37867
tracheal_custom	36073
tracheal_custom	318824
tracheal_custom	117331
tracheal_custom	32483
tracheal_custom	2768859
tracheal_custom	2768889
tracheal_custom	2768960
tracheal_custom	2768981
tracheal_custom	2768948
tracheal_custom	37871
tracheal_custom	38083
tracheal_custom	2768831
tracheal_custom	2768670
tracheal_custom	3346176
tracheal_custom	3346177
tracheal_custom	33627
tracheal_custom	41455
tracheal_custom	33263
tracheal_custom	49968
tracheal_custom	3771728
tracheal_custom	3772560
tracheal_custom	43294
tracheal_custom	37884
tracheal_custom	37887
tracheal_custom	39572
tracheal_custom	2768685
tracheal_custom	37890
tracheal_custom	42504
tracheal_custom	5740195
tracheal_custom	39106
tracheal_custom	35107
tracheal_custom	35904
tracheal_custom	41217
tracheal_custom	5740472
tracheal_custom	42715
tracheal_custom	36592
tracheal_custom	5740788
tracheal_custom	5740131
tracheal_custom	5740547
tracheal_custom	31195
tracheal_custom	34850
tracheal_custom	34881
tracheal_custom	37618
tracheal_custom	33434
tracheal_custom	31382
tracheal_custom	50392
tracheal_custom	42493
tracheal_custom	42313
tracheal_custom	37557
tracheal_custom	31189
tracheal_custom	31052
tracheal_custom	42490
tracheal_custom	37386
tracheal_custom	49297
tracheal_custom	47942
tracheal_custom	30979
tracheal_custom	34263
tracheal_custom	31560
tracheal_custom	33715
tracheal_custom	37823
tracheal_custom	36424
tracheal_custom	39939
tracheal_custom	34927
tracheal_custom	41226
tracheal_custom	33604
tracheal_custom	33265
tracheal_custom	39862
tracheal_custom	34908
tracheal_custom	33610
tracheal_custom	32228
tracheal_custom	36444
tracheal_custom	34294
tracheal_custom	3355016
tracheal_custom	34296
tracheal_custom	34300
tracheal_custom	33210
tracheal_custom	34302
tracheal_custom	31176
tracheal_custom	37757
tracheal_custom	42449
tracheal_custom	40045
tracheal_custom	41300
tracheal_custom	37751
tracheal_custom	31490
tracheal_custom	41499
tracheal_custom	39843
tracheal_custom	30998
tracheal_custom	39841
tracheal_custom	5740294
tracheal_custom	33220
tracheal_custom	34966
tracheal_custom	34844
tracheal_custom	42632
tracheal_custom	33275
tracheal_custom	39145
tracheal_custom	32898
tracheal_custom	44297
tracheal_custom	37038
tracheal_custom	36473
tracheal_custom	42948
tracheal_custom	7354421
tracheal_custom	42299
tracheal_custom	7354376
tracheal_custom	8673992
tracheal_custom	53567
tracheal_custom	42428
tracheal_custom	38558
tracheal_custom	39004
tracheal_custom	8674036
tracheal_custom	34896
tracheal_custom	40153
tracheal_custom	39809
tracheal_custom	31136
tracheal_custom	44258
tracheal_custom	39111
tracheal_custom	39889
tracheal_custom	36609
tracheal_custom	39453
tracheal_custom	31438
tracheal_custom	33268
tracheal_custom	3771968
tracheal_custom	31171
tracheal_custom	34179
tracheal_custom	38065
tracheal_custom	31001
tracheal_custom	44154
tracheal_custom	38895
tracheal_custom	41062
tracheal_custom	3772015
tracheal_custom	37830
tracheal_custom	246515
tracheal_custom	12798140
tracheal_custom	35519
tracheal_custom	318843
tracheal_custom	44448
tracheal_custom	40583
tracheal_custom	37889
tracheal_custom	34287
tracheal_custom	44380
tracheal_custom	39231
tracheal_custom	35277
tracheal_custom	38810
tracheal_custom	14462836
tracheal_custom	37486
tracheal_custom	35284
tracheal_custom	2768995
tracheal_custom	42215
tracheal_custom	14462485
tracheal_custom	3346167
tracheal_custom	42742
tracheal_custom	37657
tracheal_custom	19835865
tracheal_custom	33282
tracheal_custom	32303
tracheal_custom	50458
tracheal_custom	37573
tracheal_custom	35627
tracheal_custom	42380
tracheal_custom	38815
tracheal_custom	39077
tracheal_custom	39055
tracheal_custom	34847
tracheal_custom	32285
tracheal_custom	37741
tracheal_custom	42676
tracheal_custom	19836116
tracheal_custom	19835504
tracheal_custom	33861
tracheal_custom	19834937
tracheal_custom	41305
tracheal_custom	39833
tracheal_custom	33289
tracheal_custom	26067052
tracheal_custom	31646
tracheal_custom	34313
tracheal_custom	42356
tracheal_custom	26067068
tracheal_custom	26067077
tracheal_custom	26067078
tracheal_custom	246653
tracheal_custom	36461
tracheal_custom	31541
tracheal_custom	36464
tracheal_custom	32652
tracheal_custom	37931
tracheal_custom	41472
tracheal_custom	40287
tracheal_custom	43095
tracheal_custom	34330
tracheal_custom	33292
tracheal_custom	39820
tracheal_custom	40285
tracheal_custom	34336
tracheal_custom	36953
tracheal_custom	34338
tracheal_custom	41479
tracheal_custom	37949
tracheal_custom	41347
tracheal_custom	34568
tracheal_custom	34363
tracheal_custom	39597
tracheal_custom	34570
tracheal_custom	31359
tracheal_custom	39017
tracheal_custom	37025
tracheal_custom	39025
tracheal_custom	37036
tracheal_custom	39028
tracheal_custom	39624
tracheal_custom	40271
tracheal_custom	38633
tracheal_custom	37116
tracheal_custom	42063
tracheal_custom	34427
tracheal_custom	39619
tracheal_custom	37121
tracheal_custom	39038
tracheal_custom	41528
tracheal_custom	42672
tracheal_custom	38638
tracheal_custom	44005
tracheal_custom	42658
tracheal_custom	42079
tracheal_custom	39611
tracheal_custom	37142
tracheal_custom	37143
tracheal_custom	45784
tracheal_custom	37729
tracheal_custom	34392
tracheal_custom	42649
tracheal_custom	42618
tracheal_custom	37734
tracheal_custom	33313
tracheal_custom	42439
tracheal_custom	39995
tracheal_custom	37139
tracheal_custom	43352
tracheal_custom	38655
tracheal_custom	37785
tracheal_custom	43325
tracheal_custom	37800
tracheal_custom	43323
tracheal_custom	40241
tracheal_custom	39382
tracheal_custom	40372
tracheal_custom	43310
tracheal_custom	37066
tracheal_custom	43991
tracheal_custom	42885
tracheal_custom	42899
tracheal_custom	37080
tracheal_custom	44703
tracheal_custom	35097
tracheal_custom	44790
tracheal_custom	42296
tracheal_custom	42100
tracheal_custom	34314
tracheal_custom	39570
tracheal_custom	43273
tracheal_custom	31547
tracheal_custom	39336
tracheal_custom	34985
tracheal_custom	38989
tracheal_custom	40270
tracheal_custom	42292
tracheal_custom	43271
tracheal_custom	34027
tracheal_custom	43155
tracheal_custom	41884
tracheal_custom	43127
tracheal_custom	41967
tracheal_custom	42862
tracheal_custom	41569
tracheal_custom	39720
tracheal_custom	41870
tracheal_custom	41864
tracheal_custom	39262
tracheal_custom	47137
tracheal_custom	41863
tracheal_custom	32820
tracheal_custom	34546
tracheal_custom	34548
tracheal_custom	39233
tracheal_custom	43234
tracheal_custom	32831
tracheal_custom	42894
tracheal_custom	42595
tracheal_custom	34658
tracheal_custom	39218
tracheal_custom	39936
tracheal_custom	34569
tracheal_custom	34571
tracheal_custom	36989
tracheal_custom	38998
tracheal_custom	32849
tracheal_custom	35054
tracheal_custom	42580
tracheal_custom	41837
tracheal_custom	34749
tracheal_custom	32857
tracheal_custom	34647
tracheal_custom	34636
tracheal_custom	35051
tracheal_custom	44135
tracheal_custom	38694
tracheal_custom	35047
tracheal_custom	42934
tracheal_custom	36546
tracheal_custom	42937
tracheal_custom	42564
tracheal_custom	42985
tracheal_custom	34614
tracheal_custom	36150
tracheal_custom	45460
tracheal_custom	35045
tracheal_custom	32858
tracheal_custom	44679
tracheal_custom	38978
tracheal_custom	40487
tracheal_custom	32778
tracheal_custom	40052
tracheal_custom	35041
tracheal_custom	31425
tracheal_custom	42657
tracheal_custom	39367
tracheal_custom	42662
tracheal_custom	38708
tracheal_custom	41438
tracheal_custom	42962
tracheal_custom	42963
tracheal_custom	41983
tracheal_custom	42702
tracheal_custom	31841
tracheal_custom	38023
tracheal_custom	42615
tracheal_custom	42609
tracheal_custom	33402
tracheal_custom	32876
tracheal_custom	34059
tracheal_custom	40378
tracheal_custom	37206
tracheal_custom	33796
tracheal_custom	43973
tracheal_custom	39314
tracheal_custom	33367
tracheal_custom	31030
tracheal_custom	34094
tracheal_custom	40428
tracheal_custom	40433
tracheal_custom	42347
tracheal_custom	34445
tracheal_custom	38540
tracheal_custom	39682
tracheal_custom	34442
tracheal_custom	37217
tracheal_custom	40444
tracheal_custom	39284
tracheal_custom	40970
tracheal_custom	32902
tracheal_custom	43479
tracheal_custom	34882
tracheal_custom	40388
tracheal_custom	42115
tracheal_custom	36135
tracheal_custom	40189
tracheal_custom	42211
tracheal_custom	42242
tracheal_custom	42139
tracheal_custom	39918
tracheal_custom	43005
tracheal_custom	34134
tracheal_custom	32493
tracheal_custom	32912
tracheal_custom	39232
tracheal_custom	38199
tracheal_custom	38214
tracheal_custom	42183
tracheal_custom	36829
tracheal_custom	38224
tracheal_custom	32921
tracheal_custom	35941
tracheal_custom	34132
tracheal_custom	35930
tracheal_custom	35920
tracheal_custom	36865
tracheal_custom	35905
tracheal_custom	36717
tracheal_custom	44702
tracheal_custom	44095
tracheal_custom	36730
tracheal_custom	35902
tracheal_custom	35897
tracheal_custom	35892
tracheal_custom	35891
tracheal_custom	32520
tracheal_custom	36741
tracheal_custom	38883
tracheal_custom	41161
tracheal_custom	36858
tracheal_custom	39130
tracheal_custom	41163
tracheal_custom	36759
tracheal_custom	36288
tracheal_custom	34123
tracheal_custom	34122
tracheal_custom	40167
tracheal_custom	36849
tracheal_custom	36762
tracheal_custom	36763
tracheal_custom	36775
tracheal_custom	36782
tracheal_custom	36789
tracheal_custom	41623
tracheal_custom	36337
tracheal_custom	36351
tracheal_custom	36353
tracheal_custom	41747
tracheal_custom	36365
tracheal_custom	34109
tracheal_custom	38830
tracheal_custom	32728
tracheal_custom	41740
tracheal_custom	38819
tracheal_custom	36378
tracheal_custom	37272
tracheal_custom	38807
tracheal_custom	41629
tracheal_custom	37275
tracheal_custom	35825
tracheal_custom	35793
tracheal_custom	35792
tracheal_custom	35773
tracheal_custom	40161
tracheal_custom	36409
tracheal_custom	36395
tracheal_custom	33569
tracheal_custom	36927
tracheal_custom	33814
tracheal_custom	36280
tracheal_custom	42029
tracheal_custom	36243
tracheal_custom	36242
tracheal_custom	32539
tracheal_custom	31849
tracheal_custom	45680
tracheal_custom	37299
tracheal_custom	36196
tracheal_custom	32683
tracheal_custom	38121
tracheal_custom	38137
tracheal_custom	37296
tracheal_custom	33807
tracheal_custom	33862
tracheal_custom	38150
tracheal_custom	38134
tracheal_custom	37290
tracheal_custom	39588
tracheal_custom	35386
tracheal_custom	35379
tracheal_custom	35376
tracheal_custom	40128
tracheal_custom	34750
tracheal_custom	41687
tracheal_custom	35335
tracheal_custom	35343
tracheal_custom	35355
tracheal_custom	35357
tracheal_custom	32130
tracheal_custom	37997
tracheal_custom	45368
tracheal_custom	40137
tracheal_custom	35555
tracheal_custom	44226
tracheal_custom	40117
tracheal_custom	34206
tracheal_custom	32424
tracheal_custom	33903
tracheal_custom	33905
tracheal_custom	33908
tracheal_custom	33019
tracheal_custom	41907
tracheal_custom	32665
tracheal_custom	40104
tracheal_custom	39593
tracheal_custom	40095
tracheal_custom	31665
tracheal_custom	40962
tracheal_custom	39897
tracheal_custom	31922
tracheal_custom	31923
tracheal_custom	39873
tracheal_custom	39876
tracheal_custom	41019
tracheal_custom	43636
tracheal_custom	43593
tracheal_custom	43591
tracheal_custom	41094
tracheal_custom	39388
tracheal_custom	40549
tracheal_custom	41650
tracheal_custom	41647
tracheal_custom	40562
tracheal_custom	37709
tracheal_custom	37668
tracheal_custom	37662
tracheal_custom	47874
tracheal_custom	45396
tracheal_custom	32617
tracheal_custom	32612
tracheal_custom	38350
tracheal_custom	43391
tracheal_custom	8673968
tracheal_custom	10178800
tracheal_custom	10178917
tracheal_custom	12797870
tracheal_custom	40833
tracheal_custom	33392
tracheal_custom	31151
tracheal_custom	43739
tracheal_custom	45278
tracheal_custom	33432
tracheal_custom	38091
tracheal_custom	45307
tracheal_custom	38995
tracheal_custom	41032
tracheal_custom	33782
tracheal_custom	48971
tracheal_custom	42757
tracheal_custom	41772
tracheal_custom	44855
tracheal_custom	44856
tracheal_custom	33281
tracheal_custom	42162
tracheal_custom	37455
tracheal_custom	35851
tracheal_custom	32115
tracheal_custom	42737
tracheal_custom	31293
tracheal_custom	32818
tracheal_custom	35253
tracheal_custom	43604
tracheal_custom	39491
tracheal_custom	46187
tracheal_custom	33529
tracheal_custom	31101
tracheal_custom	36542
tracheal_custom	38424
tracheal_custom	35942
tracheal_custom	33953
tracheal_custom	40090
tracheal_custom	33470
tracheal_custom	38736
tracheal_custom	34843
tracheal_custom	37929
tracheal_custom	38976
tracheal_custom	37034
tracheal_custom	34505
tracheal_custom	43228
tracheal_custom	43717
tracheal_custom	36084
tracheal_custom	42496
tracheal_custom	38516
tracheal_custom	53433
tracheal_custom	39596
tracheal_custom	32976
tracheal_custom	38338
tracheal_custom	43769
tracheal_custom	7354381
tracheal_custom	7354378
tracheal_custom	7354377
tracheal_custom	42327
tracheal_custom	40704
tracheal_custom	32056
tracheal_custom	40149
tracheal_custom	38760
tracheal_custom	43856
tracheal_custom	48973
tracheal_custom	36746
tracheal_custom	35007
tracheal_custom	35524
tracheal_custom	43580
tracheal_custom	41451
tracheal_custom	37368
tracheal_custom	38756
tracheal_custom	37465
tracheal_custom	40792
tracheal_custom	42809
tracheal_custom	36668
tracheal_custom	35104
tracheal_custom	42037
tracheal_custom	40830
tracheal_custom	42034
tracheal_custom	35168
tracheal_custom	39429
tracheal_custom	40332
tracheal_custom	38433
tracheal_custom	35158
tracheal_custom	39436
tracheal_custom	40850
tracheal_custom	35200
tracheal_custom	31707
tracheal_custom	41670
tracheal_custom	43823
tracheal_custom	50286
tracheal_custom	43824
tracheal_custom	33930
tracheal_custom	40514
tracheal_custom	37337
tracheal_custom	35662
tracheal_custom	32321
tracheal_custom	40414
tracheal_custom	39476
tracheal_custom	38469
tracheal_custom	37355
tracheal_custom	44505
tracheal_custom	41491
tracheal_custom	43469
tracheal_custom	33196
tracheal_custom	44843
tracheal_custom	38456
tracheal_custom	48312
tracheal_custom	39293
tracheal_custom	33227
tracheal_custom	33003
tracheal_custom	37205
tracheal_custom	44548
tracheal_custom	31802
tracheal_custom	42379
tracheal_custom	39228
tracheal_custom	32780
tracheal_custom	44510
tracheal_custom	38389
tracheal_custom	37641
tracheal_custom	36109
tracheal_custom	32644
tracheal_custom	34405
tracheal_custom	43650
tracheal_custom	38730
tracheal_custom	31328
tracheal_custom	30972
tracheal_custom	31913
tracheal_custom	39676
tracheal_custom	37521
tracheal_custom	42890
tracheal_custom	35694
tracheal_custom	35430
tracheal_custom	33991
tracheal_custom	44786
tracheal_custom	38203
tracheal_custom	38222
tracheal_custom	43466
tracheal_custom	33267
tracheal_custom	44072
tracheal_custom	31220
tracheal_custom	39909
tracheal_custom	40046
tracheal_custom	39465
tracheal_custom	39151
tracheal_custom	39149
tracheal_custom	32955
tracheal_custom	32968
tracheal_custom	53448
tracheal_custom	36032
tracheal_custom	33339
tracheal_custom	31611
tracheal_custom	49953
tracheal_custom	44266
tracheal_custom	43152
tracheal_custom	41289
tracheal_custom	41297
tracheal_custom	41275
tracheal_custom	41432
tracheal_custom	38513
tracheal_custom	32801
tracheal_custom	33650
tracheal_custom	45280
tracheal_custom	33607
tracheal_custom	46194
tracheal_custom	32009
tracheal_custom	41651
tracheal_custom	41273
tracheal_custom	38072
tracheal_custom	41363
tracheal_custom	35180
tracheal_custom	43693
tracheal_custom	35540
tracheal_custom	33351
tracheal_custom	35340
tracheal_custom	3355136
tracheal_custom	35652
tracheal_custom	45588
tracheal_custom	34996
tracheal_custom	37480
tracheal_custom	33245
tracheal_custom	37481
tracheal_custom	31773
tracheal_custom	44275
tracheal_custom	43828
tracheal_custom	43488
tracheal_custom	35991
tracheal_custom	48632
tracheal_custom	44205
tracheal_custom	34080
tracheal_custom	59178
tracheal_custom	43804
tracheal_custom	43741
tracheal_custom	40848
tracheal_custom	32057
tracheal_custom	43501
tracheal_custom	40724
tracheal_custom	35418
tracheal_custom	40616
tracheal_custom	33172
tracheal_custom	37591
tracheal_custom	33471
tracheal_custom	31217
tracheal_custom	31339
tracheal_custom	33608
tracheal_custom	43841
tracheal_custom	36924
tracheal_custom	33638
tracheal_custom	50225
tracheal_custom	39620
tracheal_custom	43528
tracheal_custom	43654
tracheal_custom	43300
tracheal_custom	30975
tracheal_custom	42665
tracheal_custom	46155
tracheal_custom	318658
tracheal_custom	35480
tracheal_custom	34453
tracheal_custom	318959
tracheal_custom	35563
tracheal_custom	34530
tracheal_custom	39041
tracheal_custom	39198
tracheal_custom	39564
tracheal_custom	39561
tracheal_custom	40171
tracheal_custom	38438
tracheal_custom	38605
tracheal_custom	30985
tracheal_custom	32430
tracheal_custom	32097
tracheal_custom	32005
tracheal_custom	31089
tracheal_custom	44097
tracheal_custom	47283
tracheal_custom	40504
tracheal_custom	36945
tracheal_custom	42524
tracheal_custom	41899
tracheal_custom	2768992
tracheal_custom	42521
tracheal_custom	37873
tracheal_custom	2768719
tracheal_custom	39623
tracheal_custom	3346238
tracheal_custom	3772082
tracheal_custom	39621
tracheal_custom	3885610
tracheal_custom	39107
tracheal_custom	5740440
tracheal_custom	5740715
tracheal_custom	33995
tracheal_custom	5740323
tracheal_custom	41749
tracheal_custom	5740462
tracheal_custom	37695
tracheal_custom	31379
tracheal_custom	31071
tracheal_custom	45827
tracheal_custom	33643
tracheal_custom	31056
tracheal_custom	31364
tracheal_custom	31373
tracheal_custom	37646
tracheal_custom	40056
tracheal_custom	31596
tracheal_custom	3354861
tracheal_custom	31521
tracheal_custom	33218
tracheal_custom	32133
tracheal_custom	48782
tracheal_custom	34906
tracheal_custom	34885
tracheal_custom	41935
tracheal_custom	39583
tracheal_custom	7354398
tracheal_custom	34665
tracheal_custom	40620
tracheal_custom	43787
tracheal_custom	32183
tracheal_custom	7354466
tracheal_custom	34987
tracheal_custom	44653
tracheal_custom	37841
tracheal_custom	5740320
tracheal_custom	8674055
tracheal_custom	31000
tracheal_custom	41840
tracheal_custom	31826
tracheal_custom	43946
tracheal_custom	38732
tracheal_custom	35442
tracheal_custom	10178814
tracheal_custom	41844
tracheal_custom	39403
tracheal_custom	250811
tracheal_custom	53560
tracheal_custom	41958
tracheal_custom	31168
tracheal_custom	32158
tracheal_custom	31935
tracheal_custom	38347
tracheal_custom	32028
tracheal_custom	32729
tracheal_custom	3771905
tracheal_custom	45840
tracheal_custom	39527
tracheal_custom	32889
tracheal_custom	34560
tracheal_custom	32245
tracheal_custom	34032
tracheal_custom	40608
tracheal_custom	31831
tracheal_custom	39078
tracheal_custom	33981
tracheal_custom	38306
tracheal_custom	41917
tracheal_custom	39826
tracheal_custom	38593
tracheal_custom	42717
tracheal_custom	36846
tracheal_custom	39049
tracheal_custom	36491
tracheal_custom	41852
tracheal_custom	43096
tracheal_custom	32703
tracheal_custom	43087
tracheal_custom	42059
tracheal_custom	31017
tracheal_custom	41373
tracheal_custom	34426
tracheal_custom	39629
tracheal_custom	42436
tracheal_custom	39768
tracheal_custom	44522
tracheal_custom	43217
tracheal_custom	43222
tracheal_custom	43229
tracheal_custom	43354
tracheal_custom	40245
tracheal_custom	35066
tracheal_custom	44027
tracheal_custom	39377
tracheal_custom	64880
tracheal_custom	42889
tracheal_custom	40464
tracheal_custom	34976
tracheal_custom	37549
tracheal_custom	33736
tracheal_custom	34969
tracheal_custom	43125
tracheal_custom	34980
tracheal_custom	39976
tracheal_custom	42289
tracheal_custom	42291
tracheal_custom	39321
tracheal_custom	44438
tracheal_custom	43183
tracheal_custom	43165
tracheal_custom	41860
tracheal_custom	41558
tracheal_custom	36529
tracheal_custom	42893
tracheal_custom	42896
tracheal_custom	32761
tracheal_custom	37007
tracheal_custom	39215
tracheal_custom	37006
tracheal_custom	36967
tracheal_custom	41524
tracheal_custom	42571
tracheal_custom	34645
tracheal_custom	41342
tracheal_custom	45757
tracheal_custom	39152
tracheal_custom	43852
tracheal_custom	44437
tracheal_custom	31429
tracheal_custom	39387
tracheal_custom	32865
tracheal_custom	41434
tracheal_custom	41441
tracheal_custom	39651
tracheal_custom	38045
tracheal_custom	32872
tracheal_custom	35070
tracheal_custom	38937
tracheal_custom	39663
tracheal_custom	33781
tracheal_custom	39697
tracheal_custom	34095
tracheal_custom	38565
tracheal_custom	40383
tracheal_custom	44071
tracheal_custom	39270
tracheal_custom	43511
tracheal_custom	3772109
tracheal_custom	39935
tracheal_custom	42210
tracheal_custom	36171
tracheal_custom	40351
tracheal_custom	40177
tracheal_custom	40179
tracheal_custom	34137
tracheal_custom	38890
tracheal_custom	39217
tracheal_custom	32924
tracheal_custom	41027
tracheal_custom	36555
tracheal_custom	41113
tracheal_custom	36703
tracheal_custom	39150
tracheal_custom	32753
tracheal_custom	2768852
tracheal_custom	34127
tracheal_custom	35882
tracheal_custom	36747
tracheal_custom	36857
tracheal_custom	43153
tracheal_custom	43159
tracheal_custom	34120
tracheal_custom	34119
tracheal_custom	36306
tracheal_custom	36788
tracheal_custom	36793
tracheal_custom	41104
tracheal_custom	36329
tracheal_custom	36581
tracheal_custom	38831
tracheal_custom	35853
tracheal_custom	35846
tracheal_custom	32721
tracheal_custom	35405
tracheal_custom	35398
tracheal_custom	33744
tracheal_custom	35801
tracheal_custom	35924
tracheal_custom	40143
tracheal_custom	34805
tracheal_custom	36310
tracheal_custom	41938
tracheal_custom	37277
tracheal_custom	37304
tracheal_custom	36270
tracheal_custom	32548
tracheal_custom	44254
tracheal_custom	31842
tracheal_custom	33850
tracheal_custom	33983
tracheal_custom	38145
tracheal_custom	38152
tracheal_custom	37254
tracheal_custom	37238
tracheal_custom	47998
tracheal_custom	41162
tracheal_custom	41166
tracheal_custom	32406
tracheal_custom	33906
tracheal_custom	33834
tracheal_custom	33148
tracheal_custom	32661
tracheal_custom	32660
tracheal_custom	31660
tracheal_custom	41668
tracheal_custom	39878
tracheal_custom	39875
tracheal_custom	45399
tracheal_custom	37434
tracheal_custom	46260
tracheal_custom	40589
tracheal_custom	41058
tracheal_custom	37449
tracheal_custom	33462
tracheal_custom	32579
tracheal_custom	43906
tracheal_custom	37602
tracheal_custom	43385
tracheal_custom	35223
tracheal_custom	3772110
tracheal_custom	3772597
tracheal_custom	10178964
tracheal_custom	12798284
tracheal_custom	12798430
tracheal_custom	12798160
tracheal_custom	12798545
tracheal_custom	12797906
tracheal_custom	14462595
tracheal_custom	19834877
tracheal_custom	19835942
tracheal_custom	19834786
tracheal_custom	26067173
tracheal_custom	26067239
tracheal_custom	26067327
tracheal_custom	41503
tracheal_custom	38744
tracheal_custom	36632
tracheal_custom	42819
tracheal_custom	45318
tracheal_custom	33967
tracheal_custom	35225
tracheal_custom	40739
tracheal_custom	40835
tracheal_custom	42596
tracheal_custom	42027
tracheal_custom	33964
tracheal_custom	49505
tracheal_custom	38654
tracheal_custom	32544
tracheal_custom	38651
tracheal_custom	38634
tracheal_custom	34189
tracheal_custom	39441
tracheal_custom	35266
tracheal_custom	40664
tracheal_custom	38615
tracheal_custom	38613
tracheal_custom	38447
tracheal_custom	35151
tracheal_custom	44118
tracheal_custom	39430
tracheal_custom	49168
tracheal_custom	40508
tracheal_custom	39499
tracheal_custom	35197
tracheal_custom	44668
tracheal_custom	49090
tracheal_custom	36241
tracheal_custom	37214
tracheal_custom	44029
tracheal_custom	33918
tracheal_custom	33805
tracheal_custom	43827
tracheal_custom	44011
tracheal_custom	31778
tracheal_custom	33948
tracheal_custom	43648
tracheal_custom	38478
tracheal_custom	31813
tracheal_custom	40760
tracheal_custom	43724
tracheal_custom	33896
tracheal_custom	40761
tracheal_custom	43794
tracheal_custom	32471
tracheal_custom	36110
tracheal_custom	43000
tracheal_custom	35971
tracheal_custom	44643
tracheal_custom	41085
tracheal_custom	38446
tracheal_custom	38404
tracheal_custom	38436
tracheal_custom	35526
tracheal_custom	43694
tracheal_custom	43662
tracheal_custom	38177
tracheal_custom	38017
tracheal_custom	38028
tracheal_custom	32934
tracheal_custom	38047
tracheal_custom	32940
tracheal_custom	42077
tracheal_custom	40232
tracheal_custom	36133
tracheal_custom	41591
tracheal_custom	44391
tracheal_custom	38341
tracheal_custom	36673
tracheal_custom	36595
tracheal_custom	32981
tracheal_custom	41704
tracheal_custom	31843
tracheal_custom	48535
tracheal_custom	37769
tracheal_custom	53579
tracheal_custom	46662
tracheal_custom	41246
tracheal_custom	36089
tracheal_custom	32734
tracheal_custom	32684
tracheal_custom	32675
tracheal_custom	39776
tracheal_custom	34186
tracheal_custom	34242
tracheal_custom	38526
tracheal_custom	38302
tracheal_custom	35021
tracheal_custom	36538
tracheal_custom	36547
tracheal_custom	43862
tracheal_custom	37603
tracheal_custom	50133
tracheal_custom	42930
tracheal_custom	38195
tracheal_custom	33757
tracheal_custom	39512
tracheal_custom	40675
tracheal_custom	35426
tracheal_custom	36035
tracheal_custom	50363
tracheal_custom	32948
tracheal_custom	42195
tracheal_custom	32381
tracheal_custom	33131
tracheal_custom	31055
tracheal_custom	40529
tracheal_custom	41403
tracheal_custom	32169
tracheal_custom	34592
tracheal_custom	38406
tracheal_custom	38459
tracheal_custom	38485
tracheal_custom	38484
tracheal_custom	38542
tracheal_custom	46038
tracheal_custom	37175
tracheal_custom	37201
tracheal_custom	35037
tracheal_custom	49816
tracheal_custom	50417
tracheal_custom	43496
tracheal_custom	43541
tracheal_custom	38273
tracheal_custom	35687
tracheal_custom	31763
tracheal_custom	36009
tracheal_custom	43780
tracheal_custom	38315
tracheal_custom	41147
tracheal_custom	42531
tracheal_custom	36314
tracheal_custom	34824
tracheal_custom	41666
tracheal_custom	37960
tracheal_custom	31016
tracheal_custom	39736
tracheal_custom	38070
tracheal_custom	43788
tracheal_custom	43447
tracheal_custom	31976
tracheal_custom	34977
tracheal_custom	35507
tracheal_custom	44355
tracheal_custom	53428
tracheal_custom	3355143
tracheal_custom	4379911
tracheal_custom	36521
tracheal_custom	36059
tracheal_custom	39717
tracheal_custom	40517
tracheal_custom	37482
tracheal_custom	45928
tracheal_custom	39947
tracheal_custom	38180
tracheal_custom	42549
tracheal_custom	34192
tracheal_custom	47457
tracheal_custom	39633
tracheal_custom	37187
tracheal_custom	38370
tracheal_custom	41942
tracheal_custom	59151
tracheal_custom	59172
tracheal_custom	43481
tracheal_custom	40844
tracheal_custom	43428
tracheal_custom	32293
tracheal_custom	35950
tracheal_custom	40668
tracheal_custom	43582
tracheal_custom	43786
tracheal_custom	43587
tracheal_custom	36104
tracheal_custom	46415
tracheal_custom	43771
tracheal_custom	31722
tracheal_custom	40796
tracheal_custom	36040
tracheal_custom	32123
tracheal_custom	40904
tracheal_custom	33202
tracheal_custom	31979
tracheal_custom	31524
tracheal_custom	246487
tracheal_custom	246602
tracheal_custom	246627
tracheal_custom	43697
tracheal_custom	43620
tracheal_custom	42880
tracheal_custom	42687
tracheal_custom	42186
tracheal_custom	42148
tracheal_custom	33461
tracheal_custom	326141
tracheal_custom	33928
tracheal_custom	33863
tracheal_custom	33343
tracheal_custom	35265
tracheal_custom	34320
tracheal_custom	31474
tracheal_custom	43814
tracheal_custom	39235
tracheal_custom	38876
tracheal_custom	38845
tracheal_custom	38667
tracheal_custom	33083
tracheal_custom	33556
tracheal_custom	32743
tracheal_custom	64875
tracheal_custom	32425
tracheal_custom	35584
tracheal_custom	32001
tracheal_custom	31997
tracheal_custom	35577
tracheal_custom	31907
tracheal_custom	326237
tracheal_custom	31430
tracheal_custom	34237
tracheal_custom	35799
tracheal_custom	43872
tracheal_custom	33721
tracheal_custom	41225
tracheal_custom	2768836
tracheal_custom	3346141
tracheal_custom	3772382
tracheal_custom	41783
tracheal_custom	45233
tracheal_custom	38077
tracheal_custom	38106
tracheal_custom	19893533
tracheal_custom	19893535
tracheal_custom	19893540
tracheal_custom	19893542
tracheal_custom	19893551
tracheal_custom	19893555
tracheal_custom	37548
tracheal_custom	34353
tracheal_custom	35585
tracheal_custom	42638
tracheal_custom	50356
tracheal_custom	318206
tracheal_custom	31591
tracheal_custom	36076
tracheal_custom	33201
tracheal_custom	31376
tracheal_custom	33198
tracheal_custom	39083
tracheal_custom	33628
tracheal_custom	31187
tracheal_custom	34883
tracheal_custom	41800
tracheal_custom	37987
tracheal_custom	41805
tracheal_custom	31576
tracheal_custom	46020
tracheal_custom	33725
tracheal_custom	40059
tracheal_custom	39086
tracheal_custom	41944
tracheal_custom	3355155
tracheal_custom	3355123
tracheal_custom	32222
tracheal_custom	33727
tracheal_custom	39846
tracheal_custom	49424
tracheal_custom	34879
tracheal_custom	31173
tracheal_custom	32771
tracheal_custom	32233
tracheal_custom	37853
tracheal_custom	41836
tracheal_custom	8674066
tracheal_custom	41302
tracheal_custom	38863
tracheal_custom	41817
tracheal_custom	40017
tracheal_custom	41256
tracheal_custom	41843
tracheal_custom	31166
tracheal_custom	38131
tracheal_custom	14462714
tracheal_custom	36753
tracheal_custom	19836175
tracheal_custom	37419
tracheal_custom	49809
tracheal_custom	34245
tracheal_custom	34975
tracheal_custom	42747
tracheal_custom	39099
tracheal_custom	34822
tracheal_custom	42691
tracheal_custom	31620
tracheal_custom	34831
tracheal_custom	34529
tracheal_custom	34312
tracheal_custom	37914
tracheal_custom	26067080
tracheal_custom	34007
tracheal_custom	33288
tracheal_custom	44127
tracheal_custom	192507
tracheal_custom	32666
tracheal_custom	32672
tracheal_custom	41853
tracheal_custom	43359
tracheal_custom	34364
tracheal_custom	34384
tracheal_custom	43348
tracheal_custom	32701
tracheal_custom	44326
tracheal_custom	36860
tracheal_custom	33299
tracheal_custom	40009
tracheal_custom	44010
tracheal_custom	34017
tracheal_custom	42821
tracheal_custom	37798
tracheal_custom	34411
tracheal_custom	53444
tracheal_custom	42445
tracheal_custom	48844
tracheal_custom	37123
tracheal_custom	34674
tracheal_custom	37775
tracheal_custom	43319
tracheal_custom	40240
tracheal_custom	39386
tracheal_custom	49260
tracheal_custom	34370
tracheal_custom	44801
tracheal_custom	37542
tracheal_custom	42903
tracheal_custom	37065
tracheal_custom	42971
tracheal_custom	37562
tracheal_custom	40462
tracheal_custom	117369
tracheal_custom	42841
tracheal_custom	34022
tracheal_custom	33864
tracheal_custom	39325
tracheal_custom	42287
tracheal_custom	50459
tracheal_custom	45961
tracheal_custom	39271
tracheal_custom	39265
tracheal_custom	37528
tracheal_custom	39961
tracheal_custom	39237
tracheal_custom	43241
tracheal_custom	42891
tracheal_custom	41850
tracheal_custom	38986
tracheal_custom	43230
tracheal_custom	40459
tracheal_custom	32838
tracheal_custom	34474
tracheal_custom	42586
tracheal_custom	31350
tracheal_custom	39554
tracheal_custom	36956
tracheal_custom	39557
tracheal_custom	32850
tracheal_custom	34504
tracheal_custom	34500
tracheal_custom	42707
tracheal_custom	39168
tracheal_custom	34619
tracheal_custom	34621
tracheal_custom	3772232
tracheal_custom	39656
tracheal_custom	41423
tracheal_custom	41431
tracheal_custom	41816
tracheal_custom	53443
tracheal_custom	31405
tracheal_custom	38963
tracheal_custom	31838
tracheal_custom	32314
tracheal_custom	45959
tracheal_custom	42203
tracheal_custom	32792
tracheal_custom	34066
tracheal_custom	34772
tracheal_custom	44291
tracheal_custom	32794
tracheal_custom	34089
tracheal_custom	34470
tracheal_custom	34469
tracheal_custom	40001
tracheal_custom	38721
tracheal_custom	41785
tracheal_custom	39988
tracheal_custom	31022
tracheal_custom	40436
tracheal_custom	40987
tracheal_custom	40980
tracheal_custom	38590
tracheal_custom	38898
tracheal_custom	39954
tracheal_custom	43490
tracheal_custom	41602
tracheal_custom	43494
tracheal_custom	34956
tracheal_custom	31002
tracheal_custom	38372
tracheal_custom	40349
tracheal_custom	40176
tracheal_custom	48228
tracheal_custom	41776
tracheal_custom	39672
tracheal_custom	39916
tracheal_custom	38198
tracheal_custom	38206
tracheal_custom	38905
tracheal_custom	39204
tracheal_custom	41767
tracheal_custom	36685
tracheal_custom	39161
tracheal_custom	39999
tracheal_custom	36726
tracheal_custom	41151
tracheal_custom	35881
tracheal_custom	36271
tracheal_custom	36569
tracheal_custom	43151
tracheal_custom	43156
tracheal_custom	43160
tracheal_custom	43161
tracheal_custom	36571
tracheal_custom	43162
tracheal_custom	41097
tracheal_custom	36778
tracheal_custom	36308
tracheal_custom	36797
tracheal_custom	36347
tracheal_custom	32536
tracheal_custom	38824
tracheal_custom	38820
tracheal_custom	36390
tracheal_custom	31243
tracheal_custom	35397
tracheal_custom	35771
tracheal_custom	35963
tracheal_custom	41646
tracheal_custom	41118
tracheal_custom	36889
tracheal_custom	37306
tracheal_custom	32567
tracheal_custom	36283
tracheal_custom	34793
tracheal_custom	31848
tracheal_custom	32537
tracheal_custom	32541
tracheal_custom	32437
tracheal_custom	36195
tracheal_custom	33835
tracheal_custom	33837
tracheal_custom	33838
tracheal_custom	32447
tracheal_custom	45682
tracheal_custom	33847
tracheal_custom	33852
tracheal_custom	38154
tracheal_custom	38160
tracheal_custom	37237
tracheal_custom	35344
tracheal_custom	37402
tracheal_custom	41183
tracheal_custom	41168
tracheal_custom	40097
tracheal_custom	31239
tracheal_custom	41930
tracheal_custom	32636
tracheal_custom	41095
tracheal_custom	41656
tracheal_custom	32632
tracheal_custom	32627
tracheal_custom	46074
tracheal_custom	32593
tracheal_custom	32595
tracheal_custom	41708
tracheal_custom	34701
tracheal_custom	38342
tracheal_custom	32602
tracheal_custom	3771726
tracheal_custom	3772376
tracheal_custom	3772365
tracheal_custom	3771886
tracheal_custom	19893562
tracheal_custom	12798102
tracheal_custom	5740321
tracheal_custom	14462440
tracheal_custom	19835298
tracheal_custom	26067324
tracheal_custom	4379844
tracheal_custom	36864
tracheal_custom	33886
tracheal_custom	53554
tracheal_custom	36548
tracheal_custom	39297
tracheal_custom	41184
tracheal_custom	32746
tracheal_custom	36915
tracheal_custom	34903
tracheal_custom	34790
tracheal_custom	36383
tracheal_custom	34299
tracheal_custom	3885617
tracheal_custom	34291
tracheal_custom	37956
tracheal_custom	39480
tracheal_custom	36692
tracheal_custom	44885
tracheal_custom	35115
tracheal_custom	49165
tracheal_custom	35786
tracheal_custom	41887
tracheal_custom	47220
tracheal_custom	8674026
tracheal_custom	31193
tracheal_custom	43489
tracheal_custom	32805
tracheal_custom	33887
tracheal_custom	37566
tracheal_custom	32671
All_dm6_minus_tracheal	30970
All_dm6_minus_tracheal	30971
All_dm6_minus_tracheal	30973
All_dm6_minus_tracheal	30976
All_dm6_minus_tracheal	30977
All_dm6_minus_tracheal	30978
All_dm6_minus_tracheal	30980
All_dm6_minus_tracheal	30981
All_dm6_minus_tracheal	30982
All_dm6_minus_tracheal	30983
All_dm6_minus_tracheal	30984
All_dm6_minus_tracheal	30986
All_dm6_minus_tracheal	30988
All_dm6_minus_tracheal	30990
All_dm6_minus_tracheal	30994
All_dm6_minus_tracheal	30995
All_dm6_minus_tracheal	30996
All_dm6_minus_tracheal	31003
All_dm6_minus_tracheal	31004
All_dm6_minus_tracheal	31005
All_dm6_minus_tracheal	31006
All_dm6_minus_tracheal	31007
All_dm6_minus_tracheal	31009
All_dm6_minus_tracheal	31010
All_dm6_minus_tracheal	31011
All_dm6_minus_tracheal	31012
All_dm6_minus_tracheal	31013
All_dm6_minus_tracheal	31014
All_dm6_minus_tracheal	31015
All_dm6_minus_tracheal	31018
All_dm6_minus_tracheal	31019
All_dm6_minus_tracheal	31020
All_dm6_minus_tracheal	31021
All_dm6_minus_tracheal	31023
All_dm6_minus_tracheal	31025
All_dm6_minus_tracheal	31026
All_dm6_minus_tracheal	31027
All_dm6_minus_tracheal	31028
All_dm6_minus_tracheal	31029
All_dm6_minus_tracheal	31031
All_dm6_minus_tracheal	31032
All_dm6_minus_tracheal	31033
All_dm6_minus_tracheal	31036
All_dm6_minus_tracheal	31037
All_dm6_minus_tracheal	31038
All_dm6_minus_tracheal	31039
All_dm6_minus_tracheal	31043
All_dm6_minus_tracheal	31044
All_dm6_minus_tracheal	31045
All_dm6_minus_tracheal	31046
All_dm6_minus_tracheal	31047
All_dm6_minus_tracheal	31049
All_dm6_minus_tracheal	31050
All_dm6_minus_tracheal	31054
All_dm6_minus_tracheal	31057
All_dm6_minus_tracheal	31059
All_dm6_minus_tracheal	31060
All_dm6_minus_tracheal	31061
All_dm6_minus_tracheal	31062
All_dm6_minus_tracheal	31063
All_dm6_minus_tracheal	31064
All_dm6_minus_tracheal	31066
All_dm6_minus_tracheal	31067
All_dm6_minus_tracheal	31068
All_dm6_minus_tracheal	31069
All_dm6_minus_tracheal	31070
All_dm6_minus_tracheal	31072
All_dm6_minus_tracheal	31074
All_dm6_minus_tracheal	31079
All_dm6_minus_tracheal	31080
All_dm6_minus_tracheal	31081
All_dm6_minus_tracheal	31082
All_dm6_minus_tracheal	31084
All_dm6_minus_tracheal	31086
All_dm6_minus_tracheal	31090
All_dm6_minus_tracheal	31093
All_dm6_minus_tracheal	31094
All_dm6_minus_tracheal	31095
All_dm6_minus_tracheal	31096
All_dm6_minus_tracheal	31098
All_dm6_minus_tracheal	31099
All_dm6_minus_tracheal	31100
All_dm6_minus_tracheal	31102
All_dm6_minus_tracheal	31103
All_dm6_minus_tracheal	31104
All_dm6_minus_tracheal	31105
All_dm6_minus_tracheal	31106
All_dm6_minus_tracheal	31107
All_dm6_minus_tracheal	31109
All_dm6_minus_tracheal	31110
All_dm6_minus_tracheal	31111
All_dm6_minus_tracheal	31118
All_dm6_minus_tracheal	31119
All_dm6_minus_tracheal	31120
All_dm6_minus_tracheal	31121
All_dm6_minus_tracheal	31123
All_dm6_minus_tracheal	31124
All_dm6_minus_tracheal	31126
All_dm6_minus_tracheal	31127
All_dm6_minus_tracheal	31128
All_dm6_minus_tracheal	31129
All_dm6_minus_tracheal	31130
All_dm6_minus_tracheal	31131
All_dm6_minus_tracheal	31132
All_dm6_minus_tracheal	31137
All_dm6_minus_tracheal	31139
All_dm6_minus_tracheal	31140
All_dm6_minus_tracheal	31141
All_dm6_minus_tracheal	31142
All_dm6_minus_tracheal	31143
All_dm6_minus_tracheal	31144
All_dm6_minus_tracheal	31145
All_dm6_minus_tracheal	31146
All_dm6_minus_tracheal	31147
All_dm6_minus_tracheal	31148
All_dm6_minus_tracheal	31149
All_dm6_minus_tracheal	31150
All_dm6_minus_tracheal	31152
All_dm6_minus_tracheal	31153
All_dm6_minus_tracheal	31154
All_dm6_minus_tracheal	31155
All_dm6_minus_tracheal	31156
All_dm6_minus_tracheal	31157
All_dm6_minus_tracheal	31158
All_dm6_minus_tracheal	31160
All_dm6_minus_tracheal	31162
All_dm6_minus_tracheal	31163
All_dm6_minus_tracheal	31165
All_dm6_minus_tracheal	31167
All_dm6_minus_tracheal	31169
All_dm6_minus_tracheal	31170
All_dm6_minus_tracheal	31172
All_dm6_minus_tracheal	31174
All_dm6_minus_tracheal	31175
All_dm6_minus_tracheal	31177
All_dm6_minus_tracheal	31178
All_dm6_minus_tracheal	31179
All_dm6_minus_tracheal	31181
All_dm6_minus_tracheal	31184
All_dm6_minus_tracheal	31185
All_dm6_minus_tracheal	31186
All_dm6_minus_tracheal	31188
All_dm6_minus_tracheal	31190
All_dm6_minus_tracheal	31192
All_dm6_minus_tracheal	31194
All_dm6_minus_tracheal	31196
All_dm6_minus_tracheal	31197
All_dm6_minus_tracheal	31198
All_dm6_minus_tracheal	31200
All_dm6_minus_tracheal	31201
All_dm6_minus_tracheal	31203
All_dm6_minus_tracheal	31204
All_dm6_minus_tracheal	31205
All_dm6_minus_tracheal	31207
All_dm6_minus_tracheal	31208
All_dm6_minus_tracheal	31209
All_dm6_minus_tracheal	31210
All_dm6_minus_tracheal	31211
All_dm6_minus_tracheal	31212
All_dm6_minus_tracheal	31213
All_dm6_minus_tracheal	31214
All_dm6_minus_tracheal	31218
All_dm6_minus_tracheal	31219
All_dm6_minus_tracheal	31221
All_dm6_minus_tracheal	31222
All_dm6_minus_tracheal	31224
All_dm6_minus_tracheal	31226
All_dm6_minus_tracheal	31227
All_dm6_minus_tracheal	31228
All_dm6_minus_tracheal	31230
All_dm6_minus_tracheal	31234
All_dm6_minus_tracheal	31235
All_dm6_minus_tracheal	31236
All_dm6_minus_tracheal	31237
All_dm6_minus_tracheal	31240
All_dm6_minus_tracheal	31244
All_dm6_minus_tracheal	31245
All_dm6_minus_tracheal	31246
All_dm6_minus_tracheal	31247
All_dm6_minus_tracheal	31248
All_dm6_minus_tracheal	31249
All_dm6_minus_tracheal	31250
All_dm6_minus_tracheal	31251
All_dm6_minus_tracheal	31252
All_dm6_minus_tracheal	31253
All_dm6_minus_tracheal	31254
All_dm6_minus_tracheal	31255
All_dm6_minus_tracheal	31256
All_dm6_minus_tracheal	31257
All_dm6_minus_tracheal	31258
All_dm6_minus_tracheal	31259
All_dm6_minus_tracheal	31260
All_dm6_minus_tracheal	31261
All_dm6_minus_tracheal	31262
All_dm6_minus_tracheal	31263
All_dm6_minus_tracheal	31264
All_dm6_minus_tracheal	31265
All_dm6_minus_tracheal	31266
All_dm6_minus_tracheal	31267
All_dm6_minus_tracheal	31268
All_dm6_minus_tracheal	31269
All_dm6_minus_tracheal	31270
All_dm6_minus_tracheal	31272
All_dm6_minus_tracheal	31273
All_dm6_minus_tracheal	31274
All_dm6_minus_tracheal	31275
All_dm6_minus_tracheal	31276
All_dm6_minus_tracheal	31277
All_dm6_minus_tracheal	31278
All_dm6_minus_tracheal	31279
All_dm6_minus_tracheal	31280
All_dm6_minus_tracheal	31282
All_dm6_minus_tracheal	31283
All_dm6_minus_tracheal	31284
All_dm6_minus_tracheal	31285
All_dm6_minus_tracheal	31286
All_dm6_minus_tracheal	31287
All_dm6_minus_tracheal	31288
All_dm6_minus_tracheal	31289
All_dm6_minus_tracheal	31290
All_dm6_minus_tracheal	31291
All_dm6_minus_tracheal	31292
All_dm6_minus_tracheal	31294
All_dm6_minus_tracheal	31295
All_dm6_minus_tracheal	31297
All_dm6_minus_tracheal	31298
All_dm6_minus_tracheal	31299
All_dm6_minus_tracheal	31301
All_dm6_minus_tracheal	31303
All_dm6_minus_tracheal	31304
All_dm6_minus_tracheal	31308
All_dm6_minus_tracheal	31311
All_dm6_minus_tracheal	31312
All_dm6_minus_tracheal	31313
All_dm6_minus_tracheal	31314
All_dm6_minus_tracheal	31315
All_dm6_minus_tracheal	31317
All_dm6_minus_tracheal	31318
All_dm6_minus_tracheal	31319
All_dm6_minus_tracheal	31320
All_dm6_minus_tracheal	31321
All_dm6_minus_tracheal	31322
All_dm6_minus_tracheal	31323
All_dm6_minus_tracheal	31326
All_dm6_minus_tracheal	31329
All_dm6_minus_tracheal	31332
All_dm6_minus_tracheal	31335
All_dm6_minus_tracheal	31336
All_dm6_minus_tracheal	31338
All_dm6_minus_tracheal	31340
All_dm6_minus_tracheal	31341
All_dm6_minus_tracheal	31342
All_dm6_minus_tracheal	31344
All_dm6_minus_tracheal	31347
All_dm6_minus_tracheal	31348
All_dm6_minus_tracheal	31349
All_dm6_minus_tracheal	31351
All_dm6_minus_tracheal	31352
All_dm6_minus_tracheal	31353
All_dm6_minus_tracheal	31355
All_dm6_minus_tracheal	31356
All_dm6_minus_tracheal	31357
All_dm6_minus_tracheal	31358
All_dm6_minus_tracheal	31361
All_dm6_minus_tracheal	31362
All_dm6_minus_tracheal	31363
All_dm6_minus_tracheal	31365
All_dm6_minus_tracheal	31366
All_dm6_minus_tracheal	31367
All_dm6_minus_tracheal	31368
All_dm6_minus_tracheal	31369
All_dm6_minus_tracheal	31370
All_dm6_minus_tracheal	31371
All_dm6_minus_tracheal	31372
All_dm6_minus_tracheal	31374
All_dm6_minus_tracheal	31375
All_dm6_minus_tracheal	31377
All_dm6_minus_tracheal	31380
All_dm6_minus_tracheal	31381
All_dm6_minus_tracheal	31383
All_dm6_minus_tracheal	31384
All_dm6_minus_tracheal	31385
All_dm6_minus_tracheal	31386
All_dm6_minus_tracheal	31387
All_dm6_minus_tracheal	31389
All_dm6_minus_tracheal	31390
All_dm6_minus_tracheal	31392
All_dm6_minus_tracheal	31393
All_dm6_minus_tracheal	31394
All_dm6_minus_tracheal	31395
All_dm6_minus_tracheal	31396
All_dm6_minus_tracheal	31397
All_dm6_minus_tracheal	31398
All_dm6_minus_tracheal	31399
All_dm6_minus_tracheal	31401
All_dm6_minus_tracheal	31402
All_dm6_minus_tracheal	31404
All_dm6_minus_tracheal	31406
All_dm6_minus_tracheal	31407
All_dm6_minus_tracheal	31408
All_dm6_minus_tracheal	31409
All_dm6_minus_tracheal	31410
All_dm6_minus_tracheal	31411
All_dm6_minus_tracheal	31412
All_dm6_minus_tracheal	31413
All_dm6_minus_tracheal	31414
All_dm6_minus_tracheal	31415
All_dm6_minus_tracheal	31416
All_dm6_minus_tracheal	31419
All_dm6_minus_tracheal	31420
All_dm6_minus_tracheal	31422
All_dm6_minus_tracheal	31423
All_dm6_minus_tracheal	31424
All_dm6_minus_tracheal	31426
All_dm6_minus_tracheal	31427
All_dm6_minus_tracheal	31433
All_dm6_minus_tracheal	31434
All_dm6_minus_tracheal	31435
All_dm6_minus_tracheal	31439
All_dm6_minus_tracheal	31440
All_dm6_minus_tracheal	31441
All_dm6_minus_tracheal	31442
All_dm6_minus_tracheal	31443
All_dm6_minus_tracheal	31444
All_dm6_minus_tracheal	31445
All_dm6_minus_tracheal	31446
All_dm6_minus_tracheal	31447
All_dm6_minus_tracheal	31448
All_dm6_minus_tracheal	31449
All_dm6_minus_tracheal	31450
All_dm6_minus_tracheal	31451
All_dm6_minus_tracheal	31456
All_dm6_minus_tracheal	31457
All_dm6_minus_tracheal	31458
All_dm6_minus_tracheal	31459
All_dm6_minus_tracheal	31460
All_dm6_minus_tracheal	31461
All_dm6_minus_tracheal	31463
All_dm6_minus_tracheal	31464
All_dm6_minus_tracheal	31465
All_dm6_minus_tracheal	31466
All_dm6_minus_tracheal	31469
All_dm6_minus_tracheal	31470
All_dm6_minus_tracheal	31471
All_dm6_minus_tracheal	31472
All_dm6_minus_tracheal	31473
All_dm6_minus_tracheal	31475
All_dm6_minus_tracheal	31480
All_dm6_minus_tracheal	31481
All_dm6_minus_tracheal	31483
All_dm6_minus_tracheal	31486
All_dm6_minus_tracheal	31487
All_dm6_minus_tracheal	31489
All_dm6_minus_tracheal	31491
All_dm6_minus_tracheal	31493
All_dm6_minus_tracheal	31494
All_dm6_minus_tracheal	31496
All_dm6_minus_tracheal	31497
All_dm6_minus_tracheal	31498
All_dm6_minus_tracheal	31499
All_dm6_minus_tracheal	31500
All_dm6_minus_tracheal	31503
All_dm6_minus_tracheal	31504
All_dm6_minus_tracheal	31506
All_dm6_minus_tracheal	31507
All_dm6_minus_tracheal	31508
All_dm6_minus_tracheal	31509
All_dm6_minus_tracheal	31510
All_dm6_minus_tracheal	31511
All_dm6_minus_tracheal	31512
All_dm6_minus_tracheal	31513
All_dm6_minus_tracheal	31515
All_dm6_minus_tracheal	31516
All_dm6_minus_tracheal	31517
All_dm6_minus_tracheal	31518
All_dm6_minus_tracheal	31519
All_dm6_minus_tracheal	31520
All_dm6_minus_tracheal	31522
All_dm6_minus_tracheal	31523
All_dm6_minus_tracheal	31525
All_dm6_minus_tracheal	31526
All_dm6_minus_tracheal	31527
All_dm6_minus_tracheal	31528
All_dm6_minus_tracheal	31529
All_dm6_minus_tracheal	31532
All_dm6_minus_tracheal	31533
All_dm6_minus_tracheal	31535
All_dm6_minus_tracheal	31536
All_dm6_minus_tracheal	31537
All_dm6_minus_tracheal	31538
All_dm6_minus_tracheal	31539
All_dm6_minus_tracheal	31540
All_dm6_minus_tracheal	31542
All_dm6_minus_tracheal	31543
All_dm6_minus_tracheal	31544
All_dm6_minus_tracheal	31550
All_dm6_minus_tracheal	31551
All_dm6_minus_tracheal	31552
All_dm6_minus_tracheal	31553
All_dm6_minus_tracheal	31554
All_dm6_minus_tracheal	31555
All_dm6_minus_tracheal	31556
All_dm6_minus_tracheal	31557
All_dm6_minus_tracheal	31558
All_dm6_minus_tracheal	31562
All_dm6_minus_tracheal	31564
All_dm6_minus_tracheal	31565
All_dm6_minus_tracheal	31566
All_dm6_minus_tracheal	31567
All_dm6_minus_tracheal	31568
All_dm6_minus_tracheal	31571
All_dm6_minus_tracheal	31572
All_dm6_minus_tracheal	31573
All_dm6_minus_tracheal	31574
All_dm6_minus_tracheal	31577
All_dm6_minus_tracheal	31578
All_dm6_minus_tracheal	31579
All_dm6_minus_tracheal	31580
All_dm6_minus_tracheal	31581
All_dm6_minus_tracheal	31582
All_dm6_minus_tracheal	31585
All_dm6_minus_tracheal	31586
All_dm6_minus_tracheal	31587
All_dm6_minus_tracheal	31588
All_dm6_minus_tracheal	31589
All_dm6_minus_tracheal	31592
All_dm6_minus_tracheal	31593
All_dm6_minus_tracheal	31594
All_dm6_minus_tracheal	31595
All_dm6_minus_tracheal	31597
All_dm6_minus_tracheal	31598
All_dm6_minus_tracheal	31601
All_dm6_minus_tracheal	31602
All_dm6_minus_tracheal	31603
All_dm6_minus_tracheal	31604
All_dm6_minus_tracheal	31605
All_dm6_minus_tracheal	31606
All_dm6_minus_tracheal	31607
All_dm6_minus_tracheal	31608
All_dm6_minus_tracheal	31609
All_dm6_minus_tracheal	31610
All_dm6_minus_tracheal	31612
All_dm6_minus_tracheal	31613
All_dm6_minus_tracheal	31614
All_dm6_minus_tracheal	31615
All_dm6_minus_tracheal	31618
All_dm6_minus_tracheal	31621
All_dm6_minus_tracheal	31622
All_dm6_minus_tracheal	31623
All_dm6_minus_tracheal	31624
All_dm6_minus_tracheal	31625
All_dm6_minus_tracheal	31626
All_dm6_minus_tracheal	31628
All_dm6_minus_tracheal	31629
All_dm6_minus_tracheal	31630
All_dm6_minus_tracheal	31631
All_dm6_minus_tracheal	31632
All_dm6_minus_tracheal	31638
All_dm6_minus_tracheal	31639
All_dm6_minus_tracheal	31641
All_dm6_minus_tracheal	31642
All_dm6_minus_tracheal	31645
All_dm6_minus_tracheal	31647
All_dm6_minus_tracheal	31648
All_dm6_minus_tracheal	31649
All_dm6_minus_tracheal	31650
All_dm6_minus_tracheal	31651
All_dm6_minus_tracheal	31652
All_dm6_minus_tracheal	31653
All_dm6_minus_tracheal	31656
All_dm6_minus_tracheal	31657
All_dm6_minus_tracheal	31658
All_dm6_minus_tracheal	31659
All_dm6_minus_tracheal	31661
All_dm6_minus_tracheal	31662
All_dm6_minus_tracheal	31663
All_dm6_minus_tracheal	31664
All_dm6_minus_tracheal	31666
All_dm6_minus_tracheal	31667
All_dm6_minus_tracheal	31668
All_dm6_minus_tracheal	31669
All_dm6_minus_tracheal	31670
All_dm6_minus_tracheal	31671
All_dm6_minus_tracheal	31672
All_dm6_minus_tracheal	31673
All_dm6_minus_tracheal	31674
All_dm6_minus_tracheal	31675
All_dm6_minus_tracheal	31676
All_dm6_minus_tracheal	31679
All_dm6_minus_tracheal	31680
All_dm6_minus_tracheal	31681
All_dm6_minus_tracheal	31682
All_dm6_minus_tracheal	31683
All_dm6_minus_tracheal	31684
All_dm6_minus_tracheal	31686
All_dm6_minus_tracheal	31687
All_dm6_minus_tracheal	31688
All_dm6_minus_tracheal	31689
All_dm6_minus_tracheal	31690
All_dm6_minus_tracheal	31691
All_dm6_minus_tracheal	31692
All_dm6_minus_tracheal	31694
All_dm6_minus_tracheal	31695
All_dm6_minus_tracheal	31696
All_dm6_minus_tracheal	31697
All_dm6_minus_tracheal	31700
All_dm6_minus_tracheal	31702
All_dm6_minus_tracheal	31704
All_dm6_minus_tracheal	31705
All_dm6_minus_tracheal	31706
All_dm6_minus_tracheal	31708
All_dm6_minus_tracheal	31712
All_dm6_minus_tracheal	31713
All_dm6_minus_tracheal	31714
All_dm6_minus_tracheal	31715
All_dm6_minus_tracheal	31716
All_dm6_minus_tracheal	31718
All_dm6_minus_tracheal	31720
All_dm6_minus_tracheal	31721
All_dm6_minus_tracheal	31724
All_dm6_minus_tracheal	31725
All_dm6_minus_tracheal	31726
All_dm6_minus_tracheal	31727
All_dm6_minus_tracheal	31728
All_dm6_minus_tracheal	31729
All_dm6_minus_tracheal	31731
All_dm6_minus_tracheal	31732
All_dm6_minus_tracheal	31733
All_dm6_minus_tracheal	31735
All_dm6_minus_tracheal	31736
All_dm6_minus_tracheal	31737
All_dm6_minus_tracheal	31738
All_dm6_minus_tracheal	31739
All_dm6_minus_tracheal	31741
All_dm6_minus_tracheal	31742
All_dm6_minus_tracheal	31743
All_dm6_minus_tracheal	31744
All_dm6_minus_tracheal	31745
All_dm6_minus_tracheal	31746
All_dm6_minus_tracheal	31747
All_dm6_minus_tracheal	31748
All_dm6_minus_tracheal	31749
All_dm6_minus_tracheal	31750
All_dm6_minus_tracheal	31751
All_dm6_minus_tracheal	31759
All_dm6_minus_tracheal	31760
All_dm6_minus_tracheal	31761
All_dm6_minus_tracheal	31762
All_dm6_minus_tracheal	31764
All_dm6_minus_tracheal	31765
All_dm6_minus_tracheal	31766
All_dm6_minus_tracheal	31767
All_dm6_minus_tracheal	31770
All_dm6_minus_tracheal	31771
All_dm6_minus_tracheal	31772
All_dm6_minus_tracheal	31775
All_dm6_minus_tracheal	31777
All_dm6_minus_tracheal	31779
All_dm6_minus_tracheal	31780
All_dm6_minus_tracheal	31781
All_dm6_minus_tracheal	31782
All_dm6_minus_tracheal	31785
All_dm6_minus_tracheal	31787
All_dm6_minus_tracheal	31788
All_dm6_minus_tracheal	31789
All_dm6_minus_tracheal	31791
All_dm6_minus_tracheal	31793
All_dm6_minus_tracheal	31794
All_dm6_minus_tracheal	31795
All_dm6_minus_tracheal	31796
All_dm6_minus_tracheal	31797
All_dm6_minus_tracheal	31798
All_dm6_minus_tracheal	31799
All_dm6_minus_tracheal	31800
All_dm6_minus_tracheal	31801
All_dm6_minus_tracheal	31803
All_dm6_minus_tracheal	31804
All_dm6_minus_tracheal	31805
All_dm6_minus_tracheal	31806
All_dm6_minus_tracheal	31807
All_dm6_minus_tracheal	31808
All_dm6_minus_tracheal	31809
All_dm6_minus_tracheal	31811
All_dm6_minus_tracheal	31812
All_dm6_minus_tracheal	31817
All_dm6_minus_tracheal	31818
All_dm6_minus_tracheal	31822
All_dm6_minus_tracheal	31824
All_dm6_minus_tracheal	31825
All_dm6_minus_tracheal	31829
All_dm6_minus_tracheal	31830
All_dm6_minus_tracheal	31833
All_dm6_minus_tracheal	31834
All_dm6_minus_tracheal	31835
All_dm6_minus_tracheal	31837
All_dm6_minus_tracheal	31839
All_dm6_minus_tracheal	31840
All_dm6_minus_tracheal	31844
All_dm6_minus_tracheal	31845
All_dm6_minus_tracheal	31846
All_dm6_minus_tracheal	31851
All_dm6_minus_tracheal	31853
All_dm6_minus_tracheal	31854
All_dm6_minus_tracheal	31855
All_dm6_minus_tracheal	31856
All_dm6_minus_tracheal	31857
All_dm6_minus_tracheal	31858
All_dm6_minus_tracheal	31859
All_dm6_minus_tracheal	31860
All_dm6_minus_tracheal	31861
All_dm6_minus_tracheal	31862
All_dm6_minus_tracheal	31863
All_dm6_minus_tracheal	31864
All_dm6_minus_tracheal	31865
All_dm6_minus_tracheal	31866
All_dm6_minus_tracheal	31867
All_dm6_minus_tracheal	31869
All_dm6_minus_tracheal	31872
All_dm6_minus_tracheal	31873
All_dm6_minus_tracheal	31874
All_dm6_minus_tracheal	31877
All_dm6_minus_tracheal	31879
All_dm6_minus_tracheal	31880
All_dm6_minus_tracheal	31881
All_dm6_minus_tracheal	31883
All_dm6_minus_tracheal	31887
All_dm6_minus_tracheal	31890
All_dm6_minus_tracheal	31896
All_dm6_minus_tracheal	31897
All_dm6_minus_tracheal	31898
All_dm6_minus_tracheal	31899
All_dm6_minus_tracheal	31902
All_dm6_minus_tracheal	31903
All_dm6_minus_tracheal	31904
All_dm6_minus_tracheal	31905
All_dm6_minus_tracheal	31909
All_dm6_minus_tracheal	31912
All_dm6_minus_tracheal	31914
All_dm6_minus_tracheal	31915
All_dm6_minus_tracheal	31917
All_dm6_minus_tracheal	31918
All_dm6_minus_tracheal	31919
All_dm6_minus_tracheal	31920
All_dm6_minus_tracheal	31921
All_dm6_minus_tracheal	31924
All_dm6_minus_tracheal	31926
All_dm6_minus_tracheal	31927
All_dm6_minus_tracheal	31928
All_dm6_minus_tracheal	31929
All_dm6_minus_tracheal	31934
All_dm6_minus_tracheal	31938
All_dm6_minus_tracheal	31939
All_dm6_minus_tracheal	31940
All_dm6_minus_tracheal	31942
All_dm6_minus_tracheal	31943
All_dm6_minus_tracheal	31944
All_dm6_minus_tracheal	31945
All_dm6_minus_tracheal	31947
All_dm6_minus_tracheal	31948
All_dm6_minus_tracheal	31949
All_dm6_minus_tracheal	31950
All_dm6_minus_tracheal	31952
All_dm6_minus_tracheal	31953
All_dm6_minus_tracheal	31954
All_dm6_minus_tracheal	31955
All_dm6_minus_tracheal	31957
All_dm6_minus_tracheal	31958
All_dm6_minus_tracheal	31960
All_dm6_minus_tracheal	31961
All_dm6_minus_tracheal	31962
All_dm6_minus_tracheal	31965
All_dm6_minus_tracheal	31966
All_dm6_minus_tracheal	31967
All_dm6_minus_tracheal	31970
All_dm6_minus_tracheal	31971
All_dm6_minus_tracheal	31973
All_dm6_minus_tracheal	31975
All_dm6_minus_tracheal	31977
All_dm6_minus_tracheal	31978
All_dm6_minus_tracheal	31986
All_dm6_minus_tracheal	31987
All_dm6_minus_tracheal	31988
All_dm6_minus_tracheal	31989
All_dm6_minus_tracheal	31990
All_dm6_minus_tracheal	31991
All_dm6_minus_tracheal	31993
All_dm6_minus_tracheal	31994
All_dm6_minus_tracheal	31995
All_dm6_minus_tracheal	31996
All_dm6_minus_tracheal	32000
All_dm6_minus_tracheal	32002
All_dm6_minus_tracheal	32006
All_dm6_minus_tracheal	32007
All_dm6_minus_tracheal	32008
All_dm6_minus_tracheal	32011
All_dm6_minus_tracheal	32013
All_dm6_minus_tracheal	32014
All_dm6_minus_tracheal	32015
All_dm6_minus_tracheal	32016
All_dm6_minus_tracheal	32017
All_dm6_minus_tracheal	32019
All_dm6_minus_tracheal	32020
All_dm6_minus_tracheal	32021
All_dm6_minus_tracheal	32022
All_dm6_minus_tracheal	32024
All_dm6_minus_tracheal	32026
All_dm6_minus_tracheal	32027
All_dm6_minus_tracheal	32029
All_dm6_minus_tracheal	32032
All_dm6_minus_tracheal	32033
All_dm6_minus_tracheal	32034
All_dm6_minus_tracheal	32035
All_dm6_minus_tracheal	32036
All_dm6_minus_tracheal	32037
All_dm6_minus_tracheal	32038
All_dm6_minus_tracheal	32039
All_dm6_minus_tracheal	32040
All_dm6_minus_tracheal	32041
All_dm6_minus_tracheal	32042
All_dm6_minus_tracheal	32043
All_dm6_minus_tracheal	32046
All_dm6_minus_tracheal	32047
All_dm6_minus_tracheal	32049
All_dm6_minus_tracheal	32050
All_dm6_minus_tracheal	32051
All_dm6_minus_tracheal	32052
All_dm6_minus_tracheal	32053
All_dm6_minus_tracheal	32055
All_dm6_minus_tracheal	32058
All_dm6_minus_tracheal	32059
All_dm6_minus_tracheal	32060
All_dm6_minus_tracheal	32062
All_dm6_minus_tracheal	32063
All_dm6_minus_tracheal	32065
All_dm6_minus_tracheal	32067
All_dm6_minus_tracheal	32068
All_dm6_minus_tracheal	32069
All_dm6_minus_tracheal	32070
All_dm6_minus_tracheal	32071
All_dm6_minus_tracheal	32072
All_dm6_minus_tracheal	32073
All_dm6_minus_tracheal	32074
All_dm6_minus_tracheal	32075
All_dm6_minus_tracheal	32076
All_dm6_minus_tracheal	32077
All_dm6_minus_tracheal	32078
All_dm6_minus_tracheal	32079
All_dm6_minus_tracheal	32080
All_dm6_minus_tracheal	32081
All_dm6_minus_tracheal	32083
All_dm6_minus_tracheal	32084
All_dm6_minus_tracheal	32085
All_dm6_minus_tracheal	32086
All_dm6_minus_tracheal	32087
All_dm6_minus_tracheal	32089
All_dm6_minus_tracheal	32090
All_dm6_minus_tracheal	32092
All_dm6_minus_tracheal	32093
All_dm6_minus_tracheal	32098
All_dm6_minus_tracheal	32099
All_dm6_minus_tracheal	32100
All_dm6_minus_tracheal	32101
All_dm6_minus_tracheal	32102
All_dm6_minus_tracheal	32103
All_dm6_minus_tracheal	32106
All_dm6_minus_tracheal	32107
All_dm6_minus_tracheal	32108
All_dm6_minus_tracheal	32109
All_dm6_minus_tracheal	32110
All_dm6_minus_tracheal	32111
All_dm6_minus_tracheal	32112
All_dm6_minus_tracheal	32113
All_dm6_minus_tracheal	32114
All_dm6_minus_tracheal	32116
All_dm6_minus_tracheal	32119
All_dm6_minus_tracheal	32120
All_dm6_minus_tracheal	32121
All_dm6_minus_tracheal	32124
All_dm6_minus_tracheal	32125
All_dm6_minus_tracheal	32126
All_dm6_minus_tracheal	32127
All_dm6_minus_tracheal	32128
All_dm6_minus_tracheal	32131
All_dm6_minus_tracheal	32132
All_dm6_minus_tracheal	32135
All_dm6_minus_tracheal	32136
All_dm6_minus_tracheal	32137
All_dm6_minus_tracheal	32138
All_dm6_minus_tracheal	32139
All_dm6_minus_tracheal	32141
All_dm6_minus_tracheal	32142
All_dm6_minus_tracheal	32143
All_dm6_minus_tracheal	32144
All_dm6_minus_tracheal	32145
All_dm6_minus_tracheal	32146
All_dm6_minus_tracheal	32147
All_dm6_minus_tracheal	32149
All_dm6_minus_tracheal	32150
All_dm6_minus_tracheal	32151
All_dm6_minus_tracheal	32152
All_dm6_minus_tracheal	32153
All_dm6_minus_tracheal	32156
All_dm6_minus_tracheal	32157
All_dm6_minus_tracheal	32159
All_dm6_minus_tracheal	32160
All_dm6_minus_tracheal	32161
All_dm6_minus_tracheal	32162
All_dm6_minus_tracheal	32163
All_dm6_minus_tracheal	32164
All_dm6_minus_tracheal	32165
All_dm6_minus_tracheal	32166
All_dm6_minus_tracheal	32167
All_dm6_minus_tracheal	32168
All_dm6_minus_tracheal	32170
All_dm6_minus_tracheal	32172
All_dm6_minus_tracheal	32173
All_dm6_minus_tracheal	32176
All_dm6_minus_tracheal	32177
All_dm6_minus_tracheal	32178
All_dm6_minus_tracheal	32179
All_dm6_minus_tracheal	32180
All_dm6_minus_tracheal	32188
All_dm6_minus_tracheal	32189
All_dm6_minus_tracheal	32190
All_dm6_minus_tracheal	32191
All_dm6_minus_tracheal	32193
All_dm6_minus_tracheal	32194
All_dm6_minus_tracheal	32195
All_dm6_minus_tracheal	32196
All_dm6_minus_tracheal	32198
All_dm6_minus_tracheal	32199
All_dm6_minus_tracheal	32200
All_dm6_minus_tracheal	32202
All_dm6_minus_tracheal	32205
All_dm6_minus_tracheal	32207
All_dm6_minus_tracheal	32208
All_dm6_minus_tracheal	32209
All_dm6_minus_tracheal	32212
All_dm6_minus_tracheal	32213
All_dm6_minus_tracheal	32214
All_dm6_minus_tracheal	32215
All_dm6_minus_tracheal	32216
All_dm6_minus_tracheal	32217
All_dm6_minus_tracheal	32221
All_dm6_minus_tracheal	32224
All_dm6_minus_tracheal	32225
All_dm6_minus_tracheal	32226
All_dm6_minus_tracheal	32229
All_dm6_minus_tracheal	32230
All_dm6_minus_tracheal	32234
All_dm6_minus_tracheal	32238
All_dm6_minus_tracheal	32239
All_dm6_minus_tracheal	32240
All_dm6_minus_tracheal	32241
All_dm6_minus_tracheal	32242
All_dm6_minus_tracheal	32243
All_dm6_minus_tracheal	32244
All_dm6_minus_tracheal	32246
All_dm6_minus_tracheal	32247
All_dm6_minus_tracheal	32248
All_dm6_minus_tracheal	32249
All_dm6_minus_tracheal	32250
All_dm6_minus_tracheal	32252
All_dm6_minus_tracheal	32253
All_dm6_minus_tracheal	32256
All_dm6_minus_tracheal	32257
All_dm6_minus_tracheal	32258
All_dm6_minus_tracheal	32259
All_dm6_minus_tracheal	32260
All_dm6_minus_tracheal	32261
All_dm6_minus_tracheal	32262
All_dm6_minus_tracheal	32263
All_dm6_minus_tracheal	32264
All_dm6_minus_tracheal	32266
All_dm6_minus_tracheal	32267
All_dm6_minus_tracheal	32268
All_dm6_minus_tracheal	32269
All_dm6_minus_tracheal	32272
All_dm6_minus_tracheal	32273
All_dm6_minus_tracheal	32274
All_dm6_minus_tracheal	32276
All_dm6_minus_tracheal	32278
All_dm6_minus_tracheal	32281
All_dm6_minus_tracheal	32282
All_dm6_minus_tracheal	32288
All_dm6_minus_tracheal	32290
All_dm6_minus_tracheal	32291
All_dm6_minus_tracheal	32292
All_dm6_minus_tracheal	32294
All_dm6_minus_tracheal	32295
All_dm6_minus_tracheal	32296
All_dm6_minus_tracheal	32297
All_dm6_minus_tracheal	32298
All_dm6_minus_tracheal	32299
All_dm6_minus_tracheal	32300
All_dm6_minus_tracheal	32301
All_dm6_minus_tracheal	32302
All_dm6_minus_tracheal	32307
All_dm6_minus_tracheal	32308
All_dm6_minus_tracheal	32309
All_dm6_minus_tracheal	32310
All_dm6_minus_tracheal	32311
All_dm6_minus_tracheal	32315
All_dm6_minus_tracheal	32316
All_dm6_minus_tracheal	32317
All_dm6_minus_tracheal	32318
All_dm6_minus_tracheal	32319
All_dm6_minus_tracheal	32320
All_dm6_minus_tracheal	32322
All_dm6_minus_tracheal	32323
All_dm6_minus_tracheal	32324
All_dm6_minus_tracheal	32325
All_dm6_minus_tracheal	32326
All_dm6_minus_tracheal	32327
All_dm6_minus_tracheal	32328
All_dm6_minus_tracheal	32329
All_dm6_minus_tracheal	32330
All_dm6_minus_tracheal	32334
All_dm6_minus_tracheal	32335
All_dm6_minus_tracheal	32337
All_dm6_minus_tracheal	32338
All_dm6_minus_tracheal	32339
All_dm6_minus_tracheal	32340
All_dm6_minus_tracheal	32341
All_dm6_minus_tracheal	32342
All_dm6_minus_tracheal	32343
All_dm6_minus_tracheal	32344
All_dm6_minus_tracheal	32345
All_dm6_minus_tracheal	32348
All_dm6_minus_tracheal	32349
All_dm6_minus_tracheal	32350
All_dm6_minus_tracheal	32351
All_dm6_minus_tracheal	32353
All_dm6_minus_tracheal	32357
All_dm6_minus_tracheal	32358
All_dm6_minus_tracheal	32359
All_dm6_minus_tracheal	32360
All_dm6_minus_tracheal	32361
All_dm6_minus_tracheal	32362
All_dm6_minus_tracheal	32364
All_dm6_minus_tracheal	32365
All_dm6_minus_tracheal	32366
All_dm6_minus_tracheal	32367
All_dm6_minus_tracheal	32368
All_dm6_minus_tracheal	32371
All_dm6_minus_tracheal	32373
All_dm6_minus_tracheal	32374
All_dm6_minus_tracheal	32375
All_dm6_minus_tracheal	32378
All_dm6_minus_tracheal	32379
All_dm6_minus_tracheal	32382
All_dm6_minus_tracheal	32384
All_dm6_minus_tracheal	32385
All_dm6_minus_tracheal	32386
All_dm6_minus_tracheal	32387
All_dm6_minus_tracheal	32389
All_dm6_minus_tracheal	32392
All_dm6_minus_tracheal	32393
All_dm6_minus_tracheal	32394
All_dm6_minus_tracheal	32395
All_dm6_minus_tracheal	32396
All_dm6_minus_tracheal	32397
All_dm6_minus_tracheal	32399
All_dm6_minus_tracheal	32401
All_dm6_minus_tracheal	32402
All_dm6_minus_tracheal	32403
All_dm6_minus_tracheal	32407
All_dm6_minus_tracheal	32408
All_dm6_minus_tracheal	32409
All_dm6_minus_tracheal	32410
All_dm6_minus_tracheal	32412
All_dm6_minus_tracheal	32413
All_dm6_minus_tracheal	32414
All_dm6_minus_tracheal	32415
All_dm6_minus_tracheal	32416
All_dm6_minus_tracheal	32418
All_dm6_minus_tracheal	32419
All_dm6_minus_tracheal	32420
All_dm6_minus_tracheal	32421
All_dm6_minus_tracheal	32422
All_dm6_minus_tracheal	32423
All_dm6_minus_tracheal	32426
All_dm6_minus_tracheal	32427
All_dm6_minus_tracheal	32428
All_dm6_minus_tracheal	32429
All_dm6_minus_tracheal	32434
All_dm6_minus_tracheal	32435
All_dm6_minus_tracheal	32436
All_dm6_minus_tracheal	32438
All_dm6_minus_tracheal	32439
All_dm6_minus_tracheal	32440
All_dm6_minus_tracheal	32441
All_dm6_minus_tracheal	32442
All_dm6_minus_tracheal	32443
All_dm6_minus_tracheal	32444
All_dm6_minus_tracheal	32446
All_dm6_minus_tracheal	32448
All_dm6_minus_tracheal	32450
All_dm6_minus_tracheal	32452
All_dm6_minus_tracheal	32453
All_dm6_minus_tracheal	32454
All_dm6_minus_tracheal	32455
All_dm6_minus_tracheal	32457
All_dm6_minus_tracheal	32458
All_dm6_minus_tracheal	32459
All_dm6_minus_tracheal	32460
All_dm6_minus_tracheal	32461
All_dm6_minus_tracheal	32462
All_dm6_minus_tracheal	32463
All_dm6_minus_tracheal	32464
All_dm6_minus_tracheal	32467
All_dm6_minus_tracheal	32468
All_dm6_minus_tracheal	32470
All_dm6_minus_tracheal	32472
All_dm6_minus_tracheal	32473
All_dm6_minus_tracheal	32474
All_dm6_minus_tracheal	32475
All_dm6_minus_tracheal	32476
All_dm6_minus_tracheal	32477
All_dm6_minus_tracheal	32478
All_dm6_minus_tracheal	32479
All_dm6_minus_tracheal	32480
All_dm6_minus_tracheal	32481
All_dm6_minus_tracheal	32482
All_dm6_minus_tracheal	32485
All_dm6_minus_tracheal	32487
All_dm6_minus_tracheal	32488
All_dm6_minus_tracheal	32489
All_dm6_minus_tracheal	32490
All_dm6_minus_tracheal	32492
All_dm6_minus_tracheal	32494
All_dm6_minus_tracheal	32495
All_dm6_minus_tracheal	32496
All_dm6_minus_tracheal	32497
All_dm6_minus_tracheal	32498
All_dm6_minus_tracheal	32499
All_dm6_minus_tracheal	32500
All_dm6_minus_tracheal	32501
All_dm6_minus_tracheal	32502
All_dm6_minus_tracheal	32503
All_dm6_minus_tracheal	32504
All_dm6_minus_tracheal	32505
All_dm6_minus_tracheal	32506
All_dm6_minus_tracheal	32507
All_dm6_minus_tracheal	32508
All_dm6_minus_tracheal	32509
All_dm6_minus_tracheal	32510
All_dm6_minus_tracheal	32511
All_dm6_minus_tracheal	32512
All_dm6_minus_tracheal	32513
All_dm6_minus_tracheal	32514
All_dm6_minus_tracheal	32515
All_dm6_minus_tracheal	32516
All_dm6_minus_tracheal	32517
All_dm6_minus_tracheal	32518
All_dm6_minus_tracheal	32521
All_dm6_minus_tracheal	32522
All_dm6_minus_tracheal	32523
All_dm6_minus_tracheal	32524
All_dm6_minus_tracheal	32525
All_dm6_minus_tracheal	32526
All_dm6_minus_tracheal	32528
All_dm6_minus_tracheal	32529
All_dm6_minus_tracheal	32530
All_dm6_minus_tracheal	32531
All_dm6_minus_tracheal	32532
All_dm6_minus_tracheal	32533
All_dm6_minus_tracheal	32534
All_dm6_minus_tracheal	32535
All_dm6_minus_tracheal	32538
All_dm6_minus_tracheal	32540
All_dm6_minus_tracheal	32542
All_dm6_minus_tracheal	32543
All_dm6_minus_tracheal	32545
All_dm6_minus_tracheal	32546
All_dm6_minus_tracheal	32547
All_dm6_minus_tracheal	32549
All_dm6_minus_tracheal	32551
All_dm6_minus_tracheal	32552
All_dm6_minus_tracheal	32553
All_dm6_minus_tracheal	32554
All_dm6_minus_tracheal	32556
All_dm6_minus_tracheal	32557
All_dm6_minus_tracheal	32558
All_dm6_minus_tracheal	32561
All_dm6_minus_tracheal	32562
All_dm6_minus_tracheal	32563
All_dm6_minus_tracheal	32564
All_dm6_minus_tracheal	32565
All_dm6_minus_tracheal	32566
All_dm6_minus_tracheal	32568
All_dm6_minus_tracheal	32569
All_dm6_minus_tracheal	32570
All_dm6_minus_tracheal	32571
All_dm6_minus_tracheal	32572
All_dm6_minus_tracheal	32573
All_dm6_minus_tracheal	32574
All_dm6_minus_tracheal	32575
All_dm6_minus_tracheal	32576
All_dm6_minus_tracheal	32580
All_dm6_minus_tracheal	32581
All_dm6_minus_tracheal	32582
All_dm6_minus_tracheal	32584
All_dm6_minus_tracheal	32585
All_dm6_minus_tracheal	32586
All_dm6_minus_tracheal	32587
All_dm6_minus_tracheal	32588
All_dm6_minus_tracheal	32589
All_dm6_minus_tracheal	32591
All_dm6_minus_tracheal	32592
All_dm6_minus_tracheal	32594
All_dm6_minus_tracheal	32596
All_dm6_minus_tracheal	32597
All_dm6_minus_tracheal	32598
All_dm6_minus_tracheal	32599
All_dm6_minus_tracheal	32601
All_dm6_minus_tracheal	32603
All_dm6_minus_tracheal	32604
All_dm6_minus_tracheal	32605
All_dm6_minus_tracheal	32606
All_dm6_minus_tracheal	32607
All_dm6_minus_tracheal	32608
All_dm6_minus_tracheal	32609
All_dm6_minus_tracheal	32610
All_dm6_minus_tracheal	32611
All_dm6_minus_tracheal	32613
All_dm6_minus_tracheal	32615
All_dm6_minus_tracheal	32616
All_dm6_minus_tracheal	32619
All_dm6_minus_tracheal	32620
All_dm6_minus_tracheal	32621
All_dm6_minus_tracheal	32622
All_dm6_minus_tracheal	32623
All_dm6_minus_tracheal	32624
All_dm6_minus_tracheal	32625
All_dm6_minus_tracheal	32626
All_dm6_minus_tracheal	32629
All_dm6_minus_tracheal	32630
All_dm6_minus_tracheal	32631
All_dm6_minus_tracheal	32633
All_dm6_minus_tracheal	32635
All_dm6_minus_tracheal	32637
All_dm6_minus_tracheal	32638
All_dm6_minus_tracheal	32639
All_dm6_minus_tracheal	32640
All_dm6_minus_tracheal	32641
All_dm6_minus_tracheal	32642
All_dm6_minus_tracheal	32643
All_dm6_minus_tracheal	32645
All_dm6_minus_tracheal	32646
All_dm6_minus_tracheal	32647
All_dm6_minus_tracheal	32648
All_dm6_minus_tracheal	32649
All_dm6_minus_tracheal	32650
All_dm6_minus_tracheal	32651
All_dm6_minus_tracheal	32654
All_dm6_minus_tracheal	32656
All_dm6_minus_tracheal	32657
All_dm6_minus_tracheal	32659
All_dm6_minus_tracheal	32662
All_dm6_minus_tracheal	32663
All_dm6_minus_tracheal	32664
All_dm6_minus_tracheal	32668
All_dm6_minus_tracheal	32674
All_dm6_minus_tracheal	32676
All_dm6_minus_tracheal	32677
All_dm6_minus_tracheal	32678
All_dm6_minus_tracheal	32679
All_dm6_minus_tracheal	32680
All_dm6_minus_tracheal	32681
All_dm6_minus_tracheal	32682
All_dm6_minus_tracheal	32685
All_dm6_minus_tracheal	32686
All_dm6_minus_tracheal	32687
All_dm6_minus_tracheal	32688
All_dm6_minus_tracheal	32689
All_dm6_minus_tracheal	32690
All_dm6_minus_tracheal	32691
All_dm6_minus_tracheal	32692
All_dm6_minus_tracheal	32693
All_dm6_minus_tracheal	32694
All_dm6_minus_tracheal	32695
All_dm6_minus_tracheal	32696
All_dm6_minus_tracheal	32698
All_dm6_minus_tracheal	32700
All_dm6_minus_tracheal	32704
All_dm6_minus_tracheal	32705
All_dm6_minus_tracheal	32706
All_dm6_minus_tracheal	32707
All_dm6_minus_tracheal	32708
All_dm6_minus_tracheal	32709
All_dm6_minus_tracheal	32710
All_dm6_minus_tracheal	32711
All_dm6_minus_tracheal	32713
All_dm6_minus_tracheal	32714
All_dm6_minus_tracheal	32715
All_dm6_minus_tracheal	32716
All_dm6_minus_tracheal	32718
All_dm6_minus_tracheal	32719
All_dm6_minus_tracheal	32720
All_dm6_minus_tracheal	32722
All_dm6_minus_tracheal	32723
All_dm6_minus_tracheal	32724
All_dm6_minus_tracheal	32725
All_dm6_minus_tracheal	32726
All_dm6_minus_tracheal	32727
All_dm6_minus_tracheal	32731
All_dm6_minus_tracheal	32732
All_dm6_minus_tracheal	32733
All_dm6_minus_tracheal	32737
All_dm6_minus_tracheal	32738
All_dm6_minus_tracheal	32739
All_dm6_minus_tracheal	32740
All_dm6_minus_tracheal	32741
All_dm6_minus_tracheal	32742
All_dm6_minus_tracheal	32745
All_dm6_minus_tracheal	32747
All_dm6_minus_tracheal	32748
All_dm6_minus_tracheal	32751
All_dm6_minus_tracheal	32752
All_dm6_minus_tracheal	32754
All_dm6_minus_tracheal	32757
All_dm6_minus_tracheal	32758
All_dm6_minus_tracheal	32759
All_dm6_minus_tracheal	32760
All_dm6_minus_tracheal	32762
All_dm6_minus_tracheal	32763
All_dm6_minus_tracheal	32764
All_dm6_minus_tracheal	32766
All_dm6_minus_tracheal	32767
All_dm6_minus_tracheal	32768
All_dm6_minus_tracheal	32769
All_dm6_minus_tracheal	32770
All_dm6_minus_tracheal	32773
All_dm6_minus_tracheal	32774
All_dm6_minus_tracheal	32775
All_dm6_minus_tracheal	32776
All_dm6_minus_tracheal	32777
All_dm6_minus_tracheal	32781
All_dm6_minus_tracheal	32782
All_dm6_minus_tracheal	32784
All_dm6_minus_tracheal	32785
All_dm6_minus_tracheal	32786
All_dm6_minus_tracheal	32787
All_dm6_minus_tracheal	32788
All_dm6_minus_tracheal	32789
All_dm6_minus_tracheal	32790
All_dm6_minus_tracheal	32791
All_dm6_minus_tracheal	32793
All_dm6_minus_tracheal	32796
All_dm6_minus_tracheal	32797
All_dm6_minus_tracheal	32798
All_dm6_minus_tracheal	32799
All_dm6_minus_tracheal	32800
All_dm6_minus_tracheal	32803
All_dm6_minus_tracheal	32806
All_dm6_minus_tracheal	32813
All_dm6_minus_tracheal	32814
All_dm6_minus_tracheal	32815
All_dm6_minus_tracheal	32816
All_dm6_minus_tracheal	32817
All_dm6_minus_tracheal	32819
All_dm6_minus_tracheal	32821
All_dm6_minus_tracheal	32822
All_dm6_minus_tracheal	32824
All_dm6_minus_tracheal	32825
All_dm6_minus_tracheal	32827
All_dm6_minus_tracheal	32832
All_dm6_minus_tracheal	32833
All_dm6_minus_tracheal	32834
All_dm6_minus_tracheal	32835
All_dm6_minus_tracheal	32836
All_dm6_minus_tracheal	32837
All_dm6_minus_tracheal	32839
All_dm6_minus_tracheal	32840
All_dm6_minus_tracheal	32841
All_dm6_minus_tracheal	32843
All_dm6_minus_tracheal	32844
All_dm6_minus_tracheal	32845
All_dm6_minus_tracheal	32846
All_dm6_minus_tracheal	32848
All_dm6_minus_tracheal	32851
All_dm6_minus_tracheal	32852
All_dm6_minus_tracheal	32853
All_dm6_minus_tracheal	32854
All_dm6_minus_tracheal	32855
All_dm6_minus_tracheal	32856
All_dm6_minus_tracheal	32859
All_dm6_minus_tracheal	32860
All_dm6_minus_tracheal	32861
All_dm6_minus_tracheal	32862
All_dm6_minus_tracheal	32864
All_dm6_minus_tracheal	32866
All_dm6_minus_tracheal	32869
All_dm6_minus_tracheal	32871
All_dm6_minus_tracheal	32873
All_dm6_minus_tracheal	32874
All_dm6_minus_tracheal	32875
All_dm6_minus_tracheal	32877
All_dm6_minus_tracheal	32878
All_dm6_minus_tracheal	32880
All_dm6_minus_tracheal	32881
All_dm6_minus_tracheal	32882
All_dm6_minus_tracheal	32885
All_dm6_minus_tracheal	32886
All_dm6_minus_tracheal	32887
All_dm6_minus_tracheal	32888
All_dm6_minus_tracheal	32891
All_dm6_minus_tracheal	32892
All_dm6_minus_tracheal	32893
All_dm6_minus_tracheal	32894
All_dm6_minus_tracheal	32895
All_dm6_minus_tracheal	32896
All_dm6_minus_tracheal	32897
All_dm6_minus_tracheal	32901
All_dm6_minus_tracheal	32903
All_dm6_minus_tracheal	32905
All_dm6_minus_tracheal	32906
All_dm6_minus_tracheal	32907
All_dm6_minus_tracheal	32908
All_dm6_minus_tracheal	32909
All_dm6_minus_tracheal	32910
All_dm6_minus_tracheal	32911
All_dm6_minus_tracheal	32913
All_dm6_minus_tracheal	32914
All_dm6_minus_tracheal	32915
All_dm6_minus_tracheal	32916
All_dm6_minus_tracheal	32917
All_dm6_minus_tracheal	32918
All_dm6_minus_tracheal	32919
All_dm6_minus_tracheal	32920
All_dm6_minus_tracheal	32922
All_dm6_minus_tracheal	32923
All_dm6_minus_tracheal	32925
All_dm6_minus_tracheal	32926
All_dm6_minus_tracheal	32928
All_dm6_minus_tracheal	32930
All_dm6_minus_tracheal	32932
All_dm6_minus_tracheal	32933
All_dm6_minus_tracheal	32935
All_dm6_minus_tracheal	32936
All_dm6_minus_tracheal	32937
All_dm6_minus_tracheal	32938
All_dm6_minus_tracheal	32939
All_dm6_minus_tracheal	32941
All_dm6_minus_tracheal	32942
All_dm6_minus_tracheal	32943
All_dm6_minus_tracheal	32946
All_dm6_minus_tracheal	32947
All_dm6_minus_tracheal	32949
All_dm6_minus_tracheal	32950
All_dm6_minus_tracheal	32951
All_dm6_minus_tracheal	32952
All_dm6_minus_tracheal	32953
All_dm6_minus_tracheal	32954
All_dm6_minus_tracheal	32958
All_dm6_minus_tracheal	32961
All_dm6_minus_tracheal	32962
All_dm6_minus_tracheal	32963
All_dm6_minus_tracheal	32964
All_dm6_minus_tracheal	32965
All_dm6_minus_tracheal	32966
All_dm6_minus_tracheal	32967
All_dm6_minus_tracheal	32969
All_dm6_minus_tracheal	32970
All_dm6_minus_tracheal	32971
All_dm6_minus_tracheal	32972
All_dm6_minus_tracheal	32973
All_dm6_minus_tracheal	32974
All_dm6_minus_tracheal	32975
All_dm6_minus_tracheal	32977
All_dm6_minus_tracheal	32978
All_dm6_minus_tracheal	32979
All_dm6_minus_tracheal	32980
All_dm6_minus_tracheal	32982
All_dm6_minus_tracheal	32983
All_dm6_minus_tracheal	32984
All_dm6_minus_tracheal	32986
All_dm6_minus_tracheal	32987
All_dm6_minus_tracheal	32988
All_dm6_minus_tracheal	32989
All_dm6_minus_tracheal	32990
All_dm6_minus_tracheal	32991
All_dm6_minus_tracheal	32992
All_dm6_minus_tracheal	32993
All_dm6_minus_tracheal	32995
All_dm6_minus_tracheal	32996
All_dm6_minus_tracheal	32997
All_dm6_minus_tracheal	32999
All_dm6_minus_tracheal	33000
All_dm6_minus_tracheal	33001
All_dm6_minus_tracheal	33002
All_dm6_minus_tracheal	33004
All_dm6_minus_tracheal	33005
All_dm6_minus_tracheal	33006
All_dm6_minus_tracheal	33007
All_dm6_minus_tracheal	33009
All_dm6_minus_tracheal	33010
All_dm6_minus_tracheal	33011
All_dm6_minus_tracheal	33012
All_dm6_minus_tracheal	33013
All_dm6_minus_tracheal	33014
All_dm6_minus_tracheal	33015
All_dm6_minus_tracheal	33016
All_dm6_minus_tracheal	33017
All_dm6_minus_tracheal	33018
All_dm6_minus_tracheal	33023
All_dm6_minus_tracheal	33024
All_dm6_minus_tracheal	33025
All_dm6_minus_tracheal	33026
All_dm6_minus_tracheal	33028
All_dm6_minus_tracheal	33029
All_dm6_minus_tracheal	33031
All_dm6_minus_tracheal	33032
All_dm6_minus_tracheal	33034
All_dm6_minus_tracheal	33035
All_dm6_minus_tracheal	33036
All_dm6_minus_tracheal	33037
All_dm6_minus_tracheal	33038
All_dm6_minus_tracheal	33039
All_dm6_minus_tracheal	33040
All_dm6_minus_tracheal	33043
All_dm6_minus_tracheal	33044
All_dm6_minus_tracheal	33045
All_dm6_minus_tracheal	33046
All_dm6_minus_tracheal	33047
All_dm6_minus_tracheal	33049
All_dm6_minus_tracheal	33051
All_dm6_minus_tracheal	33057
All_dm6_minus_tracheal	33058
All_dm6_minus_tracheal	33059
All_dm6_minus_tracheal	33060
All_dm6_minus_tracheal	33061
All_dm6_minus_tracheal	33062
All_dm6_minus_tracheal	33064
All_dm6_minus_tracheal	33066
All_dm6_minus_tracheal	33068
All_dm6_minus_tracheal	33071
All_dm6_minus_tracheal	33072
All_dm6_minus_tracheal	33073
All_dm6_minus_tracheal	33074
All_dm6_minus_tracheal	33075
All_dm6_minus_tracheal	33076
All_dm6_minus_tracheal	33077
All_dm6_minus_tracheal	33078
All_dm6_minus_tracheal	33079
All_dm6_minus_tracheal	33081
All_dm6_minus_tracheal	33082
All_dm6_minus_tracheal	33085
All_dm6_minus_tracheal	33088
All_dm6_minus_tracheal	33090
All_dm6_minus_tracheal	33093
All_dm6_minus_tracheal	33094
All_dm6_minus_tracheal	33096
All_dm6_minus_tracheal	33097
All_dm6_minus_tracheal	33098
All_dm6_minus_tracheal	33101
All_dm6_minus_tracheal	33102
All_dm6_minus_tracheal	33103
All_dm6_minus_tracheal	33104
All_dm6_minus_tracheal	33105
All_dm6_minus_tracheal	33107
All_dm6_minus_tracheal	33109
All_dm6_minus_tracheal	33110
All_dm6_minus_tracheal	33111
All_dm6_minus_tracheal	33117
All_dm6_minus_tracheal	33118
All_dm6_minus_tracheal	33119
All_dm6_minus_tracheal	33120
All_dm6_minus_tracheal	33121
All_dm6_minus_tracheal	33123
All_dm6_minus_tracheal	33125
All_dm6_minus_tracheal	33126
All_dm6_minus_tracheal	33127
All_dm6_minus_tracheal	33128
All_dm6_minus_tracheal	33130
All_dm6_minus_tracheal	33132
All_dm6_minus_tracheal	33133
All_dm6_minus_tracheal	33134
All_dm6_minus_tracheal	33135
All_dm6_minus_tracheal	33136
All_dm6_minus_tracheal	33137
All_dm6_minus_tracheal	33139
All_dm6_minus_tracheal	33140
All_dm6_minus_tracheal	33142
All_dm6_minus_tracheal	33143
All_dm6_minus_tracheal	33147
All_dm6_minus_tracheal	33155
All_dm6_minus_tracheal	33156
All_dm6_minus_tracheal	33157
All_dm6_minus_tracheal	33161
All_dm6_minus_tracheal	33162
All_dm6_minus_tracheal	33163
All_dm6_minus_tracheal	33165
All_dm6_minus_tracheal	33166
All_dm6_minus_tracheal	33167
All_dm6_minus_tracheal	33169
All_dm6_minus_tracheal	33170
All_dm6_minus_tracheal	33174
All_dm6_minus_tracheal	33175
All_dm6_minus_tracheal	33176
All_dm6_minus_tracheal	33178
All_dm6_minus_tracheal	33179
All_dm6_minus_tracheal	33180
All_dm6_minus_tracheal	33182
All_dm6_minus_tracheal	33183
All_dm6_minus_tracheal	33184
All_dm6_minus_tracheal	33185
All_dm6_minus_tracheal	33187
All_dm6_minus_tracheal	33190
All_dm6_minus_tracheal	33191
All_dm6_minus_tracheal	33192
All_dm6_minus_tracheal	33193
All_dm6_minus_tracheal	33194
All_dm6_minus_tracheal	33195
All_dm6_minus_tracheal	33197
All_dm6_minus_tracheal	33199
All_dm6_minus_tracheal	33200
All_dm6_minus_tracheal	33203
All_dm6_minus_tracheal	33204
All_dm6_minus_tracheal	33205
All_dm6_minus_tracheal	33206
All_dm6_minus_tracheal	33207
All_dm6_minus_tracheal	33208
All_dm6_minus_tracheal	33209
All_dm6_minus_tracheal	33211
All_dm6_minus_tracheal	33212
All_dm6_minus_tracheal	33213
All_dm6_minus_tracheal	33214
All_dm6_minus_tracheal	33215
All_dm6_minus_tracheal	33216
All_dm6_minus_tracheal	33217
All_dm6_minus_tracheal	33219
All_dm6_minus_tracheal	33221
All_dm6_minus_tracheal	33222
All_dm6_minus_tracheal	33223
All_dm6_minus_tracheal	33224
All_dm6_minus_tracheal	33225
All_dm6_minus_tracheal	33226
All_dm6_minus_tracheal	33228
All_dm6_minus_tracheal	33229
All_dm6_minus_tracheal	33230
All_dm6_minus_tracheal	33231
All_dm6_minus_tracheal	33232
All_dm6_minus_tracheal	33233
All_dm6_minus_tracheal	33235
All_dm6_minus_tracheal	33236
All_dm6_minus_tracheal	33238
All_dm6_minus_tracheal	33239
All_dm6_minus_tracheal	33240
All_dm6_minus_tracheal	33241
All_dm6_minus_tracheal	33242
All_dm6_minus_tracheal	33244
All_dm6_minus_tracheal	33247
All_dm6_minus_tracheal	33248
All_dm6_minus_tracheal	33249
All_dm6_minus_tracheal	33250
All_dm6_minus_tracheal	33251
All_dm6_minus_tracheal	33252
All_dm6_minus_tracheal	33253
All_dm6_minus_tracheal	33254
All_dm6_minus_tracheal	33255
All_dm6_minus_tracheal	33256
All_dm6_minus_tracheal	33257
All_dm6_minus_tracheal	33258
All_dm6_minus_tracheal	33259
All_dm6_minus_tracheal	33260
All_dm6_minus_tracheal	33261
All_dm6_minus_tracheal	33262
All_dm6_minus_tracheal	33264
All_dm6_minus_tracheal	33266
All_dm6_minus_tracheal	33269
All_dm6_minus_tracheal	33270
All_dm6_minus_tracheal	33271
All_dm6_minus_tracheal	33272
All_dm6_minus_tracheal	33274
All_dm6_minus_tracheal	33276
All_dm6_minus_tracheal	33277
All_dm6_minus_tracheal	33278
All_dm6_minus_tracheal	33279
All_dm6_minus_tracheal	33283
All_dm6_minus_tracheal	33284
All_dm6_minus_tracheal	33285
All_dm6_minus_tracheal	33286
All_dm6_minus_tracheal	33287
All_dm6_minus_tracheal	33290
All_dm6_minus_tracheal	33291
All_dm6_minus_tracheal	33293
All_dm6_minus_tracheal	33294
All_dm6_minus_tracheal	33295
All_dm6_minus_tracheal	33298
All_dm6_minus_tracheal	33300
All_dm6_minus_tracheal	33301
All_dm6_minus_tracheal	33303
All_dm6_minus_tracheal	33304
All_dm6_minus_tracheal	33305
All_dm6_minus_tracheal	33306
All_dm6_minus_tracheal	33307
All_dm6_minus_tracheal	33308
All_dm6_minus_tracheal	33309
All_dm6_minus_tracheal	33310
All_dm6_minus_tracheal	33312
All_dm6_minus_tracheal	33314
All_dm6_minus_tracheal	33317
All_dm6_minus_tracheal	33318
All_dm6_minus_tracheal	33319
All_dm6_minus_tracheal	33320
All_dm6_minus_tracheal	33321
All_dm6_minus_tracheal	33323
All_dm6_minus_tracheal	33324
All_dm6_minus_tracheal	33325
All_dm6_minus_tracheal	33330
All_dm6_minus_tracheal	33331
All_dm6_minus_tracheal	33332
All_dm6_minus_tracheal	33333
All_dm6_minus_tracheal	33334
All_dm6_minus_tracheal	33335
All_dm6_minus_tracheal	33336
All_dm6_minus_tracheal	33337
All_dm6_minus_tracheal	33338
All_dm6_minus_tracheal	33341
All_dm6_minus_tracheal	33347
All_dm6_minus_tracheal	33348
All_dm6_minus_tracheal	33349
All_dm6_minus_tracheal	33350
All_dm6_minus_tracheal	33353
All_dm6_minus_tracheal	33356
All_dm6_minus_tracheal	33357
All_dm6_minus_tracheal	33358
All_dm6_minus_tracheal	33359
All_dm6_minus_tracheal	33360
All_dm6_minus_tracheal	33361
All_dm6_minus_tracheal	33363
All_dm6_minus_tracheal	33365
All_dm6_minus_tracheal	33366
All_dm6_minus_tracheal	33370
All_dm6_minus_tracheal	33371
All_dm6_minus_tracheal	33372
All_dm6_minus_tracheal	33373
All_dm6_minus_tracheal	33374
All_dm6_minus_tracheal	33377
All_dm6_minus_tracheal	33379
All_dm6_minus_tracheal	33381
All_dm6_minus_tracheal	33384
All_dm6_minus_tracheal	33385
All_dm6_minus_tracheal	33386
All_dm6_minus_tracheal	33388
All_dm6_minus_tracheal	33389
All_dm6_minus_tracheal	33390
All_dm6_minus_tracheal	33391
All_dm6_minus_tracheal	33394
All_dm6_minus_tracheal	33395
All_dm6_minus_tracheal	33396
All_dm6_minus_tracheal	33397
All_dm6_minus_tracheal	33398
All_dm6_minus_tracheal	33399
All_dm6_minus_tracheal	33401
All_dm6_minus_tracheal	33403
All_dm6_minus_tracheal	33404
All_dm6_minus_tracheal	33405
All_dm6_minus_tracheal	33406
All_dm6_minus_tracheal	33407
All_dm6_minus_tracheal	33408
All_dm6_minus_tracheal	33410
All_dm6_minus_tracheal	33411
All_dm6_minus_tracheal	33412
All_dm6_minus_tracheal	33413
All_dm6_minus_tracheal	33414
All_dm6_minus_tracheal	33418
All_dm6_minus_tracheal	33419
All_dm6_minus_tracheal	33420
All_dm6_minus_tracheal	33421
All_dm6_minus_tracheal	33422
All_dm6_minus_tracheal	33423
All_dm6_minus_tracheal	33424
All_dm6_minus_tracheal	33425
All_dm6_minus_tracheal	33426
All_dm6_minus_tracheal	33427
All_dm6_minus_tracheal	33429
All_dm6_minus_tracheal	33431
All_dm6_minus_tracheal	33435
All_dm6_minus_tracheal	33436
All_dm6_minus_tracheal	33437
All_dm6_minus_tracheal	33438
All_dm6_minus_tracheal	33439
All_dm6_minus_tracheal	33440
All_dm6_minus_tracheal	33441
All_dm6_minus_tracheal	33442
All_dm6_minus_tracheal	33443
All_dm6_minus_tracheal	33444
All_dm6_minus_tracheal	33445
All_dm6_minus_tracheal	33446
All_dm6_minus_tracheal	33447
All_dm6_minus_tracheal	33448
All_dm6_minus_tracheal	33449
All_dm6_minus_tracheal	33450
All_dm6_minus_tracheal	33451
All_dm6_minus_tracheal	33452
All_dm6_minus_tracheal	33453
All_dm6_minus_tracheal	33454
All_dm6_minus_tracheal	33455
All_dm6_minus_tracheal	33458
All_dm6_minus_tracheal	33459
All_dm6_minus_tracheal	33460
All_dm6_minus_tracheal	33465
All_dm6_minus_tracheal	33466
All_dm6_minus_tracheal	33467
All_dm6_minus_tracheal	33468
All_dm6_minus_tracheal	33469
All_dm6_minus_tracheal	33472
All_dm6_minus_tracheal	33473
All_dm6_minus_tracheal	33475
All_dm6_minus_tracheal	33476
All_dm6_minus_tracheal	33477
All_dm6_minus_tracheal	33478
All_dm6_minus_tracheal	33479
All_dm6_minus_tracheal	33480
All_dm6_minus_tracheal	33481
All_dm6_minus_tracheal	33482
All_dm6_minus_tracheal	33483
All_dm6_minus_tracheal	33484
All_dm6_minus_tracheal	33485
All_dm6_minus_tracheal	33486
All_dm6_minus_tracheal	33487
All_dm6_minus_tracheal	33488
All_dm6_minus_tracheal	33489
All_dm6_minus_tracheal	33490
All_dm6_minus_tracheal	33492
All_dm6_minus_tracheal	33493
All_dm6_minus_tracheal	33496
All_dm6_minus_tracheal	33499
All_dm6_minus_tracheal	33500
All_dm6_minus_tracheal	33501
All_dm6_minus_tracheal	33502
All_dm6_minus_tracheal	33503
All_dm6_minus_tracheal	33504
All_dm6_minus_tracheal	33505
All_dm6_minus_tracheal	33507
All_dm6_minus_tracheal	33510
All_dm6_minus_tracheal	33511
All_dm6_minus_tracheal	33512
All_dm6_minus_tracheal	33513
All_dm6_minus_tracheal	33514
All_dm6_minus_tracheal	33515
All_dm6_minus_tracheal	33516
All_dm6_minus_tracheal	33517
All_dm6_minus_tracheal	33519
All_dm6_minus_tracheal	33520
All_dm6_minus_tracheal	33521
All_dm6_minus_tracheal	33522
All_dm6_minus_tracheal	33524
All_dm6_minus_tracheal	33526
All_dm6_minus_tracheal	33527
All_dm6_minus_tracheal	33528
All_dm6_minus_tracheal	33530
All_dm6_minus_tracheal	33532
All_dm6_minus_tracheal	33534
All_dm6_minus_tracheal	33535
All_dm6_minus_tracheal	33537
All_dm6_minus_tracheal	33538
All_dm6_minus_tracheal	33539
All_dm6_minus_tracheal	33540
All_dm6_minus_tracheal	33541
All_dm6_minus_tracheal	33542
All_dm6_minus_tracheal	33543
All_dm6_minus_tracheal	33544
All_dm6_minus_tracheal	33545
All_dm6_minus_tracheal	33547
All_dm6_minus_tracheal	33548
All_dm6_minus_tracheal	33551
All_dm6_minus_tracheal	33552
All_dm6_minus_tracheal	33553
All_dm6_minus_tracheal	33554
All_dm6_minus_tracheal	33555
All_dm6_minus_tracheal	33557
All_dm6_minus_tracheal	33559
All_dm6_minus_tracheal	33560
All_dm6_minus_tracheal	33561
All_dm6_minus_tracheal	33563
All_dm6_minus_tracheal	33564
All_dm6_minus_tracheal	33565
All_dm6_minus_tracheal	33567
All_dm6_minus_tracheal	33568
All_dm6_minus_tracheal	33570
All_dm6_minus_tracheal	33571
All_dm6_minus_tracheal	33572
All_dm6_minus_tracheal	33573
All_dm6_minus_tracheal	33574
All_dm6_minus_tracheal	33575
All_dm6_minus_tracheal	33576
All_dm6_minus_tracheal	33577
All_dm6_minus_tracheal	33578
All_dm6_minus_tracheal	33579
All_dm6_minus_tracheal	33581
All_dm6_minus_tracheal	33583
All_dm6_minus_tracheal	33585
All_dm6_minus_tracheal	33589
All_dm6_minus_tracheal	33590
All_dm6_minus_tracheal	33591
All_dm6_minus_tracheal	33592
All_dm6_minus_tracheal	33593
All_dm6_minus_tracheal	33594
All_dm6_minus_tracheal	33595
All_dm6_minus_tracheal	33597
All_dm6_minus_tracheal	33599
All_dm6_minus_tracheal	33600
All_dm6_minus_tracheal	33601
All_dm6_minus_tracheal	33603
All_dm6_minus_tracheal	33606
All_dm6_minus_tracheal	33609
All_dm6_minus_tracheal	33611
All_dm6_minus_tracheal	33613
All_dm6_minus_tracheal	33615
All_dm6_minus_tracheal	33616
All_dm6_minus_tracheal	33617
All_dm6_minus_tracheal	33621
All_dm6_minus_tracheal	33622
All_dm6_minus_tracheal	33623
All_dm6_minus_tracheal	33626
All_dm6_minus_tracheal	33629
All_dm6_minus_tracheal	33630
All_dm6_minus_tracheal	33631
All_dm6_minus_tracheal	33635
All_dm6_minus_tracheal	33637
All_dm6_minus_tracheal	33639
All_dm6_minus_tracheal	33640
All_dm6_minus_tracheal	33641
All_dm6_minus_tracheal	33642
All_dm6_minus_tracheal	33644
All_dm6_minus_tracheal	33645
All_dm6_minus_tracheal	33646
All_dm6_minus_tracheal	33647
All_dm6_minus_tracheal	33648
All_dm6_minus_tracheal	33651
All_dm6_minus_tracheal	33652
All_dm6_minus_tracheal	33653
All_dm6_minus_tracheal	33654
All_dm6_minus_tracheal	33655
All_dm6_minus_tracheal	33656
All_dm6_minus_tracheal	33657
All_dm6_minus_tracheal	33658
All_dm6_minus_tracheal	33659
All_dm6_minus_tracheal	33661
All_dm6_minus_tracheal	33665
All_dm6_minus_tracheal	33667
All_dm6_minus_tracheal	33668
All_dm6_minus_tracheal	33669
All_dm6_minus_tracheal	33670
All_dm6_minus_tracheal	33671
All_dm6_minus_tracheal	33672
All_dm6_minus_tracheal	33675
All_dm6_minus_tracheal	33676
All_dm6_minus_tracheal	33677
All_dm6_minus_tracheal	33678
All_dm6_minus_tracheal	33679
All_dm6_minus_tracheal	33680
All_dm6_minus_tracheal	33682
All_dm6_minus_tracheal	33683
All_dm6_minus_tracheal	33684
All_dm6_minus_tracheal	33685
All_dm6_minus_tracheal	33686
All_dm6_minus_tracheal	33687
All_dm6_minus_tracheal	33688
All_dm6_minus_tracheal	33689
All_dm6_minus_tracheal	33690
All_dm6_minus_tracheal	33692
All_dm6_minus_tracheal	33693
All_dm6_minus_tracheal	33694
All_dm6_minus_tracheal	33695
All_dm6_minus_tracheal	33696
All_dm6_minus_tracheal	33700
All_dm6_minus_tracheal	33701
All_dm6_minus_tracheal	33702
All_dm6_minus_tracheal	33703
All_dm6_minus_tracheal	33704
All_dm6_minus_tracheal	33705
All_dm6_minus_tracheal	33706
All_dm6_minus_tracheal	33707
All_dm6_minus_tracheal	33708
All_dm6_minus_tracheal	33709
All_dm6_minus_tracheal	33710
All_dm6_minus_tracheal	33711
All_dm6_minus_tracheal	33712
All_dm6_minus_tracheal	33714
All_dm6_minus_tracheal	33716
All_dm6_minus_tracheal	33717
All_dm6_minus_tracheal	33718
All_dm6_minus_tracheal	33719
All_dm6_minus_tracheal	33726
All_dm6_minus_tracheal	33732
All_dm6_minus_tracheal	33734
All_dm6_minus_tracheal	33735
All_dm6_minus_tracheal	33738
All_dm6_minus_tracheal	33742
All_dm6_minus_tracheal	33743
All_dm6_minus_tracheal	33748
All_dm6_minus_tracheal	33749
All_dm6_minus_tracheal	33750
All_dm6_minus_tracheal	33751
All_dm6_minus_tracheal	33752
All_dm6_minus_tracheal	33754
All_dm6_minus_tracheal	33755
All_dm6_minus_tracheal	33756
All_dm6_minus_tracheal	33758
All_dm6_minus_tracheal	33760
All_dm6_minus_tracheal	33761
All_dm6_minus_tracheal	33763
All_dm6_minus_tracheal	33764
All_dm6_minus_tracheal	33765
All_dm6_minus_tracheal	33766
All_dm6_minus_tracheal	33768
All_dm6_minus_tracheal	33769
All_dm6_minus_tracheal	33770
All_dm6_minus_tracheal	33771
All_dm6_minus_tracheal	33772
All_dm6_minus_tracheal	33774
All_dm6_minus_tracheal	33775
All_dm6_minus_tracheal	33776
All_dm6_minus_tracheal	33777
All_dm6_minus_tracheal	33778
All_dm6_minus_tracheal	33779
All_dm6_minus_tracheal	33780
All_dm6_minus_tracheal	33783
All_dm6_minus_tracheal	33784
All_dm6_minus_tracheal	33785
All_dm6_minus_tracheal	33786
All_dm6_minus_tracheal	33787
All_dm6_minus_tracheal	33788
All_dm6_minus_tracheal	33789
All_dm6_minus_tracheal	33790
All_dm6_minus_tracheal	33791
All_dm6_minus_tracheal	33792
All_dm6_minus_tracheal	33793
All_dm6_minus_tracheal	33795
All_dm6_minus_tracheal	33797
All_dm6_minus_tracheal	33798
All_dm6_minus_tracheal	33799
All_dm6_minus_tracheal	33800
All_dm6_minus_tracheal	33802
All_dm6_minus_tracheal	33804
All_dm6_minus_tracheal	33806
All_dm6_minus_tracheal	33808
All_dm6_minus_tracheal	33809
All_dm6_minus_tracheal	33810
All_dm6_minus_tracheal	33812
All_dm6_minus_tracheal	33815
All_dm6_minus_tracheal	33816
All_dm6_minus_tracheal	33817
All_dm6_minus_tracheal	33818
All_dm6_minus_tracheal	33819
All_dm6_minus_tracheal	33820
All_dm6_minus_tracheal	33822
All_dm6_minus_tracheal	33823
All_dm6_minus_tracheal	33824
All_dm6_minus_tracheal	33825
All_dm6_minus_tracheal	33826
All_dm6_minus_tracheal	33827
All_dm6_minus_tracheal	33828
All_dm6_minus_tracheal	33829
All_dm6_minus_tracheal	33830
All_dm6_minus_tracheal	33831
All_dm6_minus_tracheal	33832
All_dm6_minus_tracheal	33833
All_dm6_minus_tracheal	33836
All_dm6_minus_tracheal	33839
All_dm6_minus_tracheal	33840
All_dm6_minus_tracheal	33841
All_dm6_minus_tracheal	33842
All_dm6_minus_tracheal	33843
All_dm6_minus_tracheal	33844
All_dm6_minus_tracheal	33845
All_dm6_minus_tracheal	33846
All_dm6_minus_tracheal	33849
All_dm6_minus_tracheal	33851
All_dm6_minus_tracheal	33853
All_dm6_minus_tracheal	33854
All_dm6_minus_tracheal	33855
All_dm6_minus_tracheal	33856
All_dm6_minus_tracheal	33857
All_dm6_minus_tracheal	33858
All_dm6_minus_tracheal	33859
All_dm6_minus_tracheal	33865
All_dm6_minus_tracheal	33866
All_dm6_minus_tracheal	33867
All_dm6_minus_tracheal	33868
All_dm6_minus_tracheal	33869
All_dm6_minus_tracheal	33874
All_dm6_minus_tracheal	33879
All_dm6_minus_tracheal	33881
All_dm6_minus_tracheal	33882
All_dm6_minus_tracheal	33884
All_dm6_minus_tracheal	33885
All_dm6_minus_tracheal	33888
All_dm6_minus_tracheal	33889
All_dm6_minus_tracheal	33890
All_dm6_minus_tracheal	33892
All_dm6_minus_tracheal	33893
All_dm6_minus_tracheal	33894
All_dm6_minus_tracheal	33895
All_dm6_minus_tracheal	33897
All_dm6_minus_tracheal	33898
All_dm6_minus_tracheal	33899
All_dm6_minus_tracheal	33900
All_dm6_minus_tracheal	33901
All_dm6_minus_tracheal	33902
All_dm6_minus_tracheal	33904
All_dm6_minus_tracheal	33907
All_dm6_minus_tracheal	33909
All_dm6_minus_tracheal	33910
All_dm6_minus_tracheal	33911
All_dm6_minus_tracheal	33913
All_dm6_minus_tracheal	33914
All_dm6_minus_tracheal	33916
All_dm6_minus_tracheal	33917
All_dm6_minus_tracheal	33919
All_dm6_minus_tracheal	33920
All_dm6_minus_tracheal	33921
All_dm6_minus_tracheal	33922
All_dm6_minus_tracheal	33923
All_dm6_minus_tracheal	33924
All_dm6_minus_tracheal	33925
All_dm6_minus_tracheal	33927
All_dm6_minus_tracheal	33931
All_dm6_minus_tracheal	33932
All_dm6_minus_tracheal	33933
All_dm6_minus_tracheal	33934
All_dm6_minus_tracheal	33935
All_dm6_minus_tracheal	33937
All_dm6_minus_tracheal	33938
All_dm6_minus_tracheal	33939
All_dm6_minus_tracheal	33940
All_dm6_minus_tracheal	33941
All_dm6_minus_tracheal	33942
All_dm6_minus_tracheal	33944
All_dm6_minus_tracheal	33946
All_dm6_minus_tracheal	33947
All_dm6_minus_tracheal	33949
All_dm6_minus_tracheal	33950
All_dm6_minus_tracheal	33951
All_dm6_minus_tracheal	33952
All_dm6_minus_tracheal	33954
All_dm6_minus_tracheal	33955
All_dm6_minus_tracheal	33956
All_dm6_minus_tracheal	33957
All_dm6_minus_tracheal	33959
All_dm6_minus_tracheal	33960
All_dm6_minus_tracheal	33961
All_dm6_minus_tracheal	33962
All_dm6_minus_tracheal	33963
All_dm6_minus_tracheal	33965
All_dm6_minus_tracheal	33968
All_dm6_minus_tracheal	33969
All_dm6_minus_tracheal	33971
All_dm6_minus_tracheal	33972
All_dm6_minus_tracheal	33973
All_dm6_minus_tracheal	33974
All_dm6_minus_tracheal	33975
All_dm6_minus_tracheal	33976
All_dm6_minus_tracheal	33977
All_dm6_minus_tracheal	33978
All_dm6_minus_tracheal	33979
All_dm6_minus_tracheal	33982
All_dm6_minus_tracheal	33984
All_dm6_minus_tracheal	33985
All_dm6_minus_tracheal	33987
All_dm6_minus_tracheal	33988
All_dm6_minus_tracheal	33989
All_dm6_minus_tracheal	33992
All_dm6_minus_tracheal	33993
All_dm6_minus_tracheal	33999
All_dm6_minus_tracheal	34000
All_dm6_minus_tracheal	34001
All_dm6_minus_tracheal	34002
All_dm6_minus_tracheal	34003
All_dm6_minus_tracheal	34004
All_dm6_minus_tracheal	34005
All_dm6_minus_tracheal	34006
All_dm6_minus_tracheal	34009
All_dm6_minus_tracheal	34010
All_dm6_minus_tracheal	34011
All_dm6_minus_tracheal	34012
All_dm6_minus_tracheal	34013
All_dm6_minus_tracheal	34014
All_dm6_minus_tracheal	34015
All_dm6_minus_tracheal	34016
All_dm6_minus_tracheal	34018
All_dm6_minus_tracheal	34019
All_dm6_minus_tracheal	34021
All_dm6_minus_tracheal	34023
All_dm6_minus_tracheal	34024
All_dm6_minus_tracheal	34029
All_dm6_minus_tracheal	34030
All_dm6_minus_tracheal	34031
All_dm6_minus_tracheal	34035
All_dm6_minus_tracheal	34036
All_dm6_minus_tracheal	34037
All_dm6_minus_tracheal	34038
All_dm6_minus_tracheal	34041
All_dm6_minus_tracheal	34042
All_dm6_minus_tracheal	34044
All_dm6_minus_tracheal	34045
All_dm6_minus_tracheal	34046
All_dm6_minus_tracheal	34047
All_dm6_minus_tracheal	34048
All_dm6_minus_tracheal	34049
All_dm6_minus_tracheal	34051
All_dm6_minus_tracheal	34052
All_dm6_minus_tracheal	34053
All_dm6_minus_tracheal	34054
All_dm6_minus_tracheal	34055
All_dm6_minus_tracheal	34058
All_dm6_minus_tracheal	34060
All_dm6_minus_tracheal	34061
All_dm6_minus_tracheal	34062
All_dm6_minus_tracheal	34063
All_dm6_minus_tracheal	34064
All_dm6_minus_tracheal	34065
All_dm6_minus_tracheal	34067
All_dm6_minus_tracheal	34068
All_dm6_minus_tracheal	34069
All_dm6_minus_tracheal	34070
All_dm6_minus_tracheal	34072
All_dm6_minus_tracheal	34073
All_dm6_minus_tracheal	34077
All_dm6_minus_tracheal	34079
All_dm6_minus_tracheal	34082
All_dm6_minus_tracheal	34086
All_dm6_minus_tracheal	34087
All_dm6_minus_tracheal	34088
All_dm6_minus_tracheal	34090
All_dm6_minus_tracheal	34091
All_dm6_minus_tracheal	34092
All_dm6_minus_tracheal	34093
All_dm6_minus_tracheal	34096
All_dm6_minus_tracheal	34097
All_dm6_minus_tracheal	34098
All_dm6_minus_tracheal	34099
All_dm6_minus_tracheal	34102
All_dm6_minus_tracheal	34105
All_dm6_minus_tracheal	34106
All_dm6_minus_tracheal	34107
All_dm6_minus_tracheal	34110
All_dm6_minus_tracheal	34111
All_dm6_minus_tracheal	34112
All_dm6_minus_tracheal	34114
All_dm6_minus_tracheal	34115
All_dm6_minus_tracheal	34116
All_dm6_minus_tracheal	34117
All_dm6_minus_tracheal	34118
All_dm6_minus_tracheal	34121
All_dm6_minus_tracheal	34124
All_dm6_minus_tracheal	34125
All_dm6_minus_tracheal	34126
All_dm6_minus_tracheal	34129
All_dm6_minus_tracheal	34131
All_dm6_minus_tracheal	34135
All_dm6_minus_tracheal	34136
All_dm6_minus_tracheal	34138
All_dm6_minus_tracheal	34139
All_dm6_minus_tracheal	34140
All_dm6_minus_tracheal	34141
All_dm6_minus_tracheal	34142
All_dm6_minus_tracheal	34143
All_dm6_minus_tracheal	34144
All_dm6_minus_tracheal	34145
All_dm6_minus_tracheal	34146
All_dm6_minus_tracheal	34147
All_dm6_minus_tracheal	34148
All_dm6_minus_tracheal	34149
All_dm6_minus_tracheal	34152
All_dm6_minus_tracheal	34153
All_dm6_minus_tracheal	34154
All_dm6_minus_tracheal	34155
All_dm6_minus_tracheal	34157
All_dm6_minus_tracheal	34158
All_dm6_minus_tracheal	34159
All_dm6_minus_tracheal	34160
All_dm6_minus_tracheal	34161
All_dm6_minus_tracheal	34162
All_dm6_minus_tracheal	34164
All_dm6_minus_tracheal	34165
All_dm6_minus_tracheal	34166
All_dm6_minus_tracheal	34167
All_dm6_minus_tracheal	34169
All_dm6_minus_tracheal	34170
All_dm6_minus_tracheal	34171
All_dm6_minus_tracheal	34172
All_dm6_minus_tracheal	34175
All_dm6_minus_tracheal	34176
All_dm6_minus_tracheal	34177
All_dm6_minus_tracheal	34180
All_dm6_minus_tracheal	34181
All_dm6_minus_tracheal	34182
All_dm6_minus_tracheal	34183
All_dm6_minus_tracheal	34184
All_dm6_minus_tracheal	34185
All_dm6_minus_tracheal	34187
All_dm6_minus_tracheal	34188
All_dm6_minus_tracheal	34191
All_dm6_minus_tracheal	34193
All_dm6_minus_tracheal	34194
All_dm6_minus_tracheal	34195
All_dm6_minus_tracheal	34196
All_dm6_minus_tracheal	34197
All_dm6_minus_tracheal	34198
All_dm6_minus_tracheal	34202
All_dm6_minus_tracheal	34203
All_dm6_minus_tracheal	34204
All_dm6_minus_tracheal	34205
All_dm6_minus_tracheal	34208
All_dm6_minus_tracheal	34209
All_dm6_minus_tracheal	34211
All_dm6_minus_tracheal	34212
All_dm6_minus_tracheal	34215
All_dm6_minus_tracheal	34217
All_dm6_minus_tracheal	34218
All_dm6_minus_tracheal	34219
All_dm6_minus_tracheal	34220
All_dm6_minus_tracheal	34221
All_dm6_minus_tracheal	34222
All_dm6_minus_tracheal	34223
All_dm6_minus_tracheal	34224
All_dm6_minus_tracheal	34225
All_dm6_minus_tracheal	34226
All_dm6_minus_tracheal	34227
All_dm6_minus_tracheal	34228
All_dm6_minus_tracheal	34229
All_dm6_minus_tracheal	34230
All_dm6_minus_tracheal	34231
All_dm6_minus_tracheal	34234
All_dm6_minus_tracheal	34235
All_dm6_minus_tracheal	34236
All_dm6_minus_tracheal	34240
All_dm6_minus_tracheal	34241
All_dm6_minus_tracheal	34244
All_dm6_minus_tracheal	34249
All_dm6_minus_tracheal	34250
All_dm6_minus_tracheal	34251
All_dm6_minus_tracheal	34252
All_dm6_minus_tracheal	34253
All_dm6_minus_tracheal	34256
All_dm6_minus_tracheal	34257
All_dm6_minus_tracheal	34258
All_dm6_minus_tracheal	34259
All_dm6_minus_tracheal	34260
All_dm6_minus_tracheal	34262
All_dm6_minus_tracheal	34264
All_dm6_minus_tracheal	34268
All_dm6_minus_tracheal	34269
All_dm6_minus_tracheal	34270
All_dm6_minus_tracheal	34271
All_dm6_minus_tracheal	34272
All_dm6_minus_tracheal	34274
All_dm6_minus_tracheal	34275
All_dm6_minus_tracheal	34276
All_dm6_minus_tracheal	34277
All_dm6_minus_tracheal	34278
All_dm6_minus_tracheal	34279
All_dm6_minus_tracheal	34280
All_dm6_minus_tracheal	34281
All_dm6_minus_tracheal	34282
All_dm6_minus_tracheal	34283
All_dm6_minus_tracheal	34284
All_dm6_minus_tracheal	34286
All_dm6_minus_tracheal	34288
All_dm6_minus_tracheal	34289
All_dm6_minus_tracheal	34292
All_dm6_minus_tracheal	34293
All_dm6_minus_tracheal	34295
All_dm6_minus_tracheal	34297
All_dm6_minus_tracheal	34303
All_dm6_minus_tracheal	34304
All_dm6_minus_tracheal	34306
All_dm6_minus_tracheal	34307
All_dm6_minus_tracheal	34309
All_dm6_minus_tracheal	34310
All_dm6_minus_tracheal	34311
All_dm6_minus_tracheal	34315
All_dm6_minus_tracheal	34316
All_dm6_minus_tracheal	34317
All_dm6_minus_tracheal	34318
All_dm6_minus_tracheal	34319
All_dm6_minus_tracheal	34321
All_dm6_minus_tracheal	34322
All_dm6_minus_tracheal	34323
All_dm6_minus_tracheal	34324
All_dm6_minus_tracheal	34325
All_dm6_minus_tracheal	34326
All_dm6_minus_tracheal	34327
All_dm6_minus_tracheal	34328
All_dm6_minus_tracheal	34329
All_dm6_minus_tracheal	34331
All_dm6_minus_tracheal	34333
All_dm6_minus_tracheal	34334
All_dm6_minus_tracheal	34335
All_dm6_minus_tracheal	34339
All_dm6_minus_tracheal	34341
All_dm6_minus_tracheal	34342
All_dm6_minus_tracheal	34345
All_dm6_minus_tracheal	34348
All_dm6_minus_tracheal	34349
All_dm6_minus_tracheal	34350
All_dm6_minus_tracheal	34351
All_dm6_minus_tracheal	34352
All_dm6_minus_tracheal	34354
All_dm6_minus_tracheal	34355
All_dm6_minus_tracheal	34356
All_dm6_minus_tracheal	34357
All_dm6_minus_tracheal	34358
All_dm6_minus_tracheal	34359
All_dm6_minus_tracheal	34360
All_dm6_minus_tracheal	34361
All_dm6_minus_tracheal	34362
All_dm6_minus_tracheal	34367
All_dm6_minus_tracheal	34368
All_dm6_minus_tracheal	34371
All_dm6_minus_tracheal	34372
All_dm6_minus_tracheal	34373
All_dm6_minus_tracheal	34374
All_dm6_minus_tracheal	34376
All_dm6_minus_tracheal	34377
All_dm6_minus_tracheal	34378
All_dm6_minus_tracheal	34379
All_dm6_minus_tracheal	34380
All_dm6_minus_tracheal	34381
All_dm6_minus_tracheal	34383
All_dm6_minus_tracheal	34385
All_dm6_minus_tracheal	34386
All_dm6_minus_tracheal	34387
All_dm6_minus_tracheal	34388
All_dm6_minus_tracheal	34389
All_dm6_minus_tracheal	34390
All_dm6_minus_tracheal	34393
All_dm6_minus_tracheal	34394
All_dm6_minus_tracheal	34395
All_dm6_minus_tracheal	34396
All_dm6_minus_tracheal	34397
All_dm6_minus_tracheal	34398
All_dm6_minus_tracheal	34401
All_dm6_minus_tracheal	34402
All_dm6_minus_tracheal	34403
All_dm6_minus_tracheal	34404
All_dm6_minus_tracheal	34406
All_dm6_minus_tracheal	34408
All_dm6_minus_tracheal	34409
All_dm6_minus_tracheal	34410
All_dm6_minus_tracheal	34412
All_dm6_minus_tracheal	34413
All_dm6_minus_tracheal	34414
All_dm6_minus_tracheal	34416
All_dm6_minus_tracheal	34419
All_dm6_minus_tracheal	34420
All_dm6_minus_tracheal	34421
All_dm6_minus_tracheal	34422
All_dm6_minus_tracheal	34423
All_dm6_minus_tracheal	34425
All_dm6_minus_tracheal	34428
All_dm6_minus_tracheal	34429
All_dm6_minus_tracheal	34430
All_dm6_minus_tracheal	34431
All_dm6_minus_tracheal	34432
All_dm6_minus_tracheal	34433
All_dm6_minus_tracheal	34434
All_dm6_minus_tracheal	34435
All_dm6_minus_tracheal	34436
All_dm6_minus_tracheal	34437
All_dm6_minus_tracheal	34438
All_dm6_minus_tracheal	34440
All_dm6_minus_tracheal	34441
All_dm6_minus_tracheal	34443
All_dm6_minus_tracheal	34444
All_dm6_minus_tracheal	34446
All_dm6_minus_tracheal	34447
All_dm6_minus_tracheal	34449
All_dm6_minus_tracheal	34450
All_dm6_minus_tracheal	34451
All_dm6_minus_tracheal	34452
All_dm6_minus_tracheal	34454
All_dm6_minus_tracheal	34455
All_dm6_minus_tracheal	34457
All_dm6_minus_tracheal	34458
All_dm6_minus_tracheal	34460
All_dm6_minus_tracheal	34461
All_dm6_minus_tracheal	34462
All_dm6_minus_tracheal	34465
All_dm6_minus_tracheal	34466
All_dm6_minus_tracheal	34467
All_dm6_minus_tracheal	34468
All_dm6_minus_tracheal	34471
All_dm6_minus_tracheal	34472
All_dm6_minus_tracheal	34476
All_dm6_minus_tracheal	34477
All_dm6_minus_tracheal	34478
All_dm6_minus_tracheal	34479
All_dm6_minus_tracheal	34480
All_dm6_minus_tracheal	34481
All_dm6_minus_tracheal	34482
All_dm6_minus_tracheal	34483
All_dm6_minus_tracheal	34484
All_dm6_minus_tracheal	34486
All_dm6_minus_tracheal	34487
All_dm6_minus_tracheal	34488
All_dm6_minus_tracheal	34489
All_dm6_minus_tracheal	34490
All_dm6_minus_tracheal	34493
All_dm6_minus_tracheal	34494
All_dm6_minus_tracheal	34495
All_dm6_minus_tracheal	34496
All_dm6_minus_tracheal	34497
All_dm6_minus_tracheal	34499
All_dm6_minus_tracheal	34502
All_dm6_minus_tracheal	34503
All_dm6_minus_tracheal	34506
All_dm6_minus_tracheal	34507
All_dm6_minus_tracheal	34508
All_dm6_minus_tracheal	34509
All_dm6_minus_tracheal	34510
All_dm6_minus_tracheal	34513
All_dm6_minus_tracheal	34516
All_dm6_minus_tracheal	34517
All_dm6_minus_tracheal	34519
All_dm6_minus_tracheal	34521
All_dm6_minus_tracheal	34524
All_dm6_minus_tracheal	34526
All_dm6_minus_tracheal	34527
All_dm6_minus_tracheal	34528
All_dm6_minus_tracheal	34531
All_dm6_minus_tracheal	34532
All_dm6_minus_tracheal	34536
All_dm6_minus_tracheal	34537
All_dm6_minus_tracheal	34538
All_dm6_minus_tracheal	34539
All_dm6_minus_tracheal	34540
All_dm6_minus_tracheal	34541
All_dm6_minus_tracheal	34542
All_dm6_minus_tracheal	34543
All_dm6_minus_tracheal	34544
All_dm6_minus_tracheal	34545
All_dm6_minus_tracheal	34549
All_dm6_minus_tracheal	34550
All_dm6_minus_tracheal	34551
All_dm6_minus_tracheal	34552
All_dm6_minus_tracheal	34553
All_dm6_minus_tracheal	34554
All_dm6_minus_tracheal	34557
All_dm6_minus_tracheal	34558
All_dm6_minus_tracheal	34559
All_dm6_minus_tracheal	34564
All_dm6_minus_tracheal	34565
All_dm6_minus_tracheal	34566
All_dm6_minus_tracheal	34567
All_dm6_minus_tracheal	34572
All_dm6_minus_tracheal	34573
All_dm6_minus_tracheal	34576
All_dm6_minus_tracheal	34577
All_dm6_minus_tracheal	34578
All_dm6_minus_tracheal	34581
All_dm6_minus_tracheal	34582
All_dm6_minus_tracheal	34583
All_dm6_minus_tracheal	34584
All_dm6_minus_tracheal	34585
All_dm6_minus_tracheal	34586
All_dm6_minus_tracheal	34587
All_dm6_minus_tracheal	34588
All_dm6_minus_tracheal	34589
All_dm6_minus_tracheal	34590
All_dm6_minus_tracheal	34591
All_dm6_minus_tracheal	34593
All_dm6_minus_tracheal	34594
All_dm6_minus_tracheal	34595
All_dm6_minus_tracheal	34597
All_dm6_minus_tracheal	34598
All_dm6_minus_tracheal	34601
All_dm6_minus_tracheal	34602
All_dm6_minus_tracheal	34603
All_dm6_minus_tracheal	34604
All_dm6_minus_tracheal	34605
All_dm6_minus_tracheal	34607
All_dm6_minus_tracheal	34608
All_dm6_minus_tracheal	34609
All_dm6_minus_tracheal	34610
All_dm6_minus_tracheal	34611
All_dm6_minus_tracheal	34613
All_dm6_minus_tracheal	34615
All_dm6_minus_tracheal	34616
All_dm6_minus_tracheal	34618
All_dm6_minus_tracheal	34620
All_dm6_minus_tracheal	34622
All_dm6_minus_tracheal	34623
All_dm6_minus_tracheal	34624
All_dm6_minus_tracheal	34625
All_dm6_minus_tracheal	34626
All_dm6_minus_tracheal	34627
All_dm6_minus_tracheal	34628
All_dm6_minus_tracheal	34629
All_dm6_minus_tracheal	34630
All_dm6_minus_tracheal	34631
All_dm6_minus_tracheal	34632
All_dm6_minus_tracheal	34633
All_dm6_minus_tracheal	34634
All_dm6_minus_tracheal	34637
All_dm6_minus_tracheal	34638
All_dm6_minus_tracheal	34639
All_dm6_minus_tracheal	34640
All_dm6_minus_tracheal	34641
All_dm6_minus_tracheal	34642
All_dm6_minus_tracheal	34644
All_dm6_minus_tracheal	34648
All_dm6_minus_tracheal	34650
All_dm6_minus_tracheal	34651
All_dm6_minus_tracheal	34654
All_dm6_minus_tracheal	34655
All_dm6_minus_tracheal	34656
All_dm6_minus_tracheal	34657
All_dm6_minus_tracheal	34660
All_dm6_minus_tracheal	34661
All_dm6_minus_tracheal	34662
All_dm6_minus_tracheal	34663
All_dm6_minus_tracheal	34667
All_dm6_minus_tracheal	34669
All_dm6_minus_tracheal	34671
All_dm6_minus_tracheal	34675
All_dm6_minus_tracheal	34676
All_dm6_minus_tracheal	34677
All_dm6_minus_tracheal	34678
All_dm6_minus_tracheal	34679
All_dm6_minus_tracheal	34680
All_dm6_minus_tracheal	34681
All_dm6_minus_tracheal	34682
All_dm6_minus_tracheal	34683
All_dm6_minus_tracheal	34684
All_dm6_minus_tracheal	34685
All_dm6_minus_tracheal	34686
All_dm6_minus_tracheal	34687
All_dm6_minus_tracheal	34688
All_dm6_minus_tracheal	34689
All_dm6_minus_tracheal	34693
All_dm6_minus_tracheal	34695
All_dm6_minus_tracheal	34696
All_dm6_minus_tracheal	34699
All_dm6_minus_tracheal	34700
All_dm6_minus_tracheal	34702
All_dm6_minus_tracheal	34703
All_dm6_minus_tracheal	34704
All_dm6_minus_tracheal	34705
All_dm6_minus_tracheal	34706
All_dm6_minus_tracheal	34707
All_dm6_minus_tracheal	34708
All_dm6_minus_tracheal	34709
All_dm6_minus_tracheal	34710
All_dm6_minus_tracheal	34711
All_dm6_minus_tracheal	34712
All_dm6_minus_tracheal	34713
All_dm6_minus_tracheal	34714
All_dm6_minus_tracheal	34715
All_dm6_minus_tracheal	34716
All_dm6_minus_tracheal	34717
All_dm6_minus_tracheal	34718
All_dm6_minus_tracheal	34719
All_dm6_minus_tracheal	34720
All_dm6_minus_tracheal	34721
All_dm6_minus_tracheal	34722
All_dm6_minus_tracheal	34723
All_dm6_minus_tracheal	34724
All_dm6_minus_tracheal	34725
All_dm6_minus_tracheal	34726
All_dm6_minus_tracheal	34727
All_dm6_minus_tracheal	34728
All_dm6_minus_tracheal	34729
All_dm6_minus_tracheal	34731
All_dm6_minus_tracheal	34732
All_dm6_minus_tracheal	34734
All_dm6_minus_tracheal	34735
All_dm6_minus_tracheal	34736
All_dm6_minus_tracheal	34738
All_dm6_minus_tracheal	34739
All_dm6_minus_tracheal	34741
All_dm6_minus_tracheal	34742
All_dm6_minus_tracheal	34743
All_dm6_minus_tracheal	34745
All_dm6_minus_tracheal	34747
All_dm6_minus_tracheal	34748
All_dm6_minus_tracheal	34751
All_dm6_minus_tracheal	34752
All_dm6_minus_tracheal	34753
All_dm6_minus_tracheal	34754
All_dm6_minus_tracheal	34755
All_dm6_minus_tracheal	34756
All_dm6_minus_tracheal	34757
All_dm6_minus_tracheal	34758
All_dm6_minus_tracheal	34759
All_dm6_minus_tracheal	34760
All_dm6_minus_tracheal	34761
All_dm6_minus_tracheal	34762
All_dm6_minus_tracheal	34763
All_dm6_minus_tracheal	34764
All_dm6_minus_tracheal	34767
All_dm6_minus_tracheal	34768
All_dm6_minus_tracheal	34769
All_dm6_minus_tracheal	34770
All_dm6_minus_tracheal	34771
All_dm6_minus_tracheal	34773
All_dm6_minus_tracheal	34774
All_dm6_minus_tracheal	34776
All_dm6_minus_tracheal	34777
All_dm6_minus_tracheal	34778
All_dm6_minus_tracheal	34779
All_dm6_minus_tracheal	34780
All_dm6_minus_tracheal	34781
All_dm6_minus_tracheal	34783
All_dm6_minus_tracheal	34784
All_dm6_minus_tracheal	34785
All_dm6_minus_tracheal	34786
All_dm6_minus_tracheal	34787
All_dm6_minus_tracheal	34788
All_dm6_minus_tracheal	34789
All_dm6_minus_tracheal	34791
All_dm6_minus_tracheal	34792
All_dm6_minus_tracheal	34794
All_dm6_minus_tracheal	34796
All_dm6_minus_tracheal	34799
All_dm6_minus_tracheal	34800
All_dm6_minus_tracheal	34801
All_dm6_minus_tracheal	34802
All_dm6_minus_tracheal	34803
All_dm6_minus_tracheal	34804
All_dm6_minus_tracheal	34806
All_dm6_minus_tracheal	34807
All_dm6_minus_tracheal	34808
All_dm6_minus_tracheal	34812
All_dm6_minus_tracheal	34813
All_dm6_minus_tracheal	34814
All_dm6_minus_tracheal	34815
All_dm6_minus_tracheal	34816
All_dm6_minus_tracheal	34817
All_dm6_minus_tracheal	34818
All_dm6_minus_tracheal	34819
All_dm6_minus_tracheal	34823
All_dm6_minus_tracheal	34826
All_dm6_minus_tracheal	34828
All_dm6_minus_tracheal	34829
All_dm6_minus_tracheal	34830
All_dm6_minus_tracheal	34833
All_dm6_minus_tracheal	34834
All_dm6_minus_tracheal	34835
All_dm6_minus_tracheal	34836
All_dm6_minus_tracheal	34837
All_dm6_minus_tracheal	34838
All_dm6_minus_tracheal	34839
All_dm6_minus_tracheal	34840
All_dm6_minus_tracheal	34842
All_dm6_minus_tracheal	34845
All_dm6_minus_tracheal	34846
All_dm6_minus_tracheal	34848
All_dm6_minus_tracheal	34849
All_dm6_minus_tracheal	34853
All_dm6_minus_tracheal	34854
All_dm6_minus_tracheal	34856
All_dm6_minus_tracheal	34857
All_dm6_minus_tracheal	34858
All_dm6_minus_tracheal	34859
All_dm6_minus_tracheal	34863
All_dm6_minus_tracheal	34864
All_dm6_minus_tracheal	34865
All_dm6_minus_tracheal	34866
All_dm6_minus_tracheal	34867
All_dm6_minus_tracheal	34870
All_dm6_minus_tracheal	34872
All_dm6_minus_tracheal	34873
All_dm6_minus_tracheal	34874
All_dm6_minus_tracheal	34875
All_dm6_minus_tracheal	34876
All_dm6_minus_tracheal	34877
All_dm6_minus_tracheal	34878
All_dm6_minus_tracheal	34886
All_dm6_minus_tracheal	34888
All_dm6_minus_tracheal	34889
All_dm6_minus_tracheal	34890
All_dm6_minus_tracheal	34891
All_dm6_minus_tracheal	34892
All_dm6_minus_tracheal	34893
All_dm6_minus_tracheal	34898
All_dm6_minus_tracheal	34899
All_dm6_minus_tracheal	34901
All_dm6_minus_tracheal	34902
All_dm6_minus_tracheal	34904
All_dm6_minus_tracheal	34907
All_dm6_minus_tracheal	34910
All_dm6_minus_tracheal	34911
All_dm6_minus_tracheal	34912
All_dm6_minus_tracheal	34913
All_dm6_minus_tracheal	34914
All_dm6_minus_tracheal	34915
All_dm6_minus_tracheal	34916
All_dm6_minus_tracheal	34917
All_dm6_minus_tracheal	34918
All_dm6_minus_tracheal	34919
All_dm6_minus_tracheal	34920
All_dm6_minus_tracheal	34921
All_dm6_minus_tracheal	34922
All_dm6_minus_tracheal	34923
All_dm6_minus_tracheal	34924
All_dm6_minus_tracheal	34925
All_dm6_minus_tracheal	34928
All_dm6_minus_tracheal	34930
All_dm6_minus_tracheal	34931
All_dm6_minus_tracheal	34932
All_dm6_minus_tracheal	34933
All_dm6_minus_tracheal	34934
All_dm6_minus_tracheal	34935
All_dm6_minus_tracheal	34937
All_dm6_minus_tracheal	34938
All_dm6_minus_tracheal	34939
All_dm6_minus_tracheal	34940
All_dm6_minus_tracheal	34941
All_dm6_minus_tracheal	34942
All_dm6_minus_tracheal	34943
All_dm6_minus_tracheal	34944
All_dm6_minus_tracheal	34945
All_dm6_minus_tracheal	34946
All_dm6_minus_tracheal	34947
All_dm6_minus_tracheal	34948
All_dm6_minus_tracheal	34949
All_dm6_minus_tracheal	34950
All_dm6_minus_tracheal	34951
All_dm6_minus_tracheal	34952
All_dm6_minus_tracheal	34953
All_dm6_minus_tracheal	34954
All_dm6_minus_tracheal	34955
All_dm6_minus_tracheal	34957
All_dm6_minus_tracheal	34958
All_dm6_minus_tracheal	34959
All_dm6_minus_tracheal	34961
All_dm6_minus_tracheal	34962
All_dm6_minus_tracheal	34963
All_dm6_minus_tracheal	34964
All_dm6_minus_tracheal	34965
All_dm6_minus_tracheal	34967
All_dm6_minus_tracheal	34968
All_dm6_minus_tracheal	34970
All_dm6_minus_tracheal	34974
All_dm6_minus_tracheal	34978
All_dm6_minus_tracheal	34979
All_dm6_minus_tracheal	34981
All_dm6_minus_tracheal	34982
All_dm6_minus_tracheal	34983
All_dm6_minus_tracheal	34984
All_dm6_minus_tracheal	34986
All_dm6_minus_tracheal	34988
All_dm6_minus_tracheal	34991
All_dm6_minus_tracheal	34992
All_dm6_minus_tracheal	34993
All_dm6_minus_tracheal	34995
All_dm6_minus_tracheal	34997
All_dm6_minus_tracheal	34998
All_dm6_minus_tracheal	34999
All_dm6_minus_tracheal	35000
All_dm6_minus_tracheal	35001
All_dm6_minus_tracheal	35003
All_dm6_minus_tracheal	35004
All_dm6_minus_tracheal	35006
All_dm6_minus_tracheal	35009
All_dm6_minus_tracheal	35015
All_dm6_minus_tracheal	35016
All_dm6_minus_tracheal	35019
All_dm6_minus_tracheal	35020
All_dm6_minus_tracheal	35022
All_dm6_minus_tracheal	35026
All_dm6_minus_tracheal	35029
All_dm6_minus_tracheal	35031
All_dm6_minus_tracheal	35032
All_dm6_minus_tracheal	35033
All_dm6_minus_tracheal	35034
All_dm6_minus_tracheal	35035
All_dm6_minus_tracheal	35040
All_dm6_minus_tracheal	35042
All_dm6_minus_tracheal	35043
All_dm6_minus_tracheal	35044
All_dm6_minus_tracheal	35046
All_dm6_minus_tracheal	35048
All_dm6_minus_tracheal	35049
All_dm6_minus_tracheal	35050
All_dm6_minus_tracheal	35052
All_dm6_minus_tracheal	35053
All_dm6_minus_tracheal	35055
All_dm6_minus_tracheal	35056
All_dm6_minus_tracheal	35057
All_dm6_minus_tracheal	35058
All_dm6_minus_tracheal	35059
All_dm6_minus_tracheal	35060
All_dm6_minus_tracheal	35061
All_dm6_minus_tracheal	35062
All_dm6_minus_tracheal	35063
All_dm6_minus_tracheal	35064
All_dm6_minus_tracheal	35065
All_dm6_minus_tracheal	35067
All_dm6_minus_tracheal	35068
All_dm6_minus_tracheal	35069
All_dm6_minus_tracheal	35071
All_dm6_minus_tracheal	35072
All_dm6_minus_tracheal	35073
All_dm6_minus_tracheal	35074
All_dm6_minus_tracheal	35075
All_dm6_minus_tracheal	35076
All_dm6_minus_tracheal	35078
All_dm6_minus_tracheal	35079
All_dm6_minus_tracheal	35080
All_dm6_minus_tracheal	35081
All_dm6_minus_tracheal	35082
All_dm6_minus_tracheal	35083
All_dm6_minus_tracheal	35084
All_dm6_minus_tracheal	35086
All_dm6_minus_tracheal	35087
All_dm6_minus_tracheal	35088
All_dm6_minus_tracheal	35089
All_dm6_minus_tracheal	35090
All_dm6_minus_tracheal	35091
All_dm6_minus_tracheal	35095
All_dm6_minus_tracheal	35096
All_dm6_minus_tracheal	35098
All_dm6_minus_tracheal	35100
All_dm6_minus_tracheal	35101
All_dm6_minus_tracheal	35102
All_dm6_minus_tracheal	35103
All_dm6_minus_tracheal	35105
All_dm6_minus_tracheal	35106
All_dm6_minus_tracheal	35109
All_dm6_minus_tracheal	35110
All_dm6_minus_tracheal	35111
All_dm6_minus_tracheal	35112
All_dm6_minus_tracheal	35113
All_dm6_minus_tracheal	35114
All_dm6_minus_tracheal	35117
All_dm6_minus_tracheal	35119
All_dm6_minus_tracheal	35121
All_dm6_minus_tracheal	35122
All_dm6_minus_tracheal	35123
All_dm6_minus_tracheal	35124
All_dm6_minus_tracheal	35126
All_dm6_minus_tracheal	35127
All_dm6_minus_tracheal	35128
All_dm6_minus_tracheal	35129
All_dm6_minus_tracheal	35130
All_dm6_minus_tracheal	35131
All_dm6_minus_tracheal	35134
All_dm6_minus_tracheal	35135
All_dm6_minus_tracheal	35137
All_dm6_minus_tracheal	35138
All_dm6_minus_tracheal	35139
All_dm6_minus_tracheal	35140
All_dm6_minus_tracheal	35142
All_dm6_minus_tracheal	35143
All_dm6_minus_tracheal	35144
All_dm6_minus_tracheal	35145
All_dm6_minus_tracheal	35146
All_dm6_minus_tracheal	35147
All_dm6_minus_tracheal	35149
All_dm6_minus_tracheal	35150
All_dm6_minus_tracheal	35152
All_dm6_minus_tracheal	35153
All_dm6_minus_tracheal	35154
All_dm6_minus_tracheal	35155
All_dm6_minus_tracheal	35156
All_dm6_minus_tracheal	35157
All_dm6_minus_tracheal	35159
All_dm6_minus_tracheal	35160
All_dm6_minus_tracheal	35161
All_dm6_minus_tracheal	35162
All_dm6_minus_tracheal	35163
All_dm6_minus_tracheal	35166
All_dm6_minus_tracheal	35167
All_dm6_minus_tracheal	35169
All_dm6_minus_tracheal	35170
All_dm6_minus_tracheal	35172
All_dm6_minus_tracheal	35173
All_dm6_minus_tracheal	35174
All_dm6_minus_tracheal	35176
All_dm6_minus_tracheal	35177
All_dm6_minus_tracheal	35178
All_dm6_minus_tracheal	35179
All_dm6_minus_tracheal	35181
All_dm6_minus_tracheal	35183
All_dm6_minus_tracheal	35184
All_dm6_minus_tracheal	35185
All_dm6_minus_tracheal	35188
All_dm6_minus_tracheal	35189
All_dm6_minus_tracheal	35192
All_dm6_minus_tracheal	35193
All_dm6_minus_tracheal	35194
All_dm6_minus_tracheal	35195
All_dm6_minus_tracheal	35196
All_dm6_minus_tracheal	35198
All_dm6_minus_tracheal	35199
All_dm6_minus_tracheal	35203
All_dm6_minus_tracheal	35205
All_dm6_minus_tracheal	35206
All_dm6_minus_tracheal	35208
All_dm6_minus_tracheal	35209
All_dm6_minus_tracheal	35210
All_dm6_minus_tracheal	35211
All_dm6_minus_tracheal	35212
All_dm6_minus_tracheal	35213
All_dm6_minus_tracheal	35215
All_dm6_minus_tracheal	35216
All_dm6_minus_tracheal	35218
All_dm6_minus_tracheal	35219
All_dm6_minus_tracheal	35220
All_dm6_minus_tracheal	35221
All_dm6_minus_tracheal	35222
All_dm6_minus_tracheal	35226
All_dm6_minus_tracheal	35227
All_dm6_minus_tracheal	35228
All_dm6_minus_tracheal	35229
All_dm6_minus_tracheal	35230
All_dm6_minus_tracheal	35231
All_dm6_minus_tracheal	35232
All_dm6_minus_tracheal	35234
All_dm6_minus_tracheal	35235
All_dm6_minus_tracheal	35236
All_dm6_minus_tracheal	35237
All_dm6_minus_tracheal	35238
All_dm6_minus_tracheal	35239
All_dm6_minus_tracheal	35240
All_dm6_minus_tracheal	35241
All_dm6_minus_tracheal	35242
All_dm6_minus_tracheal	35243
All_dm6_minus_tracheal	35245
All_dm6_minus_tracheal	35246
All_dm6_minus_tracheal	35247
All_dm6_minus_tracheal	35248
All_dm6_minus_tracheal	35250
All_dm6_minus_tracheal	35251
All_dm6_minus_tracheal	35252
All_dm6_minus_tracheal	35254
All_dm6_minus_tracheal	35255
All_dm6_minus_tracheal	35256
All_dm6_minus_tracheal	35257
All_dm6_minus_tracheal	35258
All_dm6_minus_tracheal	35259
All_dm6_minus_tracheal	35260
All_dm6_minus_tracheal	35261
All_dm6_minus_tracheal	35262
All_dm6_minus_tracheal	35263
All_dm6_minus_tracheal	35264
All_dm6_minus_tracheal	35267
All_dm6_minus_tracheal	35268
All_dm6_minus_tracheal	35270
All_dm6_minus_tracheal	35273
All_dm6_minus_tracheal	35275
All_dm6_minus_tracheal	35279
All_dm6_minus_tracheal	35280
All_dm6_minus_tracheal	35281
All_dm6_minus_tracheal	35282
All_dm6_minus_tracheal	35285
All_dm6_minus_tracheal	35286
All_dm6_minus_tracheal	35287
All_dm6_minus_tracheal	35288
All_dm6_minus_tracheal	35289
All_dm6_minus_tracheal	35291
All_dm6_minus_tracheal	35292
All_dm6_minus_tracheal	35293
All_dm6_minus_tracheal	35295
All_dm6_minus_tracheal	35296
All_dm6_minus_tracheal	35297
All_dm6_minus_tracheal	35298
All_dm6_minus_tracheal	35299
All_dm6_minus_tracheal	35300
All_dm6_minus_tracheal	35303
All_dm6_minus_tracheal	35305
All_dm6_minus_tracheal	35306
All_dm6_minus_tracheal	35307
All_dm6_minus_tracheal	35309
All_dm6_minus_tracheal	35310
All_dm6_minus_tracheal	35311
All_dm6_minus_tracheal	35312
All_dm6_minus_tracheal	35314
All_dm6_minus_tracheal	35315
All_dm6_minus_tracheal	35316
All_dm6_minus_tracheal	35319
All_dm6_minus_tracheal	35320
All_dm6_minus_tracheal	35321
All_dm6_minus_tracheal	35322
All_dm6_minus_tracheal	35323
All_dm6_minus_tracheal	35324
All_dm6_minus_tracheal	35325
All_dm6_minus_tracheal	35326
All_dm6_minus_tracheal	35327
All_dm6_minus_tracheal	35329
All_dm6_minus_tracheal	35330
All_dm6_minus_tracheal	35331
All_dm6_minus_tracheal	35332
All_dm6_minus_tracheal	35333
All_dm6_minus_tracheal	35334
All_dm6_minus_tracheal	35336
All_dm6_minus_tracheal	35337
All_dm6_minus_tracheal	35338
All_dm6_minus_tracheal	35339
All_dm6_minus_tracheal	35341
All_dm6_minus_tracheal	35342
All_dm6_minus_tracheal	35346
All_dm6_minus_tracheal	35347
All_dm6_minus_tracheal	35348
All_dm6_minus_tracheal	35349
All_dm6_minus_tracheal	35351
All_dm6_minus_tracheal	35352
All_dm6_minus_tracheal	35353
All_dm6_minus_tracheal	35354
All_dm6_minus_tracheal	35358
All_dm6_minus_tracheal	35359
All_dm6_minus_tracheal	35362
All_dm6_minus_tracheal	35364
All_dm6_minus_tracheal	35365
All_dm6_minus_tracheal	35366
All_dm6_minus_tracheal	35368
All_dm6_minus_tracheal	35369
All_dm6_minus_tracheal	35370
All_dm6_minus_tracheal	35372
All_dm6_minus_tracheal	35374
All_dm6_minus_tracheal	35375
All_dm6_minus_tracheal	35378
All_dm6_minus_tracheal	35380
All_dm6_minus_tracheal	35381
All_dm6_minus_tracheal	35382
All_dm6_minus_tracheal	35383
All_dm6_minus_tracheal	35384
All_dm6_minus_tracheal	35385
All_dm6_minus_tracheal	35387
All_dm6_minus_tracheal	35390
All_dm6_minus_tracheal	35393
All_dm6_minus_tracheal	35394
All_dm6_minus_tracheal	35395
All_dm6_minus_tracheal	35396
All_dm6_minus_tracheal	35399
All_dm6_minus_tracheal	35400
All_dm6_minus_tracheal	35402
All_dm6_minus_tracheal	35404
All_dm6_minus_tracheal	35407
All_dm6_minus_tracheal	35408
All_dm6_minus_tracheal	35409
All_dm6_minus_tracheal	35410
All_dm6_minus_tracheal	35411
All_dm6_minus_tracheal	35414
All_dm6_minus_tracheal	35419
All_dm6_minus_tracheal	35420
All_dm6_minus_tracheal	35421
All_dm6_minus_tracheal	35422
All_dm6_minus_tracheal	35424
All_dm6_minus_tracheal	35429
All_dm6_minus_tracheal	35431
All_dm6_minus_tracheal	35432
All_dm6_minus_tracheal	35433
All_dm6_minus_tracheal	35434
All_dm6_minus_tracheal	35435
All_dm6_minus_tracheal	35437
All_dm6_minus_tracheal	35438
All_dm6_minus_tracheal	35439
All_dm6_minus_tracheal	35440
All_dm6_minus_tracheal	35445
All_dm6_minus_tracheal	35447
All_dm6_minus_tracheal	35449
All_dm6_minus_tracheal	35452
All_dm6_minus_tracheal	35453
All_dm6_minus_tracheal	35473
All_dm6_minus_tracheal	35475
All_dm6_minus_tracheal	35478
All_dm6_minus_tracheal	35483
All_dm6_minus_tracheal	35485
All_dm6_minus_tracheal	35486
All_dm6_minus_tracheal	35488
All_dm6_minus_tracheal	35490
All_dm6_minus_tracheal	35491
All_dm6_minus_tracheal	35492
All_dm6_minus_tracheal	35494
All_dm6_minus_tracheal	35498
All_dm6_minus_tracheal	35499
All_dm6_minus_tracheal	35500
All_dm6_minus_tracheal	35501
All_dm6_minus_tracheal	35503
All_dm6_minus_tracheal	35505
All_dm6_minus_tracheal	35509
All_dm6_minus_tracheal	35511
All_dm6_minus_tracheal	35512
All_dm6_minus_tracheal	35513
All_dm6_minus_tracheal	35514
All_dm6_minus_tracheal	35515
All_dm6_minus_tracheal	35516
All_dm6_minus_tracheal	35520
All_dm6_minus_tracheal	35521
All_dm6_minus_tracheal	35522
All_dm6_minus_tracheal	35523
All_dm6_minus_tracheal	35527
All_dm6_minus_tracheal	35528
All_dm6_minus_tracheal	35529
All_dm6_minus_tracheal	35531
All_dm6_minus_tracheal	35532
All_dm6_minus_tracheal	35533
All_dm6_minus_tracheal	35535
All_dm6_minus_tracheal	35536
All_dm6_minus_tracheal	35537
All_dm6_minus_tracheal	35538
All_dm6_minus_tracheal	35539
All_dm6_minus_tracheal	35541
All_dm6_minus_tracheal	35543
All_dm6_minus_tracheal	35544
All_dm6_minus_tracheal	35545
All_dm6_minus_tracheal	35546
All_dm6_minus_tracheal	35547
All_dm6_minus_tracheal	35549
All_dm6_minus_tracheal	35550
All_dm6_minus_tracheal	35552
All_dm6_minus_tracheal	35553
All_dm6_minus_tracheal	35554
All_dm6_minus_tracheal	35556
All_dm6_minus_tracheal	35559
All_dm6_minus_tracheal	35560
All_dm6_minus_tracheal	35561
All_dm6_minus_tracheal	35564
All_dm6_minus_tracheal	35565
All_dm6_minus_tracheal	35567
All_dm6_minus_tracheal	35568
All_dm6_minus_tracheal	35569
All_dm6_minus_tracheal	35570
All_dm6_minus_tracheal	35571
All_dm6_minus_tracheal	35572
All_dm6_minus_tracheal	35573
All_dm6_minus_tracheal	35574
All_dm6_minus_tracheal	35575
All_dm6_minus_tracheal	35576
All_dm6_minus_tracheal	35578
All_dm6_minus_tracheal	35579
All_dm6_minus_tracheal	35580
All_dm6_minus_tracheal	35583
All_dm6_minus_tracheal	35586
All_dm6_minus_tracheal	35587
All_dm6_minus_tracheal	35588
All_dm6_minus_tracheal	35590
All_dm6_minus_tracheal	35591
All_dm6_minus_tracheal	35592
All_dm6_minus_tracheal	35594
All_dm6_minus_tracheal	35595
All_dm6_minus_tracheal	35596
All_dm6_minus_tracheal	35597
All_dm6_minus_tracheal	35599
All_dm6_minus_tracheal	35600
All_dm6_minus_tracheal	35602
All_dm6_minus_tracheal	35604
All_dm6_minus_tracheal	35608
All_dm6_minus_tracheal	35609
All_dm6_minus_tracheal	35610
All_dm6_minus_tracheal	35611
All_dm6_minus_tracheal	35612
All_dm6_minus_tracheal	35613
All_dm6_minus_tracheal	35615
All_dm6_minus_tracheal	35616
All_dm6_minus_tracheal	35617
All_dm6_minus_tracheal	35618
All_dm6_minus_tracheal	35620
All_dm6_minus_tracheal	35621
All_dm6_minus_tracheal	35622
All_dm6_minus_tracheal	35624
All_dm6_minus_tracheal	35625
All_dm6_minus_tracheal	35626
All_dm6_minus_tracheal	35628
All_dm6_minus_tracheal	35629
All_dm6_minus_tracheal	35630
All_dm6_minus_tracheal	35631
All_dm6_minus_tracheal	35634
All_dm6_minus_tracheal	35635
All_dm6_minus_tracheal	35639
All_dm6_minus_tracheal	35641
All_dm6_minus_tracheal	35642
All_dm6_minus_tracheal	35644
All_dm6_minus_tracheal	35646
All_dm6_minus_tracheal	35647
All_dm6_minus_tracheal	35648
All_dm6_minus_tracheal	35649
All_dm6_minus_tracheal	35653
All_dm6_minus_tracheal	35654
All_dm6_minus_tracheal	35655
All_dm6_minus_tracheal	35656
All_dm6_minus_tracheal	35658
All_dm6_minus_tracheal	35659
All_dm6_minus_tracheal	35660
All_dm6_minus_tracheal	35661
All_dm6_minus_tracheal	35663
All_dm6_minus_tracheal	35665
All_dm6_minus_tracheal	35667
All_dm6_minus_tracheal	35669
All_dm6_minus_tracheal	35670
All_dm6_minus_tracheal	35671
All_dm6_minus_tracheal	35672
All_dm6_minus_tracheal	35673
All_dm6_minus_tracheal	35674
All_dm6_minus_tracheal	35678
All_dm6_minus_tracheal	35679
All_dm6_minus_tracheal	35680
All_dm6_minus_tracheal	35681
All_dm6_minus_tracheal	35682
All_dm6_minus_tracheal	35683
All_dm6_minus_tracheal	35684
All_dm6_minus_tracheal	35685
All_dm6_minus_tracheal	35686
All_dm6_minus_tracheal	35689
All_dm6_minus_tracheal	35691
All_dm6_minus_tracheal	35692
All_dm6_minus_tracheal	35693
All_dm6_minus_tracheal	35695
All_dm6_minus_tracheal	35696
All_dm6_minus_tracheal	35697
All_dm6_minus_tracheal	35698
All_dm6_minus_tracheal	35701
All_dm6_minus_tracheal	35702
All_dm6_minus_tracheal	35705
All_dm6_minus_tracheal	35706
All_dm6_minus_tracheal	35707
All_dm6_minus_tracheal	35708
All_dm6_minus_tracheal	35709
All_dm6_minus_tracheal	35710
All_dm6_minus_tracheal	35711
All_dm6_minus_tracheal	35712
All_dm6_minus_tracheal	35713
All_dm6_minus_tracheal	35715
All_dm6_minus_tracheal	35717
All_dm6_minus_tracheal	35718
All_dm6_minus_tracheal	35719
All_dm6_minus_tracheal	35720
All_dm6_minus_tracheal	35724
All_dm6_minus_tracheal	35726
All_dm6_minus_tracheal	35727
All_dm6_minus_tracheal	35728
All_dm6_minus_tracheal	35730
All_dm6_minus_tracheal	35731
All_dm6_minus_tracheal	35732
All_dm6_minus_tracheal	35735
All_dm6_minus_tracheal	35737
All_dm6_minus_tracheal	35738
All_dm6_minus_tracheal	35741
All_dm6_minus_tracheal	35742
All_dm6_minus_tracheal	35743
All_dm6_minus_tracheal	35744
All_dm6_minus_tracheal	35745
All_dm6_minus_tracheal	35746
All_dm6_minus_tracheal	35747
All_dm6_minus_tracheal	35748
All_dm6_minus_tracheal	35749
All_dm6_minus_tracheal	35751
All_dm6_minus_tracheal	35753
All_dm6_minus_tracheal	35754
All_dm6_minus_tracheal	35756
All_dm6_minus_tracheal	35757
All_dm6_minus_tracheal	35758
All_dm6_minus_tracheal	35759
All_dm6_minus_tracheal	35761
All_dm6_minus_tracheal	35762
All_dm6_minus_tracheal	35763
All_dm6_minus_tracheal	35764
All_dm6_minus_tracheal	35765
All_dm6_minus_tracheal	35766
All_dm6_minus_tracheal	35767
All_dm6_minus_tracheal	35768
All_dm6_minus_tracheal	35770
All_dm6_minus_tracheal	35774
All_dm6_minus_tracheal	35777
All_dm6_minus_tracheal	35778
All_dm6_minus_tracheal	35779
All_dm6_minus_tracheal	35780
All_dm6_minus_tracheal	35781
All_dm6_minus_tracheal	35783
All_dm6_minus_tracheal	35784
All_dm6_minus_tracheal	35785
All_dm6_minus_tracheal	35787
All_dm6_minus_tracheal	35788
All_dm6_minus_tracheal	35789
All_dm6_minus_tracheal	35790
All_dm6_minus_tracheal	35795
All_dm6_minus_tracheal	35796
All_dm6_minus_tracheal	35797
All_dm6_minus_tracheal	35800
All_dm6_minus_tracheal	35802
All_dm6_minus_tracheal	35803
All_dm6_minus_tracheal	35804
All_dm6_minus_tracheal	35805
All_dm6_minus_tracheal	35806
All_dm6_minus_tracheal	35808
All_dm6_minus_tracheal	35810
All_dm6_minus_tracheal	35811
All_dm6_minus_tracheal	35812
All_dm6_minus_tracheal	35813
All_dm6_minus_tracheal	35814
All_dm6_minus_tracheal	35816
All_dm6_minus_tracheal	35817
All_dm6_minus_tracheal	35818
All_dm6_minus_tracheal	35819
All_dm6_minus_tracheal	35820
All_dm6_minus_tracheal	35821
All_dm6_minus_tracheal	35822
All_dm6_minus_tracheal	35824
All_dm6_minus_tracheal	35826
All_dm6_minus_tracheal	35827
All_dm6_minus_tracheal	35828
All_dm6_minus_tracheal	35829
All_dm6_minus_tracheal	35830
All_dm6_minus_tracheal	35832
All_dm6_minus_tracheal	35834
All_dm6_minus_tracheal	35835
All_dm6_minus_tracheal	35837
All_dm6_minus_tracheal	35838
All_dm6_minus_tracheal	35840
All_dm6_minus_tracheal	35841
All_dm6_minus_tracheal	35842
All_dm6_minus_tracheal	35843
All_dm6_minus_tracheal	35845
All_dm6_minus_tracheal	35847
All_dm6_minus_tracheal	35848
All_dm6_minus_tracheal	35849
All_dm6_minus_tracheal	35850
All_dm6_minus_tracheal	35854
All_dm6_minus_tracheal	35855
All_dm6_minus_tracheal	35856
All_dm6_minus_tracheal	35857
All_dm6_minus_tracheal	35858
All_dm6_minus_tracheal	35859
All_dm6_minus_tracheal	35860
All_dm6_minus_tracheal	35861
All_dm6_minus_tracheal	35862
All_dm6_minus_tracheal	35864
All_dm6_minus_tracheal	35865
All_dm6_minus_tracheal	35866
All_dm6_minus_tracheal	35867
All_dm6_minus_tracheal	35875
All_dm6_minus_tracheal	35877
All_dm6_minus_tracheal	35878
All_dm6_minus_tracheal	35879
All_dm6_minus_tracheal	35880
All_dm6_minus_tracheal	35884
All_dm6_minus_tracheal	35886
All_dm6_minus_tracheal	35888
All_dm6_minus_tracheal	35889
All_dm6_minus_tracheal	35890
All_dm6_minus_tracheal	35893
All_dm6_minus_tracheal	35894
All_dm6_minus_tracheal	35895
All_dm6_minus_tracheal	35896
All_dm6_minus_tracheal	35898
All_dm6_minus_tracheal	35899
All_dm6_minus_tracheal	35900
All_dm6_minus_tracheal	35901
All_dm6_minus_tracheal	35906
All_dm6_minus_tracheal	35907
All_dm6_minus_tracheal	35908
All_dm6_minus_tracheal	35909
All_dm6_minus_tracheal	35910
All_dm6_minus_tracheal	35911
All_dm6_minus_tracheal	35912
All_dm6_minus_tracheal	35913
All_dm6_minus_tracheal	35914
All_dm6_minus_tracheal	35915
All_dm6_minus_tracheal	35916
All_dm6_minus_tracheal	35917
All_dm6_minus_tracheal	35918
All_dm6_minus_tracheal	35919
All_dm6_minus_tracheal	35921
All_dm6_minus_tracheal	35922
All_dm6_minus_tracheal	35923
All_dm6_minus_tracheal	35925
All_dm6_minus_tracheal	35926
All_dm6_minus_tracheal	35927
All_dm6_minus_tracheal	35928
All_dm6_minus_tracheal	35929
All_dm6_minus_tracheal	35931
All_dm6_minus_tracheal	35932
All_dm6_minus_tracheal	35933
All_dm6_minus_tracheal	35934
All_dm6_minus_tracheal	35935
All_dm6_minus_tracheal	35936
All_dm6_minus_tracheal	35937
All_dm6_minus_tracheal	35938
All_dm6_minus_tracheal	35939
All_dm6_minus_tracheal	35940
All_dm6_minus_tracheal	35943
All_dm6_minus_tracheal	35944
All_dm6_minus_tracheal	35946
All_dm6_minus_tracheal	35948
All_dm6_minus_tracheal	35949
All_dm6_minus_tracheal	35952
All_dm6_minus_tracheal	35954
All_dm6_minus_tracheal	35955
All_dm6_minus_tracheal	35956
All_dm6_minus_tracheal	35957
All_dm6_minus_tracheal	35958
All_dm6_minus_tracheal	35959
All_dm6_minus_tracheal	35962
All_dm6_minus_tracheal	35966
All_dm6_minus_tracheal	35968
All_dm6_minus_tracheal	35969
All_dm6_minus_tracheal	35970
All_dm6_minus_tracheal	35974
All_dm6_minus_tracheal	35975
All_dm6_minus_tracheal	35977
All_dm6_minus_tracheal	35979
All_dm6_minus_tracheal	35980
All_dm6_minus_tracheal	35981
All_dm6_minus_tracheal	35984
All_dm6_minus_tracheal	35985
All_dm6_minus_tracheal	35986
All_dm6_minus_tracheal	35987
All_dm6_minus_tracheal	35988
All_dm6_minus_tracheal	35989
All_dm6_minus_tracheal	35993
All_dm6_minus_tracheal	35995
All_dm6_minus_tracheal	35996
All_dm6_minus_tracheal	35997
All_dm6_minus_tracheal	35998
All_dm6_minus_tracheal	35999
All_dm6_minus_tracheal	36000
All_dm6_minus_tracheal	36002
All_dm6_minus_tracheal	36003
All_dm6_minus_tracheal	36004
All_dm6_minus_tracheal	36005
All_dm6_minus_tracheal	36006
All_dm6_minus_tracheal	36010
All_dm6_minus_tracheal	36012
All_dm6_minus_tracheal	36013
All_dm6_minus_tracheal	36014
All_dm6_minus_tracheal	36015
All_dm6_minus_tracheal	36016
All_dm6_minus_tracheal	36017
All_dm6_minus_tracheal	36018
All_dm6_minus_tracheal	36019
All_dm6_minus_tracheal	36020
All_dm6_minus_tracheal	36022
All_dm6_minus_tracheal	36023
All_dm6_minus_tracheal	36025
All_dm6_minus_tracheal	36026
All_dm6_minus_tracheal	36027
All_dm6_minus_tracheal	36028
All_dm6_minus_tracheal	36030
All_dm6_minus_tracheal	36031
All_dm6_minus_tracheal	36034
All_dm6_minus_tracheal	36036
All_dm6_minus_tracheal	36038
All_dm6_minus_tracheal	36039
All_dm6_minus_tracheal	36041
All_dm6_minus_tracheal	36042
All_dm6_minus_tracheal	36043
All_dm6_minus_tracheal	36044
All_dm6_minus_tracheal	36045
All_dm6_minus_tracheal	36047
All_dm6_minus_tracheal	36048
All_dm6_minus_tracheal	36049
All_dm6_minus_tracheal	36050
All_dm6_minus_tracheal	36051
All_dm6_minus_tracheal	36052
All_dm6_minus_tracheal	36054
All_dm6_minus_tracheal	36055
All_dm6_minus_tracheal	36056
All_dm6_minus_tracheal	36057
All_dm6_minus_tracheal	36058
All_dm6_minus_tracheal	36060
All_dm6_minus_tracheal	36061
All_dm6_minus_tracheal	36064
All_dm6_minus_tracheal	36065
All_dm6_minus_tracheal	36068
All_dm6_minus_tracheal	36071
All_dm6_minus_tracheal	36075
All_dm6_minus_tracheal	36077
All_dm6_minus_tracheal	36078
All_dm6_minus_tracheal	36079
All_dm6_minus_tracheal	36080
All_dm6_minus_tracheal	36081
All_dm6_minus_tracheal	36082
All_dm6_minus_tracheal	36086
All_dm6_minus_tracheal	36088
All_dm6_minus_tracheal	36091
All_dm6_minus_tracheal	36092
All_dm6_minus_tracheal	36093
All_dm6_minus_tracheal	36094
All_dm6_minus_tracheal	36095
All_dm6_minus_tracheal	36096
All_dm6_minus_tracheal	36098
All_dm6_minus_tracheal	36101
All_dm6_minus_tracheal	36102
All_dm6_minus_tracheal	36103
All_dm6_minus_tracheal	36107
All_dm6_minus_tracheal	36108
All_dm6_minus_tracheal	36111
All_dm6_minus_tracheal	36121
All_dm6_minus_tracheal	36122
All_dm6_minus_tracheal	36123
All_dm6_minus_tracheal	36124
All_dm6_minus_tracheal	36125
All_dm6_minus_tracheal	36126
All_dm6_minus_tracheal	36127
All_dm6_minus_tracheal	36128
All_dm6_minus_tracheal	36129
All_dm6_minus_tracheal	36130
All_dm6_minus_tracheal	36131
All_dm6_minus_tracheal	36134
All_dm6_minus_tracheal	36136
All_dm6_minus_tracheal	36137
All_dm6_minus_tracheal	36138
All_dm6_minus_tracheal	36139
All_dm6_minus_tracheal	36141
All_dm6_minus_tracheal	36142
All_dm6_minus_tracheal	36143
All_dm6_minus_tracheal	36144
All_dm6_minus_tracheal	36145
All_dm6_minus_tracheal	36146
All_dm6_minus_tracheal	36147
All_dm6_minus_tracheal	36154
All_dm6_minus_tracheal	36156
All_dm6_minus_tracheal	36157
All_dm6_minus_tracheal	36158
All_dm6_minus_tracheal	36159
All_dm6_minus_tracheal	36160
All_dm6_minus_tracheal	36161
All_dm6_minus_tracheal	36162
All_dm6_minus_tracheal	36163
All_dm6_minus_tracheal	36167
All_dm6_minus_tracheal	36168
All_dm6_minus_tracheal	36169
All_dm6_minus_tracheal	36170
All_dm6_minus_tracheal	36172
All_dm6_minus_tracheal	36173
All_dm6_minus_tracheal	36174
All_dm6_minus_tracheal	36176
All_dm6_minus_tracheal	36177
All_dm6_minus_tracheal	36178
All_dm6_minus_tracheal	36179
All_dm6_minus_tracheal	36180
All_dm6_minus_tracheal	36181
All_dm6_minus_tracheal	36182
All_dm6_minus_tracheal	36183
All_dm6_minus_tracheal	36184
All_dm6_minus_tracheal	36186
All_dm6_minus_tracheal	36187
All_dm6_minus_tracheal	36188
All_dm6_minus_tracheal	36189
All_dm6_minus_tracheal	36190
All_dm6_minus_tracheal	36191
All_dm6_minus_tracheal	36192
All_dm6_minus_tracheal	36193
All_dm6_minus_tracheal	36194
All_dm6_minus_tracheal	36197
All_dm6_minus_tracheal	36199
All_dm6_minus_tracheal	36200
All_dm6_minus_tracheal	36201
All_dm6_minus_tracheal	36202
All_dm6_minus_tracheal	36203
All_dm6_minus_tracheal	36205
All_dm6_minus_tracheal	36207
All_dm6_minus_tracheal	36208
All_dm6_minus_tracheal	36209
All_dm6_minus_tracheal	36210
All_dm6_minus_tracheal	36212
All_dm6_minus_tracheal	36213
All_dm6_minus_tracheal	36214
All_dm6_minus_tracheal	36215
All_dm6_minus_tracheal	36216
All_dm6_minus_tracheal	36217
All_dm6_minus_tracheal	36218
All_dm6_minus_tracheal	36221
All_dm6_minus_tracheal	36222
All_dm6_minus_tracheal	36223
All_dm6_minus_tracheal	36227
All_dm6_minus_tracheal	36229
All_dm6_minus_tracheal	36230
All_dm6_minus_tracheal	36232
All_dm6_minus_tracheal	36233
All_dm6_minus_tracheal	36234
All_dm6_minus_tracheal	36235
All_dm6_minus_tracheal	36236
All_dm6_minus_tracheal	36237
All_dm6_minus_tracheal	36238
All_dm6_minus_tracheal	36239
All_dm6_minus_tracheal	36240
All_dm6_minus_tracheal	36244
All_dm6_minus_tracheal	36245
All_dm6_minus_tracheal	36246
All_dm6_minus_tracheal	36248
All_dm6_minus_tracheal	36249
All_dm6_minus_tracheal	36251
All_dm6_minus_tracheal	36252
All_dm6_minus_tracheal	36253
All_dm6_minus_tracheal	36254
All_dm6_minus_tracheal	36255
All_dm6_minus_tracheal	36256
All_dm6_minus_tracheal	36257
All_dm6_minus_tracheal	36258
All_dm6_minus_tracheal	36259
All_dm6_minus_tracheal	36260
All_dm6_minus_tracheal	36262
All_dm6_minus_tracheal	36263
All_dm6_minus_tracheal	36264
All_dm6_minus_tracheal	36265
All_dm6_minus_tracheal	36266
All_dm6_minus_tracheal	36269
All_dm6_minus_tracheal	36272
All_dm6_minus_tracheal	36277
All_dm6_minus_tracheal	36278
All_dm6_minus_tracheal	36279
All_dm6_minus_tracheal	36281
All_dm6_minus_tracheal	36282
All_dm6_minus_tracheal	36284
All_dm6_minus_tracheal	36285
All_dm6_minus_tracheal	36286
All_dm6_minus_tracheal	36287
All_dm6_minus_tracheal	36289
All_dm6_minus_tracheal	36290
All_dm6_minus_tracheal	36292
All_dm6_minus_tracheal	36293
All_dm6_minus_tracheal	36294
All_dm6_minus_tracheal	36295
All_dm6_minus_tracheal	36297
All_dm6_minus_tracheal	36298
All_dm6_minus_tracheal	36299
All_dm6_minus_tracheal	36300
All_dm6_minus_tracheal	36301
All_dm6_minus_tracheal	36302
All_dm6_minus_tracheal	36303
All_dm6_minus_tracheal	36304
All_dm6_minus_tracheal	36307
All_dm6_minus_tracheal	36309
All_dm6_minus_tracheal	36311
All_dm6_minus_tracheal	36316
All_dm6_minus_tracheal	36317
All_dm6_minus_tracheal	36318
All_dm6_minus_tracheal	36319
All_dm6_minus_tracheal	36321
All_dm6_minus_tracheal	36323
All_dm6_minus_tracheal	36324
All_dm6_minus_tracheal	36325
All_dm6_minus_tracheal	36326
All_dm6_minus_tracheal	36327
All_dm6_minus_tracheal	36328
All_dm6_minus_tracheal	36330
All_dm6_minus_tracheal	36331
All_dm6_minus_tracheal	36332
All_dm6_minus_tracheal	36333
All_dm6_minus_tracheal	36334
All_dm6_minus_tracheal	36335
All_dm6_minus_tracheal	36336
All_dm6_minus_tracheal	36338
All_dm6_minus_tracheal	36339
All_dm6_minus_tracheal	36340
All_dm6_minus_tracheal	36341
All_dm6_minus_tracheal	36342
All_dm6_minus_tracheal	36343
All_dm6_minus_tracheal	36345
All_dm6_minus_tracheal	36346
All_dm6_minus_tracheal	36348
All_dm6_minus_tracheal	36349
All_dm6_minus_tracheal	36350
All_dm6_minus_tracheal	36352
All_dm6_minus_tracheal	36354
All_dm6_minus_tracheal	36355
All_dm6_minus_tracheal	36356
All_dm6_minus_tracheal	36357
All_dm6_minus_tracheal	36358
All_dm6_minus_tracheal	36359
All_dm6_minus_tracheal	36360
All_dm6_minus_tracheal	36361
All_dm6_minus_tracheal	36362
All_dm6_minus_tracheal	36364
All_dm6_minus_tracheal	36366
All_dm6_minus_tracheal	36368
All_dm6_minus_tracheal	36371
All_dm6_minus_tracheal	36372
All_dm6_minus_tracheal	36373
All_dm6_minus_tracheal	36374
All_dm6_minus_tracheal	36375
All_dm6_minus_tracheal	36376
All_dm6_minus_tracheal	36377
All_dm6_minus_tracheal	36379
All_dm6_minus_tracheal	36380
All_dm6_minus_tracheal	36381
All_dm6_minus_tracheal	36382
All_dm6_minus_tracheal	36384
All_dm6_minus_tracheal	36385
All_dm6_minus_tracheal	36386
All_dm6_minus_tracheal	36387
All_dm6_minus_tracheal	36391
All_dm6_minus_tracheal	36392
All_dm6_minus_tracheal	36393
All_dm6_minus_tracheal	36394
All_dm6_minus_tracheal	36396
All_dm6_minus_tracheal	36397
All_dm6_minus_tracheal	36398
All_dm6_minus_tracheal	36399
All_dm6_minus_tracheal	36400
All_dm6_minus_tracheal	36401
All_dm6_minus_tracheal	36403
All_dm6_minus_tracheal	36404
All_dm6_minus_tracheal	36405
All_dm6_minus_tracheal	36406
All_dm6_minus_tracheal	36408
All_dm6_minus_tracheal	36411
All_dm6_minus_tracheal	36412
All_dm6_minus_tracheal	36413
All_dm6_minus_tracheal	36414
All_dm6_minus_tracheal	36415
All_dm6_minus_tracheal	36417
All_dm6_minus_tracheal	36418
All_dm6_minus_tracheal	36419
All_dm6_minus_tracheal	36420
All_dm6_minus_tracheal	36421
All_dm6_minus_tracheal	36423
All_dm6_minus_tracheal	36425
All_dm6_minus_tracheal	36426
All_dm6_minus_tracheal	36428
All_dm6_minus_tracheal	36429
All_dm6_minus_tracheal	36430
All_dm6_minus_tracheal	36431
All_dm6_minus_tracheal	36432
All_dm6_minus_tracheal	36433
All_dm6_minus_tracheal	36434
All_dm6_minus_tracheal	36436
All_dm6_minus_tracheal	36437
All_dm6_minus_tracheal	36438
All_dm6_minus_tracheal	36439
All_dm6_minus_tracheal	36440
All_dm6_minus_tracheal	36442
All_dm6_minus_tracheal	36445
All_dm6_minus_tracheal	36446
All_dm6_minus_tracheal	36447
All_dm6_minus_tracheal	36448
All_dm6_minus_tracheal	36449
All_dm6_minus_tracheal	36454
All_dm6_minus_tracheal	36455
All_dm6_minus_tracheal	36456
All_dm6_minus_tracheal	36457
All_dm6_minus_tracheal	36458
All_dm6_minus_tracheal	36459
All_dm6_minus_tracheal	36460
All_dm6_minus_tracheal	36462
All_dm6_minus_tracheal	36463
All_dm6_minus_tracheal	36465
All_dm6_minus_tracheal	36466
All_dm6_minus_tracheal	36467
All_dm6_minus_tracheal	36468
All_dm6_minus_tracheal	36469
All_dm6_minus_tracheal	36470
All_dm6_minus_tracheal	36471
All_dm6_minus_tracheal	36472
All_dm6_minus_tracheal	36475
All_dm6_minus_tracheal	36477
All_dm6_minus_tracheal	36478
All_dm6_minus_tracheal	36479
All_dm6_minus_tracheal	36481
All_dm6_minus_tracheal	36484
All_dm6_minus_tracheal	36485
All_dm6_minus_tracheal	36487
All_dm6_minus_tracheal	36488
All_dm6_minus_tracheal	36489
All_dm6_minus_tracheal	36492
All_dm6_minus_tracheal	36494
All_dm6_minus_tracheal	36495
All_dm6_minus_tracheal	36496
All_dm6_minus_tracheal	36497
All_dm6_minus_tracheal	36498
All_dm6_minus_tracheal	36499
All_dm6_minus_tracheal	36501
All_dm6_minus_tracheal	36503
All_dm6_minus_tracheal	36504
All_dm6_minus_tracheal	36506
All_dm6_minus_tracheal	36507
All_dm6_minus_tracheal	36508
All_dm6_minus_tracheal	36510
All_dm6_minus_tracheal	36511
All_dm6_minus_tracheal	36513
All_dm6_minus_tracheal	36514
All_dm6_minus_tracheal	36515
All_dm6_minus_tracheal	36516
All_dm6_minus_tracheal	36517
All_dm6_minus_tracheal	36518
All_dm6_minus_tracheal	36519
All_dm6_minus_tracheal	36520
All_dm6_minus_tracheal	36522
All_dm6_minus_tracheal	36523
All_dm6_minus_tracheal	36524
All_dm6_minus_tracheal	36525
All_dm6_minus_tracheal	36526
All_dm6_minus_tracheal	36527
All_dm6_minus_tracheal	36528
All_dm6_minus_tracheal	36530
All_dm6_minus_tracheal	36531
All_dm6_minus_tracheal	36532
All_dm6_minus_tracheal	36533
All_dm6_minus_tracheal	36534
All_dm6_minus_tracheal	36536
All_dm6_minus_tracheal	36537
All_dm6_minus_tracheal	36539
All_dm6_minus_tracheal	36540
All_dm6_minus_tracheal	36541
All_dm6_minus_tracheal	36543
All_dm6_minus_tracheal	36544
All_dm6_minus_tracheal	36545
All_dm6_minus_tracheal	36549
All_dm6_minus_tracheal	36550
All_dm6_minus_tracheal	36551
All_dm6_minus_tracheal	36552
All_dm6_minus_tracheal	36554
All_dm6_minus_tracheal	36556
All_dm6_minus_tracheal	36559
All_dm6_minus_tracheal	36560
All_dm6_minus_tracheal	36561
All_dm6_minus_tracheal	36562
All_dm6_minus_tracheal	36563
All_dm6_minus_tracheal	36564
All_dm6_minus_tracheal	36565
All_dm6_minus_tracheal	36566
All_dm6_minus_tracheal	36567
All_dm6_minus_tracheal	36568
All_dm6_minus_tracheal	36570
All_dm6_minus_tracheal	36573
All_dm6_minus_tracheal	36574
All_dm6_minus_tracheal	36575
All_dm6_minus_tracheal	36576
All_dm6_minus_tracheal	36577
All_dm6_minus_tracheal	36578
All_dm6_minus_tracheal	36579
All_dm6_minus_tracheal	36580
All_dm6_minus_tracheal	36582
All_dm6_minus_tracheal	36583
All_dm6_minus_tracheal	36584
All_dm6_minus_tracheal	36585
All_dm6_minus_tracheal	36586
All_dm6_minus_tracheal	36587
All_dm6_minus_tracheal	36588
All_dm6_minus_tracheal	36589
All_dm6_minus_tracheal	36590
All_dm6_minus_tracheal	36593
All_dm6_minus_tracheal	36594
All_dm6_minus_tracheal	36597
All_dm6_minus_tracheal	36598
All_dm6_minus_tracheal	36600
All_dm6_minus_tracheal	36601
All_dm6_minus_tracheal	36602
All_dm6_minus_tracheal	36603
All_dm6_minus_tracheal	36604
All_dm6_minus_tracheal	36605
All_dm6_minus_tracheal	36606
All_dm6_minus_tracheal	36612
All_dm6_minus_tracheal	36614
All_dm6_minus_tracheal	36616
All_dm6_minus_tracheal	36617
All_dm6_minus_tracheal	36619
All_dm6_minus_tracheal	36620
All_dm6_minus_tracheal	36621
All_dm6_minus_tracheal	36623
All_dm6_minus_tracheal	36624
All_dm6_minus_tracheal	36625
All_dm6_minus_tracheal	36626
All_dm6_minus_tracheal	36627
All_dm6_minus_tracheal	36628
All_dm6_minus_tracheal	36629
All_dm6_minus_tracheal	36630
All_dm6_minus_tracheal	36631
All_dm6_minus_tracheal	36634
All_dm6_minus_tracheal	36635
All_dm6_minus_tracheal	36636
All_dm6_minus_tracheal	36637
All_dm6_minus_tracheal	36638
All_dm6_minus_tracheal	36639
All_dm6_minus_tracheal	36640
All_dm6_minus_tracheal	36641
All_dm6_minus_tracheal	36642
All_dm6_minus_tracheal	36643
All_dm6_minus_tracheal	36645
All_dm6_minus_tracheal	36648
All_dm6_minus_tracheal	36649
All_dm6_minus_tracheal	36650
All_dm6_minus_tracheal	36651
All_dm6_minus_tracheal	36652
All_dm6_minus_tracheal	36653
All_dm6_minus_tracheal	36654
All_dm6_minus_tracheal	36655
All_dm6_minus_tracheal	36656
All_dm6_minus_tracheal	36658
All_dm6_minus_tracheal	36661
All_dm6_minus_tracheal	36662
All_dm6_minus_tracheal	36663
All_dm6_minus_tracheal	36664
All_dm6_minus_tracheal	36665
All_dm6_minus_tracheal	36666
All_dm6_minus_tracheal	36667
All_dm6_minus_tracheal	36670
All_dm6_minus_tracheal	36671
All_dm6_minus_tracheal	36674
All_dm6_minus_tracheal	36675
All_dm6_minus_tracheal	36676
All_dm6_minus_tracheal	36678
All_dm6_minus_tracheal	36679
All_dm6_minus_tracheal	36680
All_dm6_minus_tracheal	36681
All_dm6_minus_tracheal	36682
All_dm6_minus_tracheal	36683
All_dm6_minus_tracheal	36686
All_dm6_minus_tracheal	36687
All_dm6_minus_tracheal	36688
All_dm6_minus_tracheal	36689
All_dm6_minus_tracheal	36693
All_dm6_minus_tracheal	36694
All_dm6_minus_tracheal	36695
All_dm6_minus_tracheal	36696
All_dm6_minus_tracheal	36697
All_dm6_minus_tracheal	36698
All_dm6_minus_tracheal	36699
All_dm6_minus_tracheal	36700
All_dm6_minus_tracheal	36701
All_dm6_minus_tracheal	36702
All_dm6_minus_tracheal	36705
All_dm6_minus_tracheal	36706
All_dm6_minus_tracheal	36708
All_dm6_minus_tracheal	36713
All_dm6_minus_tracheal	36714
All_dm6_minus_tracheal	36715
All_dm6_minus_tracheal	36716
All_dm6_minus_tracheal	36718
All_dm6_minus_tracheal	36719
All_dm6_minus_tracheal	36720
All_dm6_minus_tracheal	36722
All_dm6_minus_tracheal	36723
All_dm6_minus_tracheal	36724
All_dm6_minus_tracheal	36725
All_dm6_minus_tracheal	36727
All_dm6_minus_tracheal	36728
All_dm6_minus_tracheal	36731
All_dm6_minus_tracheal	36732
All_dm6_minus_tracheal	36733
All_dm6_minus_tracheal	36736
All_dm6_minus_tracheal	36740
All_dm6_minus_tracheal	36742
All_dm6_minus_tracheal	36743
All_dm6_minus_tracheal	36744
All_dm6_minus_tracheal	36748
All_dm6_minus_tracheal	36749
All_dm6_minus_tracheal	36750
All_dm6_minus_tracheal	36751
All_dm6_minus_tracheal	36752
All_dm6_minus_tracheal	36754
All_dm6_minus_tracheal	36757
All_dm6_minus_tracheal	36758
All_dm6_minus_tracheal	36760
All_dm6_minus_tracheal	36761
All_dm6_minus_tracheal	36764
All_dm6_minus_tracheal	36766
All_dm6_minus_tracheal	36767
All_dm6_minus_tracheal	36768
All_dm6_minus_tracheal	36769
All_dm6_minus_tracheal	36770
All_dm6_minus_tracheal	36771
All_dm6_minus_tracheal	36772
All_dm6_minus_tracheal	36774
All_dm6_minus_tracheal	36776
All_dm6_minus_tracheal	36779
All_dm6_minus_tracheal	36780
All_dm6_minus_tracheal	36784
All_dm6_minus_tracheal	36787
All_dm6_minus_tracheal	36790
All_dm6_minus_tracheal	36791
All_dm6_minus_tracheal	36792
All_dm6_minus_tracheal	36794
All_dm6_minus_tracheal	36795
All_dm6_minus_tracheal	36798
All_dm6_minus_tracheal	36799
All_dm6_minus_tracheal	36800
All_dm6_minus_tracheal	36801
All_dm6_minus_tracheal	36802
All_dm6_minus_tracheal	36803
All_dm6_minus_tracheal	36804
All_dm6_minus_tracheal	36805
All_dm6_minus_tracheal	36806
All_dm6_minus_tracheal	36808
All_dm6_minus_tracheal	36809
All_dm6_minus_tracheal	36810
All_dm6_minus_tracheal	36811
All_dm6_minus_tracheal	36813
All_dm6_minus_tracheal	36814
All_dm6_minus_tracheal	36815
All_dm6_minus_tracheal	36816
All_dm6_minus_tracheal	36817
All_dm6_minus_tracheal	36818
All_dm6_minus_tracheal	36819
All_dm6_minus_tracheal	36820
All_dm6_minus_tracheal	36821
All_dm6_minus_tracheal	36824
All_dm6_minus_tracheal	36825
All_dm6_minus_tracheal	36826
All_dm6_minus_tracheal	36830
All_dm6_minus_tracheal	36831
All_dm6_minus_tracheal	36832
All_dm6_minus_tracheal	36833
All_dm6_minus_tracheal	36834
All_dm6_minus_tracheal	36838
All_dm6_minus_tracheal	36839
All_dm6_minus_tracheal	36840
All_dm6_minus_tracheal	36841
All_dm6_minus_tracheal	36843
All_dm6_minus_tracheal	36844
All_dm6_minus_tracheal	36845
All_dm6_minus_tracheal	36847
All_dm6_minus_tracheal	36848
All_dm6_minus_tracheal	36850
All_dm6_minus_tracheal	36851
All_dm6_minus_tracheal	36852
All_dm6_minus_tracheal	36853
All_dm6_minus_tracheal	36854
All_dm6_minus_tracheal	36855
All_dm6_minus_tracheal	36856
All_dm6_minus_tracheal	36859
All_dm6_minus_tracheal	36862
All_dm6_minus_tracheal	36863
All_dm6_minus_tracheal	36868
All_dm6_minus_tracheal	36871
All_dm6_minus_tracheal	36872
All_dm6_minus_tracheal	36873
All_dm6_minus_tracheal	36874
All_dm6_minus_tracheal	36875
All_dm6_minus_tracheal	36876
All_dm6_minus_tracheal	36877
All_dm6_minus_tracheal	36878
All_dm6_minus_tracheal	36879
All_dm6_minus_tracheal	36880
All_dm6_minus_tracheal	36881
All_dm6_minus_tracheal	36882
All_dm6_minus_tracheal	36883
All_dm6_minus_tracheal	36886
All_dm6_minus_tracheal	36887
All_dm6_minus_tracheal	36891
All_dm6_minus_tracheal	36893
All_dm6_minus_tracheal	36894
All_dm6_minus_tracheal	36895
All_dm6_minus_tracheal	36896
All_dm6_minus_tracheal	36897
All_dm6_minus_tracheal	36899
All_dm6_minus_tracheal	36900
All_dm6_minus_tracheal	36903
All_dm6_minus_tracheal	36904
All_dm6_minus_tracheal	36905
All_dm6_minus_tracheal	36907
All_dm6_minus_tracheal	36908
All_dm6_minus_tracheal	36909
All_dm6_minus_tracheal	36911
All_dm6_minus_tracheal	36912
All_dm6_minus_tracheal	36913
All_dm6_minus_tracheal	36914
All_dm6_minus_tracheal	36916
All_dm6_minus_tracheal	36917
All_dm6_minus_tracheal	36918
All_dm6_minus_tracheal	36919
All_dm6_minus_tracheal	36920
All_dm6_minus_tracheal	36921
All_dm6_minus_tracheal	36922
All_dm6_minus_tracheal	36926
All_dm6_minus_tracheal	36929
All_dm6_minus_tracheal	36930
All_dm6_minus_tracheal	36931
All_dm6_minus_tracheal	36932
All_dm6_minus_tracheal	36933
All_dm6_minus_tracheal	36934
All_dm6_minus_tracheal	36935
All_dm6_minus_tracheal	36936
All_dm6_minus_tracheal	36937
All_dm6_minus_tracheal	36938
All_dm6_minus_tracheal	36939
All_dm6_minus_tracheal	36940
All_dm6_minus_tracheal	36941
All_dm6_minus_tracheal	36942
All_dm6_minus_tracheal	36943
All_dm6_minus_tracheal	36944
All_dm6_minus_tracheal	36948
All_dm6_minus_tracheal	36951
All_dm6_minus_tracheal	36952
All_dm6_minus_tracheal	36954
All_dm6_minus_tracheal	36955
All_dm6_minus_tracheal	36957
All_dm6_minus_tracheal	36958
All_dm6_minus_tracheal	36959
All_dm6_minus_tracheal	36960
All_dm6_minus_tracheal	36961
All_dm6_minus_tracheal	36962
All_dm6_minus_tracheal	36963
All_dm6_minus_tracheal	36964
All_dm6_minus_tracheal	36965
All_dm6_minus_tracheal	36966
All_dm6_minus_tracheal	36968
All_dm6_minus_tracheal	36969
All_dm6_minus_tracheal	36973
All_dm6_minus_tracheal	36974
All_dm6_minus_tracheal	36975
All_dm6_minus_tracheal	36976
All_dm6_minus_tracheal	36978
All_dm6_minus_tracheal	36981
All_dm6_minus_tracheal	36982
All_dm6_minus_tracheal	36984
All_dm6_minus_tracheal	36985
All_dm6_minus_tracheal	36986
All_dm6_minus_tracheal	36988
All_dm6_minus_tracheal	36990
All_dm6_minus_tracheal	36991
All_dm6_minus_tracheal	36992
All_dm6_minus_tracheal	36993
All_dm6_minus_tracheal	36994
All_dm6_minus_tracheal	36995
All_dm6_minus_tracheal	36996
All_dm6_minus_tracheal	36997
All_dm6_minus_tracheal	36998
All_dm6_minus_tracheal	36999
All_dm6_minus_tracheal	37002
All_dm6_minus_tracheal	37004
All_dm6_minus_tracheal	37005
All_dm6_minus_tracheal	37008
All_dm6_minus_tracheal	37009
All_dm6_minus_tracheal	37010
All_dm6_minus_tracheal	37011
All_dm6_minus_tracheal	37012
All_dm6_minus_tracheal	37013
All_dm6_minus_tracheal	37014
All_dm6_minus_tracheal	37015
All_dm6_minus_tracheal	37016
All_dm6_minus_tracheal	37017
All_dm6_minus_tracheal	37018
All_dm6_minus_tracheal	37019
All_dm6_minus_tracheal	37020
All_dm6_minus_tracheal	37021
All_dm6_minus_tracheal	37022
All_dm6_minus_tracheal	37024
All_dm6_minus_tracheal	37026
All_dm6_minus_tracheal	37027
All_dm6_minus_tracheal	37028
All_dm6_minus_tracheal	37029
All_dm6_minus_tracheal	37030
All_dm6_minus_tracheal	37031
All_dm6_minus_tracheal	37032
All_dm6_minus_tracheal	37033
All_dm6_minus_tracheal	37035
All_dm6_minus_tracheal	37037
All_dm6_minus_tracheal	37039
All_dm6_minus_tracheal	37040
All_dm6_minus_tracheal	37041
All_dm6_minus_tracheal	37042
All_dm6_minus_tracheal	37043
All_dm6_minus_tracheal	37044
All_dm6_minus_tracheal	37045
All_dm6_minus_tracheal	37046
All_dm6_minus_tracheal	37047
All_dm6_minus_tracheal	37051
All_dm6_minus_tracheal	37052
All_dm6_minus_tracheal	37053
All_dm6_minus_tracheal	37054
All_dm6_minus_tracheal	37055
All_dm6_minus_tracheal	37056
All_dm6_minus_tracheal	37057
All_dm6_minus_tracheal	37058
All_dm6_minus_tracheal	37059
All_dm6_minus_tracheal	37062
All_dm6_minus_tracheal	37063
All_dm6_minus_tracheal	37064
All_dm6_minus_tracheal	37068
All_dm6_minus_tracheal	37069
All_dm6_minus_tracheal	37070
All_dm6_minus_tracheal	37071
All_dm6_minus_tracheal	37072
All_dm6_minus_tracheal	37073
All_dm6_minus_tracheal	37075
All_dm6_minus_tracheal	37076
All_dm6_minus_tracheal	37078
All_dm6_minus_tracheal	37079
All_dm6_minus_tracheal	37081
All_dm6_minus_tracheal	37082
All_dm6_minus_tracheal	37083
All_dm6_minus_tracheal	37084
All_dm6_minus_tracheal	37086
All_dm6_minus_tracheal	37087
All_dm6_minus_tracheal	37088
All_dm6_minus_tracheal	37090
All_dm6_minus_tracheal	37092
All_dm6_minus_tracheal	37093
All_dm6_minus_tracheal	37094
All_dm6_minus_tracheal	37095
All_dm6_minus_tracheal	37096
All_dm6_minus_tracheal	37097
All_dm6_minus_tracheal	37098
All_dm6_minus_tracheal	37099
All_dm6_minus_tracheal	37100
All_dm6_minus_tracheal	37101
All_dm6_minus_tracheal	37102
All_dm6_minus_tracheal	37104
All_dm6_minus_tracheal	37105
All_dm6_minus_tracheal	37106
All_dm6_minus_tracheal	37107
All_dm6_minus_tracheal	37108
All_dm6_minus_tracheal	37109
All_dm6_minus_tracheal	37110
All_dm6_minus_tracheal	37111
All_dm6_minus_tracheal	37112
All_dm6_minus_tracheal	37113
All_dm6_minus_tracheal	37117
All_dm6_minus_tracheal	37118
All_dm6_minus_tracheal	37122
All_dm6_minus_tracheal	37124
All_dm6_minus_tracheal	37125
All_dm6_minus_tracheal	37126
All_dm6_minus_tracheal	37128
All_dm6_minus_tracheal	37129
All_dm6_minus_tracheal	37132
All_dm6_minus_tracheal	37134
All_dm6_minus_tracheal	37135
All_dm6_minus_tracheal	37136
All_dm6_minus_tracheal	37137
All_dm6_minus_tracheal	37138
All_dm6_minus_tracheal	37140
All_dm6_minus_tracheal	37141
All_dm6_minus_tracheal	37144
All_dm6_minus_tracheal	37146
All_dm6_minus_tracheal	37147
All_dm6_minus_tracheal	37148
All_dm6_minus_tracheal	37150
All_dm6_minus_tracheal	37152
All_dm6_minus_tracheal	37153
All_dm6_minus_tracheal	37155
All_dm6_minus_tracheal	37156
All_dm6_minus_tracheal	37157
All_dm6_minus_tracheal	37158
All_dm6_minus_tracheal	37159
All_dm6_minus_tracheal	37161
All_dm6_minus_tracheal	37163
All_dm6_minus_tracheal	37164
All_dm6_minus_tracheal	37165
All_dm6_minus_tracheal	37166
All_dm6_minus_tracheal	37170
All_dm6_minus_tracheal	37172
All_dm6_minus_tracheal	37173
All_dm6_minus_tracheal	37174
All_dm6_minus_tracheal	37176
All_dm6_minus_tracheal	37177
All_dm6_minus_tracheal	37178
All_dm6_minus_tracheal	37179
All_dm6_minus_tracheal	37181
All_dm6_minus_tracheal	37182
All_dm6_minus_tracheal	37183
All_dm6_minus_tracheal	37184
All_dm6_minus_tracheal	37188
All_dm6_minus_tracheal	37189
All_dm6_minus_tracheal	37190
All_dm6_minus_tracheal	37191
All_dm6_minus_tracheal	37192
All_dm6_minus_tracheal	37194
All_dm6_minus_tracheal	37195
All_dm6_minus_tracheal	37196
All_dm6_minus_tracheal	37198
All_dm6_minus_tracheal	37199
All_dm6_minus_tracheal	37200
All_dm6_minus_tracheal	37203
All_dm6_minus_tracheal	37204
All_dm6_minus_tracheal	37207
All_dm6_minus_tracheal	37209
All_dm6_minus_tracheal	37210
All_dm6_minus_tracheal	37211
All_dm6_minus_tracheal	37212
All_dm6_minus_tracheal	37213
All_dm6_minus_tracheal	37215
All_dm6_minus_tracheal	37216
All_dm6_minus_tracheal	37218
All_dm6_minus_tracheal	37220
All_dm6_minus_tracheal	37221
All_dm6_minus_tracheal	37222
All_dm6_minus_tracheal	37223
All_dm6_minus_tracheal	37224
All_dm6_minus_tracheal	37225
All_dm6_minus_tracheal	37226
All_dm6_minus_tracheal	37227
All_dm6_minus_tracheal	37228
All_dm6_minus_tracheal	37229
All_dm6_minus_tracheal	37230
All_dm6_minus_tracheal	37232
All_dm6_minus_tracheal	37233
All_dm6_minus_tracheal	37235
All_dm6_minus_tracheal	37236
All_dm6_minus_tracheal	37239
All_dm6_minus_tracheal	37244
All_dm6_minus_tracheal	37245
All_dm6_minus_tracheal	37246
All_dm6_minus_tracheal	37247
All_dm6_minus_tracheal	37248
All_dm6_minus_tracheal	37249
All_dm6_minus_tracheal	37250
All_dm6_minus_tracheal	37251
All_dm6_minus_tracheal	37252
All_dm6_minus_tracheal	37253
All_dm6_minus_tracheal	37255
All_dm6_minus_tracheal	37256
All_dm6_minus_tracheal	37257
All_dm6_minus_tracheal	37258
All_dm6_minus_tracheal	37259
All_dm6_minus_tracheal	37261
All_dm6_minus_tracheal	37263
All_dm6_minus_tracheal	37264
All_dm6_minus_tracheal	37265
All_dm6_minus_tracheal	37266
All_dm6_minus_tracheal	37267
All_dm6_minus_tracheal	37268
All_dm6_minus_tracheal	37269
All_dm6_minus_tracheal	37270
All_dm6_minus_tracheal	37271
All_dm6_minus_tracheal	37273
All_dm6_minus_tracheal	37274
All_dm6_minus_tracheal	37276
All_dm6_minus_tracheal	37278
All_dm6_minus_tracheal	37280
All_dm6_minus_tracheal	37281
All_dm6_minus_tracheal	37282
All_dm6_minus_tracheal	37283
All_dm6_minus_tracheal	37284
All_dm6_minus_tracheal	37285
All_dm6_minus_tracheal	37286
All_dm6_minus_tracheal	37287
All_dm6_minus_tracheal	37288
All_dm6_minus_tracheal	37289
All_dm6_minus_tracheal	37292
All_dm6_minus_tracheal	37293
All_dm6_minus_tracheal	37294
All_dm6_minus_tracheal	37295
All_dm6_minus_tracheal	37297
All_dm6_minus_tracheal	37298
All_dm6_minus_tracheal	37300
All_dm6_minus_tracheal	37302
All_dm6_minus_tracheal	37303
All_dm6_minus_tracheal	37305
All_dm6_minus_tracheal	37307
All_dm6_minus_tracheal	37308
All_dm6_minus_tracheal	37309
All_dm6_minus_tracheal	37310
All_dm6_minus_tracheal	37311
All_dm6_minus_tracheal	37312
All_dm6_minus_tracheal	37313
All_dm6_minus_tracheal	37314
All_dm6_minus_tracheal	37315
All_dm6_minus_tracheal	37316
All_dm6_minus_tracheal	37317
All_dm6_minus_tracheal	37318
All_dm6_minus_tracheal	37319
All_dm6_minus_tracheal	37323
All_dm6_minus_tracheal	37325
All_dm6_minus_tracheal	37328
All_dm6_minus_tracheal	37329
All_dm6_minus_tracheal	37330
All_dm6_minus_tracheal	37331
All_dm6_minus_tracheal	37332
All_dm6_minus_tracheal	37334
All_dm6_minus_tracheal	37335
All_dm6_minus_tracheal	37336
All_dm6_minus_tracheal	37339
All_dm6_minus_tracheal	37340
All_dm6_minus_tracheal	37341
All_dm6_minus_tracheal	37343
All_dm6_minus_tracheal	37344
All_dm6_minus_tracheal	37345
All_dm6_minus_tracheal	37347
All_dm6_minus_tracheal	37348
All_dm6_minus_tracheal	37349
All_dm6_minus_tracheal	37351
All_dm6_minus_tracheal	37354
All_dm6_minus_tracheal	37356
All_dm6_minus_tracheal	37357
All_dm6_minus_tracheal	37358
All_dm6_minus_tracheal	37359
All_dm6_minus_tracheal	37360
All_dm6_minus_tracheal	37363
All_dm6_minus_tracheal	37364
All_dm6_minus_tracheal	37366
All_dm6_minus_tracheal	37367
All_dm6_minus_tracheal	37371
All_dm6_minus_tracheal	37372
All_dm6_minus_tracheal	37373
All_dm6_minus_tracheal	37374
All_dm6_minus_tracheal	37375
All_dm6_minus_tracheal	37376
All_dm6_minus_tracheal	37377
All_dm6_minus_tracheal	37378
All_dm6_minus_tracheal	37379
All_dm6_minus_tracheal	37381
All_dm6_minus_tracheal	37382
All_dm6_minus_tracheal	37384
All_dm6_minus_tracheal	37385
All_dm6_minus_tracheal	37387
All_dm6_minus_tracheal	37388
All_dm6_minus_tracheal	37389
All_dm6_minus_tracheal	37390
All_dm6_minus_tracheal	37392
All_dm6_minus_tracheal	37393
All_dm6_minus_tracheal	37395
All_dm6_minus_tracheal	37397
All_dm6_minus_tracheal	37398
All_dm6_minus_tracheal	37399
All_dm6_minus_tracheal	37400
All_dm6_minus_tracheal	37401
All_dm6_minus_tracheal	37403
All_dm6_minus_tracheal	37405
All_dm6_minus_tracheal	37407
All_dm6_minus_tracheal	37408
All_dm6_minus_tracheal	37410
All_dm6_minus_tracheal	37411
All_dm6_minus_tracheal	37412
All_dm6_minus_tracheal	37413
All_dm6_minus_tracheal	37414
All_dm6_minus_tracheal	37415
All_dm6_minus_tracheal	37416
All_dm6_minus_tracheal	37417
All_dm6_minus_tracheal	37418
All_dm6_minus_tracheal	37420
All_dm6_minus_tracheal	37421
All_dm6_minus_tracheal	37423
All_dm6_minus_tracheal	37427
All_dm6_minus_tracheal	37428
All_dm6_minus_tracheal	37429
All_dm6_minus_tracheal	37430
All_dm6_minus_tracheal	37431
All_dm6_minus_tracheal	37433
All_dm6_minus_tracheal	37435
All_dm6_minus_tracheal	37439
All_dm6_minus_tracheal	37440
All_dm6_minus_tracheal	37441
All_dm6_minus_tracheal	37443
All_dm6_minus_tracheal	37444
All_dm6_minus_tracheal	37445
All_dm6_minus_tracheal	37446
All_dm6_minus_tracheal	37450
All_dm6_minus_tracheal	37451
All_dm6_minus_tracheal	37453
All_dm6_minus_tracheal	37456
All_dm6_minus_tracheal	37459
All_dm6_minus_tracheal	37461
All_dm6_minus_tracheal	37462
All_dm6_minus_tracheal	37463
All_dm6_minus_tracheal	37464
All_dm6_minus_tracheal	37466
All_dm6_minus_tracheal	37467
All_dm6_minus_tracheal	37468
All_dm6_minus_tracheal	37469
All_dm6_minus_tracheal	37470
All_dm6_minus_tracheal	37471
All_dm6_minus_tracheal	37472
All_dm6_minus_tracheal	37473
All_dm6_minus_tracheal	37475
All_dm6_minus_tracheal	37476
All_dm6_minus_tracheal	37477
All_dm6_minus_tracheal	37478
All_dm6_minus_tracheal	37479
All_dm6_minus_tracheal	37483
All_dm6_minus_tracheal	37484
All_dm6_minus_tracheal	37485
All_dm6_minus_tracheal	37487
All_dm6_minus_tracheal	37488
All_dm6_minus_tracheal	37489
All_dm6_minus_tracheal	37490
All_dm6_minus_tracheal	37491
All_dm6_minus_tracheal	37492
All_dm6_minus_tracheal	37493
All_dm6_minus_tracheal	37496
All_dm6_minus_tracheal	37497
All_dm6_minus_tracheal	37498
All_dm6_minus_tracheal	37500
All_dm6_minus_tracheal	37501
All_dm6_minus_tracheal	37502
All_dm6_minus_tracheal	37507
All_dm6_minus_tracheal	37509
All_dm6_minus_tracheal	37510
All_dm6_minus_tracheal	37511
All_dm6_minus_tracheal	37513
All_dm6_minus_tracheal	37514
All_dm6_minus_tracheal	37515
All_dm6_minus_tracheal	37516
All_dm6_minus_tracheal	37517
All_dm6_minus_tracheal	37518
All_dm6_minus_tracheal	37519
All_dm6_minus_tracheal	37520
All_dm6_minus_tracheal	37522
All_dm6_minus_tracheal	37523
All_dm6_minus_tracheal	37526
All_dm6_minus_tracheal	37527
All_dm6_minus_tracheal	37531
All_dm6_minus_tracheal	37532
All_dm6_minus_tracheal	37533
All_dm6_minus_tracheal	37535
All_dm6_minus_tracheal	37536
All_dm6_minus_tracheal	37538
All_dm6_minus_tracheal	37539
All_dm6_minus_tracheal	37540
All_dm6_minus_tracheal	37541
All_dm6_minus_tracheal	37543
All_dm6_minus_tracheal	37544
All_dm6_minus_tracheal	37545
All_dm6_minus_tracheal	37546
All_dm6_minus_tracheal	37547
All_dm6_minus_tracheal	37551
All_dm6_minus_tracheal	37552
All_dm6_minus_tracheal	37553
All_dm6_minus_tracheal	37554
All_dm6_minus_tracheal	37555
All_dm6_minus_tracheal	37558
All_dm6_minus_tracheal	37559
All_dm6_minus_tracheal	37560
All_dm6_minus_tracheal	37561
All_dm6_minus_tracheal	37563
All_dm6_minus_tracheal	37564
All_dm6_minus_tracheal	37565
All_dm6_minus_tracheal	37567
All_dm6_minus_tracheal	37569
All_dm6_minus_tracheal	37570
All_dm6_minus_tracheal	37571
All_dm6_minus_tracheal	37572
All_dm6_minus_tracheal	37574
All_dm6_minus_tracheal	37575
All_dm6_minus_tracheal	37576
All_dm6_minus_tracheal	37577
All_dm6_minus_tracheal	37578
All_dm6_minus_tracheal	37579
All_dm6_minus_tracheal	37580
All_dm6_minus_tracheal	37581
All_dm6_minus_tracheal	37582
All_dm6_minus_tracheal	37583
All_dm6_minus_tracheal	37585
All_dm6_minus_tracheal	37586
All_dm6_minus_tracheal	37587
All_dm6_minus_tracheal	37588
All_dm6_minus_tracheal	37589
All_dm6_minus_tracheal	37590
All_dm6_minus_tracheal	37592
All_dm6_minus_tracheal	37593
All_dm6_minus_tracheal	37594
All_dm6_minus_tracheal	37595
All_dm6_minus_tracheal	37597
All_dm6_minus_tracheal	37598
All_dm6_minus_tracheal	37599
All_dm6_minus_tracheal	37600
All_dm6_minus_tracheal	37601
All_dm6_minus_tracheal	37605
All_dm6_minus_tracheal	37606
All_dm6_minus_tracheal	37607
All_dm6_minus_tracheal	37608
All_dm6_minus_tracheal	37609
All_dm6_minus_tracheal	37610
All_dm6_minus_tracheal	37613
All_dm6_minus_tracheal	37614
All_dm6_minus_tracheal	37615
All_dm6_minus_tracheal	37617
All_dm6_minus_tracheal	37619
All_dm6_minus_tracheal	37621
All_dm6_minus_tracheal	37622
All_dm6_minus_tracheal	37623
All_dm6_minus_tracheal	37624
All_dm6_minus_tracheal	37625
All_dm6_minus_tracheal	37626
All_dm6_minus_tracheal	37627
All_dm6_minus_tracheal	37628
All_dm6_minus_tracheal	37629
All_dm6_minus_tracheal	37631
All_dm6_minus_tracheal	37632
All_dm6_minus_tracheal	37633
All_dm6_minus_tracheal	37635
All_dm6_minus_tracheal	37636
All_dm6_minus_tracheal	37637
All_dm6_minus_tracheal	37638
All_dm6_minus_tracheal	37639
All_dm6_minus_tracheal	37640
All_dm6_minus_tracheal	37643
All_dm6_minus_tracheal	37644
All_dm6_minus_tracheal	37647
All_dm6_minus_tracheal	37648
All_dm6_minus_tracheal	37650
All_dm6_minus_tracheal	37651
All_dm6_minus_tracheal	37652
All_dm6_minus_tracheal	37654
All_dm6_minus_tracheal	37655
All_dm6_minus_tracheal	37659
All_dm6_minus_tracheal	37661
All_dm6_minus_tracheal	37663
All_dm6_minus_tracheal	37664
All_dm6_minus_tracheal	37666
All_dm6_minus_tracheal	37667
All_dm6_minus_tracheal	37669
All_dm6_minus_tracheal	37671
All_dm6_minus_tracheal	37672
All_dm6_minus_tracheal	37673
All_dm6_minus_tracheal	37674
All_dm6_minus_tracheal	37675
All_dm6_minus_tracheal	37676
All_dm6_minus_tracheal	37679
All_dm6_minus_tracheal	37680
All_dm6_minus_tracheal	37681
All_dm6_minus_tracheal	37682
All_dm6_minus_tracheal	37683
All_dm6_minus_tracheal	37684
All_dm6_minus_tracheal	37685
All_dm6_minus_tracheal	37686
All_dm6_minus_tracheal	37687
All_dm6_minus_tracheal	37688
All_dm6_minus_tracheal	37689
All_dm6_minus_tracheal	37690
All_dm6_minus_tracheal	37691
All_dm6_minus_tracheal	37692
All_dm6_minus_tracheal	37694
All_dm6_minus_tracheal	37696
All_dm6_minus_tracheal	37697
All_dm6_minus_tracheal	37698
All_dm6_minus_tracheal	37699
All_dm6_minus_tracheal	37701
All_dm6_minus_tracheal	37702
All_dm6_minus_tracheal	37703
All_dm6_minus_tracheal	37704
All_dm6_minus_tracheal	37705
All_dm6_minus_tracheal	37707
All_dm6_minus_tracheal	37708
All_dm6_minus_tracheal	37710
All_dm6_minus_tracheal	37711
All_dm6_minus_tracheal	37713
All_dm6_minus_tracheal	37715
All_dm6_minus_tracheal	37716
All_dm6_minus_tracheal	37717
All_dm6_minus_tracheal	37719
All_dm6_minus_tracheal	37720
All_dm6_minus_tracheal	37721
All_dm6_minus_tracheal	37723
All_dm6_minus_tracheal	37724
All_dm6_minus_tracheal	37725
All_dm6_minus_tracheal	37726
All_dm6_minus_tracheal	37727
All_dm6_minus_tracheal	37728
All_dm6_minus_tracheal	37730
All_dm6_minus_tracheal	37731
All_dm6_minus_tracheal	37732
All_dm6_minus_tracheal	37733
All_dm6_minus_tracheal	37735
All_dm6_minus_tracheal	37736
All_dm6_minus_tracheal	37737
All_dm6_minus_tracheal	37738
All_dm6_minus_tracheal	37739
All_dm6_minus_tracheal	37742
All_dm6_minus_tracheal	37743
All_dm6_minus_tracheal	37744
All_dm6_minus_tracheal	37746
All_dm6_minus_tracheal	37748
All_dm6_minus_tracheal	37749
All_dm6_minus_tracheal	37750
All_dm6_minus_tracheal	37754
All_dm6_minus_tracheal	37755
All_dm6_minus_tracheal	37756
All_dm6_minus_tracheal	37758
All_dm6_minus_tracheal	37759
All_dm6_minus_tracheal	37760
All_dm6_minus_tracheal	37761
All_dm6_minus_tracheal	37762
All_dm6_minus_tracheal	37763
All_dm6_minus_tracheal	37765
All_dm6_minus_tracheal	37766
All_dm6_minus_tracheal	37767
All_dm6_minus_tracheal	37768
All_dm6_minus_tracheal	37770
All_dm6_minus_tracheal	37771
All_dm6_minus_tracheal	37772
All_dm6_minus_tracheal	37774
All_dm6_minus_tracheal	37776
All_dm6_minus_tracheal	37778
All_dm6_minus_tracheal	37780
All_dm6_minus_tracheal	37781
All_dm6_minus_tracheal	37782
All_dm6_minus_tracheal	37783
All_dm6_minus_tracheal	37784
All_dm6_minus_tracheal	37786
All_dm6_minus_tracheal	37787
All_dm6_minus_tracheal	37788
All_dm6_minus_tracheal	37789
All_dm6_minus_tracheal	37791
All_dm6_minus_tracheal	37792
All_dm6_minus_tracheal	37793
All_dm6_minus_tracheal	37794
All_dm6_minus_tracheal	37795
All_dm6_minus_tracheal	37797
All_dm6_minus_tracheal	37803
All_dm6_minus_tracheal	37804
All_dm6_minus_tracheal	37805
All_dm6_minus_tracheal	37806
All_dm6_minus_tracheal	37807
All_dm6_minus_tracheal	37808
All_dm6_minus_tracheal	37809
All_dm6_minus_tracheal	37810
All_dm6_minus_tracheal	37811
All_dm6_minus_tracheal	37813
All_dm6_minus_tracheal	37814
All_dm6_minus_tracheal	37815
All_dm6_minus_tracheal	37817
All_dm6_minus_tracheal	37818
All_dm6_minus_tracheal	37820
All_dm6_minus_tracheal	37822
All_dm6_minus_tracheal	37824
All_dm6_minus_tracheal	37825
All_dm6_minus_tracheal	37831
All_dm6_minus_tracheal	37832
All_dm6_minus_tracheal	37833
All_dm6_minus_tracheal	37834
All_dm6_minus_tracheal	37836
All_dm6_minus_tracheal	37837
All_dm6_minus_tracheal	37838
All_dm6_minus_tracheal	37839
All_dm6_minus_tracheal	37840
All_dm6_minus_tracheal	37842
All_dm6_minus_tracheal	37843
All_dm6_minus_tracheal	37844
All_dm6_minus_tracheal	37845
All_dm6_minus_tracheal	37846
All_dm6_minus_tracheal	37849
All_dm6_minus_tracheal	37850
All_dm6_minus_tracheal	37851
All_dm6_minus_tracheal	37852
All_dm6_minus_tracheal	37854
All_dm6_minus_tracheal	37855
All_dm6_minus_tracheal	37857
All_dm6_minus_tracheal	37858
All_dm6_minus_tracheal	37859
All_dm6_minus_tracheal	37860
All_dm6_minus_tracheal	37861
All_dm6_minus_tracheal	37862
All_dm6_minus_tracheal	37863
All_dm6_minus_tracheal	37864
All_dm6_minus_tracheal	37866
All_dm6_minus_tracheal	37869
All_dm6_minus_tracheal	37872
All_dm6_minus_tracheal	37874
All_dm6_minus_tracheal	37875
All_dm6_minus_tracheal	37876
All_dm6_minus_tracheal	37877
All_dm6_minus_tracheal	37879
All_dm6_minus_tracheal	37881
All_dm6_minus_tracheal	37882
All_dm6_minus_tracheal	37883
All_dm6_minus_tracheal	37885
All_dm6_minus_tracheal	37886
All_dm6_minus_tracheal	37888
All_dm6_minus_tracheal	37891
All_dm6_minus_tracheal	37892
All_dm6_minus_tracheal	37893
All_dm6_minus_tracheal	37894
All_dm6_minus_tracheal	37895
All_dm6_minus_tracheal	37897
All_dm6_minus_tracheal	37898
All_dm6_minus_tracheal	37899
All_dm6_minus_tracheal	37900
All_dm6_minus_tracheal	37901
All_dm6_minus_tracheal	37902
All_dm6_minus_tracheal	37903
All_dm6_minus_tracheal	37904
All_dm6_minus_tracheal	37905
All_dm6_minus_tracheal	37906
All_dm6_minus_tracheal	37907
All_dm6_minus_tracheal	37909
All_dm6_minus_tracheal	37910
All_dm6_minus_tracheal	37911
All_dm6_minus_tracheal	37912
All_dm6_minus_tracheal	37916
All_dm6_minus_tracheal	37917
All_dm6_minus_tracheal	37918
All_dm6_minus_tracheal	37919
All_dm6_minus_tracheal	37920
All_dm6_minus_tracheal	37922
All_dm6_minus_tracheal	37923
All_dm6_minus_tracheal	37924
All_dm6_minus_tracheal	37925
All_dm6_minus_tracheal	37926
All_dm6_minus_tracheal	37927
All_dm6_minus_tracheal	37928
All_dm6_minus_tracheal	37930
All_dm6_minus_tracheal	37932
All_dm6_minus_tracheal	37933
All_dm6_minus_tracheal	37934
All_dm6_minus_tracheal	37935
All_dm6_minus_tracheal	37936
All_dm6_minus_tracheal	37937
All_dm6_minus_tracheal	37938
All_dm6_minus_tracheal	37939
All_dm6_minus_tracheal	37940
All_dm6_minus_tracheal	37941
All_dm6_minus_tracheal	37942
All_dm6_minus_tracheal	37943
All_dm6_minus_tracheal	37944
All_dm6_minus_tracheal	37945
All_dm6_minus_tracheal	37946
All_dm6_minus_tracheal	37947
All_dm6_minus_tracheal	37948
All_dm6_minus_tracheal	37950
All_dm6_minus_tracheal	37953
All_dm6_minus_tracheal	37954
All_dm6_minus_tracheal	37957
All_dm6_minus_tracheal	37959
All_dm6_minus_tracheal	37961
All_dm6_minus_tracheal	37962
All_dm6_minus_tracheal	37963
All_dm6_minus_tracheal	37964
All_dm6_minus_tracheal	37965
All_dm6_minus_tracheal	37966
All_dm6_minus_tracheal	37967
All_dm6_minus_tracheal	37970
All_dm6_minus_tracheal	37971
All_dm6_minus_tracheal	37972
All_dm6_minus_tracheal	37973
All_dm6_minus_tracheal	37974
All_dm6_minus_tracheal	37977
All_dm6_minus_tracheal	37978
All_dm6_minus_tracheal	37979
All_dm6_minus_tracheal	37980
All_dm6_minus_tracheal	37981
All_dm6_minus_tracheal	37982
All_dm6_minus_tracheal	37983
All_dm6_minus_tracheal	37985
All_dm6_minus_tracheal	37988
All_dm6_minus_tracheal	37989
All_dm6_minus_tracheal	37990
All_dm6_minus_tracheal	37991
All_dm6_minus_tracheal	37992
All_dm6_minus_tracheal	37993
All_dm6_minus_tracheal	37995
All_dm6_minus_tracheal	37996
All_dm6_minus_tracheal	37998
All_dm6_minus_tracheal	38000
All_dm6_minus_tracheal	38001
All_dm6_minus_tracheal	38002
All_dm6_minus_tracheal	38003
All_dm6_minus_tracheal	38004
All_dm6_minus_tracheal	38005
All_dm6_minus_tracheal	38006
All_dm6_minus_tracheal	38007
All_dm6_minus_tracheal	38011
All_dm6_minus_tracheal	38012
All_dm6_minus_tracheal	38013
All_dm6_minus_tracheal	38015
All_dm6_minus_tracheal	38016
All_dm6_minus_tracheal	38019
All_dm6_minus_tracheal	38020
All_dm6_minus_tracheal	38021
All_dm6_minus_tracheal	38022
All_dm6_minus_tracheal	38024
All_dm6_minus_tracheal	38026
All_dm6_minus_tracheal	38027
All_dm6_minus_tracheal	38029
All_dm6_minus_tracheal	38031
All_dm6_minus_tracheal	38032
All_dm6_minus_tracheal	38033
All_dm6_minus_tracheal	38034
All_dm6_minus_tracheal	38036
All_dm6_minus_tracheal	38037
All_dm6_minus_tracheal	38044
All_dm6_minus_tracheal	38046
All_dm6_minus_tracheal	38049
All_dm6_minus_tracheal	38050
All_dm6_minus_tracheal	38055
All_dm6_minus_tracheal	38056
All_dm6_minus_tracheal	38057
All_dm6_minus_tracheal	38058
All_dm6_minus_tracheal	38059
All_dm6_minus_tracheal	38060
All_dm6_minus_tracheal	38062
All_dm6_minus_tracheal	38063
All_dm6_minus_tracheal	38064
All_dm6_minus_tracheal	38066
All_dm6_minus_tracheal	38068
All_dm6_minus_tracheal	38069
All_dm6_minus_tracheal	38071
All_dm6_minus_tracheal	38073
All_dm6_minus_tracheal	38075
All_dm6_minus_tracheal	38078
All_dm6_minus_tracheal	38079
All_dm6_minus_tracheal	38080
All_dm6_minus_tracheal	38081
All_dm6_minus_tracheal	38082
All_dm6_minus_tracheal	38084
All_dm6_minus_tracheal	38085
All_dm6_minus_tracheal	38086
All_dm6_minus_tracheal	38087
All_dm6_minus_tracheal	38088
All_dm6_minus_tracheal	38089
All_dm6_minus_tracheal	38090
All_dm6_minus_tracheal	38092
All_dm6_minus_tracheal	38094
All_dm6_minus_tracheal	38095
All_dm6_minus_tracheal	38097
All_dm6_minus_tracheal	38098
All_dm6_minus_tracheal	38099
All_dm6_minus_tracheal	38100
All_dm6_minus_tracheal	38101
All_dm6_minus_tracheal	38102
All_dm6_minus_tracheal	38103
All_dm6_minus_tracheal	38104
All_dm6_minus_tracheal	38107
All_dm6_minus_tracheal	38109
All_dm6_minus_tracheal	38113
All_dm6_minus_tracheal	38116
All_dm6_minus_tracheal	38120
All_dm6_minus_tracheal	38122
All_dm6_minus_tracheal	38124
All_dm6_minus_tracheal	38125
All_dm6_minus_tracheal	38127
All_dm6_minus_tracheal	38128
All_dm6_minus_tracheal	38129
All_dm6_minus_tracheal	38130
All_dm6_minus_tracheal	38133
All_dm6_minus_tracheal	38135
All_dm6_minus_tracheal	38136
All_dm6_minus_tracheal	38138
All_dm6_minus_tracheal	38141
All_dm6_minus_tracheal	38142
All_dm6_minus_tracheal	38144
All_dm6_minus_tracheal	38146
All_dm6_minus_tracheal	38147
All_dm6_minus_tracheal	38148
All_dm6_minus_tracheal	38149
All_dm6_minus_tracheal	38151
All_dm6_minus_tracheal	38153
All_dm6_minus_tracheal	38155
All_dm6_minus_tracheal	38156
All_dm6_minus_tracheal	38157
All_dm6_minus_tracheal	38159
All_dm6_minus_tracheal	38161
All_dm6_minus_tracheal	38163
All_dm6_minus_tracheal	38164
All_dm6_minus_tracheal	38165
All_dm6_minus_tracheal	38167
All_dm6_minus_tracheal	38169
All_dm6_minus_tracheal	38170
All_dm6_minus_tracheal	38173
All_dm6_minus_tracheal	38174
All_dm6_minus_tracheal	38175
All_dm6_minus_tracheal	38176
All_dm6_minus_tracheal	38178
All_dm6_minus_tracheal	38181
All_dm6_minus_tracheal	38182
All_dm6_minus_tracheal	38183
All_dm6_minus_tracheal	38184
All_dm6_minus_tracheal	38185
All_dm6_minus_tracheal	38186
All_dm6_minus_tracheal	38187
All_dm6_minus_tracheal	38190
All_dm6_minus_tracheal	38192
All_dm6_minus_tracheal	38193
All_dm6_minus_tracheal	38194
All_dm6_minus_tracheal	38196
All_dm6_minus_tracheal	38197
All_dm6_minus_tracheal	38200
All_dm6_minus_tracheal	38201
All_dm6_minus_tracheal	38202
All_dm6_minus_tracheal	38204
All_dm6_minus_tracheal	38205
All_dm6_minus_tracheal	38207
All_dm6_minus_tracheal	38208
All_dm6_minus_tracheal	38209
All_dm6_minus_tracheal	38210
All_dm6_minus_tracheal	38211
All_dm6_minus_tracheal	38212
All_dm6_minus_tracheal	38216
All_dm6_minus_tracheal	38217
All_dm6_minus_tracheal	38218
All_dm6_minus_tracheal	38219
All_dm6_minus_tracheal	38220
All_dm6_minus_tracheal	38221
All_dm6_minus_tracheal	38223
All_dm6_minus_tracheal	38226
All_dm6_minus_tracheal	38227
All_dm6_minus_tracheal	38228
All_dm6_minus_tracheal	38229
All_dm6_minus_tracheal	38230
All_dm6_minus_tracheal	38232
All_dm6_minus_tracheal	38233
All_dm6_minus_tracheal	38235
All_dm6_minus_tracheal	38238
All_dm6_minus_tracheal	38239
All_dm6_minus_tracheal	38240
All_dm6_minus_tracheal	38242
All_dm6_minus_tracheal	38243
All_dm6_minus_tracheal	38244
All_dm6_minus_tracheal	38246
All_dm6_minus_tracheal	38247
All_dm6_minus_tracheal	38248
All_dm6_minus_tracheal	38249
All_dm6_minus_tracheal	38251
All_dm6_minus_tracheal	38252
All_dm6_minus_tracheal	38254
All_dm6_minus_tracheal	38255
All_dm6_minus_tracheal	38256
All_dm6_minus_tracheal	38257
All_dm6_minus_tracheal	38258
All_dm6_minus_tracheal	38259
All_dm6_minus_tracheal	38261
All_dm6_minus_tracheal	38262
All_dm6_minus_tracheal	38263
All_dm6_minus_tracheal	38264
All_dm6_minus_tracheal	38274
All_dm6_minus_tracheal	38277
All_dm6_minus_tracheal	38278
All_dm6_minus_tracheal	38280
All_dm6_minus_tracheal	38281
All_dm6_minus_tracheal	38282
All_dm6_minus_tracheal	38283
All_dm6_minus_tracheal	38284
All_dm6_minus_tracheal	38285
All_dm6_minus_tracheal	38286
All_dm6_minus_tracheal	38287
All_dm6_minus_tracheal	38288
All_dm6_minus_tracheal	38290
All_dm6_minus_tracheal	38291
All_dm6_minus_tracheal	38292
All_dm6_minus_tracheal	38294
All_dm6_minus_tracheal	38295
All_dm6_minus_tracheal	38296
All_dm6_minus_tracheal	38298
All_dm6_minus_tracheal	38299
All_dm6_minus_tracheal	38300
All_dm6_minus_tracheal	38301
All_dm6_minus_tracheal	38303
All_dm6_minus_tracheal	38304
All_dm6_minus_tracheal	38310
All_dm6_minus_tracheal	38311
All_dm6_minus_tracheal	38313
All_dm6_minus_tracheal	38321
All_dm6_minus_tracheal	38322
All_dm6_minus_tracheal	38323
All_dm6_minus_tracheal	38324
All_dm6_minus_tracheal	38325
All_dm6_minus_tracheal	38326
All_dm6_minus_tracheal	38327
All_dm6_minus_tracheal	38328
All_dm6_minus_tracheal	38329
All_dm6_minus_tracheal	38330
All_dm6_minus_tracheal	38331
All_dm6_minus_tracheal	38332
All_dm6_minus_tracheal	38337
All_dm6_minus_tracheal	38340
All_dm6_minus_tracheal	38343
All_dm6_minus_tracheal	38344
All_dm6_minus_tracheal	38345
All_dm6_minus_tracheal	38351
All_dm6_minus_tracheal	38352
All_dm6_minus_tracheal	38354
All_dm6_minus_tracheal	38355
All_dm6_minus_tracheal	38356
All_dm6_minus_tracheal	38357
All_dm6_minus_tracheal	38358
All_dm6_minus_tracheal	38360
All_dm6_minus_tracheal	38362
All_dm6_minus_tracheal	38363
All_dm6_minus_tracheal	38364
All_dm6_minus_tracheal	38365
All_dm6_minus_tracheal	38367
All_dm6_minus_tracheal	38369
All_dm6_minus_tracheal	38371
All_dm6_minus_tracheal	38375
All_dm6_minus_tracheal	38376
All_dm6_minus_tracheal	38378
All_dm6_minus_tracheal	38379
All_dm6_minus_tracheal	38381
All_dm6_minus_tracheal	38383
All_dm6_minus_tracheal	38384
All_dm6_minus_tracheal	38385
All_dm6_minus_tracheal	38386
All_dm6_minus_tracheal	38387
All_dm6_minus_tracheal	38388
All_dm6_minus_tracheal	38390
All_dm6_minus_tracheal	38391
All_dm6_minus_tracheal	38392
All_dm6_minus_tracheal	38393
All_dm6_minus_tracheal	38395
All_dm6_minus_tracheal	38396
All_dm6_minus_tracheal	38397
All_dm6_minus_tracheal	38398
All_dm6_minus_tracheal	38399
All_dm6_minus_tracheal	38400
All_dm6_minus_tracheal	38401
All_dm6_minus_tracheal	38402
All_dm6_minus_tracheal	38408
All_dm6_minus_tracheal	38409
All_dm6_minus_tracheal	38410
All_dm6_minus_tracheal	38411
All_dm6_minus_tracheal	38412
All_dm6_minus_tracheal	38413
All_dm6_minus_tracheal	38414
All_dm6_minus_tracheal	38415
All_dm6_minus_tracheal	38416
All_dm6_minus_tracheal	38418
All_dm6_minus_tracheal	38420
All_dm6_minus_tracheal	38421
All_dm6_minus_tracheal	38422
All_dm6_minus_tracheal	38423
All_dm6_minus_tracheal	38427
All_dm6_minus_tracheal	38428
All_dm6_minus_tracheal	38429
All_dm6_minus_tracheal	38430
All_dm6_minus_tracheal	38435
All_dm6_minus_tracheal	38437
All_dm6_minus_tracheal	38440
All_dm6_minus_tracheal	38443
All_dm6_minus_tracheal	38444
All_dm6_minus_tracheal	38445
All_dm6_minus_tracheal	38448
All_dm6_minus_tracheal	38451
All_dm6_minus_tracheal	38452
All_dm6_minus_tracheal	38453
All_dm6_minus_tracheal	38454
All_dm6_minus_tracheal	38455
All_dm6_minus_tracheal	38457
All_dm6_minus_tracheal	38461
All_dm6_minus_tracheal	38462
All_dm6_minus_tracheal	38463
All_dm6_minus_tracheal	38464
All_dm6_minus_tracheal	38465
All_dm6_minus_tracheal	38466
All_dm6_minus_tracheal	38467
All_dm6_minus_tracheal	38468
All_dm6_minus_tracheal	38470
All_dm6_minus_tracheal	38471
All_dm6_minus_tracheal	38472
All_dm6_minus_tracheal	38473
All_dm6_minus_tracheal	38477
All_dm6_minus_tracheal	38479
All_dm6_minus_tracheal	38480
All_dm6_minus_tracheal	38486
All_dm6_minus_tracheal	38487
All_dm6_minus_tracheal	38488
All_dm6_minus_tracheal	38489
All_dm6_minus_tracheal	38491
All_dm6_minus_tracheal	38492
All_dm6_minus_tracheal	38493
All_dm6_minus_tracheal	38494
All_dm6_minus_tracheal	38495
All_dm6_minus_tracheal	38501
All_dm6_minus_tracheal	38502
All_dm6_minus_tracheal	38503
All_dm6_minus_tracheal	38504
All_dm6_minus_tracheal	38505
All_dm6_minus_tracheal	38506
All_dm6_minus_tracheal	38508
All_dm6_minus_tracheal	38509
All_dm6_minus_tracheal	38510
All_dm6_minus_tracheal	38515
All_dm6_minus_tracheal	38517
All_dm6_minus_tracheal	38518
All_dm6_minus_tracheal	38519
All_dm6_minus_tracheal	38520
All_dm6_minus_tracheal	38521
All_dm6_minus_tracheal	38523
All_dm6_minus_tracheal	38525
All_dm6_minus_tracheal	38527
All_dm6_minus_tracheal	38529
All_dm6_minus_tracheal	38530
All_dm6_minus_tracheal	38532
All_dm6_minus_tracheal	38533
All_dm6_minus_tracheal	38534
All_dm6_minus_tracheal	38535
All_dm6_minus_tracheal	38538
All_dm6_minus_tracheal	38539
All_dm6_minus_tracheal	38541
All_dm6_minus_tracheal	38543
All_dm6_minus_tracheal	38544
All_dm6_minus_tracheal	38545
All_dm6_minus_tracheal	38546
All_dm6_minus_tracheal	38547
All_dm6_minus_tracheal	38548
All_dm6_minus_tracheal	38549
All_dm6_minus_tracheal	38550
All_dm6_minus_tracheal	38552
All_dm6_minus_tracheal	38553
All_dm6_minus_tracheal	38554
All_dm6_minus_tracheal	38555
All_dm6_minus_tracheal	38556
All_dm6_minus_tracheal	38557
All_dm6_minus_tracheal	38559
All_dm6_minus_tracheal	38560
All_dm6_minus_tracheal	38561
All_dm6_minus_tracheal	38562
All_dm6_minus_tracheal	38567
All_dm6_minus_tracheal	38571
All_dm6_minus_tracheal	38572
All_dm6_minus_tracheal	38573
All_dm6_minus_tracheal	38574
All_dm6_minus_tracheal	38575
All_dm6_minus_tracheal	38576
All_dm6_minus_tracheal	38579
All_dm6_minus_tracheal	38580
All_dm6_minus_tracheal	38581
All_dm6_minus_tracheal	38582
All_dm6_minus_tracheal	38583
All_dm6_minus_tracheal	38584
All_dm6_minus_tracheal	38586
All_dm6_minus_tracheal	38589
All_dm6_minus_tracheal	38591
All_dm6_minus_tracheal	38592
All_dm6_minus_tracheal	38594
All_dm6_minus_tracheal	38595
All_dm6_minus_tracheal	38596
All_dm6_minus_tracheal	38597
All_dm6_minus_tracheal	38598
All_dm6_minus_tracheal	38599
All_dm6_minus_tracheal	38600
All_dm6_minus_tracheal	38601
All_dm6_minus_tracheal	38602
All_dm6_minus_tracheal	38603
All_dm6_minus_tracheal	38604
All_dm6_minus_tracheal	38608
All_dm6_minus_tracheal	38610
All_dm6_minus_tracheal	38611
All_dm6_minus_tracheal	38612
All_dm6_minus_tracheal	38614
All_dm6_minus_tracheal	38616
All_dm6_minus_tracheal	38619
All_dm6_minus_tracheal	38620
All_dm6_minus_tracheal	38622
All_dm6_minus_tracheal	38623
All_dm6_minus_tracheal	38624
All_dm6_minus_tracheal	38628
All_dm6_minus_tracheal	38630
All_dm6_minus_tracheal	38631
All_dm6_minus_tracheal	38632
All_dm6_minus_tracheal	38636
All_dm6_minus_tracheal	38637
All_dm6_minus_tracheal	38640
All_dm6_minus_tracheal	38644
All_dm6_minus_tracheal	38645
All_dm6_minus_tracheal	38646
All_dm6_minus_tracheal	38647
All_dm6_minus_tracheal	38648
All_dm6_minus_tracheal	38649
All_dm6_minus_tracheal	38652
All_dm6_minus_tracheal	38653
All_dm6_minus_tracheal	38656
All_dm6_minus_tracheal	38657
All_dm6_minus_tracheal	38658
All_dm6_minus_tracheal	38659
All_dm6_minus_tracheal	38660
All_dm6_minus_tracheal	38661
All_dm6_minus_tracheal	38662
All_dm6_minus_tracheal	38663
All_dm6_minus_tracheal	38664
All_dm6_minus_tracheal	38665
All_dm6_minus_tracheal	38666
All_dm6_minus_tracheal	38668
All_dm6_minus_tracheal	38675
All_dm6_minus_tracheal	38677
All_dm6_minus_tracheal	38679
All_dm6_minus_tracheal	38680
All_dm6_minus_tracheal	38681
All_dm6_minus_tracheal	38682
All_dm6_minus_tracheal	38683
All_dm6_minus_tracheal	38684
All_dm6_minus_tracheal	38685
All_dm6_minus_tracheal	38687
All_dm6_minus_tracheal	38688
All_dm6_minus_tracheal	38689
All_dm6_minus_tracheal	38691
All_dm6_minus_tracheal	38692
All_dm6_minus_tracheal	38693
All_dm6_minus_tracheal	38695
All_dm6_minus_tracheal	38696
All_dm6_minus_tracheal	38697
All_dm6_minus_tracheal	38700
All_dm6_minus_tracheal	38701
All_dm6_minus_tracheal	38702
All_dm6_minus_tracheal	38706
All_dm6_minus_tracheal	38707
All_dm6_minus_tracheal	38709
All_dm6_minus_tracheal	38710
All_dm6_minus_tracheal	38711
All_dm6_minus_tracheal	38712
All_dm6_minus_tracheal	38713
All_dm6_minus_tracheal	38714
All_dm6_minus_tracheal	38715
All_dm6_minus_tracheal	38716
All_dm6_minus_tracheal	38717
All_dm6_minus_tracheal	38718
All_dm6_minus_tracheal	38719
All_dm6_minus_tracheal	38720
All_dm6_minus_tracheal	38722
All_dm6_minus_tracheal	38724
All_dm6_minus_tracheal	38725
All_dm6_minus_tracheal	38726
All_dm6_minus_tracheal	38728
All_dm6_minus_tracheal	38733
All_dm6_minus_tracheal	38734
All_dm6_minus_tracheal	38735
All_dm6_minus_tracheal	38738
All_dm6_minus_tracheal	38740
All_dm6_minus_tracheal	38741
All_dm6_minus_tracheal	38742
All_dm6_minus_tracheal	38743
All_dm6_minus_tracheal	38745
All_dm6_minus_tracheal	38746
All_dm6_minus_tracheal	38747
All_dm6_minus_tracheal	38748
All_dm6_minus_tracheal	38749
All_dm6_minus_tracheal	38750
All_dm6_minus_tracheal	38751
All_dm6_minus_tracheal	38753
All_dm6_minus_tracheal	38754
All_dm6_minus_tracheal	38755
All_dm6_minus_tracheal	38757
All_dm6_minus_tracheal	38758
All_dm6_minus_tracheal	38761
All_dm6_minus_tracheal	38762
All_dm6_minus_tracheal	38763
All_dm6_minus_tracheal	38764
All_dm6_minus_tracheal	38765
All_dm6_minus_tracheal	38766
All_dm6_minus_tracheal	38768
All_dm6_minus_tracheal	38769
All_dm6_minus_tracheal	38771
All_dm6_minus_tracheal	38772
All_dm6_minus_tracheal	38773
All_dm6_minus_tracheal	38774
All_dm6_minus_tracheal	38775
All_dm6_minus_tracheal	38779
All_dm6_minus_tracheal	38780
All_dm6_minus_tracheal	38781
All_dm6_minus_tracheal	38782
All_dm6_minus_tracheal	38783
All_dm6_minus_tracheal	38784
All_dm6_minus_tracheal	38785
All_dm6_minus_tracheal	38786
All_dm6_minus_tracheal	38788
All_dm6_minus_tracheal	38791
All_dm6_minus_tracheal	38792
All_dm6_minus_tracheal	38793
All_dm6_minus_tracheal	38794
All_dm6_minus_tracheal	38795
All_dm6_minus_tracheal	38796
All_dm6_minus_tracheal	38797
All_dm6_minus_tracheal	38798
All_dm6_minus_tracheal	38799
All_dm6_minus_tracheal	38801
All_dm6_minus_tracheal	38805
All_dm6_minus_tracheal	38806
All_dm6_minus_tracheal	38808
All_dm6_minus_tracheal	38809
All_dm6_minus_tracheal	38811
All_dm6_minus_tracheal	38812
All_dm6_minus_tracheal	38813
All_dm6_minus_tracheal	38814
All_dm6_minus_tracheal	38816
All_dm6_minus_tracheal	38817
All_dm6_minus_tracheal	38818
All_dm6_minus_tracheal	38821
All_dm6_minus_tracheal	38823
All_dm6_minus_tracheal	38825
All_dm6_minus_tracheal	38826
All_dm6_minus_tracheal	38828
All_dm6_minus_tracheal	38829
All_dm6_minus_tracheal	38832
All_dm6_minus_tracheal	38833
All_dm6_minus_tracheal	38835
All_dm6_minus_tracheal	38836
All_dm6_minus_tracheal	38837
All_dm6_minus_tracheal	38838
All_dm6_minus_tracheal	38839
All_dm6_minus_tracheal	38840
All_dm6_minus_tracheal	38841
All_dm6_minus_tracheal	38842
All_dm6_minus_tracheal	38843
All_dm6_minus_tracheal	38844
All_dm6_minus_tracheal	38846
All_dm6_minus_tracheal	38847
All_dm6_minus_tracheal	38848
All_dm6_minus_tracheal	38849
All_dm6_minus_tracheal	38850
All_dm6_minus_tracheal	38851
All_dm6_minus_tracheal	38852
All_dm6_minus_tracheal	38857
All_dm6_minus_tracheal	38858
All_dm6_minus_tracheal	38859
All_dm6_minus_tracheal	38864
All_dm6_minus_tracheal	38865
All_dm6_minus_tracheal	38866
All_dm6_minus_tracheal	38868
All_dm6_minus_tracheal	38869
All_dm6_minus_tracheal	38870
All_dm6_minus_tracheal	38871
All_dm6_minus_tracheal	38872
All_dm6_minus_tracheal	38873
All_dm6_minus_tracheal	38878
All_dm6_minus_tracheal	38879
All_dm6_minus_tracheal	38880
All_dm6_minus_tracheal	38881
All_dm6_minus_tracheal	38884
All_dm6_minus_tracheal	38885
All_dm6_minus_tracheal	38886
All_dm6_minus_tracheal	38887
All_dm6_minus_tracheal	38888
All_dm6_minus_tracheal	38889
All_dm6_minus_tracheal	38891
All_dm6_minus_tracheal	38893
All_dm6_minus_tracheal	38897
All_dm6_minus_tracheal	38900
All_dm6_minus_tracheal	38901
All_dm6_minus_tracheal	38904
All_dm6_minus_tracheal	38907
All_dm6_minus_tracheal	38909
All_dm6_minus_tracheal	38910
All_dm6_minus_tracheal	38911
All_dm6_minus_tracheal	38912
All_dm6_minus_tracheal	38913
All_dm6_minus_tracheal	38914
All_dm6_minus_tracheal	38915
All_dm6_minus_tracheal	38916
All_dm6_minus_tracheal	38917
All_dm6_minus_tracheal	38918
All_dm6_minus_tracheal	38919
All_dm6_minus_tracheal	38920
All_dm6_minus_tracheal	38921
All_dm6_minus_tracheal	38923
All_dm6_minus_tracheal	38924
All_dm6_minus_tracheal	38928
All_dm6_minus_tracheal	38929
All_dm6_minus_tracheal	38930
All_dm6_minus_tracheal	38931
All_dm6_minus_tracheal	38932
All_dm6_minus_tracheal	38933
All_dm6_minus_tracheal	38934
All_dm6_minus_tracheal	38935
All_dm6_minus_tracheal	38936
All_dm6_minus_tracheal	38938
All_dm6_minus_tracheal	38940
All_dm6_minus_tracheal	38941
All_dm6_minus_tracheal	38942
All_dm6_minus_tracheal	38943
All_dm6_minus_tracheal	38944
All_dm6_minus_tracheal	38945
All_dm6_minus_tracheal	38946
All_dm6_minus_tracheal	38952
All_dm6_minus_tracheal	38953
All_dm6_minus_tracheal	38954
All_dm6_minus_tracheal	38955
All_dm6_minus_tracheal	38956
All_dm6_minus_tracheal	38957
All_dm6_minus_tracheal	38958
All_dm6_minus_tracheal	38959
All_dm6_minus_tracheal	38961
All_dm6_minus_tracheal	38964
All_dm6_minus_tracheal	38966
All_dm6_minus_tracheal	38968
All_dm6_minus_tracheal	38969
All_dm6_minus_tracheal	38970
All_dm6_minus_tracheal	38971
All_dm6_minus_tracheal	38972
All_dm6_minus_tracheal	38973
All_dm6_minus_tracheal	38974
All_dm6_minus_tracheal	38975
All_dm6_minus_tracheal	38979
All_dm6_minus_tracheal	38981
All_dm6_minus_tracheal	38982
All_dm6_minus_tracheal	38983
All_dm6_minus_tracheal	38984
All_dm6_minus_tracheal	38985
All_dm6_minus_tracheal	38987
All_dm6_minus_tracheal	38988
All_dm6_minus_tracheal	38992
All_dm6_minus_tracheal	38993
All_dm6_minus_tracheal	38994
All_dm6_minus_tracheal	38997
All_dm6_minus_tracheal	38999
All_dm6_minus_tracheal	39000
All_dm6_minus_tracheal	39001
All_dm6_minus_tracheal	39002
All_dm6_minus_tracheal	39003
All_dm6_minus_tracheal	39005
All_dm6_minus_tracheal	39007
All_dm6_minus_tracheal	39008
All_dm6_minus_tracheal	39010
All_dm6_minus_tracheal	39011
All_dm6_minus_tracheal	39012
All_dm6_minus_tracheal	39013
All_dm6_minus_tracheal	39014
All_dm6_minus_tracheal	39015
All_dm6_minus_tracheal	39016
All_dm6_minus_tracheal	39018
All_dm6_minus_tracheal	39020
All_dm6_minus_tracheal	39022
All_dm6_minus_tracheal	39023
All_dm6_minus_tracheal	39024
All_dm6_minus_tracheal	39026
All_dm6_minus_tracheal	39027
All_dm6_minus_tracheal	39029
All_dm6_minus_tracheal	39030
All_dm6_minus_tracheal	39031
All_dm6_minus_tracheal	39032
All_dm6_minus_tracheal	39033
All_dm6_minus_tracheal	39034
All_dm6_minus_tracheal	39035
All_dm6_minus_tracheal	39036
All_dm6_minus_tracheal	39037
All_dm6_minus_tracheal	39039
All_dm6_minus_tracheal	39040
All_dm6_minus_tracheal	39043
All_dm6_minus_tracheal	39044
All_dm6_minus_tracheal	39048
All_dm6_minus_tracheal	39050
All_dm6_minus_tracheal	39051
All_dm6_minus_tracheal	39052
All_dm6_minus_tracheal	39054
All_dm6_minus_tracheal	39056
All_dm6_minus_tracheal	39057
All_dm6_minus_tracheal	39058
All_dm6_minus_tracheal	39062
All_dm6_minus_tracheal	39063
All_dm6_minus_tracheal	39064
All_dm6_minus_tracheal	39065
All_dm6_minus_tracheal	39066
All_dm6_minus_tracheal	39067
All_dm6_minus_tracheal	39068
All_dm6_minus_tracheal	39069
All_dm6_minus_tracheal	39070
All_dm6_minus_tracheal	39071
All_dm6_minus_tracheal	39074
All_dm6_minus_tracheal	39075
All_dm6_minus_tracheal	39076
All_dm6_minus_tracheal	39079
All_dm6_minus_tracheal	39081
All_dm6_minus_tracheal	39082
All_dm6_minus_tracheal	39084
All_dm6_minus_tracheal	39085
All_dm6_minus_tracheal	39088
All_dm6_minus_tracheal	39089
All_dm6_minus_tracheal	39090
All_dm6_minus_tracheal	39091
All_dm6_minus_tracheal	39092
All_dm6_minus_tracheal	39093
All_dm6_minus_tracheal	39094
All_dm6_minus_tracheal	39095
All_dm6_minus_tracheal	39096
All_dm6_minus_tracheal	39097
All_dm6_minus_tracheal	39098
All_dm6_minus_tracheal	39102
All_dm6_minus_tracheal	39103
All_dm6_minus_tracheal	39104
All_dm6_minus_tracheal	39105
All_dm6_minus_tracheal	39108
All_dm6_minus_tracheal	39109
All_dm6_minus_tracheal	39110
All_dm6_minus_tracheal	39114
All_dm6_minus_tracheal	39115
All_dm6_minus_tracheal	39116
All_dm6_minus_tracheal	39118
All_dm6_minus_tracheal	39119
All_dm6_minus_tracheal	39120
All_dm6_minus_tracheal	39121
All_dm6_minus_tracheal	39122
All_dm6_minus_tracheal	39123
All_dm6_minus_tracheal	39124
All_dm6_minus_tracheal	39125
All_dm6_minus_tracheal	39127
All_dm6_minus_tracheal	39129
All_dm6_minus_tracheal	39131
All_dm6_minus_tracheal	39132
All_dm6_minus_tracheal	39133
All_dm6_minus_tracheal	39134
All_dm6_minus_tracheal	39135
All_dm6_minus_tracheal	39136
All_dm6_minus_tracheal	39137
All_dm6_minus_tracheal	39138
All_dm6_minus_tracheal	39139
All_dm6_minus_tracheal	39141
All_dm6_minus_tracheal	39142
All_dm6_minus_tracheal	39143
All_dm6_minus_tracheal	39144
All_dm6_minus_tracheal	39147
All_dm6_minus_tracheal	39148
All_dm6_minus_tracheal	39153
All_dm6_minus_tracheal	39156
All_dm6_minus_tracheal	39157
All_dm6_minus_tracheal	39158
All_dm6_minus_tracheal	39159
All_dm6_minus_tracheal	39160
All_dm6_minus_tracheal	39164
All_dm6_minus_tracheal	39165
All_dm6_minus_tracheal	39166
All_dm6_minus_tracheal	39167
All_dm6_minus_tracheal	39169
All_dm6_minus_tracheal	39172
All_dm6_minus_tracheal	39173
All_dm6_minus_tracheal	39174
All_dm6_minus_tracheal	39175
All_dm6_minus_tracheal	39177
All_dm6_minus_tracheal	39178
All_dm6_minus_tracheal	39179
All_dm6_minus_tracheal	39180
All_dm6_minus_tracheal	39181
All_dm6_minus_tracheal	39183
All_dm6_minus_tracheal	39186
All_dm6_minus_tracheal	39188
All_dm6_minus_tracheal	39189
All_dm6_minus_tracheal	39191
All_dm6_minus_tracheal	39193
All_dm6_minus_tracheal	39194
All_dm6_minus_tracheal	39195
All_dm6_minus_tracheal	39196
All_dm6_minus_tracheal	39197
All_dm6_minus_tracheal	39201
All_dm6_minus_tracheal	39202
All_dm6_minus_tracheal	39203
All_dm6_minus_tracheal	39205
All_dm6_minus_tracheal	39207
All_dm6_minus_tracheal	39208
All_dm6_minus_tracheal	39210
All_dm6_minus_tracheal	39212
All_dm6_minus_tracheal	39213
All_dm6_minus_tracheal	39214
All_dm6_minus_tracheal	39216
All_dm6_minus_tracheal	39219
All_dm6_minus_tracheal	39220
All_dm6_minus_tracheal	39221
All_dm6_minus_tracheal	39222
All_dm6_minus_tracheal	39223
All_dm6_minus_tracheal	39224
All_dm6_minus_tracheal	39225
All_dm6_minus_tracheal	39226
All_dm6_minus_tracheal	39227
All_dm6_minus_tracheal	39230
All_dm6_minus_tracheal	39234
All_dm6_minus_tracheal	39238
All_dm6_minus_tracheal	39240
All_dm6_minus_tracheal	39241
All_dm6_minus_tracheal	39242
All_dm6_minus_tracheal	39243
All_dm6_minus_tracheal	39244
All_dm6_minus_tracheal	39245
All_dm6_minus_tracheal	39246
All_dm6_minus_tracheal	39250
All_dm6_minus_tracheal	39251
All_dm6_minus_tracheal	39252
All_dm6_minus_tracheal	39253
All_dm6_minus_tracheal	39254
All_dm6_minus_tracheal	39255
All_dm6_minus_tracheal	39256
All_dm6_minus_tracheal	39257
All_dm6_minus_tracheal	39258
All_dm6_minus_tracheal	39259
All_dm6_minus_tracheal	39260
All_dm6_minus_tracheal	39261
All_dm6_minus_tracheal	39263
All_dm6_minus_tracheal	39264
All_dm6_minus_tracheal	39266
All_dm6_minus_tracheal	39267
All_dm6_minus_tracheal	39268
All_dm6_minus_tracheal	39269
All_dm6_minus_tracheal	39272
All_dm6_minus_tracheal	39273
All_dm6_minus_tracheal	39274
All_dm6_minus_tracheal	39275
All_dm6_minus_tracheal	39276
All_dm6_minus_tracheal	39277
All_dm6_minus_tracheal	39278
All_dm6_minus_tracheal	39279
All_dm6_minus_tracheal	39280
All_dm6_minus_tracheal	39281
All_dm6_minus_tracheal	39282
All_dm6_minus_tracheal	39285
All_dm6_minus_tracheal	39288
All_dm6_minus_tracheal	39289
All_dm6_minus_tracheal	39294
All_dm6_minus_tracheal	39300
All_dm6_minus_tracheal	39301
All_dm6_minus_tracheal	39302
All_dm6_minus_tracheal	39304
All_dm6_minus_tracheal	39305
All_dm6_minus_tracheal	39306
All_dm6_minus_tracheal	39307
All_dm6_minus_tracheal	39308
All_dm6_minus_tracheal	39309
All_dm6_minus_tracheal	39310
All_dm6_minus_tracheal	39311
All_dm6_minus_tracheal	39313
All_dm6_minus_tracheal	39315
All_dm6_minus_tracheal	39316
All_dm6_minus_tracheal	39317
All_dm6_minus_tracheal	39318
All_dm6_minus_tracheal	39319
All_dm6_minus_tracheal	39320
All_dm6_minus_tracheal	39322
All_dm6_minus_tracheal	39323
All_dm6_minus_tracheal	39324
All_dm6_minus_tracheal	39326
All_dm6_minus_tracheal	39327
All_dm6_minus_tracheal	39328
All_dm6_minus_tracheal	39329
All_dm6_minus_tracheal	39330
All_dm6_minus_tracheal	39331
All_dm6_minus_tracheal	39332
All_dm6_minus_tracheal	39333
All_dm6_minus_tracheal	39334
All_dm6_minus_tracheal	39335
All_dm6_minus_tracheal	39337
All_dm6_minus_tracheal	39338
All_dm6_minus_tracheal	39339
All_dm6_minus_tracheal	39340
All_dm6_minus_tracheal	39343
All_dm6_minus_tracheal	39344
All_dm6_minus_tracheal	39345
All_dm6_minus_tracheal	39346
All_dm6_minus_tracheal	39347
All_dm6_minus_tracheal	39348
All_dm6_minus_tracheal	39349
All_dm6_minus_tracheal	39351
All_dm6_minus_tracheal	39352
All_dm6_minus_tracheal	39353
All_dm6_minus_tracheal	39354
All_dm6_minus_tracheal	39355
All_dm6_minus_tracheal	39356
All_dm6_minus_tracheal	39357
All_dm6_minus_tracheal	39359
All_dm6_minus_tracheal	39360
All_dm6_minus_tracheal	39362
All_dm6_minus_tracheal	39363
All_dm6_minus_tracheal	39364
All_dm6_minus_tracheal	39365
All_dm6_minus_tracheal	39366
All_dm6_minus_tracheal	39369
All_dm6_minus_tracheal	39373
All_dm6_minus_tracheal	39374
All_dm6_minus_tracheal	39375
All_dm6_minus_tracheal	39376
All_dm6_minus_tracheal	39378
All_dm6_minus_tracheal	39381
All_dm6_minus_tracheal	39383
All_dm6_minus_tracheal	39385
All_dm6_minus_tracheal	39389
All_dm6_minus_tracheal	39390
All_dm6_minus_tracheal	39391
All_dm6_minus_tracheal	39392
All_dm6_minus_tracheal	39393
All_dm6_minus_tracheal	39394
All_dm6_minus_tracheal	39395
All_dm6_minus_tracheal	39396
All_dm6_minus_tracheal	39397
All_dm6_minus_tracheal	39399
All_dm6_minus_tracheal	39400
All_dm6_minus_tracheal	39404
All_dm6_minus_tracheal	39405
All_dm6_minus_tracheal	39406
All_dm6_minus_tracheal	39408
All_dm6_minus_tracheal	39410
All_dm6_minus_tracheal	39411
All_dm6_minus_tracheal	39413
All_dm6_minus_tracheal	39414
All_dm6_minus_tracheal	39415
All_dm6_minus_tracheal	39417
All_dm6_minus_tracheal	39420
All_dm6_minus_tracheal	39421
All_dm6_minus_tracheal	39422
All_dm6_minus_tracheal	39424
All_dm6_minus_tracheal	39425
All_dm6_minus_tracheal	39426
All_dm6_minus_tracheal	39428
All_dm6_minus_tracheal	39431
All_dm6_minus_tracheal	39432
All_dm6_minus_tracheal	39433
All_dm6_minus_tracheal	39437
All_dm6_minus_tracheal	39438
All_dm6_minus_tracheal	39443
All_dm6_minus_tracheal	39444
All_dm6_minus_tracheal	39445
All_dm6_minus_tracheal	39446
All_dm6_minus_tracheal	39447
All_dm6_minus_tracheal	39448
All_dm6_minus_tracheal	39450
All_dm6_minus_tracheal	39451
All_dm6_minus_tracheal	39452
All_dm6_minus_tracheal	39455
All_dm6_minus_tracheal	39456
All_dm6_minus_tracheal	39457
All_dm6_minus_tracheal	39459
All_dm6_minus_tracheal	39461
All_dm6_minus_tracheal	39462
All_dm6_minus_tracheal	39463
All_dm6_minus_tracheal	39464
All_dm6_minus_tracheal	39466
All_dm6_minus_tracheal	39467
All_dm6_minus_tracheal	39469
All_dm6_minus_tracheal	39470
All_dm6_minus_tracheal	39471
All_dm6_minus_tracheal	39472
All_dm6_minus_tracheal	39473
All_dm6_minus_tracheal	39474
All_dm6_minus_tracheal	39475
All_dm6_minus_tracheal	39477
All_dm6_minus_tracheal	39478
All_dm6_minus_tracheal	39479
All_dm6_minus_tracheal	39481
All_dm6_minus_tracheal	39483
All_dm6_minus_tracheal	39484
All_dm6_minus_tracheal	39485
All_dm6_minus_tracheal	39486
All_dm6_minus_tracheal	39487
All_dm6_minus_tracheal	39489
All_dm6_minus_tracheal	39490
All_dm6_minus_tracheal	39492
All_dm6_minus_tracheal	39494
All_dm6_minus_tracheal	39495
All_dm6_minus_tracheal	39496
All_dm6_minus_tracheal	39497
All_dm6_minus_tracheal	39498
All_dm6_minus_tracheal	39500
All_dm6_minus_tracheal	39501
All_dm6_minus_tracheal	39502
All_dm6_minus_tracheal	39504
All_dm6_minus_tracheal	39505
All_dm6_minus_tracheal	39506
All_dm6_minus_tracheal	39507
All_dm6_minus_tracheal	39508
All_dm6_minus_tracheal	39509
All_dm6_minus_tracheal	39510
All_dm6_minus_tracheal	39511
All_dm6_minus_tracheal	39513
All_dm6_minus_tracheal	39514
All_dm6_minus_tracheal	39515
All_dm6_minus_tracheal	39516
All_dm6_minus_tracheal	39517
All_dm6_minus_tracheal	39518
All_dm6_minus_tracheal	39520
All_dm6_minus_tracheal	39521
All_dm6_minus_tracheal	39522
All_dm6_minus_tracheal	39523
All_dm6_minus_tracheal	39524
All_dm6_minus_tracheal	39525
All_dm6_minus_tracheal	39528
All_dm6_minus_tracheal	39529
All_dm6_minus_tracheal	39530
All_dm6_minus_tracheal	39531
All_dm6_minus_tracheal	39533
All_dm6_minus_tracheal	39535
All_dm6_minus_tracheal	39536
All_dm6_minus_tracheal	39539
All_dm6_minus_tracheal	39540
All_dm6_minus_tracheal	39541
All_dm6_minus_tracheal	39542
All_dm6_minus_tracheal	39543
All_dm6_minus_tracheal	39545
All_dm6_minus_tracheal	39546
All_dm6_minus_tracheal	39547
All_dm6_minus_tracheal	39548
All_dm6_minus_tracheal	39549
All_dm6_minus_tracheal	39550
All_dm6_minus_tracheal	39551
All_dm6_minus_tracheal	39552
All_dm6_minus_tracheal	39555
All_dm6_minus_tracheal	39556
All_dm6_minus_tracheal	39558
All_dm6_minus_tracheal	39559
All_dm6_minus_tracheal	39560
All_dm6_minus_tracheal	39565
All_dm6_minus_tracheal	39566
All_dm6_minus_tracheal	39567
All_dm6_minus_tracheal	39569
All_dm6_minus_tracheal	39571
All_dm6_minus_tracheal	39573
All_dm6_minus_tracheal	39574
All_dm6_minus_tracheal	39575
All_dm6_minus_tracheal	39577
All_dm6_minus_tracheal	39579
All_dm6_minus_tracheal	39580
All_dm6_minus_tracheal	39581
All_dm6_minus_tracheal	39582
All_dm6_minus_tracheal	39585
All_dm6_minus_tracheal	39586
All_dm6_minus_tracheal	39587
All_dm6_minus_tracheal	39592
All_dm6_minus_tracheal	39594
All_dm6_minus_tracheal	39598
All_dm6_minus_tracheal	39599
All_dm6_minus_tracheal	39600
All_dm6_minus_tracheal	39601
All_dm6_minus_tracheal	39602
All_dm6_minus_tracheal	39603
All_dm6_minus_tracheal	39604
All_dm6_minus_tracheal	39608
All_dm6_minus_tracheal	39609
All_dm6_minus_tracheal	39610
All_dm6_minus_tracheal	39612
All_dm6_minus_tracheal	39613
All_dm6_minus_tracheal	39615
All_dm6_minus_tracheal	39616
All_dm6_minus_tracheal	39617
All_dm6_minus_tracheal	39626
All_dm6_minus_tracheal	39627
All_dm6_minus_tracheal	39628
All_dm6_minus_tracheal	39630
All_dm6_minus_tracheal	39634
All_dm6_minus_tracheal	39635
All_dm6_minus_tracheal	39636
All_dm6_minus_tracheal	39638
All_dm6_minus_tracheal	39641
All_dm6_minus_tracheal	39643
All_dm6_minus_tracheal	39644
All_dm6_minus_tracheal	39645
All_dm6_minus_tracheal	39646
All_dm6_minus_tracheal	39647
All_dm6_minus_tracheal	39649
All_dm6_minus_tracheal	39650
All_dm6_minus_tracheal	39652
All_dm6_minus_tracheal	39653
All_dm6_minus_tracheal	39654
All_dm6_minus_tracheal	39655
All_dm6_minus_tracheal	39657
All_dm6_minus_tracheal	39658
All_dm6_minus_tracheal	39659
All_dm6_minus_tracheal	39660
All_dm6_minus_tracheal	39661
All_dm6_minus_tracheal	39662
All_dm6_minus_tracheal	39665
All_dm6_minus_tracheal	39666
All_dm6_minus_tracheal	39667
All_dm6_minus_tracheal	39668
All_dm6_minus_tracheal	39669
All_dm6_minus_tracheal	39670
All_dm6_minus_tracheal	39671
All_dm6_minus_tracheal	39673
All_dm6_minus_tracheal	39675
All_dm6_minus_tracheal	39677
All_dm6_minus_tracheal	39678
All_dm6_minus_tracheal	39679
All_dm6_minus_tracheal	39681
All_dm6_minus_tracheal	39683
All_dm6_minus_tracheal	39684
All_dm6_minus_tracheal	39685
All_dm6_minus_tracheal	39686
All_dm6_minus_tracheal	39688
All_dm6_minus_tracheal	39689
All_dm6_minus_tracheal	39690
All_dm6_minus_tracheal	39691
All_dm6_minus_tracheal	39693
All_dm6_minus_tracheal	39694
All_dm6_minus_tracheal	39695
All_dm6_minus_tracheal	39696
All_dm6_minus_tracheal	39700
All_dm6_minus_tracheal	39701
All_dm6_minus_tracheal	39703
All_dm6_minus_tracheal	39704
All_dm6_minus_tracheal	39706
All_dm6_minus_tracheal	39707
All_dm6_minus_tracheal	39708
All_dm6_minus_tracheal	39709
All_dm6_minus_tracheal	39710
All_dm6_minus_tracheal	39711
All_dm6_minus_tracheal	39712
All_dm6_minus_tracheal	39713
All_dm6_minus_tracheal	39714
All_dm6_minus_tracheal	39715
All_dm6_minus_tracheal	39716
All_dm6_minus_tracheal	39719
All_dm6_minus_tracheal	39721
All_dm6_minus_tracheal	39722
All_dm6_minus_tracheal	39724
All_dm6_minus_tracheal	39725
All_dm6_minus_tracheal	39726
All_dm6_minus_tracheal	39727
All_dm6_minus_tracheal	39730
All_dm6_minus_tracheal	39732
All_dm6_minus_tracheal	39733
All_dm6_minus_tracheal	39734
All_dm6_minus_tracheal	39735
All_dm6_minus_tracheal	39737
All_dm6_minus_tracheal	39738
All_dm6_minus_tracheal	39739
All_dm6_minus_tracheal	39740
All_dm6_minus_tracheal	39741
All_dm6_minus_tracheal	39742
All_dm6_minus_tracheal	39744
All_dm6_minus_tracheal	39745
All_dm6_minus_tracheal	39746
All_dm6_minus_tracheal	39747
All_dm6_minus_tracheal	39748
All_dm6_minus_tracheal	39749
All_dm6_minus_tracheal	39750
All_dm6_minus_tracheal	39751
All_dm6_minus_tracheal	39752
All_dm6_minus_tracheal	39753
All_dm6_minus_tracheal	39756
All_dm6_minus_tracheal	39757
All_dm6_minus_tracheal	39758
All_dm6_minus_tracheal	39759
All_dm6_minus_tracheal	39760
All_dm6_minus_tracheal	39761
All_dm6_minus_tracheal	39762
All_dm6_minus_tracheal	39763
All_dm6_minus_tracheal	39764
All_dm6_minus_tracheal	39765
All_dm6_minus_tracheal	39766
All_dm6_minus_tracheal	39769
All_dm6_minus_tracheal	39770
All_dm6_minus_tracheal	39771
All_dm6_minus_tracheal	39772
All_dm6_minus_tracheal	39773
All_dm6_minus_tracheal	39774
All_dm6_minus_tracheal	39775
All_dm6_minus_tracheal	39777
All_dm6_minus_tracheal	39778
All_dm6_minus_tracheal	39779
All_dm6_minus_tracheal	39780
All_dm6_minus_tracheal	39781
All_dm6_minus_tracheal	39782
All_dm6_minus_tracheal	39783
All_dm6_minus_tracheal	39784
All_dm6_minus_tracheal	39786
All_dm6_minus_tracheal	39787
All_dm6_minus_tracheal	39789
All_dm6_minus_tracheal	39790
All_dm6_minus_tracheal	39792
All_dm6_minus_tracheal	39793
All_dm6_minus_tracheal	39794
All_dm6_minus_tracheal	39795
All_dm6_minus_tracheal	39796
All_dm6_minus_tracheal	39797
All_dm6_minus_tracheal	39798
All_dm6_minus_tracheal	39799
All_dm6_minus_tracheal	39801
All_dm6_minus_tracheal	39802
All_dm6_minus_tracheal	39803
All_dm6_minus_tracheal	39804
All_dm6_minus_tracheal	39805
All_dm6_minus_tracheal	39806
All_dm6_minus_tracheal	39807
All_dm6_minus_tracheal	39808
All_dm6_minus_tracheal	39810
All_dm6_minus_tracheal	39811
All_dm6_minus_tracheal	39812
All_dm6_minus_tracheal	39813
All_dm6_minus_tracheal	39814
All_dm6_minus_tracheal	39815
All_dm6_minus_tracheal	39816
All_dm6_minus_tracheal	39817
All_dm6_minus_tracheal	39819
All_dm6_minus_tracheal	39821
All_dm6_minus_tracheal	39824
All_dm6_minus_tracheal	39825
All_dm6_minus_tracheal	39827
All_dm6_minus_tracheal	39828
All_dm6_minus_tracheal	39829
All_dm6_minus_tracheal	39834
All_dm6_minus_tracheal	39835
All_dm6_minus_tracheal	39836
All_dm6_minus_tracheal	39839
All_dm6_minus_tracheal	39840
All_dm6_minus_tracheal	39842
All_dm6_minus_tracheal	39844
All_dm6_minus_tracheal	39845
All_dm6_minus_tracheal	39847
All_dm6_minus_tracheal	39849
All_dm6_minus_tracheal	39850
All_dm6_minus_tracheal	39854
All_dm6_minus_tracheal	39855
All_dm6_minus_tracheal	39856
All_dm6_minus_tracheal	39857
All_dm6_minus_tracheal	39858
All_dm6_minus_tracheal	39860
All_dm6_minus_tracheal	39861
All_dm6_minus_tracheal	39863
All_dm6_minus_tracheal	39864
All_dm6_minus_tracheal	39865
All_dm6_minus_tracheal	39866
All_dm6_minus_tracheal	39867
All_dm6_minus_tracheal	39868
All_dm6_minus_tracheal	39869
All_dm6_minus_tracheal	39870
All_dm6_minus_tracheal	39871
All_dm6_minus_tracheal	39872
All_dm6_minus_tracheal	39874
All_dm6_minus_tracheal	39877
All_dm6_minus_tracheal	39879
All_dm6_minus_tracheal	39880
All_dm6_minus_tracheal	39881
All_dm6_minus_tracheal	39882
All_dm6_minus_tracheal	39883
All_dm6_minus_tracheal	39884
All_dm6_minus_tracheal	39885
All_dm6_minus_tracheal	39886
All_dm6_minus_tracheal	39887
All_dm6_minus_tracheal	39888
All_dm6_minus_tracheal	39894
All_dm6_minus_tracheal	39896
All_dm6_minus_tracheal	39900
All_dm6_minus_tracheal	39902
All_dm6_minus_tracheal	39903
All_dm6_minus_tracheal	39904
All_dm6_minus_tracheal	39905
All_dm6_minus_tracheal	39906
All_dm6_minus_tracheal	39907
All_dm6_minus_tracheal	39908
All_dm6_minus_tracheal	39910
All_dm6_minus_tracheal	39914
All_dm6_minus_tracheal	39915
All_dm6_minus_tracheal	39917
All_dm6_minus_tracheal	39919
All_dm6_minus_tracheal	39922
All_dm6_minus_tracheal	39923
All_dm6_minus_tracheal	39924
All_dm6_minus_tracheal	39925
All_dm6_minus_tracheal	39926
All_dm6_minus_tracheal	39927
All_dm6_minus_tracheal	39928
All_dm6_minus_tracheal	39929
All_dm6_minus_tracheal	39930
All_dm6_minus_tracheal	39931
All_dm6_minus_tracheal	39932
All_dm6_minus_tracheal	39933
All_dm6_minus_tracheal	39934
All_dm6_minus_tracheal	39937
All_dm6_minus_tracheal	39938
All_dm6_minus_tracheal	39940
All_dm6_minus_tracheal	39941
All_dm6_minus_tracheal	39943
All_dm6_minus_tracheal	39944
All_dm6_minus_tracheal	39945
All_dm6_minus_tracheal	39948
All_dm6_minus_tracheal	39949
All_dm6_minus_tracheal	39950
All_dm6_minus_tracheal	39951
All_dm6_minus_tracheal	39952
All_dm6_minus_tracheal	39953
All_dm6_minus_tracheal	39955
All_dm6_minus_tracheal	39956
All_dm6_minus_tracheal	39957
All_dm6_minus_tracheal	39958
All_dm6_minus_tracheal	39959
All_dm6_minus_tracheal	39960
All_dm6_minus_tracheal	39962
All_dm6_minus_tracheal	39964
All_dm6_minus_tracheal	39965
All_dm6_minus_tracheal	39966
All_dm6_minus_tracheal	39969
All_dm6_minus_tracheal	39970
All_dm6_minus_tracheal	39971
All_dm6_minus_tracheal	39972
All_dm6_minus_tracheal	39973
All_dm6_minus_tracheal	39974
All_dm6_minus_tracheal	39975
All_dm6_minus_tracheal	39977
All_dm6_minus_tracheal	39979
All_dm6_minus_tracheal	39980
All_dm6_minus_tracheal	39981
All_dm6_minus_tracheal	39982
All_dm6_minus_tracheal	39983
All_dm6_minus_tracheal	39984
All_dm6_minus_tracheal	39985
All_dm6_minus_tracheal	39986
All_dm6_minus_tracheal	39987
All_dm6_minus_tracheal	39989
All_dm6_minus_tracheal	39990
All_dm6_minus_tracheal	39991
All_dm6_minus_tracheal	39992
All_dm6_minus_tracheal	39993
All_dm6_minus_tracheal	39994
All_dm6_minus_tracheal	39996
All_dm6_minus_tracheal	39997
All_dm6_minus_tracheal	39998
All_dm6_minus_tracheal	40002
All_dm6_minus_tracheal	40003
All_dm6_minus_tracheal	40004
All_dm6_minus_tracheal	40005
All_dm6_minus_tracheal	40007
All_dm6_minus_tracheal	40008
All_dm6_minus_tracheal	40010
All_dm6_minus_tracheal	40011
All_dm6_minus_tracheal	40012
All_dm6_minus_tracheal	40013
All_dm6_minus_tracheal	40014
All_dm6_minus_tracheal	40015
All_dm6_minus_tracheal	40016
All_dm6_minus_tracheal	40019
All_dm6_minus_tracheal	40020
All_dm6_minus_tracheal	40021
All_dm6_minus_tracheal	40023
All_dm6_minus_tracheal	40024
All_dm6_minus_tracheal	40025
All_dm6_minus_tracheal	40026
All_dm6_minus_tracheal	40028
All_dm6_minus_tracheal	40029
All_dm6_minus_tracheal	40030
All_dm6_minus_tracheal	40031
All_dm6_minus_tracheal	40032
All_dm6_minus_tracheal	40033
All_dm6_minus_tracheal	40034
All_dm6_minus_tracheal	40035
All_dm6_minus_tracheal	40036
All_dm6_minus_tracheal	40037
All_dm6_minus_tracheal	40038
All_dm6_minus_tracheal	40039
All_dm6_minus_tracheal	40040
All_dm6_minus_tracheal	40041
All_dm6_minus_tracheal	40042
All_dm6_minus_tracheal	40043
All_dm6_minus_tracheal	40044
All_dm6_minus_tracheal	40047
All_dm6_minus_tracheal	40048
All_dm6_minus_tracheal	40049
All_dm6_minus_tracheal	40050
All_dm6_minus_tracheal	40051
All_dm6_minus_tracheal	40053
All_dm6_minus_tracheal	40054
All_dm6_minus_tracheal	40055
All_dm6_minus_tracheal	40057
All_dm6_minus_tracheal	40060
All_dm6_minus_tracheal	40061
All_dm6_minus_tracheal	40062
All_dm6_minus_tracheal	40063
All_dm6_minus_tracheal	40064
All_dm6_minus_tracheal	40065
All_dm6_minus_tracheal	40066
All_dm6_minus_tracheal	40067
All_dm6_minus_tracheal	40068
All_dm6_minus_tracheal	40069
All_dm6_minus_tracheal	40070
All_dm6_minus_tracheal	40071
All_dm6_minus_tracheal	40072
All_dm6_minus_tracheal	40073
All_dm6_minus_tracheal	40074
All_dm6_minus_tracheal	40075
All_dm6_minus_tracheal	40078
All_dm6_minus_tracheal	40079
All_dm6_minus_tracheal	40080
All_dm6_minus_tracheal	40083
All_dm6_minus_tracheal	40084
All_dm6_minus_tracheal	40085
All_dm6_minus_tracheal	40086
All_dm6_minus_tracheal	40087
All_dm6_minus_tracheal	40088
All_dm6_minus_tracheal	40091
All_dm6_minus_tracheal	40092
All_dm6_minus_tracheal	40093
All_dm6_minus_tracheal	40094
All_dm6_minus_tracheal	40096
All_dm6_minus_tracheal	40098
All_dm6_minus_tracheal	40099
All_dm6_minus_tracheal	40100
All_dm6_minus_tracheal	40101
All_dm6_minus_tracheal	40102
All_dm6_minus_tracheal	40105
All_dm6_minus_tracheal	40109
All_dm6_minus_tracheal	40111
All_dm6_minus_tracheal	40112
All_dm6_minus_tracheal	40113
All_dm6_minus_tracheal	40114
All_dm6_minus_tracheal	40115
All_dm6_minus_tracheal	40116
All_dm6_minus_tracheal	40118
All_dm6_minus_tracheal	40119
All_dm6_minus_tracheal	40120
All_dm6_minus_tracheal	40121
All_dm6_minus_tracheal	40122
All_dm6_minus_tracheal	40123
All_dm6_minus_tracheal	40124
All_dm6_minus_tracheal	40126
All_dm6_minus_tracheal	40127
All_dm6_minus_tracheal	40129
All_dm6_minus_tracheal	40130
All_dm6_minus_tracheal	40131
All_dm6_minus_tracheal	40132
All_dm6_minus_tracheal	40133
All_dm6_minus_tracheal	40134
All_dm6_minus_tracheal	40135
All_dm6_minus_tracheal	40136
All_dm6_minus_tracheal	40138
All_dm6_minus_tracheal	40139
All_dm6_minus_tracheal	40140
All_dm6_minus_tracheal	40141
All_dm6_minus_tracheal	40142
All_dm6_minus_tracheal	40144
All_dm6_minus_tracheal	40145
All_dm6_minus_tracheal	40146
All_dm6_minus_tracheal	40147
All_dm6_minus_tracheal	40148
All_dm6_minus_tracheal	40152
All_dm6_minus_tracheal	40154
All_dm6_minus_tracheal	40155
All_dm6_minus_tracheal	40156
All_dm6_minus_tracheal	40157
All_dm6_minus_tracheal	40158
All_dm6_minus_tracheal	40159
All_dm6_minus_tracheal	40160
All_dm6_minus_tracheal	40162
All_dm6_minus_tracheal	40163
All_dm6_minus_tracheal	40164
All_dm6_minus_tracheal	40165
All_dm6_minus_tracheal	40168
All_dm6_minus_tracheal	40169
All_dm6_minus_tracheal	40170
All_dm6_minus_tracheal	40172
All_dm6_minus_tracheal	40173
All_dm6_minus_tracheal	40174
All_dm6_minus_tracheal	40178
All_dm6_minus_tracheal	40180
All_dm6_minus_tracheal	40181
All_dm6_minus_tracheal	40182
All_dm6_minus_tracheal	40183
All_dm6_minus_tracheal	40184
All_dm6_minus_tracheal	40185
All_dm6_minus_tracheal	40186
All_dm6_minus_tracheal	40187
All_dm6_minus_tracheal	40188
All_dm6_minus_tracheal	40190
All_dm6_minus_tracheal	40191
All_dm6_minus_tracheal	40192
All_dm6_minus_tracheal	40193
All_dm6_minus_tracheal	40195
All_dm6_minus_tracheal	40196
All_dm6_minus_tracheal	40197
All_dm6_minus_tracheal	40198
All_dm6_minus_tracheal	40199
All_dm6_minus_tracheal	40200
All_dm6_minus_tracheal	40201
All_dm6_minus_tracheal	40202
All_dm6_minus_tracheal	40203
All_dm6_minus_tracheal	40204
All_dm6_minus_tracheal	40205
All_dm6_minus_tracheal	40207
All_dm6_minus_tracheal	40209
All_dm6_minus_tracheal	40210
All_dm6_minus_tracheal	40211
All_dm6_minus_tracheal	40212
All_dm6_minus_tracheal	40213
All_dm6_minus_tracheal	40214
All_dm6_minus_tracheal	40215
All_dm6_minus_tracheal	40216
All_dm6_minus_tracheal	40217
All_dm6_minus_tracheal	40218
All_dm6_minus_tracheal	40220
All_dm6_minus_tracheal	40221
All_dm6_minus_tracheal	40222
All_dm6_minus_tracheal	40224
All_dm6_minus_tracheal	40225
All_dm6_minus_tracheal	40226
All_dm6_minus_tracheal	40228
All_dm6_minus_tracheal	40229
All_dm6_minus_tracheal	40231
All_dm6_minus_tracheal	40233
All_dm6_minus_tracheal	40234
All_dm6_minus_tracheal	40235
All_dm6_minus_tracheal	40236
All_dm6_minus_tracheal	40239
All_dm6_minus_tracheal	40242
All_dm6_minus_tracheal	40243
All_dm6_minus_tracheal	40246
All_dm6_minus_tracheal	40247
All_dm6_minus_tracheal	40248
All_dm6_minus_tracheal	40249
All_dm6_minus_tracheal	40250
All_dm6_minus_tracheal	40252
All_dm6_minus_tracheal	40254
All_dm6_minus_tracheal	40255
All_dm6_minus_tracheal	40256
All_dm6_minus_tracheal	40257
All_dm6_minus_tracheal	40258
All_dm6_minus_tracheal	40259
All_dm6_minus_tracheal	40260
All_dm6_minus_tracheal	40261
All_dm6_minus_tracheal	40262
All_dm6_minus_tracheal	40263
All_dm6_minus_tracheal	40264
All_dm6_minus_tracheal	40265
All_dm6_minus_tracheal	40266
All_dm6_minus_tracheal	40267
All_dm6_minus_tracheal	40268
All_dm6_minus_tracheal	40269
All_dm6_minus_tracheal	40272
All_dm6_minus_tracheal	40273
All_dm6_minus_tracheal	40274
All_dm6_minus_tracheal	40275
All_dm6_minus_tracheal	40276
All_dm6_minus_tracheal	40278
All_dm6_minus_tracheal	40279
All_dm6_minus_tracheal	40280
All_dm6_minus_tracheal	40281
All_dm6_minus_tracheal	40282
All_dm6_minus_tracheal	40283
All_dm6_minus_tracheal	40284
All_dm6_minus_tracheal	40286
All_dm6_minus_tracheal	40288
All_dm6_minus_tracheal	40289
All_dm6_minus_tracheal	40290
All_dm6_minus_tracheal	40291
All_dm6_minus_tracheal	40292
All_dm6_minus_tracheal	40293
All_dm6_minus_tracheal	40294
All_dm6_minus_tracheal	40295
All_dm6_minus_tracheal	40296
All_dm6_minus_tracheal	40297
All_dm6_minus_tracheal	40298
All_dm6_minus_tracheal	40299
All_dm6_minus_tracheal	40300
All_dm6_minus_tracheal	40301
All_dm6_minus_tracheal	40302
All_dm6_minus_tracheal	40303
All_dm6_minus_tracheal	40304
All_dm6_minus_tracheal	40305
All_dm6_minus_tracheal	40307
All_dm6_minus_tracheal	40308
All_dm6_minus_tracheal	40309
All_dm6_minus_tracheal	40310
All_dm6_minus_tracheal	40313
All_dm6_minus_tracheal	40315
All_dm6_minus_tracheal	40316
All_dm6_minus_tracheal	40317
All_dm6_minus_tracheal	40318
All_dm6_minus_tracheal	40319
All_dm6_minus_tracheal	40321
All_dm6_minus_tracheal	40324
All_dm6_minus_tracheal	40325
All_dm6_minus_tracheal	40326
All_dm6_minus_tracheal	40327
All_dm6_minus_tracheal	40330
All_dm6_minus_tracheal	40331
All_dm6_minus_tracheal	40333
All_dm6_minus_tracheal	40335
All_dm6_minus_tracheal	40336
All_dm6_minus_tracheal	40339
All_dm6_minus_tracheal	40340
All_dm6_minus_tracheal	40341
All_dm6_minus_tracheal	40342
All_dm6_minus_tracheal	40343
All_dm6_minus_tracheal	40346
All_dm6_minus_tracheal	40347
All_dm6_minus_tracheal	40348
All_dm6_minus_tracheal	40350
All_dm6_minus_tracheal	40352
All_dm6_minus_tracheal	40353
All_dm6_minus_tracheal	40354
All_dm6_minus_tracheal	40355
All_dm6_minus_tracheal	40356
All_dm6_minus_tracheal	40357
All_dm6_minus_tracheal	40358
All_dm6_minus_tracheal	40359
All_dm6_minus_tracheal	40360
All_dm6_minus_tracheal	40361
All_dm6_minus_tracheal	40362
All_dm6_minus_tracheal	40363
All_dm6_minus_tracheal	40365
All_dm6_minus_tracheal	40366
All_dm6_minus_tracheal	40367
All_dm6_minus_tracheal	40368
All_dm6_minus_tracheal	40369
All_dm6_minus_tracheal	40370
All_dm6_minus_tracheal	40371
All_dm6_minus_tracheal	40373
All_dm6_minus_tracheal	40374
All_dm6_minus_tracheal	40375
All_dm6_minus_tracheal	40376
All_dm6_minus_tracheal	40377
All_dm6_minus_tracheal	40381
All_dm6_minus_tracheal	40382
All_dm6_minus_tracheal	40384
All_dm6_minus_tracheal	40385
All_dm6_minus_tracheal	40386
All_dm6_minus_tracheal	40389
All_dm6_minus_tracheal	40390
All_dm6_minus_tracheal	40391
All_dm6_minus_tracheal	40392
All_dm6_minus_tracheal	40393
All_dm6_minus_tracheal	40394
All_dm6_minus_tracheal	40395
All_dm6_minus_tracheal	40396
All_dm6_minus_tracheal	40398
All_dm6_minus_tracheal	40399
All_dm6_minus_tracheal	40400
All_dm6_minus_tracheal	40401
All_dm6_minus_tracheal	40403
All_dm6_minus_tracheal	40404
All_dm6_minus_tracheal	40406
All_dm6_minus_tracheal	40408
All_dm6_minus_tracheal	40409
All_dm6_minus_tracheal	40410
All_dm6_minus_tracheal	40411
All_dm6_minus_tracheal	40415
All_dm6_minus_tracheal	40416
All_dm6_minus_tracheal	40418
All_dm6_minus_tracheal	40419
All_dm6_minus_tracheal	40420
All_dm6_minus_tracheal	40421
All_dm6_minus_tracheal	40422
All_dm6_minus_tracheal	40423
All_dm6_minus_tracheal	40424
All_dm6_minus_tracheal	40425
All_dm6_minus_tracheal	40427
All_dm6_minus_tracheal	40429
All_dm6_minus_tracheal	40430
All_dm6_minus_tracheal	40431
All_dm6_minus_tracheal	40432
All_dm6_minus_tracheal	40434
All_dm6_minus_tracheal	40435
All_dm6_minus_tracheal	40437
All_dm6_minus_tracheal	40438
All_dm6_minus_tracheal	40439
All_dm6_minus_tracheal	40441
All_dm6_minus_tracheal	40442
All_dm6_minus_tracheal	40443
All_dm6_minus_tracheal	40445
All_dm6_minus_tracheal	40447
All_dm6_minus_tracheal	40448
All_dm6_minus_tracheal	40449
All_dm6_minus_tracheal	40450
All_dm6_minus_tracheal	40451
All_dm6_minus_tracheal	40456
All_dm6_minus_tracheal	40457
All_dm6_minus_tracheal	40458
All_dm6_minus_tracheal	40461
All_dm6_minus_tracheal	40467
All_dm6_minus_tracheal	40468
All_dm6_minus_tracheal	40469
All_dm6_minus_tracheal	40470
All_dm6_minus_tracheal	40472
All_dm6_minus_tracheal	40474
All_dm6_minus_tracheal	40475
All_dm6_minus_tracheal	40476
All_dm6_minus_tracheal	40477
All_dm6_minus_tracheal	40479
All_dm6_minus_tracheal	40480
All_dm6_minus_tracheal	40481
All_dm6_minus_tracheal	40482
All_dm6_minus_tracheal	40483
All_dm6_minus_tracheal	40485
All_dm6_minus_tracheal	40488
All_dm6_minus_tracheal	40489
All_dm6_minus_tracheal	40490
All_dm6_minus_tracheal	40491
All_dm6_minus_tracheal	40492
All_dm6_minus_tracheal	40497
All_dm6_minus_tracheal	40501
All_dm6_minus_tracheal	40502
All_dm6_minus_tracheal	40503
All_dm6_minus_tracheal	40505
All_dm6_minus_tracheal	40506
All_dm6_minus_tracheal	40507
All_dm6_minus_tracheal	40509
All_dm6_minus_tracheal	40511
All_dm6_minus_tracheal	40512
All_dm6_minus_tracheal	40513
All_dm6_minus_tracheal	40515
All_dm6_minus_tracheal	40521
All_dm6_minus_tracheal	40528
All_dm6_minus_tracheal	40530
All_dm6_minus_tracheal	40532
All_dm6_minus_tracheal	40534
All_dm6_minus_tracheal	40535
All_dm6_minus_tracheal	40536
All_dm6_minus_tracheal	40537
All_dm6_minus_tracheal	40538
All_dm6_minus_tracheal	40539
All_dm6_minus_tracheal	40540
All_dm6_minus_tracheal	40541
All_dm6_minus_tracheal	40542
All_dm6_minus_tracheal	40543
All_dm6_minus_tracheal	40544
All_dm6_minus_tracheal	40545
All_dm6_minus_tracheal	40546
All_dm6_minus_tracheal	40547
All_dm6_minus_tracheal	40548
All_dm6_minus_tracheal	40551
All_dm6_minus_tracheal	40552
All_dm6_minus_tracheal	40554
All_dm6_minus_tracheal	40555
All_dm6_minus_tracheal	40556
All_dm6_minus_tracheal	40557
All_dm6_minus_tracheal	40558
All_dm6_minus_tracheal	40559
All_dm6_minus_tracheal	40560
All_dm6_minus_tracheal	40563
All_dm6_minus_tracheal	40564
All_dm6_minus_tracheal	40565
All_dm6_minus_tracheal	40566
All_dm6_minus_tracheal	40567
All_dm6_minus_tracheal	40568
All_dm6_minus_tracheal	40569
All_dm6_minus_tracheal	40574
All_dm6_minus_tracheal	40575
All_dm6_minus_tracheal	40576
All_dm6_minus_tracheal	40577
All_dm6_minus_tracheal	40578
All_dm6_minus_tracheal	40579
All_dm6_minus_tracheal	40580
All_dm6_minus_tracheal	40581
All_dm6_minus_tracheal	40582
All_dm6_minus_tracheal	40587
All_dm6_minus_tracheal	40588
All_dm6_minus_tracheal	40590
All_dm6_minus_tracheal	40593
All_dm6_minus_tracheal	40594
All_dm6_minus_tracheal	40595
All_dm6_minus_tracheal	40596
All_dm6_minus_tracheal	40598
All_dm6_minus_tracheal	40600
All_dm6_minus_tracheal	40602
All_dm6_minus_tracheal	40603
All_dm6_minus_tracheal	40604
All_dm6_minus_tracheal	40605
All_dm6_minus_tracheal	40606
All_dm6_minus_tracheal	40607
All_dm6_minus_tracheal	40610
All_dm6_minus_tracheal	40611
All_dm6_minus_tracheal	40613
All_dm6_minus_tracheal	40614
All_dm6_minus_tracheal	40615
All_dm6_minus_tracheal	40617
All_dm6_minus_tracheal	40618
All_dm6_minus_tracheal	40619
All_dm6_minus_tracheal	40621
All_dm6_minus_tracheal	40622
All_dm6_minus_tracheal	40623
All_dm6_minus_tracheal	40624
All_dm6_minus_tracheal	40626
All_dm6_minus_tracheal	40627
All_dm6_minus_tracheal	40628
All_dm6_minus_tracheal	40629
All_dm6_minus_tracheal	40630
All_dm6_minus_tracheal	40632
All_dm6_minus_tracheal	40633
All_dm6_minus_tracheal	40635
All_dm6_minus_tracheal	40637
All_dm6_minus_tracheal	40638
All_dm6_minus_tracheal	40639
All_dm6_minus_tracheal	40642
All_dm6_minus_tracheal	40643
All_dm6_minus_tracheal	40644
All_dm6_minus_tracheal	40646
All_dm6_minus_tracheal	40647
All_dm6_minus_tracheal	40648
All_dm6_minus_tracheal	40650
All_dm6_minus_tracheal	40651
All_dm6_minus_tracheal	40652
All_dm6_minus_tracheal	40653
All_dm6_minus_tracheal	40654
All_dm6_minus_tracheal	40655
All_dm6_minus_tracheal	40656
All_dm6_minus_tracheal	40657
All_dm6_minus_tracheal	40659
All_dm6_minus_tracheal	40660
All_dm6_minus_tracheal	40661
All_dm6_minus_tracheal	40663
All_dm6_minus_tracheal	40665
All_dm6_minus_tracheal	40666
All_dm6_minus_tracheal	40667
All_dm6_minus_tracheal	40669
All_dm6_minus_tracheal	40670
All_dm6_minus_tracheal	40671
All_dm6_minus_tracheal	40673
All_dm6_minus_tracheal	40676
All_dm6_minus_tracheal	40677
All_dm6_minus_tracheal	40678
All_dm6_minus_tracheal	40679
All_dm6_minus_tracheal	40680
All_dm6_minus_tracheal	40681
All_dm6_minus_tracheal	40682
All_dm6_minus_tracheal	40683
All_dm6_minus_tracheal	40684
All_dm6_minus_tracheal	40686
All_dm6_minus_tracheal	40687
All_dm6_minus_tracheal	40689
All_dm6_minus_tracheal	40690
All_dm6_minus_tracheal	40691
All_dm6_minus_tracheal	40692
All_dm6_minus_tracheal	40693
All_dm6_minus_tracheal	40695
All_dm6_minus_tracheal	40696
All_dm6_minus_tracheal	40697
All_dm6_minus_tracheal	40698
All_dm6_minus_tracheal	40699
All_dm6_minus_tracheal	40700
All_dm6_minus_tracheal	40702
All_dm6_minus_tracheal	40706
All_dm6_minus_tracheal	40707
All_dm6_minus_tracheal	40709
All_dm6_minus_tracheal	40710
All_dm6_minus_tracheal	40711
All_dm6_minus_tracheal	40712
All_dm6_minus_tracheal	40713
All_dm6_minus_tracheal	40715
All_dm6_minus_tracheal	40716
All_dm6_minus_tracheal	40717
All_dm6_minus_tracheal	40718
All_dm6_minus_tracheal	40719
All_dm6_minus_tracheal	40720
All_dm6_minus_tracheal	40721
All_dm6_minus_tracheal	40722
All_dm6_minus_tracheal	40723
All_dm6_minus_tracheal	40725
All_dm6_minus_tracheal	40726
All_dm6_minus_tracheal	40727
All_dm6_minus_tracheal	40728
All_dm6_minus_tracheal	40729
All_dm6_minus_tracheal	40732
All_dm6_minus_tracheal	40733
All_dm6_minus_tracheal	40737
All_dm6_minus_tracheal	40738
All_dm6_minus_tracheal	40740
All_dm6_minus_tracheal	40741
All_dm6_minus_tracheal	40743
All_dm6_minus_tracheal	40744
All_dm6_minus_tracheal	40746
All_dm6_minus_tracheal	40747
All_dm6_minus_tracheal	40748
All_dm6_minus_tracheal	40749
All_dm6_minus_tracheal	40751
All_dm6_minus_tracheal	40752
All_dm6_minus_tracheal	40754
All_dm6_minus_tracheal	40755
All_dm6_minus_tracheal	40756
All_dm6_minus_tracheal	40757
All_dm6_minus_tracheal	40758
All_dm6_minus_tracheal	40759
All_dm6_minus_tracheal	40762
All_dm6_minus_tracheal	40764
All_dm6_minus_tracheal	40765
All_dm6_minus_tracheal	40767
All_dm6_minus_tracheal	40768
All_dm6_minus_tracheal	40769
All_dm6_minus_tracheal	40772
All_dm6_minus_tracheal	40774
All_dm6_minus_tracheal	40778
All_dm6_minus_tracheal	40779
All_dm6_minus_tracheal	40781
All_dm6_minus_tracheal	40782
All_dm6_minus_tracheal	40783
All_dm6_minus_tracheal	40785
All_dm6_minus_tracheal	40787
All_dm6_minus_tracheal	40788
All_dm6_minus_tracheal	40789
All_dm6_minus_tracheal	40791
All_dm6_minus_tracheal	40793
All_dm6_minus_tracheal	40794
All_dm6_minus_tracheal	40795
All_dm6_minus_tracheal	40797
All_dm6_minus_tracheal	40798
All_dm6_minus_tracheal	40800
All_dm6_minus_tracheal	40803
All_dm6_minus_tracheal	40804
All_dm6_minus_tracheal	40805
All_dm6_minus_tracheal	40806
All_dm6_minus_tracheal	40807
All_dm6_minus_tracheal	40809
All_dm6_minus_tracheal	40810
All_dm6_minus_tracheal	40811
All_dm6_minus_tracheal	40812
All_dm6_minus_tracheal	40813
All_dm6_minus_tracheal	40814
All_dm6_minus_tracheal	40816
All_dm6_minus_tracheal	40817
All_dm6_minus_tracheal	40818
All_dm6_minus_tracheal	40820
All_dm6_minus_tracheal	40821
All_dm6_minus_tracheal	40822
All_dm6_minus_tracheal	40823
All_dm6_minus_tracheal	40825
All_dm6_minus_tracheal	40827
All_dm6_minus_tracheal	40828
All_dm6_minus_tracheal	40832
All_dm6_minus_tracheal	40834
All_dm6_minus_tracheal	40837
All_dm6_minus_tracheal	40838
All_dm6_minus_tracheal	40839
All_dm6_minus_tracheal	40840
All_dm6_minus_tracheal	40841
All_dm6_minus_tracheal	40842
All_dm6_minus_tracheal	40846
All_dm6_minus_tracheal	40847
All_dm6_minus_tracheal	40849
All_dm6_minus_tracheal	40851
All_dm6_minus_tracheal	40852
All_dm6_minus_tracheal	40853
All_dm6_minus_tracheal	40856
All_dm6_minus_tracheal	40857
All_dm6_minus_tracheal	40858
All_dm6_minus_tracheal	40859
All_dm6_minus_tracheal	40860
All_dm6_minus_tracheal	40862
All_dm6_minus_tracheal	40863
All_dm6_minus_tracheal	40864
All_dm6_minus_tracheal	40865
All_dm6_minus_tracheal	40866
All_dm6_minus_tracheal	40867
All_dm6_minus_tracheal	40868
All_dm6_minus_tracheal	40869
All_dm6_minus_tracheal	40871
All_dm6_minus_tracheal	40872
All_dm6_minus_tracheal	40873
All_dm6_minus_tracheal	40874
All_dm6_minus_tracheal	40876
All_dm6_minus_tracheal	40877
All_dm6_minus_tracheal	40879
All_dm6_minus_tracheal	40883
All_dm6_minus_tracheal	40884
All_dm6_minus_tracheal	40885
All_dm6_minus_tracheal	40886
All_dm6_minus_tracheal	40887
All_dm6_minus_tracheal	40888
All_dm6_minus_tracheal	40889
All_dm6_minus_tracheal	40890
All_dm6_minus_tracheal	40891
All_dm6_minus_tracheal	40892
All_dm6_minus_tracheal	40894
All_dm6_minus_tracheal	40896
All_dm6_minus_tracheal	40897
All_dm6_minus_tracheal	40898
All_dm6_minus_tracheal	40899
All_dm6_minus_tracheal	40900
All_dm6_minus_tracheal	40901
All_dm6_minus_tracheal	40902
All_dm6_minus_tracheal	40903
All_dm6_minus_tracheal	40906
All_dm6_minus_tracheal	40907
All_dm6_minus_tracheal	40908
All_dm6_minus_tracheal	40909
All_dm6_minus_tracheal	40912
All_dm6_minus_tracheal	40913
All_dm6_minus_tracheal	40915
All_dm6_minus_tracheal	40916
All_dm6_minus_tracheal	40917
All_dm6_minus_tracheal	40918
All_dm6_minus_tracheal	40919
All_dm6_minus_tracheal	40920
All_dm6_minus_tracheal	40922
All_dm6_minus_tracheal	40923
All_dm6_minus_tracheal	40924
All_dm6_minus_tracheal	40925
All_dm6_minus_tracheal	40928
All_dm6_minus_tracheal	40929
All_dm6_minus_tracheal	40931
All_dm6_minus_tracheal	40932
All_dm6_minus_tracheal	40933
All_dm6_minus_tracheal	40934
All_dm6_minus_tracheal	40936
All_dm6_minus_tracheal	40937
All_dm6_minus_tracheal	40938
All_dm6_minus_tracheal	40940
All_dm6_minus_tracheal	40941
All_dm6_minus_tracheal	40942
All_dm6_minus_tracheal	40944
All_dm6_minus_tracheal	40945
All_dm6_minus_tracheal	40947
All_dm6_minus_tracheal	40948
All_dm6_minus_tracheal	40949
All_dm6_minus_tracheal	40950
All_dm6_minus_tracheal	40953
All_dm6_minus_tracheal	40955
All_dm6_minus_tracheal	40956
All_dm6_minus_tracheal	40957
All_dm6_minus_tracheal	40958
All_dm6_minus_tracheal	40959
All_dm6_minus_tracheal	40960
All_dm6_minus_tracheal	40961
All_dm6_minus_tracheal	40963
All_dm6_minus_tracheal	40964
All_dm6_minus_tracheal	40965
All_dm6_minus_tracheal	40966
All_dm6_minus_tracheal	40967
All_dm6_minus_tracheal	40972
All_dm6_minus_tracheal	40973
All_dm6_minus_tracheal	40974
All_dm6_minus_tracheal	40975
All_dm6_minus_tracheal	40976
All_dm6_minus_tracheal	40977
All_dm6_minus_tracheal	40978
All_dm6_minus_tracheal	40979
All_dm6_minus_tracheal	40981
All_dm6_minus_tracheal	40982
All_dm6_minus_tracheal	40983
All_dm6_minus_tracheal	40984
All_dm6_minus_tracheal	40985
All_dm6_minus_tracheal	40986
All_dm6_minus_tracheal	40988
All_dm6_minus_tracheal	40989
All_dm6_minus_tracheal	40990
All_dm6_minus_tracheal	40991
All_dm6_minus_tracheal	40992
All_dm6_minus_tracheal	40993
All_dm6_minus_tracheal	40994
All_dm6_minus_tracheal	40995
All_dm6_minus_tracheal	40996
All_dm6_minus_tracheal	40997
All_dm6_minus_tracheal	40998
All_dm6_minus_tracheal	40999
All_dm6_minus_tracheal	41000
All_dm6_minus_tracheal	41001
All_dm6_minus_tracheal	41006
All_dm6_minus_tracheal	41007
All_dm6_minus_tracheal	41008
All_dm6_minus_tracheal	41009
All_dm6_minus_tracheal	41010
All_dm6_minus_tracheal	41011
All_dm6_minus_tracheal	41013
All_dm6_minus_tracheal	41014
All_dm6_minus_tracheal	41017
All_dm6_minus_tracheal	41018
All_dm6_minus_tracheal	41020
All_dm6_minus_tracheal	41021
All_dm6_minus_tracheal	41022
All_dm6_minus_tracheal	41023
All_dm6_minus_tracheal	41025
All_dm6_minus_tracheal	41026
All_dm6_minus_tracheal	41028
All_dm6_minus_tracheal	41029
All_dm6_minus_tracheal	41030
All_dm6_minus_tracheal	41031
All_dm6_minus_tracheal	41033
All_dm6_minus_tracheal	41034
All_dm6_minus_tracheal	41035
All_dm6_minus_tracheal	41036
All_dm6_minus_tracheal	41037
All_dm6_minus_tracheal	41038
All_dm6_minus_tracheal	41039
All_dm6_minus_tracheal	41040
All_dm6_minus_tracheal	41041
All_dm6_minus_tracheal	41042
All_dm6_minus_tracheal	41043
All_dm6_minus_tracheal	41044
All_dm6_minus_tracheal	41045
All_dm6_minus_tracheal	41046
All_dm6_minus_tracheal	41047
All_dm6_minus_tracheal	41048
All_dm6_minus_tracheal	41052
All_dm6_minus_tracheal	41054
All_dm6_minus_tracheal	41055
All_dm6_minus_tracheal	41056
All_dm6_minus_tracheal	41057
All_dm6_minus_tracheal	41059
All_dm6_minus_tracheal	41060
All_dm6_minus_tracheal	41066
All_dm6_minus_tracheal	41067
All_dm6_minus_tracheal	41068
All_dm6_minus_tracheal	41070
All_dm6_minus_tracheal	41071
All_dm6_minus_tracheal	41072
All_dm6_minus_tracheal	41073
All_dm6_minus_tracheal	41074
All_dm6_minus_tracheal	41075
All_dm6_minus_tracheal	41076
All_dm6_minus_tracheal	41078
All_dm6_minus_tracheal	41079
All_dm6_minus_tracheal	41080
All_dm6_minus_tracheal	41081
All_dm6_minus_tracheal	41082
All_dm6_minus_tracheal	41083
All_dm6_minus_tracheal	41086
All_dm6_minus_tracheal	41087
All_dm6_minus_tracheal	41089
All_dm6_minus_tracheal	41090
All_dm6_minus_tracheal	41091
All_dm6_minus_tracheal	41092
All_dm6_minus_tracheal	41093
All_dm6_minus_tracheal	41096
All_dm6_minus_tracheal	41098
All_dm6_minus_tracheal	41100
All_dm6_minus_tracheal	41101
All_dm6_minus_tracheal	41102
All_dm6_minus_tracheal	41103
All_dm6_minus_tracheal	41107
All_dm6_minus_tracheal	41108
All_dm6_minus_tracheal	41109
All_dm6_minus_tracheal	41110
All_dm6_minus_tracheal	41111
All_dm6_minus_tracheal	41112
All_dm6_minus_tracheal	41114
All_dm6_minus_tracheal	41116
All_dm6_minus_tracheal	41117
All_dm6_minus_tracheal	41119
All_dm6_minus_tracheal	41120
All_dm6_minus_tracheal	41121
All_dm6_minus_tracheal	41122
All_dm6_minus_tracheal	41123
All_dm6_minus_tracheal	41124
All_dm6_minus_tracheal	41125
All_dm6_minus_tracheal	41126
All_dm6_minus_tracheal	41132
All_dm6_minus_tracheal	41133
All_dm6_minus_tracheal	41134
All_dm6_minus_tracheal	41135
All_dm6_minus_tracheal	41136
All_dm6_minus_tracheal	41137
All_dm6_minus_tracheal	41138
All_dm6_minus_tracheal	41139
All_dm6_minus_tracheal	41140
All_dm6_minus_tracheal	41141
All_dm6_minus_tracheal	41143
All_dm6_minus_tracheal	41144
All_dm6_minus_tracheal	41145
All_dm6_minus_tracheal	41148
All_dm6_minus_tracheal	41149
All_dm6_minus_tracheal	41150
All_dm6_minus_tracheal	41152
All_dm6_minus_tracheal	41153
All_dm6_minus_tracheal	41154
All_dm6_minus_tracheal	41155
All_dm6_minus_tracheal	41156
All_dm6_minus_tracheal	41157
All_dm6_minus_tracheal	41158
All_dm6_minus_tracheal	41159
All_dm6_minus_tracheal	41160
All_dm6_minus_tracheal	41164
All_dm6_minus_tracheal	41165
All_dm6_minus_tracheal	41167
All_dm6_minus_tracheal	41169
All_dm6_minus_tracheal	41170
All_dm6_minus_tracheal	41171
All_dm6_minus_tracheal	41172
All_dm6_minus_tracheal	41173
All_dm6_minus_tracheal	41174
All_dm6_minus_tracheal	41175
All_dm6_minus_tracheal	41176
All_dm6_minus_tracheal	41179
All_dm6_minus_tracheal	41180
All_dm6_minus_tracheal	41181
All_dm6_minus_tracheal	41182
All_dm6_minus_tracheal	41185
All_dm6_minus_tracheal	41187
All_dm6_minus_tracheal	41189
All_dm6_minus_tracheal	41190
All_dm6_minus_tracheal	41191
All_dm6_minus_tracheal	41192
All_dm6_minus_tracheal	41193
All_dm6_minus_tracheal	41194
All_dm6_minus_tracheal	41195
All_dm6_minus_tracheal	41197
All_dm6_minus_tracheal	41198
All_dm6_minus_tracheal	41199
All_dm6_minus_tracheal	41200
All_dm6_minus_tracheal	41201
All_dm6_minus_tracheal	41202
All_dm6_minus_tracheal	41203
All_dm6_minus_tracheal	41204
All_dm6_minus_tracheal	41205
All_dm6_minus_tracheal	41206
All_dm6_minus_tracheal	41207
All_dm6_minus_tracheal	41208
All_dm6_minus_tracheal	41209
All_dm6_minus_tracheal	41210
All_dm6_minus_tracheal	41211
All_dm6_minus_tracheal	41212
All_dm6_minus_tracheal	41213
All_dm6_minus_tracheal	41214
All_dm6_minus_tracheal	41215
All_dm6_minus_tracheal	41219
All_dm6_minus_tracheal	41221
All_dm6_minus_tracheal	41222
All_dm6_minus_tracheal	41227
All_dm6_minus_tracheal	41228
All_dm6_minus_tracheal	41229
All_dm6_minus_tracheal	41230
All_dm6_minus_tracheal	41231
All_dm6_minus_tracheal	41232
All_dm6_minus_tracheal	41233
All_dm6_minus_tracheal	41235
All_dm6_minus_tracheal	41236
All_dm6_minus_tracheal	41238
All_dm6_minus_tracheal	41239
All_dm6_minus_tracheal	41242
All_dm6_minus_tracheal	41244
All_dm6_minus_tracheal	41247
All_dm6_minus_tracheal	41248
All_dm6_minus_tracheal	41249
All_dm6_minus_tracheal	41250
All_dm6_minus_tracheal	41252
All_dm6_minus_tracheal	41253
All_dm6_minus_tracheal	41254
All_dm6_minus_tracheal	41259
All_dm6_minus_tracheal	41260
All_dm6_minus_tracheal	41261
All_dm6_minus_tracheal	41264
All_dm6_minus_tracheal	41265
All_dm6_minus_tracheal	41266
All_dm6_minus_tracheal	41268
All_dm6_minus_tracheal	41269
All_dm6_minus_tracheal	41270
All_dm6_minus_tracheal	41271
All_dm6_minus_tracheal	41272
All_dm6_minus_tracheal	41274
All_dm6_minus_tracheal	41278
All_dm6_minus_tracheal	41279
All_dm6_minus_tracheal	41280
All_dm6_minus_tracheal	41281
All_dm6_minus_tracheal	41282
All_dm6_minus_tracheal	41283
All_dm6_minus_tracheal	41284
All_dm6_minus_tracheal	41285
All_dm6_minus_tracheal	41286
All_dm6_minus_tracheal	41287
All_dm6_minus_tracheal	41288
All_dm6_minus_tracheal	41290
All_dm6_minus_tracheal	41291
All_dm6_minus_tracheal	41292
All_dm6_minus_tracheal	41293
All_dm6_minus_tracheal	41294
All_dm6_minus_tracheal	41295
All_dm6_minus_tracheal	41296
All_dm6_minus_tracheal	41298
All_dm6_minus_tracheal	41299
All_dm6_minus_tracheal	41303
All_dm6_minus_tracheal	41304
All_dm6_minus_tracheal	41306
All_dm6_minus_tracheal	41307
All_dm6_minus_tracheal	41308
All_dm6_minus_tracheal	41309
All_dm6_minus_tracheal	41310
All_dm6_minus_tracheal	41311
All_dm6_minus_tracheal	41312
All_dm6_minus_tracheal	41313
All_dm6_minus_tracheal	41314
All_dm6_minus_tracheal	41316
All_dm6_minus_tracheal	41317
All_dm6_minus_tracheal	41318
All_dm6_minus_tracheal	41319
All_dm6_minus_tracheal	41320
All_dm6_minus_tracheal	41321
All_dm6_minus_tracheal	41324
All_dm6_minus_tracheal	41326
All_dm6_minus_tracheal	41330
All_dm6_minus_tracheal	41333
All_dm6_minus_tracheal	41334
All_dm6_minus_tracheal	41337
All_dm6_minus_tracheal	41340
All_dm6_minus_tracheal	41341
All_dm6_minus_tracheal	41343
All_dm6_minus_tracheal	41344
All_dm6_minus_tracheal	41345
All_dm6_minus_tracheal	41346
All_dm6_minus_tracheal	41348
All_dm6_minus_tracheal	41349
All_dm6_minus_tracheal	41350
All_dm6_minus_tracheal	41351
All_dm6_minus_tracheal	41352
All_dm6_minus_tracheal	41353
All_dm6_minus_tracheal	41354
All_dm6_minus_tracheal	41355
All_dm6_minus_tracheal	41357
All_dm6_minus_tracheal	41358
All_dm6_minus_tracheal	41359
All_dm6_minus_tracheal	41360
All_dm6_minus_tracheal	41361
All_dm6_minus_tracheal	41362
All_dm6_minus_tracheal	41364
All_dm6_minus_tracheal	41365
All_dm6_minus_tracheal	41366
All_dm6_minus_tracheal	41367
All_dm6_minus_tracheal	41368
All_dm6_minus_tracheal	41369
All_dm6_minus_tracheal	41370
All_dm6_minus_tracheal	41371
All_dm6_minus_tracheal	41372
All_dm6_minus_tracheal	41374
All_dm6_minus_tracheal	41375
All_dm6_minus_tracheal	41376
All_dm6_minus_tracheal	41377
All_dm6_minus_tracheal	41379
All_dm6_minus_tracheal	41381
All_dm6_minus_tracheal	41383
All_dm6_minus_tracheal	41384
All_dm6_minus_tracheal	41387
All_dm6_minus_tracheal	41388
All_dm6_minus_tracheal	41389
All_dm6_minus_tracheal	41390
All_dm6_minus_tracheal	41391
All_dm6_minus_tracheal	41393
All_dm6_minus_tracheal	41394
All_dm6_minus_tracheal	41395
All_dm6_minus_tracheal	41396
All_dm6_minus_tracheal	41397
All_dm6_minus_tracheal	41398
All_dm6_minus_tracheal	41401
All_dm6_minus_tracheal	41404
All_dm6_minus_tracheal	41406
All_dm6_minus_tracheal	41407
All_dm6_minus_tracheal	41408
All_dm6_minus_tracheal	41409
All_dm6_minus_tracheal	41410
All_dm6_minus_tracheal	41411
All_dm6_minus_tracheal	41412
All_dm6_minus_tracheal	41413
All_dm6_minus_tracheal	41414
All_dm6_minus_tracheal	41415
All_dm6_minus_tracheal	41416
All_dm6_minus_tracheal	41417
All_dm6_minus_tracheal	41419
All_dm6_minus_tracheal	41420
All_dm6_minus_tracheal	41425
All_dm6_minus_tracheal	41426
All_dm6_minus_tracheal	41427
All_dm6_minus_tracheal	41428
All_dm6_minus_tracheal	41433
All_dm6_minus_tracheal	41436
All_dm6_minus_tracheal	41437
All_dm6_minus_tracheal	41440
All_dm6_minus_tracheal	41442
All_dm6_minus_tracheal	41443
All_dm6_minus_tracheal	41445
All_dm6_minus_tracheal	41446
All_dm6_minus_tracheal	41447
All_dm6_minus_tracheal	41448
All_dm6_minus_tracheal	41449
All_dm6_minus_tracheal	41450
All_dm6_minus_tracheal	41452
All_dm6_minus_tracheal	41453
All_dm6_minus_tracheal	41454
All_dm6_minus_tracheal	41456
All_dm6_minus_tracheal	41458
All_dm6_minus_tracheal	41459
All_dm6_minus_tracheal	41460
All_dm6_minus_tracheal	41461
All_dm6_minus_tracheal	41462
All_dm6_minus_tracheal	41465
All_dm6_minus_tracheal	41466
All_dm6_minus_tracheal	41467
All_dm6_minus_tracheal	41468
All_dm6_minus_tracheal	41469
All_dm6_minus_tracheal	41473
All_dm6_minus_tracheal	41474
All_dm6_minus_tracheal	41475
All_dm6_minus_tracheal	41476
All_dm6_minus_tracheal	41477
All_dm6_minus_tracheal	41480
All_dm6_minus_tracheal	41481
All_dm6_minus_tracheal	41482
All_dm6_minus_tracheal	41483
All_dm6_minus_tracheal	41484
All_dm6_minus_tracheal	41486
All_dm6_minus_tracheal	41487
All_dm6_minus_tracheal	41488
All_dm6_minus_tracheal	41489
All_dm6_minus_tracheal	41490
All_dm6_minus_tracheal	41493
All_dm6_minus_tracheal	41494
All_dm6_minus_tracheal	41495
All_dm6_minus_tracheal	41496
All_dm6_minus_tracheal	41498
All_dm6_minus_tracheal	41500
All_dm6_minus_tracheal	41502
All_dm6_minus_tracheal	41511
All_dm6_minus_tracheal	41512
All_dm6_minus_tracheal	41513
All_dm6_minus_tracheal	41518
All_dm6_minus_tracheal	41520
All_dm6_minus_tracheal	41521
All_dm6_minus_tracheal	41522
All_dm6_minus_tracheal	41525
All_dm6_minus_tracheal	41526
All_dm6_minus_tracheal	41529
All_dm6_minus_tracheal	41530
All_dm6_minus_tracheal	41531
All_dm6_minus_tracheal	41532
All_dm6_minus_tracheal	41533
All_dm6_minus_tracheal	41536
All_dm6_minus_tracheal	41537
All_dm6_minus_tracheal	41539
All_dm6_minus_tracheal	41540
All_dm6_minus_tracheal	41541
All_dm6_minus_tracheal	41542
All_dm6_minus_tracheal	41543
All_dm6_minus_tracheal	41547
All_dm6_minus_tracheal	41549
All_dm6_minus_tracheal	41550
All_dm6_minus_tracheal	41551
All_dm6_minus_tracheal	41552
All_dm6_minus_tracheal	41554
All_dm6_minus_tracheal	41555
All_dm6_minus_tracheal	41556
All_dm6_minus_tracheal	41557
All_dm6_minus_tracheal	41559
All_dm6_minus_tracheal	41560
All_dm6_minus_tracheal	41561
All_dm6_minus_tracheal	41562
All_dm6_minus_tracheal	41563
All_dm6_minus_tracheal	41565
All_dm6_minus_tracheal	41566
All_dm6_minus_tracheal	41567
All_dm6_minus_tracheal	41568
All_dm6_minus_tracheal	41570
All_dm6_minus_tracheal	41571
All_dm6_minus_tracheal	41573
All_dm6_minus_tracheal	41574
All_dm6_minus_tracheal	41575
All_dm6_minus_tracheal	41576
All_dm6_minus_tracheal	41578
All_dm6_minus_tracheal	41580
All_dm6_minus_tracheal	41581
All_dm6_minus_tracheal	41583
All_dm6_minus_tracheal	41585
All_dm6_minus_tracheal	41586
All_dm6_minus_tracheal	41587
All_dm6_minus_tracheal	41588
All_dm6_minus_tracheal	41589
All_dm6_minus_tracheal	41590
All_dm6_minus_tracheal	41592
All_dm6_minus_tracheal	41593
All_dm6_minus_tracheal	41595
All_dm6_minus_tracheal	41596
All_dm6_minus_tracheal	41597
All_dm6_minus_tracheal	41598
All_dm6_minus_tracheal	41599
All_dm6_minus_tracheal	41600
All_dm6_minus_tracheal	41601
All_dm6_minus_tracheal	41605
All_dm6_minus_tracheal	41606
All_dm6_minus_tracheal	41607
All_dm6_minus_tracheal	41609
All_dm6_minus_tracheal	41610
All_dm6_minus_tracheal	41611
All_dm6_minus_tracheal	41612
All_dm6_minus_tracheal	41615
All_dm6_minus_tracheal	41616
All_dm6_minus_tracheal	41619
All_dm6_minus_tracheal	41620
All_dm6_minus_tracheal	41621
All_dm6_minus_tracheal	41622
All_dm6_minus_tracheal	41624
All_dm6_minus_tracheal	41625
All_dm6_minus_tracheal	41626
All_dm6_minus_tracheal	41627
All_dm6_minus_tracheal	41628
All_dm6_minus_tracheal	41630
All_dm6_minus_tracheal	41632
All_dm6_minus_tracheal	41633
All_dm6_minus_tracheal	41634
All_dm6_minus_tracheal	41635
All_dm6_minus_tracheal	41638
All_dm6_minus_tracheal	41639
All_dm6_minus_tracheal	41640
All_dm6_minus_tracheal	41641
All_dm6_minus_tracheal	41642
All_dm6_minus_tracheal	41643
All_dm6_minus_tracheal	41644
All_dm6_minus_tracheal	41645
All_dm6_minus_tracheal	41648
All_dm6_minus_tracheal	41649
All_dm6_minus_tracheal	41652
All_dm6_minus_tracheal	41653
All_dm6_minus_tracheal	41654
All_dm6_minus_tracheal	41657
All_dm6_minus_tracheal	41658
All_dm6_minus_tracheal	41659
All_dm6_minus_tracheal	41660
All_dm6_minus_tracheal	41661
All_dm6_minus_tracheal	41662
All_dm6_minus_tracheal	41663
All_dm6_minus_tracheal	41665
All_dm6_minus_tracheal	41671
All_dm6_minus_tracheal	41672
All_dm6_minus_tracheal	41673
All_dm6_minus_tracheal	41674
All_dm6_minus_tracheal	41675
All_dm6_minus_tracheal	41676
All_dm6_minus_tracheal	41677
All_dm6_minus_tracheal	41678
All_dm6_minus_tracheal	41679
All_dm6_minus_tracheal	41680
All_dm6_minus_tracheal	41682
All_dm6_minus_tracheal	41686
All_dm6_minus_tracheal	41688
All_dm6_minus_tracheal	41689
All_dm6_minus_tracheal	41690
All_dm6_minus_tracheal	41693
All_dm6_minus_tracheal	41694
All_dm6_minus_tracheal	41695
All_dm6_minus_tracheal	41698
All_dm6_minus_tracheal	41699
All_dm6_minus_tracheal	41700
All_dm6_minus_tracheal	41701
All_dm6_minus_tracheal	41702
All_dm6_minus_tracheal	41703
All_dm6_minus_tracheal	41706
All_dm6_minus_tracheal	41707
All_dm6_minus_tracheal	41709
All_dm6_minus_tracheal	41711
All_dm6_minus_tracheal	41712
All_dm6_minus_tracheal	41713
All_dm6_minus_tracheal	41714
All_dm6_minus_tracheal	41715
All_dm6_minus_tracheal	41716
All_dm6_minus_tracheal	41717
All_dm6_minus_tracheal	41718
All_dm6_minus_tracheal	41719
All_dm6_minus_tracheal	41720
All_dm6_minus_tracheal	41721
All_dm6_minus_tracheal	41723
All_dm6_minus_tracheal	41724
All_dm6_minus_tracheal	41725
All_dm6_minus_tracheal	41726
All_dm6_minus_tracheal	41727
All_dm6_minus_tracheal	41728
All_dm6_minus_tracheal	41729
All_dm6_minus_tracheal	41730
All_dm6_minus_tracheal	41731
All_dm6_minus_tracheal	41733
All_dm6_minus_tracheal	41734
All_dm6_minus_tracheal	41735
All_dm6_minus_tracheal	41736
All_dm6_minus_tracheal	41737
All_dm6_minus_tracheal	41738
All_dm6_minus_tracheal	41739
All_dm6_minus_tracheal	41741
All_dm6_minus_tracheal	41742
All_dm6_minus_tracheal	41743
All_dm6_minus_tracheal	41744
All_dm6_minus_tracheal	41745
All_dm6_minus_tracheal	41746
All_dm6_minus_tracheal	41748
All_dm6_minus_tracheal	41756
All_dm6_minus_tracheal	41757
All_dm6_minus_tracheal	41758
All_dm6_minus_tracheal	41759
All_dm6_minus_tracheal	41760
All_dm6_minus_tracheal	41761
All_dm6_minus_tracheal	41762
All_dm6_minus_tracheal	41763
All_dm6_minus_tracheal	41764
All_dm6_minus_tracheal	41765
All_dm6_minus_tracheal	41766
All_dm6_minus_tracheal	41768
All_dm6_minus_tracheal	41771
All_dm6_minus_tracheal	41773
All_dm6_minus_tracheal	41774
All_dm6_minus_tracheal	41775
All_dm6_minus_tracheal	41777
All_dm6_minus_tracheal	41778
All_dm6_minus_tracheal	41779
All_dm6_minus_tracheal	41780
All_dm6_minus_tracheal	41784
All_dm6_minus_tracheal	41786
All_dm6_minus_tracheal	41787
All_dm6_minus_tracheal	41788
All_dm6_minus_tracheal	41789
All_dm6_minus_tracheal	41790
All_dm6_minus_tracheal	41791
All_dm6_minus_tracheal	41795
All_dm6_minus_tracheal	41797
All_dm6_minus_tracheal	41798
All_dm6_minus_tracheal	41801
All_dm6_minus_tracheal	41802
All_dm6_minus_tracheal	41803
All_dm6_minus_tracheal	41804
All_dm6_minus_tracheal	41806
All_dm6_minus_tracheal	41807
All_dm6_minus_tracheal	41809
All_dm6_minus_tracheal	41810
All_dm6_minus_tracheal	41811
All_dm6_minus_tracheal	41815
All_dm6_minus_tracheal	41820
All_dm6_minus_tracheal	41821
All_dm6_minus_tracheal	41822
All_dm6_minus_tracheal	41823
All_dm6_minus_tracheal	41824
All_dm6_minus_tracheal	41825
All_dm6_minus_tracheal	41826
All_dm6_minus_tracheal	41829
All_dm6_minus_tracheal	41830
All_dm6_minus_tracheal	41831
All_dm6_minus_tracheal	41832
All_dm6_minus_tracheal	41833
All_dm6_minus_tracheal	41834
All_dm6_minus_tracheal	41838
All_dm6_minus_tracheal	41839
All_dm6_minus_tracheal	41841
All_dm6_minus_tracheal	41842
All_dm6_minus_tracheal	41845
All_dm6_minus_tracheal	41846
All_dm6_minus_tracheal	41847
All_dm6_minus_tracheal	41848
All_dm6_minus_tracheal	41849
All_dm6_minus_tracheal	41851
All_dm6_minus_tracheal	41855
All_dm6_minus_tracheal	41857
All_dm6_minus_tracheal	41858
All_dm6_minus_tracheal	41859
All_dm6_minus_tracheal	41861
All_dm6_minus_tracheal	41862
All_dm6_minus_tracheal	41865
All_dm6_minus_tracheal	41866
All_dm6_minus_tracheal	41867
All_dm6_minus_tracheal	41868
All_dm6_minus_tracheal	41869
All_dm6_minus_tracheal	41871
All_dm6_minus_tracheal	41872
All_dm6_minus_tracheal	41873
All_dm6_minus_tracheal	41875
All_dm6_minus_tracheal	41876
All_dm6_minus_tracheal	41877
All_dm6_minus_tracheal	41879
All_dm6_minus_tracheal	41880
All_dm6_minus_tracheal	41882
All_dm6_minus_tracheal	41883
All_dm6_minus_tracheal	41885
All_dm6_minus_tracheal	41888
All_dm6_minus_tracheal	41889
All_dm6_minus_tracheal	41890
All_dm6_minus_tracheal	41891
All_dm6_minus_tracheal	41892
All_dm6_minus_tracheal	41893
All_dm6_minus_tracheal	41894
All_dm6_minus_tracheal	41895
All_dm6_minus_tracheal	41896
All_dm6_minus_tracheal	41897
All_dm6_minus_tracheal	41900
All_dm6_minus_tracheal	41901
All_dm6_minus_tracheal	41902
All_dm6_minus_tracheal	41903
All_dm6_minus_tracheal	41904
All_dm6_minus_tracheal	41905
All_dm6_minus_tracheal	41906
All_dm6_minus_tracheal	41908
All_dm6_minus_tracheal	41910
All_dm6_minus_tracheal	41911
All_dm6_minus_tracheal	41912
All_dm6_minus_tracheal	41913
All_dm6_minus_tracheal	41914
All_dm6_minus_tracheal	41916
All_dm6_minus_tracheal	41919
All_dm6_minus_tracheal	41920
All_dm6_minus_tracheal	41921
All_dm6_minus_tracheal	41922
All_dm6_minus_tracheal	41925
All_dm6_minus_tracheal	41926
All_dm6_minus_tracheal	41927
All_dm6_minus_tracheal	41929
All_dm6_minus_tracheal	41932
All_dm6_minus_tracheal	41934
All_dm6_minus_tracheal	41936
All_dm6_minus_tracheal	41937
All_dm6_minus_tracheal	41939
All_dm6_minus_tracheal	41940
All_dm6_minus_tracheal	41941
All_dm6_minus_tracheal	41943
All_dm6_minus_tracheal	41945
All_dm6_minus_tracheal	41948
All_dm6_minus_tracheal	41949
All_dm6_minus_tracheal	41951
All_dm6_minus_tracheal	41952
All_dm6_minus_tracheal	41953
All_dm6_minus_tracheal	41954
All_dm6_minus_tracheal	41955
All_dm6_minus_tracheal	41957
All_dm6_minus_tracheal	41959
All_dm6_minus_tracheal	41960
All_dm6_minus_tracheal	41961
All_dm6_minus_tracheal	41962
All_dm6_minus_tracheal	41963
All_dm6_minus_tracheal	41964
All_dm6_minus_tracheal	41965
All_dm6_minus_tracheal	41968
All_dm6_minus_tracheal	41971
All_dm6_minus_tracheal	41972
All_dm6_minus_tracheal	41973
All_dm6_minus_tracheal	41975
All_dm6_minus_tracheal	41977
All_dm6_minus_tracheal	41978
All_dm6_minus_tracheal	41979
All_dm6_minus_tracheal	41981
All_dm6_minus_tracheal	41982
All_dm6_minus_tracheal	41984
All_dm6_minus_tracheal	41985
All_dm6_minus_tracheal	41986
All_dm6_minus_tracheal	41987
All_dm6_minus_tracheal	41988
All_dm6_minus_tracheal	41989
All_dm6_minus_tracheal	41990
All_dm6_minus_tracheal	41991
All_dm6_minus_tracheal	41992
All_dm6_minus_tracheal	41993
All_dm6_minus_tracheal	41994
All_dm6_minus_tracheal	41995
All_dm6_minus_tracheal	41996
All_dm6_minus_tracheal	41997
All_dm6_minus_tracheal	42000
All_dm6_minus_tracheal	42001
All_dm6_minus_tracheal	42002
All_dm6_minus_tracheal	42003
All_dm6_minus_tracheal	42004
All_dm6_minus_tracheal	42005
All_dm6_minus_tracheal	42006
All_dm6_minus_tracheal	42007
All_dm6_minus_tracheal	42008
All_dm6_minus_tracheal	42013
All_dm6_minus_tracheal	42014
All_dm6_minus_tracheal	42015
All_dm6_minus_tracheal	42016
All_dm6_minus_tracheal	42017
All_dm6_minus_tracheal	42018
All_dm6_minus_tracheal	42019
All_dm6_minus_tracheal	42020
All_dm6_minus_tracheal	42021
All_dm6_minus_tracheal	42022
All_dm6_minus_tracheal	42023
All_dm6_minus_tracheal	42024
All_dm6_minus_tracheal	42025
All_dm6_minus_tracheal	42026
All_dm6_minus_tracheal	42028
All_dm6_minus_tracheal	42030
All_dm6_minus_tracheal	42031
All_dm6_minus_tracheal	42032
All_dm6_minus_tracheal	42036
All_dm6_minus_tracheal	42041
All_dm6_minus_tracheal	42043
All_dm6_minus_tracheal	42044
All_dm6_minus_tracheal	42045
All_dm6_minus_tracheal	42046
All_dm6_minus_tracheal	42047
All_dm6_minus_tracheal	42048
All_dm6_minus_tracheal	42049
All_dm6_minus_tracheal	42050
All_dm6_minus_tracheal	42051
All_dm6_minus_tracheal	42053
All_dm6_minus_tracheal	42054
All_dm6_minus_tracheal	42055
All_dm6_minus_tracheal	42056
All_dm6_minus_tracheal	42057
All_dm6_minus_tracheal	42058
All_dm6_minus_tracheal	42060
All_dm6_minus_tracheal	42061
All_dm6_minus_tracheal	42062
All_dm6_minus_tracheal	42064
All_dm6_minus_tracheal	42065
All_dm6_minus_tracheal	42066
All_dm6_minus_tracheal	42067
All_dm6_minus_tracheal	42068
All_dm6_minus_tracheal	42069
All_dm6_minus_tracheal	42070
All_dm6_minus_tracheal	42071
All_dm6_minus_tracheal	42072
All_dm6_minus_tracheal	42073
All_dm6_minus_tracheal	42074
All_dm6_minus_tracheal	42075
All_dm6_minus_tracheal	42076
All_dm6_minus_tracheal	42078
All_dm6_minus_tracheal	42080
All_dm6_minus_tracheal	42082
All_dm6_minus_tracheal	42084
All_dm6_minus_tracheal	42086
All_dm6_minus_tracheal	42087
All_dm6_minus_tracheal	42089
All_dm6_minus_tracheal	42091
All_dm6_minus_tracheal	42092
All_dm6_minus_tracheal	42093
All_dm6_minus_tracheal	42094
All_dm6_minus_tracheal	42095
All_dm6_minus_tracheal	42096
All_dm6_minus_tracheal	42097
All_dm6_minus_tracheal	42098
All_dm6_minus_tracheal	42099
All_dm6_minus_tracheal	42101
All_dm6_minus_tracheal	42102
All_dm6_minus_tracheal	42103
All_dm6_minus_tracheal	42105
All_dm6_minus_tracheal	42106
All_dm6_minus_tracheal	42109
All_dm6_minus_tracheal	42110
All_dm6_minus_tracheal	42113
All_dm6_minus_tracheal	42114
All_dm6_minus_tracheal	42116
All_dm6_minus_tracheal	42117
All_dm6_minus_tracheal	42118
All_dm6_minus_tracheal	42119
All_dm6_minus_tracheal	42120
All_dm6_minus_tracheal	42121
All_dm6_minus_tracheal	42122
All_dm6_minus_tracheal	42123
All_dm6_minus_tracheal	42124
All_dm6_minus_tracheal	42125
All_dm6_minus_tracheal	42126
All_dm6_minus_tracheal	42127
All_dm6_minus_tracheal	42128
All_dm6_minus_tracheal	42129
All_dm6_minus_tracheal	42130
All_dm6_minus_tracheal	42131
All_dm6_minus_tracheal	42132
All_dm6_minus_tracheal	42133
All_dm6_minus_tracheal	42134
All_dm6_minus_tracheal	42135
All_dm6_minus_tracheal	42136
All_dm6_minus_tracheal	42137
All_dm6_minus_tracheal	42140
All_dm6_minus_tracheal	42141
All_dm6_minus_tracheal	42142
All_dm6_minus_tracheal	42143
All_dm6_minus_tracheal	42144
All_dm6_minus_tracheal	42145
All_dm6_minus_tracheal	42146
All_dm6_minus_tracheal	42150
All_dm6_minus_tracheal	42152
All_dm6_minus_tracheal	42158
All_dm6_minus_tracheal	42159
All_dm6_minus_tracheal	42160
All_dm6_minus_tracheal	42161
All_dm6_minus_tracheal	42163
All_dm6_minus_tracheal	42164
All_dm6_minus_tracheal	42165
All_dm6_minus_tracheal	42166
All_dm6_minus_tracheal	42169
All_dm6_minus_tracheal	42171
All_dm6_minus_tracheal	42172
All_dm6_minus_tracheal	42173
All_dm6_minus_tracheal	42174
All_dm6_minus_tracheal	42175
All_dm6_minus_tracheal	42176
All_dm6_minus_tracheal	42177
All_dm6_minus_tracheal	42178
All_dm6_minus_tracheal	42179
All_dm6_minus_tracheal	42180
All_dm6_minus_tracheal	42181
All_dm6_minus_tracheal	42182
All_dm6_minus_tracheal	42184
All_dm6_minus_tracheal	42185
All_dm6_minus_tracheal	42187
All_dm6_minus_tracheal	42188
All_dm6_minus_tracheal	42189
All_dm6_minus_tracheal	42191
All_dm6_minus_tracheal	42192
All_dm6_minus_tracheal	42194
All_dm6_minus_tracheal	42196
All_dm6_minus_tracheal	42197
All_dm6_minus_tracheal	42199
All_dm6_minus_tracheal	42202
All_dm6_minus_tracheal	42204
All_dm6_minus_tracheal	42206
All_dm6_minus_tracheal	42207
All_dm6_minus_tracheal	42208
All_dm6_minus_tracheal	42209
All_dm6_minus_tracheal	42212
All_dm6_minus_tracheal	42213
All_dm6_minus_tracheal	42214
All_dm6_minus_tracheal	42216
All_dm6_minus_tracheal	42218
All_dm6_minus_tracheal	42220
All_dm6_minus_tracheal	42221
All_dm6_minus_tracheal	42222
All_dm6_minus_tracheal	42226
All_dm6_minus_tracheal	42228
All_dm6_minus_tracheal	42230
All_dm6_minus_tracheal	42232
All_dm6_minus_tracheal	42233
All_dm6_minus_tracheal	42234
All_dm6_minus_tracheal	42235
All_dm6_minus_tracheal	42236
All_dm6_minus_tracheal	42237
All_dm6_minus_tracheal	42239
All_dm6_minus_tracheal	42240
All_dm6_minus_tracheal	42243
All_dm6_minus_tracheal	42244
All_dm6_minus_tracheal	42245
All_dm6_minus_tracheal	42246
All_dm6_minus_tracheal	42248
All_dm6_minus_tracheal	42249
All_dm6_minus_tracheal	42250
All_dm6_minus_tracheal	42251
All_dm6_minus_tracheal	42252
All_dm6_minus_tracheal	42253
All_dm6_minus_tracheal	42254
All_dm6_minus_tracheal	42256
All_dm6_minus_tracheal	42257
All_dm6_minus_tracheal	42258
All_dm6_minus_tracheal	42259
All_dm6_minus_tracheal	42260
All_dm6_minus_tracheal	42261
All_dm6_minus_tracheal	42262
All_dm6_minus_tracheal	42264
All_dm6_minus_tracheal	42265
All_dm6_minus_tracheal	42266
All_dm6_minus_tracheal	42268
All_dm6_minus_tracheal	42269
All_dm6_minus_tracheal	42271
All_dm6_minus_tracheal	42272
All_dm6_minus_tracheal	42273
All_dm6_minus_tracheal	42274
All_dm6_minus_tracheal	42279
All_dm6_minus_tracheal	42280
All_dm6_minus_tracheal	42281
All_dm6_minus_tracheal	42282
All_dm6_minus_tracheal	42283
All_dm6_minus_tracheal	42284
All_dm6_minus_tracheal	42285
All_dm6_minus_tracheal	42286
All_dm6_minus_tracheal	42290
All_dm6_minus_tracheal	42293
All_dm6_minus_tracheal	42294
All_dm6_minus_tracheal	42295
All_dm6_minus_tracheal	42297
All_dm6_minus_tracheal	42298
All_dm6_minus_tracheal	42300
All_dm6_minus_tracheal	42301
All_dm6_minus_tracheal	42302
All_dm6_minus_tracheal	42303
All_dm6_minus_tracheal	42305
All_dm6_minus_tracheal	42306
All_dm6_minus_tracheal	42307
All_dm6_minus_tracheal	42308
All_dm6_minus_tracheal	42309
All_dm6_minus_tracheal	42310
All_dm6_minus_tracheal	42311
All_dm6_minus_tracheal	42312
All_dm6_minus_tracheal	42314
All_dm6_minus_tracheal	42315
All_dm6_minus_tracheal	42316
All_dm6_minus_tracheal	42318
All_dm6_minus_tracheal	42319
All_dm6_minus_tracheal	42320
All_dm6_minus_tracheal	42322
All_dm6_minus_tracheal	42323
All_dm6_minus_tracheal	42324
All_dm6_minus_tracheal	42325
All_dm6_minus_tracheal	42326
All_dm6_minus_tracheal	42328
All_dm6_minus_tracheal	42333
All_dm6_minus_tracheal	42334
All_dm6_minus_tracheal	42335
All_dm6_minus_tracheal	42336
All_dm6_minus_tracheal	42337
All_dm6_minus_tracheal	42338
All_dm6_minus_tracheal	42339
All_dm6_minus_tracheal	42340
All_dm6_minus_tracheal	42341
All_dm6_minus_tracheal	42342
All_dm6_minus_tracheal	42343
All_dm6_minus_tracheal	42344
All_dm6_minus_tracheal	42345
All_dm6_minus_tracheal	42348
All_dm6_minus_tracheal	42350
All_dm6_minus_tracheal	42351
All_dm6_minus_tracheal	42352
All_dm6_minus_tracheal	42353
All_dm6_minus_tracheal	42354
All_dm6_minus_tracheal	42355
All_dm6_minus_tracheal	42357
All_dm6_minus_tracheal	42358
All_dm6_minus_tracheal	42359
All_dm6_minus_tracheal	42360
All_dm6_minus_tracheal	42361
All_dm6_minus_tracheal	42362
All_dm6_minus_tracheal	42363
All_dm6_minus_tracheal	42364
All_dm6_minus_tracheal	42366
All_dm6_minus_tracheal	42367
All_dm6_minus_tracheal	42368
All_dm6_minus_tracheal	42369
All_dm6_minus_tracheal	42370
All_dm6_minus_tracheal	42371
All_dm6_minus_tracheal	42373
All_dm6_minus_tracheal	42374
All_dm6_minus_tracheal	42375
All_dm6_minus_tracheal	42376
All_dm6_minus_tracheal	42377
All_dm6_minus_tracheal	42381
All_dm6_minus_tracheal	42382
All_dm6_minus_tracheal	42385
All_dm6_minus_tracheal	42386
All_dm6_minus_tracheal	42387
All_dm6_minus_tracheal	42388
All_dm6_minus_tracheal	42389
All_dm6_minus_tracheal	42390
All_dm6_minus_tracheal	42391
All_dm6_minus_tracheal	42392
All_dm6_minus_tracheal	42393
All_dm6_minus_tracheal	42394
All_dm6_minus_tracheal	42396
All_dm6_minus_tracheal	42397
All_dm6_minus_tracheal	42398
All_dm6_minus_tracheal	42399
All_dm6_minus_tracheal	42400
All_dm6_minus_tracheal	42401
All_dm6_minus_tracheal	42402
All_dm6_minus_tracheal	42409
All_dm6_minus_tracheal	42410
All_dm6_minus_tracheal	42412
All_dm6_minus_tracheal	42413
All_dm6_minus_tracheal	42414
All_dm6_minus_tracheal	42415
All_dm6_minus_tracheal	42416
All_dm6_minus_tracheal	42421
All_dm6_minus_tracheal	42422
All_dm6_minus_tracheal	42423
All_dm6_minus_tracheal	42424
All_dm6_minus_tracheal	42425
All_dm6_minus_tracheal	42426
All_dm6_minus_tracheal	42429
All_dm6_minus_tracheal	42431
All_dm6_minus_tracheal	42432
All_dm6_minus_tracheal	42433
All_dm6_minus_tracheal	42434
All_dm6_minus_tracheal	42435
All_dm6_minus_tracheal	42437
All_dm6_minus_tracheal	42438
All_dm6_minus_tracheal	42440
All_dm6_minus_tracheal	42443
All_dm6_minus_tracheal	42444
All_dm6_minus_tracheal	42446
All_dm6_minus_tracheal	42447
All_dm6_minus_tracheal	42450
All_dm6_minus_tracheal	42451
All_dm6_minus_tracheal	42452
All_dm6_minus_tracheal	42453
All_dm6_minus_tracheal	42454
All_dm6_minus_tracheal	42455
All_dm6_minus_tracheal	42456
All_dm6_minus_tracheal	42457
All_dm6_minus_tracheal	42460
All_dm6_minus_tracheal	42462
All_dm6_minus_tracheal	42464
All_dm6_minus_tracheal	42465
All_dm6_minus_tracheal	42466
All_dm6_minus_tracheal	42467
All_dm6_minus_tracheal	42468
All_dm6_minus_tracheal	42469
All_dm6_minus_tracheal	42470
All_dm6_minus_tracheal	42471
All_dm6_minus_tracheal	42473
All_dm6_minus_tracheal	42474
All_dm6_minus_tracheal	42475
All_dm6_minus_tracheal	42476
All_dm6_minus_tracheal	42477
All_dm6_minus_tracheal	42478
All_dm6_minus_tracheal	42481
All_dm6_minus_tracheal	42482
All_dm6_minus_tracheal	42483
All_dm6_minus_tracheal	42484
All_dm6_minus_tracheal	42485
All_dm6_minus_tracheal	42486
All_dm6_minus_tracheal	42487
All_dm6_minus_tracheal	42488
All_dm6_minus_tracheal	42489
All_dm6_minus_tracheal	42491
All_dm6_minus_tracheal	42492
All_dm6_minus_tracheal	42494
All_dm6_minus_tracheal	42495
All_dm6_minus_tracheal	42497
All_dm6_minus_tracheal	42498
All_dm6_minus_tracheal	42499
All_dm6_minus_tracheal	42500
All_dm6_minus_tracheal	42501
All_dm6_minus_tracheal	42502
All_dm6_minus_tracheal	42503
All_dm6_minus_tracheal	42505
All_dm6_minus_tracheal	42506
All_dm6_minus_tracheal	42507
All_dm6_minus_tracheal	42508
All_dm6_minus_tracheal	42509
All_dm6_minus_tracheal	42510
All_dm6_minus_tracheal	42512
All_dm6_minus_tracheal	42513
All_dm6_minus_tracheal	42514
All_dm6_minus_tracheal	42515
All_dm6_minus_tracheal	42516
All_dm6_minus_tracheal	42517
All_dm6_minus_tracheal	42518
All_dm6_minus_tracheal	42519
All_dm6_minus_tracheal	42520
All_dm6_minus_tracheal	42522
All_dm6_minus_tracheal	42523
All_dm6_minus_tracheal	42525
All_dm6_minus_tracheal	42526
All_dm6_minus_tracheal	42527
All_dm6_minus_tracheal	42528
All_dm6_minus_tracheal	42529
All_dm6_minus_tracheal	42530
All_dm6_minus_tracheal	42536
All_dm6_minus_tracheal	42537
All_dm6_minus_tracheal	42538
All_dm6_minus_tracheal	42539
All_dm6_minus_tracheal	42540
All_dm6_minus_tracheal	42541
All_dm6_minus_tracheal	42542
All_dm6_minus_tracheal	42543
All_dm6_minus_tracheal	42544
All_dm6_minus_tracheal	42545
All_dm6_minus_tracheal	42547
All_dm6_minus_tracheal	42548
All_dm6_minus_tracheal	42550
All_dm6_minus_tracheal	42551
All_dm6_minus_tracheal	42552
All_dm6_minus_tracheal	42553
All_dm6_minus_tracheal	42554
All_dm6_minus_tracheal	42556
All_dm6_minus_tracheal	42557
All_dm6_minus_tracheal	42558
All_dm6_minus_tracheal	42560
All_dm6_minus_tracheal	42561
All_dm6_minus_tracheal	42562
All_dm6_minus_tracheal	42563
All_dm6_minus_tracheal	42567
All_dm6_minus_tracheal	42568
All_dm6_minus_tracheal	42572
All_dm6_minus_tracheal	42573
All_dm6_minus_tracheal	42574
All_dm6_minus_tracheal	42575
All_dm6_minus_tracheal	42576
All_dm6_minus_tracheal	42577
All_dm6_minus_tracheal	42578
All_dm6_minus_tracheal	42579
All_dm6_minus_tracheal	42581
All_dm6_minus_tracheal	42582
All_dm6_minus_tracheal	42583
All_dm6_minus_tracheal	42585
All_dm6_minus_tracheal	42587
All_dm6_minus_tracheal	42588
All_dm6_minus_tracheal	42589
All_dm6_minus_tracheal	42590
All_dm6_minus_tracheal	42591
All_dm6_minus_tracheal	42592
All_dm6_minus_tracheal	42593
All_dm6_minus_tracheal	42594
All_dm6_minus_tracheal	42597
All_dm6_minus_tracheal	42598
All_dm6_minus_tracheal	42599
All_dm6_minus_tracheal	42600
All_dm6_minus_tracheal	42601
All_dm6_minus_tracheal	42602
All_dm6_minus_tracheal	42606
All_dm6_minus_tracheal	42608
All_dm6_minus_tracheal	42610
All_dm6_minus_tracheal	42611
All_dm6_minus_tracheal	42612
All_dm6_minus_tracheal	42613
All_dm6_minus_tracheal	42614
All_dm6_minus_tracheal	42616
All_dm6_minus_tracheal	42617
All_dm6_minus_tracheal	42619
All_dm6_minus_tracheal	42620
All_dm6_minus_tracheal	42621
All_dm6_minus_tracheal	42622
All_dm6_minus_tracheal	42624
All_dm6_minus_tracheal	42625
All_dm6_minus_tracheal	42626
All_dm6_minus_tracheal	42627
All_dm6_minus_tracheal	42628
All_dm6_minus_tracheal	42629
All_dm6_minus_tracheal	42630
All_dm6_minus_tracheal	42633
All_dm6_minus_tracheal	42634
All_dm6_minus_tracheal	42635
All_dm6_minus_tracheal	42636
All_dm6_minus_tracheal	42637
All_dm6_minus_tracheal	42641
All_dm6_minus_tracheal	42642
All_dm6_minus_tracheal	42643
All_dm6_minus_tracheal	42644
All_dm6_minus_tracheal	42645
All_dm6_minus_tracheal	42646
All_dm6_minus_tracheal	42647
All_dm6_minus_tracheal	42648
All_dm6_minus_tracheal	42650
All_dm6_minus_tracheal	42651
All_dm6_minus_tracheal	42652
All_dm6_minus_tracheal	42653
All_dm6_minus_tracheal	42654
All_dm6_minus_tracheal	42655
All_dm6_minus_tracheal	42656
All_dm6_minus_tracheal	42659
All_dm6_minus_tracheal	42661
All_dm6_minus_tracheal	42663
All_dm6_minus_tracheal	42664
All_dm6_minus_tracheal	42668
All_dm6_minus_tracheal	42669
All_dm6_minus_tracheal	42670
All_dm6_minus_tracheal	42671
All_dm6_minus_tracheal	42678
All_dm6_minus_tracheal	42679
All_dm6_minus_tracheal	42680
All_dm6_minus_tracheal	42681
All_dm6_minus_tracheal	42682
All_dm6_minus_tracheal	42683
All_dm6_minus_tracheal	42684
All_dm6_minus_tracheal	42685
All_dm6_minus_tracheal	42686
All_dm6_minus_tracheal	42689
All_dm6_minus_tracheal	42690
All_dm6_minus_tracheal	42692
All_dm6_minus_tracheal	42693
All_dm6_minus_tracheal	42694
All_dm6_minus_tracheal	42695
All_dm6_minus_tracheal	42696
All_dm6_minus_tracheal	42697
All_dm6_minus_tracheal	42698
All_dm6_minus_tracheal	42699
All_dm6_minus_tracheal	42700
All_dm6_minus_tracheal	42701
All_dm6_minus_tracheal	42703
All_dm6_minus_tracheal	42704
All_dm6_minus_tracheal	42705
All_dm6_minus_tracheal	42706
All_dm6_minus_tracheal	42708
All_dm6_minus_tracheal	42709
All_dm6_minus_tracheal	42710
All_dm6_minus_tracheal	42711
All_dm6_minus_tracheal	42712
All_dm6_minus_tracheal	42716
All_dm6_minus_tracheal	42718
All_dm6_minus_tracheal	42719
All_dm6_minus_tracheal	42720
All_dm6_minus_tracheal	42726
All_dm6_minus_tracheal	42727
All_dm6_minus_tracheal	42728
All_dm6_minus_tracheal	42729
All_dm6_minus_tracheal	42730
All_dm6_minus_tracheal	42731
All_dm6_minus_tracheal	42732
All_dm6_minus_tracheal	42733
All_dm6_minus_tracheal	42734
All_dm6_minus_tracheal	42735
All_dm6_minus_tracheal	42736
All_dm6_minus_tracheal	42738
All_dm6_minus_tracheal	42739
All_dm6_minus_tracheal	42740
All_dm6_minus_tracheal	42743
All_dm6_minus_tracheal	42745
All_dm6_minus_tracheal	42748
All_dm6_minus_tracheal	42749
All_dm6_minus_tracheal	42750
All_dm6_minus_tracheal	42751
All_dm6_minus_tracheal	42752
All_dm6_minus_tracheal	42753
All_dm6_minus_tracheal	42754
All_dm6_minus_tracheal	42755
All_dm6_minus_tracheal	42756
All_dm6_minus_tracheal	42758
All_dm6_minus_tracheal	42759
All_dm6_minus_tracheal	42761
All_dm6_minus_tracheal	42762
All_dm6_minus_tracheal	42763
All_dm6_minus_tracheal	42764
All_dm6_minus_tracheal	42765
All_dm6_minus_tracheal	42766
All_dm6_minus_tracheal	42767
All_dm6_minus_tracheal	42768
All_dm6_minus_tracheal	42769
All_dm6_minus_tracheal	42770
All_dm6_minus_tracheal	42772
All_dm6_minus_tracheal	42774
All_dm6_minus_tracheal	42775
All_dm6_minus_tracheal	42776
All_dm6_minus_tracheal	42777
All_dm6_minus_tracheal	42778
All_dm6_minus_tracheal	42780
All_dm6_minus_tracheal	42781
All_dm6_minus_tracheal	42782
All_dm6_minus_tracheal	42783
All_dm6_minus_tracheal	42787
All_dm6_minus_tracheal	42788
All_dm6_minus_tracheal	42789
All_dm6_minus_tracheal	42790
All_dm6_minus_tracheal	42791
All_dm6_minus_tracheal	42793
All_dm6_minus_tracheal	42794
All_dm6_minus_tracheal	42795
All_dm6_minus_tracheal	42796
All_dm6_minus_tracheal	42797
All_dm6_minus_tracheal	42798
All_dm6_minus_tracheal	42799
All_dm6_minus_tracheal	42800
All_dm6_minus_tracheal	42802
All_dm6_minus_tracheal	42803
All_dm6_minus_tracheal	42804
All_dm6_minus_tracheal	42805
All_dm6_minus_tracheal	42806
All_dm6_minus_tracheal	42807
All_dm6_minus_tracheal	42808
All_dm6_minus_tracheal	42810
All_dm6_minus_tracheal	42811
All_dm6_minus_tracheal	42812
All_dm6_minus_tracheal	42813
All_dm6_minus_tracheal	42814
All_dm6_minus_tracheal	42816
All_dm6_minus_tracheal	42817
All_dm6_minus_tracheal	42820
All_dm6_minus_tracheal	42822
All_dm6_minus_tracheal	42823
All_dm6_minus_tracheal	42824
All_dm6_minus_tracheal	42825
All_dm6_minus_tracheal	42826
All_dm6_minus_tracheal	42827
All_dm6_minus_tracheal	42828
All_dm6_minus_tracheal	42829
All_dm6_minus_tracheal	42830
All_dm6_minus_tracheal	42831
All_dm6_minus_tracheal	42832
All_dm6_minus_tracheal	42834
All_dm6_minus_tracheal	42835
All_dm6_minus_tracheal	42836
All_dm6_minus_tracheal	42838
All_dm6_minus_tracheal	42839
All_dm6_minus_tracheal	42840
All_dm6_minus_tracheal	42842
All_dm6_minus_tracheal	42843
All_dm6_minus_tracheal	42844
All_dm6_minus_tracheal	42845
All_dm6_minus_tracheal	42846
All_dm6_minus_tracheal	42848
All_dm6_minus_tracheal	42849
All_dm6_minus_tracheal	42850
All_dm6_minus_tracheal	42851
All_dm6_minus_tracheal	42852
All_dm6_minus_tracheal	42853
All_dm6_minus_tracheal	42854
All_dm6_minus_tracheal	42855
All_dm6_minus_tracheal	42857
All_dm6_minus_tracheal	42858
All_dm6_minus_tracheal	42859
All_dm6_minus_tracheal	42860
All_dm6_minus_tracheal	42861
All_dm6_minus_tracheal	42863
All_dm6_minus_tracheal	42864
All_dm6_minus_tracheal	42865
All_dm6_minus_tracheal	42866
All_dm6_minus_tracheal	42867
All_dm6_minus_tracheal	42869
All_dm6_minus_tracheal	42870
All_dm6_minus_tracheal	42871
All_dm6_minus_tracheal	42872
All_dm6_minus_tracheal	42873
All_dm6_minus_tracheal	42874
All_dm6_minus_tracheal	42875
All_dm6_minus_tracheal	42876
All_dm6_minus_tracheal	42877
All_dm6_minus_tracheal	42881
All_dm6_minus_tracheal	42882
All_dm6_minus_tracheal	42883
All_dm6_minus_tracheal	42888
All_dm6_minus_tracheal	42892
All_dm6_minus_tracheal	42895
All_dm6_minus_tracheal	42897
All_dm6_minus_tracheal	42898
All_dm6_minus_tracheal	42900
All_dm6_minus_tracheal	42901
All_dm6_minus_tracheal	42904
All_dm6_minus_tracheal	42905
All_dm6_minus_tracheal	42906
All_dm6_minus_tracheal	42907
All_dm6_minus_tracheal	42909
All_dm6_minus_tracheal	42910
All_dm6_minus_tracheal	42911
All_dm6_minus_tracheal	42912
All_dm6_minus_tracheal	42913
All_dm6_minus_tracheal	42914
All_dm6_minus_tracheal	42915
All_dm6_minus_tracheal	42916
All_dm6_minus_tracheal	42917
All_dm6_minus_tracheal	42918
All_dm6_minus_tracheal	42919
All_dm6_minus_tracheal	42920
All_dm6_minus_tracheal	42921
All_dm6_minus_tracheal	42922
All_dm6_minus_tracheal	42923
All_dm6_minus_tracheal	42924
All_dm6_minus_tracheal	42925
All_dm6_minus_tracheal	42926
All_dm6_minus_tracheal	42927
All_dm6_minus_tracheal	42928
All_dm6_minus_tracheal	42929
All_dm6_minus_tracheal	42931
All_dm6_minus_tracheal	42935
All_dm6_minus_tracheal	42936
All_dm6_minus_tracheal	42939
All_dm6_minus_tracheal	42940
All_dm6_minus_tracheal	42942
All_dm6_minus_tracheal	42943
All_dm6_minus_tracheal	42944
All_dm6_minus_tracheal	42945
All_dm6_minus_tracheal	42946
All_dm6_minus_tracheal	42950
All_dm6_minus_tracheal	42951
All_dm6_minus_tracheal	42952
All_dm6_minus_tracheal	42953
All_dm6_minus_tracheal	42954
All_dm6_minus_tracheal	42955
All_dm6_minus_tracheal	42956
All_dm6_minus_tracheal	42957
All_dm6_minus_tracheal	42958
All_dm6_minus_tracheal	42959
All_dm6_minus_tracheal	42960
All_dm6_minus_tracheal	42961
All_dm6_minus_tracheal	42964
All_dm6_minus_tracheal	42965
All_dm6_minus_tracheal	42968
All_dm6_minus_tracheal	42969
All_dm6_minus_tracheal	42970
All_dm6_minus_tracheal	42972
All_dm6_minus_tracheal	42978
All_dm6_minus_tracheal	42979
All_dm6_minus_tracheal	42981
All_dm6_minus_tracheal	42982
All_dm6_minus_tracheal	42983
All_dm6_minus_tracheal	42984
All_dm6_minus_tracheal	42986
All_dm6_minus_tracheal	42987
All_dm6_minus_tracheal	42988
All_dm6_minus_tracheal	42990
All_dm6_minus_tracheal	42991
All_dm6_minus_tracheal	42992
All_dm6_minus_tracheal	42993
All_dm6_minus_tracheal	42994
All_dm6_minus_tracheal	42995
All_dm6_minus_tracheal	43001
All_dm6_minus_tracheal	43002
All_dm6_minus_tracheal	43003
All_dm6_minus_tracheal	43004
All_dm6_minus_tracheal	43006
All_dm6_minus_tracheal	43007
All_dm6_minus_tracheal	43008
All_dm6_minus_tracheal	43009
All_dm6_minus_tracheal	43010
All_dm6_minus_tracheal	43011
All_dm6_minus_tracheal	43012
All_dm6_minus_tracheal	43014
All_dm6_minus_tracheal	43015
All_dm6_minus_tracheal	43016
All_dm6_minus_tracheal	43017
All_dm6_minus_tracheal	43018
All_dm6_minus_tracheal	43019
All_dm6_minus_tracheal	43020
All_dm6_minus_tracheal	43023
All_dm6_minus_tracheal	43025
All_dm6_minus_tracheal	43028
All_dm6_minus_tracheal	43029
All_dm6_minus_tracheal	43030
All_dm6_minus_tracheal	43031
All_dm6_minus_tracheal	43034
All_dm6_minus_tracheal	43035
All_dm6_minus_tracheal	43036
All_dm6_minus_tracheal	43037
All_dm6_minus_tracheal	43038
All_dm6_minus_tracheal	43039
All_dm6_minus_tracheal	43040
All_dm6_minus_tracheal	43041
All_dm6_minus_tracheal	43043
All_dm6_minus_tracheal	43044
All_dm6_minus_tracheal	43046
All_dm6_minus_tracheal	43050
All_dm6_minus_tracheal	43051
All_dm6_minus_tracheal	43052
All_dm6_minus_tracheal	43053
All_dm6_minus_tracheal	43054
All_dm6_minus_tracheal	43055
All_dm6_minus_tracheal	43056
All_dm6_minus_tracheal	43057
All_dm6_minus_tracheal	43058
All_dm6_minus_tracheal	43059
All_dm6_minus_tracheal	43060
All_dm6_minus_tracheal	43061
All_dm6_minus_tracheal	43062
All_dm6_minus_tracheal	43063
All_dm6_minus_tracheal	43064
All_dm6_minus_tracheal	43065
All_dm6_minus_tracheal	43066
All_dm6_minus_tracheal	43067
All_dm6_minus_tracheal	43069
All_dm6_minus_tracheal	43070
All_dm6_minus_tracheal	43071
All_dm6_minus_tracheal	43072
All_dm6_minus_tracheal	43073
All_dm6_minus_tracheal	43074
All_dm6_minus_tracheal	43077
All_dm6_minus_tracheal	43078
All_dm6_minus_tracheal	43079
All_dm6_minus_tracheal	43080
All_dm6_minus_tracheal	43081
All_dm6_minus_tracheal	43083
All_dm6_minus_tracheal	43084
All_dm6_minus_tracheal	43085
All_dm6_minus_tracheal	43086
All_dm6_minus_tracheal	43088
All_dm6_minus_tracheal	43089
All_dm6_minus_tracheal	43090
All_dm6_minus_tracheal	43091
All_dm6_minus_tracheal	43092
All_dm6_minus_tracheal	43093
All_dm6_minus_tracheal	43098
All_dm6_minus_tracheal	43099
All_dm6_minus_tracheal	43100
All_dm6_minus_tracheal	43101
All_dm6_minus_tracheal	43102
All_dm6_minus_tracheal	43103
All_dm6_minus_tracheal	43104
All_dm6_minus_tracheal	43105
All_dm6_minus_tracheal	43110
All_dm6_minus_tracheal	43111
All_dm6_minus_tracheal	43112
All_dm6_minus_tracheal	43113
All_dm6_minus_tracheal	43114
All_dm6_minus_tracheal	43115
All_dm6_minus_tracheal	43116
All_dm6_minus_tracheal	43117
All_dm6_minus_tracheal	43118
All_dm6_minus_tracheal	43120
All_dm6_minus_tracheal	43121
All_dm6_minus_tracheal	43122
All_dm6_minus_tracheal	43124
All_dm6_minus_tracheal	43126
All_dm6_minus_tracheal	43128
All_dm6_minus_tracheal	43130
All_dm6_minus_tracheal	43132
All_dm6_minus_tracheal	43133
All_dm6_minus_tracheal	43134
All_dm6_minus_tracheal	43135
All_dm6_minus_tracheal	43136
All_dm6_minus_tracheal	43142
All_dm6_minus_tracheal	43145
All_dm6_minus_tracheal	43146
All_dm6_minus_tracheal	43148
All_dm6_minus_tracheal	43149
All_dm6_minus_tracheal	43150
All_dm6_minus_tracheal	43154
All_dm6_minus_tracheal	43157
All_dm6_minus_tracheal	43158
All_dm6_minus_tracheal	43163
All_dm6_minus_tracheal	43164
All_dm6_minus_tracheal	43166
All_dm6_minus_tracheal	43167
All_dm6_minus_tracheal	43168
All_dm6_minus_tracheal	43169
All_dm6_minus_tracheal	43170
All_dm6_minus_tracheal	43171
All_dm6_minus_tracheal	43176
All_dm6_minus_tracheal	43178
All_dm6_minus_tracheal	43179
All_dm6_minus_tracheal	43180
All_dm6_minus_tracheal	43181
All_dm6_minus_tracheal	43182
All_dm6_minus_tracheal	43184
All_dm6_minus_tracheal	43185
All_dm6_minus_tracheal	43186
All_dm6_minus_tracheal	43188
All_dm6_minus_tracheal	43189
All_dm6_minus_tracheal	43190
All_dm6_minus_tracheal	43191
All_dm6_minus_tracheal	43192
All_dm6_minus_tracheal	43193
All_dm6_minus_tracheal	43194
All_dm6_minus_tracheal	43195
All_dm6_minus_tracheal	43196
All_dm6_minus_tracheal	43197
All_dm6_minus_tracheal	43200
All_dm6_minus_tracheal	43201
All_dm6_minus_tracheal	43202
All_dm6_minus_tracheal	43203
All_dm6_minus_tracheal	43204
All_dm6_minus_tracheal	43205
All_dm6_minus_tracheal	43206
All_dm6_minus_tracheal	43207
All_dm6_minus_tracheal	43208
All_dm6_minus_tracheal	43209
All_dm6_minus_tracheal	43210
All_dm6_minus_tracheal	43212
All_dm6_minus_tracheal	43213
All_dm6_minus_tracheal	43214
All_dm6_minus_tracheal	43215
All_dm6_minus_tracheal	43216
All_dm6_minus_tracheal	43218
All_dm6_minus_tracheal	43220
All_dm6_minus_tracheal	43221
All_dm6_minus_tracheal	43223
All_dm6_minus_tracheal	43227
All_dm6_minus_tracheal	43231
All_dm6_minus_tracheal	43232
All_dm6_minus_tracheal	43233
All_dm6_minus_tracheal	43235
All_dm6_minus_tracheal	43236
All_dm6_minus_tracheal	43238
All_dm6_minus_tracheal	43239
All_dm6_minus_tracheal	43240
All_dm6_minus_tracheal	43242
All_dm6_minus_tracheal	43243
All_dm6_minus_tracheal	43244
All_dm6_minus_tracheal	43245
All_dm6_minus_tracheal	43246
All_dm6_minus_tracheal	43247
All_dm6_minus_tracheal	43248
All_dm6_minus_tracheal	43249
All_dm6_minus_tracheal	43250
All_dm6_minus_tracheal	43251
All_dm6_minus_tracheal	43252
All_dm6_minus_tracheal	43253
All_dm6_minus_tracheal	43255
All_dm6_minus_tracheal	43256
All_dm6_minus_tracheal	43257
All_dm6_minus_tracheal	43258
All_dm6_minus_tracheal	43260
All_dm6_minus_tracheal	43261
All_dm6_minus_tracheal	43262
All_dm6_minus_tracheal	43263
All_dm6_minus_tracheal	43264
All_dm6_minus_tracheal	43265
All_dm6_minus_tracheal	43266
All_dm6_minus_tracheal	43267
All_dm6_minus_tracheal	43268
All_dm6_minus_tracheal	43269
All_dm6_minus_tracheal	43270
All_dm6_minus_tracheal	43274
All_dm6_minus_tracheal	43275
All_dm6_minus_tracheal	43276
All_dm6_minus_tracheal	43277
All_dm6_minus_tracheal	43278
All_dm6_minus_tracheal	43279
All_dm6_minus_tracheal	43281
All_dm6_minus_tracheal	43282
All_dm6_minus_tracheal	43283
All_dm6_minus_tracheal	43284
All_dm6_minus_tracheal	43286
All_dm6_minus_tracheal	43287
All_dm6_minus_tracheal	43288
All_dm6_minus_tracheal	43289
All_dm6_minus_tracheal	43290
All_dm6_minus_tracheal	43291
All_dm6_minus_tracheal	43292
All_dm6_minus_tracheal	43293
All_dm6_minus_tracheal	43295
All_dm6_minus_tracheal	43296
All_dm6_minus_tracheal	43298
All_dm6_minus_tracheal	43303
All_dm6_minus_tracheal	43304
All_dm6_minus_tracheal	43305
All_dm6_minus_tracheal	43306
All_dm6_minus_tracheal	43307
All_dm6_minus_tracheal	43308
All_dm6_minus_tracheal	43309
All_dm6_minus_tracheal	43311
All_dm6_minus_tracheal	43312
All_dm6_minus_tracheal	43314
All_dm6_minus_tracheal	43315
All_dm6_minus_tracheal	43316
All_dm6_minus_tracheal	43317
All_dm6_minus_tracheal	43318
All_dm6_minus_tracheal	43321
All_dm6_minus_tracheal	43324
All_dm6_minus_tracheal	43326
All_dm6_minus_tracheal	43327
All_dm6_minus_tracheal	43329
All_dm6_minus_tracheal	43330
All_dm6_minus_tracheal	43331
All_dm6_minus_tracheal	43332
All_dm6_minus_tracheal	43333
All_dm6_minus_tracheal	43334
All_dm6_minus_tracheal	43341
All_dm6_minus_tracheal	43342
All_dm6_minus_tracheal	43343
All_dm6_minus_tracheal	43344
All_dm6_minus_tracheal	43345
All_dm6_minus_tracheal	43347
All_dm6_minus_tracheal	43349
All_dm6_minus_tracheal	43350
All_dm6_minus_tracheal	43351
All_dm6_minus_tracheal	43353
All_dm6_minus_tracheal	43355
All_dm6_minus_tracheal	43356
All_dm6_minus_tracheal	43357
All_dm6_minus_tracheal	43358
All_dm6_minus_tracheal	43360
All_dm6_minus_tracheal	43362
All_dm6_minus_tracheal	43367
All_dm6_minus_tracheal	43369
All_dm6_minus_tracheal	43370
All_dm6_minus_tracheal	43374
All_dm6_minus_tracheal	43375
All_dm6_minus_tracheal	43377
All_dm6_minus_tracheal	43378
All_dm6_minus_tracheal	43379
All_dm6_minus_tracheal	43382
All_dm6_minus_tracheal	43386
All_dm6_minus_tracheal	43387
All_dm6_minus_tracheal	43388
All_dm6_minus_tracheal	43389
All_dm6_minus_tracheal	43390
All_dm6_minus_tracheal	43392
All_dm6_minus_tracheal	43393
All_dm6_minus_tracheal	43394
All_dm6_minus_tracheal	43395
All_dm6_minus_tracheal	43396
All_dm6_minus_tracheal	43397
All_dm6_minus_tracheal	43398
All_dm6_minus_tracheal	43399
All_dm6_minus_tracheal	43400
All_dm6_minus_tracheal	43401
All_dm6_minus_tracheal	43404
All_dm6_minus_tracheal	43408
All_dm6_minus_tracheal	43410
All_dm6_minus_tracheal	43411
All_dm6_minus_tracheal	43412
All_dm6_minus_tracheal	43413
All_dm6_minus_tracheal	43414
All_dm6_minus_tracheal	43415
All_dm6_minus_tracheal	43416
All_dm6_minus_tracheal	43417
All_dm6_minus_tracheal	43420
All_dm6_minus_tracheal	43421
All_dm6_minus_tracheal	43422
All_dm6_minus_tracheal	43423
All_dm6_minus_tracheal	43424
All_dm6_minus_tracheal	43425
All_dm6_minus_tracheal	43426
All_dm6_minus_tracheal	43427
All_dm6_minus_tracheal	43429
All_dm6_minus_tracheal	43430
All_dm6_minus_tracheal	43431
All_dm6_minus_tracheal	43432
All_dm6_minus_tracheal	43433
All_dm6_minus_tracheal	43434
All_dm6_minus_tracheal	43435
All_dm6_minus_tracheal	43437
All_dm6_minus_tracheal	43438
All_dm6_minus_tracheal	43439
All_dm6_minus_tracheal	43440
All_dm6_minus_tracheal	43441
All_dm6_minus_tracheal	43442
All_dm6_minus_tracheal	43443
All_dm6_minus_tracheal	43444
All_dm6_minus_tracheal	43445
All_dm6_minus_tracheal	43446
All_dm6_minus_tracheal	43448
All_dm6_minus_tracheal	43449
All_dm6_minus_tracheal	43450
All_dm6_minus_tracheal	43451
All_dm6_minus_tracheal	43453
All_dm6_minus_tracheal	43454
All_dm6_minus_tracheal	43456
All_dm6_minus_tracheal	43457
All_dm6_minus_tracheal	43459
All_dm6_minus_tracheal	43460
All_dm6_minus_tracheal	43461
All_dm6_minus_tracheal	43462
All_dm6_minus_tracheal	43463
All_dm6_minus_tracheal	43464
All_dm6_minus_tracheal	43467
All_dm6_minus_tracheal	43471
All_dm6_minus_tracheal	43472
All_dm6_minus_tracheal	43474
All_dm6_minus_tracheal	43475
All_dm6_minus_tracheal	43476
All_dm6_minus_tracheal	43477
All_dm6_minus_tracheal	43480
All_dm6_minus_tracheal	43482
All_dm6_minus_tracheal	43483
All_dm6_minus_tracheal	43484
All_dm6_minus_tracheal	43485
All_dm6_minus_tracheal	43486
All_dm6_minus_tracheal	43487
All_dm6_minus_tracheal	43491
All_dm6_minus_tracheal	43492
All_dm6_minus_tracheal	43493
All_dm6_minus_tracheal	43495
All_dm6_minus_tracheal	43497
All_dm6_minus_tracheal	43498
All_dm6_minus_tracheal	43499
All_dm6_minus_tracheal	43500
All_dm6_minus_tracheal	43502
All_dm6_minus_tracheal	43503
All_dm6_minus_tracheal	43505
All_dm6_minus_tracheal	43506
All_dm6_minus_tracheal	43507
All_dm6_minus_tracheal	43508
All_dm6_minus_tracheal	43512
All_dm6_minus_tracheal	43513
All_dm6_minus_tracheal	43514
All_dm6_minus_tracheal	43515
All_dm6_minus_tracheal	43516
All_dm6_minus_tracheal	43517
All_dm6_minus_tracheal	43518
All_dm6_minus_tracheal	43521
All_dm6_minus_tracheal	43522
All_dm6_minus_tracheal	43523
All_dm6_minus_tracheal	43526
All_dm6_minus_tracheal	43529
All_dm6_minus_tracheal	43530
All_dm6_minus_tracheal	43531
All_dm6_minus_tracheal	43532
All_dm6_minus_tracheal	43533
All_dm6_minus_tracheal	43535
All_dm6_minus_tracheal	43537
All_dm6_minus_tracheal	43538
All_dm6_minus_tracheal	43542
All_dm6_minus_tracheal	43543
All_dm6_minus_tracheal	43544
All_dm6_minus_tracheal	43545
All_dm6_minus_tracheal	43546
All_dm6_minus_tracheal	43547
All_dm6_minus_tracheal	43548
All_dm6_minus_tracheal	43549
All_dm6_minus_tracheal	43550
All_dm6_minus_tracheal	43551
All_dm6_minus_tracheal	43552
All_dm6_minus_tracheal	43554
All_dm6_minus_tracheal	43555
All_dm6_minus_tracheal	43556
All_dm6_minus_tracheal	43557
All_dm6_minus_tracheal	43558
All_dm6_minus_tracheal	43559
All_dm6_minus_tracheal	43560
All_dm6_minus_tracheal	43561
All_dm6_minus_tracheal	43562
All_dm6_minus_tracheal	43563
All_dm6_minus_tracheal	43564
All_dm6_minus_tracheal	43565
All_dm6_minus_tracheal	43566
All_dm6_minus_tracheal	43567
All_dm6_minus_tracheal	43568
All_dm6_minus_tracheal	43569
All_dm6_minus_tracheal	43570
All_dm6_minus_tracheal	43571
All_dm6_minus_tracheal	43572
All_dm6_minus_tracheal	43573
All_dm6_minus_tracheal	43574
All_dm6_minus_tracheal	43575
All_dm6_minus_tracheal	43576
All_dm6_minus_tracheal	43577
All_dm6_minus_tracheal	43578
All_dm6_minus_tracheal	43579
All_dm6_minus_tracheal	43581
All_dm6_minus_tracheal	43583
All_dm6_minus_tracheal	43585
All_dm6_minus_tracheal	43588
All_dm6_minus_tracheal	43589
All_dm6_minus_tracheal	43590
All_dm6_minus_tracheal	43592
All_dm6_minus_tracheal	43594
All_dm6_minus_tracheal	43595
All_dm6_minus_tracheal	43596
All_dm6_minus_tracheal	43597
All_dm6_minus_tracheal	43598
All_dm6_minus_tracheal	43599
All_dm6_minus_tracheal	43600
All_dm6_minus_tracheal	43601
All_dm6_minus_tracheal	43602
All_dm6_minus_tracheal	43603
All_dm6_minus_tracheal	43607
All_dm6_minus_tracheal	43608
All_dm6_minus_tracheal	43609
All_dm6_minus_tracheal	43610
All_dm6_minus_tracheal	43611
All_dm6_minus_tracheal	43612
All_dm6_minus_tracheal	43613
All_dm6_minus_tracheal	43614
All_dm6_minus_tracheal	43615
All_dm6_minus_tracheal	43616
All_dm6_minus_tracheal	43617
All_dm6_minus_tracheal	43618
All_dm6_minus_tracheal	43621
All_dm6_minus_tracheal	43622
All_dm6_minus_tracheal	43624
All_dm6_minus_tracheal	43625
All_dm6_minus_tracheal	43626
All_dm6_minus_tracheal	43627
All_dm6_minus_tracheal	43628
All_dm6_minus_tracheal	43629
All_dm6_minus_tracheal	43630
All_dm6_minus_tracheal	43633
All_dm6_minus_tracheal	43634
All_dm6_minus_tracheal	43635
All_dm6_minus_tracheal	43637
All_dm6_minus_tracheal	43638
All_dm6_minus_tracheal	43639
All_dm6_minus_tracheal	43640
All_dm6_minus_tracheal	43643
All_dm6_minus_tracheal	43644
All_dm6_minus_tracheal	43645
All_dm6_minus_tracheal	43646
All_dm6_minus_tracheal	43647
All_dm6_minus_tracheal	43649
All_dm6_minus_tracheal	43651
All_dm6_minus_tracheal	43652
All_dm6_minus_tracheal	43655
All_dm6_minus_tracheal	43656
All_dm6_minus_tracheal	43657
All_dm6_minus_tracheal	43658
All_dm6_minus_tracheal	43659
All_dm6_minus_tracheal	43660
All_dm6_minus_tracheal	43661
All_dm6_minus_tracheal	43664
All_dm6_minus_tracheal	43665
All_dm6_minus_tracheal	43666
All_dm6_minus_tracheal	43667
All_dm6_minus_tracheal	43668
All_dm6_minus_tracheal	43669
All_dm6_minus_tracheal	43670
All_dm6_minus_tracheal	43671
All_dm6_minus_tracheal	43672
All_dm6_minus_tracheal	43673
All_dm6_minus_tracheal	43676
All_dm6_minus_tracheal	43677
All_dm6_minus_tracheal	43678
All_dm6_minus_tracheal	43679
All_dm6_minus_tracheal	43680
All_dm6_minus_tracheal	43681
All_dm6_minus_tracheal	43682
All_dm6_minus_tracheal	43683
All_dm6_minus_tracheal	43687
All_dm6_minus_tracheal	43688
All_dm6_minus_tracheal	43689
All_dm6_minus_tracheal	43690
All_dm6_minus_tracheal	43692
All_dm6_minus_tracheal	43695
All_dm6_minus_tracheal	43696
All_dm6_minus_tracheal	43698
All_dm6_minus_tracheal	43699
All_dm6_minus_tracheal	43700
All_dm6_minus_tracheal	43701
All_dm6_minus_tracheal	43702
All_dm6_minus_tracheal	43703
All_dm6_minus_tracheal	43707
All_dm6_minus_tracheal	43708
All_dm6_minus_tracheal	43709
All_dm6_minus_tracheal	43710
All_dm6_minus_tracheal	43712
All_dm6_minus_tracheal	43713
All_dm6_minus_tracheal	43714
All_dm6_minus_tracheal	43718
All_dm6_minus_tracheal	43719
All_dm6_minus_tracheal	43720
All_dm6_minus_tracheal	43721
All_dm6_minus_tracheal	43722
All_dm6_minus_tracheal	43723
All_dm6_minus_tracheal	43725
All_dm6_minus_tracheal	43726
All_dm6_minus_tracheal	43727
All_dm6_minus_tracheal	43728
All_dm6_minus_tracheal	43729
All_dm6_minus_tracheal	43731
All_dm6_minus_tracheal	43734
All_dm6_minus_tracheal	43735
All_dm6_minus_tracheal	43736
All_dm6_minus_tracheal	43737
All_dm6_minus_tracheal	43738
All_dm6_minus_tracheal	43740
All_dm6_minus_tracheal	43742
All_dm6_minus_tracheal	43743
All_dm6_minus_tracheal	43744
All_dm6_minus_tracheal	43746
All_dm6_minus_tracheal	43748
All_dm6_minus_tracheal	43749
All_dm6_minus_tracheal	43750
All_dm6_minus_tracheal	43751
All_dm6_minus_tracheal	43753
All_dm6_minus_tracheal	43754
All_dm6_minus_tracheal	43755
All_dm6_minus_tracheal	43756
All_dm6_minus_tracheal	43757
All_dm6_minus_tracheal	43758
All_dm6_minus_tracheal	43761
All_dm6_minus_tracheal	43762
All_dm6_minus_tracheal	43764
All_dm6_minus_tracheal	43766
All_dm6_minus_tracheal	43768
All_dm6_minus_tracheal	43770
All_dm6_minus_tracheal	43772
All_dm6_minus_tracheal	43774
All_dm6_minus_tracheal	43775
All_dm6_minus_tracheal	43777
All_dm6_minus_tracheal	43779
All_dm6_minus_tracheal	43781
All_dm6_minus_tracheal	43782
All_dm6_minus_tracheal	43783
All_dm6_minus_tracheal	43785
All_dm6_minus_tracheal	43789
All_dm6_minus_tracheal	43791
All_dm6_minus_tracheal	43792
All_dm6_minus_tracheal	43793
All_dm6_minus_tracheal	43795
All_dm6_minus_tracheal	43796
All_dm6_minus_tracheal	43797
All_dm6_minus_tracheal	43798
All_dm6_minus_tracheal	43799
All_dm6_minus_tracheal	43800
All_dm6_minus_tracheal	43803
All_dm6_minus_tracheal	43805
All_dm6_minus_tracheal	43806
All_dm6_minus_tracheal	43808
All_dm6_minus_tracheal	43809
All_dm6_minus_tracheal	43810
All_dm6_minus_tracheal	43811
All_dm6_minus_tracheal	43812
All_dm6_minus_tracheal	43816
All_dm6_minus_tracheal	43819
All_dm6_minus_tracheal	43820
All_dm6_minus_tracheal	43822
All_dm6_minus_tracheal	43825
All_dm6_minus_tracheal	43826
All_dm6_minus_tracheal	43829
All_dm6_minus_tracheal	43831
All_dm6_minus_tracheal	43832
All_dm6_minus_tracheal	43833
All_dm6_minus_tracheal	43835
All_dm6_minus_tracheal	43836
All_dm6_minus_tracheal	43838
All_dm6_minus_tracheal	43839
All_dm6_minus_tracheal	43842
All_dm6_minus_tracheal	43843
All_dm6_minus_tracheal	43844
All_dm6_minus_tracheal	43851
All_dm6_minus_tracheal	43860
All_dm6_minus_tracheal	43864
All_dm6_minus_tracheal	43867
All_dm6_minus_tracheal	43869
All_dm6_minus_tracheal	43870
All_dm6_minus_tracheal	43873
All_dm6_minus_tracheal	43875
All_dm6_minus_tracheal	43880
All_dm6_minus_tracheal	43881
All_dm6_minus_tracheal	43882
All_dm6_minus_tracheal	43883
All_dm6_minus_tracheal	43884
All_dm6_minus_tracheal	43885
All_dm6_minus_tracheal	43886
All_dm6_minus_tracheal	43888
All_dm6_minus_tracheal	43889
All_dm6_minus_tracheal	43890
All_dm6_minus_tracheal	43891
All_dm6_minus_tracheal	43892
All_dm6_minus_tracheal	43895
All_dm6_minus_tracheal	43897
All_dm6_minus_tracheal	43898
All_dm6_minus_tracheal	43900
All_dm6_minus_tracheal	43901
All_dm6_minus_tracheal	43904
All_dm6_minus_tracheal	43905
All_dm6_minus_tracheal	43907
All_dm6_minus_tracheal	43908
All_dm6_minus_tracheal	43911
All_dm6_minus_tracheal	43912
All_dm6_minus_tracheal	43913
All_dm6_minus_tracheal	43914
All_dm6_minus_tracheal	43916
All_dm6_minus_tracheal	43918
All_dm6_minus_tracheal	43919
All_dm6_minus_tracheal	43923
All_dm6_minus_tracheal	43924
All_dm6_minus_tracheal	43926
All_dm6_minus_tracheal	43927
All_dm6_minus_tracheal	43928
All_dm6_minus_tracheal	43930
All_dm6_minus_tracheal	43932
All_dm6_minus_tracheal	43934
All_dm6_minus_tracheal	43935
All_dm6_minus_tracheal	43936
All_dm6_minus_tracheal	43938
All_dm6_minus_tracheal	43940
All_dm6_minus_tracheal	43943
All_dm6_minus_tracheal	43944
All_dm6_minus_tracheal	43947
All_dm6_minus_tracheal	43949
All_dm6_minus_tracheal	43950
All_dm6_minus_tracheal	43951
All_dm6_minus_tracheal	43952
All_dm6_minus_tracheal	43953
All_dm6_minus_tracheal	43955
All_dm6_minus_tracheal	43956
All_dm6_minus_tracheal	43958
All_dm6_minus_tracheal	43960
All_dm6_minus_tracheal	43972
All_dm6_minus_tracheal	43974
All_dm6_minus_tracheal	43978
All_dm6_minus_tracheal	43980
All_dm6_minus_tracheal	43981
All_dm6_minus_tracheal	43982
All_dm6_minus_tracheal	43984
All_dm6_minus_tracheal	43986
All_dm6_minus_tracheal	43988
All_dm6_minus_tracheal	43989
All_dm6_minus_tracheal	43990
All_dm6_minus_tracheal	43999
All_dm6_minus_tracheal	44000
All_dm6_minus_tracheal	44001
All_dm6_minus_tracheal	44002
All_dm6_minus_tracheal	44006
All_dm6_minus_tracheal	44007
All_dm6_minus_tracheal	44008
All_dm6_minus_tracheal	44009
All_dm6_minus_tracheal	44012
All_dm6_minus_tracheal	44014
All_dm6_minus_tracheal	44015
All_dm6_minus_tracheal	44017
All_dm6_minus_tracheal	44018
All_dm6_minus_tracheal	44019
All_dm6_minus_tracheal	44020
All_dm6_minus_tracheal	44021
All_dm6_minus_tracheal	44025
All_dm6_minus_tracheal	44030
All_dm6_minus_tracheal	44033
All_dm6_minus_tracheal	44034
All_dm6_minus_tracheal	44035
All_dm6_minus_tracheal	44038
All_dm6_minus_tracheal	44039
All_dm6_minus_tracheal	44041
All_dm6_minus_tracheal	44043
All_dm6_minus_tracheal	44044
All_dm6_minus_tracheal	44045
All_dm6_minus_tracheal	44046
All_dm6_minus_tracheal	44050
All_dm6_minus_tracheal	44051
All_dm6_minus_tracheal	44052
All_dm6_minus_tracheal	44054
All_dm6_minus_tracheal	44055
All_dm6_minus_tracheal	44056
All_dm6_minus_tracheal	44058
All_dm6_minus_tracheal	44059
All_dm6_minus_tracheal	44063
All_dm6_minus_tracheal	44064
All_dm6_minus_tracheal	44066
All_dm6_minus_tracheal	44067
All_dm6_minus_tracheal	44074
All_dm6_minus_tracheal	44079
All_dm6_minus_tracheal	44082
All_dm6_minus_tracheal	44083
All_dm6_minus_tracheal	44084
All_dm6_minus_tracheal	44086
All_dm6_minus_tracheal	44088
All_dm6_minus_tracheal	44090
All_dm6_minus_tracheal	44094
All_dm6_minus_tracheal	44096
All_dm6_minus_tracheal	44098
All_dm6_minus_tracheal	44099
All_dm6_minus_tracheal	44100
All_dm6_minus_tracheal	44104
All_dm6_minus_tracheal	44105
All_dm6_minus_tracheal	44108
All_dm6_minus_tracheal	44109
All_dm6_minus_tracheal	44110
All_dm6_minus_tracheal	44111
All_dm6_minus_tracheal	44115
All_dm6_minus_tracheal	44117
All_dm6_minus_tracheal	44120
All_dm6_minus_tracheal	44121
All_dm6_minus_tracheal	44122
All_dm6_minus_tracheal	44123
All_dm6_minus_tracheal	44125
All_dm6_minus_tracheal	44126
All_dm6_minus_tracheal	44128
All_dm6_minus_tracheal	44129
All_dm6_minus_tracheal	44131
All_dm6_minus_tracheal	44132
All_dm6_minus_tracheal	44133
All_dm6_minus_tracheal	44134
All_dm6_minus_tracheal	44136
All_dm6_minus_tracheal	44137
All_dm6_minus_tracheal	44141
All_dm6_minus_tracheal	44142
All_dm6_minus_tracheal	44143
All_dm6_minus_tracheal	44146
All_dm6_minus_tracheal	44147
All_dm6_minus_tracheal	44148
All_dm6_minus_tracheal	44149
All_dm6_minus_tracheal	44150
All_dm6_minus_tracheal	44155
All_dm6_minus_tracheal	44160
All_dm6_minus_tracheal	44164
All_dm6_minus_tracheal	44166
All_dm6_minus_tracheal	44167
All_dm6_minus_tracheal	44170
All_dm6_minus_tracheal	44172
All_dm6_minus_tracheal	44173
All_dm6_minus_tracheal	44180
All_dm6_minus_tracheal	44181
All_dm6_minus_tracheal	44183
All_dm6_minus_tracheal	44187
All_dm6_minus_tracheal	44189
All_dm6_minus_tracheal	44190
All_dm6_minus_tracheal	44191
All_dm6_minus_tracheal	44192
All_dm6_minus_tracheal	44193
All_dm6_minus_tracheal	44195
All_dm6_minus_tracheal	44196
All_dm6_minus_tracheal	44197
All_dm6_minus_tracheal	44199
All_dm6_minus_tracheal	44200
All_dm6_minus_tracheal	44201
All_dm6_minus_tracheal	44202
All_dm6_minus_tracheal	44206
All_dm6_minus_tracheal	44207
All_dm6_minus_tracheal	44218
All_dm6_minus_tracheal	44219
All_dm6_minus_tracheal	44224
All_dm6_minus_tracheal	44228
All_dm6_minus_tracheal	44231
All_dm6_minus_tracheal	44233
All_dm6_minus_tracheal	44235
All_dm6_minus_tracheal	44238
All_dm6_minus_tracheal	44239
All_dm6_minus_tracheal	44241
All_dm6_minus_tracheal	44246
All_dm6_minus_tracheal	44247
All_dm6_minus_tracheal	44248
All_dm6_minus_tracheal	44249
All_dm6_minus_tracheal	44250
All_dm6_minus_tracheal	44251
All_dm6_minus_tracheal	44252
All_dm6_minus_tracheal	44257
All_dm6_minus_tracheal	44259
All_dm6_minus_tracheal	44260
All_dm6_minus_tracheal	44261
All_dm6_minus_tracheal	44263
All_dm6_minus_tracheal	44268
All_dm6_minus_tracheal	44269
All_dm6_minus_tracheal	44270
All_dm6_minus_tracheal	44271
All_dm6_minus_tracheal	44272
All_dm6_minus_tracheal	44273
All_dm6_minus_tracheal	44274
All_dm6_minus_tracheal	44276
All_dm6_minus_tracheal	44277
All_dm6_minus_tracheal	44279
All_dm6_minus_tracheal	44281
All_dm6_minus_tracheal	44282
All_dm6_minus_tracheal	44283
All_dm6_minus_tracheal	44284
All_dm6_minus_tracheal	44285
All_dm6_minus_tracheal	44286
All_dm6_minus_tracheal	44287
All_dm6_minus_tracheal	44288
All_dm6_minus_tracheal	44289
All_dm6_minus_tracheal	44290
All_dm6_minus_tracheal	44292
All_dm6_minus_tracheal	44293
All_dm6_minus_tracheal	44294
All_dm6_minus_tracheal	44295
All_dm6_minus_tracheal	44296
All_dm6_minus_tracheal	44299
All_dm6_minus_tracheal	44301
All_dm6_minus_tracheal	44302
All_dm6_minus_tracheal	44304
All_dm6_minus_tracheal	44305
All_dm6_minus_tracheal	44309
All_dm6_minus_tracheal	44310
All_dm6_minus_tracheal	44311
All_dm6_minus_tracheal	44312
All_dm6_minus_tracheal	44313
All_dm6_minus_tracheal	44315
All_dm6_minus_tracheal	44317
All_dm6_minus_tracheal	44319
All_dm6_minus_tracheal	44323
All_dm6_minus_tracheal	44324
All_dm6_minus_tracheal	44325
All_dm6_minus_tracheal	44331
All_dm6_minus_tracheal	44333
All_dm6_minus_tracheal	44334
All_dm6_minus_tracheal	44335
All_dm6_minus_tracheal	44336
All_dm6_minus_tracheal	44337
All_dm6_minus_tracheal	44338
All_dm6_minus_tracheal	44339
All_dm6_minus_tracheal	44340
All_dm6_minus_tracheal	44341
All_dm6_minus_tracheal	44343
All_dm6_minus_tracheal	44345
All_dm6_minus_tracheal	44346
All_dm6_minus_tracheal	44349
All_dm6_minus_tracheal	44351
All_dm6_minus_tracheal	44352
All_dm6_minus_tracheal	44353
All_dm6_minus_tracheal	44354
All_dm6_minus_tracheal	44356
All_dm6_minus_tracheal	44357
All_dm6_minus_tracheal	44358
All_dm6_minus_tracheal	44359
All_dm6_minus_tracheal	44360
All_dm6_minus_tracheal	44363
All_dm6_minus_tracheal	44364
All_dm6_minus_tracheal	44367
All_dm6_minus_tracheal	44369
All_dm6_minus_tracheal	44377
All_dm6_minus_tracheal	44378
All_dm6_minus_tracheal	44379
All_dm6_minus_tracheal	44381
All_dm6_minus_tracheal	44382
All_dm6_minus_tracheal	44385
All_dm6_minus_tracheal	44387
All_dm6_minus_tracheal	44388
All_dm6_minus_tracheal	44389
All_dm6_minus_tracheal	44390
All_dm6_minus_tracheal	44392
All_dm6_minus_tracheal	44393
All_dm6_minus_tracheal	44394
All_dm6_minus_tracheal	44395
All_dm6_minus_tracheal	44396
All_dm6_minus_tracheal	44397
All_dm6_minus_tracheal	44398
All_dm6_minus_tracheal	44399
All_dm6_minus_tracheal	44400
All_dm6_minus_tracheal	44401
All_dm6_minus_tracheal	44402
All_dm6_minus_tracheal	44409
All_dm6_minus_tracheal	44410
All_dm6_minus_tracheal	44411
All_dm6_minus_tracheal	44412
All_dm6_minus_tracheal	44413
All_dm6_minus_tracheal	44414
All_dm6_minus_tracheal	44415
All_dm6_minus_tracheal	44416
All_dm6_minus_tracheal	44417
All_dm6_minus_tracheal	44418
All_dm6_minus_tracheal	44419
All_dm6_minus_tracheal	44420
All_dm6_minus_tracheal	44421
All_dm6_minus_tracheal	44422
All_dm6_minus_tracheal	44423
All_dm6_minus_tracheal	44424
All_dm6_minus_tracheal	44425
All_dm6_minus_tracheal	44426
All_dm6_minus_tracheal	44427
All_dm6_minus_tracheal	44428
All_dm6_minus_tracheal	44431
All_dm6_minus_tracheal	44432
All_dm6_minus_tracheal	44433
All_dm6_minus_tracheal	44441
All_dm6_minus_tracheal	44446
All_dm6_minus_tracheal	44451
All_dm6_minus_tracheal	44474
All_dm6_minus_tracheal	44481
All_dm6_minus_tracheal	44482
All_dm6_minus_tracheal	44483
All_dm6_minus_tracheal	44484
All_dm6_minus_tracheal	44496
All_dm6_minus_tracheal	44497
All_dm6_minus_tracheal	44498
All_dm6_minus_tracheal	44501
All_dm6_minus_tracheal	44502
All_dm6_minus_tracheal	44503
All_dm6_minus_tracheal	44506
All_dm6_minus_tracheal	44509
All_dm6_minus_tracheal	44511
All_dm6_minus_tracheal	44513
All_dm6_minus_tracheal	44514
All_dm6_minus_tracheal	44518
All_dm6_minus_tracheal	44519
All_dm6_minus_tracheal	44520
All_dm6_minus_tracheal	44521
All_dm6_minus_tracheal	44524
All_dm6_minus_tracheal	44525
All_dm6_minus_tracheal	44527
All_dm6_minus_tracheal	44528
All_dm6_minus_tracheal	44529
All_dm6_minus_tracheal	44530
All_dm6_minus_tracheal	44531
All_dm6_minus_tracheal	44534
All_dm6_minus_tracheal	44535
All_dm6_minus_tracheal	44537
All_dm6_minus_tracheal	44538
All_dm6_minus_tracheal	44539
All_dm6_minus_tracheal	44542
All_dm6_minus_tracheal	44543
All_dm6_minus_tracheal	44544
All_dm6_minus_tracheal	44545
All_dm6_minus_tracheal	44546
All_dm6_minus_tracheal	44549
All_dm6_minus_tracheal	44550
All_dm6_minus_tracheal	44551
All_dm6_minus_tracheal	44552
All_dm6_minus_tracheal	44554
All_dm6_minus_tracheal	44566
All_dm6_minus_tracheal	44567
All_dm6_minus_tracheal	44573
All_dm6_minus_tracheal	44585
All_dm6_minus_tracheal	44586
All_dm6_minus_tracheal	44587
All_dm6_minus_tracheal	44588
All_dm6_minus_tracheal	44589
All_dm6_minus_tracheal	44590
All_dm6_minus_tracheal	44591
All_dm6_minus_tracheal	44592
All_dm6_minus_tracheal	44593
All_dm6_minus_tracheal	44594
All_dm6_minus_tracheal	44595
All_dm6_minus_tracheal	44596
All_dm6_minus_tracheal	44597
All_dm6_minus_tracheal	44598
All_dm6_minus_tracheal	44599
All_dm6_minus_tracheal	44601
All_dm6_minus_tracheal	44602
All_dm6_minus_tracheal	44603
All_dm6_minus_tracheal	44604
All_dm6_minus_tracheal	44605
All_dm6_minus_tracheal	44606
All_dm6_minus_tracheal	44607
All_dm6_minus_tracheal	44608
All_dm6_minus_tracheal	44609
All_dm6_minus_tracheal	44610
All_dm6_minus_tracheal	44611
All_dm6_minus_tracheal	44612
All_dm6_minus_tracheal	44613
All_dm6_minus_tracheal	44615
All_dm6_minus_tracheal	44620
All_dm6_minus_tracheal	44631
All_dm6_minus_tracheal	44632
All_dm6_minus_tracheal	44633
All_dm6_minus_tracheal	44637
All_dm6_minus_tracheal	44638
All_dm6_minus_tracheal	44639
All_dm6_minus_tracheal	44640
All_dm6_minus_tracheal	44641
All_dm6_minus_tracheal	44642
All_dm6_minus_tracheal	44645
All_dm6_minus_tracheal	44646
All_dm6_minus_tracheal	44652
All_dm6_minus_tracheal	44654
All_dm6_minus_tracheal	44655
All_dm6_minus_tracheal	44656
All_dm6_minus_tracheal	44657
All_dm6_minus_tracheal	44658
All_dm6_minus_tracheal	44663
All_dm6_minus_tracheal	44669
All_dm6_minus_tracheal	44670
All_dm6_minus_tracheal	44672
All_dm6_minus_tracheal	44674
All_dm6_minus_tracheal	44675
All_dm6_minus_tracheal	44676
All_dm6_minus_tracheal	44688
All_dm6_minus_tracheal	44689
All_dm6_minus_tracheal	44690
All_dm6_minus_tracheal	44691
All_dm6_minus_tracheal	44692
All_dm6_minus_tracheal	44693
All_dm6_minus_tracheal	44694
All_dm6_minus_tracheal	44695
All_dm6_minus_tracheal	44696
All_dm6_minus_tracheal	44697
All_dm6_minus_tracheal	44699
All_dm6_minus_tracheal	44701
All_dm6_minus_tracheal	44704
All_dm6_minus_tracheal	44705
All_dm6_minus_tracheal	44709
All_dm6_minus_tracheal	44711
All_dm6_minus_tracheal	44712
All_dm6_minus_tracheal	44714
All_dm6_minus_tracheal	44717
All_dm6_minus_tracheal	44718
All_dm6_minus_tracheal	44719
All_dm6_minus_tracheal	44721
All_dm6_minus_tracheal	44722
All_dm6_minus_tracheal	44723
All_dm6_minus_tracheal	44724
All_dm6_minus_tracheal	44726
All_dm6_minus_tracheal	44728
All_dm6_minus_tracheal	44730
All_dm6_minus_tracheal	44736
All_dm6_minus_tracheal	44737
All_dm6_minus_tracheal	44738
All_dm6_minus_tracheal	44739
All_dm6_minus_tracheal	44740
All_dm6_minus_tracheal	44747
All_dm6_minus_tracheal	44748
All_dm6_minus_tracheal	44750
All_dm6_minus_tracheal	44752
All_dm6_minus_tracheal	44753
All_dm6_minus_tracheal	44754
All_dm6_minus_tracheal	44755
All_dm6_minus_tracheal	44756
All_dm6_minus_tracheal	44757
All_dm6_minus_tracheal	44758
All_dm6_minus_tracheal	44759
All_dm6_minus_tracheal	44760
All_dm6_minus_tracheal	44761
All_dm6_minus_tracheal	44762
All_dm6_minus_tracheal	44763
All_dm6_minus_tracheal	44764
All_dm6_minus_tracheal	44765
All_dm6_minus_tracheal	44766
All_dm6_minus_tracheal	44767
All_dm6_minus_tracheal	44768
All_dm6_minus_tracheal	44769
All_dm6_minus_tracheal	44771
All_dm6_minus_tracheal	44772
All_dm6_minus_tracheal	44773
All_dm6_minus_tracheal	44775
All_dm6_minus_tracheal	44776
All_dm6_minus_tracheal	44777
All_dm6_minus_tracheal	44780
All_dm6_minus_tracheal	44781
All_dm6_minus_tracheal	44782
All_dm6_minus_tracheal	44783
All_dm6_minus_tracheal	44785
All_dm6_minus_tracheal	44787
All_dm6_minus_tracheal	44791
All_dm6_minus_tracheal	44792
All_dm6_minus_tracheal	44793
All_dm6_minus_tracheal	44795
All_dm6_minus_tracheal	44797
All_dm6_minus_tracheal	44798
All_dm6_minus_tracheal	44799
All_dm6_minus_tracheal	44800
All_dm6_minus_tracheal	44802
All_dm6_minus_tracheal	44804
All_dm6_minus_tracheal	44805
All_dm6_minus_tracheal	44806
All_dm6_minus_tracheal	44807
All_dm6_minus_tracheal	44808
All_dm6_minus_tracheal	44809
All_dm6_minus_tracheal	44811
All_dm6_minus_tracheal	44812
All_dm6_minus_tracheal	44813
All_dm6_minus_tracheal	44814
All_dm6_minus_tracheal	44815
All_dm6_minus_tracheal	44816
All_dm6_minus_tracheal	44818
All_dm6_minus_tracheal	44820
All_dm6_minus_tracheal	44821
All_dm6_minus_tracheal	44825
All_dm6_minus_tracheal	44827
All_dm6_minus_tracheal	44830
All_dm6_minus_tracheal	44832
All_dm6_minus_tracheal	44835
All_dm6_minus_tracheal	44836
All_dm6_minus_tracheal	44837
All_dm6_minus_tracheal	44839
All_dm6_minus_tracheal	44840
All_dm6_minus_tracheal	44841
All_dm6_minus_tracheal	44846
All_dm6_minus_tracheal	44848
All_dm6_minus_tracheal	44849
All_dm6_minus_tracheal	44850
All_dm6_minus_tracheal	44851
All_dm6_minus_tracheal	44854
All_dm6_minus_tracheal	44858
All_dm6_minus_tracheal	44859
All_dm6_minus_tracheal	44860
All_dm6_minus_tracheal	44865
All_dm6_minus_tracheal	44867
All_dm6_minus_tracheal	44869
All_dm6_minus_tracheal	44870
All_dm6_minus_tracheal	44873
All_dm6_minus_tracheal	44874
All_dm6_minus_tracheal	44877
All_dm6_minus_tracheal	44878
All_dm6_minus_tracheal	44880
All_dm6_minus_tracheal	44881
All_dm6_minus_tracheal	44883
All_dm6_minus_tracheal	44884
All_dm6_minus_tracheal	44886
All_dm6_minus_tracheal	44887
All_dm6_minus_tracheal	44888
All_dm6_minus_tracheal	44889
All_dm6_minus_tracheal	44890
All_dm6_minus_tracheal	44892
All_dm6_minus_tracheal	44893
All_dm6_minus_tracheal	44895
All_dm6_minus_tracheal	44897
All_dm6_minus_tracheal	44900
All_dm6_minus_tracheal	44901
All_dm6_minus_tracheal	44902
All_dm6_minus_tracheal	44903
All_dm6_minus_tracheal	44904
All_dm6_minus_tracheal	44907
All_dm6_minus_tracheal	44910
All_dm6_minus_tracheal	44911
All_dm6_minus_tracheal	44913
All_dm6_minus_tracheal	44915
All_dm6_minus_tracheal	44920
All_dm6_minus_tracheal	44921
All_dm6_minus_tracheal	44924
All_dm6_minus_tracheal	44925
All_dm6_minus_tracheal	44927
All_dm6_minus_tracheal	44932
All_dm6_minus_tracheal	44936
All_dm6_minus_tracheal	44937
All_dm6_minus_tracheal	44938
All_dm6_minus_tracheal	44942
All_dm6_minus_tracheal	44943
All_dm6_minus_tracheal	44944
All_dm6_minus_tracheal	44945
All_dm6_minus_tracheal	44947
All_dm6_minus_tracheal	44948
All_dm6_minus_tracheal	44949
All_dm6_minus_tracheal	44950
All_dm6_minus_tracheal	44951
All_dm6_minus_tracheal	44952
All_dm6_minus_tracheal	44953
All_dm6_minus_tracheal	44954
All_dm6_minus_tracheal	44955
All_dm6_minus_tracheal	44956
All_dm6_minus_tracheal	44957
All_dm6_minus_tracheal	44963
All_dm6_minus_tracheal	44964
All_dm6_minus_tracheal	44965
All_dm6_minus_tracheal	44967
All_dm6_minus_tracheal	44968
All_dm6_minus_tracheal	44969
All_dm6_minus_tracheal	44970
All_dm6_minus_tracheal	44971
All_dm6_minus_tracheal	44974
All_dm6_minus_tracheal	44975
All_dm6_minus_tracheal	44976
All_dm6_minus_tracheal	44977
All_dm6_minus_tracheal	44980
All_dm6_minus_tracheal	44981
All_dm6_minus_tracheal	44982
All_dm6_minus_tracheal	45012
All_dm6_minus_tracheal	45013
All_dm6_minus_tracheal	45016
All_dm6_minus_tracheal	45017
All_dm6_minus_tracheal	45018
All_dm6_minus_tracheal	45019
All_dm6_minus_tracheal	45021
All_dm6_minus_tracheal	45022
All_dm6_minus_tracheal	45023
All_dm6_minus_tracheal	45024
All_dm6_minus_tracheal	45025
All_dm6_minus_tracheal	45026
All_dm6_minus_tracheal	45027
All_dm6_minus_tracheal	45028
All_dm6_minus_tracheal	45031
All_dm6_minus_tracheal	45032
All_dm6_minus_tracheal	45039
All_dm6_minus_tracheal	45040
All_dm6_minus_tracheal	45042
All_dm6_minus_tracheal	45043
All_dm6_minus_tracheal	45044
All_dm6_minus_tracheal	45045
All_dm6_minus_tracheal	45046
All_dm6_minus_tracheal	45047
All_dm6_minus_tracheal	45064
All_dm6_minus_tracheal	45068
All_dm6_minus_tracheal	45069
All_dm6_minus_tracheal	45104
All_dm6_minus_tracheal	45105
All_dm6_minus_tracheal	45106
All_dm6_minus_tracheal	45107
All_dm6_minus_tracheal	45108
All_dm6_minus_tracheal	45109
All_dm6_minus_tracheal	45110
All_dm6_minus_tracheal	45111
All_dm6_minus_tracheal	45112
All_dm6_minus_tracheal	45113
All_dm6_minus_tracheal	45174
All_dm6_minus_tracheal	45175
All_dm6_minus_tracheal	45176
All_dm6_minus_tracheal	45234
All_dm6_minus_tracheal	45236
All_dm6_minus_tracheal	45237
All_dm6_minus_tracheal	45238
All_dm6_minus_tracheal	45239
All_dm6_minus_tracheal	45240
All_dm6_minus_tracheal	45241
All_dm6_minus_tracheal	45242
All_dm6_minus_tracheal	45244
All_dm6_minus_tracheal	45245
All_dm6_minus_tracheal	45247
All_dm6_minus_tracheal	45248
All_dm6_minus_tracheal	45249
All_dm6_minus_tracheal	45268
All_dm6_minus_tracheal	45269
All_dm6_minus_tracheal	45270
All_dm6_minus_tracheal	45272
All_dm6_minus_tracheal	45273
All_dm6_minus_tracheal	45274
All_dm6_minus_tracheal	45276
All_dm6_minus_tracheal	45277
All_dm6_minus_tracheal	45281
All_dm6_minus_tracheal	45282
All_dm6_minus_tracheal	45283
All_dm6_minus_tracheal	45286
All_dm6_minus_tracheal	45290
All_dm6_minus_tracheal	45292
All_dm6_minus_tracheal	45293
All_dm6_minus_tracheal	45294
All_dm6_minus_tracheal	45295
All_dm6_minus_tracheal	45297
All_dm6_minus_tracheal	45298
All_dm6_minus_tracheal	45299
All_dm6_minus_tracheal	45300
All_dm6_minus_tracheal	45301
All_dm6_minus_tracheal	45302
All_dm6_minus_tracheal	45303
All_dm6_minus_tracheal	45304
All_dm6_minus_tracheal	45308
All_dm6_minus_tracheal	45309
All_dm6_minus_tracheal	45310
All_dm6_minus_tracheal	45311
All_dm6_minus_tracheal	45312
All_dm6_minus_tracheal	45316
All_dm6_minus_tracheal	45320
All_dm6_minus_tracheal	45322
All_dm6_minus_tracheal	45324
All_dm6_minus_tracheal	45325
All_dm6_minus_tracheal	45326
All_dm6_minus_tracheal	45329
All_dm6_minus_tracheal	45331
All_dm6_minus_tracheal	45332
All_dm6_minus_tracheal	45334
All_dm6_minus_tracheal	45336
All_dm6_minus_tracheal	45337
All_dm6_minus_tracheal	45338
All_dm6_minus_tracheal	45340
All_dm6_minus_tracheal	45341
All_dm6_minus_tracheal	45342
All_dm6_minus_tracheal	45343
All_dm6_minus_tracheal	45344
All_dm6_minus_tracheal	45346
All_dm6_minus_tracheal	45348
All_dm6_minus_tracheal	45350
All_dm6_minus_tracheal	45351
All_dm6_minus_tracheal	45353
All_dm6_minus_tracheal	45354
All_dm6_minus_tracheal	45355
All_dm6_minus_tracheal	45358
All_dm6_minus_tracheal	45359
All_dm6_minus_tracheal	45360
All_dm6_minus_tracheal	45363
All_dm6_minus_tracheal	45365
All_dm6_minus_tracheal	45366
All_dm6_minus_tracheal	45367
All_dm6_minus_tracheal	45369
All_dm6_minus_tracheal	45370
All_dm6_minus_tracheal	45371
All_dm6_minus_tracheal	45374
All_dm6_minus_tracheal	45378
All_dm6_minus_tracheal	45379
All_dm6_minus_tracheal	45380
All_dm6_minus_tracheal	45383
All_dm6_minus_tracheal	45385
All_dm6_minus_tracheal	45386
All_dm6_minus_tracheal	45387
All_dm6_minus_tracheal	45388
All_dm6_minus_tracheal	45389
All_dm6_minus_tracheal	45390
All_dm6_minus_tracheal	45391
All_dm6_minus_tracheal	45392
All_dm6_minus_tracheal	45400
All_dm6_minus_tracheal	45401
All_dm6_minus_tracheal	45403
All_dm6_minus_tracheal	45407
All_dm6_minus_tracheal	45409
All_dm6_minus_tracheal	45414
All_dm6_minus_tracheal	45417
All_dm6_minus_tracheal	45420
All_dm6_minus_tracheal	45421
All_dm6_minus_tracheal	45426
All_dm6_minus_tracheal	45427
All_dm6_minus_tracheal	45428
All_dm6_minus_tracheal	45429
All_dm6_minus_tracheal	45430
All_dm6_minus_tracheal	45431
All_dm6_minus_tracheal	45432
All_dm6_minus_tracheal	45433
All_dm6_minus_tracheal	45435
All_dm6_minus_tracheal	45436
All_dm6_minus_tracheal	45438
All_dm6_minus_tracheal	45441
All_dm6_minus_tracheal	45445
All_dm6_minus_tracheal	45448
All_dm6_minus_tracheal	45449
All_dm6_minus_tracheal	45451
All_dm6_minus_tracheal	45453
All_dm6_minus_tracheal	45454
All_dm6_minus_tracheal	45455
All_dm6_minus_tracheal	45456
All_dm6_minus_tracheal	45457
All_dm6_minus_tracheal	45458
All_dm6_minus_tracheal	45459
All_dm6_minus_tracheal	45461
All_dm6_minus_tracheal	45463
All_dm6_minus_tracheal	45464
All_dm6_minus_tracheal	45465
All_dm6_minus_tracheal	45466
All_dm6_minus_tracheal	45469
All_dm6_minus_tracheal	45470
All_dm6_minus_tracheal	45471
All_dm6_minus_tracheal	45472
All_dm6_minus_tracheal	45473
All_dm6_minus_tracheal	45477
All_dm6_minus_tracheal	45478
All_dm6_minus_tracheal	45479
All_dm6_minus_tracheal	45480
All_dm6_minus_tracheal	45481
All_dm6_minus_tracheal	45482
All_dm6_minus_tracheal	45483
All_dm6_minus_tracheal	45484
All_dm6_minus_tracheal	45485
All_dm6_minus_tracheal	45486
All_dm6_minus_tracheal	45487
All_dm6_minus_tracheal	45488
All_dm6_minus_tracheal	45489
All_dm6_minus_tracheal	45490
All_dm6_minus_tracheal	45491
All_dm6_minus_tracheal	45492
All_dm6_minus_tracheal	45493
All_dm6_minus_tracheal	45494
All_dm6_minus_tracheal	45495
All_dm6_minus_tracheal	45497
All_dm6_minus_tracheal	45498
All_dm6_minus_tracheal	45499
All_dm6_minus_tracheal	45500
All_dm6_minus_tracheal	45501
All_dm6_minus_tracheal	45504
All_dm6_minus_tracheal	45505
All_dm6_minus_tracheal	45506
All_dm6_minus_tracheal	45507
All_dm6_minus_tracheal	45508
All_dm6_minus_tracheal	45509
All_dm6_minus_tracheal	45510
All_dm6_minus_tracheal	45511
All_dm6_minus_tracheal	45512
All_dm6_minus_tracheal	45524
All_dm6_minus_tracheal	45525
All_dm6_minus_tracheal	45531
All_dm6_minus_tracheal	45532
All_dm6_minus_tracheal	45533
All_dm6_minus_tracheal	45534
All_dm6_minus_tracheal	45535
All_dm6_minus_tracheal	45536
All_dm6_minus_tracheal	45537
All_dm6_minus_tracheal	45538
All_dm6_minus_tracheal	45541
All_dm6_minus_tracheal	45544
All_dm6_minus_tracheal	45550
All_dm6_minus_tracheal	45551
All_dm6_minus_tracheal	45552
All_dm6_minus_tracheal	45553
All_dm6_minus_tracheal	45556
All_dm6_minus_tracheal	45568
All_dm6_minus_tracheal	45570
All_dm6_minus_tracheal	45572
All_dm6_minus_tracheal	45573
All_dm6_minus_tracheal	45574
All_dm6_minus_tracheal	45576
All_dm6_minus_tracheal	45577
All_dm6_minus_tracheal	45578
All_dm6_minus_tracheal	45580
All_dm6_minus_tracheal	45581
All_dm6_minus_tracheal	45582
All_dm6_minus_tracheal	45583
All_dm6_minus_tracheal	45585
All_dm6_minus_tracheal	45586
All_dm6_minus_tracheal	45587
All_dm6_minus_tracheal	45589
All_dm6_minus_tracheal	45591
All_dm6_minus_tracheal	45592
All_dm6_minus_tracheal	45593
All_dm6_minus_tracheal	45594
All_dm6_minus_tracheal	45595
All_dm6_minus_tracheal	45596
All_dm6_minus_tracheal	45597
All_dm6_minus_tracheal	45598
All_dm6_minus_tracheal	45599
All_dm6_minus_tracheal	45600
All_dm6_minus_tracheal	45610
All_dm6_minus_tracheal	45611
All_dm6_minus_tracheal	45612
All_dm6_minus_tracheal	45613
All_dm6_minus_tracheal	45614
All_dm6_minus_tracheal	45615
All_dm6_minus_tracheal	45616
All_dm6_minus_tracheal	45617
All_dm6_minus_tracheal	45618
All_dm6_minus_tracheal	45619
All_dm6_minus_tracheal	45620
All_dm6_minus_tracheal	45621
All_dm6_minus_tracheal	45622
All_dm6_minus_tracheal	45623
All_dm6_minus_tracheal	45624
All_dm6_minus_tracheal	45655
All_dm6_minus_tracheal	45668
All_dm6_minus_tracheal	45670
All_dm6_minus_tracheal	45673
All_dm6_minus_tracheal	45674
All_dm6_minus_tracheal	45683
All_dm6_minus_tracheal	45684
All_dm6_minus_tracheal	45686
All_dm6_minus_tracheal	45687
All_dm6_minus_tracheal	45688
All_dm6_minus_tracheal	45695
All_dm6_minus_tracheal	45698
All_dm6_minus_tracheal	45699
All_dm6_minus_tracheal	45700
All_dm6_minus_tracheal	45701
All_dm6_minus_tracheal	45702
All_dm6_minus_tracheal	45706
All_dm6_minus_tracheal	45707
All_dm6_minus_tracheal	45708
All_dm6_minus_tracheal	45715
All_dm6_minus_tracheal	45717
All_dm6_minus_tracheal	45718
All_dm6_minus_tracheal	45719
All_dm6_minus_tracheal	45720
All_dm6_minus_tracheal	45721
All_dm6_minus_tracheal	45722
All_dm6_minus_tracheal	45723
All_dm6_minus_tracheal	45724
All_dm6_minus_tracheal	45725
All_dm6_minus_tracheal	45726
All_dm6_minus_tracheal	45727
All_dm6_minus_tracheal	45728
All_dm6_minus_tracheal	45731
All_dm6_minus_tracheal	45732
All_dm6_minus_tracheal	45733
All_dm6_minus_tracheal	45734
All_dm6_minus_tracheal	45739
All_dm6_minus_tracheal	45740
All_dm6_minus_tracheal	45741
All_dm6_minus_tracheal	45742
All_dm6_minus_tracheal	45743
All_dm6_minus_tracheal	45744
All_dm6_minus_tracheal	45745
All_dm6_minus_tracheal	45746
All_dm6_minus_tracheal	45747
All_dm6_minus_tracheal	45749
All_dm6_minus_tracheal	45750
All_dm6_minus_tracheal	45751
All_dm6_minus_tracheal	45752
All_dm6_minus_tracheal	45753
All_dm6_minus_tracheal	45755
All_dm6_minus_tracheal	45758
All_dm6_minus_tracheal	45759
All_dm6_minus_tracheal	45760
All_dm6_minus_tracheal	45761
All_dm6_minus_tracheal	45762
All_dm6_minus_tracheal	45763
All_dm6_minus_tracheal	45764
All_dm6_minus_tracheal	45765
All_dm6_minus_tracheal	45766
All_dm6_minus_tracheal	45767
All_dm6_minus_tracheal	45768
All_dm6_minus_tracheal	45769
All_dm6_minus_tracheal	45770
All_dm6_minus_tracheal	45771
All_dm6_minus_tracheal	45772
All_dm6_minus_tracheal	45775
All_dm6_minus_tracheal	45779
All_dm6_minus_tracheal	45780
All_dm6_minus_tracheal	45783
All_dm6_minus_tracheal	45786
All_dm6_minus_tracheal	45787
All_dm6_minus_tracheal	45789
All_dm6_minus_tracheal	45790
All_dm6_minus_tracheal	45791
All_dm6_minus_tracheal	45792
All_dm6_minus_tracheal	45793
All_dm6_minus_tracheal	45794
All_dm6_minus_tracheal	45795
All_dm6_minus_tracheal	45796
All_dm6_minus_tracheal	45797
All_dm6_minus_tracheal	45798
All_dm6_minus_tracheal	45802
All_dm6_minus_tracheal	45803
All_dm6_minus_tracheal	45810
All_dm6_minus_tracheal	45815
All_dm6_minus_tracheal	45816
All_dm6_minus_tracheal	45821
All_dm6_minus_tracheal	45823
All_dm6_minus_tracheal	45825
All_dm6_minus_tracheal	45826
All_dm6_minus_tracheal	45829
All_dm6_minus_tracheal	45830
All_dm6_minus_tracheal	45831
All_dm6_minus_tracheal	45832
All_dm6_minus_tracheal	45833
All_dm6_minus_tracheal	45836
All_dm6_minus_tracheal	45837
All_dm6_minus_tracheal	45841
All_dm6_minus_tracheal	45845
All_dm6_minus_tracheal	45846
All_dm6_minus_tracheal	45848
All_dm6_minus_tracheal	45850
All_dm6_minus_tracheal	45851
All_dm6_minus_tracheal	45852
All_dm6_minus_tracheal	45853
All_dm6_minus_tracheal	45854
All_dm6_minus_tracheal	45855
All_dm6_minus_tracheal	45856
All_dm6_minus_tracheal	45857
All_dm6_minus_tracheal	45858
All_dm6_minus_tracheal	45859
All_dm6_minus_tracheal	45860
All_dm6_minus_tracheal	45861
All_dm6_minus_tracheal	45862
All_dm6_minus_tracheal	45863
All_dm6_minus_tracheal	45864
All_dm6_minus_tracheal	45865
All_dm6_minus_tracheal	45871
All_dm6_minus_tracheal	45872
All_dm6_minus_tracheal	45874
All_dm6_minus_tracheal	45881
All_dm6_minus_tracheal	45883
All_dm6_minus_tracheal	45885
All_dm6_minus_tracheal	45886
All_dm6_minus_tracheal	45887
All_dm6_minus_tracheal	45888
All_dm6_minus_tracheal	45889
All_dm6_minus_tracheal	45890
All_dm6_minus_tracheal	45891
All_dm6_minus_tracheal	45893
All_dm6_minus_tracheal	45894
All_dm6_minus_tracheal	45895
All_dm6_minus_tracheal	45896
All_dm6_minus_tracheal	45899
All_dm6_minus_tracheal	45901
All_dm6_minus_tracheal	45902
All_dm6_minus_tracheal	45905
All_dm6_minus_tracheal	45906
All_dm6_minus_tracheal	45908
All_dm6_minus_tracheal	45909
All_dm6_minus_tracheal	45910
All_dm6_minus_tracheal	45911
All_dm6_minus_tracheal	45912
All_dm6_minus_tracheal	45913
All_dm6_minus_tracheal	45914
All_dm6_minus_tracheal	45915
All_dm6_minus_tracheal	45916
All_dm6_minus_tracheal	45917
All_dm6_minus_tracheal	45918
All_dm6_minus_tracheal	45919
All_dm6_minus_tracheal	45921
All_dm6_minus_tracheal	45924
All_dm6_minus_tracheal	45927
All_dm6_minus_tracheal	45929
All_dm6_minus_tracheal	45931
All_dm6_minus_tracheal	45932
All_dm6_minus_tracheal	45936
All_dm6_minus_tracheal	45937
All_dm6_minus_tracheal	45940
All_dm6_minus_tracheal	45942
All_dm6_minus_tracheal	45943
All_dm6_minus_tracheal	45944
All_dm6_minus_tracheal	45945
All_dm6_minus_tracheal	45946
All_dm6_minus_tracheal	45947
All_dm6_minus_tracheal	45948
All_dm6_minus_tracheal	45950
All_dm6_minus_tracheal	45952
All_dm6_minus_tracheal	45953
All_dm6_minus_tracheal	45956
All_dm6_minus_tracheal	45957
All_dm6_minus_tracheal	45958
All_dm6_minus_tracheal	45960
All_dm6_minus_tracheal	45962
All_dm6_minus_tracheal	45963
All_dm6_minus_tracheal	45966
All_dm6_minus_tracheal	45969
All_dm6_minus_tracheal	45970
All_dm6_minus_tracheal	45973
All_dm6_minus_tracheal	45974
All_dm6_minus_tracheal	45975
All_dm6_minus_tracheal	45976
All_dm6_minus_tracheal	45977
All_dm6_minus_tracheal	45980
All_dm6_minus_tracheal	45983
All_dm6_minus_tracheal	45984
All_dm6_minus_tracheal	45985
All_dm6_minus_tracheal	45986
All_dm6_minus_tracheal	45987
All_dm6_minus_tracheal	45988
All_dm6_minus_tracheal	45989
All_dm6_minus_tracheal	45990
All_dm6_minus_tracheal	45991
All_dm6_minus_tracheal	45992
All_dm6_minus_tracheal	45994
All_dm6_minus_tracheal	45995
All_dm6_minus_tracheal	45996
All_dm6_minus_tracheal	45997
All_dm6_minus_tracheal	45998
All_dm6_minus_tracheal	45999
All_dm6_minus_tracheal	46000
All_dm6_minus_tracheal	46001
All_dm6_minus_tracheal	46002
All_dm6_minus_tracheal	46003
All_dm6_minus_tracheal	46004
All_dm6_minus_tracheal	46005
All_dm6_minus_tracheal	46006
All_dm6_minus_tracheal	46007
All_dm6_minus_tracheal	46008
All_dm6_minus_tracheal	46010
All_dm6_minus_tracheal	46012
All_dm6_minus_tracheal	46015
All_dm6_minus_tracheal	46017
All_dm6_minus_tracheal	46023
All_dm6_minus_tracheal	46027
All_dm6_minus_tracheal	46029
All_dm6_minus_tracheal	46032
All_dm6_minus_tracheal	46035
All_dm6_minus_tracheal	46039
All_dm6_minus_tracheal	46040
All_dm6_minus_tracheal	46041
All_dm6_minus_tracheal	46043
All_dm6_minus_tracheal	46055
All_dm6_minus_tracheal	46056
All_dm6_minus_tracheal	46058
All_dm6_minus_tracheal	46059
All_dm6_minus_tracheal	46061
All_dm6_minus_tracheal	46063
All_dm6_minus_tracheal	46066
All_dm6_minus_tracheal	46068
All_dm6_minus_tracheal	46069
All_dm6_minus_tracheal	46070
All_dm6_minus_tracheal	46071
All_dm6_minus_tracheal	46077
All_dm6_minus_tracheal	46078
All_dm6_minus_tracheal	46087
All_dm6_minus_tracheal	46090
All_dm6_minus_tracheal	46091
All_dm6_minus_tracheal	46094
All_dm6_minus_tracheal	46099
All_dm6_minus_tracheal	46102
All_dm6_minus_tracheal	46105
All_dm6_minus_tracheal	46115
All_dm6_minus_tracheal	46116
All_dm6_minus_tracheal	46120
All_dm6_minus_tracheal	46121
All_dm6_minus_tracheal	46123
All_dm6_minus_tracheal	46129
All_dm6_minus_tracheal	46134
All_dm6_minus_tracheal	46139
All_dm6_minus_tracheal	46140
All_dm6_minus_tracheal	46144
All_dm6_minus_tracheal	46145
All_dm6_minus_tracheal	46148
All_dm6_minus_tracheal	46151
All_dm6_minus_tracheal	46156
All_dm6_minus_tracheal	46158
All_dm6_minus_tracheal	46167
All_dm6_minus_tracheal	46168
All_dm6_minus_tracheal	46173
All_dm6_minus_tracheal	46174
All_dm6_minus_tracheal	46184
All_dm6_minus_tracheal	46189
All_dm6_minus_tracheal	46201
All_dm6_minus_tracheal	46204
All_dm6_minus_tracheal	46208
All_dm6_minus_tracheal	46215
All_dm6_minus_tracheal	46218
All_dm6_minus_tracheal	46221
All_dm6_minus_tracheal	46224
All_dm6_minus_tracheal	46225
All_dm6_minus_tracheal	46228
All_dm6_minus_tracheal	46229
All_dm6_minus_tracheal	46230
All_dm6_minus_tracheal	46231
All_dm6_minus_tracheal	46232
All_dm6_minus_tracheal	46234
All_dm6_minus_tracheal	46236
All_dm6_minus_tracheal	46240
All_dm6_minus_tracheal	46242
All_dm6_minus_tracheal	46243
All_dm6_minus_tracheal	46245
All_dm6_minus_tracheal	46246
All_dm6_minus_tracheal	46248
All_dm6_minus_tracheal	46256
All_dm6_minus_tracheal	46258
All_dm6_minus_tracheal	46259
All_dm6_minus_tracheal	46268
All_dm6_minus_tracheal	46269
All_dm6_minus_tracheal	46271
All_dm6_minus_tracheal	46273
All_dm6_minus_tracheal	46274
All_dm6_minus_tracheal	46277
All_dm6_minus_tracheal	46279
All_dm6_minus_tracheal	46280
All_dm6_minus_tracheal	46281
All_dm6_minus_tracheal	46285
All_dm6_minus_tracheal	46290
All_dm6_minus_tracheal	46293
All_dm6_minus_tracheal	46297
All_dm6_minus_tracheal	46299
All_dm6_minus_tracheal	46301
All_dm6_minus_tracheal	46318
All_dm6_minus_tracheal	46319
All_dm6_minus_tracheal	46320
All_dm6_minus_tracheal	46322
All_dm6_minus_tracheal	46325
All_dm6_minus_tracheal	46326
All_dm6_minus_tracheal	46327
All_dm6_minus_tracheal	46329
All_dm6_minus_tracheal	46330
All_dm6_minus_tracheal	46331
All_dm6_minus_tracheal	46333
All_dm6_minus_tracheal	46335
All_dm6_minus_tracheal	46337
All_dm6_minus_tracheal	46339
All_dm6_minus_tracheal	46341
All_dm6_minus_tracheal	46342
All_dm6_minus_tracheal	46343
All_dm6_minus_tracheal	46345
All_dm6_minus_tracheal	46346
All_dm6_minus_tracheal	46347
All_dm6_minus_tracheal	46348
All_dm6_minus_tracheal	46349
All_dm6_minus_tracheal	46353
All_dm6_minus_tracheal	46362
All_dm6_minus_tracheal	46363
All_dm6_minus_tracheal	46364
All_dm6_minus_tracheal	46365
All_dm6_minus_tracheal	46366
All_dm6_minus_tracheal	46368
All_dm6_minus_tracheal	46369
All_dm6_minus_tracheal	46370
All_dm6_minus_tracheal	46371
All_dm6_minus_tracheal	46372
All_dm6_minus_tracheal	46373
All_dm6_minus_tracheal	46374
All_dm6_minus_tracheal	46375
All_dm6_minus_tracheal	46376
All_dm6_minus_tracheal	46377
All_dm6_minus_tracheal	46378
All_dm6_minus_tracheal	46379
All_dm6_minus_tracheal	46386
All_dm6_minus_tracheal	46391
All_dm6_minus_tracheal	46411
All_dm6_minus_tracheal	46412
All_dm6_minus_tracheal	46413
All_dm6_minus_tracheal	46414
All_dm6_minus_tracheal	46416
All_dm6_minus_tracheal	46426
All_dm6_minus_tracheal	46427
All_dm6_minus_tracheal	46428
All_dm6_minus_tracheal	46429
All_dm6_minus_tracheal	46430
All_dm6_minus_tracheal	46431
All_dm6_minus_tracheal	46432
All_dm6_minus_tracheal	46433
All_dm6_minus_tracheal	46434
All_dm6_minus_tracheal	46435
All_dm6_minus_tracheal	46436
All_dm6_minus_tracheal	46437
All_dm6_minus_tracheal	46438
All_dm6_minus_tracheal	46439
All_dm6_minus_tracheal	46440
All_dm6_minus_tracheal	46441
All_dm6_minus_tracheal	46442
All_dm6_minus_tracheal	46443
All_dm6_minus_tracheal	46444
All_dm6_minus_tracheal	46445
All_dm6_minus_tracheal	46446
All_dm6_minus_tracheal	46447
All_dm6_minus_tracheal	46448
All_dm6_minus_tracheal	46449
All_dm6_minus_tracheal	46450
All_dm6_minus_tracheal	46452
All_dm6_minus_tracheal	46453
All_dm6_minus_tracheal	46455
All_dm6_minus_tracheal	46456
All_dm6_minus_tracheal	46472
All_dm6_minus_tracheal	46473
All_dm6_minus_tracheal	46474
All_dm6_minus_tracheal	46475
All_dm6_minus_tracheal	46476
All_dm6_minus_tracheal	46477
All_dm6_minus_tracheal	46478
All_dm6_minus_tracheal	46479
All_dm6_minus_tracheal	46480
All_dm6_minus_tracheal	46481
All_dm6_minus_tracheal	46482
All_dm6_minus_tracheal	46484
All_dm6_minus_tracheal	46498
All_dm6_minus_tracheal	46499
All_dm6_minus_tracheal	46500
All_dm6_minus_tracheal	46501
All_dm6_minus_tracheal	46502
All_dm6_minus_tracheal	46503
All_dm6_minus_tracheal	46504
All_dm6_minus_tracheal	46505
All_dm6_minus_tracheal	46506
All_dm6_minus_tracheal	46507
All_dm6_minus_tracheal	46508
All_dm6_minus_tracheal	46509
All_dm6_minus_tracheal	46510
All_dm6_minus_tracheal	46511
All_dm6_minus_tracheal	46512
All_dm6_minus_tracheal	46513
All_dm6_minus_tracheal	46514
All_dm6_minus_tracheal	46515
All_dm6_minus_tracheal	46516
All_dm6_minus_tracheal	46517
All_dm6_minus_tracheal	46519
All_dm6_minus_tracheal	46520
All_dm6_minus_tracheal	46524
All_dm6_minus_tracheal	46525
All_dm6_minus_tracheal	46526
All_dm6_minus_tracheal	46527
All_dm6_minus_tracheal	46546
All_dm6_minus_tracheal	46547
All_dm6_minus_tracheal	46548
All_dm6_minus_tracheal	46558
All_dm6_minus_tracheal	46570
All_dm6_minus_tracheal	46572
All_dm6_minus_tracheal	46573
All_dm6_minus_tracheal	46574
All_dm6_minus_tracheal	46575
All_dm6_minus_tracheal	46576
All_dm6_minus_tracheal	46577
All_dm6_minus_tracheal	46578
All_dm6_minus_tracheal	46579
All_dm6_minus_tracheal	46580
All_dm6_minus_tracheal	46581
All_dm6_minus_tracheal	46582
All_dm6_minus_tracheal	46583
All_dm6_minus_tracheal	46584
All_dm6_minus_tracheal	46585
All_dm6_minus_tracheal	46586
All_dm6_minus_tracheal	46609
All_dm6_minus_tracheal	46610
All_dm6_minus_tracheal	46614
All_dm6_minus_tracheal	46651
All_dm6_minus_tracheal	46652
All_dm6_minus_tracheal	46656
All_dm6_minus_tracheal	46657
All_dm6_minus_tracheal	46660
All_dm6_minus_tracheal	46664
All_dm6_minus_tracheal	46665
All_dm6_minus_tracheal	46666
All_dm6_minus_tracheal	46667
All_dm6_minus_tracheal	46668
All_dm6_minus_tracheal	46669
All_dm6_minus_tracheal	46670
All_dm6_minus_tracheal	46677
All_dm6_minus_tracheal	46678
All_dm6_minus_tracheal	46679
All_dm6_minus_tracheal	46680
All_dm6_minus_tracheal	46683
All_dm6_minus_tracheal	46684
All_dm6_minus_tracheal	46685
All_dm6_minus_tracheal	46686
All_dm6_minus_tracheal	46687
All_dm6_minus_tracheal	46717
All_dm6_minus_tracheal	46724
All_dm6_minus_tracheal	46734
All_dm6_minus_tracheal	46737
All_dm6_minus_tracheal	46738
All_dm6_minus_tracheal	46747
All_dm6_minus_tracheal	46761
All_dm6_minus_tracheal	46762
All_dm6_minus_tracheal	46763
All_dm6_minus_tracheal	46764
All_dm6_minus_tracheal	46775
All_dm6_minus_tracheal	46776
All_dm6_minus_tracheal	46777
All_dm6_minus_tracheal	46778
All_dm6_minus_tracheal	46779
All_dm6_minus_tracheal	46780
All_dm6_minus_tracheal	46781
All_dm6_minus_tracheal	46782
All_dm6_minus_tracheal	46789
All_dm6_minus_tracheal	46790
All_dm6_minus_tracheal	46791
All_dm6_minus_tracheal	46793
All_dm6_minus_tracheal	46795
All_dm6_minus_tracheal	46796
All_dm6_minus_tracheal	46805
All_dm6_minus_tracheal	46806
All_dm6_minus_tracheal	46807
All_dm6_minus_tracheal	46808
All_dm6_minus_tracheal	46809
All_dm6_minus_tracheal	46813
All_dm6_minus_tracheal	46827
All_dm6_minus_tracheal	46828
All_dm6_minus_tracheal	46829
All_dm6_minus_tracheal	46830
All_dm6_minus_tracheal	46831
All_dm6_minus_tracheal	46832
All_dm6_minus_tracheal	46833
All_dm6_minus_tracheal	46834
All_dm6_minus_tracheal	46835
All_dm6_minus_tracheal	46836
All_dm6_minus_tracheal	46837
All_dm6_minus_tracheal	46838
All_dm6_minus_tracheal	46840
All_dm6_minus_tracheal	46841
All_dm6_minus_tracheal	46876
All_dm6_minus_tracheal	46883
All_dm6_minus_tracheal	46884
All_dm6_minus_tracheal	46885
All_dm6_minus_tracheal	46886
All_dm6_minus_tracheal	46887
All_dm6_minus_tracheal	46888
All_dm6_minus_tracheal	46889
All_dm6_minus_tracheal	46891
All_dm6_minus_tracheal	46892
All_dm6_minus_tracheal	46894
All_dm6_minus_tracheal	46895
All_dm6_minus_tracheal	46896
All_dm6_minus_tracheal	46897
All_dm6_minus_tracheal	46898
All_dm6_minus_tracheal	46899
All_dm6_minus_tracheal	46900
All_dm6_minus_tracheal	46901
All_dm6_minus_tracheal	46902
All_dm6_minus_tracheal	46903
All_dm6_minus_tracheal	46904
All_dm6_minus_tracheal	46905
All_dm6_minus_tracheal	46906
All_dm6_minus_tracheal	46907
All_dm6_minus_tracheal	46909
All_dm6_minus_tracheal	46911
All_dm6_minus_tracheal	46912
All_dm6_minus_tracheal	46914
All_dm6_minus_tracheal	46915
All_dm6_minus_tracheal	46916
All_dm6_minus_tracheal	46917
All_dm6_minus_tracheal	46918
All_dm6_minus_tracheal	46919
All_dm6_minus_tracheal	46922
All_dm6_minus_tracheal	46923
All_dm6_minus_tracheal	46924
All_dm6_minus_tracheal	46925
All_dm6_minus_tracheal	46926
All_dm6_minus_tracheal	46927
All_dm6_minus_tracheal	46928
All_dm6_minus_tracheal	46929
All_dm6_minus_tracheal	46931
All_dm6_minus_tracheal	46933
All_dm6_minus_tracheal	46934
All_dm6_minus_tracheal	46935
All_dm6_minus_tracheal	46936
All_dm6_minus_tracheal	46937
All_dm6_minus_tracheal	46938
All_dm6_minus_tracheal	46939
All_dm6_minus_tracheal	46940
All_dm6_minus_tracheal	46941
All_dm6_minus_tracheal	46943
All_dm6_minus_tracheal	46944
All_dm6_minus_tracheal	46945
All_dm6_minus_tracheal	46947
All_dm6_minus_tracheal	46948
All_dm6_minus_tracheal	46949
All_dm6_minus_tracheal	46950
All_dm6_minus_tracheal	46951
All_dm6_minus_tracheal	46952
All_dm6_minus_tracheal	46953
All_dm6_minus_tracheal	46954
All_dm6_minus_tracheal	46956
All_dm6_minus_tracheal	46957
All_dm6_minus_tracheal	46960
All_dm6_minus_tracheal	46961
All_dm6_minus_tracheal	46962
All_dm6_minus_tracheal	46963
All_dm6_minus_tracheal	46964
All_dm6_minus_tracheal	46966
All_dm6_minus_tracheal	46967
All_dm6_minus_tracheal	46970
All_dm6_minus_tracheal	46972
All_dm6_minus_tracheal	46973
All_dm6_minus_tracheal	46974
All_dm6_minus_tracheal	46975
All_dm6_minus_tracheal	46977
All_dm6_minus_tracheal	46978
All_dm6_minus_tracheal	46979
All_dm6_minus_tracheal	46981
All_dm6_minus_tracheal	46982
All_dm6_minus_tracheal	46984
All_dm6_minus_tracheal	46985
All_dm6_minus_tracheal	46986
All_dm6_minus_tracheal	46988
All_dm6_minus_tracheal	46989
All_dm6_minus_tracheal	46990
All_dm6_minus_tracheal	46992
All_dm6_minus_tracheal	46993
All_dm6_minus_tracheal	46994
All_dm6_minus_tracheal	46998
All_dm6_minus_tracheal	46999
All_dm6_minus_tracheal	47000
All_dm6_minus_tracheal	47001
All_dm6_minus_tracheal	47002
All_dm6_minus_tracheal	47003
All_dm6_minus_tracheal	47004
All_dm6_minus_tracheal	47005
All_dm6_minus_tracheal	47006
All_dm6_minus_tracheal	47007
All_dm6_minus_tracheal	47009
All_dm6_minus_tracheal	47010
All_dm6_minus_tracheal	47011
All_dm6_minus_tracheal	47012
All_dm6_minus_tracheal	47013
All_dm6_minus_tracheal	47014
All_dm6_minus_tracheal	47015
All_dm6_minus_tracheal	47016
All_dm6_minus_tracheal	47017
All_dm6_minus_tracheal	47020
All_dm6_minus_tracheal	47023
All_dm6_minus_tracheal	47025
All_dm6_minus_tracheal	47026
All_dm6_minus_tracheal	47027
All_dm6_minus_tracheal	47028
All_dm6_minus_tracheal	47030
All_dm6_minus_tracheal	47033
All_dm6_minus_tracheal	47034
All_dm6_minus_tracheal	47035
All_dm6_minus_tracheal	47036
All_dm6_minus_tracheal	47038
All_dm6_minus_tracheal	47039
All_dm6_minus_tracheal	47040
All_dm6_minus_tracheal	47041
All_dm6_minus_tracheal	47043
All_dm6_minus_tracheal	47044
All_dm6_minus_tracheal	47063
All_dm6_minus_tracheal	47066
All_dm6_minus_tracheal	47068
All_dm6_minus_tracheal	47069
All_dm6_minus_tracheal	47070
All_dm6_minus_tracheal	47071
All_dm6_minus_tracheal	47079
All_dm6_minus_tracheal	47080
All_dm6_minus_tracheal	47084
All_dm6_minus_tracheal	47085
All_dm6_minus_tracheal	47091
All_dm6_minus_tracheal	47093
All_dm6_minus_tracheal	47094
All_dm6_minus_tracheal	47096
All_dm6_minus_tracheal	47097
All_dm6_minus_tracheal	47100
All_dm6_minus_tracheal	47101
All_dm6_minus_tracheal	47102
All_dm6_minus_tracheal	47103
All_dm6_minus_tracheal	47104
All_dm6_minus_tracheal	47105
All_dm6_minus_tracheal	47106
All_dm6_minus_tracheal	47107
All_dm6_minus_tracheal	47108
All_dm6_minus_tracheal	47109
All_dm6_minus_tracheal	47110
All_dm6_minus_tracheal	47111
All_dm6_minus_tracheal	47112
All_dm6_minus_tracheal	47113
All_dm6_minus_tracheal	47114
All_dm6_minus_tracheal	47115
All_dm6_minus_tracheal	47116
All_dm6_minus_tracheal	47117
All_dm6_minus_tracheal	47118
All_dm6_minus_tracheal	47119
All_dm6_minus_tracheal	47120
All_dm6_minus_tracheal	47121
All_dm6_minus_tracheal	47122
All_dm6_minus_tracheal	47123
All_dm6_minus_tracheal	47124
All_dm6_minus_tracheal	47125
All_dm6_minus_tracheal	47126
All_dm6_minus_tracheal	47127
All_dm6_minus_tracheal	47129
All_dm6_minus_tracheal	47130
All_dm6_minus_tracheal	47132
All_dm6_minus_tracheal	47133
All_dm6_minus_tracheal	47138
All_dm6_minus_tracheal	47139
All_dm6_minus_tracheal	47140
All_dm6_minus_tracheal	47141
All_dm6_minus_tracheal	47142
All_dm6_minus_tracheal	47143
All_dm6_minus_tracheal	47144
All_dm6_minus_tracheal	47145
All_dm6_minus_tracheal	47146
All_dm6_minus_tracheal	47147
All_dm6_minus_tracheal	47148
All_dm6_minus_tracheal	47149
All_dm6_minus_tracheal	47151
All_dm6_minus_tracheal	47153
All_dm6_minus_tracheal	47154
All_dm6_minus_tracheal	47155
All_dm6_minus_tracheal	47156
All_dm6_minus_tracheal	47157
All_dm6_minus_tracheal	47158
All_dm6_minus_tracheal	47159
All_dm6_minus_tracheal	47160
All_dm6_minus_tracheal	47161
All_dm6_minus_tracheal	47162
All_dm6_minus_tracheal	47163
All_dm6_minus_tracheal	47164
All_dm6_minus_tracheal	47166
All_dm6_minus_tracheal	47167
All_dm6_minus_tracheal	47168
All_dm6_minus_tracheal	47169
All_dm6_minus_tracheal	47172
All_dm6_minus_tracheal	47173
All_dm6_minus_tracheal	47174
All_dm6_minus_tracheal	47176
All_dm6_minus_tracheal	47177
All_dm6_minus_tracheal	47178
All_dm6_minus_tracheal	47179
All_dm6_minus_tracheal	47180
All_dm6_minus_tracheal	47181
All_dm6_minus_tracheal	47182
All_dm6_minus_tracheal	47183
All_dm6_minus_tracheal	47185
All_dm6_minus_tracheal	47186
All_dm6_minus_tracheal	47187
All_dm6_minus_tracheal	47188
All_dm6_minus_tracheal	47191
All_dm6_minus_tracheal	47192
All_dm6_minus_tracheal	47193
All_dm6_minus_tracheal	47194
All_dm6_minus_tracheal	47195
All_dm6_minus_tracheal	47196
All_dm6_minus_tracheal	47198
All_dm6_minus_tracheal	47199
All_dm6_minus_tracheal	47202
All_dm6_minus_tracheal	47203
All_dm6_minus_tracheal	47204
All_dm6_minus_tracheal	47205
All_dm6_minus_tracheal	47206
All_dm6_minus_tracheal	47207
All_dm6_minus_tracheal	47208
All_dm6_minus_tracheal	47209
All_dm6_minus_tracheal	47210
All_dm6_minus_tracheal	47211
All_dm6_minus_tracheal	47212
All_dm6_minus_tracheal	47213
All_dm6_minus_tracheal	47214
All_dm6_minus_tracheal	47216
All_dm6_minus_tracheal	47218
All_dm6_minus_tracheal	47219
All_dm6_minus_tracheal	47223
All_dm6_minus_tracheal	47228
All_dm6_minus_tracheal	47229
All_dm6_minus_tracheal	47230
All_dm6_minus_tracheal	47231
All_dm6_minus_tracheal	47232
All_dm6_minus_tracheal	47233
All_dm6_minus_tracheal	47234
All_dm6_minus_tracheal	47235
All_dm6_minus_tracheal	47236
All_dm6_minus_tracheal	47237
All_dm6_minus_tracheal	47238
All_dm6_minus_tracheal	47239
All_dm6_minus_tracheal	47240
All_dm6_minus_tracheal	47241
All_dm6_minus_tracheal	47242
All_dm6_minus_tracheal	47243
All_dm6_minus_tracheal	47244
All_dm6_minus_tracheal	47245
All_dm6_minus_tracheal	47246
All_dm6_minus_tracheal	47247
All_dm6_minus_tracheal	47248
All_dm6_minus_tracheal	47249
All_dm6_minus_tracheal	47250
All_dm6_minus_tracheal	47253
All_dm6_minus_tracheal	47260
All_dm6_minus_tracheal	47263
All_dm6_minus_tracheal	47266
All_dm6_minus_tracheal	47267
All_dm6_minus_tracheal	47268
All_dm6_minus_tracheal	47272
All_dm6_minus_tracheal	47273
All_dm6_minus_tracheal	47278
All_dm6_minus_tracheal	47280
All_dm6_minus_tracheal	47284
All_dm6_minus_tracheal	47285
All_dm6_minus_tracheal	47297
All_dm6_minus_tracheal	47299
All_dm6_minus_tracheal	47300
All_dm6_minus_tracheal	47301
All_dm6_minus_tracheal	47302
All_dm6_minus_tracheal	47303
All_dm6_minus_tracheal	47304
All_dm6_minus_tracheal	47305
All_dm6_minus_tracheal	47306
All_dm6_minus_tracheal	47308
All_dm6_minus_tracheal	47309
All_dm6_minus_tracheal	47310
All_dm6_minus_tracheal	47314
All_dm6_minus_tracheal	47320
All_dm6_minus_tracheal	47334
All_dm6_minus_tracheal	47336
All_dm6_minus_tracheal	47338
All_dm6_minus_tracheal	47340
All_dm6_minus_tracheal	47341
All_dm6_minus_tracheal	47342
All_dm6_minus_tracheal	47343
All_dm6_minus_tracheal	47344
All_dm6_minus_tracheal	47345
All_dm6_minus_tracheal	47346
All_dm6_minus_tracheal	47347
All_dm6_minus_tracheal	47352
All_dm6_minus_tracheal	47356
All_dm6_minus_tracheal	47359
All_dm6_minus_tracheal	47360
All_dm6_minus_tracheal	47361
All_dm6_minus_tracheal	47362
All_dm6_minus_tracheal	47363
All_dm6_minus_tracheal	47364
All_dm6_minus_tracheal	47365
All_dm6_minus_tracheal	47366
All_dm6_minus_tracheal	47367
All_dm6_minus_tracheal	47368
All_dm6_minus_tracheal	47370
All_dm6_minus_tracheal	47375
All_dm6_minus_tracheal	47376
All_dm6_minus_tracheal	47377
All_dm6_minus_tracheal	47378
All_dm6_minus_tracheal	47384
All_dm6_minus_tracheal	47385
All_dm6_minus_tracheal	47390
All_dm6_minus_tracheal	47391
All_dm6_minus_tracheal	47392
All_dm6_minus_tracheal	47394
All_dm6_minus_tracheal	47396
All_dm6_minus_tracheal	47399
All_dm6_minus_tracheal	47401
All_dm6_minus_tracheal	47406
All_dm6_minus_tracheal	47408
All_dm6_minus_tracheal	47412
All_dm6_minus_tracheal	47413
All_dm6_minus_tracheal	47415
All_dm6_minus_tracheal	47417
All_dm6_minus_tracheal	47423
All_dm6_minus_tracheal	47425
All_dm6_minus_tracheal	47426
All_dm6_minus_tracheal	47430
All_dm6_minus_tracheal	47431
All_dm6_minus_tracheal	47432
All_dm6_minus_tracheal	47433
All_dm6_minus_tracheal	47442
All_dm6_minus_tracheal	47456
All_dm6_minus_tracheal	47459
All_dm6_minus_tracheal	47461
All_dm6_minus_tracheal	47462
All_dm6_minus_tracheal	47463
All_dm6_minus_tracheal	47466
All_dm6_minus_tracheal	47469
All_dm6_minus_tracheal	47472
All_dm6_minus_tracheal	47479
All_dm6_minus_tracheal	47480
All_dm6_minus_tracheal	47481
All_dm6_minus_tracheal	47482
All_dm6_minus_tracheal	47487
All_dm6_minus_tracheal	47491
All_dm6_minus_tracheal	47495
All_dm6_minus_tracheal	47501
All_dm6_minus_tracheal	47510
All_dm6_minus_tracheal	47514
All_dm6_minus_tracheal	47517
All_dm6_minus_tracheal	47521
All_dm6_minus_tracheal	47522
All_dm6_minus_tracheal	47523
All_dm6_minus_tracheal	47527
All_dm6_minus_tracheal	47531
All_dm6_minus_tracheal	47533
All_dm6_minus_tracheal	47535
All_dm6_minus_tracheal	47544
All_dm6_minus_tracheal	47545
All_dm6_minus_tracheal	47547
All_dm6_minus_tracheal	47548
All_dm6_minus_tracheal	47552
All_dm6_minus_tracheal	47560
All_dm6_minus_tracheal	47562
All_dm6_minus_tracheal	47563
All_dm6_minus_tracheal	47568
All_dm6_minus_tracheal	47571
All_dm6_minus_tracheal	47573
All_dm6_minus_tracheal	47575
All_dm6_minus_tracheal	47581
All_dm6_minus_tracheal	47585
All_dm6_minus_tracheal	47586
All_dm6_minus_tracheal	47593
All_dm6_minus_tracheal	47594
All_dm6_minus_tracheal	47601
All_dm6_minus_tracheal	47603
All_dm6_minus_tracheal	47604
All_dm6_minus_tracheal	47607
All_dm6_minus_tracheal	47611
All_dm6_minus_tracheal	47613
All_dm6_minus_tracheal	47617
All_dm6_minus_tracheal	47618
All_dm6_minus_tracheal	47623
All_dm6_minus_tracheal	47624
All_dm6_minus_tracheal	47626
All_dm6_minus_tracheal	47627
All_dm6_minus_tracheal	47636
All_dm6_minus_tracheal	47643
All_dm6_minus_tracheal	47647
All_dm6_minus_tracheal	47648
All_dm6_minus_tracheal	47666
All_dm6_minus_tracheal	47667
All_dm6_minus_tracheal	47671
All_dm6_minus_tracheal	47672
All_dm6_minus_tracheal	47673
All_dm6_minus_tracheal	47674
All_dm6_minus_tracheal	47676
All_dm6_minus_tracheal	47677
All_dm6_minus_tracheal	47678
All_dm6_minus_tracheal	47687
All_dm6_minus_tracheal	47698
All_dm6_minus_tracheal	47699
All_dm6_minus_tracheal	47703
All_dm6_minus_tracheal	47705
All_dm6_minus_tracheal	47706
All_dm6_minus_tracheal	47707
All_dm6_minus_tracheal	47708
All_dm6_minus_tracheal	47709
All_dm6_minus_tracheal	47710
All_dm6_minus_tracheal	47718
All_dm6_minus_tracheal	47719
All_dm6_minus_tracheal	47720
All_dm6_minus_tracheal	47721
All_dm6_minus_tracheal	47722
All_dm6_minus_tracheal	47723
All_dm6_minus_tracheal	47724
All_dm6_minus_tracheal	47725
All_dm6_minus_tracheal	47726
All_dm6_minus_tracheal	47727
All_dm6_minus_tracheal	47728
All_dm6_minus_tracheal	47729
All_dm6_minus_tracheal	47730
All_dm6_minus_tracheal	47732
All_dm6_minus_tracheal	47733
All_dm6_minus_tracheal	47735
All_dm6_minus_tracheal	47746
All_dm6_minus_tracheal	47748
All_dm6_minus_tracheal	47749
All_dm6_minus_tracheal	47750
All_dm6_minus_tracheal	47752
All_dm6_minus_tracheal	47753
All_dm6_minus_tracheal	47754
All_dm6_minus_tracheal	47755
All_dm6_minus_tracheal	47757
All_dm6_minus_tracheal	47762
All_dm6_minus_tracheal	47765
All_dm6_minus_tracheal	47766
All_dm6_minus_tracheal	47767
All_dm6_minus_tracheal	47768
All_dm6_minus_tracheal	47769
All_dm6_minus_tracheal	47770
All_dm6_minus_tracheal	47771
All_dm6_minus_tracheal	47773
All_dm6_minus_tracheal	47774
All_dm6_minus_tracheal	47775
All_dm6_minus_tracheal	47776
All_dm6_minus_tracheal	47777
All_dm6_minus_tracheal	47778
All_dm6_minus_tracheal	47779
All_dm6_minus_tracheal	47780
All_dm6_minus_tracheal	47781
All_dm6_minus_tracheal	47782
All_dm6_minus_tracheal	47783
All_dm6_minus_tracheal	47784
All_dm6_minus_tracheal	47785
All_dm6_minus_tracheal	47786
All_dm6_minus_tracheal	47787
All_dm6_minus_tracheal	47788
All_dm6_minus_tracheal	47789
All_dm6_minus_tracheal	47790
All_dm6_minus_tracheal	47791
All_dm6_minus_tracheal	47792
All_dm6_minus_tracheal	47794
All_dm6_minus_tracheal	47795
All_dm6_minus_tracheal	47797
All_dm6_minus_tracheal	47798
All_dm6_minus_tracheal	47799
All_dm6_minus_tracheal	47800
All_dm6_minus_tracheal	47801
All_dm6_minus_tracheal	47802
All_dm6_minus_tracheal	47803
All_dm6_minus_tracheal	47804
All_dm6_minus_tracheal	47805
All_dm6_minus_tracheal	47807
All_dm6_minus_tracheal	47808
All_dm6_minus_tracheal	47809
All_dm6_minus_tracheal	47810
All_dm6_minus_tracheal	47812
All_dm6_minus_tracheal	47813
All_dm6_minus_tracheal	47814
All_dm6_minus_tracheal	47815
All_dm6_minus_tracheal	47816
All_dm6_minus_tracheal	47818
All_dm6_minus_tracheal	47819
All_dm6_minus_tracheal	47820
All_dm6_minus_tracheal	47821
All_dm6_minus_tracheal	47822
All_dm6_minus_tracheal	47823
All_dm6_minus_tracheal	47824
All_dm6_minus_tracheal	47825
All_dm6_minus_tracheal	47826
All_dm6_minus_tracheal	47827
All_dm6_minus_tracheal	47828
All_dm6_minus_tracheal	47829
All_dm6_minus_tracheal	47830
All_dm6_minus_tracheal	47831
All_dm6_minus_tracheal	47832
All_dm6_minus_tracheal	47833
All_dm6_minus_tracheal	47834
All_dm6_minus_tracheal	47835
All_dm6_minus_tracheal	47836
All_dm6_minus_tracheal	47837
All_dm6_minus_tracheal	47838
All_dm6_minus_tracheal	47839
All_dm6_minus_tracheal	47840
All_dm6_minus_tracheal	47841
All_dm6_minus_tracheal	47842
All_dm6_minus_tracheal	47843
All_dm6_minus_tracheal	47844
All_dm6_minus_tracheal	47846
All_dm6_minus_tracheal	47847
All_dm6_minus_tracheal	47848
All_dm6_minus_tracheal	47850
All_dm6_minus_tracheal	47851
All_dm6_minus_tracheal	47852
All_dm6_minus_tracheal	47853
All_dm6_minus_tracheal	47854
All_dm6_minus_tracheal	47858
All_dm6_minus_tracheal	47859
All_dm6_minus_tracheal	47862
All_dm6_minus_tracheal	47865
All_dm6_minus_tracheal	47868
All_dm6_minus_tracheal	47869
All_dm6_minus_tracheal	47872
All_dm6_minus_tracheal	47873
All_dm6_minus_tracheal	47875
All_dm6_minus_tracheal	47877
All_dm6_minus_tracheal	47878
All_dm6_minus_tracheal	47880
All_dm6_minus_tracheal	47881
All_dm6_minus_tracheal	47882
All_dm6_minus_tracheal	47883
All_dm6_minus_tracheal	47884
All_dm6_minus_tracheal	47885
All_dm6_minus_tracheal	47886
All_dm6_minus_tracheal	47887
All_dm6_minus_tracheal	47888
All_dm6_minus_tracheal	47889
All_dm6_minus_tracheal	47891
All_dm6_minus_tracheal	47892
All_dm6_minus_tracheal	47893
All_dm6_minus_tracheal	47894
All_dm6_minus_tracheal	47895
All_dm6_minus_tracheal	47898
All_dm6_minus_tracheal	47899
All_dm6_minus_tracheal	47900
All_dm6_minus_tracheal	47901
All_dm6_minus_tracheal	47902
All_dm6_minus_tracheal	47903
All_dm6_minus_tracheal	47905
All_dm6_minus_tracheal	47906
All_dm6_minus_tracheal	47909
All_dm6_minus_tracheal	47914
All_dm6_minus_tracheal	47917
All_dm6_minus_tracheal	47918
All_dm6_minus_tracheal	47920
All_dm6_minus_tracheal	47926
All_dm6_minus_tracheal	47929
All_dm6_minus_tracheal	47934
All_dm6_minus_tracheal	47936
All_dm6_minus_tracheal	47937
All_dm6_minus_tracheal	47938
All_dm6_minus_tracheal	47939
All_dm6_minus_tracheal	47941
All_dm6_minus_tracheal	47944
All_dm6_minus_tracheal	47945
All_dm6_minus_tracheal	47947
All_dm6_minus_tracheal	47948
All_dm6_minus_tracheal	47951
All_dm6_minus_tracheal	47952
All_dm6_minus_tracheal	47954
All_dm6_minus_tracheal	47966
All_dm6_minus_tracheal	47967
All_dm6_minus_tracheal	47968
All_dm6_minus_tracheal	47969
All_dm6_minus_tracheal	47970
All_dm6_minus_tracheal	47975
All_dm6_minus_tracheal	47976
All_dm6_minus_tracheal	47977
All_dm6_minus_tracheal	47978
All_dm6_minus_tracheal	47979
All_dm6_minus_tracheal	47980
All_dm6_minus_tracheal	47981
All_dm6_minus_tracheal	47990
All_dm6_minus_tracheal	47996
All_dm6_minus_tracheal	48025
All_dm6_minus_tracheal	48026
All_dm6_minus_tracheal	48027
All_dm6_minus_tracheal	48028
All_dm6_minus_tracheal	48029
All_dm6_minus_tracheal	48030
All_dm6_minus_tracheal	48031
All_dm6_minus_tracheal	48032
All_dm6_minus_tracheal	48033
All_dm6_minus_tracheal	48034
All_dm6_minus_tracheal	48035
All_dm6_minus_tracheal	48040
All_dm6_minus_tracheal	48042
All_dm6_minus_tracheal	48043
All_dm6_minus_tracheal	48044
All_dm6_minus_tracheal	48045
All_dm6_minus_tracheal	48046
All_dm6_minus_tracheal	48047
All_dm6_minus_tracheal	48048
All_dm6_minus_tracheal	48049
All_dm6_minus_tracheal	48050
All_dm6_minus_tracheal	48051
All_dm6_minus_tracheal	48060
All_dm6_minus_tracheal	48061
All_dm6_minus_tracheal	48065
All_dm6_minus_tracheal	48066
All_dm6_minus_tracheal	48071
All_dm6_minus_tracheal	48074
All_dm6_minus_tracheal	48075
All_dm6_minus_tracheal	48076
All_dm6_minus_tracheal	48080
All_dm6_minus_tracheal	48083
All_dm6_minus_tracheal	48084
All_dm6_minus_tracheal	48085
All_dm6_minus_tracheal	48088
All_dm6_minus_tracheal	48089
All_dm6_minus_tracheal	48092
All_dm6_minus_tracheal	48095
All_dm6_minus_tracheal	48096
All_dm6_minus_tracheal	48098
All_dm6_minus_tracheal	48099
All_dm6_minus_tracheal	48112
All_dm6_minus_tracheal	48113
All_dm6_minus_tracheal	48114
All_dm6_minus_tracheal	48115
All_dm6_minus_tracheal	48116
All_dm6_minus_tracheal	48117
All_dm6_minus_tracheal	48118
All_dm6_minus_tracheal	48120
All_dm6_minus_tracheal	48121
All_dm6_minus_tracheal	48127
All_dm6_minus_tracheal	48128
All_dm6_minus_tracheal	48129
All_dm6_minus_tracheal	48130
All_dm6_minus_tracheal	48131
All_dm6_minus_tracheal	48132
All_dm6_minus_tracheal	48133
All_dm6_minus_tracheal	48134
All_dm6_minus_tracheal	48135
All_dm6_minus_tracheal	48138
All_dm6_minus_tracheal	48141
All_dm6_minus_tracheal	48142
All_dm6_minus_tracheal	48145
All_dm6_minus_tracheal	48147
All_dm6_minus_tracheal	48148
All_dm6_minus_tracheal	48149
All_dm6_minus_tracheal	48150
All_dm6_minus_tracheal	48151
All_dm6_minus_tracheal	48152
All_dm6_minus_tracheal	48153
All_dm6_minus_tracheal	48154
All_dm6_minus_tracheal	48155
All_dm6_minus_tracheal	48156
All_dm6_minus_tracheal	48159
All_dm6_minus_tracheal	48162
All_dm6_minus_tracheal	48163
All_dm6_minus_tracheal	48164
All_dm6_minus_tracheal	48166
All_dm6_minus_tracheal	48167
All_dm6_minus_tracheal	48168
All_dm6_minus_tracheal	48169
All_dm6_minus_tracheal	48173
All_dm6_minus_tracheal	48174
All_dm6_minus_tracheal	48175
All_dm6_minus_tracheal	48176
All_dm6_minus_tracheal	48178
All_dm6_minus_tracheal	48179
All_dm6_minus_tracheal	48180
All_dm6_minus_tracheal	48181
All_dm6_minus_tracheal	48182
All_dm6_minus_tracheal	48183
All_dm6_minus_tracheal	48184
All_dm6_minus_tracheal	48186
All_dm6_minus_tracheal	48187
All_dm6_minus_tracheal	48188
All_dm6_minus_tracheal	48189
All_dm6_minus_tracheal	48191
All_dm6_minus_tracheal	48192
All_dm6_minus_tracheal	48193
All_dm6_minus_tracheal	48194
All_dm6_minus_tracheal	48195
All_dm6_minus_tracheal	48196
All_dm6_minus_tracheal	48197
All_dm6_minus_tracheal	48198
All_dm6_minus_tracheal	48200
All_dm6_minus_tracheal	48202
All_dm6_minus_tracheal	48203
All_dm6_minus_tracheal	48204
All_dm6_minus_tracheal	48205
All_dm6_minus_tracheal	48206
All_dm6_minus_tracheal	48207
All_dm6_minus_tracheal	48208
All_dm6_minus_tracheal	48209
All_dm6_minus_tracheal	48210
All_dm6_minus_tracheal	48211
All_dm6_minus_tracheal	48212
All_dm6_minus_tracheal	48213
All_dm6_minus_tracheal	48214
All_dm6_minus_tracheal	48216
All_dm6_minus_tracheal	48217
All_dm6_minus_tracheal	48219
All_dm6_minus_tracheal	48224
All_dm6_minus_tracheal	48231
All_dm6_minus_tracheal	48232
All_dm6_minus_tracheal	48233
All_dm6_minus_tracheal	48234
All_dm6_minus_tracheal	48235
All_dm6_minus_tracheal	48237
All_dm6_minus_tracheal	48238
All_dm6_minus_tracheal	48239
All_dm6_minus_tracheal	48241
All_dm6_minus_tracheal	48242
All_dm6_minus_tracheal	48243
All_dm6_minus_tracheal	48244
All_dm6_minus_tracheal	48245
All_dm6_minus_tracheal	48246
All_dm6_minus_tracheal	48247
All_dm6_minus_tracheal	48248
All_dm6_minus_tracheal	48249
All_dm6_minus_tracheal	48250
All_dm6_minus_tracheal	48251
All_dm6_minus_tracheal	48252
All_dm6_minus_tracheal	48253
All_dm6_minus_tracheal	48255
All_dm6_minus_tracheal	48256
All_dm6_minus_tracheal	48257
All_dm6_minus_tracheal	48258
All_dm6_minus_tracheal	48259
All_dm6_minus_tracheal	48260
All_dm6_minus_tracheal	48261
All_dm6_minus_tracheal	48262
All_dm6_minus_tracheal	48263
All_dm6_minus_tracheal	48264
All_dm6_minus_tracheal	48265
All_dm6_minus_tracheal	48266
All_dm6_minus_tracheal	48267
All_dm6_minus_tracheal	48268
All_dm6_minus_tracheal	48269
All_dm6_minus_tracheal	48270
All_dm6_minus_tracheal	48271
All_dm6_minus_tracheal	48272
All_dm6_minus_tracheal	48274
All_dm6_minus_tracheal	48275
All_dm6_minus_tracheal	48276
All_dm6_minus_tracheal	48277
All_dm6_minus_tracheal	48278
All_dm6_minus_tracheal	48279
All_dm6_minus_tracheal	48280
All_dm6_minus_tracheal	48281
All_dm6_minus_tracheal	48282
All_dm6_minus_tracheal	48283
All_dm6_minus_tracheal	48284
All_dm6_minus_tracheal	48285
All_dm6_minus_tracheal	48286
All_dm6_minus_tracheal	48290
All_dm6_minus_tracheal	48291
All_dm6_minus_tracheal	48292
All_dm6_minus_tracheal	48296
All_dm6_minus_tracheal	48302
All_dm6_minus_tracheal	48303
All_dm6_minus_tracheal	48304
All_dm6_minus_tracheal	48305
All_dm6_minus_tracheal	48306
All_dm6_minus_tracheal	48307
All_dm6_minus_tracheal	48309
All_dm6_minus_tracheal	48311
All_dm6_minus_tracheal	48313
All_dm6_minus_tracheal	48314
All_dm6_minus_tracheal	48316
All_dm6_minus_tracheal	48319
All_dm6_minus_tracheal	48320
All_dm6_minus_tracheal	48321
All_dm6_minus_tracheal	48322
All_dm6_minus_tracheal	48323
All_dm6_minus_tracheal	48324
All_dm6_minus_tracheal	48326
All_dm6_minus_tracheal	48327
All_dm6_minus_tracheal	48328
All_dm6_minus_tracheal	48329
All_dm6_minus_tracheal	48330
All_dm6_minus_tracheal	48331
All_dm6_minus_tracheal	48332
All_dm6_minus_tracheal	48333
All_dm6_minus_tracheal	48334
All_dm6_minus_tracheal	48335
All_dm6_minus_tracheal	48336
All_dm6_minus_tracheal	48337
All_dm6_minus_tracheal	48338
All_dm6_minus_tracheal	48339
All_dm6_minus_tracheal	48340
All_dm6_minus_tracheal	48341
All_dm6_minus_tracheal	48343
All_dm6_minus_tracheal	48345
All_dm6_minus_tracheal	48347
All_dm6_minus_tracheal	48348
All_dm6_minus_tracheal	48349
All_dm6_minus_tracheal	48351
All_dm6_minus_tracheal	48360
All_dm6_minus_tracheal	48362
All_dm6_minus_tracheal	48363
All_dm6_minus_tracheal	48370
All_dm6_minus_tracheal	48371
All_dm6_minus_tracheal	48372
All_dm6_minus_tracheal	48373
All_dm6_minus_tracheal	48375
All_dm6_minus_tracheal	48376
All_dm6_minus_tracheal	48377
All_dm6_minus_tracheal	48378
All_dm6_minus_tracheal	48379
All_dm6_minus_tracheal	48380
All_dm6_minus_tracheal	48381
All_dm6_minus_tracheal	48382
All_dm6_minus_tracheal	48384
All_dm6_minus_tracheal	48385
All_dm6_minus_tracheal	48387
All_dm6_minus_tracheal	48390
All_dm6_minus_tracheal	48395
All_dm6_minus_tracheal	48396
All_dm6_minus_tracheal	48400
All_dm6_minus_tracheal	48401
All_dm6_minus_tracheal	48402
All_dm6_minus_tracheal	48404
All_dm6_minus_tracheal	48410
All_dm6_minus_tracheal	48416
All_dm6_minus_tracheal	48417
All_dm6_minus_tracheal	48418
All_dm6_minus_tracheal	48421
All_dm6_minus_tracheal	48422
All_dm6_minus_tracheal	48423
All_dm6_minus_tracheal	48424
All_dm6_minus_tracheal	48425
All_dm6_minus_tracheal	48426
All_dm6_minus_tracheal	48427
All_dm6_minus_tracheal	48429
All_dm6_minus_tracheal	48430
All_dm6_minus_tracheal	48431
All_dm6_minus_tracheal	48432
All_dm6_minus_tracheal	48433
All_dm6_minus_tracheal	48434
All_dm6_minus_tracheal	48435
All_dm6_minus_tracheal	48437
All_dm6_minus_tracheal	48438
All_dm6_minus_tracheal	48440
All_dm6_minus_tracheal	48445
All_dm6_minus_tracheal	48448
All_dm6_minus_tracheal	48450
All_dm6_minus_tracheal	48453
All_dm6_minus_tracheal	48454
All_dm6_minus_tracheal	48455
All_dm6_minus_tracheal	48457
All_dm6_minus_tracheal	48458
All_dm6_minus_tracheal	48459
All_dm6_minus_tracheal	48460
All_dm6_minus_tracheal	48461
All_dm6_minus_tracheal	48462
All_dm6_minus_tracheal	48463
All_dm6_minus_tracheal	48464
All_dm6_minus_tracheal	48465
All_dm6_minus_tracheal	48466
All_dm6_minus_tracheal	48467
All_dm6_minus_tracheal	48468
All_dm6_minus_tracheal	48469
All_dm6_minus_tracheal	48470
All_dm6_minus_tracheal	48471
All_dm6_minus_tracheal	48472
All_dm6_minus_tracheal	48473
All_dm6_minus_tracheal	48474
All_dm6_minus_tracheal	48475
All_dm6_minus_tracheal	48476
All_dm6_minus_tracheal	48478
All_dm6_minus_tracheal	48479
All_dm6_minus_tracheal	48480
All_dm6_minus_tracheal	48481
All_dm6_minus_tracheal	48482
All_dm6_minus_tracheal	48483
All_dm6_minus_tracheal	48484
All_dm6_minus_tracheal	48485
All_dm6_minus_tracheal	48486
All_dm6_minus_tracheal	48487
All_dm6_minus_tracheal	48488
All_dm6_minus_tracheal	48489
All_dm6_minus_tracheal	48490
All_dm6_minus_tracheal	48491
All_dm6_minus_tracheal	48492
All_dm6_minus_tracheal	48493
All_dm6_minus_tracheal	48494
All_dm6_minus_tracheal	48495
All_dm6_minus_tracheal	48496
All_dm6_minus_tracheal	48497
All_dm6_minus_tracheal	48498
All_dm6_minus_tracheal	48499
All_dm6_minus_tracheal	48500
All_dm6_minus_tracheal	48501
All_dm6_minus_tracheal	48502
All_dm6_minus_tracheal	48505
All_dm6_minus_tracheal	48506
All_dm6_minus_tracheal	48507
All_dm6_minus_tracheal	48508
All_dm6_minus_tracheal	48509
All_dm6_minus_tracheal	48511
All_dm6_minus_tracheal	48513
All_dm6_minus_tracheal	48515
All_dm6_minus_tracheal	48516
All_dm6_minus_tracheal	48517
All_dm6_minus_tracheal	48518
All_dm6_minus_tracheal	48520
All_dm6_minus_tracheal	48522
All_dm6_minus_tracheal	48523
All_dm6_minus_tracheal	48524
All_dm6_minus_tracheal	48525
All_dm6_minus_tracheal	48527
All_dm6_minus_tracheal	48529
All_dm6_minus_tracheal	48531
All_dm6_minus_tracheal	48532
All_dm6_minus_tracheal	48533
All_dm6_minus_tracheal	48534
All_dm6_minus_tracheal	48537
All_dm6_minus_tracheal	48538
All_dm6_minus_tracheal	48539
All_dm6_minus_tracheal	48540
All_dm6_minus_tracheal	48541
All_dm6_minus_tracheal	48542
All_dm6_minus_tracheal	48544
All_dm6_minus_tracheal	48545
All_dm6_minus_tracheal	48546
All_dm6_minus_tracheal	48547
All_dm6_minus_tracheal	48548
All_dm6_minus_tracheal	48551
All_dm6_minus_tracheal	48552
All_dm6_minus_tracheal	48553
All_dm6_minus_tracheal	48554
All_dm6_minus_tracheal	48555
All_dm6_minus_tracheal	48561
All_dm6_minus_tracheal	48562
All_dm6_minus_tracheal	48563
All_dm6_minus_tracheal	48564
All_dm6_minus_tracheal	48565
All_dm6_minus_tracheal	48566
All_dm6_minus_tracheal	48568
All_dm6_minus_tracheal	48569
All_dm6_minus_tracheal	48575
All_dm6_minus_tracheal	48581
All_dm6_minus_tracheal	48582
All_dm6_minus_tracheal	48583
All_dm6_minus_tracheal	48586
All_dm6_minus_tracheal	48587
All_dm6_minus_tracheal	48593
All_dm6_minus_tracheal	48594
All_dm6_minus_tracheal	48597
All_dm6_minus_tracheal	48598
All_dm6_minus_tracheal	48599
All_dm6_minus_tracheal	48600
All_dm6_minus_tracheal	48601
All_dm6_minus_tracheal	48613
All_dm6_minus_tracheal	48614
All_dm6_minus_tracheal	48615
All_dm6_minus_tracheal	48616
All_dm6_minus_tracheal	48619
All_dm6_minus_tracheal	48620
All_dm6_minus_tracheal	48621
All_dm6_minus_tracheal	48624
All_dm6_minus_tracheal	48625
All_dm6_minus_tracheal	48626
All_dm6_minus_tracheal	48628
All_dm6_minus_tracheal	48630
All_dm6_minus_tracheal	48631
All_dm6_minus_tracheal	48633
All_dm6_minus_tracheal	48634
All_dm6_minus_tracheal	48635
All_dm6_minus_tracheal	48636
All_dm6_minus_tracheal	48637
All_dm6_minus_tracheal	48638
All_dm6_minus_tracheal	48640
All_dm6_minus_tracheal	48641
All_dm6_minus_tracheal	48642
All_dm6_minus_tracheal	48643
All_dm6_minus_tracheal	48644
All_dm6_minus_tracheal	48645
All_dm6_minus_tracheal	48646
All_dm6_minus_tracheal	48647
All_dm6_minus_tracheal	48649
All_dm6_minus_tracheal	48650
All_dm6_minus_tracheal	48651
All_dm6_minus_tracheal	48652
All_dm6_minus_tracheal	48653
All_dm6_minus_tracheal	48654
All_dm6_minus_tracheal	48655
All_dm6_minus_tracheal	48656
All_dm6_minus_tracheal	48657
All_dm6_minus_tracheal	48658
All_dm6_minus_tracheal	48659
All_dm6_minus_tracheal	48660
All_dm6_minus_tracheal	48661
All_dm6_minus_tracheal	48662
All_dm6_minus_tracheal	48663
All_dm6_minus_tracheal	48664
All_dm6_minus_tracheal	48665
All_dm6_minus_tracheal	48666
All_dm6_minus_tracheal	48667
All_dm6_minus_tracheal	48668
All_dm6_minus_tracheal	48669
All_dm6_minus_tracheal	48670
All_dm6_minus_tracheal	48671
All_dm6_minus_tracheal	48672
All_dm6_minus_tracheal	48673
All_dm6_minus_tracheal	48674
All_dm6_minus_tracheal	48675
All_dm6_minus_tracheal	48676
All_dm6_minus_tracheal	48677
All_dm6_minus_tracheal	48678
All_dm6_minus_tracheal	48679
All_dm6_minus_tracheal	48680
All_dm6_minus_tracheal	48681
All_dm6_minus_tracheal	48682
All_dm6_minus_tracheal	48683
All_dm6_minus_tracheal	48684
All_dm6_minus_tracheal	48685
All_dm6_minus_tracheal	48686
All_dm6_minus_tracheal	48687
All_dm6_minus_tracheal	48688
All_dm6_minus_tracheal	48689
All_dm6_minus_tracheal	48691
All_dm6_minus_tracheal	48692
All_dm6_minus_tracheal	48693
All_dm6_minus_tracheal	48694
All_dm6_minus_tracheal	48695
All_dm6_minus_tracheal	48696
All_dm6_minus_tracheal	48697
All_dm6_minus_tracheal	48698
All_dm6_minus_tracheal	48699
All_dm6_minus_tracheal	48700
All_dm6_minus_tracheal	48701
All_dm6_minus_tracheal	48703
All_dm6_minus_tracheal	48704
All_dm6_minus_tracheal	48705
All_dm6_minus_tracheal	48706
All_dm6_minus_tracheal	48707
All_dm6_minus_tracheal	48708
All_dm6_minus_tracheal	48709
All_dm6_minus_tracheal	48710
All_dm6_minus_tracheal	48711
All_dm6_minus_tracheal	48712
All_dm6_minus_tracheal	48713
All_dm6_minus_tracheal	48714
All_dm6_minus_tracheal	48715
All_dm6_minus_tracheal	48716
All_dm6_minus_tracheal	48717
All_dm6_minus_tracheal	48718
All_dm6_minus_tracheal	48719
All_dm6_minus_tracheal	48720
All_dm6_minus_tracheal	48721
All_dm6_minus_tracheal	48722
All_dm6_minus_tracheal	48723
All_dm6_minus_tracheal	48724
All_dm6_minus_tracheal	48725
All_dm6_minus_tracheal	48726
All_dm6_minus_tracheal	48727
All_dm6_minus_tracheal	48728
All_dm6_minus_tracheal	48729
All_dm6_minus_tracheal	48731
All_dm6_minus_tracheal	48732
All_dm6_minus_tracheal	48733
All_dm6_minus_tracheal	48734
All_dm6_minus_tracheal	48735
All_dm6_minus_tracheal	48736
All_dm6_minus_tracheal	48737
All_dm6_minus_tracheal	48738
All_dm6_minus_tracheal	48739
All_dm6_minus_tracheal	48740
All_dm6_minus_tracheal	48741
All_dm6_minus_tracheal	48742
All_dm6_minus_tracheal	48743
All_dm6_minus_tracheal	48744
All_dm6_minus_tracheal	48747
All_dm6_minus_tracheal	48748
All_dm6_minus_tracheal	48749
All_dm6_minus_tracheal	48750
All_dm6_minus_tracheal	48751
All_dm6_minus_tracheal	48752
All_dm6_minus_tracheal	48753
All_dm6_minus_tracheal	48754
All_dm6_minus_tracheal	48755
All_dm6_minus_tracheal	48756
All_dm6_minus_tracheal	48757
All_dm6_minus_tracheal	48758
All_dm6_minus_tracheal	48759
All_dm6_minus_tracheal	48761
All_dm6_minus_tracheal	48762
All_dm6_minus_tracheal	48763
All_dm6_minus_tracheal	48765
All_dm6_minus_tracheal	48766
All_dm6_minus_tracheal	48767
All_dm6_minus_tracheal	48768
All_dm6_minus_tracheal	48769
All_dm6_minus_tracheal	48770
All_dm6_minus_tracheal	48772
All_dm6_minus_tracheal	48775
All_dm6_minus_tracheal	48781
All_dm6_minus_tracheal	48785
All_dm6_minus_tracheal	48786
All_dm6_minus_tracheal	48787
All_dm6_minus_tracheal	48788
All_dm6_minus_tracheal	48789
All_dm6_minus_tracheal	48790
All_dm6_minus_tracheal	48791
All_dm6_minus_tracheal	48792
All_dm6_minus_tracheal	48793
All_dm6_minus_tracheal	48794
All_dm6_minus_tracheal	48795
All_dm6_minus_tracheal	48796
All_dm6_minus_tracheal	48797
All_dm6_minus_tracheal	48798
All_dm6_minus_tracheal	48799
All_dm6_minus_tracheal	48800
All_dm6_minus_tracheal	48801
All_dm6_minus_tracheal	48802
All_dm6_minus_tracheal	48803
All_dm6_minus_tracheal	48804
All_dm6_minus_tracheal	48806
All_dm6_minus_tracheal	48807
All_dm6_minus_tracheal	48808
All_dm6_minus_tracheal	48810
All_dm6_minus_tracheal	48811
All_dm6_minus_tracheal	48812
All_dm6_minus_tracheal	48813
All_dm6_minus_tracheal	48815
All_dm6_minus_tracheal	48816
All_dm6_minus_tracheal	48817
All_dm6_minus_tracheal	48818
All_dm6_minus_tracheal	48819
All_dm6_minus_tracheal	48820
All_dm6_minus_tracheal	48821
All_dm6_minus_tracheal	48822
All_dm6_minus_tracheal	48823
All_dm6_minus_tracheal	48824
All_dm6_minus_tracheal	48825
All_dm6_minus_tracheal	48826
All_dm6_minus_tracheal	48827
All_dm6_minus_tracheal	48828
All_dm6_minus_tracheal	48829
All_dm6_minus_tracheal	48831
All_dm6_minus_tracheal	48832
All_dm6_minus_tracheal	48833
All_dm6_minus_tracheal	48834
All_dm6_minus_tracheal	48835
All_dm6_minus_tracheal	48836
All_dm6_minus_tracheal	48837
All_dm6_minus_tracheal	48838
All_dm6_minus_tracheal	48839
All_dm6_minus_tracheal	48840
All_dm6_minus_tracheal	48841
All_dm6_minus_tracheal	48842
All_dm6_minus_tracheal	48843
All_dm6_minus_tracheal	48845
All_dm6_minus_tracheal	48846
All_dm6_minus_tracheal	48847
All_dm6_minus_tracheal	48849
All_dm6_minus_tracheal	48850
All_dm6_minus_tracheal	48851
All_dm6_minus_tracheal	48852
All_dm6_minus_tracheal	48853
All_dm6_minus_tracheal	48854
All_dm6_minus_tracheal	48855
All_dm6_minus_tracheal	48856
All_dm6_minus_tracheal	48857
All_dm6_minus_tracheal	48858
All_dm6_minus_tracheal	48859
All_dm6_minus_tracheal	48860
All_dm6_minus_tracheal	48861
All_dm6_minus_tracheal	48862
All_dm6_minus_tracheal	48863
All_dm6_minus_tracheal	48864
All_dm6_minus_tracheal	48865
All_dm6_minus_tracheal	48866
All_dm6_minus_tracheal	48867
All_dm6_minus_tracheal	48868
All_dm6_minus_tracheal	48869
All_dm6_minus_tracheal	48870
All_dm6_minus_tracheal	48871
All_dm6_minus_tracheal	48872
All_dm6_minus_tracheal	48873
All_dm6_minus_tracheal	48874
All_dm6_minus_tracheal	48875
All_dm6_minus_tracheal	48876
All_dm6_minus_tracheal	48877
All_dm6_minus_tracheal	48878
All_dm6_minus_tracheal	48879
All_dm6_minus_tracheal	48880
All_dm6_minus_tracheal	48881
All_dm6_minus_tracheal	48882
All_dm6_minus_tracheal	48883
All_dm6_minus_tracheal	48884
All_dm6_minus_tracheal	48885
All_dm6_minus_tracheal	48886
All_dm6_minus_tracheal	48887
All_dm6_minus_tracheal	48888
All_dm6_minus_tracheal	48889
All_dm6_minus_tracheal	48890
All_dm6_minus_tracheal	48891
All_dm6_minus_tracheal	48892
All_dm6_minus_tracheal	48893
All_dm6_minus_tracheal	48894
All_dm6_minus_tracheal	48895
All_dm6_minus_tracheal	48896
All_dm6_minus_tracheal	48897
All_dm6_minus_tracheal	48898
All_dm6_minus_tracheal	48899
All_dm6_minus_tracheal	48900
All_dm6_minus_tracheal	48901
All_dm6_minus_tracheal	48902
All_dm6_minus_tracheal	48903
All_dm6_minus_tracheal	48904
All_dm6_minus_tracheal	48905
All_dm6_minus_tracheal	48906
All_dm6_minus_tracheal	48907
All_dm6_minus_tracheal	48908
All_dm6_minus_tracheal	48909
All_dm6_minus_tracheal	48910
All_dm6_minus_tracheal	48911
All_dm6_minus_tracheal	48913
All_dm6_minus_tracheal	48914
All_dm6_minus_tracheal	48915
All_dm6_minus_tracheal	48916
All_dm6_minus_tracheal	48917
All_dm6_minus_tracheal	48918
All_dm6_minus_tracheal	48919
All_dm6_minus_tracheal	48921
All_dm6_minus_tracheal	48922
All_dm6_minus_tracheal	48923
All_dm6_minus_tracheal	48924
All_dm6_minus_tracheal	48925
All_dm6_minus_tracheal	48926
All_dm6_minus_tracheal	48927
All_dm6_minus_tracheal	48928
All_dm6_minus_tracheal	48929
All_dm6_minus_tracheal	48930
All_dm6_minus_tracheal	48931
All_dm6_minus_tracheal	48933
All_dm6_minus_tracheal	48934
All_dm6_minus_tracheal	48935
All_dm6_minus_tracheal	48936
All_dm6_minus_tracheal	48937
All_dm6_minus_tracheal	48938
All_dm6_minus_tracheal	48939
All_dm6_minus_tracheal	48941
All_dm6_minus_tracheal	48942
All_dm6_minus_tracheal	48943
All_dm6_minus_tracheal	48944
All_dm6_minus_tracheal	48945
All_dm6_minus_tracheal	48946
All_dm6_minus_tracheal	48947
All_dm6_minus_tracheal	48948
All_dm6_minus_tracheal	48949
All_dm6_minus_tracheal	48950
All_dm6_minus_tracheal	48951
All_dm6_minus_tracheal	48952
All_dm6_minus_tracheal	48953
All_dm6_minus_tracheal	48954
All_dm6_minus_tracheal	48955
All_dm6_minus_tracheal	48956
All_dm6_minus_tracheal	48957
All_dm6_minus_tracheal	48958
All_dm6_minus_tracheal	48959
All_dm6_minus_tracheal	48961
All_dm6_minus_tracheal	48962
All_dm6_minus_tracheal	48963
All_dm6_minus_tracheal	48964
All_dm6_minus_tracheal	48965
All_dm6_minus_tracheal	48966
All_dm6_minus_tracheal	48967
All_dm6_minus_tracheal	48968
All_dm6_minus_tracheal	48970
All_dm6_minus_tracheal	48975
All_dm6_minus_tracheal	48976
All_dm6_minus_tracheal	48977
All_dm6_minus_tracheal	48979
All_dm6_minus_tracheal	48981
All_dm6_minus_tracheal	48982
All_dm6_minus_tracheal	48983
All_dm6_minus_tracheal	48984
All_dm6_minus_tracheal	48985
All_dm6_minus_tracheal	48986
All_dm6_minus_tracheal	48989
All_dm6_minus_tracheal	48990
All_dm6_minus_tracheal	48991
All_dm6_minus_tracheal	48992
All_dm6_minus_tracheal	48993
All_dm6_minus_tracheal	48994
All_dm6_minus_tracheal	48995
All_dm6_minus_tracheal	48996
All_dm6_minus_tracheal	48997
All_dm6_minus_tracheal	48998
All_dm6_minus_tracheal	48999
All_dm6_minus_tracheal	49000
All_dm6_minus_tracheal	49001
All_dm6_minus_tracheal	49002
All_dm6_minus_tracheal	49003
All_dm6_minus_tracheal	49004
All_dm6_minus_tracheal	49005
All_dm6_minus_tracheal	49006
All_dm6_minus_tracheal	49007
All_dm6_minus_tracheal	49008
All_dm6_minus_tracheal	49009
All_dm6_minus_tracheal	49011
All_dm6_minus_tracheal	49012
All_dm6_minus_tracheal	49013
All_dm6_minus_tracheal	49014
All_dm6_minus_tracheal	49015
All_dm6_minus_tracheal	49016
All_dm6_minus_tracheal	49017
All_dm6_minus_tracheal	49018
All_dm6_minus_tracheal	49019
All_dm6_minus_tracheal	49020
All_dm6_minus_tracheal	49022
All_dm6_minus_tracheal	49023
All_dm6_minus_tracheal	49028
All_dm6_minus_tracheal	49029
All_dm6_minus_tracheal	49030
All_dm6_minus_tracheal	49031
All_dm6_minus_tracheal	49032
All_dm6_minus_tracheal	49033
All_dm6_minus_tracheal	49034
All_dm6_minus_tracheal	49035
All_dm6_minus_tracheal	49036
All_dm6_minus_tracheal	49037
All_dm6_minus_tracheal	49038
All_dm6_minus_tracheal	49039
All_dm6_minus_tracheal	49040
All_dm6_minus_tracheal	49041
All_dm6_minus_tracheal	49043
All_dm6_minus_tracheal	49044
All_dm6_minus_tracheal	49045
All_dm6_minus_tracheal	49046
All_dm6_minus_tracheal	49047
All_dm6_minus_tracheal	49048
All_dm6_minus_tracheal	49049
All_dm6_minus_tracheal	49050
All_dm6_minus_tracheal	49051
All_dm6_minus_tracheal	49052
All_dm6_minus_tracheal	49053
All_dm6_minus_tracheal	49054
All_dm6_minus_tracheal	49055
All_dm6_minus_tracheal	49056
All_dm6_minus_tracheal	49057
All_dm6_minus_tracheal	49058
All_dm6_minus_tracheal	49059
All_dm6_minus_tracheal	49060
All_dm6_minus_tracheal	49061
All_dm6_minus_tracheal	49062
All_dm6_minus_tracheal	49063
All_dm6_minus_tracheal	49064
All_dm6_minus_tracheal	49065
All_dm6_minus_tracheal	49066
All_dm6_minus_tracheal	49067
All_dm6_minus_tracheal	49070
All_dm6_minus_tracheal	49071
All_dm6_minus_tracheal	49072
All_dm6_minus_tracheal	49073
All_dm6_minus_tracheal	49074
All_dm6_minus_tracheal	49075
All_dm6_minus_tracheal	49076
All_dm6_minus_tracheal	49077
All_dm6_minus_tracheal	49078
All_dm6_minus_tracheal	49080
All_dm6_minus_tracheal	49081
All_dm6_minus_tracheal	49082
All_dm6_minus_tracheal	49084
All_dm6_minus_tracheal	49085
All_dm6_minus_tracheal	49088
All_dm6_minus_tracheal	49089
All_dm6_minus_tracheal	49100
All_dm6_minus_tracheal	49103
All_dm6_minus_tracheal	49105
All_dm6_minus_tracheal	49108
All_dm6_minus_tracheal	49109
All_dm6_minus_tracheal	49110
All_dm6_minus_tracheal	49111
All_dm6_minus_tracheal	49112
All_dm6_minus_tracheal	49113
All_dm6_minus_tracheal	49114
All_dm6_minus_tracheal	49115
All_dm6_minus_tracheal	49116
All_dm6_minus_tracheal	49117
All_dm6_minus_tracheal	49119
All_dm6_minus_tracheal	49120
All_dm6_minus_tracheal	49121
All_dm6_minus_tracheal	49122
All_dm6_minus_tracheal	49123
All_dm6_minus_tracheal	49124
All_dm6_minus_tracheal	49125
All_dm6_minus_tracheal	49126
All_dm6_minus_tracheal	49127
All_dm6_minus_tracheal	49128
All_dm6_minus_tracheal	49129
All_dm6_minus_tracheal	49130
All_dm6_minus_tracheal	49131
All_dm6_minus_tracheal	49132
All_dm6_minus_tracheal	49133
All_dm6_minus_tracheal	49134
All_dm6_minus_tracheal	49135
All_dm6_minus_tracheal	49136
All_dm6_minus_tracheal	49137
All_dm6_minus_tracheal	49138
All_dm6_minus_tracheal	49139
All_dm6_minus_tracheal	49140
All_dm6_minus_tracheal	49141
All_dm6_minus_tracheal	49142
All_dm6_minus_tracheal	49143
All_dm6_minus_tracheal	49144
All_dm6_minus_tracheal	49145
All_dm6_minus_tracheal	49146
All_dm6_minus_tracheal	49147
All_dm6_minus_tracheal	49148
All_dm6_minus_tracheal	49149
All_dm6_minus_tracheal	49150
All_dm6_minus_tracheal	49151
All_dm6_minus_tracheal	49152
All_dm6_minus_tracheal	49153
All_dm6_minus_tracheal	49154
All_dm6_minus_tracheal	49156
All_dm6_minus_tracheal	49157
All_dm6_minus_tracheal	49158
All_dm6_minus_tracheal	49159
All_dm6_minus_tracheal	49160
All_dm6_minus_tracheal	49161
All_dm6_minus_tracheal	49162
All_dm6_minus_tracheal	49163
All_dm6_minus_tracheal	49164
All_dm6_minus_tracheal	49172
All_dm6_minus_tracheal	49173
All_dm6_minus_tracheal	49175
All_dm6_minus_tracheal	49176
All_dm6_minus_tracheal	49177
All_dm6_minus_tracheal	49178
All_dm6_minus_tracheal	49179
All_dm6_minus_tracheal	49180
All_dm6_minus_tracheal	49181
All_dm6_minus_tracheal	49182
All_dm6_minus_tracheal	49183
All_dm6_minus_tracheal	49184
All_dm6_minus_tracheal	49185
All_dm6_minus_tracheal	49186
All_dm6_minus_tracheal	49188
All_dm6_minus_tracheal	49189
All_dm6_minus_tracheal	49190
All_dm6_minus_tracheal	49191
All_dm6_minus_tracheal	49192
All_dm6_minus_tracheal	49193
All_dm6_minus_tracheal	49194
All_dm6_minus_tracheal	49195
All_dm6_minus_tracheal	49196
All_dm6_minus_tracheal	49197
All_dm6_minus_tracheal	49198
All_dm6_minus_tracheal	49199
All_dm6_minus_tracheal	49200
All_dm6_minus_tracheal	49201
All_dm6_minus_tracheal	49202
All_dm6_minus_tracheal	49203
All_dm6_minus_tracheal	49204
All_dm6_minus_tracheal	49205
All_dm6_minus_tracheal	49206
All_dm6_minus_tracheal	49207
All_dm6_minus_tracheal	49208
All_dm6_minus_tracheal	49209
All_dm6_minus_tracheal	49210
All_dm6_minus_tracheal	49211
All_dm6_minus_tracheal	49212
All_dm6_minus_tracheal	49213
All_dm6_minus_tracheal	49214
All_dm6_minus_tracheal	49215
All_dm6_minus_tracheal	49216
All_dm6_minus_tracheal	49217
All_dm6_minus_tracheal	49218
All_dm6_minus_tracheal	49219
All_dm6_minus_tracheal	49220
All_dm6_minus_tracheal	49221
All_dm6_minus_tracheal	49222
All_dm6_minus_tracheal	49224
All_dm6_minus_tracheal	49226
All_dm6_minus_tracheal	49227
All_dm6_minus_tracheal	49228
All_dm6_minus_tracheal	49229
All_dm6_minus_tracheal	49230
All_dm6_minus_tracheal	49231
All_dm6_minus_tracheal	49232
All_dm6_minus_tracheal	49233
All_dm6_minus_tracheal	49234
All_dm6_minus_tracheal	49235
All_dm6_minus_tracheal	49237
All_dm6_minus_tracheal	49241
All_dm6_minus_tracheal	49242
All_dm6_minus_tracheal	49243
All_dm6_minus_tracheal	49248
All_dm6_minus_tracheal	49249
All_dm6_minus_tracheal	49250
All_dm6_minus_tracheal	49251
All_dm6_minus_tracheal	49252
All_dm6_minus_tracheal	49253
All_dm6_minus_tracheal	49254
All_dm6_minus_tracheal	49255
All_dm6_minus_tracheal	49256
All_dm6_minus_tracheal	49257
All_dm6_minus_tracheal	49258
All_dm6_minus_tracheal	49259
All_dm6_minus_tracheal	49261
All_dm6_minus_tracheal	49262
All_dm6_minus_tracheal	49263
All_dm6_minus_tracheal	49265
All_dm6_minus_tracheal	49266
All_dm6_minus_tracheal	49268
All_dm6_minus_tracheal	49269
All_dm6_minus_tracheal	49270
All_dm6_minus_tracheal	49271
All_dm6_minus_tracheal	49272
All_dm6_minus_tracheal	49273
All_dm6_minus_tracheal	49275
All_dm6_minus_tracheal	49276
All_dm6_minus_tracheal	49277
All_dm6_minus_tracheal	49278
All_dm6_minus_tracheal	49279
All_dm6_minus_tracheal	49280
All_dm6_minus_tracheal	49281
All_dm6_minus_tracheal	49282
All_dm6_minus_tracheal	49283
All_dm6_minus_tracheal	49284
All_dm6_minus_tracheal	49285
All_dm6_minus_tracheal	49287
All_dm6_minus_tracheal	49288
All_dm6_minus_tracheal	49289
All_dm6_minus_tracheal	49290
All_dm6_minus_tracheal	49291
All_dm6_minus_tracheal	49292
All_dm6_minus_tracheal	49293
All_dm6_minus_tracheal	49294
All_dm6_minus_tracheal	49295
All_dm6_minus_tracheal	49296
All_dm6_minus_tracheal	49298
All_dm6_minus_tracheal	49299
All_dm6_minus_tracheal	49300
All_dm6_minus_tracheal	49301
All_dm6_minus_tracheal	49302
All_dm6_minus_tracheal	49303
All_dm6_minus_tracheal	49304
All_dm6_minus_tracheal	49305
All_dm6_minus_tracheal	49306
All_dm6_minus_tracheal	49307
All_dm6_minus_tracheal	49308
All_dm6_minus_tracheal	49309
All_dm6_minus_tracheal	49310
All_dm6_minus_tracheal	49311
All_dm6_minus_tracheal	49312
All_dm6_minus_tracheal	49313
All_dm6_minus_tracheal	49314
All_dm6_minus_tracheal	49315
All_dm6_minus_tracheal	49316
All_dm6_minus_tracheal	49317
All_dm6_minus_tracheal	49318
All_dm6_minus_tracheal	49319
All_dm6_minus_tracheal	49320
All_dm6_minus_tracheal	49321
All_dm6_minus_tracheal	49322
All_dm6_minus_tracheal	49325
All_dm6_minus_tracheal	49326
All_dm6_minus_tracheal	49327
All_dm6_minus_tracheal	49329
All_dm6_minus_tracheal	49330
All_dm6_minus_tracheal	49331
All_dm6_minus_tracheal	49332
All_dm6_minus_tracheal	49333
All_dm6_minus_tracheal	49334
All_dm6_minus_tracheal	49335
All_dm6_minus_tracheal	49336
All_dm6_minus_tracheal	49337
All_dm6_minus_tracheal	49338
All_dm6_minus_tracheal	49339
All_dm6_minus_tracheal	49340
All_dm6_minus_tracheal	49341
All_dm6_minus_tracheal	49342
All_dm6_minus_tracheal	49343
All_dm6_minus_tracheal	49344
All_dm6_minus_tracheal	49345
All_dm6_minus_tracheal	49346
All_dm6_minus_tracheal	49347
All_dm6_minus_tracheal	49348
All_dm6_minus_tracheal	49349
All_dm6_minus_tracheal	49351
All_dm6_minus_tracheal	49354
All_dm6_minus_tracheal	49356
All_dm6_minus_tracheal	49357
All_dm6_minus_tracheal	49358
All_dm6_minus_tracheal	49359
All_dm6_minus_tracheal	49360
All_dm6_minus_tracheal	49361
All_dm6_minus_tracheal	49362
All_dm6_minus_tracheal	49363
All_dm6_minus_tracheal	49364
All_dm6_minus_tracheal	49365
All_dm6_minus_tracheal	49405
All_dm6_minus_tracheal	49406
All_dm6_minus_tracheal	49407
All_dm6_minus_tracheal	49411
All_dm6_minus_tracheal	49412
All_dm6_minus_tracheal	49413
All_dm6_minus_tracheal	49414
All_dm6_minus_tracheal	49415
All_dm6_minus_tracheal	49416
All_dm6_minus_tracheal	49417
All_dm6_minus_tracheal	49418
All_dm6_minus_tracheal	49419
All_dm6_minus_tracheal	49420
All_dm6_minus_tracheal	49421
All_dm6_minus_tracheal	49422
All_dm6_minus_tracheal	49423
All_dm6_minus_tracheal	49425
All_dm6_minus_tracheal	49429
All_dm6_minus_tracheal	49430
All_dm6_minus_tracheal	49431
All_dm6_minus_tracheal	49432
All_dm6_minus_tracheal	49433
All_dm6_minus_tracheal	49435
All_dm6_minus_tracheal	49436
All_dm6_minus_tracheal	49437
All_dm6_minus_tracheal	49438
All_dm6_minus_tracheal	49439
All_dm6_minus_tracheal	49440
All_dm6_minus_tracheal	49441
All_dm6_minus_tracheal	49442
All_dm6_minus_tracheal	49444
All_dm6_minus_tracheal	49445
All_dm6_minus_tracheal	49446
All_dm6_minus_tracheal	49448
All_dm6_minus_tracheal	49450
All_dm6_minus_tracheal	49451
All_dm6_minus_tracheal	49452
All_dm6_minus_tracheal	49454
All_dm6_minus_tracheal	49456
All_dm6_minus_tracheal	49458
All_dm6_minus_tracheal	49459
All_dm6_minus_tracheal	49460
All_dm6_minus_tracheal	49461
All_dm6_minus_tracheal	49462
All_dm6_minus_tracheal	49463
All_dm6_minus_tracheal	49464
All_dm6_minus_tracheal	49466
All_dm6_minus_tracheal	49472
All_dm6_minus_tracheal	49473
All_dm6_minus_tracheal	49474
All_dm6_minus_tracheal	49475
All_dm6_minus_tracheal	49476
All_dm6_minus_tracheal	49477
All_dm6_minus_tracheal	49478
All_dm6_minus_tracheal	49479
All_dm6_minus_tracheal	49480
All_dm6_minus_tracheal	49481
All_dm6_minus_tracheal	49482
All_dm6_minus_tracheal	49483
All_dm6_minus_tracheal	49484
All_dm6_minus_tracheal	49485
All_dm6_minus_tracheal	49486
All_dm6_minus_tracheal	49492
All_dm6_minus_tracheal	49493
All_dm6_minus_tracheal	49495
All_dm6_minus_tracheal	49496
All_dm6_minus_tracheal	49497
All_dm6_minus_tracheal	49498
All_dm6_minus_tracheal	49499
All_dm6_minus_tracheal	49500
All_dm6_minus_tracheal	49501
All_dm6_minus_tracheal	49502
All_dm6_minus_tracheal	49503
All_dm6_minus_tracheal	49504
All_dm6_minus_tracheal	49506
All_dm6_minus_tracheal	49507
All_dm6_minus_tracheal	49508
All_dm6_minus_tracheal	49509
All_dm6_minus_tracheal	49511
All_dm6_minus_tracheal	49512
All_dm6_minus_tracheal	49513
All_dm6_minus_tracheal	49514
All_dm6_minus_tracheal	49515
All_dm6_minus_tracheal	49518
All_dm6_minus_tracheal	49519
All_dm6_minus_tracheal	49520
All_dm6_minus_tracheal	49521
All_dm6_minus_tracheal	49522
All_dm6_minus_tracheal	49523
All_dm6_minus_tracheal	49524
All_dm6_minus_tracheal	49526
All_dm6_minus_tracheal	49527
All_dm6_minus_tracheal	49528
All_dm6_minus_tracheal	49529
All_dm6_minus_tracheal	49530
All_dm6_minus_tracheal	49576
All_dm6_minus_tracheal	49577
All_dm6_minus_tracheal	49578
All_dm6_minus_tracheal	49579
All_dm6_minus_tracheal	49580
All_dm6_minus_tracheal	49581
All_dm6_minus_tracheal	49582
All_dm6_minus_tracheal	49583
All_dm6_minus_tracheal	49584
All_dm6_minus_tracheal	49585
All_dm6_minus_tracheal	49586
All_dm6_minus_tracheal	49596
All_dm6_minus_tracheal	49597
All_dm6_minus_tracheal	49598
All_dm6_minus_tracheal	49599
All_dm6_minus_tracheal	49600
All_dm6_minus_tracheal	49601
All_dm6_minus_tracheal	49602
All_dm6_minus_tracheal	49603
All_dm6_minus_tracheal	49604
All_dm6_minus_tracheal	49605
All_dm6_minus_tracheal	49636
All_dm6_minus_tracheal	49640
All_dm6_minus_tracheal	49641
All_dm6_minus_tracheal	49643
All_dm6_minus_tracheal	49644
All_dm6_minus_tracheal	49648
All_dm6_minus_tracheal	49649
All_dm6_minus_tracheal	49650
All_dm6_minus_tracheal	49651
All_dm6_minus_tracheal	49652
All_dm6_minus_tracheal	49701
All_dm6_minus_tracheal	49712
All_dm6_minus_tracheal	49713
All_dm6_minus_tracheal	49714
All_dm6_minus_tracheal	49715
All_dm6_minus_tracheal	49723
All_dm6_minus_tracheal	49724
All_dm6_minus_tracheal	49726
All_dm6_minus_tracheal	49727
All_dm6_minus_tracheal	49729
All_dm6_minus_tracheal	49730
All_dm6_minus_tracheal	49731
All_dm6_minus_tracheal	49732
All_dm6_minus_tracheal	49736
All_dm6_minus_tracheal	49737
All_dm6_minus_tracheal	49739
All_dm6_minus_tracheal	49740
All_dm6_minus_tracheal	49741
All_dm6_minus_tracheal	49742
All_dm6_minus_tracheal	49743
All_dm6_minus_tracheal	49744
All_dm6_minus_tracheal	49747
All_dm6_minus_tracheal	49751
All_dm6_minus_tracheal	49752
All_dm6_minus_tracheal	49753
All_dm6_minus_tracheal	49756
All_dm6_minus_tracheal	49762
All_dm6_minus_tracheal	49765
All_dm6_minus_tracheal	49768
All_dm6_minus_tracheal	49779
All_dm6_minus_tracheal	49780
All_dm6_minus_tracheal	49802
All_dm6_minus_tracheal	49803
All_dm6_minus_tracheal	49805
All_dm6_minus_tracheal	49806
All_dm6_minus_tracheal	49807
All_dm6_minus_tracheal	49808
All_dm6_minus_tracheal	49815
All_dm6_minus_tracheal	49821
All_dm6_minus_tracheal	49847
All_dm6_minus_tracheal	49892
All_dm6_minus_tracheal	49893
All_dm6_minus_tracheal	49895
All_dm6_minus_tracheal	49952
All_dm6_minus_tracheal	49992
All_dm6_minus_tracheal	50001
All_dm6_minus_tracheal	50002
All_dm6_minus_tracheal	50003
All_dm6_minus_tracheal	50005
All_dm6_minus_tracheal	50007
All_dm6_minus_tracheal	50022
All_dm6_minus_tracheal	50026
All_dm6_minus_tracheal	50032
All_dm6_minus_tracheal	50039
All_dm6_minus_tracheal	50042
All_dm6_minus_tracheal	50044
All_dm6_minus_tracheal	50048
All_dm6_minus_tracheal	50050
All_dm6_minus_tracheal	50055
All_dm6_minus_tracheal	50061
All_dm6_minus_tracheal	50070
All_dm6_minus_tracheal	50072
All_dm6_minus_tracheal	50074
All_dm6_minus_tracheal	50075
All_dm6_minus_tracheal	50079
All_dm6_minus_tracheal	50080
All_dm6_minus_tracheal	50082
All_dm6_minus_tracheal	50092
All_dm6_minus_tracheal	50101
All_dm6_minus_tracheal	50102
All_dm6_minus_tracheal	50105
All_dm6_minus_tracheal	50107
All_dm6_minus_tracheal	50109
All_dm6_minus_tracheal	50110
All_dm6_minus_tracheal	50121
All_dm6_minus_tracheal	50122
All_dm6_minus_tracheal	50123
All_dm6_minus_tracheal	50124
All_dm6_minus_tracheal	50126
All_dm6_minus_tracheal	50129
All_dm6_minus_tracheal	50139
All_dm6_minus_tracheal	50143
All_dm6_minus_tracheal	50147
All_dm6_minus_tracheal	50149
All_dm6_minus_tracheal	50152
All_dm6_minus_tracheal	50157
All_dm6_minus_tracheal	50160
All_dm6_minus_tracheal	50161
All_dm6_minus_tracheal	50167
All_dm6_minus_tracheal	50169
All_dm6_minus_tracheal	50170
All_dm6_minus_tracheal	50172
All_dm6_minus_tracheal	50178
All_dm6_minus_tracheal	50188
All_dm6_minus_tracheal	50190
All_dm6_minus_tracheal	50191
All_dm6_minus_tracheal	50192
All_dm6_minus_tracheal	50196
All_dm6_minus_tracheal	50198
All_dm6_minus_tracheal	50202
All_dm6_minus_tracheal	50203
All_dm6_minus_tracheal	50205
All_dm6_minus_tracheal	50206
All_dm6_minus_tracheal	50207
All_dm6_minus_tracheal	50208
All_dm6_minus_tracheal	50209
All_dm6_minus_tracheal	50210
All_dm6_minus_tracheal	50216
All_dm6_minus_tracheal	50220
All_dm6_minus_tracheal	50224
All_dm6_minus_tracheal	50227
All_dm6_minus_tracheal	50228
All_dm6_minus_tracheal	50236
All_dm6_minus_tracheal	50237
All_dm6_minus_tracheal	50246
All_dm6_minus_tracheal	50250
All_dm6_minus_tracheal	50251
All_dm6_minus_tracheal	50252
All_dm6_minus_tracheal	50253
All_dm6_minus_tracheal	50257
All_dm6_minus_tracheal	50259
All_dm6_minus_tracheal	50266
All_dm6_minus_tracheal	50267
All_dm6_minus_tracheal	50268
All_dm6_minus_tracheal	50270
All_dm6_minus_tracheal	50271
All_dm6_minus_tracheal	50274
All_dm6_minus_tracheal	50281
All_dm6_minus_tracheal	50282
All_dm6_minus_tracheal	50285
All_dm6_minus_tracheal	50287
All_dm6_minus_tracheal	50289
All_dm6_minus_tracheal	50290
All_dm6_minus_tracheal	50296
All_dm6_minus_tracheal	50300
All_dm6_minus_tracheal	50301
All_dm6_minus_tracheal	50302
All_dm6_minus_tracheal	50305
All_dm6_minus_tracheal	50310
All_dm6_minus_tracheal	50315
All_dm6_minus_tracheal	50316
All_dm6_minus_tracheal	50320
All_dm6_minus_tracheal	50323
All_dm6_minus_tracheal	50344
All_dm6_minus_tracheal	50350
All_dm6_minus_tracheal	50358
All_dm6_minus_tracheal	50364
All_dm6_minus_tracheal	50365
All_dm6_minus_tracheal	50366
All_dm6_minus_tracheal	50373
All_dm6_minus_tracheal	50374
All_dm6_minus_tracheal	50378
All_dm6_minus_tracheal	50379
All_dm6_minus_tracheal	50380
All_dm6_minus_tracheal	50381
All_dm6_minus_tracheal	50391
All_dm6_minus_tracheal	50395
All_dm6_minus_tracheal	50396
All_dm6_minus_tracheal	50397
All_dm6_minus_tracheal	50403
All_dm6_minus_tracheal	50405
All_dm6_minus_tracheal	50415
All_dm6_minus_tracheal	50416
All_dm6_minus_tracheal	50423
All_dm6_minus_tracheal	50424
All_dm6_minus_tracheal	50428
All_dm6_minus_tracheal	50432
All_dm6_minus_tracheal	50433
All_dm6_minus_tracheal	50434
All_dm6_minus_tracheal	50437
All_dm6_minus_tracheal	50438
All_dm6_minus_tracheal	50441
All_dm6_minus_tracheal	50442
All_dm6_minus_tracheal	50446
All_dm6_minus_tracheal	50454
All_dm6_minus_tracheal	50456
All_dm6_minus_tracheal	50457
All_dm6_minus_tracheal	50463
All_dm6_minus_tracheal	50466
All_dm6_minus_tracheal	50467
All_dm6_minus_tracheal	50470
All_dm6_minus_tracheal	53425
All_dm6_minus_tracheal	53426
All_dm6_minus_tracheal	53427
All_dm6_minus_tracheal	53431
All_dm6_minus_tracheal	53432
All_dm6_minus_tracheal	53434
All_dm6_minus_tracheal	53435
All_dm6_minus_tracheal	53436
All_dm6_minus_tracheal	53437
All_dm6_minus_tracheal	53438
All_dm6_minus_tracheal	53439
All_dm6_minus_tracheal	53442
All_dm6_minus_tracheal	53445
All_dm6_minus_tracheal	53446
All_dm6_minus_tracheal	53471
All_dm6_minus_tracheal	53472
All_dm6_minus_tracheal	53501
All_dm6_minus_tracheal	53502
All_dm6_minus_tracheal	53503
All_dm6_minus_tracheal	53504
All_dm6_minus_tracheal	53506
All_dm6_minus_tracheal	53507
All_dm6_minus_tracheal	53508
All_dm6_minus_tracheal	53510
All_dm6_minus_tracheal	53511
All_dm6_minus_tracheal	53512
All_dm6_minus_tracheal	53513
All_dm6_minus_tracheal	53515
All_dm6_minus_tracheal	53516
All_dm6_minus_tracheal	53522
All_dm6_minus_tracheal	53523
All_dm6_minus_tracheal	53540
All_dm6_minus_tracheal	53541
All_dm6_minus_tracheal	53542
All_dm6_minus_tracheal	53543
All_dm6_minus_tracheal	53544
All_dm6_minus_tracheal	53546
All_dm6_minus_tracheal	53547
All_dm6_minus_tracheal	53550
All_dm6_minus_tracheal	53552
All_dm6_minus_tracheal	53556
All_dm6_minus_tracheal	53557
All_dm6_minus_tracheal	53558
All_dm6_minus_tracheal	53561
All_dm6_minus_tracheal	53562
All_dm6_minus_tracheal	53563
All_dm6_minus_tracheal	53564
All_dm6_minus_tracheal	53565
All_dm6_minus_tracheal	53566
All_dm6_minus_tracheal	53569
All_dm6_minus_tracheal	53573
All_dm6_minus_tracheal	53580
All_dm6_minus_tracheal	53581
All_dm6_minus_tracheal	53583
All_dm6_minus_tracheal	53584
All_dm6_minus_tracheal	53585
All_dm6_minus_tracheal	53586
All_dm6_minus_tracheal	59128
All_dm6_minus_tracheal	59137
All_dm6_minus_tracheal	59140
All_dm6_minus_tracheal	59141
All_dm6_minus_tracheal	59142
All_dm6_minus_tracheal	59143
All_dm6_minus_tracheal	59144
All_dm6_minus_tracheal	59145
All_dm6_minus_tracheal	59149
All_dm6_minus_tracheal	59150
All_dm6_minus_tracheal	59157
All_dm6_minus_tracheal	59158
All_dm6_minus_tracheal	59159
All_dm6_minus_tracheal	59163
All_dm6_minus_tracheal	59164
All_dm6_minus_tracheal	59167
All_dm6_minus_tracheal	59169
All_dm6_minus_tracheal	59170
All_dm6_minus_tracheal	59171
All_dm6_minus_tracheal	59173
All_dm6_minus_tracheal	59175
All_dm6_minus_tracheal	59176
All_dm6_minus_tracheal	59177
All_dm6_minus_tracheal	59184
All_dm6_minus_tracheal	59214
All_dm6_minus_tracheal	59215
All_dm6_minus_tracheal	59216
All_dm6_minus_tracheal	59217
All_dm6_minus_tracheal	59218
All_dm6_minus_tracheal	59223
All_dm6_minus_tracheal	59224
All_dm6_minus_tracheal	59225
All_dm6_minus_tracheal	59226
All_dm6_minus_tracheal	59227
All_dm6_minus_tracheal	59232
All_dm6_minus_tracheal	59233
All_dm6_minus_tracheal	59235
All_dm6_minus_tracheal	59239
All_dm6_minus_tracheal	59240
All_dm6_minus_tracheal	59241
All_dm6_minus_tracheal	59246
All_dm6_minus_tracheal	59247
All_dm6_minus_tracheal	59253
All_dm6_minus_tracheal	59260
All_dm6_minus_tracheal	59261
All_dm6_minus_tracheal	64867
All_dm6_minus_tracheal	64872
All_dm6_minus_tracheal	64874
All_dm6_minus_tracheal	64877
All_dm6_minus_tracheal	64879
All_dm6_minus_tracheal	117294
All_dm6_minus_tracheal	117300
All_dm6_minus_tracheal	117327
All_dm6_minus_tracheal	117332
All_dm6_minus_tracheal	117336
All_dm6_minus_tracheal	117338
All_dm6_minus_tracheal	117339
All_dm6_minus_tracheal	117342
All_dm6_minus_tracheal	117343
All_dm6_minus_tracheal	117344
All_dm6_minus_tracheal	117345
All_dm6_minus_tracheal	117346
All_dm6_minus_tracheal	117347
All_dm6_minus_tracheal	117348
All_dm6_minus_tracheal	117349
All_dm6_minus_tracheal	117361
All_dm6_minus_tracheal	117364
All_dm6_minus_tracheal	117365
All_dm6_minus_tracheal	117366
All_dm6_minus_tracheal	117368
All_dm6_minus_tracheal	117406
All_dm6_minus_tracheal	117407
All_dm6_minus_tracheal	117414
All_dm6_minus_tracheal	117419
All_dm6_minus_tracheal	117459
All_dm6_minus_tracheal	117460
All_dm6_minus_tracheal	117461
All_dm6_minus_tracheal	117462
All_dm6_minus_tracheal	117463
All_dm6_minus_tracheal	117464
All_dm6_minus_tracheal	117467
All_dm6_minus_tracheal	117470
All_dm6_minus_tracheal	117471
All_dm6_minus_tracheal	117472
All_dm6_minus_tracheal	117473
All_dm6_minus_tracheal	117475
All_dm6_minus_tracheal	117476
All_dm6_minus_tracheal	117477
All_dm6_minus_tracheal	117479
All_dm6_minus_tracheal	117480
All_dm6_minus_tracheal	117481
All_dm6_minus_tracheal	117484
All_dm6_minus_tracheal	117485
All_dm6_minus_tracheal	117486
All_dm6_minus_tracheal	117487
All_dm6_minus_tracheal	117488
All_dm6_minus_tracheal	117492
All_dm6_minus_tracheal	117496
All_dm6_minus_tracheal	117498
All_dm6_minus_tracheal	117499
All_dm6_minus_tracheal	117500
All_dm6_minus_tracheal	117501
All_dm6_minus_tracheal	117503
All_dm6_minus_tracheal	118436
All_dm6_minus_tracheal	170876
All_dm6_minus_tracheal	170878
All_dm6_minus_tracheal	170882
All_dm6_minus_tracheal	170887
All_dm6_minus_tracheal	192347
All_dm6_minus_tracheal	192481
All_dm6_minus_tracheal	192506
All_dm6_minus_tracheal	192508
All_dm6_minus_tracheal	192509
All_dm6_minus_tracheal	192528
All_dm6_minus_tracheal	192535
All_dm6_minus_tracheal	192611
All_dm6_minus_tracheal	246383
All_dm6_minus_tracheal	246384
All_dm6_minus_tracheal	246386
All_dm6_minus_tracheal	246388
All_dm6_minus_tracheal	246389
All_dm6_minus_tracheal	246393
All_dm6_minus_tracheal	246395
All_dm6_minus_tracheal	246398
All_dm6_minus_tracheal	246399
All_dm6_minus_tracheal	246404
All_dm6_minus_tracheal	246406
All_dm6_minus_tracheal	246408
All_dm6_minus_tracheal	246409
All_dm6_minus_tracheal	246411
All_dm6_minus_tracheal	246412
All_dm6_minus_tracheal	246413
All_dm6_minus_tracheal	246414
All_dm6_minus_tracheal	246415
All_dm6_minus_tracheal	246416
All_dm6_minus_tracheal	246417
All_dm6_minus_tracheal	246418
All_dm6_minus_tracheal	246419
All_dm6_minus_tracheal	246420
All_dm6_minus_tracheal	246422
All_dm6_minus_tracheal	246424
All_dm6_minus_tracheal	246425
All_dm6_minus_tracheal	246426
All_dm6_minus_tracheal	246428
All_dm6_minus_tracheal	246431
All_dm6_minus_tracheal	246432
All_dm6_minus_tracheal	246434
All_dm6_minus_tracheal	246435
All_dm6_minus_tracheal	246436
All_dm6_minus_tracheal	246437
All_dm6_minus_tracheal	246438
All_dm6_minus_tracheal	246439
All_dm6_minus_tracheal	246441
All_dm6_minus_tracheal	246442
All_dm6_minus_tracheal	246443
All_dm6_minus_tracheal	246444
All_dm6_minus_tracheal	246446
All_dm6_minus_tracheal	246447
All_dm6_minus_tracheal	246448
All_dm6_minus_tracheal	246449
All_dm6_minus_tracheal	246451
All_dm6_minus_tracheal	246452
All_dm6_minus_tracheal	246453
All_dm6_minus_tracheal	246454
All_dm6_minus_tracheal	246456
All_dm6_minus_tracheal	246457
All_dm6_minus_tracheal	246458
All_dm6_minus_tracheal	246459
All_dm6_minus_tracheal	246460
All_dm6_minus_tracheal	246461
All_dm6_minus_tracheal	246462
All_dm6_minus_tracheal	246465
All_dm6_minus_tracheal	246467
All_dm6_minus_tracheal	246471
All_dm6_minus_tracheal	246484
All_dm6_minus_tracheal	246485
All_dm6_minus_tracheal	246488
All_dm6_minus_tracheal	246489
All_dm6_minus_tracheal	246490
All_dm6_minus_tracheal	246492
All_dm6_minus_tracheal	246493
All_dm6_minus_tracheal	246496
All_dm6_minus_tracheal	246497
All_dm6_minus_tracheal	246500
All_dm6_minus_tracheal	246501
All_dm6_minus_tracheal	246504
All_dm6_minus_tracheal	246505
All_dm6_minus_tracheal	246506
All_dm6_minus_tracheal	246507
All_dm6_minus_tracheal	246509
All_dm6_minus_tracheal	246510
All_dm6_minus_tracheal	246511
All_dm6_minus_tracheal	246513
All_dm6_minus_tracheal	246514
All_dm6_minus_tracheal	246518
All_dm6_minus_tracheal	246519
All_dm6_minus_tracheal	246520
All_dm6_minus_tracheal	246521
All_dm6_minus_tracheal	246522
All_dm6_minus_tracheal	246523
All_dm6_minus_tracheal	246525
All_dm6_minus_tracheal	246527
All_dm6_minus_tracheal	246529
All_dm6_minus_tracheal	246530
All_dm6_minus_tracheal	246531
All_dm6_minus_tracheal	246532
All_dm6_minus_tracheal	246533
All_dm6_minus_tracheal	246535
All_dm6_minus_tracheal	246538
All_dm6_minus_tracheal	246539
All_dm6_minus_tracheal	246540
All_dm6_minus_tracheal	246541
All_dm6_minus_tracheal	246543
All_dm6_minus_tracheal	246545
All_dm6_minus_tracheal	246548
All_dm6_minus_tracheal	246549
All_dm6_minus_tracheal	246550
All_dm6_minus_tracheal	246551
All_dm6_minus_tracheal	246552
All_dm6_minus_tracheal	246553
All_dm6_minus_tracheal	246556
All_dm6_minus_tracheal	246560
All_dm6_minus_tracheal	246561
All_dm6_minus_tracheal	246562
All_dm6_minus_tracheal	246563
All_dm6_minus_tracheal	246565
All_dm6_minus_tracheal	246566
All_dm6_minus_tracheal	246567
All_dm6_minus_tracheal	246568
All_dm6_minus_tracheal	246569
All_dm6_minus_tracheal	246572
All_dm6_minus_tracheal	246573
All_dm6_minus_tracheal	246575
All_dm6_minus_tracheal	246576
All_dm6_minus_tracheal	246577
All_dm6_minus_tracheal	246578
All_dm6_minus_tracheal	246579
All_dm6_minus_tracheal	246580
All_dm6_minus_tracheal	246581
All_dm6_minus_tracheal	246582
All_dm6_minus_tracheal	246583
All_dm6_minus_tracheal	246584
All_dm6_minus_tracheal	246585
All_dm6_minus_tracheal	246587
All_dm6_minus_tracheal	246588
All_dm6_minus_tracheal	246589
All_dm6_minus_tracheal	246591
All_dm6_minus_tracheal	246593
All_dm6_minus_tracheal	246595
All_dm6_minus_tracheal	246596
All_dm6_minus_tracheal	246599
All_dm6_minus_tracheal	246600
All_dm6_minus_tracheal	246601
All_dm6_minus_tracheal	246603
All_dm6_minus_tracheal	246604
All_dm6_minus_tracheal	246605
All_dm6_minus_tracheal	246606
All_dm6_minus_tracheal	246608
All_dm6_minus_tracheal	246609
All_dm6_minus_tracheal	246610
All_dm6_minus_tracheal	246611
All_dm6_minus_tracheal	246616
All_dm6_minus_tracheal	246618
All_dm6_minus_tracheal	246620
All_dm6_minus_tracheal	246621
All_dm6_minus_tracheal	246624
All_dm6_minus_tracheal	246625
All_dm6_minus_tracheal	246629
All_dm6_minus_tracheal	246630
All_dm6_minus_tracheal	246631
All_dm6_minus_tracheal	246633
All_dm6_minus_tracheal	246634
All_dm6_minus_tracheal	246638
All_dm6_minus_tracheal	246640
All_dm6_minus_tracheal	246644
All_dm6_minus_tracheal	246645
All_dm6_minus_tracheal	246646
All_dm6_minus_tracheal	246647
All_dm6_minus_tracheal	246648
All_dm6_minus_tracheal	246650
All_dm6_minus_tracheal	246651
All_dm6_minus_tracheal	246652
All_dm6_minus_tracheal	246656
All_dm6_minus_tracheal	246659
All_dm6_minus_tracheal	246663
All_dm6_minus_tracheal	246666
All_dm6_minus_tracheal	246667
All_dm6_minus_tracheal	246668
All_dm6_minus_tracheal	246669
All_dm6_minus_tracheal	246670
All_dm6_minus_tracheal	246671
All_dm6_minus_tracheal	246672
All_dm6_minus_tracheal	246682
All_dm6_minus_tracheal	246793
All_dm6_minus_tracheal	246794
All_dm6_minus_tracheal	246795
All_dm6_minus_tracheal	246796
All_dm6_minus_tracheal	246797
All_dm6_minus_tracheal	246798
All_dm6_minus_tracheal	246799
All_dm6_minus_tracheal	246800
All_dm6_minus_tracheal	246801
All_dm6_minus_tracheal	246802
All_dm6_minus_tracheal	246803
All_dm6_minus_tracheal	246804
All_dm6_minus_tracheal	246805
All_dm6_minus_tracheal	246806
All_dm6_minus_tracheal	246807
All_dm6_minus_tracheal	246808
All_dm6_minus_tracheal	246809
All_dm6_minus_tracheal	246813
All_dm6_minus_tracheal	246814
All_dm6_minus_tracheal	246815
All_dm6_minus_tracheal	246818
All_dm6_minus_tracheal	246820
All_dm6_minus_tracheal	246825
All_dm6_minus_tracheal	246826
All_dm6_minus_tracheal	246830
All_dm6_minus_tracheal	246831
All_dm6_minus_tracheal	246832
All_dm6_minus_tracheal	246833
All_dm6_minus_tracheal	246834
All_dm6_minus_tracheal	246835
All_dm6_minus_tracheal	246837
All_dm6_minus_tracheal	246838
All_dm6_minus_tracheal	246839
All_dm6_minus_tracheal	246840
All_dm6_minus_tracheal	246841
All_dm6_minus_tracheal	246842
All_dm6_minus_tracheal	246845
All_dm6_minus_tracheal	246846
All_dm6_minus_tracheal	246847
All_dm6_minus_tracheal	246848
All_dm6_minus_tracheal	246849
All_dm6_minus_tracheal	246850
All_dm6_minus_tracheal	246853
All_dm6_minus_tracheal	246855
All_dm6_minus_tracheal	246857
All_dm6_minus_tracheal	246858
All_dm6_minus_tracheal	246859
All_dm6_minus_tracheal	246861
All_dm6_minus_tracheal	246862
All_dm6_minus_tracheal	246863
All_dm6_minus_tracheal	246864
All_dm6_minus_tracheal	246865
All_dm6_minus_tracheal	246866
All_dm6_minus_tracheal	246867
All_dm6_minus_tracheal	246868
All_dm6_minus_tracheal	246869
All_dm6_minus_tracheal	246870
All_dm6_minus_tracheal	246871
All_dm6_minus_tracheal	246874
All_dm6_minus_tracheal	246875
All_dm6_minus_tracheal	246876
All_dm6_minus_tracheal	246877
All_dm6_minus_tracheal	246879
All_dm6_minus_tracheal	246880
All_dm6_minus_tracheal	246881
All_dm6_minus_tracheal	246882
All_dm6_minus_tracheal	246883
All_dm6_minus_tracheal	246884
All_dm6_minus_tracheal	246885
All_dm6_minus_tracheal	246886
All_dm6_minus_tracheal	246887
All_dm6_minus_tracheal	246888
All_dm6_minus_tracheal	246889
All_dm6_minus_tracheal	246890
All_dm6_minus_tracheal	246891
All_dm6_minus_tracheal	246892
All_dm6_minus_tracheal	246893
All_dm6_minus_tracheal	246894
All_dm6_minus_tracheal	246895
All_dm6_minus_tracheal	246896
All_dm6_minus_tracheal	246897
All_dm6_minus_tracheal	246898
All_dm6_minus_tracheal	246899
All_dm6_minus_tracheal	246900
All_dm6_minus_tracheal	246901
All_dm6_minus_tracheal	246902
All_dm6_minus_tracheal	246903
All_dm6_minus_tracheal	246904
All_dm6_minus_tracheal	246905
All_dm6_minus_tracheal	246906
All_dm6_minus_tracheal	246907
All_dm6_minus_tracheal	246908
All_dm6_minus_tracheal	246909
All_dm6_minus_tracheal	246910
All_dm6_minus_tracheal	246911
All_dm6_minus_tracheal	246912
All_dm6_minus_tracheal	246913
All_dm6_minus_tracheal	246914
All_dm6_minus_tracheal	246915
All_dm6_minus_tracheal	246916
All_dm6_minus_tracheal	246917
All_dm6_minus_tracheal	246918
All_dm6_minus_tracheal	246919
All_dm6_minus_tracheal	246920
All_dm6_minus_tracheal	246921
All_dm6_minus_tracheal	246922
All_dm6_minus_tracheal	246923
All_dm6_minus_tracheal	246924
All_dm6_minus_tracheal	246926
All_dm6_minus_tracheal	246927
All_dm6_minus_tracheal	246930
All_dm6_minus_tracheal	246931
All_dm6_minus_tracheal	246932
All_dm6_minus_tracheal	246933
All_dm6_minus_tracheal	246934
All_dm6_minus_tracheal	246935
All_dm6_minus_tracheal	246936
All_dm6_minus_tracheal	246937
All_dm6_minus_tracheal	246938
All_dm6_minus_tracheal	246939
All_dm6_minus_tracheal	246940
All_dm6_minus_tracheal	246943
All_dm6_minus_tracheal	246944
All_dm6_minus_tracheal	246948
All_dm6_minus_tracheal	246951
All_dm6_minus_tracheal	246952
All_dm6_minus_tracheal	246953
All_dm6_minus_tracheal	246954
All_dm6_minus_tracheal	246955
All_dm6_minus_tracheal	246956
All_dm6_minus_tracheal	246958
All_dm6_minus_tracheal	246959
All_dm6_minus_tracheal	246960
All_dm6_minus_tracheal	246961
All_dm6_minus_tracheal	246962
All_dm6_minus_tracheal	246963
All_dm6_minus_tracheal	246964
All_dm6_minus_tracheal	246965
All_dm6_minus_tracheal	246966
All_dm6_minus_tracheal	246967
All_dm6_minus_tracheal	246968
All_dm6_minus_tracheal	246969
All_dm6_minus_tracheal	246970
All_dm6_minus_tracheal	246972
All_dm6_minus_tracheal	246973
All_dm6_minus_tracheal	246974
All_dm6_minus_tracheal	246975
All_dm6_minus_tracheal	246977
All_dm6_minus_tracheal	246978
All_dm6_minus_tracheal	246980
All_dm6_minus_tracheal	246981
All_dm6_minus_tracheal	246982
All_dm6_minus_tracheal	246983
All_dm6_minus_tracheal	246984
All_dm6_minus_tracheal	246985
All_dm6_minus_tracheal	246986
All_dm6_minus_tracheal	246987
All_dm6_minus_tracheal	246988
All_dm6_minus_tracheal	246989
All_dm6_minus_tracheal	246990
All_dm6_minus_tracheal	246991
All_dm6_minus_tracheal	246992
All_dm6_minus_tracheal	246993
All_dm6_minus_tracheal	246994
All_dm6_minus_tracheal	246995
All_dm6_minus_tracheal	246996
All_dm6_minus_tracheal	246997
All_dm6_minus_tracheal	246998
All_dm6_minus_tracheal	246999
All_dm6_minus_tracheal	247000
All_dm6_minus_tracheal	247001
All_dm6_minus_tracheal	247002
All_dm6_minus_tracheal	247003
All_dm6_minus_tracheal	247005
All_dm6_minus_tracheal	247006
All_dm6_minus_tracheal	247007
All_dm6_minus_tracheal	247009
All_dm6_minus_tracheal	247011
All_dm6_minus_tracheal	247012
All_dm6_minus_tracheal	247014
All_dm6_minus_tracheal	247016
All_dm6_minus_tracheal	247017
All_dm6_minus_tracheal	247018
All_dm6_minus_tracheal	247019
All_dm6_minus_tracheal	247020
All_dm6_minus_tracheal	247021
All_dm6_minus_tracheal	247022
All_dm6_minus_tracheal	247023
All_dm6_minus_tracheal	247024
All_dm6_minus_tracheal	247025
All_dm6_minus_tracheal	247026
All_dm6_minus_tracheal	247027
All_dm6_minus_tracheal	247029
All_dm6_minus_tracheal	247030
All_dm6_minus_tracheal	247033
All_dm6_minus_tracheal	247034
All_dm6_minus_tracheal	247035
All_dm6_minus_tracheal	247037
All_dm6_minus_tracheal	247038
All_dm6_minus_tracheal	247041
All_dm6_minus_tracheal	247042
All_dm6_minus_tracheal	247043
All_dm6_minus_tracheal	247046
All_dm6_minus_tracheal	247047
All_dm6_minus_tracheal	247048
All_dm6_minus_tracheal	247049
All_dm6_minus_tracheal	247050
All_dm6_minus_tracheal	247054
All_dm6_minus_tracheal	247055
All_dm6_minus_tracheal	247056
All_dm6_minus_tracheal	247057
All_dm6_minus_tracheal	247058
All_dm6_minus_tracheal	247059
All_dm6_minus_tracheal	247060
All_dm6_minus_tracheal	247061
All_dm6_minus_tracheal	247062
All_dm6_minus_tracheal	247063
All_dm6_minus_tracheal	247064
All_dm6_minus_tracheal	247065
All_dm6_minus_tracheal	247066
All_dm6_minus_tracheal	247067
All_dm6_minus_tracheal	247068
All_dm6_minus_tracheal	247070
All_dm6_minus_tracheal	247071
All_dm6_minus_tracheal	247072
All_dm6_minus_tracheal	247073
All_dm6_minus_tracheal	247074
All_dm6_minus_tracheal	247075
All_dm6_minus_tracheal	247076
All_dm6_minus_tracheal	247077
All_dm6_minus_tracheal	247078
All_dm6_minus_tracheal	247079
All_dm6_minus_tracheal	247080
All_dm6_minus_tracheal	247081
All_dm6_minus_tracheal	247082
All_dm6_minus_tracheal	247083
All_dm6_minus_tracheal	247084
All_dm6_minus_tracheal	247085
All_dm6_minus_tracheal	247086
All_dm6_minus_tracheal	247087
All_dm6_minus_tracheal	247088
All_dm6_minus_tracheal	247089
All_dm6_minus_tracheal	247090
All_dm6_minus_tracheal	247091
All_dm6_minus_tracheal	247092
All_dm6_minus_tracheal	247093
All_dm6_minus_tracheal	247094
All_dm6_minus_tracheal	247095
All_dm6_minus_tracheal	247096
All_dm6_minus_tracheal	247097
All_dm6_minus_tracheal	247098
All_dm6_minus_tracheal	247099
All_dm6_minus_tracheal	247100
All_dm6_minus_tracheal	247101
All_dm6_minus_tracheal	247102
All_dm6_minus_tracheal	247103
All_dm6_minus_tracheal	247104
All_dm6_minus_tracheal	247105
All_dm6_minus_tracheal	247106
All_dm6_minus_tracheal	247107
All_dm6_minus_tracheal	247108
All_dm6_minus_tracheal	247109
All_dm6_minus_tracheal	247110
All_dm6_minus_tracheal	247111
All_dm6_minus_tracheal	247112
All_dm6_minus_tracheal	247113
All_dm6_minus_tracheal	247114
All_dm6_minus_tracheal	247115
All_dm6_minus_tracheal	247116
All_dm6_minus_tracheal	247117
All_dm6_minus_tracheal	247118
All_dm6_minus_tracheal	247119
All_dm6_minus_tracheal	247120
All_dm6_minus_tracheal	247121
All_dm6_minus_tracheal	247122
All_dm6_minus_tracheal	247123
All_dm6_minus_tracheal	247124
All_dm6_minus_tracheal	247125
All_dm6_minus_tracheal	247126
All_dm6_minus_tracheal	247127
All_dm6_minus_tracheal	247128
All_dm6_minus_tracheal	247129
All_dm6_minus_tracheal	247130
All_dm6_minus_tracheal	247131
All_dm6_minus_tracheal	247133
All_dm6_minus_tracheal	247135
All_dm6_minus_tracheal	247137
All_dm6_minus_tracheal	247138
All_dm6_minus_tracheal	247140
All_dm6_minus_tracheal	247141
All_dm6_minus_tracheal	247142
All_dm6_minus_tracheal	247143
All_dm6_minus_tracheal	247144
All_dm6_minus_tracheal	247145
All_dm6_minus_tracheal	247146
All_dm6_minus_tracheal	247147
All_dm6_minus_tracheal	247148
All_dm6_minus_tracheal	247149
All_dm6_minus_tracheal	247150
All_dm6_minus_tracheal	247151
All_dm6_minus_tracheal	247152
All_dm6_minus_tracheal	247153
All_dm6_minus_tracheal	247154
All_dm6_minus_tracheal	247155
All_dm6_minus_tracheal	247156
All_dm6_minus_tracheal	247157
All_dm6_minus_tracheal	247158
All_dm6_minus_tracheal	247159
All_dm6_minus_tracheal	247160
All_dm6_minus_tracheal	247161
All_dm6_minus_tracheal	247162
All_dm6_minus_tracheal	247163
All_dm6_minus_tracheal	247164
All_dm6_minus_tracheal	247165
All_dm6_minus_tracheal	247166
All_dm6_minus_tracheal	247167
All_dm6_minus_tracheal	247168
All_dm6_minus_tracheal	247169
All_dm6_minus_tracheal	247170
All_dm6_minus_tracheal	247171
All_dm6_minus_tracheal	247172
All_dm6_minus_tracheal	247173
All_dm6_minus_tracheal	247174
All_dm6_minus_tracheal	247175
All_dm6_minus_tracheal	247176
All_dm6_minus_tracheal	247177
All_dm6_minus_tracheal	247178
All_dm6_minus_tracheal	247179
All_dm6_minus_tracheal	247180
All_dm6_minus_tracheal	247181
All_dm6_minus_tracheal	247182
All_dm6_minus_tracheal	247183
All_dm6_minus_tracheal	247184
All_dm6_minus_tracheal	247185
All_dm6_minus_tracheal	247186
All_dm6_minus_tracheal	247187
All_dm6_minus_tracheal	247188
All_dm6_minus_tracheal	247189
All_dm6_minus_tracheal	247190
All_dm6_minus_tracheal	247191
All_dm6_minus_tracheal	247192
All_dm6_minus_tracheal	247193
All_dm6_minus_tracheal	247194
All_dm6_minus_tracheal	247195
All_dm6_minus_tracheal	247196
All_dm6_minus_tracheal	247197
All_dm6_minus_tracheal	247198
All_dm6_minus_tracheal	247199
All_dm6_minus_tracheal	247200
All_dm6_minus_tracheal	247204
All_dm6_minus_tracheal	247205
All_dm6_minus_tracheal	247206
All_dm6_minus_tracheal	247209
All_dm6_minus_tracheal	247210
All_dm6_minus_tracheal	247211
All_dm6_minus_tracheal	247219
All_dm6_minus_tracheal	247220
All_dm6_minus_tracheal	247226
All_dm6_minus_tracheal	247228
All_dm6_minus_tracheal	247234
All_dm6_minus_tracheal	247236
All_dm6_minus_tracheal	247237
All_dm6_minus_tracheal	247238
All_dm6_minus_tracheal	247239
All_dm6_minus_tracheal	247240
All_dm6_minus_tracheal	247241
All_dm6_minus_tracheal	247242
All_dm6_minus_tracheal	247245
All_dm6_minus_tracheal	247246
All_dm6_minus_tracheal	247247
All_dm6_minus_tracheal	247248
All_dm6_minus_tracheal	247249
All_dm6_minus_tracheal	247250
All_dm6_minus_tracheal	247253
All_dm6_minus_tracheal	247254
All_dm6_minus_tracheal	247255
All_dm6_minus_tracheal	247256
All_dm6_minus_tracheal	247257
All_dm6_minus_tracheal	247258
All_dm6_minus_tracheal	247260
All_dm6_minus_tracheal	247261
All_dm6_minus_tracheal	247264
All_dm6_minus_tracheal	247265
All_dm6_minus_tracheal	247266
All_dm6_minus_tracheal	247267
All_dm6_minus_tracheal	247268
All_dm6_minus_tracheal	247269
All_dm6_minus_tracheal	247270
All_dm6_minus_tracheal	247271
All_dm6_minus_tracheal	247272
All_dm6_minus_tracheal	247275
All_dm6_minus_tracheal	247276
All_dm6_minus_tracheal	247277
All_dm6_minus_tracheal	247281
All_dm6_minus_tracheal	247284
All_dm6_minus_tracheal	247285
All_dm6_minus_tracheal	247286
All_dm6_minus_tracheal	247287
All_dm6_minus_tracheal	247288
All_dm6_minus_tracheal	247289
All_dm6_minus_tracheal	247292
All_dm6_minus_tracheal	247293
All_dm6_minus_tracheal	247297
All_dm6_minus_tracheal	247298
All_dm6_minus_tracheal	247300
All_dm6_minus_tracheal	247301
All_dm6_minus_tracheal	247302
All_dm6_minus_tracheal	247303
All_dm6_minus_tracheal	247304
All_dm6_minus_tracheal	247305
All_dm6_minus_tracheal	247306
All_dm6_minus_tracheal	247307
All_dm6_minus_tracheal	247308
All_dm6_minus_tracheal	247309
All_dm6_minus_tracheal	247310
All_dm6_minus_tracheal	247311
All_dm6_minus_tracheal	247313
All_dm6_minus_tracheal	247314
All_dm6_minus_tracheal	247315
All_dm6_minus_tracheal	247316
All_dm6_minus_tracheal	247317
All_dm6_minus_tracheal	247318
All_dm6_minus_tracheal	247319
All_dm6_minus_tracheal	247320
All_dm6_minus_tracheal	247321
All_dm6_minus_tracheal	247322
All_dm6_minus_tracheal	247323
All_dm6_minus_tracheal	247324
All_dm6_minus_tracheal	247325
All_dm6_minus_tracheal	247326
All_dm6_minus_tracheal	247327
All_dm6_minus_tracheal	247328
All_dm6_minus_tracheal	247329
All_dm6_minus_tracheal	247330
All_dm6_minus_tracheal	247331
All_dm6_minus_tracheal	247332
All_dm6_minus_tracheal	247333
All_dm6_minus_tracheal	247334
All_dm6_minus_tracheal	247335
All_dm6_minus_tracheal	247336
All_dm6_minus_tracheal	247337
All_dm6_minus_tracheal	247338
All_dm6_minus_tracheal	247339
All_dm6_minus_tracheal	247340
All_dm6_minus_tracheal	247341
All_dm6_minus_tracheal	247342
All_dm6_minus_tracheal	247343
All_dm6_minus_tracheal	247344
All_dm6_minus_tracheal	247345
All_dm6_minus_tracheal	247346
All_dm6_minus_tracheal	247347
All_dm6_minus_tracheal	247348
All_dm6_minus_tracheal	247349
All_dm6_minus_tracheal	247350
All_dm6_minus_tracheal	247353
All_dm6_minus_tracheal	247354
All_dm6_minus_tracheal	247437
All_dm6_minus_tracheal	247438
All_dm6_minus_tracheal	247443
All_dm6_minus_tracheal	247444
All_dm6_minus_tracheal	247445
All_dm6_minus_tracheal	247446
All_dm6_minus_tracheal	247448
All_dm6_minus_tracheal	247509
All_dm6_minus_tracheal	247510
All_dm6_minus_tracheal	247513
All_dm6_minus_tracheal	247514
All_dm6_minus_tracheal	247515
All_dm6_minus_tracheal	247516
All_dm6_minus_tracheal	247517
All_dm6_minus_tracheal	247518
All_dm6_minus_tracheal	247519
All_dm6_minus_tracheal	247522
All_dm6_minus_tracheal	247523
All_dm6_minus_tracheal	247536
All_dm6_minus_tracheal	247538
All_dm6_minus_tracheal	247539
All_dm6_minus_tracheal	247540
All_dm6_minus_tracheal	247541
All_dm6_minus_tracheal	247542
All_dm6_minus_tracheal	247548
All_dm6_minus_tracheal	247549
All_dm6_minus_tracheal	247550
All_dm6_minus_tracheal	247551
All_dm6_minus_tracheal	247552
All_dm6_minus_tracheal	247553
All_dm6_minus_tracheal	247554
All_dm6_minus_tracheal	247555
All_dm6_minus_tracheal	247556
All_dm6_minus_tracheal	247557
All_dm6_minus_tracheal	247558
All_dm6_minus_tracheal	247559
All_dm6_minus_tracheal	247560
All_dm6_minus_tracheal	247561
All_dm6_minus_tracheal	247562
All_dm6_minus_tracheal	247563
All_dm6_minus_tracheal	247564
All_dm6_minus_tracheal	247565
All_dm6_minus_tracheal	247566
All_dm6_minus_tracheal	247567
All_dm6_minus_tracheal	247568
All_dm6_minus_tracheal	247569
All_dm6_minus_tracheal	247570
All_dm6_minus_tracheal	247571
All_dm6_minus_tracheal	247572
All_dm6_minus_tracheal	247573
All_dm6_minus_tracheal	247574
All_dm6_minus_tracheal	247575
All_dm6_minus_tracheal	247576
All_dm6_minus_tracheal	247577
All_dm6_minus_tracheal	247578
All_dm6_minus_tracheal	247579
All_dm6_minus_tracheal	247580
All_dm6_minus_tracheal	247581
All_dm6_minus_tracheal	247582
All_dm6_minus_tracheal	247583
All_dm6_minus_tracheal	247584
All_dm6_minus_tracheal	247585
All_dm6_minus_tracheal	247586
All_dm6_minus_tracheal	247587
All_dm6_minus_tracheal	247588
All_dm6_minus_tracheal	247589
All_dm6_minus_tracheal	247590
All_dm6_minus_tracheal	247594
All_dm6_minus_tracheal	247595
All_dm6_minus_tracheal	247596
All_dm6_minus_tracheal	247597
All_dm6_minus_tracheal	247598
All_dm6_minus_tracheal	247599
All_dm6_minus_tracheal	247600
All_dm6_minus_tracheal	247601
All_dm6_minus_tracheal	247604
All_dm6_minus_tracheal	247605
All_dm6_minus_tracheal	247606
All_dm6_minus_tracheal	247607
All_dm6_minus_tracheal	247608
All_dm6_minus_tracheal	247609
All_dm6_minus_tracheal	247613
All_dm6_minus_tracheal	247614
All_dm6_minus_tracheal	247615
All_dm6_minus_tracheal	247617
All_dm6_minus_tracheal	247618
All_dm6_minus_tracheal	247634
All_dm6_minus_tracheal	247635
All_dm6_minus_tracheal	247636
All_dm6_minus_tracheal	247657
All_dm6_minus_tracheal	247658
All_dm6_minus_tracheal	247688
All_dm6_minus_tracheal	247701
All_dm6_minus_tracheal	247703
All_dm6_minus_tracheal	247726
All_dm6_minus_tracheal	247727
All_dm6_minus_tracheal	247728
All_dm6_minus_tracheal	247731
All_dm6_minus_tracheal	247732
All_dm6_minus_tracheal	247733
All_dm6_minus_tracheal	247742
All_dm6_minus_tracheal	247744
All_dm6_minus_tracheal	247745
All_dm6_minus_tracheal	247746
All_dm6_minus_tracheal	247747
All_dm6_minus_tracheal	247748
All_dm6_minus_tracheal	247749
All_dm6_minus_tracheal	247750
All_dm6_minus_tracheal	247752
All_dm6_minus_tracheal	247754
All_dm6_minus_tracheal	247755
All_dm6_minus_tracheal	247756
All_dm6_minus_tracheal	247765
All_dm6_minus_tracheal	247774
All_dm6_minus_tracheal	247775
All_dm6_minus_tracheal	247776
All_dm6_minus_tracheal	247777
All_dm6_minus_tracheal	247780
All_dm6_minus_tracheal	247781
All_dm6_minus_tracheal	247791
All_dm6_minus_tracheal	247792
All_dm6_minus_tracheal	247796
All_dm6_minus_tracheal	247800
All_dm6_minus_tracheal	247804
All_dm6_minus_tracheal	247806
All_dm6_minus_tracheal	247811
All_dm6_minus_tracheal	247818
All_dm6_minus_tracheal	247828
All_dm6_minus_tracheal	247830
All_dm6_minus_tracheal	247835
All_dm6_minus_tracheal	247837
All_dm6_minus_tracheal	247838
All_dm6_minus_tracheal	247841
All_dm6_minus_tracheal	247846
All_dm6_minus_tracheal	247848
All_dm6_minus_tracheal	247852
All_dm6_minus_tracheal	247854
All_dm6_minus_tracheal	247861
All_dm6_minus_tracheal	247863
All_dm6_minus_tracheal	247867
All_dm6_minus_tracheal	247872
All_dm6_minus_tracheal	247875
All_dm6_minus_tracheal	247878
All_dm6_minus_tracheal	247881
All_dm6_minus_tracheal	247917
All_dm6_minus_tracheal	247918
All_dm6_minus_tracheal	247919
All_dm6_minus_tracheal	247920
All_dm6_minus_tracheal	247921
All_dm6_minus_tracheal	247922
All_dm6_minus_tracheal	247923
All_dm6_minus_tracheal	247924
All_dm6_minus_tracheal	247925
All_dm6_minus_tracheal	247926
All_dm6_minus_tracheal	247927
All_dm6_minus_tracheal	247928
All_dm6_minus_tracheal	247929
All_dm6_minus_tracheal	247930
All_dm6_minus_tracheal	247932
All_dm6_minus_tracheal	247936
All_dm6_minus_tracheal	247942
All_dm6_minus_tracheal	247943
All_dm6_minus_tracheal	247945
All_dm6_minus_tracheal	247952
All_dm6_minus_tracheal	247962
All_dm6_minus_tracheal	247972
All_dm6_minus_tracheal	247976
All_dm6_minus_tracheal	247977
All_dm6_minus_tracheal	247980
All_dm6_minus_tracheal	247995
All_dm6_minus_tracheal	247997
All_dm6_minus_tracheal	248007
All_dm6_minus_tracheal	248008
All_dm6_minus_tracheal	248009
All_dm6_minus_tracheal	248015
All_dm6_minus_tracheal	248022
All_dm6_minus_tracheal	248023
All_dm6_minus_tracheal	248024
All_dm6_minus_tracheal	248025
All_dm6_minus_tracheal	248026
All_dm6_minus_tracheal	248027
All_dm6_minus_tracheal	248028
All_dm6_minus_tracheal	248029
All_dm6_minus_tracheal	248030
All_dm6_minus_tracheal	248031
All_dm6_minus_tracheal	248042
All_dm6_minus_tracheal	248043
All_dm6_minus_tracheal	248044
All_dm6_minus_tracheal	248045
All_dm6_minus_tracheal	248047
All_dm6_minus_tracheal	248048
All_dm6_minus_tracheal	248082
All_dm6_minus_tracheal	248102
All_dm6_minus_tracheal	248105
All_dm6_minus_tracheal	248106
All_dm6_minus_tracheal	248107
All_dm6_minus_tracheal	248108
All_dm6_minus_tracheal	248109
All_dm6_minus_tracheal	248110
All_dm6_minus_tracheal	248111
All_dm6_minus_tracheal	248112
All_dm6_minus_tracheal	248113
All_dm6_minus_tracheal	248114
All_dm6_minus_tracheal	248119
All_dm6_minus_tracheal	248122
All_dm6_minus_tracheal	248123
All_dm6_minus_tracheal	248126
All_dm6_minus_tracheal	248135
All_dm6_minus_tracheal	248137
All_dm6_minus_tracheal	248139
All_dm6_minus_tracheal	248141
All_dm6_minus_tracheal	248142
All_dm6_minus_tracheal	248150
All_dm6_minus_tracheal	248159
All_dm6_minus_tracheal	248160
All_dm6_minus_tracheal	248161
All_dm6_minus_tracheal	248166
All_dm6_minus_tracheal	248169
All_dm6_minus_tracheal	248171
All_dm6_minus_tracheal	248172
All_dm6_minus_tracheal	248175
All_dm6_minus_tracheal	248177
All_dm6_minus_tracheal	248182
All_dm6_minus_tracheal	248184
All_dm6_minus_tracheal	248186
All_dm6_minus_tracheal	248187
All_dm6_minus_tracheal	248192
All_dm6_minus_tracheal	248194
All_dm6_minus_tracheal	248200
All_dm6_minus_tracheal	248208
All_dm6_minus_tracheal	248212
All_dm6_minus_tracheal	248213
All_dm6_minus_tracheal	248231
All_dm6_minus_tracheal	248235
All_dm6_minus_tracheal	248239
All_dm6_minus_tracheal	248246
All_dm6_minus_tracheal	248280
All_dm6_minus_tracheal	248291
All_dm6_minus_tracheal	248292
All_dm6_minus_tracheal	248293
All_dm6_minus_tracheal	248294
All_dm6_minus_tracheal	248295
All_dm6_minus_tracheal	248296
All_dm6_minus_tracheal	248297
All_dm6_minus_tracheal	248299
All_dm6_minus_tracheal	248300
All_dm6_minus_tracheal	248301
All_dm6_minus_tracheal	248306
All_dm6_minus_tracheal	248308
All_dm6_minus_tracheal	248311
All_dm6_minus_tracheal	248315
All_dm6_minus_tracheal	248316
All_dm6_minus_tracheal	248321
All_dm6_minus_tracheal	248323
All_dm6_minus_tracheal	248326
All_dm6_minus_tracheal	248335
All_dm6_minus_tracheal	248338
All_dm6_minus_tracheal	248344
All_dm6_minus_tracheal	248358
All_dm6_minus_tracheal	248381
All_dm6_minus_tracheal	248382
All_dm6_minus_tracheal	248385
All_dm6_minus_tracheal	248402
All_dm6_minus_tracheal	248405
All_dm6_minus_tracheal	248408
All_dm6_minus_tracheal	248447
All_dm6_minus_tracheal	248449
All_dm6_minus_tracheal	248450
All_dm6_minus_tracheal	248451
All_dm6_minus_tracheal	248453
All_dm6_minus_tracheal	248455
All_dm6_minus_tracheal	248456
All_dm6_minus_tracheal	248458
All_dm6_minus_tracheal	248459
All_dm6_minus_tracheal	248460
All_dm6_minus_tracheal	248461
All_dm6_minus_tracheal	248462
All_dm6_minus_tracheal	248463
All_dm6_minus_tracheal	248464
All_dm6_minus_tracheal	248465
All_dm6_minus_tracheal	248466
All_dm6_minus_tracheal	248467
All_dm6_minus_tracheal	248468
All_dm6_minus_tracheal	248478
All_dm6_minus_tracheal	248480
All_dm6_minus_tracheal	248490
All_dm6_minus_tracheal	248500
All_dm6_minus_tracheal	248509
All_dm6_minus_tracheal	248520
All_dm6_minus_tracheal	248521
All_dm6_minus_tracheal	248522
All_dm6_minus_tracheal	248523
All_dm6_minus_tracheal	248524
All_dm6_minus_tracheal	248530
All_dm6_minus_tracheal	248533
All_dm6_minus_tracheal	248538
All_dm6_minus_tracheal	248539
All_dm6_minus_tracheal	248540
All_dm6_minus_tracheal	248548
All_dm6_minus_tracheal	248552
All_dm6_minus_tracheal	248555
All_dm6_minus_tracheal	248570
All_dm6_minus_tracheal	248586
All_dm6_minus_tracheal	248611
All_dm6_minus_tracheal	248612
All_dm6_minus_tracheal	248613
All_dm6_minus_tracheal	248614
All_dm6_minus_tracheal	248615
All_dm6_minus_tracheal	248616
All_dm6_minus_tracheal	248617
All_dm6_minus_tracheal	248618
All_dm6_minus_tracheal	248619
All_dm6_minus_tracheal	248620
All_dm6_minus_tracheal	248625
All_dm6_minus_tracheal	248631
All_dm6_minus_tracheal	248636
All_dm6_minus_tracheal	248638
All_dm6_minus_tracheal	248645
All_dm6_minus_tracheal	248652
All_dm6_minus_tracheal	248654
All_dm6_minus_tracheal	248656
All_dm6_minus_tracheal	248664
All_dm6_minus_tracheal	248669
All_dm6_minus_tracheal	248672
All_dm6_minus_tracheal	248676
All_dm6_minus_tracheal	248685
All_dm6_minus_tracheal	248686
All_dm6_minus_tracheal	248687
All_dm6_minus_tracheal	248690
All_dm6_minus_tracheal	248692
All_dm6_minus_tracheal	248694
All_dm6_minus_tracheal	248696
All_dm6_minus_tracheal	248698
All_dm6_minus_tracheal	248701
All_dm6_minus_tracheal	248704
All_dm6_minus_tracheal	248705
All_dm6_minus_tracheal	248706
All_dm6_minus_tracheal	248709
All_dm6_minus_tracheal	248711
All_dm6_minus_tracheal	248713
All_dm6_minus_tracheal	248715
All_dm6_minus_tracheal	248718
All_dm6_minus_tracheal	248760
All_dm6_minus_tracheal	248761
All_dm6_minus_tracheal	248762
All_dm6_minus_tracheal	248763
All_dm6_minus_tracheal	248764
All_dm6_minus_tracheal	248765
All_dm6_minus_tracheal	248766
All_dm6_minus_tracheal	248767
All_dm6_minus_tracheal	248772
All_dm6_minus_tracheal	248779
All_dm6_minus_tracheal	248781
All_dm6_minus_tracheal	248782
All_dm6_minus_tracheal	248786
All_dm6_minus_tracheal	248788
All_dm6_minus_tracheal	248790
All_dm6_minus_tracheal	248791
All_dm6_minus_tracheal	248794
All_dm6_minus_tracheal	248796
All_dm6_minus_tracheal	248799
All_dm6_minus_tracheal	248800
All_dm6_minus_tracheal	248804
All_dm6_minus_tracheal	248807
All_dm6_minus_tracheal	248808
All_dm6_minus_tracheal	248811
All_dm6_minus_tracheal	248815
All_dm6_minus_tracheal	248818
All_dm6_minus_tracheal	248819
All_dm6_minus_tracheal	248822
All_dm6_minus_tracheal	248825
All_dm6_minus_tracheal	248827
All_dm6_minus_tracheal	248830
All_dm6_minus_tracheal	248832
All_dm6_minus_tracheal	248833
All_dm6_minus_tracheal	248836
All_dm6_minus_tracheal	248838
All_dm6_minus_tracheal	248841
All_dm6_minus_tracheal	248845
All_dm6_minus_tracheal	248846
All_dm6_minus_tracheal	248850
All_dm6_minus_tracheal	248854
All_dm6_minus_tracheal	248856
All_dm6_minus_tracheal	248858
All_dm6_minus_tracheal	248862
All_dm6_minus_tracheal	248871
All_dm6_minus_tracheal	248875
All_dm6_minus_tracheal	248878
All_dm6_minus_tracheal	248909
All_dm6_minus_tracheal	248915
All_dm6_minus_tracheal	248916
All_dm6_minus_tracheal	248917
All_dm6_minus_tracheal	248919
All_dm6_minus_tracheal	248928
All_dm6_minus_tracheal	248929
All_dm6_minus_tracheal	248930
All_dm6_minus_tracheal	248931
All_dm6_minus_tracheal	248932
All_dm6_minus_tracheal	248933
All_dm6_minus_tracheal	248935
All_dm6_minus_tracheal	248937
All_dm6_minus_tracheal	248938
All_dm6_minus_tracheal	248939
All_dm6_minus_tracheal	248940
All_dm6_minus_tracheal	248942
All_dm6_minus_tracheal	248944
All_dm6_minus_tracheal	248949
All_dm6_minus_tracheal	248954
All_dm6_minus_tracheal	248955
All_dm6_minus_tracheal	248962
All_dm6_minus_tracheal	248963
All_dm6_minus_tracheal	248964
All_dm6_minus_tracheal	248965
All_dm6_minus_tracheal	248967
All_dm6_minus_tracheal	248968
All_dm6_minus_tracheal	248969
All_dm6_minus_tracheal	248970
All_dm6_minus_tracheal	248971
All_dm6_minus_tracheal	248972
All_dm6_minus_tracheal	248973
All_dm6_minus_tracheal	248974
All_dm6_minus_tracheal	248975
All_dm6_minus_tracheal	248976
All_dm6_minus_tracheal	248977
All_dm6_minus_tracheal	248978
All_dm6_minus_tracheal	248979
All_dm6_minus_tracheal	248980
All_dm6_minus_tracheal	248981
All_dm6_minus_tracheal	248982
All_dm6_minus_tracheal	248983
All_dm6_minus_tracheal	248984
All_dm6_minus_tracheal	248985
All_dm6_minus_tracheal	248986
All_dm6_minus_tracheal	248987
All_dm6_minus_tracheal	248988
All_dm6_minus_tracheal	248999
All_dm6_minus_tracheal	249000
All_dm6_minus_tracheal	249001
All_dm6_minus_tracheal	249002
All_dm6_minus_tracheal	249003
All_dm6_minus_tracheal	249004
All_dm6_minus_tracheal	249005
All_dm6_minus_tracheal	249006
All_dm6_minus_tracheal	249007
All_dm6_minus_tracheal	249008
All_dm6_minus_tracheal	249009
All_dm6_minus_tracheal	249010
All_dm6_minus_tracheal	249011
All_dm6_minus_tracheal	249012
All_dm6_minus_tracheal	249013
All_dm6_minus_tracheal	249014
All_dm6_minus_tracheal	249015
All_dm6_minus_tracheal	249016
All_dm6_minus_tracheal	249017
All_dm6_minus_tracheal	249018
All_dm6_minus_tracheal	249019
All_dm6_minus_tracheal	249020
All_dm6_minus_tracheal	249021
All_dm6_minus_tracheal	249022
All_dm6_minus_tracheal	249023
All_dm6_minus_tracheal	249025
All_dm6_minus_tracheal	249026
All_dm6_minus_tracheal	249027
All_dm6_minus_tracheal	249028
All_dm6_minus_tracheal	249031
All_dm6_minus_tracheal	249032
All_dm6_minus_tracheal	249033
All_dm6_minus_tracheal	249034
All_dm6_minus_tracheal	249035
All_dm6_minus_tracheal	249036
All_dm6_minus_tracheal	249037
All_dm6_minus_tracheal	249038
All_dm6_minus_tracheal	249039
All_dm6_minus_tracheal	249040
All_dm6_minus_tracheal	249041
All_dm6_minus_tracheal	249042
All_dm6_minus_tracheal	249043
All_dm6_minus_tracheal	249044
All_dm6_minus_tracheal	249045
All_dm6_minus_tracheal	249046
All_dm6_minus_tracheal	249047
All_dm6_minus_tracheal	249048
All_dm6_minus_tracheal	249049
All_dm6_minus_tracheal	249050
All_dm6_minus_tracheal	249051
All_dm6_minus_tracheal	249052
All_dm6_minus_tracheal	249054
All_dm6_minus_tracheal	249055
All_dm6_minus_tracheal	249056
All_dm6_minus_tracheal	249057
All_dm6_minus_tracheal	249058
All_dm6_minus_tracheal	249059
All_dm6_minus_tracheal	249060
All_dm6_minus_tracheal	249061
All_dm6_minus_tracheal	249062
All_dm6_minus_tracheal	249063
All_dm6_minus_tracheal	249064
All_dm6_minus_tracheal	249065
All_dm6_minus_tracheal	249066
All_dm6_minus_tracheal	249068
All_dm6_minus_tracheal	249069
All_dm6_minus_tracheal	249070
All_dm6_minus_tracheal	249072
All_dm6_minus_tracheal	249073
All_dm6_minus_tracheal	249075
All_dm6_minus_tracheal	249077
All_dm6_minus_tracheal	249079
All_dm6_minus_tracheal	249080
All_dm6_minus_tracheal	249081
All_dm6_minus_tracheal	249082
All_dm6_minus_tracheal	249083
All_dm6_minus_tracheal	249084
All_dm6_minus_tracheal	249085
All_dm6_minus_tracheal	249086
All_dm6_minus_tracheal	249087
All_dm6_minus_tracheal	249088
All_dm6_minus_tracheal	249089
All_dm6_minus_tracheal	249090
All_dm6_minus_tracheal	249094
All_dm6_minus_tracheal	249095
All_dm6_minus_tracheal	249096
All_dm6_minus_tracheal	249097
All_dm6_minus_tracheal	249098
All_dm6_minus_tracheal	249099
All_dm6_minus_tracheal	249100
All_dm6_minus_tracheal	249101
All_dm6_minus_tracheal	249102
All_dm6_minus_tracheal	249103
All_dm6_minus_tracheal	249104
All_dm6_minus_tracheal	249105
All_dm6_minus_tracheal	249109
All_dm6_minus_tracheal	249145
All_dm6_minus_tracheal	249156
All_dm6_minus_tracheal	249157
All_dm6_minus_tracheal	249170
All_dm6_minus_tracheal	249276
All_dm6_minus_tracheal	249277
All_dm6_minus_tracheal	249278
All_dm6_minus_tracheal	249289
All_dm6_minus_tracheal	249290
All_dm6_minus_tracheal	249338
All_dm6_minus_tracheal	249340
All_dm6_minus_tracheal	249341
All_dm6_minus_tracheal	249342
All_dm6_minus_tracheal	249354
All_dm6_minus_tracheal	249355
All_dm6_minus_tracheal	249359
All_dm6_minus_tracheal	249361
All_dm6_minus_tracheal	249362
All_dm6_minus_tracheal	249382
All_dm6_minus_tracheal	249383
All_dm6_minus_tracheal	249384
All_dm6_minus_tracheal	249385
All_dm6_minus_tracheal	249386
All_dm6_minus_tracheal	249387
All_dm6_minus_tracheal	249388
All_dm6_minus_tracheal	249389
All_dm6_minus_tracheal	249390
All_dm6_minus_tracheal	249391
All_dm6_minus_tracheal	249392
All_dm6_minus_tracheal	249393
All_dm6_minus_tracheal	249394
All_dm6_minus_tracheal	249395
All_dm6_minus_tracheal	249396
All_dm6_minus_tracheal	249397
All_dm6_minus_tracheal	249398
All_dm6_minus_tracheal	249399
All_dm6_minus_tracheal	249400
All_dm6_minus_tracheal	249401
All_dm6_minus_tracheal	249402
All_dm6_minus_tracheal	249403
All_dm6_minus_tracheal	249404
All_dm6_minus_tracheal	249405
All_dm6_minus_tracheal	249406
All_dm6_minus_tracheal	249407
All_dm6_minus_tracheal	249408
All_dm6_minus_tracheal	249409
All_dm6_minus_tracheal	249410
All_dm6_minus_tracheal	249411
All_dm6_minus_tracheal	249412
All_dm6_minus_tracheal	249413
All_dm6_minus_tracheal	249414
All_dm6_minus_tracheal	249415
All_dm6_minus_tracheal	249416
All_dm6_minus_tracheal	249417
All_dm6_minus_tracheal	249418
All_dm6_minus_tracheal	249419
All_dm6_minus_tracheal	249420
All_dm6_minus_tracheal	249421
All_dm6_minus_tracheal	249422
All_dm6_minus_tracheal	249423
All_dm6_minus_tracheal	249424
All_dm6_minus_tracheal	249425
All_dm6_minus_tracheal	249426
All_dm6_minus_tracheal	249427
All_dm6_minus_tracheal	249428
All_dm6_minus_tracheal	249429
All_dm6_minus_tracheal	249430
All_dm6_minus_tracheal	249431
All_dm6_minus_tracheal	249432
All_dm6_minus_tracheal	249433
All_dm6_minus_tracheal	249434
All_dm6_minus_tracheal	249435
All_dm6_minus_tracheal	249436
All_dm6_minus_tracheal	249437
All_dm6_minus_tracheal	249438
All_dm6_minus_tracheal	249439
All_dm6_minus_tracheal	249440
All_dm6_minus_tracheal	249441
All_dm6_minus_tracheal	249442
All_dm6_minus_tracheal	249443
All_dm6_minus_tracheal	249459
All_dm6_minus_tracheal	249460
All_dm6_minus_tracheal	249461
All_dm6_minus_tracheal	249464
All_dm6_minus_tracheal	249465
All_dm6_minus_tracheal	249466
All_dm6_minus_tracheal	249467
All_dm6_minus_tracheal	249468
All_dm6_minus_tracheal	249469
All_dm6_minus_tracheal	249470
All_dm6_minus_tracheal	249471
All_dm6_minus_tracheal	249472
All_dm6_minus_tracheal	249473
All_dm6_minus_tracheal	249474
All_dm6_minus_tracheal	249475
All_dm6_minus_tracheal	249476
All_dm6_minus_tracheal	249478
All_dm6_minus_tracheal	249479
All_dm6_minus_tracheal	249480
All_dm6_minus_tracheal	249481
All_dm6_minus_tracheal	249482
All_dm6_minus_tracheal	249483
All_dm6_minus_tracheal	249484
All_dm6_minus_tracheal	249485
All_dm6_minus_tracheal	249486
All_dm6_minus_tracheal	249488
All_dm6_minus_tracheal	249489
All_dm6_minus_tracheal	249491
All_dm6_minus_tracheal	249492
All_dm6_minus_tracheal	249493
All_dm6_minus_tracheal	249494
All_dm6_minus_tracheal	249495
All_dm6_minus_tracheal	249496
All_dm6_minus_tracheal	249497
All_dm6_minus_tracheal	249498
All_dm6_minus_tracheal	249499
All_dm6_minus_tracheal	249500
All_dm6_minus_tracheal	249501
All_dm6_minus_tracheal	249502
All_dm6_minus_tracheal	249503
All_dm6_minus_tracheal	249504
All_dm6_minus_tracheal	249505
All_dm6_minus_tracheal	249506
All_dm6_minus_tracheal	249507
All_dm6_minus_tracheal	249508
All_dm6_minus_tracheal	249509
All_dm6_minus_tracheal	249510
All_dm6_minus_tracheal	249511
All_dm6_minus_tracheal	249513
All_dm6_minus_tracheal	249514
All_dm6_minus_tracheal	249515
All_dm6_minus_tracheal	249516
All_dm6_minus_tracheal	249517
All_dm6_minus_tracheal	249518
All_dm6_minus_tracheal	249519
All_dm6_minus_tracheal	249520
All_dm6_minus_tracheal	249521
All_dm6_minus_tracheal	249522
All_dm6_minus_tracheal	249526
All_dm6_minus_tracheal	249540
All_dm6_minus_tracheal	249541
All_dm6_minus_tracheal	249542
All_dm6_minus_tracheal	249543
All_dm6_minus_tracheal	249544
All_dm6_minus_tracheal	249545
All_dm6_minus_tracheal	249561
All_dm6_minus_tracheal	249562
All_dm6_minus_tracheal	249563
All_dm6_minus_tracheal	249564
All_dm6_minus_tracheal	249565
All_dm6_minus_tracheal	249566
All_dm6_minus_tracheal	249567
All_dm6_minus_tracheal	249568
All_dm6_minus_tracheal	249569
All_dm6_minus_tracheal	249570
All_dm6_minus_tracheal	249571
All_dm6_minus_tracheal	249572
All_dm6_minus_tracheal	249573
All_dm6_minus_tracheal	249574
All_dm6_minus_tracheal	249576
All_dm6_minus_tracheal	249580
All_dm6_minus_tracheal	249581
All_dm6_minus_tracheal	249582
All_dm6_minus_tracheal	249583
All_dm6_minus_tracheal	249584
All_dm6_minus_tracheal	249585
All_dm6_minus_tracheal	249586
All_dm6_minus_tracheal	249587
All_dm6_minus_tracheal	249588
All_dm6_minus_tracheal	249589
All_dm6_minus_tracheal	249591
All_dm6_minus_tracheal	249594
All_dm6_minus_tracheal	249599
All_dm6_minus_tracheal	249600
All_dm6_minus_tracheal	249601
All_dm6_minus_tracheal	249602
All_dm6_minus_tracheal	249606
All_dm6_minus_tracheal	249607
All_dm6_minus_tracheal	249608
All_dm6_minus_tracheal	249610
All_dm6_minus_tracheal	249611
All_dm6_minus_tracheal	249612
All_dm6_minus_tracheal	249613
All_dm6_minus_tracheal	249614
All_dm6_minus_tracheal	249615
All_dm6_minus_tracheal	249616
All_dm6_minus_tracheal	249617
All_dm6_minus_tracheal	249618
All_dm6_minus_tracheal	249619
All_dm6_minus_tracheal	249620
All_dm6_minus_tracheal	249621
All_dm6_minus_tracheal	249622
All_dm6_minus_tracheal	249623
All_dm6_minus_tracheal	249624
All_dm6_minus_tracheal	249625
All_dm6_minus_tracheal	249626
All_dm6_minus_tracheal	249627
All_dm6_minus_tracheal	249628
All_dm6_minus_tracheal	249629
All_dm6_minus_tracheal	249630
All_dm6_minus_tracheal	249631
All_dm6_minus_tracheal	249632
All_dm6_minus_tracheal	249633
All_dm6_minus_tracheal	249634
All_dm6_minus_tracheal	249635
All_dm6_minus_tracheal	249636
All_dm6_minus_tracheal	249637
All_dm6_minus_tracheal	249638
All_dm6_minus_tracheal	249639
All_dm6_minus_tracheal	249640
All_dm6_minus_tracheal	249641
All_dm6_minus_tracheal	249642
All_dm6_minus_tracheal	249643
All_dm6_minus_tracheal	249644
All_dm6_minus_tracheal	249645
All_dm6_minus_tracheal	249646
All_dm6_minus_tracheal	249647
All_dm6_minus_tracheal	249648
All_dm6_minus_tracheal	249649
All_dm6_minus_tracheal	249650
All_dm6_minus_tracheal	249653
All_dm6_minus_tracheal	249654
All_dm6_minus_tracheal	249655
All_dm6_minus_tracheal	249656
All_dm6_minus_tracheal	249657
All_dm6_minus_tracheal	249658
All_dm6_minus_tracheal	249659
All_dm6_minus_tracheal	249660
All_dm6_minus_tracheal	249661
All_dm6_minus_tracheal	249662
All_dm6_minus_tracheal	249663
All_dm6_minus_tracheal	249666
All_dm6_minus_tracheal	249668
All_dm6_minus_tracheal	249669
All_dm6_minus_tracheal	249670
All_dm6_minus_tracheal	249671
All_dm6_minus_tracheal	249672
All_dm6_minus_tracheal	249673
All_dm6_minus_tracheal	249674
All_dm6_minus_tracheal	249675
All_dm6_minus_tracheal	249676
All_dm6_minus_tracheal	249677
All_dm6_minus_tracheal	249680
All_dm6_minus_tracheal	249681
All_dm6_minus_tracheal	249682
All_dm6_minus_tracheal	249683
All_dm6_minus_tracheal	249684
All_dm6_minus_tracheal	249685
All_dm6_minus_tracheal	249686
All_dm6_minus_tracheal	249687
All_dm6_minus_tracheal	249688
All_dm6_minus_tracheal	249689
All_dm6_minus_tracheal	249693
All_dm6_minus_tracheal	249694
All_dm6_minus_tracheal	249695
All_dm6_minus_tracheal	249696
All_dm6_minus_tracheal	249697
All_dm6_minus_tracheal	249698
All_dm6_minus_tracheal	249699
All_dm6_minus_tracheal	249700
All_dm6_minus_tracheal	249701
All_dm6_minus_tracheal	249702
All_dm6_minus_tracheal	249710
All_dm6_minus_tracheal	249712
All_dm6_minus_tracheal	249715
All_dm6_minus_tracheal	249716
All_dm6_minus_tracheal	249718
All_dm6_minus_tracheal	249719
All_dm6_minus_tracheal	249720
All_dm6_minus_tracheal	249721
All_dm6_minus_tracheal	249722
All_dm6_minus_tracheal	249723
All_dm6_minus_tracheal	249724
All_dm6_minus_tracheal	249725
All_dm6_minus_tracheal	249727
All_dm6_minus_tracheal	249728
All_dm6_minus_tracheal	249729
All_dm6_minus_tracheal	249730
All_dm6_minus_tracheal	249731
All_dm6_minus_tracheal	249732
All_dm6_minus_tracheal	249733
All_dm6_minus_tracheal	249734
All_dm6_minus_tracheal	249735
All_dm6_minus_tracheal	249736
All_dm6_minus_tracheal	249737
All_dm6_minus_tracheal	249739
All_dm6_minus_tracheal	249740
All_dm6_minus_tracheal	249741
All_dm6_minus_tracheal	249742
All_dm6_minus_tracheal	249743
All_dm6_minus_tracheal	249745
All_dm6_minus_tracheal	249746
All_dm6_minus_tracheal	249747
All_dm6_minus_tracheal	249748
All_dm6_minus_tracheal	249749
All_dm6_minus_tracheal	249750
All_dm6_minus_tracheal	249751
All_dm6_minus_tracheal	249752
All_dm6_minus_tracheal	249753
All_dm6_minus_tracheal	249754
All_dm6_minus_tracheal	249755
All_dm6_minus_tracheal	249756
All_dm6_minus_tracheal	249757
All_dm6_minus_tracheal	249758
All_dm6_minus_tracheal	249759
All_dm6_minus_tracheal	249760
All_dm6_minus_tracheal	249761
All_dm6_minus_tracheal	249762
All_dm6_minus_tracheal	249763
All_dm6_minus_tracheal	249764
All_dm6_minus_tracheal	249766
All_dm6_minus_tracheal	249767
All_dm6_minus_tracheal	249768
All_dm6_minus_tracheal	249769
All_dm6_minus_tracheal	249770
All_dm6_minus_tracheal	249771
All_dm6_minus_tracheal	249772
All_dm6_minus_tracheal	249773
All_dm6_minus_tracheal	249774
All_dm6_minus_tracheal	249775
All_dm6_minus_tracheal	249779
All_dm6_minus_tracheal	249780
All_dm6_minus_tracheal	249781
All_dm6_minus_tracheal	249782
All_dm6_minus_tracheal	249783
All_dm6_minus_tracheal	249784
All_dm6_minus_tracheal	249785
All_dm6_minus_tracheal	249786
All_dm6_minus_tracheal	249787
All_dm6_minus_tracheal	249788
All_dm6_minus_tracheal	249789
All_dm6_minus_tracheal	249790
All_dm6_minus_tracheal	249791
All_dm6_minus_tracheal	249792
All_dm6_minus_tracheal	249793
All_dm6_minus_tracheal	249794
All_dm6_minus_tracheal	249795
All_dm6_minus_tracheal	249796
All_dm6_minus_tracheal	249797
All_dm6_minus_tracheal	249798
All_dm6_minus_tracheal	249799
All_dm6_minus_tracheal	249800
All_dm6_minus_tracheal	249801
All_dm6_minus_tracheal	249802
All_dm6_minus_tracheal	249803
All_dm6_minus_tracheal	249804
All_dm6_minus_tracheal	249805
All_dm6_minus_tracheal	249806
All_dm6_minus_tracheal	249807
All_dm6_minus_tracheal	249808
All_dm6_minus_tracheal	249809
All_dm6_minus_tracheal	249810
All_dm6_minus_tracheal	249811
All_dm6_minus_tracheal	249812
All_dm6_minus_tracheal	249820
All_dm6_minus_tracheal	249821
All_dm6_minus_tracheal	249822
All_dm6_minus_tracheal	249824
All_dm6_minus_tracheal	249825
All_dm6_minus_tracheal	249826
All_dm6_minus_tracheal	249827
All_dm6_minus_tracheal	249828
All_dm6_minus_tracheal	249829
All_dm6_minus_tracheal	249830
All_dm6_minus_tracheal	249831
All_dm6_minus_tracheal	249832
All_dm6_minus_tracheal	249833
All_dm6_minus_tracheal	249834
All_dm6_minus_tracheal	249835
All_dm6_minus_tracheal	249836
All_dm6_minus_tracheal	249837
All_dm6_minus_tracheal	249838
All_dm6_minus_tracheal	249839
All_dm6_minus_tracheal	249842
All_dm6_minus_tracheal	249843
All_dm6_minus_tracheal	249844
All_dm6_minus_tracheal	249845
All_dm6_minus_tracheal	249846
All_dm6_minus_tracheal	249847
All_dm6_minus_tracheal	249848
All_dm6_minus_tracheal	249849
All_dm6_minus_tracheal	249850
All_dm6_minus_tracheal	249851
All_dm6_minus_tracheal	249852
All_dm6_minus_tracheal	249853
All_dm6_minus_tracheal	249854
All_dm6_minus_tracheal	249855
All_dm6_minus_tracheal	249856
All_dm6_minus_tracheal	249857
All_dm6_minus_tracheal	249858
All_dm6_minus_tracheal	249859
All_dm6_minus_tracheal	249860
All_dm6_minus_tracheal	249861
All_dm6_minus_tracheal	249862
All_dm6_minus_tracheal	249863
All_dm6_minus_tracheal	249864
All_dm6_minus_tracheal	249865
All_dm6_minus_tracheal	249866
All_dm6_minus_tracheal	249867
All_dm6_minus_tracheal	249868
All_dm6_minus_tracheal	249870
All_dm6_minus_tracheal	249871
All_dm6_minus_tracheal	249873
All_dm6_minus_tracheal	249874
All_dm6_minus_tracheal	249875
All_dm6_minus_tracheal	249876
All_dm6_minus_tracheal	249877
All_dm6_minus_tracheal	249878
All_dm6_minus_tracheal	249879
All_dm6_minus_tracheal	249880
All_dm6_minus_tracheal	249881
All_dm6_minus_tracheal	249882
All_dm6_minus_tracheal	249883
All_dm6_minus_tracheal	249884
All_dm6_minus_tracheal	249886
All_dm6_minus_tracheal	249887
All_dm6_minus_tracheal	249888
All_dm6_minus_tracheal	249889
All_dm6_minus_tracheal	249890
All_dm6_minus_tracheal	249891
All_dm6_minus_tracheal	249893
All_dm6_minus_tracheal	249894
All_dm6_minus_tracheal	249895
All_dm6_minus_tracheal	249896
All_dm6_minus_tracheal	249897
All_dm6_minus_tracheal	249898
All_dm6_minus_tracheal	249899
All_dm6_minus_tracheal	249900
All_dm6_minus_tracheal	249901
All_dm6_minus_tracheal	249902
All_dm6_minus_tracheal	249903
All_dm6_minus_tracheal	249904
All_dm6_minus_tracheal	249905
All_dm6_minus_tracheal	249906
All_dm6_minus_tracheal	249908
All_dm6_minus_tracheal	249909
All_dm6_minus_tracheal	249911
All_dm6_minus_tracheal	249912
All_dm6_minus_tracheal	249913
All_dm6_minus_tracheal	249914
All_dm6_minus_tracheal	249915
All_dm6_minus_tracheal	249917
All_dm6_minus_tracheal	249918
All_dm6_minus_tracheal	249919
All_dm6_minus_tracheal	249920
All_dm6_minus_tracheal	249921
All_dm6_minus_tracheal	249922
All_dm6_minus_tracheal	249923
All_dm6_minus_tracheal	249924
All_dm6_minus_tracheal	249925
All_dm6_minus_tracheal	249926
All_dm6_minus_tracheal	249927
All_dm6_minus_tracheal	249928
All_dm6_minus_tracheal	249929
All_dm6_minus_tracheal	249930
All_dm6_minus_tracheal	249931
All_dm6_minus_tracheal	249932
All_dm6_minus_tracheal	249933
All_dm6_minus_tracheal	249934
All_dm6_minus_tracheal	249936
All_dm6_minus_tracheal	249937
All_dm6_minus_tracheal	249938
All_dm6_minus_tracheal	249939
All_dm6_minus_tracheal	249940
All_dm6_minus_tracheal	249941
All_dm6_minus_tracheal	249942
All_dm6_minus_tracheal	249943
All_dm6_minus_tracheal	249944
All_dm6_minus_tracheal	249945
All_dm6_minus_tracheal	249946
All_dm6_minus_tracheal	249948
All_dm6_minus_tracheal	249949
All_dm6_minus_tracheal	249950
All_dm6_minus_tracheal	249952
All_dm6_minus_tracheal	249953
All_dm6_minus_tracheal	249954
All_dm6_minus_tracheal	249955
All_dm6_minus_tracheal	249956
All_dm6_minus_tracheal	249957
All_dm6_minus_tracheal	249958
All_dm6_minus_tracheal	249959
All_dm6_minus_tracheal	249960
All_dm6_minus_tracheal	249962
All_dm6_minus_tracheal	249963
All_dm6_minus_tracheal	249964
All_dm6_minus_tracheal	249967
All_dm6_minus_tracheal	249971
All_dm6_minus_tracheal	249972
All_dm6_minus_tracheal	249973
All_dm6_minus_tracheal	249974
All_dm6_minus_tracheal	249975
All_dm6_minus_tracheal	249978
All_dm6_minus_tracheal	249979
All_dm6_minus_tracheal	249980
All_dm6_minus_tracheal	249981
All_dm6_minus_tracheal	249982
All_dm6_minus_tracheal	249983
All_dm6_minus_tracheal	249984
All_dm6_minus_tracheal	249987
All_dm6_minus_tracheal	249989
All_dm6_minus_tracheal	249990
All_dm6_minus_tracheal	249991
All_dm6_minus_tracheal	249992
All_dm6_minus_tracheal	249993
All_dm6_minus_tracheal	249997
All_dm6_minus_tracheal	249998
All_dm6_minus_tracheal	249999
All_dm6_minus_tracheal	250001
All_dm6_minus_tracheal	250002
All_dm6_minus_tracheal	250015
All_dm6_minus_tracheal	250016
All_dm6_minus_tracheal	250017
All_dm6_minus_tracheal	250018
All_dm6_minus_tracheal	250019
All_dm6_minus_tracheal	250020
All_dm6_minus_tracheal	250021
All_dm6_minus_tracheal	250022
All_dm6_minus_tracheal	250023
All_dm6_minus_tracheal	250025
All_dm6_minus_tracheal	250026
All_dm6_minus_tracheal	250028
All_dm6_minus_tracheal	250029
All_dm6_minus_tracheal	250030
All_dm6_minus_tracheal	250031
All_dm6_minus_tracheal	250033
All_dm6_minus_tracheal	250034
All_dm6_minus_tracheal	250035
All_dm6_minus_tracheal	250036
All_dm6_minus_tracheal	250037
All_dm6_minus_tracheal	250038
All_dm6_minus_tracheal	250039
All_dm6_minus_tracheal	250040
All_dm6_minus_tracheal	250041
All_dm6_minus_tracheal	250042
All_dm6_minus_tracheal	250043
All_dm6_minus_tracheal	250044
All_dm6_minus_tracheal	250045
All_dm6_minus_tracheal	250046
All_dm6_minus_tracheal	250047
All_dm6_minus_tracheal	250048
All_dm6_minus_tracheal	250049
All_dm6_minus_tracheal	250050
All_dm6_minus_tracheal	250051
All_dm6_minus_tracheal	250053
All_dm6_minus_tracheal	250054
All_dm6_minus_tracheal	250057
All_dm6_minus_tracheal	250059
All_dm6_minus_tracheal	250061
All_dm6_minus_tracheal	250069
All_dm6_minus_tracheal	250083
All_dm6_minus_tracheal	250084
All_dm6_minus_tracheal	250085
All_dm6_minus_tracheal	250086
All_dm6_minus_tracheal	250088
All_dm6_minus_tracheal	250091
All_dm6_minus_tracheal	250093
All_dm6_minus_tracheal	250098
All_dm6_minus_tracheal	250101
All_dm6_minus_tracheal	250102
All_dm6_minus_tracheal	250103
All_dm6_minus_tracheal	250114
All_dm6_minus_tracheal	250115
All_dm6_minus_tracheal	250116
All_dm6_minus_tracheal	250117
All_dm6_minus_tracheal	250118
All_dm6_minus_tracheal	250119
All_dm6_minus_tracheal	250120
All_dm6_minus_tracheal	250121
All_dm6_minus_tracheal	250122
All_dm6_minus_tracheal	250123
All_dm6_minus_tracheal	250124
All_dm6_minus_tracheal	250125
All_dm6_minus_tracheal	250128
All_dm6_minus_tracheal	250129
All_dm6_minus_tracheal	250130
All_dm6_minus_tracheal	250131
All_dm6_minus_tracheal	250132
All_dm6_minus_tracheal	250133
All_dm6_minus_tracheal	250134
All_dm6_minus_tracheal	250135
All_dm6_minus_tracheal	250136
All_dm6_minus_tracheal	250137
All_dm6_minus_tracheal	250138
All_dm6_minus_tracheal	250139
All_dm6_minus_tracheal	250140
All_dm6_minus_tracheal	250141
All_dm6_minus_tracheal	250142
All_dm6_minus_tracheal	250143
All_dm6_minus_tracheal	250144
All_dm6_minus_tracheal	250148
All_dm6_minus_tracheal	250151
All_dm6_minus_tracheal	250153
All_dm6_minus_tracheal	250154
All_dm6_minus_tracheal	250155
All_dm6_minus_tracheal	250156
All_dm6_minus_tracheal	250157
All_dm6_minus_tracheal	250162
All_dm6_minus_tracheal	250163
All_dm6_minus_tracheal	250164
All_dm6_minus_tracheal	250165
All_dm6_minus_tracheal	250166
All_dm6_minus_tracheal	250168
All_dm6_minus_tracheal	250169
All_dm6_minus_tracheal	250171
All_dm6_minus_tracheal	250173
All_dm6_minus_tracheal	250174
All_dm6_minus_tracheal	250187
All_dm6_minus_tracheal	250188
All_dm6_minus_tracheal	250191
All_dm6_minus_tracheal	250192
All_dm6_minus_tracheal	250195
All_dm6_minus_tracheal	250196
All_dm6_minus_tracheal	250198
All_dm6_minus_tracheal	250210
All_dm6_minus_tracheal	250214
All_dm6_minus_tracheal	250242
All_dm6_minus_tracheal	250244
All_dm6_minus_tracheal	250245
All_dm6_minus_tracheal	250249
All_dm6_minus_tracheal	250270
All_dm6_minus_tracheal	250271
All_dm6_minus_tracheal	250272
All_dm6_minus_tracheal	250273
All_dm6_minus_tracheal	250274
All_dm6_minus_tracheal	250275
All_dm6_minus_tracheal	250276
All_dm6_minus_tracheal	250277
All_dm6_minus_tracheal	250280
All_dm6_minus_tracheal	250284
All_dm6_minus_tracheal	250288
All_dm6_minus_tracheal	250289
All_dm6_minus_tracheal	250290
All_dm6_minus_tracheal	250291
All_dm6_minus_tracheal	250292
All_dm6_minus_tracheal	250298
All_dm6_minus_tracheal	250300
All_dm6_minus_tracheal	250302
All_dm6_minus_tracheal	250303
All_dm6_minus_tracheal	250304
All_dm6_minus_tracheal	250307
All_dm6_minus_tracheal	250308
All_dm6_minus_tracheal	250309
All_dm6_minus_tracheal	250310
All_dm6_minus_tracheal	250311
All_dm6_minus_tracheal	250312
All_dm6_minus_tracheal	250314
All_dm6_minus_tracheal	250315
All_dm6_minus_tracheal	250316
All_dm6_minus_tracheal	250317
All_dm6_minus_tracheal	250318
All_dm6_minus_tracheal	250319
All_dm6_minus_tracheal	250320
All_dm6_minus_tracheal	250330
All_dm6_minus_tracheal	250331
All_dm6_minus_tracheal	250333
All_dm6_minus_tracheal	250334
All_dm6_minus_tracheal	250335
All_dm6_minus_tracheal	250336
All_dm6_minus_tracheal	250337
All_dm6_minus_tracheal	250338
All_dm6_minus_tracheal	250339
All_dm6_minus_tracheal	250340
All_dm6_minus_tracheal	250341
All_dm6_minus_tracheal	250342
All_dm6_minus_tracheal	250343
All_dm6_minus_tracheal	250344
All_dm6_minus_tracheal	250345
All_dm6_minus_tracheal	250346
All_dm6_minus_tracheal	250347
All_dm6_minus_tracheal	250363
All_dm6_minus_tracheal	250379
All_dm6_minus_tracheal	250380
All_dm6_minus_tracheal	250381
All_dm6_minus_tracheal	250382
All_dm6_minus_tracheal	250383
All_dm6_minus_tracheal	250396
All_dm6_minus_tracheal	250400
All_dm6_minus_tracheal	250402
All_dm6_minus_tracheal	250407
All_dm6_minus_tracheal	250408
All_dm6_minus_tracheal	250409
All_dm6_minus_tracheal	250410
All_dm6_minus_tracheal	250414
All_dm6_minus_tracheal	250415
All_dm6_minus_tracheal	250416
All_dm6_minus_tracheal	250417
All_dm6_minus_tracheal	250418
All_dm6_minus_tracheal	250419
All_dm6_minus_tracheal	250420
All_dm6_minus_tracheal	250421
All_dm6_minus_tracheal	250423
All_dm6_minus_tracheal	250424
All_dm6_minus_tracheal	250425
All_dm6_minus_tracheal	250427
All_dm6_minus_tracheal	250428
All_dm6_minus_tracheal	250429
All_dm6_minus_tracheal	250430
All_dm6_minus_tracheal	250438
All_dm6_minus_tracheal	250439
All_dm6_minus_tracheal	250440
All_dm6_minus_tracheal	250441
All_dm6_minus_tracheal	250442
All_dm6_minus_tracheal	250443
All_dm6_minus_tracheal	250444
All_dm6_minus_tracheal	250445
All_dm6_minus_tracheal	250446
All_dm6_minus_tracheal	250447
All_dm6_minus_tracheal	250452
All_dm6_minus_tracheal	250453
All_dm6_minus_tracheal	250454
All_dm6_minus_tracheal	250466
All_dm6_minus_tracheal	250467
All_dm6_minus_tracheal	250468
All_dm6_minus_tracheal	250469
All_dm6_minus_tracheal	250472
All_dm6_minus_tracheal	250473
All_dm6_minus_tracheal	250475
All_dm6_minus_tracheal	250476
All_dm6_minus_tracheal	250477
All_dm6_minus_tracheal	250478
All_dm6_minus_tracheal	250479
All_dm6_minus_tracheal	250481
All_dm6_minus_tracheal	250483
All_dm6_minus_tracheal	250484
All_dm6_minus_tracheal	250486
All_dm6_minus_tracheal	250488
All_dm6_minus_tracheal	250489
All_dm6_minus_tracheal	250490
All_dm6_minus_tracheal	250491
All_dm6_minus_tracheal	250493
All_dm6_minus_tracheal	250494
All_dm6_minus_tracheal	250495
All_dm6_minus_tracheal	250496
All_dm6_minus_tracheal	250497
All_dm6_minus_tracheal	250498
All_dm6_minus_tracheal	250499
All_dm6_minus_tracheal	250500
All_dm6_minus_tracheal	250502
All_dm6_minus_tracheal	250503
All_dm6_minus_tracheal	250504
All_dm6_minus_tracheal	250506
All_dm6_minus_tracheal	250529
All_dm6_minus_tracheal	250581
All_dm6_minus_tracheal	250584
All_dm6_minus_tracheal	250585
All_dm6_minus_tracheal	250586
All_dm6_minus_tracheal	250589
All_dm6_minus_tracheal	250590
All_dm6_minus_tracheal	250591
All_dm6_minus_tracheal	250593
All_dm6_minus_tracheal	250594
All_dm6_minus_tracheal	250597
All_dm6_minus_tracheal	250598
All_dm6_minus_tracheal	250599
All_dm6_minus_tracheal	250601
All_dm6_minus_tracheal	250602
All_dm6_minus_tracheal	250604
All_dm6_minus_tracheal	250606
All_dm6_minus_tracheal	250607
All_dm6_minus_tracheal	250608
All_dm6_minus_tracheal	250613
All_dm6_minus_tracheal	250614
All_dm6_minus_tracheal	250615
All_dm6_minus_tracheal	250616
All_dm6_minus_tracheal	250617
All_dm6_minus_tracheal	250618
All_dm6_minus_tracheal	250620
All_dm6_minus_tracheal	250621
All_dm6_minus_tracheal	250623
All_dm6_minus_tracheal	250628
All_dm6_minus_tracheal	250636
All_dm6_minus_tracheal	250637
All_dm6_minus_tracheal	250638
All_dm6_minus_tracheal	250639
All_dm6_minus_tracheal	250640
All_dm6_minus_tracheal	250641
All_dm6_minus_tracheal	250643
All_dm6_minus_tracheal	250644
All_dm6_minus_tracheal	250645
All_dm6_minus_tracheal	250646
All_dm6_minus_tracheal	250647
All_dm6_minus_tracheal	250648
All_dm6_minus_tracheal	250649
All_dm6_minus_tracheal	250650
All_dm6_minus_tracheal	250651
All_dm6_minus_tracheal	250652
All_dm6_minus_tracheal	250653
All_dm6_minus_tracheal	250654
All_dm6_minus_tracheal	250655
All_dm6_minus_tracheal	250656
All_dm6_minus_tracheal	250657
All_dm6_minus_tracheal	250658
All_dm6_minus_tracheal	250659
All_dm6_minus_tracheal	250660
All_dm6_minus_tracheal	250662
All_dm6_minus_tracheal	250664
All_dm6_minus_tracheal	250665
All_dm6_minus_tracheal	250666
All_dm6_minus_tracheal	250668
All_dm6_minus_tracheal	250669
All_dm6_minus_tracheal	250671
All_dm6_minus_tracheal	250684
All_dm6_minus_tracheal	250686
All_dm6_minus_tracheal	250690
All_dm6_minus_tracheal	250691
All_dm6_minus_tracheal	250692
All_dm6_minus_tracheal	250693
All_dm6_minus_tracheal	250694
All_dm6_minus_tracheal	250695
All_dm6_minus_tracheal	250696
All_dm6_minus_tracheal	250697
All_dm6_minus_tracheal	250698
All_dm6_minus_tracheal	250699
All_dm6_minus_tracheal	250700
All_dm6_minus_tracheal	250701
All_dm6_minus_tracheal	250705
All_dm6_minus_tracheal	250706
All_dm6_minus_tracheal	250710
All_dm6_minus_tracheal	250715
All_dm6_minus_tracheal	250716
All_dm6_minus_tracheal	250717
All_dm6_minus_tracheal	250718
All_dm6_minus_tracheal	250719
All_dm6_minus_tracheal	250720
All_dm6_minus_tracheal	250722
All_dm6_minus_tracheal	250723
All_dm6_minus_tracheal	250725
All_dm6_minus_tracheal	250726
All_dm6_minus_tracheal	250727
All_dm6_minus_tracheal	250729
All_dm6_minus_tracheal	250730
All_dm6_minus_tracheal	250731
All_dm6_minus_tracheal	250732
All_dm6_minus_tracheal	250733
All_dm6_minus_tracheal	250734
All_dm6_minus_tracheal	250735
All_dm6_minus_tracheal	250736
All_dm6_minus_tracheal	250739
All_dm6_minus_tracheal	250740
All_dm6_minus_tracheal	250741
All_dm6_minus_tracheal	250742
All_dm6_minus_tracheal	250744
All_dm6_minus_tracheal	250749
All_dm6_minus_tracheal	250751
All_dm6_minus_tracheal	250760
All_dm6_minus_tracheal	250761
All_dm6_minus_tracheal	250762
All_dm6_minus_tracheal	250765
All_dm6_minus_tracheal	250766
All_dm6_minus_tracheal	250767
All_dm6_minus_tracheal	250768
All_dm6_minus_tracheal	250769
All_dm6_minus_tracheal	250785
All_dm6_minus_tracheal	250786
All_dm6_minus_tracheal	250787
All_dm6_minus_tracheal	250788
All_dm6_minus_tracheal	250789
All_dm6_minus_tracheal	250790
All_dm6_minus_tracheal	250791
All_dm6_minus_tracheal	250792
All_dm6_minus_tracheal	250805
All_dm6_minus_tracheal	250806
All_dm6_minus_tracheal	250807
All_dm6_minus_tracheal	250842
All_dm6_minus_tracheal	250843
All_dm6_minus_tracheal	250844
All_dm6_minus_tracheal	250882
All_dm6_minus_tracheal	250883
All_dm6_minus_tracheal	250884
All_dm6_minus_tracheal	250885
All_dm6_minus_tracheal	251010
All_dm6_minus_tracheal	251014
All_dm6_minus_tracheal	251096
All_dm6_minus_tracheal	251098
All_dm6_minus_tracheal	251100
All_dm6_minus_tracheal	251102
All_dm6_minus_tracheal	251103
All_dm6_minus_tracheal	251104
All_dm6_minus_tracheal	251105
All_dm6_minus_tracheal	251106
All_dm6_minus_tracheal	251107
All_dm6_minus_tracheal	251111
All_dm6_minus_tracheal	251115
All_dm6_minus_tracheal	251116
All_dm6_minus_tracheal	251117
All_dm6_minus_tracheal	251118
All_dm6_minus_tracheal	251120
All_dm6_minus_tracheal	251121
All_dm6_minus_tracheal	251122
All_dm6_minus_tracheal	251123
All_dm6_minus_tracheal	251124
All_dm6_minus_tracheal	251125
All_dm6_minus_tracheal	251126
All_dm6_minus_tracheal	251127
All_dm6_minus_tracheal	251128
All_dm6_minus_tracheal	251129
All_dm6_minus_tracheal	251130
All_dm6_minus_tracheal	251131
All_dm6_minus_tracheal	251132
All_dm6_minus_tracheal	251133
All_dm6_minus_tracheal	251134
All_dm6_minus_tracheal	251135
All_dm6_minus_tracheal	251136
All_dm6_minus_tracheal	251138
All_dm6_minus_tracheal	251140
All_dm6_minus_tracheal	251142
All_dm6_minus_tracheal	251144
All_dm6_minus_tracheal	251145
All_dm6_minus_tracheal	251146
All_dm6_minus_tracheal	251147
All_dm6_minus_tracheal	251148
All_dm6_minus_tracheal	251149
All_dm6_minus_tracheal	251150
All_dm6_minus_tracheal	251151
All_dm6_minus_tracheal	251152
All_dm6_minus_tracheal	251153
All_dm6_minus_tracheal	251154
All_dm6_minus_tracheal	251155
All_dm6_minus_tracheal	251156
All_dm6_minus_tracheal	251157
All_dm6_minus_tracheal	251159
All_dm6_minus_tracheal	251160
All_dm6_minus_tracheal	251161
All_dm6_minus_tracheal	251162
All_dm6_minus_tracheal	251163
All_dm6_minus_tracheal	251164
All_dm6_minus_tracheal	251165
All_dm6_minus_tracheal	251166
All_dm6_minus_tracheal	251181
All_dm6_minus_tracheal	251182
All_dm6_minus_tracheal	251183
All_dm6_minus_tracheal	251185
All_dm6_minus_tracheal	251186
All_dm6_minus_tracheal	251187
All_dm6_minus_tracheal	251188
All_dm6_minus_tracheal	251191
All_dm6_minus_tracheal	251202
All_dm6_minus_tracheal	251204
All_dm6_minus_tracheal	251205
All_dm6_minus_tracheal	251206
All_dm6_minus_tracheal	251208
All_dm6_minus_tracheal	251209
All_dm6_minus_tracheal	251210
All_dm6_minus_tracheal	251211
All_dm6_minus_tracheal	251212
All_dm6_minus_tracheal	251214
All_dm6_minus_tracheal	251215
All_dm6_minus_tracheal	251216
All_dm6_minus_tracheal	251217
All_dm6_minus_tracheal	251219
All_dm6_minus_tracheal	251220
All_dm6_minus_tracheal	251222
All_dm6_minus_tracheal	251223
All_dm6_minus_tracheal	251262
All_dm6_minus_tracheal	251263
All_dm6_minus_tracheal	251264
All_dm6_minus_tracheal	251265
All_dm6_minus_tracheal	251270
All_dm6_minus_tracheal	251276
All_dm6_minus_tracheal	251277
All_dm6_minus_tracheal	251278
All_dm6_minus_tracheal	251279
All_dm6_minus_tracheal	251280
All_dm6_minus_tracheal	251291
All_dm6_minus_tracheal	251295
All_dm6_minus_tracheal	251298
All_dm6_minus_tracheal	251300
All_dm6_minus_tracheal	251302
All_dm6_minus_tracheal	251303
All_dm6_minus_tracheal	251311
All_dm6_minus_tracheal	251324
All_dm6_minus_tracheal	251326
All_dm6_minus_tracheal	251328
All_dm6_minus_tracheal	251370
All_dm6_minus_tracheal	251393
All_dm6_minus_tracheal	251395
All_dm6_minus_tracheal	251413
All_dm6_minus_tracheal	251414
All_dm6_minus_tracheal	251430
All_dm6_minus_tracheal	251466
All_dm6_minus_tracheal	251550
All_dm6_minus_tracheal	251551
All_dm6_minus_tracheal	251554
All_dm6_minus_tracheal	251555
All_dm6_minus_tracheal	251556
All_dm6_minus_tracheal	251557
All_dm6_minus_tracheal	251558
All_dm6_minus_tracheal	251559
All_dm6_minus_tracheal	251560
All_dm6_minus_tracheal	251586
All_dm6_minus_tracheal	251587
All_dm6_minus_tracheal	251588
All_dm6_minus_tracheal	251589
All_dm6_minus_tracheal	251594
All_dm6_minus_tracheal	251610
All_dm6_minus_tracheal	251618
All_dm6_minus_tracheal	251619
All_dm6_minus_tracheal	251620
All_dm6_minus_tracheal	251631
All_dm6_minus_tracheal	251633
All_dm6_minus_tracheal	251634
All_dm6_minus_tracheal	251636
All_dm6_minus_tracheal	251637
All_dm6_minus_tracheal	251638
All_dm6_minus_tracheal	251639
All_dm6_minus_tracheal	251660
All_dm6_minus_tracheal	251661
All_dm6_minus_tracheal	251690
All_dm6_minus_tracheal	251711
All_dm6_minus_tracheal	251716
All_dm6_minus_tracheal	251730
All_dm6_minus_tracheal	251841
All_dm6_minus_tracheal	251850
All_dm6_minus_tracheal	251852
All_dm6_minus_tracheal	251854
All_dm6_minus_tracheal	251855
All_dm6_minus_tracheal	251856
All_dm6_minus_tracheal	251857
All_dm6_minus_tracheal	251877
All_dm6_minus_tracheal	251878
All_dm6_minus_tracheal	251879
All_dm6_minus_tracheal	251880
All_dm6_minus_tracheal	251881
All_dm6_minus_tracheal	251882
All_dm6_minus_tracheal	251890
All_dm6_minus_tracheal	251892
All_dm6_minus_tracheal	251895
All_dm6_minus_tracheal	251896
All_dm6_minus_tracheal	251897
All_dm6_minus_tracheal	251898
All_dm6_minus_tracheal	251900
All_dm6_minus_tracheal	251906
All_dm6_minus_tracheal	251908
All_dm6_minus_tracheal	251910
All_dm6_minus_tracheal	251912
All_dm6_minus_tracheal	251913
All_dm6_minus_tracheal	251914
All_dm6_minus_tracheal	251915
All_dm6_minus_tracheal	251916
All_dm6_minus_tracheal	251924
All_dm6_minus_tracheal	251937
All_dm6_minus_tracheal	251941
All_dm6_minus_tracheal	251944
All_dm6_minus_tracheal	251945
All_dm6_minus_tracheal	251946
All_dm6_minus_tracheal	251948
All_dm6_minus_tracheal	251949
All_dm6_minus_tracheal	251950
All_dm6_minus_tracheal	251951
All_dm6_minus_tracheal	251952
All_dm6_minus_tracheal	251953
All_dm6_minus_tracheal	251954
All_dm6_minus_tracheal	251955
All_dm6_minus_tracheal	251957
All_dm6_minus_tracheal	251958
All_dm6_minus_tracheal	251959
All_dm6_minus_tracheal	251960
All_dm6_minus_tracheal	251964
All_dm6_minus_tracheal	251965
All_dm6_minus_tracheal	251967
All_dm6_minus_tracheal	251969
All_dm6_minus_tracheal	251970
All_dm6_minus_tracheal	251971
All_dm6_minus_tracheal	251972
All_dm6_minus_tracheal	251973
All_dm6_minus_tracheal	251974
All_dm6_minus_tracheal	251975
All_dm6_minus_tracheal	251976
All_dm6_minus_tracheal	251984
All_dm6_minus_tracheal	251986
All_dm6_minus_tracheal	251990
All_dm6_minus_tracheal	251999
All_dm6_minus_tracheal	252000
All_dm6_minus_tracheal	252002
All_dm6_minus_tracheal	252004
All_dm6_minus_tracheal	252005
All_dm6_minus_tracheal	252010
All_dm6_minus_tracheal	252011
All_dm6_minus_tracheal	252015
All_dm6_minus_tracheal	252016
All_dm6_minus_tracheal	252017
All_dm6_minus_tracheal	252018
All_dm6_minus_tracheal	252019
All_dm6_minus_tracheal	252020
All_dm6_minus_tracheal	252021
All_dm6_minus_tracheal	252022
All_dm6_minus_tracheal	252023
All_dm6_minus_tracheal	252024
All_dm6_minus_tracheal	252025
All_dm6_minus_tracheal	252026
All_dm6_minus_tracheal	252027
All_dm6_minus_tracheal	252028
All_dm6_minus_tracheal	252029
All_dm6_minus_tracheal	252030
All_dm6_minus_tracheal	252031
All_dm6_minus_tracheal	252032
All_dm6_minus_tracheal	252033
All_dm6_minus_tracheal	252034
All_dm6_minus_tracheal	252035
All_dm6_minus_tracheal	252036
All_dm6_minus_tracheal	252037
All_dm6_minus_tracheal	252038
All_dm6_minus_tracheal	252039
All_dm6_minus_tracheal	252042
All_dm6_minus_tracheal	252043
All_dm6_minus_tracheal	252044
All_dm6_minus_tracheal	252045
All_dm6_minus_tracheal	252046
All_dm6_minus_tracheal	252047
All_dm6_minus_tracheal	252048
All_dm6_minus_tracheal	252049
All_dm6_minus_tracheal	252050
All_dm6_minus_tracheal	252051
All_dm6_minus_tracheal	252052
All_dm6_minus_tracheal	252053
All_dm6_minus_tracheal	252054
All_dm6_minus_tracheal	252055
All_dm6_minus_tracheal	252056
All_dm6_minus_tracheal	252057
All_dm6_minus_tracheal	252058
All_dm6_minus_tracheal	252059
All_dm6_minus_tracheal	252060
All_dm6_minus_tracheal	252064
All_dm6_minus_tracheal	252065
All_dm6_minus_tracheal	252066
All_dm6_minus_tracheal	252067
All_dm6_minus_tracheal	252068
All_dm6_minus_tracheal	252069
All_dm6_minus_tracheal	252070
All_dm6_minus_tracheal	252071
All_dm6_minus_tracheal	252072
All_dm6_minus_tracheal	252073
All_dm6_minus_tracheal	252074
All_dm6_minus_tracheal	252075
All_dm6_minus_tracheal	252076
All_dm6_minus_tracheal	252077
All_dm6_minus_tracheal	252078
All_dm6_minus_tracheal	252079
All_dm6_minus_tracheal	252080
All_dm6_minus_tracheal	252081
All_dm6_minus_tracheal	252082
All_dm6_minus_tracheal	252083
All_dm6_minus_tracheal	252084
All_dm6_minus_tracheal	252085
All_dm6_minus_tracheal	252086
All_dm6_minus_tracheal	252087
All_dm6_minus_tracheal	252088
All_dm6_minus_tracheal	252090
All_dm6_minus_tracheal	252091
All_dm6_minus_tracheal	252093
All_dm6_minus_tracheal	252095
All_dm6_minus_tracheal	252096
All_dm6_minus_tracheal	252097
All_dm6_minus_tracheal	252098
All_dm6_minus_tracheal	252099
All_dm6_minus_tracheal	252100
All_dm6_minus_tracheal	252101
All_dm6_minus_tracheal	252102
All_dm6_minus_tracheal	252103
All_dm6_minus_tracheal	252104
All_dm6_minus_tracheal	252105
All_dm6_minus_tracheal	252113
All_dm6_minus_tracheal	252114
All_dm6_minus_tracheal	252115
All_dm6_minus_tracheal	252116
All_dm6_minus_tracheal	252117
All_dm6_minus_tracheal	252119
All_dm6_minus_tracheal	252120
All_dm6_minus_tracheal	252121
All_dm6_minus_tracheal	252124
All_dm6_minus_tracheal	252125
All_dm6_minus_tracheal	252126
All_dm6_minus_tracheal	252128
All_dm6_minus_tracheal	252129
All_dm6_minus_tracheal	252130
All_dm6_minus_tracheal	252132
All_dm6_minus_tracheal	252133
All_dm6_minus_tracheal	252134
All_dm6_minus_tracheal	252136
All_dm6_minus_tracheal	252137
All_dm6_minus_tracheal	252164
All_dm6_minus_tracheal	252165
All_dm6_minus_tracheal	252166
All_dm6_minus_tracheal	252167
All_dm6_minus_tracheal	252168
All_dm6_minus_tracheal	252169
All_dm6_minus_tracheal	252170
All_dm6_minus_tracheal	252178
All_dm6_minus_tracheal	252179
All_dm6_minus_tracheal	252180
All_dm6_minus_tracheal	252181
All_dm6_minus_tracheal	252182
All_dm6_minus_tracheal	252183
All_dm6_minus_tracheal	252184
All_dm6_minus_tracheal	252185
All_dm6_minus_tracheal	252186
All_dm6_minus_tracheal	252188
All_dm6_minus_tracheal	252189
All_dm6_minus_tracheal	252190
All_dm6_minus_tracheal	252191
All_dm6_minus_tracheal	252192
All_dm6_minus_tracheal	252193
All_dm6_minus_tracheal	252194
All_dm6_minus_tracheal	252195
All_dm6_minus_tracheal	252196
All_dm6_minus_tracheal	252200
All_dm6_minus_tracheal	252201
All_dm6_minus_tracheal	252202
All_dm6_minus_tracheal	252203
All_dm6_minus_tracheal	252204
All_dm6_minus_tracheal	252205
All_dm6_minus_tracheal	252206
All_dm6_minus_tracheal	252207
All_dm6_minus_tracheal	252208
All_dm6_minus_tracheal	252209
All_dm6_minus_tracheal	252210
All_dm6_minus_tracheal	252211
All_dm6_minus_tracheal	252212
All_dm6_minus_tracheal	252213
All_dm6_minus_tracheal	252214
All_dm6_minus_tracheal	252215
All_dm6_minus_tracheal	252216
All_dm6_minus_tracheal	252217
All_dm6_minus_tracheal	252219
All_dm6_minus_tracheal	252220
All_dm6_minus_tracheal	252221
All_dm6_minus_tracheal	252222
All_dm6_minus_tracheal	252223
All_dm6_minus_tracheal	252224
All_dm6_minus_tracheal	252225
All_dm6_minus_tracheal	252226
All_dm6_minus_tracheal	252227
All_dm6_minus_tracheal	252228
All_dm6_minus_tracheal	252229
All_dm6_minus_tracheal	252230
All_dm6_minus_tracheal	252231
All_dm6_minus_tracheal	252232
All_dm6_minus_tracheal	252233
All_dm6_minus_tracheal	252235
All_dm6_minus_tracheal	252236
All_dm6_minus_tracheal	252237
All_dm6_minus_tracheal	252238
All_dm6_minus_tracheal	252239
All_dm6_minus_tracheal	252240
All_dm6_minus_tracheal	252241
All_dm6_minus_tracheal	252242
All_dm6_minus_tracheal	252243
All_dm6_minus_tracheal	252244
All_dm6_minus_tracheal	252245
All_dm6_minus_tracheal	252246
All_dm6_minus_tracheal	252247
All_dm6_minus_tracheal	252248
All_dm6_minus_tracheal	252249
All_dm6_minus_tracheal	252250
All_dm6_minus_tracheal	252251
All_dm6_minus_tracheal	252252
All_dm6_minus_tracheal	252253
All_dm6_minus_tracheal	252254
All_dm6_minus_tracheal	252255
All_dm6_minus_tracheal	252256
All_dm6_minus_tracheal	252257
All_dm6_minus_tracheal	252258
All_dm6_minus_tracheal	252259
All_dm6_minus_tracheal	252260
All_dm6_minus_tracheal	252261
All_dm6_minus_tracheal	252262
All_dm6_minus_tracheal	252263
All_dm6_minus_tracheal	252264
All_dm6_minus_tracheal	252265
All_dm6_minus_tracheal	252266
All_dm6_minus_tracheal	252267
All_dm6_minus_tracheal	252268
All_dm6_minus_tracheal	252269
All_dm6_minus_tracheal	252270
All_dm6_minus_tracheal	252271
All_dm6_minus_tracheal	252272
All_dm6_minus_tracheal	252273
All_dm6_minus_tracheal	252274
All_dm6_minus_tracheal	252275
All_dm6_minus_tracheal	252277
All_dm6_minus_tracheal	252278
All_dm6_minus_tracheal	252279
All_dm6_minus_tracheal	252280
All_dm6_minus_tracheal	252281
All_dm6_minus_tracheal	252282
All_dm6_minus_tracheal	252291
All_dm6_minus_tracheal	252292
All_dm6_minus_tracheal	252293
All_dm6_minus_tracheal	252294
All_dm6_minus_tracheal	252296
All_dm6_minus_tracheal	252297
All_dm6_minus_tracheal	252298
All_dm6_minus_tracheal	252299
All_dm6_minus_tracheal	252300
All_dm6_minus_tracheal	252302
All_dm6_minus_tracheal	252303
All_dm6_minus_tracheal	252304
All_dm6_minus_tracheal	252308
All_dm6_minus_tracheal	252309
All_dm6_minus_tracheal	252310
All_dm6_minus_tracheal	252311
All_dm6_minus_tracheal	252315
All_dm6_minus_tracheal	252316
All_dm6_minus_tracheal	252317
All_dm6_minus_tracheal	252318
All_dm6_minus_tracheal	252319
All_dm6_minus_tracheal	252320
All_dm6_minus_tracheal	252321
All_dm6_minus_tracheal	252322
All_dm6_minus_tracheal	252323
All_dm6_minus_tracheal	252324
All_dm6_minus_tracheal	252326
All_dm6_minus_tracheal	252327
All_dm6_minus_tracheal	252328
All_dm6_minus_tracheal	252329
All_dm6_minus_tracheal	252330
All_dm6_minus_tracheal	252331
All_dm6_minus_tracheal	252332
All_dm6_minus_tracheal	252333
All_dm6_minus_tracheal	252334
All_dm6_minus_tracheal	252335
All_dm6_minus_tracheal	252336
All_dm6_minus_tracheal	252337
All_dm6_minus_tracheal	252338
All_dm6_minus_tracheal	252339
All_dm6_minus_tracheal	252340
All_dm6_minus_tracheal	252341
All_dm6_minus_tracheal	252342
All_dm6_minus_tracheal	252343
All_dm6_minus_tracheal	252344
All_dm6_minus_tracheal	252345
All_dm6_minus_tracheal	252346
All_dm6_minus_tracheal	252347
All_dm6_minus_tracheal	252348
All_dm6_minus_tracheal	252349
All_dm6_minus_tracheal	252350
All_dm6_minus_tracheal	252351
All_dm6_minus_tracheal	252352
All_dm6_minus_tracheal	252353
All_dm6_minus_tracheal	252354
All_dm6_minus_tracheal	252355
All_dm6_minus_tracheal	252356
All_dm6_minus_tracheal	252357
All_dm6_minus_tracheal	252358
All_dm6_minus_tracheal	252359
All_dm6_minus_tracheal	252360
All_dm6_minus_tracheal	252361
All_dm6_minus_tracheal	252362
All_dm6_minus_tracheal	252363
All_dm6_minus_tracheal	252364
All_dm6_minus_tracheal	252365
All_dm6_minus_tracheal	252366
All_dm6_minus_tracheal	252367
All_dm6_minus_tracheal	252368
All_dm6_minus_tracheal	252369
All_dm6_minus_tracheal	252370
All_dm6_minus_tracheal	252371
All_dm6_minus_tracheal	252372
All_dm6_minus_tracheal	252373
All_dm6_minus_tracheal	252374
All_dm6_minus_tracheal	252375
All_dm6_minus_tracheal	252376
All_dm6_minus_tracheal	252377
All_dm6_minus_tracheal	252378
All_dm6_minus_tracheal	252379
All_dm6_minus_tracheal	252380
All_dm6_minus_tracheal	252381
All_dm6_minus_tracheal	252382
All_dm6_minus_tracheal	252383
All_dm6_minus_tracheal	252384
All_dm6_minus_tracheal	252385
All_dm6_minus_tracheal	252386
All_dm6_minus_tracheal	252387
All_dm6_minus_tracheal	252388
All_dm6_minus_tracheal	252391
All_dm6_minus_tracheal	252392
All_dm6_minus_tracheal	252393
All_dm6_minus_tracheal	252394
All_dm6_minus_tracheal	252396
All_dm6_minus_tracheal	252397
All_dm6_minus_tracheal	252398
All_dm6_minus_tracheal	252399
All_dm6_minus_tracheal	252400
All_dm6_minus_tracheal	252401
All_dm6_minus_tracheal	252402
All_dm6_minus_tracheal	252403
All_dm6_minus_tracheal	252404
All_dm6_minus_tracheal	252405
All_dm6_minus_tracheal	252406
All_dm6_minus_tracheal	252407
All_dm6_minus_tracheal	252408
All_dm6_minus_tracheal	252409
All_dm6_minus_tracheal	252430
All_dm6_minus_tracheal	252431
All_dm6_minus_tracheal	252432
All_dm6_minus_tracheal	252434
All_dm6_minus_tracheal	252435
All_dm6_minus_tracheal	252437
All_dm6_minus_tracheal	252438
All_dm6_minus_tracheal	252440
All_dm6_minus_tracheal	252441
All_dm6_minus_tracheal	252443
All_dm6_minus_tracheal	252445
All_dm6_minus_tracheal	252446
All_dm6_minus_tracheal	252447
All_dm6_minus_tracheal	252448
All_dm6_minus_tracheal	252449
All_dm6_minus_tracheal	252451
All_dm6_minus_tracheal	252453
All_dm6_minus_tracheal	252455
All_dm6_minus_tracheal	252457
All_dm6_minus_tracheal	252458
All_dm6_minus_tracheal	252459
All_dm6_minus_tracheal	252460
All_dm6_minus_tracheal	252461
All_dm6_minus_tracheal	252462
All_dm6_minus_tracheal	252463
All_dm6_minus_tracheal	252464
All_dm6_minus_tracheal	252465
All_dm6_minus_tracheal	252466
All_dm6_minus_tracheal	252467
All_dm6_minus_tracheal	252468
All_dm6_minus_tracheal	252469
All_dm6_minus_tracheal	252470
All_dm6_minus_tracheal	252471
All_dm6_minus_tracheal	252472
All_dm6_minus_tracheal	252473
All_dm6_minus_tracheal	252474
All_dm6_minus_tracheal	252475
All_dm6_minus_tracheal	252476
All_dm6_minus_tracheal	252479
All_dm6_minus_tracheal	252486
All_dm6_minus_tracheal	252489
All_dm6_minus_tracheal	252491
All_dm6_minus_tracheal	252492
All_dm6_minus_tracheal	252493
All_dm6_minus_tracheal	252495
All_dm6_minus_tracheal	252496
All_dm6_minus_tracheal	252497
All_dm6_minus_tracheal	252498
All_dm6_minus_tracheal	252499
All_dm6_minus_tracheal	252500
All_dm6_minus_tracheal	252501
All_dm6_minus_tracheal	252502
All_dm6_minus_tracheal	252503
All_dm6_minus_tracheal	252504
All_dm6_minus_tracheal	252505
All_dm6_minus_tracheal	252506
All_dm6_minus_tracheal	252509
All_dm6_minus_tracheal	252510
All_dm6_minus_tracheal	252511
All_dm6_minus_tracheal	252512
All_dm6_minus_tracheal	252513
All_dm6_minus_tracheal	252514
All_dm6_minus_tracheal	252515
All_dm6_minus_tracheal	252516
All_dm6_minus_tracheal	252517
All_dm6_minus_tracheal	252520
All_dm6_minus_tracheal	252521
All_dm6_minus_tracheal	252522
All_dm6_minus_tracheal	252523
All_dm6_minus_tracheal	252524
All_dm6_minus_tracheal	252526
All_dm6_minus_tracheal	252527
All_dm6_minus_tracheal	252528
All_dm6_minus_tracheal	252529
All_dm6_minus_tracheal	252530
All_dm6_minus_tracheal	252531
All_dm6_minus_tracheal	252532
All_dm6_minus_tracheal	252534
All_dm6_minus_tracheal	252536
All_dm6_minus_tracheal	252537
All_dm6_minus_tracheal	252538
All_dm6_minus_tracheal	252540
All_dm6_minus_tracheal	252542
All_dm6_minus_tracheal	252543
All_dm6_minus_tracheal	252544
All_dm6_minus_tracheal	252546
All_dm6_minus_tracheal	252547
All_dm6_minus_tracheal	252554
All_dm6_minus_tracheal	252556
All_dm6_minus_tracheal	252568
All_dm6_minus_tracheal	252569
All_dm6_minus_tracheal	252570
All_dm6_minus_tracheal	252571
All_dm6_minus_tracheal	252572
All_dm6_minus_tracheal	252573
All_dm6_minus_tracheal	252574
All_dm6_minus_tracheal	252575
All_dm6_minus_tracheal	252576
All_dm6_minus_tracheal	252577
All_dm6_minus_tracheal	252578
All_dm6_minus_tracheal	252579
All_dm6_minus_tracheal	252581
All_dm6_minus_tracheal	252582
All_dm6_minus_tracheal	252583
All_dm6_minus_tracheal	252585
All_dm6_minus_tracheal	252590
All_dm6_minus_tracheal	252593
All_dm6_minus_tracheal	252595
All_dm6_minus_tracheal	252596
All_dm6_minus_tracheal	252597
All_dm6_minus_tracheal	252598
All_dm6_minus_tracheal	252599
All_dm6_minus_tracheal	252600
All_dm6_minus_tracheal	252601
All_dm6_minus_tracheal	252602
All_dm6_minus_tracheal	252603
All_dm6_minus_tracheal	252604
All_dm6_minus_tracheal	252605
All_dm6_minus_tracheal	252606
All_dm6_minus_tracheal	252608
All_dm6_minus_tracheal	252610
All_dm6_minus_tracheal	252611
All_dm6_minus_tracheal	252612
All_dm6_minus_tracheal	252613
All_dm6_minus_tracheal	252619
All_dm6_minus_tracheal	252620
All_dm6_minus_tracheal	252621
All_dm6_minus_tracheal	252624
All_dm6_minus_tracheal	252626
All_dm6_minus_tracheal	252627
All_dm6_minus_tracheal	252628
All_dm6_minus_tracheal	252629
All_dm6_minus_tracheal	252634
All_dm6_minus_tracheal	252635
All_dm6_minus_tracheal	252636
All_dm6_minus_tracheal	252637
All_dm6_minus_tracheal	252640
All_dm6_minus_tracheal	252642
All_dm6_minus_tracheal	252643
All_dm6_minus_tracheal	252644
All_dm6_minus_tracheal	252645
All_dm6_minus_tracheal	252646
All_dm6_minus_tracheal	252647
All_dm6_minus_tracheal	252650
All_dm6_minus_tracheal	252651
All_dm6_minus_tracheal	252652
All_dm6_minus_tracheal	252653
All_dm6_minus_tracheal	252655
All_dm6_minus_tracheal	252656
All_dm6_minus_tracheal	252657
All_dm6_minus_tracheal	252658
All_dm6_minus_tracheal	252659
All_dm6_minus_tracheal	252660
All_dm6_minus_tracheal	252661
All_dm6_minus_tracheal	252664
All_dm6_minus_tracheal	252665
All_dm6_minus_tracheal	252666
All_dm6_minus_tracheal	252667
All_dm6_minus_tracheal	252668
All_dm6_minus_tracheal	252669
All_dm6_minus_tracheal	252671
All_dm6_minus_tracheal	252672
All_dm6_minus_tracheal	252674
All_dm6_minus_tracheal	252675
All_dm6_minus_tracheal	252676
All_dm6_minus_tracheal	252683
All_dm6_minus_tracheal	252684
All_dm6_minus_tracheal	252697
All_dm6_minus_tracheal	252698
All_dm6_minus_tracheal	252709
All_dm6_minus_tracheal	252710
All_dm6_minus_tracheal	252711
All_dm6_minus_tracheal	252712
All_dm6_minus_tracheal	252713
All_dm6_minus_tracheal	252721
All_dm6_minus_tracheal	252722
All_dm6_minus_tracheal	252723
All_dm6_minus_tracheal	252724
All_dm6_minus_tracheal	252725
All_dm6_minus_tracheal	252726
All_dm6_minus_tracheal	252727
All_dm6_minus_tracheal	252728
All_dm6_minus_tracheal	252729
All_dm6_minus_tracheal	252730
All_dm6_minus_tracheal	252731
All_dm6_minus_tracheal	252732
All_dm6_minus_tracheal	252733
All_dm6_minus_tracheal	252734
All_dm6_minus_tracheal	252736
All_dm6_minus_tracheal	252737
All_dm6_minus_tracheal	252738
All_dm6_minus_tracheal	252739
All_dm6_minus_tracheal	252740
All_dm6_minus_tracheal	252741
All_dm6_minus_tracheal	252743
All_dm6_minus_tracheal	252744
All_dm6_minus_tracheal	252745
All_dm6_minus_tracheal	252746
All_dm6_minus_tracheal	252748
All_dm6_minus_tracheal	252750
All_dm6_minus_tracheal	252751
All_dm6_minus_tracheal	252754
All_dm6_minus_tracheal	252755
All_dm6_minus_tracheal	252757
All_dm6_minus_tracheal	252759
All_dm6_minus_tracheal	252760
All_dm6_minus_tracheal	252761
All_dm6_minus_tracheal	252762
All_dm6_minus_tracheal	252764
All_dm6_minus_tracheal	252765
All_dm6_minus_tracheal	252766
All_dm6_minus_tracheal	252772
All_dm6_minus_tracheal	252773
All_dm6_minus_tracheal	252774
All_dm6_minus_tracheal	252780
All_dm6_minus_tracheal	252781
All_dm6_minus_tracheal	252782
All_dm6_minus_tracheal	252783
All_dm6_minus_tracheal	252784
All_dm6_minus_tracheal	252785
All_dm6_minus_tracheal	252786
All_dm6_minus_tracheal	252787
All_dm6_minus_tracheal	252788
All_dm6_minus_tracheal	252790
All_dm6_minus_tracheal	252791
All_dm6_minus_tracheal	252792
All_dm6_minus_tracheal	252793
All_dm6_minus_tracheal	252795
All_dm6_minus_tracheal	252796
All_dm6_minus_tracheal	252797
All_dm6_minus_tracheal	252798
All_dm6_minus_tracheal	252799
All_dm6_minus_tracheal	252800
All_dm6_minus_tracheal	252802
All_dm6_minus_tracheal	252803
All_dm6_minus_tracheal	252806
All_dm6_minus_tracheal	252807
All_dm6_minus_tracheal	252808
All_dm6_minus_tracheal	252809
All_dm6_minus_tracheal	252810
All_dm6_minus_tracheal	252811
All_dm6_minus_tracheal	252813
All_dm6_minus_tracheal	252815
All_dm6_minus_tracheal	252816
All_dm6_minus_tracheal	252817
All_dm6_minus_tracheal	252818
All_dm6_minus_tracheal	252820
All_dm6_minus_tracheal	252821
All_dm6_minus_tracheal	252823
All_dm6_minus_tracheal	252824
All_dm6_minus_tracheal	252825
All_dm6_minus_tracheal	252826
All_dm6_minus_tracheal	260645
All_dm6_minus_tracheal	260658
All_dm6_minus_tracheal	260659
All_dm6_minus_tracheal	260693
All_dm6_minus_tracheal	260694
All_dm6_minus_tracheal	260695
All_dm6_minus_tracheal	260696
All_dm6_minus_tracheal	260697
All_dm6_minus_tracheal	260698
All_dm6_minus_tracheal	260699
All_dm6_minus_tracheal	260700
All_dm6_minus_tracheal	260701
All_dm6_minus_tracheal	260702
All_dm6_minus_tracheal	260703
All_dm6_minus_tracheal	260704
All_dm6_minus_tracheal	260705
All_dm6_minus_tracheal	260706
All_dm6_minus_tracheal	260707
All_dm6_minus_tracheal	260708
All_dm6_minus_tracheal	260709
All_dm6_minus_tracheal	260710
All_dm6_minus_tracheal	260711
All_dm6_minus_tracheal	260712
All_dm6_minus_tracheal	260713
All_dm6_minus_tracheal	260714
All_dm6_minus_tracheal	260715
All_dm6_minus_tracheal	260716
All_dm6_minus_tracheal	260717
All_dm6_minus_tracheal	260718
All_dm6_minus_tracheal	260719
All_dm6_minus_tracheal	260720
All_dm6_minus_tracheal	260721
All_dm6_minus_tracheal	260722
All_dm6_minus_tracheal	260723
All_dm6_minus_tracheal	260724
All_dm6_minus_tracheal	260725
All_dm6_minus_tracheal	260726
All_dm6_minus_tracheal	260727
All_dm6_minus_tracheal	260729
All_dm6_minus_tracheal	260730
All_dm6_minus_tracheal	260731
All_dm6_minus_tracheal	260732
All_dm6_minus_tracheal	260733
All_dm6_minus_tracheal	260734
All_dm6_minus_tracheal	260735
All_dm6_minus_tracheal	260736
All_dm6_minus_tracheal	260737
All_dm6_minus_tracheal	260738
All_dm6_minus_tracheal	260739
All_dm6_minus_tracheal	260740
All_dm6_minus_tracheal	260741
All_dm6_minus_tracheal	260742
All_dm6_minus_tracheal	260743
All_dm6_minus_tracheal	260744
All_dm6_minus_tracheal	260745
All_dm6_minus_tracheal	260746
All_dm6_minus_tracheal	260747
All_dm6_minus_tracheal	260748
All_dm6_minus_tracheal	260749
All_dm6_minus_tracheal	260750
All_dm6_minus_tracheal	260751
All_dm6_minus_tracheal	260752
All_dm6_minus_tracheal	260753
All_dm6_minus_tracheal	260754
All_dm6_minus_tracheal	260755
All_dm6_minus_tracheal	260756
All_dm6_minus_tracheal	260757
All_dm6_minus_tracheal	260758
All_dm6_minus_tracheal	261329
All_dm6_minus_tracheal	261514
All_dm6_minus_tracheal	261515
All_dm6_minus_tracheal	261516
All_dm6_minus_tracheal	261517
All_dm6_minus_tracheal	261518
All_dm6_minus_tracheal	261519
All_dm6_minus_tracheal	261520
All_dm6_minus_tracheal	261521
All_dm6_minus_tracheal	261522
All_dm6_minus_tracheal	261523
All_dm6_minus_tracheal	261524
All_dm6_minus_tracheal	261525
All_dm6_minus_tracheal	261526
All_dm6_minus_tracheal	261527
All_dm6_minus_tracheal	261528
All_dm6_minus_tracheal	261529
All_dm6_minus_tracheal	261530
All_dm6_minus_tracheal	261531
All_dm6_minus_tracheal	261532
All_dm6_minus_tracheal	261533
All_dm6_minus_tracheal	261599
All_dm6_minus_tracheal	261603
All_dm6_minus_tracheal	261607
All_dm6_minus_tracheal	261610
All_dm6_minus_tracheal	261613
All_dm6_minus_tracheal	261614
All_dm6_minus_tracheal	261615
All_dm6_minus_tracheal	261616
All_dm6_minus_tracheal	261617
All_dm6_minus_tracheal	261618
All_dm6_minus_tracheal	261620
All_dm6_minus_tracheal	261621
All_dm6_minus_tracheal	261623
All_dm6_minus_tracheal	261626
All_dm6_minus_tracheal	261628
All_dm6_minus_tracheal	261631
All_dm6_minus_tracheal	261634
All_dm6_minus_tracheal	261663
All_dm6_minus_tracheal	317789
All_dm6_minus_tracheal	317791
All_dm6_minus_tracheal	317797
All_dm6_minus_tracheal	317798
All_dm6_minus_tracheal	317799
All_dm6_minus_tracheal	317801
All_dm6_minus_tracheal	317802
All_dm6_minus_tracheal	317813
All_dm6_minus_tracheal	317815
All_dm6_minus_tracheal	317817
All_dm6_minus_tracheal	317823
All_dm6_minus_tracheal	317824
All_dm6_minus_tracheal	317826
All_dm6_minus_tracheal	317827
All_dm6_minus_tracheal	317828
All_dm6_minus_tracheal	317829
All_dm6_minus_tracheal	317833
All_dm6_minus_tracheal	317834
All_dm6_minus_tracheal	317835
All_dm6_minus_tracheal	317838
All_dm6_minus_tracheal	317841
All_dm6_minus_tracheal	317842
All_dm6_minus_tracheal	317846
All_dm6_minus_tracheal	317849
All_dm6_minus_tracheal	317852
All_dm6_minus_tracheal	317854
All_dm6_minus_tracheal	317855
All_dm6_minus_tracheal	317856
All_dm6_minus_tracheal	317858
All_dm6_minus_tracheal	317860
All_dm6_minus_tracheal	317862
All_dm6_minus_tracheal	317864
All_dm6_minus_tracheal	317866
All_dm6_minus_tracheal	317867
All_dm6_minus_tracheal	317878
All_dm6_minus_tracheal	317880
All_dm6_minus_tracheal	317885
All_dm6_minus_tracheal	317887
All_dm6_minus_tracheal	317890
All_dm6_minus_tracheal	317891
All_dm6_minus_tracheal	317897
All_dm6_minus_tracheal	317898
All_dm6_minus_tracheal	317900
All_dm6_minus_tracheal	317901
All_dm6_minus_tracheal	317902
All_dm6_minus_tracheal	317903
All_dm6_minus_tracheal	317904
All_dm6_minus_tracheal	317907
All_dm6_minus_tracheal	317908
All_dm6_minus_tracheal	317909
All_dm6_minus_tracheal	317911
All_dm6_minus_tracheal	317912
All_dm6_minus_tracheal	317913
All_dm6_minus_tracheal	317916
All_dm6_minus_tracheal	317917
All_dm6_minus_tracheal	317918
All_dm6_minus_tracheal	317919
All_dm6_minus_tracheal	317922
All_dm6_minus_tracheal	317923
All_dm6_minus_tracheal	317924
All_dm6_minus_tracheal	317926
All_dm6_minus_tracheal	317928
All_dm6_minus_tracheal	317930
All_dm6_minus_tracheal	317933
All_dm6_minus_tracheal	317934
All_dm6_minus_tracheal	317935
All_dm6_minus_tracheal	317936
All_dm6_minus_tracheal	317938
All_dm6_minus_tracheal	317939
All_dm6_minus_tracheal	317942
All_dm6_minus_tracheal	317943
All_dm6_minus_tracheal	317944
All_dm6_minus_tracheal	317945
All_dm6_minus_tracheal	317946
All_dm6_minus_tracheal	317953
All_dm6_minus_tracheal	317954
All_dm6_minus_tracheal	317955
All_dm6_minus_tracheal	317956
All_dm6_minus_tracheal	317962
All_dm6_minus_tracheal	317963
All_dm6_minus_tracheal	317964
All_dm6_minus_tracheal	317966
All_dm6_minus_tracheal	317967
All_dm6_minus_tracheal	317969
All_dm6_minus_tracheal	317973
All_dm6_minus_tracheal	317974
All_dm6_minus_tracheal	317976
All_dm6_minus_tracheal	317977
All_dm6_minus_tracheal	317987
All_dm6_minus_tracheal	317996
All_dm6_minus_tracheal	317997
All_dm6_minus_tracheal	317999
All_dm6_minus_tracheal	318000
All_dm6_minus_tracheal	318002
All_dm6_minus_tracheal	318005
All_dm6_minus_tracheal	318007
All_dm6_minus_tracheal	318008
All_dm6_minus_tracheal	318011
All_dm6_minus_tracheal	318012
All_dm6_minus_tracheal	318013
All_dm6_minus_tracheal	318016
All_dm6_minus_tracheal	318018
All_dm6_minus_tracheal	318020
All_dm6_minus_tracheal	318030
All_dm6_minus_tracheal	318031
All_dm6_minus_tracheal	318032
All_dm6_minus_tracheal	318034
All_dm6_minus_tracheal	318035
All_dm6_minus_tracheal	318036
All_dm6_minus_tracheal	318037
All_dm6_minus_tracheal	318040
All_dm6_minus_tracheal	318042
All_dm6_minus_tracheal	318043
All_dm6_minus_tracheal	318044
All_dm6_minus_tracheal	318046
All_dm6_minus_tracheal	318050
All_dm6_minus_tracheal	318053
All_dm6_minus_tracheal	318059
All_dm6_minus_tracheal	318060
All_dm6_minus_tracheal	318064
All_dm6_minus_tracheal	318066
All_dm6_minus_tracheal	318071
All_dm6_minus_tracheal	318079
All_dm6_minus_tracheal	318082
All_dm6_minus_tracheal	318085
All_dm6_minus_tracheal	318087
All_dm6_minus_tracheal	318092
All_dm6_minus_tracheal	318093
All_dm6_minus_tracheal	318094
All_dm6_minus_tracheal	318095
All_dm6_minus_tracheal	318096
All_dm6_minus_tracheal	318097
All_dm6_minus_tracheal	318098
All_dm6_minus_tracheal	318101
All_dm6_minus_tracheal	318102
All_dm6_minus_tracheal	318103
All_dm6_minus_tracheal	318104
All_dm6_minus_tracheal	318105
All_dm6_minus_tracheal	318107
All_dm6_minus_tracheal	318108
All_dm6_minus_tracheal	318109
All_dm6_minus_tracheal	318128
All_dm6_minus_tracheal	318133
All_dm6_minus_tracheal	318134
All_dm6_minus_tracheal	318135
All_dm6_minus_tracheal	318136
All_dm6_minus_tracheal	318137
All_dm6_minus_tracheal	318138
All_dm6_minus_tracheal	318139
All_dm6_minus_tracheal	318140
All_dm6_minus_tracheal	318143
All_dm6_minus_tracheal	318146
All_dm6_minus_tracheal	318147
All_dm6_minus_tracheal	318148
All_dm6_minus_tracheal	318149
All_dm6_minus_tracheal	318150
All_dm6_minus_tracheal	318151
All_dm6_minus_tracheal	318153
All_dm6_minus_tracheal	318158
All_dm6_minus_tracheal	318160
All_dm6_minus_tracheal	318161
All_dm6_minus_tracheal	318164
All_dm6_minus_tracheal	318165
All_dm6_minus_tracheal	318166
All_dm6_minus_tracheal	318168
All_dm6_minus_tracheal	318169
All_dm6_minus_tracheal	318170
All_dm6_minus_tracheal	318175
All_dm6_minus_tracheal	318176
All_dm6_minus_tracheal	318189
All_dm6_minus_tracheal	318192
All_dm6_minus_tracheal	318193
All_dm6_minus_tracheal	318198
All_dm6_minus_tracheal	318207
All_dm6_minus_tracheal	318210
All_dm6_minus_tracheal	318211
All_dm6_minus_tracheal	318213
All_dm6_minus_tracheal	318215
All_dm6_minus_tracheal	318220
All_dm6_minus_tracheal	318221
All_dm6_minus_tracheal	318222
All_dm6_minus_tracheal	318223
All_dm6_minus_tracheal	318224
All_dm6_minus_tracheal	318225
All_dm6_minus_tracheal	318226
All_dm6_minus_tracheal	318227
All_dm6_minus_tracheal	318228
All_dm6_minus_tracheal	318231
All_dm6_minus_tracheal	318235
All_dm6_minus_tracheal	318237
All_dm6_minus_tracheal	318238
All_dm6_minus_tracheal	318243
All_dm6_minus_tracheal	318244
All_dm6_minus_tracheal	318245
All_dm6_minus_tracheal	318246
All_dm6_minus_tracheal	318249
All_dm6_minus_tracheal	318250
All_dm6_minus_tracheal	318251
All_dm6_minus_tracheal	318252
All_dm6_minus_tracheal	318260
All_dm6_minus_tracheal	318261
All_dm6_minus_tracheal	318271
All_dm6_minus_tracheal	318273
All_dm6_minus_tracheal	318274
All_dm6_minus_tracheal	318552
All_dm6_minus_tracheal	318553
All_dm6_minus_tracheal	318554
All_dm6_minus_tracheal	318555
All_dm6_minus_tracheal	318558
All_dm6_minus_tracheal	318559
All_dm6_minus_tracheal	318562
All_dm6_minus_tracheal	318563
All_dm6_minus_tracheal	318566
All_dm6_minus_tracheal	318567
All_dm6_minus_tracheal	318571
All_dm6_minus_tracheal	318572
All_dm6_minus_tracheal	318574
All_dm6_minus_tracheal	318575
All_dm6_minus_tracheal	318578
All_dm6_minus_tracheal	318579
All_dm6_minus_tracheal	318582
All_dm6_minus_tracheal	318583
All_dm6_minus_tracheal	318586
All_dm6_minus_tracheal	318590
All_dm6_minus_tracheal	318591
All_dm6_minus_tracheal	318593
All_dm6_minus_tracheal	318594
All_dm6_minus_tracheal	318595
All_dm6_minus_tracheal	318597
All_dm6_minus_tracheal	318599
All_dm6_minus_tracheal	318601
All_dm6_minus_tracheal	318603
All_dm6_minus_tracheal	318604
All_dm6_minus_tracheal	318605
All_dm6_minus_tracheal	318608
All_dm6_minus_tracheal	318610
All_dm6_minus_tracheal	318616
All_dm6_minus_tracheal	318622
All_dm6_minus_tracheal	318623
All_dm6_minus_tracheal	318624
All_dm6_minus_tracheal	318625
All_dm6_minus_tracheal	318626
All_dm6_minus_tracheal	318627
All_dm6_minus_tracheal	318632
All_dm6_minus_tracheal	318633
All_dm6_minus_tracheal	318636
All_dm6_minus_tracheal	318637
All_dm6_minus_tracheal	318638
All_dm6_minus_tracheal	318645
All_dm6_minus_tracheal	318646
All_dm6_minus_tracheal	318649
All_dm6_minus_tracheal	318651
All_dm6_minus_tracheal	318652
All_dm6_minus_tracheal	318653
All_dm6_minus_tracheal	318655
All_dm6_minus_tracheal	318657
All_dm6_minus_tracheal	318662
All_dm6_minus_tracheal	318663
All_dm6_minus_tracheal	318664
All_dm6_minus_tracheal	318666
All_dm6_minus_tracheal	318668
All_dm6_minus_tracheal	318677
All_dm6_minus_tracheal	318680
All_dm6_minus_tracheal	318682
All_dm6_minus_tracheal	318684
All_dm6_minus_tracheal	318688
All_dm6_minus_tracheal	318693
All_dm6_minus_tracheal	318698
All_dm6_minus_tracheal	318700
All_dm6_minus_tracheal	318701
All_dm6_minus_tracheal	318709
All_dm6_minus_tracheal	318714
All_dm6_minus_tracheal	318715
All_dm6_minus_tracheal	318716
All_dm6_minus_tracheal	318720
All_dm6_minus_tracheal	318721
All_dm6_minus_tracheal	318722
All_dm6_minus_tracheal	318725
All_dm6_minus_tracheal	318727
All_dm6_minus_tracheal	318728
All_dm6_minus_tracheal	318734
All_dm6_minus_tracheal	318735
All_dm6_minus_tracheal	318736
All_dm6_minus_tracheal	318737
All_dm6_minus_tracheal	318741
All_dm6_minus_tracheal	318744
All_dm6_minus_tracheal	318746
All_dm6_minus_tracheal	318747
All_dm6_minus_tracheal	318749
All_dm6_minus_tracheal	318751
All_dm6_minus_tracheal	318753
All_dm6_minus_tracheal	318765
All_dm6_minus_tracheal	318778
All_dm6_minus_tracheal	318781
All_dm6_minus_tracheal	318782
All_dm6_minus_tracheal	318783
All_dm6_minus_tracheal	318785
All_dm6_minus_tracheal	318788
All_dm6_minus_tracheal	318790
All_dm6_minus_tracheal	318791
All_dm6_minus_tracheal	318794
All_dm6_minus_tracheal	318795
All_dm6_minus_tracheal	318801
All_dm6_minus_tracheal	318825
All_dm6_minus_tracheal	318826
All_dm6_minus_tracheal	318833
All_dm6_minus_tracheal	318834
All_dm6_minus_tracheal	318835
All_dm6_minus_tracheal	318838
All_dm6_minus_tracheal	318840
All_dm6_minus_tracheal	318841
All_dm6_minus_tracheal	318842
All_dm6_minus_tracheal	318845
All_dm6_minus_tracheal	318846
All_dm6_minus_tracheal	318847
All_dm6_minus_tracheal	318854
All_dm6_minus_tracheal	318855
All_dm6_minus_tracheal	318856
All_dm6_minus_tracheal	318857
All_dm6_minus_tracheal	318859
All_dm6_minus_tracheal	318860
All_dm6_minus_tracheal	318865
All_dm6_minus_tracheal	318866
All_dm6_minus_tracheal	318867
All_dm6_minus_tracheal	318868
All_dm6_minus_tracheal	318872
All_dm6_minus_tracheal	318874
All_dm6_minus_tracheal	318875
All_dm6_minus_tracheal	318878
All_dm6_minus_tracheal	318879
All_dm6_minus_tracheal	318880
All_dm6_minus_tracheal	318881
All_dm6_minus_tracheal	318882
All_dm6_minus_tracheal	318883
All_dm6_minus_tracheal	318886
All_dm6_minus_tracheal	318887
All_dm6_minus_tracheal	318888
All_dm6_minus_tracheal	318890
All_dm6_minus_tracheal	318891
All_dm6_minus_tracheal	318892
All_dm6_minus_tracheal	318893
All_dm6_minus_tracheal	318894
All_dm6_minus_tracheal	318901
All_dm6_minus_tracheal	318904
All_dm6_minus_tracheal	318905
All_dm6_minus_tracheal	318906
All_dm6_minus_tracheal	318907
All_dm6_minus_tracheal	318908
All_dm6_minus_tracheal	318909
All_dm6_minus_tracheal	318910
All_dm6_minus_tracheal	318911
All_dm6_minus_tracheal	318912
All_dm6_minus_tracheal	318913
All_dm6_minus_tracheal	318914
All_dm6_minus_tracheal	318916
All_dm6_minus_tracheal	318918
All_dm6_minus_tracheal	318920
All_dm6_minus_tracheal	318922
All_dm6_minus_tracheal	318924
All_dm6_minus_tracheal	318930
All_dm6_minus_tracheal	318934
All_dm6_minus_tracheal	318935
All_dm6_minus_tracheal	318936
All_dm6_minus_tracheal	318937
All_dm6_minus_tracheal	318939
All_dm6_minus_tracheal	318940
All_dm6_minus_tracheal	318941
All_dm6_minus_tracheal	318942
All_dm6_minus_tracheal	318943
All_dm6_minus_tracheal	318946
All_dm6_minus_tracheal	318947
All_dm6_minus_tracheal	318948
All_dm6_minus_tracheal	318949
All_dm6_minus_tracheal	318950
All_dm6_minus_tracheal	318951
All_dm6_minus_tracheal	318952
All_dm6_minus_tracheal	318953
All_dm6_minus_tracheal	318954
All_dm6_minus_tracheal	318956
All_dm6_minus_tracheal	318958
All_dm6_minus_tracheal	318960
All_dm6_minus_tracheal	318961
All_dm6_minus_tracheal	318965
All_dm6_minus_tracheal	318970
All_dm6_minus_tracheal	318972
All_dm6_minus_tracheal	318977
All_dm6_minus_tracheal	318980
All_dm6_minus_tracheal	318981
All_dm6_minus_tracheal	318982
All_dm6_minus_tracheal	318983
All_dm6_minus_tracheal	318986
All_dm6_minus_tracheal	318988
All_dm6_minus_tracheal	318989
All_dm6_minus_tracheal	318990
All_dm6_minus_tracheal	318991
All_dm6_minus_tracheal	318992
All_dm6_minus_tracheal	318993
All_dm6_minus_tracheal	318995
All_dm6_minus_tracheal	318996
All_dm6_minus_tracheal	318997
All_dm6_minus_tracheal	318998
All_dm6_minus_tracheal	319000
All_dm6_minus_tracheal	319011
All_dm6_minus_tracheal	319012
All_dm6_minus_tracheal	319014
All_dm6_minus_tracheal	319016
All_dm6_minus_tracheal	319019
All_dm6_minus_tracheal	319020
All_dm6_minus_tracheal	319021
All_dm6_minus_tracheal	319023
All_dm6_minus_tracheal	319025
All_dm6_minus_tracheal	319026
All_dm6_minus_tracheal	319027
All_dm6_minus_tracheal	319028
All_dm6_minus_tracheal	319030
All_dm6_minus_tracheal	319033
All_dm6_minus_tracheal	319042
All_dm6_minus_tracheal	319043
All_dm6_minus_tracheal	319045
All_dm6_minus_tracheal	319046
All_dm6_minus_tracheal	319047
All_dm6_minus_tracheal	319048
All_dm6_minus_tracheal	319052
All_dm6_minus_tracheal	319064
All_dm6_minus_tracheal	326108
All_dm6_minus_tracheal	326109
All_dm6_minus_tracheal	326110
All_dm6_minus_tracheal	326111
All_dm6_minus_tracheal	326113
All_dm6_minus_tracheal	326114
All_dm6_minus_tracheal	326115
All_dm6_minus_tracheal	326116
All_dm6_minus_tracheal	326117
All_dm6_minus_tracheal	326118
All_dm6_minus_tracheal	326119
All_dm6_minus_tracheal	326120
All_dm6_minus_tracheal	326121
All_dm6_minus_tracheal	326122
All_dm6_minus_tracheal	326123
All_dm6_minus_tracheal	326124
All_dm6_minus_tracheal	326125
All_dm6_minus_tracheal	326126
All_dm6_minus_tracheal	326127
All_dm6_minus_tracheal	326128
All_dm6_minus_tracheal	326129
All_dm6_minus_tracheal	326130
All_dm6_minus_tracheal	326131
All_dm6_minus_tracheal	326132
All_dm6_minus_tracheal	326133
All_dm6_minus_tracheal	326135
All_dm6_minus_tracheal	326136
All_dm6_minus_tracheal	326137
All_dm6_minus_tracheal	326138
All_dm6_minus_tracheal	326139
All_dm6_minus_tracheal	326140
All_dm6_minus_tracheal	326142
All_dm6_minus_tracheal	326144
All_dm6_minus_tracheal	326145
All_dm6_minus_tracheal	326146
All_dm6_minus_tracheal	326147
All_dm6_minus_tracheal	326149
All_dm6_minus_tracheal	326150
All_dm6_minus_tracheal	326151
All_dm6_minus_tracheal	326152
All_dm6_minus_tracheal	326153
All_dm6_minus_tracheal	326154
All_dm6_minus_tracheal	326155
All_dm6_minus_tracheal	326156
All_dm6_minus_tracheal	326157
All_dm6_minus_tracheal	326158
All_dm6_minus_tracheal	326159
All_dm6_minus_tracheal	326160
All_dm6_minus_tracheal	326161
All_dm6_minus_tracheal	326163
All_dm6_minus_tracheal	326164
All_dm6_minus_tracheal	326165
All_dm6_minus_tracheal	326166
All_dm6_minus_tracheal	326167
All_dm6_minus_tracheal	326168
All_dm6_minus_tracheal	326169
All_dm6_minus_tracheal	326170
All_dm6_minus_tracheal	326171
All_dm6_minus_tracheal	326172
All_dm6_minus_tracheal	326173
All_dm6_minus_tracheal	326174
All_dm6_minus_tracheal	326175
All_dm6_minus_tracheal	326176
All_dm6_minus_tracheal	326177
All_dm6_minus_tracheal	326178
All_dm6_minus_tracheal	326179
All_dm6_minus_tracheal	326181
All_dm6_minus_tracheal	326182
All_dm6_minus_tracheal	326183
All_dm6_minus_tracheal	326184
All_dm6_minus_tracheal	326185
All_dm6_minus_tracheal	326186
All_dm6_minus_tracheal	326187
All_dm6_minus_tracheal	326188
All_dm6_minus_tracheal	326189
All_dm6_minus_tracheal	326191
All_dm6_minus_tracheal	326192
All_dm6_minus_tracheal	326193
All_dm6_minus_tracheal	326194
All_dm6_minus_tracheal	326195
All_dm6_minus_tracheal	326196
All_dm6_minus_tracheal	326197
All_dm6_minus_tracheal	326198
All_dm6_minus_tracheal	326199
All_dm6_minus_tracheal	326202
All_dm6_minus_tracheal	326203
All_dm6_minus_tracheal	326205
All_dm6_minus_tracheal	326207
All_dm6_minus_tracheal	326209
All_dm6_minus_tracheal	326211
All_dm6_minus_tracheal	326214
All_dm6_minus_tracheal	326215
All_dm6_minus_tracheal	326216
All_dm6_minus_tracheal	326219
All_dm6_minus_tracheal	326220
All_dm6_minus_tracheal	326221
All_dm6_minus_tracheal	326222
All_dm6_minus_tracheal	326223
All_dm6_minus_tracheal	326224
All_dm6_minus_tracheal	326225
All_dm6_minus_tracheal	326226
All_dm6_minus_tracheal	326227
All_dm6_minus_tracheal	326229
All_dm6_minus_tracheal	326230
All_dm6_minus_tracheal	326232
All_dm6_minus_tracheal	326235
All_dm6_minus_tracheal	326238
All_dm6_minus_tracheal	326240
All_dm6_minus_tracheal	326244
All_dm6_minus_tracheal	326245
All_dm6_minus_tracheal	326246
All_dm6_minus_tracheal	326250
All_dm6_minus_tracheal	326251
All_dm6_minus_tracheal	326253
All_dm6_minus_tracheal	326254
All_dm6_minus_tracheal	326255
All_dm6_minus_tracheal	326256
All_dm6_minus_tracheal	326257
All_dm6_minus_tracheal	326258
All_dm6_minus_tracheal	326259
All_dm6_minus_tracheal	326260
All_dm6_minus_tracheal	326261
All_dm6_minus_tracheal	326262
All_dm6_minus_tracheal	326263
All_dm6_minus_tracheal	326264
All_dm6_minus_tracheal	326265
All_dm6_minus_tracheal	326267
All_dm6_minus_tracheal	326270
All_dm6_minus_tracheal	326273
All_dm6_minus_tracheal	326328
All_dm6_minus_tracheal	326329
All_dm6_minus_tracheal	338392
All_dm6_minus_tracheal	338395
All_dm6_minus_tracheal	2768659
All_dm6_minus_tracheal	2768661
All_dm6_minus_tracheal	2768664
All_dm6_minus_tracheal	2768665
All_dm6_minus_tracheal	2768666
All_dm6_minus_tracheal	2768668
All_dm6_minus_tracheal	2768669
All_dm6_minus_tracheal	2768671
All_dm6_minus_tracheal	2768672
All_dm6_minus_tracheal	2768673
All_dm6_minus_tracheal	2768674
All_dm6_minus_tracheal	2768677
All_dm6_minus_tracheal	2768678
All_dm6_minus_tracheal	2768679
All_dm6_minus_tracheal	2768680
All_dm6_minus_tracheal	2768681
All_dm6_minus_tracheal	2768682
All_dm6_minus_tracheal	2768683
All_dm6_minus_tracheal	2768684
All_dm6_minus_tracheal	2768686
All_dm6_minus_tracheal	2768687
All_dm6_minus_tracheal	2768688
All_dm6_minus_tracheal	2768690
All_dm6_minus_tracheal	2768691
All_dm6_minus_tracheal	2768693
All_dm6_minus_tracheal	2768714
All_dm6_minus_tracheal	2768715
All_dm6_minus_tracheal	2768716
All_dm6_minus_tracheal	2768717
All_dm6_minus_tracheal	2768718
All_dm6_minus_tracheal	2768720
All_dm6_minus_tracheal	2768721
All_dm6_minus_tracheal	2768722
All_dm6_minus_tracheal	2768724
All_dm6_minus_tracheal	2768725
All_dm6_minus_tracheal	2768726
All_dm6_minus_tracheal	2768727
All_dm6_minus_tracheal	2768728
All_dm6_minus_tracheal	2768730
All_dm6_minus_tracheal	2768732
All_dm6_minus_tracheal	2768832
All_dm6_minus_tracheal	2768833
All_dm6_minus_tracheal	2768834
All_dm6_minus_tracheal	2768840
All_dm6_minus_tracheal	2768841
All_dm6_minus_tracheal	2768844
All_dm6_minus_tracheal	2768846
All_dm6_minus_tracheal	2768847
All_dm6_minus_tracheal	2768848
All_dm6_minus_tracheal	2768850
All_dm6_minus_tracheal	2768851
All_dm6_minus_tracheal	2768853
All_dm6_minus_tracheal	2768858
All_dm6_minus_tracheal	2768860
All_dm6_minus_tracheal	2768865
All_dm6_minus_tracheal	2768867
All_dm6_minus_tracheal	2768869
All_dm6_minus_tracheal	2768870
All_dm6_minus_tracheal	2768871
All_dm6_minus_tracheal	2768872
All_dm6_minus_tracheal	2768873
All_dm6_minus_tracheal	2768875
All_dm6_minus_tracheal	2768877
All_dm6_minus_tracheal	2768879
All_dm6_minus_tracheal	2768881
All_dm6_minus_tracheal	2768882
All_dm6_minus_tracheal	2768883
All_dm6_minus_tracheal	2768886
All_dm6_minus_tracheal	2768892
All_dm6_minus_tracheal	2768895
All_dm6_minus_tracheal	2768896
All_dm6_minus_tracheal	2768897
All_dm6_minus_tracheal	2768898
All_dm6_minus_tracheal	2768899
All_dm6_minus_tracheal	2768900
All_dm6_minus_tracheal	2768901
All_dm6_minus_tracheal	2768902
All_dm6_minus_tracheal	2768903
All_dm6_minus_tracheal	2768904
All_dm6_minus_tracheal	2768905
All_dm6_minus_tracheal	2768906
All_dm6_minus_tracheal	2768908
All_dm6_minus_tracheal	2768909
All_dm6_minus_tracheal	2768910
All_dm6_minus_tracheal	2768911
All_dm6_minus_tracheal	2768912
All_dm6_minus_tracheal	2768914
All_dm6_minus_tracheal	2768915
All_dm6_minus_tracheal	2768916
All_dm6_minus_tracheal	2768917
All_dm6_minus_tracheal	2768918
All_dm6_minus_tracheal	2768920
All_dm6_minus_tracheal	2768923
All_dm6_minus_tracheal	2768924
All_dm6_minus_tracheal	2768925
All_dm6_minus_tracheal	2768926
All_dm6_minus_tracheal	2768929
All_dm6_minus_tracheal	2768931
All_dm6_minus_tracheal	2768932
All_dm6_minus_tracheal	2768933
All_dm6_minus_tracheal	2768934
All_dm6_minus_tracheal	2768938
All_dm6_minus_tracheal	2768939
All_dm6_minus_tracheal	2768940
All_dm6_minus_tracheal	2768941
All_dm6_minus_tracheal	2768944
All_dm6_minus_tracheal	2768945
All_dm6_minus_tracheal	2768946
All_dm6_minus_tracheal	2768949
All_dm6_minus_tracheal	2768950
All_dm6_minus_tracheal	2768951
All_dm6_minus_tracheal	2768952
All_dm6_minus_tracheal	2768954
All_dm6_minus_tracheal	2768955
All_dm6_minus_tracheal	2768957
All_dm6_minus_tracheal	2768958
All_dm6_minus_tracheal	2768961
All_dm6_minus_tracheal	2768962
All_dm6_minus_tracheal	2768963
All_dm6_minus_tracheal	2768964
All_dm6_minus_tracheal	2768965
All_dm6_minus_tracheal	2768967
All_dm6_minus_tracheal	2768968
All_dm6_minus_tracheal	2768969
All_dm6_minus_tracheal	2768970
All_dm6_minus_tracheal	2768971
All_dm6_minus_tracheal	2768972
All_dm6_minus_tracheal	2768973
All_dm6_minus_tracheal	2768974
All_dm6_minus_tracheal	2768975
All_dm6_minus_tracheal	2768976
All_dm6_minus_tracheal	2768977
All_dm6_minus_tracheal	2768978
All_dm6_minus_tracheal	2768979
All_dm6_minus_tracheal	2768980
All_dm6_minus_tracheal	2768982
All_dm6_minus_tracheal	2768983
All_dm6_minus_tracheal	2768984
All_dm6_minus_tracheal	2768986
All_dm6_minus_tracheal	2768987
All_dm6_minus_tracheal	2768988
All_dm6_minus_tracheal	2768989
All_dm6_minus_tracheal	2768990
All_dm6_minus_tracheal	2768993
All_dm6_minus_tracheal	2768994
All_dm6_minus_tracheal	2768996
All_dm6_minus_tracheal	2768997
All_dm6_minus_tracheal	2768998
All_dm6_minus_tracheal	2768999
All_dm6_minus_tracheal	2769001
All_dm6_minus_tracheal	2769005
All_dm6_minus_tracheal	2769006
All_dm6_minus_tracheal	2769007
All_dm6_minus_tracheal	2769008
All_dm6_minus_tracheal	3346142
All_dm6_minus_tracheal	3346145
All_dm6_minus_tracheal	3346149
All_dm6_minus_tracheal	3346150
All_dm6_minus_tracheal	3346160
All_dm6_minus_tracheal	3346162
All_dm6_minus_tracheal	3346166
All_dm6_minus_tracheal	3346188
All_dm6_minus_tracheal	3346192
All_dm6_minus_tracheal	3346201
All_dm6_minus_tracheal	3346202
All_dm6_minus_tracheal	3346203
All_dm6_minus_tracheal	3346204
All_dm6_minus_tracheal	3346205
All_dm6_minus_tracheal	3346206
All_dm6_minus_tracheal	3346207
All_dm6_minus_tracheal	3346208
All_dm6_minus_tracheal	3346209
All_dm6_minus_tracheal	3346220
All_dm6_minus_tracheal	3346221
All_dm6_minus_tracheal	3346222
All_dm6_minus_tracheal	3346223
All_dm6_minus_tracheal	3346224
All_dm6_minus_tracheal	3346225
All_dm6_minus_tracheal	3346226
All_dm6_minus_tracheal	3346227
All_dm6_minus_tracheal	3346235
All_dm6_minus_tracheal	3346237
All_dm6_minus_tracheal	3346239
All_dm6_minus_tracheal	3354863
All_dm6_minus_tracheal	3354888
All_dm6_minus_tracheal	3354890
All_dm6_minus_tracheal	3354896
All_dm6_minus_tracheal	3354918
All_dm6_minus_tracheal	3354919
All_dm6_minus_tracheal	3354922
All_dm6_minus_tracheal	3354925
All_dm6_minus_tracheal	3354930
All_dm6_minus_tracheal	3354941
All_dm6_minus_tracheal	3354965
All_dm6_minus_tracheal	3354971
All_dm6_minus_tracheal	3354977
All_dm6_minus_tracheal	3354987
All_dm6_minus_tracheal	3354988
All_dm6_minus_tracheal	3354990
All_dm6_minus_tracheal	3354991
All_dm6_minus_tracheal	3354992
All_dm6_minus_tracheal	3354994
All_dm6_minus_tracheal	3354995
All_dm6_minus_tracheal	3354996
All_dm6_minus_tracheal	3355010
All_dm6_minus_tracheal	3355011
All_dm6_minus_tracheal	3355013
All_dm6_minus_tracheal	3355040
All_dm6_minus_tracheal	3355041
All_dm6_minus_tracheal	3355064
All_dm6_minus_tracheal	3355066
All_dm6_minus_tracheal	3355069
All_dm6_minus_tracheal	3355072
All_dm6_minus_tracheal	3355079
All_dm6_minus_tracheal	3355084
All_dm6_minus_tracheal	3355089
All_dm6_minus_tracheal	3355093
All_dm6_minus_tracheal	3355094
All_dm6_minus_tracheal	3355096
All_dm6_minus_tracheal	3355097
All_dm6_minus_tracheal	3355102
All_dm6_minus_tracheal	3355106
All_dm6_minus_tracheal	3355107
All_dm6_minus_tracheal	3355108
All_dm6_minus_tracheal	3355109
All_dm6_minus_tracheal	3355111
All_dm6_minus_tracheal	3355114
All_dm6_minus_tracheal	3355120
All_dm6_minus_tracheal	3355124
All_dm6_minus_tracheal	3355125
All_dm6_minus_tracheal	3355126
All_dm6_minus_tracheal	3355127
All_dm6_minus_tracheal	3355129
All_dm6_minus_tracheal	3355130
All_dm6_minus_tracheal	3355131
All_dm6_minus_tracheal	3355132
All_dm6_minus_tracheal	3355133
All_dm6_minus_tracheal	3355134
All_dm6_minus_tracheal	3355135
All_dm6_minus_tracheal	3355138
All_dm6_minus_tracheal	3355139
All_dm6_minus_tracheal	3355144
All_dm6_minus_tracheal	3355145
All_dm6_minus_tracheal	3355149
All_dm6_minus_tracheal	3355150
All_dm6_minus_tracheal	3355151
All_dm6_minus_tracheal	3355158
All_dm6_minus_tracheal	3355160
All_dm6_minus_tracheal	3355162
All_dm6_minus_tracheal	3355163
All_dm6_minus_tracheal	3355164
All_dm6_minus_tracheal	3355165
All_dm6_minus_tracheal	3355167
All_dm6_minus_tracheal	3355171
All_dm6_minus_tracheal	3355173
All_dm6_minus_tracheal	3355174
All_dm6_minus_tracheal	3355180
All_dm6_minus_tracheal	3355181
All_dm6_minus_tracheal	3771723
All_dm6_minus_tracheal	3771724
All_dm6_minus_tracheal	3771725
All_dm6_minus_tracheal	3771727
All_dm6_minus_tracheal	3771729
All_dm6_minus_tracheal	3771730
All_dm6_minus_tracheal	3771731
All_dm6_minus_tracheal	3771732
All_dm6_minus_tracheal	3771733
All_dm6_minus_tracheal	3771734
All_dm6_minus_tracheal	3771736
All_dm6_minus_tracheal	3771737
All_dm6_minus_tracheal	3771738
All_dm6_minus_tracheal	3771739
All_dm6_minus_tracheal	3771740
All_dm6_minus_tracheal	3771741
All_dm6_minus_tracheal	3771742
All_dm6_minus_tracheal	3771743
All_dm6_minus_tracheal	3771745
All_dm6_minus_tracheal	3771747
All_dm6_minus_tracheal	3771748
All_dm6_minus_tracheal	3771749
All_dm6_minus_tracheal	3771750
All_dm6_minus_tracheal	3771754
All_dm6_minus_tracheal	3771755
All_dm6_minus_tracheal	3771756
All_dm6_minus_tracheal	3771757
All_dm6_minus_tracheal	3771760
All_dm6_minus_tracheal	3771761
All_dm6_minus_tracheal	3771762
All_dm6_minus_tracheal	3771763
All_dm6_minus_tracheal	3771765
All_dm6_minus_tracheal	3771766
All_dm6_minus_tracheal	3771767
All_dm6_minus_tracheal	3771768
All_dm6_minus_tracheal	3771769
All_dm6_minus_tracheal	3771770
All_dm6_minus_tracheal	3771771
All_dm6_minus_tracheal	3771772
All_dm6_minus_tracheal	3771774
All_dm6_minus_tracheal	3771775
All_dm6_minus_tracheal	3771776
All_dm6_minus_tracheal	3771777
All_dm6_minus_tracheal	3771779
All_dm6_minus_tracheal	3771780
All_dm6_minus_tracheal	3771781
All_dm6_minus_tracheal	3771783
All_dm6_minus_tracheal	3771784
All_dm6_minus_tracheal	3771785
All_dm6_minus_tracheal	3771786
All_dm6_minus_tracheal	3771787
All_dm6_minus_tracheal	3771788
All_dm6_minus_tracheal	3771790
All_dm6_minus_tracheal	3771791
All_dm6_minus_tracheal	3771792
All_dm6_minus_tracheal	3771793
All_dm6_minus_tracheal	3771794
All_dm6_minus_tracheal	3771795
All_dm6_minus_tracheal	3771797
All_dm6_minus_tracheal	3771798
All_dm6_minus_tracheal	3771801
All_dm6_minus_tracheal	3771802
All_dm6_minus_tracheal	3771803
All_dm6_minus_tracheal	3771804
All_dm6_minus_tracheal	3771805
All_dm6_minus_tracheal	3771806
All_dm6_minus_tracheal	3771807
All_dm6_minus_tracheal	3771809
All_dm6_minus_tracheal	3771810
All_dm6_minus_tracheal	3771811
All_dm6_minus_tracheal	3771813
All_dm6_minus_tracheal	3771814
All_dm6_minus_tracheal	3771815
All_dm6_minus_tracheal	3771816
All_dm6_minus_tracheal	3771818
All_dm6_minus_tracheal	3771819
All_dm6_minus_tracheal	3771820
All_dm6_minus_tracheal	3771821
All_dm6_minus_tracheal	3771822
All_dm6_minus_tracheal	3771824
All_dm6_minus_tracheal	3771825
All_dm6_minus_tracheal	3771827
All_dm6_minus_tracheal	3771829
All_dm6_minus_tracheal	3771831
All_dm6_minus_tracheal	3771832
All_dm6_minus_tracheal	3771833
All_dm6_minus_tracheal	3771834
All_dm6_minus_tracheal	3771835
All_dm6_minus_tracheal	3771836
All_dm6_minus_tracheal	3771837
All_dm6_minus_tracheal	3771838
All_dm6_minus_tracheal	3771839
All_dm6_minus_tracheal	3771840
All_dm6_minus_tracheal	3771841
All_dm6_minus_tracheal	3771842
All_dm6_minus_tracheal	3771843
All_dm6_minus_tracheal	3771844
All_dm6_minus_tracheal	3771845
All_dm6_minus_tracheal	3771847
All_dm6_minus_tracheal	3771848
All_dm6_minus_tracheal	3771849
All_dm6_minus_tracheal	3771850
All_dm6_minus_tracheal	3771851
All_dm6_minus_tracheal	3771854
All_dm6_minus_tracheal	3771855
All_dm6_minus_tracheal	3771856
All_dm6_minus_tracheal	3771858
All_dm6_minus_tracheal	3771859
All_dm6_minus_tracheal	3771860
All_dm6_minus_tracheal	3771861
All_dm6_minus_tracheal	3771862
All_dm6_minus_tracheal	3771863
All_dm6_minus_tracheal	3771864
All_dm6_minus_tracheal	3771865
All_dm6_minus_tracheal	3771866
All_dm6_minus_tracheal	3771867
All_dm6_minus_tracheal	3771868
All_dm6_minus_tracheal	3771869
All_dm6_minus_tracheal	3771870
All_dm6_minus_tracheal	3771871
All_dm6_minus_tracheal	3771872
All_dm6_minus_tracheal	3771874
All_dm6_minus_tracheal	3771875
All_dm6_minus_tracheal	3771877
All_dm6_minus_tracheal	3771878
All_dm6_minus_tracheal	3771879
All_dm6_minus_tracheal	3771881
All_dm6_minus_tracheal	3771882
All_dm6_minus_tracheal	3771884
All_dm6_minus_tracheal	3771887
All_dm6_minus_tracheal	3771888
All_dm6_minus_tracheal	3771889
All_dm6_minus_tracheal	3771890
All_dm6_minus_tracheal	3771891
All_dm6_minus_tracheal	3771892
All_dm6_minus_tracheal	3771893
All_dm6_minus_tracheal	3771894
All_dm6_minus_tracheal	3771896
All_dm6_minus_tracheal	3771898
All_dm6_minus_tracheal	3771899
All_dm6_minus_tracheal	3771901
All_dm6_minus_tracheal	3771902
All_dm6_minus_tracheal	3771903
All_dm6_minus_tracheal	3771904
All_dm6_minus_tracheal	3771906
All_dm6_minus_tracheal	3771907
All_dm6_minus_tracheal	3771908
All_dm6_minus_tracheal	3771910
All_dm6_minus_tracheal	3771911
All_dm6_minus_tracheal	3771912
All_dm6_minus_tracheal	3771913
All_dm6_minus_tracheal	3771914
All_dm6_minus_tracheal	3771915
All_dm6_minus_tracheal	3771916
All_dm6_minus_tracheal	3771918
All_dm6_minus_tracheal	3771919
All_dm6_minus_tracheal	3771920
All_dm6_minus_tracheal	3771921
All_dm6_minus_tracheal	3771922
All_dm6_minus_tracheal	3771924
All_dm6_minus_tracheal	3771925
All_dm6_minus_tracheal	3771926
All_dm6_minus_tracheal	3771927
All_dm6_minus_tracheal	3771929
All_dm6_minus_tracheal	3771930
All_dm6_minus_tracheal	3771931
All_dm6_minus_tracheal	3771932
All_dm6_minus_tracheal	3771933
All_dm6_minus_tracheal	3771934
All_dm6_minus_tracheal	3771935
All_dm6_minus_tracheal	3771936
All_dm6_minus_tracheal	3771937
All_dm6_minus_tracheal	3771938
All_dm6_minus_tracheal	3771939
All_dm6_minus_tracheal	3771940
All_dm6_minus_tracheal	3771941
All_dm6_minus_tracheal	3771942
All_dm6_minus_tracheal	3771943
All_dm6_minus_tracheal	3771944
All_dm6_minus_tracheal	3771945
All_dm6_minus_tracheal	3771946
All_dm6_minus_tracheal	3771947
All_dm6_minus_tracheal	3771948
All_dm6_minus_tracheal	3771949
All_dm6_minus_tracheal	3771950
All_dm6_minus_tracheal	3771951
All_dm6_minus_tracheal	3771952
All_dm6_minus_tracheal	3771953
All_dm6_minus_tracheal	3771954
All_dm6_minus_tracheal	3771956
All_dm6_minus_tracheal	3771957
All_dm6_minus_tracheal	3771958
All_dm6_minus_tracheal	3771959
All_dm6_minus_tracheal	3771960
All_dm6_minus_tracheal	3771961
All_dm6_minus_tracheal	3771962
All_dm6_minus_tracheal	3771963
All_dm6_minus_tracheal	3771965
All_dm6_minus_tracheal	3771966
All_dm6_minus_tracheal	3771969
All_dm6_minus_tracheal	3771970
All_dm6_minus_tracheal	3771971
All_dm6_minus_tracheal	3771972
All_dm6_minus_tracheal	3771973
All_dm6_minus_tracheal	3771974
All_dm6_minus_tracheal	3771975
All_dm6_minus_tracheal	3771976
All_dm6_minus_tracheal	3771978
All_dm6_minus_tracheal	3771979
All_dm6_minus_tracheal	3771980
All_dm6_minus_tracheal	3771981
All_dm6_minus_tracheal	3771982
All_dm6_minus_tracheal	3771984
All_dm6_minus_tracheal	3771985
All_dm6_minus_tracheal	3771986
All_dm6_minus_tracheal	3771988
All_dm6_minus_tracheal	3771990
All_dm6_minus_tracheal	3771991
All_dm6_minus_tracheal	3771992
All_dm6_minus_tracheal	3771993
All_dm6_minus_tracheal	3771994
All_dm6_minus_tracheal	3771995
All_dm6_minus_tracheal	3771997
All_dm6_minus_tracheal	3771999
All_dm6_minus_tracheal	3772000
All_dm6_minus_tracheal	3772001
All_dm6_minus_tracheal	3772002
All_dm6_minus_tracheal	3772003
All_dm6_minus_tracheal	3772004
All_dm6_minus_tracheal	3772005
All_dm6_minus_tracheal	3772006
All_dm6_minus_tracheal	3772007
All_dm6_minus_tracheal	3772008
All_dm6_minus_tracheal	3772009
All_dm6_minus_tracheal	3772010
All_dm6_minus_tracheal	3772011
All_dm6_minus_tracheal	3772012
All_dm6_minus_tracheal	3772013
All_dm6_minus_tracheal	3772014
All_dm6_minus_tracheal	3772017
All_dm6_minus_tracheal	3772019
All_dm6_minus_tracheal	3772020
All_dm6_minus_tracheal	3772021
All_dm6_minus_tracheal	3772022
All_dm6_minus_tracheal	3772023
All_dm6_minus_tracheal	3772025
All_dm6_minus_tracheal	3772026
All_dm6_minus_tracheal	3772028
All_dm6_minus_tracheal	3772029
All_dm6_minus_tracheal	3772031
All_dm6_minus_tracheal	3772032
All_dm6_minus_tracheal	3772033
All_dm6_minus_tracheal	3772034
All_dm6_minus_tracheal	3772035
All_dm6_minus_tracheal	3772036
All_dm6_minus_tracheal	3772037
All_dm6_minus_tracheal	3772038
All_dm6_minus_tracheal	3772040
All_dm6_minus_tracheal	3772042
All_dm6_minus_tracheal	3772043
All_dm6_minus_tracheal	3772044
All_dm6_minus_tracheal	3772045
All_dm6_minus_tracheal	3772046
All_dm6_minus_tracheal	3772047
All_dm6_minus_tracheal	3772048
All_dm6_minus_tracheal	3772049
All_dm6_minus_tracheal	3772050
All_dm6_minus_tracheal	3772051
All_dm6_minus_tracheal	3772052
All_dm6_minus_tracheal	3772053
All_dm6_minus_tracheal	3772054
All_dm6_minus_tracheal	3772055
All_dm6_minus_tracheal	3772056
All_dm6_minus_tracheal	3772058
All_dm6_minus_tracheal	3772059
All_dm6_minus_tracheal	3772060
All_dm6_minus_tracheal	3772061
All_dm6_minus_tracheal	3772062
All_dm6_minus_tracheal	3772064
All_dm6_minus_tracheal	3772065
All_dm6_minus_tracheal	3772066
All_dm6_minus_tracheal	3772067
All_dm6_minus_tracheal	3772068
All_dm6_minus_tracheal	3772069
All_dm6_minus_tracheal	3772070
All_dm6_minus_tracheal	3772071
All_dm6_minus_tracheal	3772072
All_dm6_minus_tracheal	3772073
All_dm6_minus_tracheal	3772075
All_dm6_minus_tracheal	3772076
All_dm6_minus_tracheal	3772077
All_dm6_minus_tracheal	3772078
All_dm6_minus_tracheal	3772079
All_dm6_minus_tracheal	3772080
All_dm6_minus_tracheal	3772081
All_dm6_minus_tracheal	3772083
All_dm6_minus_tracheal	3772084
All_dm6_minus_tracheal	3772085
All_dm6_minus_tracheal	3772086
All_dm6_minus_tracheal	3772087
All_dm6_minus_tracheal	3772088
All_dm6_minus_tracheal	3772089
All_dm6_minus_tracheal	3772090
All_dm6_minus_tracheal	3772091
All_dm6_minus_tracheal	3772092
All_dm6_minus_tracheal	3772094
All_dm6_minus_tracheal	3772095
All_dm6_minus_tracheal	3772096
All_dm6_minus_tracheal	3772098
All_dm6_minus_tracheal	3772099
All_dm6_minus_tracheal	3772100
All_dm6_minus_tracheal	3772101
All_dm6_minus_tracheal	3772102
All_dm6_minus_tracheal	3772103
All_dm6_minus_tracheal	3772104
All_dm6_minus_tracheal	3772105
All_dm6_minus_tracheal	3772106
All_dm6_minus_tracheal	3772107
All_dm6_minus_tracheal	3772108
All_dm6_minus_tracheal	3772111
All_dm6_minus_tracheal	3772112
All_dm6_minus_tracheal	3772113
All_dm6_minus_tracheal	3772114
All_dm6_minus_tracheal	3772115
All_dm6_minus_tracheal	3772116
All_dm6_minus_tracheal	3772117
All_dm6_minus_tracheal	3772118
All_dm6_minus_tracheal	3772119
All_dm6_minus_tracheal	3772121
All_dm6_minus_tracheal	3772122
All_dm6_minus_tracheal	3772123
All_dm6_minus_tracheal	3772124
All_dm6_minus_tracheal	3772125
All_dm6_minus_tracheal	3772126
All_dm6_minus_tracheal	3772127
All_dm6_minus_tracheal	3772129
All_dm6_minus_tracheal	3772130
All_dm6_minus_tracheal	3772131
All_dm6_minus_tracheal	3772132
All_dm6_minus_tracheal	3772133
All_dm6_minus_tracheal	3772134
All_dm6_minus_tracheal	3772135
All_dm6_minus_tracheal	3772136
All_dm6_minus_tracheal	3772137
All_dm6_minus_tracheal	3772138
All_dm6_minus_tracheal	3772139
All_dm6_minus_tracheal	3772140
All_dm6_minus_tracheal	3772141
All_dm6_minus_tracheal	3772142
All_dm6_minus_tracheal	3772143
All_dm6_minus_tracheal	3772144
All_dm6_minus_tracheal	3772145
All_dm6_minus_tracheal	3772146
All_dm6_minus_tracheal	3772147
All_dm6_minus_tracheal	3772148
All_dm6_minus_tracheal	3772149
All_dm6_minus_tracheal	3772150
All_dm6_minus_tracheal	3772151
All_dm6_minus_tracheal	3772153
All_dm6_minus_tracheal	3772154
All_dm6_minus_tracheal	3772156
All_dm6_minus_tracheal	3772157
All_dm6_minus_tracheal	3772159
All_dm6_minus_tracheal	3772161
All_dm6_minus_tracheal	3772162
All_dm6_minus_tracheal	3772163
All_dm6_minus_tracheal	3772164
All_dm6_minus_tracheal	3772165
All_dm6_minus_tracheal	3772166
All_dm6_minus_tracheal	3772168
All_dm6_minus_tracheal	3772169
All_dm6_minus_tracheal	3772170
All_dm6_minus_tracheal	3772172
All_dm6_minus_tracheal	3772173
All_dm6_minus_tracheal	3772175
All_dm6_minus_tracheal	3772177
All_dm6_minus_tracheal	3772178
All_dm6_minus_tracheal	3772179
All_dm6_minus_tracheal	3772180
All_dm6_minus_tracheal	3772181
All_dm6_minus_tracheal	3772182
All_dm6_minus_tracheal	3772183
All_dm6_minus_tracheal	3772184
All_dm6_minus_tracheal	3772185
All_dm6_minus_tracheal	3772186
All_dm6_minus_tracheal	3772187
All_dm6_minus_tracheal	3772188
All_dm6_minus_tracheal	3772189
All_dm6_minus_tracheal	3772190
All_dm6_minus_tracheal	3772191
All_dm6_minus_tracheal	3772192
All_dm6_minus_tracheal	3772194
All_dm6_minus_tracheal	3772195
All_dm6_minus_tracheal	3772196
All_dm6_minus_tracheal	3772197
All_dm6_minus_tracheal	3772198
All_dm6_minus_tracheal	3772199
All_dm6_minus_tracheal	3772200
All_dm6_minus_tracheal	3772201
All_dm6_minus_tracheal	3772202
All_dm6_minus_tracheal	3772203
All_dm6_minus_tracheal	3772204
All_dm6_minus_tracheal	3772205
All_dm6_minus_tracheal	3772206
All_dm6_minus_tracheal	3772210
All_dm6_minus_tracheal	3772211
All_dm6_minus_tracheal	3772212
All_dm6_minus_tracheal	3772213
All_dm6_minus_tracheal	3772214
All_dm6_minus_tracheal	3772215
All_dm6_minus_tracheal	3772217
All_dm6_minus_tracheal	3772218
All_dm6_minus_tracheal	3772219
All_dm6_minus_tracheal	3772220
All_dm6_minus_tracheal	3772221
All_dm6_minus_tracheal	3772223
All_dm6_minus_tracheal	3772225
All_dm6_minus_tracheal	3772226
All_dm6_minus_tracheal	3772227
All_dm6_minus_tracheal	3772228
All_dm6_minus_tracheal	3772229
All_dm6_minus_tracheal	3772230
All_dm6_minus_tracheal	3772231
All_dm6_minus_tracheal	3772233
All_dm6_minus_tracheal	3772235
All_dm6_minus_tracheal	3772238
All_dm6_minus_tracheal	3772240
All_dm6_minus_tracheal	3772241
All_dm6_minus_tracheal	3772242
All_dm6_minus_tracheal	3772243
All_dm6_minus_tracheal	3772244
All_dm6_minus_tracheal	3772245
All_dm6_minus_tracheal	3772246
All_dm6_minus_tracheal	3772247
All_dm6_minus_tracheal	3772248
All_dm6_minus_tracheal	3772249
All_dm6_minus_tracheal	3772251
All_dm6_minus_tracheal	3772252
All_dm6_minus_tracheal	3772253
All_dm6_minus_tracheal	3772254
All_dm6_minus_tracheal	3772255
All_dm6_minus_tracheal	3772256
All_dm6_minus_tracheal	3772257
All_dm6_minus_tracheal	3772258
All_dm6_minus_tracheal	3772259
All_dm6_minus_tracheal	3772260
All_dm6_minus_tracheal	3772261
All_dm6_minus_tracheal	3772262
All_dm6_minus_tracheal	3772263
All_dm6_minus_tracheal	3772264
All_dm6_minus_tracheal	3772265
All_dm6_minus_tracheal	3772266
All_dm6_minus_tracheal	3772267
All_dm6_minus_tracheal	3772268
All_dm6_minus_tracheal	3772270
All_dm6_minus_tracheal	3772271
All_dm6_minus_tracheal	3772272
All_dm6_minus_tracheal	3772273
All_dm6_minus_tracheal	3772274
All_dm6_minus_tracheal	3772276
All_dm6_minus_tracheal	3772278
All_dm6_minus_tracheal	3772279
All_dm6_minus_tracheal	3772280
All_dm6_minus_tracheal	3772281
All_dm6_minus_tracheal	3772282
All_dm6_minus_tracheal	3772284
All_dm6_minus_tracheal	3772285
All_dm6_minus_tracheal	3772286
All_dm6_minus_tracheal	3772287
All_dm6_minus_tracheal	3772288
All_dm6_minus_tracheal	3772289
All_dm6_minus_tracheal	3772290
All_dm6_minus_tracheal	3772291
All_dm6_minus_tracheal	3772292
All_dm6_minus_tracheal	3772294
All_dm6_minus_tracheal	3772295
All_dm6_minus_tracheal	3772296
All_dm6_minus_tracheal	3772297
All_dm6_minus_tracheal	3772298
All_dm6_minus_tracheal	3772299
All_dm6_minus_tracheal	3772300
All_dm6_minus_tracheal	3772303
All_dm6_minus_tracheal	3772305
All_dm6_minus_tracheal	3772306
All_dm6_minus_tracheal	3772307
All_dm6_minus_tracheal	3772308
All_dm6_minus_tracheal	3772309
All_dm6_minus_tracheal	3772310
All_dm6_minus_tracheal	3772311
All_dm6_minus_tracheal	3772314
All_dm6_minus_tracheal	3772316
All_dm6_minus_tracheal	3772317
All_dm6_minus_tracheal	3772318
All_dm6_minus_tracheal	3772319
All_dm6_minus_tracheal	3772320
All_dm6_minus_tracheal	3772321
All_dm6_minus_tracheal	3772322
All_dm6_minus_tracheal	3772323
All_dm6_minus_tracheal	3772325
All_dm6_minus_tracheal	3772326
All_dm6_minus_tracheal	3772327
All_dm6_minus_tracheal	3772328
All_dm6_minus_tracheal	3772329
All_dm6_minus_tracheal	3772330
All_dm6_minus_tracheal	3772331
All_dm6_minus_tracheal	3772333
All_dm6_minus_tracheal	3772334
All_dm6_minus_tracheal	3772335
All_dm6_minus_tracheal	3772336
All_dm6_minus_tracheal	3772337
All_dm6_minus_tracheal	3772338
All_dm6_minus_tracheal	3772339
All_dm6_minus_tracheal	3772340
All_dm6_minus_tracheal	3772341
All_dm6_minus_tracheal	3772342
All_dm6_minus_tracheal	3772343
All_dm6_minus_tracheal	3772344
All_dm6_minus_tracheal	3772345
All_dm6_minus_tracheal	3772346
All_dm6_minus_tracheal	3772347
All_dm6_minus_tracheal	3772348
All_dm6_minus_tracheal	3772349
All_dm6_minus_tracheal	3772350
All_dm6_minus_tracheal	3772351
All_dm6_minus_tracheal	3772352
All_dm6_minus_tracheal	3772353
All_dm6_minus_tracheal	3772355
All_dm6_minus_tracheal	3772356
All_dm6_minus_tracheal	3772357
All_dm6_minus_tracheal	3772359
All_dm6_minus_tracheal	3772360
All_dm6_minus_tracheal	3772361
All_dm6_minus_tracheal	3772362
All_dm6_minus_tracheal	3772363
All_dm6_minus_tracheal	3772364
All_dm6_minus_tracheal	3772366
All_dm6_minus_tracheal	3772367
All_dm6_minus_tracheal	3772368
All_dm6_minus_tracheal	3772369
All_dm6_minus_tracheal	3772370
All_dm6_minus_tracheal	3772371
All_dm6_minus_tracheal	3772372
All_dm6_minus_tracheal	3772373
All_dm6_minus_tracheal	3772374
All_dm6_minus_tracheal	3772377
All_dm6_minus_tracheal	3772380
All_dm6_minus_tracheal	3772381
All_dm6_minus_tracheal	3772383
All_dm6_minus_tracheal	3772384
All_dm6_minus_tracheal	3772385
All_dm6_minus_tracheal	3772386
All_dm6_minus_tracheal	3772387
All_dm6_minus_tracheal	3772388
All_dm6_minus_tracheal	3772389
All_dm6_minus_tracheal	3772390
All_dm6_minus_tracheal	3772391
All_dm6_minus_tracheal	3772392
All_dm6_minus_tracheal	3772394
All_dm6_minus_tracheal	3772395
All_dm6_minus_tracheal	3772396
All_dm6_minus_tracheal	3772397
All_dm6_minus_tracheal	3772398
All_dm6_minus_tracheal	3772399
All_dm6_minus_tracheal	3772400
All_dm6_minus_tracheal	3772404
All_dm6_minus_tracheal	3772405
All_dm6_minus_tracheal	3772407
All_dm6_minus_tracheal	3772408
All_dm6_minus_tracheal	3772409
All_dm6_minus_tracheal	3772410
All_dm6_minus_tracheal	3772411
All_dm6_minus_tracheal	3772412
All_dm6_minus_tracheal	3772413
All_dm6_minus_tracheal	3772414
All_dm6_minus_tracheal	3772415
All_dm6_minus_tracheal	3772416
All_dm6_minus_tracheal	3772417
All_dm6_minus_tracheal	3772418
All_dm6_minus_tracheal	3772419
All_dm6_minus_tracheal	3772420
All_dm6_minus_tracheal	3772421
All_dm6_minus_tracheal	3772422
All_dm6_minus_tracheal	3772423
All_dm6_minus_tracheal	3772424
All_dm6_minus_tracheal	3772425
All_dm6_minus_tracheal	3772427
All_dm6_minus_tracheal	3772428
All_dm6_minus_tracheal	3772429
All_dm6_minus_tracheal	3772431
All_dm6_minus_tracheal	3772432
All_dm6_minus_tracheal	3772433
All_dm6_minus_tracheal	3772434
All_dm6_minus_tracheal	3772436
All_dm6_minus_tracheal	3772437
All_dm6_minus_tracheal	3772438
All_dm6_minus_tracheal	3772439
All_dm6_minus_tracheal	3772440
All_dm6_minus_tracheal	3772441
All_dm6_minus_tracheal	3772443
All_dm6_minus_tracheal	3772444
All_dm6_minus_tracheal	3772445
All_dm6_minus_tracheal	3772446
All_dm6_minus_tracheal	3772447
All_dm6_minus_tracheal	3772448
All_dm6_minus_tracheal	3772449
All_dm6_minus_tracheal	3772451
All_dm6_minus_tracheal	3772452
All_dm6_minus_tracheal	3772453
All_dm6_minus_tracheal	3772454
All_dm6_minus_tracheal	3772455
All_dm6_minus_tracheal	3772456
All_dm6_minus_tracheal	3772457
All_dm6_minus_tracheal	3772459
All_dm6_minus_tracheal	3772460
All_dm6_minus_tracheal	3772461
All_dm6_minus_tracheal	3772462
All_dm6_minus_tracheal	3772463
All_dm6_minus_tracheal	3772464
All_dm6_minus_tracheal	3772465
All_dm6_minus_tracheal	3772466
All_dm6_minus_tracheal	3772468
All_dm6_minus_tracheal	3772469
All_dm6_minus_tracheal	3772471
All_dm6_minus_tracheal	3772473
All_dm6_minus_tracheal	3772474
All_dm6_minus_tracheal	3772476
All_dm6_minus_tracheal	3772477
All_dm6_minus_tracheal	3772478
All_dm6_minus_tracheal	3772479
All_dm6_minus_tracheal	3772480
All_dm6_minus_tracheal	3772481
All_dm6_minus_tracheal	3772483
All_dm6_minus_tracheal	3772485
All_dm6_minus_tracheal	3772486
All_dm6_minus_tracheal	3772487
All_dm6_minus_tracheal	3772488
All_dm6_minus_tracheal	3772489
All_dm6_minus_tracheal	3772491
All_dm6_minus_tracheal	3772494
All_dm6_minus_tracheal	3772495
All_dm6_minus_tracheal	3772496
All_dm6_minus_tracheal	3772498
All_dm6_minus_tracheal	3772499
All_dm6_minus_tracheal	3772500
All_dm6_minus_tracheal	3772501
All_dm6_minus_tracheal	3772502
All_dm6_minus_tracheal	3772503
All_dm6_minus_tracheal	3772504
All_dm6_minus_tracheal	3772505
All_dm6_minus_tracheal	3772506
All_dm6_minus_tracheal	3772507
All_dm6_minus_tracheal	3772508
All_dm6_minus_tracheal	3772509
All_dm6_minus_tracheal	3772510
All_dm6_minus_tracheal	3772511
All_dm6_minus_tracheal	3772512
All_dm6_minus_tracheal	3772513
All_dm6_minus_tracheal	3772515
All_dm6_minus_tracheal	3772517
All_dm6_minus_tracheal	3772518
All_dm6_minus_tracheal	3772519
All_dm6_minus_tracheal	3772520
All_dm6_minus_tracheal	3772521
All_dm6_minus_tracheal	3772522
All_dm6_minus_tracheal	3772523
All_dm6_minus_tracheal	3772524
All_dm6_minus_tracheal	3772525
All_dm6_minus_tracheal	3772526
All_dm6_minus_tracheal	3772527
All_dm6_minus_tracheal	3772528
All_dm6_minus_tracheal	3772530
All_dm6_minus_tracheal	3772532
All_dm6_minus_tracheal	3772533
All_dm6_minus_tracheal	3772534
All_dm6_minus_tracheal	3772535
All_dm6_minus_tracheal	3772537
All_dm6_minus_tracheal	3772538
All_dm6_minus_tracheal	3772540
All_dm6_minus_tracheal	3772541
All_dm6_minus_tracheal	3772542
All_dm6_minus_tracheal	3772543
All_dm6_minus_tracheal	3772544
All_dm6_minus_tracheal	3772545
All_dm6_minus_tracheal	3772547
All_dm6_minus_tracheal	3772548
All_dm6_minus_tracheal	3772550
All_dm6_minus_tracheal	3772551
All_dm6_minus_tracheal	3772552
All_dm6_minus_tracheal	3772553
All_dm6_minus_tracheal	3772554
All_dm6_minus_tracheal	3772556
All_dm6_minus_tracheal	3772557
All_dm6_minus_tracheal	3772558
All_dm6_minus_tracheal	3772559
All_dm6_minus_tracheal	3772561
All_dm6_minus_tracheal	3772562
All_dm6_minus_tracheal	3772563
All_dm6_minus_tracheal	3772564
All_dm6_minus_tracheal	3772565
All_dm6_minus_tracheal	3772566
All_dm6_minus_tracheal	3772567
All_dm6_minus_tracheal	3772570
All_dm6_minus_tracheal	3772572
All_dm6_minus_tracheal	3772573
All_dm6_minus_tracheal	3772574
All_dm6_minus_tracheal	3772575
All_dm6_minus_tracheal	3772576
All_dm6_minus_tracheal	3772577
All_dm6_minus_tracheal	3772578
All_dm6_minus_tracheal	3772579
All_dm6_minus_tracheal	3772580
All_dm6_minus_tracheal	3772581
All_dm6_minus_tracheal	3772582
All_dm6_minus_tracheal	3772583
All_dm6_minus_tracheal	3772584
All_dm6_minus_tracheal	3772585
All_dm6_minus_tracheal	3772587
All_dm6_minus_tracheal	3772588
All_dm6_minus_tracheal	3772589
All_dm6_minus_tracheal	3772591
All_dm6_minus_tracheal	3772593
All_dm6_minus_tracheal	3772594
All_dm6_minus_tracheal	3772595
All_dm6_minus_tracheal	3772596
All_dm6_minus_tracheal	3772598
All_dm6_minus_tracheal	3772599
All_dm6_minus_tracheal	3772600
All_dm6_minus_tracheal	3772601
All_dm6_minus_tracheal	3772602
All_dm6_minus_tracheal	3772603
All_dm6_minus_tracheal	3772605
All_dm6_minus_tracheal	3772606
All_dm6_minus_tracheal	3772607
All_dm6_minus_tracheal	3772611
All_dm6_minus_tracheal	3772612
All_dm6_minus_tracheal	3772615
All_dm6_minus_tracheal	3772617
All_dm6_minus_tracheal	3772618
All_dm6_minus_tracheal	3772619
All_dm6_minus_tracheal	3772620
All_dm6_minus_tracheal	3772621
All_dm6_minus_tracheal	3772622
All_dm6_minus_tracheal	3772623
All_dm6_minus_tracheal	3772624
All_dm6_minus_tracheal	3772625
All_dm6_minus_tracheal	3772627
All_dm6_minus_tracheal	3772628
All_dm6_minus_tracheal	3772629
All_dm6_minus_tracheal	3772630
All_dm6_minus_tracheal	3772631
All_dm6_minus_tracheal	3772632
All_dm6_minus_tracheal	3772633
All_dm6_minus_tracheal	3772634
All_dm6_minus_tracheal	3772635
All_dm6_minus_tracheal	3772636
All_dm6_minus_tracheal	3772637
All_dm6_minus_tracheal	3772638
All_dm6_minus_tracheal	3772639
All_dm6_minus_tracheal	3772640
All_dm6_minus_tracheal	3772641
All_dm6_minus_tracheal	3772642
All_dm6_minus_tracheal	3772643
All_dm6_minus_tracheal	3772644
All_dm6_minus_tracheal	3772646
All_dm6_minus_tracheal	3772647
All_dm6_minus_tracheal	3772648
All_dm6_minus_tracheal	3772649
All_dm6_minus_tracheal	3772651
All_dm6_minus_tracheal	3772652
All_dm6_minus_tracheal	3772653
All_dm6_minus_tracheal	3772654
All_dm6_minus_tracheal	3772655
All_dm6_minus_tracheal	3772656
All_dm6_minus_tracheal	3772657
All_dm6_minus_tracheal	3772658
All_dm6_minus_tracheal	3772659
All_dm6_minus_tracheal	3772660
All_dm6_minus_tracheal	3772662
All_dm6_minus_tracheal	3772663
All_dm6_minus_tracheal	3772664
All_dm6_minus_tracheal	3772665
All_dm6_minus_tracheal	3772666
All_dm6_minus_tracheal	3772667
All_dm6_minus_tracheal	3772668
All_dm6_minus_tracheal	3772669
All_dm6_minus_tracheal	3772671
All_dm6_minus_tracheal	3772672
All_dm6_minus_tracheal	3772673
All_dm6_minus_tracheal	3772674
All_dm6_minus_tracheal	3772675
All_dm6_minus_tracheal	3772676
All_dm6_minus_tracheal	3772677
All_dm6_minus_tracheal	3772678
All_dm6_minus_tracheal	3772680
All_dm6_minus_tracheal	3772681
All_dm6_minus_tracheal	3772683
All_dm6_minus_tracheal	3772684
All_dm6_minus_tracheal	3772685
All_dm6_minus_tracheal	3772686
All_dm6_minus_tracheal	3772688
All_dm6_minus_tracheal	3772690
All_dm6_minus_tracheal	3772691
All_dm6_minus_tracheal	3772692
All_dm6_minus_tracheal	3772695
All_dm6_minus_tracheal	3772696
All_dm6_minus_tracheal	3772698
All_dm6_minus_tracheal	3772699
All_dm6_minus_tracheal	3772700
All_dm6_minus_tracheal	3772701
All_dm6_minus_tracheal	3772702
All_dm6_minus_tracheal	3772703
All_dm6_minus_tracheal	3772704
All_dm6_minus_tracheal	3772705
All_dm6_minus_tracheal	3772707
All_dm6_minus_tracheal	3772708
All_dm6_minus_tracheal	3772709
All_dm6_minus_tracheal	3772710
All_dm6_minus_tracheal	3772712
All_dm6_minus_tracheal	3772714
All_dm6_minus_tracheal	3772715
All_dm6_minus_tracheal	3772716
All_dm6_minus_tracheal	3772717
All_dm6_minus_tracheal	3772718
All_dm6_minus_tracheal	3772719
All_dm6_minus_tracheal	3772720
All_dm6_minus_tracheal	3885565
All_dm6_minus_tracheal	3885567
All_dm6_minus_tracheal	3885569
All_dm6_minus_tracheal	3885570
All_dm6_minus_tracheal	3885572
All_dm6_minus_tracheal	3885573
All_dm6_minus_tracheal	3885575
All_dm6_minus_tracheal	3885576
All_dm6_minus_tracheal	3885577
All_dm6_minus_tracheal	3885578
All_dm6_minus_tracheal	3885579
All_dm6_minus_tracheal	3885581
All_dm6_minus_tracheal	3885583
All_dm6_minus_tracheal	3885584
All_dm6_minus_tracheal	3885585
All_dm6_minus_tracheal	3885587
All_dm6_minus_tracheal	3885588
All_dm6_minus_tracheal	3885589
All_dm6_minus_tracheal	3885590
All_dm6_minus_tracheal	3885592
All_dm6_minus_tracheal	3885594
All_dm6_minus_tracheal	3885596
All_dm6_minus_tracheal	3885597
All_dm6_minus_tracheal	3885598
All_dm6_minus_tracheal	3885599
All_dm6_minus_tracheal	3885600
All_dm6_minus_tracheal	3885601
All_dm6_minus_tracheal	3885602
All_dm6_minus_tracheal	3885603
All_dm6_minus_tracheal	3885605
All_dm6_minus_tracheal	3885606
All_dm6_minus_tracheal	3885607
All_dm6_minus_tracheal	3885608
All_dm6_minus_tracheal	3885611
All_dm6_minus_tracheal	3885612
All_dm6_minus_tracheal	3885616
All_dm6_minus_tracheal	3885619
All_dm6_minus_tracheal	3885620
All_dm6_minus_tracheal	3885622
All_dm6_minus_tracheal	3885627
All_dm6_minus_tracheal	3885628
All_dm6_minus_tracheal	3885632
All_dm6_minus_tracheal	3885633
All_dm6_minus_tracheal	3885636
All_dm6_minus_tracheal	3885637
All_dm6_minus_tracheal	3885638
All_dm6_minus_tracheal	3885639
All_dm6_minus_tracheal	3885640
All_dm6_minus_tracheal	3885642
All_dm6_minus_tracheal	3885643
All_dm6_minus_tracheal	3885644
All_dm6_minus_tracheal	3885645
All_dm6_minus_tracheal	3885646
All_dm6_minus_tracheal	3885647
All_dm6_minus_tracheal	3885648
All_dm6_minus_tracheal	3885650
All_dm6_minus_tracheal	3885654
All_dm6_minus_tracheal	3885655
All_dm6_minus_tracheal	3885656
All_dm6_minus_tracheal	3885657
All_dm6_minus_tracheal	3885658
All_dm6_minus_tracheal	3885660
All_dm6_minus_tracheal	3885664
All_dm6_minus_tracheal	3885665
All_dm6_minus_tracheal	3885667
All_dm6_minus_tracheal	3885668
All_dm6_minus_tracheal	4379815
All_dm6_minus_tracheal	4379817
All_dm6_minus_tracheal	4379834
All_dm6_minus_tracheal	4379842
All_dm6_minus_tracheal	4379850
All_dm6_minus_tracheal	4379851
All_dm6_minus_tracheal	4379852
All_dm6_minus_tracheal	4379854
All_dm6_minus_tracheal	4379856
All_dm6_minus_tracheal	4379860
All_dm6_minus_tracheal	4379861
All_dm6_minus_tracheal	4379863
All_dm6_minus_tracheal	4379864
All_dm6_minus_tracheal	4379865
All_dm6_minus_tracheal	4379866
All_dm6_minus_tracheal	4379867
All_dm6_minus_tracheal	4379868
All_dm6_minus_tracheal	4379869
All_dm6_minus_tracheal	4379870
All_dm6_minus_tracheal	4379873
All_dm6_minus_tracheal	4379878
All_dm6_minus_tracheal	4379879
All_dm6_minus_tracheal	4379880
All_dm6_minus_tracheal	4379881
All_dm6_minus_tracheal	4379884
All_dm6_minus_tracheal	4379885
All_dm6_minus_tracheal	4379886
All_dm6_minus_tracheal	4379887
All_dm6_minus_tracheal	4379888
All_dm6_minus_tracheal	4379889
All_dm6_minus_tracheal	4379890
All_dm6_minus_tracheal	4379891
All_dm6_minus_tracheal	4379892
All_dm6_minus_tracheal	4379897
All_dm6_minus_tracheal	4379900
All_dm6_minus_tracheal	4379905
All_dm6_minus_tracheal	4379906
All_dm6_minus_tracheal	4379907
All_dm6_minus_tracheal	4379908
All_dm6_minus_tracheal	4379909
All_dm6_minus_tracheal	4379912
All_dm6_minus_tracheal	4379919
All_dm6_minus_tracheal	5656835
All_dm6_minus_tracheal	5656836
All_dm6_minus_tracheal	5656837
All_dm6_minus_tracheal	5656838
All_dm6_minus_tracheal	5656839
All_dm6_minus_tracheal	5656840
All_dm6_minus_tracheal	5656841
All_dm6_minus_tracheal	5656842
All_dm6_minus_tracheal	5656843
All_dm6_minus_tracheal	5656844
All_dm6_minus_tracheal	5656845
All_dm6_minus_tracheal	5656847
All_dm6_minus_tracheal	5656848
All_dm6_minus_tracheal	5656850
All_dm6_minus_tracheal	5656851
All_dm6_minus_tracheal	5656852
All_dm6_minus_tracheal	5656853
All_dm6_minus_tracheal	5656854
All_dm6_minus_tracheal	5656855
All_dm6_minus_tracheal	5656856
All_dm6_minus_tracheal	5656864
All_dm6_minus_tracheal	5656865
All_dm6_minus_tracheal	5656866
All_dm6_minus_tracheal	5656867
All_dm6_minus_tracheal	5656868
All_dm6_minus_tracheal	5656870
All_dm6_minus_tracheal	5656871
All_dm6_minus_tracheal	5656872
All_dm6_minus_tracheal	5656873
All_dm6_minus_tracheal	5656874
All_dm6_minus_tracheal	5656875
All_dm6_minus_tracheal	5656876
All_dm6_minus_tracheal	5656877
All_dm6_minus_tracheal	5656878
All_dm6_minus_tracheal	5656880
All_dm6_minus_tracheal	5656884
All_dm6_minus_tracheal	5656885
All_dm6_minus_tracheal	5656886
All_dm6_minus_tracheal	5656887
All_dm6_minus_tracheal	5656888
All_dm6_minus_tracheal	5656889
All_dm6_minus_tracheal	5656890
All_dm6_minus_tracheal	5656891
All_dm6_minus_tracheal	5656892
All_dm6_minus_tracheal	5656893
All_dm6_minus_tracheal	5656894
All_dm6_minus_tracheal	5656895
All_dm6_minus_tracheal	5656896
All_dm6_minus_tracheal	5656897
All_dm6_minus_tracheal	5656898
All_dm6_minus_tracheal	5656899
All_dm6_minus_tracheal	5656900
All_dm6_minus_tracheal	5656901
All_dm6_minus_tracheal	5656902
All_dm6_minus_tracheal	5656903
All_dm6_minus_tracheal	5656904
All_dm6_minus_tracheal	5656905
All_dm6_minus_tracheal	5656906
All_dm6_minus_tracheal	5656907
All_dm6_minus_tracheal	5656908
All_dm6_minus_tracheal	5656909
All_dm6_minus_tracheal	5656910
All_dm6_minus_tracheal	5656911
All_dm6_minus_tracheal	5656912
All_dm6_minus_tracheal	5656913
All_dm6_minus_tracheal	5656914
All_dm6_minus_tracheal	5656915
All_dm6_minus_tracheal	5656916
All_dm6_minus_tracheal	5656917
All_dm6_minus_tracheal	5656918
All_dm6_minus_tracheal	5656919
All_dm6_minus_tracheal	5656923
All_dm6_minus_tracheal	5656924
All_dm6_minus_tracheal	5656925
All_dm6_minus_tracheal	5656928
All_dm6_minus_tracheal	5656929
All_dm6_minus_tracheal	5656930
All_dm6_minus_tracheal	5656933
All_dm6_minus_tracheal	5656934
All_dm6_minus_tracheal	5656935
All_dm6_minus_tracheal	5656936
All_dm6_minus_tracheal	5656937
All_dm6_minus_tracheal	5656938
All_dm6_minus_tracheal	5656939
All_dm6_minus_tracheal	5656940
All_dm6_minus_tracheal	5656941
All_dm6_minus_tracheal	5656942
All_dm6_minus_tracheal	5656943
All_dm6_minus_tracheal	5656944
All_dm6_minus_tracheal	5656945
All_dm6_minus_tracheal	5656946
All_dm6_minus_tracheal	5656947
All_dm6_minus_tracheal	5656950
All_dm6_minus_tracheal	5656951
All_dm6_minus_tracheal	5656952
All_dm6_minus_tracheal	5656953
All_dm6_minus_tracheal	5656955
All_dm6_minus_tracheal	5656956
All_dm6_minus_tracheal	5656957
All_dm6_minus_tracheal	5656958
All_dm6_minus_tracheal	5656959
All_dm6_minus_tracheal	5656960
All_dm6_minus_tracheal	5656961
All_dm6_minus_tracheal	5656962
All_dm6_minus_tracheal	5656963
All_dm6_minus_tracheal	5656964
All_dm6_minus_tracheal	5656965
All_dm6_minus_tracheal	5656967
All_dm6_minus_tracheal	5656968
All_dm6_minus_tracheal	5656969
All_dm6_minus_tracheal	5656970
All_dm6_minus_tracheal	5656971
All_dm6_minus_tracheal	5656972
All_dm6_minus_tracheal	5656973
All_dm6_minus_tracheal	5656974
All_dm6_minus_tracheal	5656975
All_dm6_minus_tracheal	5656976
All_dm6_minus_tracheal	5656978
All_dm6_minus_tracheal	5656980
All_dm6_minus_tracheal	5656981
All_dm6_minus_tracheal	5656983
All_dm6_minus_tracheal	5656984
All_dm6_minus_tracheal	5656985
All_dm6_minus_tracheal	5656986
All_dm6_minus_tracheal	5656988
All_dm6_minus_tracheal	5656989
All_dm6_minus_tracheal	5656990
All_dm6_minus_tracheal	5656991
All_dm6_minus_tracheal	5656994
All_dm6_minus_tracheal	5656995
All_dm6_minus_tracheal	5656996
All_dm6_minus_tracheal	5656997
All_dm6_minus_tracheal	5656998
All_dm6_minus_tracheal	5656999
All_dm6_minus_tracheal	5657005
All_dm6_minus_tracheal	5657006
All_dm6_minus_tracheal	5657007
All_dm6_minus_tracheal	5657010
All_dm6_minus_tracheal	5657013
All_dm6_minus_tracheal	5657014
All_dm6_minus_tracheal	5657015
All_dm6_minus_tracheal	5657016
All_dm6_minus_tracheal	5657017
All_dm6_minus_tracheal	5657018
All_dm6_minus_tracheal	5657019
All_dm6_minus_tracheal	5657020
All_dm6_minus_tracheal	5657021
All_dm6_minus_tracheal	5657022
All_dm6_minus_tracheal	5657023
All_dm6_minus_tracheal	5657024
All_dm6_minus_tracheal	5657025
All_dm6_minus_tracheal	5657026
All_dm6_minus_tracheal	5657027
All_dm6_minus_tracheal	5657028
All_dm6_minus_tracheal	5657029
All_dm6_minus_tracheal	5657030
All_dm6_minus_tracheal	5657031
All_dm6_minus_tracheal	5657032
All_dm6_minus_tracheal	5657033
All_dm6_minus_tracheal	5657034
All_dm6_minus_tracheal	5657035
All_dm6_minus_tracheal	5657036
All_dm6_minus_tracheal	5657037
All_dm6_minus_tracheal	5657038
All_dm6_minus_tracheal	5657039
All_dm6_minus_tracheal	5657040
All_dm6_minus_tracheal	5657041
All_dm6_minus_tracheal	5657042
All_dm6_minus_tracheal	5657043
All_dm6_minus_tracheal	5657044
All_dm6_minus_tracheal	5657045
All_dm6_minus_tracheal	5657046
All_dm6_minus_tracheal	5657047
All_dm6_minus_tracheal	5657048
All_dm6_minus_tracheal	5657049
All_dm6_minus_tracheal	5657050
All_dm6_minus_tracheal	5657051
All_dm6_minus_tracheal	5657052
All_dm6_minus_tracheal	5657053
All_dm6_minus_tracheal	5657054
All_dm6_minus_tracheal	5657055
All_dm6_minus_tracheal	5657056
All_dm6_minus_tracheal	5657057
All_dm6_minus_tracheal	5657058
All_dm6_minus_tracheal	5657059
All_dm6_minus_tracheal	5657060
All_dm6_minus_tracheal	5657061
All_dm6_minus_tracheal	5657062
All_dm6_minus_tracheal	5657063
All_dm6_minus_tracheal	5657064
All_dm6_minus_tracheal	5657065
All_dm6_minus_tracheal	5657066
All_dm6_minus_tracheal	5657067
All_dm6_minus_tracheal	5657068
All_dm6_minus_tracheal	5657069
All_dm6_minus_tracheal	5657070
All_dm6_minus_tracheal	5657071
All_dm6_minus_tracheal	5657072
All_dm6_minus_tracheal	5657073
All_dm6_minus_tracheal	5657074
All_dm6_minus_tracheal	5657075
All_dm6_minus_tracheal	5657076
All_dm6_minus_tracheal	5657077
All_dm6_minus_tracheal	5657078
All_dm6_minus_tracheal	5657079
All_dm6_minus_tracheal	5657080
All_dm6_minus_tracheal	5657081
All_dm6_minus_tracheal	5657082
All_dm6_minus_tracheal	5657083
All_dm6_minus_tracheal	5657084
All_dm6_minus_tracheal	5657085
All_dm6_minus_tracheal	5657086
All_dm6_minus_tracheal	5657087
All_dm6_minus_tracheal	5657091
All_dm6_minus_tracheal	5657093
All_dm6_minus_tracheal	5657095
All_dm6_minus_tracheal	5657096
All_dm6_minus_tracheal	5657097
All_dm6_minus_tracheal	5657098
All_dm6_minus_tracheal	5657099
All_dm6_minus_tracheal	5657100
All_dm6_minus_tracheal	5657101
All_dm6_minus_tracheal	5657102
All_dm6_minus_tracheal	5657103
All_dm6_minus_tracheal	5657104
All_dm6_minus_tracheal	5657105
All_dm6_minus_tracheal	5657107
All_dm6_minus_tracheal	5657108
All_dm6_minus_tracheal	5657109
All_dm6_minus_tracheal	5657110
All_dm6_minus_tracheal	5657111
All_dm6_minus_tracheal	5657113
All_dm6_minus_tracheal	5657115
All_dm6_minus_tracheal	5657116
All_dm6_minus_tracheal	5657126
All_dm6_minus_tracheal	5657127
All_dm6_minus_tracheal	5657128
All_dm6_minus_tracheal	5657129
All_dm6_minus_tracheal	5657130
All_dm6_minus_tracheal	5657131
All_dm6_minus_tracheal	5657132
All_dm6_minus_tracheal	5657133
All_dm6_minus_tracheal	5657134
All_dm6_minus_tracheal	5657135
All_dm6_minus_tracheal	5657136
All_dm6_minus_tracheal	5657137
All_dm6_minus_tracheal	5657138
All_dm6_minus_tracheal	5657139
All_dm6_minus_tracheal	5657140
All_dm6_minus_tracheal	5657141
All_dm6_minus_tracheal	5657142
All_dm6_minus_tracheal	5657143
All_dm6_minus_tracheal	5657144
All_dm6_minus_tracheal	5657145
All_dm6_minus_tracheal	5657146
All_dm6_minus_tracheal	5657147
All_dm6_minus_tracheal	5657148
All_dm6_minus_tracheal	5657149
All_dm6_minus_tracheal	5657150
All_dm6_minus_tracheal	5657151
All_dm6_minus_tracheal	5657152
All_dm6_minus_tracheal	5657153
All_dm6_minus_tracheal	5657154
All_dm6_minus_tracheal	5657155
All_dm6_minus_tracheal	5657156
All_dm6_minus_tracheal	5657157
All_dm6_minus_tracheal	5657158
All_dm6_minus_tracheal	5657159
All_dm6_minus_tracheal	5657160
All_dm6_minus_tracheal	5657161
All_dm6_minus_tracheal	5657162
All_dm6_minus_tracheal	5657163
All_dm6_minus_tracheal	5657164
All_dm6_minus_tracheal	5657165
All_dm6_minus_tracheal	5657167
All_dm6_minus_tracheal	5657168
All_dm6_minus_tracheal	5657169
All_dm6_minus_tracheal	5657170
All_dm6_minus_tracheal	5657171
All_dm6_minus_tracheal	5657172
All_dm6_minus_tracheal	5657173
All_dm6_minus_tracheal	5657174
All_dm6_minus_tracheal	5657175
All_dm6_minus_tracheal	5657176
All_dm6_minus_tracheal	5657177
All_dm6_minus_tracheal	5657178
All_dm6_minus_tracheal	5657179
All_dm6_minus_tracheal	5657180
All_dm6_minus_tracheal	5657181
All_dm6_minus_tracheal	5657182
All_dm6_minus_tracheal	5657183
All_dm6_minus_tracheal	5657184
All_dm6_minus_tracheal	5657186
All_dm6_minus_tracheal	5657187
All_dm6_minus_tracheal	5657190
All_dm6_minus_tracheal	5657191
All_dm6_minus_tracheal	5657192
All_dm6_minus_tracheal	5657194
All_dm6_minus_tracheal	5657195
All_dm6_minus_tracheal	5657196
All_dm6_minus_tracheal	5657197
All_dm6_minus_tracheal	5657198
All_dm6_minus_tracheal	5657199
All_dm6_minus_tracheal	5657200
All_dm6_minus_tracheal	5657201
All_dm6_minus_tracheal	5657202
All_dm6_minus_tracheal	5657203
All_dm6_minus_tracheal	5657204
All_dm6_minus_tracheal	5657205
All_dm6_minus_tracheal	5657206
All_dm6_minus_tracheal	5657207
All_dm6_minus_tracheal	5657208
All_dm6_minus_tracheal	5657209
All_dm6_minus_tracheal	5657210
All_dm6_minus_tracheal	5657211
All_dm6_minus_tracheal	5657212
All_dm6_minus_tracheal	5657213
All_dm6_minus_tracheal	5657214
All_dm6_minus_tracheal	5657215
All_dm6_minus_tracheal	5657216
All_dm6_minus_tracheal	5657217
All_dm6_minus_tracheal	5657218
All_dm6_minus_tracheal	5657219
All_dm6_minus_tracheal	5657220
All_dm6_minus_tracheal	5657221
All_dm6_minus_tracheal	5657222
All_dm6_minus_tracheal	5657223
All_dm6_minus_tracheal	5657224
All_dm6_minus_tracheal	5657225
All_dm6_minus_tracheal	5657227
All_dm6_minus_tracheal	5657228
All_dm6_minus_tracheal	5657229
All_dm6_minus_tracheal	5657230
All_dm6_minus_tracheal	5657231
All_dm6_minus_tracheal	5657232
All_dm6_minus_tracheal	5657233
All_dm6_minus_tracheal	5657234
All_dm6_minus_tracheal	5657235
All_dm6_minus_tracheal	5657236
All_dm6_minus_tracheal	5657237
All_dm6_minus_tracheal	5657238
All_dm6_minus_tracheal	5657239
All_dm6_minus_tracheal	5657240
All_dm6_minus_tracheal	5657241
All_dm6_minus_tracheal	5657242
All_dm6_minus_tracheal	5657243
All_dm6_minus_tracheal	5657244
All_dm6_minus_tracheal	5657245
All_dm6_minus_tracheal	5657246
All_dm6_minus_tracheal	5657247
All_dm6_minus_tracheal	5657248
All_dm6_minus_tracheal	5657249
All_dm6_minus_tracheal	5657250
All_dm6_minus_tracheal	5657251
All_dm6_minus_tracheal	5657252
All_dm6_minus_tracheal	5657253
All_dm6_minus_tracheal	5657254
All_dm6_minus_tracheal	5657255
All_dm6_minus_tracheal	5657256
All_dm6_minus_tracheal	5657257
All_dm6_minus_tracheal	5657258
All_dm6_minus_tracheal	5657260
All_dm6_minus_tracheal	5657261
All_dm6_minus_tracheal	5657262
All_dm6_minus_tracheal	5657263
All_dm6_minus_tracheal	5657264
All_dm6_minus_tracheal	5657265
All_dm6_minus_tracheal	5657266
All_dm6_minus_tracheal	5657269
All_dm6_minus_tracheal	5657270
All_dm6_minus_tracheal	5657271
All_dm6_minus_tracheal	5657272
All_dm6_minus_tracheal	5657273
All_dm6_minus_tracheal	5657274
All_dm6_minus_tracheal	5657275
All_dm6_minus_tracheal	5657276
All_dm6_minus_tracheal	5657277
All_dm6_minus_tracheal	5657278
All_dm6_minus_tracheal	5657279
All_dm6_minus_tracheal	5657280
All_dm6_minus_tracheal	5657281
All_dm6_minus_tracheal	5657282
All_dm6_minus_tracheal	5657283
All_dm6_minus_tracheal	5657284
All_dm6_minus_tracheal	5657285
All_dm6_minus_tracheal	5657286
All_dm6_minus_tracheal	5657287
All_dm6_minus_tracheal	5657288
All_dm6_minus_tracheal	5657289
All_dm6_minus_tracheal	5657290
All_dm6_minus_tracheal	5657291
All_dm6_minus_tracheal	5657292
All_dm6_minus_tracheal	5657293
All_dm6_minus_tracheal	5657294
All_dm6_minus_tracheal	5657295
All_dm6_minus_tracheal	5657296
All_dm6_minus_tracheal	5657297
All_dm6_minus_tracheal	5657298
All_dm6_minus_tracheal	5657299
All_dm6_minus_tracheal	5657300
All_dm6_minus_tracheal	5657301
All_dm6_minus_tracheal	5657302
All_dm6_minus_tracheal	5657303
All_dm6_minus_tracheal	5657304
All_dm6_minus_tracheal	5657305
All_dm6_minus_tracheal	5657306
All_dm6_minus_tracheal	5657307
All_dm6_minus_tracheal	5657309
All_dm6_minus_tracheal	5657312
All_dm6_minus_tracheal	5657313
All_dm6_minus_tracheal	5657314
All_dm6_minus_tracheal	5657315
All_dm6_minus_tracheal	5657316
All_dm6_minus_tracheal	5657317
All_dm6_minus_tracheal	5657318
All_dm6_minus_tracheal	5657319
All_dm6_minus_tracheal	5657320
All_dm6_minus_tracheal	5657321
All_dm6_minus_tracheal	5657323
All_dm6_minus_tracheal	5657324
All_dm6_minus_tracheal	5657325
All_dm6_minus_tracheal	5657326
All_dm6_minus_tracheal	5657327
All_dm6_minus_tracheal	5657328
All_dm6_minus_tracheal	5657329
All_dm6_minus_tracheal	5657330
All_dm6_minus_tracheal	5657331
All_dm6_minus_tracheal	5657332
All_dm6_minus_tracheal	5657333
All_dm6_minus_tracheal	5657334
All_dm6_minus_tracheal	5657335
All_dm6_minus_tracheal	5657336
All_dm6_minus_tracheal	5657337
All_dm6_minus_tracheal	5657338
All_dm6_minus_tracheal	5657339
All_dm6_minus_tracheal	5657340
All_dm6_minus_tracheal	5657341
All_dm6_minus_tracheal	5657342
All_dm6_minus_tracheal	5657343
All_dm6_minus_tracheal	5657344
All_dm6_minus_tracheal	5657345
All_dm6_minus_tracheal	5657346
All_dm6_minus_tracheal	5657347
All_dm6_minus_tracheal	5657348
All_dm6_minus_tracheal	5657349
All_dm6_minus_tracheal	5657350
All_dm6_minus_tracheal	5657351
All_dm6_minus_tracheal	5657352
All_dm6_minus_tracheal	5657353
All_dm6_minus_tracheal	5657354
All_dm6_minus_tracheal	5657355
All_dm6_minus_tracheal	5657357
All_dm6_minus_tracheal	5657358
All_dm6_minus_tracheal	5657359
All_dm6_minus_tracheal	5657360
All_dm6_minus_tracheal	5657361
All_dm6_minus_tracheal	5657362
All_dm6_minus_tracheal	5657363
All_dm6_minus_tracheal	5657365
All_dm6_minus_tracheal	5657366
All_dm6_minus_tracheal	5657367
All_dm6_minus_tracheal	5657368
All_dm6_minus_tracheal	5657369
All_dm6_minus_tracheal	5657370
All_dm6_minus_tracheal	5657371
All_dm6_minus_tracheal	5657372
All_dm6_minus_tracheal	5657373
All_dm6_minus_tracheal	5657378
All_dm6_minus_tracheal	5657381
All_dm6_minus_tracheal	5657382
All_dm6_minus_tracheal	5657383
All_dm6_minus_tracheal	5657384
All_dm6_minus_tracheal	5657385
All_dm6_minus_tracheal	5657386
All_dm6_minus_tracheal	5657387
All_dm6_minus_tracheal	5657388
All_dm6_minus_tracheal	5657389
All_dm6_minus_tracheal	5657390
All_dm6_minus_tracheal	5657391
All_dm6_minus_tracheal	5657392
All_dm6_minus_tracheal	5657393
All_dm6_minus_tracheal	5657394
All_dm6_minus_tracheal	5657395
All_dm6_minus_tracheal	5657396
All_dm6_minus_tracheal	5657397
All_dm6_minus_tracheal	5657398
All_dm6_minus_tracheal	5657399
All_dm6_minus_tracheal	5657400
All_dm6_minus_tracheal	5657401
All_dm6_minus_tracheal	5657402
All_dm6_minus_tracheal	5657403
All_dm6_minus_tracheal	5657404
All_dm6_minus_tracheal	5657405
All_dm6_minus_tracheal	5657406
All_dm6_minus_tracheal	5657407
All_dm6_minus_tracheal	5657408
All_dm6_minus_tracheal	5657409
All_dm6_minus_tracheal	5657410
All_dm6_minus_tracheal	5657411
All_dm6_minus_tracheal	5657412
All_dm6_minus_tracheal	5657413
All_dm6_minus_tracheal	5657414
All_dm6_minus_tracheal	5657415
All_dm6_minus_tracheal	5657416
All_dm6_minus_tracheal	5657419
All_dm6_minus_tracheal	5657420
All_dm6_minus_tracheal	5657421
All_dm6_minus_tracheal	5657422
All_dm6_minus_tracheal	5657423
All_dm6_minus_tracheal	5657424
All_dm6_minus_tracheal	5657425
All_dm6_minus_tracheal	5657426
All_dm6_minus_tracheal	5657427
All_dm6_minus_tracheal	5657428
All_dm6_minus_tracheal	5657429
All_dm6_minus_tracheal	5657430
All_dm6_minus_tracheal	5657431
All_dm6_minus_tracheal	5657432
All_dm6_minus_tracheal	5657433
All_dm6_minus_tracheal	5657434
All_dm6_minus_tracheal	5657435
All_dm6_minus_tracheal	5657436
All_dm6_minus_tracheal	5657437
All_dm6_minus_tracheal	5657438
All_dm6_minus_tracheal	5657439
All_dm6_minus_tracheal	5657440
All_dm6_minus_tracheal	5657441
All_dm6_minus_tracheal	5657442
All_dm6_minus_tracheal	5657443
All_dm6_minus_tracheal	5657444
All_dm6_minus_tracheal	5657445
All_dm6_minus_tracheal	5657446
All_dm6_minus_tracheal	5657447
All_dm6_minus_tracheal	5657448
All_dm6_minus_tracheal	5657449
All_dm6_minus_tracheal	5657450
All_dm6_minus_tracheal	5657451
All_dm6_minus_tracheal	5657454
All_dm6_minus_tracheal	5657455
All_dm6_minus_tracheal	5657457
All_dm6_minus_tracheal	5657458
All_dm6_minus_tracheal	5657459
All_dm6_minus_tracheal	5657460
All_dm6_minus_tracheal	5657461
All_dm6_minus_tracheal	5657462
All_dm6_minus_tracheal	5657463
All_dm6_minus_tracheal	5657464
All_dm6_minus_tracheal	5657465
All_dm6_minus_tracheal	5657466
All_dm6_minus_tracheal	5657467
All_dm6_minus_tracheal	5657468
All_dm6_minus_tracheal	5657469
All_dm6_minus_tracheal	5657470
All_dm6_minus_tracheal	5657471
All_dm6_minus_tracheal	5657472
All_dm6_minus_tracheal	5657473
All_dm6_minus_tracheal	5657474
All_dm6_minus_tracheal	5657475
All_dm6_minus_tracheal	5657476
All_dm6_minus_tracheal	5657477
All_dm6_minus_tracheal	5657478
All_dm6_minus_tracheal	5657479
All_dm6_minus_tracheal	5657480
All_dm6_minus_tracheal	5657481
All_dm6_minus_tracheal	5657482
All_dm6_minus_tracheal	5657483
All_dm6_minus_tracheal	5657484
All_dm6_minus_tracheal	5657485
All_dm6_minus_tracheal	5657486
All_dm6_minus_tracheal	5657487
All_dm6_minus_tracheal	5657488
All_dm6_minus_tracheal	5657489
All_dm6_minus_tracheal	5657490
All_dm6_minus_tracheal	5657491
All_dm6_minus_tracheal	5657492
All_dm6_minus_tracheal	5657494
All_dm6_minus_tracheal	5657495
All_dm6_minus_tracheal	5657496
All_dm6_minus_tracheal	5657497
All_dm6_minus_tracheal	5657498
All_dm6_minus_tracheal	5657499
All_dm6_minus_tracheal	5657500
All_dm6_minus_tracheal	5657501
All_dm6_minus_tracheal	5657502
All_dm6_minus_tracheal	5657503
All_dm6_minus_tracheal	5657504
All_dm6_minus_tracheal	5657505
All_dm6_minus_tracheal	5657506
All_dm6_minus_tracheal	5657507
All_dm6_minus_tracheal	5657508
All_dm6_minus_tracheal	5657509
All_dm6_minus_tracheal	5657510
All_dm6_minus_tracheal	5657511
All_dm6_minus_tracheal	5657513
All_dm6_minus_tracheal	5657517
All_dm6_minus_tracheal	5657519
All_dm6_minus_tracheal	5657520
All_dm6_minus_tracheal	5657521
All_dm6_minus_tracheal	5657522
All_dm6_minus_tracheal	5657523
All_dm6_minus_tracheal	5657525
All_dm6_minus_tracheal	5657526
All_dm6_minus_tracheal	5657527
All_dm6_minus_tracheal	5657528
All_dm6_minus_tracheal	5657529
All_dm6_minus_tracheal	5657530
All_dm6_minus_tracheal	5657531
All_dm6_minus_tracheal	5657532
All_dm6_minus_tracheal	5657533
All_dm6_minus_tracheal	5657534
All_dm6_minus_tracheal	5657535
All_dm6_minus_tracheal	5657536
All_dm6_minus_tracheal	5657537
All_dm6_minus_tracheal	5657538
All_dm6_minus_tracheal	5657539
All_dm6_minus_tracheal	5657540
All_dm6_minus_tracheal	5657541
All_dm6_minus_tracheal	5657542
All_dm6_minus_tracheal	5657543
All_dm6_minus_tracheal	5657544
All_dm6_minus_tracheal	5657545
All_dm6_minus_tracheal	5657546
All_dm6_minus_tracheal	5657547
All_dm6_minus_tracheal	5657548
All_dm6_minus_tracheal	5657549
All_dm6_minus_tracheal	5657550
All_dm6_minus_tracheal	5657551
All_dm6_minus_tracheal	5657552
All_dm6_minus_tracheal	5657553
All_dm6_minus_tracheal	5657554
All_dm6_minus_tracheal	5657555
All_dm6_minus_tracheal	5657556
All_dm6_minus_tracheal	5657557
All_dm6_minus_tracheal	5657558
All_dm6_minus_tracheal	5657559
All_dm6_minus_tracheal	5657560
All_dm6_minus_tracheal	5657561
All_dm6_minus_tracheal	5657562
All_dm6_minus_tracheal	5657563
All_dm6_minus_tracheal	5657564
All_dm6_minus_tracheal	5657565
All_dm6_minus_tracheal	5657566
All_dm6_minus_tracheal	5657567
All_dm6_minus_tracheal	5657568
All_dm6_minus_tracheal	5657569
All_dm6_minus_tracheal	5657570
All_dm6_minus_tracheal	5657571
All_dm6_minus_tracheal	5657572
All_dm6_minus_tracheal	5657573
All_dm6_minus_tracheal	5657574
All_dm6_minus_tracheal	5657575
All_dm6_minus_tracheal	5657576
All_dm6_minus_tracheal	5657577
All_dm6_minus_tracheal	5657578
All_dm6_minus_tracheal	5657581
All_dm6_minus_tracheal	5657582
All_dm6_minus_tracheal	5657584
All_dm6_minus_tracheal	5657585
All_dm6_minus_tracheal	5657586
All_dm6_minus_tracheal	5657587
All_dm6_minus_tracheal	5657588
All_dm6_minus_tracheal	5657589
All_dm6_minus_tracheal	5657590
All_dm6_minus_tracheal	5657591
All_dm6_minus_tracheal	5657592
All_dm6_minus_tracheal	5657593
All_dm6_minus_tracheal	5657594
All_dm6_minus_tracheal	5657595
All_dm6_minus_tracheal	5657596
All_dm6_minus_tracheal	5657597
All_dm6_minus_tracheal	5657598
All_dm6_minus_tracheal	5657599
All_dm6_minus_tracheal	5657600
All_dm6_minus_tracheal	5657601
All_dm6_minus_tracheal	5657602
All_dm6_minus_tracheal	5657603
All_dm6_minus_tracheal	5657604
All_dm6_minus_tracheal	5657605
All_dm6_minus_tracheal	5657606
All_dm6_minus_tracheal	5657607
All_dm6_minus_tracheal	5657608
All_dm6_minus_tracheal	5657609
All_dm6_minus_tracheal	5657610
All_dm6_minus_tracheal	5657611
All_dm6_minus_tracheal	5657612
All_dm6_minus_tracheal	5657613
All_dm6_minus_tracheal	5657614
All_dm6_minus_tracheal	5657615
All_dm6_minus_tracheal	5657616
All_dm6_minus_tracheal	5657617
All_dm6_minus_tracheal	5657618
All_dm6_minus_tracheal	5657619
All_dm6_minus_tracheal	5657620
All_dm6_minus_tracheal	5657621
All_dm6_minus_tracheal	5657622
All_dm6_minus_tracheal	5657623
All_dm6_minus_tracheal	5657624
All_dm6_minus_tracheal	5657625
All_dm6_minus_tracheal	5657626
All_dm6_minus_tracheal	5657627
All_dm6_minus_tracheal	5657628
All_dm6_minus_tracheal	5657629
All_dm6_minus_tracheal	5657630
All_dm6_minus_tracheal	5657631
All_dm6_minus_tracheal	5657632
All_dm6_minus_tracheal	5657633
All_dm6_minus_tracheal	5657636
All_dm6_minus_tracheal	5657637
All_dm6_minus_tracheal	5657638
All_dm6_minus_tracheal	5657639
All_dm6_minus_tracheal	5657640
All_dm6_minus_tracheal	5657641
All_dm6_minus_tracheal	5657642
All_dm6_minus_tracheal	5657643
All_dm6_minus_tracheal	5657644
All_dm6_minus_tracheal	5657645
All_dm6_minus_tracheal	5657646
All_dm6_minus_tracheal	5657647
All_dm6_minus_tracheal	5657648
All_dm6_minus_tracheal	5657649
All_dm6_minus_tracheal	5657650
All_dm6_minus_tracheal	5657651
All_dm6_minus_tracheal	5657652
All_dm6_minus_tracheal	5657653
All_dm6_minus_tracheal	5657654
All_dm6_minus_tracheal	5657655
All_dm6_minus_tracheal	5657656
All_dm6_minus_tracheal	5657657
All_dm6_minus_tracheal	5657658
All_dm6_minus_tracheal	5657659
All_dm6_minus_tracheal	5657660
All_dm6_minus_tracheal	5657661
All_dm6_minus_tracheal	5657662
All_dm6_minus_tracheal	5657663
All_dm6_minus_tracheal	5657664
All_dm6_minus_tracheal	5657665
All_dm6_minus_tracheal	5657666
All_dm6_minus_tracheal	5657667
All_dm6_minus_tracheal	5657668
All_dm6_minus_tracheal	5657669
All_dm6_minus_tracheal	5657670
All_dm6_minus_tracheal	5657671
All_dm6_minus_tracheal	5657672
All_dm6_minus_tracheal	5657673
All_dm6_minus_tracheal	5657674
All_dm6_minus_tracheal	5657675
All_dm6_minus_tracheal	5657676
All_dm6_minus_tracheal	5657678
All_dm6_minus_tracheal	5657679
All_dm6_minus_tracheal	5657680
All_dm6_minus_tracheal	5657681
All_dm6_minus_tracheal	5657682
All_dm6_minus_tracheal	5657683
All_dm6_minus_tracheal	5657684
All_dm6_minus_tracheal	5657685
All_dm6_minus_tracheal	5657686
All_dm6_minus_tracheal	5657687
All_dm6_minus_tracheal	5657688
All_dm6_minus_tracheal	5657689
All_dm6_minus_tracheal	5657690
All_dm6_minus_tracheal	5657691
All_dm6_minus_tracheal	5657692
All_dm6_minus_tracheal	5657693
All_dm6_minus_tracheal	5657694
All_dm6_minus_tracheal	5657695
All_dm6_minus_tracheal	5657696
All_dm6_minus_tracheal	5657697
All_dm6_minus_tracheal	5657698
All_dm6_minus_tracheal	5657699
All_dm6_minus_tracheal	5657700
All_dm6_minus_tracheal	5657701
All_dm6_minus_tracheal	5657702
All_dm6_minus_tracheal	5657703
All_dm6_minus_tracheal	5657704
All_dm6_minus_tracheal	5657705
All_dm6_minus_tracheal	5657706
All_dm6_minus_tracheal	5657707
All_dm6_minus_tracheal	5657708
All_dm6_minus_tracheal	5657712
All_dm6_minus_tracheal	5657713
All_dm6_minus_tracheal	5657714
All_dm6_minus_tracheal	5657715
All_dm6_minus_tracheal	5657716
All_dm6_minus_tracheal	5657717
All_dm6_minus_tracheal	5657718
All_dm6_minus_tracheal	5657719
All_dm6_minus_tracheal	5657720
All_dm6_minus_tracheal	5657721
All_dm6_minus_tracheal	5657723
All_dm6_minus_tracheal	5657724
All_dm6_minus_tracheal	5657725
All_dm6_minus_tracheal	5657727
All_dm6_minus_tracheal	5657729
All_dm6_minus_tracheal	5657730
All_dm6_minus_tracheal	5657731
All_dm6_minus_tracheal	5657732
All_dm6_minus_tracheal	5657733
All_dm6_minus_tracheal	5657734
All_dm6_minus_tracheal	5657735
All_dm6_minus_tracheal	5657736
All_dm6_minus_tracheal	5657737
All_dm6_minus_tracheal	5657738
All_dm6_minus_tracheal	5657739
All_dm6_minus_tracheal	5657740
All_dm6_minus_tracheal	5657741
All_dm6_minus_tracheal	5657742
All_dm6_minus_tracheal	5657746
All_dm6_minus_tracheal	5657747
All_dm6_minus_tracheal	5657748
All_dm6_minus_tracheal	5657749
All_dm6_minus_tracheal	5657750
All_dm6_minus_tracheal	5657751
All_dm6_minus_tracheal	5657752
All_dm6_minus_tracheal	5657753
All_dm6_minus_tracheal	5657754
All_dm6_minus_tracheal	5657755
All_dm6_minus_tracheal	5657756
All_dm6_minus_tracheal	5657757
All_dm6_minus_tracheal	5657758
All_dm6_minus_tracheal	5657759
All_dm6_minus_tracheal	5657760
All_dm6_minus_tracheal	5657761
All_dm6_minus_tracheal	5657764
All_dm6_minus_tracheal	5657765
All_dm6_minus_tracheal	5657766
All_dm6_minus_tracheal	5657767
All_dm6_minus_tracheal	5657768
All_dm6_minus_tracheal	5657769
All_dm6_minus_tracheal	5657770
All_dm6_minus_tracheal	5657771
All_dm6_minus_tracheal	5657772
All_dm6_minus_tracheal	5657773
All_dm6_minus_tracheal	5657774
All_dm6_minus_tracheal	5657775
All_dm6_minus_tracheal	5657776
All_dm6_minus_tracheal	5657777
All_dm6_minus_tracheal	5657778
All_dm6_minus_tracheal	5657779
All_dm6_minus_tracheal	5657780
All_dm6_minus_tracheal	5657781
All_dm6_minus_tracheal	5657782
All_dm6_minus_tracheal	5657783
All_dm6_minus_tracheal	5657784
All_dm6_minus_tracheal	5657785
All_dm6_minus_tracheal	5657786
All_dm6_minus_tracheal	5657787
All_dm6_minus_tracheal	5657788
All_dm6_minus_tracheal	5657789
All_dm6_minus_tracheal	5657790
All_dm6_minus_tracheal	5657791
All_dm6_minus_tracheal	5657792
All_dm6_minus_tracheal	5657793
All_dm6_minus_tracheal	5657794
All_dm6_minus_tracheal	5657795
All_dm6_minus_tracheal	5657796
All_dm6_minus_tracheal	5657797
All_dm6_minus_tracheal	5657798
All_dm6_minus_tracheal	5657799
All_dm6_minus_tracheal	5657800
All_dm6_minus_tracheal	5657802
All_dm6_minus_tracheal	5657803
All_dm6_minus_tracheal	5657804
All_dm6_minus_tracheal	5657805
All_dm6_minus_tracheal	5657806
All_dm6_minus_tracheal	5657807
All_dm6_minus_tracheal	5657809
All_dm6_minus_tracheal	5657810
All_dm6_minus_tracheal	5657811
All_dm6_minus_tracheal	5657813
All_dm6_minus_tracheal	5657814
All_dm6_minus_tracheal	5657815
All_dm6_minus_tracheal	5657816
All_dm6_minus_tracheal	5657817
All_dm6_minus_tracheal	5657818
All_dm6_minus_tracheal	5657819
All_dm6_minus_tracheal	5657820
All_dm6_minus_tracheal	5657821
All_dm6_minus_tracheal	5657822
All_dm6_minus_tracheal	5657823
All_dm6_minus_tracheal	5657825
All_dm6_minus_tracheal	5657826
All_dm6_minus_tracheal	5657827
All_dm6_minus_tracheal	5657828
All_dm6_minus_tracheal	5657829
All_dm6_minus_tracheal	5657831
All_dm6_minus_tracheal	5657832
All_dm6_minus_tracheal	5657834
All_dm6_minus_tracheal	5657835
All_dm6_minus_tracheal	5657836
All_dm6_minus_tracheal	5657837
All_dm6_minus_tracheal	5657838
All_dm6_minus_tracheal	5657839
All_dm6_minus_tracheal	5657840
All_dm6_minus_tracheal	5657841
All_dm6_minus_tracheal	5657842
All_dm6_minus_tracheal	5657843
All_dm6_minus_tracheal	5657844
All_dm6_minus_tracheal	5657845
All_dm6_minus_tracheal	5657846
All_dm6_minus_tracheal	5657847
All_dm6_minus_tracheal	5657848
All_dm6_minus_tracheal	5657849
All_dm6_minus_tracheal	5657850
All_dm6_minus_tracheal	5657851
All_dm6_minus_tracheal	5657852
All_dm6_minus_tracheal	5657853
All_dm6_minus_tracheal	5657854
All_dm6_minus_tracheal	5657855
All_dm6_minus_tracheal	5657856
All_dm6_minus_tracheal	5657857
All_dm6_minus_tracheal	5657858
All_dm6_minus_tracheal	5657859
All_dm6_minus_tracheal	5657860
All_dm6_minus_tracheal	5657861
All_dm6_minus_tracheal	5657862
All_dm6_minus_tracheal	5657863
All_dm6_minus_tracheal	5657864
All_dm6_minus_tracheal	5657865
All_dm6_minus_tracheal	5657866
All_dm6_minus_tracheal	5657867
All_dm6_minus_tracheal	5657868
All_dm6_minus_tracheal	5657869
All_dm6_minus_tracheal	5657870
All_dm6_minus_tracheal	5657871
All_dm6_minus_tracheal	5657872
All_dm6_minus_tracheal	5657873
All_dm6_minus_tracheal	5657874
All_dm6_minus_tracheal	5657875
All_dm6_minus_tracheal	5657876
All_dm6_minus_tracheal	5657877
All_dm6_minus_tracheal	5657878
All_dm6_minus_tracheal	5657879
All_dm6_minus_tracheal	5657880
All_dm6_minus_tracheal	5657881
All_dm6_minus_tracheal	5657882
All_dm6_minus_tracheal	5657883
All_dm6_minus_tracheal	5657884
All_dm6_minus_tracheal	5657885
All_dm6_minus_tracheal	5657886
All_dm6_minus_tracheal	5657887
All_dm6_minus_tracheal	5657888
All_dm6_minus_tracheal	5657889
All_dm6_minus_tracheal	5657890
All_dm6_minus_tracheal	5657891
All_dm6_minus_tracheal	5657892
All_dm6_minus_tracheal	5657893
All_dm6_minus_tracheal	5657894
All_dm6_minus_tracheal	5657895
All_dm6_minus_tracheal	5657896
All_dm6_minus_tracheal	5657897
All_dm6_minus_tracheal	5657898
All_dm6_minus_tracheal	5657899
All_dm6_minus_tracheal	5657900
All_dm6_minus_tracheal	5657901
All_dm6_minus_tracheal	5657902
All_dm6_minus_tracheal	5657903
All_dm6_minus_tracheal	5657904
All_dm6_minus_tracheal	5657905
All_dm6_minus_tracheal	5657906
All_dm6_minus_tracheal	5657907
All_dm6_minus_tracheal	5657908
All_dm6_minus_tracheal	5657909
All_dm6_minus_tracheal	5657910
All_dm6_minus_tracheal	5657911
All_dm6_minus_tracheal	5657912
All_dm6_minus_tracheal	5657913
All_dm6_minus_tracheal	5657914
All_dm6_minus_tracheal	5657915
All_dm6_minus_tracheal	5657916
All_dm6_minus_tracheal	5657917
All_dm6_minus_tracheal	5657918
All_dm6_minus_tracheal	5657919
All_dm6_minus_tracheal	5657920
All_dm6_minus_tracheal	5657921
All_dm6_minus_tracheal	5657922
All_dm6_minus_tracheal	5657923
All_dm6_minus_tracheal	5657924
All_dm6_minus_tracheal	5657925
All_dm6_minus_tracheal	5657926
All_dm6_minus_tracheal	5657927
All_dm6_minus_tracheal	5657928
All_dm6_minus_tracheal	5657929
All_dm6_minus_tracheal	5657930
All_dm6_minus_tracheal	5657931
All_dm6_minus_tracheal	5657932
All_dm6_minus_tracheal	5657933
All_dm6_minus_tracheal	5657934
All_dm6_minus_tracheal	5657935
All_dm6_minus_tracheal	5657937
All_dm6_minus_tracheal	5657938
All_dm6_minus_tracheal	5657939
All_dm6_minus_tracheal	5657940
All_dm6_minus_tracheal	5657941
All_dm6_minus_tracheal	5657942
All_dm6_minus_tracheal	5657943
All_dm6_minus_tracheal	5657945
All_dm6_minus_tracheal	5657946
All_dm6_minus_tracheal	5657948
All_dm6_minus_tracheal	5657950
All_dm6_minus_tracheal	5657951
All_dm6_minus_tracheal	5657952
All_dm6_minus_tracheal	5657953
All_dm6_minus_tracheal	5657954
All_dm6_minus_tracheal	5657955
All_dm6_minus_tracheal	5657956
All_dm6_minus_tracheal	5657957
All_dm6_minus_tracheal	5657960
All_dm6_minus_tracheal	5657964
All_dm6_minus_tracheal	5657965
All_dm6_minus_tracheal	5657966
All_dm6_minus_tracheal	5657968
All_dm6_minus_tracheal	5657969
All_dm6_minus_tracheal	5657970
All_dm6_minus_tracheal	5657971
All_dm6_minus_tracheal	5657972
All_dm6_minus_tracheal	5657973
All_dm6_minus_tracheal	5657974
All_dm6_minus_tracheal	5657975
All_dm6_minus_tracheal	5657976
All_dm6_minus_tracheal	5657977
All_dm6_minus_tracheal	5657978
All_dm6_minus_tracheal	5657979
All_dm6_minus_tracheal	5657980
All_dm6_minus_tracheal	5657981
All_dm6_minus_tracheal	5657982
All_dm6_minus_tracheal	5657983
All_dm6_minus_tracheal	5657984
All_dm6_minus_tracheal	5657985
All_dm6_minus_tracheal	5657986
All_dm6_minus_tracheal	5657987
All_dm6_minus_tracheal	5657988
All_dm6_minus_tracheal	5657989
All_dm6_minus_tracheal	5657990
All_dm6_minus_tracheal	5657991
All_dm6_minus_tracheal	5657992
All_dm6_minus_tracheal	5657993
All_dm6_minus_tracheal	5657994
All_dm6_minus_tracheal	5657995
All_dm6_minus_tracheal	5657996
All_dm6_minus_tracheal	5657997
All_dm6_minus_tracheal	5658001
All_dm6_minus_tracheal	5658002
All_dm6_minus_tracheal	5658003
All_dm6_minus_tracheal	5658004
All_dm6_minus_tracheal	5658005
All_dm6_minus_tracheal	5658006
All_dm6_minus_tracheal	5658007
All_dm6_minus_tracheal	5658008
All_dm6_minus_tracheal	5658010
All_dm6_minus_tracheal	5658011
All_dm6_minus_tracheal	5658013
All_dm6_minus_tracheal	5658014
All_dm6_minus_tracheal	5658015
All_dm6_minus_tracheal	5658021
All_dm6_minus_tracheal	5658022
All_dm6_minus_tracheal	5658023
All_dm6_minus_tracheal	5658024
All_dm6_minus_tracheal	5658025
All_dm6_minus_tracheal	5658026
All_dm6_minus_tracheal	5658027
All_dm6_minus_tracheal	5658028
All_dm6_minus_tracheal	5658029
All_dm6_minus_tracheal	5658030
All_dm6_minus_tracheal	5658031
All_dm6_minus_tracheal	5658032
All_dm6_minus_tracheal	5658033
All_dm6_minus_tracheal	5658034
All_dm6_minus_tracheal	5658038
All_dm6_minus_tracheal	5658039
All_dm6_minus_tracheal	5658040
All_dm6_minus_tracheal	5658041
All_dm6_minus_tracheal	5658043
All_dm6_minus_tracheal	5658044
All_dm6_minus_tracheal	5658048
All_dm6_minus_tracheal	5658049
All_dm6_minus_tracheal	5658050
All_dm6_minus_tracheal	5658051
All_dm6_minus_tracheal	5658052
All_dm6_minus_tracheal	5658053
All_dm6_minus_tracheal	5658054
All_dm6_minus_tracheal	5658055
All_dm6_minus_tracheal	5658056
All_dm6_minus_tracheal	5658057
All_dm6_minus_tracheal	5658058
All_dm6_minus_tracheal	5658059
All_dm6_minus_tracheal	5658060
All_dm6_minus_tracheal	5658061
All_dm6_minus_tracheal	5658062
All_dm6_minus_tracheal	5658063
All_dm6_minus_tracheal	5658064
All_dm6_minus_tracheal	5658065
All_dm6_minus_tracheal	5658066
All_dm6_minus_tracheal	5658067
All_dm6_minus_tracheal	5658068
All_dm6_minus_tracheal	5658069
All_dm6_minus_tracheal	5658070
All_dm6_minus_tracheal	5658071
All_dm6_minus_tracheal	5658072
All_dm6_minus_tracheal	5658073
All_dm6_minus_tracheal	5658074
All_dm6_minus_tracheal	5658075
All_dm6_minus_tracheal	5658076
All_dm6_minus_tracheal	5658077
All_dm6_minus_tracheal	5658078
All_dm6_minus_tracheal	5658079
All_dm6_minus_tracheal	5658080
All_dm6_minus_tracheal	5658081
All_dm6_minus_tracheal	5658082
All_dm6_minus_tracheal	5658083
All_dm6_minus_tracheal	5658084
All_dm6_minus_tracheal	5658085
All_dm6_minus_tracheal	5658086
All_dm6_minus_tracheal	5658087
All_dm6_minus_tracheal	5658088
All_dm6_minus_tracheal	5658089
All_dm6_minus_tracheal	5658090
All_dm6_minus_tracheal	5658092
All_dm6_minus_tracheal	5658100
All_dm6_minus_tracheal	5658102
All_dm6_minus_tracheal	5658103
All_dm6_minus_tracheal	5658104
All_dm6_minus_tracheal	5658105
All_dm6_minus_tracheal	5658106
All_dm6_minus_tracheal	5658107
All_dm6_minus_tracheal	5658108
All_dm6_minus_tracheal	5658109
All_dm6_minus_tracheal	5658110
All_dm6_minus_tracheal	5658111
All_dm6_minus_tracheal	5658112
All_dm6_minus_tracheal	5658113
All_dm6_minus_tracheal	5658114
All_dm6_minus_tracheal	5658115
All_dm6_minus_tracheal	5658116
All_dm6_minus_tracheal	5658117
All_dm6_minus_tracheal	5658118
All_dm6_minus_tracheal	5658119
All_dm6_minus_tracheal	5658120
All_dm6_minus_tracheal	5658121
All_dm6_minus_tracheal	5658122
All_dm6_minus_tracheal	5658124
All_dm6_minus_tracheal	5658125
All_dm6_minus_tracheal	5658126
All_dm6_minus_tracheal	5658127
All_dm6_minus_tracheal	5658128
All_dm6_minus_tracheal	5658129
All_dm6_minus_tracheal	5658130
All_dm6_minus_tracheal	5658131
All_dm6_minus_tracheal	5658132
All_dm6_minus_tracheal	5658133
All_dm6_minus_tracheal	5658134
All_dm6_minus_tracheal	5658135
All_dm6_minus_tracheal	5658136
All_dm6_minus_tracheal	5658137
All_dm6_minus_tracheal	5658138
All_dm6_minus_tracheal	5658139
All_dm6_minus_tracheal	5658140
All_dm6_minus_tracheal	5658141
All_dm6_minus_tracheal	5658142
All_dm6_minus_tracheal	5658143
All_dm6_minus_tracheal	5658144
All_dm6_minus_tracheal	5658145
All_dm6_minus_tracheal	5658146
All_dm6_minus_tracheal	5658147
All_dm6_minus_tracheal	5658148
All_dm6_minus_tracheal	5658149
All_dm6_minus_tracheal	5658150
All_dm6_minus_tracheal	5658151
All_dm6_minus_tracheal	5658152
All_dm6_minus_tracheal	5658153
All_dm6_minus_tracheal	5658154
All_dm6_minus_tracheal	5658155
All_dm6_minus_tracheal	5658156
All_dm6_minus_tracheal	5658157
All_dm6_minus_tracheal	5658158
All_dm6_minus_tracheal	5658159
All_dm6_minus_tracheal	5658160
All_dm6_minus_tracheal	5658161
All_dm6_minus_tracheal	5658162
All_dm6_minus_tracheal	5658163
All_dm6_minus_tracheal	5658164
All_dm6_minus_tracheal	5658165
All_dm6_minus_tracheal	5658166
All_dm6_minus_tracheal	5658167
All_dm6_minus_tracheal	5658168
All_dm6_minus_tracheal	5658169
All_dm6_minus_tracheal	5658170
All_dm6_minus_tracheal	5658171
All_dm6_minus_tracheal	5658172
All_dm6_minus_tracheal	5658173
All_dm6_minus_tracheal	5658174
All_dm6_minus_tracheal	5658175
All_dm6_minus_tracheal	5658176
All_dm6_minus_tracheal	5658177
All_dm6_minus_tracheal	5658178
All_dm6_minus_tracheal	5658179
All_dm6_minus_tracheal	5658180
All_dm6_minus_tracheal	5658181
All_dm6_minus_tracheal	5658182
All_dm6_minus_tracheal	5658183
All_dm6_minus_tracheal	5658184
All_dm6_minus_tracheal	5658185
All_dm6_minus_tracheal	5658186
All_dm6_minus_tracheal	5658187
All_dm6_minus_tracheal	5658188
All_dm6_minus_tracheal	5658189
All_dm6_minus_tracheal	5658190
All_dm6_minus_tracheal	5658191
All_dm6_minus_tracheal	5658192
All_dm6_minus_tracheal	5658193
All_dm6_minus_tracheal	5658194
All_dm6_minus_tracheal	5658195
All_dm6_minus_tracheal	5658196
All_dm6_minus_tracheal	5658198
All_dm6_minus_tracheal	5658199
All_dm6_minus_tracheal	5658200
All_dm6_minus_tracheal	5658201
All_dm6_minus_tracheal	5658202
All_dm6_minus_tracheal	5658203
All_dm6_minus_tracheal	5658206
All_dm6_minus_tracheal	5658207
All_dm6_minus_tracheal	5658208
All_dm6_minus_tracheal	5658209
All_dm6_minus_tracheal	5658210
All_dm6_minus_tracheal	5658211
All_dm6_minus_tracheal	5658212
All_dm6_minus_tracheal	5658213
All_dm6_minus_tracheal	5658214
All_dm6_minus_tracheal	5658215
All_dm6_minus_tracheal	5658216
All_dm6_minus_tracheal	5658217
All_dm6_minus_tracheal	5658219
All_dm6_minus_tracheal	5658220
All_dm6_minus_tracheal	5658221
All_dm6_minus_tracheal	5658222
All_dm6_minus_tracheal	5658223
All_dm6_minus_tracheal	5658224
All_dm6_minus_tracheal	5658225
All_dm6_minus_tracheal	5658226
All_dm6_minus_tracheal	5658228
All_dm6_minus_tracheal	5658229
All_dm6_minus_tracheal	5658230
All_dm6_minus_tracheal	5658232
All_dm6_minus_tracheal	5658233
All_dm6_minus_tracheal	5658234
All_dm6_minus_tracheal	5658235
All_dm6_minus_tracheal	5658236
All_dm6_minus_tracheal	5658237
All_dm6_minus_tracheal	5658238
All_dm6_minus_tracheal	5658239
All_dm6_minus_tracheal	5658240
All_dm6_minus_tracheal	5658241
All_dm6_minus_tracheal	5658251
All_dm6_minus_tracheal	5658252
All_dm6_minus_tracheal	5658253
All_dm6_minus_tracheal	5658254
All_dm6_minus_tracheal	5658255
All_dm6_minus_tracheal	5658256
All_dm6_minus_tracheal	5658257
All_dm6_minus_tracheal	5658258
All_dm6_minus_tracheal	5658259
All_dm6_minus_tracheal	5658261
All_dm6_minus_tracheal	5658262
All_dm6_minus_tracheal	5658263
All_dm6_minus_tracheal	5658264
All_dm6_minus_tracheal	5658265
All_dm6_minus_tracheal	5658266
All_dm6_minus_tracheal	5658267
All_dm6_minus_tracheal	5658269
All_dm6_minus_tracheal	5658270
All_dm6_minus_tracheal	5658271
All_dm6_minus_tracheal	5658272
All_dm6_minus_tracheal	5658273
All_dm6_minus_tracheal	5658274
All_dm6_minus_tracheal	5658275
All_dm6_minus_tracheal	5658276
All_dm6_minus_tracheal	5658277
All_dm6_minus_tracheal	5658279
All_dm6_minus_tracheal	5658280
All_dm6_minus_tracheal	5658281
All_dm6_minus_tracheal	5658283
All_dm6_minus_tracheal	5658284
All_dm6_minus_tracheal	5658285
All_dm6_minus_tracheal	5658286
All_dm6_minus_tracheal	5658287
All_dm6_minus_tracheal	5658288
All_dm6_minus_tracheal	5658289
All_dm6_minus_tracheal	5658290
All_dm6_minus_tracheal	5658291
All_dm6_minus_tracheal	5658292
All_dm6_minus_tracheal	5658293
All_dm6_minus_tracheal	5658294
All_dm6_minus_tracheal	5658295
All_dm6_minus_tracheal	5658296
All_dm6_minus_tracheal	5658297
All_dm6_minus_tracheal	5658298
All_dm6_minus_tracheal	5658299
All_dm6_minus_tracheal	5658300
All_dm6_minus_tracheal	5658301
All_dm6_minus_tracheal	5658302
All_dm6_minus_tracheal	5658303
All_dm6_minus_tracheal	5658304
All_dm6_minus_tracheal	5658305
All_dm6_minus_tracheal	5658306
All_dm6_minus_tracheal	5658307
All_dm6_minus_tracheal	5658308
All_dm6_minus_tracheal	5658309
All_dm6_minus_tracheal	5658310
All_dm6_minus_tracheal	5658311
All_dm6_minus_tracheal	5658312
All_dm6_minus_tracheal	5658313
All_dm6_minus_tracheal	5658314
All_dm6_minus_tracheal	5658315
All_dm6_minus_tracheal	5658316
All_dm6_minus_tracheal	5658317
All_dm6_minus_tracheal	5658318
All_dm6_minus_tracheal	5658319
All_dm6_minus_tracheal	5658320
All_dm6_minus_tracheal	5658321
All_dm6_minus_tracheal	5658323
All_dm6_minus_tracheal	5658326
All_dm6_minus_tracheal	5658327
All_dm6_minus_tracheal	5658329
All_dm6_minus_tracheal	5658330
All_dm6_minus_tracheal	5658331
All_dm6_minus_tracheal	5658333
All_dm6_minus_tracheal	5658334
All_dm6_minus_tracheal	5658335
All_dm6_minus_tracheal	5658336
All_dm6_minus_tracheal	5658337
All_dm6_minus_tracheal	5658338
All_dm6_minus_tracheal	5658339
All_dm6_minus_tracheal	5658340
All_dm6_minus_tracheal	5658341
All_dm6_minus_tracheal	5658342
All_dm6_minus_tracheal	5658343
All_dm6_minus_tracheal	5658344
All_dm6_minus_tracheal	5658345
All_dm6_minus_tracheal	5658346
All_dm6_minus_tracheal	5658347
All_dm6_minus_tracheal	5658348
All_dm6_minus_tracheal	5658349
All_dm6_minus_tracheal	5658350
All_dm6_minus_tracheal	5658351
All_dm6_minus_tracheal	5658352
All_dm6_minus_tracheal	5658353
All_dm6_minus_tracheal	5658354
All_dm6_minus_tracheal	5658355
All_dm6_minus_tracheal	5658356
All_dm6_minus_tracheal	5658357
All_dm6_minus_tracheal	5658358
All_dm6_minus_tracheal	5658359
All_dm6_minus_tracheal	5658360
All_dm6_minus_tracheal	5658361
All_dm6_minus_tracheal	5658362
All_dm6_minus_tracheal	5658363
All_dm6_minus_tracheal	5658364
All_dm6_minus_tracheal	5658365
All_dm6_minus_tracheal	5658366
All_dm6_minus_tracheal	5658367
All_dm6_minus_tracheal	5658368
All_dm6_minus_tracheal	5658369
All_dm6_minus_tracheal	5658370
All_dm6_minus_tracheal	5658371
All_dm6_minus_tracheal	5658372
All_dm6_minus_tracheal	5658373
All_dm6_minus_tracheal	5658374
All_dm6_minus_tracheal	5658375
All_dm6_minus_tracheal	5658376
All_dm6_minus_tracheal	5658378
All_dm6_minus_tracheal	5658379
All_dm6_minus_tracheal	5658380
All_dm6_minus_tracheal	5658381
All_dm6_minus_tracheal	5658382
All_dm6_minus_tracheal	5658383
All_dm6_minus_tracheal	5658384
All_dm6_minus_tracheal	5658385
All_dm6_minus_tracheal	5658386
All_dm6_minus_tracheal	5658387
All_dm6_minus_tracheal	5658388
All_dm6_minus_tracheal	5658389
All_dm6_minus_tracheal	5658390
All_dm6_minus_tracheal	5658391
All_dm6_minus_tracheal	5658392
All_dm6_minus_tracheal	5658393
All_dm6_minus_tracheal	5658394
All_dm6_minus_tracheal	5658395
All_dm6_minus_tracheal	5658396
All_dm6_minus_tracheal	5658397
All_dm6_minus_tracheal	5658398
All_dm6_minus_tracheal	5658399
All_dm6_minus_tracheal	5658401
All_dm6_minus_tracheal	5658402
All_dm6_minus_tracheal	5658403
All_dm6_minus_tracheal	5658404
All_dm6_minus_tracheal	5658405
All_dm6_minus_tracheal	5658406
All_dm6_minus_tracheal	5658407
All_dm6_minus_tracheal	5658408
All_dm6_minus_tracheal	5658409
All_dm6_minus_tracheal	5658410
All_dm6_minus_tracheal	5658411
All_dm6_minus_tracheal	5658412
All_dm6_minus_tracheal	5658413
All_dm6_minus_tracheal	5658414
All_dm6_minus_tracheal	5658415
All_dm6_minus_tracheal	5658416
All_dm6_minus_tracheal	5658417
All_dm6_minus_tracheal	5658418
All_dm6_minus_tracheal	5658419
All_dm6_minus_tracheal	5658420
All_dm6_minus_tracheal	5658421
All_dm6_minus_tracheal	5658422
All_dm6_minus_tracheal	5658423
All_dm6_minus_tracheal	5658424
All_dm6_minus_tracheal	5658425
All_dm6_minus_tracheal	5658426
All_dm6_minus_tracheal	5658427
All_dm6_minus_tracheal	5658428
All_dm6_minus_tracheal	5658429
All_dm6_minus_tracheal	5658430
All_dm6_minus_tracheal	5658431
All_dm6_minus_tracheal	5658432
All_dm6_minus_tracheal	5658433
All_dm6_minus_tracheal	5658434
All_dm6_minus_tracheal	5658435
All_dm6_minus_tracheal	5658436
All_dm6_minus_tracheal	5658437
All_dm6_minus_tracheal	5658438
All_dm6_minus_tracheal	5658439
All_dm6_minus_tracheal	5658440
All_dm6_minus_tracheal	5658441
All_dm6_minus_tracheal	5658442
All_dm6_minus_tracheal	5658443
All_dm6_minus_tracheal	5658444
All_dm6_minus_tracheal	5658445
All_dm6_minus_tracheal	5658446
All_dm6_minus_tracheal	5658447
All_dm6_minus_tracheal	5658448
All_dm6_minus_tracheal	5658449
All_dm6_minus_tracheal	5658450
All_dm6_minus_tracheal	5658451
All_dm6_minus_tracheal	5658452
All_dm6_minus_tracheal	5658453
All_dm6_minus_tracheal	5658454
All_dm6_minus_tracheal	5658455
All_dm6_minus_tracheal	5658456
All_dm6_minus_tracheal	5658457
All_dm6_minus_tracheal	5658458
All_dm6_minus_tracheal	5658459
All_dm6_minus_tracheal	5658460
All_dm6_minus_tracheal	5658461
All_dm6_minus_tracheal	5658462
All_dm6_minus_tracheal	5658463
All_dm6_minus_tracheal	5658464
All_dm6_minus_tracheal	5658465
All_dm6_minus_tracheal	5658466
All_dm6_minus_tracheal	5658467
All_dm6_minus_tracheal	5658468
All_dm6_minus_tracheal	5658469
All_dm6_minus_tracheal	5658470
All_dm6_minus_tracheal	5658471
All_dm6_minus_tracheal	5658472
All_dm6_minus_tracheal	5658473
All_dm6_minus_tracheal	5658474
All_dm6_minus_tracheal	5658475
All_dm6_minus_tracheal	5658476
All_dm6_minus_tracheal	5658477
All_dm6_minus_tracheal	5658478
All_dm6_minus_tracheal	5658479
All_dm6_minus_tracheal	5658481
All_dm6_minus_tracheal	5658483
All_dm6_minus_tracheal	5658484
All_dm6_minus_tracheal	5658485
All_dm6_minus_tracheal	5658486
All_dm6_minus_tracheal	5658487
All_dm6_minus_tracheal	5658488
All_dm6_minus_tracheal	5658489
All_dm6_minus_tracheal	5658490
All_dm6_minus_tracheal	5658491
All_dm6_minus_tracheal	5658492
All_dm6_minus_tracheal	5658493
All_dm6_minus_tracheal	5658494
All_dm6_minus_tracheal	5658495
All_dm6_minus_tracheal	5658496
All_dm6_minus_tracheal	5658497
All_dm6_minus_tracheal	5658498
All_dm6_minus_tracheal	5658499
All_dm6_minus_tracheal	5658500
All_dm6_minus_tracheal	5658501
All_dm6_minus_tracheal	5658502
All_dm6_minus_tracheal	5658503
All_dm6_minus_tracheal	5658504
All_dm6_minus_tracheal	5658505
All_dm6_minus_tracheal	5658506
All_dm6_minus_tracheal	5658507
All_dm6_minus_tracheal	5658508
All_dm6_minus_tracheal	5658509
All_dm6_minus_tracheal	5658510
All_dm6_minus_tracheal	5658511
All_dm6_minus_tracheal	5658512
All_dm6_minus_tracheal	5658513
All_dm6_minus_tracheal	5658514
All_dm6_minus_tracheal	5658515
All_dm6_minus_tracheal	5658516
All_dm6_minus_tracheal	5658517
All_dm6_minus_tracheal	5658518
All_dm6_minus_tracheal	5658519
All_dm6_minus_tracheal	5658520
All_dm6_minus_tracheal	5658521
All_dm6_minus_tracheal	5658522
All_dm6_minus_tracheal	5658523
All_dm6_minus_tracheal	5658524
All_dm6_minus_tracheal	5658525
All_dm6_minus_tracheal	5658526
All_dm6_minus_tracheal	5658527
All_dm6_minus_tracheal	5658528
All_dm6_minus_tracheal	5658529
All_dm6_minus_tracheal	5658530
All_dm6_minus_tracheal	5658531
All_dm6_minus_tracheal	5658532
All_dm6_minus_tracheal	5658533
All_dm6_minus_tracheal	5658534
All_dm6_minus_tracheal	5658535
All_dm6_minus_tracheal	5658536
All_dm6_minus_tracheal	5658537
All_dm6_minus_tracheal	5658538
All_dm6_minus_tracheal	5658539
All_dm6_minus_tracheal	5658540
All_dm6_minus_tracheal	5658541
All_dm6_minus_tracheal	5658542
All_dm6_minus_tracheal	5658543
All_dm6_minus_tracheal	5658547
All_dm6_minus_tracheal	5658548
All_dm6_minus_tracheal	5658549
All_dm6_minus_tracheal	5658552
All_dm6_minus_tracheal	5658553
All_dm6_minus_tracheal	5658554
All_dm6_minus_tracheal	5658557
All_dm6_minus_tracheal	5658558
All_dm6_minus_tracheal	5658559
All_dm6_minus_tracheal	5658560
All_dm6_minus_tracheal	5658561
All_dm6_minus_tracheal	5658562
All_dm6_minus_tracheal	5658563
All_dm6_minus_tracheal	5658564
All_dm6_minus_tracheal	5658565
All_dm6_minus_tracheal	5658566
All_dm6_minus_tracheal	5658567
All_dm6_minus_tracheal	5658568
All_dm6_minus_tracheal	5658569
All_dm6_minus_tracheal	5658570
All_dm6_minus_tracheal	5658571
All_dm6_minus_tracheal	5658572
All_dm6_minus_tracheal	5658573
All_dm6_minus_tracheal	5658574
All_dm6_minus_tracheal	5658575
All_dm6_minus_tracheal	5658576
All_dm6_minus_tracheal	5658577
All_dm6_minus_tracheal	5658578
All_dm6_minus_tracheal	5658579
All_dm6_minus_tracheal	5658580
All_dm6_minus_tracheal	5658581
All_dm6_minus_tracheal	5658582
All_dm6_minus_tracheal	5658583
All_dm6_minus_tracheal	5658584
All_dm6_minus_tracheal	5658585
All_dm6_minus_tracheal	5658586
All_dm6_minus_tracheal	5658587
All_dm6_minus_tracheal	5658588
All_dm6_minus_tracheal	5658589
All_dm6_minus_tracheal	5658590
All_dm6_minus_tracheal	5658591
All_dm6_minus_tracheal	5658592
All_dm6_minus_tracheal	5658593
All_dm6_minus_tracheal	5658594
All_dm6_minus_tracheal	5658595
All_dm6_minus_tracheal	5658596
All_dm6_minus_tracheal	5658597
All_dm6_minus_tracheal	5658598
All_dm6_minus_tracheal	5658599
All_dm6_minus_tracheal	5658600
All_dm6_minus_tracheal	5658601
All_dm6_minus_tracheal	5658602
All_dm6_minus_tracheal	5658603
All_dm6_minus_tracheal	5658604
All_dm6_minus_tracheal	5658605
All_dm6_minus_tracheal	5658606
All_dm6_minus_tracheal	5658607
All_dm6_minus_tracheal	5658608
All_dm6_minus_tracheal	5658609
All_dm6_minus_tracheal	5658610
All_dm6_minus_tracheal	5658611
All_dm6_minus_tracheal	5658612
All_dm6_minus_tracheal	5658613
All_dm6_minus_tracheal	5658614
All_dm6_minus_tracheal	5658615
All_dm6_minus_tracheal	5658616
All_dm6_minus_tracheal	5658617
All_dm6_minus_tracheal	5658618
All_dm6_minus_tracheal	5658619
All_dm6_minus_tracheal	5658620
All_dm6_minus_tracheal	5658621
All_dm6_minus_tracheal	5658622
All_dm6_minus_tracheal	5658623
All_dm6_minus_tracheal	5658624
All_dm6_minus_tracheal	5658625
All_dm6_minus_tracheal	5658626
All_dm6_minus_tracheal	5658627
All_dm6_minus_tracheal	5658628
All_dm6_minus_tracheal	5658629
All_dm6_minus_tracheal	5658630
All_dm6_minus_tracheal	5658631
All_dm6_minus_tracheal	5658633
All_dm6_minus_tracheal	5658634
All_dm6_minus_tracheal	5658635
All_dm6_minus_tracheal	5658636
All_dm6_minus_tracheal	5658637
All_dm6_minus_tracheal	5658638
All_dm6_minus_tracheal	5658639
All_dm6_minus_tracheal	5658640
All_dm6_minus_tracheal	5658641
All_dm6_minus_tracheal	5658642
All_dm6_minus_tracheal	5658643
All_dm6_minus_tracheal	5658644
All_dm6_minus_tracheal	5658645
All_dm6_minus_tracheal	5658647
All_dm6_minus_tracheal	5658648
All_dm6_minus_tracheal	5658691
All_dm6_minus_tracheal	5658692
All_dm6_minus_tracheal	5658693
All_dm6_minus_tracheal	5658694
All_dm6_minus_tracheal	5658695
All_dm6_minus_tracheal	5658696
All_dm6_minus_tracheal	5740100
All_dm6_minus_tracheal	5740101
All_dm6_minus_tracheal	5740103
All_dm6_minus_tracheal	5740107
All_dm6_minus_tracheal	5740108
All_dm6_minus_tracheal	5740113
All_dm6_minus_tracheal	5740115
All_dm6_minus_tracheal	5740117
All_dm6_minus_tracheal	5740122
All_dm6_minus_tracheal	5740123
All_dm6_minus_tracheal	5740125
All_dm6_minus_tracheal	5740126
All_dm6_minus_tracheal	5740128
All_dm6_minus_tracheal	5740129
All_dm6_minus_tracheal	5740130
All_dm6_minus_tracheal	5740134
All_dm6_minus_tracheal	5740135
All_dm6_minus_tracheal	5740137
All_dm6_minus_tracheal	5740140
All_dm6_minus_tracheal	5740141
All_dm6_minus_tracheal	5740142
All_dm6_minus_tracheal	5740143
All_dm6_minus_tracheal	5740147
All_dm6_minus_tracheal	5740148
All_dm6_minus_tracheal	5740152
All_dm6_minus_tracheal	5740154
All_dm6_minus_tracheal	5740156
All_dm6_minus_tracheal	5740160
All_dm6_minus_tracheal	5740165
All_dm6_minus_tracheal	5740167
All_dm6_minus_tracheal	5740168
All_dm6_minus_tracheal	5740169
All_dm6_minus_tracheal	5740170
All_dm6_minus_tracheal	5740171
All_dm6_minus_tracheal	5740172
All_dm6_minus_tracheal	5740173
All_dm6_minus_tracheal	5740175
All_dm6_minus_tracheal	5740176
All_dm6_minus_tracheal	5740178
All_dm6_minus_tracheal	5740179
All_dm6_minus_tracheal	5740182
All_dm6_minus_tracheal	5740183
All_dm6_minus_tracheal	5740184
All_dm6_minus_tracheal	5740185
All_dm6_minus_tracheal	5740186
All_dm6_minus_tracheal	5740188
All_dm6_minus_tracheal	5740189
All_dm6_minus_tracheal	5740191
All_dm6_minus_tracheal	5740196
All_dm6_minus_tracheal	5740197
All_dm6_minus_tracheal	5740198
All_dm6_minus_tracheal	5740200
All_dm6_minus_tracheal	5740202
All_dm6_minus_tracheal	5740203
All_dm6_minus_tracheal	5740204
All_dm6_minus_tracheal	5740205
All_dm6_minus_tracheal	5740206
All_dm6_minus_tracheal	5740207
All_dm6_minus_tracheal	5740209
All_dm6_minus_tracheal	5740210
All_dm6_minus_tracheal	5740212
All_dm6_minus_tracheal	5740214
All_dm6_minus_tracheal	5740215
All_dm6_minus_tracheal	5740216
All_dm6_minus_tracheal	5740217
All_dm6_minus_tracheal	5740219
All_dm6_minus_tracheal	5740220
All_dm6_minus_tracheal	5740222
All_dm6_minus_tracheal	5740224
All_dm6_minus_tracheal	5740225
All_dm6_minus_tracheal	5740226
All_dm6_minus_tracheal	5740227
All_dm6_minus_tracheal	5740229
All_dm6_minus_tracheal	5740233
All_dm6_minus_tracheal	5740234
All_dm6_minus_tracheal	5740235
All_dm6_minus_tracheal	5740236
All_dm6_minus_tracheal	5740238
All_dm6_minus_tracheal	5740241
All_dm6_minus_tracheal	5740242
All_dm6_minus_tracheal	5740243
All_dm6_minus_tracheal	5740246
All_dm6_minus_tracheal	5740248
All_dm6_minus_tracheal	5740250
All_dm6_minus_tracheal	5740252
All_dm6_minus_tracheal	5740254
All_dm6_minus_tracheal	5740255
All_dm6_minus_tracheal	5740257
All_dm6_minus_tracheal	5740261
All_dm6_minus_tracheal	5740263
All_dm6_minus_tracheal	5740264
All_dm6_minus_tracheal	5740268
All_dm6_minus_tracheal	5740269
All_dm6_minus_tracheal	5740271
All_dm6_minus_tracheal	5740277
All_dm6_minus_tracheal	5740278
All_dm6_minus_tracheal	5740279
All_dm6_minus_tracheal	5740281
All_dm6_minus_tracheal	5740282
All_dm6_minus_tracheal	5740283
All_dm6_minus_tracheal	5740285
All_dm6_minus_tracheal	5740289
All_dm6_minus_tracheal	5740291
All_dm6_minus_tracheal	5740295
All_dm6_minus_tracheal	5740297
All_dm6_minus_tracheal	5740298
All_dm6_minus_tracheal	5740299
All_dm6_minus_tracheal	5740302
All_dm6_minus_tracheal	5740303
All_dm6_minus_tracheal	5740305
All_dm6_minus_tracheal	5740310
All_dm6_minus_tracheal	5740313
All_dm6_minus_tracheal	5740315
All_dm6_minus_tracheal	5740316
All_dm6_minus_tracheal	5740318
All_dm6_minus_tracheal	5740319
All_dm6_minus_tracheal	5740325
All_dm6_minus_tracheal	5740326
All_dm6_minus_tracheal	5740331
All_dm6_minus_tracheal	5740334
All_dm6_minus_tracheal	5740338
All_dm6_minus_tracheal	5740342
All_dm6_minus_tracheal	5740343
All_dm6_minus_tracheal	5740347
All_dm6_minus_tracheal	5740348
All_dm6_minus_tracheal	5740349
All_dm6_minus_tracheal	5740351
All_dm6_minus_tracheal	5740356
All_dm6_minus_tracheal	5740359
All_dm6_minus_tracheal	5740360
All_dm6_minus_tracheal	5740362
All_dm6_minus_tracheal	5740363
All_dm6_minus_tracheal	5740365
All_dm6_minus_tracheal	5740367
All_dm6_minus_tracheal	5740368
All_dm6_minus_tracheal	5740370
All_dm6_minus_tracheal	5740375
All_dm6_minus_tracheal	5740376
All_dm6_minus_tracheal	5740377
All_dm6_minus_tracheal	5740378
All_dm6_minus_tracheal	5740381
All_dm6_minus_tracheal	5740383
All_dm6_minus_tracheal	5740384
All_dm6_minus_tracheal	5740385
All_dm6_minus_tracheal	5740386
All_dm6_minus_tracheal	5740388
All_dm6_minus_tracheal	5740389
All_dm6_minus_tracheal	5740391
All_dm6_minus_tracheal	5740392
All_dm6_minus_tracheal	5740394
All_dm6_minus_tracheal	5740400
All_dm6_minus_tracheal	5740401
All_dm6_minus_tracheal	5740402
All_dm6_minus_tracheal	5740407
All_dm6_minus_tracheal	5740408
All_dm6_minus_tracheal	5740409
All_dm6_minus_tracheal	5740411
All_dm6_minus_tracheal	5740413
All_dm6_minus_tracheal	5740414
All_dm6_minus_tracheal	5740416
All_dm6_minus_tracheal	5740417
All_dm6_minus_tracheal	5740419
All_dm6_minus_tracheal	5740420
All_dm6_minus_tracheal	5740422
All_dm6_minus_tracheal	5740423
All_dm6_minus_tracheal	5740425
All_dm6_minus_tracheal	5740430
All_dm6_minus_tracheal	5740431
All_dm6_minus_tracheal	5740435
All_dm6_minus_tracheal	5740436
All_dm6_minus_tracheal	5740437
All_dm6_minus_tracheal	5740438
All_dm6_minus_tracheal	5740439
All_dm6_minus_tracheal	5740441
All_dm6_minus_tracheal	5740442
All_dm6_minus_tracheal	5740445
All_dm6_minus_tracheal	5740446
All_dm6_minus_tracheal	5740448
All_dm6_minus_tracheal	5740449
All_dm6_minus_tracheal	5740456
All_dm6_minus_tracheal	5740457
All_dm6_minus_tracheal	5740459
All_dm6_minus_tracheal	5740461
All_dm6_minus_tracheal	5740465
All_dm6_minus_tracheal	5740467
All_dm6_minus_tracheal	5740468
All_dm6_minus_tracheal	5740470
All_dm6_minus_tracheal	5740473
All_dm6_minus_tracheal	5740474
All_dm6_minus_tracheal	5740475
All_dm6_minus_tracheal	5740480
All_dm6_minus_tracheal	5740481
All_dm6_minus_tracheal	5740483
All_dm6_minus_tracheal	5740486
All_dm6_minus_tracheal	5740488
All_dm6_minus_tracheal	5740489
All_dm6_minus_tracheal	5740490
All_dm6_minus_tracheal	5740493
All_dm6_minus_tracheal	5740497
All_dm6_minus_tracheal	5740498
All_dm6_minus_tracheal	5740501
All_dm6_minus_tracheal	5740504
All_dm6_minus_tracheal	5740505
All_dm6_minus_tracheal	5740506
All_dm6_minus_tracheal	5740507
All_dm6_minus_tracheal	5740508
All_dm6_minus_tracheal	5740513
All_dm6_minus_tracheal	5740514
All_dm6_minus_tracheal	5740515
All_dm6_minus_tracheal	5740517
All_dm6_minus_tracheal	5740519
All_dm6_minus_tracheal	5740520
All_dm6_minus_tracheal	5740521
All_dm6_minus_tracheal	5740524
All_dm6_minus_tracheal	5740527
All_dm6_minus_tracheal	5740528
All_dm6_minus_tracheal	5740532
All_dm6_minus_tracheal	5740534
All_dm6_minus_tracheal	5740536
All_dm6_minus_tracheal	5740537
All_dm6_minus_tracheal	5740538
All_dm6_minus_tracheal	5740539
All_dm6_minus_tracheal	5740541
All_dm6_minus_tracheal	5740542
All_dm6_minus_tracheal	5740543
All_dm6_minus_tracheal	5740544
All_dm6_minus_tracheal	5740546
All_dm6_minus_tracheal	5740549
All_dm6_minus_tracheal	5740551
All_dm6_minus_tracheal	5740553
All_dm6_minus_tracheal	5740554
All_dm6_minus_tracheal	5740555
All_dm6_minus_tracheal	5740556
All_dm6_minus_tracheal	5740558
All_dm6_minus_tracheal	5740565
All_dm6_minus_tracheal	5740569
All_dm6_minus_tracheal	5740570
All_dm6_minus_tracheal	5740572
All_dm6_minus_tracheal	5740574
All_dm6_minus_tracheal	5740575
All_dm6_minus_tracheal	5740576
All_dm6_minus_tracheal	5740577
All_dm6_minus_tracheal	5740578
All_dm6_minus_tracheal	5740580
All_dm6_minus_tracheal	5740581
All_dm6_minus_tracheal	5740583
All_dm6_minus_tracheal	5740585
All_dm6_minus_tracheal	5740586
All_dm6_minus_tracheal	5740587
All_dm6_minus_tracheal	5740590
All_dm6_minus_tracheal	5740592
All_dm6_minus_tracheal	5740593
All_dm6_minus_tracheal	5740596
All_dm6_minus_tracheal	5740597
All_dm6_minus_tracheal	5740599
All_dm6_minus_tracheal	5740601
All_dm6_minus_tracheal	5740603
All_dm6_minus_tracheal	5740604
All_dm6_minus_tracheal	5740605
All_dm6_minus_tracheal	5740606
All_dm6_minus_tracheal	5740609
All_dm6_minus_tracheal	5740610
All_dm6_minus_tracheal	5740611
All_dm6_minus_tracheal	5740612
All_dm6_minus_tracheal	5740617
All_dm6_minus_tracheal	5740620
All_dm6_minus_tracheal	5740621
All_dm6_minus_tracheal	5740622
All_dm6_minus_tracheal	5740624
All_dm6_minus_tracheal	5740627
All_dm6_minus_tracheal	5740629
All_dm6_minus_tracheal	5740630
All_dm6_minus_tracheal	5740633
All_dm6_minus_tracheal	5740634
All_dm6_minus_tracheal	5740636
All_dm6_minus_tracheal	5740639
All_dm6_minus_tracheal	5740640
All_dm6_minus_tracheal	5740641
All_dm6_minus_tracheal	5740644
All_dm6_minus_tracheal	5740645
All_dm6_minus_tracheal	5740647
All_dm6_minus_tracheal	5740655
All_dm6_minus_tracheal	5740656
All_dm6_minus_tracheal	5740659
All_dm6_minus_tracheal	5740660
All_dm6_minus_tracheal	5740661
All_dm6_minus_tracheal	5740662
All_dm6_minus_tracheal	5740664
All_dm6_minus_tracheal	5740666
All_dm6_minus_tracheal	5740668
All_dm6_minus_tracheal	5740669
All_dm6_minus_tracheal	5740672
All_dm6_minus_tracheal	5740674
All_dm6_minus_tracheal	5740675
All_dm6_minus_tracheal	5740676
All_dm6_minus_tracheal	5740678
All_dm6_minus_tracheal	5740681
All_dm6_minus_tracheal	5740683
All_dm6_minus_tracheal	5740684
All_dm6_minus_tracheal	5740685
All_dm6_minus_tracheal	5740687
All_dm6_minus_tracheal	5740688
All_dm6_minus_tracheal	5740691
All_dm6_minus_tracheal	5740693
All_dm6_minus_tracheal	5740697
All_dm6_minus_tracheal	5740698
All_dm6_minus_tracheal	5740699
All_dm6_minus_tracheal	5740700
All_dm6_minus_tracheal	5740702
All_dm6_minus_tracheal	5740703
All_dm6_minus_tracheal	5740704
All_dm6_minus_tracheal	5740708
All_dm6_minus_tracheal	5740711
All_dm6_minus_tracheal	5740713
All_dm6_minus_tracheal	5740714
All_dm6_minus_tracheal	5740717
All_dm6_minus_tracheal	5740719
All_dm6_minus_tracheal	5740723
All_dm6_minus_tracheal	5740724
All_dm6_minus_tracheal	5740729
All_dm6_minus_tracheal	5740732
All_dm6_minus_tracheal	5740733
All_dm6_minus_tracheal	5740734
All_dm6_minus_tracheal	5740739
All_dm6_minus_tracheal	5740740
All_dm6_minus_tracheal	5740741
All_dm6_minus_tracheal	5740743
All_dm6_minus_tracheal	5740745
All_dm6_minus_tracheal	5740746
All_dm6_minus_tracheal	5740751
All_dm6_minus_tracheal	5740752
All_dm6_minus_tracheal	5740753
All_dm6_minus_tracheal	5740754
All_dm6_minus_tracheal	5740757
All_dm6_minus_tracheal	5740761
All_dm6_minus_tracheal	5740763
All_dm6_minus_tracheal	5740766
All_dm6_minus_tracheal	5740767
All_dm6_minus_tracheal	5740768
All_dm6_minus_tracheal	5740769
All_dm6_minus_tracheal	5740770
All_dm6_minus_tracheal	5740771
All_dm6_minus_tracheal	5740774
All_dm6_minus_tracheal	5740775
All_dm6_minus_tracheal	5740779
All_dm6_minus_tracheal	5740781
All_dm6_minus_tracheal	5740782
All_dm6_minus_tracheal	5740784
All_dm6_minus_tracheal	5740785
All_dm6_minus_tracheal	5740786
All_dm6_minus_tracheal	5740790
All_dm6_minus_tracheal	5740792
All_dm6_minus_tracheal	5740793
All_dm6_minus_tracheal	5740795
All_dm6_minus_tracheal	5740797
All_dm6_minus_tracheal	5740800
All_dm6_minus_tracheal	5740802
All_dm6_minus_tracheal	5740805
All_dm6_minus_tracheal	5740807
All_dm6_minus_tracheal	5740809
All_dm6_minus_tracheal	5740810
All_dm6_minus_tracheal	5740811
All_dm6_minus_tracheal	5740812
All_dm6_minus_tracheal	5740813
All_dm6_minus_tracheal	5740816
All_dm6_minus_tracheal	5740817
All_dm6_minus_tracheal	5740818
All_dm6_minus_tracheal	5740821
All_dm6_minus_tracheal	5740822
All_dm6_minus_tracheal	5740825
All_dm6_minus_tracheal	5740826
All_dm6_minus_tracheal	5740827
All_dm6_minus_tracheal	5740829
All_dm6_minus_tracheal	5740831
All_dm6_minus_tracheal	5740833
All_dm6_minus_tracheal	5740834
All_dm6_minus_tracheal	5740835
All_dm6_minus_tracheal	5740836
All_dm6_minus_tracheal	5740837
All_dm6_minus_tracheal	5740838
All_dm6_minus_tracheal	5740839
All_dm6_minus_tracheal	5740840
All_dm6_minus_tracheal	5740842
All_dm6_minus_tracheal	5740846
All_dm6_minus_tracheal	5740847
All_dm6_minus_tracheal	5740848
All_dm6_minus_tracheal	5740851
All_dm6_minus_tracheal	5740853
All_dm6_minus_tracheal	5740854
All_dm6_minus_tracheal	5740857
All_dm6_minus_tracheal	5740859
All_dm6_minus_tracheal	5740860
All_dm6_minus_tracheal	5740861
All_dm6_minus_tracheal	5740862
All_dm6_minus_tracheal	5740863
All_dm6_minus_tracheal	5740865
All_dm6_minus_tracheal	5740866
All_dm6_minus_tracheal	5740867
All_dm6_minus_tracheal	5740868
All_dm6_minus_tracheal	5740871
All_dm6_minus_tracheal	5740876
All_dm6_minus_tracheal	5740878
All_dm6_minus_tracheal	5740879
All_dm6_minus_tracheal	5740881
All_dm6_minus_tracheal	5740883
All_dm6_minus_tracheal	5740884
All_dm6_minus_tracheal	7354371
All_dm6_minus_tracheal	7354373
All_dm6_minus_tracheal	7354374
All_dm6_minus_tracheal	7354375
All_dm6_minus_tracheal	7354379
All_dm6_minus_tracheal	7354380
All_dm6_minus_tracheal	7354382
All_dm6_minus_tracheal	7354384
All_dm6_minus_tracheal	7354385
All_dm6_minus_tracheal	7354386
All_dm6_minus_tracheal	7354391
All_dm6_minus_tracheal	7354392
All_dm6_minus_tracheal	7354397
All_dm6_minus_tracheal	7354399
All_dm6_minus_tracheal	7354400
All_dm6_minus_tracheal	7354402
All_dm6_minus_tracheal	7354403
All_dm6_minus_tracheal	7354404
All_dm6_minus_tracheal	7354405
All_dm6_minus_tracheal	7354406
All_dm6_minus_tracheal	7354407
All_dm6_minus_tracheal	7354408
All_dm6_minus_tracheal	7354409
All_dm6_minus_tracheal	7354410
All_dm6_minus_tracheal	7354411
All_dm6_minus_tracheal	7354412
All_dm6_minus_tracheal	7354413
All_dm6_minus_tracheal	7354414
All_dm6_minus_tracheal	7354415
All_dm6_minus_tracheal	7354416
All_dm6_minus_tracheal	7354417
All_dm6_minus_tracheal	7354418
All_dm6_minus_tracheal	7354419
All_dm6_minus_tracheal	7354420
All_dm6_minus_tracheal	7354422
All_dm6_minus_tracheal	7354423
All_dm6_minus_tracheal	7354424
All_dm6_minus_tracheal	7354425
All_dm6_minus_tracheal	7354426
All_dm6_minus_tracheal	7354427
All_dm6_minus_tracheal	7354428
All_dm6_minus_tracheal	7354429
All_dm6_minus_tracheal	7354430
All_dm6_minus_tracheal	7354431
All_dm6_minus_tracheal	7354432
All_dm6_minus_tracheal	7354433
All_dm6_minus_tracheal	7354434
All_dm6_minus_tracheal	7354435
All_dm6_minus_tracheal	7354436
All_dm6_minus_tracheal	7354437
All_dm6_minus_tracheal	7354439
All_dm6_minus_tracheal	7354440
All_dm6_minus_tracheal	7354441
All_dm6_minus_tracheal	7354442
All_dm6_minus_tracheal	7354443
All_dm6_minus_tracheal	7354444
All_dm6_minus_tracheal	7354445
All_dm6_minus_tracheal	7354447
All_dm6_minus_tracheal	7354448
All_dm6_minus_tracheal	7354449
All_dm6_minus_tracheal	7354450
All_dm6_minus_tracheal	7354451
All_dm6_minus_tracheal	7354452
All_dm6_minus_tracheal	7354453
All_dm6_minus_tracheal	7354454
All_dm6_minus_tracheal	7354455
All_dm6_minus_tracheal	7354457
All_dm6_minus_tracheal	7354458
All_dm6_minus_tracheal	7354459
All_dm6_minus_tracheal	7354460
All_dm6_minus_tracheal	7354461
All_dm6_minus_tracheal	7354462
All_dm6_minus_tracheal	7354463
All_dm6_minus_tracheal	7354464
All_dm6_minus_tracheal	7354465
All_dm6_minus_tracheal	7354470
All_dm6_minus_tracheal	7354471
All_dm6_minus_tracheal	7354472
All_dm6_minus_tracheal	7354473
All_dm6_minus_tracheal	7354474
All_dm6_minus_tracheal	7354475
All_dm6_minus_tracheal	7354476
All_dm6_minus_tracheal	7411857
All_dm6_minus_tracheal	8673955
All_dm6_minus_tracheal	8673956
All_dm6_minus_tracheal	8673957
All_dm6_minus_tracheal	8673958
All_dm6_minus_tracheal	8673959
All_dm6_minus_tracheal	8673960
All_dm6_minus_tracheal	8673961
All_dm6_minus_tracheal	8673962
All_dm6_minus_tracheal	8673963
All_dm6_minus_tracheal	8673965
All_dm6_minus_tracheal	8673966
All_dm6_minus_tracheal	8673967
All_dm6_minus_tracheal	8673969
All_dm6_minus_tracheal	8673970
All_dm6_minus_tracheal	8673971
All_dm6_minus_tracheal	8673972
All_dm6_minus_tracheal	8673973
All_dm6_minus_tracheal	8673975
All_dm6_minus_tracheal	8673976
All_dm6_minus_tracheal	8673977
All_dm6_minus_tracheal	8673979
All_dm6_minus_tracheal	8673980
All_dm6_minus_tracheal	8673981
All_dm6_minus_tracheal	8673982
All_dm6_minus_tracheal	8673983
All_dm6_minus_tracheal	8673984
All_dm6_minus_tracheal	8673985
All_dm6_minus_tracheal	8673987
All_dm6_minus_tracheal	8673988
All_dm6_minus_tracheal	8673989
All_dm6_minus_tracheal	8673990
All_dm6_minus_tracheal	8673991
All_dm6_minus_tracheal	8673993
All_dm6_minus_tracheal	8673994
All_dm6_minus_tracheal	8673995
All_dm6_minus_tracheal	8673998
All_dm6_minus_tracheal	8673999
All_dm6_minus_tracheal	8674000
All_dm6_minus_tracheal	8674001
All_dm6_minus_tracheal	8674002
All_dm6_minus_tracheal	8674004
All_dm6_minus_tracheal	8674005
All_dm6_minus_tracheal	8674006
All_dm6_minus_tracheal	8674007
All_dm6_minus_tracheal	8674008
All_dm6_minus_tracheal	8674009
All_dm6_minus_tracheal	8674011
All_dm6_minus_tracheal	8674012
All_dm6_minus_tracheal	8674013
All_dm6_minus_tracheal	8674014
All_dm6_minus_tracheal	8674015
All_dm6_minus_tracheal	8674016
All_dm6_minus_tracheal	8674018
All_dm6_minus_tracheal	8674019
All_dm6_minus_tracheal	8674020
All_dm6_minus_tracheal	8674021
All_dm6_minus_tracheal	8674022
All_dm6_minus_tracheal	8674023
All_dm6_minus_tracheal	8674024
All_dm6_minus_tracheal	8674025
All_dm6_minus_tracheal	8674028
All_dm6_minus_tracheal	8674029
All_dm6_minus_tracheal	8674030
All_dm6_minus_tracheal	8674031
All_dm6_minus_tracheal	8674032
All_dm6_minus_tracheal	8674033
All_dm6_minus_tracheal	8674034
All_dm6_minus_tracheal	8674035
All_dm6_minus_tracheal	8674037
All_dm6_minus_tracheal	8674039
All_dm6_minus_tracheal	8674040
All_dm6_minus_tracheal	8674041
All_dm6_minus_tracheal	8674042
All_dm6_minus_tracheal	8674043
All_dm6_minus_tracheal	8674044
All_dm6_minus_tracheal	8674045
All_dm6_minus_tracheal	8674046
All_dm6_minus_tracheal	8674048
All_dm6_minus_tracheal	8674049
All_dm6_minus_tracheal	8674050
All_dm6_minus_tracheal	8674051
All_dm6_minus_tracheal	8674052
All_dm6_minus_tracheal	8674054
All_dm6_minus_tracheal	8674056
All_dm6_minus_tracheal	8674058
All_dm6_minus_tracheal	8674059
All_dm6_minus_tracheal	8674060
All_dm6_minus_tracheal	8674061
All_dm6_minus_tracheal	8674062
All_dm6_minus_tracheal	8674063
All_dm6_minus_tracheal	8674064
All_dm6_minus_tracheal	8674065
All_dm6_minus_tracheal	8674067
All_dm6_minus_tracheal	8674068
All_dm6_minus_tracheal	8674069
All_dm6_minus_tracheal	8674071
All_dm6_minus_tracheal	8674072
All_dm6_minus_tracheal	8674073
All_dm6_minus_tracheal	8674074
All_dm6_minus_tracheal	8674075
All_dm6_minus_tracheal	8674076
All_dm6_minus_tracheal	8674077
All_dm6_minus_tracheal	8674079
All_dm6_minus_tracheal	8674080
All_dm6_minus_tracheal	8674081
All_dm6_minus_tracheal	8674082
All_dm6_minus_tracheal	8674083
All_dm6_minus_tracheal	8674084
All_dm6_minus_tracheal	8674085
All_dm6_minus_tracheal	8674087
All_dm6_minus_tracheal	8674088
All_dm6_minus_tracheal	8674090
All_dm6_minus_tracheal	8674091
All_dm6_minus_tracheal	8674092
All_dm6_minus_tracheal	8674093
All_dm6_minus_tracheal	8674094
All_dm6_minus_tracheal	8674095
All_dm6_minus_tracheal	8674096
All_dm6_minus_tracheal	8674097
All_dm6_minus_tracheal	8674098
All_dm6_minus_tracheal	8674100
All_dm6_minus_tracheal	8674101
All_dm6_minus_tracheal	8674102
All_dm6_minus_tracheal	8674103
All_dm6_minus_tracheal	8674104
All_dm6_minus_tracheal	8674105
All_dm6_minus_tracheal	8674106
All_dm6_minus_tracheal	8674107
All_dm6_minus_tracheal	8674108
All_dm6_minus_tracheal	8674109
All_dm6_minus_tracheal	8674111
All_dm6_minus_tracheal	8674113
All_dm6_minus_tracheal	8674114
All_dm6_minus_tracheal	8674115
All_dm6_minus_tracheal	8674116
All_dm6_minus_tracheal	8674117
All_dm6_minus_tracheal	8674119
All_dm6_minus_tracheal	8674120
All_dm6_minus_tracheal	8680136
All_dm6_minus_tracheal	8680137
All_dm6_minus_tracheal	8680138
All_dm6_minus_tracheal	8680139
All_dm6_minus_tracheal	8680140
All_dm6_minus_tracheal	8680141
All_dm6_minus_tracheal	8680142
All_dm6_minus_tracheal	8680143
All_dm6_minus_tracheal	8680144
All_dm6_minus_tracheal	8680146
All_dm6_minus_tracheal	8680147
All_dm6_minus_tracheal	8680148
All_dm6_minus_tracheal	8680149
All_dm6_minus_tracheal	8680150
All_dm6_minus_tracheal	8680151
All_dm6_minus_tracheal	8680152
All_dm6_minus_tracheal	8680153
All_dm6_minus_tracheal	8680154
All_dm6_minus_tracheal	8680155
All_dm6_minus_tracheal	8680156
All_dm6_minus_tracheal	8680157
All_dm6_minus_tracheal	8680158
All_dm6_minus_tracheal	8680159
All_dm6_minus_tracheal	8680160
All_dm6_minus_tracheal	8680161
All_dm6_minus_tracheal	8680162
All_dm6_minus_tracheal	8680163
All_dm6_minus_tracheal	10178776
All_dm6_minus_tracheal	10178777
All_dm6_minus_tracheal	10178779
All_dm6_minus_tracheal	10178780
All_dm6_minus_tracheal	10178781
All_dm6_minus_tracheal	10178783
All_dm6_minus_tracheal	10178784
All_dm6_minus_tracheal	10178785
All_dm6_minus_tracheal	10178786
All_dm6_minus_tracheal	10178787
All_dm6_minus_tracheal	10178788
All_dm6_minus_tracheal	10178789
All_dm6_minus_tracheal	10178791
All_dm6_minus_tracheal	10178792
All_dm6_minus_tracheal	10178793
All_dm6_minus_tracheal	10178795
All_dm6_minus_tracheal	10178796
All_dm6_minus_tracheal	10178797
All_dm6_minus_tracheal	10178798
All_dm6_minus_tracheal	10178799
All_dm6_minus_tracheal	10178801
All_dm6_minus_tracheal	10178803
All_dm6_minus_tracheal	10178805
All_dm6_minus_tracheal	10178806
All_dm6_minus_tracheal	10178807
All_dm6_minus_tracheal	10178808
All_dm6_minus_tracheal	10178809
All_dm6_minus_tracheal	10178810
All_dm6_minus_tracheal	10178812
All_dm6_minus_tracheal	10178813
All_dm6_minus_tracheal	10178816
All_dm6_minus_tracheal	10178817
All_dm6_minus_tracheal	10178818
All_dm6_minus_tracheal	10178819
All_dm6_minus_tracheal	10178820
All_dm6_minus_tracheal	10178822
All_dm6_minus_tracheal	10178823
All_dm6_minus_tracheal	10178824
All_dm6_minus_tracheal	10178825
All_dm6_minus_tracheal	10178827
All_dm6_minus_tracheal	10178828
All_dm6_minus_tracheal	10178829
All_dm6_minus_tracheal	10178831
All_dm6_minus_tracheal	10178832
All_dm6_minus_tracheal	10178834
All_dm6_minus_tracheal	10178835
All_dm6_minus_tracheal	10178836
All_dm6_minus_tracheal	10178837
All_dm6_minus_tracheal	10178839
All_dm6_minus_tracheal	10178840
All_dm6_minus_tracheal	10178841
All_dm6_minus_tracheal	10178842
All_dm6_minus_tracheal	10178843
All_dm6_minus_tracheal	10178844
All_dm6_minus_tracheal	10178845
All_dm6_minus_tracheal	10178846
All_dm6_minus_tracheal	10178847
All_dm6_minus_tracheal	10178848
All_dm6_minus_tracheal	10178849
All_dm6_minus_tracheal	10178851
All_dm6_minus_tracheal	10178852
All_dm6_minus_tracheal	10178853
All_dm6_minus_tracheal	10178857
All_dm6_minus_tracheal	10178859
All_dm6_minus_tracheal	10178860
All_dm6_minus_tracheal	10178861
All_dm6_minus_tracheal	10178862
All_dm6_minus_tracheal	10178863
All_dm6_minus_tracheal	10178864
All_dm6_minus_tracheal	10178865
All_dm6_minus_tracheal	10178866
All_dm6_minus_tracheal	10178868
All_dm6_minus_tracheal	10178869
All_dm6_minus_tracheal	10178870
All_dm6_minus_tracheal	10178871
All_dm6_minus_tracheal	10178872
All_dm6_minus_tracheal	10178873
All_dm6_minus_tracheal	10178874
All_dm6_minus_tracheal	10178875
All_dm6_minus_tracheal	10178876
All_dm6_minus_tracheal	10178877
All_dm6_minus_tracheal	10178878
All_dm6_minus_tracheal	10178879
All_dm6_minus_tracheal	10178880
All_dm6_minus_tracheal	10178881
All_dm6_minus_tracheal	10178882
All_dm6_minus_tracheal	10178883
All_dm6_minus_tracheal	10178885
All_dm6_minus_tracheal	10178888
All_dm6_minus_tracheal	10178889
All_dm6_minus_tracheal	10178890
All_dm6_minus_tracheal	10178891
All_dm6_minus_tracheal	10178892
All_dm6_minus_tracheal	10178894
All_dm6_minus_tracheal	10178895
All_dm6_minus_tracheal	10178897
All_dm6_minus_tracheal	10178898
All_dm6_minus_tracheal	10178899
All_dm6_minus_tracheal	10178900
All_dm6_minus_tracheal	10178901
All_dm6_minus_tracheal	10178902
All_dm6_minus_tracheal	10178903
All_dm6_minus_tracheal	10178905
All_dm6_minus_tracheal	10178906
All_dm6_minus_tracheal	10178907
All_dm6_minus_tracheal	10178908
All_dm6_minus_tracheal	10178909
All_dm6_minus_tracheal	10178910
All_dm6_minus_tracheal	10178911
All_dm6_minus_tracheal	10178912
All_dm6_minus_tracheal	10178913
All_dm6_minus_tracheal	10178914
All_dm6_minus_tracheal	10178915
All_dm6_minus_tracheal	10178916
All_dm6_minus_tracheal	10178921
All_dm6_minus_tracheal	10178922
All_dm6_minus_tracheal	10178923
All_dm6_minus_tracheal	10178924
All_dm6_minus_tracheal	10178925
All_dm6_minus_tracheal	10178926
All_dm6_minus_tracheal	10178927
All_dm6_minus_tracheal	10178928
All_dm6_minus_tracheal	10178929
All_dm6_minus_tracheal	10178930
All_dm6_minus_tracheal	10178932
All_dm6_minus_tracheal	10178933
All_dm6_minus_tracheal	10178934
All_dm6_minus_tracheal	10178935
All_dm6_minus_tracheal	10178936
All_dm6_minus_tracheal	10178937
All_dm6_minus_tracheal	10178939
All_dm6_minus_tracheal	10178940
All_dm6_minus_tracheal	10178941
All_dm6_minus_tracheal	10178942
All_dm6_minus_tracheal	10178943
All_dm6_minus_tracheal	10178944
All_dm6_minus_tracheal	10178945
All_dm6_minus_tracheal	10178946
All_dm6_minus_tracheal	10178948
All_dm6_minus_tracheal	10178949
All_dm6_minus_tracheal	10178950
All_dm6_minus_tracheal	10178951
All_dm6_minus_tracheal	10178952
All_dm6_minus_tracheal	10178954
All_dm6_minus_tracheal	10178955
All_dm6_minus_tracheal	10178956
All_dm6_minus_tracheal	10178957
All_dm6_minus_tracheal	10178958
All_dm6_minus_tracheal	10178960
All_dm6_minus_tracheal	10178961
All_dm6_minus_tracheal	10178962
All_dm6_minus_tracheal	10178963
All_dm6_minus_tracheal	10178965
All_dm6_minus_tracheal	10178966
All_dm6_minus_tracheal	10178967
All_dm6_minus_tracheal	10178968
All_dm6_minus_tracheal	10178970
All_dm6_minus_tracheal	10216620
All_dm6_minus_tracheal	10216621
All_dm6_minus_tracheal	10216622
All_dm6_minus_tracheal	10216623
All_dm6_minus_tracheal	10216624
All_dm6_minus_tracheal	10216625
All_dm6_minus_tracheal	10216626
All_dm6_minus_tracheal	10216627
All_dm6_minus_tracheal	10216628
All_dm6_minus_tracheal	10216629
All_dm6_minus_tracheal	10216630
All_dm6_minus_tracheal	10216631
All_dm6_minus_tracheal	12797860
All_dm6_minus_tracheal	12797861
All_dm6_minus_tracheal	12797862
All_dm6_minus_tracheal	12797863
All_dm6_minus_tracheal	12797864
All_dm6_minus_tracheal	12797865
All_dm6_minus_tracheal	12797866
All_dm6_minus_tracheal	12797867
All_dm6_minus_tracheal	12797868
All_dm6_minus_tracheal	12797869
All_dm6_minus_tracheal	12797871
All_dm6_minus_tracheal	12797872
All_dm6_minus_tracheal	12797873
All_dm6_minus_tracheal	12797874
All_dm6_minus_tracheal	12797875
All_dm6_minus_tracheal	12797876
All_dm6_minus_tracheal	12797877
All_dm6_minus_tracheal	12797878
All_dm6_minus_tracheal	12797880
All_dm6_minus_tracheal	12797881
All_dm6_minus_tracheal	12797882
All_dm6_minus_tracheal	12797883
All_dm6_minus_tracheal	12797884
All_dm6_minus_tracheal	12797885
All_dm6_minus_tracheal	12797886
All_dm6_minus_tracheal	12797887
All_dm6_minus_tracheal	12797888
All_dm6_minus_tracheal	12797889
All_dm6_minus_tracheal	12797890
All_dm6_minus_tracheal	12797891
All_dm6_minus_tracheal	12797892
All_dm6_minus_tracheal	12797893
All_dm6_minus_tracheal	12797894
All_dm6_minus_tracheal	12797895
All_dm6_minus_tracheal	12797896
All_dm6_minus_tracheal	12797897
All_dm6_minus_tracheal	12797898
All_dm6_minus_tracheal	12797899
All_dm6_minus_tracheal	12797900
All_dm6_minus_tracheal	12797901
All_dm6_minus_tracheal	12797902
All_dm6_minus_tracheal	12797903
All_dm6_minus_tracheal	12797904
All_dm6_minus_tracheal	12797905
All_dm6_minus_tracheal	12797908
All_dm6_minus_tracheal	12797909
All_dm6_minus_tracheal	12797910
All_dm6_minus_tracheal	12797911
All_dm6_minus_tracheal	12797912
All_dm6_minus_tracheal	12797913
All_dm6_minus_tracheal	12797914
All_dm6_minus_tracheal	12797915
All_dm6_minus_tracheal	12797916
All_dm6_minus_tracheal	12797917
All_dm6_minus_tracheal	12797918
All_dm6_minus_tracheal	12797919
All_dm6_minus_tracheal	12797920
All_dm6_minus_tracheal	12797922
All_dm6_minus_tracheal	12797923
All_dm6_minus_tracheal	12797924
All_dm6_minus_tracheal	12797925
All_dm6_minus_tracheal	12797926
All_dm6_minus_tracheal	12797927
All_dm6_minus_tracheal	12797928
All_dm6_minus_tracheal	12797932
All_dm6_minus_tracheal	12797933
All_dm6_minus_tracheal	12797934
All_dm6_minus_tracheal	12797935
All_dm6_minus_tracheal	12797936
All_dm6_minus_tracheal	12797937
All_dm6_minus_tracheal	12797938
All_dm6_minus_tracheal	12797939
All_dm6_minus_tracheal	12797940
All_dm6_minus_tracheal	12797941
All_dm6_minus_tracheal	12797942
All_dm6_minus_tracheal	12797943
All_dm6_minus_tracheal	12797944
All_dm6_minus_tracheal	12797946
All_dm6_minus_tracheal	12797948
All_dm6_minus_tracheal	12797949
All_dm6_minus_tracheal	12797951
All_dm6_minus_tracheal	12797952
All_dm6_minus_tracheal	12797953
All_dm6_minus_tracheal	12797954
All_dm6_minus_tracheal	12797955
All_dm6_minus_tracheal	12797956
All_dm6_minus_tracheal	12797957
All_dm6_minus_tracheal	12797958
All_dm6_minus_tracheal	12797960
All_dm6_minus_tracheal	12797961
All_dm6_minus_tracheal	12797962
All_dm6_minus_tracheal	12797963
All_dm6_minus_tracheal	12797964
All_dm6_minus_tracheal	12797965
All_dm6_minus_tracheal	12797966
All_dm6_minus_tracheal	12797967
All_dm6_minus_tracheal	12797968
All_dm6_minus_tracheal	12797969
All_dm6_minus_tracheal	12797970
All_dm6_minus_tracheal	12797971
All_dm6_minus_tracheal	12797972
All_dm6_minus_tracheal	12797973
All_dm6_minus_tracheal	12797974
All_dm6_minus_tracheal	12797975
All_dm6_minus_tracheal	12797976
All_dm6_minus_tracheal	12797977
All_dm6_minus_tracheal	12797978
All_dm6_minus_tracheal	12797979
All_dm6_minus_tracheal	12797980
All_dm6_minus_tracheal	12797981
All_dm6_minus_tracheal	12797982
All_dm6_minus_tracheal	12797983
All_dm6_minus_tracheal	12797984
All_dm6_minus_tracheal	12797986
All_dm6_minus_tracheal	12797987
All_dm6_minus_tracheal	12797988
All_dm6_minus_tracheal	12797989
All_dm6_minus_tracheal	12797990
All_dm6_minus_tracheal	12797991
All_dm6_minus_tracheal	12797992
All_dm6_minus_tracheal	12797993
All_dm6_minus_tracheal	12797994
All_dm6_minus_tracheal	12797995
All_dm6_minus_tracheal	12797996
All_dm6_minus_tracheal	12797997
All_dm6_minus_tracheal	12797998
All_dm6_minus_tracheal	12797999
All_dm6_minus_tracheal	12798000
All_dm6_minus_tracheal	12798001
All_dm6_minus_tracheal	12798002
All_dm6_minus_tracheal	12798003
All_dm6_minus_tracheal	12798005
All_dm6_minus_tracheal	12798006
All_dm6_minus_tracheal	12798007
All_dm6_minus_tracheal	12798009
All_dm6_minus_tracheal	12798010
All_dm6_minus_tracheal	12798011
All_dm6_minus_tracheal	12798012
All_dm6_minus_tracheal	12798013
All_dm6_minus_tracheal	12798014
All_dm6_minus_tracheal	12798015
All_dm6_minus_tracheal	12798016
All_dm6_minus_tracheal	12798017
All_dm6_minus_tracheal	12798018
All_dm6_minus_tracheal	12798019
All_dm6_minus_tracheal	12798020
All_dm6_minus_tracheal	12798021
All_dm6_minus_tracheal	12798022
All_dm6_minus_tracheal	12798023
All_dm6_minus_tracheal	12798024
All_dm6_minus_tracheal	12798026
All_dm6_minus_tracheal	12798027
All_dm6_minus_tracheal	12798028
All_dm6_minus_tracheal	12798029
All_dm6_minus_tracheal	12798030
All_dm6_minus_tracheal	12798031
All_dm6_minus_tracheal	12798032
All_dm6_minus_tracheal	12798033
All_dm6_minus_tracheal	12798034
All_dm6_minus_tracheal	12798036
All_dm6_minus_tracheal	12798037
All_dm6_minus_tracheal	12798038
All_dm6_minus_tracheal	12798039
All_dm6_minus_tracheal	12798040
All_dm6_minus_tracheal	12798041
All_dm6_minus_tracheal	12798042
All_dm6_minus_tracheal	12798043
All_dm6_minus_tracheal	12798044
All_dm6_minus_tracheal	12798045
All_dm6_minus_tracheal	12798047
All_dm6_minus_tracheal	12798048
All_dm6_minus_tracheal	12798049
All_dm6_minus_tracheal	12798050
All_dm6_minus_tracheal	12798051
All_dm6_minus_tracheal	12798052
All_dm6_minus_tracheal	12798053
All_dm6_minus_tracheal	12798054
All_dm6_minus_tracheal	12798055
All_dm6_minus_tracheal	12798056
All_dm6_minus_tracheal	12798057
All_dm6_minus_tracheal	12798058
All_dm6_minus_tracheal	12798059
All_dm6_minus_tracheal	12798060
All_dm6_minus_tracheal	12798061
All_dm6_minus_tracheal	12798062
All_dm6_minus_tracheal	12798063
All_dm6_minus_tracheal	12798064
All_dm6_minus_tracheal	12798065
All_dm6_minus_tracheal	12798066
All_dm6_minus_tracheal	12798067
All_dm6_minus_tracheal	12798068
All_dm6_minus_tracheal	12798069
All_dm6_minus_tracheal	12798070
All_dm6_minus_tracheal	12798072
All_dm6_minus_tracheal	12798073
All_dm6_minus_tracheal	12798074
All_dm6_minus_tracheal	12798075
All_dm6_minus_tracheal	12798076
All_dm6_minus_tracheal	12798077
All_dm6_minus_tracheal	12798078
All_dm6_minus_tracheal	12798079
All_dm6_minus_tracheal	12798080
All_dm6_minus_tracheal	12798081
All_dm6_minus_tracheal	12798082
All_dm6_minus_tracheal	12798083
All_dm6_minus_tracheal	12798084
All_dm6_minus_tracheal	12798085
All_dm6_minus_tracheal	12798086
All_dm6_minus_tracheal	12798087
All_dm6_minus_tracheal	12798088
All_dm6_minus_tracheal	12798089
All_dm6_minus_tracheal	12798090
All_dm6_minus_tracheal	12798091
All_dm6_minus_tracheal	12798092
All_dm6_minus_tracheal	12798093
All_dm6_minus_tracheal	12798094
All_dm6_minus_tracheal	12798095
All_dm6_minus_tracheal	12798096
All_dm6_minus_tracheal	12798097
All_dm6_minus_tracheal	12798098
All_dm6_minus_tracheal	12798099
All_dm6_minus_tracheal	12798100
All_dm6_minus_tracheal	12798101
All_dm6_minus_tracheal	12798103
All_dm6_minus_tracheal	12798104
All_dm6_minus_tracheal	12798105
All_dm6_minus_tracheal	12798106
All_dm6_minus_tracheal	12798107
All_dm6_minus_tracheal	12798108
All_dm6_minus_tracheal	12798109
All_dm6_minus_tracheal	12798110
All_dm6_minus_tracheal	12798111
All_dm6_minus_tracheal	12798112
All_dm6_minus_tracheal	12798113
All_dm6_minus_tracheal	12798114
All_dm6_minus_tracheal	12798115
All_dm6_minus_tracheal	12798116
All_dm6_minus_tracheal	12798117
All_dm6_minus_tracheal	12798118
All_dm6_minus_tracheal	12798119
All_dm6_minus_tracheal	12798120
All_dm6_minus_tracheal	12798121
All_dm6_minus_tracheal	12798122
All_dm6_minus_tracheal	12798123
All_dm6_minus_tracheal	12798124
All_dm6_minus_tracheal	12798125
All_dm6_minus_tracheal	12798126
All_dm6_minus_tracheal	12798127
All_dm6_minus_tracheal	12798128
All_dm6_minus_tracheal	12798129
All_dm6_minus_tracheal	12798130
All_dm6_minus_tracheal	12798131
All_dm6_minus_tracheal	12798132
All_dm6_minus_tracheal	12798133
All_dm6_minus_tracheal	12798134
All_dm6_minus_tracheal	12798136
All_dm6_minus_tracheal	12798138
All_dm6_minus_tracheal	12798139
All_dm6_minus_tracheal	12798141
All_dm6_minus_tracheal	12798142
All_dm6_minus_tracheal	12798143
All_dm6_minus_tracheal	12798144
All_dm6_minus_tracheal	12798145
All_dm6_minus_tracheal	12798146
All_dm6_minus_tracheal	12798147
All_dm6_minus_tracheal	12798148
All_dm6_minus_tracheal	12798149
All_dm6_minus_tracheal	12798150
All_dm6_minus_tracheal	12798151
All_dm6_minus_tracheal	12798152
All_dm6_minus_tracheal	12798153
All_dm6_minus_tracheal	12798155
All_dm6_minus_tracheal	12798157
All_dm6_minus_tracheal	12798158
All_dm6_minus_tracheal	12798159
All_dm6_minus_tracheal	12798161
All_dm6_minus_tracheal	12798162
All_dm6_minus_tracheal	12798163
All_dm6_minus_tracheal	12798164
All_dm6_minus_tracheal	12798165
All_dm6_minus_tracheal	12798166
All_dm6_minus_tracheal	12798167
All_dm6_minus_tracheal	12798169
All_dm6_minus_tracheal	12798170
All_dm6_minus_tracheal	12798171
All_dm6_minus_tracheal	12798172
All_dm6_minus_tracheal	12798174
All_dm6_minus_tracheal	12798175
All_dm6_minus_tracheal	12798176
All_dm6_minus_tracheal	12798177
All_dm6_minus_tracheal	12798178
All_dm6_minus_tracheal	12798179
All_dm6_minus_tracheal	12798180
All_dm6_minus_tracheal	12798181
All_dm6_minus_tracheal	12798182
All_dm6_minus_tracheal	12798183
All_dm6_minus_tracheal	12798184
All_dm6_minus_tracheal	12798185
All_dm6_minus_tracheal	12798186
All_dm6_minus_tracheal	12798187
All_dm6_minus_tracheal	12798188
All_dm6_minus_tracheal	12798189
All_dm6_minus_tracheal	12798190
All_dm6_minus_tracheal	12798191
All_dm6_minus_tracheal	12798192
All_dm6_minus_tracheal	12798193
All_dm6_minus_tracheal	12798194
All_dm6_minus_tracheal	12798195
All_dm6_minus_tracheal	12798196
All_dm6_minus_tracheal	12798197
All_dm6_minus_tracheal	12798198
All_dm6_minus_tracheal	12798199
All_dm6_minus_tracheal	12798200
All_dm6_minus_tracheal	12798201
All_dm6_minus_tracheal	12798202
All_dm6_minus_tracheal	12798203
All_dm6_minus_tracheal	12798204
All_dm6_minus_tracheal	12798205
All_dm6_minus_tracheal	12798206
All_dm6_minus_tracheal	12798207
All_dm6_minus_tracheal	12798208
All_dm6_minus_tracheal	12798210
All_dm6_minus_tracheal	12798211
All_dm6_minus_tracheal	12798212
All_dm6_minus_tracheal	12798213
All_dm6_minus_tracheal	12798214
All_dm6_minus_tracheal	12798215
All_dm6_minus_tracheal	12798216
All_dm6_minus_tracheal	12798217
All_dm6_minus_tracheal	12798218
All_dm6_minus_tracheal	12798219
All_dm6_minus_tracheal	12798220
All_dm6_minus_tracheal	12798221
All_dm6_minus_tracheal	12798222
All_dm6_minus_tracheal	12798223
All_dm6_minus_tracheal	12798224
All_dm6_minus_tracheal	12798225
All_dm6_minus_tracheal	12798226
All_dm6_minus_tracheal	12798227
All_dm6_minus_tracheal	12798228
All_dm6_minus_tracheal	12798229
All_dm6_minus_tracheal	12798230
All_dm6_minus_tracheal	12798231
All_dm6_minus_tracheal	12798232
All_dm6_minus_tracheal	12798233
All_dm6_minus_tracheal	12798234
All_dm6_minus_tracheal	12798235
All_dm6_minus_tracheal	12798236
All_dm6_minus_tracheal	12798237
All_dm6_minus_tracheal	12798238
All_dm6_minus_tracheal	12798240
All_dm6_minus_tracheal	12798241
All_dm6_minus_tracheal	12798242
All_dm6_minus_tracheal	12798244
All_dm6_minus_tracheal	12798245
All_dm6_minus_tracheal	12798246
All_dm6_minus_tracheal	12798247
All_dm6_minus_tracheal	12798248
All_dm6_minus_tracheal	12798251
All_dm6_minus_tracheal	12798252
All_dm6_minus_tracheal	12798253
All_dm6_minus_tracheal	12798254
All_dm6_minus_tracheal	12798256
All_dm6_minus_tracheal	12798257
All_dm6_minus_tracheal	12798258
All_dm6_minus_tracheal	12798259
All_dm6_minus_tracheal	12798260
All_dm6_minus_tracheal	12798261
All_dm6_minus_tracheal	12798262
All_dm6_minus_tracheal	12798263
All_dm6_minus_tracheal	12798264
All_dm6_minus_tracheal	12798265
All_dm6_minus_tracheal	12798266
All_dm6_minus_tracheal	12798267
All_dm6_minus_tracheal	12798268
All_dm6_minus_tracheal	12798269
All_dm6_minus_tracheal	12798270
All_dm6_minus_tracheal	12798271
All_dm6_minus_tracheal	12798272
All_dm6_minus_tracheal	12798273
All_dm6_minus_tracheal	12798274
All_dm6_minus_tracheal	12798275
All_dm6_minus_tracheal	12798276
All_dm6_minus_tracheal	12798277
All_dm6_minus_tracheal	12798278
All_dm6_minus_tracheal	12798279
All_dm6_minus_tracheal	12798280
All_dm6_minus_tracheal	12798281
All_dm6_minus_tracheal	12798282
All_dm6_minus_tracheal	12798283
All_dm6_minus_tracheal	12798286
All_dm6_minus_tracheal	12798287
All_dm6_minus_tracheal	12798288
All_dm6_minus_tracheal	12798289
All_dm6_minus_tracheal	12798290
All_dm6_minus_tracheal	12798291
All_dm6_minus_tracheal	12798292
All_dm6_minus_tracheal	12798293
All_dm6_minus_tracheal	12798294
All_dm6_minus_tracheal	12798295
All_dm6_minus_tracheal	12798296
All_dm6_minus_tracheal	12798297
All_dm6_minus_tracheal	12798298
All_dm6_minus_tracheal	12798299
All_dm6_minus_tracheal	12798300
All_dm6_minus_tracheal	12798301
All_dm6_minus_tracheal	12798303
All_dm6_minus_tracheal	12798304
All_dm6_minus_tracheal	12798305
All_dm6_minus_tracheal	12798306
All_dm6_minus_tracheal	12798307
All_dm6_minus_tracheal	12798308
All_dm6_minus_tracheal	12798309
All_dm6_minus_tracheal	12798311
All_dm6_minus_tracheal	12798312
All_dm6_minus_tracheal	12798313
All_dm6_minus_tracheal	12798314
All_dm6_minus_tracheal	12798316
All_dm6_minus_tracheal	12798317
All_dm6_minus_tracheal	12798319
All_dm6_minus_tracheal	12798320
All_dm6_minus_tracheal	12798321
All_dm6_minus_tracheal	12798322
All_dm6_minus_tracheal	12798323
All_dm6_minus_tracheal	12798324
All_dm6_minus_tracheal	12798325
All_dm6_minus_tracheal	12798326
All_dm6_minus_tracheal	12798327
All_dm6_minus_tracheal	12798328
All_dm6_minus_tracheal	12798329
All_dm6_minus_tracheal	12798330
All_dm6_minus_tracheal	12798331
All_dm6_minus_tracheal	12798332
All_dm6_minus_tracheal	12798333
All_dm6_minus_tracheal	12798334
All_dm6_minus_tracheal	12798335
All_dm6_minus_tracheal	12798336
All_dm6_minus_tracheal	12798337
All_dm6_minus_tracheal	12798338
All_dm6_minus_tracheal	12798339
All_dm6_minus_tracheal	12798340
All_dm6_minus_tracheal	12798341
All_dm6_minus_tracheal	12798342
All_dm6_minus_tracheal	12798343
All_dm6_minus_tracheal	12798344
All_dm6_minus_tracheal	12798345
All_dm6_minus_tracheal	12798346
All_dm6_minus_tracheal	12798347
All_dm6_minus_tracheal	12798348
All_dm6_minus_tracheal	12798349
All_dm6_minus_tracheal	12798350
All_dm6_minus_tracheal	12798351
All_dm6_minus_tracheal	12798352
All_dm6_minus_tracheal	12798353
All_dm6_minus_tracheal	12798354
All_dm6_minus_tracheal	12798355
All_dm6_minus_tracheal	12798356
All_dm6_minus_tracheal	12798357
All_dm6_minus_tracheal	12798358
All_dm6_minus_tracheal	12798359
All_dm6_minus_tracheal	12798360
All_dm6_minus_tracheal	12798361
All_dm6_minus_tracheal	12798362
All_dm6_minus_tracheal	12798363
All_dm6_minus_tracheal	12798364
All_dm6_minus_tracheal	12798365
All_dm6_minus_tracheal	12798366
All_dm6_minus_tracheal	12798367
All_dm6_minus_tracheal	12798368
All_dm6_minus_tracheal	12798369
All_dm6_minus_tracheal	12798370
All_dm6_minus_tracheal	12798371
All_dm6_minus_tracheal	12798372
All_dm6_minus_tracheal	12798373
All_dm6_minus_tracheal	12798374
All_dm6_minus_tracheal	12798375
All_dm6_minus_tracheal	12798376
All_dm6_minus_tracheal	12798377
All_dm6_minus_tracheal	12798378
All_dm6_minus_tracheal	12798379
All_dm6_minus_tracheal	12798380
All_dm6_minus_tracheal	12798381
All_dm6_minus_tracheal	12798382
All_dm6_minus_tracheal	12798383
All_dm6_minus_tracheal	12798384
All_dm6_minus_tracheal	12798385
All_dm6_minus_tracheal	12798386
All_dm6_minus_tracheal	12798387
All_dm6_minus_tracheal	12798388
All_dm6_minus_tracheal	12798389
All_dm6_minus_tracheal	12798390
All_dm6_minus_tracheal	12798391
All_dm6_minus_tracheal	12798392
All_dm6_minus_tracheal	12798393
All_dm6_minus_tracheal	12798394
All_dm6_minus_tracheal	12798395
All_dm6_minus_tracheal	12798397
All_dm6_minus_tracheal	12798398
All_dm6_minus_tracheal	12798399
All_dm6_minus_tracheal	12798400
All_dm6_minus_tracheal	12798401
All_dm6_minus_tracheal	12798402
All_dm6_minus_tracheal	12798403
All_dm6_minus_tracheal	12798405
All_dm6_minus_tracheal	12798406
All_dm6_minus_tracheal	12798407
All_dm6_minus_tracheal	12798408
All_dm6_minus_tracheal	12798409
All_dm6_minus_tracheal	12798410
All_dm6_minus_tracheal	12798411
All_dm6_minus_tracheal	12798412
All_dm6_minus_tracheal	12798413
All_dm6_minus_tracheal	12798414
All_dm6_minus_tracheal	12798415
All_dm6_minus_tracheal	12798416
All_dm6_minus_tracheal	12798417
All_dm6_minus_tracheal	12798418
All_dm6_minus_tracheal	12798419
All_dm6_minus_tracheal	12798420
All_dm6_minus_tracheal	12798421
All_dm6_minus_tracheal	12798422
All_dm6_minus_tracheal	12798423
All_dm6_minus_tracheal	12798424
All_dm6_minus_tracheal	12798425
All_dm6_minus_tracheal	12798426
All_dm6_minus_tracheal	12798427
All_dm6_minus_tracheal	12798428
All_dm6_minus_tracheal	12798429
All_dm6_minus_tracheal	12798431
All_dm6_minus_tracheal	12798432
All_dm6_minus_tracheal	12798433
All_dm6_minus_tracheal	12798434
All_dm6_minus_tracheal	12798435
All_dm6_minus_tracheal	12798436
All_dm6_minus_tracheal	12798437
All_dm6_minus_tracheal	12798438
All_dm6_minus_tracheal	12798439
All_dm6_minus_tracheal	12798440
All_dm6_minus_tracheal	12798442
All_dm6_minus_tracheal	12798443
All_dm6_minus_tracheal	12798444
All_dm6_minus_tracheal	12798445
All_dm6_minus_tracheal	12798446
All_dm6_minus_tracheal	12798447
All_dm6_minus_tracheal	12798448
All_dm6_minus_tracheal	12798449
All_dm6_minus_tracheal	12798450
All_dm6_minus_tracheal	12798451
All_dm6_minus_tracheal	12798452
All_dm6_minus_tracheal	12798453
All_dm6_minus_tracheal	12798454
All_dm6_minus_tracheal	12798455
All_dm6_minus_tracheal	12798456
All_dm6_minus_tracheal	12798457
All_dm6_minus_tracheal	12798458
All_dm6_minus_tracheal	12798459
All_dm6_minus_tracheal	12798460
All_dm6_minus_tracheal	12798461
All_dm6_minus_tracheal	12798462
All_dm6_minus_tracheal	12798463
All_dm6_minus_tracheal	12798464
All_dm6_minus_tracheal	12798465
All_dm6_minus_tracheal	12798466
All_dm6_minus_tracheal	12798467
All_dm6_minus_tracheal	12798468
All_dm6_minus_tracheal	12798469
All_dm6_minus_tracheal	12798470
All_dm6_minus_tracheal	12798471
All_dm6_minus_tracheal	12798472
All_dm6_minus_tracheal	12798473
All_dm6_minus_tracheal	12798474
All_dm6_minus_tracheal	12798475
All_dm6_minus_tracheal	12798476
All_dm6_minus_tracheal	12798477
All_dm6_minus_tracheal	12798478
All_dm6_minus_tracheal	12798479
All_dm6_minus_tracheal	12798480
All_dm6_minus_tracheal	12798481
All_dm6_minus_tracheal	12798482
All_dm6_minus_tracheal	12798483
All_dm6_minus_tracheal	12798484
All_dm6_minus_tracheal	12798485
All_dm6_minus_tracheal	12798487
All_dm6_minus_tracheal	12798488
All_dm6_minus_tracheal	12798489
All_dm6_minus_tracheal	12798490
All_dm6_minus_tracheal	12798491
All_dm6_minus_tracheal	12798492
All_dm6_minus_tracheal	12798493
All_dm6_minus_tracheal	12798494
All_dm6_minus_tracheal	12798495
All_dm6_minus_tracheal	12798496
All_dm6_minus_tracheal	12798497
All_dm6_minus_tracheal	12798498
All_dm6_minus_tracheal	12798499
All_dm6_minus_tracheal	12798501
All_dm6_minus_tracheal	12798502
All_dm6_minus_tracheal	12798503
All_dm6_minus_tracheal	12798504
All_dm6_minus_tracheal	12798505
All_dm6_minus_tracheal	12798506
All_dm6_minus_tracheal	12798507
All_dm6_minus_tracheal	12798508
All_dm6_minus_tracheal	12798509
All_dm6_minus_tracheal	12798510
All_dm6_minus_tracheal	12798511
All_dm6_minus_tracheal	12798512
All_dm6_minus_tracheal	12798513
All_dm6_minus_tracheal	12798514
All_dm6_minus_tracheal	12798515
All_dm6_minus_tracheal	12798516
All_dm6_minus_tracheal	12798517
All_dm6_minus_tracheal	12798518
All_dm6_minus_tracheal	12798519
All_dm6_minus_tracheal	12798520
All_dm6_minus_tracheal	12798521
All_dm6_minus_tracheal	12798523
All_dm6_minus_tracheal	12798524
All_dm6_minus_tracheal	12798525
All_dm6_minus_tracheal	12798526
All_dm6_minus_tracheal	12798527
All_dm6_minus_tracheal	12798528
All_dm6_minus_tracheal	12798529
All_dm6_minus_tracheal	12798530
All_dm6_minus_tracheal	12798531
All_dm6_minus_tracheal	12798532
All_dm6_minus_tracheal	12798533
All_dm6_minus_tracheal	12798534
All_dm6_minus_tracheal	12798535
All_dm6_minus_tracheal	12798537
All_dm6_minus_tracheal	12798539
All_dm6_minus_tracheal	12798541
All_dm6_minus_tracheal	12798542
All_dm6_minus_tracheal	12798543
All_dm6_minus_tracheal	12798544
All_dm6_minus_tracheal	12798546
All_dm6_minus_tracheal	12798547
All_dm6_minus_tracheal	12798548
All_dm6_minus_tracheal	12798549
All_dm6_minus_tracheal	12798550
All_dm6_minus_tracheal	12798551
All_dm6_minus_tracheal	12798552
All_dm6_minus_tracheal	12798553
All_dm6_minus_tracheal	12798554
All_dm6_minus_tracheal	12798555
All_dm6_minus_tracheal	12798556
All_dm6_minus_tracheal	12798557
All_dm6_minus_tracheal	12798558
All_dm6_minus_tracheal	12798559
All_dm6_minus_tracheal	12798560
All_dm6_minus_tracheal	12798561
All_dm6_minus_tracheal	12798562
All_dm6_minus_tracheal	12798563
All_dm6_minus_tracheal	12798564
All_dm6_minus_tracheal	12798565
All_dm6_minus_tracheal	12798566
All_dm6_minus_tracheal	12798567
All_dm6_minus_tracheal	12798568
All_dm6_minus_tracheal	12798569
All_dm6_minus_tracheal	12798570
All_dm6_minus_tracheal	12798571
All_dm6_minus_tracheal	12798572
All_dm6_minus_tracheal	12798573
All_dm6_minus_tracheal	12798574
All_dm6_minus_tracheal	12798575
All_dm6_minus_tracheal	12798576
All_dm6_minus_tracheal	12798577
All_dm6_minus_tracheal	12798578
All_dm6_minus_tracheal	12798579
All_dm6_minus_tracheal	12798580
All_dm6_minus_tracheal	12798581
All_dm6_minus_tracheal	12798582
All_dm6_minus_tracheal	12798583
All_dm6_minus_tracheal	12798584
All_dm6_minus_tracheal	12798585
All_dm6_minus_tracheal	12798586
All_dm6_minus_tracheal	12798587
All_dm6_minus_tracheal	12798588
All_dm6_minus_tracheal	12869582
All_dm6_minus_tracheal	12869583
All_dm6_minus_tracheal	12869588
All_dm6_minus_tracheal	12869591
All_dm6_minus_tracheal	12869597
All_dm6_minus_tracheal	12869600
All_dm6_minus_tracheal	13084051
All_dm6_minus_tracheal	13084062
All_dm6_minus_tracheal	13084068
All_dm6_minus_tracheal	13084069
All_dm6_minus_tracheal	14462345
All_dm6_minus_tracheal	14462346
All_dm6_minus_tracheal	14462350
All_dm6_minus_tracheal	14462351
All_dm6_minus_tracheal	14462352
All_dm6_minus_tracheal	14462353
All_dm6_minus_tracheal	14462354
All_dm6_minus_tracheal	14462355
All_dm6_minus_tracheal	14462356
All_dm6_minus_tracheal	14462357
All_dm6_minus_tracheal	14462358
All_dm6_minus_tracheal	14462359
All_dm6_minus_tracheal	14462360
All_dm6_minus_tracheal	14462361
All_dm6_minus_tracheal	14462374
All_dm6_minus_tracheal	14462375
All_dm6_minus_tracheal	14462376
All_dm6_minus_tracheal	14462377
All_dm6_minus_tracheal	14462378
All_dm6_minus_tracheal	14462379
All_dm6_minus_tracheal	14462382
All_dm6_minus_tracheal	14462383
All_dm6_minus_tracheal	14462384
All_dm6_minus_tracheal	14462385
All_dm6_minus_tracheal	14462386
All_dm6_minus_tracheal	14462388
All_dm6_minus_tracheal	14462389
All_dm6_minus_tracheal	14462390
All_dm6_minus_tracheal	14462391
All_dm6_minus_tracheal	14462392
All_dm6_minus_tracheal	14462393
All_dm6_minus_tracheal	14462394
All_dm6_minus_tracheal	14462395
All_dm6_minus_tracheal	14462396
All_dm6_minus_tracheal	14462398
All_dm6_minus_tracheal	14462399
All_dm6_minus_tracheal	14462400
All_dm6_minus_tracheal	14462401
All_dm6_minus_tracheal	14462402
All_dm6_minus_tracheal	14462403
All_dm6_minus_tracheal	14462404
All_dm6_minus_tracheal	14462405
All_dm6_minus_tracheal	14462406
All_dm6_minus_tracheal	14462407
All_dm6_minus_tracheal	14462408
All_dm6_minus_tracheal	14462409
All_dm6_minus_tracheal	14462410
All_dm6_minus_tracheal	14462411
All_dm6_minus_tracheal	14462412
All_dm6_minus_tracheal	14462413
All_dm6_minus_tracheal	14462415
All_dm6_minus_tracheal	14462416
All_dm6_minus_tracheal	14462417
All_dm6_minus_tracheal	14462418
All_dm6_minus_tracheal	14462419
All_dm6_minus_tracheal	14462420
All_dm6_minus_tracheal	14462430
All_dm6_minus_tracheal	14462431
All_dm6_minus_tracheal	14462432
All_dm6_minus_tracheal	14462433
All_dm6_minus_tracheal	14462434
All_dm6_minus_tracheal	14462435
All_dm6_minus_tracheal	14462436
All_dm6_minus_tracheal	14462437
All_dm6_minus_tracheal	14462438
All_dm6_minus_tracheal	14462439
All_dm6_minus_tracheal	14462441
All_dm6_minus_tracheal	14462442
All_dm6_minus_tracheal	14462443
All_dm6_minus_tracheal	14462444
All_dm6_minus_tracheal	14462445
All_dm6_minus_tracheal	14462446
All_dm6_minus_tracheal	14462447
All_dm6_minus_tracheal	14462448
All_dm6_minus_tracheal	14462449
All_dm6_minus_tracheal	14462450
All_dm6_minus_tracheal	14462451
All_dm6_minus_tracheal	14462452
All_dm6_minus_tracheal	14462453
All_dm6_minus_tracheal	14462454
All_dm6_minus_tracheal	14462455
All_dm6_minus_tracheal	14462456
All_dm6_minus_tracheal	14462457
All_dm6_minus_tracheal	14462458
All_dm6_minus_tracheal	14462459
All_dm6_minus_tracheal	14462460
All_dm6_minus_tracheal	14462461
All_dm6_minus_tracheal	14462462
All_dm6_minus_tracheal	14462463
All_dm6_minus_tracheal	14462464
All_dm6_minus_tracheal	14462465
All_dm6_minus_tracheal	14462466
All_dm6_minus_tracheal	14462467
All_dm6_minus_tracheal	14462468
All_dm6_minus_tracheal	14462469
All_dm6_minus_tracheal	14462470
All_dm6_minus_tracheal	14462471
All_dm6_minus_tracheal	14462472
All_dm6_minus_tracheal	14462473
All_dm6_minus_tracheal	14462474
All_dm6_minus_tracheal	14462475
All_dm6_minus_tracheal	14462476
All_dm6_minus_tracheal	14462477
All_dm6_minus_tracheal	14462478
All_dm6_minus_tracheal	14462479
All_dm6_minus_tracheal	14462480
All_dm6_minus_tracheal	14462481
All_dm6_minus_tracheal	14462482
All_dm6_minus_tracheal	14462483
All_dm6_minus_tracheal	14462484
All_dm6_minus_tracheal	14462486
All_dm6_minus_tracheal	14462487
All_dm6_minus_tracheal	14462489
All_dm6_minus_tracheal	14462490
All_dm6_minus_tracheal	14462491
All_dm6_minus_tracheal	14462492
All_dm6_minus_tracheal	14462493
All_dm6_minus_tracheal	14462495
All_dm6_minus_tracheal	14462496
All_dm6_minus_tracheal	14462498
All_dm6_minus_tracheal	14462499
All_dm6_minus_tracheal	14462500
All_dm6_minus_tracheal	14462501
All_dm6_minus_tracheal	14462502
All_dm6_minus_tracheal	14462504
All_dm6_minus_tracheal	14462505
All_dm6_minus_tracheal	14462506
All_dm6_minus_tracheal	14462507
All_dm6_minus_tracheal	14462508
All_dm6_minus_tracheal	14462509
All_dm6_minus_tracheal	14462510
All_dm6_minus_tracheal	14462511
All_dm6_minus_tracheal	14462512
All_dm6_minus_tracheal	14462513
All_dm6_minus_tracheal	14462514
All_dm6_minus_tracheal	14462516
All_dm6_minus_tracheal	14462517
All_dm6_minus_tracheal	14462518
All_dm6_minus_tracheal	14462519
All_dm6_minus_tracheal	14462520
All_dm6_minus_tracheal	14462521
All_dm6_minus_tracheal	14462522
All_dm6_minus_tracheal	14462523
All_dm6_minus_tracheal	14462524
All_dm6_minus_tracheal	14462526
All_dm6_minus_tracheal	14462527
All_dm6_minus_tracheal	14462528
All_dm6_minus_tracheal	14462529
All_dm6_minus_tracheal	14462530
All_dm6_minus_tracheal	14462531
All_dm6_minus_tracheal	14462535
All_dm6_minus_tracheal	14462537
All_dm6_minus_tracheal	14462539
All_dm6_minus_tracheal	14462542
All_dm6_minus_tracheal	14462543
All_dm6_minus_tracheal	14462544
All_dm6_minus_tracheal	14462545
All_dm6_minus_tracheal	14462546
All_dm6_minus_tracheal	14462547
All_dm6_minus_tracheal	14462548
All_dm6_minus_tracheal	14462549
All_dm6_minus_tracheal	14462550
All_dm6_minus_tracheal	14462551
All_dm6_minus_tracheal	14462552
All_dm6_minus_tracheal	14462553
All_dm6_minus_tracheal	14462554
All_dm6_minus_tracheal	14462556
All_dm6_minus_tracheal	14462557
All_dm6_minus_tracheal	14462558
All_dm6_minus_tracheal	14462559
All_dm6_minus_tracheal	14462560
All_dm6_minus_tracheal	14462561
All_dm6_minus_tracheal	14462563
All_dm6_minus_tracheal	14462565
All_dm6_minus_tracheal	14462566
All_dm6_minus_tracheal	14462567
All_dm6_minus_tracheal	14462568
All_dm6_minus_tracheal	14462569
All_dm6_minus_tracheal	14462570
All_dm6_minus_tracheal	14462571
All_dm6_minus_tracheal	14462573
All_dm6_minus_tracheal	14462574
All_dm6_minus_tracheal	14462575
All_dm6_minus_tracheal	14462576
All_dm6_minus_tracheal	14462577
All_dm6_minus_tracheal	14462578
All_dm6_minus_tracheal	14462579
All_dm6_minus_tracheal	14462580
All_dm6_minus_tracheal	14462581
All_dm6_minus_tracheal	14462582
All_dm6_minus_tracheal	14462583
All_dm6_minus_tracheal	14462585
All_dm6_minus_tracheal	14462586
All_dm6_minus_tracheal	14462587
All_dm6_minus_tracheal	14462588
All_dm6_minus_tracheal	14462589
All_dm6_minus_tracheal	14462590
All_dm6_minus_tracheal	14462591
All_dm6_minus_tracheal	14462592
All_dm6_minus_tracheal	14462593
All_dm6_minus_tracheal	14462594
All_dm6_minus_tracheal	14462596
All_dm6_minus_tracheal	14462597
All_dm6_minus_tracheal	14462599
All_dm6_minus_tracheal	14462600
All_dm6_minus_tracheal	14462602
All_dm6_minus_tracheal	14462603
All_dm6_minus_tracheal	14462604
All_dm6_minus_tracheal	14462605
All_dm6_minus_tracheal	14462606
All_dm6_minus_tracheal	14462607
All_dm6_minus_tracheal	14462608
All_dm6_minus_tracheal	14462610
All_dm6_minus_tracheal	14462611
All_dm6_minus_tracheal	14462612
All_dm6_minus_tracheal	14462613
All_dm6_minus_tracheal	14462614
All_dm6_minus_tracheal	14462615
All_dm6_minus_tracheal	14462616
All_dm6_minus_tracheal	14462617
All_dm6_minus_tracheal	14462618
All_dm6_minus_tracheal	14462619
All_dm6_minus_tracheal	14462620
All_dm6_minus_tracheal	14462621
All_dm6_minus_tracheal	14462622
All_dm6_minus_tracheal	14462623
All_dm6_minus_tracheal	14462624
All_dm6_minus_tracheal	14462625
All_dm6_minus_tracheal	14462626
All_dm6_minus_tracheal	14462627
All_dm6_minus_tracheal	14462628
All_dm6_minus_tracheal	14462629
All_dm6_minus_tracheal	14462630
All_dm6_minus_tracheal	14462631
All_dm6_minus_tracheal	14462632
All_dm6_minus_tracheal	14462633
All_dm6_minus_tracheal	14462634
All_dm6_minus_tracheal	14462644
All_dm6_minus_tracheal	14462645
All_dm6_minus_tracheal	14462646
All_dm6_minus_tracheal	14462647
All_dm6_minus_tracheal	14462648
All_dm6_minus_tracheal	14462649
All_dm6_minus_tracheal	14462650
All_dm6_minus_tracheal	14462651
All_dm6_minus_tracheal	14462652
All_dm6_minus_tracheal	14462653
All_dm6_minus_tracheal	14462654
All_dm6_minus_tracheal	14462655
All_dm6_minus_tracheal	14462656
All_dm6_minus_tracheal	14462657
All_dm6_minus_tracheal	14462658
All_dm6_minus_tracheal	14462659
All_dm6_minus_tracheal	14462661
All_dm6_minus_tracheal	14462662
All_dm6_minus_tracheal	14462663
All_dm6_minus_tracheal	14462664
All_dm6_minus_tracheal	14462665
All_dm6_minus_tracheal	14462666
All_dm6_minus_tracheal	14462667
All_dm6_minus_tracheal	14462668
All_dm6_minus_tracheal	14462669
All_dm6_minus_tracheal	14462670
All_dm6_minus_tracheal	14462671
All_dm6_minus_tracheal	14462672
All_dm6_minus_tracheal	14462673
All_dm6_minus_tracheal	14462674
All_dm6_minus_tracheal	14462675
All_dm6_minus_tracheal	14462676
All_dm6_minus_tracheal	14462677
All_dm6_minus_tracheal	14462678
All_dm6_minus_tracheal	14462679
All_dm6_minus_tracheal	14462680
All_dm6_minus_tracheal	14462681
All_dm6_minus_tracheal	14462682
All_dm6_minus_tracheal	14462683
All_dm6_minus_tracheal	14462684
All_dm6_minus_tracheal	14462685
All_dm6_minus_tracheal	14462686
All_dm6_minus_tracheal	14462687
All_dm6_minus_tracheal	14462688
All_dm6_minus_tracheal	14462689
All_dm6_minus_tracheal	14462690
All_dm6_minus_tracheal	14462691
All_dm6_minus_tracheal	14462692
All_dm6_minus_tracheal	14462693
All_dm6_minus_tracheal	14462694
All_dm6_minus_tracheal	14462695
All_dm6_minus_tracheal	14462696
All_dm6_minus_tracheal	14462697
All_dm6_minus_tracheal	14462698
All_dm6_minus_tracheal	14462699
All_dm6_minus_tracheal	14462700
All_dm6_minus_tracheal	14462701
All_dm6_minus_tracheal	14462702
All_dm6_minus_tracheal	14462703
All_dm6_minus_tracheal	14462704
All_dm6_minus_tracheal	14462705
All_dm6_minus_tracheal	14462706
All_dm6_minus_tracheal	14462707
All_dm6_minus_tracheal	14462708
All_dm6_minus_tracheal	14462709
All_dm6_minus_tracheal	14462710
All_dm6_minus_tracheal	14462712
All_dm6_minus_tracheal	14462713
All_dm6_minus_tracheal	14462715
All_dm6_minus_tracheal	14462716
All_dm6_minus_tracheal	14462717
All_dm6_minus_tracheal	14462718
All_dm6_minus_tracheal	14462719
All_dm6_minus_tracheal	14462720
All_dm6_minus_tracheal	14462721
All_dm6_minus_tracheal	14462722
All_dm6_minus_tracheal	14462723
All_dm6_minus_tracheal	14462724
All_dm6_minus_tracheal	14462725
All_dm6_minus_tracheal	14462726
All_dm6_minus_tracheal	14462727
All_dm6_minus_tracheal	14462728
All_dm6_minus_tracheal	14462730
All_dm6_minus_tracheal	14462731
All_dm6_minus_tracheal	14462732
All_dm6_minus_tracheal	14462733
All_dm6_minus_tracheal	14462734
All_dm6_minus_tracheal	14462735
All_dm6_minus_tracheal	14462736
All_dm6_minus_tracheal	14462737
All_dm6_minus_tracheal	14462738
All_dm6_minus_tracheal	14462739
All_dm6_minus_tracheal	14462740
All_dm6_minus_tracheal	14462741
All_dm6_minus_tracheal	14462742
All_dm6_minus_tracheal	14462743
All_dm6_minus_tracheal	14462745
All_dm6_minus_tracheal	14462746
All_dm6_minus_tracheal	14462747
All_dm6_minus_tracheal	14462748
All_dm6_minus_tracheal	14462750
All_dm6_minus_tracheal	14462751
All_dm6_minus_tracheal	14462752
All_dm6_minus_tracheal	14462753
All_dm6_minus_tracheal	14462754
All_dm6_minus_tracheal	14462755
All_dm6_minus_tracheal	14462756
All_dm6_minus_tracheal	14462757
All_dm6_minus_tracheal	14462758
All_dm6_minus_tracheal	14462759
All_dm6_minus_tracheal	14462760
All_dm6_minus_tracheal	14462761
All_dm6_minus_tracheal	14462762
All_dm6_minus_tracheal	14462763
All_dm6_minus_tracheal	14462764
All_dm6_minus_tracheal	14462765
All_dm6_minus_tracheal	14462766
All_dm6_minus_tracheal	14462767
All_dm6_minus_tracheal	14462768
All_dm6_minus_tracheal	14462769
All_dm6_minus_tracheal	14462770
All_dm6_minus_tracheal	14462771
All_dm6_minus_tracheal	14462772
All_dm6_minus_tracheal	14462773
All_dm6_minus_tracheal	14462774
All_dm6_minus_tracheal	14462775
All_dm6_minus_tracheal	14462776
All_dm6_minus_tracheal	14462777
All_dm6_minus_tracheal	14462778
All_dm6_minus_tracheal	14462779
All_dm6_minus_tracheal	14462780
All_dm6_minus_tracheal	14462781
All_dm6_minus_tracheal	14462782
All_dm6_minus_tracheal	14462783
All_dm6_minus_tracheal	14462784
All_dm6_minus_tracheal	14462785
All_dm6_minus_tracheal	14462786
All_dm6_minus_tracheal	14462787
All_dm6_minus_tracheal	14462788
All_dm6_minus_tracheal	14462789
All_dm6_minus_tracheal	14462790
All_dm6_minus_tracheal	14462791
All_dm6_minus_tracheal	14462792
All_dm6_minus_tracheal	14462793
All_dm6_minus_tracheal	14462794
All_dm6_minus_tracheal	14462795
All_dm6_minus_tracheal	14462796
All_dm6_minus_tracheal	14462797
All_dm6_minus_tracheal	14462798
All_dm6_minus_tracheal	14462799
All_dm6_minus_tracheal	14462801
All_dm6_minus_tracheal	14462802
All_dm6_minus_tracheal	14462803
All_dm6_minus_tracheal	14462804
All_dm6_minus_tracheal	14462805
All_dm6_minus_tracheal	14462806
All_dm6_minus_tracheal	14462807
All_dm6_minus_tracheal	14462808
All_dm6_minus_tracheal	14462809
All_dm6_minus_tracheal	14462810
All_dm6_minus_tracheal	14462811
All_dm6_minus_tracheal	14462812
All_dm6_minus_tracheal	14462813
All_dm6_minus_tracheal	14462814
All_dm6_minus_tracheal	14462815
All_dm6_minus_tracheal	14462816
All_dm6_minus_tracheal	14462822
All_dm6_minus_tracheal	14462823
All_dm6_minus_tracheal	14462824
All_dm6_minus_tracheal	14462825
All_dm6_minus_tracheal	14462826
All_dm6_minus_tracheal	14462827
All_dm6_minus_tracheal	14462828
All_dm6_minus_tracheal	14462829
All_dm6_minus_tracheal	14462830
All_dm6_minus_tracheal	14462831
All_dm6_minus_tracheal	14462832
All_dm6_minus_tracheal	14462833
All_dm6_minus_tracheal	14462834
All_dm6_minus_tracheal	14462837
All_dm6_minus_tracheal	14462838
All_dm6_minus_tracheal	14462839
All_dm6_minus_tracheal	14462840
All_dm6_minus_tracheal	14462841
All_dm6_minus_tracheal	14462842
All_dm6_minus_tracheal	14462843
All_dm6_minus_tracheal	14462844
All_dm6_minus_tracheal	14462845
All_dm6_minus_tracheal	14462846
All_dm6_minus_tracheal	14462847
All_dm6_minus_tracheal	14462848
All_dm6_minus_tracheal	14462849
All_dm6_minus_tracheal	14462850
All_dm6_minus_tracheal	14462851
All_dm6_minus_tracheal	14462853
All_dm6_minus_tracheal	14462854
All_dm6_minus_tracheal	14462856
All_dm6_minus_tracheal	14462857
All_dm6_minus_tracheal	14462858
All_dm6_minus_tracheal	14462860
All_dm6_minus_tracheal	14462861
All_dm6_minus_tracheal	14462862
All_dm6_minus_tracheal	14462863
All_dm6_minus_tracheal	14462864
All_dm6_minus_tracheal	14462865
All_dm6_minus_tracheal	14462866
All_dm6_minus_tracheal	14462867
All_dm6_minus_tracheal	14462868
All_dm6_minus_tracheal	14462869
All_dm6_minus_tracheal	14462872
All_dm6_minus_tracheal	14462873
All_dm6_minus_tracheal	14462874
All_dm6_minus_tracheal	14462875
All_dm6_minus_tracheal	14462876
All_dm6_minus_tracheal	14462877
All_dm6_minus_tracheal	14462878
All_dm6_minus_tracheal	14462879
All_dm6_minus_tracheal	14462880
All_dm6_minus_tracheal	14462881
All_dm6_minus_tracheal	14462883
All_dm6_minus_tracheal	14462884
All_dm6_minus_tracheal	14462885
All_dm6_minus_tracheal	14462886
All_dm6_minus_tracheal	14462887
All_dm6_minus_tracheal	14462888
All_dm6_minus_tracheal	14462890
All_dm6_minus_tracheal	14462891
All_dm6_minus_tracheal	14462892
All_dm6_minus_tracheal	14462893
All_dm6_minus_tracheal	14462894
All_dm6_minus_tracheal	14462895
All_dm6_minus_tracheal	14462896
All_dm6_minus_tracheal	14462897
All_dm6_minus_tracheal	14462898
All_dm6_minus_tracheal	14462899
All_dm6_minus_tracheal	14462900
All_dm6_minus_tracheal	14462901
All_dm6_minus_tracheal	14462903
All_dm6_minus_tracheal	14462904
All_dm6_minus_tracheal	14462905
All_dm6_minus_tracheal	14462906
All_dm6_minus_tracheal	14462907
All_dm6_minus_tracheal	14462908
All_dm6_minus_tracheal	14462909
All_dm6_minus_tracheal	14462910
All_dm6_minus_tracheal	14462911
All_dm6_minus_tracheal	14462912
All_dm6_minus_tracheal	14462913
All_dm6_minus_tracheal	14462914
All_dm6_minus_tracheal	14462915
All_dm6_minus_tracheal	14462916
All_dm6_minus_tracheal	14462917
All_dm6_minus_tracheal	14462918
All_dm6_minus_tracheal	15331688
All_dm6_minus_tracheal	15331690
All_dm6_minus_tracheal	15331693
All_dm6_minus_tracheal	15331696
All_dm6_minus_tracheal	15331697
All_dm6_minus_tracheal	15331699
All_dm6_minus_tracheal	15331701
All_dm6_minus_tracheal	15331703
All_dm6_minus_tracheal	15331704
All_dm6_minus_tracheal	15331705
All_dm6_minus_tracheal	15331706
All_dm6_minus_tracheal	19834717
All_dm6_minus_tracheal	19834718
All_dm6_minus_tracheal	19834719
All_dm6_minus_tracheal	19834720
All_dm6_minus_tracheal	19834721
All_dm6_minus_tracheal	19834722
All_dm6_minus_tracheal	19834723
All_dm6_minus_tracheal	19834724
All_dm6_minus_tracheal	19834725
All_dm6_minus_tracheal	19834726
All_dm6_minus_tracheal	19834727
All_dm6_minus_tracheal	19834728
All_dm6_minus_tracheal	19834729
All_dm6_minus_tracheal	19834730
All_dm6_minus_tracheal	19834731
All_dm6_minus_tracheal	19834732
All_dm6_minus_tracheal	19834733
All_dm6_minus_tracheal	19834734
All_dm6_minus_tracheal	19834735
All_dm6_minus_tracheal	19834736
All_dm6_minus_tracheal	19834737
All_dm6_minus_tracheal	19834738
All_dm6_minus_tracheal	19834739
All_dm6_minus_tracheal	19834740
All_dm6_minus_tracheal	19834741
All_dm6_minus_tracheal	19834742
All_dm6_minus_tracheal	19834743
All_dm6_minus_tracheal	19834744
All_dm6_minus_tracheal	19834745
All_dm6_minus_tracheal	19834746
All_dm6_minus_tracheal	19834747
All_dm6_minus_tracheal	19834748
All_dm6_minus_tracheal	19834749
All_dm6_minus_tracheal	19834750
All_dm6_minus_tracheal	19834751
All_dm6_minus_tracheal	19834752
All_dm6_minus_tracheal	19834753
All_dm6_minus_tracheal	19834754
All_dm6_minus_tracheal	19834755
All_dm6_minus_tracheal	19834756
All_dm6_minus_tracheal	19834757
All_dm6_minus_tracheal	19834758
All_dm6_minus_tracheal	19834759
All_dm6_minus_tracheal	19834760
All_dm6_minus_tracheal	19834761
All_dm6_minus_tracheal	19834762
All_dm6_minus_tracheal	19834763
All_dm6_minus_tracheal	19834764
All_dm6_minus_tracheal	19834765
All_dm6_minus_tracheal	19834766
All_dm6_minus_tracheal	19834767
All_dm6_minus_tracheal	19834768
All_dm6_minus_tracheal	19834769
All_dm6_minus_tracheal	19834770
All_dm6_minus_tracheal	19834771
All_dm6_minus_tracheal	19834772
All_dm6_minus_tracheal	19834773
All_dm6_minus_tracheal	19834774
All_dm6_minus_tracheal	19834775
All_dm6_minus_tracheal	19834776
All_dm6_minus_tracheal	19834777
All_dm6_minus_tracheal	19834778
All_dm6_minus_tracheal	19834779
All_dm6_minus_tracheal	19834780
All_dm6_minus_tracheal	19834781
All_dm6_minus_tracheal	19834782
All_dm6_minus_tracheal	19834783
All_dm6_minus_tracheal	19834784
All_dm6_minus_tracheal	19834785
All_dm6_minus_tracheal	19834787
All_dm6_minus_tracheal	19834788
All_dm6_minus_tracheal	19834789
All_dm6_minus_tracheal	19834790
All_dm6_minus_tracheal	19834791
All_dm6_minus_tracheal	19834792
All_dm6_minus_tracheal	19834793
All_dm6_minus_tracheal	19834794
All_dm6_minus_tracheal	19834795
All_dm6_minus_tracheal	19834796
All_dm6_minus_tracheal	19834797
All_dm6_minus_tracheal	19834798
All_dm6_minus_tracheal	19834799
All_dm6_minus_tracheal	19834800
All_dm6_minus_tracheal	19834801
All_dm6_minus_tracheal	19834802
All_dm6_minus_tracheal	19834803
All_dm6_minus_tracheal	19834804
All_dm6_minus_tracheal	19834805
All_dm6_minus_tracheal	19834806
All_dm6_minus_tracheal	19834807
All_dm6_minus_tracheal	19834808
All_dm6_minus_tracheal	19834809
All_dm6_minus_tracheal	19834810
All_dm6_minus_tracheal	19834811
All_dm6_minus_tracheal	19834812
All_dm6_minus_tracheal	19834813
All_dm6_minus_tracheal	19834814
All_dm6_minus_tracheal	19834815
All_dm6_minus_tracheal	19834816
All_dm6_minus_tracheal	19834817
All_dm6_minus_tracheal	19834818
All_dm6_minus_tracheal	19834819
All_dm6_minus_tracheal	19834820
All_dm6_minus_tracheal	19834821
All_dm6_minus_tracheal	19834822
All_dm6_minus_tracheal	19834823
All_dm6_minus_tracheal	19834824
All_dm6_minus_tracheal	19834825
All_dm6_minus_tracheal	19834826
All_dm6_minus_tracheal	19834827
All_dm6_minus_tracheal	19834828
All_dm6_minus_tracheal	19834829
All_dm6_minus_tracheal	19834830
All_dm6_minus_tracheal	19834831
All_dm6_minus_tracheal	19834832
All_dm6_minus_tracheal	19834833
All_dm6_minus_tracheal	19834834
All_dm6_minus_tracheal	19834835
All_dm6_minus_tracheal	19834836
All_dm6_minus_tracheal	19834837
All_dm6_minus_tracheal	19834838
All_dm6_minus_tracheal	19834839
All_dm6_minus_tracheal	19834840
All_dm6_minus_tracheal	19834841
All_dm6_minus_tracheal	19834842
All_dm6_minus_tracheal	19834844
All_dm6_minus_tracheal	19834845
All_dm6_minus_tracheal	19834846
All_dm6_minus_tracheal	19834847
All_dm6_minus_tracheal	19834848
All_dm6_minus_tracheal	19834849
All_dm6_minus_tracheal	19834850
All_dm6_minus_tracheal	19834851
All_dm6_minus_tracheal	19834852
All_dm6_minus_tracheal	19834853
All_dm6_minus_tracheal	19834854
All_dm6_minus_tracheal	19834855
All_dm6_minus_tracheal	19834856
All_dm6_minus_tracheal	19834857
All_dm6_minus_tracheal	19834858
All_dm6_minus_tracheal	19834859
All_dm6_minus_tracheal	19834860
All_dm6_minus_tracheal	19834861
All_dm6_minus_tracheal	19834862
All_dm6_minus_tracheal	19834863
All_dm6_minus_tracheal	19834864
All_dm6_minus_tracheal	19834865
All_dm6_minus_tracheal	19834866
All_dm6_minus_tracheal	19834867
All_dm6_minus_tracheal	19834868
All_dm6_minus_tracheal	19834869
All_dm6_minus_tracheal	19834870
All_dm6_minus_tracheal	19834871
All_dm6_minus_tracheal	19834872
All_dm6_minus_tracheal	19834873
All_dm6_minus_tracheal	19834874
All_dm6_minus_tracheal	19834875
All_dm6_minus_tracheal	19834876
All_dm6_minus_tracheal	19834878
All_dm6_minus_tracheal	19834879
All_dm6_minus_tracheal	19834880
All_dm6_minus_tracheal	19834881
All_dm6_minus_tracheal	19834882
All_dm6_minus_tracheal	19834883
All_dm6_minus_tracheal	19834884
All_dm6_minus_tracheal	19834885
All_dm6_minus_tracheal	19834886
All_dm6_minus_tracheal	19834887
All_dm6_minus_tracheal	19834888
All_dm6_minus_tracheal	19834889
All_dm6_minus_tracheal	19834890
All_dm6_minus_tracheal	19834891
All_dm6_minus_tracheal	19834892
All_dm6_minus_tracheal	19834893
All_dm6_minus_tracheal	19834894
All_dm6_minus_tracheal	19834895
All_dm6_minus_tracheal	19834896
All_dm6_minus_tracheal	19834897
All_dm6_minus_tracheal	19834898
All_dm6_minus_tracheal	19834899
All_dm6_minus_tracheal	19834900
All_dm6_minus_tracheal	19834901
All_dm6_minus_tracheal	19834902
All_dm6_minus_tracheal	19834903
All_dm6_minus_tracheal	19834904
All_dm6_minus_tracheal	19834905
All_dm6_minus_tracheal	19834906
All_dm6_minus_tracheal	19834907
All_dm6_minus_tracheal	19834908
All_dm6_minus_tracheal	19834909
All_dm6_minus_tracheal	19834910
All_dm6_minus_tracheal	19834911
All_dm6_minus_tracheal	19834912
All_dm6_minus_tracheal	19834913
All_dm6_minus_tracheal	19834914
All_dm6_minus_tracheal	19834915
All_dm6_minus_tracheal	19834916
All_dm6_minus_tracheal	19834917
All_dm6_minus_tracheal	19834918
All_dm6_minus_tracheal	19834919
All_dm6_minus_tracheal	19834920
All_dm6_minus_tracheal	19834921
All_dm6_minus_tracheal	19834922
All_dm6_minus_tracheal	19834923
All_dm6_minus_tracheal	19834924
All_dm6_minus_tracheal	19834925
All_dm6_minus_tracheal	19834927
All_dm6_minus_tracheal	19834928
All_dm6_minus_tracheal	19834929
All_dm6_minus_tracheal	19834930
All_dm6_minus_tracheal	19834931
All_dm6_minus_tracheal	19834932
All_dm6_minus_tracheal	19834933
All_dm6_minus_tracheal	19834934
All_dm6_minus_tracheal	19834935
All_dm6_minus_tracheal	19834936
All_dm6_minus_tracheal	19834938
All_dm6_minus_tracheal	19834939
All_dm6_minus_tracheal	19834940
All_dm6_minus_tracheal	19834941
All_dm6_minus_tracheal	19834942
All_dm6_minus_tracheal	19834943
All_dm6_minus_tracheal	19834944
All_dm6_minus_tracheal	19834945
All_dm6_minus_tracheal	19834946
All_dm6_minus_tracheal	19834947
All_dm6_minus_tracheal	19834948
All_dm6_minus_tracheal	19834949
All_dm6_minus_tracheal	19834950
All_dm6_minus_tracheal	19834951
All_dm6_minus_tracheal	19834952
All_dm6_minus_tracheal	19834953
All_dm6_minus_tracheal	19834954
All_dm6_minus_tracheal	19834955
All_dm6_minus_tracheal	19834956
All_dm6_minus_tracheal	19834957
All_dm6_minus_tracheal	19834958
All_dm6_minus_tracheal	19834959
All_dm6_minus_tracheal	19834960
All_dm6_minus_tracheal	19834961
All_dm6_minus_tracheal	19834962
All_dm6_minus_tracheal	19834963
All_dm6_minus_tracheal	19834964
All_dm6_minus_tracheal	19834965
All_dm6_minus_tracheal	19834966
All_dm6_minus_tracheal	19834967
All_dm6_minus_tracheal	19834968
All_dm6_minus_tracheal	19834969
All_dm6_minus_tracheal	19834970
All_dm6_minus_tracheal	19834971
All_dm6_minus_tracheal	19834972
All_dm6_minus_tracheal	19834973
All_dm6_minus_tracheal	19834974
All_dm6_minus_tracheal	19834975
All_dm6_minus_tracheal	19834976
All_dm6_minus_tracheal	19834977
All_dm6_minus_tracheal	19834978
All_dm6_minus_tracheal	19834979
All_dm6_minus_tracheal	19834980
All_dm6_minus_tracheal	19834981
All_dm6_minus_tracheal	19834982
All_dm6_minus_tracheal	19834983
All_dm6_minus_tracheal	19834984
All_dm6_minus_tracheal	19834985
All_dm6_minus_tracheal	19834986
All_dm6_minus_tracheal	19834987
All_dm6_minus_tracheal	19834988
All_dm6_minus_tracheal	19834989
All_dm6_minus_tracheal	19834990
All_dm6_minus_tracheal	19834991
All_dm6_minus_tracheal	19834992
All_dm6_minus_tracheal	19834993
All_dm6_minus_tracheal	19834994
All_dm6_minus_tracheal	19834995
All_dm6_minus_tracheal	19834996
All_dm6_minus_tracheal	19834997
All_dm6_minus_tracheal	19834998
All_dm6_minus_tracheal	19834999
All_dm6_minus_tracheal	19835000
All_dm6_minus_tracheal	19835001
All_dm6_minus_tracheal	19835002
All_dm6_minus_tracheal	19835003
All_dm6_minus_tracheal	19835004
All_dm6_minus_tracheal	19835005
All_dm6_minus_tracheal	19835006
All_dm6_minus_tracheal	19835007
All_dm6_minus_tracheal	19835008
All_dm6_minus_tracheal	19835009
All_dm6_minus_tracheal	19835010
All_dm6_minus_tracheal	19835012
All_dm6_minus_tracheal	19835013
All_dm6_minus_tracheal	19835014
All_dm6_minus_tracheal	19835015
All_dm6_minus_tracheal	19835016
All_dm6_minus_tracheal	19835017
All_dm6_minus_tracheal	19835018
All_dm6_minus_tracheal	19835019
All_dm6_minus_tracheal	19835020
All_dm6_minus_tracheal	19835021
All_dm6_minus_tracheal	19835022
All_dm6_minus_tracheal	19835023
All_dm6_minus_tracheal	19835024
All_dm6_minus_tracheal	19835025
All_dm6_minus_tracheal	19835026
All_dm6_minus_tracheal	19835027
All_dm6_minus_tracheal	19835028
All_dm6_minus_tracheal	19835029
All_dm6_minus_tracheal	19835030
All_dm6_minus_tracheal	19835031
All_dm6_minus_tracheal	19835032
All_dm6_minus_tracheal	19835033
All_dm6_minus_tracheal	19835034
All_dm6_minus_tracheal	19835035
All_dm6_minus_tracheal	19835036
All_dm6_minus_tracheal	19835037
All_dm6_minus_tracheal	19835038
All_dm6_minus_tracheal	19835039
All_dm6_minus_tracheal	19835040
All_dm6_minus_tracheal	19835041
All_dm6_minus_tracheal	19835042
All_dm6_minus_tracheal	19835043
All_dm6_minus_tracheal	19835044
All_dm6_minus_tracheal	19835045
All_dm6_minus_tracheal	19835046
All_dm6_minus_tracheal	19835047
All_dm6_minus_tracheal	19835048
All_dm6_minus_tracheal	19835049
All_dm6_minus_tracheal	19835050
All_dm6_minus_tracheal	19835051
All_dm6_minus_tracheal	19835052
All_dm6_minus_tracheal	19835053
All_dm6_minus_tracheal	19835054
All_dm6_minus_tracheal	19835055
All_dm6_minus_tracheal	19835056
All_dm6_minus_tracheal	19835057
All_dm6_minus_tracheal	19835058
All_dm6_minus_tracheal	19835059
All_dm6_minus_tracheal	19835060
All_dm6_minus_tracheal	19835061
All_dm6_minus_tracheal	19835062
All_dm6_minus_tracheal	19835063
All_dm6_minus_tracheal	19835064
All_dm6_minus_tracheal	19835065
All_dm6_minus_tracheal	19835066
All_dm6_minus_tracheal	19835067
All_dm6_minus_tracheal	19835068
All_dm6_minus_tracheal	19835069
All_dm6_minus_tracheal	19835070
All_dm6_minus_tracheal	19835071
All_dm6_minus_tracheal	19835072
All_dm6_minus_tracheal	19835073
All_dm6_minus_tracheal	19835074
All_dm6_minus_tracheal	19835075
All_dm6_minus_tracheal	19835076
All_dm6_minus_tracheal	19835077
All_dm6_minus_tracheal	19835078
All_dm6_minus_tracheal	19835079
All_dm6_minus_tracheal	19835080
All_dm6_minus_tracheal	19835081
All_dm6_minus_tracheal	19835082
All_dm6_minus_tracheal	19835083
All_dm6_minus_tracheal	19835084
All_dm6_minus_tracheal	19835085
All_dm6_minus_tracheal	19835086
All_dm6_minus_tracheal	19835087
All_dm6_minus_tracheal	19835088
All_dm6_minus_tracheal	19835089
All_dm6_minus_tracheal	19835090
All_dm6_minus_tracheal	19835091
All_dm6_minus_tracheal	19835092
All_dm6_minus_tracheal	19835093
All_dm6_minus_tracheal	19835094
All_dm6_minus_tracheal	19835095
All_dm6_minus_tracheal	19835096
All_dm6_minus_tracheal	19835097
All_dm6_minus_tracheal	19835098
All_dm6_minus_tracheal	19835099
All_dm6_minus_tracheal	19835100
All_dm6_minus_tracheal	19835101
All_dm6_minus_tracheal	19835102
All_dm6_minus_tracheal	19835103
All_dm6_minus_tracheal	19835104
All_dm6_minus_tracheal	19835105
All_dm6_minus_tracheal	19835106
All_dm6_minus_tracheal	19835107
All_dm6_minus_tracheal	19835108
All_dm6_minus_tracheal	19835109
All_dm6_minus_tracheal	19835110
All_dm6_minus_tracheal	19835111
All_dm6_minus_tracheal	19835112
All_dm6_minus_tracheal	19835113
All_dm6_minus_tracheal	19835114
All_dm6_minus_tracheal	19835115
All_dm6_minus_tracheal	19835116
All_dm6_minus_tracheal	19835117
All_dm6_minus_tracheal	19835118
All_dm6_minus_tracheal	19835119
All_dm6_minus_tracheal	19835120
All_dm6_minus_tracheal	19835121
All_dm6_minus_tracheal	19835122
All_dm6_minus_tracheal	19835123
All_dm6_minus_tracheal	19835124
All_dm6_minus_tracheal	19835125
All_dm6_minus_tracheal	19835126
All_dm6_minus_tracheal	19835127
All_dm6_minus_tracheal	19835128
All_dm6_minus_tracheal	19835129
All_dm6_minus_tracheal	19835130
All_dm6_minus_tracheal	19835131
All_dm6_minus_tracheal	19835132
All_dm6_minus_tracheal	19835133
All_dm6_minus_tracheal	19835134
All_dm6_minus_tracheal	19835135
All_dm6_minus_tracheal	19835136
All_dm6_minus_tracheal	19835137
All_dm6_minus_tracheal	19835138
All_dm6_minus_tracheal	19835139
All_dm6_minus_tracheal	19835140
All_dm6_minus_tracheal	19835141
All_dm6_minus_tracheal	19835142
All_dm6_minus_tracheal	19835143
All_dm6_minus_tracheal	19835144
All_dm6_minus_tracheal	19835145
All_dm6_minus_tracheal	19835146
All_dm6_minus_tracheal	19835147
All_dm6_minus_tracheal	19835148
All_dm6_minus_tracheal	19835149
All_dm6_minus_tracheal	19835150
All_dm6_minus_tracheal	19835151
All_dm6_minus_tracheal	19835152
All_dm6_minus_tracheal	19835153
All_dm6_minus_tracheal	19835154
All_dm6_minus_tracheal	19835155
All_dm6_minus_tracheal	19835156
All_dm6_minus_tracheal	19835157
All_dm6_minus_tracheal	19835158
All_dm6_minus_tracheal	19835159
All_dm6_minus_tracheal	19835160
All_dm6_minus_tracheal	19835161
All_dm6_minus_tracheal	19835162
All_dm6_minus_tracheal	19835163
All_dm6_minus_tracheal	19835164
All_dm6_minus_tracheal	19835165
All_dm6_minus_tracheal	19835166
All_dm6_minus_tracheal	19835167
All_dm6_minus_tracheal	19835168
All_dm6_minus_tracheal	19835169
All_dm6_minus_tracheal	19835170
All_dm6_minus_tracheal	19835171
All_dm6_minus_tracheal	19835172
All_dm6_minus_tracheal	19835173
All_dm6_minus_tracheal	19835174
All_dm6_minus_tracheal	19835175
All_dm6_minus_tracheal	19835176
All_dm6_minus_tracheal	19835177
All_dm6_minus_tracheal	19835178
All_dm6_minus_tracheal	19835179
All_dm6_minus_tracheal	19835180
All_dm6_minus_tracheal	19835181
All_dm6_minus_tracheal	19835182
All_dm6_minus_tracheal	19835183
All_dm6_minus_tracheal	19835184
All_dm6_minus_tracheal	19835185
All_dm6_minus_tracheal	19835186
All_dm6_minus_tracheal	19835187
All_dm6_minus_tracheal	19835188
All_dm6_minus_tracheal	19835189
All_dm6_minus_tracheal	19835190
All_dm6_minus_tracheal	19835191
All_dm6_minus_tracheal	19835192
All_dm6_minus_tracheal	19835193
All_dm6_minus_tracheal	19835194
All_dm6_minus_tracheal	19835195
All_dm6_minus_tracheal	19835196
All_dm6_minus_tracheal	19835197
All_dm6_minus_tracheal	19835198
All_dm6_minus_tracheal	19835199
All_dm6_minus_tracheal	19835200
All_dm6_minus_tracheal	19835201
All_dm6_minus_tracheal	19835202
All_dm6_minus_tracheal	19835203
All_dm6_minus_tracheal	19835204
All_dm6_minus_tracheal	19835205
All_dm6_minus_tracheal	19835206
All_dm6_minus_tracheal	19835207
All_dm6_minus_tracheal	19835208
All_dm6_minus_tracheal	19835209
All_dm6_minus_tracheal	19835210
All_dm6_minus_tracheal	19835211
All_dm6_minus_tracheal	19835212
All_dm6_minus_tracheal	19835213
All_dm6_minus_tracheal	19835214
All_dm6_minus_tracheal	19835215
All_dm6_minus_tracheal	19835216
All_dm6_minus_tracheal	19835217
All_dm6_minus_tracheal	19835218
All_dm6_minus_tracheal	19835219
All_dm6_minus_tracheal	19835220
All_dm6_minus_tracheal	19835221
All_dm6_minus_tracheal	19835222
All_dm6_minus_tracheal	19835223
All_dm6_minus_tracheal	19835224
All_dm6_minus_tracheal	19835225
All_dm6_minus_tracheal	19835226
All_dm6_minus_tracheal	19835227
All_dm6_minus_tracheal	19835228
All_dm6_minus_tracheal	19835229
All_dm6_minus_tracheal	19835230
All_dm6_minus_tracheal	19835231
All_dm6_minus_tracheal	19835232
All_dm6_minus_tracheal	19835233
All_dm6_minus_tracheal	19835234
All_dm6_minus_tracheal	19835235
All_dm6_minus_tracheal	19835236
All_dm6_minus_tracheal	19835237
All_dm6_minus_tracheal	19835238
All_dm6_minus_tracheal	19835239
All_dm6_minus_tracheal	19835240
All_dm6_minus_tracheal	19835241
All_dm6_minus_tracheal	19835242
All_dm6_minus_tracheal	19835243
All_dm6_minus_tracheal	19835244
All_dm6_minus_tracheal	19835245
All_dm6_minus_tracheal	19835246
All_dm6_minus_tracheal	19835247
All_dm6_minus_tracheal	19835248
All_dm6_minus_tracheal	19835249
All_dm6_minus_tracheal	19835250
All_dm6_minus_tracheal	19835251
All_dm6_minus_tracheal	19835252
All_dm6_minus_tracheal	19835253
All_dm6_minus_tracheal	19835254
All_dm6_minus_tracheal	19835255
All_dm6_minus_tracheal	19835256
All_dm6_minus_tracheal	19835257
All_dm6_minus_tracheal	19835258
All_dm6_minus_tracheal	19835259
All_dm6_minus_tracheal	19835260
All_dm6_minus_tracheal	19835261
All_dm6_minus_tracheal	19835262
All_dm6_minus_tracheal	19835263
All_dm6_minus_tracheal	19835264
All_dm6_minus_tracheal	19835265
All_dm6_minus_tracheal	19835266
All_dm6_minus_tracheal	19835267
All_dm6_minus_tracheal	19835268
All_dm6_minus_tracheal	19835269
All_dm6_minus_tracheal	19835270
All_dm6_minus_tracheal	19835271
All_dm6_minus_tracheal	19835272
All_dm6_minus_tracheal	19835273
All_dm6_minus_tracheal	19835274
All_dm6_minus_tracheal	19835275
All_dm6_minus_tracheal	19835276
All_dm6_minus_tracheal	19835277
All_dm6_minus_tracheal	19835278
All_dm6_minus_tracheal	19835279
All_dm6_minus_tracheal	19835280
All_dm6_minus_tracheal	19835281
All_dm6_minus_tracheal	19835282
All_dm6_minus_tracheal	19835283
All_dm6_minus_tracheal	19835284
All_dm6_minus_tracheal	19835285
All_dm6_minus_tracheal	19835286
All_dm6_minus_tracheal	19835287
All_dm6_minus_tracheal	19835288
All_dm6_minus_tracheal	19835289
All_dm6_minus_tracheal	19835290
All_dm6_minus_tracheal	19835291
All_dm6_minus_tracheal	19835292
All_dm6_minus_tracheal	19835294
All_dm6_minus_tracheal	19835295
All_dm6_minus_tracheal	19835296
All_dm6_minus_tracheal	19835297
All_dm6_minus_tracheal	19835299
All_dm6_minus_tracheal	19835300
All_dm6_minus_tracheal	19835301
All_dm6_minus_tracheal	19835302
All_dm6_minus_tracheal	19835303
All_dm6_minus_tracheal	19835304
All_dm6_minus_tracheal	19835305
All_dm6_minus_tracheal	19835306
All_dm6_minus_tracheal	19835307
All_dm6_minus_tracheal	19835308
All_dm6_minus_tracheal	19835309
All_dm6_minus_tracheal	19835310
All_dm6_minus_tracheal	19835311
All_dm6_minus_tracheal	19835312
All_dm6_minus_tracheal	19835313
All_dm6_minus_tracheal	19835314
All_dm6_minus_tracheal	19835315
All_dm6_minus_tracheal	19835316
All_dm6_minus_tracheal	19835317
All_dm6_minus_tracheal	19835318
All_dm6_minus_tracheal	19835319
All_dm6_minus_tracheal	19835320
All_dm6_minus_tracheal	19835321
All_dm6_minus_tracheal	19835322
All_dm6_minus_tracheal	19835323
All_dm6_minus_tracheal	19835324
All_dm6_minus_tracheal	19835325
All_dm6_minus_tracheal	19835326
All_dm6_minus_tracheal	19835327
All_dm6_minus_tracheal	19835328
All_dm6_minus_tracheal	19835329
All_dm6_minus_tracheal	19835330
All_dm6_minus_tracheal	19835331
All_dm6_minus_tracheal	19835332
All_dm6_minus_tracheal	19835333
All_dm6_minus_tracheal	19835334
All_dm6_minus_tracheal	19835335
All_dm6_minus_tracheal	19835336
All_dm6_minus_tracheal	19835337
All_dm6_minus_tracheal	19835338
All_dm6_minus_tracheal	19835339
All_dm6_minus_tracheal	19835340
All_dm6_minus_tracheal	19835341
All_dm6_minus_tracheal	19835342
All_dm6_minus_tracheal	19835343
All_dm6_minus_tracheal	19835344
All_dm6_minus_tracheal	19835345
All_dm6_minus_tracheal	19835346
All_dm6_minus_tracheal	19835347
All_dm6_minus_tracheal	19835348
All_dm6_minus_tracheal	19835349
All_dm6_minus_tracheal	19835350
All_dm6_minus_tracheal	19835351
All_dm6_minus_tracheal	19835352
All_dm6_minus_tracheal	19835353
All_dm6_minus_tracheal	19835354
All_dm6_minus_tracheal	19835355
All_dm6_minus_tracheal	19835356
All_dm6_minus_tracheal	19835357
All_dm6_minus_tracheal	19835358
All_dm6_minus_tracheal	19835359
All_dm6_minus_tracheal	19835360
All_dm6_minus_tracheal	19835361
All_dm6_minus_tracheal	19835362
All_dm6_minus_tracheal	19835363
All_dm6_minus_tracheal	19835364
All_dm6_minus_tracheal	19835365
All_dm6_minus_tracheal	19835366
All_dm6_minus_tracheal	19835367
All_dm6_minus_tracheal	19835368
All_dm6_minus_tracheal	19835369
All_dm6_minus_tracheal	19835370
All_dm6_minus_tracheal	19835371
All_dm6_minus_tracheal	19835372
All_dm6_minus_tracheal	19835373
All_dm6_minus_tracheal	19835374
All_dm6_minus_tracheal	19835375
All_dm6_minus_tracheal	19835376
All_dm6_minus_tracheal	19835377
All_dm6_minus_tracheal	19835378
All_dm6_minus_tracheal	19835379
All_dm6_minus_tracheal	19835380
All_dm6_minus_tracheal	19835381
All_dm6_minus_tracheal	19835382
All_dm6_minus_tracheal	19835383
All_dm6_minus_tracheal	19835384
All_dm6_minus_tracheal	19835385
All_dm6_minus_tracheal	19835386
All_dm6_minus_tracheal	19835387
All_dm6_minus_tracheal	19835388
All_dm6_minus_tracheal	19835389
All_dm6_minus_tracheal	19835390
All_dm6_minus_tracheal	19835391
All_dm6_minus_tracheal	19835392
All_dm6_minus_tracheal	19835393
All_dm6_minus_tracheal	19835394
All_dm6_minus_tracheal	19835395
All_dm6_minus_tracheal	19835396
All_dm6_minus_tracheal	19835397
All_dm6_minus_tracheal	19835398
All_dm6_minus_tracheal	19835399
All_dm6_minus_tracheal	19835400
All_dm6_minus_tracheal	19835401
All_dm6_minus_tracheal	19835402
All_dm6_minus_tracheal	19835403
All_dm6_minus_tracheal	19835404
All_dm6_minus_tracheal	19835405
All_dm6_minus_tracheal	19835406
All_dm6_minus_tracheal	19835407
All_dm6_minus_tracheal	19835408
All_dm6_minus_tracheal	19835409
All_dm6_minus_tracheal	19835410
All_dm6_minus_tracheal	19835411
All_dm6_minus_tracheal	19835412
All_dm6_minus_tracheal	19835413
All_dm6_minus_tracheal	19835414
All_dm6_minus_tracheal	19835415
All_dm6_minus_tracheal	19835416
All_dm6_minus_tracheal	19835417
All_dm6_minus_tracheal	19835418
All_dm6_minus_tracheal	19835419
All_dm6_minus_tracheal	19835420
All_dm6_minus_tracheal	19835421
All_dm6_minus_tracheal	19835422
All_dm6_minus_tracheal	19835423
All_dm6_minus_tracheal	19835424
All_dm6_minus_tracheal	19835425
All_dm6_minus_tracheal	19835426
All_dm6_minus_tracheal	19835427
All_dm6_minus_tracheal	19835428
All_dm6_minus_tracheal	19835429
All_dm6_minus_tracheal	19835430
All_dm6_minus_tracheal	19835431
All_dm6_minus_tracheal	19835432
All_dm6_minus_tracheal	19835433
All_dm6_minus_tracheal	19835434
All_dm6_minus_tracheal	19835435
All_dm6_minus_tracheal	19835436
All_dm6_minus_tracheal	19835437
All_dm6_minus_tracheal	19835438
All_dm6_minus_tracheal	19835439
All_dm6_minus_tracheal	19835440
All_dm6_minus_tracheal	19835441
All_dm6_minus_tracheal	19835442
All_dm6_minus_tracheal	19835443
All_dm6_minus_tracheal	19835444
All_dm6_minus_tracheal	19835445
All_dm6_minus_tracheal	19835446
All_dm6_minus_tracheal	19835447
All_dm6_minus_tracheal	19835448
All_dm6_minus_tracheal	19835449
All_dm6_minus_tracheal	19835450
All_dm6_minus_tracheal	19835451
All_dm6_minus_tracheal	19835452
All_dm6_minus_tracheal	19835453
All_dm6_minus_tracheal	19835454
All_dm6_minus_tracheal	19835455
All_dm6_minus_tracheal	19835456
All_dm6_minus_tracheal	19835457
All_dm6_minus_tracheal	19835458
All_dm6_minus_tracheal	19835459
All_dm6_minus_tracheal	19835460
All_dm6_minus_tracheal	19835461
All_dm6_minus_tracheal	19835462
All_dm6_minus_tracheal	19835463
All_dm6_minus_tracheal	19835464
All_dm6_minus_tracheal	19835465
All_dm6_minus_tracheal	19835466
All_dm6_minus_tracheal	19835467
All_dm6_minus_tracheal	19835468
All_dm6_minus_tracheal	19835469
All_dm6_minus_tracheal	19835470
All_dm6_minus_tracheal	19835471
All_dm6_minus_tracheal	19835472
All_dm6_minus_tracheal	19835473
All_dm6_minus_tracheal	19835474
All_dm6_minus_tracheal	19835475
All_dm6_minus_tracheal	19835476
All_dm6_minus_tracheal	19835477
All_dm6_minus_tracheal	19835478
All_dm6_minus_tracheal	19835479
All_dm6_minus_tracheal	19835480
All_dm6_minus_tracheal	19835481
All_dm6_minus_tracheal	19835482
All_dm6_minus_tracheal	19835483
All_dm6_minus_tracheal	19835484
All_dm6_minus_tracheal	19835485
All_dm6_minus_tracheal	19835486
All_dm6_minus_tracheal	19835487
All_dm6_minus_tracheal	19835488
All_dm6_minus_tracheal	19835489
All_dm6_minus_tracheal	19835490
All_dm6_minus_tracheal	19835491
All_dm6_minus_tracheal	19835492
All_dm6_minus_tracheal	19835493
All_dm6_minus_tracheal	19835494
All_dm6_minus_tracheal	19835495
All_dm6_minus_tracheal	19835496
All_dm6_minus_tracheal	19835497
All_dm6_minus_tracheal	19835498
All_dm6_minus_tracheal	19835499
All_dm6_minus_tracheal	19835500
All_dm6_minus_tracheal	19835501
All_dm6_minus_tracheal	19835502
All_dm6_minus_tracheal	19835503
All_dm6_minus_tracheal	19835505
All_dm6_minus_tracheal	19835506
All_dm6_minus_tracheal	19835507
All_dm6_minus_tracheal	19835508
All_dm6_minus_tracheal	19835509
All_dm6_minus_tracheal	19835510
All_dm6_minus_tracheal	19835511
All_dm6_minus_tracheal	19835512
All_dm6_minus_tracheal	19835513
All_dm6_minus_tracheal	19835514
All_dm6_minus_tracheal	19835515
All_dm6_minus_tracheal	19835516
All_dm6_minus_tracheal	19835517
All_dm6_minus_tracheal	19835518
All_dm6_minus_tracheal	19835519
All_dm6_minus_tracheal	19835520
All_dm6_minus_tracheal	19835521
All_dm6_minus_tracheal	19835522
All_dm6_minus_tracheal	19835523
All_dm6_minus_tracheal	19835524
All_dm6_minus_tracheal	19835525
All_dm6_minus_tracheal	19835526
All_dm6_minus_tracheal	19835527
All_dm6_minus_tracheal	19835528
All_dm6_minus_tracheal	19835529
All_dm6_minus_tracheal	19835530
All_dm6_minus_tracheal	19835531
All_dm6_minus_tracheal	19835532
All_dm6_minus_tracheal	19835533
All_dm6_minus_tracheal	19835534
All_dm6_minus_tracheal	19835535
All_dm6_minus_tracheal	19835536
All_dm6_minus_tracheal	19835537
All_dm6_minus_tracheal	19835538
All_dm6_minus_tracheal	19835539
All_dm6_minus_tracheal	19835540
All_dm6_minus_tracheal	19835541
All_dm6_minus_tracheal	19835542
All_dm6_minus_tracheal	19835543
All_dm6_minus_tracheal	19835544
All_dm6_minus_tracheal	19835545
All_dm6_minus_tracheal	19835546
All_dm6_minus_tracheal	19835547
All_dm6_minus_tracheal	19835548
All_dm6_minus_tracheal	19835549
All_dm6_minus_tracheal	19835550
All_dm6_minus_tracheal	19835551
All_dm6_minus_tracheal	19835552
All_dm6_minus_tracheal	19835553
All_dm6_minus_tracheal	19835554
All_dm6_minus_tracheal	19835555
All_dm6_minus_tracheal	19835556
All_dm6_minus_tracheal	19835557
All_dm6_minus_tracheal	19835558
All_dm6_minus_tracheal	19835559
All_dm6_minus_tracheal	19835560
All_dm6_minus_tracheal	19835561
All_dm6_minus_tracheal	19835562
All_dm6_minus_tracheal	19835563
All_dm6_minus_tracheal	19835564
All_dm6_minus_tracheal	19835565
All_dm6_minus_tracheal	19835566
All_dm6_minus_tracheal	19835567
All_dm6_minus_tracheal	19835568
All_dm6_minus_tracheal	19835569
All_dm6_minus_tracheal	19835570
All_dm6_minus_tracheal	19835571
All_dm6_minus_tracheal	19835572
All_dm6_minus_tracheal	19835573
All_dm6_minus_tracheal	19835574
All_dm6_minus_tracheal	19835575
All_dm6_minus_tracheal	19835576
All_dm6_minus_tracheal	19835577
All_dm6_minus_tracheal	19835578
All_dm6_minus_tracheal	19835579
All_dm6_minus_tracheal	19835580
All_dm6_minus_tracheal	19835581
All_dm6_minus_tracheal	19835582
All_dm6_minus_tracheal	19835583
All_dm6_minus_tracheal	19835584
All_dm6_minus_tracheal	19835585
All_dm6_minus_tracheal	19835586
All_dm6_minus_tracheal	19835587
All_dm6_minus_tracheal	19835588
All_dm6_minus_tracheal	19835589
All_dm6_minus_tracheal	19835590
All_dm6_minus_tracheal	19835591
All_dm6_minus_tracheal	19835592
All_dm6_minus_tracheal	19835593
All_dm6_minus_tracheal	19835594
All_dm6_minus_tracheal	19835595
All_dm6_minus_tracheal	19835596
All_dm6_minus_tracheal	19835597
All_dm6_minus_tracheal	19835598
All_dm6_minus_tracheal	19835599
All_dm6_minus_tracheal	19835600
All_dm6_minus_tracheal	19835601
All_dm6_minus_tracheal	19835602
All_dm6_minus_tracheal	19835603
All_dm6_minus_tracheal	19835604
All_dm6_minus_tracheal	19835605
All_dm6_minus_tracheal	19835606
All_dm6_minus_tracheal	19835607
All_dm6_minus_tracheal	19835608
All_dm6_minus_tracheal	19835609
All_dm6_minus_tracheal	19835610
All_dm6_minus_tracheal	19835611
All_dm6_minus_tracheal	19835612
All_dm6_minus_tracheal	19835613
All_dm6_minus_tracheal	19835614
All_dm6_minus_tracheal	19835615
All_dm6_minus_tracheal	19835616
All_dm6_minus_tracheal	19835617
All_dm6_minus_tracheal	19835618
All_dm6_minus_tracheal	19835619
All_dm6_minus_tracheal	19835620
All_dm6_minus_tracheal	19835621
All_dm6_minus_tracheal	19835622
All_dm6_minus_tracheal	19835623
All_dm6_minus_tracheal	19835624
All_dm6_minus_tracheal	19835625
All_dm6_minus_tracheal	19835626
All_dm6_minus_tracheal	19835627
All_dm6_minus_tracheal	19835628
All_dm6_minus_tracheal	19835629
All_dm6_minus_tracheal	19835630
All_dm6_minus_tracheal	19835631
All_dm6_minus_tracheal	19835632
All_dm6_minus_tracheal	19835633
All_dm6_minus_tracheal	19835634
All_dm6_minus_tracheal	19835635
All_dm6_minus_tracheal	19835636
All_dm6_minus_tracheal	19835637
All_dm6_minus_tracheal	19835638
All_dm6_minus_tracheal	19835639
All_dm6_minus_tracheal	19835640
All_dm6_minus_tracheal	19835641
All_dm6_minus_tracheal	19835642
All_dm6_minus_tracheal	19835643
All_dm6_minus_tracheal	19835644
All_dm6_minus_tracheal	19835645
All_dm6_minus_tracheal	19835646
All_dm6_minus_tracheal	19835647
All_dm6_minus_tracheal	19835648
All_dm6_minus_tracheal	19835649
All_dm6_minus_tracheal	19835650
All_dm6_minus_tracheal	19835651
All_dm6_minus_tracheal	19835652
All_dm6_minus_tracheal	19835653
All_dm6_minus_tracheal	19835654
All_dm6_minus_tracheal	19835655
All_dm6_minus_tracheal	19835656
All_dm6_minus_tracheal	19835657
All_dm6_minus_tracheal	19835658
All_dm6_minus_tracheal	19835659
All_dm6_minus_tracheal	19835660
All_dm6_minus_tracheal	19835661
All_dm6_minus_tracheal	19835662
All_dm6_minus_tracheal	19835663
All_dm6_minus_tracheal	19835664
All_dm6_minus_tracheal	19835665
All_dm6_minus_tracheal	19835666
All_dm6_minus_tracheal	19835667
All_dm6_minus_tracheal	19835668
All_dm6_minus_tracheal	19835669
All_dm6_minus_tracheal	19835670
All_dm6_minus_tracheal	19835671
All_dm6_minus_tracheal	19835672
All_dm6_minus_tracheal	19835673
All_dm6_minus_tracheal	19835674
All_dm6_minus_tracheal	19835675
All_dm6_minus_tracheal	19835676
All_dm6_minus_tracheal	19835677
All_dm6_minus_tracheal	19835678
All_dm6_minus_tracheal	19835679
All_dm6_minus_tracheal	19835680
All_dm6_minus_tracheal	19835681
All_dm6_minus_tracheal	19835682
All_dm6_minus_tracheal	19835683
All_dm6_minus_tracheal	19835684
All_dm6_minus_tracheal	19835685
All_dm6_minus_tracheal	19835686
All_dm6_minus_tracheal	19835687
All_dm6_minus_tracheal	19835688
All_dm6_minus_tracheal	19835689
All_dm6_minus_tracheal	19835690
All_dm6_minus_tracheal	19835691
All_dm6_minus_tracheal	19835692
All_dm6_minus_tracheal	19835693
All_dm6_minus_tracheal	19835694
All_dm6_minus_tracheal	19835695
All_dm6_minus_tracheal	19835696
All_dm6_minus_tracheal	19835697
All_dm6_minus_tracheal	19835698
All_dm6_minus_tracheal	19835699
All_dm6_minus_tracheal	19835700
All_dm6_minus_tracheal	19835701
All_dm6_minus_tracheal	19835702
All_dm6_minus_tracheal	19835703
All_dm6_minus_tracheal	19835704
All_dm6_minus_tracheal	19835705
All_dm6_minus_tracheal	19835706
All_dm6_minus_tracheal	19835707
All_dm6_minus_tracheal	19835708
All_dm6_minus_tracheal	19835709
All_dm6_minus_tracheal	19835710
All_dm6_minus_tracheal	19835711
All_dm6_minus_tracheal	19835712
All_dm6_minus_tracheal	19835713
All_dm6_minus_tracheal	19835714
All_dm6_minus_tracheal	19835715
All_dm6_minus_tracheal	19835716
All_dm6_minus_tracheal	19835717
All_dm6_minus_tracheal	19835718
All_dm6_minus_tracheal	19835719
All_dm6_minus_tracheal	19835720
All_dm6_minus_tracheal	19835721
All_dm6_minus_tracheal	19835722
All_dm6_minus_tracheal	19835723
All_dm6_minus_tracheal	19835724
All_dm6_minus_tracheal	19835725
All_dm6_minus_tracheal	19835726
All_dm6_minus_tracheal	19835727
All_dm6_minus_tracheal	19835728
All_dm6_minus_tracheal	19835729
All_dm6_minus_tracheal	19835730
All_dm6_minus_tracheal	19835731
All_dm6_minus_tracheal	19835732
All_dm6_minus_tracheal	19835733
All_dm6_minus_tracheal	19835734
All_dm6_minus_tracheal	19835735
All_dm6_minus_tracheal	19835736
All_dm6_minus_tracheal	19835737
All_dm6_minus_tracheal	19835738
All_dm6_minus_tracheal	19835739
All_dm6_minus_tracheal	19835741
All_dm6_minus_tracheal	19835742
All_dm6_minus_tracheal	19835743
All_dm6_minus_tracheal	19835744
All_dm6_minus_tracheal	19835745
All_dm6_minus_tracheal	19835746
All_dm6_minus_tracheal	19835747
All_dm6_minus_tracheal	19835748
All_dm6_minus_tracheal	19835749
All_dm6_minus_tracheal	19835750
All_dm6_minus_tracheal	19835751
All_dm6_minus_tracheal	19835752
All_dm6_minus_tracheal	19835753
All_dm6_minus_tracheal	19835754
All_dm6_minus_tracheal	19835755
All_dm6_minus_tracheal	19835756
All_dm6_minus_tracheal	19835757
All_dm6_minus_tracheal	19835758
All_dm6_minus_tracheal	19835759
All_dm6_minus_tracheal	19835760
All_dm6_minus_tracheal	19835761
All_dm6_minus_tracheal	19835762
All_dm6_minus_tracheal	19835763
All_dm6_minus_tracheal	19835764
All_dm6_minus_tracheal	19835765
All_dm6_minus_tracheal	19835766
All_dm6_minus_tracheal	19835767
All_dm6_minus_tracheal	19835768
All_dm6_minus_tracheal	19835769
All_dm6_minus_tracheal	19835770
All_dm6_minus_tracheal	19835771
All_dm6_minus_tracheal	19835772
All_dm6_minus_tracheal	19835773
All_dm6_minus_tracheal	19835774
All_dm6_minus_tracheal	19835775
All_dm6_minus_tracheal	19835776
All_dm6_minus_tracheal	19835777
All_dm6_minus_tracheal	19835778
All_dm6_minus_tracheal	19835779
All_dm6_minus_tracheal	19835780
All_dm6_minus_tracheal	19835781
All_dm6_minus_tracheal	19835782
All_dm6_minus_tracheal	19835783
All_dm6_minus_tracheal	19835784
All_dm6_minus_tracheal	19835785
All_dm6_minus_tracheal	19835786
All_dm6_minus_tracheal	19835787
All_dm6_minus_tracheal	19835788
All_dm6_minus_tracheal	19835789
All_dm6_minus_tracheal	19835790
All_dm6_minus_tracheal	19835791
All_dm6_minus_tracheal	19835792
All_dm6_minus_tracheal	19835793
All_dm6_minus_tracheal	19835794
All_dm6_minus_tracheal	19835796
All_dm6_minus_tracheal	19835797
All_dm6_minus_tracheal	19835798
All_dm6_minus_tracheal	19835799
All_dm6_minus_tracheal	19835800
All_dm6_minus_tracheal	19835801
All_dm6_minus_tracheal	19835802
All_dm6_minus_tracheal	19835803
All_dm6_minus_tracheal	19835804
All_dm6_minus_tracheal	19835805
All_dm6_minus_tracheal	19835806
All_dm6_minus_tracheal	19835807
All_dm6_minus_tracheal	19835808
All_dm6_minus_tracheal	19835809
All_dm6_minus_tracheal	19835810
All_dm6_minus_tracheal	19835811
All_dm6_minus_tracheal	19835812
All_dm6_minus_tracheal	19835813
All_dm6_minus_tracheal	19835814
All_dm6_minus_tracheal	19835815
All_dm6_minus_tracheal	19835816
All_dm6_minus_tracheal	19835817
All_dm6_minus_tracheal	19835818
All_dm6_minus_tracheal	19835819
All_dm6_minus_tracheal	19835820
All_dm6_minus_tracheal	19835821
All_dm6_minus_tracheal	19835822
All_dm6_minus_tracheal	19835823
All_dm6_minus_tracheal	19835824
All_dm6_minus_tracheal	19835825
All_dm6_minus_tracheal	19835826
All_dm6_minus_tracheal	19835827
All_dm6_minus_tracheal	19835828
All_dm6_minus_tracheal	19835829
All_dm6_minus_tracheal	19835830
All_dm6_minus_tracheal	19835831
All_dm6_minus_tracheal	19835832
All_dm6_minus_tracheal	19835833
All_dm6_minus_tracheal	19835834
All_dm6_minus_tracheal	19835835
All_dm6_minus_tracheal	19835836
All_dm6_minus_tracheal	19835837
All_dm6_minus_tracheal	19835838
All_dm6_minus_tracheal	19835839
All_dm6_minus_tracheal	19835840
All_dm6_minus_tracheal	19835841
All_dm6_minus_tracheal	19835842
All_dm6_minus_tracheal	19835843
All_dm6_minus_tracheal	19835844
All_dm6_minus_tracheal	19835845
All_dm6_minus_tracheal	19835846
All_dm6_minus_tracheal	19835847
All_dm6_minus_tracheal	19835848
All_dm6_minus_tracheal	19835849
All_dm6_minus_tracheal	19835850
All_dm6_minus_tracheal	19835851
All_dm6_minus_tracheal	19835852
All_dm6_minus_tracheal	19835853
All_dm6_minus_tracheal	19835854
All_dm6_minus_tracheal	19835855
All_dm6_minus_tracheal	19835856
All_dm6_minus_tracheal	19835857
All_dm6_minus_tracheal	19835858
All_dm6_minus_tracheal	19835859
All_dm6_minus_tracheal	19835860
All_dm6_minus_tracheal	19835861
All_dm6_minus_tracheal	19835862
All_dm6_minus_tracheal	19835863
All_dm6_minus_tracheal	19835864
All_dm6_minus_tracheal	19835866
All_dm6_minus_tracheal	19835867
All_dm6_minus_tracheal	19835868
All_dm6_minus_tracheal	19835869
All_dm6_minus_tracheal	19835870
All_dm6_minus_tracheal	19835871
All_dm6_minus_tracheal	19835872
All_dm6_minus_tracheal	19835873
All_dm6_minus_tracheal	19835874
All_dm6_minus_tracheal	19835875
All_dm6_minus_tracheal	19835876
All_dm6_minus_tracheal	19835877
All_dm6_minus_tracheal	19835878
All_dm6_minus_tracheal	19835879
All_dm6_minus_tracheal	19835880
All_dm6_minus_tracheal	19835881
All_dm6_minus_tracheal	19835882
All_dm6_minus_tracheal	19835883
All_dm6_minus_tracheal	19835884
All_dm6_minus_tracheal	19835885
All_dm6_minus_tracheal	19835886
All_dm6_minus_tracheal	19835887
All_dm6_minus_tracheal	19835888
All_dm6_minus_tracheal	19835889
All_dm6_minus_tracheal	19835890
All_dm6_minus_tracheal	19835891
All_dm6_minus_tracheal	19835892
All_dm6_minus_tracheal	19835893
All_dm6_minus_tracheal	19835894
All_dm6_minus_tracheal	19835895
All_dm6_minus_tracheal	19835896
All_dm6_minus_tracheal	19835897
All_dm6_minus_tracheal	19835898
All_dm6_minus_tracheal	19835899
All_dm6_minus_tracheal	19835900
All_dm6_minus_tracheal	19835901
All_dm6_minus_tracheal	19835902
All_dm6_minus_tracheal	19835903
All_dm6_minus_tracheal	19835904
All_dm6_minus_tracheal	19835905
All_dm6_minus_tracheal	19835906
All_dm6_minus_tracheal	19835907
All_dm6_minus_tracheal	19835909
All_dm6_minus_tracheal	19835910
All_dm6_minus_tracheal	19835911
All_dm6_minus_tracheal	19835912
All_dm6_minus_tracheal	19835913
All_dm6_minus_tracheal	19835914
All_dm6_minus_tracheal	19835915
All_dm6_minus_tracheal	19835916
All_dm6_minus_tracheal	19835917
All_dm6_minus_tracheal	19835918
All_dm6_minus_tracheal	19835919
All_dm6_minus_tracheal	19835920
All_dm6_minus_tracheal	19835921
All_dm6_minus_tracheal	19835922
All_dm6_minus_tracheal	19835923
All_dm6_minus_tracheal	19835924
All_dm6_minus_tracheal	19835925
All_dm6_minus_tracheal	19835926
All_dm6_minus_tracheal	19835927
All_dm6_minus_tracheal	19835928
All_dm6_minus_tracheal	19835929
All_dm6_minus_tracheal	19835930
All_dm6_minus_tracheal	19835931
All_dm6_minus_tracheal	19835932
All_dm6_minus_tracheal	19835933
All_dm6_minus_tracheal	19835934
All_dm6_minus_tracheal	19835935
All_dm6_minus_tracheal	19835936
All_dm6_minus_tracheal	19835937
All_dm6_minus_tracheal	19835938
All_dm6_minus_tracheal	19835939
All_dm6_minus_tracheal	19835940
All_dm6_minus_tracheal	19835941
All_dm6_minus_tracheal	19835943
All_dm6_minus_tracheal	19835944
All_dm6_minus_tracheal	19835945
All_dm6_minus_tracheal	19835946
All_dm6_minus_tracheal	19835947
All_dm6_minus_tracheal	19835948
All_dm6_minus_tracheal	19835949
All_dm6_minus_tracheal	19835950
All_dm6_minus_tracheal	19835951
All_dm6_minus_tracheal	19835952
All_dm6_minus_tracheal	19835953
All_dm6_minus_tracheal	19835954
All_dm6_minus_tracheal	19835955
All_dm6_minus_tracheal	19835956
All_dm6_minus_tracheal	19835957
All_dm6_minus_tracheal	19835958
All_dm6_minus_tracheal	19835959
All_dm6_minus_tracheal	19835960
All_dm6_minus_tracheal	19835961
All_dm6_minus_tracheal	19835962
All_dm6_minus_tracheal	19835963
All_dm6_minus_tracheal	19835964
All_dm6_minus_tracheal	19835965
All_dm6_minus_tracheal	19835966
All_dm6_minus_tracheal	19835967
All_dm6_minus_tracheal	19835968
All_dm6_minus_tracheal	19835969
All_dm6_minus_tracheal	19835970
All_dm6_minus_tracheal	19835971
All_dm6_minus_tracheal	19835972
All_dm6_minus_tracheal	19835973
All_dm6_minus_tracheal	19835974
All_dm6_minus_tracheal	19835975
All_dm6_minus_tracheal	19835976
All_dm6_minus_tracheal	19835977
All_dm6_minus_tracheal	19835978
All_dm6_minus_tracheal	19835979
All_dm6_minus_tracheal	19835980
All_dm6_minus_tracheal	19835981
All_dm6_minus_tracheal	19835982
All_dm6_minus_tracheal	19835983
All_dm6_minus_tracheal	19835984
All_dm6_minus_tracheal	19835985
All_dm6_minus_tracheal	19835986
All_dm6_minus_tracheal	19835987
All_dm6_minus_tracheal	19835988
All_dm6_minus_tracheal	19835989
All_dm6_minus_tracheal	19835990
All_dm6_minus_tracheal	19835991
All_dm6_minus_tracheal	19835992
All_dm6_minus_tracheal	19835993
All_dm6_minus_tracheal	19835994
All_dm6_minus_tracheal	19835995
All_dm6_minus_tracheal	19835996
All_dm6_minus_tracheal	19835997
All_dm6_minus_tracheal	19835998
All_dm6_minus_tracheal	19835999
All_dm6_minus_tracheal	19836000
All_dm6_minus_tracheal	19836001
All_dm6_minus_tracheal	19836002
All_dm6_minus_tracheal	19836003
All_dm6_minus_tracheal	19836004
All_dm6_minus_tracheal	19836005
All_dm6_minus_tracheal	19836006
All_dm6_minus_tracheal	19836007
All_dm6_minus_tracheal	19836008
All_dm6_minus_tracheal	19836009
All_dm6_minus_tracheal	19836010
All_dm6_minus_tracheal	19836011
All_dm6_minus_tracheal	19836012
All_dm6_minus_tracheal	19836013
All_dm6_minus_tracheal	19836014
All_dm6_minus_tracheal	19836015
All_dm6_minus_tracheal	19836016
All_dm6_minus_tracheal	19836017
All_dm6_minus_tracheal	19836018
All_dm6_minus_tracheal	19836019
All_dm6_minus_tracheal	19836020
All_dm6_minus_tracheal	19836021
All_dm6_minus_tracheal	19836022
All_dm6_minus_tracheal	19836023
All_dm6_minus_tracheal	19836024
All_dm6_minus_tracheal	19836025
All_dm6_minus_tracheal	19836026
All_dm6_minus_tracheal	19836027
All_dm6_minus_tracheal	19836028
All_dm6_minus_tracheal	19836029
All_dm6_minus_tracheal	19836030
All_dm6_minus_tracheal	19836031
All_dm6_minus_tracheal	19836032
All_dm6_minus_tracheal	19836033
All_dm6_minus_tracheal	19836034
All_dm6_minus_tracheal	19836035
All_dm6_minus_tracheal	19836036
All_dm6_minus_tracheal	19836037
All_dm6_minus_tracheal	19836038
All_dm6_minus_tracheal	19836039
All_dm6_minus_tracheal	19836040
All_dm6_minus_tracheal	19836041
All_dm6_minus_tracheal	19836042
All_dm6_minus_tracheal	19836043
All_dm6_minus_tracheal	19836044
All_dm6_minus_tracheal	19836046
All_dm6_minus_tracheal	19836047
All_dm6_minus_tracheal	19836048
All_dm6_minus_tracheal	19836049
All_dm6_minus_tracheal	19836050
All_dm6_minus_tracheal	19836051
All_dm6_minus_tracheal	19836052
All_dm6_minus_tracheal	19836053
All_dm6_minus_tracheal	19836054
All_dm6_minus_tracheal	19836055
All_dm6_minus_tracheal	19836056
All_dm6_minus_tracheal	19836057
All_dm6_minus_tracheal	19836058
All_dm6_minus_tracheal	19836059
All_dm6_minus_tracheal	19836060
All_dm6_minus_tracheal	19836061
All_dm6_minus_tracheal	19836062
All_dm6_minus_tracheal	19836063
All_dm6_minus_tracheal	19836064
All_dm6_minus_tracheal	19836065
All_dm6_minus_tracheal	19836066
All_dm6_minus_tracheal	19836067
All_dm6_minus_tracheal	19836068
All_dm6_minus_tracheal	19836069
All_dm6_minus_tracheal	19836070
All_dm6_minus_tracheal	19836071
All_dm6_minus_tracheal	19836072
All_dm6_minus_tracheal	19836073
All_dm6_minus_tracheal	19836074
All_dm6_minus_tracheal	19836075
All_dm6_minus_tracheal	19836076
All_dm6_minus_tracheal	19836077
All_dm6_minus_tracheal	19836078
All_dm6_minus_tracheal	19836079
All_dm6_minus_tracheal	19836080
All_dm6_minus_tracheal	19836081
All_dm6_minus_tracheal	19836082
All_dm6_minus_tracheal	19836083
All_dm6_minus_tracheal	19836084
All_dm6_minus_tracheal	19836085
All_dm6_minus_tracheal	19836086
All_dm6_minus_tracheal	19836087
All_dm6_minus_tracheal	19836088
All_dm6_minus_tracheal	19836089
All_dm6_minus_tracheal	19836090
All_dm6_minus_tracheal	19836091
All_dm6_minus_tracheal	19836092
All_dm6_minus_tracheal	19836093
All_dm6_minus_tracheal	19836094
All_dm6_minus_tracheal	19836095
All_dm6_minus_tracheal	19836096
All_dm6_minus_tracheal	19836097
All_dm6_minus_tracheal	19836098
All_dm6_minus_tracheal	19836099
All_dm6_minus_tracheal	19836100
All_dm6_minus_tracheal	19836101
All_dm6_minus_tracheal	19836102
All_dm6_minus_tracheal	19836103
All_dm6_minus_tracheal	19836104
All_dm6_minus_tracheal	19836105
All_dm6_minus_tracheal	19836106
All_dm6_minus_tracheal	19836107
All_dm6_minus_tracheal	19836108
All_dm6_minus_tracheal	19836109
All_dm6_minus_tracheal	19836110
All_dm6_minus_tracheal	19836111
All_dm6_minus_tracheal	19836112
All_dm6_minus_tracheal	19836113
All_dm6_minus_tracheal	19836114
All_dm6_minus_tracheal	19836117
All_dm6_minus_tracheal	19836118
All_dm6_minus_tracheal	19836119
All_dm6_minus_tracheal	19836120
All_dm6_minus_tracheal	19836121
All_dm6_minus_tracheal	19836122
All_dm6_minus_tracheal	19836123
All_dm6_minus_tracheal	19836124
All_dm6_minus_tracheal	19836125
All_dm6_minus_tracheal	19836126
All_dm6_minus_tracheal	19836127
All_dm6_minus_tracheal	19836129
All_dm6_minus_tracheal	19836130
All_dm6_minus_tracheal	19836131
All_dm6_minus_tracheal	19836132
All_dm6_minus_tracheal	19836133
All_dm6_minus_tracheal	19836134
All_dm6_minus_tracheal	19836135
All_dm6_minus_tracheal	19836136
All_dm6_minus_tracheal	19836137
All_dm6_minus_tracheal	19836138
All_dm6_minus_tracheal	19836139
All_dm6_minus_tracheal	19836140
All_dm6_minus_tracheal	19836141
All_dm6_minus_tracheal	19836142
All_dm6_minus_tracheal	19836143
All_dm6_minus_tracheal	19836144
All_dm6_minus_tracheal	19836145
All_dm6_minus_tracheal	19836146
All_dm6_minus_tracheal	19836147
All_dm6_minus_tracheal	19836148
All_dm6_minus_tracheal	19836149
All_dm6_minus_tracheal	19836150
All_dm6_minus_tracheal	19836151
All_dm6_minus_tracheal	19836152
All_dm6_minus_tracheal	19836153
All_dm6_minus_tracheal	19836154
All_dm6_minus_tracheal	19836155
All_dm6_minus_tracheal	19836156
All_dm6_minus_tracheal	19836157
All_dm6_minus_tracheal	19836158
All_dm6_minus_tracheal	19836159
All_dm6_minus_tracheal	19836160
All_dm6_minus_tracheal	19836161
All_dm6_minus_tracheal	19836162
All_dm6_minus_tracheal	19836163
All_dm6_minus_tracheal	19836164
All_dm6_minus_tracheal	19836165
All_dm6_minus_tracheal	19836167
All_dm6_minus_tracheal	19836168
All_dm6_minus_tracheal	19836169
All_dm6_minus_tracheal	19836170
All_dm6_minus_tracheal	19836171
All_dm6_minus_tracheal	19836172
All_dm6_minus_tracheal	19836173
All_dm6_minus_tracheal	19836174
All_dm6_minus_tracheal	19836176
All_dm6_minus_tracheal	19836177
All_dm6_minus_tracheal	19836178
All_dm6_minus_tracheal	19836179
All_dm6_minus_tracheal	19836180
All_dm6_minus_tracheal	19836181
All_dm6_minus_tracheal	19836182
All_dm6_minus_tracheal	19836183
All_dm6_minus_tracheal	19836184
All_dm6_minus_tracheal	19836185
All_dm6_minus_tracheal	19836186
All_dm6_minus_tracheal	19836187
All_dm6_minus_tracheal	19836188
All_dm6_minus_tracheal	19836189
All_dm6_minus_tracheal	19836190
All_dm6_minus_tracheal	19836191
All_dm6_minus_tracheal	19836193
All_dm6_minus_tracheal	19836194
All_dm6_minus_tracheal	19836195
All_dm6_minus_tracheal	19836196
All_dm6_minus_tracheal	19836197
All_dm6_minus_tracheal	19836198
All_dm6_minus_tracheal	19836199
All_dm6_minus_tracheal	19836200
All_dm6_minus_tracheal	19836201
All_dm6_minus_tracheal	19836202
All_dm6_minus_tracheal	19836203
All_dm6_minus_tracheal	19836204
All_dm6_minus_tracheal	19836205
All_dm6_minus_tracheal	19836206
All_dm6_minus_tracheal	19836207
All_dm6_minus_tracheal	19836208
All_dm6_minus_tracheal	19836209
All_dm6_minus_tracheal	19836210
All_dm6_minus_tracheal	19836211
All_dm6_minus_tracheal	19836212
All_dm6_minus_tracheal	19836213
All_dm6_minus_tracheal	19836214
All_dm6_minus_tracheal	19836215
All_dm6_minus_tracheal	19836216
All_dm6_minus_tracheal	19836217
All_dm6_minus_tracheal	19836218
All_dm6_minus_tracheal	19836219
All_dm6_minus_tracheal	19836220
All_dm6_minus_tracheal	19836221
All_dm6_minus_tracheal	19836222
All_dm6_minus_tracheal	19836223
All_dm6_minus_tracheal	19836224
All_dm6_minus_tracheal	19836225
All_dm6_minus_tracheal	19836226
All_dm6_minus_tracheal	19836227
All_dm6_minus_tracheal	19836228
All_dm6_minus_tracheal	19836229
All_dm6_minus_tracheal	19836230
All_dm6_minus_tracheal	19836231
All_dm6_minus_tracheal	19836232
All_dm6_minus_tracheal	19836233
All_dm6_minus_tracheal	19836234
All_dm6_minus_tracheal	19836235
All_dm6_minus_tracheal	19836236
All_dm6_minus_tracheal	19836237
All_dm6_minus_tracheal	19836238
All_dm6_minus_tracheal	19836239
All_dm6_minus_tracheal	19836240
All_dm6_minus_tracheal	19836241
All_dm6_minus_tracheal	19836242
All_dm6_minus_tracheal	19836243
All_dm6_minus_tracheal	19836244
All_dm6_minus_tracheal	19836245
All_dm6_minus_tracheal	19836246
All_dm6_minus_tracheal	19836247
All_dm6_minus_tracheal	19836248
All_dm6_minus_tracheal	19836249
All_dm6_minus_tracheal	19836250
All_dm6_minus_tracheal	19836251
All_dm6_minus_tracheal	19836252
All_dm6_minus_tracheal	19836253
All_dm6_minus_tracheal	19836254
All_dm6_minus_tracheal	19836255
All_dm6_minus_tracheal	19836256
All_dm6_minus_tracheal	19836257
All_dm6_minus_tracheal	19836258
All_dm6_minus_tracheal	19893527
All_dm6_minus_tracheal	19893528
All_dm6_minus_tracheal	19893529
All_dm6_minus_tracheal	19893530
All_dm6_minus_tracheal	19893531
All_dm6_minus_tracheal	19893532
All_dm6_minus_tracheal	19893534
All_dm6_minus_tracheal	19893536
All_dm6_minus_tracheal	19893537
All_dm6_minus_tracheal	19893538
All_dm6_minus_tracheal	19893539
All_dm6_minus_tracheal	19893541
All_dm6_minus_tracheal	19893543
All_dm6_minus_tracheal	19893544
All_dm6_minus_tracheal	19893545
All_dm6_minus_tracheal	19893546
All_dm6_minus_tracheal	19893547
All_dm6_minus_tracheal	19893548
All_dm6_minus_tracheal	19893549
All_dm6_minus_tracheal	19893550
All_dm6_minus_tracheal	19893552
All_dm6_minus_tracheal	19893553
All_dm6_minus_tracheal	19893554
All_dm6_minus_tracheal	19893556
All_dm6_minus_tracheal	19893557
All_dm6_minus_tracheal	19893558
All_dm6_minus_tracheal	19893559
All_dm6_minus_tracheal	19893560
All_dm6_minus_tracheal	19893561
All_dm6_minus_tracheal	19893563
All_dm6_minus_tracheal	19988923
All_dm6_minus_tracheal	20520584
All_dm6_minus_tracheal	20520587
All_dm6_minus_tracheal	20520588
All_dm6_minus_tracheal	20520591
All_dm6_minus_tracheal	20520592
All_dm6_minus_tracheal	20520593
All_dm6_minus_tracheal	20520594
All_dm6_minus_tracheal	20520595
All_dm6_minus_tracheal	20520596
All_dm6_minus_tracheal	20520597
All_dm6_minus_tracheal	20520598
All_dm6_minus_tracheal	20520599
All_dm6_minus_tracheal	26067037
All_dm6_minus_tracheal	26067038
All_dm6_minus_tracheal	26067039
All_dm6_minus_tracheal	26067040
All_dm6_minus_tracheal	26067041
All_dm6_minus_tracheal	26067042
All_dm6_minus_tracheal	26067043
All_dm6_minus_tracheal	26067044
All_dm6_minus_tracheal	26067045
All_dm6_minus_tracheal	26067046
All_dm6_minus_tracheal	26067047
All_dm6_minus_tracheal	26067048
All_dm6_minus_tracheal	26067049
All_dm6_minus_tracheal	26067050
All_dm6_minus_tracheal	26067051
All_dm6_minus_tracheal	26067053
All_dm6_minus_tracheal	26067054
All_dm6_minus_tracheal	26067055
All_dm6_minus_tracheal	26067056
All_dm6_minus_tracheal	26067057
All_dm6_minus_tracheal	26067058
All_dm6_minus_tracheal	26067059
All_dm6_minus_tracheal	26067060
All_dm6_minus_tracheal	26067061
All_dm6_minus_tracheal	26067062
All_dm6_minus_tracheal	26067063
All_dm6_minus_tracheal	26067064
All_dm6_minus_tracheal	26067065
All_dm6_minus_tracheal	26067066
All_dm6_minus_tracheal	26067067
All_dm6_minus_tracheal	26067069
All_dm6_minus_tracheal	26067070
All_dm6_minus_tracheal	26067071
All_dm6_minus_tracheal	26067072
All_dm6_minus_tracheal	26067073
All_dm6_minus_tracheal	26067074
All_dm6_minus_tracheal	26067075
All_dm6_minus_tracheal	26067076
All_dm6_minus_tracheal	26067079
All_dm6_minus_tracheal	26067081
All_dm6_minus_tracheal	26067082
All_dm6_minus_tracheal	26067083
All_dm6_minus_tracheal	26067084
All_dm6_minus_tracheal	26067085
All_dm6_minus_tracheal	26067086
All_dm6_minus_tracheal	26067087
All_dm6_minus_tracheal	26067088
All_dm6_minus_tracheal	26067089
All_dm6_minus_tracheal	26067090
All_dm6_minus_tracheal	26067091
All_dm6_minus_tracheal	26067092
All_dm6_minus_tracheal	26067093
All_dm6_minus_tracheal	26067094
All_dm6_minus_tracheal	26067095
All_dm6_minus_tracheal	26067096
All_dm6_minus_tracheal	26067097
All_dm6_minus_tracheal	26067098
All_dm6_minus_tracheal	26067099
All_dm6_minus_tracheal	26067100
All_dm6_minus_tracheal	26067101
All_dm6_minus_tracheal	26067102
All_dm6_minus_tracheal	26067103
All_dm6_minus_tracheal	26067104
All_dm6_minus_tracheal	26067105
All_dm6_minus_tracheal	26067106
All_dm6_minus_tracheal	26067107
All_dm6_minus_tracheal	26067108
All_dm6_minus_tracheal	26067109
All_dm6_minus_tracheal	26067110
All_dm6_minus_tracheal	26067111
All_dm6_minus_tracheal	26067112
All_dm6_minus_tracheal	26067113
All_dm6_minus_tracheal	26067114
All_dm6_minus_tracheal	26067115
All_dm6_minus_tracheal	26067116
All_dm6_minus_tracheal	26067117
All_dm6_minus_tracheal	26067118
All_dm6_minus_tracheal	26067119
All_dm6_minus_tracheal	26067120
All_dm6_minus_tracheal	26067121
All_dm6_minus_tracheal	26067122
All_dm6_minus_tracheal	26067123
All_dm6_minus_tracheal	26067124
All_dm6_minus_tracheal	26067125
All_dm6_minus_tracheal	26067126
All_dm6_minus_tracheal	26067127
All_dm6_minus_tracheal	26067128
All_dm6_minus_tracheal	26067129
All_dm6_minus_tracheal	26067130
All_dm6_minus_tracheal	26067131
All_dm6_minus_tracheal	26067132
All_dm6_minus_tracheal	26067133
All_dm6_minus_tracheal	26067134
All_dm6_minus_tracheal	26067135
All_dm6_minus_tracheal	26067136
All_dm6_minus_tracheal	26067137
All_dm6_minus_tracheal	26067138
All_dm6_minus_tracheal	26067139
All_dm6_minus_tracheal	26067140
All_dm6_minus_tracheal	26067141
All_dm6_minus_tracheal	26067142
All_dm6_minus_tracheal	26067143
All_dm6_minus_tracheal	26067144
All_dm6_minus_tracheal	26067145
All_dm6_minus_tracheal	26067146
All_dm6_minus_tracheal	26067147
All_dm6_minus_tracheal	26067148
All_dm6_minus_tracheal	26067149
All_dm6_minus_tracheal	26067150
All_dm6_minus_tracheal	26067151
All_dm6_minus_tracheal	26067152
All_dm6_minus_tracheal	26067153
All_dm6_minus_tracheal	26067154
All_dm6_minus_tracheal	26067155
All_dm6_minus_tracheal	26067156
All_dm6_minus_tracheal	26067157
All_dm6_minus_tracheal	26067158
All_dm6_minus_tracheal	26067159
All_dm6_minus_tracheal	26067160
All_dm6_minus_tracheal	26067161
All_dm6_minus_tracheal	26067162
All_dm6_minus_tracheal	26067163
All_dm6_minus_tracheal	26067164
All_dm6_minus_tracheal	26067165
All_dm6_minus_tracheal	26067166
All_dm6_minus_tracheal	26067167
All_dm6_minus_tracheal	26067168
All_dm6_minus_tracheal	26067169
All_dm6_minus_tracheal	26067170
All_dm6_minus_tracheal	26067171
All_dm6_minus_tracheal	26067172
All_dm6_minus_tracheal	26067174
All_dm6_minus_tracheal	26067175
All_dm6_minus_tracheal	26067176
All_dm6_minus_tracheal	26067177
All_dm6_minus_tracheal	26067178
All_dm6_minus_tracheal	26067179
All_dm6_minus_tracheal	26067180
All_dm6_minus_tracheal	26067181
All_dm6_minus_tracheal	26067182
All_dm6_minus_tracheal	26067183
All_dm6_minus_tracheal	26067184
All_dm6_minus_tracheal	26067185
All_dm6_minus_tracheal	26067186
All_dm6_minus_tracheal	26067187
All_dm6_minus_tracheal	26067188
All_dm6_minus_tracheal	26067189
All_dm6_minus_tracheal	26067190
All_dm6_minus_tracheal	26067191
All_dm6_minus_tracheal	26067192
All_dm6_minus_tracheal	26067193
All_dm6_minus_tracheal	26067194
All_dm6_minus_tracheal	26067195
All_dm6_minus_tracheal	26067196
All_dm6_minus_tracheal	26067197
All_dm6_minus_tracheal	26067198
All_dm6_minus_tracheal	26067199
All_dm6_minus_tracheal	26067200
All_dm6_minus_tracheal	26067201
All_dm6_minus_tracheal	26067202
All_dm6_minus_tracheal	26067203
All_dm6_minus_tracheal	26067204
All_dm6_minus_tracheal	26067205
All_dm6_minus_tracheal	26067206
All_dm6_minus_tracheal	26067207
All_dm6_minus_tracheal	26067208
All_dm6_minus_tracheal	26067209
All_dm6_minus_tracheal	26067210
All_dm6_minus_tracheal	26067211
All_dm6_minus_tracheal	26067212
All_dm6_minus_tracheal	26067213
All_dm6_minus_tracheal	26067214
All_dm6_minus_tracheal	26067215
All_dm6_minus_tracheal	26067216
All_dm6_minus_tracheal	26067217
All_dm6_minus_tracheal	26067218
All_dm6_minus_tracheal	26067219
All_dm6_minus_tracheal	26067220
All_dm6_minus_tracheal	26067221
All_dm6_minus_tracheal	26067222
All_dm6_minus_tracheal	26067223
All_dm6_minus_tracheal	26067224
All_dm6_minus_tracheal	26067225
All_dm6_minus_tracheal	26067226
All_dm6_minus_tracheal	26067227
All_dm6_minus_tracheal	26067228
All_dm6_minus_tracheal	26067229
All_dm6_minus_tracheal	26067230
All_dm6_minus_tracheal	26067231
All_dm6_minus_tracheal	26067232
All_dm6_minus_tracheal	26067233
All_dm6_minus_tracheal	26067234
All_dm6_minus_tracheal	26067235
All_dm6_minus_tracheal	26067236
All_dm6_minus_tracheal	26067237
All_dm6_minus_tracheal	26067238
All_dm6_minus_tracheal	26067240
All_dm6_minus_tracheal	26067241
All_dm6_minus_tracheal	26067242
All_dm6_minus_tracheal	26067243
All_dm6_minus_tracheal	26067244
All_dm6_minus_tracheal	26067245
All_dm6_minus_tracheal	26067246
All_dm6_minus_tracheal	26067247
All_dm6_minus_tracheal	26067248
All_dm6_minus_tracheal	26067249
All_dm6_minus_tracheal	26067250
All_dm6_minus_tracheal	26067251
All_dm6_minus_tracheal	26067252
All_dm6_minus_tracheal	26067253
All_dm6_minus_tracheal	26067254
All_dm6_minus_tracheal	26067255
All_dm6_minus_tracheal	26067256
All_dm6_minus_tracheal	26067257
All_dm6_minus_tracheal	26067258
All_dm6_minus_tracheal	26067259
All_dm6_minus_tracheal	26067260
All_dm6_minus_tracheal	26067261
All_dm6_minus_tracheal	26067262
All_dm6_minus_tracheal	26067263
All_dm6_minus_tracheal	26067264
All_dm6_minus_tracheal	26067265
All_dm6_minus_tracheal	26067266
All_dm6_minus_tracheal	26067267
All_dm6_minus_tracheal	26067268
All_dm6_minus_tracheal	26067269
All_dm6_minus_tracheal	26067270
All_dm6_minus_tracheal	26067271
All_dm6_minus_tracheal	26067272
All_dm6_minus_tracheal	26067273
All_dm6_minus_tracheal	26067274
All_dm6_minus_tracheal	26067275
All_dm6_minus_tracheal	26067276
All_dm6_minus_tracheal	26067277
All_dm6_minus_tracheal	26067278
All_dm6_minus_tracheal	26067279
All_dm6_minus_tracheal	26067280
All_dm6_minus_tracheal	26067281
All_dm6_minus_tracheal	26067282
All_dm6_minus_tracheal	26067283
All_dm6_minus_tracheal	26067284
All_dm6_minus_tracheal	26067285
All_dm6_minus_tracheal	26067286
All_dm6_minus_tracheal	26067287
All_dm6_minus_tracheal	26067288
All_dm6_minus_tracheal	26067289
All_dm6_minus_tracheal	26067290
All_dm6_minus_tracheal	26067291
All_dm6_minus_tracheal	26067292
All_dm6_minus_tracheal	26067293
All_dm6_minus_tracheal	26067294
All_dm6_minus_tracheal	26067295
All_dm6_minus_tracheal	26067296
All_dm6_minus_tracheal	26067297
All_dm6_minus_tracheal	26067298
All_dm6_minus_tracheal	26067299
All_dm6_minus_tracheal	26067300
All_dm6_minus_tracheal	26067301
All_dm6_minus_tracheal	26067302
All_dm6_minus_tracheal	26067303
All_dm6_minus_tracheal	26067304
All_dm6_minus_tracheal	26067305
All_dm6_minus_tracheal	26067306
All_dm6_minus_tracheal	26067307
All_dm6_minus_tracheal	26067308
All_dm6_minus_tracheal	26067309
All_dm6_minus_tracheal	26067310
All_dm6_minus_tracheal	26067311
All_dm6_minus_tracheal	26067312
All_dm6_minus_tracheal	26067313
All_dm6_minus_tracheal	26067314
All_dm6_minus_tracheal	26067315
All_dm6_minus_tracheal	26067316
All_dm6_minus_tracheal	26067317
All_dm6_minus_tracheal	26067318
All_dm6_minus_tracheal	26067319
All_dm6_minus_tracheal	26067320
All_dm6_minus_tracheal	26067321
All_dm6_minus_tracheal	26067322
All_dm6_minus_tracheal	26067323
All_dm6_minus_tracheal	26067325
All_dm6_minus_tracheal	26067326
All_dm6_minus_tracheal	26067328
All_dm6_minus_tracheal	26067329
All_dm6_minus_tracheal	26067330
All_dm6_minus_tracheal	26067331
All_dm6_minus_tracheal	26067332
All_dm6_minus_tracheal	26067333
All_dm6_minus_tracheal	26067334
All_dm6_minus_tracheal	26067335
All_dm6_minus_tracheal	26067336
All_dm6_minus_tracheal	26067337
All_dm6_minus_tracheal	26067338
All_dm6_minus_tracheal	26067339
All_dm6_minus_tracheal	26067340
All_dm6_minus_tracheal	26067341
All_dm6_minus_tracheal	26067342
All_dm6_minus_tracheal	26067343
All_dm6_minus_tracheal	26067344
All_dm6_minus_tracheal	26067345
All_dm6_minus_tracheal	26067346
All_dm6_minus_tracheal	26067347
All_dm6_minus_tracheal	26067348
All_dm6_minus_tracheal	26067349
All_dm6_minus_tracheal	26067350
All_dm6_minus_tracheal	26067351
All_dm6_minus_tracheal	26067352
All_dm6_minus_tracheal	26067353
All_dm6_minus_tracheal	26067354
All_dm6_minus_tracheal	26067355
All_dm6_minus_tracheal	26067356
All_dm6_minus_tracheal	26067357
All_dm6_minus_tracheal	26067358
All_dm6_minus_tracheal	26067359
All_dm6_minus_tracheal	26067360
All_dm6_minus_tracheal	26067361
All_dm6_minus_tracheal	26067362
All_dm6_minus_tracheal	26067363
All_dm6_minus_tracheal	26067364
All_dm6_minus_tracheal	26067365
All_dm6_minus_tracheal	26067366
All_dm6_minus_tracheal	26067367
All_dm6_minus_tracheal	26067368
All_dm6_minus_tracheal	26067369
All_dm6_minus_tracheal	26067370
All_dm6_minus_tracheal	26067371
All_dm6_minus_tracheal	26067372
All_dm6_minus_tracheal	26067373
All_dm6_minus_tracheal	26067374
All_dm6_minus_tracheal	26067375
All_dm6_minus_tracheal	26067376
All_dm6_minus_tracheal	26067377
All_dm6_minus_tracheal	26067378
All_dm6_minus_tracheal	26067379
All_dm6_minus_tracheal	26067380
All_dm6_minus_tracheal	26067381
All_dm6_minus_tracheal	26067382
All_dm6_minus_tracheal	26067383
All_dm6_minus_tracheal	26067384
All_dm6_minus_tracheal	26067385
All_dm6_minus_tracheal	26067386
All_dm6_minus_tracheal	26067387
All_dm6_minus_tracheal	26067388
All_dm6_minus_tracheal	26067389
All_dm6_minus_tracheal	26067390
All_dm6_minus_tracheal	26067391
All_dm6_minus_tracheal	26067392
All_dm6_minus_tracheal	26067393
All_dm6_minus_tracheal	26067394
All_dm6_minus_tracheal	26067395
All_dm6_minus_tracheal	26067396
All_dm6_minus_tracheal	26067397
All_dm6_minus_tracheal	26067398
All_dm6_minus_tracheal	26067399
All_dm6_minus_tracheal	26067400
All_dm6_minus_tracheal	26067401
All_dm6_minus_tracheal	26067402
All_dm6_minus_tracheal	26067403
All_dm6_minus_tracheal	26067404
All_dm6_minus_tracheal	26067405
All_dm6_minus_tracheal	26067406
All_dm6_minus_tracheal	26067407
All_dm6_minus_tracheal	26067408
All_dm6_minus_tracheal	26067409
All_dm6_minus_tracheal	26067410
All_dm6_minus_tracheal	26067411
All_dm6_minus_tracheal	26067412
All_dm6_minus_tracheal	26067413
All_dm6_minus_tracheal	26067414
All_dm6_minus_tracheal	26067415
All_dm6_minus_tracheal	26067416
All_dm6_minus_tracheal	26067417
All_dm6_minus_tracheal	26067418
All_dm6_minus_tracheal	26067419
All_dm6_minus_tracheal	26067420
All_dm6_minus_tracheal	26067421
All_dm6_minus_tracheal	26067422
All_dm6_minus_tracheal	26067423
All_dm6_minus_tracheal	26067424
All_dm6_minus_tracheal	26067425
All_dm6_minus_tracheal	26067426
All_dm6_minus_tracheal	26067427
All_dm6_minus_tracheal	26067428
All_dm6_minus_tracheal	26067429
All_dm6_minus_tracheal	26067430
All_dm6_minus_tracheal	26067431
All_dm6_minus_tracheal	26067432
All_dm6_minus_tracheal	26067433
All_dm6_minus_tracheal	26067434
All_dm6_minus_tracheal	26067435
All_dm6_minus_tracheal	26067436
All_dm6_minus_tracheal	26067437
All_dm6_minus_tracheal	26067438
All_dm6_minus_tracheal	26067439
All_dm6_minus_tracheal	26067440
All_dm6_minus_tracheal	26067441
All_dm6_minus_tracheal	26067442
All_dm6_minus_tracheal	26067443
All_dm6_minus_tracheal	26067444
All_dm6_minus_tracheal	26067445
All_dm6_minus_tracheal	26067446
All_dm6_minus_tracheal	26067447
All_dm6_minus_tracheal	26067448
All_dm6_minus_tracheal	26067449
All_dm6_minus_tracheal	26067450
All_dm6_minus_tracheal	26067451
All_dm6_minus_tracheal	26067452
All_dm6_minus_tracheal	26067453
All_dm6_minus_tracheal	26067454
All_dm6_minus_tracheal	26067455
All_dm6_minus_tracheal	26067456
All_dm6_minus_tracheal	26067457
All_dm6_minus_tracheal	26067458
All_dm6_minus_tracheal	26067459
All_dm6_minus_tracheal	26067460
All_dm6_minus_tracheal	26067461
All_dm6_minus_tracheal	26067462
All_dm6_minus_tracheal	26067463
All_dm6_minus_tracheal	26067464
All_dm6_minus_tracheal	26067465
All_dm6_minus_tracheal	26067466
All_dm6_minus_tracheal	26067467
All_dm6_minus_tracheal	26067468
All_dm6_minus_tracheal	26067469
All_dm6_minus_tracheal	26067470
All_dm6_minus_tracheal	26067471
All_dm6_minus_tracheal	26067472
All_dm6_minus_tracheal	26067473
All_dm6_minus_tracheal	26067474
All_dm6_minus_tracheal	26067475
All_dm6_minus_tracheal	26067476
All_dm6_minus_tracheal	26067477
All_dm6_minus_tracheal	26067478
All_dm6_minus_tracheal	26067479
All_dm6_minus_tracheal	26067480
All_dm6_minus_tracheal	26067481
All_dm6_minus_tracheal	26067482
All_dm6_minus_tracheal	26067483
All_dm6_minus_tracheal	26067484
All_dm6_minus_tracheal	26067485
All_dm6_minus_tracheal	26067486
All_dm6_minus_tracheal	26067487
All_dm6_minus_tracheal	26067488
All_dm6_minus_tracheal	26067489
All_dm6_minus_tracheal	26067490
All_dm6_minus_tracheal	26067491
All_dm6_minus_tracheal	26067492
All_dm6_minus_tracheal	26067493
All_dm6_minus_tracheal	26067494
All_dm6_minus_tracheal	26067495
All_dm6_minus_tracheal	26067496
All_dm6_minus_tracheal	26067497
All_dm6_minus_tracheal	26067498
All_dm6_minus_tracheal	26067499
All_dm6_minus_tracheal	26067500
All_dm6_minus_tracheal	26067501
All_dm6_minus_tracheal	26067502
All_dm6_minus_tracheal	26067503
All_dm6_minus_tracheal	26067504
All_dm6_minus_tracheal	26067505
All_dm6_minus_tracheal	26067506
All_dm6_minus_tracheal	26067507
All_dm6_minus_tracheal	26067508
All_dm6_minus_tracheal	26067509
All_dm6_minus_tracheal	26067510
All_dm6_minus_tracheal	26067511
All_dm6_minus_tracheal	26067513
All_dm6_minus_tracheal	26067514
All_dm6_minus_tracheal	26067515
All_dm6_minus_tracheal	26067516
All_dm6_minus_tracheal	26067517
All_dm6_minus_tracheal	26067518
All_dm6_minus_tracheal	26067519
All_dm6_minus_tracheal	26067520
All_dm6_minus_tracheal	26067521
All_dm6_minus_tracheal	26067522
All_dm6_minus_tracheal	26067523
All_dm6_minus_tracheal	26067524
All_dm6_minus_tracheal	26067525
All_dm6_minus_tracheal	26067526
All_dm6_minus_tracheal	26067528
All_dm6_minus_tracheal	26067529
All_dm6_minus_tracheal	26067530
All_dm6_minus_tracheal	26067531
All_dm6_minus_tracheal	26067532
All_dm6_minus_tracheal	26067534
All_dm6_minus_tracheal	26067535
All_dm6_minus_tracheal	26067536
All_dm6_minus_tracheal	26067537
All_dm6_minus_tracheal	26067538
All_dm6_minus_tracheal	26067539
All_dm6_minus_tracheal	26067540
All_dm6_minus_tracheal	26067541
All_dm6_minus_tracheal	26067542
All_dm6_minus_tracheal	26067543
All_dm6_minus_tracheal	26067544
All_dm6_minus_tracheal	26067545
All_dm6_minus_tracheal	26067546
All_dm6_minus_tracheal	26067547
All_dm6_minus_tracheal	26067548
All_dm6_minus_tracheal	26067549
All_dm6_minus_tracheal	26067550
All_dm6_minus_tracheal	26067551
All_dm6_minus_tracheal	26067552
All_dm6_minus_tracheal	26067553
All_dm6_minus_tracheal	26067554
All_dm6_minus_tracheal	26067555
All_dm6_minus_tracheal	26067556
All_dm6_minus_tracheal	26067557
All_dm6_minus_tracheal	26067558
All_dm6_minus_tracheal	26067559
All_dm6_minus_tracheal	26067560
All_dm6_minus_tracheal	26067561
All_dm6_minus_tracheal	26067562
All_dm6_minus_tracheal	26067563
All_dm6_minus_tracheal	26067564
All_dm6_minus_tracheal	26067565
All_dm6_minus_tracheal	26067566
All_dm6_minus_tracheal	26067567
All_dm6_minus_tracheal	26067568
All_dm6_minus_tracheal	26067569
All_dm6_minus_tracheal	26067570
All_dm6_minus_tracheal	26067571
All_dm6_minus_tracheal	26067572
All_dm6_minus_tracheal	26067573
All_dm6_minus_tracheal	26067574
All_dm6_minus_tracheal	26067575
All_dm6_minus_tracheal	26067576
All_dm6_minus_tracheal	26067577
All_dm6_minus_tracheal	26067578
All_dm6_minus_tracheal	26067579
All_dm6_minus_tracheal	26067580
All_dm6_minus_tracheal	26067581
All_dm6_minus_tracheal	26067582
All_dm6_minus_tracheal	26067583
All_dm6_minus_tracheal	26067584
All_dm6_minus_tracheal	26067585
All_dm6_minus_tracheal	26067586
All_dm6_minus_tracheal	26067587
All_dm6_minus_tracheal	26067588
All_dm6_minus_tracheal	27662247
All_dm6_minus_tracheal	27662249
All_dm6_minus_tracheal	27662250
All_dm6_minus_tracheal	27662251
All_dm6_minus_tracheal	27662252
All_dm6_minus_tracheal	30522392
All_dm6_minus_tracheal	30522393
All_dm6_minus_tracheal	30522394
All_dm6_minus_tracheal	30522395
All_dm6_minus_tracheal	30522396
All_dm6_minus_tracheal	30522397
All_dm6_minus_tracheal	30522398
All_dm6_minus_tracheal	30522399
All_dm6_minus_tracheal	30522400
All_dm6_minus_tracheal	30522401
All_dm6_minus_tracheal	30522402
All_dm6_minus_tracheal	30522403
All_dm6_minus_tracheal	30522404
All_dm6_minus_tracheal	30522405
All_dm6_minus_tracheal	30522406
All_dm6_minus_tracheal	30522407
All_dm6_minus_tracheal	30522408
All_dm6_minus_tracheal	30522409
All_dm6_minus_tracheal	30522410
All_dm6_minus_tracheal	30522411
All_dm6_minus_tracheal	30522412
All_dm6_minus_tracheal	30522413
All_dm6_minus_tracheal	30522414
All_dm6_minus_tracheal	30522415
All_dm6_minus_tracheal	30522416
All_dm6_minus_tracheal	30522417
All_dm6_minus_tracheal	30522418
All_dm6_minus_tracheal	30522419
All_dm6_minus_tracheal	30522420
All_dm6_minus_tracheal	30522421
All_dm6_minus_tracheal	30522422
All_dm6_minus_tracheal	30522423
All_dm6_minus_tracheal	30522424
All_dm6_minus_tracheal	30522425
All_dm6_minus_tracheal	30522426
All_dm6_minus_tracheal	30522427
All_dm6_minus_tracheal	30522428
All_dm6_minus_tracheal	30522429
All_dm6_minus_tracheal	30882168
All_dm6_minus_tracheal	30882169
All_dm6_minus_tracheal	30882170
All_dm6_minus_tracheal	30882171
All_dm6_minus_tracheal	30882172
All_dm6_minus_tracheal	30882173
All_dm6_minus_tracheal	30882174
All_dm6_minus_tracheal	30882175
All_dm6_minus_tracheal	30882176
All_dm6_minus_tracheal	30882177
All_dm6_minus_tracheal	30882178
All_dm6_minus_tracheal	30882179
All_dm6_minus_tracheal	30882181
All_dm6_minus_tracheal	30882182
All_dm6_minus_tracheal	36786373
All_dm6_minus_tracheal	36786374
All_dm6_minus_tracheal	36786375
All_dm6_minus_tracheal	36786376
All_dm6_minus_tracheal	36786377
All_dm6_minus_tracheal	36786378
All_dm6_minus_tracheal	36786379
All_dm6_minus_tracheal	36786380
All_dm6_minus_tracheal	36786381
All_dm6_minus_tracheal	36786382
All_dm6_minus_tracheal	36786383
All_dm6_minus_tracheal	36786384
All_dm6_minus_tracheal	36786385
All_dm6_minus_tracheal	36786386
All_dm6_minus_tracheal	36786387
All_dm6_minus_tracheal	36786388
All_dm6_minus_tracheal	36786389
All_dm6_minus_tracheal	36786390
All_dm6_minus_tracheal	36786391
All_dm6_minus_tracheal	36786392
All_dm6_minus_tracheal	36786393
All_dm6_minus_tracheal	36786394
All_dm6_minus_tracheal	38753319
All_dm6_minus_tracheal	38753320
All_dm6_minus_tracheal	39877387
All_dm6_minus_tracheal	39877388
All_dm6_minus_tracheal	39877389
All_dm6_minus_tracheal	39877390
All_dm6_minus_tracheal	39877391
All_dm6_minus_tracheal	39877392
All_dm6_minus_tracheal	39877393
All_dm6_minus_tracheal	39877394
All_dm6_minus_tracheal	39877395
All_dm6_minus_tracheal	39877396
All_dm6_minus_tracheal	39877397
All_dm6_minus_tracheal	39877398
All_dm6_minus_tracheal	39877399
All_dm6_minus_tracheal	39877400
All_dm6_minus_tracheal	39877401
All_dm6_minus_tracheal	39877402
All_dm6_minus_tracheal	39877403
All_dm6_minus_tracheal	39877404
All_dm6_minus_tracheal	39877405
All_dm6_minus_tracheal	39877406
All_dm6_minus_tracheal	39877407
All_dm6_minus_tracheal	39877408
All_dm6_minus_tracheal	39877409
All_dm6_minus_tracheal	39877410
All_dm6_minus_tracheal	39877411
All_dm6_minus_tracheal	39877412
All_dm6_minus_tracheal	39877413
All_dm6_minus_tracheal	39877414
All_dm6_minus_tracheal	39877415
All_dm6_minus_tracheal	39877416
All_dm6_minus_tracheal	39877417
All_dm6_minus_tracheal	39877418
All_dm6_minus_tracheal	39877419
All_dm6_minus_tracheal	39877420
All_dm6_minus_tracheal	39877421
All_dm6_minus_tracheal	39877422
All_dm6_minus_tracheal	39877423
All_dm6_minus_tracheal	39877424
All_dm6_minus_tracheal	39877425
All_dm6_minus_tracheal	40120008
All_dm6_minus_tracheal	54520426
All_dm6_minus_tracheal	54520427
All_dm6_minus_tracheal	54520428
All_dm6_minus_tracheal	54520429
All_dm6_minus_tracheal	54520430
All_dm6_minus_tracheal	54520431
All_dm6_minus_tracheal	54520432
All_dm6_minus_tracheal	54520433
All_dm6_minus_tracheal	54520434
All_dm6_minus_tracheal	54520435
All_dm6_minus_tracheal	54520436
All_dm6_minus_tracheal	54520437
All_dm6_minus_tracheal	54520438
All_dm6_minus_tracheal	54520439
All_dm6_minus_tracheal	54520440
All_dm6_minus_tracheal	54520441
All_dm6_minus_tracheal	54520442
All_dm6_minus_tracheal	54520443
All_dm6_minus_tracheal	54520444
All_dm6_minus_tracheal	54520445
All_dm6_minus_tracheal	54520446
All_dm6_minus_tracheal	54520447
All_dm6_minus_tracheal	54520448
All_dm6_minus_tracheal	54520449
All_dm6_minus_tracheal	54520450
All_dm6_minus_tracheal	54520451
All_dm6_minus_tracheal	54520452
All_dm6_minus_tracheal	54520453
All_dm6_minus_tracheal	54520454
All_dm6_minus_tracheal	54520455
All_dm6_minus_tracheal	54520456
All_dm6_minus_tracheal	54520457
All_dm6_minus_tracheal	54520458
All_dm6_minus_tracheal	54520459
All_dm6_minus_tracheal	54520460
All_dm6_minus_tracheal	54520461
All_dm6_minus_tracheal	54520462
All_dm6_minus_tracheal	54520463
All_dm6_minus_tracheal	54520464
All_dm6_minus_tracheal	54520465
All_dm6_minus_tracheal	54520466
All_dm6_minus_tracheal	54520467
All_dm6_minus_tracheal	54520468
All_dm6_minus_tracheal	54520469
All_dm6_minus_tracheal	54520470
All_dm6_minus_tracheal	54520471
All_dm6_minus_tracheal	54520472
All_dm6_minus_tracheal	54520473
All_dm6_minus_tracheal	54520474
All_dm6_minus_tracheal	54520475
All_dm6_minus_tracheal	54520476
All_dm6_minus_tracheal	54520477
All_dm6_minus_tracheal	54520478
All_dm6_minus_tracheal	54520479
All_dm6_minus_tracheal	54520480
All_dm6_minus_tracheal	54520481
All_dm6_minus_tracheal	54520482
All_dm6_minus_tracheal	54520483
All_dm6_minus_tracheal	54520484
All_dm6_minus_tracheal	54520485
All_dm6_minus_tracheal	54520486
All_dm6_minus_tracheal	54520487
All_dm6_minus_tracheal	54520488
All_dm6_minus_tracheal	54520489
All_dm6_minus_tracheal	54520490
All_dm6_minus_tracheal	54520491
All_dm6_minus_tracheal	54520492
All_dm6_minus_tracheal	54520493
All_dm6_minus_tracheal	54520494
All_dm6_minus_tracheal	54520495
All_dm6_minus_tracheal	54520496
All_dm6_minus_tracheal	54520497
All_dm6_minus_tracheal	54520498
All_dm6_minus_tracheal	54520499
All_dm6_minus_tracheal	54520500
All_dm6_minus_tracheal	54520501
All_dm6_minus_tracheal	54520502
All_dm6_minus_tracheal	54520503
All_dm6_minus_tracheal	54520504
All_dm6_minus_tracheal	54520505
All_dm6_minus_tracheal	54520506
All_dm6_minus_tracheal	54520507
All_dm6_minus_tracheal	54520508
All_dm6_minus_tracheal	54520509
All_dm6_minus_tracheal	54520510
All_dm6_minus_tracheal	54520511
All_dm6_minus_tracheal	54520512
All_dm6_minus_tracheal	54520513
All_dm6_minus_tracheal	54520514
All_dm6_minus_tracheal	54520515
All_dm6_minus_tracheal	54520516
All_dm6_minus_tracheal	54520517
All_dm6_minus_tracheal	54520518
All_dm6_minus_tracheal	54520519
All_dm6_minus_tracheal	54520520
All_dm6_minus_tracheal	54520521
All_dm6_minus_tracheal	54520522
All_dm6_minus_tracheal	54520523
All_dm6_minus_tracheal	54520524
All_dm6_minus_tracheal	54520525
All_dm6_minus_tracheal	54520526
All_dm6_minus_tracheal	54520527
All_dm6_minus_tracheal	54520528
All_dm6_minus_tracheal	54695898
All_dm6_minus_tracheal	54695899
All_dm6_minus_tracheal	54695900
All_dm6_minus_tracheal	54695901
All_dm6_minus_tracheal	54695902
All_dm6_minus_tracheal	76382434
All_dm6_minus_tracheal	76382435
All_dm6_minus_tracheal	76382436
All_dm6_minus_tracheal	76382437
All_dm6_minus_tracheal	76382438
All_dm6_minus_tracheal	76382439
All_dm6_minus_tracheal	76382440
All_dm6_minus_tracheal	76382441
All_dm6_minus_tracheal	76382442
All_dm6_minus_tracheal	76382443
All_dm6_minus_tracheal	76382444
All_dm6_minus_tracheal	76382445
All_dm6_minus_tracheal	76382446
All_dm6_minus_tracheal	76382447
All_dm6_minus_tracheal	76382448
All_dm6_minus_tracheal	76382449
All_dm6_minus_tracheal	76382450
All_dm6_minus_tracheal	76382451
All_dm6_minus_tracheal	76382452
All_dm6_minus_tracheal	76382453
All_dm6_minus_tracheal	76382454
All_dm6_minus_tracheal	76382455
All_dm6_minus_tracheal	76382456
All_dm6_minus_tracheal	76382457
All_dm6_minus_tracheal	76382458
All_dm6_minus_tracheal	76382459
All_dm6_minus_tracheal	76382460
All_dm6_minus_tracheal	76382461
All_dm6_minus_tracheal	76382462
All_dm6_minus_tracheal	76382463
All_dm6_minus_tracheal	76382464
All_dm6_minus_tracheal	76723145
All_dm6_minus_tracheal	76723146
All_dm6_minus_tracheal	76723147
All_dm6_minus_tracheal	76723148
All_dm6_minus_tracheal	76723149
All_dm6_minus_tracheal	76723150
All_dm6_minus_tracheal	76723151
All_dm6_minus_tracheal	76723152
All_dm6_minus_tracheal	86703974
All_dm6_minus_tracheal	86703975
All_dm6_minus_tracheal	86703976
All_dm6_minus_tracheal	86703977
All_dm6_minus_tracheal	86703978
All_dm6_minus_tracheal	86703979
All_dm6_minus_tracheal	86703980
All_dm6_minus_tracheal	86703981
