tracheal_sg	43383
tracheal_sg	43384
tracheal_sg	49638
tracheal_sg	33602
tracheal_sg	44817
tracheal_sg	38752
tracheal_sg	38168
tracheal_sg	35614
tracheal_sg	36613
tracheal_sg	36615
tracheal_sg	41579
tracheal_sg	46080
tracheal_sg	45880
tracheal_sg	38727
tracheal_sg	42773
tracheal_sg	33966
tracheal_sg	38723
tracheal_sg	43026
tracheal_sg	36669
tracheal_sg	40790
tracheal_sg	40786
tracheal_sg	40745
tracheal_sg	37706
tracheal_sg	39402
tracheal_sg	35125
tracheal_sg	35132
tracheal_sg	32148
tracheal_sg	38434
tracheal_sg	42801
tracheal_sg	37458
tracheal_sg	48805
tracheal_sg	38674
tracheal_sg	38669
tracheal_sg	39419
tracheal_sg	117353
tracheal_sg	37447
tracheal_sg	32400
tracheal_sg	38703
tracheal_sg	41399
tracheal_sg	39439
tracheal_sg	38643
tracheal_sg	40314
tracheal_sg	40323
tracheal_sg	38635
tracheal_sg	38629
tracheal_sg	39440
tracheal_sg	39435
tracheal_sg	39434
tracheal_sg	49427
tracheal_sg	39423
tracheal_sg	43068
tracheal_sg	44879
tracheal_sg	35190
tracheal_sg	39409
tracheal_sg	31816
tracheal_sg	39418
tracheal_sg	38698
tracheal_sg	37202
tracheal_sg	31300
tracheal_sg	31310
tracheal_sg	38419
tracheal_sg	40553
tracheal_sg	33409
tracheal_sg	40905
tracheal_sg	40952
tracheal_sg	33369
tracheal_sg	37089
tracheal_sg	37130
tracheal_sg	37000
tracheal_sg	39458
tracheal_sg	39454
tracheal_sg	40714
tracheal_sg	44819
tracheal_sg	39460
tracheal_sg	40843
tracheal_sg	49997
tracheal_sg	37524
tracheal_sg	42976
tracheal_sg	40527
tracheal_sg	43830
tracheal_sg	42973
tracheal_sg	35664
tracheal_sg	40510
tracheal_sg	37342
tracheal_sg	45398
tracheal_sg	33803
tracheal_sg	37790
tracheal_sg	33943
tracheal_sg	37301
tracheal_sg	37534
tracheal_sg	39493
tracheal_sg	40599
tracheal_sg	40402
tracheal_sg	40486
tracheal_sg	31065
tracheal_sg	44540
tracheal_sg	31078
tracheal_sg	31083
tracheal_sg	40471
tracheal_sg	31388
tracheal_sg	45339
tracheal_sg	45785
tracheal_sg	50096
tracheal_sg	40875
tracheal_sg	38373
tracheal_sg	40766
tracheal_sg	40770
tracheal_sg	33883
tracheal_sg	40771
tracheal_sg	326206
tracheal_sg	32363
tracheal_sg	35425
tracheal_sg	31048
tracheal_sg	31042
tracheal_sg	47763
tracheal_sg	39899
tracheal_sg	41608
tracheal_sg	50024
tracheal_sg	40775
tracheal_sg	32104
tracheal_sg	32088
tracheal_sg	33033
tracheal_sg	42996
tracheal_sg	42998
tracheal_sg	42999
tracheal_sg	36099
tracheal_sg	43042
tracheal_sg	43436
tracheal_sg	39895
tracheal_sg	53473
tracheal_sg	41069
tracheal_sg	41084
tracheal_sg	38405
tracheal_sg	38076
tracheal_sg	43715
tracheal_sg	31815
tracheal_sg	32045
tracheal_sg	36033
tracheal_sg	36037
tracheal_sg	44978
tracheal_sg	35651
tracheal_sg	45041
tracheal_sg	31316
tracheal_sg	31391
tracheal_sg	36072
tracheal_sg	42833
tracheal_sg	34673
tracheal_sg	35027
tracheal_sg	31024
tracheal_sg	40870
tracheal_sg	40708
tracheal_sg	36363
tracheal_sg	36410
tracheal_sg	36224
tracheal_sg	3354921
tracheal_sg	40694
tracheal_sg	40824
tracheal_sg	39248
tracheal_sg	40522
tracheal_sg	40524
tracheal_sg	38511
tracheal_sg	41263
tracheal_sg	40453
tracheal_sg	33619
tracheal_sg	31678
tracheal_sg	32994
tracheal_sg	32271
tracheal_sg	38522
tracheal_sg	53577
tracheal_sg	36024
tracheal_sg	40672
tracheal_sg	35099
tracheal_sg	37185
tracheal_sg	41262
tracheal_sg	43328
tracheal_sg	36087
tracheal_sg	38374
tracheal_sg	36046
tracheal_sg	41105
tracheal_sg	35504
tracheal_sg	38496
tracheal_sg	32673
tracheal_sg	32670
tracheal_sg	39791
tracheal_sg	39788
tracheal_sg	39785
tracheal_sg	35244
tracheal_sg	36344
tracheal_sg	38528
tracheal_sg	36275
tracheal_sg	36268
tracheal_sg	36276
tracheal_sg	36273
tracheal_sg	36250
tracheal_sg	35013
tracheal_sg	35008
tracheal_sg	31331
tracheal_sg	36427
tracheal_sg	38500
tracheal_sg	36509
tracheal_sg	34156
tracheal_sg	43642
tracheal_sg	37322
tracheal_sg	47065
tracheal_sg	43373
tracheal_sg	39637
tracheal_sg	37556
tracheal_sg	37596
tracheal_sg	37921
tracheal_sg	42933
tracheal_sg	42941
tracheal_sg	50073
tracheal_sg	42947
tracheal_sg	42967
tracheal_sg	43033
tracheal_sg	38906
tracheal_sg	38922
tracheal_sg	50263
tracheal_sg	40000
tracheal_sg	38588
tracheal_sg	38587
tracheal_sg	36053
tracheal_sg	33994
tracheal_sg	38096
tracheal_sg	38074
tracheal_sg	38093
tracheal_sg	33875
tracheal_sg	33753
tracheal_sg	33759
tracheal_sg	33114
tracheal_sg	33739
tracheal_sg	40081
tracheal_sg	33048
tracheal_sg	3772670
tracheal_sg	31698
tracheal_sg	31701
tracheal_sg	32377
tracheal_sg	41722
tracheal_sg	43663
tracheal_sg	31776
tracheal_sg	36029
tracheal_sg	31644
tracheal_sg	31703
tracheal_sg	40484
tracheal_sg	34075
tracheal_sg	40417
tracheal_sg	40893
tracheal_sg	33129
tracheal_sg	31075
tracheal_sg	32211
tracheal_sg	40526
tracheal_sg	40685
tracheal_sg	35798
tracheal_sg	31085
tracheal_sg	31097
tracheal_sg	45250
tracheal_sg	43765
tracheal_sg	38800
tracheal_sg	33108
tracheal_sg	41854
tracheal_sg	34547
tracheal_sg	38403
tracheal_sg	43716
tracheal_sg	38490
tracheal_sg	38514
tracheal_sg	38499
tracheal_sg	38531
tracheal_sg	37167
tracheal_sg	37149
tracheal_sg	37168
tracheal_sg	46085
tracheal_sg	37197
tracheal_sg	35077
tracheal_sg	35085
tracheal_sg	35116
tracheal_sg	40777
tracheal_sg	40776
tracheal_sg	43402
tracheal_sg	31343
tracheal_sg	31931
tracheal_sg	34897
tracheal_sg	34887
tracheal_sg	31786
tracheal_sg	43691
tracheal_sg	33649
tracheal_sg	43623
tracheal_sg	43584
tracheal_sg	40763
tracheal_sg	33681
tracheal_sg	32279
tracheal_sg	32765
tracheal_sg	47082
tracheal_sg	43259
tracheal_sg	41631
tracheal_sg	35690
tracheal_sg	35677
tracheal_sg	36011
tracheal_sg	53578
tracheal_sg	31792
tracheal_sg	40640
tracheal_sg	37856
tracheal_sg	35308
tracheal_sg	39818
tracheal_sg	34730
tracheal_sg	33112
tracheal_sg	34811
tracheal_sg	34809
tracheal_sg	39648
tracheal_sg	39687
tracheal_sg	33474
tracheal_sg	38067
tracheal_sg	33022
tracheal_sg	42723
tracheal_sg	42721
tracheal_sg	34485
tracheal_sg	33346
tracheal_sg	34646
tracheal_sg	33518
tracheal_sg	33509
tracheal_sg	42463
tracheal_sg	38639
tracheal_sg	32094
tracheal_sg	32095
tracheal_sg	35207
tracheal_sg	35182
tracheal_sg	33141
tracheal_sg	33354
tracheal_sg	32275
tracheal_sg	36001
tracheal_sg	38407
tracheal_sg	37131
tracheal_sg	42879
tracheal_sg	42267
tracheal_sg	31810
tracheal_sg	35002
tracheal_sg	35005
tracheal_sg	40780
tracheal_sg	40345
tracheal_sg	3355116
tracheal_sg	43730
tracheal_sg	36773
tracheal_sg	30991
tracheal_sg	36486
tracheal_sg	33056
tracheal_sg	37422
tracheal_sg	36105
tracheal_sg	34775
tracheal_sg	49804
tracheal_sg	41538
tracheal_sg	48317
tracheal_sg	42201
tracheal_sg	32398
tracheal_sg	47764
tracheal_sg	35733
tracheal_sg	45285
tracheal_sg	44013
tracheal_sg	38241
tracheal_sg	38432
tracheal_sg	43747
tracheal_sg	32140
tracheal_sg	35953
tracheal_sg	43504
tracheal_sg	38231
tracheal_sg	40836
tracheal_sg	31925
tracheal_sg	40612
tracheal_sg	38346
tracheal_sg	40701
tracheal_sg	43767
tracheal_sg	35688
tracheal_sg	43745
tracheal_sg	32018
tracheal_sg	44087
tracheal_sg	40831
tracheal_sg	35417
tracheal_sg	31964
tracheal_sg	31740
tracheal_sg	43473
tracheal_sg	40819
tracheal_sg	40815
tracheal_sg	36118
tracheal_sg	35623
tracheal_sg	32122
tracheal_sg	32154
tracheal_sg	40861
tracheal_sg	47251
tracheal_sg	32203
tracheal_sg	32201
tracheal_sg	40921
tracheal_sg	40649
tracheal_sg	45884
tracheal_sg	38009
tracheal_sg	37999
tracheal_sg	31271
tracheal_sg	37994
tracheal_sg	40946
tracheal_sg	40943
tracheal_sg	37801
tracheal_sg	33237
tracheal_sg	48572
tracheal_sg	33234
tracheal_sg	40935
tracheal_sg	31215
tracheal_sg	37968
tracheal_sg	33636
tracheal_sg	33027
tracheal_sg	41697
tracheal_sg	45922
tracheal_sg	45875
tracheal_sg	246397
tracheal_sg	246445
tracheal_sg	43997
tracheal_sg	36950
tracheal_sg	37119
tracheal_sg	37454
tracheal_sg	246528
tracheal_sg	246534
tracheal_sg	35885
tracheal_sg	35809
tracheal_sg	45382
tracheal_sg	37437
tracheal_sg	37986
tracheal_sg	246614
tracheal_sg	35496
tracheal_sg	35704
tracheal_sg	33495
tracheal_sg	37537
tracheal_sg	48571
tracheal_sg	326112
tracheal_sg	43586
tracheal_sg	43539
tracheal_sg	42975
tracheal_sg	318600
tracheal_sg	42784
tracheal_sg	41339
tracheal_sg	41770
tracheal_sg	41457
tracheal_sg	318681
tracheal_sg	43177
tracheal_sg	41178
tracheal_sg	41835
tracheal_sg	31617
tracheal_sg	261629
tracheal_sg	41470
tracheal_sg	41392
tracheal_sg	40826
tracheal_sg	33498
tracheal_sg	318776
tracheal_sg	326148
tracheal_sg	41710
tracheal_sg	44307
tracheal_sg	35427
tracheal_sg	33986
tracheal_sg	33171
tracheal_sg	140439
tracheal_sg	34894
tracheal_sg	35118
tracheal_sg	34652
tracheal_sg	10178782
tracheal_sg	318955
tracheal_sg	318957
tracheal_sg	34463
tracheal_sg	33158
tracheal_sg	38990
tracheal_sg	39206
tracheal_sg	39368
tracheal_sg	45328
tracheal_sg	39537
tracheal_sg	39831
tracheal_sg	317894
tracheal_sg	39978
tracheal_sg	40150
tracheal_sg	38578
tracheal_sg	31600
tracheal_sg	3772569
tracheal_sg	3772375
tracheal_sg	251645
tracheal_sg	38382
tracheal_sg	317952
tracheal_sg	38293
tracheal_sg	46719
tracheal_sg	326208
tracheal_sg	45879
tracheal_sg	318014
tracheal_sg	40412
tracheal_sg	40495
tracheal_sg	45467
tracheal_sg	41636
tracheal_sg	43174
tracheal_sg	33562
tracheal_sg	31309
tracheal_sg	33144
tracheal_sg	32826
tracheal_sg	32352
tracheal_sg	32312
tracheal_sg	32174
tracheal_sg	31980
tracheal_sg	31933
tracheal_sg	326234
tracheal_sg	44861
tracheal_sg	35454
tracheal_sg	31229
tracheal_sg	31717
tracheal_sg	39625
tracheal_sg	41931
tracheal_sg	41177
tracheal_sg	50068
tracheal_sg	34514
tracheal_sg	37867
tracheal_sg	36073
tracheal_sg	318824
tracheal_sg	117331
tracheal_sg	32483
tracheal_sg	2768859
tracheal_sg	2768889
tracheal_sg	2768960
tracheal_sg	2768981
tracheal_sg	2768948
tracheal_sg	37871
tracheal_sg	38083
tracheal_sg	2768831
tracheal_sg	2768670
tracheal_sg	3346176
tracheal_sg	3346177
tracheal_sg	33627
tracheal_sg	41455
tracheal_sg	33263
tracheal_sg	49968
tracheal_sg	3771728
tracheal_sg	3772560
tracheal_sg	43294
tracheal_sg	37884
tracheal_sg	37887
tracheal_sg	39572
tracheal_sg	2768685
tracheal_sg	37890
tracheal_sg	42504
tracheal_sg	5740195
tracheal_sg	39106
tracheal_sg	35107
tracheal_sg	35904
tracheal_sg	41217
tracheal_sg	5740472
tracheal_sg	42715
tracheal_sg	36592
tracheal_sg	5740788
tracheal_sg	5740131
tracheal_sg	5740547
tracheal_sg	31195
tracheal_sg	34850
tracheal_sg	34881
tracheal_sg	37618
tracheal_sg	33434
tracheal_sg	31382
tracheal_sg	50392
tracheal_sg	42493
tracheal_sg	42313
tracheal_sg	37557
tracheal_sg	31189
tracheal_sg	31052
tracheal_sg	42490
tracheal_sg	37386
tracheal_sg	49297
tracheal_sg	47942
tracheal_sg	30979
tracheal_sg	34263
tracheal_sg	31560
tracheal_sg	33715
tracheal_sg	37823
tracheal_sg	36424
tracheal_sg	39939
tracheal_sg	34927
tracheal_sg	41226
tracheal_sg	33604
tracheal_sg	33265
tracheal_sg	39862
tracheal_sg	34908
tracheal_sg	33610
tracheal_sg	32228
tracheal_sg	36444
tracheal_sg	34294
tracheal_sg	3355016
tracheal_sg	34296
tracheal_sg	34300
tracheal_sg	33210
tracheal_sg	34302
tracheal_sg	31176
tracheal_sg	37757
tracheal_sg	42449
tracheal_sg	40045
tracheal_sg	41300
tracheal_sg	37751
tracheal_sg	31490
tracheal_sg	41499
tracheal_sg	39843
tracheal_sg	30998
tracheal_sg	39841
tracheal_sg	5740294
tracheal_sg	33220
tracheal_sg	34966
tracheal_sg	34844
tracheal_sg	42632
tracheal_sg	33275
tracheal_sg	39145
tracheal_sg	32898
tracheal_sg	44297
tracheal_sg	37038
tracheal_sg	36473
tracheal_sg	42948
tracheal_sg	7354421
tracheal_sg	42299
tracheal_sg	7354376
tracheal_sg	8673992
tracheal_sg	53567
tracheal_sg	42428
tracheal_sg	38558
tracheal_sg	39004
tracheal_sg	8674036
tracheal_sg	34896
tracheal_sg	40153
tracheal_sg	39809
tracheal_sg	31136
tracheal_sg	44258
tracheal_sg	39111
tracheal_sg	39889
tracheal_sg	36609
tracheal_sg	39453
tracheal_sg	31438
tracheal_sg	33268
tracheal_sg	3771968
tracheal_sg	31171
tracheal_sg	34179
tracheal_sg	38065
tracheal_sg	31001
tracheal_sg	44154
tracheal_sg	38895
tracheal_sg	41062
tracheal_sg	3772015
tracheal_sg	37830
tracheal_sg	246515
tracheal_sg	12798140
tracheal_sg	35519
tracheal_sg	318843
tracheal_sg	44448
tracheal_sg	40583
tracheal_sg	37889
tracheal_sg	34287
tracheal_sg	44380
tracheal_sg	39231
tracheal_sg	35277
tracheal_sg	38810
tracheal_sg	14462836
tracheal_sg	37486
tracheal_sg	35284
tracheal_sg	2768995
tracheal_sg	42215
tracheal_sg	14462485
tracheal_sg	3346167
tracheal_sg	42742
tracheal_sg	37657
tracheal_sg	19835865
tracheal_sg	33282
tracheal_sg	32303
tracheal_sg	50458
tracheal_sg	37573
tracheal_sg	35627
tracheal_sg	42380
tracheal_sg	38815
tracheal_sg	39077
tracheal_sg	39055
tracheal_sg	34847
tracheal_sg	32285
tracheal_sg	37741
tracheal_sg	42676
tracheal_sg	19836116
tracheal_sg	19835504
tracheal_sg	33861
tracheal_sg	19834937
tracheal_sg	41305
tracheal_sg	39833
tracheal_sg	33289
tracheal_sg	26067052
tracheal_sg	31646
tracheal_sg	34313
tracheal_sg	42356
tracheal_sg	26067068
tracheal_sg	26067077
tracheal_sg	26067078
tracheal_sg	246653
tracheal_sg	36461
tracheal_sg	31541
tracheal_sg	36464
tracheal_sg	32652
tracheal_sg	37931
tracheal_sg	41472
tracheal_sg	40287
tracheal_sg	43095
tracheal_sg	34330
tracheal_sg	33292
tracheal_sg	39820
tracheal_sg	40285
tracheal_sg	34336
tracheal_sg	36953
tracheal_sg	34338
tracheal_sg	41479
tracheal_sg	37949
tracheal_sg	41347
tracheal_sg	34568
tracheal_sg	34363
tracheal_sg	39597
tracheal_sg	34570
tracheal_sg	31359
tracheal_sg	39017
tracheal_sg	37025
tracheal_sg	39025
tracheal_sg	37036
tracheal_sg	39028
tracheal_sg	39624
tracheal_sg	40271
tracheal_sg	38633
tracheal_sg	37116
tracheal_sg	42063
tracheal_sg	34427
tracheal_sg	39619
tracheal_sg	37121
tracheal_sg	39038
tracheal_sg	41528
tracheal_sg	42672
tracheal_sg	38638
tracheal_sg	44005
tracheal_sg	42658
tracheal_sg	42079
tracheal_sg	39611
tracheal_sg	37142
tracheal_sg	37143
tracheal_sg	45784
tracheal_sg	37729
tracheal_sg	34392
tracheal_sg	42649
tracheal_sg	42618
tracheal_sg	37734
tracheal_sg	33313
tracheal_sg	42439
tracheal_sg	39995
tracheal_sg	37139
tracheal_sg	43352
tracheal_sg	38655
tracheal_sg	37785
tracheal_sg	43325
tracheal_sg	37800
tracheal_sg	43323
tracheal_sg	40241
tracheal_sg	39382
tracheal_sg	40372
tracheal_sg	43310
tracheal_sg	37066
tracheal_sg	43991
tracheal_sg	42885
tracheal_sg	42899
tracheal_sg	37080
tracheal_sg	44703
tracheal_sg	35097
tracheal_sg	44790
tracheal_sg	42296
tracheal_sg	42100
tracheal_sg	34314
tracheal_sg	39570
tracheal_sg	43273
tracheal_sg	31547
tracheal_sg	39336
tracheal_sg	34985
tracheal_sg	38989
tracheal_sg	40270
tracheal_sg	42292
tracheal_sg	43271
tracheal_sg	34027
tracheal_sg	43155
tracheal_sg	41884
tracheal_sg	43127
tracheal_sg	41967
tracheal_sg	42862
tracheal_sg	41569
tracheal_sg	39720
tracheal_sg	41870
tracheal_sg	41864
tracheal_sg	39262
tracheal_sg	47137
tracheal_sg	41863
tracheal_sg	32820
tracheal_sg	34546
tracheal_sg	34548
tracheal_sg	39233
tracheal_sg	43234
tracheal_sg	32831
tracheal_sg	42894
tracheal_sg	42595
tracheal_sg	34658
tracheal_sg	39218
tracheal_sg	39936
tracheal_sg	34569
tracheal_sg	34571
tracheal_sg	36989
tracheal_sg	38998
tracheal_sg	32849
tracheal_sg	35054
tracheal_sg	42580
tracheal_sg	41837
tracheal_sg	34749
tracheal_sg	32857
tracheal_sg	34647
tracheal_sg	34636
tracheal_sg	35051
tracheal_sg	44135
tracheal_sg	38694
tracheal_sg	35047
tracheal_sg	42934
tracheal_sg	36546
tracheal_sg	42937
tracheal_sg	42564
tracheal_sg	42985
tracheal_sg	34614
tracheal_sg	36150
tracheal_sg	45460
tracheal_sg	35045
tracheal_sg	32858
tracheal_sg	44679
tracheal_sg	38978
tracheal_sg	40487
tracheal_sg	32778
tracheal_sg	40052
tracheal_sg	35041
tracheal_sg	31425
tracheal_sg	42657
tracheal_sg	39367
tracheal_sg	42662
tracheal_sg	38708
tracheal_sg	41438
tracheal_sg	42962
tracheal_sg	42963
tracheal_sg	41983
tracheal_sg	42702
tracheal_sg	31841
tracheal_sg	38023
tracheal_sg	42615
tracheal_sg	42609
tracheal_sg	33402
tracheal_sg	32876
tracheal_sg	34059
tracheal_sg	40378
tracheal_sg	37206
tracheal_sg	33796
tracheal_sg	43973
tracheal_sg	39314
tracheal_sg	33367
tracheal_sg	31030
tracheal_sg	34094
tracheal_sg	40428
tracheal_sg	40433
tracheal_sg	42347
tracheal_sg	34445
tracheal_sg	38540
tracheal_sg	39682
tracheal_sg	34442
tracheal_sg	37217
tracheal_sg	40444
tracheal_sg	39284
tracheal_sg	40970
tracheal_sg	32902
tracheal_sg	43479
tracheal_sg	34882
tracheal_sg	40388
tracheal_sg	42115
tracheal_sg	36135
tracheal_sg	40189
tracheal_sg	42211
tracheal_sg	42242
tracheal_sg	42139
tracheal_sg	39918
tracheal_sg	43005
tracheal_sg	34134
tracheal_sg	32493
tracheal_sg	32912
tracheal_sg	39232
tracheal_sg	38199
tracheal_sg	38214
tracheal_sg	42183
tracheal_sg	36829
tracheal_sg	38224
tracheal_sg	32921
tracheal_sg	35941
tracheal_sg	34132
tracheal_sg	35930
tracheal_sg	35920
tracheal_sg	36865
tracheal_sg	35905
tracheal_sg	36717
tracheal_sg	44702
tracheal_sg	44095
tracheal_sg	36730
tracheal_sg	35902
tracheal_sg	35897
tracheal_sg	35892
tracheal_sg	35891
tracheal_sg	32520
tracheal_sg	36741
tracheal_sg	38883
tracheal_sg	41161
tracheal_sg	36858
tracheal_sg	39130
tracheal_sg	41163
tracheal_sg	36759
tracheal_sg	36288
tracheal_sg	34123
tracheal_sg	34122
tracheal_sg	40167
tracheal_sg	36849
tracheal_sg	36762
tracheal_sg	36763
tracheal_sg	36775
tracheal_sg	36782
tracheal_sg	36789
tracheal_sg	41623
tracheal_sg	36337
tracheal_sg	36351
tracheal_sg	36353
tracheal_sg	41747
tracheal_sg	36365
tracheal_sg	34109
tracheal_sg	38830
tracheal_sg	32728
tracheal_sg	41740
tracheal_sg	38819
tracheal_sg	36378
tracheal_sg	37272
tracheal_sg	38807
tracheal_sg	41629
tracheal_sg	37275
tracheal_sg	35825
tracheal_sg	35793
tracheal_sg	35792
tracheal_sg	35773
tracheal_sg	40161
tracheal_sg	36409
tracheal_sg	36395
tracheal_sg	33569
tracheal_sg	36927
tracheal_sg	33814
tracheal_sg	36280
tracheal_sg	42029
tracheal_sg	36243
tracheal_sg	36242
tracheal_sg	32539
tracheal_sg	31849
tracheal_sg	45680
tracheal_sg	37299
tracheal_sg	36196
tracheal_sg	32683
tracheal_sg	38121
tracheal_sg	38137
tracheal_sg	37296
tracheal_sg	33807
tracheal_sg	33862
tracheal_sg	38150
tracheal_sg	38134
tracheal_sg	37290
tracheal_sg	39588
tracheal_sg	35386
tracheal_sg	35379
tracheal_sg	35376
tracheal_sg	40128
tracheal_sg	34750
tracheal_sg	41687
tracheal_sg	35335
tracheal_sg	35343
tracheal_sg	35355
tracheal_sg	35357
tracheal_sg	32130
tracheal_sg	37997
tracheal_sg	45368
tracheal_sg	40137
tracheal_sg	35555
tracheal_sg	44226
tracheal_sg	40117
tracheal_sg	34206
tracheal_sg	32424
tracheal_sg	33903
tracheal_sg	33905
tracheal_sg	33908
tracheal_sg	33019
tracheal_sg	41907
tracheal_sg	32665
tracheal_sg	40104
tracheal_sg	39593
tracheal_sg	40095
tracheal_sg	31665
tracheal_sg	40962
tracheal_sg	39897
tracheal_sg	31922
tracheal_sg	31923
tracheal_sg	39873
tracheal_sg	39876
tracheal_sg	41019
tracheal_sg	43636
tracheal_sg	43593
tracheal_sg	43591
tracheal_sg	41094
tracheal_sg	39388
tracheal_sg	40549
tracheal_sg	41650
tracheal_sg	41647
tracheal_sg	40562
tracheal_sg	37709
tracheal_sg	37668
tracheal_sg	37662
tracheal_sg	47874
tracheal_sg	45396
tracheal_sg	32617
tracheal_sg	32612
tracheal_sg	38350
tracheal_sg	43391
tracheal_sg	8673968
tracheal_sg	10178800
tracheal_sg	10178917
tracheal_sg	12797870
tracheal_sg	40833
tracheal_sg	33392
tracheal_sg	31151
tracheal_sg	43739
tracheal_sg	45278
tracheal_sg	33432
tracheal_sg	38091
tracheal_sg	45307
tracheal_sg	38995
tracheal_sg	41032
tracheal_sg	33782
tracheal_sg	48971
tracheal_sg	42757
tracheal_sg	41772
tracheal_sg	44855
tracheal_sg	44856
tracheal_sg	33281
tracheal_sg	42162
tracheal_sg	37455
tracheal_sg	35851
tracheal_sg	32115
tracheal_sg	42737
tracheal_sg	31293
tracheal_sg	32818
tracheal_sg	35253
tracheal_sg	43604
tracheal_sg	39491
tracheal_sg	46187
tracheal_sg	33529
tracheal_sg	31101
tracheal_sg	36542
tracheal_sg	38424
tracheal_sg	35942
tracheal_sg	33953
tracheal_sg	40090
tracheal_sg	33470
tracheal_sg	38736
tracheal_sg	34843
tracheal_sg	37929
tracheal_sg	38976
tracheal_sg	37034
tracheal_sg	34505
tracheal_sg	43228
tracheal_sg	43717
tracheal_sg	36084
tracheal_sg	42496
tracheal_sg	38516
tracheal_sg	53433
tracheal_sg	39596
tracheal_sg	32976
tracheal_sg	38338
tracheal_sg	43769
tracheal_sg	7354381
tracheal_sg	7354378
tracheal_sg	7354377
tracheal_sg	42327
tracheal_sg	40704
tracheal_sg	32056
tracheal_sg	40149
tracheal_sg	38760
tracheal_sg	43856
tracheal_sg	48973
tracheal_sg	36746
tracheal_sg	35007
tracheal_sg	35524
tracheal_sg	43580
tracheal_sg	41451
tracheal_sg	37368
tracheal_sg	38756
tracheal_sg	37465
tracheal_sg	40792
tracheal_sg	42809
tracheal_sg	36668
tracheal_sg	35104
tracheal_sg	42037
tracheal_sg	40830
tracheal_sg	42034
tracheal_sg	35168
tracheal_sg	39429
tracheal_sg	40332
tracheal_sg	38433
tracheal_sg	35158
tracheal_sg	39436
tracheal_sg	40850
tracheal_sg	35200
tracheal_sg	31707
tracheal_sg	41670
tracheal_sg	43823
tracheal_sg	50286
tracheal_sg	43824
tracheal_sg	33930
tracheal_sg	40514
tracheal_sg	37337
tracheal_sg	35662
tracheal_sg	32321
tracheal_sg	40414
tracheal_sg	39476
tracheal_sg	38469
tracheal_sg	37355
tracheal_sg	44505
tracheal_sg	41491
tracheal_sg	43469
tracheal_sg	33196
tracheal_sg	44843
tracheal_sg	38456
tracheal_sg	48312
tracheal_sg	39293
tracheal_sg	33227
tracheal_sg	33003
tracheal_sg	37205
tracheal_sg	44548
tracheal_sg	31802
tracheal_sg	42379
tracheal_sg	39228
tracheal_sg	32780
tracheal_sg	44510
tracheal_sg	38389
tracheal_sg	37641
tracheal_sg	36109
tracheal_sg	32644
tracheal_sg	34405
tracheal_sg	43650
tracheal_sg	38730
tracheal_sg	31328
tracheal_sg	30972
tracheal_sg	31913
tracheal_sg	39676
tracheal_sg	37521
tracheal_sg	42890
tracheal_sg	35694
tracheal_sg	35430
tracheal_sg	33991
tracheal_sg	44786
tracheal_sg	38203
tracheal_sg	38222
tracheal_sg	43466
tracheal_sg	33267
tracheal_sg	44072
tracheal_sg	31220
tracheal_sg	39909
tracheal_sg	40046
tracheal_sg	39465
tracheal_sg	39151
tracheal_sg	39149
tracheal_sg	32955
tracheal_sg	32968
tracheal_sg	53448
tracheal_sg	36032
tracheal_sg	33339
tracheal_sg	31611
tracheal_sg	49953
tracheal_sg	44266
tracheal_sg	43152
tracheal_sg	41289
tracheal_sg	41297
tracheal_sg	41275
tracheal_sg	41432
tracheal_sg	38513
tracheal_sg	32801
tracheal_sg	33650
tracheal_sg	45280
tracheal_sg	33607
tracheal_sg	46194
tracheal_sg	32009
tracheal_sg	41651
tracheal_sg	41273
tracheal_sg	38072
tracheal_sg	41363
tracheal_sg	35180
tracheal_sg	43693
tracheal_sg	35540
tracheal_sg	33351
tracheal_sg	35340
tracheal_sg	3355136
tracheal_sg	35652
tracheal_sg	45588
tracheal_sg	34996
tracheal_sg	37480
tracheal_sg	33245
tracheal_sg	37481
tracheal_sg	31773
tracheal_sg	44275
tracheal_sg	43828
tracheal_sg	43488
tracheal_sg	35991
tracheal_sg	48632
tracheal_sg	44205
tracheal_sg	34080
tracheal_sg	59178
tracheal_sg	43804
tracheal_sg	43741
tracheal_sg	40848
tracheal_sg	32057
tracheal_sg	43501
tracheal_sg	40724
tracheal_sg	35418
tracheal_sg	40616
tracheal_sg	33172
tracheal_sg	37591
tracheal_sg	33471
tracheal_sg	31217
tracheal_sg	31339
tracheal_sg	33608
tracheal_sg	43841
tracheal_sg	36924
tracheal_sg	33638
tracheal_sg	50225
tracheal_sg	39620
tracheal_sg	43528
tracheal_sg	43654
tracheal_sg	43300
tracheal_sg	30975
tracheal_sg	42665
tracheal_sg	46155
tracheal_sg	318658
tracheal_sg	35480
tracheal_sg	34453
tracheal_sg	318959
tracheal_sg	35563
tracheal_sg	34530
tracheal_sg	39041
tracheal_sg	39198
tracheal_sg	39564
tracheal_sg	39561
tracheal_sg	40171
tracheal_sg	38438
tracheal_sg	38605
tracheal_sg	30985
tracheal_sg	32430
tracheal_sg	32097
tracheal_sg	32005
tracheal_sg	31089
tracheal_sg	44097
tracheal_sg	47283
tracheal_sg	40504
tracheal_sg	36945
tracheal_sg	42524
tracheal_sg	41899
tracheal_sg	2768992
tracheal_sg	42521
tracheal_sg	37873
tracheal_sg	2768719
tracheal_sg	39623
tracheal_sg	3346238
tracheal_sg	3772082
tracheal_sg	39621
tracheal_sg	3885610
tracheal_sg	39107
tracheal_sg	5740440
tracheal_sg	5740715
tracheal_sg	33995
tracheal_sg	5740323
tracheal_sg	41749
tracheal_sg	5740462
tracheal_sg	37695
tracheal_sg	31379
tracheal_sg	31071
tracheal_sg	45827
tracheal_sg	33643
tracheal_sg	31056
tracheal_sg	31364
tracheal_sg	31373
tracheal_sg	37646
tracheal_sg	40056
tracheal_sg	31596
tracheal_sg	3354861
tracheal_sg	31521
tracheal_sg	33218
tracheal_sg	32133
tracheal_sg	48782
tracheal_sg	34906
tracheal_sg	34885
tracheal_sg	41935
tracheal_sg	39583
tracheal_sg	7354398
tracheal_sg	34665
tracheal_sg	40620
tracheal_sg	43787
tracheal_sg	32183
tracheal_sg	7354466
tracheal_sg	34987
tracheal_sg	44653
tracheal_sg	37841
tracheal_sg	5740320
tracheal_sg	8674055
tracheal_sg	31000
tracheal_sg	41840
tracheal_sg	31826
tracheal_sg	43946
tracheal_sg	38732
tracheal_sg	35442
tracheal_sg	10178814
tracheal_sg	41844
tracheal_sg	39403
tracheal_sg	250811
tracheal_sg	53560
tracheal_sg	41958
tracheal_sg	31168
tracheal_sg	32158
tracheal_sg	31935
tracheal_sg	38347
tracheal_sg	32028
tracheal_sg	32729
tracheal_sg	3771905
tracheal_sg	45840
tracheal_sg	39527
tracheal_sg	32889
tracheal_sg	34560
tracheal_sg	32245
tracheal_sg	34032
tracheal_sg	40608
tracheal_sg	31831
tracheal_sg	39078
tracheal_sg	33981
tracheal_sg	38306
tracheal_sg	41917
tracheal_sg	39826
tracheal_sg	38593
tracheal_sg	42717
tracheal_sg	36846
tracheal_sg	39049
tracheal_sg	36491
tracheal_sg	41852
tracheal_sg	43096
tracheal_sg	32703
tracheal_sg	43087
tracheal_sg	42059
tracheal_sg	31017
tracheal_sg	41373
tracheal_sg	34426
tracheal_sg	39629
tracheal_sg	42436
tracheal_sg	39768
tracheal_sg	44522
tracheal_sg	43217
tracheal_sg	43222
tracheal_sg	43229
tracheal_sg	43354
tracheal_sg	40245
tracheal_sg	35066
tracheal_sg	44027
tracheal_sg	39377
tracheal_sg	64880
tracheal_sg	42889
tracheal_sg	40464
tracheal_sg	34976
tracheal_sg	37549
tracheal_sg	33736
tracheal_sg	34969
tracheal_sg	43125
tracheal_sg	34980
tracheal_sg	39976
tracheal_sg	42289
tracheal_sg	42291
tracheal_sg	39321
tracheal_sg	44438
tracheal_sg	43183
tracheal_sg	43165
tracheal_sg	41860
tracheal_sg	41558
tracheal_sg	36529
tracheal_sg	42893
tracheal_sg	42896
tracheal_sg	32761
tracheal_sg	37007
tracheal_sg	39215
tracheal_sg	37006
tracheal_sg	36967
tracheal_sg	41524
tracheal_sg	42571
tracheal_sg	34645
tracheal_sg	41342
tracheal_sg	45757
tracheal_sg	39152
tracheal_sg	43852
tracheal_sg	44437
tracheal_sg	31429
tracheal_sg	39387
tracheal_sg	32865
tracheal_sg	41434
tracheal_sg	41441
tracheal_sg	39651
tracheal_sg	38045
tracheal_sg	32872
tracheal_sg	35070
tracheal_sg	38937
tracheal_sg	39663
tracheal_sg	33781
tracheal_sg	39697
tracheal_sg	34095
tracheal_sg	38565
tracheal_sg	40383
tracheal_sg	44071
tracheal_sg	39270
tracheal_sg	43511
tracheal_sg	3772109
tracheal_sg	39935
tracheal_sg	42210
tracheal_sg	36171
tracheal_sg	40351
tracheal_sg	40177
tracheal_sg	40179
tracheal_sg	34137
tracheal_sg	38890
tracheal_sg	39217
tracheal_sg	32924
tracheal_sg	41027
tracheal_sg	36555
tracheal_sg	41113
tracheal_sg	36703
tracheal_sg	39150
tracheal_sg	32753
tracheal_sg	2768852
tracheal_sg	34127
tracheal_sg	35882
tracheal_sg	36747
tracheal_sg	36857
tracheal_sg	43153
tracheal_sg	43159
tracheal_sg	34120
tracheal_sg	34119
tracheal_sg	36306
tracheal_sg	36788
tracheal_sg	36793
tracheal_sg	41104
tracheal_sg	36329
tracheal_sg	36581
tracheal_sg	38831
tracheal_sg	35853
tracheal_sg	35846
tracheal_sg	32721
tracheal_sg	35405
tracheal_sg	35398
tracheal_sg	33744
tracheal_sg	35801
tracheal_sg	35924
tracheal_sg	40143
tracheal_sg	34805
tracheal_sg	36310
tracheal_sg	41938
tracheal_sg	37277
tracheal_sg	37304
tracheal_sg	36270
tracheal_sg	32548
tracheal_sg	44254
tracheal_sg	31842
tracheal_sg	33850
tracheal_sg	33983
tracheal_sg	38145
tracheal_sg	38152
tracheal_sg	37254
tracheal_sg	37238
tracheal_sg	47998
tracheal_sg	41162
tracheal_sg	41166
tracheal_sg	32406
tracheal_sg	33906
tracheal_sg	33834
tracheal_sg	33148
tracheal_sg	32661
tracheal_sg	32660
tracheal_sg	31660
tracheal_sg	41668
tracheal_sg	39878
tracheal_sg	39875
tracheal_sg	45399
tracheal_sg	37434
tracheal_sg	46260
tracheal_sg	40589
tracheal_sg	41058
tracheal_sg	37449
tracheal_sg	33462
tracheal_sg	32579
tracheal_sg	43906
tracheal_sg	37602
tracheal_sg	43385
tracheal_sg	35223
tracheal_sg	3772110
tracheal_sg	3772597
tracheal_sg	10178964
tracheal_sg	12798284
tracheal_sg	12798430
tracheal_sg	12798160
tracheal_sg	12798545
tracheal_sg	12797906
tracheal_sg	14462595
tracheal_sg	19834877
tracheal_sg	19835942
tracheal_sg	19834786
tracheal_sg	26067173
tracheal_sg	26067239
tracheal_sg	26067327
tracheal_sg	41503
tracheal_sg	38744
tracheal_sg	36632
tracheal_sg	42819
tracheal_sg	45318
tracheal_sg	33967
tracheal_sg	35225
tracheal_sg	40739
tracheal_sg	40835
tracheal_sg	42596
tracheal_sg	42027
tracheal_sg	33964
tracheal_sg	49505
tracheal_sg	38654
tracheal_sg	32544
tracheal_sg	38651
tracheal_sg	38634
tracheal_sg	34189
tracheal_sg	39441
tracheal_sg	35266
tracheal_sg	40664
tracheal_sg	38615
tracheal_sg	38613
tracheal_sg	38447
tracheal_sg	35151
tracheal_sg	44118
tracheal_sg	39430
tracheal_sg	49168
tracheal_sg	40508
tracheal_sg	39499
tracheal_sg	35197
tracheal_sg	44668
tracheal_sg	49090
tracheal_sg	36241
tracheal_sg	37214
tracheal_sg	44029
tracheal_sg	33918
tracheal_sg	33805
tracheal_sg	43827
tracheal_sg	44011
tracheal_sg	31778
tracheal_sg	33948
tracheal_sg	43648
tracheal_sg	38478
tracheal_sg	31813
tracheal_sg	40760
tracheal_sg	43724
tracheal_sg	33896
tracheal_sg	40761
tracheal_sg	43794
tracheal_sg	32471
tracheal_sg	36110
tracheal_sg	43000
tracheal_sg	35971
tracheal_sg	44643
tracheal_sg	41085
tracheal_sg	38446
tracheal_sg	38404
tracheal_sg	38436
tracheal_sg	35526
tracheal_sg	43694
tracheal_sg	43662
tracheal_sg	38177
tracheal_sg	38017
tracheal_sg	38028
tracheal_sg	32934
tracheal_sg	38047
tracheal_sg	32940
tracheal_sg	42077
tracheal_sg	40232
tracheal_sg	36133
tracheal_sg	41591
tracheal_sg	44391
tracheal_sg	38341
tracheal_sg	36673
tracheal_sg	36595
tracheal_sg	32981
tracheal_sg	41704
tracheal_sg	31843
tracheal_sg	48535
tracheal_sg	37769
tracheal_sg	53579
tracheal_sg	46662
tracheal_sg	41246
tracheal_sg	36089
tracheal_sg	32734
tracheal_sg	32684
tracheal_sg	32675
tracheal_sg	39776
tracheal_sg	34186
tracheal_sg	34242
tracheal_sg	38526
tracheal_sg	38302
tracheal_sg	35021
tracheal_sg	36538
tracheal_sg	36547
tracheal_sg	43862
tracheal_sg	37603
tracheal_sg	50133
tracheal_sg	42930
tracheal_sg	38195
tracheal_sg	33757
tracheal_sg	39512
tracheal_sg	40675
tracheal_sg	35426
tracheal_sg	36035
tracheal_sg	50363
tracheal_sg	32948
tracheal_sg	42195
tracheal_sg	32381
tracheal_sg	33131
tracheal_sg	31055
tracheal_sg	40529
tracheal_sg	41403
tracheal_sg	32169
tracheal_sg	34592
tracheal_sg	38406
tracheal_sg	38459
tracheal_sg	38485
tracheal_sg	38484
tracheal_sg	38542
tracheal_sg	46038
tracheal_sg	37175
tracheal_sg	37201
tracheal_sg	35037
tracheal_sg	49816
tracheal_sg	50417
tracheal_sg	43496
tracheal_sg	43541
tracheal_sg	38273
tracheal_sg	35687
tracheal_sg	31763
tracheal_sg	36009
tracheal_sg	43780
tracheal_sg	38315
tracheal_sg	41147
tracheal_sg	42531
tracheal_sg	36314
tracheal_sg	34824
tracheal_sg	41666
tracheal_sg	37960
tracheal_sg	31016
tracheal_sg	39736
tracheal_sg	38070
tracheal_sg	43788
tracheal_sg	43447
tracheal_sg	31976
tracheal_sg	34977
tracheal_sg	35507
tracheal_sg	44355
tracheal_sg	53428
tracheal_sg	3355143
tracheal_sg	4379911
tracheal_sg	36521
tracheal_sg	36059
tracheal_sg	39717
tracheal_sg	40517
tracheal_sg	37482
tracheal_sg	45928
tracheal_sg	39947
tracheal_sg	38180
tracheal_sg	42549
tracheal_sg	34192
tracheal_sg	47457
tracheal_sg	39633
tracheal_sg	37187
tracheal_sg	38370
tracheal_sg	41942
tracheal_sg	59151
tracheal_sg	59172
tracheal_sg	43481
tracheal_sg	40844
tracheal_sg	43428
tracheal_sg	32293
tracheal_sg	35950
tracheal_sg	40668
tracheal_sg	43582
tracheal_sg	43786
tracheal_sg	43587
tracheal_sg	36104
tracheal_sg	46415
tracheal_sg	43771
tracheal_sg	31722
tracheal_sg	40796
tracheal_sg	36040
tracheal_sg	32123
tracheal_sg	40904
tracheal_sg	33202
tracheal_sg	31979
tracheal_sg	31524
tracheal_sg	246487
tracheal_sg	246602
tracheal_sg	246627
tracheal_sg	43697
tracheal_sg	43620
tracheal_sg	42880
tracheal_sg	42687
tracheal_sg	42186
tracheal_sg	42148
tracheal_sg	33461
tracheal_sg	326141
tracheal_sg	33928
tracheal_sg	33863
tracheal_sg	33343
tracheal_sg	35265
tracheal_sg	34320
tracheal_sg	31474
tracheal_sg	43814
tracheal_sg	39235
tracheal_sg	38876
tracheal_sg	38845
tracheal_sg	38667
tracheal_sg	33083
tracheal_sg	33556
tracheal_sg	32743
tracheal_sg	64875
tracheal_sg	32425
tracheal_sg	35584
tracheal_sg	32001
tracheal_sg	31997
tracheal_sg	35577
tracheal_sg	31907
tracheal_sg	326237
tracheal_sg	31430
tracheal_sg	34237
tracheal_sg	35799
tracheal_sg	43872
tracheal_sg	33721
tracheal_sg	41225
tracheal_sg	2768836
tracheal_sg	3346141
tracheal_sg	3772382
tracheal_sg	41783
tracheal_sg	45233
tracheal_sg	38077
tracheal_sg	38106
tracheal_sg	19893533
tracheal_sg	19893535
tracheal_sg	19893540
tracheal_sg	19893542
tracheal_sg	19893551
tracheal_sg	19893555
tracheal_sg	37548
tracheal_sg	34353
tracheal_sg	35585
tracheal_sg	42638
tracheal_sg	50356
tracheal_sg	318206
tracheal_sg	31591
tracheal_sg	36076
tracheal_sg	33201
tracheal_sg	31376
tracheal_sg	33198
tracheal_sg	39083
tracheal_sg	33628
tracheal_sg	31187
tracheal_sg	34883
tracheal_sg	41800
tracheal_sg	37987
tracheal_sg	41805
tracheal_sg	31576
tracheal_sg	46020
tracheal_sg	33725
tracheal_sg	40059
tracheal_sg	39086
tracheal_sg	41944
tracheal_sg	3355155
tracheal_sg	3355123
tracheal_sg	32222
tracheal_sg	33727
tracheal_sg	39846
tracheal_sg	49424
tracheal_sg	34879
tracheal_sg	31173
tracheal_sg	32771
tracheal_sg	32233
tracheal_sg	37853
tracheal_sg	41836
tracheal_sg	8674066
tracheal_sg	41302
tracheal_sg	38863
tracheal_sg	41817
tracheal_sg	40017
tracheal_sg	41256
tracheal_sg	41843
tracheal_sg	31166
tracheal_sg	38131
tracheal_sg	14462714
tracheal_sg	36753
tracheal_sg	19836175
tracheal_sg	37419
tracheal_sg	49809
tracheal_sg	34245
tracheal_sg	34975
tracheal_sg	42747
tracheal_sg	39099
tracheal_sg	34822
tracheal_sg	42691
tracheal_sg	31620
tracheal_sg	34831
tracheal_sg	34529
tracheal_sg	34312
tracheal_sg	37914
tracheal_sg	26067080
tracheal_sg	34007
tracheal_sg	33288
tracheal_sg	44127
tracheal_sg	192507
tracheal_sg	32666
tracheal_sg	32672
tracheal_sg	41853
tracheal_sg	43359
tracheal_sg	34364
tracheal_sg	34384
tracheal_sg	43348
tracheal_sg	32701
tracheal_sg	44326
tracheal_sg	36860
tracheal_sg	33299
tracheal_sg	40009
tracheal_sg	44010
tracheal_sg	34017
tracheal_sg	42821
tracheal_sg	37798
tracheal_sg	34411
tracheal_sg	53444
tracheal_sg	42445
tracheal_sg	48844
tracheal_sg	37123
tracheal_sg	34674
tracheal_sg	37775
tracheal_sg	43319
tracheal_sg	40240
tracheal_sg	39386
tracheal_sg	49260
tracheal_sg	34370
tracheal_sg	44801
tracheal_sg	37542
tracheal_sg	42903
tracheal_sg	37065
tracheal_sg	42971
tracheal_sg	37562
tracheal_sg	40462
tracheal_sg	117369
tracheal_sg	42841
tracheal_sg	34022
tracheal_sg	33864
tracheal_sg	39325
tracheal_sg	42287
tracheal_sg	50459
tracheal_sg	45961
tracheal_sg	39271
tracheal_sg	39265
tracheal_sg	37528
tracheal_sg	39961
tracheal_sg	39237
tracheal_sg	43241
tracheal_sg	42891
tracheal_sg	41850
tracheal_sg	38986
tracheal_sg	43230
tracheal_sg	40459
tracheal_sg	32838
tracheal_sg	34474
tracheal_sg	42586
tracheal_sg	31350
tracheal_sg	39554
tracheal_sg	36956
tracheal_sg	39557
tracheal_sg	32850
tracheal_sg	34504
tracheal_sg	34500
tracheal_sg	42707
tracheal_sg	39168
tracheal_sg	34619
tracheal_sg	34621
tracheal_sg	3772232
tracheal_sg	39656
tracheal_sg	41423
tracheal_sg	41431
tracheal_sg	41816
tracheal_sg	53443
tracheal_sg	31405
tracheal_sg	38963
tracheal_sg	31838
tracheal_sg	32314
tracheal_sg	45959
tracheal_sg	42203
tracheal_sg	32792
tracheal_sg	34066
tracheal_sg	34772
tracheal_sg	44291
tracheal_sg	32794
tracheal_sg	34089
tracheal_sg	34470
tracheal_sg	34469
tracheal_sg	40001
tracheal_sg	38721
tracheal_sg	41785
tracheal_sg	39988
tracheal_sg	31022
tracheal_sg	40436
tracheal_sg	40987
tracheal_sg	40980
tracheal_sg	38590
tracheal_sg	38898
tracheal_sg	39954
tracheal_sg	43490
tracheal_sg	41602
tracheal_sg	43494
tracheal_sg	34956
tracheal_sg	31002
tracheal_sg	38372
tracheal_sg	40349
tracheal_sg	40176
tracheal_sg	48228
tracheal_sg	41776
tracheal_sg	39672
tracheal_sg	39916
tracheal_sg	38198
tracheal_sg	38206
tracheal_sg	38905
tracheal_sg	39204
tracheal_sg	41767
tracheal_sg	36685
tracheal_sg	39161
tracheal_sg	39999
tracheal_sg	36726
tracheal_sg	41151
tracheal_sg	35881
tracheal_sg	36271
tracheal_sg	36569
tracheal_sg	43151
tracheal_sg	43156
tracheal_sg	43160
tracheal_sg	43161
tracheal_sg	36571
tracheal_sg	43162
tracheal_sg	41097
tracheal_sg	36778
tracheal_sg	36308
tracheal_sg	36797
tracheal_sg	36347
tracheal_sg	32536
tracheal_sg	38824
tracheal_sg	38820
tracheal_sg	36390
tracheal_sg	31243
tracheal_sg	35397
tracheal_sg	35771
tracheal_sg	35963
tracheal_sg	41646
tracheal_sg	41118
tracheal_sg	36889
tracheal_sg	37306
tracheal_sg	32567
tracheal_sg	36283
tracheal_sg	34793
tracheal_sg	31848
tracheal_sg	32537
tracheal_sg	32541
tracheal_sg	32437
tracheal_sg	36195
tracheal_sg	33835
tracheal_sg	33837
tracheal_sg	33838
tracheal_sg	32447
tracheal_sg	45682
tracheal_sg	33847
tracheal_sg	33852
tracheal_sg	38154
tracheal_sg	38160
tracheal_sg	37237
tracheal_sg	35344
tracheal_sg	37402
tracheal_sg	41183
tracheal_sg	41168
tracheal_sg	40097
tracheal_sg	31239
tracheal_sg	41930
tracheal_sg	32636
tracheal_sg	41095
tracheal_sg	41656
tracheal_sg	32632
tracheal_sg	32627
tracheal_sg	46074
tracheal_sg	32593
tracheal_sg	32595
tracheal_sg	41708
tracheal_sg	34701
tracheal_sg	38342
tracheal_sg	32602
tracheal_sg	3771726
tracheal_sg	3772376
tracheal_sg	3772365
tracheal_sg	3771886
tracheal_sg	19893562
tracheal_sg	12798102
tracheal_sg	5740321
tracheal_sg	14462440
tracheal_sg	19835298
tracheal_sg	26067324
tracheal_sg	4379844
tracheal_sg	36864
tracheal_sg	33886
tracheal_sg	53554
tracheal_sg	36548
tracheal_sg	39297
tracheal_sg	41184
tracheal_sg	32746
tracheal_sg	36915
tracheal_sg	34903
tracheal_sg	34790
tracheal_sg	36383
tracheal_sg	34299
tracheal_sg	3885617
tracheal_sg	34291
tracheal_sg	37956
tracheal_sg	39480
tracheal_sg	36692
tracheal_sg	44885
tracheal_sg	35115
tracheal_sg	49165
tracheal_sg	35786
tracheal_sg	41887
tracheal_sg	47220
tracheal_sg	8674026
tracheal_sg	31193
tracheal_sg	43489
tracheal_sg	32805
tracheal_sg	33887
tracheal_sg	37566
tracheal_sg	32671
all_dm6_minus_tracheal_sg	30970
all_dm6_minus_tracheal_sg	30971
all_dm6_minus_tracheal_sg	30973
all_dm6_minus_tracheal_sg	30976
all_dm6_minus_tracheal_sg	30977
all_dm6_minus_tracheal_sg	30978
all_dm6_minus_tracheal_sg	30980
all_dm6_minus_tracheal_sg	30981
all_dm6_minus_tracheal_sg	30982
all_dm6_minus_tracheal_sg	30983
all_dm6_minus_tracheal_sg	30984
all_dm6_minus_tracheal_sg	30986
all_dm6_minus_tracheal_sg	30988
all_dm6_minus_tracheal_sg	30990
all_dm6_minus_tracheal_sg	30994
all_dm6_minus_tracheal_sg	30995
all_dm6_minus_tracheal_sg	30996
all_dm6_minus_tracheal_sg	31003
all_dm6_minus_tracheal_sg	31004
all_dm6_minus_tracheal_sg	31005
all_dm6_minus_tracheal_sg	31006
all_dm6_minus_tracheal_sg	31007
all_dm6_minus_tracheal_sg	31009
all_dm6_minus_tracheal_sg	31010
all_dm6_minus_tracheal_sg	31011
all_dm6_minus_tracheal_sg	31012
all_dm6_minus_tracheal_sg	31013
all_dm6_minus_tracheal_sg	31014
all_dm6_minus_tracheal_sg	31015
all_dm6_minus_tracheal_sg	31018
all_dm6_minus_tracheal_sg	31019
all_dm6_minus_tracheal_sg	31020
all_dm6_minus_tracheal_sg	31021
all_dm6_minus_tracheal_sg	31023
all_dm6_minus_tracheal_sg	31025
all_dm6_minus_tracheal_sg	31026
all_dm6_minus_tracheal_sg	31027
all_dm6_minus_tracheal_sg	31028
all_dm6_minus_tracheal_sg	31029
all_dm6_minus_tracheal_sg	31031
all_dm6_minus_tracheal_sg	31032
all_dm6_minus_tracheal_sg	31033
all_dm6_minus_tracheal_sg	31036
all_dm6_minus_tracheal_sg	31037
all_dm6_minus_tracheal_sg	31038
all_dm6_minus_tracheal_sg	31039
all_dm6_minus_tracheal_sg	31043
all_dm6_minus_tracheal_sg	31044
all_dm6_minus_tracheal_sg	31045
all_dm6_minus_tracheal_sg	31046
all_dm6_minus_tracheal_sg	31047
all_dm6_minus_tracheal_sg	31049
all_dm6_minus_tracheal_sg	31050
all_dm6_minus_tracheal_sg	31054
all_dm6_minus_tracheal_sg	31057
all_dm6_minus_tracheal_sg	31059
all_dm6_minus_tracheal_sg	31060
all_dm6_minus_tracheal_sg	31061
all_dm6_minus_tracheal_sg	31062
all_dm6_minus_tracheal_sg	31063
all_dm6_minus_tracheal_sg	31064
all_dm6_minus_tracheal_sg	31066
all_dm6_minus_tracheal_sg	31067
all_dm6_minus_tracheal_sg	31068
all_dm6_minus_tracheal_sg	31069
all_dm6_minus_tracheal_sg	31070
all_dm6_minus_tracheal_sg	31072
all_dm6_minus_tracheal_sg	31074
all_dm6_minus_tracheal_sg	31079
all_dm6_minus_tracheal_sg	31080
all_dm6_minus_tracheal_sg	31081
all_dm6_minus_tracheal_sg	31082
all_dm6_minus_tracheal_sg	31084
all_dm6_minus_tracheal_sg	31086
all_dm6_minus_tracheal_sg	31090
all_dm6_minus_tracheal_sg	31093
all_dm6_minus_tracheal_sg	31094
all_dm6_minus_tracheal_sg	31095
all_dm6_minus_tracheal_sg	31096
all_dm6_minus_tracheal_sg	31098
all_dm6_minus_tracheal_sg	31099
all_dm6_minus_tracheal_sg	31100
all_dm6_minus_tracheal_sg	31102
all_dm6_minus_tracheal_sg	31103
all_dm6_minus_tracheal_sg	31104
all_dm6_minus_tracheal_sg	31105
all_dm6_minus_tracheal_sg	31106
all_dm6_minus_tracheal_sg	31107
all_dm6_minus_tracheal_sg	31109
all_dm6_minus_tracheal_sg	31110
all_dm6_minus_tracheal_sg	31111
all_dm6_minus_tracheal_sg	31118
all_dm6_minus_tracheal_sg	31119
all_dm6_minus_tracheal_sg	31120
all_dm6_minus_tracheal_sg	31121
all_dm6_minus_tracheal_sg	31123
all_dm6_minus_tracheal_sg	31124
all_dm6_minus_tracheal_sg	31126
all_dm6_minus_tracheal_sg	31127
all_dm6_minus_tracheal_sg	31128
all_dm6_minus_tracheal_sg	31129
all_dm6_minus_tracheal_sg	31130
all_dm6_minus_tracheal_sg	31131
all_dm6_minus_tracheal_sg	31132
all_dm6_minus_tracheal_sg	31137
all_dm6_minus_tracheal_sg	31139
all_dm6_minus_tracheal_sg	31140
all_dm6_minus_tracheal_sg	31141
all_dm6_minus_tracheal_sg	31142
all_dm6_minus_tracheal_sg	31143
all_dm6_minus_tracheal_sg	31144
all_dm6_minus_tracheal_sg	31145
all_dm6_minus_tracheal_sg	31146
all_dm6_minus_tracheal_sg	31147
all_dm6_minus_tracheal_sg	31148
all_dm6_minus_tracheal_sg	31149
all_dm6_minus_tracheal_sg	31150
all_dm6_minus_tracheal_sg	31152
all_dm6_minus_tracheal_sg	31153
all_dm6_minus_tracheal_sg	31154
all_dm6_minus_tracheal_sg	31155
all_dm6_minus_tracheal_sg	31156
all_dm6_minus_tracheal_sg	31157
all_dm6_minus_tracheal_sg	31158
all_dm6_minus_tracheal_sg	31160
all_dm6_minus_tracheal_sg	31162
all_dm6_minus_tracheal_sg	31163
all_dm6_minus_tracheal_sg	31165
all_dm6_minus_tracheal_sg	31167
all_dm6_minus_tracheal_sg	31169
all_dm6_minus_tracheal_sg	31170
all_dm6_minus_tracheal_sg	31172
all_dm6_minus_tracheal_sg	31174
all_dm6_minus_tracheal_sg	31175
all_dm6_minus_tracheal_sg	31177
all_dm6_minus_tracheal_sg	31178
all_dm6_minus_tracheal_sg	31179
all_dm6_minus_tracheal_sg	31181
all_dm6_minus_tracheal_sg	31184
all_dm6_minus_tracheal_sg	31185
all_dm6_minus_tracheal_sg	31186
all_dm6_minus_tracheal_sg	31188
all_dm6_minus_tracheal_sg	31190
all_dm6_minus_tracheal_sg	31192
all_dm6_minus_tracheal_sg	31194
all_dm6_minus_tracheal_sg	31196
all_dm6_minus_tracheal_sg	31197
all_dm6_minus_tracheal_sg	31198
all_dm6_minus_tracheal_sg	31200
all_dm6_minus_tracheal_sg	31201
all_dm6_minus_tracheal_sg	31203
all_dm6_minus_tracheal_sg	31204
all_dm6_minus_tracheal_sg	31205
all_dm6_minus_tracheal_sg	31207
all_dm6_minus_tracheal_sg	31208
all_dm6_minus_tracheal_sg	31209
all_dm6_minus_tracheal_sg	31210
all_dm6_minus_tracheal_sg	31211
all_dm6_minus_tracheal_sg	31212
all_dm6_minus_tracheal_sg	31213
all_dm6_minus_tracheal_sg	31214
all_dm6_minus_tracheal_sg	31218
all_dm6_minus_tracheal_sg	31219
all_dm6_minus_tracheal_sg	31221
all_dm6_minus_tracheal_sg	31222
all_dm6_minus_tracheal_sg	31224
all_dm6_minus_tracheal_sg	31226
all_dm6_minus_tracheal_sg	31227
all_dm6_minus_tracheal_sg	31228
all_dm6_minus_tracheal_sg	31230
all_dm6_minus_tracheal_sg	31234
all_dm6_minus_tracheal_sg	31235
all_dm6_minus_tracheal_sg	31236
all_dm6_minus_tracheal_sg	31237
all_dm6_minus_tracheal_sg	31240
all_dm6_minus_tracheal_sg	31244
all_dm6_minus_tracheal_sg	31245
all_dm6_minus_tracheal_sg	31246
all_dm6_minus_tracheal_sg	31247
all_dm6_minus_tracheal_sg	31248
all_dm6_minus_tracheal_sg	31249
all_dm6_minus_tracheal_sg	31250
all_dm6_minus_tracheal_sg	31251
all_dm6_minus_tracheal_sg	31252
all_dm6_minus_tracheal_sg	31253
all_dm6_minus_tracheal_sg	31254
all_dm6_minus_tracheal_sg	31255
all_dm6_minus_tracheal_sg	31256
all_dm6_minus_tracheal_sg	31257
all_dm6_minus_tracheal_sg	31258
all_dm6_minus_tracheal_sg	31259
all_dm6_minus_tracheal_sg	31260
all_dm6_minus_tracheal_sg	31261
all_dm6_minus_tracheal_sg	31262
all_dm6_minus_tracheal_sg	31263
all_dm6_minus_tracheal_sg	31264
all_dm6_minus_tracheal_sg	31265
all_dm6_minus_tracheal_sg	31266
all_dm6_minus_tracheal_sg	31267
all_dm6_minus_tracheal_sg	31268
all_dm6_minus_tracheal_sg	31269
all_dm6_minus_tracheal_sg	31270
all_dm6_minus_tracheal_sg	31272
all_dm6_minus_tracheal_sg	31273
all_dm6_minus_tracheal_sg	31274
all_dm6_minus_tracheal_sg	31275
all_dm6_minus_tracheal_sg	31276
all_dm6_minus_tracheal_sg	31277
all_dm6_minus_tracheal_sg	31278
all_dm6_minus_tracheal_sg	31279
all_dm6_minus_tracheal_sg	31280
all_dm6_minus_tracheal_sg	31282
all_dm6_minus_tracheal_sg	31283
all_dm6_minus_tracheal_sg	31284
all_dm6_minus_tracheal_sg	31285
all_dm6_minus_tracheal_sg	31286
all_dm6_minus_tracheal_sg	31287
all_dm6_minus_tracheal_sg	31288
all_dm6_minus_tracheal_sg	31289
all_dm6_minus_tracheal_sg	31290
all_dm6_minus_tracheal_sg	31291
all_dm6_minus_tracheal_sg	31292
all_dm6_minus_tracheal_sg	31294
all_dm6_minus_tracheal_sg	31295
all_dm6_minus_tracheal_sg	31297
all_dm6_minus_tracheal_sg	31298
all_dm6_minus_tracheal_sg	31299
all_dm6_minus_tracheal_sg	31301
all_dm6_minus_tracheal_sg	31303
all_dm6_minus_tracheal_sg	31304
all_dm6_minus_tracheal_sg	31308
all_dm6_minus_tracheal_sg	31311
all_dm6_minus_tracheal_sg	31312
all_dm6_minus_tracheal_sg	31313
all_dm6_minus_tracheal_sg	31314
all_dm6_minus_tracheal_sg	31315
all_dm6_minus_tracheal_sg	31317
all_dm6_minus_tracheal_sg	31318
all_dm6_minus_tracheal_sg	31319
all_dm6_minus_tracheal_sg	31320
all_dm6_minus_tracheal_sg	31321
all_dm6_minus_tracheal_sg	31322
all_dm6_minus_tracheal_sg	31323
all_dm6_minus_tracheal_sg	31326
all_dm6_minus_tracheal_sg	31329
all_dm6_minus_tracheal_sg	31332
all_dm6_minus_tracheal_sg	31335
all_dm6_minus_tracheal_sg	31336
all_dm6_minus_tracheal_sg	31338
all_dm6_minus_tracheal_sg	31340
all_dm6_minus_tracheal_sg	31341
all_dm6_minus_tracheal_sg	31342
all_dm6_minus_tracheal_sg	31344
all_dm6_minus_tracheal_sg	31347
all_dm6_minus_tracheal_sg	31348
all_dm6_minus_tracheal_sg	31349
all_dm6_minus_tracheal_sg	31351
all_dm6_minus_tracheal_sg	31352
all_dm6_minus_tracheal_sg	31353
all_dm6_minus_tracheal_sg	31355
all_dm6_minus_tracheal_sg	31356
all_dm6_minus_tracheal_sg	31357
all_dm6_minus_tracheal_sg	31358
all_dm6_minus_tracheal_sg	31361
all_dm6_minus_tracheal_sg	31362
all_dm6_minus_tracheal_sg	31363
all_dm6_minus_tracheal_sg	31365
all_dm6_minus_tracheal_sg	31366
all_dm6_minus_tracheal_sg	31367
all_dm6_minus_tracheal_sg	31368
all_dm6_minus_tracheal_sg	31369
all_dm6_minus_tracheal_sg	31370
all_dm6_minus_tracheal_sg	31371
all_dm6_minus_tracheal_sg	31372
all_dm6_minus_tracheal_sg	31374
all_dm6_minus_tracheal_sg	31375
all_dm6_minus_tracheal_sg	31377
all_dm6_minus_tracheal_sg	31380
all_dm6_minus_tracheal_sg	31381
all_dm6_minus_tracheal_sg	31383
all_dm6_minus_tracheal_sg	31384
all_dm6_minus_tracheal_sg	31385
all_dm6_minus_tracheal_sg	31386
all_dm6_minus_tracheal_sg	31387
all_dm6_minus_tracheal_sg	31389
all_dm6_minus_tracheal_sg	31390
all_dm6_minus_tracheal_sg	31392
all_dm6_minus_tracheal_sg	31393
all_dm6_minus_tracheal_sg	31394
all_dm6_minus_tracheal_sg	31395
all_dm6_minus_tracheal_sg	31396
all_dm6_minus_tracheal_sg	31397
all_dm6_minus_tracheal_sg	31398
all_dm6_minus_tracheal_sg	31399
all_dm6_minus_tracheal_sg	31401
all_dm6_minus_tracheal_sg	31402
all_dm6_minus_tracheal_sg	31404
all_dm6_minus_tracheal_sg	31406
all_dm6_minus_tracheal_sg	31407
all_dm6_minus_tracheal_sg	31408
all_dm6_minus_tracheal_sg	31409
all_dm6_minus_tracheal_sg	31410
all_dm6_minus_tracheal_sg	31411
all_dm6_minus_tracheal_sg	31412
all_dm6_minus_tracheal_sg	31413
all_dm6_minus_tracheal_sg	31414
all_dm6_minus_tracheal_sg	31415
all_dm6_minus_tracheal_sg	31416
all_dm6_minus_tracheal_sg	31419
all_dm6_minus_tracheal_sg	31420
all_dm6_minus_tracheal_sg	31422
all_dm6_minus_tracheal_sg	31423
all_dm6_minus_tracheal_sg	31424
all_dm6_minus_tracheal_sg	31426
all_dm6_minus_tracheal_sg	31427
all_dm6_minus_tracheal_sg	31433
all_dm6_minus_tracheal_sg	31434
all_dm6_minus_tracheal_sg	31435
all_dm6_minus_tracheal_sg	31439
all_dm6_minus_tracheal_sg	31440
all_dm6_minus_tracheal_sg	31441
all_dm6_minus_tracheal_sg	31442
all_dm6_minus_tracheal_sg	31443
all_dm6_minus_tracheal_sg	31444
all_dm6_minus_tracheal_sg	31445
all_dm6_minus_tracheal_sg	31446
all_dm6_minus_tracheal_sg	31447
all_dm6_minus_tracheal_sg	31448
all_dm6_minus_tracheal_sg	31449
all_dm6_minus_tracheal_sg	31450
all_dm6_minus_tracheal_sg	31451
all_dm6_minus_tracheal_sg	31456
all_dm6_minus_tracheal_sg	31457
all_dm6_minus_tracheal_sg	31458
all_dm6_minus_tracheal_sg	31459
all_dm6_minus_tracheal_sg	31460
all_dm6_minus_tracheal_sg	31461
all_dm6_minus_tracheal_sg	31463
all_dm6_minus_tracheal_sg	31464
all_dm6_minus_tracheal_sg	31465
all_dm6_minus_tracheal_sg	31466
all_dm6_minus_tracheal_sg	31469
all_dm6_minus_tracheal_sg	31470
all_dm6_minus_tracheal_sg	31471
all_dm6_minus_tracheal_sg	31472
all_dm6_minus_tracheal_sg	31473
all_dm6_minus_tracheal_sg	31475
all_dm6_minus_tracheal_sg	31480
all_dm6_minus_tracheal_sg	31481
all_dm6_minus_tracheal_sg	31483
all_dm6_minus_tracheal_sg	31486
all_dm6_minus_tracheal_sg	31487
all_dm6_minus_tracheal_sg	31489
all_dm6_minus_tracheal_sg	31491
all_dm6_minus_tracheal_sg	31493
all_dm6_minus_tracheal_sg	31494
all_dm6_minus_tracheal_sg	31496
all_dm6_minus_tracheal_sg	31497
all_dm6_minus_tracheal_sg	31498
all_dm6_minus_tracheal_sg	31499
all_dm6_minus_tracheal_sg	31500
all_dm6_minus_tracheal_sg	31503
all_dm6_minus_tracheal_sg	31504
all_dm6_minus_tracheal_sg	31506
all_dm6_minus_tracheal_sg	31507
all_dm6_minus_tracheal_sg	31508
all_dm6_minus_tracheal_sg	31509
all_dm6_minus_tracheal_sg	31510
all_dm6_minus_tracheal_sg	31511
all_dm6_minus_tracheal_sg	31512
all_dm6_minus_tracheal_sg	31513
all_dm6_minus_tracheal_sg	31515
all_dm6_minus_tracheal_sg	31516
all_dm6_minus_tracheal_sg	31517
all_dm6_minus_tracheal_sg	31518
all_dm6_minus_tracheal_sg	31519
all_dm6_minus_tracheal_sg	31520
all_dm6_minus_tracheal_sg	31522
all_dm6_minus_tracheal_sg	31523
all_dm6_minus_tracheal_sg	31525
all_dm6_minus_tracheal_sg	31526
all_dm6_minus_tracheal_sg	31527
all_dm6_minus_tracheal_sg	31528
all_dm6_minus_tracheal_sg	31529
all_dm6_minus_tracheal_sg	31532
all_dm6_minus_tracheal_sg	31533
all_dm6_minus_tracheal_sg	31535
all_dm6_minus_tracheal_sg	31536
all_dm6_minus_tracheal_sg	31537
all_dm6_minus_tracheal_sg	31538
all_dm6_minus_tracheal_sg	31539
all_dm6_minus_tracheal_sg	31540
all_dm6_minus_tracheal_sg	31542
all_dm6_minus_tracheal_sg	31543
all_dm6_minus_tracheal_sg	31544
all_dm6_minus_tracheal_sg	31550
all_dm6_minus_tracheal_sg	31551
all_dm6_minus_tracheal_sg	31552
all_dm6_minus_tracheal_sg	31553
all_dm6_minus_tracheal_sg	31554
all_dm6_minus_tracheal_sg	31555
all_dm6_minus_tracheal_sg	31556
all_dm6_minus_tracheal_sg	31557
all_dm6_minus_tracheal_sg	31558
all_dm6_minus_tracheal_sg	31562
all_dm6_minus_tracheal_sg	31564
all_dm6_minus_tracheal_sg	31565
all_dm6_minus_tracheal_sg	31566
all_dm6_minus_tracheal_sg	31567
all_dm6_minus_tracheal_sg	31568
all_dm6_minus_tracheal_sg	31571
all_dm6_minus_tracheal_sg	31572
all_dm6_minus_tracheal_sg	31573
all_dm6_minus_tracheal_sg	31574
all_dm6_minus_tracheal_sg	31577
all_dm6_minus_tracheal_sg	31578
all_dm6_minus_tracheal_sg	31579
all_dm6_minus_tracheal_sg	31580
all_dm6_minus_tracheal_sg	31581
all_dm6_minus_tracheal_sg	31582
all_dm6_minus_tracheal_sg	31585
all_dm6_minus_tracheal_sg	31586
all_dm6_minus_tracheal_sg	31587
all_dm6_minus_tracheal_sg	31588
all_dm6_minus_tracheal_sg	31589
all_dm6_minus_tracheal_sg	31592
all_dm6_minus_tracheal_sg	31593
all_dm6_minus_tracheal_sg	31594
all_dm6_minus_tracheal_sg	31595
all_dm6_minus_tracheal_sg	31597
all_dm6_minus_tracheal_sg	31598
all_dm6_minus_tracheal_sg	31601
all_dm6_minus_tracheal_sg	31602
all_dm6_minus_tracheal_sg	31603
all_dm6_minus_tracheal_sg	31604
all_dm6_minus_tracheal_sg	31605
all_dm6_minus_tracheal_sg	31606
all_dm6_minus_tracheal_sg	31607
all_dm6_minus_tracheal_sg	31608
all_dm6_minus_tracheal_sg	31609
all_dm6_minus_tracheal_sg	31610
all_dm6_minus_tracheal_sg	31612
all_dm6_minus_tracheal_sg	31613
all_dm6_minus_tracheal_sg	31614
all_dm6_minus_tracheal_sg	31615
all_dm6_minus_tracheal_sg	31618
all_dm6_minus_tracheal_sg	31621
all_dm6_minus_tracheal_sg	31622
all_dm6_minus_tracheal_sg	31623
all_dm6_minus_tracheal_sg	31624
all_dm6_minus_tracheal_sg	31625
all_dm6_minus_tracheal_sg	31626
all_dm6_minus_tracheal_sg	31628
all_dm6_minus_tracheal_sg	31629
all_dm6_minus_tracheal_sg	31630
all_dm6_minus_tracheal_sg	31631
all_dm6_minus_tracheal_sg	31632
all_dm6_minus_tracheal_sg	31638
all_dm6_minus_tracheal_sg	31639
all_dm6_minus_tracheal_sg	31641
all_dm6_minus_tracheal_sg	31642
all_dm6_minus_tracheal_sg	31645
all_dm6_minus_tracheal_sg	31647
all_dm6_minus_tracheal_sg	31648
all_dm6_minus_tracheal_sg	31649
all_dm6_minus_tracheal_sg	31650
all_dm6_minus_tracheal_sg	31651
all_dm6_minus_tracheal_sg	31652
all_dm6_minus_tracheal_sg	31653
all_dm6_minus_tracheal_sg	31656
all_dm6_minus_tracheal_sg	31657
all_dm6_minus_tracheal_sg	31658
all_dm6_minus_tracheal_sg	31659
all_dm6_minus_tracheal_sg	31661
all_dm6_minus_tracheal_sg	31662
all_dm6_minus_tracheal_sg	31663
all_dm6_minus_tracheal_sg	31664
all_dm6_minus_tracheal_sg	31666
all_dm6_minus_tracheal_sg	31667
all_dm6_minus_tracheal_sg	31668
all_dm6_minus_tracheal_sg	31669
all_dm6_minus_tracheal_sg	31670
all_dm6_minus_tracheal_sg	31671
all_dm6_minus_tracheal_sg	31672
all_dm6_minus_tracheal_sg	31673
all_dm6_minus_tracheal_sg	31674
all_dm6_minus_tracheal_sg	31675
all_dm6_minus_tracheal_sg	31676
all_dm6_minus_tracheal_sg	31679
all_dm6_minus_tracheal_sg	31680
all_dm6_minus_tracheal_sg	31681
all_dm6_minus_tracheal_sg	31682
all_dm6_minus_tracheal_sg	31683
all_dm6_minus_tracheal_sg	31684
all_dm6_minus_tracheal_sg	31686
all_dm6_minus_tracheal_sg	31687
all_dm6_minus_tracheal_sg	31688
all_dm6_minus_tracheal_sg	31689
all_dm6_minus_tracheal_sg	31690
all_dm6_minus_tracheal_sg	31691
all_dm6_minus_tracheal_sg	31692
all_dm6_minus_tracheal_sg	31694
all_dm6_minus_tracheal_sg	31695
all_dm6_minus_tracheal_sg	31696
all_dm6_minus_tracheal_sg	31697
all_dm6_minus_tracheal_sg	31700
all_dm6_minus_tracheal_sg	31702
all_dm6_minus_tracheal_sg	31704
all_dm6_minus_tracheal_sg	31705
all_dm6_minus_tracheal_sg	31706
all_dm6_minus_tracheal_sg	31708
all_dm6_minus_tracheal_sg	31712
all_dm6_minus_tracheal_sg	31713
all_dm6_minus_tracheal_sg	31714
all_dm6_minus_tracheal_sg	31715
all_dm6_minus_tracheal_sg	31716
all_dm6_minus_tracheal_sg	31718
all_dm6_minus_tracheal_sg	31720
all_dm6_minus_tracheal_sg	31721
all_dm6_minus_tracheal_sg	31724
all_dm6_minus_tracheal_sg	31725
all_dm6_minus_tracheal_sg	31726
all_dm6_minus_tracheal_sg	31727
all_dm6_minus_tracheal_sg	31728
all_dm6_minus_tracheal_sg	31729
all_dm6_minus_tracheal_sg	31731
all_dm6_minus_tracheal_sg	31732
all_dm6_minus_tracheal_sg	31733
all_dm6_minus_tracheal_sg	31735
all_dm6_minus_tracheal_sg	31736
all_dm6_minus_tracheal_sg	31737
all_dm6_minus_tracheal_sg	31738
all_dm6_minus_tracheal_sg	31739
all_dm6_minus_tracheal_sg	31741
all_dm6_minus_tracheal_sg	31742
all_dm6_minus_tracheal_sg	31743
all_dm6_minus_tracheal_sg	31744
all_dm6_minus_tracheal_sg	31745
all_dm6_minus_tracheal_sg	31746
all_dm6_minus_tracheal_sg	31747
all_dm6_minus_tracheal_sg	31748
all_dm6_minus_tracheal_sg	31749
all_dm6_minus_tracheal_sg	31750
all_dm6_minus_tracheal_sg	31751
all_dm6_minus_tracheal_sg	31759
all_dm6_minus_tracheal_sg	31760
all_dm6_minus_tracheal_sg	31761
all_dm6_minus_tracheal_sg	31762
all_dm6_minus_tracheal_sg	31764
all_dm6_minus_tracheal_sg	31765
all_dm6_minus_tracheal_sg	31766
all_dm6_minus_tracheal_sg	31767
all_dm6_minus_tracheal_sg	31770
all_dm6_minus_tracheal_sg	31771
all_dm6_minus_tracheal_sg	31772
all_dm6_minus_tracheal_sg	31775
all_dm6_minus_tracheal_sg	31777
all_dm6_minus_tracheal_sg	31779
all_dm6_minus_tracheal_sg	31780
all_dm6_minus_tracheal_sg	31781
all_dm6_minus_tracheal_sg	31782
all_dm6_minus_tracheal_sg	31785
all_dm6_minus_tracheal_sg	31787
all_dm6_minus_tracheal_sg	31788
all_dm6_minus_tracheal_sg	31789
all_dm6_minus_tracheal_sg	31791
all_dm6_minus_tracheal_sg	31793
all_dm6_minus_tracheal_sg	31794
all_dm6_minus_tracheal_sg	31795
all_dm6_minus_tracheal_sg	31796
all_dm6_minus_tracheal_sg	31797
all_dm6_minus_tracheal_sg	31798
all_dm6_minus_tracheal_sg	31799
all_dm6_minus_tracheal_sg	31800
all_dm6_minus_tracheal_sg	31801
all_dm6_minus_tracheal_sg	31803
all_dm6_minus_tracheal_sg	31804
all_dm6_minus_tracheal_sg	31805
all_dm6_minus_tracheal_sg	31806
all_dm6_minus_tracheal_sg	31807
all_dm6_minus_tracheal_sg	31808
all_dm6_minus_tracheal_sg	31809
all_dm6_minus_tracheal_sg	31811
all_dm6_minus_tracheal_sg	31812
all_dm6_minus_tracheal_sg	31817
all_dm6_minus_tracheal_sg	31818
all_dm6_minus_tracheal_sg	31822
all_dm6_minus_tracheal_sg	31824
all_dm6_minus_tracheal_sg	31825
all_dm6_minus_tracheal_sg	31829
all_dm6_minus_tracheal_sg	31830
all_dm6_minus_tracheal_sg	31833
all_dm6_minus_tracheal_sg	31834
all_dm6_minus_tracheal_sg	31835
all_dm6_minus_tracheal_sg	31837
all_dm6_minus_tracheal_sg	31839
all_dm6_minus_tracheal_sg	31840
all_dm6_minus_tracheal_sg	31844
all_dm6_minus_tracheal_sg	31845
all_dm6_minus_tracheal_sg	31846
all_dm6_minus_tracheal_sg	31851
all_dm6_minus_tracheal_sg	31853
all_dm6_minus_tracheal_sg	31854
all_dm6_minus_tracheal_sg	31855
all_dm6_minus_tracheal_sg	31856
all_dm6_minus_tracheal_sg	31857
all_dm6_minus_tracheal_sg	31858
all_dm6_minus_tracheal_sg	31859
all_dm6_minus_tracheal_sg	31860
all_dm6_minus_tracheal_sg	31861
all_dm6_minus_tracheal_sg	31862
all_dm6_minus_tracheal_sg	31863
all_dm6_minus_tracheal_sg	31864
all_dm6_minus_tracheal_sg	31865
all_dm6_minus_tracheal_sg	31866
all_dm6_minus_tracheal_sg	31867
all_dm6_minus_tracheal_sg	31869
all_dm6_minus_tracheal_sg	31872
all_dm6_minus_tracheal_sg	31873
all_dm6_minus_tracheal_sg	31874
all_dm6_minus_tracheal_sg	31877
all_dm6_minus_tracheal_sg	31879
all_dm6_minus_tracheal_sg	31880
all_dm6_minus_tracheal_sg	31881
all_dm6_minus_tracheal_sg	31883
all_dm6_minus_tracheal_sg	31887
all_dm6_minus_tracheal_sg	31890
all_dm6_minus_tracheal_sg	31896
all_dm6_minus_tracheal_sg	31897
all_dm6_minus_tracheal_sg	31898
all_dm6_minus_tracheal_sg	31899
all_dm6_minus_tracheal_sg	31902
all_dm6_minus_tracheal_sg	31903
all_dm6_minus_tracheal_sg	31904
all_dm6_minus_tracheal_sg	31905
all_dm6_minus_tracheal_sg	31909
all_dm6_minus_tracheal_sg	31912
all_dm6_minus_tracheal_sg	31914
all_dm6_minus_tracheal_sg	31915
all_dm6_minus_tracheal_sg	31917
all_dm6_minus_tracheal_sg	31918
all_dm6_minus_tracheal_sg	31919
all_dm6_minus_tracheal_sg	31920
all_dm6_minus_tracheal_sg	31921
all_dm6_minus_tracheal_sg	31924
all_dm6_minus_tracheal_sg	31926
all_dm6_minus_tracheal_sg	31927
all_dm6_minus_tracheal_sg	31928
all_dm6_minus_tracheal_sg	31929
all_dm6_minus_tracheal_sg	31934
all_dm6_minus_tracheal_sg	31938
all_dm6_minus_tracheal_sg	31939
all_dm6_minus_tracheal_sg	31940
all_dm6_minus_tracheal_sg	31942
all_dm6_minus_tracheal_sg	31943
all_dm6_minus_tracheal_sg	31944
all_dm6_minus_tracheal_sg	31945
all_dm6_minus_tracheal_sg	31947
all_dm6_minus_tracheal_sg	31948
all_dm6_minus_tracheal_sg	31949
all_dm6_minus_tracheal_sg	31950
all_dm6_minus_tracheal_sg	31952
all_dm6_minus_tracheal_sg	31953
all_dm6_minus_tracheal_sg	31954
all_dm6_minus_tracheal_sg	31955
all_dm6_minus_tracheal_sg	31957
all_dm6_minus_tracheal_sg	31958
all_dm6_minus_tracheal_sg	31960
all_dm6_minus_tracheal_sg	31961
all_dm6_minus_tracheal_sg	31962
all_dm6_minus_tracheal_sg	31965
all_dm6_minus_tracheal_sg	31966
all_dm6_minus_tracheal_sg	31967
all_dm6_minus_tracheal_sg	31970
all_dm6_minus_tracheal_sg	31971
all_dm6_minus_tracheal_sg	31973
all_dm6_minus_tracheal_sg	31975
all_dm6_minus_tracheal_sg	31977
all_dm6_minus_tracheal_sg	31978
all_dm6_minus_tracheal_sg	31986
all_dm6_minus_tracheal_sg	31987
all_dm6_minus_tracheal_sg	31988
all_dm6_minus_tracheal_sg	31989
all_dm6_minus_tracheal_sg	31990
all_dm6_minus_tracheal_sg	31991
all_dm6_minus_tracheal_sg	31993
all_dm6_minus_tracheal_sg	31994
all_dm6_minus_tracheal_sg	31995
all_dm6_minus_tracheal_sg	31996
all_dm6_minus_tracheal_sg	32000
all_dm6_minus_tracheal_sg	32002
all_dm6_minus_tracheal_sg	32006
all_dm6_minus_tracheal_sg	32007
all_dm6_minus_tracheal_sg	32008
all_dm6_minus_tracheal_sg	32011
all_dm6_minus_tracheal_sg	32013
all_dm6_minus_tracheal_sg	32014
all_dm6_minus_tracheal_sg	32015
all_dm6_minus_tracheal_sg	32016
all_dm6_minus_tracheal_sg	32017
all_dm6_minus_tracheal_sg	32019
all_dm6_minus_tracheal_sg	32020
all_dm6_minus_tracheal_sg	32021
all_dm6_minus_tracheal_sg	32022
all_dm6_minus_tracheal_sg	32024
all_dm6_minus_tracheal_sg	32026
all_dm6_minus_tracheal_sg	32027
all_dm6_minus_tracheal_sg	32029
all_dm6_minus_tracheal_sg	32032
all_dm6_minus_tracheal_sg	32033
all_dm6_minus_tracheal_sg	32034
all_dm6_minus_tracheal_sg	32035
all_dm6_minus_tracheal_sg	32036
all_dm6_minus_tracheal_sg	32037
all_dm6_minus_tracheal_sg	32038
all_dm6_minus_tracheal_sg	32039
all_dm6_minus_tracheal_sg	32040
all_dm6_minus_tracheal_sg	32041
all_dm6_minus_tracheal_sg	32042
all_dm6_minus_tracheal_sg	32043
all_dm6_minus_tracheal_sg	32046
all_dm6_minus_tracheal_sg	32047
all_dm6_minus_tracheal_sg	32049
all_dm6_minus_tracheal_sg	32050
all_dm6_minus_tracheal_sg	32051
all_dm6_minus_tracheal_sg	32052
all_dm6_minus_tracheal_sg	32053
all_dm6_minus_tracheal_sg	32055
all_dm6_minus_tracheal_sg	32058
all_dm6_minus_tracheal_sg	32059
all_dm6_minus_tracheal_sg	32060
all_dm6_minus_tracheal_sg	32062
all_dm6_minus_tracheal_sg	32063
all_dm6_minus_tracheal_sg	32065
all_dm6_minus_tracheal_sg	32067
all_dm6_minus_tracheal_sg	32068
all_dm6_minus_tracheal_sg	32069
all_dm6_minus_tracheal_sg	32070
all_dm6_minus_tracheal_sg	32071
all_dm6_minus_tracheal_sg	32072
all_dm6_minus_tracheal_sg	32073
all_dm6_minus_tracheal_sg	32074
all_dm6_minus_tracheal_sg	32075
all_dm6_minus_tracheal_sg	32076
all_dm6_minus_tracheal_sg	32077
all_dm6_minus_tracheal_sg	32078
all_dm6_minus_tracheal_sg	32079
all_dm6_minus_tracheal_sg	32080
all_dm6_minus_tracheal_sg	32081
all_dm6_minus_tracheal_sg	32083
all_dm6_minus_tracheal_sg	32084
all_dm6_minus_tracheal_sg	32085
all_dm6_minus_tracheal_sg	32086
all_dm6_minus_tracheal_sg	32087
all_dm6_minus_tracheal_sg	32089
all_dm6_minus_tracheal_sg	32090
all_dm6_minus_tracheal_sg	32092
all_dm6_minus_tracheal_sg	32093
all_dm6_minus_tracheal_sg	32098
all_dm6_minus_tracheal_sg	32099
all_dm6_minus_tracheal_sg	32100
all_dm6_minus_tracheal_sg	32101
all_dm6_minus_tracheal_sg	32102
all_dm6_minus_tracheal_sg	32103
all_dm6_minus_tracheal_sg	32106
all_dm6_minus_tracheal_sg	32107
all_dm6_minus_tracheal_sg	32108
all_dm6_minus_tracheal_sg	32109
all_dm6_minus_tracheal_sg	32110
all_dm6_minus_tracheal_sg	32111
all_dm6_minus_tracheal_sg	32112
all_dm6_minus_tracheal_sg	32113
all_dm6_minus_tracheal_sg	32114
all_dm6_minus_tracheal_sg	32116
all_dm6_minus_tracheal_sg	32119
all_dm6_minus_tracheal_sg	32120
all_dm6_minus_tracheal_sg	32121
all_dm6_minus_tracheal_sg	32124
all_dm6_minus_tracheal_sg	32125
all_dm6_minus_tracheal_sg	32126
all_dm6_minus_tracheal_sg	32127
all_dm6_minus_tracheal_sg	32128
all_dm6_minus_tracheal_sg	32131
all_dm6_minus_tracheal_sg	32132
all_dm6_minus_tracheal_sg	32135
all_dm6_minus_tracheal_sg	32136
all_dm6_minus_tracheal_sg	32137
all_dm6_minus_tracheal_sg	32138
all_dm6_minus_tracheal_sg	32139
all_dm6_minus_tracheal_sg	32141
all_dm6_minus_tracheal_sg	32142
all_dm6_minus_tracheal_sg	32143
all_dm6_minus_tracheal_sg	32144
all_dm6_minus_tracheal_sg	32145
all_dm6_minus_tracheal_sg	32146
all_dm6_minus_tracheal_sg	32147
all_dm6_minus_tracheal_sg	32149
all_dm6_minus_tracheal_sg	32150
all_dm6_minus_tracheal_sg	32151
all_dm6_minus_tracheal_sg	32152
all_dm6_minus_tracheal_sg	32153
all_dm6_minus_tracheal_sg	32156
all_dm6_minus_tracheal_sg	32157
all_dm6_minus_tracheal_sg	32159
all_dm6_minus_tracheal_sg	32160
all_dm6_minus_tracheal_sg	32161
all_dm6_minus_tracheal_sg	32162
all_dm6_minus_tracheal_sg	32163
all_dm6_minus_tracheal_sg	32164
all_dm6_minus_tracheal_sg	32165
all_dm6_minus_tracheal_sg	32166
all_dm6_minus_tracheal_sg	32167
all_dm6_minus_tracheal_sg	32168
all_dm6_minus_tracheal_sg	32170
all_dm6_minus_tracheal_sg	32172
all_dm6_minus_tracheal_sg	32173
all_dm6_minus_tracheal_sg	32176
all_dm6_minus_tracheal_sg	32177
all_dm6_minus_tracheal_sg	32178
all_dm6_minus_tracheal_sg	32179
all_dm6_minus_tracheal_sg	32180
all_dm6_minus_tracheal_sg	32188
all_dm6_minus_tracheal_sg	32189
all_dm6_minus_tracheal_sg	32190
all_dm6_minus_tracheal_sg	32191
all_dm6_minus_tracheal_sg	32193
all_dm6_minus_tracheal_sg	32194
all_dm6_minus_tracheal_sg	32195
all_dm6_minus_tracheal_sg	32196
all_dm6_minus_tracheal_sg	32198
all_dm6_minus_tracheal_sg	32199
all_dm6_minus_tracheal_sg	32200
all_dm6_minus_tracheal_sg	32202
all_dm6_minus_tracheal_sg	32205
all_dm6_minus_tracheal_sg	32207
all_dm6_minus_tracheal_sg	32208
all_dm6_minus_tracheal_sg	32209
all_dm6_minus_tracheal_sg	32212
all_dm6_minus_tracheal_sg	32213
all_dm6_minus_tracheal_sg	32214
all_dm6_minus_tracheal_sg	32215
all_dm6_minus_tracheal_sg	32216
all_dm6_minus_tracheal_sg	32217
all_dm6_minus_tracheal_sg	32221
all_dm6_minus_tracheal_sg	32224
all_dm6_minus_tracheal_sg	32225
all_dm6_minus_tracheal_sg	32226
all_dm6_minus_tracheal_sg	32229
all_dm6_minus_tracheal_sg	32230
all_dm6_minus_tracheal_sg	32234
all_dm6_minus_tracheal_sg	32238
all_dm6_minus_tracheal_sg	32239
all_dm6_minus_tracheal_sg	32240
all_dm6_minus_tracheal_sg	32241
all_dm6_minus_tracheal_sg	32242
all_dm6_minus_tracheal_sg	32243
all_dm6_minus_tracheal_sg	32244
all_dm6_minus_tracheal_sg	32246
all_dm6_minus_tracheal_sg	32247
all_dm6_minus_tracheal_sg	32248
all_dm6_minus_tracheal_sg	32249
all_dm6_minus_tracheal_sg	32250
all_dm6_minus_tracheal_sg	32252
all_dm6_minus_tracheal_sg	32253
all_dm6_minus_tracheal_sg	32256
all_dm6_minus_tracheal_sg	32257
all_dm6_minus_tracheal_sg	32258
all_dm6_minus_tracheal_sg	32259
all_dm6_minus_tracheal_sg	32260
all_dm6_minus_tracheal_sg	32261
all_dm6_minus_tracheal_sg	32262
all_dm6_minus_tracheal_sg	32263
all_dm6_minus_tracheal_sg	32264
all_dm6_minus_tracheal_sg	32266
all_dm6_minus_tracheal_sg	32267
all_dm6_minus_tracheal_sg	32268
all_dm6_minus_tracheal_sg	32269
all_dm6_minus_tracheal_sg	32272
all_dm6_minus_tracheal_sg	32273
all_dm6_minus_tracheal_sg	32274
all_dm6_minus_tracheal_sg	32276
all_dm6_minus_tracheal_sg	32278
all_dm6_minus_tracheal_sg	32281
all_dm6_minus_tracheal_sg	32282
all_dm6_minus_tracheal_sg	32288
all_dm6_minus_tracheal_sg	32290
all_dm6_minus_tracheal_sg	32291
all_dm6_minus_tracheal_sg	32292
all_dm6_minus_tracheal_sg	32294
all_dm6_minus_tracheal_sg	32295
all_dm6_minus_tracheal_sg	32296
all_dm6_minus_tracheal_sg	32297
all_dm6_minus_tracheal_sg	32298
all_dm6_minus_tracheal_sg	32299
all_dm6_minus_tracheal_sg	32300
all_dm6_minus_tracheal_sg	32301
all_dm6_minus_tracheal_sg	32302
all_dm6_minus_tracheal_sg	32307
all_dm6_minus_tracheal_sg	32308
all_dm6_minus_tracheal_sg	32309
all_dm6_minus_tracheal_sg	32310
all_dm6_minus_tracheal_sg	32311
all_dm6_minus_tracheal_sg	32315
all_dm6_minus_tracheal_sg	32316
all_dm6_minus_tracheal_sg	32317
all_dm6_minus_tracheal_sg	32318
all_dm6_minus_tracheal_sg	32319
all_dm6_minus_tracheal_sg	32320
all_dm6_minus_tracheal_sg	32322
all_dm6_minus_tracheal_sg	32323
all_dm6_minus_tracheal_sg	32324
all_dm6_minus_tracheal_sg	32325
all_dm6_minus_tracheal_sg	32326
all_dm6_minus_tracheal_sg	32327
all_dm6_minus_tracheal_sg	32328
all_dm6_minus_tracheal_sg	32329
all_dm6_minus_tracheal_sg	32330
all_dm6_minus_tracheal_sg	32334
all_dm6_minus_tracheal_sg	32335
all_dm6_minus_tracheal_sg	32337
all_dm6_minus_tracheal_sg	32338
all_dm6_minus_tracheal_sg	32339
all_dm6_minus_tracheal_sg	32340
all_dm6_minus_tracheal_sg	32341
all_dm6_minus_tracheal_sg	32342
all_dm6_minus_tracheal_sg	32343
all_dm6_minus_tracheal_sg	32344
all_dm6_minus_tracheal_sg	32345
all_dm6_minus_tracheal_sg	32348
all_dm6_minus_tracheal_sg	32349
all_dm6_minus_tracheal_sg	32350
all_dm6_minus_tracheal_sg	32351
all_dm6_minus_tracheal_sg	32353
all_dm6_minus_tracheal_sg	32357
all_dm6_minus_tracheal_sg	32358
all_dm6_minus_tracheal_sg	32359
all_dm6_minus_tracheal_sg	32360
all_dm6_minus_tracheal_sg	32361
all_dm6_minus_tracheal_sg	32362
all_dm6_minus_tracheal_sg	32364
all_dm6_minus_tracheal_sg	32365
all_dm6_minus_tracheal_sg	32366
all_dm6_minus_tracheal_sg	32367
all_dm6_minus_tracheal_sg	32368
all_dm6_minus_tracheal_sg	32371
all_dm6_minus_tracheal_sg	32373
all_dm6_minus_tracheal_sg	32374
all_dm6_minus_tracheal_sg	32375
all_dm6_minus_tracheal_sg	32378
all_dm6_minus_tracheal_sg	32379
all_dm6_minus_tracheal_sg	32382
all_dm6_minus_tracheal_sg	32384
all_dm6_minus_tracheal_sg	32385
all_dm6_minus_tracheal_sg	32386
all_dm6_minus_tracheal_sg	32387
all_dm6_minus_tracheal_sg	32389
all_dm6_minus_tracheal_sg	32392
all_dm6_minus_tracheal_sg	32393
all_dm6_minus_tracheal_sg	32394
all_dm6_minus_tracheal_sg	32395
all_dm6_minus_tracheal_sg	32396
all_dm6_minus_tracheal_sg	32397
all_dm6_minus_tracheal_sg	32399
all_dm6_minus_tracheal_sg	32401
all_dm6_minus_tracheal_sg	32402
all_dm6_minus_tracheal_sg	32403
all_dm6_minus_tracheal_sg	32407
all_dm6_minus_tracheal_sg	32408
all_dm6_minus_tracheal_sg	32409
all_dm6_minus_tracheal_sg	32410
all_dm6_minus_tracheal_sg	32412
all_dm6_minus_tracheal_sg	32413
all_dm6_minus_tracheal_sg	32414
all_dm6_minus_tracheal_sg	32415
all_dm6_minus_tracheal_sg	32416
all_dm6_minus_tracheal_sg	32418
all_dm6_minus_tracheal_sg	32419
all_dm6_minus_tracheal_sg	32420
all_dm6_minus_tracheal_sg	32421
all_dm6_minus_tracheal_sg	32422
all_dm6_minus_tracheal_sg	32423
all_dm6_minus_tracheal_sg	32426
all_dm6_minus_tracheal_sg	32427
all_dm6_minus_tracheal_sg	32428
all_dm6_minus_tracheal_sg	32429
all_dm6_minus_tracheal_sg	32434
all_dm6_minus_tracheal_sg	32435
all_dm6_minus_tracheal_sg	32436
all_dm6_minus_tracheal_sg	32438
all_dm6_minus_tracheal_sg	32439
all_dm6_minus_tracheal_sg	32440
all_dm6_minus_tracheal_sg	32441
all_dm6_minus_tracheal_sg	32442
all_dm6_minus_tracheal_sg	32443
all_dm6_minus_tracheal_sg	32444
all_dm6_minus_tracheal_sg	32446
all_dm6_minus_tracheal_sg	32448
all_dm6_minus_tracheal_sg	32450
all_dm6_minus_tracheal_sg	32452
all_dm6_minus_tracheal_sg	32453
all_dm6_minus_tracheal_sg	32454
all_dm6_minus_tracheal_sg	32455
all_dm6_minus_tracheal_sg	32457
all_dm6_minus_tracheal_sg	32458
all_dm6_minus_tracheal_sg	32459
all_dm6_minus_tracheal_sg	32460
all_dm6_minus_tracheal_sg	32461
all_dm6_minus_tracheal_sg	32462
all_dm6_minus_tracheal_sg	32463
all_dm6_minus_tracheal_sg	32464
all_dm6_minus_tracheal_sg	32467
all_dm6_minus_tracheal_sg	32468
all_dm6_minus_tracheal_sg	32470
all_dm6_minus_tracheal_sg	32472
all_dm6_minus_tracheal_sg	32473
all_dm6_minus_tracheal_sg	32474
all_dm6_minus_tracheal_sg	32475
all_dm6_minus_tracheal_sg	32476
all_dm6_minus_tracheal_sg	32477
all_dm6_minus_tracheal_sg	32478
all_dm6_minus_tracheal_sg	32479
all_dm6_minus_tracheal_sg	32480
all_dm6_minus_tracheal_sg	32481
all_dm6_minus_tracheal_sg	32482
all_dm6_minus_tracheal_sg	32485
all_dm6_minus_tracheal_sg	32487
all_dm6_minus_tracheal_sg	32488
all_dm6_minus_tracheal_sg	32489
all_dm6_minus_tracheal_sg	32490
all_dm6_minus_tracheal_sg	32492
all_dm6_minus_tracheal_sg	32494
all_dm6_minus_tracheal_sg	32495
all_dm6_minus_tracheal_sg	32496
all_dm6_minus_tracheal_sg	32497
all_dm6_minus_tracheal_sg	32498
all_dm6_minus_tracheal_sg	32499
all_dm6_minus_tracheal_sg	32500
all_dm6_minus_tracheal_sg	32501
all_dm6_minus_tracheal_sg	32502
all_dm6_minus_tracheal_sg	32503
all_dm6_minus_tracheal_sg	32504
all_dm6_minus_tracheal_sg	32505
all_dm6_minus_tracheal_sg	32506
all_dm6_minus_tracheal_sg	32507
all_dm6_minus_tracheal_sg	32508
all_dm6_minus_tracheal_sg	32509
all_dm6_minus_tracheal_sg	32510
all_dm6_minus_tracheal_sg	32511
all_dm6_minus_tracheal_sg	32512
all_dm6_minus_tracheal_sg	32513
all_dm6_minus_tracheal_sg	32514
all_dm6_minus_tracheal_sg	32515
all_dm6_minus_tracheal_sg	32516
all_dm6_minus_tracheal_sg	32517
all_dm6_minus_tracheal_sg	32518
all_dm6_minus_tracheal_sg	32521
all_dm6_minus_tracheal_sg	32522
all_dm6_minus_tracheal_sg	32523
all_dm6_minus_tracheal_sg	32524
all_dm6_minus_tracheal_sg	32525
all_dm6_minus_tracheal_sg	32526
all_dm6_minus_tracheal_sg	32528
all_dm6_minus_tracheal_sg	32529
all_dm6_minus_tracheal_sg	32530
all_dm6_minus_tracheal_sg	32531
all_dm6_minus_tracheal_sg	32532
all_dm6_minus_tracheal_sg	32533
all_dm6_minus_tracheal_sg	32534
all_dm6_minus_tracheal_sg	32535
all_dm6_minus_tracheal_sg	32538
all_dm6_minus_tracheal_sg	32540
all_dm6_minus_tracheal_sg	32542
all_dm6_minus_tracheal_sg	32543
all_dm6_minus_tracheal_sg	32545
all_dm6_minus_tracheal_sg	32546
all_dm6_minus_tracheal_sg	32547
all_dm6_minus_tracheal_sg	32549
all_dm6_minus_tracheal_sg	32551
all_dm6_minus_tracheal_sg	32552
all_dm6_minus_tracheal_sg	32553
all_dm6_minus_tracheal_sg	32554
all_dm6_minus_tracheal_sg	32556
all_dm6_minus_tracheal_sg	32557
all_dm6_minus_tracheal_sg	32558
all_dm6_minus_tracheal_sg	32561
all_dm6_minus_tracheal_sg	32562
all_dm6_minus_tracheal_sg	32563
all_dm6_minus_tracheal_sg	32564
all_dm6_minus_tracheal_sg	32565
all_dm6_minus_tracheal_sg	32566
all_dm6_minus_tracheal_sg	32568
all_dm6_minus_tracheal_sg	32569
all_dm6_minus_tracheal_sg	32570
all_dm6_minus_tracheal_sg	32571
all_dm6_minus_tracheal_sg	32572
all_dm6_minus_tracheal_sg	32573
all_dm6_minus_tracheal_sg	32574
all_dm6_minus_tracheal_sg	32575
all_dm6_minus_tracheal_sg	32576
all_dm6_minus_tracheal_sg	32580
all_dm6_minus_tracheal_sg	32581
all_dm6_minus_tracheal_sg	32582
all_dm6_minus_tracheal_sg	32584
all_dm6_minus_tracheal_sg	32585
all_dm6_minus_tracheal_sg	32586
all_dm6_minus_tracheal_sg	32587
all_dm6_minus_tracheal_sg	32588
all_dm6_minus_tracheal_sg	32589
all_dm6_minus_tracheal_sg	32591
all_dm6_minus_tracheal_sg	32592
all_dm6_minus_tracheal_sg	32594
all_dm6_minus_tracheal_sg	32596
all_dm6_minus_tracheal_sg	32597
all_dm6_minus_tracheal_sg	32598
all_dm6_minus_tracheal_sg	32599
all_dm6_minus_tracheal_sg	32601
all_dm6_minus_tracheal_sg	32603
all_dm6_minus_tracheal_sg	32604
all_dm6_minus_tracheal_sg	32605
all_dm6_minus_tracheal_sg	32606
all_dm6_minus_tracheal_sg	32607
all_dm6_minus_tracheal_sg	32608
all_dm6_minus_tracheal_sg	32609
all_dm6_minus_tracheal_sg	32610
all_dm6_minus_tracheal_sg	32611
all_dm6_minus_tracheal_sg	32613
all_dm6_minus_tracheal_sg	32615
all_dm6_minus_tracheal_sg	32616
all_dm6_minus_tracheal_sg	32619
all_dm6_minus_tracheal_sg	32620
all_dm6_minus_tracheal_sg	32621
all_dm6_minus_tracheal_sg	32622
all_dm6_minus_tracheal_sg	32623
all_dm6_minus_tracheal_sg	32624
all_dm6_minus_tracheal_sg	32625
all_dm6_minus_tracheal_sg	32626
all_dm6_minus_tracheal_sg	32629
all_dm6_minus_tracheal_sg	32630
all_dm6_minus_tracheal_sg	32631
all_dm6_minus_tracheal_sg	32633
all_dm6_minus_tracheal_sg	32635
all_dm6_minus_tracheal_sg	32637
all_dm6_minus_tracheal_sg	32638
all_dm6_minus_tracheal_sg	32639
all_dm6_minus_tracheal_sg	32640
all_dm6_minus_tracheal_sg	32641
all_dm6_minus_tracheal_sg	32642
all_dm6_minus_tracheal_sg	32643
all_dm6_minus_tracheal_sg	32645
all_dm6_minus_tracheal_sg	32646
all_dm6_minus_tracheal_sg	32647
all_dm6_minus_tracheal_sg	32648
all_dm6_minus_tracheal_sg	32649
all_dm6_minus_tracheal_sg	32650
all_dm6_minus_tracheal_sg	32651
all_dm6_minus_tracheal_sg	32654
all_dm6_minus_tracheal_sg	32656
all_dm6_minus_tracheal_sg	32657
all_dm6_minus_tracheal_sg	32659
all_dm6_minus_tracheal_sg	32662
all_dm6_minus_tracheal_sg	32663
all_dm6_minus_tracheal_sg	32664
all_dm6_minus_tracheal_sg	32668
all_dm6_minus_tracheal_sg	32674
all_dm6_minus_tracheal_sg	32676
all_dm6_minus_tracheal_sg	32677
all_dm6_minus_tracheal_sg	32678
all_dm6_minus_tracheal_sg	32679
all_dm6_minus_tracheal_sg	32680
all_dm6_minus_tracheal_sg	32681
all_dm6_minus_tracheal_sg	32682
all_dm6_minus_tracheal_sg	32685
all_dm6_minus_tracheal_sg	32686
all_dm6_minus_tracheal_sg	32687
all_dm6_minus_tracheal_sg	32688
all_dm6_minus_tracheal_sg	32689
all_dm6_minus_tracheal_sg	32690
all_dm6_minus_tracheal_sg	32691
all_dm6_minus_tracheal_sg	32692
all_dm6_minus_tracheal_sg	32693
all_dm6_minus_tracheal_sg	32694
all_dm6_minus_tracheal_sg	32695
all_dm6_minus_tracheal_sg	32696
all_dm6_minus_tracheal_sg	32698
all_dm6_minus_tracheal_sg	32700
all_dm6_minus_tracheal_sg	32704
all_dm6_minus_tracheal_sg	32705
all_dm6_minus_tracheal_sg	32706
all_dm6_minus_tracheal_sg	32707
all_dm6_minus_tracheal_sg	32708
all_dm6_minus_tracheal_sg	32709
all_dm6_minus_tracheal_sg	32710
all_dm6_minus_tracheal_sg	32711
all_dm6_minus_tracheal_sg	32713
all_dm6_minus_tracheal_sg	32714
all_dm6_minus_tracheal_sg	32715
all_dm6_minus_tracheal_sg	32716
all_dm6_minus_tracheal_sg	32718
all_dm6_minus_tracheal_sg	32719
all_dm6_minus_tracheal_sg	32720
all_dm6_minus_tracheal_sg	32722
all_dm6_minus_tracheal_sg	32723
all_dm6_minus_tracheal_sg	32724
all_dm6_minus_tracheal_sg	32725
all_dm6_minus_tracheal_sg	32726
all_dm6_minus_tracheal_sg	32727
all_dm6_minus_tracheal_sg	32731
all_dm6_minus_tracheal_sg	32732
all_dm6_minus_tracheal_sg	32733
all_dm6_minus_tracheal_sg	32737
all_dm6_minus_tracheal_sg	32738
all_dm6_minus_tracheal_sg	32739
all_dm6_minus_tracheal_sg	32740
all_dm6_minus_tracheal_sg	32741
all_dm6_minus_tracheal_sg	32742
all_dm6_minus_tracheal_sg	32745
all_dm6_minus_tracheal_sg	32747
all_dm6_minus_tracheal_sg	32748
all_dm6_minus_tracheal_sg	32751
all_dm6_minus_tracheal_sg	32752
all_dm6_minus_tracheal_sg	32754
all_dm6_minus_tracheal_sg	32757
all_dm6_minus_tracheal_sg	32758
all_dm6_minus_tracheal_sg	32759
all_dm6_minus_tracheal_sg	32760
all_dm6_minus_tracheal_sg	32762
all_dm6_minus_tracheal_sg	32763
all_dm6_minus_tracheal_sg	32764
all_dm6_minus_tracheal_sg	32766
all_dm6_minus_tracheal_sg	32767
all_dm6_minus_tracheal_sg	32768
all_dm6_minus_tracheal_sg	32769
all_dm6_minus_tracheal_sg	32770
all_dm6_minus_tracheal_sg	32773
all_dm6_minus_tracheal_sg	32774
all_dm6_minus_tracheal_sg	32775
all_dm6_minus_tracheal_sg	32776
all_dm6_minus_tracheal_sg	32777
all_dm6_minus_tracheal_sg	32781
all_dm6_minus_tracheal_sg	32782
all_dm6_minus_tracheal_sg	32784
all_dm6_minus_tracheal_sg	32785
all_dm6_minus_tracheal_sg	32786
all_dm6_minus_tracheal_sg	32787
all_dm6_minus_tracheal_sg	32788
all_dm6_minus_tracheal_sg	32789
all_dm6_minus_tracheal_sg	32790
all_dm6_minus_tracheal_sg	32791
all_dm6_minus_tracheal_sg	32793
all_dm6_minus_tracheal_sg	32796
all_dm6_minus_tracheal_sg	32797
all_dm6_minus_tracheal_sg	32798
all_dm6_minus_tracheal_sg	32799
all_dm6_minus_tracheal_sg	32800
all_dm6_minus_tracheal_sg	32803
all_dm6_minus_tracheal_sg	32806
all_dm6_minus_tracheal_sg	32813
all_dm6_minus_tracheal_sg	32814
all_dm6_minus_tracheal_sg	32815
all_dm6_minus_tracheal_sg	32816
all_dm6_minus_tracheal_sg	32817
all_dm6_minus_tracheal_sg	32819
all_dm6_minus_tracheal_sg	32821
all_dm6_minus_tracheal_sg	32822
all_dm6_minus_tracheal_sg	32824
all_dm6_minus_tracheal_sg	32825
all_dm6_minus_tracheal_sg	32827
all_dm6_minus_tracheal_sg	32832
all_dm6_minus_tracheal_sg	32833
all_dm6_minus_tracheal_sg	32834
all_dm6_minus_tracheal_sg	32835
all_dm6_minus_tracheal_sg	32836
all_dm6_minus_tracheal_sg	32837
all_dm6_minus_tracheal_sg	32839
all_dm6_minus_tracheal_sg	32840
all_dm6_minus_tracheal_sg	32841
all_dm6_minus_tracheal_sg	32843
all_dm6_minus_tracheal_sg	32844
all_dm6_minus_tracheal_sg	32845
all_dm6_minus_tracheal_sg	32846
all_dm6_minus_tracheal_sg	32848
all_dm6_minus_tracheal_sg	32851
all_dm6_minus_tracheal_sg	32852
all_dm6_minus_tracheal_sg	32853
all_dm6_minus_tracheal_sg	32854
all_dm6_minus_tracheal_sg	32855
all_dm6_minus_tracheal_sg	32856
all_dm6_minus_tracheal_sg	32859
all_dm6_minus_tracheal_sg	32860
all_dm6_minus_tracheal_sg	32861
all_dm6_minus_tracheal_sg	32862
all_dm6_minus_tracheal_sg	32864
all_dm6_minus_tracheal_sg	32866
all_dm6_minus_tracheal_sg	32869
all_dm6_minus_tracheal_sg	32871
all_dm6_minus_tracheal_sg	32873
all_dm6_minus_tracheal_sg	32874
all_dm6_minus_tracheal_sg	32875
all_dm6_minus_tracheal_sg	32877
all_dm6_minus_tracheal_sg	32878
all_dm6_minus_tracheal_sg	32880
all_dm6_minus_tracheal_sg	32881
all_dm6_minus_tracheal_sg	32882
all_dm6_minus_tracheal_sg	32885
all_dm6_minus_tracheal_sg	32886
all_dm6_minus_tracheal_sg	32887
all_dm6_minus_tracheal_sg	32888
all_dm6_minus_tracheal_sg	32891
all_dm6_minus_tracheal_sg	32892
all_dm6_minus_tracheal_sg	32893
all_dm6_minus_tracheal_sg	32894
all_dm6_minus_tracheal_sg	32895
all_dm6_minus_tracheal_sg	32896
all_dm6_minus_tracheal_sg	32897
all_dm6_minus_tracheal_sg	32901
all_dm6_minus_tracheal_sg	32903
all_dm6_minus_tracheal_sg	32905
all_dm6_minus_tracheal_sg	32906
all_dm6_minus_tracheal_sg	32907
all_dm6_minus_tracheal_sg	32908
all_dm6_minus_tracheal_sg	32909
all_dm6_minus_tracheal_sg	32910
all_dm6_minus_tracheal_sg	32911
all_dm6_minus_tracheal_sg	32913
all_dm6_minus_tracheal_sg	32914
all_dm6_minus_tracheal_sg	32915
all_dm6_minus_tracheal_sg	32916
all_dm6_minus_tracheal_sg	32917
all_dm6_minus_tracheal_sg	32918
all_dm6_minus_tracheal_sg	32919
all_dm6_minus_tracheal_sg	32920
all_dm6_minus_tracheal_sg	32922
all_dm6_minus_tracheal_sg	32923
all_dm6_minus_tracheal_sg	32925
all_dm6_minus_tracheal_sg	32926
all_dm6_minus_tracheal_sg	32928
all_dm6_minus_tracheal_sg	32930
all_dm6_minus_tracheal_sg	32932
all_dm6_minus_tracheal_sg	32933
all_dm6_minus_tracheal_sg	32935
all_dm6_minus_tracheal_sg	32936
all_dm6_minus_tracheal_sg	32937
all_dm6_minus_tracheal_sg	32938
all_dm6_minus_tracheal_sg	32939
all_dm6_minus_tracheal_sg	32941
all_dm6_minus_tracheal_sg	32942
all_dm6_minus_tracheal_sg	32943
all_dm6_minus_tracheal_sg	32946
all_dm6_minus_tracheal_sg	32947
all_dm6_minus_tracheal_sg	32949
all_dm6_minus_tracheal_sg	32950
all_dm6_minus_tracheal_sg	32951
all_dm6_minus_tracheal_sg	32952
all_dm6_minus_tracheal_sg	32953
all_dm6_minus_tracheal_sg	32954
all_dm6_minus_tracheal_sg	32958
all_dm6_minus_tracheal_sg	32961
all_dm6_minus_tracheal_sg	32962
all_dm6_minus_tracheal_sg	32963
all_dm6_minus_tracheal_sg	32964
all_dm6_minus_tracheal_sg	32965
all_dm6_minus_tracheal_sg	32966
all_dm6_minus_tracheal_sg	32967
all_dm6_minus_tracheal_sg	32969
all_dm6_minus_tracheal_sg	32970
all_dm6_minus_tracheal_sg	32971
all_dm6_minus_tracheal_sg	32972
all_dm6_minus_tracheal_sg	32973
all_dm6_minus_tracheal_sg	32974
all_dm6_minus_tracheal_sg	32975
all_dm6_minus_tracheal_sg	32977
all_dm6_minus_tracheal_sg	32978
all_dm6_minus_tracheal_sg	32979
all_dm6_minus_tracheal_sg	32980
all_dm6_minus_tracheal_sg	32982
all_dm6_minus_tracheal_sg	32983
all_dm6_minus_tracheal_sg	32984
all_dm6_minus_tracheal_sg	32986
all_dm6_minus_tracheal_sg	32987
all_dm6_minus_tracheal_sg	32988
all_dm6_minus_tracheal_sg	32989
all_dm6_minus_tracheal_sg	32990
all_dm6_minus_tracheal_sg	32991
all_dm6_minus_tracheal_sg	32992
all_dm6_minus_tracheal_sg	32993
all_dm6_minus_tracheal_sg	32995
all_dm6_minus_tracheal_sg	32996
all_dm6_minus_tracheal_sg	32997
all_dm6_minus_tracheal_sg	32999
all_dm6_minus_tracheal_sg	33000
all_dm6_minus_tracheal_sg	33001
all_dm6_minus_tracheal_sg	33002
all_dm6_minus_tracheal_sg	33004
all_dm6_minus_tracheal_sg	33005
all_dm6_minus_tracheal_sg	33006
all_dm6_minus_tracheal_sg	33007
all_dm6_minus_tracheal_sg	33009
all_dm6_minus_tracheal_sg	33010
all_dm6_minus_tracheal_sg	33011
all_dm6_minus_tracheal_sg	33012
all_dm6_minus_tracheal_sg	33013
all_dm6_minus_tracheal_sg	33014
all_dm6_minus_tracheal_sg	33015
all_dm6_minus_tracheal_sg	33016
all_dm6_minus_tracheal_sg	33017
all_dm6_minus_tracheal_sg	33018
all_dm6_minus_tracheal_sg	33023
all_dm6_minus_tracheal_sg	33024
all_dm6_minus_tracheal_sg	33025
all_dm6_minus_tracheal_sg	33026
all_dm6_minus_tracheal_sg	33028
all_dm6_minus_tracheal_sg	33029
all_dm6_minus_tracheal_sg	33031
all_dm6_minus_tracheal_sg	33032
all_dm6_minus_tracheal_sg	33034
all_dm6_minus_tracheal_sg	33035
all_dm6_minus_tracheal_sg	33036
all_dm6_minus_tracheal_sg	33037
all_dm6_minus_tracheal_sg	33038
all_dm6_minus_tracheal_sg	33039
all_dm6_minus_tracheal_sg	33040
all_dm6_minus_tracheal_sg	33043
all_dm6_minus_tracheal_sg	33044
all_dm6_minus_tracheal_sg	33045
all_dm6_minus_tracheal_sg	33046
all_dm6_minus_tracheal_sg	33047
all_dm6_minus_tracheal_sg	33049
all_dm6_minus_tracheal_sg	33051
all_dm6_minus_tracheal_sg	33057
all_dm6_minus_tracheal_sg	33058
all_dm6_minus_tracheal_sg	33059
all_dm6_minus_tracheal_sg	33060
all_dm6_minus_tracheal_sg	33061
all_dm6_minus_tracheal_sg	33062
all_dm6_minus_tracheal_sg	33064
all_dm6_minus_tracheal_sg	33066
all_dm6_minus_tracheal_sg	33068
all_dm6_minus_tracheal_sg	33071
all_dm6_minus_tracheal_sg	33072
all_dm6_minus_tracheal_sg	33073
all_dm6_minus_tracheal_sg	33074
all_dm6_minus_tracheal_sg	33075
all_dm6_minus_tracheal_sg	33076
all_dm6_minus_tracheal_sg	33077
all_dm6_minus_tracheal_sg	33078
all_dm6_minus_tracheal_sg	33079
all_dm6_minus_tracheal_sg	33081
all_dm6_minus_tracheal_sg	33082
all_dm6_minus_tracheal_sg	33085
all_dm6_minus_tracheal_sg	33088
all_dm6_minus_tracheal_sg	33090
all_dm6_minus_tracheal_sg	33093
all_dm6_minus_tracheal_sg	33094
all_dm6_minus_tracheal_sg	33096
all_dm6_minus_tracheal_sg	33097
all_dm6_minus_tracheal_sg	33098
all_dm6_minus_tracheal_sg	33101
all_dm6_minus_tracheal_sg	33102
all_dm6_minus_tracheal_sg	33103
all_dm6_minus_tracheal_sg	33104
all_dm6_minus_tracheal_sg	33105
all_dm6_minus_tracheal_sg	33107
all_dm6_minus_tracheal_sg	33109
all_dm6_minus_tracheal_sg	33110
all_dm6_minus_tracheal_sg	33111
all_dm6_minus_tracheal_sg	33117
all_dm6_minus_tracheal_sg	33118
all_dm6_minus_tracheal_sg	33119
all_dm6_minus_tracheal_sg	33120
all_dm6_minus_tracheal_sg	33121
all_dm6_minus_tracheal_sg	33123
all_dm6_minus_tracheal_sg	33125
all_dm6_minus_tracheal_sg	33126
all_dm6_minus_tracheal_sg	33127
all_dm6_minus_tracheal_sg	33128
all_dm6_minus_tracheal_sg	33130
all_dm6_minus_tracheal_sg	33132
all_dm6_minus_tracheal_sg	33133
all_dm6_minus_tracheal_sg	33134
all_dm6_minus_tracheal_sg	33135
all_dm6_minus_tracheal_sg	33136
all_dm6_minus_tracheal_sg	33137
all_dm6_minus_tracheal_sg	33139
all_dm6_minus_tracheal_sg	33140
all_dm6_minus_tracheal_sg	33142
all_dm6_minus_tracheal_sg	33143
all_dm6_minus_tracheal_sg	33147
all_dm6_minus_tracheal_sg	33155
all_dm6_minus_tracheal_sg	33156
all_dm6_minus_tracheal_sg	33157
all_dm6_minus_tracheal_sg	33161
all_dm6_minus_tracheal_sg	33162
all_dm6_minus_tracheal_sg	33163
all_dm6_minus_tracheal_sg	33165
all_dm6_minus_tracheal_sg	33166
all_dm6_minus_tracheal_sg	33167
all_dm6_minus_tracheal_sg	33169
all_dm6_minus_tracheal_sg	33170
all_dm6_minus_tracheal_sg	33174
all_dm6_minus_tracheal_sg	33175
all_dm6_minus_tracheal_sg	33176
all_dm6_minus_tracheal_sg	33178
all_dm6_minus_tracheal_sg	33179
all_dm6_minus_tracheal_sg	33180
all_dm6_minus_tracheal_sg	33182
all_dm6_minus_tracheal_sg	33183
all_dm6_minus_tracheal_sg	33184
all_dm6_minus_tracheal_sg	33185
all_dm6_minus_tracheal_sg	33187
all_dm6_minus_tracheal_sg	33190
all_dm6_minus_tracheal_sg	33191
all_dm6_minus_tracheal_sg	33192
all_dm6_minus_tracheal_sg	33193
all_dm6_minus_tracheal_sg	33194
all_dm6_minus_tracheal_sg	33195
all_dm6_minus_tracheal_sg	33197
all_dm6_minus_tracheal_sg	33199
all_dm6_minus_tracheal_sg	33200
all_dm6_minus_tracheal_sg	33203
all_dm6_minus_tracheal_sg	33204
all_dm6_minus_tracheal_sg	33205
all_dm6_minus_tracheal_sg	33206
all_dm6_minus_tracheal_sg	33207
all_dm6_minus_tracheal_sg	33208
all_dm6_minus_tracheal_sg	33209
all_dm6_minus_tracheal_sg	33211
all_dm6_minus_tracheal_sg	33212
all_dm6_minus_tracheal_sg	33213
all_dm6_minus_tracheal_sg	33214
all_dm6_minus_tracheal_sg	33215
all_dm6_minus_tracheal_sg	33216
all_dm6_minus_tracheal_sg	33217
all_dm6_minus_tracheal_sg	33219
all_dm6_minus_tracheal_sg	33221
all_dm6_minus_tracheal_sg	33222
all_dm6_minus_tracheal_sg	33223
all_dm6_minus_tracheal_sg	33224
all_dm6_minus_tracheal_sg	33225
all_dm6_minus_tracheal_sg	33226
all_dm6_minus_tracheal_sg	33228
all_dm6_minus_tracheal_sg	33229
all_dm6_minus_tracheal_sg	33230
all_dm6_minus_tracheal_sg	33231
all_dm6_minus_tracheal_sg	33232
all_dm6_minus_tracheal_sg	33233
all_dm6_minus_tracheal_sg	33235
all_dm6_minus_tracheal_sg	33236
all_dm6_minus_tracheal_sg	33238
all_dm6_minus_tracheal_sg	33239
all_dm6_minus_tracheal_sg	33240
all_dm6_minus_tracheal_sg	33241
all_dm6_minus_tracheal_sg	33242
all_dm6_minus_tracheal_sg	33244
all_dm6_minus_tracheal_sg	33247
all_dm6_minus_tracheal_sg	33248
all_dm6_minus_tracheal_sg	33249
all_dm6_minus_tracheal_sg	33250
all_dm6_minus_tracheal_sg	33251
all_dm6_minus_tracheal_sg	33252
all_dm6_minus_tracheal_sg	33253
all_dm6_minus_tracheal_sg	33254
all_dm6_minus_tracheal_sg	33255
all_dm6_minus_tracheal_sg	33256
all_dm6_minus_tracheal_sg	33257
all_dm6_minus_tracheal_sg	33258
all_dm6_minus_tracheal_sg	33259
all_dm6_minus_tracheal_sg	33260
all_dm6_minus_tracheal_sg	33261
all_dm6_minus_tracheal_sg	33262
all_dm6_minus_tracheal_sg	33264
all_dm6_minus_tracheal_sg	33266
all_dm6_minus_tracheal_sg	33269
all_dm6_minus_tracheal_sg	33270
all_dm6_minus_tracheal_sg	33271
all_dm6_minus_tracheal_sg	33272
all_dm6_minus_tracheal_sg	33274
all_dm6_minus_tracheal_sg	33276
all_dm6_minus_tracheal_sg	33277
all_dm6_minus_tracheal_sg	33278
all_dm6_minus_tracheal_sg	33279
all_dm6_minus_tracheal_sg	33283
all_dm6_minus_tracheal_sg	33284
all_dm6_minus_tracheal_sg	33285
all_dm6_minus_tracheal_sg	33286
all_dm6_minus_tracheal_sg	33287
all_dm6_minus_tracheal_sg	33290
all_dm6_minus_tracheal_sg	33291
all_dm6_minus_tracheal_sg	33293
all_dm6_minus_tracheal_sg	33294
all_dm6_minus_tracheal_sg	33295
all_dm6_minus_tracheal_sg	33298
all_dm6_minus_tracheal_sg	33300
all_dm6_minus_tracheal_sg	33301
all_dm6_minus_tracheal_sg	33303
all_dm6_minus_tracheal_sg	33304
all_dm6_minus_tracheal_sg	33305
all_dm6_minus_tracheal_sg	33306
all_dm6_minus_tracheal_sg	33307
all_dm6_minus_tracheal_sg	33308
all_dm6_minus_tracheal_sg	33309
all_dm6_minus_tracheal_sg	33310
all_dm6_minus_tracheal_sg	33312
all_dm6_minus_tracheal_sg	33314
all_dm6_minus_tracheal_sg	33317
all_dm6_minus_tracheal_sg	33318
all_dm6_minus_tracheal_sg	33319
all_dm6_minus_tracheal_sg	33320
all_dm6_minus_tracheal_sg	33321
all_dm6_minus_tracheal_sg	33323
all_dm6_minus_tracheal_sg	33324
all_dm6_minus_tracheal_sg	33325
all_dm6_minus_tracheal_sg	33330
all_dm6_minus_tracheal_sg	33331
all_dm6_minus_tracheal_sg	33332
all_dm6_minus_tracheal_sg	33333
all_dm6_minus_tracheal_sg	33334
all_dm6_minus_tracheal_sg	33335
all_dm6_minus_tracheal_sg	33336
all_dm6_minus_tracheal_sg	33337
all_dm6_minus_tracheal_sg	33338
all_dm6_minus_tracheal_sg	33341
all_dm6_minus_tracheal_sg	33347
all_dm6_minus_tracheal_sg	33348
all_dm6_minus_tracheal_sg	33349
all_dm6_minus_tracheal_sg	33350
all_dm6_minus_tracheal_sg	33353
all_dm6_minus_tracheal_sg	33356
all_dm6_minus_tracheal_sg	33357
all_dm6_minus_tracheal_sg	33358
all_dm6_minus_tracheal_sg	33359
all_dm6_minus_tracheal_sg	33360
all_dm6_minus_tracheal_sg	33361
all_dm6_minus_tracheal_sg	33363
all_dm6_minus_tracheal_sg	33365
all_dm6_minus_tracheal_sg	33366
all_dm6_minus_tracheal_sg	33370
all_dm6_minus_tracheal_sg	33371
all_dm6_minus_tracheal_sg	33372
all_dm6_minus_tracheal_sg	33373
all_dm6_minus_tracheal_sg	33374
all_dm6_minus_tracheal_sg	33377
all_dm6_minus_tracheal_sg	33379
all_dm6_minus_tracheal_sg	33381
all_dm6_minus_tracheal_sg	33384
all_dm6_minus_tracheal_sg	33385
all_dm6_minus_tracheal_sg	33386
all_dm6_minus_tracheal_sg	33388
all_dm6_minus_tracheal_sg	33389
all_dm6_minus_tracheal_sg	33390
all_dm6_minus_tracheal_sg	33391
all_dm6_minus_tracheal_sg	33394
all_dm6_minus_tracheal_sg	33395
all_dm6_minus_tracheal_sg	33396
all_dm6_minus_tracheal_sg	33397
all_dm6_minus_tracheal_sg	33398
all_dm6_minus_tracheal_sg	33399
all_dm6_minus_tracheal_sg	33401
all_dm6_minus_tracheal_sg	33403
all_dm6_minus_tracheal_sg	33404
all_dm6_minus_tracheal_sg	33405
all_dm6_minus_tracheal_sg	33406
all_dm6_minus_tracheal_sg	33407
all_dm6_minus_tracheal_sg	33408
all_dm6_minus_tracheal_sg	33410
all_dm6_minus_tracheal_sg	33411
all_dm6_minus_tracheal_sg	33412
all_dm6_minus_tracheal_sg	33413
all_dm6_minus_tracheal_sg	33414
all_dm6_minus_tracheal_sg	33418
all_dm6_minus_tracheal_sg	33419
all_dm6_minus_tracheal_sg	33420
all_dm6_minus_tracheal_sg	33421
all_dm6_minus_tracheal_sg	33422
all_dm6_minus_tracheal_sg	33423
all_dm6_minus_tracheal_sg	33424
all_dm6_minus_tracheal_sg	33425
all_dm6_minus_tracheal_sg	33426
all_dm6_minus_tracheal_sg	33427
all_dm6_minus_tracheal_sg	33429
all_dm6_minus_tracheal_sg	33431
all_dm6_minus_tracheal_sg	33435
all_dm6_minus_tracheal_sg	33436
all_dm6_minus_tracheal_sg	33437
all_dm6_minus_tracheal_sg	33438
all_dm6_minus_tracheal_sg	33439
all_dm6_minus_tracheal_sg	33440
all_dm6_minus_tracheal_sg	33441
all_dm6_minus_tracheal_sg	33442
all_dm6_minus_tracheal_sg	33443
all_dm6_minus_tracheal_sg	33444
all_dm6_minus_tracheal_sg	33445
all_dm6_minus_tracheal_sg	33446
all_dm6_minus_tracheal_sg	33447
all_dm6_minus_tracheal_sg	33448
all_dm6_minus_tracheal_sg	33449
all_dm6_minus_tracheal_sg	33450
all_dm6_minus_tracheal_sg	33451
all_dm6_minus_tracheal_sg	33452
all_dm6_minus_tracheal_sg	33453
all_dm6_minus_tracheal_sg	33454
all_dm6_minus_tracheal_sg	33455
all_dm6_minus_tracheal_sg	33458
all_dm6_minus_tracheal_sg	33459
all_dm6_minus_tracheal_sg	33460
all_dm6_minus_tracheal_sg	33465
all_dm6_minus_tracheal_sg	33466
all_dm6_minus_tracheal_sg	33467
all_dm6_minus_tracheal_sg	33468
all_dm6_minus_tracheal_sg	33469
all_dm6_minus_tracheal_sg	33472
all_dm6_minus_tracheal_sg	33473
all_dm6_minus_tracheal_sg	33475
all_dm6_minus_tracheal_sg	33476
all_dm6_minus_tracheal_sg	33477
all_dm6_minus_tracheal_sg	33478
all_dm6_minus_tracheal_sg	33479
all_dm6_minus_tracheal_sg	33480
all_dm6_minus_tracheal_sg	33481
all_dm6_minus_tracheal_sg	33482
all_dm6_minus_tracheal_sg	33483
all_dm6_minus_tracheal_sg	33484
all_dm6_minus_tracheal_sg	33485
all_dm6_minus_tracheal_sg	33486
all_dm6_minus_tracheal_sg	33487
all_dm6_minus_tracheal_sg	33488
all_dm6_minus_tracheal_sg	33489
all_dm6_minus_tracheal_sg	33490
all_dm6_minus_tracheal_sg	33492
all_dm6_minus_tracheal_sg	33493
all_dm6_minus_tracheal_sg	33496
all_dm6_minus_tracheal_sg	33499
all_dm6_minus_tracheal_sg	33500
all_dm6_minus_tracheal_sg	33501
all_dm6_minus_tracheal_sg	33502
all_dm6_minus_tracheal_sg	33503
all_dm6_minus_tracheal_sg	33504
all_dm6_minus_tracheal_sg	33505
all_dm6_minus_tracheal_sg	33507
all_dm6_minus_tracheal_sg	33510
all_dm6_minus_tracheal_sg	33511
all_dm6_minus_tracheal_sg	33512
all_dm6_minus_tracheal_sg	33513
all_dm6_minus_tracheal_sg	33514
all_dm6_minus_tracheal_sg	33515
all_dm6_minus_tracheal_sg	33516
all_dm6_minus_tracheal_sg	33517
all_dm6_minus_tracheal_sg	33519
all_dm6_minus_tracheal_sg	33520
all_dm6_minus_tracheal_sg	33521
all_dm6_minus_tracheal_sg	33522
all_dm6_minus_tracheal_sg	33524
all_dm6_minus_tracheal_sg	33526
all_dm6_minus_tracheal_sg	33527
all_dm6_minus_tracheal_sg	33528
all_dm6_minus_tracheal_sg	33530
all_dm6_minus_tracheal_sg	33532
all_dm6_minus_tracheal_sg	33534
all_dm6_minus_tracheal_sg	33535
all_dm6_minus_tracheal_sg	33537
all_dm6_minus_tracheal_sg	33538
all_dm6_minus_tracheal_sg	33539
all_dm6_minus_tracheal_sg	33540
all_dm6_minus_tracheal_sg	33541
all_dm6_minus_tracheal_sg	33542
all_dm6_minus_tracheal_sg	33543
all_dm6_minus_tracheal_sg	33544
all_dm6_minus_tracheal_sg	33545
all_dm6_minus_tracheal_sg	33547
all_dm6_minus_tracheal_sg	33548
all_dm6_minus_tracheal_sg	33551
all_dm6_minus_tracheal_sg	33552
all_dm6_minus_tracheal_sg	33553
all_dm6_minus_tracheal_sg	33554
all_dm6_minus_tracheal_sg	33555
all_dm6_minus_tracheal_sg	33557
all_dm6_minus_tracheal_sg	33559
all_dm6_minus_tracheal_sg	33560
all_dm6_minus_tracheal_sg	33561
all_dm6_minus_tracheal_sg	33563
all_dm6_minus_tracheal_sg	33564
all_dm6_minus_tracheal_sg	33565
all_dm6_minus_tracheal_sg	33567
all_dm6_minus_tracheal_sg	33568
all_dm6_minus_tracheal_sg	33570
all_dm6_minus_tracheal_sg	33571
all_dm6_minus_tracheal_sg	33572
all_dm6_minus_tracheal_sg	33573
all_dm6_minus_tracheal_sg	33574
all_dm6_minus_tracheal_sg	33575
all_dm6_minus_tracheal_sg	33576
all_dm6_minus_tracheal_sg	33577
all_dm6_minus_tracheal_sg	33578
all_dm6_minus_tracheal_sg	33579
all_dm6_minus_tracheal_sg	33581
all_dm6_minus_tracheal_sg	33583
all_dm6_minus_tracheal_sg	33585
all_dm6_minus_tracheal_sg	33589
all_dm6_minus_tracheal_sg	33590
all_dm6_minus_tracheal_sg	33591
all_dm6_minus_tracheal_sg	33592
all_dm6_minus_tracheal_sg	33593
all_dm6_minus_tracheal_sg	33594
all_dm6_minus_tracheal_sg	33595
all_dm6_minus_tracheal_sg	33597
all_dm6_minus_tracheal_sg	33599
all_dm6_minus_tracheal_sg	33600
all_dm6_minus_tracheal_sg	33601
all_dm6_minus_tracheal_sg	33603
all_dm6_minus_tracheal_sg	33606
all_dm6_minus_tracheal_sg	33609
all_dm6_minus_tracheal_sg	33611
all_dm6_minus_tracheal_sg	33613
all_dm6_minus_tracheal_sg	33615
all_dm6_minus_tracheal_sg	33616
all_dm6_minus_tracheal_sg	33617
all_dm6_minus_tracheal_sg	33621
all_dm6_minus_tracheal_sg	33622
all_dm6_minus_tracheal_sg	33623
all_dm6_minus_tracheal_sg	33626
all_dm6_minus_tracheal_sg	33629
all_dm6_minus_tracheal_sg	33630
all_dm6_minus_tracheal_sg	33631
all_dm6_minus_tracheal_sg	33635
all_dm6_minus_tracheal_sg	33637
all_dm6_minus_tracheal_sg	33639
all_dm6_minus_tracheal_sg	33640
all_dm6_minus_tracheal_sg	33641
all_dm6_minus_tracheal_sg	33642
all_dm6_minus_tracheal_sg	33644
all_dm6_minus_tracheal_sg	33645
all_dm6_minus_tracheal_sg	33646
all_dm6_minus_tracheal_sg	33647
all_dm6_minus_tracheal_sg	33648
all_dm6_minus_tracheal_sg	33651
all_dm6_minus_tracheal_sg	33652
all_dm6_minus_tracheal_sg	33653
all_dm6_minus_tracheal_sg	33654
all_dm6_minus_tracheal_sg	33655
all_dm6_minus_tracheal_sg	33656
all_dm6_minus_tracheal_sg	33657
all_dm6_minus_tracheal_sg	33658
all_dm6_minus_tracheal_sg	33659
all_dm6_minus_tracheal_sg	33661
all_dm6_minus_tracheal_sg	33665
all_dm6_minus_tracheal_sg	33667
all_dm6_minus_tracheal_sg	33668
all_dm6_minus_tracheal_sg	33669
all_dm6_minus_tracheal_sg	33670
all_dm6_minus_tracheal_sg	33671
all_dm6_minus_tracheal_sg	33672
all_dm6_minus_tracheal_sg	33675
all_dm6_minus_tracheal_sg	33676
all_dm6_minus_tracheal_sg	33677
all_dm6_minus_tracheal_sg	33678
all_dm6_minus_tracheal_sg	33679
all_dm6_minus_tracheal_sg	33680
all_dm6_minus_tracheal_sg	33682
all_dm6_minus_tracheal_sg	33683
all_dm6_minus_tracheal_sg	33684
all_dm6_minus_tracheal_sg	33685
all_dm6_minus_tracheal_sg	33686
all_dm6_minus_tracheal_sg	33687
all_dm6_minus_tracheal_sg	33688
all_dm6_minus_tracheal_sg	33689
all_dm6_minus_tracheal_sg	33690
all_dm6_minus_tracheal_sg	33692
all_dm6_minus_tracheal_sg	33693
all_dm6_minus_tracheal_sg	33694
all_dm6_minus_tracheal_sg	33695
all_dm6_minus_tracheal_sg	33696
all_dm6_minus_tracheal_sg	33700
all_dm6_minus_tracheal_sg	33701
all_dm6_minus_tracheal_sg	33702
all_dm6_minus_tracheal_sg	33703
all_dm6_minus_tracheal_sg	33704
all_dm6_minus_tracheal_sg	33705
all_dm6_minus_tracheal_sg	33706
all_dm6_minus_tracheal_sg	33707
all_dm6_minus_tracheal_sg	33708
all_dm6_minus_tracheal_sg	33709
all_dm6_minus_tracheal_sg	33710
all_dm6_minus_tracheal_sg	33711
all_dm6_minus_tracheal_sg	33712
all_dm6_minus_tracheal_sg	33714
all_dm6_minus_tracheal_sg	33716
all_dm6_minus_tracheal_sg	33717
all_dm6_minus_tracheal_sg	33718
all_dm6_minus_tracheal_sg	33719
all_dm6_minus_tracheal_sg	33726
all_dm6_minus_tracheal_sg	33732
all_dm6_minus_tracheal_sg	33734
all_dm6_minus_tracheal_sg	33735
all_dm6_minus_tracheal_sg	33738
all_dm6_minus_tracheal_sg	33742
all_dm6_minus_tracheal_sg	33743
all_dm6_minus_tracheal_sg	33748
all_dm6_minus_tracheal_sg	33749
all_dm6_minus_tracheal_sg	33750
all_dm6_minus_tracheal_sg	33751
all_dm6_minus_tracheal_sg	33752
all_dm6_minus_tracheal_sg	33754
all_dm6_minus_tracheal_sg	33755
all_dm6_minus_tracheal_sg	33756
all_dm6_minus_tracheal_sg	33758
all_dm6_minus_tracheal_sg	33760
all_dm6_minus_tracheal_sg	33761
all_dm6_minus_tracheal_sg	33763
all_dm6_minus_tracheal_sg	33764
all_dm6_minus_tracheal_sg	33765
all_dm6_minus_tracheal_sg	33766
all_dm6_minus_tracheal_sg	33768
all_dm6_minus_tracheal_sg	33769
all_dm6_minus_tracheal_sg	33770
all_dm6_minus_tracheal_sg	33771
all_dm6_minus_tracheal_sg	33772
all_dm6_minus_tracheal_sg	33774
all_dm6_minus_tracheal_sg	33775
all_dm6_minus_tracheal_sg	33776
all_dm6_minus_tracheal_sg	33777
all_dm6_minus_tracheal_sg	33778
all_dm6_minus_tracheal_sg	33779
all_dm6_minus_tracheal_sg	33780
all_dm6_minus_tracheal_sg	33783
all_dm6_minus_tracheal_sg	33784
all_dm6_minus_tracheal_sg	33785
all_dm6_minus_tracheal_sg	33786
all_dm6_minus_tracheal_sg	33787
all_dm6_minus_tracheal_sg	33788
all_dm6_minus_tracheal_sg	33789
all_dm6_minus_tracheal_sg	33790
all_dm6_minus_tracheal_sg	33791
all_dm6_minus_tracheal_sg	33792
all_dm6_minus_tracheal_sg	33793
all_dm6_minus_tracheal_sg	33795
all_dm6_minus_tracheal_sg	33797
all_dm6_minus_tracheal_sg	33798
all_dm6_minus_tracheal_sg	33799
all_dm6_minus_tracheal_sg	33800
all_dm6_minus_tracheal_sg	33802
all_dm6_minus_tracheal_sg	33804
all_dm6_minus_tracheal_sg	33806
all_dm6_minus_tracheal_sg	33808
all_dm6_minus_tracheal_sg	33809
all_dm6_minus_tracheal_sg	33810
all_dm6_minus_tracheal_sg	33812
all_dm6_minus_tracheal_sg	33815
all_dm6_minus_tracheal_sg	33816
all_dm6_minus_tracheal_sg	33817
all_dm6_minus_tracheal_sg	33818
all_dm6_minus_tracheal_sg	33819
all_dm6_minus_tracheal_sg	33820
all_dm6_minus_tracheal_sg	33822
all_dm6_minus_tracheal_sg	33823
all_dm6_minus_tracheal_sg	33824
all_dm6_minus_tracheal_sg	33825
all_dm6_minus_tracheal_sg	33826
all_dm6_minus_tracheal_sg	33827
all_dm6_minus_tracheal_sg	33828
all_dm6_minus_tracheal_sg	33829
all_dm6_minus_tracheal_sg	33830
all_dm6_minus_tracheal_sg	33831
all_dm6_minus_tracheal_sg	33832
all_dm6_minus_tracheal_sg	33833
all_dm6_minus_tracheal_sg	33836
all_dm6_minus_tracheal_sg	33839
all_dm6_minus_tracheal_sg	33840
all_dm6_minus_tracheal_sg	33841
all_dm6_minus_tracheal_sg	33842
all_dm6_minus_tracheal_sg	33843
all_dm6_minus_tracheal_sg	33844
all_dm6_minus_tracheal_sg	33845
all_dm6_minus_tracheal_sg	33846
all_dm6_minus_tracheal_sg	33849
all_dm6_minus_tracheal_sg	33851
all_dm6_minus_tracheal_sg	33853
all_dm6_minus_tracheal_sg	33854
all_dm6_minus_tracheal_sg	33855
all_dm6_minus_tracheal_sg	33856
all_dm6_minus_tracheal_sg	33857
all_dm6_minus_tracheal_sg	33858
all_dm6_minus_tracheal_sg	33859
all_dm6_minus_tracheal_sg	33865
all_dm6_minus_tracheal_sg	33866
all_dm6_minus_tracheal_sg	33867
all_dm6_minus_tracheal_sg	33868
all_dm6_minus_tracheal_sg	33869
all_dm6_minus_tracheal_sg	33874
all_dm6_minus_tracheal_sg	33879
all_dm6_minus_tracheal_sg	33881
all_dm6_minus_tracheal_sg	33882
all_dm6_minus_tracheal_sg	33884
all_dm6_minus_tracheal_sg	33885
all_dm6_minus_tracheal_sg	33888
all_dm6_minus_tracheal_sg	33889
all_dm6_minus_tracheal_sg	33890
all_dm6_minus_tracheal_sg	33892
all_dm6_minus_tracheal_sg	33893
all_dm6_minus_tracheal_sg	33894
all_dm6_minus_tracheal_sg	33895
all_dm6_minus_tracheal_sg	33897
all_dm6_minus_tracheal_sg	33898
all_dm6_minus_tracheal_sg	33899
all_dm6_minus_tracheal_sg	33900
all_dm6_minus_tracheal_sg	33901
all_dm6_minus_tracheal_sg	33902
all_dm6_minus_tracheal_sg	33904
all_dm6_minus_tracheal_sg	33907
all_dm6_minus_tracheal_sg	33909
all_dm6_minus_tracheal_sg	33910
all_dm6_minus_tracheal_sg	33911
all_dm6_minus_tracheal_sg	33913
all_dm6_minus_tracheal_sg	33914
all_dm6_minus_tracheal_sg	33916
all_dm6_minus_tracheal_sg	33917
all_dm6_minus_tracheal_sg	33919
all_dm6_minus_tracheal_sg	33920
all_dm6_minus_tracheal_sg	33921
all_dm6_minus_tracheal_sg	33922
all_dm6_minus_tracheal_sg	33923
all_dm6_minus_tracheal_sg	33924
all_dm6_minus_tracheal_sg	33925
all_dm6_minus_tracheal_sg	33927
all_dm6_minus_tracheal_sg	33931
all_dm6_minus_tracheal_sg	33932
all_dm6_minus_tracheal_sg	33933
all_dm6_minus_tracheal_sg	33934
all_dm6_minus_tracheal_sg	33935
all_dm6_minus_tracheal_sg	33937
all_dm6_minus_tracheal_sg	33938
all_dm6_minus_tracheal_sg	33939
all_dm6_minus_tracheal_sg	33940
all_dm6_minus_tracheal_sg	33941
all_dm6_minus_tracheal_sg	33942
all_dm6_minus_tracheal_sg	33944
all_dm6_minus_tracheal_sg	33946
all_dm6_minus_tracheal_sg	33947
all_dm6_minus_tracheal_sg	33949
all_dm6_minus_tracheal_sg	33950
all_dm6_minus_tracheal_sg	33951
all_dm6_minus_tracheal_sg	33952
all_dm6_minus_tracheal_sg	33954
all_dm6_minus_tracheal_sg	33955
all_dm6_minus_tracheal_sg	33956
all_dm6_minus_tracheal_sg	33957
all_dm6_minus_tracheal_sg	33959
all_dm6_minus_tracheal_sg	33960
all_dm6_minus_tracheal_sg	33961
all_dm6_minus_tracheal_sg	33962
all_dm6_minus_tracheal_sg	33963
all_dm6_minus_tracheal_sg	33965
all_dm6_minus_tracheal_sg	33968
all_dm6_minus_tracheal_sg	33969
all_dm6_minus_tracheal_sg	33971
all_dm6_minus_tracheal_sg	33972
all_dm6_minus_tracheal_sg	33973
all_dm6_minus_tracheal_sg	33974
all_dm6_minus_tracheal_sg	33975
all_dm6_minus_tracheal_sg	33976
all_dm6_minus_tracheal_sg	33977
all_dm6_minus_tracheal_sg	33978
all_dm6_minus_tracheal_sg	33979
all_dm6_minus_tracheal_sg	33982
all_dm6_minus_tracheal_sg	33984
all_dm6_minus_tracheal_sg	33985
all_dm6_minus_tracheal_sg	33987
all_dm6_minus_tracheal_sg	33988
all_dm6_minus_tracheal_sg	33989
all_dm6_minus_tracheal_sg	33992
all_dm6_minus_tracheal_sg	33993
all_dm6_minus_tracheal_sg	33999
all_dm6_minus_tracheal_sg	34000
all_dm6_minus_tracheal_sg	34001
all_dm6_minus_tracheal_sg	34002
all_dm6_minus_tracheal_sg	34003
all_dm6_minus_tracheal_sg	34004
all_dm6_minus_tracheal_sg	34005
all_dm6_minus_tracheal_sg	34006
all_dm6_minus_tracheal_sg	34009
all_dm6_minus_tracheal_sg	34010
all_dm6_minus_tracheal_sg	34011
all_dm6_minus_tracheal_sg	34012
all_dm6_minus_tracheal_sg	34013
all_dm6_minus_tracheal_sg	34014
all_dm6_minus_tracheal_sg	34015
all_dm6_minus_tracheal_sg	34016
all_dm6_minus_tracheal_sg	34018
all_dm6_minus_tracheal_sg	34019
all_dm6_minus_tracheal_sg	34021
all_dm6_minus_tracheal_sg	34023
all_dm6_minus_tracheal_sg	34024
all_dm6_minus_tracheal_sg	34029
all_dm6_minus_tracheal_sg	34030
all_dm6_minus_tracheal_sg	34031
all_dm6_minus_tracheal_sg	34035
all_dm6_minus_tracheal_sg	34036
all_dm6_minus_tracheal_sg	34037
all_dm6_minus_tracheal_sg	34038
all_dm6_minus_tracheal_sg	34041
all_dm6_minus_tracheal_sg	34042
all_dm6_minus_tracheal_sg	34044
all_dm6_minus_tracheal_sg	34045
all_dm6_minus_tracheal_sg	34046
all_dm6_minus_tracheal_sg	34047
all_dm6_minus_tracheal_sg	34048
all_dm6_minus_tracheal_sg	34049
all_dm6_minus_tracheal_sg	34051
all_dm6_minus_tracheal_sg	34052
all_dm6_minus_tracheal_sg	34053
all_dm6_minus_tracheal_sg	34054
all_dm6_minus_tracheal_sg	34055
all_dm6_minus_tracheal_sg	34058
all_dm6_minus_tracheal_sg	34060
all_dm6_minus_tracheal_sg	34061
all_dm6_minus_tracheal_sg	34062
all_dm6_minus_tracheal_sg	34063
all_dm6_minus_tracheal_sg	34064
all_dm6_minus_tracheal_sg	34065
all_dm6_minus_tracheal_sg	34067
all_dm6_minus_tracheal_sg	34068
all_dm6_minus_tracheal_sg	34069
all_dm6_minus_tracheal_sg	34070
all_dm6_minus_tracheal_sg	34072
all_dm6_minus_tracheal_sg	34073
all_dm6_minus_tracheal_sg	34077
all_dm6_minus_tracheal_sg	34079
all_dm6_minus_tracheal_sg	34082
all_dm6_minus_tracheal_sg	34086
all_dm6_minus_tracheal_sg	34087
all_dm6_minus_tracheal_sg	34088
all_dm6_minus_tracheal_sg	34090
all_dm6_minus_tracheal_sg	34091
all_dm6_minus_tracheal_sg	34092
all_dm6_minus_tracheal_sg	34093
all_dm6_minus_tracheal_sg	34096
all_dm6_minus_tracheal_sg	34097
all_dm6_minus_tracheal_sg	34098
all_dm6_minus_tracheal_sg	34099
all_dm6_minus_tracheal_sg	34102
all_dm6_minus_tracheal_sg	34105
all_dm6_minus_tracheal_sg	34106
all_dm6_minus_tracheal_sg	34107
all_dm6_minus_tracheal_sg	34110
all_dm6_minus_tracheal_sg	34111
all_dm6_minus_tracheal_sg	34112
all_dm6_minus_tracheal_sg	34114
all_dm6_minus_tracheal_sg	34115
all_dm6_minus_tracheal_sg	34116
all_dm6_minus_tracheal_sg	34117
all_dm6_minus_tracheal_sg	34118
all_dm6_minus_tracheal_sg	34121
all_dm6_minus_tracheal_sg	34124
all_dm6_minus_tracheal_sg	34125
all_dm6_minus_tracheal_sg	34126
all_dm6_minus_tracheal_sg	34129
all_dm6_minus_tracheal_sg	34131
all_dm6_minus_tracheal_sg	34135
all_dm6_minus_tracheal_sg	34136
all_dm6_minus_tracheal_sg	34138
all_dm6_minus_tracheal_sg	34139
all_dm6_minus_tracheal_sg	34140
all_dm6_minus_tracheal_sg	34141
all_dm6_minus_tracheal_sg	34142
all_dm6_minus_tracheal_sg	34143
all_dm6_minus_tracheal_sg	34144
all_dm6_minus_tracheal_sg	34145
all_dm6_minus_tracheal_sg	34146
all_dm6_minus_tracheal_sg	34147
all_dm6_minus_tracheal_sg	34148
all_dm6_minus_tracheal_sg	34149
all_dm6_minus_tracheal_sg	34152
all_dm6_minus_tracheal_sg	34153
all_dm6_minus_tracheal_sg	34154
all_dm6_minus_tracheal_sg	34155
all_dm6_minus_tracheal_sg	34157
all_dm6_minus_tracheal_sg	34158
all_dm6_minus_tracheal_sg	34159
all_dm6_minus_tracheal_sg	34160
all_dm6_minus_tracheal_sg	34161
all_dm6_minus_tracheal_sg	34162
all_dm6_minus_tracheal_sg	34164
all_dm6_minus_tracheal_sg	34165
all_dm6_minus_tracheal_sg	34166
all_dm6_minus_tracheal_sg	34167
all_dm6_minus_tracheal_sg	34169
all_dm6_minus_tracheal_sg	34170
all_dm6_minus_tracheal_sg	34171
all_dm6_minus_tracheal_sg	34172
all_dm6_minus_tracheal_sg	34175
all_dm6_minus_tracheal_sg	34176
all_dm6_minus_tracheal_sg	34177
all_dm6_minus_tracheal_sg	34180
all_dm6_minus_tracheal_sg	34181
all_dm6_minus_tracheal_sg	34182
all_dm6_minus_tracheal_sg	34183
all_dm6_minus_tracheal_sg	34184
all_dm6_minus_tracheal_sg	34185
all_dm6_minus_tracheal_sg	34187
all_dm6_minus_tracheal_sg	34188
all_dm6_minus_tracheal_sg	34191
all_dm6_minus_tracheal_sg	34193
all_dm6_minus_tracheal_sg	34194
all_dm6_minus_tracheal_sg	34195
all_dm6_minus_tracheal_sg	34196
all_dm6_minus_tracheal_sg	34197
all_dm6_minus_tracheal_sg	34198
all_dm6_minus_tracheal_sg	34202
all_dm6_minus_tracheal_sg	34203
all_dm6_minus_tracheal_sg	34204
all_dm6_minus_tracheal_sg	34205
all_dm6_minus_tracheal_sg	34208
all_dm6_minus_tracheal_sg	34209
all_dm6_minus_tracheal_sg	34211
all_dm6_minus_tracheal_sg	34212
all_dm6_minus_tracheal_sg	34215
all_dm6_minus_tracheal_sg	34217
all_dm6_minus_tracheal_sg	34218
all_dm6_minus_tracheal_sg	34219
all_dm6_minus_tracheal_sg	34220
all_dm6_minus_tracheal_sg	34221
all_dm6_minus_tracheal_sg	34222
all_dm6_minus_tracheal_sg	34223
all_dm6_minus_tracheal_sg	34224
all_dm6_minus_tracheal_sg	34225
all_dm6_minus_tracheal_sg	34226
all_dm6_minus_tracheal_sg	34227
all_dm6_minus_tracheal_sg	34228
all_dm6_minus_tracheal_sg	34229
all_dm6_minus_tracheal_sg	34230
all_dm6_minus_tracheal_sg	34231
all_dm6_minus_tracheal_sg	34234
all_dm6_minus_tracheal_sg	34235
all_dm6_minus_tracheal_sg	34236
all_dm6_minus_tracheal_sg	34240
all_dm6_minus_tracheal_sg	34241
all_dm6_minus_tracheal_sg	34244
all_dm6_minus_tracheal_sg	34249
all_dm6_minus_tracheal_sg	34250
all_dm6_minus_tracheal_sg	34251
all_dm6_minus_tracheal_sg	34252
all_dm6_minus_tracheal_sg	34253
all_dm6_minus_tracheal_sg	34256
all_dm6_minus_tracheal_sg	34257
all_dm6_minus_tracheal_sg	34258
all_dm6_minus_tracheal_sg	34259
all_dm6_minus_tracheal_sg	34260
all_dm6_minus_tracheal_sg	34262
all_dm6_minus_tracheal_sg	34264
all_dm6_minus_tracheal_sg	34268
all_dm6_minus_tracheal_sg	34269
all_dm6_minus_tracheal_sg	34270
all_dm6_minus_tracheal_sg	34271
all_dm6_minus_tracheal_sg	34272
all_dm6_minus_tracheal_sg	34274
all_dm6_minus_tracheal_sg	34275
all_dm6_minus_tracheal_sg	34276
all_dm6_minus_tracheal_sg	34277
all_dm6_minus_tracheal_sg	34278
all_dm6_minus_tracheal_sg	34279
all_dm6_minus_tracheal_sg	34280
all_dm6_minus_tracheal_sg	34281
all_dm6_minus_tracheal_sg	34282
all_dm6_minus_tracheal_sg	34283
all_dm6_minus_tracheal_sg	34284
all_dm6_minus_tracheal_sg	34286
all_dm6_minus_tracheal_sg	34288
all_dm6_minus_tracheal_sg	34289
all_dm6_minus_tracheal_sg	34292
all_dm6_minus_tracheal_sg	34293
all_dm6_minus_tracheal_sg	34295
all_dm6_minus_tracheal_sg	34297
all_dm6_minus_tracheal_sg	34303
all_dm6_minus_tracheal_sg	34304
all_dm6_minus_tracheal_sg	34306
all_dm6_minus_tracheal_sg	34307
all_dm6_minus_tracheal_sg	34309
all_dm6_minus_tracheal_sg	34310
all_dm6_minus_tracheal_sg	34311
all_dm6_minus_tracheal_sg	34315
all_dm6_minus_tracheal_sg	34316
all_dm6_minus_tracheal_sg	34317
all_dm6_minus_tracheal_sg	34318
all_dm6_minus_tracheal_sg	34319
all_dm6_minus_tracheal_sg	34321
all_dm6_minus_tracheal_sg	34322
all_dm6_minus_tracheal_sg	34323
all_dm6_minus_tracheal_sg	34324
all_dm6_minus_tracheal_sg	34325
all_dm6_minus_tracheal_sg	34326
all_dm6_minus_tracheal_sg	34327
all_dm6_minus_tracheal_sg	34328
all_dm6_minus_tracheal_sg	34329
all_dm6_minus_tracheal_sg	34331
all_dm6_minus_tracheal_sg	34333
all_dm6_minus_tracheal_sg	34334
all_dm6_minus_tracheal_sg	34335
all_dm6_minus_tracheal_sg	34339
all_dm6_minus_tracheal_sg	34341
all_dm6_minus_tracheal_sg	34342
all_dm6_minus_tracheal_sg	34345
all_dm6_minus_tracheal_sg	34348
all_dm6_minus_tracheal_sg	34349
all_dm6_minus_tracheal_sg	34350
all_dm6_minus_tracheal_sg	34351
all_dm6_minus_tracheal_sg	34352
all_dm6_minus_tracheal_sg	34354
all_dm6_minus_tracheal_sg	34355
all_dm6_minus_tracheal_sg	34356
all_dm6_minus_tracheal_sg	34357
all_dm6_minus_tracheal_sg	34358
all_dm6_minus_tracheal_sg	34359
all_dm6_minus_tracheal_sg	34360
all_dm6_minus_tracheal_sg	34361
all_dm6_minus_tracheal_sg	34362
all_dm6_minus_tracheal_sg	34367
all_dm6_minus_tracheal_sg	34368
all_dm6_minus_tracheal_sg	34371
all_dm6_minus_tracheal_sg	34372
all_dm6_minus_tracheal_sg	34373
all_dm6_minus_tracheal_sg	34374
all_dm6_minus_tracheal_sg	34376
all_dm6_minus_tracheal_sg	34377
all_dm6_minus_tracheal_sg	34378
all_dm6_minus_tracheal_sg	34379
all_dm6_minus_tracheal_sg	34380
all_dm6_minus_tracheal_sg	34381
all_dm6_minus_tracheal_sg	34383
all_dm6_minus_tracheal_sg	34385
all_dm6_minus_tracheal_sg	34386
all_dm6_minus_tracheal_sg	34387
all_dm6_minus_tracheal_sg	34388
all_dm6_minus_tracheal_sg	34389
all_dm6_minus_tracheal_sg	34390
all_dm6_minus_tracheal_sg	34393
all_dm6_minus_tracheal_sg	34394
all_dm6_minus_tracheal_sg	34395
all_dm6_minus_tracheal_sg	34396
all_dm6_minus_tracheal_sg	34397
all_dm6_minus_tracheal_sg	34398
all_dm6_minus_tracheal_sg	34401
all_dm6_minus_tracheal_sg	34402
all_dm6_minus_tracheal_sg	34403
all_dm6_minus_tracheal_sg	34404
all_dm6_minus_tracheal_sg	34406
all_dm6_minus_tracheal_sg	34408
all_dm6_minus_tracheal_sg	34409
all_dm6_minus_tracheal_sg	34410
all_dm6_minus_tracheal_sg	34412
all_dm6_minus_tracheal_sg	34413
all_dm6_minus_tracheal_sg	34414
all_dm6_minus_tracheal_sg	34416
all_dm6_minus_tracheal_sg	34419
all_dm6_minus_tracheal_sg	34420
all_dm6_minus_tracheal_sg	34421
all_dm6_minus_tracheal_sg	34422
all_dm6_minus_tracheal_sg	34423
all_dm6_minus_tracheal_sg	34425
all_dm6_minus_tracheal_sg	34428
all_dm6_minus_tracheal_sg	34429
all_dm6_minus_tracheal_sg	34430
all_dm6_minus_tracheal_sg	34431
all_dm6_minus_tracheal_sg	34432
all_dm6_minus_tracheal_sg	34433
all_dm6_minus_tracheal_sg	34434
all_dm6_minus_tracheal_sg	34435
all_dm6_minus_tracheal_sg	34436
all_dm6_minus_tracheal_sg	34437
all_dm6_minus_tracheal_sg	34438
all_dm6_minus_tracheal_sg	34440
all_dm6_minus_tracheal_sg	34441
all_dm6_minus_tracheal_sg	34443
all_dm6_minus_tracheal_sg	34444
all_dm6_minus_tracheal_sg	34446
all_dm6_minus_tracheal_sg	34447
all_dm6_minus_tracheal_sg	34449
all_dm6_minus_tracheal_sg	34450
all_dm6_minus_tracheal_sg	34451
all_dm6_minus_tracheal_sg	34452
all_dm6_minus_tracheal_sg	34454
all_dm6_minus_tracheal_sg	34455
all_dm6_minus_tracheal_sg	34457
all_dm6_minus_tracheal_sg	34458
all_dm6_minus_tracheal_sg	34460
all_dm6_minus_tracheal_sg	34461
all_dm6_minus_tracheal_sg	34462
all_dm6_minus_tracheal_sg	34465
all_dm6_minus_tracheal_sg	34466
all_dm6_minus_tracheal_sg	34467
all_dm6_minus_tracheal_sg	34468
all_dm6_minus_tracheal_sg	34471
all_dm6_minus_tracheal_sg	34472
all_dm6_minus_tracheal_sg	34476
all_dm6_minus_tracheal_sg	34477
all_dm6_minus_tracheal_sg	34478
all_dm6_minus_tracheal_sg	34479
all_dm6_minus_tracheal_sg	34480
all_dm6_minus_tracheal_sg	34481
all_dm6_minus_tracheal_sg	34482
all_dm6_minus_tracheal_sg	34483
all_dm6_minus_tracheal_sg	34484
all_dm6_minus_tracheal_sg	34486
all_dm6_minus_tracheal_sg	34487
all_dm6_minus_tracheal_sg	34488
all_dm6_minus_tracheal_sg	34489
all_dm6_minus_tracheal_sg	34490
all_dm6_minus_tracheal_sg	34493
all_dm6_minus_tracheal_sg	34494
all_dm6_minus_tracheal_sg	34495
all_dm6_minus_tracheal_sg	34496
all_dm6_minus_tracheal_sg	34497
all_dm6_minus_tracheal_sg	34499
all_dm6_minus_tracheal_sg	34502
all_dm6_minus_tracheal_sg	34503
all_dm6_minus_tracheal_sg	34506
all_dm6_minus_tracheal_sg	34507
all_dm6_minus_tracheal_sg	34508
all_dm6_minus_tracheal_sg	34509
all_dm6_minus_tracheal_sg	34510
all_dm6_minus_tracheal_sg	34513
all_dm6_minus_tracheal_sg	34516
all_dm6_minus_tracheal_sg	34517
all_dm6_minus_tracheal_sg	34519
all_dm6_minus_tracheal_sg	34521
all_dm6_minus_tracheal_sg	34524
all_dm6_minus_tracheal_sg	34526
all_dm6_minus_tracheal_sg	34527
all_dm6_minus_tracheal_sg	34528
all_dm6_minus_tracheal_sg	34531
all_dm6_minus_tracheal_sg	34532
all_dm6_minus_tracheal_sg	34536
all_dm6_minus_tracheal_sg	34537
all_dm6_minus_tracheal_sg	34538
all_dm6_minus_tracheal_sg	34539
all_dm6_minus_tracheal_sg	34540
all_dm6_minus_tracheal_sg	34541
all_dm6_minus_tracheal_sg	34542
all_dm6_minus_tracheal_sg	34543
all_dm6_minus_tracheal_sg	34544
all_dm6_minus_tracheal_sg	34545
all_dm6_minus_tracheal_sg	34549
all_dm6_minus_tracheal_sg	34550
all_dm6_minus_tracheal_sg	34551
all_dm6_minus_tracheal_sg	34552
all_dm6_minus_tracheal_sg	34553
all_dm6_minus_tracheal_sg	34554
all_dm6_minus_tracheal_sg	34557
all_dm6_minus_tracheal_sg	34558
all_dm6_minus_tracheal_sg	34559
all_dm6_minus_tracheal_sg	34564
all_dm6_minus_tracheal_sg	34565
all_dm6_minus_tracheal_sg	34566
all_dm6_minus_tracheal_sg	34567
all_dm6_minus_tracheal_sg	34572
all_dm6_minus_tracheal_sg	34573
all_dm6_minus_tracheal_sg	34576
all_dm6_minus_tracheal_sg	34577
all_dm6_minus_tracheal_sg	34578
all_dm6_minus_tracheal_sg	34581
all_dm6_minus_tracheal_sg	34582
all_dm6_minus_tracheal_sg	34583
all_dm6_minus_tracheal_sg	34584
all_dm6_minus_tracheal_sg	34585
all_dm6_minus_tracheal_sg	34586
all_dm6_minus_tracheal_sg	34587
all_dm6_minus_tracheal_sg	34588
all_dm6_minus_tracheal_sg	34589
all_dm6_minus_tracheal_sg	34590
all_dm6_minus_tracheal_sg	34591
all_dm6_minus_tracheal_sg	34593
all_dm6_minus_tracheal_sg	34594
all_dm6_minus_tracheal_sg	34595
all_dm6_minus_tracheal_sg	34597
all_dm6_minus_tracheal_sg	34598
all_dm6_minus_tracheal_sg	34601
all_dm6_minus_tracheal_sg	34602
all_dm6_minus_tracheal_sg	34603
all_dm6_minus_tracheal_sg	34604
all_dm6_minus_tracheal_sg	34605
all_dm6_minus_tracheal_sg	34607
all_dm6_minus_tracheal_sg	34608
all_dm6_minus_tracheal_sg	34609
all_dm6_minus_tracheal_sg	34610
all_dm6_minus_tracheal_sg	34611
all_dm6_minus_tracheal_sg	34613
all_dm6_minus_tracheal_sg	34615
all_dm6_minus_tracheal_sg	34616
all_dm6_minus_tracheal_sg	34618
all_dm6_minus_tracheal_sg	34620
all_dm6_minus_tracheal_sg	34622
all_dm6_minus_tracheal_sg	34623
all_dm6_minus_tracheal_sg	34624
all_dm6_minus_tracheal_sg	34625
all_dm6_minus_tracheal_sg	34626
all_dm6_minus_tracheal_sg	34627
all_dm6_minus_tracheal_sg	34628
all_dm6_minus_tracheal_sg	34629
all_dm6_minus_tracheal_sg	34630
all_dm6_minus_tracheal_sg	34631
all_dm6_minus_tracheal_sg	34632
all_dm6_minus_tracheal_sg	34633
all_dm6_minus_tracheal_sg	34634
all_dm6_minus_tracheal_sg	34637
all_dm6_minus_tracheal_sg	34638
all_dm6_minus_tracheal_sg	34639
all_dm6_minus_tracheal_sg	34640
all_dm6_minus_tracheal_sg	34641
all_dm6_minus_tracheal_sg	34642
all_dm6_minus_tracheal_sg	34644
all_dm6_minus_tracheal_sg	34648
all_dm6_minus_tracheal_sg	34650
all_dm6_minus_tracheal_sg	34651
all_dm6_minus_tracheal_sg	34654
all_dm6_minus_tracheal_sg	34655
all_dm6_minus_tracheal_sg	34656
all_dm6_minus_tracheal_sg	34657
all_dm6_minus_tracheal_sg	34660
all_dm6_minus_tracheal_sg	34661
all_dm6_minus_tracheal_sg	34662
all_dm6_minus_tracheal_sg	34663
all_dm6_minus_tracheal_sg	34667
all_dm6_minus_tracheal_sg	34669
all_dm6_minus_tracheal_sg	34671
all_dm6_minus_tracheal_sg	34675
all_dm6_minus_tracheal_sg	34676
all_dm6_minus_tracheal_sg	34677
all_dm6_minus_tracheal_sg	34678
all_dm6_minus_tracheal_sg	34679
all_dm6_minus_tracheal_sg	34680
all_dm6_minus_tracheal_sg	34681
all_dm6_minus_tracheal_sg	34682
all_dm6_minus_tracheal_sg	34683
all_dm6_minus_tracheal_sg	34684
all_dm6_minus_tracheal_sg	34685
all_dm6_minus_tracheal_sg	34686
all_dm6_minus_tracheal_sg	34687
all_dm6_minus_tracheal_sg	34688
all_dm6_minus_tracheal_sg	34689
all_dm6_minus_tracheal_sg	34693
all_dm6_minus_tracheal_sg	34695
all_dm6_minus_tracheal_sg	34696
all_dm6_minus_tracheal_sg	34699
all_dm6_minus_tracheal_sg	34700
all_dm6_minus_tracheal_sg	34702
all_dm6_minus_tracheal_sg	34703
all_dm6_minus_tracheal_sg	34704
all_dm6_minus_tracheal_sg	34705
all_dm6_minus_tracheal_sg	34706
all_dm6_minus_tracheal_sg	34707
all_dm6_minus_tracheal_sg	34708
all_dm6_minus_tracheal_sg	34709
all_dm6_minus_tracheal_sg	34710
all_dm6_minus_tracheal_sg	34711
all_dm6_minus_tracheal_sg	34712
all_dm6_minus_tracheal_sg	34713
all_dm6_minus_tracheal_sg	34714
all_dm6_minus_tracheal_sg	34715
all_dm6_minus_tracheal_sg	34716
all_dm6_minus_tracheal_sg	34717
all_dm6_minus_tracheal_sg	34718
all_dm6_minus_tracheal_sg	34719
all_dm6_minus_tracheal_sg	34720
all_dm6_minus_tracheal_sg	34721
all_dm6_minus_tracheal_sg	34722
all_dm6_minus_tracheal_sg	34723
all_dm6_minus_tracheal_sg	34724
all_dm6_minus_tracheal_sg	34725
all_dm6_minus_tracheal_sg	34726
all_dm6_minus_tracheal_sg	34727
all_dm6_minus_tracheal_sg	34728
all_dm6_minus_tracheal_sg	34729
all_dm6_minus_tracheal_sg	34731
all_dm6_minus_tracheal_sg	34732
all_dm6_minus_tracheal_sg	34734
all_dm6_minus_tracheal_sg	34735
all_dm6_minus_tracheal_sg	34736
all_dm6_minus_tracheal_sg	34738
all_dm6_minus_tracheal_sg	34739
all_dm6_minus_tracheal_sg	34741
all_dm6_minus_tracheal_sg	34742
all_dm6_minus_tracheal_sg	34743
all_dm6_minus_tracheal_sg	34745
all_dm6_minus_tracheal_sg	34747
all_dm6_minus_tracheal_sg	34748
all_dm6_minus_tracheal_sg	34751
all_dm6_minus_tracheal_sg	34752
all_dm6_minus_tracheal_sg	34753
all_dm6_minus_tracheal_sg	34754
all_dm6_minus_tracheal_sg	34755
all_dm6_minus_tracheal_sg	34756
all_dm6_minus_tracheal_sg	34757
all_dm6_minus_tracheal_sg	34758
all_dm6_minus_tracheal_sg	34759
all_dm6_minus_tracheal_sg	34760
all_dm6_minus_tracheal_sg	34761
all_dm6_minus_tracheal_sg	34762
all_dm6_minus_tracheal_sg	34763
all_dm6_minus_tracheal_sg	34764
all_dm6_minus_tracheal_sg	34767
all_dm6_minus_tracheal_sg	34768
all_dm6_minus_tracheal_sg	34769
all_dm6_minus_tracheal_sg	34770
all_dm6_minus_tracheal_sg	34771
all_dm6_minus_tracheal_sg	34773
all_dm6_minus_tracheal_sg	34774
all_dm6_minus_tracheal_sg	34776
all_dm6_minus_tracheal_sg	34777
all_dm6_minus_tracheal_sg	34778
all_dm6_minus_tracheal_sg	34779
all_dm6_minus_tracheal_sg	34780
all_dm6_minus_tracheal_sg	34781
all_dm6_minus_tracheal_sg	34783
all_dm6_minus_tracheal_sg	34784
all_dm6_minus_tracheal_sg	34785
all_dm6_minus_tracheal_sg	34786
all_dm6_minus_tracheal_sg	34787
all_dm6_minus_tracheal_sg	34788
all_dm6_minus_tracheal_sg	34789
all_dm6_minus_tracheal_sg	34791
all_dm6_minus_tracheal_sg	34792
all_dm6_minus_tracheal_sg	34794
all_dm6_minus_tracheal_sg	34796
all_dm6_minus_tracheal_sg	34799
all_dm6_minus_tracheal_sg	34800
all_dm6_minus_tracheal_sg	34801
all_dm6_minus_tracheal_sg	34802
all_dm6_minus_tracheal_sg	34803
all_dm6_minus_tracheal_sg	34804
all_dm6_minus_tracheal_sg	34806
all_dm6_minus_tracheal_sg	34807
all_dm6_minus_tracheal_sg	34808
all_dm6_minus_tracheal_sg	34812
all_dm6_minus_tracheal_sg	34813
all_dm6_minus_tracheal_sg	34814
all_dm6_minus_tracheal_sg	34815
all_dm6_minus_tracheal_sg	34816
all_dm6_minus_tracheal_sg	34817
all_dm6_minus_tracheal_sg	34818
all_dm6_minus_tracheal_sg	34819
all_dm6_minus_tracheal_sg	34823
all_dm6_minus_tracheal_sg	34826
all_dm6_minus_tracheal_sg	34828
all_dm6_minus_tracheal_sg	34829
all_dm6_minus_tracheal_sg	34830
all_dm6_minus_tracheal_sg	34833
all_dm6_minus_tracheal_sg	34834
all_dm6_minus_tracheal_sg	34835
all_dm6_minus_tracheal_sg	34836
all_dm6_minus_tracheal_sg	34837
all_dm6_minus_tracheal_sg	34838
all_dm6_minus_tracheal_sg	34839
all_dm6_minus_tracheal_sg	34840
all_dm6_minus_tracheal_sg	34842
all_dm6_minus_tracheal_sg	34845
all_dm6_minus_tracheal_sg	34846
all_dm6_minus_tracheal_sg	34848
all_dm6_minus_tracheal_sg	34849
all_dm6_minus_tracheal_sg	34853
all_dm6_minus_tracheal_sg	34854
all_dm6_minus_tracheal_sg	34856
all_dm6_minus_tracheal_sg	34857
all_dm6_minus_tracheal_sg	34858
all_dm6_minus_tracheal_sg	34859
all_dm6_minus_tracheal_sg	34863
all_dm6_minus_tracheal_sg	34864
all_dm6_minus_tracheal_sg	34865
all_dm6_minus_tracheal_sg	34866
all_dm6_minus_tracheal_sg	34867
all_dm6_minus_tracheal_sg	34870
all_dm6_minus_tracheal_sg	34872
all_dm6_minus_tracheal_sg	34873
all_dm6_minus_tracheal_sg	34874
all_dm6_minus_tracheal_sg	34875
all_dm6_minus_tracheal_sg	34876
all_dm6_minus_tracheal_sg	34877
all_dm6_minus_tracheal_sg	34878
all_dm6_minus_tracheal_sg	34886
all_dm6_minus_tracheal_sg	34888
all_dm6_minus_tracheal_sg	34889
all_dm6_minus_tracheal_sg	34890
all_dm6_minus_tracheal_sg	34891
all_dm6_minus_tracheal_sg	34892
all_dm6_minus_tracheal_sg	34893
all_dm6_minus_tracheal_sg	34898
all_dm6_minus_tracheal_sg	34899
all_dm6_minus_tracheal_sg	34901
all_dm6_minus_tracheal_sg	34902
all_dm6_minus_tracheal_sg	34904
all_dm6_minus_tracheal_sg	34907
all_dm6_minus_tracheal_sg	34910
all_dm6_minus_tracheal_sg	34911
all_dm6_minus_tracheal_sg	34912
all_dm6_minus_tracheal_sg	34913
all_dm6_minus_tracheal_sg	34914
all_dm6_minus_tracheal_sg	34915
all_dm6_minus_tracheal_sg	34916
all_dm6_minus_tracheal_sg	34917
all_dm6_minus_tracheal_sg	34918
all_dm6_minus_tracheal_sg	34919
all_dm6_minus_tracheal_sg	34920
all_dm6_minus_tracheal_sg	34921
all_dm6_minus_tracheal_sg	34922
all_dm6_minus_tracheal_sg	34923
all_dm6_minus_tracheal_sg	34924
all_dm6_minus_tracheal_sg	34925
all_dm6_minus_tracheal_sg	34928
all_dm6_minus_tracheal_sg	34930
all_dm6_minus_tracheal_sg	34931
all_dm6_minus_tracheal_sg	34932
all_dm6_minus_tracheal_sg	34933
all_dm6_minus_tracheal_sg	34934
all_dm6_minus_tracheal_sg	34935
all_dm6_minus_tracheal_sg	34937
all_dm6_minus_tracheal_sg	34938
all_dm6_minus_tracheal_sg	34939
all_dm6_minus_tracheal_sg	34940
all_dm6_minus_tracheal_sg	34941
all_dm6_minus_tracheal_sg	34942
all_dm6_minus_tracheal_sg	34943
all_dm6_minus_tracheal_sg	34944
all_dm6_minus_tracheal_sg	34945
all_dm6_minus_tracheal_sg	34946
all_dm6_minus_tracheal_sg	34947
all_dm6_minus_tracheal_sg	34948
all_dm6_minus_tracheal_sg	34949
all_dm6_minus_tracheal_sg	34950
all_dm6_minus_tracheal_sg	34951
all_dm6_minus_tracheal_sg	34952
all_dm6_minus_tracheal_sg	34953
all_dm6_minus_tracheal_sg	34954
all_dm6_minus_tracheal_sg	34955
all_dm6_minus_tracheal_sg	34957
all_dm6_minus_tracheal_sg	34958
all_dm6_minus_tracheal_sg	34959
all_dm6_minus_tracheal_sg	34961
all_dm6_minus_tracheal_sg	34962
all_dm6_minus_tracheal_sg	34963
all_dm6_minus_tracheal_sg	34964
all_dm6_minus_tracheal_sg	34965
all_dm6_minus_tracheal_sg	34967
all_dm6_minus_tracheal_sg	34968
all_dm6_minus_tracheal_sg	34970
all_dm6_minus_tracheal_sg	34974
all_dm6_minus_tracheal_sg	34978
all_dm6_minus_tracheal_sg	34979
all_dm6_minus_tracheal_sg	34981
all_dm6_minus_tracheal_sg	34982
all_dm6_minus_tracheal_sg	34983
all_dm6_minus_tracheal_sg	34984
all_dm6_minus_tracheal_sg	34986
all_dm6_minus_tracheal_sg	34988
all_dm6_minus_tracheal_sg	34991
all_dm6_minus_tracheal_sg	34992
all_dm6_minus_tracheal_sg	34993
all_dm6_minus_tracheal_sg	34995
all_dm6_minus_tracheal_sg	34997
all_dm6_minus_tracheal_sg	34998
all_dm6_minus_tracheal_sg	34999
all_dm6_minus_tracheal_sg	35000
all_dm6_minus_tracheal_sg	35001
all_dm6_minus_tracheal_sg	35003
all_dm6_minus_tracheal_sg	35004
all_dm6_minus_tracheal_sg	35006
all_dm6_minus_tracheal_sg	35009
all_dm6_minus_tracheal_sg	35015
all_dm6_minus_tracheal_sg	35016
all_dm6_minus_tracheal_sg	35019
all_dm6_minus_tracheal_sg	35020
all_dm6_minus_tracheal_sg	35022
all_dm6_minus_tracheal_sg	35026
all_dm6_minus_tracheal_sg	35029
all_dm6_minus_tracheal_sg	35031
all_dm6_minus_tracheal_sg	35032
all_dm6_minus_tracheal_sg	35033
all_dm6_minus_tracheal_sg	35034
all_dm6_minus_tracheal_sg	35035
all_dm6_minus_tracheal_sg	35040
all_dm6_minus_tracheal_sg	35042
all_dm6_minus_tracheal_sg	35043
all_dm6_minus_tracheal_sg	35044
all_dm6_minus_tracheal_sg	35046
all_dm6_minus_tracheal_sg	35048
all_dm6_minus_tracheal_sg	35049
all_dm6_minus_tracheal_sg	35050
all_dm6_minus_tracheal_sg	35052
all_dm6_minus_tracheal_sg	35053
all_dm6_minus_tracheal_sg	35055
all_dm6_minus_tracheal_sg	35056
all_dm6_minus_tracheal_sg	35057
all_dm6_minus_tracheal_sg	35058
all_dm6_minus_tracheal_sg	35059
all_dm6_minus_tracheal_sg	35060
all_dm6_minus_tracheal_sg	35061
all_dm6_minus_tracheal_sg	35062
all_dm6_minus_tracheal_sg	35063
all_dm6_minus_tracheal_sg	35064
all_dm6_minus_tracheal_sg	35065
all_dm6_minus_tracheal_sg	35067
all_dm6_minus_tracheal_sg	35068
all_dm6_minus_tracheal_sg	35069
all_dm6_minus_tracheal_sg	35071
all_dm6_minus_tracheal_sg	35072
all_dm6_minus_tracheal_sg	35073
all_dm6_minus_tracheal_sg	35074
all_dm6_minus_tracheal_sg	35075
all_dm6_minus_tracheal_sg	35076
all_dm6_minus_tracheal_sg	35078
all_dm6_minus_tracheal_sg	35079
all_dm6_minus_tracheal_sg	35080
all_dm6_minus_tracheal_sg	35081
all_dm6_minus_tracheal_sg	35082
all_dm6_minus_tracheal_sg	35083
all_dm6_minus_tracheal_sg	35084
all_dm6_minus_tracheal_sg	35086
all_dm6_minus_tracheal_sg	35087
all_dm6_minus_tracheal_sg	35088
all_dm6_minus_tracheal_sg	35089
all_dm6_minus_tracheal_sg	35090
all_dm6_minus_tracheal_sg	35091
all_dm6_minus_tracheal_sg	35095
all_dm6_minus_tracheal_sg	35096
all_dm6_minus_tracheal_sg	35098
all_dm6_minus_tracheal_sg	35100
all_dm6_minus_tracheal_sg	35101
all_dm6_minus_tracheal_sg	35102
all_dm6_minus_tracheal_sg	35103
all_dm6_minus_tracheal_sg	35105
all_dm6_minus_tracheal_sg	35106
all_dm6_minus_tracheal_sg	35109
all_dm6_minus_tracheal_sg	35110
all_dm6_minus_tracheal_sg	35111
all_dm6_minus_tracheal_sg	35112
all_dm6_minus_tracheal_sg	35113
all_dm6_minus_tracheal_sg	35114
all_dm6_minus_tracheal_sg	35117
all_dm6_minus_tracheal_sg	35119
all_dm6_minus_tracheal_sg	35121
all_dm6_minus_tracheal_sg	35122
all_dm6_minus_tracheal_sg	35123
all_dm6_minus_tracheal_sg	35124
all_dm6_minus_tracheal_sg	35126
all_dm6_minus_tracheal_sg	35127
all_dm6_minus_tracheal_sg	35128
all_dm6_minus_tracheal_sg	35129
all_dm6_minus_tracheal_sg	35130
all_dm6_minus_tracheal_sg	35131
all_dm6_minus_tracheal_sg	35134
all_dm6_minus_tracheal_sg	35135
all_dm6_minus_tracheal_sg	35137
all_dm6_minus_tracheal_sg	35138
all_dm6_minus_tracheal_sg	35139
all_dm6_minus_tracheal_sg	35140
all_dm6_minus_tracheal_sg	35142
all_dm6_minus_tracheal_sg	35143
all_dm6_minus_tracheal_sg	35144
all_dm6_minus_tracheal_sg	35145
all_dm6_minus_tracheal_sg	35146
all_dm6_minus_tracheal_sg	35147
all_dm6_minus_tracheal_sg	35149
all_dm6_minus_tracheal_sg	35150
all_dm6_minus_tracheal_sg	35152
all_dm6_minus_tracheal_sg	35153
all_dm6_minus_tracheal_sg	35154
all_dm6_minus_tracheal_sg	35155
all_dm6_minus_tracheal_sg	35156
all_dm6_minus_tracheal_sg	35157
all_dm6_minus_tracheal_sg	35159
all_dm6_minus_tracheal_sg	35160
all_dm6_minus_tracheal_sg	35161
all_dm6_minus_tracheal_sg	35162
all_dm6_minus_tracheal_sg	35163
all_dm6_minus_tracheal_sg	35166
all_dm6_minus_tracheal_sg	35167
all_dm6_minus_tracheal_sg	35169
all_dm6_minus_tracheal_sg	35170
all_dm6_minus_tracheal_sg	35172
all_dm6_minus_tracheal_sg	35173
all_dm6_minus_tracheal_sg	35174
all_dm6_minus_tracheal_sg	35176
all_dm6_minus_tracheal_sg	35177
all_dm6_minus_tracheal_sg	35178
all_dm6_minus_tracheal_sg	35179
all_dm6_minus_tracheal_sg	35181
all_dm6_minus_tracheal_sg	35183
all_dm6_minus_tracheal_sg	35184
all_dm6_minus_tracheal_sg	35185
all_dm6_minus_tracheal_sg	35188
all_dm6_minus_tracheal_sg	35189
all_dm6_minus_tracheal_sg	35192
all_dm6_minus_tracheal_sg	35193
all_dm6_minus_tracheal_sg	35194
all_dm6_minus_tracheal_sg	35195
all_dm6_minus_tracheal_sg	35196
all_dm6_minus_tracheal_sg	35198
all_dm6_minus_tracheal_sg	35199
all_dm6_minus_tracheal_sg	35203
all_dm6_minus_tracheal_sg	35205
all_dm6_minus_tracheal_sg	35206
all_dm6_minus_tracheal_sg	35208
all_dm6_minus_tracheal_sg	35209
all_dm6_minus_tracheal_sg	35210
all_dm6_minus_tracheal_sg	35211
all_dm6_minus_tracheal_sg	35212
all_dm6_minus_tracheal_sg	35213
all_dm6_minus_tracheal_sg	35215
all_dm6_minus_tracheal_sg	35216
all_dm6_minus_tracheal_sg	35218
all_dm6_minus_tracheal_sg	35219
all_dm6_minus_tracheal_sg	35220
all_dm6_minus_tracheal_sg	35221
all_dm6_minus_tracheal_sg	35222
all_dm6_minus_tracheal_sg	35226
all_dm6_minus_tracheal_sg	35227
all_dm6_minus_tracheal_sg	35228
all_dm6_minus_tracheal_sg	35229
all_dm6_minus_tracheal_sg	35230
all_dm6_minus_tracheal_sg	35231
all_dm6_minus_tracheal_sg	35232
all_dm6_minus_tracheal_sg	35234
all_dm6_minus_tracheal_sg	35235
all_dm6_minus_tracheal_sg	35236
all_dm6_minus_tracheal_sg	35237
all_dm6_minus_tracheal_sg	35238
all_dm6_minus_tracheal_sg	35239
all_dm6_minus_tracheal_sg	35240
all_dm6_minus_tracheal_sg	35241
all_dm6_minus_tracheal_sg	35242
all_dm6_minus_tracheal_sg	35243
all_dm6_minus_tracheal_sg	35245
all_dm6_minus_tracheal_sg	35246
all_dm6_minus_tracheal_sg	35247
all_dm6_minus_tracheal_sg	35248
all_dm6_minus_tracheal_sg	35250
all_dm6_minus_tracheal_sg	35251
all_dm6_minus_tracheal_sg	35252
all_dm6_minus_tracheal_sg	35254
all_dm6_minus_tracheal_sg	35255
all_dm6_minus_tracheal_sg	35256
all_dm6_minus_tracheal_sg	35257
all_dm6_minus_tracheal_sg	35258
all_dm6_minus_tracheal_sg	35259
all_dm6_minus_tracheal_sg	35260
all_dm6_minus_tracheal_sg	35261
all_dm6_minus_tracheal_sg	35262
all_dm6_minus_tracheal_sg	35263
all_dm6_minus_tracheal_sg	35264
all_dm6_minus_tracheal_sg	35267
all_dm6_minus_tracheal_sg	35268
all_dm6_minus_tracheal_sg	35270
all_dm6_minus_tracheal_sg	35273
all_dm6_minus_tracheal_sg	35275
all_dm6_minus_tracheal_sg	35279
all_dm6_minus_tracheal_sg	35280
all_dm6_minus_tracheal_sg	35281
all_dm6_minus_tracheal_sg	35282
all_dm6_minus_tracheal_sg	35285
all_dm6_minus_tracheal_sg	35286
all_dm6_minus_tracheal_sg	35287
all_dm6_minus_tracheal_sg	35288
all_dm6_minus_tracheal_sg	35289
all_dm6_minus_tracheal_sg	35291
all_dm6_minus_tracheal_sg	35292
all_dm6_minus_tracheal_sg	35293
all_dm6_minus_tracheal_sg	35295
all_dm6_minus_tracheal_sg	35296
all_dm6_minus_tracheal_sg	35297
all_dm6_minus_tracheal_sg	35298
all_dm6_minus_tracheal_sg	35299
all_dm6_minus_tracheal_sg	35300
all_dm6_minus_tracheal_sg	35303
all_dm6_minus_tracheal_sg	35305
all_dm6_minus_tracheal_sg	35306
all_dm6_minus_tracheal_sg	35307
all_dm6_minus_tracheal_sg	35309
all_dm6_minus_tracheal_sg	35310
all_dm6_minus_tracheal_sg	35311
all_dm6_minus_tracheal_sg	35312
all_dm6_minus_tracheal_sg	35314
all_dm6_minus_tracheal_sg	35315
all_dm6_minus_tracheal_sg	35316
all_dm6_minus_tracheal_sg	35319
all_dm6_minus_tracheal_sg	35320
all_dm6_minus_tracheal_sg	35321
all_dm6_minus_tracheal_sg	35322
all_dm6_minus_tracheal_sg	35323
all_dm6_minus_tracheal_sg	35324
all_dm6_minus_tracheal_sg	35325
all_dm6_minus_tracheal_sg	35326
all_dm6_minus_tracheal_sg	35327
all_dm6_minus_tracheal_sg	35329
all_dm6_minus_tracheal_sg	35330
all_dm6_minus_tracheal_sg	35331
all_dm6_minus_tracheal_sg	35332
all_dm6_minus_tracheal_sg	35333
all_dm6_minus_tracheal_sg	35334
all_dm6_minus_tracheal_sg	35336
all_dm6_minus_tracheal_sg	35337
all_dm6_minus_tracheal_sg	35338
all_dm6_minus_tracheal_sg	35339
all_dm6_minus_tracheal_sg	35341
all_dm6_minus_tracheal_sg	35342
all_dm6_minus_tracheal_sg	35346
all_dm6_minus_tracheal_sg	35347
all_dm6_minus_tracheal_sg	35348
all_dm6_minus_tracheal_sg	35349
all_dm6_minus_tracheal_sg	35351
all_dm6_minus_tracheal_sg	35352
all_dm6_minus_tracheal_sg	35353
all_dm6_minus_tracheal_sg	35354
all_dm6_minus_tracheal_sg	35358
all_dm6_minus_tracheal_sg	35359
all_dm6_minus_tracheal_sg	35362
all_dm6_minus_tracheal_sg	35364
all_dm6_minus_tracheal_sg	35365
all_dm6_minus_tracheal_sg	35366
all_dm6_minus_tracheal_sg	35368
all_dm6_minus_tracheal_sg	35369
all_dm6_minus_tracheal_sg	35370
all_dm6_minus_tracheal_sg	35372
all_dm6_minus_tracheal_sg	35374
all_dm6_minus_tracheal_sg	35375
all_dm6_minus_tracheal_sg	35378
all_dm6_minus_tracheal_sg	35380
all_dm6_minus_tracheal_sg	35381
all_dm6_minus_tracheal_sg	35382
all_dm6_minus_tracheal_sg	35383
all_dm6_minus_tracheal_sg	35384
all_dm6_minus_tracheal_sg	35385
all_dm6_minus_tracheal_sg	35387
all_dm6_minus_tracheal_sg	35390
all_dm6_minus_tracheal_sg	35393
all_dm6_minus_tracheal_sg	35394
all_dm6_minus_tracheal_sg	35395
all_dm6_minus_tracheal_sg	35396
all_dm6_minus_tracheal_sg	35399
all_dm6_minus_tracheal_sg	35400
all_dm6_minus_tracheal_sg	35402
all_dm6_minus_tracheal_sg	35404
all_dm6_minus_tracheal_sg	35407
all_dm6_minus_tracheal_sg	35408
all_dm6_minus_tracheal_sg	35409
all_dm6_minus_tracheal_sg	35410
all_dm6_minus_tracheal_sg	35411
all_dm6_minus_tracheal_sg	35414
all_dm6_minus_tracheal_sg	35419
all_dm6_minus_tracheal_sg	35420
all_dm6_minus_tracheal_sg	35421
all_dm6_minus_tracheal_sg	35422
all_dm6_minus_tracheal_sg	35424
all_dm6_minus_tracheal_sg	35429
all_dm6_minus_tracheal_sg	35431
all_dm6_minus_tracheal_sg	35432
all_dm6_minus_tracheal_sg	35433
all_dm6_minus_tracheal_sg	35434
all_dm6_minus_tracheal_sg	35435
all_dm6_minus_tracheal_sg	35437
all_dm6_minus_tracheal_sg	35438
all_dm6_minus_tracheal_sg	35439
all_dm6_minus_tracheal_sg	35440
all_dm6_minus_tracheal_sg	35445
all_dm6_minus_tracheal_sg	35447
all_dm6_minus_tracheal_sg	35449
all_dm6_minus_tracheal_sg	35452
all_dm6_minus_tracheal_sg	35453
all_dm6_minus_tracheal_sg	35473
all_dm6_minus_tracheal_sg	35475
all_dm6_minus_tracheal_sg	35478
all_dm6_minus_tracheal_sg	35483
all_dm6_minus_tracheal_sg	35485
all_dm6_minus_tracheal_sg	35486
all_dm6_minus_tracheal_sg	35488
all_dm6_minus_tracheal_sg	35490
all_dm6_minus_tracheal_sg	35491
all_dm6_minus_tracheal_sg	35492
all_dm6_minus_tracheal_sg	35494
all_dm6_minus_tracheal_sg	35498
all_dm6_minus_tracheal_sg	35499
all_dm6_minus_tracheal_sg	35500
all_dm6_minus_tracheal_sg	35501
all_dm6_minus_tracheal_sg	35503
all_dm6_minus_tracheal_sg	35505
all_dm6_minus_tracheal_sg	35509
all_dm6_minus_tracheal_sg	35511
all_dm6_minus_tracheal_sg	35512
all_dm6_minus_tracheal_sg	35513
all_dm6_minus_tracheal_sg	35514
all_dm6_minus_tracheal_sg	35515
all_dm6_minus_tracheal_sg	35516
all_dm6_minus_tracheal_sg	35520
all_dm6_minus_tracheal_sg	35521
all_dm6_minus_tracheal_sg	35522
all_dm6_minus_tracheal_sg	35523
all_dm6_minus_tracheal_sg	35527
all_dm6_minus_tracheal_sg	35528
all_dm6_minus_tracheal_sg	35529
all_dm6_minus_tracheal_sg	35531
all_dm6_minus_tracheal_sg	35532
all_dm6_minus_tracheal_sg	35533
all_dm6_minus_tracheal_sg	35535
all_dm6_minus_tracheal_sg	35536
all_dm6_minus_tracheal_sg	35537
all_dm6_minus_tracheal_sg	35538
all_dm6_minus_tracheal_sg	35539
all_dm6_minus_tracheal_sg	35541
all_dm6_minus_tracheal_sg	35543
all_dm6_minus_tracheal_sg	35544
all_dm6_minus_tracheal_sg	35545
all_dm6_minus_tracheal_sg	35546
all_dm6_minus_tracheal_sg	35547
all_dm6_minus_tracheal_sg	35549
all_dm6_minus_tracheal_sg	35550
all_dm6_minus_tracheal_sg	35552
all_dm6_minus_tracheal_sg	35553
all_dm6_minus_tracheal_sg	35554
all_dm6_minus_tracheal_sg	35556
all_dm6_minus_tracheal_sg	35559
all_dm6_minus_tracheal_sg	35560
all_dm6_minus_tracheal_sg	35561
all_dm6_minus_tracheal_sg	35564
all_dm6_minus_tracheal_sg	35565
all_dm6_minus_tracheal_sg	35567
all_dm6_minus_tracheal_sg	35568
all_dm6_minus_tracheal_sg	35569
all_dm6_minus_tracheal_sg	35570
all_dm6_minus_tracheal_sg	35571
all_dm6_minus_tracheal_sg	35572
all_dm6_minus_tracheal_sg	35573
all_dm6_minus_tracheal_sg	35574
all_dm6_minus_tracheal_sg	35575
all_dm6_minus_tracheal_sg	35576
all_dm6_minus_tracheal_sg	35578
all_dm6_minus_tracheal_sg	35579
all_dm6_minus_tracheal_sg	35580
all_dm6_minus_tracheal_sg	35583
all_dm6_minus_tracheal_sg	35586
all_dm6_minus_tracheal_sg	35587
all_dm6_minus_tracheal_sg	35588
all_dm6_minus_tracheal_sg	35590
all_dm6_minus_tracheal_sg	35591
all_dm6_minus_tracheal_sg	35592
all_dm6_minus_tracheal_sg	35594
all_dm6_minus_tracheal_sg	35595
all_dm6_minus_tracheal_sg	35596
all_dm6_minus_tracheal_sg	35597
all_dm6_minus_tracheal_sg	35599
all_dm6_minus_tracheal_sg	35600
all_dm6_minus_tracheal_sg	35602
all_dm6_minus_tracheal_sg	35604
all_dm6_minus_tracheal_sg	35608
all_dm6_minus_tracheal_sg	35609
all_dm6_minus_tracheal_sg	35610
all_dm6_minus_tracheal_sg	35611
all_dm6_minus_tracheal_sg	35612
all_dm6_minus_tracheal_sg	35613
all_dm6_minus_tracheal_sg	35615
all_dm6_minus_tracheal_sg	35616
all_dm6_minus_tracheal_sg	35617
all_dm6_minus_tracheal_sg	35618
all_dm6_minus_tracheal_sg	35620
all_dm6_minus_tracheal_sg	35621
all_dm6_minus_tracheal_sg	35622
all_dm6_minus_tracheal_sg	35624
all_dm6_minus_tracheal_sg	35625
all_dm6_minus_tracheal_sg	35626
all_dm6_minus_tracheal_sg	35628
all_dm6_minus_tracheal_sg	35629
all_dm6_minus_tracheal_sg	35630
all_dm6_minus_tracheal_sg	35631
all_dm6_minus_tracheal_sg	35634
all_dm6_minus_tracheal_sg	35635
all_dm6_minus_tracheal_sg	35639
all_dm6_minus_tracheal_sg	35641
all_dm6_minus_tracheal_sg	35642
all_dm6_minus_tracheal_sg	35644
all_dm6_minus_tracheal_sg	35646
all_dm6_minus_tracheal_sg	35647
all_dm6_minus_tracheal_sg	35648
all_dm6_minus_tracheal_sg	35649
all_dm6_minus_tracheal_sg	35653
all_dm6_minus_tracheal_sg	35654
all_dm6_minus_tracheal_sg	35655
all_dm6_minus_tracheal_sg	35656
all_dm6_minus_tracheal_sg	35658
all_dm6_minus_tracheal_sg	35659
all_dm6_minus_tracheal_sg	35660
all_dm6_minus_tracheal_sg	35661
all_dm6_minus_tracheal_sg	35663
all_dm6_minus_tracheal_sg	35665
all_dm6_minus_tracheal_sg	35667
all_dm6_minus_tracheal_sg	35669
all_dm6_minus_tracheal_sg	35670
all_dm6_minus_tracheal_sg	35671
all_dm6_minus_tracheal_sg	35672
all_dm6_minus_tracheal_sg	35673
all_dm6_minus_tracheal_sg	35674
all_dm6_minus_tracheal_sg	35678
all_dm6_minus_tracheal_sg	35679
all_dm6_minus_tracheal_sg	35680
all_dm6_minus_tracheal_sg	35681
all_dm6_minus_tracheal_sg	35682
all_dm6_minus_tracheal_sg	35683
all_dm6_minus_tracheal_sg	35684
all_dm6_minus_tracheal_sg	35685
all_dm6_minus_tracheal_sg	35686
all_dm6_minus_tracheal_sg	35689
all_dm6_minus_tracheal_sg	35691
all_dm6_minus_tracheal_sg	35692
all_dm6_minus_tracheal_sg	35693
all_dm6_minus_tracheal_sg	35695
all_dm6_minus_tracheal_sg	35696
all_dm6_minus_tracheal_sg	35697
all_dm6_minus_tracheal_sg	35698
all_dm6_minus_tracheal_sg	35701
all_dm6_minus_tracheal_sg	35702
all_dm6_minus_tracheal_sg	35705
all_dm6_minus_tracheal_sg	35706
all_dm6_minus_tracheal_sg	35707
all_dm6_minus_tracheal_sg	35708
all_dm6_minus_tracheal_sg	35709
all_dm6_minus_tracheal_sg	35710
all_dm6_minus_tracheal_sg	35711
all_dm6_minus_tracheal_sg	35712
all_dm6_minus_tracheal_sg	35713
all_dm6_minus_tracheal_sg	35715
all_dm6_minus_tracheal_sg	35717
all_dm6_minus_tracheal_sg	35718
all_dm6_minus_tracheal_sg	35719
all_dm6_minus_tracheal_sg	35720
all_dm6_minus_tracheal_sg	35724
all_dm6_minus_tracheal_sg	35726
all_dm6_minus_tracheal_sg	35727
all_dm6_minus_tracheal_sg	35728
all_dm6_minus_tracheal_sg	35730
all_dm6_minus_tracheal_sg	35731
all_dm6_minus_tracheal_sg	35732
all_dm6_minus_tracheal_sg	35735
all_dm6_minus_tracheal_sg	35737
all_dm6_minus_tracheal_sg	35738
all_dm6_minus_tracheal_sg	35741
all_dm6_minus_tracheal_sg	35742
all_dm6_minus_tracheal_sg	35743
all_dm6_minus_tracheal_sg	35744
all_dm6_minus_tracheal_sg	35745
all_dm6_minus_tracheal_sg	35746
all_dm6_minus_tracheal_sg	35747
all_dm6_minus_tracheal_sg	35748
all_dm6_minus_tracheal_sg	35749
all_dm6_minus_tracheal_sg	35751
all_dm6_minus_tracheal_sg	35753
all_dm6_minus_tracheal_sg	35754
all_dm6_minus_tracheal_sg	35756
all_dm6_minus_tracheal_sg	35757
all_dm6_minus_tracheal_sg	35758
all_dm6_minus_tracheal_sg	35759
all_dm6_minus_tracheal_sg	35761
all_dm6_minus_tracheal_sg	35762
all_dm6_minus_tracheal_sg	35763
all_dm6_minus_tracheal_sg	35764
all_dm6_minus_tracheal_sg	35765
all_dm6_minus_tracheal_sg	35766
all_dm6_minus_tracheal_sg	35767
all_dm6_minus_tracheal_sg	35768
all_dm6_minus_tracheal_sg	35770
all_dm6_minus_tracheal_sg	35774
all_dm6_minus_tracheal_sg	35777
all_dm6_minus_tracheal_sg	35778
all_dm6_minus_tracheal_sg	35779
all_dm6_minus_tracheal_sg	35780
all_dm6_minus_tracheal_sg	35781
all_dm6_minus_tracheal_sg	35783
all_dm6_minus_tracheal_sg	35784
all_dm6_minus_tracheal_sg	35785
all_dm6_minus_tracheal_sg	35787
all_dm6_minus_tracheal_sg	35788
all_dm6_minus_tracheal_sg	35789
all_dm6_minus_tracheal_sg	35790
all_dm6_minus_tracheal_sg	35795
all_dm6_minus_tracheal_sg	35796
all_dm6_minus_tracheal_sg	35797
all_dm6_minus_tracheal_sg	35800
all_dm6_minus_tracheal_sg	35802
all_dm6_minus_tracheal_sg	35803
all_dm6_minus_tracheal_sg	35804
all_dm6_minus_tracheal_sg	35805
all_dm6_minus_tracheal_sg	35806
all_dm6_minus_tracheal_sg	35808
all_dm6_minus_tracheal_sg	35810
all_dm6_minus_tracheal_sg	35811
all_dm6_minus_tracheal_sg	35812
all_dm6_minus_tracheal_sg	35813
all_dm6_minus_tracheal_sg	35814
all_dm6_minus_tracheal_sg	35816
all_dm6_minus_tracheal_sg	35817
all_dm6_minus_tracheal_sg	35818
all_dm6_minus_tracheal_sg	35819
all_dm6_minus_tracheal_sg	35820
all_dm6_minus_tracheal_sg	35821
all_dm6_minus_tracheal_sg	35822
all_dm6_minus_tracheal_sg	35824
all_dm6_minus_tracheal_sg	35826
all_dm6_minus_tracheal_sg	35827
all_dm6_minus_tracheal_sg	35828
all_dm6_minus_tracheal_sg	35829
all_dm6_minus_tracheal_sg	35830
all_dm6_minus_tracheal_sg	35832
all_dm6_minus_tracheal_sg	35834
all_dm6_minus_tracheal_sg	35835
all_dm6_minus_tracheal_sg	35837
all_dm6_minus_tracheal_sg	35838
all_dm6_minus_tracheal_sg	35840
all_dm6_minus_tracheal_sg	35841
all_dm6_minus_tracheal_sg	35842
all_dm6_minus_tracheal_sg	35843
all_dm6_minus_tracheal_sg	35845
all_dm6_minus_tracheal_sg	35847
all_dm6_minus_tracheal_sg	35848
all_dm6_minus_tracheal_sg	35849
all_dm6_minus_tracheal_sg	35850
all_dm6_minus_tracheal_sg	35854
all_dm6_minus_tracheal_sg	35855
all_dm6_minus_tracheal_sg	35856
all_dm6_minus_tracheal_sg	35857
all_dm6_minus_tracheal_sg	35858
all_dm6_minus_tracheal_sg	35859
all_dm6_minus_tracheal_sg	35860
all_dm6_minus_tracheal_sg	35861
all_dm6_minus_tracheal_sg	35862
all_dm6_minus_tracheal_sg	35864
all_dm6_minus_tracheal_sg	35865
all_dm6_minus_tracheal_sg	35866
all_dm6_minus_tracheal_sg	35867
all_dm6_minus_tracheal_sg	35875
all_dm6_minus_tracheal_sg	35877
all_dm6_minus_tracheal_sg	35878
all_dm6_minus_tracheal_sg	35879
all_dm6_minus_tracheal_sg	35880
all_dm6_minus_tracheal_sg	35884
all_dm6_minus_tracheal_sg	35886
all_dm6_minus_tracheal_sg	35888
all_dm6_minus_tracheal_sg	35889
all_dm6_minus_tracheal_sg	35890
all_dm6_minus_tracheal_sg	35893
all_dm6_minus_tracheal_sg	35894
all_dm6_minus_tracheal_sg	35895
all_dm6_minus_tracheal_sg	35896
all_dm6_minus_tracheal_sg	35898
all_dm6_minus_tracheal_sg	35899
all_dm6_minus_tracheal_sg	35900
all_dm6_minus_tracheal_sg	35901
all_dm6_minus_tracheal_sg	35906
all_dm6_minus_tracheal_sg	35907
all_dm6_minus_tracheal_sg	35908
all_dm6_minus_tracheal_sg	35909
all_dm6_minus_tracheal_sg	35910
all_dm6_minus_tracheal_sg	35911
all_dm6_minus_tracheal_sg	35912
all_dm6_minus_tracheal_sg	35913
all_dm6_minus_tracheal_sg	35914
all_dm6_minus_tracheal_sg	35915
all_dm6_minus_tracheal_sg	35916
all_dm6_minus_tracheal_sg	35917
all_dm6_minus_tracheal_sg	35918
all_dm6_minus_tracheal_sg	35919
all_dm6_minus_tracheal_sg	35921
all_dm6_minus_tracheal_sg	35922
all_dm6_minus_tracheal_sg	35923
all_dm6_minus_tracheal_sg	35925
all_dm6_minus_tracheal_sg	35926
all_dm6_minus_tracheal_sg	35927
all_dm6_minus_tracheal_sg	35928
all_dm6_minus_tracheal_sg	35929
all_dm6_minus_tracheal_sg	35931
all_dm6_minus_tracheal_sg	35932
all_dm6_minus_tracheal_sg	35933
all_dm6_minus_tracheal_sg	35934
all_dm6_minus_tracheal_sg	35935
all_dm6_minus_tracheal_sg	35936
all_dm6_minus_tracheal_sg	35937
all_dm6_minus_tracheal_sg	35938
all_dm6_minus_tracheal_sg	35939
all_dm6_minus_tracheal_sg	35940
all_dm6_minus_tracheal_sg	35943
all_dm6_minus_tracheal_sg	35944
all_dm6_minus_tracheal_sg	35946
all_dm6_minus_tracheal_sg	35948
all_dm6_minus_tracheal_sg	35949
all_dm6_minus_tracheal_sg	35952
all_dm6_minus_tracheal_sg	35954
all_dm6_minus_tracheal_sg	35955
all_dm6_minus_tracheal_sg	35956
all_dm6_minus_tracheal_sg	35957
all_dm6_minus_tracheal_sg	35958
all_dm6_minus_tracheal_sg	35959
all_dm6_minus_tracheal_sg	35962
all_dm6_minus_tracheal_sg	35966
all_dm6_minus_tracheal_sg	35968
all_dm6_minus_tracheal_sg	35969
all_dm6_minus_tracheal_sg	35970
all_dm6_minus_tracheal_sg	35974
all_dm6_minus_tracheal_sg	35975
all_dm6_minus_tracheal_sg	35977
all_dm6_minus_tracheal_sg	35979
all_dm6_minus_tracheal_sg	35980
all_dm6_minus_tracheal_sg	35981
all_dm6_minus_tracheal_sg	35984
all_dm6_minus_tracheal_sg	35985
all_dm6_minus_tracheal_sg	35986
all_dm6_minus_tracheal_sg	35987
all_dm6_minus_tracheal_sg	35988
all_dm6_minus_tracheal_sg	35989
all_dm6_minus_tracheal_sg	35993
all_dm6_minus_tracheal_sg	35995
all_dm6_minus_tracheal_sg	35996
all_dm6_minus_tracheal_sg	35997
all_dm6_minus_tracheal_sg	35998
all_dm6_minus_tracheal_sg	35999
all_dm6_minus_tracheal_sg	36000
all_dm6_minus_tracheal_sg	36002
all_dm6_minus_tracheal_sg	36003
all_dm6_minus_tracheal_sg	36004
all_dm6_minus_tracheal_sg	36005
all_dm6_minus_tracheal_sg	36006
all_dm6_minus_tracheal_sg	36010
all_dm6_minus_tracheal_sg	36012
all_dm6_minus_tracheal_sg	36013
all_dm6_minus_tracheal_sg	36014
all_dm6_minus_tracheal_sg	36015
all_dm6_minus_tracheal_sg	36016
all_dm6_minus_tracheal_sg	36017
all_dm6_minus_tracheal_sg	36018
all_dm6_minus_tracheal_sg	36019
all_dm6_minus_tracheal_sg	36020
all_dm6_minus_tracheal_sg	36022
all_dm6_minus_tracheal_sg	36023
all_dm6_minus_tracheal_sg	36025
all_dm6_minus_tracheal_sg	36026
all_dm6_minus_tracheal_sg	36027
all_dm6_minus_tracheal_sg	36028
all_dm6_minus_tracheal_sg	36030
all_dm6_minus_tracheal_sg	36031
all_dm6_minus_tracheal_sg	36034
all_dm6_minus_tracheal_sg	36036
all_dm6_minus_tracheal_sg	36038
all_dm6_minus_tracheal_sg	36039
all_dm6_minus_tracheal_sg	36041
all_dm6_minus_tracheal_sg	36042
all_dm6_minus_tracheal_sg	36043
all_dm6_minus_tracheal_sg	36044
all_dm6_minus_tracheal_sg	36045
all_dm6_minus_tracheal_sg	36047
all_dm6_minus_tracheal_sg	36048
all_dm6_minus_tracheal_sg	36049
all_dm6_minus_tracheal_sg	36050
all_dm6_minus_tracheal_sg	36051
all_dm6_minus_tracheal_sg	36052
all_dm6_minus_tracheal_sg	36054
all_dm6_minus_tracheal_sg	36055
all_dm6_minus_tracheal_sg	36056
all_dm6_minus_tracheal_sg	36057
all_dm6_minus_tracheal_sg	36058
all_dm6_minus_tracheal_sg	36060
all_dm6_minus_tracheal_sg	36061
all_dm6_minus_tracheal_sg	36064
all_dm6_minus_tracheal_sg	36065
all_dm6_minus_tracheal_sg	36068
all_dm6_minus_tracheal_sg	36071
all_dm6_minus_tracheal_sg	36075
all_dm6_minus_tracheal_sg	36077
all_dm6_minus_tracheal_sg	36078
all_dm6_minus_tracheal_sg	36079
all_dm6_minus_tracheal_sg	36080
all_dm6_minus_tracheal_sg	36081
all_dm6_minus_tracheal_sg	36082
all_dm6_minus_tracheal_sg	36086
all_dm6_minus_tracheal_sg	36088
all_dm6_minus_tracheal_sg	36091
all_dm6_minus_tracheal_sg	36092
all_dm6_minus_tracheal_sg	36093
all_dm6_minus_tracheal_sg	36094
all_dm6_minus_tracheal_sg	36095
all_dm6_minus_tracheal_sg	36096
all_dm6_minus_tracheal_sg	36098
all_dm6_minus_tracheal_sg	36101
all_dm6_minus_tracheal_sg	36102
all_dm6_minus_tracheal_sg	36103
all_dm6_minus_tracheal_sg	36107
all_dm6_minus_tracheal_sg	36108
all_dm6_minus_tracheal_sg	36111
all_dm6_minus_tracheal_sg	36121
all_dm6_minus_tracheal_sg	36122
all_dm6_minus_tracheal_sg	36123
all_dm6_minus_tracheal_sg	36124
all_dm6_minus_tracheal_sg	36125
all_dm6_minus_tracheal_sg	36126
all_dm6_minus_tracheal_sg	36127
all_dm6_minus_tracheal_sg	36128
all_dm6_minus_tracheal_sg	36129
all_dm6_minus_tracheal_sg	36130
all_dm6_minus_tracheal_sg	36131
all_dm6_minus_tracheal_sg	36134
all_dm6_minus_tracheal_sg	36136
all_dm6_minus_tracheal_sg	36137
all_dm6_minus_tracheal_sg	36138
all_dm6_minus_tracheal_sg	36139
all_dm6_minus_tracheal_sg	36141
all_dm6_minus_tracheal_sg	36142
all_dm6_minus_tracheal_sg	36143
all_dm6_minus_tracheal_sg	36144
all_dm6_minus_tracheal_sg	36145
all_dm6_minus_tracheal_sg	36146
all_dm6_minus_tracheal_sg	36147
all_dm6_minus_tracheal_sg	36154
all_dm6_minus_tracheal_sg	36156
all_dm6_minus_tracheal_sg	36157
all_dm6_minus_tracheal_sg	36158
all_dm6_minus_tracheal_sg	36159
all_dm6_minus_tracheal_sg	36160
all_dm6_minus_tracheal_sg	36161
all_dm6_minus_tracheal_sg	36162
all_dm6_minus_tracheal_sg	36163
all_dm6_minus_tracheal_sg	36167
all_dm6_minus_tracheal_sg	36168
all_dm6_minus_tracheal_sg	36169
all_dm6_minus_tracheal_sg	36170
all_dm6_minus_tracheal_sg	36172
all_dm6_minus_tracheal_sg	36173
all_dm6_minus_tracheal_sg	36174
all_dm6_minus_tracheal_sg	36176
all_dm6_minus_tracheal_sg	36177
all_dm6_minus_tracheal_sg	36178
all_dm6_minus_tracheal_sg	36179
all_dm6_minus_tracheal_sg	36180
all_dm6_minus_tracheal_sg	36181
all_dm6_minus_tracheal_sg	36182
all_dm6_minus_tracheal_sg	36183
all_dm6_minus_tracheal_sg	36184
all_dm6_minus_tracheal_sg	36186
all_dm6_minus_tracheal_sg	36187
all_dm6_minus_tracheal_sg	36188
all_dm6_minus_tracheal_sg	36189
all_dm6_minus_tracheal_sg	36190
all_dm6_minus_tracheal_sg	36191
all_dm6_minus_tracheal_sg	36192
all_dm6_minus_tracheal_sg	36193
all_dm6_minus_tracheal_sg	36194
all_dm6_minus_tracheal_sg	36197
all_dm6_minus_tracheal_sg	36199
all_dm6_minus_tracheal_sg	36200
all_dm6_minus_tracheal_sg	36201
all_dm6_minus_tracheal_sg	36202
all_dm6_minus_tracheal_sg	36203
all_dm6_minus_tracheal_sg	36205
all_dm6_minus_tracheal_sg	36207
all_dm6_minus_tracheal_sg	36208
all_dm6_minus_tracheal_sg	36209
all_dm6_minus_tracheal_sg	36210
all_dm6_minus_tracheal_sg	36212
all_dm6_minus_tracheal_sg	36213
all_dm6_minus_tracheal_sg	36214
all_dm6_minus_tracheal_sg	36215
all_dm6_minus_tracheal_sg	36216
all_dm6_minus_tracheal_sg	36217
all_dm6_minus_tracheal_sg	36218
all_dm6_minus_tracheal_sg	36221
all_dm6_minus_tracheal_sg	36222
all_dm6_minus_tracheal_sg	36223
all_dm6_minus_tracheal_sg	36227
all_dm6_minus_tracheal_sg	36229
all_dm6_minus_tracheal_sg	36230
all_dm6_minus_tracheal_sg	36232
all_dm6_minus_tracheal_sg	36233
all_dm6_minus_tracheal_sg	36234
all_dm6_minus_tracheal_sg	36235
all_dm6_minus_tracheal_sg	36236
all_dm6_minus_tracheal_sg	36237
all_dm6_minus_tracheal_sg	36238
all_dm6_minus_tracheal_sg	36239
all_dm6_minus_tracheal_sg	36240
all_dm6_minus_tracheal_sg	36244
all_dm6_minus_tracheal_sg	36245
all_dm6_minus_tracheal_sg	36246
all_dm6_minus_tracheal_sg	36248
all_dm6_minus_tracheal_sg	36249
all_dm6_minus_tracheal_sg	36251
all_dm6_minus_tracheal_sg	36252
all_dm6_minus_tracheal_sg	36253
all_dm6_minus_tracheal_sg	36254
all_dm6_minus_tracheal_sg	36255
all_dm6_minus_tracheal_sg	36256
all_dm6_minus_tracheal_sg	36257
all_dm6_minus_tracheal_sg	36258
all_dm6_minus_tracheal_sg	36259
all_dm6_minus_tracheal_sg	36260
all_dm6_minus_tracheal_sg	36262
all_dm6_minus_tracheal_sg	36263
all_dm6_minus_tracheal_sg	36264
all_dm6_minus_tracheal_sg	36265
all_dm6_minus_tracheal_sg	36266
all_dm6_minus_tracheal_sg	36269
all_dm6_minus_tracheal_sg	36272
all_dm6_minus_tracheal_sg	36277
all_dm6_minus_tracheal_sg	36278
all_dm6_minus_tracheal_sg	36279
all_dm6_minus_tracheal_sg	36281
all_dm6_minus_tracheal_sg	36282
all_dm6_minus_tracheal_sg	36284
all_dm6_minus_tracheal_sg	36285
all_dm6_minus_tracheal_sg	36286
all_dm6_minus_tracheal_sg	36287
all_dm6_minus_tracheal_sg	36289
all_dm6_minus_tracheal_sg	36290
all_dm6_minus_tracheal_sg	36292
all_dm6_minus_tracheal_sg	36293
all_dm6_minus_tracheal_sg	36294
all_dm6_minus_tracheal_sg	36295
all_dm6_minus_tracheal_sg	36297
all_dm6_minus_tracheal_sg	36298
all_dm6_minus_tracheal_sg	36299
all_dm6_minus_tracheal_sg	36300
all_dm6_minus_tracheal_sg	36301
all_dm6_minus_tracheal_sg	36302
all_dm6_minus_tracheal_sg	36303
all_dm6_minus_tracheal_sg	36304
all_dm6_minus_tracheal_sg	36307
all_dm6_minus_tracheal_sg	36309
all_dm6_minus_tracheal_sg	36311
all_dm6_minus_tracheal_sg	36316
all_dm6_minus_tracheal_sg	36317
all_dm6_minus_tracheal_sg	36318
all_dm6_minus_tracheal_sg	36319
all_dm6_minus_tracheal_sg	36321
all_dm6_minus_tracheal_sg	36323
all_dm6_minus_tracheal_sg	36324
all_dm6_minus_tracheal_sg	36325
all_dm6_minus_tracheal_sg	36326
all_dm6_minus_tracheal_sg	36327
all_dm6_minus_tracheal_sg	36328
all_dm6_minus_tracheal_sg	36330
all_dm6_minus_tracheal_sg	36331
all_dm6_minus_tracheal_sg	36332
all_dm6_minus_tracheal_sg	36333
all_dm6_minus_tracheal_sg	36334
all_dm6_minus_tracheal_sg	36335
all_dm6_minus_tracheal_sg	36336
all_dm6_minus_tracheal_sg	36338
all_dm6_minus_tracheal_sg	36339
all_dm6_minus_tracheal_sg	36340
all_dm6_minus_tracheal_sg	36341
all_dm6_minus_tracheal_sg	36342
all_dm6_minus_tracheal_sg	36343
all_dm6_minus_tracheal_sg	36345
all_dm6_minus_tracheal_sg	36346
all_dm6_minus_tracheal_sg	36348
all_dm6_minus_tracheal_sg	36349
all_dm6_minus_tracheal_sg	36350
all_dm6_minus_tracheal_sg	36352
all_dm6_minus_tracheal_sg	36354
all_dm6_minus_tracheal_sg	36355
all_dm6_minus_tracheal_sg	36356
all_dm6_minus_tracheal_sg	36357
all_dm6_minus_tracheal_sg	36358
all_dm6_minus_tracheal_sg	36359
all_dm6_minus_tracheal_sg	36360
all_dm6_minus_tracheal_sg	36361
all_dm6_minus_tracheal_sg	36362
all_dm6_minus_tracheal_sg	36364
all_dm6_minus_tracheal_sg	36366
all_dm6_minus_tracheal_sg	36368
all_dm6_minus_tracheal_sg	36371
all_dm6_minus_tracheal_sg	36372
all_dm6_minus_tracheal_sg	36373
all_dm6_minus_tracheal_sg	36374
all_dm6_minus_tracheal_sg	36375
all_dm6_minus_tracheal_sg	36376
all_dm6_minus_tracheal_sg	36377
all_dm6_minus_tracheal_sg	36379
all_dm6_minus_tracheal_sg	36380
all_dm6_minus_tracheal_sg	36381
all_dm6_minus_tracheal_sg	36382
all_dm6_minus_tracheal_sg	36384
all_dm6_minus_tracheal_sg	36385
all_dm6_minus_tracheal_sg	36386
all_dm6_minus_tracheal_sg	36387
all_dm6_minus_tracheal_sg	36391
all_dm6_minus_tracheal_sg	36392
all_dm6_minus_tracheal_sg	36393
all_dm6_minus_tracheal_sg	36394
all_dm6_minus_tracheal_sg	36396
all_dm6_minus_tracheal_sg	36397
all_dm6_minus_tracheal_sg	36398
all_dm6_minus_tracheal_sg	36399
all_dm6_minus_tracheal_sg	36400
all_dm6_minus_tracheal_sg	36401
all_dm6_minus_tracheal_sg	36403
all_dm6_minus_tracheal_sg	36404
all_dm6_minus_tracheal_sg	36405
all_dm6_minus_tracheal_sg	36406
all_dm6_minus_tracheal_sg	36408
all_dm6_minus_tracheal_sg	36411
all_dm6_minus_tracheal_sg	36412
all_dm6_minus_tracheal_sg	36413
all_dm6_minus_tracheal_sg	36414
all_dm6_minus_tracheal_sg	36415
all_dm6_minus_tracheal_sg	36417
all_dm6_minus_tracheal_sg	36418
all_dm6_minus_tracheal_sg	36419
all_dm6_minus_tracheal_sg	36420
all_dm6_minus_tracheal_sg	36421
all_dm6_minus_tracheal_sg	36423
all_dm6_minus_tracheal_sg	36425
all_dm6_minus_tracheal_sg	36426
all_dm6_minus_tracheal_sg	36428
all_dm6_minus_tracheal_sg	36429
all_dm6_minus_tracheal_sg	36430
all_dm6_minus_tracheal_sg	36431
all_dm6_minus_tracheal_sg	36432
all_dm6_minus_tracheal_sg	36433
all_dm6_minus_tracheal_sg	36434
all_dm6_minus_tracheal_sg	36436
all_dm6_minus_tracheal_sg	36437
all_dm6_minus_tracheal_sg	36438
all_dm6_minus_tracheal_sg	36439
all_dm6_minus_tracheal_sg	36440
all_dm6_minus_tracheal_sg	36442
all_dm6_minus_tracheal_sg	36445
all_dm6_minus_tracheal_sg	36446
all_dm6_minus_tracheal_sg	36447
all_dm6_minus_tracheal_sg	36448
all_dm6_minus_tracheal_sg	36449
all_dm6_minus_tracheal_sg	36454
all_dm6_minus_tracheal_sg	36455
all_dm6_minus_tracheal_sg	36456
all_dm6_minus_tracheal_sg	36457
all_dm6_minus_tracheal_sg	36458
all_dm6_minus_tracheal_sg	36459
all_dm6_minus_tracheal_sg	36460
all_dm6_minus_tracheal_sg	36462
all_dm6_minus_tracheal_sg	36463
all_dm6_minus_tracheal_sg	36465
all_dm6_minus_tracheal_sg	36466
all_dm6_minus_tracheal_sg	36467
all_dm6_minus_tracheal_sg	36468
all_dm6_minus_tracheal_sg	36469
all_dm6_minus_tracheal_sg	36470
all_dm6_minus_tracheal_sg	36471
all_dm6_minus_tracheal_sg	36472
all_dm6_minus_tracheal_sg	36475
all_dm6_minus_tracheal_sg	36477
all_dm6_minus_tracheal_sg	36478
all_dm6_minus_tracheal_sg	36479
all_dm6_minus_tracheal_sg	36481
all_dm6_minus_tracheal_sg	36484
all_dm6_minus_tracheal_sg	36485
all_dm6_minus_tracheal_sg	36487
all_dm6_minus_tracheal_sg	36488
all_dm6_minus_tracheal_sg	36489
all_dm6_minus_tracheal_sg	36492
all_dm6_minus_tracheal_sg	36494
all_dm6_minus_tracheal_sg	36495
all_dm6_minus_tracheal_sg	36496
all_dm6_minus_tracheal_sg	36497
all_dm6_minus_tracheal_sg	36498
all_dm6_minus_tracheal_sg	36499
all_dm6_minus_tracheal_sg	36501
all_dm6_minus_tracheal_sg	36503
all_dm6_minus_tracheal_sg	36504
all_dm6_minus_tracheal_sg	36506
all_dm6_minus_tracheal_sg	36507
all_dm6_minus_tracheal_sg	36508
all_dm6_minus_tracheal_sg	36510
all_dm6_minus_tracheal_sg	36511
all_dm6_minus_tracheal_sg	36513
all_dm6_minus_tracheal_sg	36514
all_dm6_minus_tracheal_sg	36515
all_dm6_minus_tracheal_sg	36516
all_dm6_minus_tracheal_sg	36517
all_dm6_minus_tracheal_sg	36518
all_dm6_minus_tracheal_sg	36519
all_dm6_minus_tracheal_sg	36520
all_dm6_minus_tracheal_sg	36522
all_dm6_minus_tracheal_sg	36523
all_dm6_minus_tracheal_sg	36524
all_dm6_minus_tracheal_sg	36525
all_dm6_minus_tracheal_sg	36526
all_dm6_minus_tracheal_sg	36527
all_dm6_minus_tracheal_sg	36528
all_dm6_minus_tracheal_sg	36530
all_dm6_minus_tracheal_sg	36531
all_dm6_minus_tracheal_sg	36532
all_dm6_minus_tracheal_sg	36533
all_dm6_minus_tracheal_sg	36534
all_dm6_minus_tracheal_sg	36536
all_dm6_minus_tracheal_sg	36537
all_dm6_minus_tracheal_sg	36539
all_dm6_minus_tracheal_sg	36540
all_dm6_minus_tracheal_sg	36541
all_dm6_minus_tracheal_sg	36543
all_dm6_minus_tracheal_sg	36544
all_dm6_minus_tracheal_sg	36545
all_dm6_minus_tracheal_sg	36549
all_dm6_minus_tracheal_sg	36550
all_dm6_minus_tracheal_sg	36551
all_dm6_minus_tracheal_sg	36552
all_dm6_minus_tracheal_sg	36554
all_dm6_minus_tracheal_sg	36556
all_dm6_minus_tracheal_sg	36559
all_dm6_minus_tracheal_sg	36560
all_dm6_minus_tracheal_sg	36561
all_dm6_minus_tracheal_sg	36562
all_dm6_minus_tracheal_sg	36563
all_dm6_minus_tracheal_sg	36564
all_dm6_minus_tracheal_sg	36565
all_dm6_minus_tracheal_sg	36566
all_dm6_minus_tracheal_sg	36567
all_dm6_minus_tracheal_sg	36568
all_dm6_minus_tracheal_sg	36570
all_dm6_minus_tracheal_sg	36573
all_dm6_minus_tracheal_sg	36574
all_dm6_minus_tracheal_sg	36575
all_dm6_minus_tracheal_sg	36576
all_dm6_minus_tracheal_sg	36577
all_dm6_minus_tracheal_sg	36578
all_dm6_minus_tracheal_sg	36579
all_dm6_minus_tracheal_sg	36580
all_dm6_minus_tracheal_sg	36582
all_dm6_minus_tracheal_sg	36583
all_dm6_minus_tracheal_sg	36584
all_dm6_minus_tracheal_sg	36585
all_dm6_minus_tracheal_sg	36586
all_dm6_minus_tracheal_sg	36587
all_dm6_minus_tracheal_sg	36588
all_dm6_minus_tracheal_sg	36589
all_dm6_minus_tracheal_sg	36590
all_dm6_minus_tracheal_sg	36593
all_dm6_minus_tracheal_sg	36594
all_dm6_minus_tracheal_sg	36597
all_dm6_minus_tracheal_sg	36598
all_dm6_minus_tracheal_sg	36600
all_dm6_minus_tracheal_sg	36601
all_dm6_minus_tracheal_sg	36602
all_dm6_minus_tracheal_sg	36603
all_dm6_minus_tracheal_sg	36604
all_dm6_minus_tracheal_sg	36605
all_dm6_minus_tracheal_sg	36606
all_dm6_minus_tracheal_sg	36612
all_dm6_minus_tracheal_sg	36614
all_dm6_minus_tracheal_sg	36616
all_dm6_minus_tracheal_sg	36617
all_dm6_minus_tracheal_sg	36619
all_dm6_minus_tracheal_sg	36620
all_dm6_minus_tracheal_sg	36621
all_dm6_minus_tracheal_sg	36623
all_dm6_minus_tracheal_sg	36624
all_dm6_minus_tracheal_sg	36625
all_dm6_minus_tracheal_sg	36626
all_dm6_minus_tracheal_sg	36627
all_dm6_minus_tracheal_sg	36628
all_dm6_minus_tracheal_sg	36629
all_dm6_minus_tracheal_sg	36630
all_dm6_minus_tracheal_sg	36631
all_dm6_minus_tracheal_sg	36634
all_dm6_minus_tracheal_sg	36635
all_dm6_minus_tracheal_sg	36636
all_dm6_minus_tracheal_sg	36637
all_dm6_minus_tracheal_sg	36638
all_dm6_minus_tracheal_sg	36639
all_dm6_minus_tracheal_sg	36640
all_dm6_minus_tracheal_sg	36641
all_dm6_minus_tracheal_sg	36642
all_dm6_minus_tracheal_sg	36643
all_dm6_minus_tracheal_sg	36645
all_dm6_minus_tracheal_sg	36648
all_dm6_minus_tracheal_sg	36649
all_dm6_minus_tracheal_sg	36650
all_dm6_minus_tracheal_sg	36651
all_dm6_minus_tracheal_sg	36652
all_dm6_minus_tracheal_sg	36653
all_dm6_minus_tracheal_sg	36654
all_dm6_minus_tracheal_sg	36655
all_dm6_minus_tracheal_sg	36656
all_dm6_minus_tracheal_sg	36658
all_dm6_minus_tracheal_sg	36661
all_dm6_minus_tracheal_sg	36662
all_dm6_minus_tracheal_sg	36663
all_dm6_minus_tracheal_sg	36664
all_dm6_minus_tracheal_sg	36665
all_dm6_minus_tracheal_sg	36666
all_dm6_minus_tracheal_sg	36667
all_dm6_minus_tracheal_sg	36670
all_dm6_minus_tracheal_sg	36671
all_dm6_minus_tracheal_sg	36674
all_dm6_minus_tracheal_sg	36675
all_dm6_minus_tracheal_sg	36676
all_dm6_minus_tracheal_sg	36678
all_dm6_minus_tracheal_sg	36679
all_dm6_minus_tracheal_sg	36680
all_dm6_minus_tracheal_sg	36681
all_dm6_minus_tracheal_sg	36682
all_dm6_minus_tracheal_sg	36683
all_dm6_minus_tracheal_sg	36686
all_dm6_minus_tracheal_sg	36687
all_dm6_minus_tracheal_sg	36688
all_dm6_minus_tracheal_sg	36689
all_dm6_minus_tracheal_sg	36693
all_dm6_minus_tracheal_sg	36694
all_dm6_minus_tracheal_sg	36695
all_dm6_minus_tracheal_sg	36696
all_dm6_minus_tracheal_sg	36697
all_dm6_minus_tracheal_sg	36698
all_dm6_minus_tracheal_sg	36699
all_dm6_minus_tracheal_sg	36700
all_dm6_minus_tracheal_sg	36701
all_dm6_minus_tracheal_sg	36702
all_dm6_minus_tracheal_sg	36705
all_dm6_minus_tracheal_sg	36706
all_dm6_minus_tracheal_sg	36708
all_dm6_minus_tracheal_sg	36713
all_dm6_minus_tracheal_sg	36714
all_dm6_minus_tracheal_sg	36715
all_dm6_minus_tracheal_sg	36716
all_dm6_minus_tracheal_sg	36718
all_dm6_minus_tracheal_sg	36719
all_dm6_minus_tracheal_sg	36720
all_dm6_minus_tracheal_sg	36722
all_dm6_minus_tracheal_sg	36723
all_dm6_minus_tracheal_sg	36724
all_dm6_minus_tracheal_sg	36725
all_dm6_minus_tracheal_sg	36727
all_dm6_minus_tracheal_sg	36728
all_dm6_minus_tracheal_sg	36731
all_dm6_minus_tracheal_sg	36732
all_dm6_minus_tracheal_sg	36733
all_dm6_minus_tracheal_sg	36736
all_dm6_minus_tracheal_sg	36740
all_dm6_minus_tracheal_sg	36742
all_dm6_minus_tracheal_sg	36743
all_dm6_minus_tracheal_sg	36744
all_dm6_minus_tracheal_sg	36748
all_dm6_minus_tracheal_sg	36749
all_dm6_minus_tracheal_sg	36750
all_dm6_minus_tracheal_sg	36751
all_dm6_minus_tracheal_sg	36752
all_dm6_minus_tracheal_sg	36754
all_dm6_minus_tracheal_sg	36757
all_dm6_minus_tracheal_sg	36758
all_dm6_minus_tracheal_sg	36760
all_dm6_minus_tracheal_sg	36761
all_dm6_minus_tracheal_sg	36764
all_dm6_minus_tracheal_sg	36766
all_dm6_minus_tracheal_sg	36767
all_dm6_minus_tracheal_sg	36768
all_dm6_minus_tracheal_sg	36769
all_dm6_minus_tracheal_sg	36770
all_dm6_minus_tracheal_sg	36771
all_dm6_minus_tracheal_sg	36772
all_dm6_minus_tracheal_sg	36774
all_dm6_minus_tracheal_sg	36776
all_dm6_minus_tracheal_sg	36779
all_dm6_minus_tracheal_sg	36780
all_dm6_minus_tracheal_sg	36784
all_dm6_minus_tracheal_sg	36787
all_dm6_minus_tracheal_sg	36790
all_dm6_minus_tracheal_sg	36791
all_dm6_minus_tracheal_sg	36792
all_dm6_minus_tracheal_sg	36794
all_dm6_minus_tracheal_sg	36795
all_dm6_minus_tracheal_sg	36798
all_dm6_minus_tracheal_sg	36799
all_dm6_minus_tracheal_sg	36800
all_dm6_minus_tracheal_sg	36801
all_dm6_minus_tracheal_sg	36802
all_dm6_minus_tracheal_sg	36803
all_dm6_minus_tracheal_sg	36804
all_dm6_minus_tracheal_sg	36805
all_dm6_minus_tracheal_sg	36806
all_dm6_minus_tracheal_sg	36808
all_dm6_minus_tracheal_sg	36809
all_dm6_minus_tracheal_sg	36810
all_dm6_minus_tracheal_sg	36811
all_dm6_minus_tracheal_sg	36813
all_dm6_minus_tracheal_sg	36814
all_dm6_minus_tracheal_sg	36815
all_dm6_minus_tracheal_sg	36816
all_dm6_minus_tracheal_sg	36817
all_dm6_minus_tracheal_sg	36818
all_dm6_minus_tracheal_sg	36819
all_dm6_minus_tracheal_sg	36820
all_dm6_minus_tracheal_sg	36821
all_dm6_minus_tracheal_sg	36824
all_dm6_minus_tracheal_sg	36825
all_dm6_minus_tracheal_sg	36826
all_dm6_minus_tracheal_sg	36830
all_dm6_minus_tracheal_sg	36831
all_dm6_minus_tracheal_sg	36832
all_dm6_minus_tracheal_sg	36833
all_dm6_minus_tracheal_sg	36834
all_dm6_minus_tracheal_sg	36838
all_dm6_minus_tracheal_sg	36839
all_dm6_minus_tracheal_sg	36840
all_dm6_minus_tracheal_sg	36841
all_dm6_minus_tracheal_sg	36843
all_dm6_minus_tracheal_sg	36844
all_dm6_minus_tracheal_sg	36845
all_dm6_minus_tracheal_sg	36847
all_dm6_minus_tracheal_sg	36848
all_dm6_minus_tracheal_sg	36850
all_dm6_minus_tracheal_sg	36851
all_dm6_minus_tracheal_sg	36852
all_dm6_minus_tracheal_sg	36853
all_dm6_minus_tracheal_sg	36854
all_dm6_minus_tracheal_sg	36855
all_dm6_minus_tracheal_sg	36856
all_dm6_minus_tracheal_sg	36859
all_dm6_minus_tracheal_sg	36862
all_dm6_minus_tracheal_sg	36863
all_dm6_minus_tracheal_sg	36868
all_dm6_minus_tracheal_sg	36871
all_dm6_minus_tracheal_sg	36872
all_dm6_minus_tracheal_sg	36873
all_dm6_minus_tracheal_sg	36874
all_dm6_minus_tracheal_sg	36875
all_dm6_minus_tracheal_sg	36876
all_dm6_minus_tracheal_sg	36877
all_dm6_minus_tracheal_sg	36878
all_dm6_minus_tracheal_sg	36879
all_dm6_minus_tracheal_sg	36880
all_dm6_minus_tracheal_sg	36881
all_dm6_minus_tracheal_sg	36882
all_dm6_minus_tracheal_sg	36883
all_dm6_minus_tracheal_sg	36886
all_dm6_minus_tracheal_sg	36887
all_dm6_minus_tracheal_sg	36891
all_dm6_minus_tracheal_sg	36893
all_dm6_minus_tracheal_sg	36894
all_dm6_minus_tracheal_sg	36895
all_dm6_minus_tracheal_sg	36896
all_dm6_minus_tracheal_sg	36897
all_dm6_minus_tracheal_sg	36899
all_dm6_minus_tracheal_sg	36900
all_dm6_minus_tracheal_sg	36903
all_dm6_minus_tracheal_sg	36904
all_dm6_minus_tracheal_sg	36905
all_dm6_minus_tracheal_sg	36907
all_dm6_minus_tracheal_sg	36908
all_dm6_minus_tracheal_sg	36909
all_dm6_minus_tracheal_sg	36911
all_dm6_minus_tracheal_sg	36912
all_dm6_minus_tracheal_sg	36913
all_dm6_minus_tracheal_sg	36914
all_dm6_minus_tracheal_sg	36916
all_dm6_minus_tracheal_sg	36917
all_dm6_minus_tracheal_sg	36918
all_dm6_minus_tracheal_sg	36919
all_dm6_minus_tracheal_sg	36920
all_dm6_minus_tracheal_sg	36921
all_dm6_minus_tracheal_sg	36922
all_dm6_minus_tracheal_sg	36926
all_dm6_minus_tracheal_sg	36929
all_dm6_minus_tracheal_sg	36930
all_dm6_minus_tracheal_sg	36931
all_dm6_minus_tracheal_sg	36932
all_dm6_minus_tracheal_sg	36933
all_dm6_minus_tracheal_sg	36934
all_dm6_minus_tracheal_sg	36935
all_dm6_minus_tracheal_sg	36936
all_dm6_minus_tracheal_sg	36937
all_dm6_minus_tracheal_sg	36938
all_dm6_minus_tracheal_sg	36939
all_dm6_minus_tracheal_sg	36940
all_dm6_minus_tracheal_sg	36941
all_dm6_minus_tracheal_sg	36942
all_dm6_minus_tracheal_sg	36943
all_dm6_minus_tracheal_sg	36944
all_dm6_minus_tracheal_sg	36948
all_dm6_minus_tracheal_sg	36951
all_dm6_minus_tracheal_sg	36952
all_dm6_minus_tracheal_sg	36954
all_dm6_minus_tracheal_sg	36955
all_dm6_minus_tracheal_sg	36957
all_dm6_minus_tracheal_sg	36958
all_dm6_minus_tracheal_sg	36959
all_dm6_minus_tracheal_sg	36960
all_dm6_minus_tracheal_sg	36961
all_dm6_minus_tracheal_sg	36962
all_dm6_minus_tracheal_sg	36963
all_dm6_minus_tracheal_sg	36964
all_dm6_minus_tracheal_sg	36965
all_dm6_minus_tracheal_sg	36966
all_dm6_minus_tracheal_sg	36968
all_dm6_minus_tracheal_sg	36969
all_dm6_minus_tracheal_sg	36973
all_dm6_minus_tracheal_sg	36974
all_dm6_minus_tracheal_sg	36975
all_dm6_minus_tracheal_sg	36976
all_dm6_minus_tracheal_sg	36978
all_dm6_minus_tracheal_sg	36981
all_dm6_minus_tracheal_sg	36982
all_dm6_minus_tracheal_sg	36984
all_dm6_minus_tracheal_sg	36985
all_dm6_minus_tracheal_sg	36986
all_dm6_minus_tracheal_sg	36988
all_dm6_minus_tracheal_sg	36990
all_dm6_minus_tracheal_sg	36991
all_dm6_minus_tracheal_sg	36992
all_dm6_minus_tracheal_sg	36993
all_dm6_minus_tracheal_sg	36994
all_dm6_minus_tracheal_sg	36995
all_dm6_minus_tracheal_sg	36996
all_dm6_minus_tracheal_sg	36997
all_dm6_minus_tracheal_sg	36998
all_dm6_minus_tracheal_sg	36999
all_dm6_minus_tracheal_sg	37002
all_dm6_minus_tracheal_sg	37004
all_dm6_minus_tracheal_sg	37005
all_dm6_minus_tracheal_sg	37008
all_dm6_minus_tracheal_sg	37009
all_dm6_minus_tracheal_sg	37010
all_dm6_minus_tracheal_sg	37011
all_dm6_minus_tracheal_sg	37012
all_dm6_minus_tracheal_sg	37013
all_dm6_minus_tracheal_sg	37014
all_dm6_minus_tracheal_sg	37015
all_dm6_minus_tracheal_sg	37016
all_dm6_minus_tracheal_sg	37017
all_dm6_minus_tracheal_sg	37018
all_dm6_minus_tracheal_sg	37019
all_dm6_minus_tracheal_sg	37020
all_dm6_minus_tracheal_sg	37021
all_dm6_minus_tracheal_sg	37022
all_dm6_minus_tracheal_sg	37024
all_dm6_minus_tracheal_sg	37026
all_dm6_minus_tracheal_sg	37027
all_dm6_minus_tracheal_sg	37028
all_dm6_minus_tracheal_sg	37029
all_dm6_minus_tracheal_sg	37030
all_dm6_minus_tracheal_sg	37031
all_dm6_minus_tracheal_sg	37032
all_dm6_minus_tracheal_sg	37033
all_dm6_minus_tracheal_sg	37035
all_dm6_minus_tracheal_sg	37037
all_dm6_minus_tracheal_sg	37039
all_dm6_minus_tracheal_sg	37040
all_dm6_minus_tracheal_sg	37041
all_dm6_minus_tracheal_sg	37042
all_dm6_minus_tracheal_sg	37043
all_dm6_minus_tracheal_sg	37044
all_dm6_minus_tracheal_sg	37045
all_dm6_minus_tracheal_sg	37046
all_dm6_minus_tracheal_sg	37047
all_dm6_minus_tracheal_sg	37051
all_dm6_minus_tracheal_sg	37052
all_dm6_minus_tracheal_sg	37053
all_dm6_minus_tracheal_sg	37054
all_dm6_minus_tracheal_sg	37055
all_dm6_minus_tracheal_sg	37056
all_dm6_minus_tracheal_sg	37057
all_dm6_minus_tracheal_sg	37058
all_dm6_minus_tracheal_sg	37059
all_dm6_minus_tracheal_sg	37062
all_dm6_minus_tracheal_sg	37063
all_dm6_minus_tracheal_sg	37064
all_dm6_minus_tracheal_sg	37068
all_dm6_minus_tracheal_sg	37069
all_dm6_minus_tracheal_sg	37070
all_dm6_minus_tracheal_sg	37071
all_dm6_minus_tracheal_sg	37072
all_dm6_minus_tracheal_sg	37073
all_dm6_minus_tracheal_sg	37075
all_dm6_minus_tracheal_sg	37076
all_dm6_minus_tracheal_sg	37078
all_dm6_minus_tracheal_sg	37079
all_dm6_minus_tracheal_sg	37081
all_dm6_minus_tracheal_sg	37082
all_dm6_minus_tracheal_sg	37083
all_dm6_minus_tracheal_sg	37084
all_dm6_minus_tracheal_sg	37086
all_dm6_minus_tracheal_sg	37087
all_dm6_minus_tracheal_sg	37088
all_dm6_minus_tracheal_sg	37090
all_dm6_minus_tracheal_sg	37092
all_dm6_minus_tracheal_sg	37093
all_dm6_minus_tracheal_sg	37094
all_dm6_minus_tracheal_sg	37095
all_dm6_minus_tracheal_sg	37096
all_dm6_minus_tracheal_sg	37097
all_dm6_minus_tracheal_sg	37098
all_dm6_minus_tracheal_sg	37099
all_dm6_minus_tracheal_sg	37100
all_dm6_minus_tracheal_sg	37101
all_dm6_minus_tracheal_sg	37102
all_dm6_minus_tracheal_sg	37104
all_dm6_minus_tracheal_sg	37105
all_dm6_minus_tracheal_sg	37106
all_dm6_minus_tracheal_sg	37107
all_dm6_minus_tracheal_sg	37108
all_dm6_minus_tracheal_sg	37109
all_dm6_minus_tracheal_sg	37110
all_dm6_minus_tracheal_sg	37111
all_dm6_minus_tracheal_sg	37112
all_dm6_minus_tracheal_sg	37113
all_dm6_minus_tracheal_sg	37117
all_dm6_minus_tracheal_sg	37118
all_dm6_minus_tracheal_sg	37122
all_dm6_minus_tracheal_sg	37124
all_dm6_minus_tracheal_sg	37125
all_dm6_minus_tracheal_sg	37126
all_dm6_minus_tracheal_sg	37128
all_dm6_minus_tracheal_sg	37129
all_dm6_minus_tracheal_sg	37132
all_dm6_minus_tracheal_sg	37134
all_dm6_minus_tracheal_sg	37135
all_dm6_minus_tracheal_sg	37136
all_dm6_minus_tracheal_sg	37137
all_dm6_minus_tracheal_sg	37138
all_dm6_minus_tracheal_sg	37140
all_dm6_minus_tracheal_sg	37141
all_dm6_minus_tracheal_sg	37144
all_dm6_minus_tracheal_sg	37146
all_dm6_minus_tracheal_sg	37147
all_dm6_minus_tracheal_sg	37148
all_dm6_minus_tracheal_sg	37150
all_dm6_minus_tracheal_sg	37152
all_dm6_minus_tracheal_sg	37153
all_dm6_minus_tracheal_sg	37155
all_dm6_minus_tracheal_sg	37156
all_dm6_minus_tracheal_sg	37157
all_dm6_minus_tracheal_sg	37158
all_dm6_minus_tracheal_sg	37159
all_dm6_minus_tracheal_sg	37161
all_dm6_minus_tracheal_sg	37163
all_dm6_minus_tracheal_sg	37164
all_dm6_minus_tracheal_sg	37165
all_dm6_minus_tracheal_sg	37166
all_dm6_minus_tracheal_sg	37170
all_dm6_minus_tracheal_sg	37172
all_dm6_minus_tracheal_sg	37173
all_dm6_minus_tracheal_sg	37174
all_dm6_minus_tracheal_sg	37176
all_dm6_minus_tracheal_sg	37177
all_dm6_minus_tracheal_sg	37178
all_dm6_minus_tracheal_sg	37179
all_dm6_minus_tracheal_sg	37181
all_dm6_minus_tracheal_sg	37182
all_dm6_minus_tracheal_sg	37183
all_dm6_minus_tracheal_sg	37184
all_dm6_minus_tracheal_sg	37188
all_dm6_minus_tracheal_sg	37189
all_dm6_minus_tracheal_sg	37190
all_dm6_minus_tracheal_sg	37191
all_dm6_minus_tracheal_sg	37192
all_dm6_minus_tracheal_sg	37194
all_dm6_minus_tracheal_sg	37195
all_dm6_minus_tracheal_sg	37196
all_dm6_minus_tracheal_sg	37198
all_dm6_minus_tracheal_sg	37199
all_dm6_minus_tracheal_sg	37200
all_dm6_minus_tracheal_sg	37203
all_dm6_minus_tracheal_sg	37204
all_dm6_minus_tracheal_sg	37207
all_dm6_minus_tracheal_sg	37209
all_dm6_minus_tracheal_sg	37210
all_dm6_minus_tracheal_sg	37211
all_dm6_minus_tracheal_sg	37212
all_dm6_minus_tracheal_sg	37213
all_dm6_minus_tracheal_sg	37215
all_dm6_minus_tracheal_sg	37216
all_dm6_minus_tracheal_sg	37218
all_dm6_minus_tracheal_sg	37220
all_dm6_minus_tracheal_sg	37221
all_dm6_minus_tracheal_sg	37222
all_dm6_minus_tracheal_sg	37223
all_dm6_minus_tracheal_sg	37224
all_dm6_minus_tracheal_sg	37225
all_dm6_minus_tracheal_sg	37226
all_dm6_minus_tracheal_sg	37227
all_dm6_minus_tracheal_sg	37228
all_dm6_minus_tracheal_sg	37229
all_dm6_minus_tracheal_sg	37230
all_dm6_minus_tracheal_sg	37232
all_dm6_minus_tracheal_sg	37233
all_dm6_minus_tracheal_sg	37235
all_dm6_minus_tracheal_sg	37236
all_dm6_minus_tracheal_sg	37239
all_dm6_minus_tracheal_sg	37244
all_dm6_minus_tracheal_sg	37245
all_dm6_minus_tracheal_sg	37246
all_dm6_minus_tracheal_sg	37247
all_dm6_minus_tracheal_sg	37248
all_dm6_minus_tracheal_sg	37249
all_dm6_minus_tracheal_sg	37250
all_dm6_minus_tracheal_sg	37251
all_dm6_minus_tracheal_sg	37252
all_dm6_minus_tracheal_sg	37253
all_dm6_minus_tracheal_sg	37255
all_dm6_minus_tracheal_sg	37256
all_dm6_minus_tracheal_sg	37257
all_dm6_minus_tracheal_sg	37258
all_dm6_minus_tracheal_sg	37259
all_dm6_minus_tracheal_sg	37261
all_dm6_minus_tracheal_sg	37263
all_dm6_minus_tracheal_sg	37264
all_dm6_minus_tracheal_sg	37265
all_dm6_minus_tracheal_sg	37266
all_dm6_minus_tracheal_sg	37267
all_dm6_minus_tracheal_sg	37268
all_dm6_minus_tracheal_sg	37269
all_dm6_minus_tracheal_sg	37270
all_dm6_minus_tracheal_sg	37271
all_dm6_minus_tracheal_sg	37273
all_dm6_minus_tracheal_sg	37274
all_dm6_minus_tracheal_sg	37276
all_dm6_minus_tracheal_sg	37278
all_dm6_minus_tracheal_sg	37280
all_dm6_minus_tracheal_sg	37281
all_dm6_minus_tracheal_sg	37282
all_dm6_minus_tracheal_sg	37283
all_dm6_minus_tracheal_sg	37284
all_dm6_minus_tracheal_sg	37285
all_dm6_minus_tracheal_sg	37286
all_dm6_minus_tracheal_sg	37287
all_dm6_minus_tracheal_sg	37288
all_dm6_minus_tracheal_sg	37289
all_dm6_minus_tracheal_sg	37292
all_dm6_minus_tracheal_sg	37293
all_dm6_minus_tracheal_sg	37294
all_dm6_minus_tracheal_sg	37295
all_dm6_minus_tracheal_sg	37297
all_dm6_minus_tracheal_sg	37298
all_dm6_minus_tracheal_sg	37300
all_dm6_minus_tracheal_sg	37302
all_dm6_minus_tracheal_sg	37303
all_dm6_minus_tracheal_sg	37305
all_dm6_minus_tracheal_sg	37307
all_dm6_minus_tracheal_sg	37308
all_dm6_minus_tracheal_sg	37309
all_dm6_minus_tracheal_sg	37310
all_dm6_minus_tracheal_sg	37311
all_dm6_minus_tracheal_sg	37312
all_dm6_minus_tracheal_sg	37313
all_dm6_minus_tracheal_sg	37314
all_dm6_minus_tracheal_sg	37315
all_dm6_minus_tracheal_sg	37316
all_dm6_minus_tracheal_sg	37317
all_dm6_minus_tracheal_sg	37318
all_dm6_minus_tracheal_sg	37319
all_dm6_minus_tracheal_sg	37323
all_dm6_minus_tracheal_sg	37325
all_dm6_minus_tracheal_sg	37328
all_dm6_minus_tracheal_sg	37329
all_dm6_minus_tracheal_sg	37330
all_dm6_minus_tracheal_sg	37331
all_dm6_minus_tracheal_sg	37332
all_dm6_minus_tracheal_sg	37334
all_dm6_minus_tracheal_sg	37335
all_dm6_minus_tracheal_sg	37336
all_dm6_minus_tracheal_sg	37339
all_dm6_minus_tracheal_sg	37340
all_dm6_minus_tracheal_sg	37341
all_dm6_minus_tracheal_sg	37343
all_dm6_minus_tracheal_sg	37344
all_dm6_minus_tracheal_sg	37345
all_dm6_minus_tracheal_sg	37347
all_dm6_minus_tracheal_sg	37348
all_dm6_minus_tracheal_sg	37349
all_dm6_minus_tracheal_sg	37351
all_dm6_minus_tracheal_sg	37354
all_dm6_minus_tracheal_sg	37356
all_dm6_minus_tracheal_sg	37357
all_dm6_minus_tracheal_sg	37358
all_dm6_minus_tracheal_sg	37359
all_dm6_minus_tracheal_sg	37360
all_dm6_minus_tracheal_sg	37363
all_dm6_minus_tracheal_sg	37364
all_dm6_minus_tracheal_sg	37366
all_dm6_minus_tracheal_sg	37367
all_dm6_minus_tracheal_sg	37371
all_dm6_minus_tracheal_sg	37372
all_dm6_minus_tracheal_sg	37373
all_dm6_minus_tracheal_sg	37374
all_dm6_minus_tracheal_sg	37375
all_dm6_minus_tracheal_sg	37376
all_dm6_minus_tracheal_sg	37377
all_dm6_minus_tracheal_sg	37378
all_dm6_minus_tracheal_sg	37379
all_dm6_minus_tracheal_sg	37381
all_dm6_minus_tracheal_sg	37382
all_dm6_minus_tracheal_sg	37384
all_dm6_minus_tracheal_sg	37385
all_dm6_minus_tracheal_sg	37387
all_dm6_minus_tracheal_sg	37388
all_dm6_minus_tracheal_sg	37389
all_dm6_minus_tracheal_sg	37390
all_dm6_minus_tracheal_sg	37392
all_dm6_minus_tracheal_sg	37393
all_dm6_minus_tracheal_sg	37395
all_dm6_minus_tracheal_sg	37397
all_dm6_minus_tracheal_sg	37398
all_dm6_minus_tracheal_sg	37399
all_dm6_minus_tracheal_sg	37400
all_dm6_minus_tracheal_sg	37401
all_dm6_minus_tracheal_sg	37403
all_dm6_minus_tracheal_sg	37405
all_dm6_minus_tracheal_sg	37407
all_dm6_minus_tracheal_sg	37408
all_dm6_minus_tracheal_sg	37410
all_dm6_minus_tracheal_sg	37411
all_dm6_minus_tracheal_sg	37412
all_dm6_minus_tracheal_sg	37413
all_dm6_minus_tracheal_sg	37414
all_dm6_minus_tracheal_sg	37415
all_dm6_minus_tracheal_sg	37416
all_dm6_minus_tracheal_sg	37417
all_dm6_minus_tracheal_sg	37418
all_dm6_minus_tracheal_sg	37420
all_dm6_minus_tracheal_sg	37421
all_dm6_minus_tracheal_sg	37423
all_dm6_minus_tracheal_sg	37427
all_dm6_minus_tracheal_sg	37428
all_dm6_minus_tracheal_sg	37429
all_dm6_minus_tracheal_sg	37430
all_dm6_minus_tracheal_sg	37431
all_dm6_minus_tracheal_sg	37433
all_dm6_minus_tracheal_sg	37435
all_dm6_minus_tracheal_sg	37439
all_dm6_minus_tracheal_sg	37440
all_dm6_minus_tracheal_sg	37441
all_dm6_minus_tracheal_sg	37443
all_dm6_minus_tracheal_sg	37444
all_dm6_minus_tracheal_sg	37445
all_dm6_minus_tracheal_sg	37446
all_dm6_minus_tracheal_sg	37450
all_dm6_minus_tracheal_sg	37451
all_dm6_minus_tracheal_sg	37453
all_dm6_minus_tracheal_sg	37456
all_dm6_minus_tracheal_sg	37459
all_dm6_minus_tracheal_sg	37461
all_dm6_minus_tracheal_sg	37462
all_dm6_minus_tracheal_sg	37463
all_dm6_minus_tracheal_sg	37464
all_dm6_minus_tracheal_sg	37466
all_dm6_minus_tracheal_sg	37467
all_dm6_minus_tracheal_sg	37468
all_dm6_minus_tracheal_sg	37469
all_dm6_minus_tracheal_sg	37470
all_dm6_minus_tracheal_sg	37471
all_dm6_minus_tracheal_sg	37472
all_dm6_minus_tracheal_sg	37473
all_dm6_minus_tracheal_sg	37475
all_dm6_minus_tracheal_sg	37476
all_dm6_minus_tracheal_sg	37477
all_dm6_minus_tracheal_sg	37478
all_dm6_minus_tracheal_sg	37479
all_dm6_minus_tracheal_sg	37483
all_dm6_minus_tracheal_sg	37484
all_dm6_minus_tracheal_sg	37485
all_dm6_minus_tracheal_sg	37487
all_dm6_minus_tracheal_sg	37488
all_dm6_minus_tracheal_sg	37489
all_dm6_minus_tracheal_sg	37490
all_dm6_minus_tracheal_sg	37491
all_dm6_minus_tracheal_sg	37492
all_dm6_minus_tracheal_sg	37493
all_dm6_minus_tracheal_sg	37496
all_dm6_minus_tracheal_sg	37497
all_dm6_minus_tracheal_sg	37498
all_dm6_minus_tracheal_sg	37500
all_dm6_minus_tracheal_sg	37501
all_dm6_minus_tracheal_sg	37502
all_dm6_minus_tracheal_sg	37507
all_dm6_minus_tracheal_sg	37509
all_dm6_minus_tracheal_sg	37510
all_dm6_minus_tracheal_sg	37511
all_dm6_minus_tracheal_sg	37513
all_dm6_minus_tracheal_sg	37514
all_dm6_minus_tracheal_sg	37515
all_dm6_minus_tracheal_sg	37516
all_dm6_minus_tracheal_sg	37517
all_dm6_minus_tracheal_sg	37518
all_dm6_minus_tracheal_sg	37519
all_dm6_minus_tracheal_sg	37520
all_dm6_minus_tracheal_sg	37522
all_dm6_minus_tracheal_sg	37523
all_dm6_minus_tracheal_sg	37526
all_dm6_minus_tracheal_sg	37527
all_dm6_minus_tracheal_sg	37531
all_dm6_minus_tracheal_sg	37532
all_dm6_minus_tracheal_sg	37533
all_dm6_minus_tracheal_sg	37535
all_dm6_minus_tracheal_sg	37536
all_dm6_minus_tracheal_sg	37538
all_dm6_minus_tracheal_sg	37539
all_dm6_minus_tracheal_sg	37540
all_dm6_minus_tracheal_sg	37541
all_dm6_minus_tracheal_sg	37543
all_dm6_minus_tracheal_sg	37544
all_dm6_minus_tracheal_sg	37545
all_dm6_minus_tracheal_sg	37546
all_dm6_minus_tracheal_sg	37547
all_dm6_minus_tracheal_sg	37551
all_dm6_minus_tracheal_sg	37552
all_dm6_minus_tracheal_sg	37553
all_dm6_minus_tracheal_sg	37554
all_dm6_minus_tracheal_sg	37555
all_dm6_minus_tracheal_sg	37558
all_dm6_minus_tracheal_sg	37559
all_dm6_minus_tracheal_sg	37560
all_dm6_minus_tracheal_sg	37561
all_dm6_minus_tracheal_sg	37563
all_dm6_minus_tracheal_sg	37564
all_dm6_minus_tracheal_sg	37565
all_dm6_minus_tracheal_sg	37567
all_dm6_minus_tracheal_sg	37569
all_dm6_minus_tracheal_sg	37570
all_dm6_minus_tracheal_sg	37571
all_dm6_minus_tracheal_sg	37572
all_dm6_minus_tracheal_sg	37574
all_dm6_minus_tracheal_sg	37575
all_dm6_minus_tracheal_sg	37576
all_dm6_minus_tracheal_sg	37577
all_dm6_minus_tracheal_sg	37578
all_dm6_minus_tracheal_sg	37579
all_dm6_minus_tracheal_sg	37580
all_dm6_minus_tracheal_sg	37581
all_dm6_minus_tracheal_sg	37582
all_dm6_minus_tracheal_sg	37583
all_dm6_minus_tracheal_sg	37585
all_dm6_minus_tracheal_sg	37586
all_dm6_minus_tracheal_sg	37587
all_dm6_minus_tracheal_sg	37588
all_dm6_minus_tracheal_sg	37589
all_dm6_minus_tracheal_sg	37590
all_dm6_minus_tracheal_sg	37592
all_dm6_minus_tracheal_sg	37593
all_dm6_minus_tracheal_sg	37594
all_dm6_minus_tracheal_sg	37595
all_dm6_minus_tracheal_sg	37597
all_dm6_minus_tracheal_sg	37598
all_dm6_minus_tracheal_sg	37599
all_dm6_minus_tracheal_sg	37600
all_dm6_minus_tracheal_sg	37601
all_dm6_minus_tracheal_sg	37605
all_dm6_minus_tracheal_sg	37606
all_dm6_minus_tracheal_sg	37607
all_dm6_minus_tracheal_sg	37608
all_dm6_minus_tracheal_sg	37609
all_dm6_minus_tracheal_sg	37610
all_dm6_minus_tracheal_sg	37613
all_dm6_minus_tracheal_sg	37614
all_dm6_minus_tracheal_sg	37615
all_dm6_minus_tracheal_sg	37617
all_dm6_minus_tracheal_sg	37619
all_dm6_minus_tracheal_sg	37621
all_dm6_minus_tracheal_sg	37622
all_dm6_minus_tracheal_sg	37623
all_dm6_minus_tracheal_sg	37624
all_dm6_minus_tracheal_sg	37625
all_dm6_minus_tracheal_sg	37626
all_dm6_minus_tracheal_sg	37627
all_dm6_minus_tracheal_sg	37628
all_dm6_minus_tracheal_sg	37629
all_dm6_minus_tracheal_sg	37631
all_dm6_minus_tracheal_sg	37632
all_dm6_minus_tracheal_sg	37633
all_dm6_minus_tracheal_sg	37635
all_dm6_minus_tracheal_sg	37636
all_dm6_minus_tracheal_sg	37637
all_dm6_minus_tracheal_sg	37638
all_dm6_minus_tracheal_sg	37639
all_dm6_minus_tracheal_sg	37640
all_dm6_minus_tracheal_sg	37643
all_dm6_minus_tracheal_sg	37644
all_dm6_minus_tracheal_sg	37647
all_dm6_minus_tracheal_sg	37648
all_dm6_minus_tracheal_sg	37650
all_dm6_minus_tracheal_sg	37651
all_dm6_minus_tracheal_sg	37652
all_dm6_minus_tracheal_sg	37654
all_dm6_minus_tracheal_sg	37655
all_dm6_minus_tracheal_sg	37659
all_dm6_minus_tracheal_sg	37661
all_dm6_minus_tracheal_sg	37663
all_dm6_minus_tracheal_sg	37664
all_dm6_minus_tracheal_sg	37666
all_dm6_minus_tracheal_sg	37667
all_dm6_minus_tracheal_sg	37669
all_dm6_minus_tracheal_sg	37671
all_dm6_minus_tracheal_sg	37672
all_dm6_minus_tracheal_sg	37673
all_dm6_minus_tracheal_sg	37674
all_dm6_minus_tracheal_sg	37675
all_dm6_minus_tracheal_sg	37676
all_dm6_minus_tracheal_sg	37679
all_dm6_minus_tracheal_sg	37680
all_dm6_minus_tracheal_sg	37681
all_dm6_minus_tracheal_sg	37682
all_dm6_minus_tracheal_sg	37683
all_dm6_minus_tracheal_sg	37684
all_dm6_minus_tracheal_sg	37685
all_dm6_minus_tracheal_sg	37686
all_dm6_minus_tracheal_sg	37687
all_dm6_minus_tracheal_sg	37688
all_dm6_minus_tracheal_sg	37689
all_dm6_minus_tracheal_sg	37690
all_dm6_minus_tracheal_sg	37691
all_dm6_minus_tracheal_sg	37692
all_dm6_minus_tracheal_sg	37694
all_dm6_minus_tracheal_sg	37696
all_dm6_minus_tracheal_sg	37697
all_dm6_minus_tracheal_sg	37698
all_dm6_minus_tracheal_sg	37699
all_dm6_minus_tracheal_sg	37701
all_dm6_minus_tracheal_sg	37702
all_dm6_minus_tracheal_sg	37703
all_dm6_minus_tracheal_sg	37704
all_dm6_minus_tracheal_sg	37705
all_dm6_minus_tracheal_sg	37707
all_dm6_minus_tracheal_sg	37708
all_dm6_minus_tracheal_sg	37710
all_dm6_minus_tracheal_sg	37711
all_dm6_minus_tracheal_sg	37713
all_dm6_minus_tracheal_sg	37715
all_dm6_minus_tracheal_sg	37716
all_dm6_minus_tracheal_sg	37717
all_dm6_minus_tracheal_sg	37719
all_dm6_minus_tracheal_sg	37720
all_dm6_minus_tracheal_sg	37721
all_dm6_minus_tracheal_sg	37723
all_dm6_minus_tracheal_sg	37724
all_dm6_minus_tracheal_sg	37725
all_dm6_minus_tracheal_sg	37726
all_dm6_minus_tracheal_sg	37727
all_dm6_minus_tracheal_sg	37728
all_dm6_minus_tracheal_sg	37730
all_dm6_minus_tracheal_sg	37731
all_dm6_minus_tracheal_sg	37732
all_dm6_minus_tracheal_sg	37733
all_dm6_minus_tracheal_sg	37735
all_dm6_minus_tracheal_sg	37736
all_dm6_minus_tracheal_sg	37737
all_dm6_minus_tracheal_sg	37738
all_dm6_minus_tracheal_sg	37739
all_dm6_minus_tracheal_sg	37742
all_dm6_minus_tracheal_sg	37743
all_dm6_minus_tracheal_sg	37744
all_dm6_minus_tracheal_sg	37746
all_dm6_minus_tracheal_sg	37748
all_dm6_minus_tracheal_sg	37749
all_dm6_minus_tracheal_sg	37750
all_dm6_minus_tracheal_sg	37754
all_dm6_minus_tracheal_sg	37755
all_dm6_minus_tracheal_sg	37756
all_dm6_minus_tracheal_sg	37758
all_dm6_minus_tracheal_sg	37759
all_dm6_minus_tracheal_sg	37760
all_dm6_minus_tracheal_sg	37761
all_dm6_minus_tracheal_sg	37762
all_dm6_minus_tracheal_sg	37763
all_dm6_minus_tracheal_sg	37765
all_dm6_minus_tracheal_sg	37766
all_dm6_minus_tracheal_sg	37767
all_dm6_minus_tracheal_sg	37768
all_dm6_minus_tracheal_sg	37770
all_dm6_minus_tracheal_sg	37771
all_dm6_minus_tracheal_sg	37772
all_dm6_minus_tracheal_sg	37774
all_dm6_minus_tracheal_sg	37776
all_dm6_minus_tracheal_sg	37778
all_dm6_minus_tracheal_sg	37780
all_dm6_minus_tracheal_sg	37781
all_dm6_minus_tracheal_sg	37782
all_dm6_minus_tracheal_sg	37783
all_dm6_minus_tracheal_sg	37784
all_dm6_minus_tracheal_sg	37786
all_dm6_minus_tracheal_sg	37787
all_dm6_minus_tracheal_sg	37788
all_dm6_minus_tracheal_sg	37789
all_dm6_minus_tracheal_sg	37791
all_dm6_minus_tracheal_sg	37792
all_dm6_minus_tracheal_sg	37793
all_dm6_minus_tracheal_sg	37794
all_dm6_minus_tracheal_sg	37795
all_dm6_minus_tracheal_sg	37797
all_dm6_minus_tracheal_sg	37803
all_dm6_minus_tracheal_sg	37804
all_dm6_minus_tracheal_sg	37805
all_dm6_minus_tracheal_sg	37806
all_dm6_minus_tracheal_sg	37807
all_dm6_minus_tracheal_sg	37808
all_dm6_minus_tracheal_sg	37809
all_dm6_minus_tracheal_sg	37810
all_dm6_minus_tracheal_sg	37811
all_dm6_minus_tracheal_sg	37813
all_dm6_minus_tracheal_sg	37814
all_dm6_minus_tracheal_sg	37815
all_dm6_minus_tracheal_sg	37817
all_dm6_minus_tracheal_sg	37818
all_dm6_minus_tracheal_sg	37820
all_dm6_minus_tracheal_sg	37822
all_dm6_minus_tracheal_sg	37824
all_dm6_minus_tracheal_sg	37825
all_dm6_minus_tracheal_sg	37831
all_dm6_minus_tracheal_sg	37832
all_dm6_minus_tracheal_sg	37833
all_dm6_minus_tracheal_sg	37834
all_dm6_minus_tracheal_sg	37836
all_dm6_minus_tracheal_sg	37837
all_dm6_minus_tracheal_sg	37838
all_dm6_minus_tracheal_sg	37839
all_dm6_minus_tracheal_sg	37840
all_dm6_minus_tracheal_sg	37842
all_dm6_minus_tracheal_sg	37843
all_dm6_minus_tracheal_sg	37844
all_dm6_minus_tracheal_sg	37845
all_dm6_minus_tracheal_sg	37846
all_dm6_minus_tracheal_sg	37849
all_dm6_minus_tracheal_sg	37850
all_dm6_minus_tracheal_sg	37851
all_dm6_minus_tracheal_sg	37852
all_dm6_minus_tracheal_sg	37854
all_dm6_minus_tracheal_sg	37855
all_dm6_minus_tracheal_sg	37857
all_dm6_minus_tracheal_sg	37858
all_dm6_minus_tracheal_sg	37859
all_dm6_minus_tracheal_sg	37860
all_dm6_minus_tracheal_sg	37861
all_dm6_minus_tracheal_sg	37862
all_dm6_minus_tracheal_sg	37863
all_dm6_minus_tracheal_sg	37864
all_dm6_minus_tracheal_sg	37866
all_dm6_minus_tracheal_sg	37869
all_dm6_minus_tracheal_sg	37872
all_dm6_minus_tracheal_sg	37874
all_dm6_minus_tracheal_sg	37875
all_dm6_minus_tracheal_sg	37876
all_dm6_minus_tracheal_sg	37877
all_dm6_minus_tracheal_sg	37879
all_dm6_minus_tracheal_sg	37881
all_dm6_minus_tracheal_sg	37882
all_dm6_minus_tracheal_sg	37883
all_dm6_minus_tracheal_sg	37885
all_dm6_minus_tracheal_sg	37886
all_dm6_minus_tracheal_sg	37888
all_dm6_minus_tracheal_sg	37891
all_dm6_minus_tracheal_sg	37892
all_dm6_minus_tracheal_sg	37893
all_dm6_minus_tracheal_sg	37894
all_dm6_minus_tracheal_sg	37895
all_dm6_minus_tracheal_sg	37897
all_dm6_minus_tracheal_sg	37898
all_dm6_minus_tracheal_sg	37899
all_dm6_minus_tracheal_sg	37900
all_dm6_minus_tracheal_sg	37901
all_dm6_minus_tracheal_sg	37902
all_dm6_minus_tracheal_sg	37903
all_dm6_minus_tracheal_sg	37904
all_dm6_minus_tracheal_sg	37905
all_dm6_minus_tracheal_sg	37906
all_dm6_minus_tracheal_sg	37907
all_dm6_minus_tracheal_sg	37909
all_dm6_minus_tracheal_sg	37910
all_dm6_minus_tracheal_sg	37911
all_dm6_minus_tracheal_sg	37912
all_dm6_minus_tracheal_sg	37916
all_dm6_minus_tracheal_sg	37917
all_dm6_minus_tracheal_sg	37918
all_dm6_minus_tracheal_sg	37919
all_dm6_minus_tracheal_sg	37920
all_dm6_minus_tracheal_sg	37922
all_dm6_minus_tracheal_sg	37923
all_dm6_minus_tracheal_sg	37924
all_dm6_minus_tracheal_sg	37925
all_dm6_minus_tracheal_sg	37926
all_dm6_minus_tracheal_sg	37927
all_dm6_minus_tracheal_sg	37928
all_dm6_minus_tracheal_sg	37930
all_dm6_minus_tracheal_sg	37932
all_dm6_minus_tracheal_sg	37933
all_dm6_minus_tracheal_sg	37934
all_dm6_minus_tracheal_sg	37935
all_dm6_minus_tracheal_sg	37936
all_dm6_minus_tracheal_sg	37937
all_dm6_minus_tracheal_sg	37938
all_dm6_minus_tracheal_sg	37939
all_dm6_minus_tracheal_sg	37940
all_dm6_minus_tracheal_sg	37941
all_dm6_minus_tracheal_sg	37942
all_dm6_minus_tracheal_sg	37943
all_dm6_minus_tracheal_sg	37944
all_dm6_minus_tracheal_sg	37945
all_dm6_minus_tracheal_sg	37946
all_dm6_minus_tracheal_sg	37947
all_dm6_minus_tracheal_sg	37948
all_dm6_minus_tracheal_sg	37950
all_dm6_minus_tracheal_sg	37953
all_dm6_minus_tracheal_sg	37954
all_dm6_minus_tracheal_sg	37957
all_dm6_minus_tracheal_sg	37959
all_dm6_minus_tracheal_sg	37961
all_dm6_minus_tracheal_sg	37962
all_dm6_minus_tracheal_sg	37963
all_dm6_minus_tracheal_sg	37964
all_dm6_minus_tracheal_sg	37965
all_dm6_minus_tracheal_sg	37966
all_dm6_minus_tracheal_sg	37967
all_dm6_minus_tracheal_sg	37970
all_dm6_minus_tracheal_sg	37971
all_dm6_minus_tracheal_sg	37972
all_dm6_minus_tracheal_sg	37973
all_dm6_minus_tracheal_sg	37974
all_dm6_minus_tracheal_sg	37977
all_dm6_minus_tracheal_sg	37978
all_dm6_minus_tracheal_sg	37979
all_dm6_minus_tracheal_sg	37980
all_dm6_minus_tracheal_sg	37981
all_dm6_minus_tracheal_sg	37982
all_dm6_minus_tracheal_sg	37983
all_dm6_minus_tracheal_sg	37985
all_dm6_minus_tracheal_sg	37988
all_dm6_minus_tracheal_sg	37989
all_dm6_minus_tracheal_sg	37990
all_dm6_minus_tracheal_sg	37991
all_dm6_minus_tracheal_sg	37992
all_dm6_minus_tracheal_sg	37993
all_dm6_minus_tracheal_sg	37995
all_dm6_minus_tracheal_sg	37996
all_dm6_minus_tracheal_sg	37998
all_dm6_minus_tracheal_sg	38000
all_dm6_minus_tracheal_sg	38001
all_dm6_minus_tracheal_sg	38002
all_dm6_minus_tracheal_sg	38003
all_dm6_minus_tracheal_sg	38004
all_dm6_minus_tracheal_sg	38005
all_dm6_minus_tracheal_sg	38006
all_dm6_minus_tracheal_sg	38007
all_dm6_minus_tracheal_sg	38011
all_dm6_minus_tracheal_sg	38012
all_dm6_minus_tracheal_sg	38013
all_dm6_minus_tracheal_sg	38015
all_dm6_minus_tracheal_sg	38016
all_dm6_minus_tracheal_sg	38019
all_dm6_minus_tracheal_sg	38020
all_dm6_minus_tracheal_sg	38021
all_dm6_minus_tracheal_sg	38022
all_dm6_minus_tracheal_sg	38024
all_dm6_minus_tracheal_sg	38026
all_dm6_minus_tracheal_sg	38027
all_dm6_minus_tracheal_sg	38029
all_dm6_minus_tracheal_sg	38031
all_dm6_minus_tracheal_sg	38032
all_dm6_minus_tracheal_sg	38033
all_dm6_minus_tracheal_sg	38034
all_dm6_minus_tracheal_sg	38036
all_dm6_minus_tracheal_sg	38037
all_dm6_minus_tracheal_sg	38044
all_dm6_minus_tracheal_sg	38046
all_dm6_minus_tracheal_sg	38049
all_dm6_minus_tracheal_sg	38050
all_dm6_minus_tracheal_sg	38055
all_dm6_minus_tracheal_sg	38056
all_dm6_minus_tracheal_sg	38057
all_dm6_minus_tracheal_sg	38058
all_dm6_minus_tracheal_sg	38059
all_dm6_minus_tracheal_sg	38060
all_dm6_minus_tracheal_sg	38062
all_dm6_minus_tracheal_sg	38063
all_dm6_minus_tracheal_sg	38064
all_dm6_minus_tracheal_sg	38066
all_dm6_minus_tracheal_sg	38068
all_dm6_minus_tracheal_sg	38069
all_dm6_minus_tracheal_sg	38071
all_dm6_minus_tracheal_sg	38073
all_dm6_minus_tracheal_sg	38075
all_dm6_minus_tracheal_sg	38078
all_dm6_minus_tracheal_sg	38079
all_dm6_minus_tracheal_sg	38080
all_dm6_minus_tracheal_sg	38081
all_dm6_minus_tracheal_sg	38082
all_dm6_minus_tracheal_sg	38084
all_dm6_minus_tracheal_sg	38085
all_dm6_minus_tracheal_sg	38086
all_dm6_minus_tracheal_sg	38087
all_dm6_minus_tracheal_sg	38088
all_dm6_minus_tracheal_sg	38089
all_dm6_minus_tracheal_sg	38090
all_dm6_minus_tracheal_sg	38092
all_dm6_minus_tracheal_sg	38094
all_dm6_minus_tracheal_sg	38095
all_dm6_minus_tracheal_sg	38097
all_dm6_minus_tracheal_sg	38098
all_dm6_minus_tracheal_sg	38099
all_dm6_minus_tracheal_sg	38100
all_dm6_minus_tracheal_sg	38101
all_dm6_minus_tracheal_sg	38102
all_dm6_minus_tracheal_sg	38103
all_dm6_minus_tracheal_sg	38104
all_dm6_minus_tracheal_sg	38107
all_dm6_minus_tracheal_sg	38109
all_dm6_minus_tracheal_sg	38113
all_dm6_minus_tracheal_sg	38116
all_dm6_minus_tracheal_sg	38120
all_dm6_minus_tracheal_sg	38122
all_dm6_minus_tracheal_sg	38124
all_dm6_minus_tracheal_sg	38125
all_dm6_minus_tracheal_sg	38127
all_dm6_minus_tracheal_sg	38128
all_dm6_minus_tracheal_sg	38129
all_dm6_minus_tracheal_sg	38130
all_dm6_minus_tracheal_sg	38133
all_dm6_minus_tracheal_sg	38135
all_dm6_minus_tracheal_sg	38136
all_dm6_minus_tracheal_sg	38138
all_dm6_minus_tracheal_sg	38141
all_dm6_minus_tracheal_sg	38142
all_dm6_minus_tracheal_sg	38144
all_dm6_minus_tracheal_sg	38146
all_dm6_minus_tracheal_sg	38147
all_dm6_minus_tracheal_sg	38148
all_dm6_minus_tracheal_sg	38149
all_dm6_minus_tracheal_sg	38151
all_dm6_minus_tracheal_sg	38153
all_dm6_minus_tracheal_sg	38155
all_dm6_minus_tracheal_sg	38156
all_dm6_minus_tracheal_sg	38157
all_dm6_minus_tracheal_sg	38159
all_dm6_minus_tracheal_sg	38161
all_dm6_minus_tracheal_sg	38163
all_dm6_minus_tracheal_sg	38164
all_dm6_minus_tracheal_sg	38165
all_dm6_minus_tracheal_sg	38167
all_dm6_minus_tracheal_sg	38169
all_dm6_minus_tracheal_sg	38170
all_dm6_minus_tracheal_sg	38173
all_dm6_minus_tracheal_sg	38174
all_dm6_minus_tracheal_sg	38175
all_dm6_minus_tracheal_sg	38176
all_dm6_minus_tracheal_sg	38178
all_dm6_minus_tracheal_sg	38181
all_dm6_minus_tracheal_sg	38182
all_dm6_minus_tracheal_sg	38183
all_dm6_minus_tracheal_sg	38184
all_dm6_minus_tracheal_sg	38185
all_dm6_minus_tracheal_sg	38186
all_dm6_minus_tracheal_sg	38187
all_dm6_minus_tracheal_sg	38190
all_dm6_minus_tracheal_sg	38192
all_dm6_minus_tracheal_sg	38193
all_dm6_minus_tracheal_sg	38194
all_dm6_minus_tracheal_sg	38196
all_dm6_minus_tracheal_sg	38197
all_dm6_minus_tracheal_sg	38200
all_dm6_minus_tracheal_sg	38201
all_dm6_minus_tracheal_sg	38202
all_dm6_minus_tracheal_sg	38204
all_dm6_minus_tracheal_sg	38205
all_dm6_minus_tracheal_sg	38207
all_dm6_minus_tracheal_sg	38208
all_dm6_minus_tracheal_sg	38209
all_dm6_minus_tracheal_sg	38210
all_dm6_minus_tracheal_sg	38211
all_dm6_minus_tracheal_sg	38212
all_dm6_minus_tracheal_sg	38216
all_dm6_minus_tracheal_sg	38217
all_dm6_minus_tracheal_sg	38218
all_dm6_minus_tracheal_sg	38219
all_dm6_minus_tracheal_sg	38220
all_dm6_minus_tracheal_sg	38221
all_dm6_minus_tracheal_sg	38223
all_dm6_minus_tracheal_sg	38226
all_dm6_minus_tracheal_sg	38227
all_dm6_minus_tracheal_sg	38228
all_dm6_minus_tracheal_sg	38229
all_dm6_minus_tracheal_sg	38230
all_dm6_minus_tracheal_sg	38232
all_dm6_minus_tracheal_sg	38233
all_dm6_minus_tracheal_sg	38235
all_dm6_minus_tracheal_sg	38238
all_dm6_minus_tracheal_sg	38239
all_dm6_minus_tracheal_sg	38240
all_dm6_minus_tracheal_sg	38242
all_dm6_minus_tracheal_sg	38243
all_dm6_minus_tracheal_sg	38244
all_dm6_minus_tracheal_sg	38246
all_dm6_minus_tracheal_sg	38247
all_dm6_minus_tracheal_sg	38248
all_dm6_minus_tracheal_sg	38249
all_dm6_minus_tracheal_sg	38251
all_dm6_minus_tracheal_sg	38252
all_dm6_minus_tracheal_sg	38254
all_dm6_minus_tracheal_sg	38255
all_dm6_minus_tracheal_sg	38256
all_dm6_minus_tracheal_sg	38257
all_dm6_minus_tracheal_sg	38258
all_dm6_minus_tracheal_sg	38259
all_dm6_minus_tracheal_sg	38261
all_dm6_minus_tracheal_sg	38262
all_dm6_minus_tracheal_sg	38263
all_dm6_minus_tracheal_sg	38264
all_dm6_minus_tracheal_sg	38274
all_dm6_minus_tracheal_sg	38277
all_dm6_minus_tracheal_sg	38278
all_dm6_minus_tracheal_sg	38280
all_dm6_minus_tracheal_sg	38281
all_dm6_minus_tracheal_sg	38282
all_dm6_minus_tracheal_sg	38283
all_dm6_minus_tracheal_sg	38284
all_dm6_minus_tracheal_sg	38285
all_dm6_minus_tracheal_sg	38286
all_dm6_minus_tracheal_sg	38287
all_dm6_minus_tracheal_sg	38288
all_dm6_minus_tracheal_sg	38290
all_dm6_minus_tracheal_sg	38291
all_dm6_minus_tracheal_sg	38292
all_dm6_minus_tracheal_sg	38294
all_dm6_minus_tracheal_sg	38295
all_dm6_minus_tracheal_sg	38296
all_dm6_minus_tracheal_sg	38298
all_dm6_minus_tracheal_sg	38299
all_dm6_minus_tracheal_sg	38300
all_dm6_minus_tracheal_sg	38301
all_dm6_minus_tracheal_sg	38303
all_dm6_minus_tracheal_sg	38304
all_dm6_minus_tracheal_sg	38310
all_dm6_minus_tracheal_sg	38311
all_dm6_minus_tracheal_sg	38313
all_dm6_minus_tracheal_sg	38321
all_dm6_minus_tracheal_sg	38322
all_dm6_minus_tracheal_sg	38323
all_dm6_minus_tracheal_sg	38324
all_dm6_minus_tracheal_sg	38325
all_dm6_minus_tracheal_sg	38326
all_dm6_minus_tracheal_sg	38327
all_dm6_minus_tracheal_sg	38328
all_dm6_minus_tracheal_sg	38329
all_dm6_minus_tracheal_sg	38330
all_dm6_minus_tracheal_sg	38331
all_dm6_minus_tracheal_sg	38332
all_dm6_minus_tracheal_sg	38337
all_dm6_minus_tracheal_sg	38340
all_dm6_minus_tracheal_sg	38343
all_dm6_minus_tracheal_sg	38344
all_dm6_minus_tracheal_sg	38345
all_dm6_minus_tracheal_sg	38351
all_dm6_minus_tracheal_sg	38352
all_dm6_minus_tracheal_sg	38354
all_dm6_minus_tracheal_sg	38355
all_dm6_minus_tracheal_sg	38356
all_dm6_minus_tracheal_sg	38357
all_dm6_minus_tracheal_sg	38358
all_dm6_minus_tracheal_sg	38360
all_dm6_minus_tracheal_sg	38362
all_dm6_minus_tracheal_sg	38363
all_dm6_minus_tracheal_sg	38364
all_dm6_minus_tracheal_sg	38365
all_dm6_minus_tracheal_sg	38367
all_dm6_minus_tracheal_sg	38369
all_dm6_minus_tracheal_sg	38371
all_dm6_minus_tracheal_sg	38375
all_dm6_minus_tracheal_sg	38376
all_dm6_minus_tracheal_sg	38378
all_dm6_minus_tracheal_sg	38379
all_dm6_minus_tracheal_sg	38381
all_dm6_minus_tracheal_sg	38383
all_dm6_minus_tracheal_sg	38384
all_dm6_minus_tracheal_sg	38385
all_dm6_minus_tracheal_sg	38386
all_dm6_minus_tracheal_sg	38387
all_dm6_minus_tracheal_sg	38388
all_dm6_minus_tracheal_sg	38390
all_dm6_minus_tracheal_sg	38391
all_dm6_minus_tracheal_sg	38392
all_dm6_minus_tracheal_sg	38393
all_dm6_minus_tracheal_sg	38395
all_dm6_minus_tracheal_sg	38396
all_dm6_minus_tracheal_sg	38397
all_dm6_minus_tracheal_sg	38398
all_dm6_minus_tracheal_sg	38399
all_dm6_minus_tracheal_sg	38400
all_dm6_minus_tracheal_sg	38401
all_dm6_minus_tracheal_sg	38402
all_dm6_minus_tracheal_sg	38408
all_dm6_minus_tracheal_sg	38409
all_dm6_minus_tracheal_sg	38410
all_dm6_minus_tracheal_sg	38411
all_dm6_minus_tracheal_sg	38412
all_dm6_minus_tracheal_sg	38413
all_dm6_minus_tracheal_sg	38414
all_dm6_minus_tracheal_sg	38415
all_dm6_minus_tracheal_sg	38416
all_dm6_minus_tracheal_sg	38418
all_dm6_minus_tracheal_sg	38420
all_dm6_minus_tracheal_sg	38421
all_dm6_minus_tracheal_sg	38422
all_dm6_minus_tracheal_sg	38423
all_dm6_minus_tracheal_sg	38427
all_dm6_minus_tracheal_sg	38428
all_dm6_minus_tracheal_sg	38429
all_dm6_minus_tracheal_sg	38430
all_dm6_minus_tracheal_sg	38435
all_dm6_minus_tracheal_sg	38437
all_dm6_minus_tracheal_sg	38440
all_dm6_minus_tracheal_sg	38443
all_dm6_minus_tracheal_sg	38444
all_dm6_minus_tracheal_sg	38445
all_dm6_minus_tracheal_sg	38448
all_dm6_minus_tracheal_sg	38451
all_dm6_minus_tracheal_sg	38452
all_dm6_minus_tracheal_sg	38453
all_dm6_minus_tracheal_sg	38454
all_dm6_minus_tracheal_sg	38455
all_dm6_minus_tracheal_sg	38457
all_dm6_minus_tracheal_sg	38461
all_dm6_minus_tracheal_sg	38462
all_dm6_minus_tracheal_sg	38463
all_dm6_minus_tracheal_sg	38464
all_dm6_minus_tracheal_sg	38465
all_dm6_minus_tracheal_sg	38466
all_dm6_minus_tracheal_sg	38467
all_dm6_minus_tracheal_sg	38468
all_dm6_minus_tracheal_sg	38470
all_dm6_minus_tracheal_sg	38471
all_dm6_minus_tracheal_sg	38472
all_dm6_minus_tracheal_sg	38473
all_dm6_minus_tracheal_sg	38477
all_dm6_minus_tracheal_sg	38479
all_dm6_minus_tracheal_sg	38480
all_dm6_minus_tracheal_sg	38486
all_dm6_minus_tracheal_sg	38487
all_dm6_minus_tracheal_sg	38488
all_dm6_minus_tracheal_sg	38489
all_dm6_minus_tracheal_sg	38491
all_dm6_minus_tracheal_sg	38492
all_dm6_minus_tracheal_sg	38493
all_dm6_minus_tracheal_sg	38494
all_dm6_minus_tracheal_sg	38495
all_dm6_minus_tracheal_sg	38501
all_dm6_minus_tracheal_sg	38502
all_dm6_minus_tracheal_sg	38503
all_dm6_minus_tracheal_sg	38504
all_dm6_minus_tracheal_sg	38505
all_dm6_minus_tracheal_sg	38506
all_dm6_minus_tracheal_sg	38508
all_dm6_minus_tracheal_sg	38509
all_dm6_minus_tracheal_sg	38510
all_dm6_minus_tracheal_sg	38515
all_dm6_minus_tracheal_sg	38517
all_dm6_minus_tracheal_sg	38518
all_dm6_minus_tracheal_sg	38519
all_dm6_minus_tracheal_sg	38520
all_dm6_minus_tracheal_sg	38521
all_dm6_minus_tracheal_sg	38523
all_dm6_minus_tracheal_sg	38525
all_dm6_minus_tracheal_sg	38527
all_dm6_minus_tracheal_sg	38529
all_dm6_minus_tracheal_sg	38530
all_dm6_minus_tracheal_sg	38532
all_dm6_minus_tracheal_sg	38533
all_dm6_minus_tracheal_sg	38534
all_dm6_minus_tracheal_sg	38535
all_dm6_minus_tracheal_sg	38538
all_dm6_minus_tracheal_sg	38539
all_dm6_minus_tracheal_sg	38541
all_dm6_minus_tracheal_sg	38543
all_dm6_minus_tracheal_sg	38544
all_dm6_minus_tracheal_sg	38545
all_dm6_minus_tracheal_sg	38546
all_dm6_minus_tracheal_sg	38547
all_dm6_minus_tracheal_sg	38548
all_dm6_minus_tracheal_sg	38549
all_dm6_minus_tracheal_sg	38550
all_dm6_minus_tracheal_sg	38552
all_dm6_minus_tracheal_sg	38553
all_dm6_minus_tracheal_sg	38554
all_dm6_minus_tracheal_sg	38555
all_dm6_minus_tracheal_sg	38556
all_dm6_minus_tracheal_sg	38557
all_dm6_minus_tracheal_sg	38559
all_dm6_minus_tracheal_sg	38560
all_dm6_minus_tracheal_sg	38561
all_dm6_minus_tracheal_sg	38562
all_dm6_minus_tracheal_sg	38567
all_dm6_minus_tracheal_sg	38571
all_dm6_minus_tracheal_sg	38572
all_dm6_minus_tracheal_sg	38573
all_dm6_minus_tracheal_sg	38574
all_dm6_minus_tracheal_sg	38575
all_dm6_minus_tracheal_sg	38576
all_dm6_minus_tracheal_sg	38579
all_dm6_minus_tracheal_sg	38580
all_dm6_minus_tracheal_sg	38581
all_dm6_minus_tracheal_sg	38582
all_dm6_minus_tracheal_sg	38583
all_dm6_minus_tracheal_sg	38584
all_dm6_minus_tracheal_sg	38586
all_dm6_minus_tracheal_sg	38589
all_dm6_minus_tracheal_sg	38591
all_dm6_minus_tracheal_sg	38592
all_dm6_minus_tracheal_sg	38594
all_dm6_minus_tracheal_sg	38595
all_dm6_minus_tracheal_sg	38596
all_dm6_minus_tracheal_sg	38597
all_dm6_minus_tracheal_sg	38598
all_dm6_minus_tracheal_sg	38599
all_dm6_minus_tracheal_sg	38600
all_dm6_minus_tracheal_sg	38601
all_dm6_minus_tracheal_sg	38602
all_dm6_minus_tracheal_sg	38603
all_dm6_minus_tracheal_sg	38604
all_dm6_minus_tracheal_sg	38608
all_dm6_minus_tracheal_sg	38610
all_dm6_minus_tracheal_sg	38611
all_dm6_minus_tracheal_sg	38612
all_dm6_minus_tracheal_sg	38614
all_dm6_minus_tracheal_sg	38616
all_dm6_minus_tracheal_sg	38619
all_dm6_minus_tracheal_sg	38620
all_dm6_minus_tracheal_sg	38622
all_dm6_minus_tracheal_sg	38623
all_dm6_minus_tracheal_sg	38624
all_dm6_minus_tracheal_sg	38628
all_dm6_minus_tracheal_sg	38630
all_dm6_minus_tracheal_sg	38631
all_dm6_minus_tracheal_sg	38632
all_dm6_minus_tracheal_sg	38636
all_dm6_minus_tracheal_sg	38637
all_dm6_minus_tracheal_sg	38640
all_dm6_minus_tracheal_sg	38644
all_dm6_minus_tracheal_sg	38645
all_dm6_minus_tracheal_sg	38646
all_dm6_minus_tracheal_sg	38647
all_dm6_minus_tracheal_sg	38648
all_dm6_minus_tracheal_sg	38649
all_dm6_minus_tracheal_sg	38652
all_dm6_minus_tracheal_sg	38653
all_dm6_minus_tracheal_sg	38656
all_dm6_minus_tracheal_sg	38657
all_dm6_minus_tracheal_sg	38658
all_dm6_minus_tracheal_sg	38659
all_dm6_minus_tracheal_sg	38660
all_dm6_minus_tracheal_sg	38661
all_dm6_minus_tracheal_sg	38662
all_dm6_minus_tracheal_sg	38663
all_dm6_minus_tracheal_sg	38664
all_dm6_minus_tracheal_sg	38665
all_dm6_minus_tracheal_sg	38666
all_dm6_minus_tracheal_sg	38668
all_dm6_minus_tracheal_sg	38675
all_dm6_minus_tracheal_sg	38677
all_dm6_minus_tracheal_sg	38679
all_dm6_minus_tracheal_sg	38680
all_dm6_minus_tracheal_sg	38681
all_dm6_minus_tracheal_sg	38682
all_dm6_minus_tracheal_sg	38683
all_dm6_minus_tracheal_sg	38684
all_dm6_minus_tracheal_sg	38685
all_dm6_minus_tracheal_sg	38687
all_dm6_minus_tracheal_sg	38688
all_dm6_minus_tracheal_sg	38689
all_dm6_minus_tracheal_sg	38691
all_dm6_minus_tracheal_sg	38692
all_dm6_minus_tracheal_sg	38693
all_dm6_minus_tracheal_sg	38695
all_dm6_minus_tracheal_sg	38696
all_dm6_minus_tracheal_sg	38697
all_dm6_minus_tracheal_sg	38700
all_dm6_minus_tracheal_sg	38701
all_dm6_minus_tracheal_sg	38702
all_dm6_minus_tracheal_sg	38706
all_dm6_minus_tracheal_sg	38707
all_dm6_minus_tracheal_sg	38709
all_dm6_minus_tracheal_sg	38710
all_dm6_minus_tracheal_sg	38711
all_dm6_minus_tracheal_sg	38712
all_dm6_minus_tracheal_sg	38713
all_dm6_minus_tracheal_sg	38714
all_dm6_minus_tracheal_sg	38715
all_dm6_minus_tracheal_sg	38716
all_dm6_minus_tracheal_sg	38717
all_dm6_minus_tracheal_sg	38718
all_dm6_minus_tracheal_sg	38719
all_dm6_minus_tracheal_sg	38720
all_dm6_minus_tracheal_sg	38722
all_dm6_minus_tracheal_sg	38724
all_dm6_minus_tracheal_sg	38725
all_dm6_minus_tracheal_sg	38726
all_dm6_minus_tracheal_sg	38728
all_dm6_minus_tracheal_sg	38733
all_dm6_minus_tracheal_sg	38734
all_dm6_minus_tracheal_sg	38735
all_dm6_minus_tracheal_sg	38738
all_dm6_minus_tracheal_sg	38740
all_dm6_minus_tracheal_sg	38741
all_dm6_minus_tracheal_sg	38742
all_dm6_minus_tracheal_sg	38743
all_dm6_minus_tracheal_sg	38745
all_dm6_minus_tracheal_sg	38746
all_dm6_minus_tracheal_sg	38747
all_dm6_minus_tracheal_sg	38748
all_dm6_minus_tracheal_sg	38749
all_dm6_minus_tracheal_sg	38750
all_dm6_minus_tracheal_sg	38751
all_dm6_minus_tracheal_sg	38753
all_dm6_minus_tracheal_sg	38754
all_dm6_minus_tracheal_sg	38755
all_dm6_minus_tracheal_sg	38757
all_dm6_minus_tracheal_sg	38758
all_dm6_minus_tracheal_sg	38761
all_dm6_minus_tracheal_sg	38762
all_dm6_minus_tracheal_sg	38763
all_dm6_minus_tracheal_sg	38764
all_dm6_minus_tracheal_sg	38765
all_dm6_minus_tracheal_sg	38766
all_dm6_minus_tracheal_sg	38768
all_dm6_minus_tracheal_sg	38769
all_dm6_minus_tracheal_sg	38771
all_dm6_minus_tracheal_sg	38772
all_dm6_minus_tracheal_sg	38773
all_dm6_minus_tracheal_sg	38774
all_dm6_minus_tracheal_sg	38775
all_dm6_minus_tracheal_sg	38779
all_dm6_minus_tracheal_sg	38780
all_dm6_minus_tracheal_sg	38781
all_dm6_minus_tracheal_sg	38782
all_dm6_minus_tracheal_sg	38783
all_dm6_minus_tracheal_sg	38784
all_dm6_minus_tracheal_sg	38785
all_dm6_minus_tracheal_sg	38786
all_dm6_minus_tracheal_sg	38788
all_dm6_minus_tracheal_sg	38791
all_dm6_minus_tracheal_sg	38792
all_dm6_minus_tracheal_sg	38793
all_dm6_minus_tracheal_sg	38794
all_dm6_minus_tracheal_sg	38795
all_dm6_minus_tracheal_sg	38796
all_dm6_minus_tracheal_sg	38797
all_dm6_minus_tracheal_sg	38798
all_dm6_minus_tracheal_sg	38799
all_dm6_minus_tracheal_sg	38801
all_dm6_minus_tracheal_sg	38805
all_dm6_minus_tracheal_sg	38806
all_dm6_minus_tracheal_sg	38808
all_dm6_minus_tracheal_sg	38809
all_dm6_minus_tracheal_sg	38811
all_dm6_minus_tracheal_sg	38812
all_dm6_minus_tracheal_sg	38813
all_dm6_minus_tracheal_sg	38814
all_dm6_minus_tracheal_sg	38816
all_dm6_minus_tracheal_sg	38817
all_dm6_minus_tracheal_sg	38818
all_dm6_minus_tracheal_sg	38821
all_dm6_minus_tracheal_sg	38823
all_dm6_minus_tracheal_sg	38825
all_dm6_minus_tracheal_sg	38826
all_dm6_minus_tracheal_sg	38828
all_dm6_minus_tracheal_sg	38829
all_dm6_minus_tracheal_sg	38832
all_dm6_minus_tracheal_sg	38833
all_dm6_minus_tracheal_sg	38835
all_dm6_minus_tracheal_sg	38836
all_dm6_minus_tracheal_sg	38837
all_dm6_minus_tracheal_sg	38838
all_dm6_minus_tracheal_sg	38839
all_dm6_minus_tracheal_sg	38840
all_dm6_minus_tracheal_sg	38841
all_dm6_minus_tracheal_sg	38842
all_dm6_minus_tracheal_sg	38843
all_dm6_minus_tracheal_sg	38844
all_dm6_minus_tracheal_sg	38846
all_dm6_minus_tracheal_sg	38847
all_dm6_minus_tracheal_sg	38848
all_dm6_minus_tracheal_sg	38849
all_dm6_minus_tracheal_sg	38850
all_dm6_minus_tracheal_sg	38851
all_dm6_minus_tracheal_sg	38852
all_dm6_minus_tracheal_sg	38857
all_dm6_minus_tracheal_sg	38858
all_dm6_minus_tracheal_sg	38859
all_dm6_minus_tracheal_sg	38864
all_dm6_minus_tracheal_sg	38865
all_dm6_minus_tracheal_sg	38866
all_dm6_minus_tracheal_sg	38868
all_dm6_minus_tracheal_sg	38869
all_dm6_minus_tracheal_sg	38870
all_dm6_minus_tracheal_sg	38871
all_dm6_minus_tracheal_sg	38872
all_dm6_minus_tracheal_sg	38873
all_dm6_minus_tracheal_sg	38878
all_dm6_minus_tracheal_sg	38879
all_dm6_minus_tracheal_sg	38880
all_dm6_minus_tracheal_sg	38881
all_dm6_minus_tracheal_sg	38884
all_dm6_minus_tracheal_sg	38885
all_dm6_minus_tracheal_sg	38886
all_dm6_minus_tracheal_sg	38887
all_dm6_minus_tracheal_sg	38888
all_dm6_minus_tracheal_sg	38889
all_dm6_minus_tracheal_sg	38891
all_dm6_minus_tracheal_sg	38893
all_dm6_minus_tracheal_sg	38897
all_dm6_minus_tracheal_sg	38900
all_dm6_minus_tracheal_sg	38901
all_dm6_minus_tracheal_sg	38904
all_dm6_minus_tracheal_sg	38907
all_dm6_minus_tracheal_sg	38909
all_dm6_minus_tracheal_sg	38910
all_dm6_minus_tracheal_sg	38911
all_dm6_minus_tracheal_sg	38912
all_dm6_minus_tracheal_sg	38913
all_dm6_minus_tracheal_sg	38914
all_dm6_minus_tracheal_sg	38915
all_dm6_minus_tracheal_sg	38916
all_dm6_minus_tracheal_sg	38917
all_dm6_minus_tracheal_sg	38918
all_dm6_minus_tracheal_sg	38919
all_dm6_minus_tracheal_sg	38920
all_dm6_minus_tracheal_sg	38921
all_dm6_minus_tracheal_sg	38923
all_dm6_minus_tracheal_sg	38924
all_dm6_minus_tracheal_sg	38928
all_dm6_minus_tracheal_sg	38929
all_dm6_minus_tracheal_sg	38930
all_dm6_minus_tracheal_sg	38931
all_dm6_minus_tracheal_sg	38932
all_dm6_minus_tracheal_sg	38933
all_dm6_minus_tracheal_sg	38934
all_dm6_minus_tracheal_sg	38935
all_dm6_minus_tracheal_sg	38936
all_dm6_minus_tracheal_sg	38938
all_dm6_minus_tracheal_sg	38940
all_dm6_minus_tracheal_sg	38941
all_dm6_minus_tracheal_sg	38942
all_dm6_minus_tracheal_sg	38943
all_dm6_minus_tracheal_sg	38944
all_dm6_minus_tracheal_sg	38945
all_dm6_minus_tracheal_sg	38946
all_dm6_minus_tracheal_sg	38952
all_dm6_minus_tracheal_sg	38953
all_dm6_minus_tracheal_sg	38954
all_dm6_minus_tracheal_sg	38955
all_dm6_minus_tracheal_sg	38956
all_dm6_minus_tracheal_sg	38957
all_dm6_minus_tracheal_sg	38958
all_dm6_minus_tracheal_sg	38959
all_dm6_minus_tracheal_sg	38961
all_dm6_minus_tracheal_sg	38964
all_dm6_minus_tracheal_sg	38966
all_dm6_minus_tracheal_sg	38968
all_dm6_minus_tracheal_sg	38969
all_dm6_minus_tracheal_sg	38970
all_dm6_minus_tracheal_sg	38971
all_dm6_minus_tracheal_sg	38972
all_dm6_minus_tracheal_sg	38973
all_dm6_minus_tracheal_sg	38974
all_dm6_minus_tracheal_sg	38975
all_dm6_minus_tracheal_sg	38979
all_dm6_minus_tracheal_sg	38981
all_dm6_minus_tracheal_sg	38982
all_dm6_minus_tracheal_sg	38983
all_dm6_minus_tracheal_sg	38984
all_dm6_minus_tracheal_sg	38985
all_dm6_minus_tracheal_sg	38987
all_dm6_minus_tracheal_sg	38988
all_dm6_minus_tracheal_sg	38992
all_dm6_minus_tracheal_sg	38993
all_dm6_minus_tracheal_sg	38994
all_dm6_minus_tracheal_sg	38997
all_dm6_minus_tracheal_sg	38999
all_dm6_minus_tracheal_sg	39000
all_dm6_minus_tracheal_sg	39001
all_dm6_minus_tracheal_sg	39002
all_dm6_minus_tracheal_sg	39003
all_dm6_minus_tracheal_sg	39005
all_dm6_minus_tracheal_sg	39007
all_dm6_minus_tracheal_sg	39008
all_dm6_minus_tracheal_sg	39010
all_dm6_minus_tracheal_sg	39011
all_dm6_minus_tracheal_sg	39012
all_dm6_minus_tracheal_sg	39013
all_dm6_minus_tracheal_sg	39014
all_dm6_minus_tracheal_sg	39015
all_dm6_minus_tracheal_sg	39016
all_dm6_minus_tracheal_sg	39018
all_dm6_minus_tracheal_sg	39020
all_dm6_minus_tracheal_sg	39022
all_dm6_minus_tracheal_sg	39023
all_dm6_minus_tracheal_sg	39024
all_dm6_minus_tracheal_sg	39026
all_dm6_minus_tracheal_sg	39027
all_dm6_minus_tracheal_sg	39029
all_dm6_minus_tracheal_sg	39030
all_dm6_minus_tracheal_sg	39031
all_dm6_minus_tracheal_sg	39032
all_dm6_minus_tracheal_sg	39033
all_dm6_minus_tracheal_sg	39034
all_dm6_minus_tracheal_sg	39035
all_dm6_minus_tracheal_sg	39036
all_dm6_minus_tracheal_sg	39037
all_dm6_minus_tracheal_sg	39039
all_dm6_minus_tracheal_sg	39040
all_dm6_minus_tracheal_sg	39043
all_dm6_minus_tracheal_sg	39044
all_dm6_minus_tracheal_sg	39048
all_dm6_minus_tracheal_sg	39050
all_dm6_minus_tracheal_sg	39051
all_dm6_minus_tracheal_sg	39052
all_dm6_minus_tracheal_sg	39054
all_dm6_minus_tracheal_sg	39056
all_dm6_minus_tracheal_sg	39057
all_dm6_minus_tracheal_sg	39058
all_dm6_minus_tracheal_sg	39062
all_dm6_minus_tracheal_sg	39063
all_dm6_minus_tracheal_sg	39064
all_dm6_minus_tracheal_sg	39065
all_dm6_minus_tracheal_sg	39066
all_dm6_minus_tracheal_sg	39067
all_dm6_minus_tracheal_sg	39068
all_dm6_minus_tracheal_sg	39069
all_dm6_minus_tracheal_sg	39070
all_dm6_minus_tracheal_sg	39071
all_dm6_minus_tracheal_sg	39074
all_dm6_minus_tracheal_sg	39075
all_dm6_minus_tracheal_sg	39076
all_dm6_minus_tracheal_sg	39079
all_dm6_minus_tracheal_sg	39081
all_dm6_minus_tracheal_sg	39082
all_dm6_minus_tracheal_sg	39084
all_dm6_minus_tracheal_sg	39085
all_dm6_minus_tracheal_sg	39088
all_dm6_minus_tracheal_sg	39089
all_dm6_minus_tracheal_sg	39090
all_dm6_minus_tracheal_sg	39091
all_dm6_minus_tracheal_sg	39092
all_dm6_minus_tracheal_sg	39093
all_dm6_minus_tracheal_sg	39094
all_dm6_minus_tracheal_sg	39095
all_dm6_minus_tracheal_sg	39096
all_dm6_minus_tracheal_sg	39097
all_dm6_minus_tracheal_sg	39098
all_dm6_minus_tracheal_sg	39102
all_dm6_minus_tracheal_sg	39103
all_dm6_minus_tracheal_sg	39104
all_dm6_minus_tracheal_sg	39105
all_dm6_minus_tracheal_sg	39108
all_dm6_minus_tracheal_sg	39109
all_dm6_minus_tracheal_sg	39110
all_dm6_minus_tracheal_sg	39114
all_dm6_minus_tracheal_sg	39115
all_dm6_minus_tracheal_sg	39116
all_dm6_minus_tracheal_sg	39118
all_dm6_minus_tracheal_sg	39119
all_dm6_minus_tracheal_sg	39120
all_dm6_minus_tracheal_sg	39121
all_dm6_minus_tracheal_sg	39122
all_dm6_minus_tracheal_sg	39123
all_dm6_minus_tracheal_sg	39124
all_dm6_minus_tracheal_sg	39125
all_dm6_minus_tracheal_sg	39127
all_dm6_minus_tracheal_sg	39129
all_dm6_minus_tracheal_sg	39131
all_dm6_minus_tracheal_sg	39132
all_dm6_minus_tracheal_sg	39133
all_dm6_minus_tracheal_sg	39134
all_dm6_minus_tracheal_sg	39135
all_dm6_minus_tracheal_sg	39136
all_dm6_minus_tracheal_sg	39137
all_dm6_minus_tracheal_sg	39138
all_dm6_minus_tracheal_sg	39139
all_dm6_minus_tracheal_sg	39141
all_dm6_minus_tracheal_sg	39142
all_dm6_minus_tracheal_sg	39143
all_dm6_minus_tracheal_sg	39144
all_dm6_minus_tracheal_sg	39147
all_dm6_minus_tracheal_sg	39148
all_dm6_minus_tracheal_sg	39153
all_dm6_minus_tracheal_sg	39156
all_dm6_minus_tracheal_sg	39157
all_dm6_minus_tracheal_sg	39158
all_dm6_minus_tracheal_sg	39159
all_dm6_minus_tracheal_sg	39160
all_dm6_minus_tracheal_sg	39164
all_dm6_minus_tracheal_sg	39165
all_dm6_minus_tracheal_sg	39166
all_dm6_minus_tracheal_sg	39167
all_dm6_minus_tracheal_sg	39169
all_dm6_minus_tracheal_sg	39172
all_dm6_minus_tracheal_sg	39173
all_dm6_minus_tracheal_sg	39174
all_dm6_minus_tracheal_sg	39175
all_dm6_minus_tracheal_sg	39177
all_dm6_minus_tracheal_sg	39178
all_dm6_minus_tracheal_sg	39179
all_dm6_minus_tracheal_sg	39180
all_dm6_minus_tracheal_sg	39181
all_dm6_minus_tracheal_sg	39183
all_dm6_minus_tracheal_sg	39186
all_dm6_minus_tracheal_sg	39188
all_dm6_minus_tracheal_sg	39189
all_dm6_minus_tracheal_sg	39191
all_dm6_minus_tracheal_sg	39193
all_dm6_minus_tracheal_sg	39194
all_dm6_minus_tracheal_sg	39195
all_dm6_minus_tracheal_sg	39196
all_dm6_minus_tracheal_sg	39197
all_dm6_minus_tracheal_sg	39201
all_dm6_minus_tracheal_sg	39202
all_dm6_minus_tracheal_sg	39203
all_dm6_minus_tracheal_sg	39205
all_dm6_minus_tracheal_sg	39207
all_dm6_minus_tracheal_sg	39208
all_dm6_minus_tracheal_sg	39210
all_dm6_minus_tracheal_sg	39212
all_dm6_minus_tracheal_sg	39213
all_dm6_minus_tracheal_sg	39214
all_dm6_minus_tracheal_sg	39216
all_dm6_minus_tracheal_sg	39219
all_dm6_minus_tracheal_sg	39220
all_dm6_minus_tracheal_sg	39221
all_dm6_minus_tracheal_sg	39222
all_dm6_minus_tracheal_sg	39223
all_dm6_minus_tracheal_sg	39224
all_dm6_minus_tracheal_sg	39225
all_dm6_minus_tracheal_sg	39226
all_dm6_minus_tracheal_sg	39227
all_dm6_minus_tracheal_sg	39230
all_dm6_minus_tracheal_sg	39234
all_dm6_minus_tracheal_sg	39238
all_dm6_minus_tracheal_sg	39240
all_dm6_minus_tracheal_sg	39241
all_dm6_minus_tracheal_sg	39242
all_dm6_minus_tracheal_sg	39243
all_dm6_minus_tracheal_sg	39244
all_dm6_minus_tracheal_sg	39245
all_dm6_minus_tracheal_sg	39246
all_dm6_minus_tracheal_sg	39250
all_dm6_minus_tracheal_sg	39251
all_dm6_minus_tracheal_sg	39252
all_dm6_minus_tracheal_sg	39253
all_dm6_minus_tracheal_sg	39254
all_dm6_minus_tracheal_sg	39255
all_dm6_minus_tracheal_sg	39256
all_dm6_minus_tracheal_sg	39257
all_dm6_minus_tracheal_sg	39258
all_dm6_minus_tracheal_sg	39259
all_dm6_minus_tracheal_sg	39260
all_dm6_minus_tracheal_sg	39261
all_dm6_minus_tracheal_sg	39263
all_dm6_minus_tracheal_sg	39264
all_dm6_minus_tracheal_sg	39266
all_dm6_minus_tracheal_sg	39267
all_dm6_minus_tracheal_sg	39268
all_dm6_minus_tracheal_sg	39269
all_dm6_minus_tracheal_sg	39272
all_dm6_minus_tracheal_sg	39273
all_dm6_minus_tracheal_sg	39274
all_dm6_minus_tracheal_sg	39275
all_dm6_minus_tracheal_sg	39276
all_dm6_minus_tracheal_sg	39277
all_dm6_minus_tracheal_sg	39278
all_dm6_minus_tracheal_sg	39279
all_dm6_minus_tracheal_sg	39280
all_dm6_minus_tracheal_sg	39281
all_dm6_minus_tracheal_sg	39282
all_dm6_minus_tracheal_sg	39285
all_dm6_minus_tracheal_sg	39288
all_dm6_minus_tracheal_sg	39289
all_dm6_minus_tracheal_sg	39294
all_dm6_minus_tracheal_sg	39300
all_dm6_minus_tracheal_sg	39301
all_dm6_minus_tracheal_sg	39302
all_dm6_minus_tracheal_sg	39304
all_dm6_minus_tracheal_sg	39305
all_dm6_minus_tracheal_sg	39306
all_dm6_minus_tracheal_sg	39307
all_dm6_minus_tracheal_sg	39308
all_dm6_minus_tracheal_sg	39309
all_dm6_minus_tracheal_sg	39310
all_dm6_minus_tracheal_sg	39311
all_dm6_minus_tracheal_sg	39313
all_dm6_minus_tracheal_sg	39315
all_dm6_minus_tracheal_sg	39316
all_dm6_minus_tracheal_sg	39317
all_dm6_minus_tracheal_sg	39318
all_dm6_minus_tracheal_sg	39319
all_dm6_minus_tracheal_sg	39320
all_dm6_minus_tracheal_sg	39322
all_dm6_minus_tracheal_sg	39323
all_dm6_minus_tracheal_sg	39324
all_dm6_minus_tracheal_sg	39326
all_dm6_minus_tracheal_sg	39327
all_dm6_minus_tracheal_sg	39328
all_dm6_minus_tracheal_sg	39329
all_dm6_minus_tracheal_sg	39330
all_dm6_minus_tracheal_sg	39331
all_dm6_minus_tracheal_sg	39332
all_dm6_minus_tracheal_sg	39333
all_dm6_minus_tracheal_sg	39334
all_dm6_minus_tracheal_sg	39335
all_dm6_minus_tracheal_sg	39337
all_dm6_minus_tracheal_sg	39338
all_dm6_minus_tracheal_sg	39339
all_dm6_minus_tracheal_sg	39340
all_dm6_minus_tracheal_sg	39343
all_dm6_minus_tracheal_sg	39344
all_dm6_minus_tracheal_sg	39345
all_dm6_minus_tracheal_sg	39346
all_dm6_minus_tracheal_sg	39347
all_dm6_minus_tracheal_sg	39348
all_dm6_minus_tracheal_sg	39349
all_dm6_minus_tracheal_sg	39351
all_dm6_minus_tracheal_sg	39352
all_dm6_minus_tracheal_sg	39353
all_dm6_minus_tracheal_sg	39354
all_dm6_minus_tracheal_sg	39355
all_dm6_minus_tracheal_sg	39356
all_dm6_minus_tracheal_sg	39357
all_dm6_minus_tracheal_sg	39359
all_dm6_minus_tracheal_sg	39360
all_dm6_minus_tracheal_sg	39362
all_dm6_minus_tracheal_sg	39363
all_dm6_minus_tracheal_sg	39364
all_dm6_minus_tracheal_sg	39365
all_dm6_minus_tracheal_sg	39366
all_dm6_minus_tracheal_sg	39369
all_dm6_minus_tracheal_sg	39373
all_dm6_minus_tracheal_sg	39374
all_dm6_minus_tracheal_sg	39375
all_dm6_minus_tracheal_sg	39376
all_dm6_minus_tracheal_sg	39378
all_dm6_minus_tracheal_sg	39381
all_dm6_minus_tracheal_sg	39383
all_dm6_minus_tracheal_sg	39385
all_dm6_minus_tracheal_sg	39389
all_dm6_minus_tracheal_sg	39390
all_dm6_minus_tracheal_sg	39391
all_dm6_minus_tracheal_sg	39392
all_dm6_minus_tracheal_sg	39393
all_dm6_minus_tracheal_sg	39394
all_dm6_minus_tracheal_sg	39395
all_dm6_minus_tracheal_sg	39396
all_dm6_minus_tracheal_sg	39397
all_dm6_minus_tracheal_sg	39399
all_dm6_minus_tracheal_sg	39400
all_dm6_minus_tracheal_sg	39404
all_dm6_minus_tracheal_sg	39405
all_dm6_minus_tracheal_sg	39406
all_dm6_minus_tracheal_sg	39408
all_dm6_minus_tracheal_sg	39410
all_dm6_minus_tracheal_sg	39411
all_dm6_minus_tracheal_sg	39413
all_dm6_minus_tracheal_sg	39414
all_dm6_minus_tracheal_sg	39415
all_dm6_minus_tracheal_sg	39417
all_dm6_minus_tracheal_sg	39420
all_dm6_minus_tracheal_sg	39421
all_dm6_minus_tracheal_sg	39422
all_dm6_minus_tracheal_sg	39424
all_dm6_minus_tracheal_sg	39425
all_dm6_minus_tracheal_sg	39426
all_dm6_minus_tracheal_sg	39428
all_dm6_minus_tracheal_sg	39431
all_dm6_minus_tracheal_sg	39432
all_dm6_minus_tracheal_sg	39433
all_dm6_minus_tracheal_sg	39437
all_dm6_minus_tracheal_sg	39438
all_dm6_minus_tracheal_sg	39443
all_dm6_minus_tracheal_sg	39444
all_dm6_minus_tracheal_sg	39445
all_dm6_minus_tracheal_sg	39446
all_dm6_minus_tracheal_sg	39447
all_dm6_minus_tracheal_sg	39448
all_dm6_minus_tracheal_sg	39450
all_dm6_minus_tracheal_sg	39451
all_dm6_minus_tracheal_sg	39452
all_dm6_minus_tracheal_sg	39455
all_dm6_minus_tracheal_sg	39456
all_dm6_minus_tracheal_sg	39457
all_dm6_minus_tracheal_sg	39459
all_dm6_minus_tracheal_sg	39461
all_dm6_minus_tracheal_sg	39462
all_dm6_minus_tracheal_sg	39463
all_dm6_minus_tracheal_sg	39464
all_dm6_minus_tracheal_sg	39466
all_dm6_minus_tracheal_sg	39467
all_dm6_minus_tracheal_sg	39469
all_dm6_minus_tracheal_sg	39470
all_dm6_minus_tracheal_sg	39471
all_dm6_minus_tracheal_sg	39472
all_dm6_minus_tracheal_sg	39473
all_dm6_minus_tracheal_sg	39474
all_dm6_minus_tracheal_sg	39475
all_dm6_minus_tracheal_sg	39477
all_dm6_minus_tracheal_sg	39478
all_dm6_minus_tracheal_sg	39479
all_dm6_minus_tracheal_sg	39481
all_dm6_minus_tracheal_sg	39483
all_dm6_minus_tracheal_sg	39484
all_dm6_minus_tracheal_sg	39485
all_dm6_minus_tracheal_sg	39486
all_dm6_minus_tracheal_sg	39487
all_dm6_minus_tracheal_sg	39489
all_dm6_minus_tracheal_sg	39490
all_dm6_minus_tracheal_sg	39492
all_dm6_minus_tracheal_sg	39494
all_dm6_minus_tracheal_sg	39495
all_dm6_minus_tracheal_sg	39496
all_dm6_minus_tracheal_sg	39497
all_dm6_minus_tracheal_sg	39498
all_dm6_minus_tracheal_sg	39500
all_dm6_minus_tracheal_sg	39501
all_dm6_minus_tracheal_sg	39502
all_dm6_minus_tracheal_sg	39504
all_dm6_minus_tracheal_sg	39505
all_dm6_minus_tracheal_sg	39506
all_dm6_minus_tracheal_sg	39507
all_dm6_minus_tracheal_sg	39508
all_dm6_minus_tracheal_sg	39509
all_dm6_minus_tracheal_sg	39510
all_dm6_minus_tracheal_sg	39511
all_dm6_minus_tracheal_sg	39513
all_dm6_minus_tracheal_sg	39514
all_dm6_minus_tracheal_sg	39515
all_dm6_minus_tracheal_sg	39516
all_dm6_minus_tracheal_sg	39517
all_dm6_minus_tracheal_sg	39518
all_dm6_minus_tracheal_sg	39520
all_dm6_minus_tracheal_sg	39521
all_dm6_minus_tracheal_sg	39522
all_dm6_minus_tracheal_sg	39523
all_dm6_minus_tracheal_sg	39524
all_dm6_minus_tracheal_sg	39525
all_dm6_minus_tracheal_sg	39528
all_dm6_minus_tracheal_sg	39529
all_dm6_minus_tracheal_sg	39530
all_dm6_minus_tracheal_sg	39531
all_dm6_minus_tracheal_sg	39533
all_dm6_minus_tracheal_sg	39535
all_dm6_minus_tracheal_sg	39536
all_dm6_minus_tracheal_sg	39539
all_dm6_minus_tracheal_sg	39540
all_dm6_minus_tracheal_sg	39541
all_dm6_minus_tracheal_sg	39542
all_dm6_minus_tracheal_sg	39543
all_dm6_minus_tracheal_sg	39545
all_dm6_minus_tracheal_sg	39546
all_dm6_minus_tracheal_sg	39547
all_dm6_minus_tracheal_sg	39548
all_dm6_minus_tracheal_sg	39549
all_dm6_minus_tracheal_sg	39550
all_dm6_minus_tracheal_sg	39551
all_dm6_minus_tracheal_sg	39552
all_dm6_minus_tracheal_sg	39555
all_dm6_minus_tracheal_sg	39556
all_dm6_minus_tracheal_sg	39558
all_dm6_minus_tracheal_sg	39559
all_dm6_minus_tracheal_sg	39560
all_dm6_minus_tracheal_sg	39565
all_dm6_minus_tracheal_sg	39566
all_dm6_minus_tracheal_sg	39567
all_dm6_minus_tracheal_sg	39569
all_dm6_minus_tracheal_sg	39571
all_dm6_minus_tracheal_sg	39573
all_dm6_minus_tracheal_sg	39574
all_dm6_minus_tracheal_sg	39575
all_dm6_minus_tracheal_sg	39577
all_dm6_minus_tracheal_sg	39579
all_dm6_minus_tracheal_sg	39580
all_dm6_minus_tracheal_sg	39581
all_dm6_minus_tracheal_sg	39582
all_dm6_minus_tracheal_sg	39585
all_dm6_minus_tracheal_sg	39586
all_dm6_minus_tracheal_sg	39587
all_dm6_minus_tracheal_sg	39592
all_dm6_minus_tracheal_sg	39594
all_dm6_minus_tracheal_sg	39598
all_dm6_minus_tracheal_sg	39599
all_dm6_minus_tracheal_sg	39600
all_dm6_minus_tracheal_sg	39601
all_dm6_minus_tracheal_sg	39602
all_dm6_minus_tracheal_sg	39603
all_dm6_minus_tracheal_sg	39604
all_dm6_minus_tracheal_sg	39608
all_dm6_minus_tracheal_sg	39609
all_dm6_minus_tracheal_sg	39610
all_dm6_minus_tracheal_sg	39612
all_dm6_minus_tracheal_sg	39613
all_dm6_minus_tracheal_sg	39615
all_dm6_minus_tracheal_sg	39616
all_dm6_minus_tracheal_sg	39617
all_dm6_minus_tracheal_sg	39626
all_dm6_minus_tracheal_sg	39627
all_dm6_minus_tracheal_sg	39628
all_dm6_minus_tracheal_sg	39630
all_dm6_minus_tracheal_sg	39634
all_dm6_minus_tracheal_sg	39635
all_dm6_minus_tracheal_sg	39636
all_dm6_minus_tracheal_sg	39638
all_dm6_minus_tracheal_sg	39641
all_dm6_minus_tracheal_sg	39643
all_dm6_minus_tracheal_sg	39644
all_dm6_minus_tracheal_sg	39645
all_dm6_minus_tracheal_sg	39646
all_dm6_minus_tracheal_sg	39647
all_dm6_minus_tracheal_sg	39649
all_dm6_minus_tracheal_sg	39650
all_dm6_minus_tracheal_sg	39652
all_dm6_minus_tracheal_sg	39653
all_dm6_minus_tracheal_sg	39654
all_dm6_minus_tracheal_sg	39655
all_dm6_minus_tracheal_sg	39657
all_dm6_minus_tracheal_sg	39658
all_dm6_minus_tracheal_sg	39659
all_dm6_minus_tracheal_sg	39660
all_dm6_minus_tracheal_sg	39661
all_dm6_minus_tracheal_sg	39662
all_dm6_minus_tracheal_sg	39665
all_dm6_minus_tracheal_sg	39666
all_dm6_minus_tracheal_sg	39667
all_dm6_minus_tracheal_sg	39668
all_dm6_minus_tracheal_sg	39669
all_dm6_minus_tracheal_sg	39670
all_dm6_minus_tracheal_sg	39671
all_dm6_minus_tracheal_sg	39673
all_dm6_minus_tracheal_sg	39675
all_dm6_minus_tracheal_sg	39677
all_dm6_minus_tracheal_sg	39678
all_dm6_minus_tracheal_sg	39679
all_dm6_minus_tracheal_sg	39681
all_dm6_minus_tracheal_sg	39683
all_dm6_minus_tracheal_sg	39684
all_dm6_minus_tracheal_sg	39685
all_dm6_minus_tracheal_sg	39686
all_dm6_minus_tracheal_sg	39688
all_dm6_minus_tracheal_sg	39689
all_dm6_minus_tracheal_sg	39690
all_dm6_minus_tracheal_sg	39691
all_dm6_minus_tracheal_sg	39693
all_dm6_minus_tracheal_sg	39694
all_dm6_minus_tracheal_sg	39695
all_dm6_minus_tracheal_sg	39696
all_dm6_minus_tracheal_sg	39700
all_dm6_minus_tracheal_sg	39701
all_dm6_minus_tracheal_sg	39703
all_dm6_minus_tracheal_sg	39704
all_dm6_minus_tracheal_sg	39706
all_dm6_minus_tracheal_sg	39707
all_dm6_minus_tracheal_sg	39708
all_dm6_minus_tracheal_sg	39709
all_dm6_minus_tracheal_sg	39710
all_dm6_minus_tracheal_sg	39711
all_dm6_minus_tracheal_sg	39712
all_dm6_minus_tracheal_sg	39713
all_dm6_minus_tracheal_sg	39714
all_dm6_minus_tracheal_sg	39715
all_dm6_minus_tracheal_sg	39716
all_dm6_minus_tracheal_sg	39719
all_dm6_minus_tracheal_sg	39721
all_dm6_minus_tracheal_sg	39722
all_dm6_minus_tracheal_sg	39724
all_dm6_minus_tracheal_sg	39725
all_dm6_minus_tracheal_sg	39726
all_dm6_minus_tracheal_sg	39727
all_dm6_minus_tracheal_sg	39730
all_dm6_minus_tracheal_sg	39732
all_dm6_minus_tracheal_sg	39733
all_dm6_minus_tracheal_sg	39734
all_dm6_minus_tracheal_sg	39735
all_dm6_minus_tracheal_sg	39737
all_dm6_minus_tracheal_sg	39738
all_dm6_minus_tracheal_sg	39739
all_dm6_minus_tracheal_sg	39740
all_dm6_minus_tracheal_sg	39741
all_dm6_minus_tracheal_sg	39742
all_dm6_minus_tracheal_sg	39744
all_dm6_minus_tracheal_sg	39745
all_dm6_minus_tracheal_sg	39746
all_dm6_minus_tracheal_sg	39747
all_dm6_minus_tracheal_sg	39748
all_dm6_minus_tracheal_sg	39749
all_dm6_minus_tracheal_sg	39750
all_dm6_minus_tracheal_sg	39751
all_dm6_minus_tracheal_sg	39752
all_dm6_minus_tracheal_sg	39753
all_dm6_minus_tracheal_sg	39756
all_dm6_minus_tracheal_sg	39757
all_dm6_minus_tracheal_sg	39758
all_dm6_minus_tracheal_sg	39759
all_dm6_minus_tracheal_sg	39760
all_dm6_minus_tracheal_sg	39761
all_dm6_minus_tracheal_sg	39762
all_dm6_minus_tracheal_sg	39763
all_dm6_minus_tracheal_sg	39764
all_dm6_minus_tracheal_sg	39765
all_dm6_minus_tracheal_sg	39766
all_dm6_minus_tracheal_sg	39769
all_dm6_minus_tracheal_sg	39770
all_dm6_minus_tracheal_sg	39771
all_dm6_minus_tracheal_sg	39772
all_dm6_minus_tracheal_sg	39773
all_dm6_minus_tracheal_sg	39774
all_dm6_minus_tracheal_sg	39775
all_dm6_minus_tracheal_sg	39777
all_dm6_minus_tracheal_sg	39778
all_dm6_minus_tracheal_sg	39779
all_dm6_minus_tracheal_sg	39780
all_dm6_minus_tracheal_sg	39781
all_dm6_minus_tracheal_sg	39782
all_dm6_minus_tracheal_sg	39783
all_dm6_minus_tracheal_sg	39784
all_dm6_minus_tracheal_sg	39786
all_dm6_minus_tracheal_sg	39787
all_dm6_minus_tracheal_sg	39789
all_dm6_minus_tracheal_sg	39790
all_dm6_minus_tracheal_sg	39792
all_dm6_minus_tracheal_sg	39793
all_dm6_minus_tracheal_sg	39794
all_dm6_minus_tracheal_sg	39795
all_dm6_minus_tracheal_sg	39796
all_dm6_minus_tracheal_sg	39797
all_dm6_minus_tracheal_sg	39798
all_dm6_minus_tracheal_sg	39799
all_dm6_minus_tracheal_sg	39801
all_dm6_minus_tracheal_sg	39802
all_dm6_minus_tracheal_sg	39803
all_dm6_minus_tracheal_sg	39804
all_dm6_minus_tracheal_sg	39805
all_dm6_minus_tracheal_sg	39806
all_dm6_minus_tracheal_sg	39807
all_dm6_minus_tracheal_sg	39808
all_dm6_minus_tracheal_sg	39810
all_dm6_minus_tracheal_sg	39811
all_dm6_minus_tracheal_sg	39812
all_dm6_minus_tracheal_sg	39813
all_dm6_minus_tracheal_sg	39814
all_dm6_minus_tracheal_sg	39815
all_dm6_minus_tracheal_sg	39816
all_dm6_minus_tracheal_sg	39817
all_dm6_minus_tracheal_sg	39819
all_dm6_minus_tracheal_sg	39821
all_dm6_minus_tracheal_sg	39824
all_dm6_minus_tracheal_sg	39825
all_dm6_minus_tracheal_sg	39827
all_dm6_minus_tracheal_sg	39828
all_dm6_minus_tracheal_sg	39829
all_dm6_minus_tracheal_sg	39834
all_dm6_minus_tracheal_sg	39835
all_dm6_minus_tracheal_sg	39836
all_dm6_minus_tracheal_sg	39839
all_dm6_minus_tracheal_sg	39840
all_dm6_minus_tracheal_sg	39842
all_dm6_minus_tracheal_sg	39844
all_dm6_minus_tracheal_sg	39845
all_dm6_minus_tracheal_sg	39847
all_dm6_minus_tracheal_sg	39849
all_dm6_minus_tracheal_sg	39850
all_dm6_minus_tracheal_sg	39854
all_dm6_minus_tracheal_sg	39855
all_dm6_minus_tracheal_sg	39856
all_dm6_minus_tracheal_sg	39857
all_dm6_minus_tracheal_sg	39858
all_dm6_minus_tracheal_sg	39860
all_dm6_minus_tracheal_sg	39861
all_dm6_minus_tracheal_sg	39863
all_dm6_minus_tracheal_sg	39864
all_dm6_minus_tracheal_sg	39865
all_dm6_minus_tracheal_sg	39866
all_dm6_minus_tracheal_sg	39867
all_dm6_minus_tracheal_sg	39868
all_dm6_minus_tracheal_sg	39869
all_dm6_minus_tracheal_sg	39870
all_dm6_minus_tracheal_sg	39871
all_dm6_minus_tracheal_sg	39872
all_dm6_minus_tracheal_sg	39874
all_dm6_minus_tracheal_sg	39877
all_dm6_minus_tracheal_sg	39879
all_dm6_minus_tracheal_sg	39880
all_dm6_minus_tracheal_sg	39881
all_dm6_minus_tracheal_sg	39882
all_dm6_minus_tracheal_sg	39883
all_dm6_minus_tracheal_sg	39884
all_dm6_minus_tracheal_sg	39885
all_dm6_minus_tracheal_sg	39886
all_dm6_minus_tracheal_sg	39887
all_dm6_minus_tracheal_sg	39888
all_dm6_minus_tracheal_sg	39894
all_dm6_minus_tracheal_sg	39896
all_dm6_minus_tracheal_sg	39900
all_dm6_minus_tracheal_sg	39902
all_dm6_minus_tracheal_sg	39903
all_dm6_minus_tracheal_sg	39904
all_dm6_minus_tracheal_sg	39905
all_dm6_minus_tracheal_sg	39906
all_dm6_minus_tracheal_sg	39907
all_dm6_minus_tracheal_sg	39908
all_dm6_minus_tracheal_sg	39910
all_dm6_minus_tracheal_sg	39914
all_dm6_minus_tracheal_sg	39915
all_dm6_minus_tracheal_sg	39917
all_dm6_minus_tracheal_sg	39919
all_dm6_minus_tracheal_sg	39922
all_dm6_minus_tracheal_sg	39923
all_dm6_minus_tracheal_sg	39924
all_dm6_minus_tracheal_sg	39925
all_dm6_minus_tracheal_sg	39926
all_dm6_minus_tracheal_sg	39927
all_dm6_minus_tracheal_sg	39928
all_dm6_minus_tracheal_sg	39929
all_dm6_minus_tracheal_sg	39930
all_dm6_minus_tracheal_sg	39931
all_dm6_minus_tracheal_sg	39932
all_dm6_minus_tracheal_sg	39933
all_dm6_minus_tracheal_sg	39934
all_dm6_minus_tracheal_sg	39937
all_dm6_minus_tracheal_sg	39938
all_dm6_minus_tracheal_sg	39940
all_dm6_minus_tracheal_sg	39941
all_dm6_minus_tracheal_sg	39943
all_dm6_minus_tracheal_sg	39944
all_dm6_minus_tracheal_sg	39945
all_dm6_minus_tracheal_sg	39948
all_dm6_minus_tracheal_sg	39949
all_dm6_minus_tracheal_sg	39950
all_dm6_minus_tracheal_sg	39951
all_dm6_minus_tracheal_sg	39952
all_dm6_minus_tracheal_sg	39953
all_dm6_minus_tracheal_sg	39955
all_dm6_minus_tracheal_sg	39956
all_dm6_minus_tracheal_sg	39957
all_dm6_minus_tracheal_sg	39958
all_dm6_minus_tracheal_sg	39959
all_dm6_minus_tracheal_sg	39960
all_dm6_minus_tracheal_sg	39962
all_dm6_minus_tracheal_sg	39964
all_dm6_minus_tracheal_sg	39965
all_dm6_minus_tracheal_sg	39966
all_dm6_minus_tracheal_sg	39969
all_dm6_minus_tracheal_sg	39970
all_dm6_minus_tracheal_sg	39971
all_dm6_minus_tracheal_sg	39972
all_dm6_minus_tracheal_sg	39973
all_dm6_minus_tracheal_sg	39974
all_dm6_minus_tracheal_sg	39975
all_dm6_minus_tracheal_sg	39977
all_dm6_minus_tracheal_sg	39979
all_dm6_minus_tracheal_sg	39980
all_dm6_minus_tracheal_sg	39981
all_dm6_minus_tracheal_sg	39982
all_dm6_minus_tracheal_sg	39983
all_dm6_minus_tracheal_sg	39984
all_dm6_minus_tracheal_sg	39985
all_dm6_minus_tracheal_sg	39986
all_dm6_minus_tracheal_sg	39987
all_dm6_minus_tracheal_sg	39989
all_dm6_minus_tracheal_sg	39990
all_dm6_minus_tracheal_sg	39991
all_dm6_minus_tracheal_sg	39992
all_dm6_minus_tracheal_sg	39993
all_dm6_minus_tracheal_sg	39994
all_dm6_minus_tracheal_sg	39996
all_dm6_minus_tracheal_sg	39997
all_dm6_minus_tracheal_sg	39998
all_dm6_minus_tracheal_sg	40002
all_dm6_minus_tracheal_sg	40003
all_dm6_minus_tracheal_sg	40004
all_dm6_minus_tracheal_sg	40005
all_dm6_minus_tracheal_sg	40007
all_dm6_minus_tracheal_sg	40008
all_dm6_minus_tracheal_sg	40010
all_dm6_minus_tracheal_sg	40011
all_dm6_minus_tracheal_sg	40012
all_dm6_minus_tracheal_sg	40013
all_dm6_minus_tracheal_sg	40014
all_dm6_minus_tracheal_sg	40015
all_dm6_minus_tracheal_sg	40016
all_dm6_minus_tracheal_sg	40019
all_dm6_minus_tracheal_sg	40020
all_dm6_minus_tracheal_sg	40021
all_dm6_minus_tracheal_sg	40023
all_dm6_minus_tracheal_sg	40024
all_dm6_minus_tracheal_sg	40025
all_dm6_minus_tracheal_sg	40026
all_dm6_minus_tracheal_sg	40028
all_dm6_minus_tracheal_sg	40029
all_dm6_minus_tracheal_sg	40030
all_dm6_minus_tracheal_sg	40031
all_dm6_minus_tracheal_sg	40032
all_dm6_minus_tracheal_sg	40033
all_dm6_minus_tracheal_sg	40034
all_dm6_minus_tracheal_sg	40035
all_dm6_minus_tracheal_sg	40036
all_dm6_minus_tracheal_sg	40037
all_dm6_minus_tracheal_sg	40038
all_dm6_minus_tracheal_sg	40039
all_dm6_minus_tracheal_sg	40040
all_dm6_minus_tracheal_sg	40041
all_dm6_minus_tracheal_sg	40042
all_dm6_minus_tracheal_sg	40043
all_dm6_minus_tracheal_sg	40044
all_dm6_minus_tracheal_sg	40047
all_dm6_minus_tracheal_sg	40048
all_dm6_minus_tracheal_sg	40049
all_dm6_minus_tracheal_sg	40050
all_dm6_minus_tracheal_sg	40051
all_dm6_minus_tracheal_sg	40053
all_dm6_minus_tracheal_sg	40054
all_dm6_minus_tracheal_sg	40055
all_dm6_minus_tracheal_sg	40057
all_dm6_minus_tracheal_sg	40060
all_dm6_minus_tracheal_sg	40061
all_dm6_minus_tracheal_sg	40062
all_dm6_minus_tracheal_sg	40063
all_dm6_minus_tracheal_sg	40064
all_dm6_minus_tracheal_sg	40065
all_dm6_minus_tracheal_sg	40066
all_dm6_minus_tracheal_sg	40067
all_dm6_minus_tracheal_sg	40068
all_dm6_minus_tracheal_sg	40069
all_dm6_minus_tracheal_sg	40070
all_dm6_minus_tracheal_sg	40071
all_dm6_minus_tracheal_sg	40072
all_dm6_minus_tracheal_sg	40073
all_dm6_minus_tracheal_sg	40074
all_dm6_minus_tracheal_sg	40075
all_dm6_minus_tracheal_sg	40078
all_dm6_minus_tracheal_sg	40079
all_dm6_minus_tracheal_sg	40080
all_dm6_minus_tracheal_sg	40083
all_dm6_minus_tracheal_sg	40084
all_dm6_minus_tracheal_sg	40085
all_dm6_minus_tracheal_sg	40086
all_dm6_minus_tracheal_sg	40087
all_dm6_minus_tracheal_sg	40088
all_dm6_minus_tracheal_sg	40091
all_dm6_minus_tracheal_sg	40092
all_dm6_minus_tracheal_sg	40093
all_dm6_minus_tracheal_sg	40094
all_dm6_minus_tracheal_sg	40096
all_dm6_minus_tracheal_sg	40098
all_dm6_minus_tracheal_sg	40099
all_dm6_minus_tracheal_sg	40100
all_dm6_minus_tracheal_sg	40101
all_dm6_minus_tracheal_sg	40102
all_dm6_minus_tracheal_sg	40105
all_dm6_minus_tracheal_sg	40109
all_dm6_minus_tracheal_sg	40111
all_dm6_minus_tracheal_sg	40112
all_dm6_minus_tracheal_sg	40113
all_dm6_minus_tracheal_sg	40114
all_dm6_minus_tracheal_sg	40115
all_dm6_minus_tracheal_sg	40116
all_dm6_minus_tracheal_sg	40118
all_dm6_minus_tracheal_sg	40119
all_dm6_minus_tracheal_sg	40120
all_dm6_minus_tracheal_sg	40121
all_dm6_minus_tracheal_sg	40122
all_dm6_minus_tracheal_sg	40123
all_dm6_minus_tracheal_sg	40124
all_dm6_minus_tracheal_sg	40126
all_dm6_minus_tracheal_sg	40127
all_dm6_minus_tracheal_sg	40129
all_dm6_minus_tracheal_sg	40130
all_dm6_minus_tracheal_sg	40131
all_dm6_minus_tracheal_sg	40132
all_dm6_minus_tracheal_sg	40133
all_dm6_minus_tracheal_sg	40134
all_dm6_minus_tracheal_sg	40135
all_dm6_minus_tracheal_sg	40136
all_dm6_minus_tracheal_sg	40138
all_dm6_minus_tracheal_sg	40139
all_dm6_minus_tracheal_sg	40140
all_dm6_minus_tracheal_sg	40141
all_dm6_minus_tracheal_sg	40142
all_dm6_minus_tracheal_sg	40144
all_dm6_minus_tracheal_sg	40145
all_dm6_minus_tracheal_sg	40146
all_dm6_minus_tracheal_sg	40147
all_dm6_minus_tracheal_sg	40148
all_dm6_minus_tracheal_sg	40152
all_dm6_minus_tracheal_sg	40154
all_dm6_minus_tracheal_sg	40155
all_dm6_minus_tracheal_sg	40156
all_dm6_minus_tracheal_sg	40157
all_dm6_minus_tracheal_sg	40158
all_dm6_minus_tracheal_sg	40159
all_dm6_minus_tracheal_sg	40160
all_dm6_minus_tracheal_sg	40162
all_dm6_minus_tracheal_sg	40163
all_dm6_minus_tracheal_sg	40164
all_dm6_minus_tracheal_sg	40165
all_dm6_minus_tracheal_sg	40168
all_dm6_minus_tracheal_sg	40169
all_dm6_minus_tracheal_sg	40170
all_dm6_minus_tracheal_sg	40172
all_dm6_minus_tracheal_sg	40173
all_dm6_minus_tracheal_sg	40174
all_dm6_minus_tracheal_sg	40178
all_dm6_minus_tracheal_sg	40180
all_dm6_minus_tracheal_sg	40181
all_dm6_minus_tracheal_sg	40182
all_dm6_minus_tracheal_sg	40183
all_dm6_minus_tracheal_sg	40184
all_dm6_minus_tracheal_sg	40185
all_dm6_minus_tracheal_sg	40186
all_dm6_minus_tracheal_sg	40187
all_dm6_minus_tracheal_sg	40188
all_dm6_minus_tracheal_sg	40190
all_dm6_minus_tracheal_sg	40191
all_dm6_minus_tracheal_sg	40192
all_dm6_minus_tracheal_sg	40193
all_dm6_minus_tracheal_sg	40195
all_dm6_minus_tracheal_sg	40196
all_dm6_minus_tracheal_sg	40197
all_dm6_minus_tracheal_sg	40198
all_dm6_minus_tracheal_sg	40199
all_dm6_minus_tracheal_sg	40200
all_dm6_minus_tracheal_sg	40201
all_dm6_minus_tracheal_sg	40202
all_dm6_minus_tracheal_sg	40203
all_dm6_minus_tracheal_sg	40204
all_dm6_minus_tracheal_sg	40205
all_dm6_minus_tracheal_sg	40207
all_dm6_minus_tracheal_sg	40209
all_dm6_minus_tracheal_sg	40210
all_dm6_minus_tracheal_sg	40211
all_dm6_minus_tracheal_sg	40212
all_dm6_minus_tracheal_sg	40213
all_dm6_minus_tracheal_sg	40214
all_dm6_minus_tracheal_sg	40215
all_dm6_minus_tracheal_sg	40216
all_dm6_minus_tracheal_sg	40217
all_dm6_minus_tracheal_sg	40218
all_dm6_minus_tracheal_sg	40220
all_dm6_minus_tracheal_sg	40221
all_dm6_minus_tracheal_sg	40222
all_dm6_minus_tracheal_sg	40224
all_dm6_minus_tracheal_sg	40225
all_dm6_minus_tracheal_sg	40226
all_dm6_minus_tracheal_sg	40228
all_dm6_minus_tracheal_sg	40229
all_dm6_minus_tracheal_sg	40231
all_dm6_minus_tracheal_sg	40233
all_dm6_minus_tracheal_sg	40234
all_dm6_minus_tracheal_sg	40235
all_dm6_minus_tracheal_sg	40236
all_dm6_minus_tracheal_sg	40239
all_dm6_minus_tracheal_sg	40242
all_dm6_minus_tracheal_sg	40243
all_dm6_minus_tracheal_sg	40246
all_dm6_minus_tracheal_sg	40247
all_dm6_minus_tracheal_sg	40248
all_dm6_minus_tracheal_sg	40249
all_dm6_minus_tracheal_sg	40250
all_dm6_minus_tracheal_sg	40252
all_dm6_minus_tracheal_sg	40254
all_dm6_minus_tracheal_sg	40255
all_dm6_minus_tracheal_sg	40256
all_dm6_minus_tracheal_sg	40257
all_dm6_minus_tracheal_sg	40258
all_dm6_minus_tracheal_sg	40259
all_dm6_minus_tracheal_sg	40260
all_dm6_minus_tracheal_sg	40261
all_dm6_minus_tracheal_sg	40262
all_dm6_minus_tracheal_sg	40263
all_dm6_minus_tracheal_sg	40264
all_dm6_minus_tracheal_sg	40265
all_dm6_minus_tracheal_sg	40266
all_dm6_minus_tracheal_sg	40267
all_dm6_minus_tracheal_sg	40268
all_dm6_minus_tracheal_sg	40269
all_dm6_minus_tracheal_sg	40272
all_dm6_minus_tracheal_sg	40273
all_dm6_minus_tracheal_sg	40274
all_dm6_minus_tracheal_sg	40275
all_dm6_minus_tracheal_sg	40276
all_dm6_minus_tracheal_sg	40278
all_dm6_minus_tracheal_sg	40279
all_dm6_minus_tracheal_sg	40280
all_dm6_minus_tracheal_sg	40281
all_dm6_minus_tracheal_sg	40282
all_dm6_minus_tracheal_sg	40283
all_dm6_minus_tracheal_sg	40284
all_dm6_minus_tracheal_sg	40286
all_dm6_minus_tracheal_sg	40288
all_dm6_minus_tracheal_sg	40289
all_dm6_minus_tracheal_sg	40290
all_dm6_minus_tracheal_sg	40291
all_dm6_minus_tracheal_sg	40292
all_dm6_minus_tracheal_sg	40293
all_dm6_minus_tracheal_sg	40294
all_dm6_minus_tracheal_sg	40295
all_dm6_minus_tracheal_sg	40296
all_dm6_minus_tracheal_sg	40297
all_dm6_minus_tracheal_sg	40298
all_dm6_minus_tracheal_sg	40299
all_dm6_minus_tracheal_sg	40300
all_dm6_minus_tracheal_sg	40301
all_dm6_minus_tracheal_sg	40302
all_dm6_minus_tracheal_sg	40303
all_dm6_minus_tracheal_sg	40304
all_dm6_minus_tracheal_sg	40305
all_dm6_minus_tracheal_sg	40307
all_dm6_minus_tracheal_sg	40308
all_dm6_minus_tracheal_sg	40309
all_dm6_minus_tracheal_sg	40310
all_dm6_minus_tracheal_sg	40313
all_dm6_minus_tracheal_sg	40315
all_dm6_minus_tracheal_sg	40316
all_dm6_minus_tracheal_sg	40317
all_dm6_minus_tracheal_sg	40318
all_dm6_minus_tracheal_sg	40319
all_dm6_minus_tracheal_sg	40321
all_dm6_minus_tracheal_sg	40324
all_dm6_minus_tracheal_sg	40325
all_dm6_minus_tracheal_sg	40326
all_dm6_minus_tracheal_sg	40327
all_dm6_minus_tracheal_sg	40330
all_dm6_minus_tracheal_sg	40331
all_dm6_minus_tracheal_sg	40333
all_dm6_minus_tracheal_sg	40335
all_dm6_minus_tracheal_sg	40336
all_dm6_minus_tracheal_sg	40339
all_dm6_minus_tracheal_sg	40340
all_dm6_minus_tracheal_sg	40341
all_dm6_minus_tracheal_sg	40342
all_dm6_minus_tracheal_sg	40343
all_dm6_minus_tracheal_sg	40346
all_dm6_minus_tracheal_sg	40347
all_dm6_minus_tracheal_sg	40348
all_dm6_minus_tracheal_sg	40350
all_dm6_minus_tracheal_sg	40352
all_dm6_minus_tracheal_sg	40353
all_dm6_minus_tracheal_sg	40354
all_dm6_minus_tracheal_sg	40355
all_dm6_minus_tracheal_sg	40356
all_dm6_minus_tracheal_sg	40357
all_dm6_minus_tracheal_sg	40358
all_dm6_minus_tracheal_sg	40359
all_dm6_minus_tracheal_sg	40360
all_dm6_minus_tracheal_sg	40361
all_dm6_minus_tracheal_sg	40362
all_dm6_minus_tracheal_sg	40363
all_dm6_minus_tracheal_sg	40365
all_dm6_minus_tracheal_sg	40366
all_dm6_minus_tracheal_sg	40367
all_dm6_minus_tracheal_sg	40368
all_dm6_minus_tracheal_sg	40369
all_dm6_minus_tracheal_sg	40370
all_dm6_minus_tracheal_sg	40371
all_dm6_minus_tracheal_sg	40373
all_dm6_minus_tracheal_sg	40374
all_dm6_minus_tracheal_sg	40375
all_dm6_minus_tracheal_sg	40376
all_dm6_minus_tracheal_sg	40377
all_dm6_minus_tracheal_sg	40381
all_dm6_minus_tracheal_sg	40382
all_dm6_minus_tracheal_sg	40384
all_dm6_minus_tracheal_sg	40385
all_dm6_minus_tracheal_sg	40386
all_dm6_minus_tracheal_sg	40389
all_dm6_minus_tracheal_sg	40390
all_dm6_minus_tracheal_sg	40391
all_dm6_minus_tracheal_sg	40392
all_dm6_minus_tracheal_sg	40393
all_dm6_minus_tracheal_sg	40394
all_dm6_minus_tracheal_sg	40395
all_dm6_minus_tracheal_sg	40396
all_dm6_minus_tracheal_sg	40398
all_dm6_minus_tracheal_sg	40399
all_dm6_minus_tracheal_sg	40400
all_dm6_minus_tracheal_sg	40401
all_dm6_minus_tracheal_sg	40403
all_dm6_minus_tracheal_sg	40404
all_dm6_minus_tracheal_sg	40406
all_dm6_minus_tracheal_sg	40408
all_dm6_minus_tracheal_sg	40409
all_dm6_minus_tracheal_sg	40410
all_dm6_minus_tracheal_sg	40411
all_dm6_minus_tracheal_sg	40415
all_dm6_minus_tracheal_sg	40416
all_dm6_minus_tracheal_sg	40418
all_dm6_minus_tracheal_sg	40419
all_dm6_minus_tracheal_sg	40420
all_dm6_minus_tracheal_sg	40421
all_dm6_minus_tracheal_sg	40422
all_dm6_minus_tracheal_sg	40423
all_dm6_minus_tracheal_sg	40424
all_dm6_minus_tracheal_sg	40425
all_dm6_minus_tracheal_sg	40427
all_dm6_minus_tracheal_sg	40429
all_dm6_minus_tracheal_sg	40430
all_dm6_minus_tracheal_sg	40431
all_dm6_minus_tracheal_sg	40432
all_dm6_minus_tracheal_sg	40434
all_dm6_minus_tracheal_sg	40435
all_dm6_minus_tracheal_sg	40437
all_dm6_minus_tracheal_sg	40438
all_dm6_minus_tracheal_sg	40439
all_dm6_minus_tracheal_sg	40441
all_dm6_minus_tracheal_sg	40442
all_dm6_minus_tracheal_sg	40443
all_dm6_minus_tracheal_sg	40445
all_dm6_minus_tracheal_sg	40447
all_dm6_minus_tracheal_sg	40448
all_dm6_minus_tracheal_sg	40449
all_dm6_minus_tracheal_sg	40450
all_dm6_minus_tracheal_sg	40451
all_dm6_minus_tracheal_sg	40456
all_dm6_minus_tracheal_sg	40457
all_dm6_minus_tracheal_sg	40458
all_dm6_minus_tracheal_sg	40461
all_dm6_minus_tracheal_sg	40467
all_dm6_minus_tracheal_sg	40468
all_dm6_minus_tracheal_sg	40469
all_dm6_minus_tracheal_sg	40470
all_dm6_minus_tracheal_sg	40472
all_dm6_minus_tracheal_sg	40474
all_dm6_minus_tracheal_sg	40475
all_dm6_minus_tracheal_sg	40476
all_dm6_minus_tracheal_sg	40477
all_dm6_minus_tracheal_sg	40479
all_dm6_minus_tracheal_sg	40480
all_dm6_minus_tracheal_sg	40481
all_dm6_minus_tracheal_sg	40482
all_dm6_minus_tracheal_sg	40483
all_dm6_minus_tracheal_sg	40485
all_dm6_minus_tracheal_sg	40488
all_dm6_minus_tracheal_sg	40489
all_dm6_minus_tracheal_sg	40490
all_dm6_minus_tracheal_sg	40491
all_dm6_minus_tracheal_sg	40492
all_dm6_minus_tracheal_sg	40497
all_dm6_minus_tracheal_sg	40501
all_dm6_minus_tracheal_sg	40502
all_dm6_minus_tracheal_sg	40503
all_dm6_minus_tracheal_sg	40505
all_dm6_minus_tracheal_sg	40506
all_dm6_minus_tracheal_sg	40507
all_dm6_minus_tracheal_sg	40509
all_dm6_minus_tracheal_sg	40511
all_dm6_minus_tracheal_sg	40512
all_dm6_minus_tracheal_sg	40513
all_dm6_minus_tracheal_sg	40515
all_dm6_minus_tracheal_sg	40521
all_dm6_minus_tracheal_sg	40528
all_dm6_minus_tracheal_sg	40530
all_dm6_minus_tracheal_sg	40532
all_dm6_minus_tracheal_sg	40534
all_dm6_minus_tracheal_sg	40535
all_dm6_minus_tracheal_sg	40536
all_dm6_minus_tracheal_sg	40537
all_dm6_minus_tracheal_sg	40538
all_dm6_minus_tracheal_sg	40539
all_dm6_minus_tracheal_sg	40540
all_dm6_minus_tracheal_sg	40541
all_dm6_minus_tracheal_sg	40542
all_dm6_minus_tracheal_sg	40543
all_dm6_minus_tracheal_sg	40544
all_dm6_minus_tracheal_sg	40545
all_dm6_minus_tracheal_sg	40546
all_dm6_minus_tracheal_sg	40547
all_dm6_minus_tracheal_sg	40548
all_dm6_minus_tracheal_sg	40551
all_dm6_minus_tracheal_sg	40552
all_dm6_minus_tracheal_sg	40554
all_dm6_minus_tracheal_sg	40555
all_dm6_minus_tracheal_sg	40556
all_dm6_minus_tracheal_sg	40557
all_dm6_minus_tracheal_sg	40558
all_dm6_minus_tracheal_sg	40559
all_dm6_minus_tracheal_sg	40560
all_dm6_minus_tracheal_sg	40563
all_dm6_minus_tracheal_sg	40564
all_dm6_minus_tracheal_sg	40565
all_dm6_minus_tracheal_sg	40566
all_dm6_minus_tracheal_sg	40567
all_dm6_minus_tracheal_sg	40568
all_dm6_minus_tracheal_sg	40569
all_dm6_minus_tracheal_sg	40574
all_dm6_minus_tracheal_sg	40575
all_dm6_minus_tracheal_sg	40576
all_dm6_minus_tracheal_sg	40577
all_dm6_minus_tracheal_sg	40578
all_dm6_minus_tracheal_sg	40579
all_dm6_minus_tracheal_sg	40580
all_dm6_minus_tracheal_sg	40581
all_dm6_minus_tracheal_sg	40582
all_dm6_minus_tracheal_sg	40587
all_dm6_minus_tracheal_sg	40588
all_dm6_minus_tracheal_sg	40590
all_dm6_minus_tracheal_sg	40593
all_dm6_minus_tracheal_sg	40594
all_dm6_minus_tracheal_sg	40595
all_dm6_minus_tracheal_sg	40596
all_dm6_minus_tracheal_sg	40598
all_dm6_minus_tracheal_sg	40600
all_dm6_minus_tracheal_sg	40602
all_dm6_minus_tracheal_sg	40603
all_dm6_minus_tracheal_sg	40604
all_dm6_minus_tracheal_sg	40605
all_dm6_minus_tracheal_sg	40606
all_dm6_minus_tracheal_sg	40607
all_dm6_minus_tracheal_sg	40610
all_dm6_minus_tracheal_sg	40611
all_dm6_minus_tracheal_sg	40613
all_dm6_minus_tracheal_sg	40614
all_dm6_minus_tracheal_sg	40615
all_dm6_minus_tracheal_sg	40617
all_dm6_minus_tracheal_sg	40618
all_dm6_minus_tracheal_sg	40619
all_dm6_minus_tracheal_sg	40621
all_dm6_minus_tracheal_sg	40622
all_dm6_minus_tracheal_sg	40623
all_dm6_minus_tracheal_sg	40624
all_dm6_minus_tracheal_sg	40626
all_dm6_minus_tracheal_sg	40627
all_dm6_minus_tracheal_sg	40628
all_dm6_minus_tracheal_sg	40629
all_dm6_minus_tracheal_sg	40630
all_dm6_minus_tracheal_sg	40632
all_dm6_minus_tracheal_sg	40633
all_dm6_minus_tracheal_sg	40635
all_dm6_minus_tracheal_sg	40637
all_dm6_minus_tracheal_sg	40638
all_dm6_minus_tracheal_sg	40639
all_dm6_minus_tracheal_sg	40642
all_dm6_minus_tracheal_sg	40643
all_dm6_minus_tracheal_sg	40644
all_dm6_minus_tracheal_sg	40646
all_dm6_minus_tracheal_sg	40647
all_dm6_minus_tracheal_sg	40648
all_dm6_minus_tracheal_sg	40650
all_dm6_minus_tracheal_sg	40651
all_dm6_minus_tracheal_sg	40652
all_dm6_minus_tracheal_sg	40653
all_dm6_minus_tracheal_sg	40654
all_dm6_minus_tracheal_sg	40655
all_dm6_minus_tracheal_sg	40656
all_dm6_minus_tracheal_sg	40657
all_dm6_minus_tracheal_sg	40659
all_dm6_minus_tracheal_sg	40660
all_dm6_minus_tracheal_sg	40661
all_dm6_minus_tracheal_sg	40663
all_dm6_minus_tracheal_sg	40665
all_dm6_minus_tracheal_sg	40666
all_dm6_minus_tracheal_sg	40667
all_dm6_minus_tracheal_sg	40669
all_dm6_minus_tracheal_sg	40670
all_dm6_minus_tracheal_sg	40671
all_dm6_minus_tracheal_sg	40673
all_dm6_minus_tracheal_sg	40676
all_dm6_minus_tracheal_sg	40677
all_dm6_minus_tracheal_sg	40678
all_dm6_minus_tracheal_sg	40679
all_dm6_minus_tracheal_sg	40680
all_dm6_minus_tracheal_sg	40681
all_dm6_minus_tracheal_sg	40682
all_dm6_minus_tracheal_sg	40683
all_dm6_minus_tracheal_sg	40684
all_dm6_minus_tracheal_sg	40686
all_dm6_minus_tracheal_sg	40687
all_dm6_minus_tracheal_sg	40689
all_dm6_minus_tracheal_sg	40690
all_dm6_minus_tracheal_sg	40691
all_dm6_minus_tracheal_sg	40692
all_dm6_minus_tracheal_sg	40693
all_dm6_minus_tracheal_sg	40695
all_dm6_minus_tracheal_sg	40696
all_dm6_minus_tracheal_sg	40697
all_dm6_minus_tracheal_sg	40698
all_dm6_minus_tracheal_sg	40699
all_dm6_minus_tracheal_sg	40700
all_dm6_minus_tracheal_sg	40702
all_dm6_minus_tracheal_sg	40706
all_dm6_minus_tracheal_sg	40707
all_dm6_minus_tracheal_sg	40709
all_dm6_minus_tracheal_sg	40710
all_dm6_minus_tracheal_sg	40711
all_dm6_minus_tracheal_sg	40712
all_dm6_minus_tracheal_sg	40713
all_dm6_minus_tracheal_sg	40715
all_dm6_minus_tracheal_sg	40716
all_dm6_minus_tracheal_sg	40717
all_dm6_minus_tracheal_sg	40718
all_dm6_minus_tracheal_sg	40719
all_dm6_minus_tracheal_sg	40720
all_dm6_minus_tracheal_sg	40721
all_dm6_minus_tracheal_sg	40722
all_dm6_minus_tracheal_sg	40723
all_dm6_minus_tracheal_sg	40725
all_dm6_minus_tracheal_sg	40726
all_dm6_minus_tracheal_sg	40727
all_dm6_minus_tracheal_sg	40728
all_dm6_minus_tracheal_sg	40729
all_dm6_minus_tracheal_sg	40732
all_dm6_minus_tracheal_sg	40733
all_dm6_minus_tracheal_sg	40737
all_dm6_minus_tracheal_sg	40738
all_dm6_minus_tracheal_sg	40740
all_dm6_minus_tracheal_sg	40741
all_dm6_minus_tracheal_sg	40743
all_dm6_minus_tracheal_sg	40744
all_dm6_minus_tracheal_sg	40746
all_dm6_minus_tracheal_sg	40747
all_dm6_minus_tracheal_sg	40748
all_dm6_minus_tracheal_sg	40749
all_dm6_minus_tracheal_sg	40751
all_dm6_minus_tracheal_sg	40752
all_dm6_minus_tracheal_sg	40754
all_dm6_minus_tracheal_sg	40755
all_dm6_minus_tracheal_sg	40756
all_dm6_minus_tracheal_sg	40757
all_dm6_minus_tracheal_sg	40758
all_dm6_minus_tracheal_sg	40759
all_dm6_minus_tracheal_sg	40762
all_dm6_minus_tracheal_sg	40764
all_dm6_minus_tracheal_sg	40765
all_dm6_minus_tracheal_sg	40767
all_dm6_minus_tracheal_sg	40768
all_dm6_minus_tracheal_sg	40769
all_dm6_minus_tracheal_sg	40772
all_dm6_minus_tracheal_sg	40774
all_dm6_minus_tracheal_sg	40778
all_dm6_minus_tracheal_sg	40779
all_dm6_minus_tracheal_sg	40781
all_dm6_minus_tracheal_sg	40782
all_dm6_minus_tracheal_sg	40783
all_dm6_minus_tracheal_sg	40785
all_dm6_minus_tracheal_sg	40787
all_dm6_minus_tracheal_sg	40788
all_dm6_minus_tracheal_sg	40789
all_dm6_minus_tracheal_sg	40791
all_dm6_minus_tracheal_sg	40793
all_dm6_minus_tracheal_sg	40794
all_dm6_minus_tracheal_sg	40795
all_dm6_minus_tracheal_sg	40797
all_dm6_minus_tracheal_sg	40798
all_dm6_minus_tracheal_sg	40800
all_dm6_minus_tracheal_sg	40803
all_dm6_minus_tracheal_sg	40804
all_dm6_minus_tracheal_sg	40805
all_dm6_minus_tracheal_sg	40806
all_dm6_minus_tracheal_sg	40807
all_dm6_minus_tracheal_sg	40809
all_dm6_minus_tracheal_sg	40810
all_dm6_minus_tracheal_sg	40811
all_dm6_minus_tracheal_sg	40812
all_dm6_minus_tracheal_sg	40813
all_dm6_minus_tracheal_sg	40814
all_dm6_minus_tracheal_sg	40816
all_dm6_minus_tracheal_sg	40817
all_dm6_minus_tracheal_sg	40818
all_dm6_minus_tracheal_sg	40820
all_dm6_minus_tracheal_sg	40821
all_dm6_minus_tracheal_sg	40822
all_dm6_minus_tracheal_sg	40823
all_dm6_minus_tracheal_sg	40825
all_dm6_minus_tracheal_sg	40827
all_dm6_minus_tracheal_sg	40828
all_dm6_minus_tracheal_sg	40832
all_dm6_minus_tracheal_sg	40834
all_dm6_minus_tracheal_sg	40837
all_dm6_minus_tracheal_sg	40838
all_dm6_minus_tracheal_sg	40839
all_dm6_minus_tracheal_sg	40840
all_dm6_minus_tracheal_sg	40841
all_dm6_minus_tracheal_sg	40842
all_dm6_minus_tracheal_sg	40846
all_dm6_minus_tracheal_sg	40847
all_dm6_minus_tracheal_sg	40849
all_dm6_minus_tracheal_sg	40851
all_dm6_minus_tracheal_sg	40852
all_dm6_minus_tracheal_sg	40853
all_dm6_minus_tracheal_sg	40856
all_dm6_minus_tracheal_sg	40857
all_dm6_minus_tracheal_sg	40858
all_dm6_minus_tracheal_sg	40859
all_dm6_minus_tracheal_sg	40860
all_dm6_minus_tracheal_sg	40862
all_dm6_minus_tracheal_sg	40863
all_dm6_minus_tracheal_sg	40864
all_dm6_minus_tracheal_sg	40865
all_dm6_minus_tracheal_sg	40866
all_dm6_minus_tracheal_sg	40867
all_dm6_minus_tracheal_sg	40868
all_dm6_minus_tracheal_sg	40869
all_dm6_minus_tracheal_sg	40871
all_dm6_minus_tracheal_sg	40872
all_dm6_minus_tracheal_sg	40873
all_dm6_minus_tracheal_sg	40874
all_dm6_minus_tracheal_sg	40876
all_dm6_minus_tracheal_sg	40877
all_dm6_minus_tracheal_sg	40879
all_dm6_minus_tracheal_sg	40883
all_dm6_minus_tracheal_sg	40884
all_dm6_minus_tracheal_sg	40885
all_dm6_minus_tracheal_sg	40886
all_dm6_minus_tracheal_sg	40887
all_dm6_minus_tracheal_sg	40888
all_dm6_minus_tracheal_sg	40889
all_dm6_minus_tracheal_sg	40890
all_dm6_minus_tracheal_sg	40891
all_dm6_minus_tracheal_sg	40892
all_dm6_minus_tracheal_sg	40894
all_dm6_minus_tracheal_sg	40896
all_dm6_minus_tracheal_sg	40897
all_dm6_minus_tracheal_sg	40898
all_dm6_minus_tracheal_sg	40899
all_dm6_minus_tracheal_sg	40900
all_dm6_minus_tracheal_sg	40901
all_dm6_minus_tracheal_sg	40902
all_dm6_minus_tracheal_sg	40903
all_dm6_minus_tracheal_sg	40906
all_dm6_minus_tracheal_sg	40907
all_dm6_minus_tracheal_sg	40908
all_dm6_minus_tracheal_sg	40909
all_dm6_minus_tracheal_sg	40912
all_dm6_minus_tracheal_sg	40913
all_dm6_minus_tracheal_sg	40915
all_dm6_minus_tracheal_sg	40916
all_dm6_minus_tracheal_sg	40917
all_dm6_minus_tracheal_sg	40918
all_dm6_minus_tracheal_sg	40919
all_dm6_minus_tracheal_sg	40920
all_dm6_minus_tracheal_sg	40922
all_dm6_minus_tracheal_sg	40923
all_dm6_minus_tracheal_sg	40924
all_dm6_minus_tracheal_sg	40925
all_dm6_minus_tracheal_sg	40928
all_dm6_minus_tracheal_sg	40929
all_dm6_minus_tracheal_sg	40931
all_dm6_minus_tracheal_sg	40932
all_dm6_minus_tracheal_sg	40933
all_dm6_minus_tracheal_sg	40934
all_dm6_minus_tracheal_sg	40936
all_dm6_minus_tracheal_sg	40937
all_dm6_minus_tracheal_sg	40938
all_dm6_minus_tracheal_sg	40940
all_dm6_minus_tracheal_sg	40941
all_dm6_minus_tracheal_sg	40942
all_dm6_minus_tracheal_sg	40944
all_dm6_minus_tracheal_sg	40945
all_dm6_minus_tracheal_sg	40947
all_dm6_minus_tracheal_sg	40948
all_dm6_minus_tracheal_sg	40949
all_dm6_minus_tracheal_sg	40950
all_dm6_minus_tracheal_sg	40953
all_dm6_minus_tracheal_sg	40955
all_dm6_minus_tracheal_sg	40956
all_dm6_minus_tracheal_sg	40957
all_dm6_minus_tracheal_sg	40958
all_dm6_minus_tracheal_sg	40959
all_dm6_minus_tracheal_sg	40960
all_dm6_minus_tracheal_sg	40961
all_dm6_minus_tracheal_sg	40963
all_dm6_minus_tracheal_sg	40964
all_dm6_minus_tracheal_sg	40965
all_dm6_minus_tracheal_sg	40966
all_dm6_minus_tracheal_sg	40967
all_dm6_minus_tracheal_sg	40972
all_dm6_minus_tracheal_sg	40973
all_dm6_minus_tracheal_sg	40974
all_dm6_minus_tracheal_sg	40975
all_dm6_minus_tracheal_sg	40976
all_dm6_minus_tracheal_sg	40977
all_dm6_minus_tracheal_sg	40978
all_dm6_minus_tracheal_sg	40979
all_dm6_minus_tracheal_sg	40981
all_dm6_minus_tracheal_sg	40982
all_dm6_minus_tracheal_sg	40983
all_dm6_minus_tracheal_sg	40984
all_dm6_minus_tracheal_sg	40985
all_dm6_minus_tracheal_sg	40986
all_dm6_minus_tracheal_sg	40988
all_dm6_minus_tracheal_sg	40989
all_dm6_minus_tracheal_sg	40990
all_dm6_minus_tracheal_sg	40991
all_dm6_minus_tracheal_sg	40992
all_dm6_minus_tracheal_sg	40993
all_dm6_minus_tracheal_sg	40994
all_dm6_minus_tracheal_sg	40995
all_dm6_minus_tracheal_sg	40996
all_dm6_minus_tracheal_sg	40997
all_dm6_minus_tracheal_sg	40998
all_dm6_minus_tracheal_sg	40999
all_dm6_minus_tracheal_sg	41000
all_dm6_minus_tracheal_sg	41001
all_dm6_minus_tracheal_sg	41006
all_dm6_minus_tracheal_sg	41007
all_dm6_minus_tracheal_sg	41008
all_dm6_minus_tracheal_sg	41009
all_dm6_minus_tracheal_sg	41010
all_dm6_minus_tracheal_sg	41011
all_dm6_minus_tracheal_sg	41013
all_dm6_minus_tracheal_sg	41014
all_dm6_minus_tracheal_sg	41017
all_dm6_minus_tracheal_sg	41018
all_dm6_minus_tracheal_sg	41020
all_dm6_minus_tracheal_sg	41021
all_dm6_minus_tracheal_sg	41022
all_dm6_minus_tracheal_sg	41023
all_dm6_minus_tracheal_sg	41025
all_dm6_minus_tracheal_sg	41026
all_dm6_minus_tracheal_sg	41028
all_dm6_minus_tracheal_sg	41029
all_dm6_minus_tracheal_sg	41030
all_dm6_minus_tracheal_sg	41031
all_dm6_minus_tracheal_sg	41033
all_dm6_minus_tracheal_sg	41034
all_dm6_minus_tracheal_sg	41035
all_dm6_minus_tracheal_sg	41036
all_dm6_minus_tracheal_sg	41037
all_dm6_minus_tracheal_sg	41038
all_dm6_minus_tracheal_sg	41039
all_dm6_minus_tracheal_sg	41040
all_dm6_minus_tracheal_sg	41041
all_dm6_minus_tracheal_sg	41042
all_dm6_minus_tracheal_sg	41043
all_dm6_minus_tracheal_sg	41044
all_dm6_minus_tracheal_sg	41045
all_dm6_minus_tracheal_sg	41046
all_dm6_minus_tracheal_sg	41047
all_dm6_minus_tracheal_sg	41048
all_dm6_minus_tracheal_sg	41052
all_dm6_minus_tracheal_sg	41054
all_dm6_minus_tracheal_sg	41055
all_dm6_minus_tracheal_sg	41056
all_dm6_minus_tracheal_sg	41057
all_dm6_minus_tracheal_sg	41059
all_dm6_minus_tracheal_sg	41060
all_dm6_minus_tracheal_sg	41066
all_dm6_minus_tracheal_sg	41067
all_dm6_minus_tracheal_sg	41068
all_dm6_minus_tracheal_sg	41070
all_dm6_minus_tracheal_sg	41071
all_dm6_minus_tracheal_sg	41072
all_dm6_minus_tracheal_sg	41073
all_dm6_minus_tracheal_sg	41074
all_dm6_minus_tracheal_sg	41075
all_dm6_minus_tracheal_sg	41076
all_dm6_minus_tracheal_sg	41078
all_dm6_minus_tracheal_sg	41079
all_dm6_minus_tracheal_sg	41080
all_dm6_minus_tracheal_sg	41081
all_dm6_minus_tracheal_sg	41082
all_dm6_minus_tracheal_sg	41083
all_dm6_minus_tracheal_sg	41086
all_dm6_minus_tracheal_sg	41087
all_dm6_minus_tracheal_sg	41089
all_dm6_minus_tracheal_sg	41090
all_dm6_minus_tracheal_sg	41091
all_dm6_minus_tracheal_sg	41092
all_dm6_minus_tracheal_sg	41093
all_dm6_minus_tracheal_sg	41096
all_dm6_minus_tracheal_sg	41098
all_dm6_minus_tracheal_sg	41100
all_dm6_minus_tracheal_sg	41101
all_dm6_minus_tracheal_sg	41102
all_dm6_minus_tracheal_sg	41103
all_dm6_minus_tracheal_sg	41107
all_dm6_minus_tracheal_sg	41108
all_dm6_minus_tracheal_sg	41109
all_dm6_minus_tracheal_sg	41110
all_dm6_minus_tracheal_sg	41111
all_dm6_minus_tracheal_sg	41112
all_dm6_minus_tracheal_sg	41114
all_dm6_minus_tracheal_sg	41116
all_dm6_minus_tracheal_sg	41117
all_dm6_minus_tracheal_sg	41119
all_dm6_minus_tracheal_sg	41120
all_dm6_minus_tracheal_sg	41121
all_dm6_minus_tracheal_sg	41122
all_dm6_minus_tracheal_sg	41123
all_dm6_minus_tracheal_sg	41124
all_dm6_minus_tracheal_sg	41125
all_dm6_minus_tracheal_sg	41126
all_dm6_minus_tracheal_sg	41132
all_dm6_minus_tracheal_sg	41133
all_dm6_minus_tracheal_sg	41134
all_dm6_minus_tracheal_sg	41135
all_dm6_minus_tracheal_sg	41136
all_dm6_minus_tracheal_sg	41137
all_dm6_minus_tracheal_sg	41138
all_dm6_minus_tracheal_sg	41139
all_dm6_minus_tracheal_sg	41140
all_dm6_minus_tracheal_sg	41141
all_dm6_minus_tracheal_sg	41143
all_dm6_minus_tracheal_sg	41144
all_dm6_minus_tracheal_sg	41145
all_dm6_minus_tracheal_sg	41148
all_dm6_minus_tracheal_sg	41149
all_dm6_minus_tracheal_sg	41150
all_dm6_minus_tracheal_sg	41152
all_dm6_minus_tracheal_sg	41153
all_dm6_minus_tracheal_sg	41154
all_dm6_minus_tracheal_sg	41155
all_dm6_minus_tracheal_sg	41156
all_dm6_minus_tracheal_sg	41157
all_dm6_minus_tracheal_sg	41158
all_dm6_minus_tracheal_sg	41159
all_dm6_minus_tracheal_sg	41160
all_dm6_minus_tracheal_sg	41164
all_dm6_minus_tracheal_sg	41165
all_dm6_minus_tracheal_sg	41167
all_dm6_minus_tracheal_sg	41169
all_dm6_minus_tracheal_sg	41170
all_dm6_minus_tracheal_sg	41171
all_dm6_minus_tracheal_sg	41172
all_dm6_minus_tracheal_sg	41173
all_dm6_minus_tracheal_sg	41174
all_dm6_minus_tracheal_sg	41175
all_dm6_minus_tracheal_sg	41176
all_dm6_minus_tracheal_sg	41179
all_dm6_minus_tracheal_sg	41180
all_dm6_minus_tracheal_sg	41181
all_dm6_minus_tracheal_sg	41182
all_dm6_minus_tracheal_sg	41185
all_dm6_minus_tracheal_sg	41187
all_dm6_minus_tracheal_sg	41189
all_dm6_minus_tracheal_sg	41190
all_dm6_minus_tracheal_sg	41191
all_dm6_minus_tracheal_sg	41192
all_dm6_minus_tracheal_sg	41193
all_dm6_minus_tracheal_sg	41194
all_dm6_minus_tracheal_sg	41195
all_dm6_minus_tracheal_sg	41197
all_dm6_minus_tracheal_sg	41198
all_dm6_minus_tracheal_sg	41199
all_dm6_minus_tracheal_sg	41200
all_dm6_minus_tracheal_sg	41201
all_dm6_minus_tracheal_sg	41202
all_dm6_minus_tracheal_sg	41203
all_dm6_minus_tracheal_sg	41204
all_dm6_minus_tracheal_sg	41205
all_dm6_minus_tracheal_sg	41206
all_dm6_minus_tracheal_sg	41207
all_dm6_minus_tracheal_sg	41208
all_dm6_minus_tracheal_sg	41209
all_dm6_minus_tracheal_sg	41210
all_dm6_minus_tracheal_sg	41211
all_dm6_minus_tracheal_sg	41212
all_dm6_minus_tracheal_sg	41213
all_dm6_minus_tracheal_sg	41214
all_dm6_minus_tracheal_sg	41215
all_dm6_minus_tracheal_sg	41219
all_dm6_minus_tracheal_sg	41221
all_dm6_minus_tracheal_sg	41222
all_dm6_minus_tracheal_sg	41227
all_dm6_minus_tracheal_sg	41228
all_dm6_minus_tracheal_sg	41229
all_dm6_minus_tracheal_sg	41230
all_dm6_minus_tracheal_sg	41231
all_dm6_minus_tracheal_sg	41232
all_dm6_minus_tracheal_sg	41233
all_dm6_minus_tracheal_sg	41235
all_dm6_minus_tracheal_sg	41236
all_dm6_minus_tracheal_sg	41238
all_dm6_minus_tracheal_sg	41239
all_dm6_minus_tracheal_sg	41242
all_dm6_minus_tracheal_sg	41244
all_dm6_minus_tracheal_sg	41247
all_dm6_minus_tracheal_sg	41248
all_dm6_minus_tracheal_sg	41249
all_dm6_minus_tracheal_sg	41250
all_dm6_minus_tracheal_sg	41252
all_dm6_minus_tracheal_sg	41253
all_dm6_minus_tracheal_sg	41254
all_dm6_minus_tracheal_sg	41259
all_dm6_minus_tracheal_sg	41260
all_dm6_minus_tracheal_sg	41261
all_dm6_minus_tracheal_sg	41264
all_dm6_minus_tracheal_sg	41265
all_dm6_minus_tracheal_sg	41266
all_dm6_minus_tracheal_sg	41268
all_dm6_minus_tracheal_sg	41269
all_dm6_minus_tracheal_sg	41270
all_dm6_minus_tracheal_sg	41271
all_dm6_minus_tracheal_sg	41272
all_dm6_minus_tracheal_sg	41274
all_dm6_minus_tracheal_sg	41278
all_dm6_minus_tracheal_sg	41279
all_dm6_minus_tracheal_sg	41280
all_dm6_minus_tracheal_sg	41281
all_dm6_minus_tracheal_sg	41282
all_dm6_minus_tracheal_sg	41283
all_dm6_minus_tracheal_sg	41284
all_dm6_minus_tracheal_sg	41285
all_dm6_minus_tracheal_sg	41286
all_dm6_minus_tracheal_sg	41287
all_dm6_minus_tracheal_sg	41288
all_dm6_minus_tracheal_sg	41290
all_dm6_minus_tracheal_sg	41291
all_dm6_minus_tracheal_sg	41292
all_dm6_minus_tracheal_sg	41293
all_dm6_minus_tracheal_sg	41294
all_dm6_minus_tracheal_sg	41295
all_dm6_minus_tracheal_sg	41296
all_dm6_minus_tracheal_sg	41298
all_dm6_minus_tracheal_sg	41299
all_dm6_minus_tracheal_sg	41303
all_dm6_minus_tracheal_sg	41304
all_dm6_minus_tracheal_sg	41306
all_dm6_minus_tracheal_sg	41307
all_dm6_minus_tracheal_sg	41308
all_dm6_minus_tracheal_sg	41309
all_dm6_minus_tracheal_sg	41310
all_dm6_minus_tracheal_sg	41311
all_dm6_minus_tracheal_sg	41312
all_dm6_minus_tracheal_sg	41313
all_dm6_minus_tracheal_sg	41314
all_dm6_minus_tracheal_sg	41316
all_dm6_minus_tracheal_sg	41317
all_dm6_minus_tracheal_sg	41318
all_dm6_minus_tracheal_sg	41319
all_dm6_minus_tracheal_sg	41320
all_dm6_minus_tracheal_sg	41321
all_dm6_minus_tracheal_sg	41324
all_dm6_minus_tracheal_sg	41326
all_dm6_minus_tracheal_sg	41330
all_dm6_minus_tracheal_sg	41333
all_dm6_minus_tracheal_sg	41334
all_dm6_minus_tracheal_sg	41337
all_dm6_minus_tracheal_sg	41340
all_dm6_minus_tracheal_sg	41341
all_dm6_minus_tracheal_sg	41343
all_dm6_minus_tracheal_sg	41344
all_dm6_minus_tracheal_sg	41345
all_dm6_minus_tracheal_sg	41346
all_dm6_minus_tracheal_sg	41348
all_dm6_minus_tracheal_sg	41349
all_dm6_minus_tracheal_sg	41350
all_dm6_minus_tracheal_sg	41351
all_dm6_minus_tracheal_sg	41352
all_dm6_minus_tracheal_sg	41353
all_dm6_minus_tracheal_sg	41354
all_dm6_minus_tracheal_sg	41355
all_dm6_minus_tracheal_sg	41357
all_dm6_minus_tracheal_sg	41358
all_dm6_minus_tracheal_sg	41359
all_dm6_minus_tracheal_sg	41360
all_dm6_minus_tracheal_sg	41361
all_dm6_minus_tracheal_sg	41362
all_dm6_minus_tracheal_sg	41364
all_dm6_minus_tracheal_sg	41365
all_dm6_minus_tracheal_sg	41366
all_dm6_minus_tracheal_sg	41367
all_dm6_minus_tracheal_sg	41368
all_dm6_minus_tracheal_sg	41369
all_dm6_minus_tracheal_sg	41370
all_dm6_minus_tracheal_sg	41371
all_dm6_minus_tracheal_sg	41372
all_dm6_minus_tracheal_sg	41374
all_dm6_minus_tracheal_sg	41375
all_dm6_minus_tracheal_sg	41376
all_dm6_minus_tracheal_sg	41377
all_dm6_minus_tracheal_sg	41379
all_dm6_minus_tracheal_sg	41381
all_dm6_minus_tracheal_sg	41383
all_dm6_minus_tracheal_sg	41384
all_dm6_minus_tracheal_sg	41387
all_dm6_minus_tracheal_sg	41388
all_dm6_minus_tracheal_sg	41389
all_dm6_minus_tracheal_sg	41390
all_dm6_minus_tracheal_sg	41391
all_dm6_minus_tracheal_sg	41393
all_dm6_minus_tracheal_sg	41394
all_dm6_minus_tracheal_sg	41395
all_dm6_minus_tracheal_sg	41396
all_dm6_minus_tracheal_sg	41397
all_dm6_minus_tracheal_sg	41398
all_dm6_minus_tracheal_sg	41401
all_dm6_minus_tracheal_sg	41404
all_dm6_minus_tracheal_sg	41406
all_dm6_minus_tracheal_sg	41407
all_dm6_minus_tracheal_sg	41408
all_dm6_minus_tracheal_sg	41409
all_dm6_minus_tracheal_sg	41410
all_dm6_minus_tracheal_sg	41411
all_dm6_minus_tracheal_sg	41412
all_dm6_minus_tracheal_sg	41413
all_dm6_minus_tracheal_sg	41414
all_dm6_minus_tracheal_sg	41415
all_dm6_minus_tracheal_sg	41416
all_dm6_minus_tracheal_sg	41417
all_dm6_minus_tracheal_sg	41419
all_dm6_minus_tracheal_sg	41420
all_dm6_minus_tracheal_sg	41425
all_dm6_minus_tracheal_sg	41426
all_dm6_minus_tracheal_sg	41427
all_dm6_minus_tracheal_sg	41428
all_dm6_minus_tracheal_sg	41433
all_dm6_minus_tracheal_sg	41436
all_dm6_minus_tracheal_sg	41437
all_dm6_minus_tracheal_sg	41440
all_dm6_minus_tracheal_sg	41442
all_dm6_minus_tracheal_sg	41443
all_dm6_minus_tracheal_sg	41445
all_dm6_minus_tracheal_sg	41446
all_dm6_minus_tracheal_sg	41447
all_dm6_minus_tracheal_sg	41448
all_dm6_minus_tracheal_sg	41449
all_dm6_minus_tracheal_sg	41450
all_dm6_minus_tracheal_sg	41452
all_dm6_minus_tracheal_sg	41453
all_dm6_minus_tracheal_sg	41454
all_dm6_minus_tracheal_sg	41456
all_dm6_minus_tracheal_sg	41458
all_dm6_minus_tracheal_sg	41459
all_dm6_minus_tracheal_sg	41460
all_dm6_minus_tracheal_sg	41461
all_dm6_minus_tracheal_sg	41462
all_dm6_minus_tracheal_sg	41465
all_dm6_minus_tracheal_sg	41466
all_dm6_minus_tracheal_sg	41467
all_dm6_minus_tracheal_sg	41468
all_dm6_minus_tracheal_sg	41469
all_dm6_minus_tracheal_sg	41473
all_dm6_minus_tracheal_sg	41474
all_dm6_minus_tracheal_sg	41475
all_dm6_minus_tracheal_sg	41476
all_dm6_minus_tracheal_sg	41477
all_dm6_minus_tracheal_sg	41480
all_dm6_minus_tracheal_sg	41481
all_dm6_minus_tracheal_sg	41482
all_dm6_minus_tracheal_sg	41483
all_dm6_minus_tracheal_sg	41484
all_dm6_minus_tracheal_sg	41486
all_dm6_minus_tracheal_sg	41487
all_dm6_minus_tracheal_sg	41488
all_dm6_minus_tracheal_sg	41489
all_dm6_minus_tracheal_sg	41490
all_dm6_minus_tracheal_sg	41493
all_dm6_minus_tracheal_sg	41494
all_dm6_minus_tracheal_sg	41495
all_dm6_minus_tracheal_sg	41496
all_dm6_minus_tracheal_sg	41498
all_dm6_minus_tracheal_sg	41500
all_dm6_minus_tracheal_sg	41502
all_dm6_minus_tracheal_sg	41511
all_dm6_minus_tracheal_sg	41512
all_dm6_minus_tracheal_sg	41513
all_dm6_minus_tracheal_sg	41518
all_dm6_minus_tracheal_sg	41520
all_dm6_minus_tracheal_sg	41521
all_dm6_minus_tracheal_sg	41522
all_dm6_minus_tracheal_sg	41525
all_dm6_minus_tracheal_sg	41526
all_dm6_minus_tracheal_sg	41529
all_dm6_minus_tracheal_sg	41530
all_dm6_minus_tracheal_sg	41531
all_dm6_minus_tracheal_sg	41532
all_dm6_minus_tracheal_sg	41533
all_dm6_minus_tracheal_sg	41536
all_dm6_minus_tracheal_sg	41537
all_dm6_minus_tracheal_sg	41539
all_dm6_minus_tracheal_sg	41540
all_dm6_minus_tracheal_sg	41541
all_dm6_minus_tracheal_sg	41542
all_dm6_minus_tracheal_sg	41543
all_dm6_minus_tracheal_sg	41547
all_dm6_minus_tracheal_sg	41549
all_dm6_minus_tracheal_sg	41550
all_dm6_minus_tracheal_sg	41551
all_dm6_minus_tracheal_sg	41552
all_dm6_minus_tracheal_sg	41554
all_dm6_minus_tracheal_sg	41555
all_dm6_minus_tracheal_sg	41556
all_dm6_minus_tracheal_sg	41557
all_dm6_minus_tracheal_sg	41559
all_dm6_minus_tracheal_sg	41560
all_dm6_minus_tracheal_sg	41561
all_dm6_minus_tracheal_sg	41562
all_dm6_minus_tracheal_sg	41563
all_dm6_minus_tracheal_sg	41565
all_dm6_minus_tracheal_sg	41566
all_dm6_minus_tracheal_sg	41567
all_dm6_minus_tracheal_sg	41568
all_dm6_minus_tracheal_sg	41570
all_dm6_minus_tracheal_sg	41571
all_dm6_minus_tracheal_sg	41573
all_dm6_minus_tracheal_sg	41574
all_dm6_minus_tracheal_sg	41575
all_dm6_minus_tracheal_sg	41576
all_dm6_minus_tracheal_sg	41578
all_dm6_minus_tracheal_sg	41580
all_dm6_minus_tracheal_sg	41581
all_dm6_minus_tracheal_sg	41583
all_dm6_minus_tracheal_sg	41585
all_dm6_minus_tracheal_sg	41586
all_dm6_minus_tracheal_sg	41587
all_dm6_minus_tracheal_sg	41588
all_dm6_minus_tracheal_sg	41589
all_dm6_minus_tracheal_sg	41590
all_dm6_minus_tracheal_sg	41592
all_dm6_minus_tracheal_sg	41593
all_dm6_minus_tracheal_sg	41595
all_dm6_minus_tracheal_sg	41596
all_dm6_minus_tracheal_sg	41597
all_dm6_minus_tracheal_sg	41598
all_dm6_minus_tracheal_sg	41599
all_dm6_minus_tracheal_sg	41600
all_dm6_minus_tracheal_sg	41601
all_dm6_minus_tracheal_sg	41605
all_dm6_minus_tracheal_sg	41606
all_dm6_minus_tracheal_sg	41607
all_dm6_minus_tracheal_sg	41609
all_dm6_minus_tracheal_sg	41610
all_dm6_minus_tracheal_sg	41611
all_dm6_minus_tracheal_sg	41612
all_dm6_minus_tracheal_sg	41615
all_dm6_minus_tracheal_sg	41616
all_dm6_minus_tracheal_sg	41619
all_dm6_minus_tracheal_sg	41620
all_dm6_minus_tracheal_sg	41621
all_dm6_minus_tracheal_sg	41622
all_dm6_minus_tracheal_sg	41624
all_dm6_minus_tracheal_sg	41625
all_dm6_minus_tracheal_sg	41626
all_dm6_minus_tracheal_sg	41627
all_dm6_minus_tracheal_sg	41628
all_dm6_minus_tracheal_sg	41630
all_dm6_minus_tracheal_sg	41632
all_dm6_minus_tracheal_sg	41633
all_dm6_minus_tracheal_sg	41634
all_dm6_minus_tracheal_sg	41635
all_dm6_minus_tracheal_sg	41638
all_dm6_minus_tracheal_sg	41639
all_dm6_minus_tracheal_sg	41640
all_dm6_minus_tracheal_sg	41641
all_dm6_minus_tracheal_sg	41642
all_dm6_minus_tracheal_sg	41643
all_dm6_minus_tracheal_sg	41644
all_dm6_minus_tracheal_sg	41645
all_dm6_minus_tracheal_sg	41648
all_dm6_minus_tracheal_sg	41649
all_dm6_minus_tracheal_sg	41652
all_dm6_minus_tracheal_sg	41653
all_dm6_minus_tracheal_sg	41654
all_dm6_minus_tracheal_sg	41657
all_dm6_minus_tracheal_sg	41658
all_dm6_minus_tracheal_sg	41659
all_dm6_minus_tracheal_sg	41660
all_dm6_minus_tracheal_sg	41661
all_dm6_minus_tracheal_sg	41662
all_dm6_minus_tracheal_sg	41663
all_dm6_minus_tracheal_sg	41665
all_dm6_minus_tracheal_sg	41671
all_dm6_minus_tracheal_sg	41672
all_dm6_minus_tracheal_sg	41673
all_dm6_minus_tracheal_sg	41674
all_dm6_minus_tracheal_sg	41675
all_dm6_minus_tracheal_sg	41676
all_dm6_minus_tracheal_sg	41677
all_dm6_minus_tracheal_sg	41678
all_dm6_minus_tracheal_sg	41679
all_dm6_minus_tracheal_sg	41680
all_dm6_minus_tracheal_sg	41682
all_dm6_minus_tracheal_sg	41686
all_dm6_minus_tracheal_sg	41688
all_dm6_minus_tracheal_sg	41689
all_dm6_minus_tracheal_sg	41690
all_dm6_minus_tracheal_sg	41693
all_dm6_minus_tracheal_sg	41694
all_dm6_minus_tracheal_sg	41695
all_dm6_minus_tracheal_sg	41698
all_dm6_minus_tracheal_sg	41699
all_dm6_minus_tracheal_sg	41700
all_dm6_minus_tracheal_sg	41701
all_dm6_minus_tracheal_sg	41702
all_dm6_minus_tracheal_sg	41703
all_dm6_minus_tracheal_sg	41706
all_dm6_minus_tracheal_sg	41707
all_dm6_minus_tracheal_sg	41709
all_dm6_minus_tracheal_sg	41711
all_dm6_minus_tracheal_sg	41712
all_dm6_minus_tracheal_sg	41713
all_dm6_minus_tracheal_sg	41714
all_dm6_minus_tracheal_sg	41715
all_dm6_minus_tracheal_sg	41716
all_dm6_minus_tracheal_sg	41717
all_dm6_minus_tracheal_sg	41718
all_dm6_minus_tracheal_sg	41719
all_dm6_minus_tracheal_sg	41720
all_dm6_minus_tracheal_sg	41721
all_dm6_minus_tracheal_sg	41723
all_dm6_minus_tracheal_sg	41724
all_dm6_minus_tracheal_sg	41725
all_dm6_minus_tracheal_sg	41726
all_dm6_minus_tracheal_sg	41727
all_dm6_minus_tracheal_sg	41728
all_dm6_minus_tracheal_sg	41729
all_dm6_minus_tracheal_sg	41730
all_dm6_minus_tracheal_sg	41731
all_dm6_minus_tracheal_sg	41733
all_dm6_minus_tracheal_sg	41734
all_dm6_minus_tracheal_sg	41735
all_dm6_minus_tracheal_sg	41736
all_dm6_minus_tracheal_sg	41737
all_dm6_minus_tracheal_sg	41738
all_dm6_minus_tracheal_sg	41739
all_dm6_minus_tracheal_sg	41741
all_dm6_minus_tracheal_sg	41742
all_dm6_minus_tracheal_sg	41743
all_dm6_minus_tracheal_sg	41744
all_dm6_minus_tracheal_sg	41745
all_dm6_minus_tracheal_sg	41746
all_dm6_minus_tracheal_sg	41748
all_dm6_minus_tracheal_sg	41756
all_dm6_minus_tracheal_sg	41757
all_dm6_minus_tracheal_sg	41758
all_dm6_minus_tracheal_sg	41759
all_dm6_minus_tracheal_sg	41760
all_dm6_minus_tracheal_sg	41761
all_dm6_minus_tracheal_sg	41762
all_dm6_minus_tracheal_sg	41763
all_dm6_minus_tracheal_sg	41764
all_dm6_minus_tracheal_sg	41765
all_dm6_minus_tracheal_sg	41766
all_dm6_minus_tracheal_sg	41768
all_dm6_minus_tracheal_sg	41771
all_dm6_minus_tracheal_sg	41773
all_dm6_minus_tracheal_sg	41774
all_dm6_minus_tracheal_sg	41775
all_dm6_minus_tracheal_sg	41777
all_dm6_minus_tracheal_sg	41778
all_dm6_minus_tracheal_sg	41779
all_dm6_minus_tracheal_sg	41780
all_dm6_minus_tracheal_sg	41784
all_dm6_minus_tracheal_sg	41786
all_dm6_minus_tracheal_sg	41787
all_dm6_minus_tracheal_sg	41788
all_dm6_minus_tracheal_sg	41789
all_dm6_minus_tracheal_sg	41790
all_dm6_minus_tracheal_sg	41791
all_dm6_minus_tracheal_sg	41795
all_dm6_minus_tracheal_sg	41797
all_dm6_minus_tracheal_sg	41798
all_dm6_minus_tracheal_sg	41801
all_dm6_minus_tracheal_sg	41802
all_dm6_minus_tracheal_sg	41803
all_dm6_minus_tracheal_sg	41804
all_dm6_minus_tracheal_sg	41806
all_dm6_minus_tracheal_sg	41807
all_dm6_minus_tracheal_sg	41809
all_dm6_minus_tracheal_sg	41810
all_dm6_minus_tracheal_sg	41811
all_dm6_minus_tracheal_sg	41815
all_dm6_minus_tracheal_sg	41820
all_dm6_minus_tracheal_sg	41821
all_dm6_minus_tracheal_sg	41822
all_dm6_minus_tracheal_sg	41823
all_dm6_minus_tracheal_sg	41824
all_dm6_minus_tracheal_sg	41825
all_dm6_minus_tracheal_sg	41826
all_dm6_minus_tracheal_sg	41829
all_dm6_minus_tracheal_sg	41830
all_dm6_minus_tracheal_sg	41831
all_dm6_minus_tracheal_sg	41832
all_dm6_minus_tracheal_sg	41833
all_dm6_minus_tracheal_sg	41834
all_dm6_minus_tracheal_sg	41838
all_dm6_minus_tracheal_sg	41839
all_dm6_minus_tracheal_sg	41841
all_dm6_minus_tracheal_sg	41842
all_dm6_minus_tracheal_sg	41845
all_dm6_minus_tracheal_sg	41846
all_dm6_minus_tracheal_sg	41847
all_dm6_minus_tracheal_sg	41848
all_dm6_minus_tracheal_sg	41849
all_dm6_minus_tracheal_sg	41851
all_dm6_minus_tracheal_sg	41855
all_dm6_minus_tracheal_sg	41857
all_dm6_minus_tracheal_sg	41858
all_dm6_minus_tracheal_sg	41859
all_dm6_minus_tracheal_sg	41861
all_dm6_minus_tracheal_sg	41862
all_dm6_minus_tracheal_sg	41865
all_dm6_minus_tracheal_sg	41866
all_dm6_minus_tracheal_sg	41867
all_dm6_minus_tracheal_sg	41868
all_dm6_minus_tracheal_sg	41869
all_dm6_minus_tracheal_sg	41871
all_dm6_minus_tracheal_sg	41872
all_dm6_minus_tracheal_sg	41873
all_dm6_minus_tracheal_sg	41875
all_dm6_minus_tracheal_sg	41876
all_dm6_minus_tracheal_sg	41877
all_dm6_minus_tracheal_sg	41879
all_dm6_minus_tracheal_sg	41880
all_dm6_minus_tracheal_sg	41882
all_dm6_minus_tracheal_sg	41883
all_dm6_minus_tracheal_sg	41885
all_dm6_minus_tracheal_sg	41888
all_dm6_minus_tracheal_sg	41889
all_dm6_minus_tracheal_sg	41890
all_dm6_minus_tracheal_sg	41891
all_dm6_minus_tracheal_sg	41892
all_dm6_minus_tracheal_sg	41893
all_dm6_minus_tracheal_sg	41894
all_dm6_minus_tracheal_sg	41895
all_dm6_minus_tracheal_sg	41896
all_dm6_minus_tracheal_sg	41897
all_dm6_minus_tracheal_sg	41900
all_dm6_minus_tracheal_sg	41901
all_dm6_minus_tracheal_sg	41902
all_dm6_minus_tracheal_sg	41903
all_dm6_minus_tracheal_sg	41904
all_dm6_minus_tracheal_sg	41905
all_dm6_minus_tracheal_sg	41906
all_dm6_minus_tracheal_sg	41908
all_dm6_minus_tracheal_sg	41910
all_dm6_minus_tracheal_sg	41911
all_dm6_minus_tracheal_sg	41912
all_dm6_minus_tracheal_sg	41913
all_dm6_minus_tracheal_sg	41914
all_dm6_minus_tracheal_sg	41916
all_dm6_minus_tracheal_sg	41919
all_dm6_minus_tracheal_sg	41920
all_dm6_minus_tracheal_sg	41921
all_dm6_minus_tracheal_sg	41922
all_dm6_minus_tracheal_sg	41925
all_dm6_minus_tracheal_sg	41926
all_dm6_minus_tracheal_sg	41927
all_dm6_minus_tracheal_sg	41929
all_dm6_minus_tracheal_sg	41932
all_dm6_minus_tracheal_sg	41934
all_dm6_minus_tracheal_sg	41936
all_dm6_minus_tracheal_sg	41937
all_dm6_minus_tracheal_sg	41939
all_dm6_minus_tracheal_sg	41940
all_dm6_minus_tracheal_sg	41941
all_dm6_minus_tracheal_sg	41943
all_dm6_minus_tracheal_sg	41945
all_dm6_minus_tracheal_sg	41948
all_dm6_minus_tracheal_sg	41949
all_dm6_minus_tracheal_sg	41951
all_dm6_minus_tracheal_sg	41952
all_dm6_minus_tracheal_sg	41953
all_dm6_minus_tracheal_sg	41954
all_dm6_minus_tracheal_sg	41955
all_dm6_minus_tracheal_sg	41957
all_dm6_minus_tracheal_sg	41959
all_dm6_minus_tracheal_sg	41960
all_dm6_minus_tracheal_sg	41961
all_dm6_minus_tracheal_sg	41962
all_dm6_minus_tracheal_sg	41963
all_dm6_minus_tracheal_sg	41964
all_dm6_minus_tracheal_sg	41965
all_dm6_minus_tracheal_sg	41968
all_dm6_minus_tracheal_sg	41971
all_dm6_minus_tracheal_sg	41972
all_dm6_minus_tracheal_sg	41973
all_dm6_minus_tracheal_sg	41975
all_dm6_minus_tracheal_sg	41977
all_dm6_minus_tracheal_sg	41978
all_dm6_minus_tracheal_sg	41979
all_dm6_minus_tracheal_sg	41981
all_dm6_minus_tracheal_sg	41982
all_dm6_minus_tracheal_sg	41984
all_dm6_minus_tracheal_sg	41985
all_dm6_minus_tracheal_sg	41986
all_dm6_minus_tracheal_sg	41987
all_dm6_minus_tracheal_sg	41988
all_dm6_minus_tracheal_sg	41989
all_dm6_minus_tracheal_sg	41990
all_dm6_minus_tracheal_sg	41991
all_dm6_minus_tracheal_sg	41992
all_dm6_minus_tracheal_sg	41993
all_dm6_minus_tracheal_sg	41994
all_dm6_minus_tracheal_sg	41995
all_dm6_minus_tracheal_sg	41996
all_dm6_minus_tracheal_sg	41997
all_dm6_minus_tracheal_sg	42000
all_dm6_minus_tracheal_sg	42001
all_dm6_minus_tracheal_sg	42002
all_dm6_minus_tracheal_sg	42003
all_dm6_minus_tracheal_sg	42004
all_dm6_minus_tracheal_sg	42005
all_dm6_minus_tracheal_sg	42006
all_dm6_minus_tracheal_sg	42007
all_dm6_minus_tracheal_sg	42008
all_dm6_minus_tracheal_sg	42013
all_dm6_minus_tracheal_sg	42014
all_dm6_minus_tracheal_sg	42015
all_dm6_minus_tracheal_sg	42016
all_dm6_minus_tracheal_sg	42017
all_dm6_minus_tracheal_sg	42018
all_dm6_minus_tracheal_sg	42019
all_dm6_minus_tracheal_sg	42020
all_dm6_minus_tracheal_sg	42021
all_dm6_minus_tracheal_sg	42022
all_dm6_minus_tracheal_sg	42023
all_dm6_minus_tracheal_sg	42024
all_dm6_minus_tracheal_sg	42025
all_dm6_minus_tracheal_sg	42026
all_dm6_minus_tracheal_sg	42028
all_dm6_minus_tracheal_sg	42030
all_dm6_minus_tracheal_sg	42031
all_dm6_minus_tracheal_sg	42032
all_dm6_minus_tracheal_sg	42036
all_dm6_minus_tracheal_sg	42041
all_dm6_minus_tracheal_sg	42043
all_dm6_minus_tracheal_sg	42044
all_dm6_minus_tracheal_sg	42045
all_dm6_minus_tracheal_sg	42046
all_dm6_minus_tracheal_sg	42047
all_dm6_minus_tracheal_sg	42048
all_dm6_minus_tracheal_sg	42049
all_dm6_minus_tracheal_sg	42050
all_dm6_minus_tracheal_sg	42051
all_dm6_minus_tracheal_sg	42053
all_dm6_minus_tracheal_sg	42054
all_dm6_minus_tracheal_sg	42055
all_dm6_minus_tracheal_sg	42056
all_dm6_minus_tracheal_sg	42057
all_dm6_minus_tracheal_sg	42058
all_dm6_minus_tracheal_sg	42060
all_dm6_minus_tracheal_sg	42061
all_dm6_minus_tracheal_sg	42062
all_dm6_minus_tracheal_sg	42064
all_dm6_minus_tracheal_sg	42065
all_dm6_minus_tracheal_sg	42066
all_dm6_minus_tracheal_sg	42067
all_dm6_minus_tracheal_sg	42068
all_dm6_minus_tracheal_sg	42069
all_dm6_minus_tracheal_sg	42070
all_dm6_minus_tracheal_sg	42071
all_dm6_minus_tracheal_sg	42072
all_dm6_minus_tracheal_sg	42073
all_dm6_minus_tracheal_sg	42074
all_dm6_minus_tracheal_sg	42075
all_dm6_minus_tracheal_sg	42076
all_dm6_minus_tracheal_sg	42078
all_dm6_minus_tracheal_sg	42080
all_dm6_minus_tracheal_sg	42082
all_dm6_minus_tracheal_sg	42084
all_dm6_minus_tracheal_sg	42086
all_dm6_minus_tracheal_sg	42087
all_dm6_minus_tracheal_sg	42089
all_dm6_minus_tracheal_sg	42091
all_dm6_minus_tracheal_sg	42092
all_dm6_minus_tracheal_sg	42093
all_dm6_minus_tracheal_sg	42094
all_dm6_minus_tracheal_sg	42095
all_dm6_minus_tracheal_sg	42096
all_dm6_minus_tracheal_sg	42097
all_dm6_minus_tracheal_sg	42098
all_dm6_minus_tracheal_sg	42099
all_dm6_minus_tracheal_sg	42101
all_dm6_minus_tracheal_sg	42102
all_dm6_minus_tracheal_sg	42103
all_dm6_minus_tracheal_sg	42105
all_dm6_minus_tracheal_sg	42106
all_dm6_minus_tracheal_sg	42109
all_dm6_minus_tracheal_sg	42110
all_dm6_minus_tracheal_sg	42113
all_dm6_minus_tracheal_sg	42114
all_dm6_minus_tracheal_sg	42116
all_dm6_minus_tracheal_sg	42117
all_dm6_minus_tracheal_sg	42118
all_dm6_minus_tracheal_sg	42119
all_dm6_minus_tracheal_sg	42120
all_dm6_minus_tracheal_sg	42121
all_dm6_minus_tracheal_sg	42122
all_dm6_minus_tracheal_sg	42123
all_dm6_minus_tracheal_sg	42124
all_dm6_minus_tracheal_sg	42125
all_dm6_minus_tracheal_sg	42126
all_dm6_minus_tracheal_sg	42127
all_dm6_minus_tracheal_sg	42128
all_dm6_minus_tracheal_sg	42129
all_dm6_minus_tracheal_sg	42130
all_dm6_minus_tracheal_sg	42131
all_dm6_minus_tracheal_sg	42132
all_dm6_minus_tracheal_sg	42133
all_dm6_minus_tracheal_sg	42134
all_dm6_minus_tracheal_sg	42135
all_dm6_minus_tracheal_sg	42136
all_dm6_minus_tracheal_sg	42137
all_dm6_minus_tracheal_sg	42140
all_dm6_minus_tracheal_sg	42141
all_dm6_minus_tracheal_sg	42142
all_dm6_minus_tracheal_sg	42143
all_dm6_minus_tracheal_sg	42144
all_dm6_minus_tracheal_sg	42145
all_dm6_minus_tracheal_sg	42146
all_dm6_minus_tracheal_sg	42150
all_dm6_minus_tracheal_sg	42152
all_dm6_minus_tracheal_sg	42158
all_dm6_minus_tracheal_sg	42159
all_dm6_minus_tracheal_sg	42160
all_dm6_minus_tracheal_sg	42161
all_dm6_minus_tracheal_sg	42163
all_dm6_minus_tracheal_sg	42164
all_dm6_minus_tracheal_sg	42165
all_dm6_minus_tracheal_sg	42166
all_dm6_minus_tracheal_sg	42169
all_dm6_minus_tracheal_sg	42171
all_dm6_minus_tracheal_sg	42172
all_dm6_minus_tracheal_sg	42173
all_dm6_minus_tracheal_sg	42174
all_dm6_minus_tracheal_sg	42175
all_dm6_minus_tracheal_sg	42176
all_dm6_minus_tracheal_sg	42177
all_dm6_minus_tracheal_sg	42178
all_dm6_minus_tracheal_sg	42179
all_dm6_minus_tracheal_sg	42180
all_dm6_minus_tracheal_sg	42181
all_dm6_minus_tracheal_sg	42182
all_dm6_minus_tracheal_sg	42184
all_dm6_minus_tracheal_sg	42185
all_dm6_minus_tracheal_sg	42187
all_dm6_minus_tracheal_sg	42188
all_dm6_minus_tracheal_sg	42189
all_dm6_minus_tracheal_sg	42191
all_dm6_minus_tracheal_sg	42192
all_dm6_minus_tracheal_sg	42194
all_dm6_minus_tracheal_sg	42196
all_dm6_minus_tracheal_sg	42197
all_dm6_minus_tracheal_sg	42199
all_dm6_minus_tracheal_sg	42202
all_dm6_minus_tracheal_sg	42204
all_dm6_minus_tracheal_sg	42206
all_dm6_minus_tracheal_sg	42207
all_dm6_minus_tracheal_sg	42208
all_dm6_minus_tracheal_sg	42209
all_dm6_minus_tracheal_sg	42212
all_dm6_minus_tracheal_sg	42213
all_dm6_minus_tracheal_sg	42214
all_dm6_minus_tracheal_sg	42216
all_dm6_minus_tracheal_sg	42218
all_dm6_minus_tracheal_sg	42220
all_dm6_minus_tracheal_sg	42221
all_dm6_minus_tracheal_sg	42222
all_dm6_minus_tracheal_sg	42226
all_dm6_minus_tracheal_sg	42228
all_dm6_minus_tracheal_sg	42230
all_dm6_minus_tracheal_sg	42232
all_dm6_minus_tracheal_sg	42233
all_dm6_minus_tracheal_sg	42234
all_dm6_minus_tracheal_sg	42235
all_dm6_minus_tracheal_sg	42236
all_dm6_minus_tracheal_sg	42237
all_dm6_minus_tracheal_sg	42239
all_dm6_minus_tracheal_sg	42240
all_dm6_minus_tracheal_sg	42243
all_dm6_minus_tracheal_sg	42244
all_dm6_minus_tracheal_sg	42245
all_dm6_minus_tracheal_sg	42246
all_dm6_minus_tracheal_sg	42248
all_dm6_minus_tracheal_sg	42249
all_dm6_minus_tracheal_sg	42250
all_dm6_minus_tracheal_sg	42251
all_dm6_minus_tracheal_sg	42252
all_dm6_minus_tracheal_sg	42253
all_dm6_minus_tracheal_sg	42254
all_dm6_minus_tracheal_sg	42256
all_dm6_minus_tracheal_sg	42257
all_dm6_minus_tracheal_sg	42258
all_dm6_minus_tracheal_sg	42259
all_dm6_minus_tracheal_sg	42260
all_dm6_minus_tracheal_sg	42261
all_dm6_minus_tracheal_sg	42262
all_dm6_minus_tracheal_sg	42264
all_dm6_minus_tracheal_sg	42265
all_dm6_minus_tracheal_sg	42266
all_dm6_minus_tracheal_sg	42268
all_dm6_minus_tracheal_sg	42269
all_dm6_minus_tracheal_sg	42271
all_dm6_minus_tracheal_sg	42272
all_dm6_minus_tracheal_sg	42273
all_dm6_minus_tracheal_sg	42274
all_dm6_minus_tracheal_sg	42279
all_dm6_minus_tracheal_sg	42280
all_dm6_minus_tracheal_sg	42281
all_dm6_minus_tracheal_sg	42282
all_dm6_minus_tracheal_sg	42283
all_dm6_minus_tracheal_sg	42284
all_dm6_minus_tracheal_sg	42285
all_dm6_minus_tracheal_sg	42286
all_dm6_minus_tracheal_sg	42290
all_dm6_minus_tracheal_sg	42293
all_dm6_minus_tracheal_sg	42294
all_dm6_minus_tracheal_sg	42295
all_dm6_minus_tracheal_sg	42297
all_dm6_minus_tracheal_sg	42298
all_dm6_minus_tracheal_sg	42300
all_dm6_minus_tracheal_sg	42301
all_dm6_minus_tracheal_sg	42302
all_dm6_minus_tracheal_sg	42303
all_dm6_minus_tracheal_sg	42305
all_dm6_minus_tracheal_sg	42306
all_dm6_minus_tracheal_sg	42307
all_dm6_minus_tracheal_sg	42308
all_dm6_minus_tracheal_sg	42309
all_dm6_minus_tracheal_sg	42310
all_dm6_minus_tracheal_sg	42311
all_dm6_minus_tracheal_sg	42312
all_dm6_minus_tracheal_sg	42314
all_dm6_minus_tracheal_sg	42315
all_dm6_minus_tracheal_sg	42316
all_dm6_minus_tracheal_sg	42318
all_dm6_minus_tracheal_sg	42319
all_dm6_minus_tracheal_sg	42320
all_dm6_minus_tracheal_sg	42322
all_dm6_minus_tracheal_sg	42323
all_dm6_minus_tracheal_sg	42324
all_dm6_minus_tracheal_sg	42325
all_dm6_minus_tracheal_sg	42326
all_dm6_minus_tracheal_sg	42328
all_dm6_minus_tracheal_sg	42333
all_dm6_minus_tracheal_sg	42334
all_dm6_minus_tracheal_sg	42335
all_dm6_minus_tracheal_sg	42336
all_dm6_minus_tracheal_sg	42337
all_dm6_minus_tracheal_sg	42338
all_dm6_minus_tracheal_sg	42339
all_dm6_minus_tracheal_sg	42340
all_dm6_minus_tracheal_sg	42341
all_dm6_minus_tracheal_sg	42342
all_dm6_minus_tracheal_sg	42343
all_dm6_minus_tracheal_sg	42344
all_dm6_minus_tracheal_sg	42345
all_dm6_minus_tracheal_sg	42348
all_dm6_minus_tracheal_sg	42350
all_dm6_minus_tracheal_sg	42351
all_dm6_minus_tracheal_sg	42352
all_dm6_minus_tracheal_sg	42353
all_dm6_minus_tracheal_sg	42354
all_dm6_minus_tracheal_sg	42355
all_dm6_minus_tracheal_sg	42357
all_dm6_minus_tracheal_sg	42358
all_dm6_minus_tracheal_sg	42359
all_dm6_minus_tracheal_sg	42360
all_dm6_minus_tracheal_sg	42361
all_dm6_minus_tracheal_sg	42362
all_dm6_minus_tracheal_sg	42363
all_dm6_minus_tracheal_sg	42364
all_dm6_minus_tracheal_sg	42366
all_dm6_minus_tracheal_sg	42367
all_dm6_minus_tracheal_sg	42368
all_dm6_minus_tracheal_sg	42369
all_dm6_minus_tracheal_sg	42370
all_dm6_minus_tracheal_sg	42371
all_dm6_minus_tracheal_sg	42373
all_dm6_minus_tracheal_sg	42374
all_dm6_minus_tracheal_sg	42375
all_dm6_minus_tracheal_sg	42376
all_dm6_minus_tracheal_sg	42377
all_dm6_minus_tracheal_sg	42381
all_dm6_minus_tracheal_sg	42382
all_dm6_minus_tracheal_sg	42385
all_dm6_minus_tracheal_sg	42386
all_dm6_minus_tracheal_sg	42387
all_dm6_minus_tracheal_sg	42388
all_dm6_minus_tracheal_sg	42389
all_dm6_minus_tracheal_sg	42390
all_dm6_minus_tracheal_sg	42391
all_dm6_minus_tracheal_sg	42392
all_dm6_minus_tracheal_sg	42393
all_dm6_minus_tracheal_sg	42394
all_dm6_minus_tracheal_sg	42396
all_dm6_minus_tracheal_sg	42397
all_dm6_minus_tracheal_sg	42398
all_dm6_minus_tracheal_sg	42399
all_dm6_minus_tracheal_sg	42400
all_dm6_minus_tracheal_sg	42401
all_dm6_minus_tracheal_sg	42402
all_dm6_minus_tracheal_sg	42409
all_dm6_minus_tracheal_sg	42410
all_dm6_minus_tracheal_sg	42412
all_dm6_minus_tracheal_sg	42413
all_dm6_minus_tracheal_sg	42414
all_dm6_minus_tracheal_sg	42415
all_dm6_minus_tracheal_sg	42416
all_dm6_minus_tracheal_sg	42421
all_dm6_minus_tracheal_sg	42422
all_dm6_minus_tracheal_sg	42423
all_dm6_minus_tracheal_sg	42424
all_dm6_minus_tracheal_sg	42425
all_dm6_minus_tracheal_sg	42426
all_dm6_minus_tracheal_sg	42429
all_dm6_minus_tracheal_sg	42431
all_dm6_minus_tracheal_sg	42432
all_dm6_minus_tracheal_sg	42433
all_dm6_minus_tracheal_sg	42434
all_dm6_minus_tracheal_sg	42435
all_dm6_minus_tracheal_sg	42437
all_dm6_minus_tracheal_sg	42438
all_dm6_minus_tracheal_sg	42440
all_dm6_minus_tracheal_sg	42443
all_dm6_minus_tracheal_sg	42444
all_dm6_minus_tracheal_sg	42446
all_dm6_minus_tracheal_sg	42447
all_dm6_minus_tracheal_sg	42450
all_dm6_minus_tracheal_sg	42451
all_dm6_minus_tracheal_sg	42452
all_dm6_minus_tracheal_sg	42453
all_dm6_minus_tracheal_sg	42454
all_dm6_minus_tracheal_sg	42455
all_dm6_minus_tracheal_sg	42456
all_dm6_minus_tracheal_sg	42457
all_dm6_minus_tracheal_sg	42460
all_dm6_minus_tracheal_sg	42462
all_dm6_minus_tracheal_sg	42464
all_dm6_minus_tracheal_sg	42465
all_dm6_minus_tracheal_sg	42466
all_dm6_minus_tracheal_sg	42467
all_dm6_minus_tracheal_sg	42468
all_dm6_minus_tracheal_sg	42469
all_dm6_minus_tracheal_sg	42470
all_dm6_minus_tracheal_sg	42471
all_dm6_minus_tracheal_sg	42473
all_dm6_minus_tracheal_sg	42474
all_dm6_minus_tracheal_sg	42475
all_dm6_minus_tracheal_sg	42476
all_dm6_minus_tracheal_sg	42477
all_dm6_minus_tracheal_sg	42478
all_dm6_minus_tracheal_sg	42481
all_dm6_minus_tracheal_sg	42482
all_dm6_minus_tracheal_sg	42483
all_dm6_minus_tracheal_sg	42484
all_dm6_minus_tracheal_sg	42485
all_dm6_minus_tracheal_sg	42486
all_dm6_minus_tracheal_sg	42487
all_dm6_minus_tracheal_sg	42488
all_dm6_minus_tracheal_sg	42489
all_dm6_minus_tracheal_sg	42491
all_dm6_minus_tracheal_sg	42492
all_dm6_minus_tracheal_sg	42494
all_dm6_minus_tracheal_sg	42495
all_dm6_minus_tracheal_sg	42497
all_dm6_minus_tracheal_sg	42498
all_dm6_minus_tracheal_sg	42499
all_dm6_minus_tracheal_sg	42500
all_dm6_minus_tracheal_sg	42501
all_dm6_minus_tracheal_sg	42502
all_dm6_minus_tracheal_sg	42503
all_dm6_minus_tracheal_sg	42505
all_dm6_minus_tracheal_sg	42506
all_dm6_minus_tracheal_sg	42507
all_dm6_minus_tracheal_sg	42508
all_dm6_minus_tracheal_sg	42509
all_dm6_minus_tracheal_sg	42510
all_dm6_minus_tracheal_sg	42512
all_dm6_minus_tracheal_sg	42513
all_dm6_minus_tracheal_sg	42514
all_dm6_minus_tracheal_sg	42515
all_dm6_minus_tracheal_sg	42516
all_dm6_minus_tracheal_sg	42517
all_dm6_minus_tracheal_sg	42518
all_dm6_minus_tracheal_sg	42519
all_dm6_minus_tracheal_sg	42520
all_dm6_minus_tracheal_sg	42522
all_dm6_minus_tracheal_sg	42523
all_dm6_minus_tracheal_sg	42525
all_dm6_minus_tracheal_sg	42526
all_dm6_minus_tracheal_sg	42527
all_dm6_minus_tracheal_sg	42528
all_dm6_minus_tracheal_sg	42529
all_dm6_minus_tracheal_sg	42530
all_dm6_minus_tracheal_sg	42536
all_dm6_minus_tracheal_sg	42537
all_dm6_minus_tracheal_sg	42538
all_dm6_minus_tracheal_sg	42539
all_dm6_minus_tracheal_sg	42540
all_dm6_minus_tracheal_sg	42541
all_dm6_minus_tracheal_sg	42542
all_dm6_minus_tracheal_sg	42543
all_dm6_minus_tracheal_sg	42544
all_dm6_minus_tracheal_sg	42545
all_dm6_minus_tracheal_sg	42547
all_dm6_minus_tracheal_sg	42548
all_dm6_minus_tracheal_sg	42550
all_dm6_minus_tracheal_sg	42551
all_dm6_minus_tracheal_sg	42552
all_dm6_minus_tracheal_sg	42553
all_dm6_minus_tracheal_sg	42554
all_dm6_minus_tracheal_sg	42556
all_dm6_minus_tracheal_sg	42557
all_dm6_minus_tracheal_sg	42558
all_dm6_minus_tracheal_sg	42560
all_dm6_minus_tracheal_sg	42561
all_dm6_minus_tracheal_sg	42562
all_dm6_minus_tracheal_sg	42563
all_dm6_minus_tracheal_sg	42567
all_dm6_minus_tracheal_sg	42568
all_dm6_minus_tracheal_sg	42572
all_dm6_minus_tracheal_sg	42573
all_dm6_minus_tracheal_sg	42574
all_dm6_minus_tracheal_sg	42575
all_dm6_minus_tracheal_sg	42576
all_dm6_minus_tracheal_sg	42577
all_dm6_minus_tracheal_sg	42578
all_dm6_minus_tracheal_sg	42579
all_dm6_minus_tracheal_sg	42581
all_dm6_minus_tracheal_sg	42582
all_dm6_minus_tracheal_sg	42583
all_dm6_minus_tracheal_sg	42585
all_dm6_minus_tracheal_sg	42587
all_dm6_minus_tracheal_sg	42588
all_dm6_minus_tracheal_sg	42589
all_dm6_minus_tracheal_sg	42590
all_dm6_minus_tracheal_sg	42591
all_dm6_minus_tracheal_sg	42592
all_dm6_minus_tracheal_sg	42593
all_dm6_minus_tracheal_sg	42594
all_dm6_minus_tracheal_sg	42597
all_dm6_minus_tracheal_sg	42598
all_dm6_minus_tracheal_sg	42599
all_dm6_minus_tracheal_sg	42600
all_dm6_minus_tracheal_sg	42601
all_dm6_minus_tracheal_sg	42602
all_dm6_minus_tracheal_sg	42606
all_dm6_minus_tracheal_sg	42608
all_dm6_minus_tracheal_sg	42610
all_dm6_minus_tracheal_sg	42611
all_dm6_minus_tracheal_sg	42612
all_dm6_minus_tracheal_sg	42613
all_dm6_minus_tracheal_sg	42614
all_dm6_minus_tracheal_sg	42616
all_dm6_minus_tracheal_sg	42617
all_dm6_minus_tracheal_sg	42619
all_dm6_minus_tracheal_sg	42620
all_dm6_minus_tracheal_sg	42621
all_dm6_minus_tracheal_sg	42622
all_dm6_minus_tracheal_sg	42624
all_dm6_minus_tracheal_sg	42625
all_dm6_minus_tracheal_sg	42626
all_dm6_minus_tracheal_sg	42627
all_dm6_minus_tracheal_sg	42628
all_dm6_minus_tracheal_sg	42629
all_dm6_minus_tracheal_sg	42630
all_dm6_minus_tracheal_sg	42633
all_dm6_minus_tracheal_sg	42634
all_dm6_minus_tracheal_sg	42635
all_dm6_minus_tracheal_sg	42636
all_dm6_minus_tracheal_sg	42637
all_dm6_minus_tracheal_sg	42641
all_dm6_minus_tracheal_sg	42642
all_dm6_minus_tracheal_sg	42643
all_dm6_minus_tracheal_sg	42644
all_dm6_minus_tracheal_sg	42645
all_dm6_minus_tracheal_sg	42646
all_dm6_minus_tracheal_sg	42647
all_dm6_minus_tracheal_sg	42648
all_dm6_minus_tracheal_sg	42650
all_dm6_minus_tracheal_sg	42651
all_dm6_minus_tracheal_sg	42652
all_dm6_minus_tracheal_sg	42653
all_dm6_minus_tracheal_sg	42654
all_dm6_minus_tracheal_sg	42655
all_dm6_minus_tracheal_sg	42656
all_dm6_minus_tracheal_sg	42659
all_dm6_minus_tracheal_sg	42661
all_dm6_minus_tracheal_sg	42663
all_dm6_minus_tracheal_sg	42664
all_dm6_minus_tracheal_sg	42668
all_dm6_minus_tracheal_sg	42669
all_dm6_minus_tracheal_sg	42670
all_dm6_minus_tracheal_sg	42671
all_dm6_minus_tracheal_sg	42678
all_dm6_minus_tracheal_sg	42679
all_dm6_minus_tracheal_sg	42680
all_dm6_minus_tracheal_sg	42681
all_dm6_minus_tracheal_sg	42682
all_dm6_minus_tracheal_sg	42683
all_dm6_minus_tracheal_sg	42684
all_dm6_minus_tracheal_sg	42685
all_dm6_minus_tracheal_sg	42686
all_dm6_minus_tracheal_sg	42689
all_dm6_minus_tracheal_sg	42690
all_dm6_minus_tracheal_sg	42692
all_dm6_minus_tracheal_sg	42693
all_dm6_minus_tracheal_sg	42694
all_dm6_minus_tracheal_sg	42695
all_dm6_minus_tracheal_sg	42696
all_dm6_minus_tracheal_sg	42697
all_dm6_minus_tracheal_sg	42698
all_dm6_minus_tracheal_sg	42699
all_dm6_minus_tracheal_sg	42700
all_dm6_minus_tracheal_sg	42701
all_dm6_minus_tracheal_sg	42703
all_dm6_minus_tracheal_sg	42704
all_dm6_minus_tracheal_sg	42705
all_dm6_minus_tracheal_sg	42706
all_dm6_minus_tracheal_sg	42708
all_dm6_minus_tracheal_sg	42709
all_dm6_minus_tracheal_sg	42710
all_dm6_minus_tracheal_sg	42711
all_dm6_minus_tracheal_sg	42712
all_dm6_minus_tracheal_sg	42716
all_dm6_minus_tracheal_sg	42718
all_dm6_minus_tracheal_sg	42719
all_dm6_minus_tracheal_sg	42720
all_dm6_minus_tracheal_sg	42726
all_dm6_minus_tracheal_sg	42727
all_dm6_minus_tracheal_sg	42728
all_dm6_minus_tracheal_sg	42729
all_dm6_minus_tracheal_sg	42730
all_dm6_minus_tracheal_sg	42731
all_dm6_minus_tracheal_sg	42732
all_dm6_minus_tracheal_sg	42733
all_dm6_minus_tracheal_sg	42734
all_dm6_minus_tracheal_sg	42735
all_dm6_minus_tracheal_sg	42736
all_dm6_minus_tracheal_sg	42738
all_dm6_minus_tracheal_sg	42739
all_dm6_minus_tracheal_sg	42740
all_dm6_minus_tracheal_sg	42743
all_dm6_minus_tracheal_sg	42745
all_dm6_minus_tracheal_sg	42748
all_dm6_minus_tracheal_sg	42749
all_dm6_minus_tracheal_sg	42750
all_dm6_minus_tracheal_sg	42751
all_dm6_minus_tracheal_sg	42752
all_dm6_minus_tracheal_sg	42753
all_dm6_minus_tracheal_sg	42754
all_dm6_minus_tracheal_sg	42755
all_dm6_minus_tracheal_sg	42756
all_dm6_minus_tracheal_sg	42758
all_dm6_minus_tracheal_sg	42759
all_dm6_minus_tracheal_sg	42761
all_dm6_minus_tracheal_sg	42762
all_dm6_minus_tracheal_sg	42763
all_dm6_minus_tracheal_sg	42764
all_dm6_minus_tracheal_sg	42765
all_dm6_minus_tracheal_sg	42766
all_dm6_minus_tracheal_sg	42767
all_dm6_minus_tracheal_sg	42768
all_dm6_minus_tracheal_sg	42769
all_dm6_minus_tracheal_sg	42770
all_dm6_minus_tracheal_sg	42772
all_dm6_minus_tracheal_sg	42774
all_dm6_minus_tracheal_sg	42775
all_dm6_minus_tracheal_sg	42776
all_dm6_minus_tracheal_sg	42777
all_dm6_minus_tracheal_sg	42778
all_dm6_minus_tracheal_sg	42780
all_dm6_minus_tracheal_sg	42781
all_dm6_minus_tracheal_sg	42782
all_dm6_minus_tracheal_sg	42783
all_dm6_minus_tracheal_sg	42787
all_dm6_minus_tracheal_sg	42788
all_dm6_minus_tracheal_sg	42789
all_dm6_minus_tracheal_sg	42790
all_dm6_minus_tracheal_sg	42791
all_dm6_minus_tracheal_sg	42793
all_dm6_minus_tracheal_sg	42794
all_dm6_minus_tracheal_sg	42795
all_dm6_minus_tracheal_sg	42796
all_dm6_minus_tracheal_sg	42797
all_dm6_minus_tracheal_sg	42798
all_dm6_minus_tracheal_sg	42799
all_dm6_minus_tracheal_sg	42800
all_dm6_minus_tracheal_sg	42802
all_dm6_minus_tracheal_sg	42803
all_dm6_minus_tracheal_sg	42804
all_dm6_minus_tracheal_sg	42805
all_dm6_minus_tracheal_sg	42806
all_dm6_minus_tracheal_sg	42807
all_dm6_minus_tracheal_sg	42808
all_dm6_minus_tracheal_sg	42810
all_dm6_minus_tracheal_sg	42811
all_dm6_minus_tracheal_sg	42812
all_dm6_minus_tracheal_sg	42813
all_dm6_minus_tracheal_sg	42814
all_dm6_minus_tracheal_sg	42816
all_dm6_minus_tracheal_sg	42817
all_dm6_minus_tracheal_sg	42820
all_dm6_minus_tracheal_sg	42822
all_dm6_minus_tracheal_sg	42823
all_dm6_minus_tracheal_sg	42824
all_dm6_minus_tracheal_sg	42825
all_dm6_minus_tracheal_sg	42826
all_dm6_minus_tracheal_sg	42827
all_dm6_minus_tracheal_sg	42828
all_dm6_minus_tracheal_sg	42829
all_dm6_minus_tracheal_sg	42830
all_dm6_minus_tracheal_sg	42831
all_dm6_minus_tracheal_sg	42832
all_dm6_minus_tracheal_sg	42834
all_dm6_minus_tracheal_sg	42835
all_dm6_minus_tracheal_sg	42836
all_dm6_minus_tracheal_sg	42838
all_dm6_minus_tracheal_sg	42839
all_dm6_minus_tracheal_sg	42840
all_dm6_minus_tracheal_sg	42842
all_dm6_minus_tracheal_sg	42843
all_dm6_minus_tracheal_sg	42844
all_dm6_minus_tracheal_sg	42845
all_dm6_minus_tracheal_sg	42846
all_dm6_minus_tracheal_sg	42848
all_dm6_minus_tracheal_sg	42849
all_dm6_minus_tracheal_sg	42850
all_dm6_minus_tracheal_sg	42851
all_dm6_minus_tracheal_sg	42852
all_dm6_minus_tracheal_sg	42853
all_dm6_minus_tracheal_sg	42854
all_dm6_minus_tracheal_sg	42855
all_dm6_minus_tracheal_sg	42857
all_dm6_minus_tracheal_sg	42858
all_dm6_minus_tracheal_sg	42859
all_dm6_minus_tracheal_sg	42860
all_dm6_minus_tracheal_sg	42861
all_dm6_minus_tracheal_sg	42863
all_dm6_minus_tracheal_sg	42864
all_dm6_minus_tracheal_sg	42865
all_dm6_minus_tracheal_sg	42866
all_dm6_minus_tracheal_sg	42867
all_dm6_minus_tracheal_sg	42869
all_dm6_minus_tracheal_sg	42870
all_dm6_minus_tracheal_sg	42871
all_dm6_minus_tracheal_sg	42872
all_dm6_minus_tracheal_sg	42873
all_dm6_minus_tracheal_sg	42874
all_dm6_minus_tracheal_sg	42875
all_dm6_minus_tracheal_sg	42876
all_dm6_minus_tracheal_sg	42877
all_dm6_minus_tracheal_sg	42881
all_dm6_minus_tracheal_sg	42882
all_dm6_minus_tracheal_sg	42883
all_dm6_minus_tracheal_sg	42888
all_dm6_minus_tracheal_sg	42892
all_dm6_minus_tracheal_sg	42895
all_dm6_minus_tracheal_sg	42897
all_dm6_minus_tracheal_sg	42898
all_dm6_minus_tracheal_sg	42900
all_dm6_minus_tracheal_sg	42901
all_dm6_minus_tracheal_sg	42904
all_dm6_minus_tracheal_sg	42905
all_dm6_minus_tracheal_sg	42906
all_dm6_minus_tracheal_sg	42907
all_dm6_minus_tracheal_sg	42909
all_dm6_minus_tracheal_sg	42910
all_dm6_minus_tracheal_sg	42911
all_dm6_minus_tracheal_sg	42912
all_dm6_minus_tracheal_sg	42913
all_dm6_minus_tracheal_sg	42914
all_dm6_minus_tracheal_sg	42915
all_dm6_minus_tracheal_sg	42916
all_dm6_minus_tracheal_sg	42917
all_dm6_minus_tracheal_sg	42918
all_dm6_minus_tracheal_sg	42919
all_dm6_minus_tracheal_sg	42920
all_dm6_minus_tracheal_sg	42921
all_dm6_minus_tracheal_sg	42922
all_dm6_minus_tracheal_sg	42923
all_dm6_minus_tracheal_sg	42924
all_dm6_minus_tracheal_sg	42925
all_dm6_minus_tracheal_sg	42926
all_dm6_minus_tracheal_sg	42927
all_dm6_minus_tracheal_sg	42928
all_dm6_minus_tracheal_sg	42929
all_dm6_minus_tracheal_sg	42931
all_dm6_minus_tracheal_sg	42935
all_dm6_minus_tracheal_sg	42936
all_dm6_minus_tracheal_sg	42939
all_dm6_minus_tracheal_sg	42940
all_dm6_minus_tracheal_sg	42942
all_dm6_minus_tracheal_sg	42943
all_dm6_minus_tracheal_sg	42944
all_dm6_minus_tracheal_sg	42945
all_dm6_minus_tracheal_sg	42946
all_dm6_minus_tracheal_sg	42950
all_dm6_minus_tracheal_sg	42951
all_dm6_minus_tracheal_sg	42952
all_dm6_minus_tracheal_sg	42953
all_dm6_minus_tracheal_sg	42954
all_dm6_minus_tracheal_sg	42955
all_dm6_minus_tracheal_sg	42956
all_dm6_minus_tracheal_sg	42957
all_dm6_minus_tracheal_sg	42958
all_dm6_minus_tracheal_sg	42959
all_dm6_minus_tracheal_sg	42960
all_dm6_minus_tracheal_sg	42961
all_dm6_minus_tracheal_sg	42964
all_dm6_minus_tracheal_sg	42965
all_dm6_minus_tracheal_sg	42968
all_dm6_minus_tracheal_sg	42969
all_dm6_minus_tracheal_sg	42970
all_dm6_minus_tracheal_sg	42972
all_dm6_minus_tracheal_sg	42978
all_dm6_minus_tracheal_sg	42979
all_dm6_minus_tracheal_sg	42981
all_dm6_minus_tracheal_sg	42982
all_dm6_minus_tracheal_sg	42983
all_dm6_minus_tracheal_sg	42984
all_dm6_minus_tracheal_sg	42986
all_dm6_minus_tracheal_sg	42987
all_dm6_minus_tracheal_sg	42988
all_dm6_minus_tracheal_sg	42990
all_dm6_minus_tracheal_sg	42991
all_dm6_minus_tracheal_sg	42992
all_dm6_minus_tracheal_sg	42993
all_dm6_minus_tracheal_sg	42994
all_dm6_minus_tracheal_sg	42995
all_dm6_minus_tracheal_sg	43001
all_dm6_minus_tracheal_sg	43002
all_dm6_minus_tracheal_sg	43003
all_dm6_minus_tracheal_sg	43004
all_dm6_minus_tracheal_sg	43006
all_dm6_minus_tracheal_sg	43007
all_dm6_minus_tracheal_sg	43008
all_dm6_minus_tracheal_sg	43009
all_dm6_minus_tracheal_sg	43010
all_dm6_minus_tracheal_sg	43011
all_dm6_minus_tracheal_sg	43012
all_dm6_minus_tracheal_sg	43014
all_dm6_minus_tracheal_sg	43015
all_dm6_minus_tracheal_sg	43016
all_dm6_minus_tracheal_sg	43017
all_dm6_minus_tracheal_sg	43018
all_dm6_minus_tracheal_sg	43019
all_dm6_minus_tracheal_sg	43020
all_dm6_minus_tracheal_sg	43023
all_dm6_minus_tracheal_sg	43025
all_dm6_minus_tracheal_sg	43028
all_dm6_minus_tracheal_sg	43029
all_dm6_minus_tracheal_sg	43030
all_dm6_minus_tracheal_sg	43031
all_dm6_minus_tracheal_sg	43034
all_dm6_minus_tracheal_sg	43035
all_dm6_minus_tracheal_sg	43036
all_dm6_minus_tracheal_sg	43037
all_dm6_minus_tracheal_sg	43038
all_dm6_minus_tracheal_sg	43039
all_dm6_minus_tracheal_sg	43040
all_dm6_minus_tracheal_sg	43041
all_dm6_minus_tracheal_sg	43043
all_dm6_minus_tracheal_sg	43044
all_dm6_minus_tracheal_sg	43046
all_dm6_minus_tracheal_sg	43050
all_dm6_minus_tracheal_sg	43051
all_dm6_minus_tracheal_sg	43052
all_dm6_minus_tracheal_sg	43053
all_dm6_minus_tracheal_sg	43054
all_dm6_minus_tracheal_sg	43055
all_dm6_minus_tracheal_sg	43056
all_dm6_minus_tracheal_sg	43057
all_dm6_minus_tracheal_sg	43058
all_dm6_minus_tracheal_sg	43059
all_dm6_minus_tracheal_sg	43060
all_dm6_minus_tracheal_sg	43061
all_dm6_minus_tracheal_sg	43062
all_dm6_minus_tracheal_sg	43063
all_dm6_minus_tracheal_sg	43064
all_dm6_minus_tracheal_sg	43065
all_dm6_minus_tracheal_sg	43066
all_dm6_minus_tracheal_sg	43067
all_dm6_minus_tracheal_sg	43069
all_dm6_minus_tracheal_sg	43070
all_dm6_minus_tracheal_sg	43071
all_dm6_minus_tracheal_sg	43072
all_dm6_minus_tracheal_sg	43073
all_dm6_minus_tracheal_sg	43074
all_dm6_minus_tracheal_sg	43077
all_dm6_minus_tracheal_sg	43078
all_dm6_minus_tracheal_sg	43079
all_dm6_minus_tracheal_sg	43080
all_dm6_minus_tracheal_sg	43081
all_dm6_minus_tracheal_sg	43083
all_dm6_minus_tracheal_sg	43084
all_dm6_minus_tracheal_sg	43085
all_dm6_minus_tracheal_sg	43086
all_dm6_minus_tracheal_sg	43088
all_dm6_minus_tracheal_sg	43089
all_dm6_minus_tracheal_sg	43090
all_dm6_minus_tracheal_sg	43091
all_dm6_minus_tracheal_sg	43092
all_dm6_minus_tracheal_sg	43093
all_dm6_minus_tracheal_sg	43098
all_dm6_minus_tracheal_sg	43099
all_dm6_minus_tracheal_sg	43100
all_dm6_minus_tracheal_sg	43101
all_dm6_minus_tracheal_sg	43102
all_dm6_minus_tracheal_sg	43103
all_dm6_minus_tracheal_sg	43104
all_dm6_minus_tracheal_sg	43105
all_dm6_minus_tracheal_sg	43110
all_dm6_minus_tracheal_sg	43111
all_dm6_minus_tracheal_sg	43112
all_dm6_minus_tracheal_sg	43113
all_dm6_minus_tracheal_sg	43114
all_dm6_minus_tracheal_sg	43115
all_dm6_minus_tracheal_sg	43116
all_dm6_minus_tracheal_sg	43117
all_dm6_minus_tracheal_sg	43118
all_dm6_minus_tracheal_sg	43120
all_dm6_minus_tracheal_sg	43121
all_dm6_minus_tracheal_sg	43122
all_dm6_minus_tracheal_sg	43124
all_dm6_minus_tracheal_sg	43126
all_dm6_minus_tracheal_sg	43128
all_dm6_minus_tracheal_sg	43130
all_dm6_minus_tracheal_sg	43132
all_dm6_minus_tracheal_sg	43133
all_dm6_minus_tracheal_sg	43134
all_dm6_minus_tracheal_sg	43135
all_dm6_minus_tracheal_sg	43136
all_dm6_minus_tracheal_sg	43142
all_dm6_minus_tracheal_sg	43145
all_dm6_minus_tracheal_sg	43146
all_dm6_minus_tracheal_sg	43148
all_dm6_minus_tracheal_sg	43149
all_dm6_minus_tracheal_sg	43150
all_dm6_minus_tracheal_sg	43154
all_dm6_minus_tracheal_sg	43157
all_dm6_minus_tracheal_sg	43158
all_dm6_minus_tracheal_sg	43163
all_dm6_minus_tracheal_sg	43164
all_dm6_minus_tracheal_sg	43166
all_dm6_minus_tracheal_sg	43167
all_dm6_minus_tracheal_sg	43168
all_dm6_minus_tracheal_sg	43169
all_dm6_minus_tracheal_sg	43170
all_dm6_minus_tracheal_sg	43171
all_dm6_minus_tracheal_sg	43176
all_dm6_minus_tracheal_sg	43178
all_dm6_minus_tracheal_sg	43179
all_dm6_minus_tracheal_sg	43180
all_dm6_minus_tracheal_sg	43181
all_dm6_minus_tracheal_sg	43182
all_dm6_minus_tracheal_sg	43184
all_dm6_minus_tracheal_sg	43185
all_dm6_minus_tracheal_sg	43186
all_dm6_minus_tracheal_sg	43188
all_dm6_minus_tracheal_sg	43189
all_dm6_minus_tracheal_sg	43190
all_dm6_minus_tracheal_sg	43191
all_dm6_minus_tracheal_sg	43192
all_dm6_minus_tracheal_sg	43193
all_dm6_minus_tracheal_sg	43194
all_dm6_minus_tracheal_sg	43195
all_dm6_minus_tracheal_sg	43196
all_dm6_minus_tracheal_sg	43197
all_dm6_minus_tracheal_sg	43200
all_dm6_minus_tracheal_sg	43201
all_dm6_minus_tracheal_sg	43202
all_dm6_minus_tracheal_sg	43203
all_dm6_minus_tracheal_sg	43204
all_dm6_minus_tracheal_sg	43205
all_dm6_minus_tracheal_sg	43206
all_dm6_minus_tracheal_sg	43207
all_dm6_minus_tracheal_sg	43208
all_dm6_minus_tracheal_sg	43209
all_dm6_minus_tracheal_sg	43210
all_dm6_minus_tracheal_sg	43212
all_dm6_minus_tracheal_sg	43213
all_dm6_minus_tracheal_sg	43214
all_dm6_minus_tracheal_sg	43215
all_dm6_minus_tracheal_sg	43216
all_dm6_minus_tracheal_sg	43218
all_dm6_minus_tracheal_sg	43220
all_dm6_minus_tracheal_sg	43221
all_dm6_minus_tracheal_sg	43223
all_dm6_minus_tracheal_sg	43227
all_dm6_minus_tracheal_sg	43231
all_dm6_minus_tracheal_sg	43232
all_dm6_minus_tracheal_sg	43233
all_dm6_minus_tracheal_sg	43235
all_dm6_minus_tracheal_sg	43236
all_dm6_minus_tracheal_sg	43238
all_dm6_minus_tracheal_sg	43239
all_dm6_minus_tracheal_sg	43240
all_dm6_minus_tracheal_sg	43242
all_dm6_minus_tracheal_sg	43243
all_dm6_minus_tracheal_sg	43244
all_dm6_minus_tracheal_sg	43245
all_dm6_minus_tracheal_sg	43246
all_dm6_minus_tracheal_sg	43247
all_dm6_minus_tracheal_sg	43248
all_dm6_minus_tracheal_sg	43249
all_dm6_minus_tracheal_sg	43250
all_dm6_minus_tracheal_sg	43251
all_dm6_minus_tracheal_sg	43252
all_dm6_minus_tracheal_sg	43253
all_dm6_minus_tracheal_sg	43255
all_dm6_minus_tracheal_sg	43256
all_dm6_minus_tracheal_sg	43257
all_dm6_minus_tracheal_sg	43258
all_dm6_minus_tracheal_sg	43260
all_dm6_minus_tracheal_sg	43261
all_dm6_minus_tracheal_sg	43262
all_dm6_minus_tracheal_sg	43263
all_dm6_minus_tracheal_sg	43264
all_dm6_minus_tracheal_sg	43265
all_dm6_minus_tracheal_sg	43266
all_dm6_minus_tracheal_sg	43267
all_dm6_minus_tracheal_sg	43268
all_dm6_minus_tracheal_sg	43269
all_dm6_minus_tracheal_sg	43270
all_dm6_minus_tracheal_sg	43274
all_dm6_minus_tracheal_sg	43275
all_dm6_minus_tracheal_sg	43276
all_dm6_minus_tracheal_sg	43277
all_dm6_minus_tracheal_sg	43278
all_dm6_minus_tracheal_sg	43279
all_dm6_minus_tracheal_sg	43281
all_dm6_minus_tracheal_sg	43282
all_dm6_minus_tracheal_sg	43283
all_dm6_minus_tracheal_sg	43284
all_dm6_minus_tracheal_sg	43286
all_dm6_minus_tracheal_sg	43287
all_dm6_minus_tracheal_sg	43288
all_dm6_minus_tracheal_sg	43289
all_dm6_minus_tracheal_sg	43290
all_dm6_minus_tracheal_sg	43291
all_dm6_minus_tracheal_sg	43292
all_dm6_minus_tracheal_sg	43293
all_dm6_minus_tracheal_sg	43295
all_dm6_minus_tracheal_sg	43296
all_dm6_minus_tracheal_sg	43298
all_dm6_minus_tracheal_sg	43303
all_dm6_minus_tracheal_sg	43304
all_dm6_minus_tracheal_sg	43305
all_dm6_minus_tracheal_sg	43306
all_dm6_minus_tracheal_sg	43307
all_dm6_minus_tracheal_sg	43308
all_dm6_minus_tracheal_sg	43309
all_dm6_minus_tracheal_sg	43311
all_dm6_minus_tracheal_sg	43312
all_dm6_minus_tracheal_sg	43314
all_dm6_minus_tracheal_sg	43315
all_dm6_minus_tracheal_sg	43316
all_dm6_minus_tracheal_sg	43317
all_dm6_minus_tracheal_sg	43318
all_dm6_minus_tracheal_sg	43321
all_dm6_minus_tracheal_sg	43324
all_dm6_minus_tracheal_sg	43326
all_dm6_minus_tracheal_sg	43327
all_dm6_minus_tracheal_sg	43329
all_dm6_minus_tracheal_sg	43330
all_dm6_minus_tracheal_sg	43331
all_dm6_minus_tracheal_sg	43332
all_dm6_minus_tracheal_sg	43333
all_dm6_minus_tracheal_sg	43334
all_dm6_minus_tracheal_sg	43341
all_dm6_minus_tracheal_sg	43342
all_dm6_minus_tracheal_sg	43343
all_dm6_minus_tracheal_sg	43344
all_dm6_minus_tracheal_sg	43345
all_dm6_minus_tracheal_sg	43347
all_dm6_minus_tracheal_sg	43349
all_dm6_minus_tracheal_sg	43350
all_dm6_minus_tracheal_sg	43351
all_dm6_minus_tracheal_sg	43353
all_dm6_minus_tracheal_sg	43355
all_dm6_minus_tracheal_sg	43356
all_dm6_minus_tracheal_sg	43357
all_dm6_minus_tracheal_sg	43358
all_dm6_minus_tracheal_sg	43360
all_dm6_minus_tracheal_sg	43362
all_dm6_minus_tracheal_sg	43367
all_dm6_minus_tracheal_sg	43369
all_dm6_minus_tracheal_sg	43370
all_dm6_minus_tracheal_sg	43374
all_dm6_minus_tracheal_sg	43375
all_dm6_minus_tracheal_sg	43377
all_dm6_minus_tracheal_sg	43378
all_dm6_minus_tracheal_sg	43379
all_dm6_minus_tracheal_sg	43382
all_dm6_minus_tracheal_sg	43386
all_dm6_minus_tracheal_sg	43387
all_dm6_minus_tracheal_sg	43388
all_dm6_minus_tracheal_sg	43389
all_dm6_minus_tracheal_sg	43390
all_dm6_minus_tracheal_sg	43392
all_dm6_minus_tracheal_sg	43393
all_dm6_minus_tracheal_sg	43394
all_dm6_minus_tracheal_sg	43395
all_dm6_minus_tracheal_sg	43396
all_dm6_minus_tracheal_sg	43397
all_dm6_minus_tracheal_sg	43398
all_dm6_minus_tracheal_sg	43399
all_dm6_minus_tracheal_sg	43400
all_dm6_minus_tracheal_sg	43401
all_dm6_minus_tracheal_sg	43404
all_dm6_minus_tracheal_sg	43408
all_dm6_minus_tracheal_sg	43410
all_dm6_minus_tracheal_sg	43411
all_dm6_minus_tracheal_sg	43412
all_dm6_minus_tracheal_sg	43413
all_dm6_minus_tracheal_sg	43414
all_dm6_minus_tracheal_sg	43415
all_dm6_minus_tracheal_sg	43416
all_dm6_minus_tracheal_sg	43417
all_dm6_minus_tracheal_sg	43420
all_dm6_minus_tracheal_sg	43421
all_dm6_minus_tracheal_sg	43422
all_dm6_minus_tracheal_sg	43423
all_dm6_minus_tracheal_sg	43424
all_dm6_minus_tracheal_sg	43425
all_dm6_minus_tracheal_sg	43426
all_dm6_minus_tracheal_sg	43427
all_dm6_minus_tracheal_sg	43429
all_dm6_minus_tracheal_sg	43430
all_dm6_minus_tracheal_sg	43431
all_dm6_minus_tracheal_sg	43432
all_dm6_minus_tracheal_sg	43433
all_dm6_minus_tracheal_sg	43434
all_dm6_minus_tracheal_sg	43435
all_dm6_minus_tracheal_sg	43437
all_dm6_minus_tracheal_sg	43438
all_dm6_minus_tracheal_sg	43439
all_dm6_minus_tracheal_sg	43440
all_dm6_minus_tracheal_sg	43441
all_dm6_minus_tracheal_sg	43442
all_dm6_minus_tracheal_sg	43443
all_dm6_minus_tracheal_sg	43444
all_dm6_minus_tracheal_sg	43445
all_dm6_minus_tracheal_sg	43446
all_dm6_minus_tracheal_sg	43448
all_dm6_minus_tracheal_sg	43449
all_dm6_minus_tracheal_sg	43450
all_dm6_minus_tracheal_sg	43451
all_dm6_minus_tracheal_sg	43453
all_dm6_minus_tracheal_sg	43454
all_dm6_minus_tracheal_sg	43456
all_dm6_minus_tracheal_sg	43457
all_dm6_minus_tracheal_sg	43459
all_dm6_minus_tracheal_sg	43460
all_dm6_minus_tracheal_sg	43461
all_dm6_minus_tracheal_sg	43462
all_dm6_minus_tracheal_sg	43463
all_dm6_minus_tracheal_sg	43464
all_dm6_minus_tracheal_sg	43467
all_dm6_minus_tracheal_sg	43471
all_dm6_minus_tracheal_sg	43472
all_dm6_minus_tracheal_sg	43474
all_dm6_minus_tracheal_sg	43475
all_dm6_minus_tracheal_sg	43476
all_dm6_minus_tracheal_sg	43477
all_dm6_minus_tracheal_sg	43480
all_dm6_minus_tracheal_sg	43482
all_dm6_minus_tracheal_sg	43483
all_dm6_minus_tracheal_sg	43484
all_dm6_minus_tracheal_sg	43485
all_dm6_minus_tracheal_sg	43486
all_dm6_minus_tracheal_sg	43487
all_dm6_minus_tracheal_sg	43491
all_dm6_minus_tracheal_sg	43492
all_dm6_minus_tracheal_sg	43493
all_dm6_minus_tracheal_sg	43495
all_dm6_minus_tracheal_sg	43497
all_dm6_minus_tracheal_sg	43498
all_dm6_minus_tracheal_sg	43499
all_dm6_minus_tracheal_sg	43500
all_dm6_minus_tracheal_sg	43502
all_dm6_minus_tracheal_sg	43503
all_dm6_minus_tracheal_sg	43505
all_dm6_minus_tracheal_sg	43506
all_dm6_minus_tracheal_sg	43507
all_dm6_minus_tracheal_sg	43508
all_dm6_minus_tracheal_sg	43512
all_dm6_minus_tracheal_sg	43513
all_dm6_minus_tracheal_sg	43514
all_dm6_minus_tracheal_sg	43515
all_dm6_minus_tracheal_sg	43516
all_dm6_minus_tracheal_sg	43517
all_dm6_minus_tracheal_sg	43518
all_dm6_minus_tracheal_sg	43521
all_dm6_minus_tracheal_sg	43522
all_dm6_minus_tracheal_sg	43523
all_dm6_minus_tracheal_sg	43526
all_dm6_minus_tracheal_sg	43529
all_dm6_minus_tracheal_sg	43530
all_dm6_minus_tracheal_sg	43531
all_dm6_minus_tracheal_sg	43532
all_dm6_minus_tracheal_sg	43533
all_dm6_minus_tracheal_sg	43535
all_dm6_minus_tracheal_sg	43537
all_dm6_minus_tracheal_sg	43538
all_dm6_minus_tracheal_sg	43542
all_dm6_minus_tracheal_sg	43543
all_dm6_minus_tracheal_sg	43544
all_dm6_minus_tracheal_sg	43545
all_dm6_minus_tracheal_sg	43546
all_dm6_minus_tracheal_sg	43547
all_dm6_minus_tracheal_sg	43548
all_dm6_minus_tracheal_sg	43549
all_dm6_minus_tracheal_sg	43550
all_dm6_minus_tracheal_sg	43551
all_dm6_minus_tracheal_sg	43552
all_dm6_minus_tracheal_sg	43554
all_dm6_minus_tracheal_sg	43555
all_dm6_minus_tracheal_sg	43556
all_dm6_minus_tracheal_sg	43557
all_dm6_minus_tracheal_sg	43558
all_dm6_minus_tracheal_sg	43559
all_dm6_minus_tracheal_sg	43560
all_dm6_minus_tracheal_sg	43561
all_dm6_minus_tracheal_sg	43562
all_dm6_minus_tracheal_sg	43563
all_dm6_minus_tracheal_sg	43564
all_dm6_minus_tracheal_sg	43565
all_dm6_minus_tracheal_sg	43566
all_dm6_minus_tracheal_sg	43567
all_dm6_minus_tracheal_sg	43568
all_dm6_minus_tracheal_sg	43569
all_dm6_minus_tracheal_sg	43570
all_dm6_minus_tracheal_sg	43571
all_dm6_minus_tracheal_sg	43572
all_dm6_minus_tracheal_sg	43573
all_dm6_minus_tracheal_sg	43574
all_dm6_minus_tracheal_sg	43575
all_dm6_minus_tracheal_sg	43576
all_dm6_minus_tracheal_sg	43577
all_dm6_minus_tracheal_sg	43578
all_dm6_minus_tracheal_sg	43579
all_dm6_minus_tracheal_sg	43581
all_dm6_minus_tracheal_sg	43583
all_dm6_minus_tracheal_sg	43585
all_dm6_minus_tracheal_sg	43588
all_dm6_minus_tracheal_sg	43589
all_dm6_minus_tracheal_sg	43590
all_dm6_minus_tracheal_sg	43592
all_dm6_minus_tracheal_sg	43594
all_dm6_minus_tracheal_sg	43595
all_dm6_minus_tracheal_sg	43596
all_dm6_minus_tracheal_sg	43597
all_dm6_minus_tracheal_sg	43598
all_dm6_minus_tracheal_sg	43599
all_dm6_minus_tracheal_sg	43600
all_dm6_minus_tracheal_sg	43601
all_dm6_minus_tracheal_sg	43602
all_dm6_minus_tracheal_sg	43603
all_dm6_minus_tracheal_sg	43607
all_dm6_minus_tracheal_sg	43608
all_dm6_minus_tracheal_sg	43609
all_dm6_minus_tracheal_sg	43610
all_dm6_minus_tracheal_sg	43611
all_dm6_minus_tracheal_sg	43612
all_dm6_minus_tracheal_sg	43613
all_dm6_minus_tracheal_sg	43614
all_dm6_minus_tracheal_sg	43615
all_dm6_minus_tracheal_sg	43616
all_dm6_minus_tracheal_sg	43617
all_dm6_minus_tracheal_sg	43618
all_dm6_minus_tracheal_sg	43621
all_dm6_minus_tracheal_sg	43622
all_dm6_minus_tracheal_sg	43624
all_dm6_minus_tracheal_sg	43625
all_dm6_minus_tracheal_sg	43626
all_dm6_minus_tracheal_sg	43627
all_dm6_minus_tracheal_sg	43628
all_dm6_minus_tracheal_sg	43629
all_dm6_minus_tracheal_sg	43630
all_dm6_minus_tracheal_sg	43633
all_dm6_minus_tracheal_sg	43634
all_dm6_minus_tracheal_sg	43635
all_dm6_minus_tracheal_sg	43637
all_dm6_minus_tracheal_sg	43638
all_dm6_minus_tracheal_sg	43639
all_dm6_minus_tracheal_sg	43640
all_dm6_minus_tracheal_sg	43643
all_dm6_minus_tracheal_sg	43644
all_dm6_minus_tracheal_sg	43645
all_dm6_minus_tracheal_sg	43646
all_dm6_minus_tracheal_sg	43647
all_dm6_minus_tracheal_sg	43649
all_dm6_minus_tracheal_sg	43651
all_dm6_minus_tracheal_sg	43652
all_dm6_minus_tracheal_sg	43655
all_dm6_minus_tracheal_sg	43656
all_dm6_minus_tracheal_sg	43657
all_dm6_minus_tracheal_sg	43658
all_dm6_minus_tracheal_sg	43659
all_dm6_minus_tracheal_sg	43660
all_dm6_minus_tracheal_sg	43661
all_dm6_minus_tracheal_sg	43664
all_dm6_minus_tracheal_sg	43665
all_dm6_minus_tracheal_sg	43666
all_dm6_minus_tracheal_sg	43667
all_dm6_minus_tracheal_sg	43668
all_dm6_minus_tracheal_sg	43669
all_dm6_minus_tracheal_sg	43670
all_dm6_minus_tracheal_sg	43671
all_dm6_minus_tracheal_sg	43672
all_dm6_minus_tracheal_sg	43673
all_dm6_minus_tracheal_sg	43676
all_dm6_minus_tracheal_sg	43677
all_dm6_minus_tracheal_sg	43678
all_dm6_minus_tracheal_sg	43679
all_dm6_minus_tracheal_sg	43680
all_dm6_minus_tracheal_sg	43681
all_dm6_minus_tracheal_sg	43682
all_dm6_minus_tracheal_sg	43683
all_dm6_minus_tracheal_sg	43687
all_dm6_minus_tracheal_sg	43688
all_dm6_minus_tracheal_sg	43689
all_dm6_minus_tracheal_sg	43690
all_dm6_minus_tracheal_sg	43692
all_dm6_minus_tracheal_sg	43695
all_dm6_minus_tracheal_sg	43696
all_dm6_minus_tracheal_sg	43698
all_dm6_minus_tracheal_sg	43699
all_dm6_minus_tracheal_sg	43700
all_dm6_minus_tracheal_sg	43701
all_dm6_minus_tracheal_sg	43702
all_dm6_minus_tracheal_sg	43703
all_dm6_minus_tracheal_sg	43707
all_dm6_minus_tracheal_sg	43708
all_dm6_minus_tracheal_sg	43709
all_dm6_minus_tracheal_sg	43710
all_dm6_minus_tracheal_sg	43712
all_dm6_minus_tracheal_sg	43713
all_dm6_minus_tracheal_sg	43714
all_dm6_minus_tracheal_sg	43718
all_dm6_minus_tracheal_sg	43719
all_dm6_minus_tracheal_sg	43720
all_dm6_minus_tracheal_sg	43721
all_dm6_minus_tracheal_sg	43722
all_dm6_minus_tracheal_sg	43723
all_dm6_minus_tracheal_sg	43725
all_dm6_minus_tracheal_sg	43726
all_dm6_minus_tracheal_sg	43727
all_dm6_minus_tracheal_sg	43728
all_dm6_minus_tracheal_sg	43729
all_dm6_minus_tracheal_sg	43731
all_dm6_minus_tracheal_sg	43734
all_dm6_minus_tracheal_sg	43735
all_dm6_minus_tracheal_sg	43736
all_dm6_minus_tracheal_sg	43737
all_dm6_minus_tracheal_sg	43738
all_dm6_minus_tracheal_sg	43740
all_dm6_minus_tracheal_sg	43742
all_dm6_minus_tracheal_sg	43743
all_dm6_minus_tracheal_sg	43744
all_dm6_minus_tracheal_sg	43746
all_dm6_minus_tracheal_sg	43748
all_dm6_minus_tracheal_sg	43749
all_dm6_minus_tracheal_sg	43750
all_dm6_minus_tracheal_sg	43751
all_dm6_minus_tracheal_sg	43753
all_dm6_minus_tracheal_sg	43754
all_dm6_minus_tracheal_sg	43755
all_dm6_minus_tracheal_sg	43756
all_dm6_minus_tracheal_sg	43757
all_dm6_minus_tracheal_sg	43758
all_dm6_minus_tracheal_sg	43761
all_dm6_minus_tracheal_sg	43762
all_dm6_minus_tracheal_sg	43764
all_dm6_minus_tracheal_sg	43766
all_dm6_minus_tracheal_sg	43768
all_dm6_minus_tracheal_sg	43770
all_dm6_minus_tracheal_sg	43772
all_dm6_minus_tracheal_sg	43774
all_dm6_minus_tracheal_sg	43775
all_dm6_minus_tracheal_sg	43777
all_dm6_minus_tracheal_sg	43779
all_dm6_minus_tracheal_sg	43781
all_dm6_minus_tracheal_sg	43782
all_dm6_minus_tracheal_sg	43783
all_dm6_minus_tracheal_sg	43785
all_dm6_minus_tracheal_sg	43789
all_dm6_minus_tracheal_sg	43791
all_dm6_minus_tracheal_sg	43792
all_dm6_minus_tracheal_sg	43793
all_dm6_minus_tracheal_sg	43795
all_dm6_minus_tracheal_sg	43796
all_dm6_minus_tracheal_sg	43797
all_dm6_minus_tracheal_sg	43798
all_dm6_minus_tracheal_sg	43799
all_dm6_minus_tracheal_sg	43800
all_dm6_minus_tracheal_sg	43803
all_dm6_minus_tracheal_sg	43805
all_dm6_minus_tracheal_sg	43806
all_dm6_minus_tracheal_sg	43808
all_dm6_minus_tracheal_sg	43809
all_dm6_minus_tracheal_sg	43810
all_dm6_minus_tracheal_sg	43811
all_dm6_minus_tracheal_sg	43812
all_dm6_minus_tracheal_sg	43816
all_dm6_minus_tracheal_sg	43819
all_dm6_minus_tracheal_sg	43820
all_dm6_minus_tracheal_sg	43822
all_dm6_minus_tracheal_sg	43825
all_dm6_minus_tracheal_sg	43826
all_dm6_minus_tracheal_sg	43829
all_dm6_minus_tracheal_sg	43831
all_dm6_minus_tracheal_sg	43832
all_dm6_minus_tracheal_sg	43833
all_dm6_minus_tracheal_sg	43835
all_dm6_minus_tracheal_sg	43836
all_dm6_minus_tracheal_sg	43838
all_dm6_minus_tracheal_sg	43839
all_dm6_minus_tracheal_sg	43842
all_dm6_minus_tracheal_sg	43843
all_dm6_minus_tracheal_sg	43844
all_dm6_minus_tracheal_sg	43851
all_dm6_minus_tracheal_sg	43860
all_dm6_minus_tracheal_sg	43864
all_dm6_minus_tracheal_sg	43867
all_dm6_minus_tracheal_sg	43869
all_dm6_minus_tracheal_sg	43870
all_dm6_minus_tracheal_sg	43873
all_dm6_minus_tracheal_sg	43875
all_dm6_minus_tracheal_sg	43880
all_dm6_minus_tracheal_sg	43881
all_dm6_minus_tracheal_sg	43882
all_dm6_minus_tracheal_sg	43883
all_dm6_minus_tracheal_sg	43884
all_dm6_minus_tracheal_sg	43885
all_dm6_minus_tracheal_sg	43886
all_dm6_minus_tracheal_sg	43888
all_dm6_minus_tracheal_sg	43889
all_dm6_minus_tracheal_sg	43890
all_dm6_minus_tracheal_sg	43891
all_dm6_minus_tracheal_sg	43892
all_dm6_minus_tracheal_sg	43895
all_dm6_minus_tracheal_sg	43897
all_dm6_minus_tracheal_sg	43898
all_dm6_minus_tracheal_sg	43900
all_dm6_minus_tracheal_sg	43901
all_dm6_minus_tracheal_sg	43904
all_dm6_minus_tracheal_sg	43905
all_dm6_minus_tracheal_sg	43907
all_dm6_minus_tracheal_sg	43908
all_dm6_minus_tracheal_sg	43911
all_dm6_minus_tracheal_sg	43912
all_dm6_minus_tracheal_sg	43913
all_dm6_minus_tracheal_sg	43914
all_dm6_minus_tracheal_sg	43916
all_dm6_minus_tracheal_sg	43918
all_dm6_minus_tracheal_sg	43919
all_dm6_minus_tracheal_sg	43923
all_dm6_minus_tracheal_sg	43924
all_dm6_minus_tracheal_sg	43926
all_dm6_minus_tracheal_sg	43927
all_dm6_minus_tracheal_sg	43928
all_dm6_minus_tracheal_sg	43930
all_dm6_minus_tracheal_sg	43932
all_dm6_minus_tracheal_sg	43934
all_dm6_minus_tracheal_sg	43935
all_dm6_minus_tracheal_sg	43936
all_dm6_minus_tracheal_sg	43938
all_dm6_minus_tracheal_sg	43940
all_dm6_minus_tracheal_sg	43943
all_dm6_minus_tracheal_sg	43944
all_dm6_minus_tracheal_sg	43947
all_dm6_minus_tracheal_sg	43949
all_dm6_minus_tracheal_sg	43950
all_dm6_minus_tracheal_sg	43951
all_dm6_minus_tracheal_sg	43952
all_dm6_minus_tracheal_sg	43953
all_dm6_minus_tracheal_sg	43955
all_dm6_minus_tracheal_sg	43956
all_dm6_minus_tracheal_sg	43958
all_dm6_minus_tracheal_sg	43960
all_dm6_minus_tracheal_sg	43972
all_dm6_minus_tracheal_sg	43974
all_dm6_minus_tracheal_sg	43978
all_dm6_minus_tracheal_sg	43980
all_dm6_minus_tracheal_sg	43981
all_dm6_minus_tracheal_sg	43982
all_dm6_minus_tracheal_sg	43984
all_dm6_minus_tracheal_sg	43986
all_dm6_minus_tracheal_sg	43988
all_dm6_minus_tracheal_sg	43989
all_dm6_minus_tracheal_sg	43990
all_dm6_minus_tracheal_sg	43999
all_dm6_minus_tracheal_sg	44000
all_dm6_minus_tracheal_sg	44001
all_dm6_minus_tracheal_sg	44002
all_dm6_minus_tracheal_sg	44006
all_dm6_minus_tracheal_sg	44007
all_dm6_minus_tracheal_sg	44008
all_dm6_minus_tracheal_sg	44009
all_dm6_minus_tracheal_sg	44012
all_dm6_minus_tracheal_sg	44014
all_dm6_minus_tracheal_sg	44015
all_dm6_minus_tracheal_sg	44017
all_dm6_minus_tracheal_sg	44018
all_dm6_minus_tracheal_sg	44019
all_dm6_minus_tracheal_sg	44020
all_dm6_minus_tracheal_sg	44021
all_dm6_minus_tracheal_sg	44025
all_dm6_minus_tracheal_sg	44030
all_dm6_minus_tracheal_sg	44033
all_dm6_minus_tracheal_sg	44034
all_dm6_minus_tracheal_sg	44035
all_dm6_minus_tracheal_sg	44038
all_dm6_minus_tracheal_sg	44039
all_dm6_minus_tracheal_sg	44041
all_dm6_minus_tracheal_sg	44043
all_dm6_minus_tracheal_sg	44044
all_dm6_minus_tracheal_sg	44045
all_dm6_minus_tracheal_sg	44046
all_dm6_minus_tracheal_sg	44050
all_dm6_minus_tracheal_sg	44051
all_dm6_minus_tracheal_sg	44052
all_dm6_minus_tracheal_sg	44054
all_dm6_minus_tracheal_sg	44055
all_dm6_minus_tracheal_sg	44056
all_dm6_minus_tracheal_sg	44058
all_dm6_minus_tracheal_sg	44059
all_dm6_minus_tracheal_sg	44063
all_dm6_minus_tracheal_sg	44064
all_dm6_minus_tracheal_sg	44066
all_dm6_minus_tracheal_sg	44067
all_dm6_minus_tracheal_sg	44074
all_dm6_minus_tracheal_sg	44079
all_dm6_minus_tracheal_sg	44082
all_dm6_minus_tracheal_sg	44083
all_dm6_minus_tracheal_sg	44084
all_dm6_minus_tracheal_sg	44086
all_dm6_minus_tracheal_sg	44088
all_dm6_minus_tracheal_sg	44090
all_dm6_minus_tracheal_sg	44094
all_dm6_minus_tracheal_sg	44096
all_dm6_minus_tracheal_sg	44098
all_dm6_minus_tracheal_sg	44099
all_dm6_minus_tracheal_sg	44100
all_dm6_minus_tracheal_sg	44104
all_dm6_minus_tracheal_sg	44105
all_dm6_minus_tracheal_sg	44108
all_dm6_minus_tracheal_sg	44109
all_dm6_minus_tracheal_sg	44110
all_dm6_minus_tracheal_sg	44111
all_dm6_minus_tracheal_sg	44115
all_dm6_minus_tracheal_sg	44117
all_dm6_minus_tracheal_sg	44120
all_dm6_minus_tracheal_sg	44121
all_dm6_minus_tracheal_sg	44122
all_dm6_minus_tracheal_sg	44123
all_dm6_minus_tracheal_sg	44125
all_dm6_minus_tracheal_sg	44126
all_dm6_minus_tracheal_sg	44128
all_dm6_minus_tracheal_sg	44129
all_dm6_minus_tracheal_sg	44131
all_dm6_minus_tracheal_sg	44132
all_dm6_minus_tracheal_sg	44133
all_dm6_minus_tracheal_sg	44134
all_dm6_minus_tracheal_sg	44136
all_dm6_minus_tracheal_sg	44137
all_dm6_minus_tracheal_sg	44141
all_dm6_minus_tracheal_sg	44142
all_dm6_minus_tracheal_sg	44143
all_dm6_minus_tracheal_sg	44146
all_dm6_minus_tracheal_sg	44147
all_dm6_minus_tracheal_sg	44148
all_dm6_minus_tracheal_sg	44149
all_dm6_minus_tracheal_sg	44150
all_dm6_minus_tracheal_sg	44155
all_dm6_minus_tracheal_sg	44160
all_dm6_minus_tracheal_sg	44164
all_dm6_minus_tracheal_sg	44166
all_dm6_minus_tracheal_sg	44167
all_dm6_minus_tracheal_sg	44170
all_dm6_minus_tracheal_sg	44172
all_dm6_minus_tracheal_sg	44173
all_dm6_minus_tracheal_sg	44180
all_dm6_minus_tracheal_sg	44181
all_dm6_minus_tracheal_sg	44183
all_dm6_minus_tracheal_sg	44187
all_dm6_minus_tracheal_sg	44189
all_dm6_minus_tracheal_sg	44190
all_dm6_minus_tracheal_sg	44191
all_dm6_minus_tracheal_sg	44192
all_dm6_minus_tracheal_sg	44193
all_dm6_minus_tracheal_sg	44195
all_dm6_minus_tracheal_sg	44196
all_dm6_minus_tracheal_sg	44197
all_dm6_minus_tracheal_sg	44199
all_dm6_minus_tracheal_sg	44200
all_dm6_minus_tracheal_sg	44201
all_dm6_minus_tracheal_sg	44202
all_dm6_minus_tracheal_sg	44206
all_dm6_minus_tracheal_sg	44207
all_dm6_minus_tracheal_sg	44218
all_dm6_minus_tracheal_sg	44219
all_dm6_minus_tracheal_sg	44224
all_dm6_minus_tracheal_sg	44228
all_dm6_minus_tracheal_sg	44231
all_dm6_minus_tracheal_sg	44233
all_dm6_minus_tracheal_sg	44235
all_dm6_minus_tracheal_sg	44238
all_dm6_minus_tracheal_sg	44239
all_dm6_minus_tracheal_sg	44241
all_dm6_minus_tracheal_sg	44246
all_dm6_minus_tracheal_sg	44247
all_dm6_minus_tracheal_sg	44248
all_dm6_minus_tracheal_sg	44249
all_dm6_minus_tracheal_sg	44250
all_dm6_minus_tracheal_sg	44251
all_dm6_minus_tracheal_sg	44252
all_dm6_minus_tracheal_sg	44257
all_dm6_minus_tracheal_sg	44259
all_dm6_minus_tracheal_sg	44260
all_dm6_minus_tracheal_sg	44261
all_dm6_minus_tracheal_sg	44263
all_dm6_minus_tracheal_sg	44268
all_dm6_minus_tracheal_sg	44269
all_dm6_minus_tracheal_sg	44270
all_dm6_minus_tracheal_sg	44271
all_dm6_minus_tracheal_sg	44272
all_dm6_minus_tracheal_sg	44273
all_dm6_minus_tracheal_sg	44274
all_dm6_minus_tracheal_sg	44276
all_dm6_minus_tracheal_sg	44277
all_dm6_minus_tracheal_sg	44279
all_dm6_minus_tracheal_sg	44281
all_dm6_minus_tracheal_sg	44282
all_dm6_minus_tracheal_sg	44283
all_dm6_minus_tracheal_sg	44284
all_dm6_minus_tracheal_sg	44285
all_dm6_minus_tracheal_sg	44286
all_dm6_minus_tracheal_sg	44287
all_dm6_minus_tracheal_sg	44288
all_dm6_minus_tracheal_sg	44289
all_dm6_minus_tracheal_sg	44290
all_dm6_minus_tracheal_sg	44292
all_dm6_minus_tracheal_sg	44293
all_dm6_minus_tracheal_sg	44294
all_dm6_minus_tracheal_sg	44295
all_dm6_minus_tracheal_sg	44296
all_dm6_minus_tracheal_sg	44299
all_dm6_minus_tracheal_sg	44301
all_dm6_minus_tracheal_sg	44302
all_dm6_minus_tracheal_sg	44304
all_dm6_minus_tracheal_sg	44305
all_dm6_minus_tracheal_sg	44309
all_dm6_minus_tracheal_sg	44310
all_dm6_minus_tracheal_sg	44311
all_dm6_minus_tracheal_sg	44312
all_dm6_minus_tracheal_sg	44313
all_dm6_minus_tracheal_sg	44315
all_dm6_minus_tracheal_sg	44317
all_dm6_minus_tracheal_sg	44319
all_dm6_minus_tracheal_sg	44323
all_dm6_minus_tracheal_sg	44324
all_dm6_minus_tracheal_sg	44325
all_dm6_minus_tracheal_sg	44331
all_dm6_minus_tracheal_sg	44333
all_dm6_minus_tracheal_sg	44334
all_dm6_minus_tracheal_sg	44335
all_dm6_minus_tracheal_sg	44336
all_dm6_minus_tracheal_sg	44337
all_dm6_minus_tracheal_sg	44338
all_dm6_minus_tracheal_sg	44339
all_dm6_minus_tracheal_sg	44340
all_dm6_minus_tracheal_sg	44341
all_dm6_minus_tracheal_sg	44343
all_dm6_minus_tracheal_sg	44345
all_dm6_minus_tracheal_sg	44346
all_dm6_minus_tracheal_sg	44349
all_dm6_minus_tracheal_sg	44351
all_dm6_minus_tracheal_sg	44352
all_dm6_minus_tracheal_sg	44353
all_dm6_minus_tracheal_sg	44354
all_dm6_minus_tracheal_sg	44356
all_dm6_minus_tracheal_sg	44357
all_dm6_minus_tracheal_sg	44358
all_dm6_minus_tracheal_sg	44359
all_dm6_minus_tracheal_sg	44360
all_dm6_minus_tracheal_sg	44363
all_dm6_minus_tracheal_sg	44364
all_dm6_minus_tracheal_sg	44367
all_dm6_minus_tracheal_sg	44369
all_dm6_minus_tracheal_sg	44377
all_dm6_minus_tracheal_sg	44378
all_dm6_minus_tracheal_sg	44379
all_dm6_minus_tracheal_sg	44381
all_dm6_minus_tracheal_sg	44382
all_dm6_minus_tracheal_sg	44385
all_dm6_minus_tracheal_sg	44387
all_dm6_minus_tracheal_sg	44388
all_dm6_minus_tracheal_sg	44389
all_dm6_minus_tracheal_sg	44390
all_dm6_minus_tracheal_sg	44392
all_dm6_minus_tracheal_sg	44393
all_dm6_minus_tracheal_sg	44394
all_dm6_minus_tracheal_sg	44395
all_dm6_minus_tracheal_sg	44396
all_dm6_minus_tracheal_sg	44397
all_dm6_minus_tracheal_sg	44398
all_dm6_minus_tracheal_sg	44399
all_dm6_minus_tracheal_sg	44400
all_dm6_minus_tracheal_sg	44401
all_dm6_minus_tracheal_sg	44402
all_dm6_minus_tracheal_sg	44409
all_dm6_minus_tracheal_sg	44410
all_dm6_minus_tracheal_sg	44411
all_dm6_minus_tracheal_sg	44412
all_dm6_minus_tracheal_sg	44413
all_dm6_minus_tracheal_sg	44414
all_dm6_minus_tracheal_sg	44415
all_dm6_minus_tracheal_sg	44416
all_dm6_minus_tracheal_sg	44417
all_dm6_minus_tracheal_sg	44418
all_dm6_minus_tracheal_sg	44419
all_dm6_minus_tracheal_sg	44420
all_dm6_minus_tracheal_sg	44421
all_dm6_minus_tracheal_sg	44422
all_dm6_minus_tracheal_sg	44423
all_dm6_minus_tracheal_sg	44424
all_dm6_minus_tracheal_sg	44425
all_dm6_minus_tracheal_sg	44426
all_dm6_minus_tracheal_sg	44427
all_dm6_minus_tracheal_sg	44428
all_dm6_minus_tracheal_sg	44431
all_dm6_minus_tracheal_sg	44432
all_dm6_minus_tracheal_sg	44433
all_dm6_minus_tracheal_sg	44441
all_dm6_minus_tracheal_sg	44446
all_dm6_minus_tracheal_sg	44451
all_dm6_minus_tracheal_sg	44474
all_dm6_minus_tracheal_sg	44481
all_dm6_minus_tracheal_sg	44482
all_dm6_minus_tracheal_sg	44483
all_dm6_minus_tracheal_sg	44484
all_dm6_minus_tracheal_sg	44496
all_dm6_minus_tracheal_sg	44497
all_dm6_minus_tracheal_sg	44498
all_dm6_minus_tracheal_sg	44501
all_dm6_minus_tracheal_sg	44502
all_dm6_minus_tracheal_sg	44503
all_dm6_minus_tracheal_sg	44506
all_dm6_minus_tracheal_sg	44509
all_dm6_minus_tracheal_sg	44511
all_dm6_minus_tracheal_sg	44513
all_dm6_minus_tracheal_sg	44514
all_dm6_minus_tracheal_sg	44518
all_dm6_minus_tracheal_sg	44519
all_dm6_minus_tracheal_sg	44520
all_dm6_minus_tracheal_sg	44521
all_dm6_minus_tracheal_sg	44524
all_dm6_minus_tracheal_sg	44525
all_dm6_minus_tracheal_sg	44527
all_dm6_minus_tracheal_sg	44528
all_dm6_minus_tracheal_sg	44529
all_dm6_minus_tracheal_sg	44530
all_dm6_minus_tracheal_sg	44531
all_dm6_minus_tracheal_sg	44534
all_dm6_minus_tracheal_sg	44535
all_dm6_minus_tracheal_sg	44537
all_dm6_minus_tracheal_sg	44538
all_dm6_minus_tracheal_sg	44539
all_dm6_minus_tracheal_sg	44542
all_dm6_minus_tracheal_sg	44543
all_dm6_minus_tracheal_sg	44544
all_dm6_minus_tracheal_sg	44545
all_dm6_minus_tracheal_sg	44546
all_dm6_minus_tracheal_sg	44549
all_dm6_minus_tracheal_sg	44550
all_dm6_minus_tracheal_sg	44551
all_dm6_minus_tracheal_sg	44552
all_dm6_minus_tracheal_sg	44554
all_dm6_minus_tracheal_sg	44566
all_dm6_minus_tracheal_sg	44567
all_dm6_minus_tracheal_sg	44573
all_dm6_minus_tracheal_sg	44585
all_dm6_minus_tracheal_sg	44586
all_dm6_minus_tracheal_sg	44587
all_dm6_minus_tracheal_sg	44588
all_dm6_minus_tracheal_sg	44589
all_dm6_minus_tracheal_sg	44590
all_dm6_minus_tracheal_sg	44591
all_dm6_minus_tracheal_sg	44592
all_dm6_minus_tracheal_sg	44593
all_dm6_minus_tracheal_sg	44594
all_dm6_minus_tracheal_sg	44595
all_dm6_minus_tracheal_sg	44596
all_dm6_minus_tracheal_sg	44597
all_dm6_minus_tracheal_sg	44598
all_dm6_minus_tracheal_sg	44599
all_dm6_minus_tracheal_sg	44601
all_dm6_minus_tracheal_sg	44602
all_dm6_minus_tracheal_sg	44603
all_dm6_minus_tracheal_sg	44604
all_dm6_minus_tracheal_sg	44605
all_dm6_minus_tracheal_sg	44606
all_dm6_minus_tracheal_sg	44607
all_dm6_minus_tracheal_sg	44608
all_dm6_minus_tracheal_sg	44609
all_dm6_minus_tracheal_sg	44610
all_dm6_minus_tracheal_sg	44611
all_dm6_minus_tracheal_sg	44612
all_dm6_minus_tracheal_sg	44613
all_dm6_minus_tracheal_sg	44615
all_dm6_minus_tracheal_sg	44620
all_dm6_minus_tracheal_sg	44631
all_dm6_minus_tracheal_sg	44632
all_dm6_minus_tracheal_sg	44633
all_dm6_minus_tracheal_sg	44637
all_dm6_minus_tracheal_sg	44638
all_dm6_minus_tracheal_sg	44639
all_dm6_minus_tracheal_sg	44640
all_dm6_minus_tracheal_sg	44641
all_dm6_minus_tracheal_sg	44642
all_dm6_minus_tracheal_sg	44645
all_dm6_minus_tracheal_sg	44646
all_dm6_minus_tracheal_sg	44652
all_dm6_minus_tracheal_sg	44654
all_dm6_minus_tracheal_sg	44655
all_dm6_minus_tracheal_sg	44656
all_dm6_minus_tracheal_sg	44657
all_dm6_minus_tracheal_sg	44658
all_dm6_minus_tracheal_sg	44663
all_dm6_minus_tracheal_sg	44669
all_dm6_minus_tracheal_sg	44670
all_dm6_minus_tracheal_sg	44672
all_dm6_minus_tracheal_sg	44674
all_dm6_minus_tracheal_sg	44675
all_dm6_minus_tracheal_sg	44676
all_dm6_minus_tracheal_sg	44688
all_dm6_minus_tracheal_sg	44689
all_dm6_minus_tracheal_sg	44690
all_dm6_minus_tracheal_sg	44691
all_dm6_minus_tracheal_sg	44692
all_dm6_minus_tracheal_sg	44693
all_dm6_minus_tracheal_sg	44694
all_dm6_minus_tracheal_sg	44695
all_dm6_minus_tracheal_sg	44696
all_dm6_minus_tracheal_sg	44697
all_dm6_minus_tracheal_sg	44699
all_dm6_minus_tracheal_sg	44701
all_dm6_minus_tracheal_sg	44704
all_dm6_minus_tracheal_sg	44705
all_dm6_minus_tracheal_sg	44709
all_dm6_minus_tracheal_sg	44711
all_dm6_minus_tracheal_sg	44712
all_dm6_minus_tracheal_sg	44714
all_dm6_minus_tracheal_sg	44717
all_dm6_minus_tracheal_sg	44718
all_dm6_minus_tracheal_sg	44719
all_dm6_minus_tracheal_sg	44721
all_dm6_minus_tracheal_sg	44722
all_dm6_minus_tracheal_sg	44723
all_dm6_minus_tracheal_sg	44724
all_dm6_minus_tracheal_sg	44726
all_dm6_minus_tracheal_sg	44728
all_dm6_minus_tracheal_sg	44730
all_dm6_minus_tracheal_sg	44736
all_dm6_minus_tracheal_sg	44737
all_dm6_minus_tracheal_sg	44738
all_dm6_minus_tracheal_sg	44739
all_dm6_minus_tracheal_sg	44740
all_dm6_minus_tracheal_sg	44747
all_dm6_minus_tracheal_sg	44748
all_dm6_minus_tracheal_sg	44750
all_dm6_minus_tracheal_sg	44752
all_dm6_minus_tracheal_sg	44753
all_dm6_minus_tracheal_sg	44754
all_dm6_minus_tracheal_sg	44755
all_dm6_minus_tracheal_sg	44756
all_dm6_minus_tracheal_sg	44757
all_dm6_minus_tracheal_sg	44758
all_dm6_minus_tracheal_sg	44759
all_dm6_minus_tracheal_sg	44760
all_dm6_minus_tracheal_sg	44761
all_dm6_minus_tracheal_sg	44762
all_dm6_minus_tracheal_sg	44763
all_dm6_minus_tracheal_sg	44764
all_dm6_minus_tracheal_sg	44765
all_dm6_minus_tracheal_sg	44766
all_dm6_minus_tracheal_sg	44767
all_dm6_minus_tracheal_sg	44768
all_dm6_minus_tracheal_sg	44769
all_dm6_minus_tracheal_sg	44771
all_dm6_minus_tracheal_sg	44772
all_dm6_minus_tracheal_sg	44773
all_dm6_minus_tracheal_sg	44775
all_dm6_minus_tracheal_sg	44776
all_dm6_minus_tracheal_sg	44777
all_dm6_minus_tracheal_sg	44780
all_dm6_minus_tracheal_sg	44781
all_dm6_minus_tracheal_sg	44782
all_dm6_minus_tracheal_sg	44783
all_dm6_minus_tracheal_sg	44785
all_dm6_minus_tracheal_sg	44787
all_dm6_minus_tracheal_sg	44791
all_dm6_minus_tracheal_sg	44792
all_dm6_minus_tracheal_sg	44793
all_dm6_minus_tracheal_sg	44795
all_dm6_minus_tracheal_sg	44797
all_dm6_minus_tracheal_sg	44798
all_dm6_minus_tracheal_sg	44799
all_dm6_minus_tracheal_sg	44800
all_dm6_minus_tracheal_sg	44802
all_dm6_minus_tracheal_sg	44804
all_dm6_minus_tracheal_sg	44805
all_dm6_minus_tracheal_sg	44806
all_dm6_minus_tracheal_sg	44807
all_dm6_minus_tracheal_sg	44808
all_dm6_minus_tracheal_sg	44809
all_dm6_minus_tracheal_sg	44811
all_dm6_minus_tracheal_sg	44812
all_dm6_minus_tracheal_sg	44813
all_dm6_minus_tracheal_sg	44814
all_dm6_minus_tracheal_sg	44815
all_dm6_minus_tracheal_sg	44816
all_dm6_minus_tracheal_sg	44818
all_dm6_minus_tracheal_sg	44820
all_dm6_minus_tracheal_sg	44821
all_dm6_minus_tracheal_sg	44825
all_dm6_minus_tracheal_sg	44827
all_dm6_minus_tracheal_sg	44830
all_dm6_minus_tracheal_sg	44832
all_dm6_minus_tracheal_sg	44835
all_dm6_minus_tracheal_sg	44836
all_dm6_minus_tracheal_sg	44837
all_dm6_minus_tracheal_sg	44839
all_dm6_minus_tracheal_sg	44840
all_dm6_minus_tracheal_sg	44841
all_dm6_minus_tracheal_sg	44846
all_dm6_minus_tracheal_sg	44848
all_dm6_minus_tracheal_sg	44849
all_dm6_minus_tracheal_sg	44850
all_dm6_minus_tracheal_sg	44851
all_dm6_minus_tracheal_sg	44854
all_dm6_minus_tracheal_sg	44858
all_dm6_minus_tracheal_sg	44859
all_dm6_minus_tracheal_sg	44860
all_dm6_minus_tracheal_sg	44865
all_dm6_minus_tracheal_sg	44867
all_dm6_minus_tracheal_sg	44869
all_dm6_minus_tracheal_sg	44870
all_dm6_minus_tracheal_sg	44873
all_dm6_minus_tracheal_sg	44874
all_dm6_minus_tracheal_sg	44877
all_dm6_minus_tracheal_sg	44878
all_dm6_minus_tracheal_sg	44880
all_dm6_minus_tracheal_sg	44881
all_dm6_minus_tracheal_sg	44883
all_dm6_minus_tracheal_sg	44884
all_dm6_minus_tracheal_sg	44886
all_dm6_minus_tracheal_sg	44887
all_dm6_minus_tracheal_sg	44888
all_dm6_minus_tracheal_sg	44889
all_dm6_minus_tracheal_sg	44890
all_dm6_minus_tracheal_sg	44892
all_dm6_minus_tracheal_sg	44893
all_dm6_minus_tracheal_sg	44895
all_dm6_minus_tracheal_sg	44897
all_dm6_minus_tracheal_sg	44900
all_dm6_minus_tracheal_sg	44901
all_dm6_minus_tracheal_sg	44902
all_dm6_minus_tracheal_sg	44903
all_dm6_minus_tracheal_sg	44904
all_dm6_minus_tracheal_sg	44907
all_dm6_minus_tracheal_sg	44910
all_dm6_minus_tracheal_sg	44911
all_dm6_minus_tracheal_sg	44913
all_dm6_minus_tracheal_sg	44915
all_dm6_minus_tracheal_sg	44920
all_dm6_minus_tracheal_sg	44921
all_dm6_minus_tracheal_sg	44924
all_dm6_minus_tracheal_sg	44925
all_dm6_minus_tracheal_sg	44927
all_dm6_minus_tracheal_sg	44932
all_dm6_minus_tracheal_sg	44936
all_dm6_minus_tracheal_sg	44937
all_dm6_minus_tracheal_sg	44938
all_dm6_minus_tracheal_sg	44942
all_dm6_minus_tracheal_sg	44943
all_dm6_minus_tracheal_sg	44944
all_dm6_minus_tracheal_sg	44945
all_dm6_minus_tracheal_sg	44947
all_dm6_minus_tracheal_sg	44948
all_dm6_minus_tracheal_sg	44949
all_dm6_minus_tracheal_sg	44950
all_dm6_minus_tracheal_sg	44951
all_dm6_minus_tracheal_sg	44952
all_dm6_minus_tracheal_sg	44953
all_dm6_minus_tracheal_sg	44954
all_dm6_minus_tracheal_sg	44955
all_dm6_minus_tracheal_sg	44956
all_dm6_minus_tracheal_sg	44957
all_dm6_minus_tracheal_sg	44963
all_dm6_minus_tracheal_sg	44964
all_dm6_minus_tracheal_sg	44965
all_dm6_minus_tracheal_sg	44967
all_dm6_minus_tracheal_sg	44968
all_dm6_minus_tracheal_sg	44969
all_dm6_minus_tracheal_sg	44970
all_dm6_minus_tracheal_sg	44971
all_dm6_minus_tracheal_sg	44974
all_dm6_minus_tracheal_sg	44975
all_dm6_minus_tracheal_sg	44976
all_dm6_minus_tracheal_sg	44977
all_dm6_minus_tracheal_sg	44980
all_dm6_minus_tracheal_sg	44981
all_dm6_minus_tracheal_sg	44982
all_dm6_minus_tracheal_sg	45012
all_dm6_minus_tracheal_sg	45013
all_dm6_minus_tracheal_sg	45016
all_dm6_minus_tracheal_sg	45017
all_dm6_minus_tracheal_sg	45018
all_dm6_minus_tracheal_sg	45019
all_dm6_minus_tracheal_sg	45021
all_dm6_minus_tracheal_sg	45022
all_dm6_minus_tracheal_sg	45023
all_dm6_minus_tracheal_sg	45024
all_dm6_minus_tracheal_sg	45025
all_dm6_minus_tracheal_sg	45026
all_dm6_minus_tracheal_sg	45027
all_dm6_minus_tracheal_sg	45028
all_dm6_minus_tracheal_sg	45031
all_dm6_minus_tracheal_sg	45032
all_dm6_minus_tracheal_sg	45039
all_dm6_minus_tracheal_sg	45040
all_dm6_minus_tracheal_sg	45042
all_dm6_minus_tracheal_sg	45043
all_dm6_minus_tracheal_sg	45044
all_dm6_minus_tracheal_sg	45045
all_dm6_minus_tracheal_sg	45046
all_dm6_minus_tracheal_sg	45047
all_dm6_minus_tracheal_sg	45064
all_dm6_minus_tracheal_sg	45068
all_dm6_minus_tracheal_sg	45069
all_dm6_minus_tracheal_sg	45104
all_dm6_minus_tracheal_sg	45105
all_dm6_minus_tracheal_sg	45106
all_dm6_minus_tracheal_sg	45107
all_dm6_minus_tracheal_sg	45108
all_dm6_minus_tracheal_sg	45109
all_dm6_minus_tracheal_sg	45110
all_dm6_minus_tracheal_sg	45111
all_dm6_minus_tracheal_sg	45112
all_dm6_minus_tracheal_sg	45113
all_dm6_minus_tracheal_sg	45174
all_dm6_minus_tracheal_sg	45175
all_dm6_minus_tracheal_sg	45176
all_dm6_minus_tracheal_sg	45234
all_dm6_minus_tracheal_sg	45236
all_dm6_minus_tracheal_sg	45237
all_dm6_minus_tracheal_sg	45238
all_dm6_minus_tracheal_sg	45239
all_dm6_minus_tracheal_sg	45240
all_dm6_minus_tracheal_sg	45241
all_dm6_minus_tracheal_sg	45242
all_dm6_minus_tracheal_sg	45244
all_dm6_minus_tracheal_sg	45245
all_dm6_minus_tracheal_sg	45247
all_dm6_minus_tracheal_sg	45248
all_dm6_minus_tracheal_sg	45249
all_dm6_minus_tracheal_sg	45268
all_dm6_minus_tracheal_sg	45269
all_dm6_minus_tracheal_sg	45270
all_dm6_minus_tracheal_sg	45272
all_dm6_minus_tracheal_sg	45273
all_dm6_minus_tracheal_sg	45274
all_dm6_minus_tracheal_sg	45276
all_dm6_minus_tracheal_sg	45277
all_dm6_minus_tracheal_sg	45281
all_dm6_minus_tracheal_sg	45282
all_dm6_minus_tracheal_sg	45283
all_dm6_minus_tracheal_sg	45286
all_dm6_minus_tracheal_sg	45290
all_dm6_minus_tracheal_sg	45292
all_dm6_minus_tracheal_sg	45293
all_dm6_minus_tracheal_sg	45294
all_dm6_minus_tracheal_sg	45295
all_dm6_minus_tracheal_sg	45297
all_dm6_minus_tracheal_sg	45298
all_dm6_minus_tracheal_sg	45299
all_dm6_minus_tracheal_sg	45300
all_dm6_minus_tracheal_sg	45301
all_dm6_minus_tracheal_sg	45302
all_dm6_minus_tracheal_sg	45303
all_dm6_minus_tracheal_sg	45304
all_dm6_minus_tracheal_sg	45308
all_dm6_minus_tracheal_sg	45309
all_dm6_minus_tracheal_sg	45310
all_dm6_minus_tracheal_sg	45311
all_dm6_minus_tracheal_sg	45312
all_dm6_minus_tracheal_sg	45316
all_dm6_minus_tracheal_sg	45320
all_dm6_minus_tracheal_sg	45322
all_dm6_minus_tracheal_sg	45324
all_dm6_minus_tracheal_sg	45325
all_dm6_minus_tracheal_sg	45326
all_dm6_minus_tracheal_sg	45329
all_dm6_minus_tracheal_sg	45331
all_dm6_minus_tracheal_sg	45332
all_dm6_minus_tracheal_sg	45334
all_dm6_minus_tracheal_sg	45336
all_dm6_minus_tracheal_sg	45337
all_dm6_minus_tracheal_sg	45338
all_dm6_minus_tracheal_sg	45340
all_dm6_minus_tracheal_sg	45341
all_dm6_minus_tracheal_sg	45342
all_dm6_minus_tracheal_sg	45343
all_dm6_minus_tracheal_sg	45344
all_dm6_minus_tracheal_sg	45346
all_dm6_minus_tracheal_sg	45348
all_dm6_minus_tracheal_sg	45350
all_dm6_minus_tracheal_sg	45351
all_dm6_minus_tracheal_sg	45353
all_dm6_minus_tracheal_sg	45354
all_dm6_minus_tracheal_sg	45355
all_dm6_minus_tracheal_sg	45358
all_dm6_minus_tracheal_sg	45359
all_dm6_minus_tracheal_sg	45360
all_dm6_minus_tracheal_sg	45363
all_dm6_minus_tracheal_sg	45365
all_dm6_minus_tracheal_sg	45366
all_dm6_minus_tracheal_sg	45367
all_dm6_minus_tracheal_sg	45369
all_dm6_minus_tracheal_sg	45370
all_dm6_minus_tracheal_sg	45371
all_dm6_minus_tracheal_sg	45374
all_dm6_minus_tracheal_sg	45378
all_dm6_minus_tracheal_sg	45379
all_dm6_minus_tracheal_sg	45380
all_dm6_minus_tracheal_sg	45383
all_dm6_minus_tracheal_sg	45385
all_dm6_minus_tracheal_sg	45386
all_dm6_minus_tracheal_sg	45387
all_dm6_minus_tracheal_sg	45388
all_dm6_minus_tracheal_sg	45389
all_dm6_minus_tracheal_sg	45390
all_dm6_minus_tracheal_sg	45391
all_dm6_minus_tracheal_sg	45392
all_dm6_minus_tracheal_sg	45400
all_dm6_minus_tracheal_sg	45401
all_dm6_minus_tracheal_sg	45403
all_dm6_minus_tracheal_sg	45407
all_dm6_minus_tracheal_sg	45409
all_dm6_minus_tracheal_sg	45414
all_dm6_minus_tracheal_sg	45417
all_dm6_minus_tracheal_sg	45420
all_dm6_minus_tracheal_sg	45421
all_dm6_minus_tracheal_sg	45426
all_dm6_minus_tracheal_sg	45427
all_dm6_minus_tracheal_sg	45428
all_dm6_minus_tracheal_sg	45429
all_dm6_minus_tracheal_sg	45430
all_dm6_minus_tracheal_sg	45431
all_dm6_minus_tracheal_sg	45432
all_dm6_minus_tracheal_sg	45433
all_dm6_minus_tracheal_sg	45435
all_dm6_minus_tracheal_sg	45436
all_dm6_minus_tracheal_sg	45438
all_dm6_minus_tracheal_sg	45441
all_dm6_minus_tracheal_sg	45445
all_dm6_minus_tracheal_sg	45448
all_dm6_minus_tracheal_sg	45449
all_dm6_minus_tracheal_sg	45451
all_dm6_minus_tracheal_sg	45453
all_dm6_minus_tracheal_sg	45454
all_dm6_minus_tracheal_sg	45455
all_dm6_minus_tracheal_sg	45456
all_dm6_minus_tracheal_sg	45457
all_dm6_minus_tracheal_sg	45458
all_dm6_minus_tracheal_sg	45459
all_dm6_minus_tracheal_sg	45461
all_dm6_minus_tracheal_sg	45463
all_dm6_minus_tracheal_sg	45464
all_dm6_minus_tracheal_sg	45465
all_dm6_minus_tracheal_sg	45466
all_dm6_minus_tracheal_sg	45469
all_dm6_minus_tracheal_sg	45470
all_dm6_minus_tracheal_sg	45471
all_dm6_minus_tracheal_sg	45472
all_dm6_minus_tracheal_sg	45473
all_dm6_minus_tracheal_sg	45477
all_dm6_minus_tracheal_sg	45478
all_dm6_minus_tracheal_sg	45479
all_dm6_minus_tracheal_sg	45480
all_dm6_minus_tracheal_sg	45481
all_dm6_minus_tracheal_sg	45482
all_dm6_minus_tracheal_sg	45483
all_dm6_minus_tracheal_sg	45484
all_dm6_minus_tracheal_sg	45485
all_dm6_minus_tracheal_sg	45486
all_dm6_minus_tracheal_sg	45487
all_dm6_minus_tracheal_sg	45488
all_dm6_minus_tracheal_sg	45489
all_dm6_minus_tracheal_sg	45490
all_dm6_minus_tracheal_sg	45491
all_dm6_minus_tracheal_sg	45492
all_dm6_minus_tracheal_sg	45493
all_dm6_minus_tracheal_sg	45494
all_dm6_minus_tracheal_sg	45495
all_dm6_minus_tracheal_sg	45497
all_dm6_minus_tracheal_sg	45498
all_dm6_minus_tracheal_sg	45499
all_dm6_minus_tracheal_sg	45500
all_dm6_minus_tracheal_sg	45501
all_dm6_minus_tracheal_sg	45504
all_dm6_minus_tracheal_sg	45505
all_dm6_minus_tracheal_sg	45506
all_dm6_minus_tracheal_sg	45507
all_dm6_minus_tracheal_sg	45508
all_dm6_minus_tracheal_sg	45509
all_dm6_minus_tracheal_sg	45510
all_dm6_minus_tracheal_sg	45511
all_dm6_minus_tracheal_sg	45512
all_dm6_minus_tracheal_sg	45524
all_dm6_minus_tracheal_sg	45525
all_dm6_minus_tracheal_sg	45531
all_dm6_minus_tracheal_sg	45532
all_dm6_minus_tracheal_sg	45533
all_dm6_minus_tracheal_sg	45534
all_dm6_minus_tracheal_sg	45535
all_dm6_minus_tracheal_sg	45536
all_dm6_minus_tracheal_sg	45537
all_dm6_minus_tracheal_sg	45538
all_dm6_minus_tracheal_sg	45541
all_dm6_minus_tracheal_sg	45544
all_dm6_minus_tracheal_sg	45550
all_dm6_minus_tracheal_sg	45551
all_dm6_minus_tracheal_sg	45552
all_dm6_minus_tracheal_sg	45553
all_dm6_minus_tracheal_sg	45556
all_dm6_minus_tracheal_sg	45568
all_dm6_minus_tracheal_sg	45570
all_dm6_minus_tracheal_sg	45572
all_dm6_minus_tracheal_sg	45573
all_dm6_minus_tracheal_sg	45574
all_dm6_minus_tracheal_sg	45576
all_dm6_minus_tracheal_sg	45577
all_dm6_minus_tracheal_sg	45578
all_dm6_minus_tracheal_sg	45580
all_dm6_minus_tracheal_sg	45581
all_dm6_minus_tracheal_sg	45582
all_dm6_minus_tracheal_sg	45583
all_dm6_minus_tracheal_sg	45585
all_dm6_minus_tracheal_sg	45586
all_dm6_minus_tracheal_sg	45587
all_dm6_minus_tracheal_sg	45589
all_dm6_minus_tracheal_sg	45591
all_dm6_minus_tracheal_sg	45592
all_dm6_minus_tracheal_sg	45593
all_dm6_minus_tracheal_sg	45594
all_dm6_minus_tracheal_sg	45595
all_dm6_minus_tracheal_sg	45596
all_dm6_minus_tracheal_sg	45597
all_dm6_minus_tracheal_sg	45598
all_dm6_minus_tracheal_sg	45599
all_dm6_minus_tracheal_sg	45600
all_dm6_minus_tracheal_sg	45610
all_dm6_minus_tracheal_sg	45611
all_dm6_minus_tracheal_sg	45612
all_dm6_minus_tracheal_sg	45613
all_dm6_minus_tracheal_sg	45614
all_dm6_minus_tracheal_sg	45615
all_dm6_minus_tracheal_sg	45616
all_dm6_minus_tracheal_sg	45617
all_dm6_minus_tracheal_sg	45618
all_dm6_minus_tracheal_sg	45619
all_dm6_minus_tracheal_sg	45620
all_dm6_minus_tracheal_sg	45621
all_dm6_minus_tracheal_sg	45622
all_dm6_minus_tracheal_sg	45623
all_dm6_minus_tracheal_sg	45624
all_dm6_minus_tracheal_sg	45655
all_dm6_minus_tracheal_sg	45668
all_dm6_minus_tracheal_sg	45670
all_dm6_minus_tracheal_sg	45673
all_dm6_minus_tracheal_sg	45674
all_dm6_minus_tracheal_sg	45683
all_dm6_minus_tracheal_sg	45684
all_dm6_minus_tracheal_sg	45686
all_dm6_minus_tracheal_sg	45687
all_dm6_minus_tracheal_sg	45688
all_dm6_minus_tracheal_sg	45695
all_dm6_minus_tracheal_sg	45698
all_dm6_minus_tracheal_sg	45699
all_dm6_minus_tracheal_sg	45700
all_dm6_minus_tracheal_sg	45701
all_dm6_minus_tracheal_sg	45702
all_dm6_minus_tracheal_sg	45706
all_dm6_minus_tracheal_sg	45707
all_dm6_minus_tracheal_sg	45708
all_dm6_minus_tracheal_sg	45715
all_dm6_minus_tracheal_sg	45717
all_dm6_minus_tracheal_sg	45718
all_dm6_minus_tracheal_sg	45719
all_dm6_minus_tracheal_sg	45720
all_dm6_minus_tracheal_sg	45721
all_dm6_minus_tracheal_sg	45722
all_dm6_minus_tracheal_sg	45723
all_dm6_minus_tracheal_sg	45724
all_dm6_minus_tracheal_sg	45725
all_dm6_minus_tracheal_sg	45726
all_dm6_minus_tracheal_sg	45727
all_dm6_minus_tracheal_sg	45728
all_dm6_minus_tracheal_sg	45731
all_dm6_minus_tracheal_sg	45732
all_dm6_minus_tracheal_sg	45733
all_dm6_minus_tracheal_sg	45734
all_dm6_minus_tracheal_sg	45739
all_dm6_minus_tracheal_sg	45740
all_dm6_minus_tracheal_sg	45741
all_dm6_minus_tracheal_sg	45742
all_dm6_minus_tracheal_sg	45743
all_dm6_minus_tracheal_sg	45744
all_dm6_minus_tracheal_sg	45745
all_dm6_minus_tracheal_sg	45746
all_dm6_minus_tracheal_sg	45747
all_dm6_minus_tracheal_sg	45749
all_dm6_minus_tracheal_sg	45750
all_dm6_minus_tracheal_sg	45751
all_dm6_minus_tracheal_sg	45752
all_dm6_minus_tracheal_sg	45753
all_dm6_minus_tracheal_sg	45755
all_dm6_minus_tracheal_sg	45758
all_dm6_minus_tracheal_sg	45759
all_dm6_minus_tracheal_sg	45760
all_dm6_minus_tracheal_sg	45761
all_dm6_minus_tracheal_sg	45762
all_dm6_minus_tracheal_sg	45763
all_dm6_minus_tracheal_sg	45764
all_dm6_minus_tracheal_sg	45765
all_dm6_minus_tracheal_sg	45766
all_dm6_minus_tracheal_sg	45767
all_dm6_minus_tracheal_sg	45768
all_dm6_minus_tracheal_sg	45769
all_dm6_minus_tracheal_sg	45770
all_dm6_minus_tracheal_sg	45771
all_dm6_minus_tracheal_sg	45772
all_dm6_minus_tracheal_sg	45775
all_dm6_minus_tracheal_sg	45779
all_dm6_minus_tracheal_sg	45780
all_dm6_minus_tracheal_sg	45783
all_dm6_minus_tracheal_sg	45786
all_dm6_minus_tracheal_sg	45787
all_dm6_minus_tracheal_sg	45789
all_dm6_minus_tracheal_sg	45790
all_dm6_minus_tracheal_sg	45791
all_dm6_minus_tracheal_sg	45792
all_dm6_minus_tracheal_sg	45793
all_dm6_minus_tracheal_sg	45794
all_dm6_minus_tracheal_sg	45795
all_dm6_minus_tracheal_sg	45796
all_dm6_minus_tracheal_sg	45797
all_dm6_minus_tracheal_sg	45798
all_dm6_minus_tracheal_sg	45802
all_dm6_minus_tracheal_sg	45803
all_dm6_minus_tracheal_sg	45810
all_dm6_minus_tracheal_sg	45815
all_dm6_minus_tracheal_sg	45816
all_dm6_minus_tracheal_sg	45821
all_dm6_minus_tracheal_sg	45823
all_dm6_minus_tracheal_sg	45825
all_dm6_minus_tracheal_sg	45826
all_dm6_minus_tracheal_sg	45829
all_dm6_minus_tracheal_sg	45830
all_dm6_minus_tracheal_sg	45831
all_dm6_minus_tracheal_sg	45832
all_dm6_minus_tracheal_sg	45833
all_dm6_minus_tracheal_sg	45836
all_dm6_minus_tracheal_sg	45837
all_dm6_minus_tracheal_sg	45841
all_dm6_minus_tracheal_sg	45845
all_dm6_minus_tracheal_sg	45846
all_dm6_minus_tracheal_sg	45848
all_dm6_minus_tracheal_sg	45850
all_dm6_minus_tracheal_sg	45851
all_dm6_minus_tracheal_sg	45852
all_dm6_minus_tracheal_sg	45853
all_dm6_minus_tracheal_sg	45854
all_dm6_minus_tracheal_sg	45855
all_dm6_minus_tracheal_sg	45856
all_dm6_minus_tracheal_sg	45857
all_dm6_minus_tracheal_sg	45858
all_dm6_minus_tracheal_sg	45859
all_dm6_minus_tracheal_sg	45860
all_dm6_minus_tracheal_sg	45861
all_dm6_minus_tracheal_sg	45862
all_dm6_minus_tracheal_sg	45863
all_dm6_minus_tracheal_sg	45864
all_dm6_minus_tracheal_sg	45865
all_dm6_minus_tracheal_sg	45871
all_dm6_minus_tracheal_sg	45872
all_dm6_minus_tracheal_sg	45874
all_dm6_minus_tracheal_sg	45881
all_dm6_minus_tracheal_sg	45883
all_dm6_minus_tracheal_sg	45885
all_dm6_minus_tracheal_sg	45886
all_dm6_minus_tracheal_sg	45887
all_dm6_minus_tracheal_sg	45888
all_dm6_minus_tracheal_sg	45889
all_dm6_minus_tracheal_sg	45890
all_dm6_minus_tracheal_sg	45891
all_dm6_minus_tracheal_sg	45893
all_dm6_minus_tracheal_sg	45894
all_dm6_minus_tracheal_sg	45895
all_dm6_minus_tracheal_sg	45896
all_dm6_minus_tracheal_sg	45899
all_dm6_minus_tracheal_sg	45901
all_dm6_minus_tracheal_sg	45902
all_dm6_minus_tracheal_sg	45905
all_dm6_minus_tracheal_sg	45906
all_dm6_minus_tracheal_sg	45908
all_dm6_minus_tracheal_sg	45909
all_dm6_minus_tracheal_sg	45910
all_dm6_minus_tracheal_sg	45911
all_dm6_minus_tracheal_sg	45912
all_dm6_minus_tracheal_sg	45913
all_dm6_minus_tracheal_sg	45914
all_dm6_minus_tracheal_sg	45915
all_dm6_minus_tracheal_sg	45916
all_dm6_minus_tracheal_sg	45917
all_dm6_minus_tracheal_sg	45918
all_dm6_minus_tracheal_sg	45919
all_dm6_minus_tracheal_sg	45921
all_dm6_minus_tracheal_sg	45924
all_dm6_minus_tracheal_sg	45927
all_dm6_minus_tracheal_sg	45929
all_dm6_minus_tracheal_sg	45931
all_dm6_minus_tracheal_sg	45932
all_dm6_minus_tracheal_sg	45936
all_dm6_minus_tracheal_sg	45937
all_dm6_minus_tracheal_sg	45940
all_dm6_minus_tracheal_sg	45942
all_dm6_minus_tracheal_sg	45943
all_dm6_minus_tracheal_sg	45944
all_dm6_minus_tracheal_sg	45945
all_dm6_minus_tracheal_sg	45946
all_dm6_minus_tracheal_sg	45947
all_dm6_minus_tracheal_sg	45948
all_dm6_minus_tracheal_sg	45950
all_dm6_minus_tracheal_sg	45952
all_dm6_minus_tracheal_sg	45953
all_dm6_minus_tracheal_sg	45956
all_dm6_minus_tracheal_sg	45957
all_dm6_minus_tracheal_sg	45958
all_dm6_minus_tracheal_sg	45960
all_dm6_minus_tracheal_sg	45962
all_dm6_minus_tracheal_sg	45963
all_dm6_minus_tracheal_sg	45966
all_dm6_minus_tracheal_sg	45969
all_dm6_minus_tracheal_sg	45970
all_dm6_minus_tracheal_sg	45973
all_dm6_minus_tracheal_sg	45974
all_dm6_minus_tracheal_sg	45975
all_dm6_minus_tracheal_sg	45976
all_dm6_minus_tracheal_sg	45977
all_dm6_minus_tracheal_sg	45980
all_dm6_minus_tracheal_sg	45983
all_dm6_minus_tracheal_sg	45984
all_dm6_minus_tracheal_sg	45985
all_dm6_minus_tracheal_sg	45986
all_dm6_minus_tracheal_sg	45987
all_dm6_minus_tracheal_sg	45988
all_dm6_minus_tracheal_sg	45989
all_dm6_minus_tracheal_sg	45990
all_dm6_minus_tracheal_sg	45991
all_dm6_minus_tracheal_sg	45992
all_dm6_minus_tracheal_sg	45994
all_dm6_minus_tracheal_sg	45995
all_dm6_minus_tracheal_sg	45996
all_dm6_minus_tracheal_sg	45997
all_dm6_minus_tracheal_sg	45998
all_dm6_minus_tracheal_sg	45999
all_dm6_minus_tracheal_sg	46000
all_dm6_minus_tracheal_sg	46001
all_dm6_minus_tracheal_sg	46002
all_dm6_minus_tracheal_sg	46003
all_dm6_minus_tracheal_sg	46004
all_dm6_minus_tracheal_sg	46005
all_dm6_minus_tracheal_sg	46006
all_dm6_minus_tracheal_sg	46007
all_dm6_minus_tracheal_sg	46008
all_dm6_minus_tracheal_sg	46010
all_dm6_minus_tracheal_sg	46012
all_dm6_minus_tracheal_sg	46015
all_dm6_minus_tracheal_sg	46017
all_dm6_minus_tracheal_sg	46023
all_dm6_minus_tracheal_sg	46027
all_dm6_minus_tracheal_sg	46029
all_dm6_minus_tracheal_sg	46032
all_dm6_minus_tracheal_sg	46035
all_dm6_minus_tracheal_sg	46039
all_dm6_minus_tracheal_sg	46040
all_dm6_minus_tracheal_sg	46041
all_dm6_minus_tracheal_sg	46043
all_dm6_minus_tracheal_sg	46055
all_dm6_minus_tracheal_sg	46056
all_dm6_minus_tracheal_sg	46058
all_dm6_minus_tracheal_sg	46059
all_dm6_minus_tracheal_sg	46061
all_dm6_minus_tracheal_sg	46063
all_dm6_minus_tracheal_sg	46066
all_dm6_minus_tracheal_sg	46068
all_dm6_minus_tracheal_sg	46069
all_dm6_minus_tracheal_sg	46070
all_dm6_minus_tracheal_sg	46071
all_dm6_minus_tracheal_sg	46077
all_dm6_minus_tracheal_sg	46078
all_dm6_minus_tracheal_sg	46087
all_dm6_minus_tracheal_sg	46090
all_dm6_minus_tracheal_sg	46091
all_dm6_minus_tracheal_sg	46094
all_dm6_minus_tracheal_sg	46099
all_dm6_minus_tracheal_sg	46102
all_dm6_minus_tracheal_sg	46105
all_dm6_minus_tracheal_sg	46115
all_dm6_minus_tracheal_sg	46116
all_dm6_minus_tracheal_sg	46120
all_dm6_minus_tracheal_sg	46121
all_dm6_minus_tracheal_sg	46123
all_dm6_minus_tracheal_sg	46129
all_dm6_minus_tracheal_sg	46134
all_dm6_minus_tracheal_sg	46139
all_dm6_minus_tracheal_sg	46140
all_dm6_minus_tracheal_sg	46144
all_dm6_minus_tracheal_sg	46145
all_dm6_minus_tracheal_sg	46148
all_dm6_minus_tracheal_sg	46151
all_dm6_minus_tracheal_sg	46156
all_dm6_minus_tracheal_sg	46158
all_dm6_minus_tracheal_sg	46167
all_dm6_minus_tracheal_sg	46168
all_dm6_minus_tracheal_sg	46173
all_dm6_minus_tracheal_sg	46174
all_dm6_minus_tracheal_sg	46184
all_dm6_minus_tracheal_sg	46189
all_dm6_minus_tracheal_sg	46201
all_dm6_minus_tracheal_sg	46204
all_dm6_minus_tracheal_sg	46208
all_dm6_minus_tracheal_sg	46215
all_dm6_minus_tracheal_sg	46218
all_dm6_minus_tracheal_sg	46221
all_dm6_minus_tracheal_sg	46224
all_dm6_minus_tracheal_sg	46225
all_dm6_minus_tracheal_sg	46228
all_dm6_minus_tracheal_sg	46229
all_dm6_minus_tracheal_sg	46230
all_dm6_minus_tracheal_sg	46231
all_dm6_minus_tracheal_sg	46232
all_dm6_minus_tracheal_sg	46234
all_dm6_minus_tracheal_sg	46236
all_dm6_minus_tracheal_sg	46240
all_dm6_minus_tracheal_sg	46242
all_dm6_minus_tracheal_sg	46243
all_dm6_minus_tracheal_sg	46245
all_dm6_minus_tracheal_sg	46246
all_dm6_minus_tracheal_sg	46248
all_dm6_minus_tracheal_sg	46256
all_dm6_minus_tracheal_sg	46258
all_dm6_minus_tracheal_sg	46259
all_dm6_minus_tracheal_sg	46268
all_dm6_minus_tracheal_sg	46269
all_dm6_minus_tracheal_sg	46271
all_dm6_minus_tracheal_sg	46273
all_dm6_minus_tracheal_sg	46274
all_dm6_minus_tracheal_sg	46277
all_dm6_minus_tracheal_sg	46279
all_dm6_minus_tracheal_sg	46280
all_dm6_minus_tracheal_sg	46281
all_dm6_minus_tracheal_sg	46285
all_dm6_minus_tracheal_sg	46290
all_dm6_minus_tracheal_sg	46293
all_dm6_minus_tracheal_sg	46297
all_dm6_minus_tracheal_sg	46299
all_dm6_minus_tracheal_sg	46301
all_dm6_minus_tracheal_sg	46318
all_dm6_minus_tracheal_sg	46319
all_dm6_minus_tracheal_sg	46320
all_dm6_minus_tracheal_sg	46322
all_dm6_minus_tracheal_sg	46325
all_dm6_minus_tracheal_sg	46326
all_dm6_minus_tracheal_sg	46327
all_dm6_minus_tracheal_sg	46329
all_dm6_minus_tracheal_sg	46330
all_dm6_minus_tracheal_sg	46331
all_dm6_minus_tracheal_sg	46333
all_dm6_minus_tracheal_sg	46335
all_dm6_minus_tracheal_sg	46337
all_dm6_minus_tracheal_sg	46339
all_dm6_minus_tracheal_sg	46341
all_dm6_minus_tracheal_sg	46342
all_dm6_minus_tracheal_sg	46343
all_dm6_minus_tracheal_sg	46345
all_dm6_minus_tracheal_sg	46346
all_dm6_minus_tracheal_sg	46347
all_dm6_minus_tracheal_sg	46348
all_dm6_minus_tracheal_sg	46349
all_dm6_minus_tracheal_sg	46353
all_dm6_minus_tracheal_sg	46362
all_dm6_minus_tracheal_sg	46363
all_dm6_minus_tracheal_sg	46364
all_dm6_minus_tracheal_sg	46365
all_dm6_minus_tracheal_sg	46366
all_dm6_minus_tracheal_sg	46368
all_dm6_minus_tracheal_sg	46369
all_dm6_minus_tracheal_sg	46370
all_dm6_minus_tracheal_sg	46371
all_dm6_minus_tracheal_sg	46372
all_dm6_minus_tracheal_sg	46373
all_dm6_minus_tracheal_sg	46374
all_dm6_minus_tracheal_sg	46375
all_dm6_minus_tracheal_sg	46376
all_dm6_minus_tracheal_sg	46377
all_dm6_minus_tracheal_sg	46378
all_dm6_minus_tracheal_sg	46379
all_dm6_minus_tracheal_sg	46386
all_dm6_minus_tracheal_sg	46391
all_dm6_minus_tracheal_sg	46411
all_dm6_minus_tracheal_sg	46412
all_dm6_minus_tracheal_sg	46413
all_dm6_minus_tracheal_sg	46414
all_dm6_minus_tracheal_sg	46416
all_dm6_minus_tracheal_sg	46426
all_dm6_minus_tracheal_sg	46427
all_dm6_minus_tracheal_sg	46428
all_dm6_minus_tracheal_sg	46429
all_dm6_minus_tracheal_sg	46430
all_dm6_minus_tracheal_sg	46431
all_dm6_minus_tracheal_sg	46432
all_dm6_minus_tracheal_sg	46433
all_dm6_minus_tracheal_sg	46434
all_dm6_minus_tracheal_sg	46435
all_dm6_minus_tracheal_sg	46436
all_dm6_minus_tracheal_sg	46437
all_dm6_minus_tracheal_sg	46438
all_dm6_minus_tracheal_sg	46439
all_dm6_minus_tracheal_sg	46440
all_dm6_minus_tracheal_sg	46441
all_dm6_minus_tracheal_sg	46442
all_dm6_minus_tracheal_sg	46443
all_dm6_minus_tracheal_sg	46444
all_dm6_minus_tracheal_sg	46445
all_dm6_minus_tracheal_sg	46446
all_dm6_minus_tracheal_sg	46447
all_dm6_minus_tracheal_sg	46448
all_dm6_minus_tracheal_sg	46449
all_dm6_minus_tracheal_sg	46450
all_dm6_minus_tracheal_sg	46452
all_dm6_minus_tracheal_sg	46453
all_dm6_minus_tracheal_sg	46455
all_dm6_minus_tracheal_sg	46456
all_dm6_minus_tracheal_sg	46472
all_dm6_minus_tracheal_sg	46473
all_dm6_minus_tracheal_sg	46474
all_dm6_minus_tracheal_sg	46475
all_dm6_minus_tracheal_sg	46476
all_dm6_minus_tracheal_sg	46477
all_dm6_minus_tracheal_sg	46478
all_dm6_minus_tracheal_sg	46479
all_dm6_minus_tracheal_sg	46480
all_dm6_minus_tracheal_sg	46481
all_dm6_minus_tracheal_sg	46482
all_dm6_minus_tracheal_sg	46484
all_dm6_minus_tracheal_sg	46498
all_dm6_minus_tracheal_sg	46499
all_dm6_minus_tracheal_sg	46500
all_dm6_minus_tracheal_sg	46501
all_dm6_minus_tracheal_sg	46502
all_dm6_minus_tracheal_sg	46503
all_dm6_minus_tracheal_sg	46504
all_dm6_minus_tracheal_sg	46505
all_dm6_minus_tracheal_sg	46506
all_dm6_minus_tracheal_sg	46507
all_dm6_minus_tracheal_sg	46508
all_dm6_minus_tracheal_sg	46509
all_dm6_minus_tracheal_sg	46510
all_dm6_minus_tracheal_sg	46511
all_dm6_minus_tracheal_sg	46512
all_dm6_minus_tracheal_sg	46513
all_dm6_minus_tracheal_sg	46514
all_dm6_minus_tracheal_sg	46515
all_dm6_minus_tracheal_sg	46516
all_dm6_minus_tracheal_sg	46517
all_dm6_minus_tracheal_sg	46519
all_dm6_minus_tracheal_sg	46520
all_dm6_minus_tracheal_sg	46524
all_dm6_minus_tracheal_sg	46525
all_dm6_minus_tracheal_sg	46526
all_dm6_minus_tracheal_sg	46527
all_dm6_minus_tracheal_sg	46546
all_dm6_minus_tracheal_sg	46547
all_dm6_minus_tracheal_sg	46548
all_dm6_minus_tracheal_sg	46558
all_dm6_minus_tracheal_sg	46570
all_dm6_minus_tracheal_sg	46572
all_dm6_minus_tracheal_sg	46573
all_dm6_minus_tracheal_sg	46574
all_dm6_minus_tracheal_sg	46575
all_dm6_minus_tracheal_sg	46576
all_dm6_minus_tracheal_sg	46577
all_dm6_minus_tracheal_sg	46578
all_dm6_minus_tracheal_sg	46579
all_dm6_minus_tracheal_sg	46580
all_dm6_minus_tracheal_sg	46581
all_dm6_minus_tracheal_sg	46582
all_dm6_minus_tracheal_sg	46583
all_dm6_minus_tracheal_sg	46584
all_dm6_minus_tracheal_sg	46585
all_dm6_minus_tracheal_sg	46586
all_dm6_minus_tracheal_sg	46609
all_dm6_minus_tracheal_sg	46610
all_dm6_minus_tracheal_sg	46614
all_dm6_minus_tracheal_sg	46651
all_dm6_minus_tracheal_sg	46652
all_dm6_minus_tracheal_sg	46656
all_dm6_minus_tracheal_sg	46657
all_dm6_minus_tracheal_sg	46660
all_dm6_minus_tracheal_sg	46664
all_dm6_minus_tracheal_sg	46665
all_dm6_minus_tracheal_sg	46666
all_dm6_minus_tracheal_sg	46667
all_dm6_minus_tracheal_sg	46668
all_dm6_minus_tracheal_sg	46669
all_dm6_minus_tracheal_sg	46670
all_dm6_minus_tracheal_sg	46677
all_dm6_minus_tracheal_sg	46678
all_dm6_minus_tracheal_sg	46679
all_dm6_minus_tracheal_sg	46680
all_dm6_minus_tracheal_sg	46683
all_dm6_minus_tracheal_sg	46684
all_dm6_minus_tracheal_sg	46685
all_dm6_minus_tracheal_sg	46686
all_dm6_minus_tracheal_sg	46687
all_dm6_minus_tracheal_sg	46717
all_dm6_minus_tracheal_sg	46724
all_dm6_minus_tracheal_sg	46734
all_dm6_minus_tracheal_sg	46737
all_dm6_minus_tracheal_sg	46738
all_dm6_minus_tracheal_sg	46747
all_dm6_minus_tracheal_sg	46761
all_dm6_minus_tracheal_sg	46762
all_dm6_minus_tracheal_sg	46763
all_dm6_minus_tracheal_sg	46764
all_dm6_minus_tracheal_sg	46775
all_dm6_minus_tracheal_sg	46776
all_dm6_minus_tracheal_sg	46777
all_dm6_minus_tracheal_sg	46778
all_dm6_minus_tracheal_sg	46779
all_dm6_minus_tracheal_sg	46780
all_dm6_minus_tracheal_sg	46781
all_dm6_minus_tracheal_sg	46782
all_dm6_minus_tracheal_sg	46789
all_dm6_minus_tracheal_sg	46790
all_dm6_minus_tracheal_sg	46791
all_dm6_minus_tracheal_sg	46793
all_dm6_minus_tracheal_sg	46795
all_dm6_minus_tracheal_sg	46796
all_dm6_minus_tracheal_sg	46805
all_dm6_minus_tracheal_sg	46806
all_dm6_minus_tracheal_sg	46807
all_dm6_minus_tracheal_sg	46808
all_dm6_minus_tracheal_sg	46809
all_dm6_minus_tracheal_sg	46813
all_dm6_minus_tracheal_sg	46827
all_dm6_minus_tracheal_sg	46828
all_dm6_minus_tracheal_sg	46829
all_dm6_minus_tracheal_sg	46830
all_dm6_minus_tracheal_sg	46831
all_dm6_minus_tracheal_sg	46832
all_dm6_minus_tracheal_sg	46833
all_dm6_minus_tracheal_sg	46834
all_dm6_minus_tracheal_sg	46835
all_dm6_minus_tracheal_sg	46836
all_dm6_minus_tracheal_sg	46837
all_dm6_minus_tracheal_sg	46838
all_dm6_minus_tracheal_sg	46840
all_dm6_minus_tracheal_sg	46841
all_dm6_minus_tracheal_sg	46876
all_dm6_minus_tracheal_sg	46883
all_dm6_minus_tracheal_sg	46884
all_dm6_minus_tracheal_sg	46885
all_dm6_minus_tracheal_sg	46886
all_dm6_minus_tracheal_sg	46887
all_dm6_minus_tracheal_sg	46888
all_dm6_minus_tracheal_sg	46889
all_dm6_minus_tracheal_sg	46891
all_dm6_minus_tracheal_sg	46892
all_dm6_minus_tracheal_sg	46894
all_dm6_minus_tracheal_sg	46895
all_dm6_minus_tracheal_sg	46896
all_dm6_minus_tracheal_sg	46897
all_dm6_minus_tracheal_sg	46898
all_dm6_minus_tracheal_sg	46899
all_dm6_minus_tracheal_sg	46900
all_dm6_minus_tracheal_sg	46901
all_dm6_minus_tracheal_sg	46902
all_dm6_minus_tracheal_sg	46903
all_dm6_minus_tracheal_sg	46904
all_dm6_minus_tracheal_sg	46905
all_dm6_minus_tracheal_sg	46906
all_dm6_minus_tracheal_sg	46907
all_dm6_minus_tracheal_sg	46909
all_dm6_minus_tracheal_sg	46911
all_dm6_minus_tracheal_sg	46912
all_dm6_minus_tracheal_sg	46914
all_dm6_minus_tracheal_sg	46915
all_dm6_minus_tracheal_sg	46916
all_dm6_minus_tracheal_sg	46917
all_dm6_minus_tracheal_sg	46918
all_dm6_minus_tracheal_sg	46919
all_dm6_minus_tracheal_sg	46922
all_dm6_minus_tracheal_sg	46923
all_dm6_minus_tracheal_sg	46924
all_dm6_minus_tracheal_sg	46925
all_dm6_minus_tracheal_sg	46926
all_dm6_minus_tracheal_sg	46927
all_dm6_minus_tracheal_sg	46928
all_dm6_minus_tracheal_sg	46929
all_dm6_minus_tracheal_sg	46931
all_dm6_minus_tracheal_sg	46933
all_dm6_minus_tracheal_sg	46934
all_dm6_minus_tracheal_sg	46935
all_dm6_minus_tracheal_sg	46936
all_dm6_minus_tracheal_sg	46937
all_dm6_minus_tracheal_sg	46938
all_dm6_minus_tracheal_sg	46939
all_dm6_minus_tracheal_sg	46940
all_dm6_minus_tracheal_sg	46941
all_dm6_minus_tracheal_sg	46943
all_dm6_minus_tracheal_sg	46944
all_dm6_minus_tracheal_sg	46945
all_dm6_minus_tracheal_sg	46947
all_dm6_minus_tracheal_sg	46948
all_dm6_minus_tracheal_sg	46949
all_dm6_minus_tracheal_sg	46950
all_dm6_minus_tracheal_sg	46951
all_dm6_minus_tracheal_sg	46952
all_dm6_minus_tracheal_sg	46953
all_dm6_minus_tracheal_sg	46954
all_dm6_minus_tracheal_sg	46956
all_dm6_minus_tracheal_sg	46957
all_dm6_minus_tracheal_sg	46960
all_dm6_minus_tracheal_sg	46961
all_dm6_minus_tracheal_sg	46962
all_dm6_minus_tracheal_sg	46963
all_dm6_minus_tracheal_sg	46964
all_dm6_minus_tracheal_sg	46966
all_dm6_minus_tracheal_sg	46967
all_dm6_minus_tracheal_sg	46970
all_dm6_minus_tracheal_sg	46972
all_dm6_minus_tracheal_sg	46973
all_dm6_minus_tracheal_sg	46974
all_dm6_minus_tracheal_sg	46975
all_dm6_minus_tracheal_sg	46977
all_dm6_minus_tracheal_sg	46978
all_dm6_minus_tracheal_sg	46979
all_dm6_minus_tracheal_sg	46981
all_dm6_minus_tracheal_sg	46982
all_dm6_minus_tracheal_sg	46984
all_dm6_minus_tracheal_sg	46985
all_dm6_minus_tracheal_sg	46986
all_dm6_minus_tracheal_sg	46988
all_dm6_minus_tracheal_sg	46989
all_dm6_minus_tracheal_sg	46990
all_dm6_minus_tracheal_sg	46992
all_dm6_minus_tracheal_sg	46993
all_dm6_minus_tracheal_sg	46994
all_dm6_minus_tracheal_sg	46998
all_dm6_minus_tracheal_sg	46999
all_dm6_minus_tracheal_sg	47000
all_dm6_minus_tracheal_sg	47001
all_dm6_minus_tracheal_sg	47002
all_dm6_minus_tracheal_sg	47003
all_dm6_minus_tracheal_sg	47004
all_dm6_minus_tracheal_sg	47005
all_dm6_minus_tracheal_sg	47006
all_dm6_minus_tracheal_sg	47007
all_dm6_minus_tracheal_sg	47009
all_dm6_minus_tracheal_sg	47010
all_dm6_minus_tracheal_sg	47011
all_dm6_minus_tracheal_sg	47012
all_dm6_minus_tracheal_sg	47013
all_dm6_minus_tracheal_sg	47014
all_dm6_minus_tracheal_sg	47015
all_dm6_minus_tracheal_sg	47016
all_dm6_minus_tracheal_sg	47017
all_dm6_minus_tracheal_sg	47020
all_dm6_minus_tracheal_sg	47023
all_dm6_minus_tracheal_sg	47025
all_dm6_minus_tracheal_sg	47026
all_dm6_minus_tracheal_sg	47027
all_dm6_minus_tracheal_sg	47028
all_dm6_minus_tracheal_sg	47030
all_dm6_minus_tracheal_sg	47033
all_dm6_minus_tracheal_sg	47034
all_dm6_minus_tracheal_sg	47035
all_dm6_minus_tracheal_sg	47036
all_dm6_minus_tracheal_sg	47038
all_dm6_minus_tracheal_sg	47039
all_dm6_minus_tracheal_sg	47040
all_dm6_minus_tracheal_sg	47041
all_dm6_minus_tracheal_sg	47043
all_dm6_minus_tracheal_sg	47044
all_dm6_minus_tracheal_sg	47063
all_dm6_minus_tracheal_sg	47066
all_dm6_minus_tracheal_sg	47068
all_dm6_minus_tracheal_sg	47069
all_dm6_minus_tracheal_sg	47070
all_dm6_minus_tracheal_sg	47071
all_dm6_minus_tracheal_sg	47079
all_dm6_minus_tracheal_sg	47080
all_dm6_minus_tracheal_sg	47084
all_dm6_minus_tracheal_sg	47085
all_dm6_minus_tracheal_sg	47091
all_dm6_minus_tracheal_sg	47093
all_dm6_minus_tracheal_sg	47094
all_dm6_minus_tracheal_sg	47096
all_dm6_minus_tracheal_sg	47097
all_dm6_minus_tracheal_sg	47100
all_dm6_minus_tracheal_sg	47101
all_dm6_minus_tracheal_sg	47102
all_dm6_minus_tracheal_sg	47103
all_dm6_minus_tracheal_sg	47104
all_dm6_minus_tracheal_sg	47105
all_dm6_minus_tracheal_sg	47106
all_dm6_minus_tracheal_sg	47107
all_dm6_minus_tracheal_sg	47108
all_dm6_minus_tracheal_sg	47109
all_dm6_minus_tracheal_sg	47110
all_dm6_minus_tracheal_sg	47111
all_dm6_minus_tracheal_sg	47112
all_dm6_minus_tracheal_sg	47113
all_dm6_minus_tracheal_sg	47114
all_dm6_minus_tracheal_sg	47115
all_dm6_minus_tracheal_sg	47116
all_dm6_minus_tracheal_sg	47117
all_dm6_minus_tracheal_sg	47118
all_dm6_minus_tracheal_sg	47119
all_dm6_minus_tracheal_sg	47120
all_dm6_minus_tracheal_sg	47121
all_dm6_minus_tracheal_sg	47122
all_dm6_minus_tracheal_sg	47123
all_dm6_minus_tracheal_sg	47124
all_dm6_minus_tracheal_sg	47125
all_dm6_minus_tracheal_sg	47126
all_dm6_minus_tracheal_sg	47127
all_dm6_minus_tracheal_sg	47129
all_dm6_minus_tracheal_sg	47130
all_dm6_minus_tracheal_sg	47132
all_dm6_minus_tracheal_sg	47133
all_dm6_minus_tracheal_sg	47138
all_dm6_minus_tracheal_sg	47139
all_dm6_minus_tracheal_sg	47140
all_dm6_minus_tracheal_sg	47141
all_dm6_minus_tracheal_sg	47142
all_dm6_minus_tracheal_sg	47143
all_dm6_minus_tracheal_sg	47144
all_dm6_minus_tracheal_sg	47145
all_dm6_minus_tracheal_sg	47146
all_dm6_minus_tracheal_sg	47147
all_dm6_minus_tracheal_sg	47148
all_dm6_minus_tracheal_sg	47149
all_dm6_minus_tracheal_sg	47151
all_dm6_minus_tracheal_sg	47153
all_dm6_minus_tracheal_sg	47154
all_dm6_minus_tracheal_sg	47155
all_dm6_minus_tracheal_sg	47156
all_dm6_minus_tracheal_sg	47157
all_dm6_minus_tracheal_sg	47158
all_dm6_minus_tracheal_sg	47159
all_dm6_minus_tracheal_sg	47160
all_dm6_minus_tracheal_sg	47161
all_dm6_minus_tracheal_sg	47162
all_dm6_minus_tracheal_sg	47163
all_dm6_minus_tracheal_sg	47164
all_dm6_minus_tracheal_sg	47166
all_dm6_minus_tracheal_sg	47167
all_dm6_minus_tracheal_sg	47168
all_dm6_minus_tracheal_sg	47169
all_dm6_minus_tracheal_sg	47172
all_dm6_minus_tracheal_sg	47173
all_dm6_minus_tracheal_sg	47174
all_dm6_minus_tracheal_sg	47176
all_dm6_minus_tracheal_sg	47177
all_dm6_minus_tracheal_sg	47178
all_dm6_minus_tracheal_sg	47179
all_dm6_minus_tracheal_sg	47180
all_dm6_minus_tracheal_sg	47181
all_dm6_minus_tracheal_sg	47182
all_dm6_minus_tracheal_sg	47183
all_dm6_minus_tracheal_sg	47185
all_dm6_minus_tracheal_sg	47186
all_dm6_minus_tracheal_sg	47187
all_dm6_minus_tracheal_sg	47188
all_dm6_minus_tracheal_sg	47191
all_dm6_minus_tracheal_sg	47192
all_dm6_minus_tracheal_sg	47193
all_dm6_minus_tracheal_sg	47194
all_dm6_minus_tracheal_sg	47195
all_dm6_minus_tracheal_sg	47196
all_dm6_minus_tracheal_sg	47198
all_dm6_minus_tracheal_sg	47199
all_dm6_minus_tracheal_sg	47202
all_dm6_minus_tracheal_sg	47203
all_dm6_minus_tracheal_sg	47204
all_dm6_minus_tracheal_sg	47205
all_dm6_minus_tracheal_sg	47206
all_dm6_minus_tracheal_sg	47207
all_dm6_minus_tracheal_sg	47208
all_dm6_minus_tracheal_sg	47209
all_dm6_minus_tracheal_sg	47210
all_dm6_minus_tracheal_sg	47211
all_dm6_minus_tracheal_sg	47212
all_dm6_minus_tracheal_sg	47213
all_dm6_minus_tracheal_sg	47214
all_dm6_minus_tracheal_sg	47216
all_dm6_minus_tracheal_sg	47218
all_dm6_minus_tracheal_sg	47219
all_dm6_minus_tracheal_sg	47223
all_dm6_minus_tracheal_sg	47228
all_dm6_minus_tracheal_sg	47229
all_dm6_minus_tracheal_sg	47230
all_dm6_minus_tracheal_sg	47231
all_dm6_minus_tracheal_sg	47232
all_dm6_minus_tracheal_sg	47233
all_dm6_minus_tracheal_sg	47234
all_dm6_minus_tracheal_sg	47235
all_dm6_minus_tracheal_sg	47236
all_dm6_minus_tracheal_sg	47237
all_dm6_minus_tracheal_sg	47238
all_dm6_minus_tracheal_sg	47239
all_dm6_minus_tracheal_sg	47240
all_dm6_minus_tracheal_sg	47241
all_dm6_minus_tracheal_sg	47242
all_dm6_minus_tracheal_sg	47243
all_dm6_minus_tracheal_sg	47244
all_dm6_minus_tracheal_sg	47245
all_dm6_minus_tracheal_sg	47246
all_dm6_minus_tracheal_sg	47247
all_dm6_minus_tracheal_sg	47248
all_dm6_minus_tracheal_sg	47249
all_dm6_minus_tracheal_sg	47250
all_dm6_minus_tracheal_sg	47253
all_dm6_minus_tracheal_sg	47260
all_dm6_minus_tracheal_sg	47263
all_dm6_minus_tracheal_sg	47266
all_dm6_minus_tracheal_sg	47267
all_dm6_minus_tracheal_sg	47268
all_dm6_minus_tracheal_sg	47272
all_dm6_minus_tracheal_sg	47273
all_dm6_minus_tracheal_sg	47278
all_dm6_minus_tracheal_sg	47280
all_dm6_minus_tracheal_sg	47284
all_dm6_minus_tracheal_sg	47285
all_dm6_minus_tracheal_sg	47297
all_dm6_minus_tracheal_sg	47299
all_dm6_minus_tracheal_sg	47300
all_dm6_minus_tracheal_sg	47301
all_dm6_minus_tracheal_sg	47302
all_dm6_minus_tracheal_sg	47303
all_dm6_minus_tracheal_sg	47304
all_dm6_minus_tracheal_sg	47305
all_dm6_minus_tracheal_sg	47306
all_dm6_minus_tracheal_sg	47308
all_dm6_minus_tracheal_sg	47309
all_dm6_minus_tracheal_sg	47310
all_dm6_minus_tracheal_sg	47314
all_dm6_minus_tracheal_sg	47320
all_dm6_minus_tracheal_sg	47334
all_dm6_minus_tracheal_sg	47336
all_dm6_minus_tracheal_sg	47338
all_dm6_minus_tracheal_sg	47340
all_dm6_minus_tracheal_sg	47341
all_dm6_minus_tracheal_sg	47342
all_dm6_minus_tracheal_sg	47343
all_dm6_minus_tracheal_sg	47344
all_dm6_minus_tracheal_sg	47345
all_dm6_minus_tracheal_sg	47346
all_dm6_minus_tracheal_sg	47347
all_dm6_minus_tracheal_sg	47352
all_dm6_minus_tracheal_sg	47356
all_dm6_minus_tracheal_sg	47359
all_dm6_minus_tracheal_sg	47360
all_dm6_minus_tracheal_sg	47361
all_dm6_minus_tracheal_sg	47362
all_dm6_minus_tracheal_sg	47363
all_dm6_minus_tracheal_sg	47364
all_dm6_minus_tracheal_sg	47365
all_dm6_minus_tracheal_sg	47366
all_dm6_minus_tracheal_sg	47367
all_dm6_minus_tracheal_sg	47368
all_dm6_minus_tracheal_sg	47370
all_dm6_minus_tracheal_sg	47375
all_dm6_minus_tracheal_sg	47376
all_dm6_minus_tracheal_sg	47377
all_dm6_minus_tracheal_sg	47378
all_dm6_minus_tracheal_sg	47384
all_dm6_minus_tracheal_sg	47385
all_dm6_minus_tracheal_sg	47390
all_dm6_minus_tracheal_sg	47391
all_dm6_minus_tracheal_sg	47392
all_dm6_minus_tracheal_sg	47394
all_dm6_minus_tracheal_sg	47396
all_dm6_minus_tracheal_sg	47399
all_dm6_minus_tracheal_sg	47401
all_dm6_minus_tracheal_sg	47406
all_dm6_minus_tracheal_sg	47408
all_dm6_minus_tracheal_sg	47412
all_dm6_minus_tracheal_sg	47413
all_dm6_minus_tracheal_sg	47415
all_dm6_minus_tracheal_sg	47417
all_dm6_minus_tracheal_sg	47423
all_dm6_minus_tracheal_sg	47425
all_dm6_minus_tracheal_sg	47426
all_dm6_minus_tracheal_sg	47430
all_dm6_minus_tracheal_sg	47431
all_dm6_minus_tracheal_sg	47432
all_dm6_minus_tracheal_sg	47433
all_dm6_minus_tracheal_sg	47442
all_dm6_minus_tracheal_sg	47456
all_dm6_minus_tracheal_sg	47459
all_dm6_minus_tracheal_sg	47461
all_dm6_minus_tracheal_sg	47462
all_dm6_minus_tracheal_sg	47463
all_dm6_minus_tracheal_sg	47466
all_dm6_minus_tracheal_sg	47469
all_dm6_minus_tracheal_sg	47472
all_dm6_minus_tracheal_sg	47479
all_dm6_minus_tracheal_sg	47480
all_dm6_minus_tracheal_sg	47481
all_dm6_minus_tracheal_sg	47482
all_dm6_minus_tracheal_sg	47487
all_dm6_minus_tracheal_sg	47491
all_dm6_minus_tracheal_sg	47495
all_dm6_minus_tracheal_sg	47501
all_dm6_minus_tracheal_sg	47510
all_dm6_minus_tracheal_sg	47514
all_dm6_minus_tracheal_sg	47517
all_dm6_minus_tracheal_sg	47521
all_dm6_minus_tracheal_sg	47522
all_dm6_minus_tracheal_sg	47523
all_dm6_minus_tracheal_sg	47527
all_dm6_minus_tracheal_sg	47531
all_dm6_minus_tracheal_sg	47533
all_dm6_minus_tracheal_sg	47535
all_dm6_minus_tracheal_sg	47544
all_dm6_minus_tracheal_sg	47545
all_dm6_minus_tracheal_sg	47547
all_dm6_minus_tracheal_sg	47548
all_dm6_minus_tracheal_sg	47552
all_dm6_minus_tracheal_sg	47560
all_dm6_minus_tracheal_sg	47562
all_dm6_minus_tracheal_sg	47563
all_dm6_minus_tracheal_sg	47568
all_dm6_minus_tracheal_sg	47571
all_dm6_minus_tracheal_sg	47573
all_dm6_minus_tracheal_sg	47575
all_dm6_minus_tracheal_sg	47581
all_dm6_minus_tracheal_sg	47585
all_dm6_minus_tracheal_sg	47586
all_dm6_minus_tracheal_sg	47593
all_dm6_minus_tracheal_sg	47594
all_dm6_minus_tracheal_sg	47601
all_dm6_minus_tracheal_sg	47603
all_dm6_minus_tracheal_sg	47604
all_dm6_minus_tracheal_sg	47607
all_dm6_minus_tracheal_sg	47611
all_dm6_minus_tracheal_sg	47613
all_dm6_minus_tracheal_sg	47617
all_dm6_minus_tracheal_sg	47618
all_dm6_minus_tracheal_sg	47623
all_dm6_minus_tracheal_sg	47624
all_dm6_minus_tracheal_sg	47626
all_dm6_minus_tracheal_sg	47627
all_dm6_minus_tracheal_sg	47636
all_dm6_minus_tracheal_sg	47643
all_dm6_minus_tracheal_sg	47647
all_dm6_minus_tracheal_sg	47648
all_dm6_minus_tracheal_sg	47666
all_dm6_minus_tracheal_sg	47667
all_dm6_minus_tracheal_sg	47671
all_dm6_minus_tracheal_sg	47672
all_dm6_minus_tracheal_sg	47673
all_dm6_minus_tracheal_sg	47674
all_dm6_minus_tracheal_sg	47676
all_dm6_minus_tracheal_sg	47677
all_dm6_minus_tracheal_sg	47678
all_dm6_minus_tracheal_sg	47687
all_dm6_minus_tracheal_sg	47698
all_dm6_minus_tracheal_sg	47699
all_dm6_minus_tracheal_sg	47703
all_dm6_minus_tracheal_sg	47705
all_dm6_minus_tracheal_sg	47706
all_dm6_minus_tracheal_sg	47707
all_dm6_minus_tracheal_sg	47708
all_dm6_minus_tracheal_sg	47709
all_dm6_minus_tracheal_sg	47710
all_dm6_minus_tracheal_sg	47718
all_dm6_minus_tracheal_sg	47719
all_dm6_minus_tracheal_sg	47720
all_dm6_minus_tracheal_sg	47721
all_dm6_minus_tracheal_sg	47722
all_dm6_minus_tracheal_sg	47723
all_dm6_minus_tracheal_sg	47724
all_dm6_minus_tracheal_sg	47725
all_dm6_minus_tracheal_sg	47726
all_dm6_minus_tracheal_sg	47727
all_dm6_minus_tracheal_sg	47728
all_dm6_minus_tracheal_sg	47729
all_dm6_minus_tracheal_sg	47730
all_dm6_minus_tracheal_sg	47732
all_dm6_minus_tracheal_sg	47733
all_dm6_minus_tracheal_sg	47735
all_dm6_minus_tracheal_sg	47746
all_dm6_minus_tracheal_sg	47748
all_dm6_minus_tracheal_sg	47749
all_dm6_minus_tracheal_sg	47750
all_dm6_minus_tracheal_sg	47752
all_dm6_minus_tracheal_sg	47753
all_dm6_minus_tracheal_sg	47754
all_dm6_minus_tracheal_sg	47755
all_dm6_minus_tracheal_sg	47757
all_dm6_minus_tracheal_sg	47762
all_dm6_minus_tracheal_sg	47765
all_dm6_minus_tracheal_sg	47766
all_dm6_minus_tracheal_sg	47767
all_dm6_minus_tracheal_sg	47768
all_dm6_minus_tracheal_sg	47769
all_dm6_minus_tracheal_sg	47770
all_dm6_minus_tracheal_sg	47771
all_dm6_minus_tracheal_sg	47773
all_dm6_minus_tracheal_sg	47774
all_dm6_minus_tracheal_sg	47775
all_dm6_minus_tracheal_sg	47776
all_dm6_minus_tracheal_sg	47777
all_dm6_minus_tracheal_sg	47778
all_dm6_minus_tracheal_sg	47779
all_dm6_minus_tracheal_sg	47780
all_dm6_minus_tracheal_sg	47781
all_dm6_minus_tracheal_sg	47782
all_dm6_minus_tracheal_sg	47783
all_dm6_minus_tracheal_sg	47784
all_dm6_minus_tracheal_sg	47785
all_dm6_minus_tracheal_sg	47786
all_dm6_minus_tracheal_sg	47787
all_dm6_minus_tracheal_sg	47788
all_dm6_minus_tracheal_sg	47789
all_dm6_minus_tracheal_sg	47790
all_dm6_minus_tracheal_sg	47791
all_dm6_minus_tracheal_sg	47792
all_dm6_minus_tracheal_sg	47794
all_dm6_minus_tracheal_sg	47795
all_dm6_minus_tracheal_sg	47797
all_dm6_minus_tracheal_sg	47798
all_dm6_minus_tracheal_sg	47799
all_dm6_minus_tracheal_sg	47800
all_dm6_minus_tracheal_sg	47801
all_dm6_minus_tracheal_sg	47802
all_dm6_minus_tracheal_sg	47803
all_dm6_minus_tracheal_sg	47804
all_dm6_minus_tracheal_sg	47805
all_dm6_minus_tracheal_sg	47807
all_dm6_minus_tracheal_sg	47808
all_dm6_minus_tracheal_sg	47809
all_dm6_minus_tracheal_sg	47810
all_dm6_minus_tracheal_sg	47812
all_dm6_minus_tracheal_sg	47813
all_dm6_minus_tracheal_sg	47814
all_dm6_minus_tracheal_sg	47815
all_dm6_minus_tracheal_sg	47816
all_dm6_minus_tracheal_sg	47818
all_dm6_minus_tracheal_sg	47819
all_dm6_minus_tracheal_sg	47820
all_dm6_minus_tracheal_sg	47821
all_dm6_minus_tracheal_sg	47822
all_dm6_minus_tracheal_sg	47823
all_dm6_minus_tracheal_sg	47824
all_dm6_minus_tracheal_sg	47825
all_dm6_minus_tracheal_sg	47826
all_dm6_minus_tracheal_sg	47827
all_dm6_minus_tracheal_sg	47828
all_dm6_minus_tracheal_sg	47829
all_dm6_minus_tracheal_sg	47830
all_dm6_minus_tracheal_sg	47831
all_dm6_minus_tracheal_sg	47832
all_dm6_minus_tracheal_sg	47833
all_dm6_minus_tracheal_sg	47834
all_dm6_minus_tracheal_sg	47835
all_dm6_minus_tracheal_sg	47836
all_dm6_minus_tracheal_sg	47837
all_dm6_minus_tracheal_sg	47838
all_dm6_minus_tracheal_sg	47839
all_dm6_minus_tracheal_sg	47840
all_dm6_minus_tracheal_sg	47841
all_dm6_minus_tracheal_sg	47842
all_dm6_minus_tracheal_sg	47843
all_dm6_minus_tracheal_sg	47844
all_dm6_minus_tracheal_sg	47846
all_dm6_minus_tracheal_sg	47847
all_dm6_minus_tracheal_sg	47848
all_dm6_minus_tracheal_sg	47850
all_dm6_minus_tracheal_sg	47851
all_dm6_minus_tracheal_sg	47852
all_dm6_minus_tracheal_sg	47853
all_dm6_minus_tracheal_sg	47854
all_dm6_minus_tracheal_sg	47858
all_dm6_minus_tracheal_sg	47859
all_dm6_minus_tracheal_sg	47862
all_dm6_minus_tracheal_sg	47865
all_dm6_minus_tracheal_sg	47868
all_dm6_minus_tracheal_sg	47869
all_dm6_minus_tracheal_sg	47872
all_dm6_minus_tracheal_sg	47873
all_dm6_minus_tracheal_sg	47875
all_dm6_minus_tracheal_sg	47877
all_dm6_minus_tracheal_sg	47878
all_dm6_minus_tracheal_sg	47880
all_dm6_minus_tracheal_sg	47881
all_dm6_minus_tracheal_sg	47882
all_dm6_minus_tracheal_sg	47883
all_dm6_minus_tracheal_sg	47884
all_dm6_minus_tracheal_sg	47885
all_dm6_minus_tracheal_sg	47886
all_dm6_minus_tracheal_sg	47887
all_dm6_minus_tracheal_sg	47888
all_dm6_minus_tracheal_sg	47889
all_dm6_minus_tracheal_sg	47891
all_dm6_minus_tracheal_sg	47892
all_dm6_minus_tracheal_sg	47893
all_dm6_minus_tracheal_sg	47894
all_dm6_minus_tracheal_sg	47895
all_dm6_minus_tracheal_sg	47898
all_dm6_minus_tracheal_sg	47899
all_dm6_minus_tracheal_sg	47900
all_dm6_minus_tracheal_sg	47901
all_dm6_minus_tracheal_sg	47902
all_dm6_minus_tracheal_sg	47903
all_dm6_minus_tracheal_sg	47905
all_dm6_minus_tracheal_sg	47906
all_dm6_minus_tracheal_sg	47909
all_dm6_minus_tracheal_sg	47914
all_dm6_minus_tracheal_sg	47917
all_dm6_minus_tracheal_sg	47918
all_dm6_minus_tracheal_sg	47920
all_dm6_minus_tracheal_sg	47926
all_dm6_minus_tracheal_sg	47929
all_dm6_minus_tracheal_sg	47934
all_dm6_minus_tracheal_sg	47936
all_dm6_minus_tracheal_sg	47937
all_dm6_minus_tracheal_sg	47938
all_dm6_minus_tracheal_sg	47939
all_dm6_minus_tracheal_sg	47941
all_dm6_minus_tracheal_sg	47944
all_dm6_minus_tracheal_sg	47945
all_dm6_minus_tracheal_sg	47947
all_dm6_minus_tracheal_sg	47948
all_dm6_minus_tracheal_sg	47951
all_dm6_minus_tracheal_sg	47952
all_dm6_minus_tracheal_sg	47954
all_dm6_minus_tracheal_sg	47966
all_dm6_minus_tracheal_sg	47967
all_dm6_minus_tracheal_sg	47968
all_dm6_minus_tracheal_sg	47969
all_dm6_minus_tracheal_sg	47970
all_dm6_minus_tracheal_sg	47975
all_dm6_minus_tracheal_sg	47976
all_dm6_minus_tracheal_sg	47977
all_dm6_minus_tracheal_sg	47978
all_dm6_minus_tracheal_sg	47979
all_dm6_minus_tracheal_sg	47980
all_dm6_minus_tracheal_sg	47981
all_dm6_minus_tracheal_sg	47990
all_dm6_minus_tracheal_sg	47996
all_dm6_minus_tracheal_sg	48025
all_dm6_minus_tracheal_sg	48026
all_dm6_minus_tracheal_sg	48027
all_dm6_minus_tracheal_sg	48028
all_dm6_minus_tracheal_sg	48029
all_dm6_minus_tracheal_sg	48030
all_dm6_minus_tracheal_sg	48031
all_dm6_minus_tracheal_sg	48032
all_dm6_minus_tracheal_sg	48033
all_dm6_minus_tracheal_sg	48034
all_dm6_minus_tracheal_sg	48035
all_dm6_minus_tracheal_sg	48040
all_dm6_minus_tracheal_sg	48042
all_dm6_minus_tracheal_sg	48043
all_dm6_minus_tracheal_sg	48044
all_dm6_minus_tracheal_sg	48045
all_dm6_minus_tracheal_sg	48046
all_dm6_minus_tracheal_sg	48047
all_dm6_minus_tracheal_sg	48048
all_dm6_minus_tracheal_sg	48049
all_dm6_minus_tracheal_sg	48050
all_dm6_minus_tracheal_sg	48051
all_dm6_minus_tracheal_sg	48060
all_dm6_minus_tracheal_sg	48061
all_dm6_minus_tracheal_sg	48065
all_dm6_minus_tracheal_sg	48066
all_dm6_minus_tracheal_sg	48071
all_dm6_minus_tracheal_sg	48074
all_dm6_minus_tracheal_sg	48075
all_dm6_minus_tracheal_sg	48076
all_dm6_minus_tracheal_sg	48080
all_dm6_minus_tracheal_sg	48083
all_dm6_minus_tracheal_sg	48084
all_dm6_minus_tracheal_sg	48085
all_dm6_minus_tracheal_sg	48088
all_dm6_minus_tracheal_sg	48089
all_dm6_minus_tracheal_sg	48092
all_dm6_minus_tracheal_sg	48095
all_dm6_minus_tracheal_sg	48096
all_dm6_minus_tracheal_sg	48098
all_dm6_minus_tracheal_sg	48099
all_dm6_minus_tracheal_sg	48112
all_dm6_minus_tracheal_sg	48113
all_dm6_minus_tracheal_sg	48114
all_dm6_minus_tracheal_sg	48115
all_dm6_minus_tracheal_sg	48116
all_dm6_minus_tracheal_sg	48117
all_dm6_minus_tracheal_sg	48118
all_dm6_minus_tracheal_sg	48120
all_dm6_minus_tracheal_sg	48121
all_dm6_minus_tracheal_sg	48127
all_dm6_minus_tracheal_sg	48128
all_dm6_minus_tracheal_sg	48129
all_dm6_minus_tracheal_sg	48130
all_dm6_minus_tracheal_sg	48131
all_dm6_minus_tracheal_sg	48132
all_dm6_minus_tracheal_sg	48133
all_dm6_minus_tracheal_sg	48134
all_dm6_minus_tracheal_sg	48135
all_dm6_minus_tracheal_sg	48138
all_dm6_minus_tracheal_sg	48141
all_dm6_minus_tracheal_sg	48142
all_dm6_minus_tracheal_sg	48145
all_dm6_minus_tracheal_sg	48147
all_dm6_minus_tracheal_sg	48148
all_dm6_minus_tracheal_sg	48149
all_dm6_minus_tracheal_sg	48150
all_dm6_minus_tracheal_sg	48151
all_dm6_minus_tracheal_sg	48152
all_dm6_minus_tracheal_sg	48153
all_dm6_minus_tracheal_sg	48154
all_dm6_minus_tracheal_sg	48155
all_dm6_minus_tracheal_sg	48156
all_dm6_minus_tracheal_sg	48159
all_dm6_minus_tracheal_sg	48162
all_dm6_minus_tracheal_sg	48163
all_dm6_minus_tracheal_sg	48164
all_dm6_minus_tracheal_sg	48166
all_dm6_minus_tracheal_sg	48167
all_dm6_minus_tracheal_sg	48168
all_dm6_minus_tracheal_sg	48169
all_dm6_minus_tracheal_sg	48173
all_dm6_minus_tracheal_sg	48174
all_dm6_minus_tracheal_sg	48175
all_dm6_minus_tracheal_sg	48176
all_dm6_minus_tracheal_sg	48178
all_dm6_minus_tracheal_sg	48179
all_dm6_minus_tracheal_sg	48180
all_dm6_minus_tracheal_sg	48181
all_dm6_minus_tracheal_sg	48182
all_dm6_minus_tracheal_sg	48183
all_dm6_minus_tracheal_sg	48184
all_dm6_minus_tracheal_sg	48186
all_dm6_minus_tracheal_sg	48187
all_dm6_minus_tracheal_sg	48188
all_dm6_minus_tracheal_sg	48189
all_dm6_minus_tracheal_sg	48191
all_dm6_minus_tracheal_sg	48192
all_dm6_minus_tracheal_sg	48193
all_dm6_minus_tracheal_sg	48194
all_dm6_minus_tracheal_sg	48195
all_dm6_minus_tracheal_sg	48196
all_dm6_minus_tracheal_sg	48197
all_dm6_minus_tracheal_sg	48198
all_dm6_minus_tracheal_sg	48200
all_dm6_minus_tracheal_sg	48202
all_dm6_minus_tracheal_sg	48203
all_dm6_minus_tracheal_sg	48204
all_dm6_minus_tracheal_sg	48205
all_dm6_minus_tracheal_sg	48206
all_dm6_minus_tracheal_sg	48207
all_dm6_minus_tracheal_sg	48208
all_dm6_minus_tracheal_sg	48209
all_dm6_minus_tracheal_sg	48210
all_dm6_minus_tracheal_sg	48211
all_dm6_minus_tracheal_sg	48212
all_dm6_minus_tracheal_sg	48213
all_dm6_minus_tracheal_sg	48214
all_dm6_minus_tracheal_sg	48216
all_dm6_minus_tracheal_sg	48217
all_dm6_minus_tracheal_sg	48219
all_dm6_minus_tracheal_sg	48224
all_dm6_minus_tracheal_sg	48231
all_dm6_minus_tracheal_sg	48232
all_dm6_minus_tracheal_sg	48233
all_dm6_minus_tracheal_sg	48234
all_dm6_minus_tracheal_sg	48235
all_dm6_minus_tracheal_sg	48237
all_dm6_minus_tracheal_sg	48238
all_dm6_minus_tracheal_sg	48239
all_dm6_minus_tracheal_sg	48241
all_dm6_minus_tracheal_sg	48242
all_dm6_minus_tracheal_sg	48243
all_dm6_minus_tracheal_sg	48244
all_dm6_minus_tracheal_sg	48245
all_dm6_minus_tracheal_sg	48246
all_dm6_minus_tracheal_sg	48247
all_dm6_minus_tracheal_sg	48248
all_dm6_minus_tracheal_sg	48249
all_dm6_minus_tracheal_sg	48250
all_dm6_minus_tracheal_sg	48251
all_dm6_minus_tracheal_sg	48252
all_dm6_minus_tracheal_sg	48253
all_dm6_minus_tracheal_sg	48255
all_dm6_minus_tracheal_sg	48256
all_dm6_minus_tracheal_sg	48257
all_dm6_minus_tracheal_sg	48258
all_dm6_minus_tracheal_sg	48259
all_dm6_minus_tracheal_sg	48260
all_dm6_minus_tracheal_sg	48261
all_dm6_minus_tracheal_sg	48262
all_dm6_minus_tracheal_sg	48263
all_dm6_minus_tracheal_sg	48264
all_dm6_minus_tracheal_sg	48265
all_dm6_minus_tracheal_sg	48266
all_dm6_minus_tracheal_sg	48267
all_dm6_minus_tracheal_sg	48268
all_dm6_minus_tracheal_sg	48269
all_dm6_minus_tracheal_sg	48270
all_dm6_minus_tracheal_sg	48271
all_dm6_minus_tracheal_sg	48272
all_dm6_minus_tracheal_sg	48274
all_dm6_minus_tracheal_sg	48275
all_dm6_minus_tracheal_sg	48276
all_dm6_minus_tracheal_sg	48277
all_dm6_minus_tracheal_sg	48278
all_dm6_minus_tracheal_sg	48279
all_dm6_minus_tracheal_sg	48280
all_dm6_minus_tracheal_sg	48281
all_dm6_minus_tracheal_sg	48282
all_dm6_minus_tracheal_sg	48283
all_dm6_minus_tracheal_sg	48284
all_dm6_minus_tracheal_sg	48285
all_dm6_minus_tracheal_sg	48286
all_dm6_minus_tracheal_sg	48290
all_dm6_minus_tracheal_sg	48291
all_dm6_minus_tracheal_sg	48292
all_dm6_minus_tracheal_sg	48296
all_dm6_minus_tracheal_sg	48302
all_dm6_minus_tracheal_sg	48303
all_dm6_minus_tracheal_sg	48304
all_dm6_minus_tracheal_sg	48305
all_dm6_minus_tracheal_sg	48306
all_dm6_minus_tracheal_sg	48307
all_dm6_minus_tracheal_sg	48309
all_dm6_minus_tracheal_sg	48311
all_dm6_minus_tracheal_sg	48313
all_dm6_minus_tracheal_sg	48314
all_dm6_minus_tracheal_sg	48316
all_dm6_minus_tracheal_sg	48319
all_dm6_minus_tracheal_sg	48320
all_dm6_minus_tracheal_sg	48321
all_dm6_minus_tracheal_sg	48322
all_dm6_minus_tracheal_sg	48323
all_dm6_minus_tracheal_sg	48324
all_dm6_minus_tracheal_sg	48326
all_dm6_minus_tracheal_sg	48327
all_dm6_minus_tracheal_sg	48328
all_dm6_minus_tracheal_sg	48329
all_dm6_minus_tracheal_sg	48330
all_dm6_minus_tracheal_sg	48331
all_dm6_minus_tracheal_sg	48332
all_dm6_minus_tracheal_sg	48333
all_dm6_minus_tracheal_sg	48334
all_dm6_minus_tracheal_sg	48335
all_dm6_minus_tracheal_sg	48336
all_dm6_minus_tracheal_sg	48337
all_dm6_minus_tracheal_sg	48338
all_dm6_minus_tracheal_sg	48339
all_dm6_minus_tracheal_sg	48340
all_dm6_minus_tracheal_sg	48341
all_dm6_minus_tracheal_sg	48343
all_dm6_minus_tracheal_sg	48345
all_dm6_minus_tracheal_sg	48347
all_dm6_minus_tracheal_sg	48348
all_dm6_minus_tracheal_sg	48349
all_dm6_minus_tracheal_sg	48351
all_dm6_minus_tracheal_sg	48360
all_dm6_minus_tracheal_sg	48362
all_dm6_minus_tracheal_sg	48363
all_dm6_minus_tracheal_sg	48370
all_dm6_minus_tracheal_sg	48371
all_dm6_minus_tracheal_sg	48372
all_dm6_minus_tracheal_sg	48373
all_dm6_minus_tracheal_sg	48375
all_dm6_minus_tracheal_sg	48376
all_dm6_minus_tracheal_sg	48377
all_dm6_minus_tracheal_sg	48378
all_dm6_minus_tracheal_sg	48379
all_dm6_minus_tracheal_sg	48380
all_dm6_minus_tracheal_sg	48381
all_dm6_minus_tracheal_sg	48382
all_dm6_minus_tracheal_sg	48384
all_dm6_minus_tracheal_sg	48385
all_dm6_minus_tracheal_sg	48387
all_dm6_minus_tracheal_sg	48390
all_dm6_minus_tracheal_sg	48395
all_dm6_minus_tracheal_sg	48396
all_dm6_minus_tracheal_sg	48400
all_dm6_minus_tracheal_sg	48401
all_dm6_minus_tracheal_sg	48402
all_dm6_minus_tracheal_sg	48404
all_dm6_minus_tracheal_sg	48410
all_dm6_minus_tracheal_sg	48416
all_dm6_minus_tracheal_sg	48417
all_dm6_minus_tracheal_sg	48418
all_dm6_minus_tracheal_sg	48421
all_dm6_minus_tracheal_sg	48422
all_dm6_minus_tracheal_sg	48423
all_dm6_minus_tracheal_sg	48424
all_dm6_minus_tracheal_sg	48425
all_dm6_minus_tracheal_sg	48426
all_dm6_minus_tracheal_sg	48427
all_dm6_minus_tracheal_sg	48429
all_dm6_minus_tracheal_sg	48430
all_dm6_minus_tracheal_sg	48431
all_dm6_minus_tracheal_sg	48432
all_dm6_minus_tracheal_sg	48433
all_dm6_minus_tracheal_sg	48434
all_dm6_minus_tracheal_sg	48435
all_dm6_minus_tracheal_sg	48437
all_dm6_minus_tracheal_sg	48438
all_dm6_minus_tracheal_sg	48440
all_dm6_minus_tracheal_sg	48445
all_dm6_minus_tracheal_sg	48448
all_dm6_minus_tracheal_sg	48450
all_dm6_minus_tracheal_sg	48453
all_dm6_minus_tracheal_sg	48454
all_dm6_minus_tracheal_sg	48455
all_dm6_minus_tracheal_sg	48457
all_dm6_minus_tracheal_sg	48458
all_dm6_minus_tracheal_sg	48459
all_dm6_minus_tracheal_sg	48460
all_dm6_minus_tracheal_sg	48461
all_dm6_minus_tracheal_sg	48462
all_dm6_minus_tracheal_sg	48463
all_dm6_minus_tracheal_sg	48464
all_dm6_minus_tracheal_sg	48465
all_dm6_minus_tracheal_sg	48466
all_dm6_minus_tracheal_sg	48467
all_dm6_minus_tracheal_sg	48468
all_dm6_minus_tracheal_sg	48469
all_dm6_minus_tracheal_sg	48470
all_dm6_minus_tracheal_sg	48471
all_dm6_minus_tracheal_sg	48472
all_dm6_minus_tracheal_sg	48473
all_dm6_minus_tracheal_sg	48474
all_dm6_minus_tracheal_sg	48475
all_dm6_minus_tracheal_sg	48476
all_dm6_minus_tracheal_sg	48478
all_dm6_minus_tracheal_sg	48479
all_dm6_minus_tracheal_sg	48480
all_dm6_minus_tracheal_sg	48481
all_dm6_minus_tracheal_sg	48482
all_dm6_minus_tracheal_sg	48483
all_dm6_minus_tracheal_sg	48484
all_dm6_minus_tracheal_sg	48485
all_dm6_minus_tracheal_sg	48486
all_dm6_minus_tracheal_sg	48487
all_dm6_minus_tracheal_sg	48488
all_dm6_minus_tracheal_sg	48489
all_dm6_minus_tracheal_sg	48490
all_dm6_minus_tracheal_sg	48491
all_dm6_minus_tracheal_sg	48492
all_dm6_minus_tracheal_sg	48493
all_dm6_minus_tracheal_sg	48494
all_dm6_minus_tracheal_sg	48495
all_dm6_minus_tracheal_sg	48496
all_dm6_minus_tracheal_sg	48497
all_dm6_minus_tracheal_sg	48498
all_dm6_minus_tracheal_sg	48499
all_dm6_minus_tracheal_sg	48500
all_dm6_minus_tracheal_sg	48501
all_dm6_minus_tracheal_sg	48502
all_dm6_minus_tracheal_sg	48505
all_dm6_minus_tracheal_sg	48506
all_dm6_minus_tracheal_sg	48507
all_dm6_minus_tracheal_sg	48508
all_dm6_minus_tracheal_sg	48509
all_dm6_minus_tracheal_sg	48511
all_dm6_minus_tracheal_sg	48513
all_dm6_minus_tracheal_sg	48515
all_dm6_minus_tracheal_sg	48516
all_dm6_minus_tracheal_sg	48517
all_dm6_minus_tracheal_sg	48518
all_dm6_minus_tracheal_sg	48520
all_dm6_minus_tracheal_sg	48522
all_dm6_minus_tracheal_sg	48523
all_dm6_minus_tracheal_sg	48524
all_dm6_minus_tracheal_sg	48525
all_dm6_minus_tracheal_sg	48527
all_dm6_minus_tracheal_sg	48529
all_dm6_minus_tracheal_sg	48531
all_dm6_minus_tracheal_sg	48532
all_dm6_minus_tracheal_sg	48533
all_dm6_minus_tracheal_sg	48534
all_dm6_minus_tracheal_sg	48537
all_dm6_minus_tracheal_sg	48538
all_dm6_minus_tracheal_sg	48539
all_dm6_minus_tracheal_sg	48540
all_dm6_minus_tracheal_sg	48541
all_dm6_minus_tracheal_sg	48542
all_dm6_minus_tracheal_sg	48544
all_dm6_minus_tracheal_sg	48545
all_dm6_minus_tracheal_sg	48546
all_dm6_minus_tracheal_sg	48547
all_dm6_minus_tracheal_sg	48548
all_dm6_minus_tracheal_sg	48551
all_dm6_minus_tracheal_sg	48552
all_dm6_minus_tracheal_sg	48553
all_dm6_minus_tracheal_sg	48554
all_dm6_minus_tracheal_sg	48555
all_dm6_minus_tracheal_sg	48561
all_dm6_minus_tracheal_sg	48562
all_dm6_minus_tracheal_sg	48563
all_dm6_minus_tracheal_sg	48564
all_dm6_minus_tracheal_sg	48565
all_dm6_minus_tracheal_sg	48566
all_dm6_minus_tracheal_sg	48568
all_dm6_minus_tracheal_sg	48569
all_dm6_minus_tracheal_sg	48575
all_dm6_minus_tracheal_sg	48581
all_dm6_minus_tracheal_sg	48582
all_dm6_minus_tracheal_sg	48583
all_dm6_minus_tracheal_sg	48586
all_dm6_minus_tracheal_sg	48587
all_dm6_minus_tracheal_sg	48593
all_dm6_minus_tracheal_sg	48594
all_dm6_minus_tracheal_sg	48597
all_dm6_minus_tracheal_sg	48598
all_dm6_minus_tracheal_sg	48599
all_dm6_minus_tracheal_sg	48600
all_dm6_minus_tracheal_sg	48601
all_dm6_minus_tracheal_sg	48613
all_dm6_minus_tracheal_sg	48614
all_dm6_minus_tracheal_sg	48615
all_dm6_minus_tracheal_sg	48616
all_dm6_minus_tracheal_sg	48619
all_dm6_minus_tracheal_sg	48620
all_dm6_minus_tracheal_sg	48621
all_dm6_minus_tracheal_sg	48624
all_dm6_minus_tracheal_sg	48625
all_dm6_minus_tracheal_sg	48626
all_dm6_minus_tracheal_sg	48628
all_dm6_minus_tracheal_sg	48630
all_dm6_minus_tracheal_sg	48631
all_dm6_minus_tracheal_sg	48633
all_dm6_minus_tracheal_sg	48634
all_dm6_minus_tracheal_sg	48635
all_dm6_minus_tracheal_sg	48636
all_dm6_minus_tracheal_sg	48637
all_dm6_minus_tracheal_sg	48638
all_dm6_minus_tracheal_sg	48640
all_dm6_minus_tracheal_sg	48641
all_dm6_minus_tracheal_sg	48642
all_dm6_minus_tracheal_sg	48643
all_dm6_minus_tracheal_sg	48644
all_dm6_minus_tracheal_sg	48645
all_dm6_minus_tracheal_sg	48646
all_dm6_minus_tracheal_sg	48647
all_dm6_minus_tracheal_sg	48649
all_dm6_minus_tracheal_sg	48650
all_dm6_minus_tracheal_sg	48651
all_dm6_minus_tracheal_sg	48652
all_dm6_minus_tracheal_sg	48653
all_dm6_minus_tracheal_sg	48654
all_dm6_minus_tracheal_sg	48655
all_dm6_minus_tracheal_sg	48656
all_dm6_minus_tracheal_sg	48657
all_dm6_minus_tracheal_sg	48658
all_dm6_minus_tracheal_sg	48659
all_dm6_minus_tracheal_sg	48660
all_dm6_minus_tracheal_sg	48661
all_dm6_minus_tracheal_sg	48662
all_dm6_minus_tracheal_sg	48663
all_dm6_minus_tracheal_sg	48664
all_dm6_minus_tracheal_sg	48665
all_dm6_minus_tracheal_sg	48666
all_dm6_minus_tracheal_sg	48667
all_dm6_minus_tracheal_sg	48668
all_dm6_minus_tracheal_sg	48669
all_dm6_minus_tracheal_sg	48670
all_dm6_minus_tracheal_sg	48671
all_dm6_minus_tracheal_sg	48672
all_dm6_minus_tracheal_sg	48673
all_dm6_minus_tracheal_sg	48674
all_dm6_minus_tracheal_sg	48675
all_dm6_minus_tracheal_sg	48676
all_dm6_minus_tracheal_sg	48677
all_dm6_minus_tracheal_sg	48678
all_dm6_minus_tracheal_sg	48679
all_dm6_minus_tracheal_sg	48680
all_dm6_minus_tracheal_sg	48681
all_dm6_minus_tracheal_sg	48682
all_dm6_minus_tracheal_sg	48683
all_dm6_minus_tracheal_sg	48684
all_dm6_minus_tracheal_sg	48685
all_dm6_minus_tracheal_sg	48686
all_dm6_minus_tracheal_sg	48687
all_dm6_minus_tracheal_sg	48688
all_dm6_minus_tracheal_sg	48689
all_dm6_minus_tracheal_sg	48691
all_dm6_minus_tracheal_sg	48692
all_dm6_minus_tracheal_sg	48693
all_dm6_minus_tracheal_sg	48694
all_dm6_minus_tracheal_sg	48695
all_dm6_minus_tracheal_sg	48696
all_dm6_minus_tracheal_sg	48697
all_dm6_minus_tracheal_sg	48698
all_dm6_minus_tracheal_sg	48699
all_dm6_minus_tracheal_sg	48700
all_dm6_minus_tracheal_sg	48701
all_dm6_minus_tracheal_sg	48703
all_dm6_minus_tracheal_sg	48704
all_dm6_minus_tracheal_sg	48705
all_dm6_minus_tracheal_sg	48706
all_dm6_minus_tracheal_sg	48707
all_dm6_minus_tracheal_sg	48708
all_dm6_minus_tracheal_sg	48709
all_dm6_minus_tracheal_sg	48710
all_dm6_minus_tracheal_sg	48711
all_dm6_minus_tracheal_sg	48712
all_dm6_minus_tracheal_sg	48713
all_dm6_minus_tracheal_sg	48714
all_dm6_minus_tracheal_sg	48715
all_dm6_minus_tracheal_sg	48716
all_dm6_minus_tracheal_sg	48717
all_dm6_minus_tracheal_sg	48718
all_dm6_minus_tracheal_sg	48719
all_dm6_minus_tracheal_sg	48720
all_dm6_minus_tracheal_sg	48721
all_dm6_minus_tracheal_sg	48722
all_dm6_minus_tracheal_sg	48723
all_dm6_minus_tracheal_sg	48724
all_dm6_minus_tracheal_sg	48725
all_dm6_minus_tracheal_sg	48726
all_dm6_minus_tracheal_sg	48727
all_dm6_minus_tracheal_sg	48728
all_dm6_minus_tracheal_sg	48729
all_dm6_minus_tracheal_sg	48731
all_dm6_minus_tracheal_sg	48732
all_dm6_minus_tracheal_sg	48733
all_dm6_minus_tracheal_sg	48734
all_dm6_minus_tracheal_sg	48735
all_dm6_minus_tracheal_sg	48736
all_dm6_minus_tracheal_sg	48737
all_dm6_minus_tracheal_sg	48738
all_dm6_minus_tracheal_sg	48739
all_dm6_minus_tracheal_sg	48740
all_dm6_minus_tracheal_sg	48741
all_dm6_minus_tracheal_sg	48742
all_dm6_minus_tracheal_sg	48743
all_dm6_minus_tracheal_sg	48744
all_dm6_minus_tracheal_sg	48747
all_dm6_minus_tracheal_sg	48748
all_dm6_minus_tracheal_sg	48749
all_dm6_minus_tracheal_sg	48750
all_dm6_minus_tracheal_sg	48751
all_dm6_minus_tracheal_sg	48752
all_dm6_minus_tracheal_sg	48753
all_dm6_minus_tracheal_sg	48754
all_dm6_minus_tracheal_sg	48755
all_dm6_minus_tracheal_sg	48756
all_dm6_minus_tracheal_sg	48757
all_dm6_minus_tracheal_sg	48758
all_dm6_minus_tracheal_sg	48759
all_dm6_minus_tracheal_sg	48761
all_dm6_minus_tracheal_sg	48762
all_dm6_minus_tracheal_sg	48763
all_dm6_minus_tracheal_sg	48765
all_dm6_minus_tracheal_sg	48766
all_dm6_minus_tracheal_sg	48767
all_dm6_minus_tracheal_sg	48768
all_dm6_minus_tracheal_sg	48769
all_dm6_minus_tracheal_sg	48770
all_dm6_minus_tracheal_sg	48772
all_dm6_minus_tracheal_sg	48775
all_dm6_minus_tracheal_sg	48781
all_dm6_minus_tracheal_sg	48785
all_dm6_minus_tracheal_sg	48786
all_dm6_minus_tracheal_sg	48787
all_dm6_minus_tracheal_sg	48788
all_dm6_minus_tracheal_sg	48789
all_dm6_minus_tracheal_sg	48790
all_dm6_minus_tracheal_sg	48791
all_dm6_minus_tracheal_sg	48792
all_dm6_minus_tracheal_sg	48793
all_dm6_minus_tracheal_sg	48794
all_dm6_minus_tracheal_sg	48795
all_dm6_minus_tracheal_sg	48796
all_dm6_minus_tracheal_sg	48797
all_dm6_minus_tracheal_sg	48798
all_dm6_minus_tracheal_sg	48799
all_dm6_minus_tracheal_sg	48800
all_dm6_minus_tracheal_sg	48801
all_dm6_minus_tracheal_sg	48802
all_dm6_minus_tracheal_sg	48803
all_dm6_minus_tracheal_sg	48804
all_dm6_minus_tracheal_sg	48806
all_dm6_minus_tracheal_sg	48807
all_dm6_minus_tracheal_sg	48808
all_dm6_minus_tracheal_sg	48810
all_dm6_minus_tracheal_sg	48811
all_dm6_minus_tracheal_sg	48812
all_dm6_minus_tracheal_sg	48813
all_dm6_minus_tracheal_sg	48815
all_dm6_minus_tracheal_sg	48816
all_dm6_minus_tracheal_sg	48817
all_dm6_minus_tracheal_sg	48818
all_dm6_minus_tracheal_sg	48819
all_dm6_minus_tracheal_sg	48820
all_dm6_minus_tracheal_sg	48821
all_dm6_minus_tracheal_sg	48822
all_dm6_minus_tracheal_sg	48823
all_dm6_minus_tracheal_sg	48824
all_dm6_minus_tracheal_sg	48825
all_dm6_minus_tracheal_sg	48826
all_dm6_minus_tracheal_sg	48827
all_dm6_minus_tracheal_sg	48828
all_dm6_minus_tracheal_sg	48829
all_dm6_minus_tracheal_sg	48831
all_dm6_minus_tracheal_sg	48832
all_dm6_minus_tracheal_sg	48833
all_dm6_minus_tracheal_sg	48834
all_dm6_minus_tracheal_sg	48835
all_dm6_minus_tracheal_sg	48836
all_dm6_minus_tracheal_sg	48837
all_dm6_minus_tracheal_sg	48838
all_dm6_minus_tracheal_sg	48839
all_dm6_minus_tracheal_sg	48840
all_dm6_minus_tracheal_sg	48841
all_dm6_minus_tracheal_sg	48842
all_dm6_minus_tracheal_sg	48843
all_dm6_minus_tracheal_sg	48845
all_dm6_minus_tracheal_sg	48846
all_dm6_minus_tracheal_sg	48847
all_dm6_minus_tracheal_sg	48849
all_dm6_minus_tracheal_sg	48850
all_dm6_minus_tracheal_sg	48851
all_dm6_minus_tracheal_sg	48852
all_dm6_minus_tracheal_sg	48853
all_dm6_minus_tracheal_sg	48854
all_dm6_minus_tracheal_sg	48855
all_dm6_minus_tracheal_sg	48856
all_dm6_minus_tracheal_sg	48857
all_dm6_minus_tracheal_sg	48858
all_dm6_minus_tracheal_sg	48859
all_dm6_minus_tracheal_sg	48860
all_dm6_minus_tracheal_sg	48861
all_dm6_minus_tracheal_sg	48862
all_dm6_minus_tracheal_sg	48863
all_dm6_minus_tracheal_sg	48864
all_dm6_minus_tracheal_sg	48865
all_dm6_minus_tracheal_sg	48866
all_dm6_minus_tracheal_sg	48867
all_dm6_minus_tracheal_sg	48868
all_dm6_minus_tracheal_sg	48869
all_dm6_minus_tracheal_sg	48870
all_dm6_minus_tracheal_sg	48871
all_dm6_minus_tracheal_sg	48872
all_dm6_minus_tracheal_sg	48873
all_dm6_minus_tracheal_sg	48874
all_dm6_minus_tracheal_sg	48875
all_dm6_minus_tracheal_sg	48876
all_dm6_minus_tracheal_sg	48877
all_dm6_minus_tracheal_sg	48878
all_dm6_minus_tracheal_sg	48879
all_dm6_minus_tracheal_sg	48880
all_dm6_minus_tracheal_sg	48881
all_dm6_minus_tracheal_sg	48882
all_dm6_minus_tracheal_sg	48883
all_dm6_minus_tracheal_sg	48884
all_dm6_minus_tracheal_sg	48885
all_dm6_minus_tracheal_sg	48886
all_dm6_minus_tracheal_sg	48887
all_dm6_minus_tracheal_sg	48888
all_dm6_minus_tracheal_sg	48889
all_dm6_minus_tracheal_sg	48890
all_dm6_minus_tracheal_sg	48891
all_dm6_minus_tracheal_sg	48892
all_dm6_minus_tracheal_sg	48893
all_dm6_minus_tracheal_sg	48894
all_dm6_minus_tracheal_sg	48895
all_dm6_minus_tracheal_sg	48896
all_dm6_minus_tracheal_sg	48897
all_dm6_minus_tracheal_sg	48898
all_dm6_minus_tracheal_sg	48899
all_dm6_minus_tracheal_sg	48900
all_dm6_minus_tracheal_sg	48901
all_dm6_minus_tracheal_sg	48902
all_dm6_minus_tracheal_sg	48903
all_dm6_minus_tracheal_sg	48904
all_dm6_minus_tracheal_sg	48905
all_dm6_minus_tracheal_sg	48906
all_dm6_minus_tracheal_sg	48907
all_dm6_minus_tracheal_sg	48908
all_dm6_minus_tracheal_sg	48909
all_dm6_minus_tracheal_sg	48910
all_dm6_minus_tracheal_sg	48911
all_dm6_minus_tracheal_sg	48913
all_dm6_minus_tracheal_sg	48914
all_dm6_minus_tracheal_sg	48915
all_dm6_minus_tracheal_sg	48916
all_dm6_minus_tracheal_sg	48917
all_dm6_minus_tracheal_sg	48918
all_dm6_minus_tracheal_sg	48919
all_dm6_minus_tracheal_sg	48921
all_dm6_minus_tracheal_sg	48922
all_dm6_minus_tracheal_sg	48923
all_dm6_minus_tracheal_sg	48924
all_dm6_minus_tracheal_sg	48925
all_dm6_minus_tracheal_sg	48926
all_dm6_minus_tracheal_sg	48927
all_dm6_minus_tracheal_sg	48928
all_dm6_minus_tracheal_sg	48929
all_dm6_minus_tracheal_sg	48930
all_dm6_minus_tracheal_sg	48931
all_dm6_minus_tracheal_sg	48933
all_dm6_minus_tracheal_sg	48934
all_dm6_minus_tracheal_sg	48935
all_dm6_minus_tracheal_sg	48936
all_dm6_minus_tracheal_sg	48937
all_dm6_minus_tracheal_sg	48938
all_dm6_minus_tracheal_sg	48939
all_dm6_minus_tracheal_sg	48941
all_dm6_minus_tracheal_sg	48942
all_dm6_minus_tracheal_sg	48943
all_dm6_minus_tracheal_sg	48944
all_dm6_minus_tracheal_sg	48945
all_dm6_minus_tracheal_sg	48946
all_dm6_minus_tracheal_sg	48947
all_dm6_minus_tracheal_sg	48948
all_dm6_minus_tracheal_sg	48949
all_dm6_minus_tracheal_sg	48950
all_dm6_minus_tracheal_sg	48951
all_dm6_minus_tracheal_sg	48952
all_dm6_minus_tracheal_sg	48953
all_dm6_minus_tracheal_sg	48954
all_dm6_minus_tracheal_sg	48955
all_dm6_minus_tracheal_sg	48956
all_dm6_minus_tracheal_sg	48957
all_dm6_minus_tracheal_sg	48958
all_dm6_minus_tracheal_sg	48959
all_dm6_minus_tracheal_sg	48961
all_dm6_minus_tracheal_sg	48962
all_dm6_minus_tracheal_sg	48963
all_dm6_minus_tracheal_sg	48964
all_dm6_minus_tracheal_sg	48965
all_dm6_minus_tracheal_sg	48966
all_dm6_minus_tracheal_sg	48967
all_dm6_minus_tracheal_sg	48968
all_dm6_minus_tracheal_sg	48970
all_dm6_minus_tracheal_sg	48975
all_dm6_minus_tracheal_sg	48976
all_dm6_minus_tracheal_sg	48977
all_dm6_minus_tracheal_sg	48979
all_dm6_minus_tracheal_sg	48981
all_dm6_minus_tracheal_sg	48982
all_dm6_minus_tracheal_sg	48983
all_dm6_minus_tracheal_sg	48984
all_dm6_minus_tracheal_sg	48985
all_dm6_minus_tracheal_sg	48986
all_dm6_minus_tracheal_sg	48989
all_dm6_minus_tracheal_sg	48990
all_dm6_minus_tracheal_sg	48991
all_dm6_minus_tracheal_sg	48992
all_dm6_minus_tracheal_sg	48993
all_dm6_minus_tracheal_sg	48994
all_dm6_minus_tracheal_sg	48995
all_dm6_minus_tracheal_sg	48996
all_dm6_minus_tracheal_sg	48997
all_dm6_minus_tracheal_sg	48998
all_dm6_minus_tracheal_sg	48999
all_dm6_minus_tracheal_sg	49000
all_dm6_minus_tracheal_sg	49001
all_dm6_minus_tracheal_sg	49002
all_dm6_minus_tracheal_sg	49003
all_dm6_minus_tracheal_sg	49004
all_dm6_minus_tracheal_sg	49005
all_dm6_minus_tracheal_sg	49006
all_dm6_minus_tracheal_sg	49007
all_dm6_minus_tracheal_sg	49008
all_dm6_minus_tracheal_sg	49009
all_dm6_minus_tracheal_sg	49011
all_dm6_minus_tracheal_sg	49012
all_dm6_minus_tracheal_sg	49013
all_dm6_minus_tracheal_sg	49014
all_dm6_minus_tracheal_sg	49015
all_dm6_minus_tracheal_sg	49016
all_dm6_minus_tracheal_sg	49017
all_dm6_minus_tracheal_sg	49018
all_dm6_minus_tracheal_sg	49019
all_dm6_minus_tracheal_sg	49020
all_dm6_minus_tracheal_sg	49022
all_dm6_minus_tracheal_sg	49023
all_dm6_minus_tracheal_sg	49028
all_dm6_minus_tracheal_sg	49029
all_dm6_minus_tracheal_sg	49030
all_dm6_minus_tracheal_sg	49031
all_dm6_minus_tracheal_sg	49032
all_dm6_minus_tracheal_sg	49033
all_dm6_minus_tracheal_sg	49034
all_dm6_minus_tracheal_sg	49035
all_dm6_minus_tracheal_sg	49036
all_dm6_minus_tracheal_sg	49037
all_dm6_minus_tracheal_sg	49038
all_dm6_minus_tracheal_sg	49039
all_dm6_minus_tracheal_sg	49040
all_dm6_minus_tracheal_sg	49041
all_dm6_minus_tracheal_sg	49043
all_dm6_minus_tracheal_sg	49044
all_dm6_minus_tracheal_sg	49045
all_dm6_minus_tracheal_sg	49046
all_dm6_minus_tracheal_sg	49047
all_dm6_minus_tracheal_sg	49048
all_dm6_minus_tracheal_sg	49049
all_dm6_minus_tracheal_sg	49050
all_dm6_minus_tracheal_sg	49051
all_dm6_minus_tracheal_sg	49052
all_dm6_minus_tracheal_sg	49053
all_dm6_minus_tracheal_sg	49054
all_dm6_minus_tracheal_sg	49055
all_dm6_minus_tracheal_sg	49056
all_dm6_minus_tracheal_sg	49057
all_dm6_minus_tracheal_sg	49058
all_dm6_minus_tracheal_sg	49059
all_dm6_minus_tracheal_sg	49060
all_dm6_minus_tracheal_sg	49061
all_dm6_minus_tracheal_sg	49062
all_dm6_minus_tracheal_sg	49063
all_dm6_minus_tracheal_sg	49064
all_dm6_minus_tracheal_sg	49065
all_dm6_minus_tracheal_sg	49066
all_dm6_minus_tracheal_sg	49067
all_dm6_minus_tracheal_sg	49070
all_dm6_minus_tracheal_sg	49071
all_dm6_minus_tracheal_sg	49072
all_dm6_minus_tracheal_sg	49073
all_dm6_minus_tracheal_sg	49074
all_dm6_minus_tracheal_sg	49075
all_dm6_minus_tracheal_sg	49076
all_dm6_minus_tracheal_sg	49077
all_dm6_minus_tracheal_sg	49078
all_dm6_minus_tracheal_sg	49080
all_dm6_minus_tracheal_sg	49081
all_dm6_minus_tracheal_sg	49082
all_dm6_minus_tracheal_sg	49084
all_dm6_minus_tracheal_sg	49085
all_dm6_minus_tracheal_sg	49088
all_dm6_minus_tracheal_sg	49089
all_dm6_minus_tracheal_sg	49100
all_dm6_minus_tracheal_sg	49103
all_dm6_minus_tracheal_sg	49105
all_dm6_minus_tracheal_sg	49108
all_dm6_minus_tracheal_sg	49109
all_dm6_minus_tracheal_sg	49110
all_dm6_minus_tracheal_sg	49111
all_dm6_minus_tracheal_sg	49112
all_dm6_minus_tracheal_sg	49113
all_dm6_minus_tracheal_sg	49114
all_dm6_minus_tracheal_sg	49115
all_dm6_minus_tracheal_sg	49116
all_dm6_minus_tracheal_sg	49117
all_dm6_minus_tracheal_sg	49119
all_dm6_minus_tracheal_sg	49120
all_dm6_minus_tracheal_sg	49121
all_dm6_minus_tracheal_sg	49122
all_dm6_minus_tracheal_sg	49123
all_dm6_minus_tracheal_sg	49124
all_dm6_minus_tracheal_sg	49125
all_dm6_minus_tracheal_sg	49126
all_dm6_minus_tracheal_sg	49127
all_dm6_minus_tracheal_sg	49128
all_dm6_minus_tracheal_sg	49129
all_dm6_minus_tracheal_sg	49130
all_dm6_minus_tracheal_sg	49131
all_dm6_minus_tracheal_sg	49132
all_dm6_minus_tracheal_sg	49133
all_dm6_minus_tracheal_sg	49134
all_dm6_minus_tracheal_sg	49135
all_dm6_minus_tracheal_sg	49136
all_dm6_minus_tracheal_sg	49137
all_dm6_minus_tracheal_sg	49138
all_dm6_minus_tracheal_sg	49139
all_dm6_minus_tracheal_sg	49140
all_dm6_minus_tracheal_sg	49141
all_dm6_minus_tracheal_sg	49142
all_dm6_minus_tracheal_sg	49143
all_dm6_minus_tracheal_sg	49144
all_dm6_minus_tracheal_sg	49145
all_dm6_minus_tracheal_sg	49146
all_dm6_minus_tracheal_sg	49147
all_dm6_minus_tracheal_sg	49148
all_dm6_minus_tracheal_sg	49149
all_dm6_minus_tracheal_sg	49150
all_dm6_minus_tracheal_sg	49151
all_dm6_minus_tracheal_sg	49152
all_dm6_minus_tracheal_sg	49153
all_dm6_minus_tracheal_sg	49154
all_dm6_minus_tracheal_sg	49156
all_dm6_minus_tracheal_sg	49157
all_dm6_minus_tracheal_sg	49158
all_dm6_minus_tracheal_sg	49159
all_dm6_minus_tracheal_sg	49160
all_dm6_minus_tracheal_sg	49161
all_dm6_minus_tracheal_sg	49162
all_dm6_minus_tracheal_sg	49163
all_dm6_minus_tracheal_sg	49164
all_dm6_minus_tracheal_sg	49172
all_dm6_minus_tracheal_sg	49173
all_dm6_minus_tracheal_sg	49175
all_dm6_minus_tracheal_sg	49176
all_dm6_minus_tracheal_sg	49177
all_dm6_minus_tracheal_sg	49178
all_dm6_minus_tracheal_sg	49179
all_dm6_minus_tracheal_sg	49180
all_dm6_minus_tracheal_sg	49181
all_dm6_minus_tracheal_sg	49182
all_dm6_minus_tracheal_sg	49183
all_dm6_minus_tracheal_sg	49184
all_dm6_minus_tracheal_sg	49185
all_dm6_minus_tracheal_sg	49186
all_dm6_minus_tracheal_sg	49188
all_dm6_minus_tracheal_sg	49189
all_dm6_minus_tracheal_sg	49190
all_dm6_minus_tracheal_sg	49191
all_dm6_minus_tracheal_sg	49192
all_dm6_minus_tracheal_sg	49193
all_dm6_minus_tracheal_sg	49194
all_dm6_minus_tracheal_sg	49195
all_dm6_minus_tracheal_sg	49196
all_dm6_minus_tracheal_sg	49197
all_dm6_minus_tracheal_sg	49198
all_dm6_minus_tracheal_sg	49199
all_dm6_minus_tracheal_sg	49200
all_dm6_minus_tracheal_sg	49201
all_dm6_minus_tracheal_sg	49202
all_dm6_minus_tracheal_sg	49203
all_dm6_minus_tracheal_sg	49204
all_dm6_minus_tracheal_sg	49205
all_dm6_minus_tracheal_sg	49206
all_dm6_minus_tracheal_sg	49207
all_dm6_minus_tracheal_sg	49208
all_dm6_minus_tracheal_sg	49209
all_dm6_minus_tracheal_sg	49210
all_dm6_minus_tracheal_sg	49211
all_dm6_minus_tracheal_sg	49212
all_dm6_minus_tracheal_sg	49213
all_dm6_minus_tracheal_sg	49214
all_dm6_minus_tracheal_sg	49215
all_dm6_minus_tracheal_sg	49216
all_dm6_minus_tracheal_sg	49217
all_dm6_minus_tracheal_sg	49218
all_dm6_minus_tracheal_sg	49219
all_dm6_minus_tracheal_sg	49220
all_dm6_minus_tracheal_sg	49221
all_dm6_minus_tracheal_sg	49222
all_dm6_minus_tracheal_sg	49224
all_dm6_minus_tracheal_sg	49226
all_dm6_minus_tracheal_sg	49227
all_dm6_minus_tracheal_sg	49228
all_dm6_minus_tracheal_sg	49229
all_dm6_minus_tracheal_sg	49230
all_dm6_minus_tracheal_sg	49231
all_dm6_minus_tracheal_sg	49232
all_dm6_minus_tracheal_sg	49233
all_dm6_minus_tracheal_sg	49234
all_dm6_minus_tracheal_sg	49235
all_dm6_minus_tracheal_sg	49237
all_dm6_minus_tracheal_sg	49241
all_dm6_minus_tracheal_sg	49242
all_dm6_minus_tracheal_sg	49243
all_dm6_minus_tracheal_sg	49248
all_dm6_minus_tracheal_sg	49249
all_dm6_minus_tracheal_sg	49250
all_dm6_minus_tracheal_sg	49251
all_dm6_minus_tracheal_sg	49252
all_dm6_minus_tracheal_sg	49253
all_dm6_minus_tracheal_sg	49254
all_dm6_minus_tracheal_sg	49255
all_dm6_minus_tracheal_sg	49256
all_dm6_minus_tracheal_sg	49257
all_dm6_minus_tracheal_sg	49258
all_dm6_minus_tracheal_sg	49259
all_dm6_minus_tracheal_sg	49261
all_dm6_minus_tracheal_sg	49262
all_dm6_minus_tracheal_sg	49263
all_dm6_minus_tracheal_sg	49265
all_dm6_minus_tracheal_sg	49266
all_dm6_minus_tracheal_sg	49268
all_dm6_minus_tracheal_sg	49269
all_dm6_minus_tracheal_sg	49270
all_dm6_minus_tracheal_sg	49271
all_dm6_minus_tracheal_sg	49272
all_dm6_minus_tracheal_sg	49273
all_dm6_minus_tracheal_sg	49275
all_dm6_minus_tracheal_sg	49276
all_dm6_minus_tracheal_sg	49277
all_dm6_minus_tracheal_sg	49278
all_dm6_minus_tracheal_sg	49279
all_dm6_minus_tracheal_sg	49280
all_dm6_minus_tracheal_sg	49281
all_dm6_minus_tracheal_sg	49282
all_dm6_minus_tracheal_sg	49283
all_dm6_minus_tracheal_sg	49284
all_dm6_minus_tracheal_sg	49285
all_dm6_minus_tracheal_sg	49287
all_dm6_minus_tracheal_sg	49288
all_dm6_minus_tracheal_sg	49289
all_dm6_minus_tracheal_sg	49290
all_dm6_minus_tracheal_sg	49291
all_dm6_minus_tracheal_sg	49292
all_dm6_minus_tracheal_sg	49293
all_dm6_minus_tracheal_sg	49294
all_dm6_minus_tracheal_sg	49295
all_dm6_minus_tracheal_sg	49296
all_dm6_minus_tracheal_sg	49298
all_dm6_minus_tracheal_sg	49299
all_dm6_minus_tracheal_sg	49300
all_dm6_minus_tracheal_sg	49301
all_dm6_minus_tracheal_sg	49302
all_dm6_minus_tracheal_sg	49303
all_dm6_minus_tracheal_sg	49304
all_dm6_minus_tracheal_sg	49305
all_dm6_minus_tracheal_sg	49306
all_dm6_minus_tracheal_sg	49307
all_dm6_minus_tracheal_sg	49308
all_dm6_minus_tracheal_sg	49309
all_dm6_minus_tracheal_sg	49310
all_dm6_minus_tracheal_sg	49311
all_dm6_minus_tracheal_sg	49312
all_dm6_minus_tracheal_sg	49313
all_dm6_minus_tracheal_sg	49314
all_dm6_minus_tracheal_sg	49315
all_dm6_minus_tracheal_sg	49316
all_dm6_minus_tracheal_sg	49317
all_dm6_minus_tracheal_sg	49318
all_dm6_minus_tracheal_sg	49319
all_dm6_minus_tracheal_sg	49320
all_dm6_minus_tracheal_sg	49321
all_dm6_minus_tracheal_sg	49322
all_dm6_minus_tracheal_sg	49325
all_dm6_minus_tracheal_sg	49326
all_dm6_minus_tracheal_sg	49327
all_dm6_minus_tracheal_sg	49329
all_dm6_minus_tracheal_sg	49330
all_dm6_minus_tracheal_sg	49331
all_dm6_minus_tracheal_sg	49332
all_dm6_minus_tracheal_sg	49333
all_dm6_minus_tracheal_sg	49334
all_dm6_minus_tracheal_sg	49335
all_dm6_minus_tracheal_sg	49336
all_dm6_minus_tracheal_sg	49337
all_dm6_minus_tracheal_sg	49338
all_dm6_minus_tracheal_sg	49339
all_dm6_minus_tracheal_sg	49340
all_dm6_minus_tracheal_sg	49341
all_dm6_minus_tracheal_sg	49342
all_dm6_minus_tracheal_sg	49343
all_dm6_minus_tracheal_sg	49344
all_dm6_minus_tracheal_sg	49345
all_dm6_minus_tracheal_sg	49346
all_dm6_minus_tracheal_sg	49347
all_dm6_minus_tracheal_sg	49348
all_dm6_minus_tracheal_sg	49349
all_dm6_minus_tracheal_sg	49351
all_dm6_minus_tracheal_sg	49354
all_dm6_minus_tracheal_sg	49356
all_dm6_minus_tracheal_sg	49357
all_dm6_minus_tracheal_sg	49358
all_dm6_minus_tracheal_sg	49359
all_dm6_minus_tracheal_sg	49360
all_dm6_minus_tracheal_sg	49361
all_dm6_minus_tracheal_sg	49362
all_dm6_minus_tracheal_sg	49363
all_dm6_minus_tracheal_sg	49364
all_dm6_minus_tracheal_sg	49365
all_dm6_minus_tracheal_sg	49405
all_dm6_minus_tracheal_sg	49406
all_dm6_minus_tracheal_sg	49407
all_dm6_minus_tracheal_sg	49411
all_dm6_minus_tracheal_sg	49412
all_dm6_minus_tracheal_sg	49413
all_dm6_minus_tracheal_sg	49414
all_dm6_minus_tracheal_sg	49415
all_dm6_minus_tracheal_sg	49416
all_dm6_minus_tracheal_sg	49417
all_dm6_minus_tracheal_sg	49418
all_dm6_minus_tracheal_sg	49419
all_dm6_minus_tracheal_sg	49420
all_dm6_minus_tracheal_sg	49421
all_dm6_minus_tracheal_sg	49422
all_dm6_minus_tracheal_sg	49423
all_dm6_minus_tracheal_sg	49425
all_dm6_minus_tracheal_sg	49429
all_dm6_minus_tracheal_sg	49430
all_dm6_minus_tracheal_sg	49431
all_dm6_minus_tracheal_sg	49432
all_dm6_minus_tracheal_sg	49433
all_dm6_minus_tracheal_sg	49435
all_dm6_minus_tracheal_sg	49436
all_dm6_minus_tracheal_sg	49437
all_dm6_minus_tracheal_sg	49438
all_dm6_minus_tracheal_sg	49439
all_dm6_minus_tracheal_sg	49440
all_dm6_minus_tracheal_sg	49441
all_dm6_minus_tracheal_sg	49442
all_dm6_minus_tracheal_sg	49444
all_dm6_minus_tracheal_sg	49445
all_dm6_minus_tracheal_sg	49446
all_dm6_minus_tracheal_sg	49448
all_dm6_minus_tracheal_sg	49450
all_dm6_minus_tracheal_sg	49451
all_dm6_minus_tracheal_sg	49452
all_dm6_minus_tracheal_sg	49454
all_dm6_minus_tracheal_sg	49456
all_dm6_minus_tracheal_sg	49458
all_dm6_minus_tracheal_sg	49459
all_dm6_minus_tracheal_sg	49460
all_dm6_minus_tracheal_sg	49461
all_dm6_minus_tracheal_sg	49462
all_dm6_minus_tracheal_sg	49463
all_dm6_minus_tracheal_sg	49464
all_dm6_minus_tracheal_sg	49466
all_dm6_minus_tracheal_sg	49472
all_dm6_minus_tracheal_sg	49473
all_dm6_minus_tracheal_sg	49474
all_dm6_minus_tracheal_sg	49475
all_dm6_minus_tracheal_sg	49476
all_dm6_minus_tracheal_sg	49477
all_dm6_minus_tracheal_sg	49478
all_dm6_minus_tracheal_sg	49479
all_dm6_minus_tracheal_sg	49480
all_dm6_minus_tracheal_sg	49481
all_dm6_minus_tracheal_sg	49482
all_dm6_minus_tracheal_sg	49483
all_dm6_minus_tracheal_sg	49484
all_dm6_minus_tracheal_sg	49485
all_dm6_minus_tracheal_sg	49486
all_dm6_minus_tracheal_sg	49492
all_dm6_minus_tracheal_sg	49493
all_dm6_minus_tracheal_sg	49495
all_dm6_minus_tracheal_sg	49496
all_dm6_minus_tracheal_sg	49497
all_dm6_minus_tracheal_sg	49498
all_dm6_minus_tracheal_sg	49499
all_dm6_minus_tracheal_sg	49500
all_dm6_minus_tracheal_sg	49501
all_dm6_minus_tracheal_sg	49502
all_dm6_minus_tracheal_sg	49503
all_dm6_minus_tracheal_sg	49504
all_dm6_minus_tracheal_sg	49506
all_dm6_minus_tracheal_sg	49507
all_dm6_minus_tracheal_sg	49508
all_dm6_minus_tracheal_sg	49509
all_dm6_minus_tracheal_sg	49511
all_dm6_minus_tracheal_sg	49512
all_dm6_minus_tracheal_sg	49513
all_dm6_minus_tracheal_sg	49514
all_dm6_minus_tracheal_sg	49515
all_dm6_minus_tracheal_sg	49518
all_dm6_minus_tracheal_sg	49519
all_dm6_minus_tracheal_sg	49520
all_dm6_minus_tracheal_sg	49521
all_dm6_minus_tracheal_sg	49522
all_dm6_minus_tracheal_sg	49523
all_dm6_minus_tracheal_sg	49524
all_dm6_minus_tracheal_sg	49526
all_dm6_minus_tracheal_sg	49527
all_dm6_minus_tracheal_sg	49528
all_dm6_minus_tracheal_sg	49529
all_dm6_minus_tracheal_sg	49530
all_dm6_minus_tracheal_sg	49576
all_dm6_minus_tracheal_sg	49577
all_dm6_minus_tracheal_sg	49578
all_dm6_minus_tracheal_sg	49579
all_dm6_minus_tracheal_sg	49580
all_dm6_minus_tracheal_sg	49581
all_dm6_minus_tracheal_sg	49582
all_dm6_minus_tracheal_sg	49583
all_dm6_minus_tracheal_sg	49584
all_dm6_minus_tracheal_sg	49585
all_dm6_minus_tracheal_sg	49586
all_dm6_minus_tracheal_sg	49596
all_dm6_minus_tracheal_sg	49597
all_dm6_minus_tracheal_sg	49598
all_dm6_minus_tracheal_sg	49599
all_dm6_minus_tracheal_sg	49600
all_dm6_minus_tracheal_sg	49601
all_dm6_minus_tracheal_sg	49602
all_dm6_minus_tracheal_sg	49603
all_dm6_minus_tracheal_sg	49604
all_dm6_minus_tracheal_sg	49605
all_dm6_minus_tracheal_sg	49636
all_dm6_minus_tracheal_sg	49640
all_dm6_minus_tracheal_sg	49641
all_dm6_minus_tracheal_sg	49643
all_dm6_minus_tracheal_sg	49644
all_dm6_minus_tracheal_sg	49648
all_dm6_minus_tracheal_sg	49649
all_dm6_minus_tracheal_sg	49650
all_dm6_minus_tracheal_sg	49651
all_dm6_minus_tracheal_sg	49652
all_dm6_minus_tracheal_sg	49701
all_dm6_minus_tracheal_sg	49712
all_dm6_minus_tracheal_sg	49713
all_dm6_minus_tracheal_sg	49714
all_dm6_minus_tracheal_sg	49715
all_dm6_minus_tracheal_sg	49723
all_dm6_minus_tracheal_sg	49724
all_dm6_minus_tracheal_sg	49726
all_dm6_minus_tracheal_sg	49727
all_dm6_minus_tracheal_sg	49729
all_dm6_minus_tracheal_sg	49730
all_dm6_minus_tracheal_sg	49731
all_dm6_minus_tracheal_sg	49732
all_dm6_minus_tracheal_sg	49736
all_dm6_minus_tracheal_sg	49737
all_dm6_minus_tracheal_sg	49739
all_dm6_minus_tracheal_sg	49740
all_dm6_minus_tracheal_sg	49741
all_dm6_minus_tracheal_sg	49742
all_dm6_minus_tracheal_sg	49743
all_dm6_minus_tracheal_sg	49744
all_dm6_minus_tracheal_sg	49747
all_dm6_minus_tracheal_sg	49751
all_dm6_minus_tracheal_sg	49752
all_dm6_minus_tracheal_sg	49753
all_dm6_minus_tracheal_sg	49756
all_dm6_minus_tracheal_sg	49762
all_dm6_minus_tracheal_sg	49765
all_dm6_minus_tracheal_sg	49768
all_dm6_minus_tracheal_sg	49779
all_dm6_minus_tracheal_sg	49780
all_dm6_minus_tracheal_sg	49802
all_dm6_minus_tracheal_sg	49803
all_dm6_minus_tracheal_sg	49805
all_dm6_minus_tracheal_sg	49806
all_dm6_minus_tracheal_sg	49807
all_dm6_minus_tracheal_sg	49808
all_dm6_minus_tracheal_sg	49815
all_dm6_minus_tracheal_sg	49821
all_dm6_minus_tracheal_sg	49847
all_dm6_minus_tracheal_sg	49892
all_dm6_minus_tracheal_sg	49893
all_dm6_minus_tracheal_sg	49895
all_dm6_minus_tracheal_sg	49952
all_dm6_minus_tracheal_sg	49992
all_dm6_minus_tracheal_sg	50001
all_dm6_minus_tracheal_sg	50002
all_dm6_minus_tracheal_sg	50003
all_dm6_minus_tracheal_sg	50005
all_dm6_minus_tracheal_sg	50007
all_dm6_minus_tracheal_sg	50022
all_dm6_minus_tracheal_sg	50026
all_dm6_minus_tracheal_sg	50032
all_dm6_minus_tracheal_sg	50039
all_dm6_minus_tracheal_sg	50042
all_dm6_minus_tracheal_sg	50044
all_dm6_minus_tracheal_sg	50048
all_dm6_minus_tracheal_sg	50050
all_dm6_minus_tracheal_sg	50055
all_dm6_minus_tracheal_sg	50061
all_dm6_minus_tracheal_sg	50070
all_dm6_minus_tracheal_sg	50072
all_dm6_minus_tracheal_sg	50074
all_dm6_minus_tracheal_sg	50075
all_dm6_minus_tracheal_sg	50079
all_dm6_minus_tracheal_sg	50080
all_dm6_minus_tracheal_sg	50082
all_dm6_minus_tracheal_sg	50092
all_dm6_minus_tracheal_sg	50101
all_dm6_minus_tracheal_sg	50102
all_dm6_minus_tracheal_sg	50105
all_dm6_minus_tracheal_sg	50107
all_dm6_minus_tracheal_sg	50109
all_dm6_minus_tracheal_sg	50110
all_dm6_minus_tracheal_sg	50121
all_dm6_minus_tracheal_sg	50122
all_dm6_minus_tracheal_sg	50123
all_dm6_minus_tracheal_sg	50124
all_dm6_minus_tracheal_sg	50126
all_dm6_minus_tracheal_sg	50129
all_dm6_minus_tracheal_sg	50139
all_dm6_minus_tracheal_sg	50143
all_dm6_minus_tracheal_sg	50147
all_dm6_minus_tracheal_sg	50149
all_dm6_minus_tracheal_sg	50152
all_dm6_minus_tracheal_sg	50157
all_dm6_minus_tracheal_sg	50160
all_dm6_minus_tracheal_sg	50161
all_dm6_minus_tracheal_sg	50167
all_dm6_minus_tracheal_sg	50169
all_dm6_minus_tracheal_sg	50170
all_dm6_minus_tracheal_sg	50172
all_dm6_minus_tracheal_sg	50178
all_dm6_minus_tracheal_sg	50188
all_dm6_minus_tracheal_sg	50190
all_dm6_minus_tracheal_sg	50191
all_dm6_minus_tracheal_sg	50192
all_dm6_minus_tracheal_sg	50196
all_dm6_minus_tracheal_sg	50198
all_dm6_minus_tracheal_sg	50202
all_dm6_minus_tracheal_sg	50203
all_dm6_minus_tracheal_sg	50205
all_dm6_minus_tracheal_sg	50206
all_dm6_minus_tracheal_sg	50207
all_dm6_minus_tracheal_sg	50208
all_dm6_minus_tracheal_sg	50209
all_dm6_minus_tracheal_sg	50210
all_dm6_minus_tracheal_sg	50216
all_dm6_minus_tracheal_sg	50220
all_dm6_minus_tracheal_sg	50224
all_dm6_minus_tracheal_sg	50227
all_dm6_minus_tracheal_sg	50228
all_dm6_minus_tracheal_sg	50236
all_dm6_minus_tracheal_sg	50237
all_dm6_minus_tracheal_sg	50246
all_dm6_minus_tracheal_sg	50250
all_dm6_minus_tracheal_sg	50251
all_dm6_minus_tracheal_sg	50252
all_dm6_minus_tracheal_sg	50253
all_dm6_minus_tracheal_sg	50257
all_dm6_minus_tracheal_sg	50259
all_dm6_minus_tracheal_sg	50266
all_dm6_minus_tracheal_sg	50267
all_dm6_minus_tracheal_sg	50268
all_dm6_minus_tracheal_sg	50270
all_dm6_minus_tracheal_sg	50271
all_dm6_minus_tracheal_sg	50274
all_dm6_minus_tracheal_sg	50281
all_dm6_minus_tracheal_sg	50282
all_dm6_minus_tracheal_sg	50285
all_dm6_minus_tracheal_sg	50287
all_dm6_minus_tracheal_sg	50289
all_dm6_minus_tracheal_sg	50290
all_dm6_minus_tracheal_sg	50296
all_dm6_minus_tracheal_sg	50300
all_dm6_minus_tracheal_sg	50301
all_dm6_minus_tracheal_sg	50302
all_dm6_minus_tracheal_sg	50305
all_dm6_minus_tracheal_sg	50310
all_dm6_minus_tracheal_sg	50315
all_dm6_minus_tracheal_sg	50316
all_dm6_minus_tracheal_sg	50320
all_dm6_minus_tracheal_sg	50323
all_dm6_minus_tracheal_sg	50344
all_dm6_minus_tracheal_sg	50350
all_dm6_minus_tracheal_sg	50358
all_dm6_minus_tracheal_sg	50364
all_dm6_minus_tracheal_sg	50365
all_dm6_minus_tracheal_sg	50366
all_dm6_minus_tracheal_sg	50373
all_dm6_minus_tracheal_sg	50374
all_dm6_minus_tracheal_sg	50378
all_dm6_minus_tracheal_sg	50379
all_dm6_minus_tracheal_sg	50380
all_dm6_minus_tracheal_sg	50381
all_dm6_minus_tracheal_sg	50391
all_dm6_minus_tracheal_sg	50395
all_dm6_minus_tracheal_sg	50396
all_dm6_minus_tracheal_sg	50397
all_dm6_minus_tracheal_sg	50403
all_dm6_minus_tracheal_sg	50405
all_dm6_minus_tracheal_sg	50415
all_dm6_minus_tracheal_sg	50416
all_dm6_minus_tracheal_sg	50423
all_dm6_minus_tracheal_sg	50424
all_dm6_minus_tracheal_sg	50428
all_dm6_minus_tracheal_sg	50432
all_dm6_minus_tracheal_sg	50433
all_dm6_minus_tracheal_sg	50434
all_dm6_minus_tracheal_sg	50437
all_dm6_minus_tracheal_sg	50438
all_dm6_minus_tracheal_sg	50441
all_dm6_minus_tracheal_sg	50442
all_dm6_minus_tracheal_sg	50446
all_dm6_minus_tracheal_sg	50454
all_dm6_minus_tracheal_sg	50456
all_dm6_minus_tracheal_sg	50457
all_dm6_minus_tracheal_sg	50463
all_dm6_minus_tracheal_sg	50466
all_dm6_minus_tracheal_sg	50467
all_dm6_minus_tracheal_sg	50470
all_dm6_minus_tracheal_sg	53425
all_dm6_minus_tracheal_sg	53426
all_dm6_minus_tracheal_sg	53427
all_dm6_minus_tracheal_sg	53431
all_dm6_minus_tracheal_sg	53432
all_dm6_minus_tracheal_sg	53434
all_dm6_minus_tracheal_sg	53435
all_dm6_minus_tracheal_sg	53436
all_dm6_minus_tracheal_sg	53437
all_dm6_minus_tracheal_sg	53438
all_dm6_minus_tracheal_sg	53439
all_dm6_minus_tracheal_sg	53442
all_dm6_minus_tracheal_sg	53445
all_dm6_minus_tracheal_sg	53446
all_dm6_minus_tracheal_sg	53471
all_dm6_minus_tracheal_sg	53472
all_dm6_minus_tracheal_sg	53501
all_dm6_minus_tracheal_sg	53502
all_dm6_minus_tracheal_sg	53503
all_dm6_minus_tracheal_sg	53504
all_dm6_minus_tracheal_sg	53506
all_dm6_minus_tracheal_sg	53507
all_dm6_minus_tracheal_sg	53508
all_dm6_minus_tracheal_sg	53510
all_dm6_minus_tracheal_sg	53511
all_dm6_minus_tracheal_sg	53512
all_dm6_minus_tracheal_sg	53513
all_dm6_minus_tracheal_sg	53515
all_dm6_minus_tracheal_sg	53516
all_dm6_minus_tracheal_sg	53522
all_dm6_minus_tracheal_sg	53523
all_dm6_minus_tracheal_sg	53540
all_dm6_minus_tracheal_sg	53541
all_dm6_minus_tracheal_sg	53542
all_dm6_minus_tracheal_sg	53543
all_dm6_minus_tracheal_sg	53544
all_dm6_minus_tracheal_sg	53546
all_dm6_minus_tracheal_sg	53547
all_dm6_minus_tracheal_sg	53550
all_dm6_minus_tracheal_sg	53552
all_dm6_minus_tracheal_sg	53556
all_dm6_minus_tracheal_sg	53557
all_dm6_minus_tracheal_sg	53558
all_dm6_minus_tracheal_sg	53561
all_dm6_minus_tracheal_sg	53562
all_dm6_minus_tracheal_sg	53563
all_dm6_minus_tracheal_sg	53564
all_dm6_minus_tracheal_sg	53565
all_dm6_minus_tracheal_sg	53566
all_dm6_minus_tracheal_sg	53569
all_dm6_minus_tracheal_sg	53573
all_dm6_minus_tracheal_sg	53580
all_dm6_minus_tracheal_sg	53581
all_dm6_minus_tracheal_sg	53583
all_dm6_minus_tracheal_sg	53584
all_dm6_minus_tracheal_sg	53585
all_dm6_minus_tracheal_sg	53586
all_dm6_minus_tracheal_sg	59128
all_dm6_minus_tracheal_sg	59137
all_dm6_minus_tracheal_sg	59140
all_dm6_minus_tracheal_sg	59141
all_dm6_minus_tracheal_sg	59142
all_dm6_minus_tracheal_sg	59143
all_dm6_minus_tracheal_sg	59144
all_dm6_minus_tracheal_sg	59145
all_dm6_minus_tracheal_sg	59149
all_dm6_minus_tracheal_sg	59150
all_dm6_minus_tracheal_sg	59157
all_dm6_minus_tracheal_sg	59158
all_dm6_minus_tracheal_sg	59159
all_dm6_minus_tracheal_sg	59163
all_dm6_minus_tracheal_sg	59164
all_dm6_minus_tracheal_sg	59167
all_dm6_minus_tracheal_sg	59169
all_dm6_minus_tracheal_sg	59170
all_dm6_minus_tracheal_sg	59171
all_dm6_minus_tracheal_sg	59173
all_dm6_minus_tracheal_sg	59175
all_dm6_minus_tracheal_sg	59176
all_dm6_minus_tracheal_sg	59177
all_dm6_minus_tracheal_sg	59184
all_dm6_minus_tracheal_sg	59214
all_dm6_minus_tracheal_sg	59215
all_dm6_minus_tracheal_sg	59216
all_dm6_minus_tracheal_sg	59217
all_dm6_minus_tracheal_sg	59218
all_dm6_minus_tracheal_sg	59223
all_dm6_minus_tracheal_sg	59224
all_dm6_minus_tracheal_sg	59225
all_dm6_minus_tracheal_sg	59226
all_dm6_minus_tracheal_sg	59227
all_dm6_minus_tracheal_sg	59232
all_dm6_minus_tracheal_sg	59233
all_dm6_minus_tracheal_sg	59235
all_dm6_minus_tracheal_sg	59239
all_dm6_minus_tracheal_sg	59240
all_dm6_minus_tracheal_sg	59241
all_dm6_minus_tracheal_sg	59246
all_dm6_minus_tracheal_sg	59247
all_dm6_minus_tracheal_sg	59253
all_dm6_minus_tracheal_sg	59260
all_dm6_minus_tracheal_sg	59261
all_dm6_minus_tracheal_sg	64867
all_dm6_minus_tracheal_sg	64872
all_dm6_minus_tracheal_sg	64874
all_dm6_minus_tracheal_sg	64877
all_dm6_minus_tracheal_sg	64879
all_dm6_minus_tracheal_sg	117294
all_dm6_minus_tracheal_sg	117300
all_dm6_minus_tracheal_sg	117327
all_dm6_minus_tracheal_sg	117332
all_dm6_minus_tracheal_sg	117336
all_dm6_minus_tracheal_sg	117338
all_dm6_minus_tracheal_sg	117339
all_dm6_minus_tracheal_sg	117342
all_dm6_minus_tracheal_sg	117343
all_dm6_minus_tracheal_sg	117344
all_dm6_minus_tracheal_sg	117345
all_dm6_minus_tracheal_sg	117346
all_dm6_minus_tracheal_sg	117347
all_dm6_minus_tracheal_sg	117348
all_dm6_minus_tracheal_sg	117349
all_dm6_minus_tracheal_sg	117361
all_dm6_minus_tracheal_sg	117364
all_dm6_minus_tracheal_sg	117365
all_dm6_minus_tracheal_sg	117366
all_dm6_minus_tracheal_sg	117368
all_dm6_minus_tracheal_sg	117406
all_dm6_minus_tracheal_sg	117407
all_dm6_minus_tracheal_sg	117414
all_dm6_minus_tracheal_sg	117419
all_dm6_minus_tracheal_sg	117459
all_dm6_minus_tracheal_sg	117460
all_dm6_minus_tracheal_sg	117461
all_dm6_minus_tracheal_sg	117462
all_dm6_minus_tracheal_sg	117463
all_dm6_minus_tracheal_sg	117464
all_dm6_minus_tracheal_sg	117467
all_dm6_minus_tracheal_sg	117470
all_dm6_minus_tracheal_sg	117471
all_dm6_minus_tracheal_sg	117472
all_dm6_minus_tracheal_sg	117473
all_dm6_minus_tracheal_sg	117475
all_dm6_minus_tracheal_sg	117476
all_dm6_minus_tracheal_sg	117477
all_dm6_minus_tracheal_sg	117479
all_dm6_minus_tracheal_sg	117480
all_dm6_minus_tracheal_sg	117481
all_dm6_minus_tracheal_sg	117484
all_dm6_minus_tracheal_sg	117485
all_dm6_minus_tracheal_sg	117486
all_dm6_minus_tracheal_sg	117487
all_dm6_minus_tracheal_sg	117488
all_dm6_minus_tracheal_sg	117492
all_dm6_minus_tracheal_sg	117496
all_dm6_minus_tracheal_sg	117498
all_dm6_minus_tracheal_sg	117499
all_dm6_minus_tracheal_sg	117500
all_dm6_minus_tracheal_sg	117501
all_dm6_minus_tracheal_sg	117503
all_dm6_minus_tracheal_sg	118436
all_dm6_minus_tracheal_sg	170876
all_dm6_minus_tracheal_sg	170878
all_dm6_minus_tracheal_sg	170882
all_dm6_minus_tracheal_sg	170887
all_dm6_minus_tracheal_sg	192347
all_dm6_minus_tracheal_sg	192481
all_dm6_minus_tracheal_sg	192506
all_dm6_minus_tracheal_sg	192508
all_dm6_minus_tracheal_sg	192509
all_dm6_minus_tracheal_sg	192528
all_dm6_minus_tracheal_sg	192535
all_dm6_minus_tracheal_sg	192611
all_dm6_minus_tracheal_sg	246383
all_dm6_minus_tracheal_sg	246384
all_dm6_minus_tracheal_sg	246386
all_dm6_minus_tracheal_sg	246388
all_dm6_minus_tracheal_sg	246389
all_dm6_minus_tracheal_sg	246393
all_dm6_minus_tracheal_sg	246395
all_dm6_minus_tracheal_sg	246398
all_dm6_minus_tracheal_sg	246399
all_dm6_minus_tracheal_sg	246404
all_dm6_minus_tracheal_sg	246406
all_dm6_minus_tracheal_sg	246408
all_dm6_minus_tracheal_sg	246409
all_dm6_minus_tracheal_sg	246411
all_dm6_minus_tracheal_sg	246412
all_dm6_minus_tracheal_sg	246413
all_dm6_minus_tracheal_sg	246414
all_dm6_minus_tracheal_sg	246415
all_dm6_minus_tracheal_sg	246416
all_dm6_minus_tracheal_sg	246417
all_dm6_minus_tracheal_sg	246418
all_dm6_minus_tracheal_sg	246419
all_dm6_minus_tracheal_sg	246420
all_dm6_minus_tracheal_sg	246422
all_dm6_minus_tracheal_sg	246424
all_dm6_minus_tracheal_sg	246425
all_dm6_minus_tracheal_sg	246426
all_dm6_minus_tracheal_sg	246428
all_dm6_minus_tracheal_sg	246431
all_dm6_minus_tracheal_sg	246432
all_dm6_minus_tracheal_sg	246434
all_dm6_minus_tracheal_sg	246435
all_dm6_minus_tracheal_sg	246436
all_dm6_minus_tracheal_sg	246437
all_dm6_minus_tracheal_sg	246438
all_dm6_minus_tracheal_sg	246439
all_dm6_minus_tracheal_sg	246441
all_dm6_minus_tracheal_sg	246442
all_dm6_minus_tracheal_sg	246443
all_dm6_minus_tracheal_sg	246444
all_dm6_minus_tracheal_sg	246446
all_dm6_minus_tracheal_sg	246447
all_dm6_minus_tracheal_sg	246448
all_dm6_minus_tracheal_sg	246449
all_dm6_minus_tracheal_sg	246451
all_dm6_minus_tracheal_sg	246452
all_dm6_minus_tracheal_sg	246453
all_dm6_minus_tracheal_sg	246454
all_dm6_minus_tracheal_sg	246456
all_dm6_minus_tracheal_sg	246457
all_dm6_minus_tracheal_sg	246458
all_dm6_minus_tracheal_sg	246459
all_dm6_minus_tracheal_sg	246460
all_dm6_minus_tracheal_sg	246461
all_dm6_minus_tracheal_sg	246462
all_dm6_minus_tracheal_sg	246465
all_dm6_minus_tracheal_sg	246467
all_dm6_minus_tracheal_sg	246471
all_dm6_minus_tracheal_sg	246484
all_dm6_minus_tracheal_sg	246485
all_dm6_minus_tracheal_sg	246488
all_dm6_minus_tracheal_sg	246489
all_dm6_minus_tracheal_sg	246490
all_dm6_minus_tracheal_sg	246492
all_dm6_minus_tracheal_sg	246493
all_dm6_minus_tracheal_sg	246496
all_dm6_minus_tracheal_sg	246497
all_dm6_minus_tracheal_sg	246500
all_dm6_minus_tracheal_sg	246501
all_dm6_minus_tracheal_sg	246504
all_dm6_minus_tracheal_sg	246505
all_dm6_minus_tracheal_sg	246506
all_dm6_minus_tracheal_sg	246507
all_dm6_minus_tracheal_sg	246509
all_dm6_minus_tracheal_sg	246510
all_dm6_minus_tracheal_sg	246511
all_dm6_minus_tracheal_sg	246513
all_dm6_minus_tracheal_sg	246514
all_dm6_minus_tracheal_sg	246518
all_dm6_minus_tracheal_sg	246519
all_dm6_minus_tracheal_sg	246520
all_dm6_minus_tracheal_sg	246521
all_dm6_minus_tracheal_sg	246522
all_dm6_minus_tracheal_sg	246523
all_dm6_minus_tracheal_sg	246525
all_dm6_minus_tracheal_sg	246527
all_dm6_minus_tracheal_sg	246529
all_dm6_minus_tracheal_sg	246530
all_dm6_minus_tracheal_sg	246531
all_dm6_minus_tracheal_sg	246532
all_dm6_minus_tracheal_sg	246533
all_dm6_minus_tracheal_sg	246535
all_dm6_minus_tracheal_sg	246538
all_dm6_minus_tracheal_sg	246539
all_dm6_minus_tracheal_sg	246540
all_dm6_minus_tracheal_sg	246541
all_dm6_minus_tracheal_sg	246543
all_dm6_minus_tracheal_sg	246545
all_dm6_minus_tracheal_sg	246548
all_dm6_minus_tracheal_sg	246549
all_dm6_minus_tracheal_sg	246550
all_dm6_minus_tracheal_sg	246551
all_dm6_minus_tracheal_sg	246552
all_dm6_minus_tracheal_sg	246553
all_dm6_minus_tracheal_sg	246556
all_dm6_minus_tracheal_sg	246560
all_dm6_minus_tracheal_sg	246561
all_dm6_minus_tracheal_sg	246562
all_dm6_minus_tracheal_sg	246563
all_dm6_minus_tracheal_sg	246565
all_dm6_minus_tracheal_sg	246566
all_dm6_minus_tracheal_sg	246567
all_dm6_minus_tracheal_sg	246568
all_dm6_minus_tracheal_sg	246569
all_dm6_minus_tracheal_sg	246572
all_dm6_minus_tracheal_sg	246573
all_dm6_minus_tracheal_sg	246575
all_dm6_minus_tracheal_sg	246576
all_dm6_minus_tracheal_sg	246577
all_dm6_minus_tracheal_sg	246578
all_dm6_minus_tracheal_sg	246579
all_dm6_minus_tracheal_sg	246580
all_dm6_minus_tracheal_sg	246581
all_dm6_minus_tracheal_sg	246582
all_dm6_minus_tracheal_sg	246583
all_dm6_minus_tracheal_sg	246584
all_dm6_minus_tracheal_sg	246585
all_dm6_minus_tracheal_sg	246587
all_dm6_minus_tracheal_sg	246588
all_dm6_minus_tracheal_sg	246589
all_dm6_minus_tracheal_sg	246591
all_dm6_minus_tracheal_sg	246593
all_dm6_minus_tracheal_sg	246595
all_dm6_minus_tracheal_sg	246596
all_dm6_minus_tracheal_sg	246599
all_dm6_minus_tracheal_sg	246600
all_dm6_minus_tracheal_sg	246601
all_dm6_minus_tracheal_sg	246603
all_dm6_minus_tracheal_sg	246604
all_dm6_minus_tracheal_sg	246605
all_dm6_minus_tracheal_sg	246606
all_dm6_minus_tracheal_sg	246608
all_dm6_minus_tracheal_sg	246609
all_dm6_minus_tracheal_sg	246610
all_dm6_minus_tracheal_sg	246611
all_dm6_minus_tracheal_sg	246616
all_dm6_minus_tracheal_sg	246618
all_dm6_minus_tracheal_sg	246620
all_dm6_minus_tracheal_sg	246621
all_dm6_minus_tracheal_sg	246624
all_dm6_minus_tracheal_sg	246625
all_dm6_minus_tracheal_sg	246629
all_dm6_minus_tracheal_sg	246630
all_dm6_minus_tracheal_sg	246631
all_dm6_minus_tracheal_sg	246633
all_dm6_minus_tracheal_sg	246634
all_dm6_minus_tracheal_sg	246638
all_dm6_minus_tracheal_sg	246640
all_dm6_minus_tracheal_sg	246644
all_dm6_minus_tracheal_sg	246645
all_dm6_minus_tracheal_sg	246646
all_dm6_minus_tracheal_sg	246647
all_dm6_minus_tracheal_sg	246648
all_dm6_minus_tracheal_sg	246650
all_dm6_minus_tracheal_sg	246651
all_dm6_minus_tracheal_sg	246652
all_dm6_minus_tracheal_sg	246656
all_dm6_minus_tracheal_sg	246659
all_dm6_minus_tracheal_sg	246663
all_dm6_minus_tracheal_sg	246666
all_dm6_minus_tracheal_sg	246667
all_dm6_minus_tracheal_sg	246668
all_dm6_minus_tracheal_sg	246669
all_dm6_minus_tracheal_sg	246670
all_dm6_minus_tracheal_sg	246671
all_dm6_minus_tracheal_sg	246672
all_dm6_minus_tracheal_sg	246682
all_dm6_minus_tracheal_sg	246793
all_dm6_minus_tracheal_sg	246794
all_dm6_minus_tracheal_sg	246795
all_dm6_minus_tracheal_sg	246796
all_dm6_minus_tracheal_sg	246797
all_dm6_minus_tracheal_sg	246798
all_dm6_minus_tracheal_sg	246799
all_dm6_minus_tracheal_sg	246800
all_dm6_minus_tracheal_sg	246801
all_dm6_minus_tracheal_sg	246802
all_dm6_minus_tracheal_sg	246803
all_dm6_minus_tracheal_sg	246804
all_dm6_minus_tracheal_sg	246805
all_dm6_minus_tracheal_sg	246806
all_dm6_minus_tracheal_sg	246807
all_dm6_minus_tracheal_sg	246808
all_dm6_minus_tracheal_sg	246809
all_dm6_minus_tracheal_sg	246813
all_dm6_minus_tracheal_sg	246814
all_dm6_minus_tracheal_sg	246815
all_dm6_minus_tracheal_sg	246818
all_dm6_minus_tracheal_sg	246820
all_dm6_minus_tracheal_sg	246825
all_dm6_minus_tracheal_sg	246826
all_dm6_minus_tracheal_sg	246830
all_dm6_minus_tracheal_sg	246831
all_dm6_minus_tracheal_sg	246832
all_dm6_minus_tracheal_sg	246833
all_dm6_minus_tracheal_sg	246834
all_dm6_minus_tracheal_sg	246835
all_dm6_minus_tracheal_sg	246837
all_dm6_minus_tracheal_sg	246838
all_dm6_minus_tracheal_sg	246839
all_dm6_minus_tracheal_sg	246840
all_dm6_minus_tracheal_sg	246841
all_dm6_minus_tracheal_sg	246842
all_dm6_minus_tracheal_sg	246845
all_dm6_minus_tracheal_sg	246846
all_dm6_minus_tracheal_sg	246847
all_dm6_minus_tracheal_sg	246848
all_dm6_minus_tracheal_sg	246849
all_dm6_minus_tracheal_sg	246850
all_dm6_minus_tracheal_sg	246853
all_dm6_minus_tracheal_sg	246855
all_dm6_minus_tracheal_sg	246857
all_dm6_minus_tracheal_sg	246858
all_dm6_minus_tracheal_sg	246859
all_dm6_minus_tracheal_sg	246861
all_dm6_minus_tracheal_sg	246862
all_dm6_minus_tracheal_sg	246863
all_dm6_minus_tracheal_sg	246864
all_dm6_minus_tracheal_sg	246865
all_dm6_minus_tracheal_sg	246866
all_dm6_minus_tracheal_sg	246867
all_dm6_minus_tracheal_sg	246868
all_dm6_minus_tracheal_sg	246869
all_dm6_minus_tracheal_sg	246870
all_dm6_minus_tracheal_sg	246871
all_dm6_minus_tracheal_sg	246874
all_dm6_minus_tracheal_sg	246875
all_dm6_minus_tracheal_sg	246876
all_dm6_minus_tracheal_sg	246877
all_dm6_minus_tracheal_sg	246879
all_dm6_minus_tracheal_sg	246880
all_dm6_minus_tracheal_sg	246881
all_dm6_minus_tracheal_sg	246882
all_dm6_minus_tracheal_sg	246883
all_dm6_minus_tracheal_sg	246884
all_dm6_minus_tracheal_sg	246885
all_dm6_minus_tracheal_sg	246886
all_dm6_minus_tracheal_sg	246887
all_dm6_minus_tracheal_sg	246888
all_dm6_minus_tracheal_sg	246889
all_dm6_minus_tracheal_sg	246890
all_dm6_minus_tracheal_sg	246891
all_dm6_minus_tracheal_sg	246892
all_dm6_minus_tracheal_sg	246893
all_dm6_minus_tracheal_sg	246894
all_dm6_minus_tracheal_sg	246895
all_dm6_minus_tracheal_sg	246896
all_dm6_minus_tracheal_sg	246897
all_dm6_minus_tracheal_sg	246898
all_dm6_minus_tracheal_sg	246899
all_dm6_minus_tracheal_sg	246900
all_dm6_minus_tracheal_sg	246901
all_dm6_minus_tracheal_sg	246902
all_dm6_minus_tracheal_sg	246903
all_dm6_minus_tracheal_sg	246904
all_dm6_minus_tracheal_sg	246905
all_dm6_minus_tracheal_sg	246906
all_dm6_minus_tracheal_sg	246907
all_dm6_minus_tracheal_sg	246908
all_dm6_minus_tracheal_sg	246909
all_dm6_minus_tracheal_sg	246910
all_dm6_minus_tracheal_sg	246911
all_dm6_minus_tracheal_sg	246912
all_dm6_minus_tracheal_sg	246913
all_dm6_minus_tracheal_sg	246914
all_dm6_minus_tracheal_sg	246915
all_dm6_minus_tracheal_sg	246916
all_dm6_minus_tracheal_sg	246917
all_dm6_minus_tracheal_sg	246918
all_dm6_minus_tracheal_sg	246919
all_dm6_minus_tracheal_sg	246920
all_dm6_minus_tracheal_sg	246921
all_dm6_minus_tracheal_sg	246922
all_dm6_minus_tracheal_sg	246923
all_dm6_minus_tracheal_sg	246924
all_dm6_minus_tracheal_sg	246926
all_dm6_minus_tracheal_sg	246927
all_dm6_minus_tracheal_sg	246930
all_dm6_minus_tracheal_sg	246931
all_dm6_minus_tracheal_sg	246932
all_dm6_minus_tracheal_sg	246933
all_dm6_minus_tracheal_sg	246934
all_dm6_minus_tracheal_sg	246935
all_dm6_minus_tracheal_sg	246936
all_dm6_minus_tracheal_sg	246937
all_dm6_minus_tracheal_sg	246938
all_dm6_minus_tracheal_sg	246939
all_dm6_minus_tracheal_sg	246940
all_dm6_minus_tracheal_sg	246943
all_dm6_minus_tracheal_sg	246944
all_dm6_minus_tracheal_sg	246948
all_dm6_minus_tracheal_sg	246951
all_dm6_minus_tracheal_sg	246952
all_dm6_minus_tracheal_sg	246953
all_dm6_minus_tracheal_sg	246954
all_dm6_minus_tracheal_sg	246955
all_dm6_minus_tracheal_sg	246956
all_dm6_minus_tracheal_sg	246958
all_dm6_minus_tracheal_sg	246959
all_dm6_minus_tracheal_sg	246960
all_dm6_minus_tracheal_sg	246961
all_dm6_minus_tracheal_sg	246962
all_dm6_minus_tracheal_sg	246963
all_dm6_minus_tracheal_sg	246964
all_dm6_minus_tracheal_sg	246965
all_dm6_minus_tracheal_sg	246966
all_dm6_minus_tracheal_sg	246967
all_dm6_minus_tracheal_sg	246968
all_dm6_minus_tracheal_sg	246969
all_dm6_minus_tracheal_sg	246970
all_dm6_minus_tracheal_sg	246972
all_dm6_minus_tracheal_sg	246973
all_dm6_minus_tracheal_sg	246974
all_dm6_minus_tracheal_sg	246975
all_dm6_minus_tracheal_sg	246977
all_dm6_minus_tracheal_sg	246978
all_dm6_minus_tracheal_sg	246980
all_dm6_minus_tracheal_sg	246981
all_dm6_minus_tracheal_sg	246982
all_dm6_minus_tracheal_sg	246983
all_dm6_minus_tracheal_sg	246984
all_dm6_minus_tracheal_sg	246985
all_dm6_minus_tracheal_sg	246986
all_dm6_minus_tracheal_sg	246987
all_dm6_minus_tracheal_sg	246988
all_dm6_minus_tracheal_sg	246989
all_dm6_minus_tracheal_sg	246990
all_dm6_minus_tracheal_sg	246991
all_dm6_minus_tracheal_sg	246992
all_dm6_minus_tracheal_sg	246993
all_dm6_minus_tracheal_sg	246994
all_dm6_minus_tracheal_sg	246995
all_dm6_minus_tracheal_sg	246996
all_dm6_minus_tracheal_sg	246997
all_dm6_minus_tracheal_sg	246998
all_dm6_minus_tracheal_sg	246999
all_dm6_minus_tracheal_sg	247000
all_dm6_minus_tracheal_sg	247001
all_dm6_minus_tracheal_sg	247002
all_dm6_minus_tracheal_sg	247003
all_dm6_minus_tracheal_sg	247005
all_dm6_minus_tracheal_sg	247006
all_dm6_minus_tracheal_sg	247007
all_dm6_minus_tracheal_sg	247009
all_dm6_minus_tracheal_sg	247011
all_dm6_minus_tracheal_sg	247012
all_dm6_minus_tracheal_sg	247014
all_dm6_minus_tracheal_sg	247016
all_dm6_minus_tracheal_sg	247017
all_dm6_minus_tracheal_sg	247018
all_dm6_minus_tracheal_sg	247019
all_dm6_minus_tracheal_sg	247020
all_dm6_minus_tracheal_sg	247021
all_dm6_minus_tracheal_sg	247022
all_dm6_minus_tracheal_sg	247023
all_dm6_minus_tracheal_sg	247024
all_dm6_minus_tracheal_sg	247025
all_dm6_minus_tracheal_sg	247026
all_dm6_minus_tracheal_sg	247027
all_dm6_minus_tracheal_sg	247029
all_dm6_minus_tracheal_sg	247030
all_dm6_minus_tracheal_sg	247033
all_dm6_minus_tracheal_sg	247034
all_dm6_minus_tracheal_sg	247035
all_dm6_minus_tracheal_sg	247037
all_dm6_minus_tracheal_sg	247038
all_dm6_minus_tracheal_sg	247041
all_dm6_minus_tracheal_sg	247042
all_dm6_minus_tracheal_sg	247043
all_dm6_minus_tracheal_sg	247046
all_dm6_minus_tracheal_sg	247047
all_dm6_minus_tracheal_sg	247048
all_dm6_minus_tracheal_sg	247049
all_dm6_minus_tracheal_sg	247050
all_dm6_minus_tracheal_sg	247054
all_dm6_minus_tracheal_sg	247055
all_dm6_minus_tracheal_sg	247056
all_dm6_minus_tracheal_sg	247057
all_dm6_minus_tracheal_sg	247058
all_dm6_minus_tracheal_sg	247059
all_dm6_minus_tracheal_sg	247060
all_dm6_minus_tracheal_sg	247061
all_dm6_minus_tracheal_sg	247062
all_dm6_minus_tracheal_sg	247063
all_dm6_minus_tracheal_sg	247064
all_dm6_minus_tracheal_sg	247065
all_dm6_minus_tracheal_sg	247066
all_dm6_minus_tracheal_sg	247067
all_dm6_minus_tracheal_sg	247068
all_dm6_minus_tracheal_sg	247070
all_dm6_minus_tracheal_sg	247071
all_dm6_minus_tracheal_sg	247072
all_dm6_minus_tracheal_sg	247073
all_dm6_minus_tracheal_sg	247074
all_dm6_minus_tracheal_sg	247075
all_dm6_minus_tracheal_sg	247076
all_dm6_minus_tracheal_sg	247077
all_dm6_minus_tracheal_sg	247078
all_dm6_minus_tracheal_sg	247079
all_dm6_minus_tracheal_sg	247080
all_dm6_minus_tracheal_sg	247081
all_dm6_minus_tracheal_sg	247082
all_dm6_minus_tracheal_sg	247083
all_dm6_minus_tracheal_sg	247084
all_dm6_minus_tracheal_sg	247085
all_dm6_minus_tracheal_sg	247086
all_dm6_minus_tracheal_sg	247087
all_dm6_minus_tracheal_sg	247088
all_dm6_minus_tracheal_sg	247089
all_dm6_minus_tracheal_sg	247090
all_dm6_minus_tracheal_sg	247091
all_dm6_minus_tracheal_sg	247092
all_dm6_minus_tracheal_sg	247093
all_dm6_minus_tracheal_sg	247094
all_dm6_minus_tracheal_sg	247095
all_dm6_minus_tracheal_sg	247096
all_dm6_minus_tracheal_sg	247097
all_dm6_minus_tracheal_sg	247098
all_dm6_minus_tracheal_sg	247099
all_dm6_minus_tracheal_sg	247100
all_dm6_minus_tracheal_sg	247101
all_dm6_minus_tracheal_sg	247102
all_dm6_minus_tracheal_sg	247103
all_dm6_minus_tracheal_sg	247104
all_dm6_minus_tracheal_sg	247105
all_dm6_minus_tracheal_sg	247106
all_dm6_minus_tracheal_sg	247107
all_dm6_minus_tracheal_sg	247108
all_dm6_minus_tracheal_sg	247109
all_dm6_minus_tracheal_sg	247110
all_dm6_minus_tracheal_sg	247111
all_dm6_minus_tracheal_sg	247112
all_dm6_minus_tracheal_sg	247113
all_dm6_minus_tracheal_sg	247114
all_dm6_minus_tracheal_sg	247115
all_dm6_minus_tracheal_sg	247116
all_dm6_minus_tracheal_sg	247117
all_dm6_minus_tracheal_sg	247118
all_dm6_minus_tracheal_sg	247119
all_dm6_minus_tracheal_sg	247120
all_dm6_minus_tracheal_sg	247121
all_dm6_minus_tracheal_sg	247122
all_dm6_minus_tracheal_sg	247123
all_dm6_minus_tracheal_sg	247124
all_dm6_minus_tracheal_sg	247125
all_dm6_minus_tracheal_sg	247126
all_dm6_minus_tracheal_sg	247127
all_dm6_minus_tracheal_sg	247128
all_dm6_minus_tracheal_sg	247129
all_dm6_minus_tracheal_sg	247130
all_dm6_minus_tracheal_sg	247131
all_dm6_minus_tracheal_sg	247133
all_dm6_minus_tracheal_sg	247135
all_dm6_minus_tracheal_sg	247137
all_dm6_minus_tracheal_sg	247138
all_dm6_minus_tracheal_sg	247140
all_dm6_minus_tracheal_sg	247141
all_dm6_minus_tracheal_sg	247142
all_dm6_minus_tracheal_sg	247143
all_dm6_minus_tracheal_sg	247144
all_dm6_minus_tracheal_sg	247145
all_dm6_minus_tracheal_sg	247146
all_dm6_minus_tracheal_sg	247147
all_dm6_minus_tracheal_sg	247148
all_dm6_minus_tracheal_sg	247149
all_dm6_minus_tracheal_sg	247150
all_dm6_minus_tracheal_sg	247151
all_dm6_minus_tracheal_sg	247152
all_dm6_minus_tracheal_sg	247153
all_dm6_minus_tracheal_sg	247154
all_dm6_minus_tracheal_sg	247155
all_dm6_minus_tracheal_sg	247156
all_dm6_minus_tracheal_sg	247157
all_dm6_minus_tracheal_sg	247158
all_dm6_minus_tracheal_sg	247159
all_dm6_minus_tracheal_sg	247160
all_dm6_minus_tracheal_sg	247161
all_dm6_minus_tracheal_sg	247162
all_dm6_minus_tracheal_sg	247163
all_dm6_minus_tracheal_sg	247164
all_dm6_minus_tracheal_sg	247165
all_dm6_minus_tracheal_sg	247166
all_dm6_minus_tracheal_sg	247167
all_dm6_minus_tracheal_sg	247168
all_dm6_minus_tracheal_sg	247169
all_dm6_minus_tracheal_sg	247170
all_dm6_minus_tracheal_sg	247171
all_dm6_minus_tracheal_sg	247172
all_dm6_minus_tracheal_sg	247173
all_dm6_minus_tracheal_sg	247174
all_dm6_minus_tracheal_sg	247175
all_dm6_minus_tracheal_sg	247176
all_dm6_minus_tracheal_sg	247177
all_dm6_minus_tracheal_sg	247178
all_dm6_minus_tracheal_sg	247179
all_dm6_minus_tracheal_sg	247180
all_dm6_minus_tracheal_sg	247181
all_dm6_minus_tracheal_sg	247182
all_dm6_minus_tracheal_sg	247183
all_dm6_minus_tracheal_sg	247184
all_dm6_minus_tracheal_sg	247185
all_dm6_minus_tracheal_sg	247186
all_dm6_minus_tracheal_sg	247187
all_dm6_minus_tracheal_sg	247188
all_dm6_minus_tracheal_sg	247189
all_dm6_minus_tracheal_sg	247190
all_dm6_minus_tracheal_sg	247191
all_dm6_minus_tracheal_sg	247192
all_dm6_minus_tracheal_sg	247193
all_dm6_minus_tracheal_sg	247194
all_dm6_minus_tracheal_sg	247195
all_dm6_minus_tracheal_sg	247196
all_dm6_minus_tracheal_sg	247197
all_dm6_minus_tracheal_sg	247198
all_dm6_minus_tracheal_sg	247199
all_dm6_minus_tracheal_sg	247200
all_dm6_minus_tracheal_sg	247204
all_dm6_minus_tracheal_sg	247205
all_dm6_minus_tracheal_sg	247206
all_dm6_minus_tracheal_sg	247209
all_dm6_minus_tracheal_sg	247210
all_dm6_minus_tracheal_sg	247211
all_dm6_minus_tracheal_sg	247219
all_dm6_minus_tracheal_sg	247220
all_dm6_minus_tracheal_sg	247226
all_dm6_minus_tracheal_sg	247228
all_dm6_minus_tracheal_sg	247234
all_dm6_minus_tracheal_sg	247236
all_dm6_minus_tracheal_sg	247237
all_dm6_minus_tracheal_sg	247238
all_dm6_minus_tracheal_sg	247239
all_dm6_minus_tracheal_sg	247240
all_dm6_minus_tracheal_sg	247241
all_dm6_minus_tracheal_sg	247242
all_dm6_minus_tracheal_sg	247245
all_dm6_minus_tracheal_sg	247246
all_dm6_minus_tracheal_sg	247247
all_dm6_minus_tracheal_sg	247248
all_dm6_minus_tracheal_sg	247249
all_dm6_minus_tracheal_sg	247250
all_dm6_minus_tracheal_sg	247253
all_dm6_minus_tracheal_sg	247254
all_dm6_minus_tracheal_sg	247255
all_dm6_minus_tracheal_sg	247256
all_dm6_minus_tracheal_sg	247257
all_dm6_minus_tracheal_sg	247258
all_dm6_minus_tracheal_sg	247260
all_dm6_minus_tracheal_sg	247261
all_dm6_minus_tracheal_sg	247264
all_dm6_minus_tracheal_sg	247265
all_dm6_minus_tracheal_sg	247266
all_dm6_minus_tracheal_sg	247267
all_dm6_minus_tracheal_sg	247268
all_dm6_minus_tracheal_sg	247269
all_dm6_minus_tracheal_sg	247270
all_dm6_minus_tracheal_sg	247271
all_dm6_minus_tracheal_sg	247272
all_dm6_minus_tracheal_sg	247275
all_dm6_minus_tracheal_sg	247276
all_dm6_minus_tracheal_sg	247277
all_dm6_minus_tracheal_sg	247281
all_dm6_minus_tracheal_sg	247284
all_dm6_minus_tracheal_sg	247285
all_dm6_minus_tracheal_sg	247286
all_dm6_minus_tracheal_sg	247287
all_dm6_minus_tracheal_sg	247288
all_dm6_minus_tracheal_sg	247289
all_dm6_minus_tracheal_sg	247292
all_dm6_minus_tracheal_sg	247293
all_dm6_minus_tracheal_sg	247297
all_dm6_minus_tracheal_sg	247298
all_dm6_minus_tracheal_sg	247300
all_dm6_minus_tracheal_sg	247301
all_dm6_minus_tracheal_sg	247302
all_dm6_minus_tracheal_sg	247303
all_dm6_minus_tracheal_sg	247304
all_dm6_minus_tracheal_sg	247305
all_dm6_minus_tracheal_sg	247306
all_dm6_minus_tracheal_sg	247307
all_dm6_minus_tracheal_sg	247308
all_dm6_minus_tracheal_sg	247309
all_dm6_minus_tracheal_sg	247310
all_dm6_minus_tracheal_sg	247311
all_dm6_minus_tracheal_sg	247313
all_dm6_minus_tracheal_sg	247314
all_dm6_minus_tracheal_sg	247315
all_dm6_minus_tracheal_sg	247316
all_dm6_minus_tracheal_sg	247317
all_dm6_minus_tracheal_sg	247318
all_dm6_minus_tracheal_sg	247319
all_dm6_minus_tracheal_sg	247320
all_dm6_minus_tracheal_sg	247321
all_dm6_minus_tracheal_sg	247322
all_dm6_minus_tracheal_sg	247323
all_dm6_minus_tracheal_sg	247324
all_dm6_minus_tracheal_sg	247325
all_dm6_minus_tracheal_sg	247326
all_dm6_minus_tracheal_sg	247327
all_dm6_minus_tracheal_sg	247328
all_dm6_minus_tracheal_sg	247329
all_dm6_minus_tracheal_sg	247330
all_dm6_minus_tracheal_sg	247331
all_dm6_minus_tracheal_sg	247332
all_dm6_minus_tracheal_sg	247333
all_dm6_minus_tracheal_sg	247334
all_dm6_minus_tracheal_sg	247335
all_dm6_minus_tracheal_sg	247336
all_dm6_minus_tracheal_sg	247337
all_dm6_minus_tracheal_sg	247338
all_dm6_minus_tracheal_sg	247339
all_dm6_minus_tracheal_sg	247340
all_dm6_minus_tracheal_sg	247341
all_dm6_minus_tracheal_sg	247342
all_dm6_minus_tracheal_sg	247343
all_dm6_minus_tracheal_sg	247344
all_dm6_minus_tracheal_sg	247345
all_dm6_minus_tracheal_sg	247346
all_dm6_minus_tracheal_sg	247347
all_dm6_minus_tracheal_sg	247348
all_dm6_minus_tracheal_sg	247349
all_dm6_minus_tracheal_sg	247350
all_dm6_minus_tracheal_sg	247353
all_dm6_minus_tracheal_sg	247354
all_dm6_minus_tracheal_sg	247437
all_dm6_minus_tracheal_sg	247438
all_dm6_minus_tracheal_sg	247443
all_dm6_minus_tracheal_sg	247444
all_dm6_minus_tracheal_sg	247445
all_dm6_minus_tracheal_sg	247446
all_dm6_minus_tracheal_sg	247448
all_dm6_minus_tracheal_sg	247509
all_dm6_minus_tracheal_sg	247510
all_dm6_minus_tracheal_sg	247513
all_dm6_minus_tracheal_sg	247514
all_dm6_minus_tracheal_sg	247515
all_dm6_minus_tracheal_sg	247516
all_dm6_minus_tracheal_sg	247517
all_dm6_minus_tracheal_sg	247518
all_dm6_minus_tracheal_sg	247519
all_dm6_minus_tracheal_sg	247522
all_dm6_minus_tracheal_sg	247523
all_dm6_minus_tracheal_sg	247536
all_dm6_minus_tracheal_sg	247538
all_dm6_minus_tracheal_sg	247539
all_dm6_minus_tracheal_sg	247540
all_dm6_minus_tracheal_sg	247541
all_dm6_minus_tracheal_sg	247542
all_dm6_minus_tracheal_sg	247548
all_dm6_minus_tracheal_sg	247549
all_dm6_minus_tracheal_sg	247550
all_dm6_minus_tracheal_sg	247551
all_dm6_minus_tracheal_sg	247552
all_dm6_minus_tracheal_sg	247553
all_dm6_minus_tracheal_sg	247554
all_dm6_minus_tracheal_sg	247555
all_dm6_minus_tracheal_sg	247556
all_dm6_minus_tracheal_sg	247557
all_dm6_minus_tracheal_sg	247558
all_dm6_minus_tracheal_sg	247559
all_dm6_minus_tracheal_sg	247560
all_dm6_minus_tracheal_sg	247561
all_dm6_minus_tracheal_sg	247562
all_dm6_minus_tracheal_sg	247563
all_dm6_minus_tracheal_sg	247564
all_dm6_minus_tracheal_sg	247565
all_dm6_minus_tracheal_sg	247566
all_dm6_minus_tracheal_sg	247567
all_dm6_minus_tracheal_sg	247568
all_dm6_minus_tracheal_sg	247569
all_dm6_minus_tracheal_sg	247570
all_dm6_minus_tracheal_sg	247571
all_dm6_minus_tracheal_sg	247572
all_dm6_minus_tracheal_sg	247573
all_dm6_minus_tracheal_sg	247574
all_dm6_minus_tracheal_sg	247575
all_dm6_minus_tracheal_sg	247576
all_dm6_minus_tracheal_sg	247577
all_dm6_minus_tracheal_sg	247578
all_dm6_minus_tracheal_sg	247579
all_dm6_minus_tracheal_sg	247580
all_dm6_minus_tracheal_sg	247581
all_dm6_minus_tracheal_sg	247582
all_dm6_minus_tracheal_sg	247583
all_dm6_minus_tracheal_sg	247584
all_dm6_minus_tracheal_sg	247585
all_dm6_minus_tracheal_sg	247586
all_dm6_minus_tracheal_sg	247587
all_dm6_minus_tracheal_sg	247588
all_dm6_minus_tracheal_sg	247589
all_dm6_minus_tracheal_sg	247590
all_dm6_minus_tracheal_sg	247594
all_dm6_minus_tracheal_sg	247595
all_dm6_minus_tracheal_sg	247596
all_dm6_minus_tracheal_sg	247597
all_dm6_minus_tracheal_sg	247598
all_dm6_minus_tracheal_sg	247599
all_dm6_minus_tracheal_sg	247600
all_dm6_minus_tracheal_sg	247601
all_dm6_minus_tracheal_sg	247604
all_dm6_minus_tracheal_sg	247605
all_dm6_minus_tracheal_sg	247606
all_dm6_minus_tracheal_sg	247607
all_dm6_minus_tracheal_sg	247608
all_dm6_minus_tracheal_sg	247609
all_dm6_minus_tracheal_sg	247613
all_dm6_minus_tracheal_sg	247614
all_dm6_minus_tracheal_sg	247615
all_dm6_minus_tracheal_sg	247617
all_dm6_minus_tracheal_sg	247618
all_dm6_minus_tracheal_sg	247634
all_dm6_minus_tracheal_sg	247635
all_dm6_minus_tracheal_sg	247636
all_dm6_minus_tracheal_sg	247657
all_dm6_minus_tracheal_sg	247658
all_dm6_minus_tracheal_sg	247688
all_dm6_minus_tracheal_sg	247701
all_dm6_minus_tracheal_sg	247703
all_dm6_minus_tracheal_sg	247726
all_dm6_minus_tracheal_sg	247727
all_dm6_minus_tracheal_sg	247728
all_dm6_minus_tracheal_sg	247731
all_dm6_minus_tracheal_sg	247732
all_dm6_minus_tracheal_sg	247733
all_dm6_minus_tracheal_sg	247742
all_dm6_minus_tracheal_sg	247744
all_dm6_minus_tracheal_sg	247745
all_dm6_minus_tracheal_sg	247746
all_dm6_minus_tracheal_sg	247747
all_dm6_minus_tracheal_sg	247748
all_dm6_minus_tracheal_sg	247749
all_dm6_minus_tracheal_sg	247750
all_dm6_minus_tracheal_sg	247752
all_dm6_minus_tracheal_sg	247754
all_dm6_minus_tracheal_sg	247755
all_dm6_minus_tracheal_sg	247756
all_dm6_minus_tracheal_sg	247765
all_dm6_minus_tracheal_sg	247774
all_dm6_minus_tracheal_sg	247775
all_dm6_minus_tracheal_sg	247776
all_dm6_minus_tracheal_sg	247777
all_dm6_minus_tracheal_sg	247780
all_dm6_minus_tracheal_sg	247781
all_dm6_minus_tracheal_sg	247791
all_dm6_minus_tracheal_sg	247792
all_dm6_minus_tracheal_sg	247796
all_dm6_minus_tracheal_sg	247800
all_dm6_minus_tracheal_sg	247804
all_dm6_minus_tracheal_sg	247806
all_dm6_minus_tracheal_sg	247811
all_dm6_minus_tracheal_sg	247818
all_dm6_minus_tracheal_sg	247828
all_dm6_minus_tracheal_sg	247830
all_dm6_minus_tracheal_sg	247835
all_dm6_minus_tracheal_sg	247837
all_dm6_minus_tracheal_sg	247838
all_dm6_minus_tracheal_sg	247841
all_dm6_minus_tracheal_sg	247846
all_dm6_minus_tracheal_sg	247848
all_dm6_minus_tracheal_sg	247852
all_dm6_minus_tracheal_sg	247854
all_dm6_minus_tracheal_sg	247861
all_dm6_minus_tracheal_sg	247863
all_dm6_minus_tracheal_sg	247867
all_dm6_minus_tracheal_sg	247872
all_dm6_minus_tracheal_sg	247875
all_dm6_minus_tracheal_sg	247878
all_dm6_minus_tracheal_sg	247881
all_dm6_minus_tracheal_sg	247917
all_dm6_minus_tracheal_sg	247918
all_dm6_minus_tracheal_sg	247919
all_dm6_minus_tracheal_sg	247920
all_dm6_minus_tracheal_sg	247921
all_dm6_minus_tracheal_sg	247922
all_dm6_minus_tracheal_sg	247923
all_dm6_minus_tracheal_sg	247924
all_dm6_minus_tracheal_sg	247925
all_dm6_minus_tracheal_sg	247926
all_dm6_minus_tracheal_sg	247927
all_dm6_minus_tracheal_sg	247928
all_dm6_minus_tracheal_sg	247929
all_dm6_minus_tracheal_sg	247930
all_dm6_minus_tracheal_sg	247932
all_dm6_minus_tracheal_sg	247936
all_dm6_minus_tracheal_sg	247942
all_dm6_minus_tracheal_sg	247943
all_dm6_minus_tracheal_sg	247945
all_dm6_minus_tracheal_sg	247952
all_dm6_minus_tracheal_sg	247962
all_dm6_minus_tracheal_sg	247972
all_dm6_minus_tracheal_sg	247976
all_dm6_minus_tracheal_sg	247977
all_dm6_minus_tracheal_sg	247980
all_dm6_minus_tracheal_sg	247995
all_dm6_minus_tracheal_sg	247997
all_dm6_minus_tracheal_sg	248007
all_dm6_minus_tracheal_sg	248008
all_dm6_minus_tracheal_sg	248009
all_dm6_minus_tracheal_sg	248015
all_dm6_minus_tracheal_sg	248022
all_dm6_minus_tracheal_sg	248023
all_dm6_minus_tracheal_sg	248024
all_dm6_minus_tracheal_sg	248025
all_dm6_minus_tracheal_sg	248026
all_dm6_minus_tracheal_sg	248027
all_dm6_minus_tracheal_sg	248028
all_dm6_minus_tracheal_sg	248029
all_dm6_minus_tracheal_sg	248030
all_dm6_minus_tracheal_sg	248031
all_dm6_minus_tracheal_sg	248042
all_dm6_minus_tracheal_sg	248043
all_dm6_minus_tracheal_sg	248044
all_dm6_minus_tracheal_sg	248045
all_dm6_minus_tracheal_sg	248047
all_dm6_minus_tracheal_sg	248048
all_dm6_minus_tracheal_sg	248082
all_dm6_minus_tracheal_sg	248102
all_dm6_minus_tracheal_sg	248105
all_dm6_minus_tracheal_sg	248106
all_dm6_minus_tracheal_sg	248107
all_dm6_minus_tracheal_sg	248108
all_dm6_minus_tracheal_sg	248109
all_dm6_minus_tracheal_sg	248110
all_dm6_minus_tracheal_sg	248111
all_dm6_minus_tracheal_sg	248112
all_dm6_minus_tracheal_sg	248113
all_dm6_minus_tracheal_sg	248114
all_dm6_minus_tracheal_sg	248119
all_dm6_minus_tracheal_sg	248122
all_dm6_minus_tracheal_sg	248123
all_dm6_minus_tracheal_sg	248126
all_dm6_minus_tracheal_sg	248135
all_dm6_minus_tracheal_sg	248137
all_dm6_minus_tracheal_sg	248139
all_dm6_minus_tracheal_sg	248141
all_dm6_minus_tracheal_sg	248142
all_dm6_minus_tracheal_sg	248150
all_dm6_minus_tracheal_sg	248159
all_dm6_minus_tracheal_sg	248160
all_dm6_minus_tracheal_sg	248161
all_dm6_minus_tracheal_sg	248166
all_dm6_minus_tracheal_sg	248169
all_dm6_minus_tracheal_sg	248171
all_dm6_minus_tracheal_sg	248172
all_dm6_minus_tracheal_sg	248175
all_dm6_minus_tracheal_sg	248177
all_dm6_minus_tracheal_sg	248182
all_dm6_minus_tracheal_sg	248184
all_dm6_minus_tracheal_sg	248186
all_dm6_minus_tracheal_sg	248187
all_dm6_minus_tracheal_sg	248192
all_dm6_minus_tracheal_sg	248194
all_dm6_minus_tracheal_sg	248200
all_dm6_minus_tracheal_sg	248208
all_dm6_minus_tracheal_sg	248212
all_dm6_minus_tracheal_sg	248213
all_dm6_minus_tracheal_sg	248231
all_dm6_minus_tracheal_sg	248235
all_dm6_minus_tracheal_sg	248239
all_dm6_minus_tracheal_sg	248246
all_dm6_minus_tracheal_sg	248280
all_dm6_minus_tracheal_sg	248291
all_dm6_minus_tracheal_sg	248292
all_dm6_minus_tracheal_sg	248293
all_dm6_minus_tracheal_sg	248294
all_dm6_minus_tracheal_sg	248295
all_dm6_minus_tracheal_sg	248296
all_dm6_minus_tracheal_sg	248297
all_dm6_minus_tracheal_sg	248299
all_dm6_minus_tracheal_sg	248300
all_dm6_minus_tracheal_sg	248301
all_dm6_minus_tracheal_sg	248306
all_dm6_minus_tracheal_sg	248308
all_dm6_minus_tracheal_sg	248311
all_dm6_minus_tracheal_sg	248315
all_dm6_minus_tracheal_sg	248316
all_dm6_minus_tracheal_sg	248321
all_dm6_minus_tracheal_sg	248323
all_dm6_minus_tracheal_sg	248326
all_dm6_minus_tracheal_sg	248335
all_dm6_minus_tracheal_sg	248338
all_dm6_minus_tracheal_sg	248344
all_dm6_minus_tracheal_sg	248358
all_dm6_minus_tracheal_sg	248381
all_dm6_minus_tracheal_sg	248382
all_dm6_minus_tracheal_sg	248385
all_dm6_minus_tracheal_sg	248402
all_dm6_minus_tracheal_sg	248405
all_dm6_minus_tracheal_sg	248408
all_dm6_minus_tracheal_sg	248447
all_dm6_minus_tracheal_sg	248449
all_dm6_minus_tracheal_sg	248450
all_dm6_minus_tracheal_sg	248451
all_dm6_minus_tracheal_sg	248453
all_dm6_minus_tracheal_sg	248455
all_dm6_minus_tracheal_sg	248456
all_dm6_minus_tracheal_sg	248458
all_dm6_minus_tracheal_sg	248459
all_dm6_minus_tracheal_sg	248460
all_dm6_minus_tracheal_sg	248461
all_dm6_minus_tracheal_sg	248462
all_dm6_minus_tracheal_sg	248463
all_dm6_minus_tracheal_sg	248464
all_dm6_minus_tracheal_sg	248465
all_dm6_minus_tracheal_sg	248466
all_dm6_minus_tracheal_sg	248467
all_dm6_minus_tracheal_sg	248468
all_dm6_minus_tracheal_sg	248478
all_dm6_minus_tracheal_sg	248480
all_dm6_minus_tracheal_sg	248490
all_dm6_minus_tracheal_sg	248500
all_dm6_minus_tracheal_sg	248509
all_dm6_minus_tracheal_sg	248520
all_dm6_minus_tracheal_sg	248521
all_dm6_minus_tracheal_sg	248522
all_dm6_minus_tracheal_sg	248523
all_dm6_minus_tracheal_sg	248524
all_dm6_minus_tracheal_sg	248530
all_dm6_minus_tracheal_sg	248533
all_dm6_minus_tracheal_sg	248538
all_dm6_minus_tracheal_sg	248539
all_dm6_minus_tracheal_sg	248540
all_dm6_minus_tracheal_sg	248548
all_dm6_minus_tracheal_sg	248552
all_dm6_minus_tracheal_sg	248555
all_dm6_minus_tracheal_sg	248570
all_dm6_minus_tracheal_sg	248586
all_dm6_minus_tracheal_sg	248611
all_dm6_minus_tracheal_sg	248612
all_dm6_minus_tracheal_sg	248613
all_dm6_minus_tracheal_sg	248614
all_dm6_minus_tracheal_sg	248615
all_dm6_minus_tracheal_sg	248616
all_dm6_minus_tracheal_sg	248617
all_dm6_minus_tracheal_sg	248618
all_dm6_minus_tracheal_sg	248619
all_dm6_minus_tracheal_sg	248620
all_dm6_minus_tracheal_sg	248625
all_dm6_minus_tracheal_sg	248631
all_dm6_minus_tracheal_sg	248636
all_dm6_minus_tracheal_sg	248638
all_dm6_minus_tracheal_sg	248645
all_dm6_minus_tracheal_sg	248652
all_dm6_minus_tracheal_sg	248654
all_dm6_minus_tracheal_sg	248656
all_dm6_minus_tracheal_sg	248664
all_dm6_minus_tracheal_sg	248669
all_dm6_minus_tracheal_sg	248672
all_dm6_minus_tracheal_sg	248676
all_dm6_minus_tracheal_sg	248685
all_dm6_minus_tracheal_sg	248686
all_dm6_minus_tracheal_sg	248687
all_dm6_minus_tracheal_sg	248690
all_dm6_minus_tracheal_sg	248692
all_dm6_minus_tracheal_sg	248694
all_dm6_minus_tracheal_sg	248696
all_dm6_minus_tracheal_sg	248698
all_dm6_minus_tracheal_sg	248701
all_dm6_minus_tracheal_sg	248704
all_dm6_minus_tracheal_sg	248705
all_dm6_minus_tracheal_sg	248706
all_dm6_minus_tracheal_sg	248709
all_dm6_minus_tracheal_sg	248711
all_dm6_minus_tracheal_sg	248713
all_dm6_minus_tracheal_sg	248715
all_dm6_minus_tracheal_sg	248718
all_dm6_minus_tracheal_sg	248760
all_dm6_minus_tracheal_sg	248761
all_dm6_minus_tracheal_sg	248762
all_dm6_minus_tracheal_sg	248763
all_dm6_minus_tracheal_sg	248764
all_dm6_minus_tracheal_sg	248765
all_dm6_minus_tracheal_sg	248766
all_dm6_minus_tracheal_sg	248767
all_dm6_minus_tracheal_sg	248772
all_dm6_minus_tracheal_sg	248779
all_dm6_minus_tracheal_sg	248781
all_dm6_minus_tracheal_sg	248782
all_dm6_minus_tracheal_sg	248786
all_dm6_minus_tracheal_sg	248788
all_dm6_minus_tracheal_sg	248790
all_dm6_minus_tracheal_sg	248791
all_dm6_minus_tracheal_sg	248794
all_dm6_minus_tracheal_sg	248796
all_dm6_minus_tracheal_sg	248799
all_dm6_minus_tracheal_sg	248800
all_dm6_minus_tracheal_sg	248804
all_dm6_minus_tracheal_sg	248807
all_dm6_minus_tracheal_sg	248808
all_dm6_minus_tracheal_sg	248811
all_dm6_minus_tracheal_sg	248815
all_dm6_minus_tracheal_sg	248818
all_dm6_minus_tracheal_sg	248819
all_dm6_minus_tracheal_sg	248822
all_dm6_minus_tracheal_sg	248825
all_dm6_minus_tracheal_sg	248827
all_dm6_minus_tracheal_sg	248830
all_dm6_minus_tracheal_sg	248832
all_dm6_minus_tracheal_sg	248833
all_dm6_minus_tracheal_sg	248836
all_dm6_minus_tracheal_sg	248838
all_dm6_minus_tracheal_sg	248841
all_dm6_minus_tracheal_sg	248845
all_dm6_minus_tracheal_sg	248846
all_dm6_minus_tracheal_sg	248850
all_dm6_minus_tracheal_sg	248854
all_dm6_minus_tracheal_sg	248856
all_dm6_minus_tracheal_sg	248858
all_dm6_minus_tracheal_sg	248862
all_dm6_minus_tracheal_sg	248871
all_dm6_minus_tracheal_sg	248875
all_dm6_minus_tracheal_sg	248878
all_dm6_minus_tracheal_sg	248909
all_dm6_minus_tracheal_sg	248915
all_dm6_minus_tracheal_sg	248916
all_dm6_minus_tracheal_sg	248917
all_dm6_minus_tracheal_sg	248919
all_dm6_minus_tracheal_sg	248928
all_dm6_minus_tracheal_sg	248929
all_dm6_minus_tracheal_sg	248930
all_dm6_minus_tracheal_sg	248931
all_dm6_minus_tracheal_sg	248932
all_dm6_minus_tracheal_sg	248933
all_dm6_minus_tracheal_sg	248935
all_dm6_minus_tracheal_sg	248937
all_dm6_minus_tracheal_sg	248938
all_dm6_minus_tracheal_sg	248939
all_dm6_minus_tracheal_sg	248940
all_dm6_minus_tracheal_sg	248942
all_dm6_minus_tracheal_sg	248944
all_dm6_minus_tracheal_sg	248949
all_dm6_minus_tracheal_sg	248954
all_dm6_minus_tracheal_sg	248955
all_dm6_minus_tracheal_sg	248962
all_dm6_minus_tracheal_sg	248963
all_dm6_minus_tracheal_sg	248964
all_dm6_minus_tracheal_sg	248965
all_dm6_minus_tracheal_sg	248967
all_dm6_minus_tracheal_sg	248968
all_dm6_minus_tracheal_sg	248969
all_dm6_minus_tracheal_sg	248970
all_dm6_minus_tracheal_sg	248971
all_dm6_minus_tracheal_sg	248972
all_dm6_minus_tracheal_sg	248973
all_dm6_minus_tracheal_sg	248974
all_dm6_minus_tracheal_sg	248975
all_dm6_minus_tracheal_sg	248976
all_dm6_minus_tracheal_sg	248977
all_dm6_minus_tracheal_sg	248978
all_dm6_minus_tracheal_sg	248979
all_dm6_minus_tracheal_sg	248980
all_dm6_minus_tracheal_sg	248981
all_dm6_minus_tracheal_sg	248982
all_dm6_minus_tracheal_sg	248983
all_dm6_minus_tracheal_sg	248984
all_dm6_minus_tracheal_sg	248985
all_dm6_minus_tracheal_sg	248986
all_dm6_minus_tracheal_sg	248987
all_dm6_minus_tracheal_sg	248988
all_dm6_minus_tracheal_sg	248999
all_dm6_minus_tracheal_sg	249000
all_dm6_minus_tracheal_sg	249001
all_dm6_minus_tracheal_sg	249002
all_dm6_minus_tracheal_sg	249003
all_dm6_minus_tracheal_sg	249004
all_dm6_minus_tracheal_sg	249005
all_dm6_minus_tracheal_sg	249006
all_dm6_minus_tracheal_sg	249007
all_dm6_minus_tracheal_sg	249008
all_dm6_minus_tracheal_sg	249009
all_dm6_minus_tracheal_sg	249010
all_dm6_minus_tracheal_sg	249011
all_dm6_minus_tracheal_sg	249012
all_dm6_minus_tracheal_sg	249013
all_dm6_minus_tracheal_sg	249014
all_dm6_minus_tracheal_sg	249015
all_dm6_minus_tracheal_sg	249016
all_dm6_minus_tracheal_sg	249017
all_dm6_minus_tracheal_sg	249018
all_dm6_minus_tracheal_sg	249019
all_dm6_minus_tracheal_sg	249020
all_dm6_minus_tracheal_sg	249021
all_dm6_minus_tracheal_sg	249022
all_dm6_minus_tracheal_sg	249023
all_dm6_minus_tracheal_sg	249025
all_dm6_minus_tracheal_sg	249026
all_dm6_minus_tracheal_sg	249027
all_dm6_minus_tracheal_sg	249028
all_dm6_minus_tracheal_sg	249031
all_dm6_minus_tracheal_sg	249032
all_dm6_minus_tracheal_sg	249033
all_dm6_minus_tracheal_sg	249034
all_dm6_minus_tracheal_sg	249035
all_dm6_minus_tracheal_sg	249036
all_dm6_minus_tracheal_sg	249037
all_dm6_minus_tracheal_sg	249038
all_dm6_minus_tracheal_sg	249039
all_dm6_minus_tracheal_sg	249040
all_dm6_minus_tracheal_sg	249041
all_dm6_minus_tracheal_sg	249042
all_dm6_minus_tracheal_sg	249043
all_dm6_minus_tracheal_sg	249044
all_dm6_minus_tracheal_sg	249045
all_dm6_minus_tracheal_sg	249046
all_dm6_minus_tracheal_sg	249047
all_dm6_minus_tracheal_sg	249048
all_dm6_minus_tracheal_sg	249049
all_dm6_minus_tracheal_sg	249050
all_dm6_minus_tracheal_sg	249051
all_dm6_minus_tracheal_sg	249052
all_dm6_minus_tracheal_sg	249054
all_dm6_minus_tracheal_sg	249055
all_dm6_minus_tracheal_sg	249056
all_dm6_minus_tracheal_sg	249057
all_dm6_minus_tracheal_sg	249058
all_dm6_minus_tracheal_sg	249059
all_dm6_minus_tracheal_sg	249060
all_dm6_minus_tracheal_sg	249061
all_dm6_minus_tracheal_sg	249062
all_dm6_minus_tracheal_sg	249063
all_dm6_minus_tracheal_sg	249064
all_dm6_minus_tracheal_sg	249065
all_dm6_minus_tracheal_sg	249066
all_dm6_minus_tracheal_sg	249068
all_dm6_minus_tracheal_sg	249069
all_dm6_minus_tracheal_sg	249070
all_dm6_minus_tracheal_sg	249072
all_dm6_minus_tracheal_sg	249073
all_dm6_minus_tracheal_sg	249075
all_dm6_minus_tracheal_sg	249077
all_dm6_minus_tracheal_sg	249079
all_dm6_minus_tracheal_sg	249080
all_dm6_minus_tracheal_sg	249081
all_dm6_minus_tracheal_sg	249082
all_dm6_minus_tracheal_sg	249083
all_dm6_minus_tracheal_sg	249084
all_dm6_minus_tracheal_sg	249085
all_dm6_minus_tracheal_sg	249086
all_dm6_minus_tracheal_sg	249087
all_dm6_minus_tracheal_sg	249088
all_dm6_minus_tracheal_sg	249089
all_dm6_minus_tracheal_sg	249090
all_dm6_minus_tracheal_sg	249094
all_dm6_minus_tracheal_sg	249095
all_dm6_minus_tracheal_sg	249096
all_dm6_minus_tracheal_sg	249097
all_dm6_minus_tracheal_sg	249098
all_dm6_minus_tracheal_sg	249099
all_dm6_minus_tracheal_sg	249100
all_dm6_minus_tracheal_sg	249101
all_dm6_minus_tracheal_sg	249102
all_dm6_minus_tracheal_sg	249103
all_dm6_minus_tracheal_sg	249104
all_dm6_minus_tracheal_sg	249105
all_dm6_minus_tracheal_sg	249109
all_dm6_minus_tracheal_sg	249145
all_dm6_minus_tracheal_sg	249156
all_dm6_minus_tracheal_sg	249157
all_dm6_minus_tracheal_sg	249170
all_dm6_minus_tracheal_sg	249276
all_dm6_minus_tracheal_sg	249277
all_dm6_minus_tracheal_sg	249278
all_dm6_minus_tracheal_sg	249289
all_dm6_minus_tracheal_sg	249290
all_dm6_minus_tracheal_sg	249338
all_dm6_minus_tracheal_sg	249340
all_dm6_minus_tracheal_sg	249341
all_dm6_minus_tracheal_sg	249342
all_dm6_minus_tracheal_sg	249354
all_dm6_minus_tracheal_sg	249355
all_dm6_minus_tracheal_sg	249359
all_dm6_minus_tracheal_sg	249361
all_dm6_minus_tracheal_sg	249362
all_dm6_minus_tracheal_sg	249382
all_dm6_minus_tracheal_sg	249383
all_dm6_minus_tracheal_sg	249384
all_dm6_minus_tracheal_sg	249385
all_dm6_minus_tracheal_sg	249386
all_dm6_minus_tracheal_sg	249387
all_dm6_minus_tracheal_sg	249388
all_dm6_minus_tracheal_sg	249389
all_dm6_minus_tracheal_sg	249390
all_dm6_minus_tracheal_sg	249391
all_dm6_minus_tracheal_sg	249392
all_dm6_minus_tracheal_sg	249393
all_dm6_minus_tracheal_sg	249394
all_dm6_minus_tracheal_sg	249395
all_dm6_minus_tracheal_sg	249396
all_dm6_minus_tracheal_sg	249397
all_dm6_minus_tracheal_sg	249398
all_dm6_minus_tracheal_sg	249399
all_dm6_minus_tracheal_sg	249400
all_dm6_minus_tracheal_sg	249401
all_dm6_minus_tracheal_sg	249402
all_dm6_minus_tracheal_sg	249403
all_dm6_minus_tracheal_sg	249404
all_dm6_minus_tracheal_sg	249405
all_dm6_minus_tracheal_sg	249406
all_dm6_minus_tracheal_sg	249407
all_dm6_minus_tracheal_sg	249408
all_dm6_minus_tracheal_sg	249409
all_dm6_minus_tracheal_sg	249410
all_dm6_minus_tracheal_sg	249411
all_dm6_minus_tracheal_sg	249412
all_dm6_minus_tracheal_sg	249413
all_dm6_minus_tracheal_sg	249414
all_dm6_minus_tracheal_sg	249415
all_dm6_minus_tracheal_sg	249416
all_dm6_minus_tracheal_sg	249417
all_dm6_minus_tracheal_sg	249418
all_dm6_minus_tracheal_sg	249419
all_dm6_minus_tracheal_sg	249420
all_dm6_minus_tracheal_sg	249421
all_dm6_minus_tracheal_sg	249422
all_dm6_minus_tracheal_sg	249423
all_dm6_minus_tracheal_sg	249424
all_dm6_minus_tracheal_sg	249425
all_dm6_minus_tracheal_sg	249426
all_dm6_minus_tracheal_sg	249427
all_dm6_minus_tracheal_sg	249428
all_dm6_minus_tracheal_sg	249429
all_dm6_minus_tracheal_sg	249430
all_dm6_minus_tracheal_sg	249431
all_dm6_minus_tracheal_sg	249432
all_dm6_minus_tracheal_sg	249433
all_dm6_minus_tracheal_sg	249434
all_dm6_minus_tracheal_sg	249435
all_dm6_minus_tracheal_sg	249436
all_dm6_minus_tracheal_sg	249437
all_dm6_minus_tracheal_sg	249438
all_dm6_minus_tracheal_sg	249439
all_dm6_minus_tracheal_sg	249440
all_dm6_minus_tracheal_sg	249441
all_dm6_minus_tracheal_sg	249442
all_dm6_minus_tracheal_sg	249443
all_dm6_minus_tracheal_sg	249459
all_dm6_minus_tracheal_sg	249460
all_dm6_minus_tracheal_sg	249461
all_dm6_minus_tracheal_sg	249464
all_dm6_minus_tracheal_sg	249465
all_dm6_minus_tracheal_sg	249466
all_dm6_minus_tracheal_sg	249467
all_dm6_minus_tracheal_sg	249468
all_dm6_minus_tracheal_sg	249469
all_dm6_minus_tracheal_sg	249470
all_dm6_minus_tracheal_sg	249471
all_dm6_minus_tracheal_sg	249472
all_dm6_minus_tracheal_sg	249473
all_dm6_minus_tracheal_sg	249474
all_dm6_minus_tracheal_sg	249475
all_dm6_minus_tracheal_sg	249476
all_dm6_minus_tracheal_sg	249478
all_dm6_minus_tracheal_sg	249479
all_dm6_minus_tracheal_sg	249480
all_dm6_minus_tracheal_sg	249481
all_dm6_minus_tracheal_sg	249482
all_dm6_minus_tracheal_sg	249483
all_dm6_minus_tracheal_sg	249484
all_dm6_minus_tracheal_sg	249485
all_dm6_minus_tracheal_sg	249486
all_dm6_minus_tracheal_sg	249488
all_dm6_minus_tracheal_sg	249489
all_dm6_minus_tracheal_sg	249491
all_dm6_minus_tracheal_sg	249492
all_dm6_minus_tracheal_sg	249493
all_dm6_minus_tracheal_sg	249494
all_dm6_minus_tracheal_sg	249495
all_dm6_minus_tracheal_sg	249496
all_dm6_minus_tracheal_sg	249497
all_dm6_minus_tracheal_sg	249498
all_dm6_minus_tracheal_sg	249499
all_dm6_minus_tracheal_sg	249500
all_dm6_minus_tracheal_sg	249501
all_dm6_minus_tracheal_sg	249502
all_dm6_minus_tracheal_sg	249503
all_dm6_minus_tracheal_sg	249504
all_dm6_minus_tracheal_sg	249505
all_dm6_minus_tracheal_sg	249506
all_dm6_minus_tracheal_sg	249507
all_dm6_minus_tracheal_sg	249508
all_dm6_minus_tracheal_sg	249509
all_dm6_minus_tracheal_sg	249510
all_dm6_minus_tracheal_sg	249511
all_dm6_minus_tracheal_sg	249513
all_dm6_minus_tracheal_sg	249514
all_dm6_minus_tracheal_sg	249515
all_dm6_minus_tracheal_sg	249516
all_dm6_minus_tracheal_sg	249517
all_dm6_minus_tracheal_sg	249518
all_dm6_minus_tracheal_sg	249519
all_dm6_minus_tracheal_sg	249520
all_dm6_minus_tracheal_sg	249521
all_dm6_minus_tracheal_sg	249522
all_dm6_minus_tracheal_sg	249526
all_dm6_minus_tracheal_sg	249540
all_dm6_minus_tracheal_sg	249541
all_dm6_minus_tracheal_sg	249542
all_dm6_minus_tracheal_sg	249543
all_dm6_minus_tracheal_sg	249544
all_dm6_minus_tracheal_sg	249545
all_dm6_minus_tracheal_sg	249561
all_dm6_minus_tracheal_sg	249562
all_dm6_minus_tracheal_sg	249563
all_dm6_minus_tracheal_sg	249564
all_dm6_minus_tracheal_sg	249565
all_dm6_minus_tracheal_sg	249566
all_dm6_minus_tracheal_sg	249567
all_dm6_minus_tracheal_sg	249568
all_dm6_minus_tracheal_sg	249569
all_dm6_minus_tracheal_sg	249570
all_dm6_minus_tracheal_sg	249571
all_dm6_minus_tracheal_sg	249572
all_dm6_minus_tracheal_sg	249573
all_dm6_minus_tracheal_sg	249574
all_dm6_minus_tracheal_sg	249576
all_dm6_minus_tracheal_sg	249580
all_dm6_minus_tracheal_sg	249581
all_dm6_minus_tracheal_sg	249582
all_dm6_minus_tracheal_sg	249583
all_dm6_minus_tracheal_sg	249584
all_dm6_minus_tracheal_sg	249585
all_dm6_minus_tracheal_sg	249586
all_dm6_minus_tracheal_sg	249587
all_dm6_minus_tracheal_sg	249588
all_dm6_minus_tracheal_sg	249589
all_dm6_minus_tracheal_sg	249591
all_dm6_minus_tracheal_sg	249594
all_dm6_minus_tracheal_sg	249599
all_dm6_minus_tracheal_sg	249600
all_dm6_minus_tracheal_sg	249601
all_dm6_minus_tracheal_sg	249602
all_dm6_minus_tracheal_sg	249606
all_dm6_minus_tracheal_sg	249607
all_dm6_minus_tracheal_sg	249608
all_dm6_minus_tracheal_sg	249610
all_dm6_minus_tracheal_sg	249611
all_dm6_minus_tracheal_sg	249612
all_dm6_minus_tracheal_sg	249613
all_dm6_minus_tracheal_sg	249614
all_dm6_minus_tracheal_sg	249615
all_dm6_minus_tracheal_sg	249616
all_dm6_minus_tracheal_sg	249617
all_dm6_minus_tracheal_sg	249618
all_dm6_minus_tracheal_sg	249619
all_dm6_minus_tracheal_sg	249620
all_dm6_minus_tracheal_sg	249621
all_dm6_minus_tracheal_sg	249622
all_dm6_minus_tracheal_sg	249623
all_dm6_minus_tracheal_sg	249624
all_dm6_minus_tracheal_sg	249625
all_dm6_minus_tracheal_sg	249626
all_dm6_minus_tracheal_sg	249627
all_dm6_minus_tracheal_sg	249628
all_dm6_minus_tracheal_sg	249629
all_dm6_minus_tracheal_sg	249630
all_dm6_minus_tracheal_sg	249631
all_dm6_minus_tracheal_sg	249632
all_dm6_minus_tracheal_sg	249633
all_dm6_minus_tracheal_sg	249634
all_dm6_minus_tracheal_sg	249635
all_dm6_minus_tracheal_sg	249636
all_dm6_minus_tracheal_sg	249637
all_dm6_minus_tracheal_sg	249638
all_dm6_minus_tracheal_sg	249639
all_dm6_minus_tracheal_sg	249640
all_dm6_minus_tracheal_sg	249641
all_dm6_minus_tracheal_sg	249642
all_dm6_minus_tracheal_sg	249643
all_dm6_minus_tracheal_sg	249644
all_dm6_minus_tracheal_sg	249645
all_dm6_minus_tracheal_sg	249646
all_dm6_minus_tracheal_sg	249647
all_dm6_minus_tracheal_sg	249648
all_dm6_minus_tracheal_sg	249649
all_dm6_minus_tracheal_sg	249650
all_dm6_minus_tracheal_sg	249653
all_dm6_minus_tracheal_sg	249654
all_dm6_minus_tracheal_sg	249655
all_dm6_minus_tracheal_sg	249656
all_dm6_minus_tracheal_sg	249657
all_dm6_minus_tracheal_sg	249658
all_dm6_minus_tracheal_sg	249659
all_dm6_minus_tracheal_sg	249660
all_dm6_minus_tracheal_sg	249661
all_dm6_minus_tracheal_sg	249662
all_dm6_minus_tracheal_sg	249663
all_dm6_minus_tracheal_sg	249666
all_dm6_minus_tracheal_sg	249668
all_dm6_minus_tracheal_sg	249669
all_dm6_minus_tracheal_sg	249670
all_dm6_minus_tracheal_sg	249671
all_dm6_minus_tracheal_sg	249672
all_dm6_minus_tracheal_sg	249673
all_dm6_minus_tracheal_sg	249674
all_dm6_minus_tracheal_sg	249675
all_dm6_minus_tracheal_sg	249676
all_dm6_minus_tracheal_sg	249677
all_dm6_minus_tracheal_sg	249680
all_dm6_minus_tracheal_sg	249681
all_dm6_minus_tracheal_sg	249682
all_dm6_minus_tracheal_sg	249683
all_dm6_minus_tracheal_sg	249684
all_dm6_minus_tracheal_sg	249685
all_dm6_minus_tracheal_sg	249686
all_dm6_minus_tracheal_sg	249687
all_dm6_minus_tracheal_sg	249688
all_dm6_minus_tracheal_sg	249689
all_dm6_minus_tracheal_sg	249693
all_dm6_minus_tracheal_sg	249694
all_dm6_minus_tracheal_sg	249695
all_dm6_minus_tracheal_sg	249696
all_dm6_minus_tracheal_sg	249697
all_dm6_minus_tracheal_sg	249698
all_dm6_minus_tracheal_sg	249699
all_dm6_minus_tracheal_sg	249700
all_dm6_minus_tracheal_sg	249701
all_dm6_minus_tracheal_sg	249702
all_dm6_minus_tracheal_sg	249710
all_dm6_minus_tracheal_sg	249712
all_dm6_minus_tracheal_sg	249715
all_dm6_minus_tracheal_sg	249716
all_dm6_minus_tracheal_sg	249718
all_dm6_minus_tracheal_sg	249719
all_dm6_minus_tracheal_sg	249720
all_dm6_minus_tracheal_sg	249721
all_dm6_minus_tracheal_sg	249722
all_dm6_minus_tracheal_sg	249723
all_dm6_minus_tracheal_sg	249724
all_dm6_minus_tracheal_sg	249725
all_dm6_minus_tracheal_sg	249727
all_dm6_minus_tracheal_sg	249728
all_dm6_minus_tracheal_sg	249729
all_dm6_minus_tracheal_sg	249730
all_dm6_minus_tracheal_sg	249731
all_dm6_minus_tracheal_sg	249732
all_dm6_minus_tracheal_sg	249733
all_dm6_minus_tracheal_sg	249734
all_dm6_minus_tracheal_sg	249735
all_dm6_minus_tracheal_sg	249736
all_dm6_minus_tracheal_sg	249737
all_dm6_minus_tracheal_sg	249739
all_dm6_minus_tracheal_sg	249740
all_dm6_minus_tracheal_sg	249741
all_dm6_minus_tracheal_sg	249742
all_dm6_minus_tracheal_sg	249743
all_dm6_minus_tracheal_sg	249745
all_dm6_minus_tracheal_sg	249746
all_dm6_minus_tracheal_sg	249747
all_dm6_minus_tracheal_sg	249748
all_dm6_minus_tracheal_sg	249749
all_dm6_minus_tracheal_sg	249750
all_dm6_minus_tracheal_sg	249751
all_dm6_minus_tracheal_sg	249752
all_dm6_minus_tracheal_sg	249753
all_dm6_minus_tracheal_sg	249754
all_dm6_minus_tracheal_sg	249755
all_dm6_minus_tracheal_sg	249756
all_dm6_minus_tracheal_sg	249757
all_dm6_minus_tracheal_sg	249758
all_dm6_minus_tracheal_sg	249759
all_dm6_minus_tracheal_sg	249760
all_dm6_minus_tracheal_sg	249761
all_dm6_minus_tracheal_sg	249762
all_dm6_minus_tracheal_sg	249763
all_dm6_minus_tracheal_sg	249764
all_dm6_minus_tracheal_sg	249766
all_dm6_minus_tracheal_sg	249767
all_dm6_minus_tracheal_sg	249768
all_dm6_minus_tracheal_sg	249769
all_dm6_minus_tracheal_sg	249770
all_dm6_minus_tracheal_sg	249771
all_dm6_minus_tracheal_sg	249772
all_dm6_minus_tracheal_sg	249773
all_dm6_minus_tracheal_sg	249774
all_dm6_minus_tracheal_sg	249775
all_dm6_minus_tracheal_sg	249779
all_dm6_minus_tracheal_sg	249780
all_dm6_minus_tracheal_sg	249781
all_dm6_minus_tracheal_sg	249782
all_dm6_minus_tracheal_sg	249783
all_dm6_minus_tracheal_sg	249784
all_dm6_minus_tracheal_sg	249785
all_dm6_minus_tracheal_sg	249786
all_dm6_minus_tracheal_sg	249787
all_dm6_minus_tracheal_sg	249788
all_dm6_minus_tracheal_sg	249789
all_dm6_minus_tracheal_sg	249790
all_dm6_minus_tracheal_sg	249791
all_dm6_minus_tracheal_sg	249792
all_dm6_minus_tracheal_sg	249793
all_dm6_minus_tracheal_sg	249794
all_dm6_minus_tracheal_sg	249795
all_dm6_minus_tracheal_sg	249796
all_dm6_minus_tracheal_sg	249797
all_dm6_minus_tracheal_sg	249798
all_dm6_minus_tracheal_sg	249799
all_dm6_minus_tracheal_sg	249800
all_dm6_minus_tracheal_sg	249801
all_dm6_minus_tracheal_sg	249802
all_dm6_minus_tracheal_sg	249803
all_dm6_minus_tracheal_sg	249804
all_dm6_minus_tracheal_sg	249805
all_dm6_minus_tracheal_sg	249806
all_dm6_minus_tracheal_sg	249807
all_dm6_minus_tracheal_sg	249808
all_dm6_minus_tracheal_sg	249809
all_dm6_minus_tracheal_sg	249810
all_dm6_minus_tracheal_sg	249811
all_dm6_minus_tracheal_sg	249812
all_dm6_minus_tracheal_sg	249820
all_dm6_minus_tracheal_sg	249821
all_dm6_minus_tracheal_sg	249822
all_dm6_minus_tracheal_sg	249824
all_dm6_minus_tracheal_sg	249825
all_dm6_minus_tracheal_sg	249826
all_dm6_minus_tracheal_sg	249827
all_dm6_minus_tracheal_sg	249828
all_dm6_minus_tracheal_sg	249829
all_dm6_minus_tracheal_sg	249830
all_dm6_minus_tracheal_sg	249831
all_dm6_minus_tracheal_sg	249832
all_dm6_minus_tracheal_sg	249833
all_dm6_minus_tracheal_sg	249834
all_dm6_minus_tracheal_sg	249835
all_dm6_minus_tracheal_sg	249836
all_dm6_minus_tracheal_sg	249837
all_dm6_minus_tracheal_sg	249838
all_dm6_minus_tracheal_sg	249839
all_dm6_minus_tracheal_sg	249842
all_dm6_minus_tracheal_sg	249843
all_dm6_minus_tracheal_sg	249844
all_dm6_minus_tracheal_sg	249845
all_dm6_minus_tracheal_sg	249846
all_dm6_minus_tracheal_sg	249847
all_dm6_minus_tracheal_sg	249848
all_dm6_minus_tracheal_sg	249849
all_dm6_minus_tracheal_sg	249850
all_dm6_minus_tracheal_sg	249851
all_dm6_minus_tracheal_sg	249852
all_dm6_minus_tracheal_sg	249853
all_dm6_minus_tracheal_sg	249854
all_dm6_minus_tracheal_sg	249855
all_dm6_minus_tracheal_sg	249856
all_dm6_minus_tracheal_sg	249857
all_dm6_minus_tracheal_sg	249858
all_dm6_minus_tracheal_sg	249859
all_dm6_minus_tracheal_sg	249860
all_dm6_minus_tracheal_sg	249861
all_dm6_minus_tracheal_sg	249862
all_dm6_minus_tracheal_sg	249863
all_dm6_minus_tracheal_sg	249864
all_dm6_minus_tracheal_sg	249865
all_dm6_minus_tracheal_sg	249866
all_dm6_minus_tracheal_sg	249867
all_dm6_minus_tracheal_sg	249868
all_dm6_minus_tracheal_sg	249870
all_dm6_minus_tracheal_sg	249871
all_dm6_minus_tracheal_sg	249873
all_dm6_minus_tracheal_sg	249874
all_dm6_minus_tracheal_sg	249875
all_dm6_minus_tracheal_sg	249876
all_dm6_minus_tracheal_sg	249877
all_dm6_minus_tracheal_sg	249878
all_dm6_minus_tracheal_sg	249879
all_dm6_minus_tracheal_sg	249880
all_dm6_minus_tracheal_sg	249881
all_dm6_minus_tracheal_sg	249882
all_dm6_minus_tracheal_sg	249883
all_dm6_minus_tracheal_sg	249884
all_dm6_minus_tracheal_sg	249886
all_dm6_minus_tracheal_sg	249887
all_dm6_minus_tracheal_sg	249888
all_dm6_minus_tracheal_sg	249889
all_dm6_minus_tracheal_sg	249890
all_dm6_minus_tracheal_sg	249891
all_dm6_minus_tracheal_sg	249893
all_dm6_minus_tracheal_sg	249894
all_dm6_minus_tracheal_sg	249895
all_dm6_minus_tracheal_sg	249896
all_dm6_minus_tracheal_sg	249897
all_dm6_minus_tracheal_sg	249898
all_dm6_minus_tracheal_sg	249899
all_dm6_minus_tracheal_sg	249900
all_dm6_minus_tracheal_sg	249901
all_dm6_minus_tracheal_sg	249902
all_dm6_minus_tracheal_sg	249903
all_dm6_minus_tracheal_sg	249904
all_dm6_minus_tracheal_sg	249905
all_dm6_minus_tracheal_sg	249906
all_dm6_minus_tracheal_sg	249908
all_dm6_minus_tracheal_sg	249909
all_dm6_minus_tracheal_sg	249911
all_dm6_minus_tracheal_sg	249912
all_dm6_minus_tracheal_sg	249913
all_dm6_minus_tracheal_sg	249914
all_dm6_minus_tracheal_sg	249915
all_dm6_minus_tracheal_sg	249917
all_dm6_minus_tracheal_sg	249918
all_dm6_minus_tracheal_sg	249919
all_dm6_minus_tracheal_sg	249920
all_dm6_minus_tracheal_sg	249921
all_dm6_minus_tracheal_sg	249922
all_dm6_minus_tracheal_sg	249923
all_dm6_minus_tracheal_sg	249924
all_dm6_minus_tracheal_sg	249925
all_dm6_minus_tracheal_sg	249926
all_dm6_minus_tracheal_sg	249927
all_dm6_minus_tracheal_sg	249928
all_dm6_minus_tracheal_sg	249929
all_dm6_minus_tracheal_sg	249930
all_dm6_minus_tracheal_sg	249931
all_dm6_minus_tracheal_sg	249932
all_dm6_minus_tracheal_sg	249933
all_dm6_minus_tracheal_sg	249934
all_dm6_minus_tracheal_sg	249936
all_dm6_minus_tracheal_sg	249937
all_dm6_minus_tracheal_sg	249938
all_dm6_minus_tracheal_sg	249939
all_dm6_minus_tracheal_sg	249940
all_dm6_minus_tracheal_sg	249941
all_dm6_minus_tracheal_sg	249942
all_dm6_minus_tracheal_sg	249943
all_dm6_minus_tracheal_sg	249944
all_dm6_minus_tracheal_sg	249945
all_dm6_minus_tracheal_sg	249946
all_dm6_minus_tracheal_sg	249948
all_dm6_minus_tracheal_sg	249949
all_dm6_minus_tracheal_sg	249950
all_dm6_minus_tracheal_sg	249952
all_dm6_minus_tracheal_sg	249953
all_dm6_minus_tracheal_sg	249954
all_dm6_minus_tracheal_sg	249955
all_dm6_minus_tracheal_sg	249956
all_dm6_minus_tracheal_sg	249957
all_dm6_minus_tracheal_sg	249958
all_dm6_minus_tracheal_sg	249959
all_dm6_minus_tracheal_sg	249960
all_dm6_minus_tracheal_sg	249962
all_dm6_minus_tracheal_sg	249963
all_dm6_minus_tracheal_sg	249964
all_dm6_minus_tracheal_sg	249967
all_dm6_minus_tracheal_sg	249971
all_dm6_minus_tracheal_sg	249972
all_dm6_minus_tracheal_sg	249973
all_dm6_minus_tracheal_sg	249974
all_dm6_minus_tracheal_sg	249975
all_dm6_minus_tracheal_sg	249978
all_dm6_minus_tracheal_sg	249979
all_dm6_minus_tracheal_sg	249980
all_dm6_minus_tracheal_sg	249981
all_dm6_minus_tracheal_sg	249982
all_dm6_minus_tracheal_sg	249983
all_dm6_minus_tracheal_sg	249984
all_dm6_minus_tracheal_sg	249987
all_dm6_minus_tracheal_sg	249989
all_dm6_minus_tracheal_sg	249990
all_dm6_minus_tracheal_sg	249991
all_dm6_minus_tracheal_sg	249992
all_dm6_minus_tracheal_sg	249993
all_dm6_minus_tracheal_sg	249997
all_dm6_minus_tracheal_sg	249998
all_dm6_minus_tracheal_sg	249999
all_dm6_minus_tracheal_sg	250001
all_dm6_minus_tracheal_sg	250002
all_dm6_minus_tracheal_sg	250015
all_dm6_minus_tracheal_sg	250016
all_dm6_minus_tracheal_sg	250017
all_dm6_minus_tracheal_sg	250018
all_dm6_minus_tracheal_sg	250019
all_dm6_minus_tracheal_sg	250020
all_dm6_minus_tracheal_sg	250021
all_dm6_minus_tracheal_sg	250022
all_dm6_minus_tracheal_sg	250023
all_dm6_minus_tracheal_sg	250025
all_dm6_minus_tracheal_sg	250026
all_dm6_minus_tracheal_sg	250028
all_dm6_minus_tracheal_sg	250029
all_dm6_minus_tracheal_sg	250030
all_dm6_minus_tracheal_sg	250031
all_dm6_minus_tracheal_sg	250033
all_dm6_minus_tracheal_sg	250034
all_dm6_minus_tracheal_sg	250035
all_dm6_minus_tracheal_sg	250036
all_dm6_minus_tracheal_sg	250037
all_dm6_minus_tracheal_sg	250038
all_dm6_minus_tracheal_sg	250039
all_dm6_minus_tracheal_sg	250040
all_dm6_minus_tracheal_sg	250041
all_dm6_minus_tracheal_sg	250042
all_dm6_minus_tracheal_sg	250043
all_dm6_minus_tracheal_sg	250044
all_dm6_minus_tracheal_sg	250045
all_dm6_minus_tracheal_sg	250046
all_dm6_minus_tracheal_sg	250047
all_dm6_minus_tracheal_sg	250048
all_dm6_minus_tracheal_sg	250049
all_dm6_minus_tracheal_sg	250050
all_dm6_minus_tracheal_sg	250051
all_dm6_minus_tracheal_sg	250053
all_dm6_minus_tracheal_sg	250054
all_dm6_minus_tracheal_sg	250057
all_dm6_minus_tracheal_sg	250059
all_dm6_minus_tracheal_sg	250061
all_dm6_minus_tracheal_sg	250069
all_dm6_minus_tracheal_sg	250083
all_dm6_minus_tracheal_sg	250084
all_dm6_minus_tracheal_sg	250085
all_dm6_minus_tracheal_sg	250086
all_dm6_minus_tracheal_sg	250088
all_dm6_minus_tracheal_sg	250091
all_dm6_minus_tracheal_sg	250093
all_dm6_minus_tracheal_sg	250098
all_dm6_minus_tracheal_sg	250101
all_dm6_minus_tracheal_sg	250102
all_dm6_minus_tracheal_sg	250103
all_dm6_minus_tracheal_sg	250114
all_dm6_minus_tracheal_sg	250115
all_dm6_minus_tracheal_sg	250116
all_dm6_minus_tracheal_sg	250117
all_dm6_minus_tracheal_sg	250118
all_dm6_minus_tracheal_sg	250119
all_dm6_minus_tracheal_sg	250120
all_dm6_minus_tracheal_sg	250121
all_dm6_minus_tracheal_sg	250122
all_dm6_minus_tracheal_sg	250123
all_dm6_minus_tracheal_sg	250124
all_dm6_minus_tracheal_sg	250125
all_dm6_minus_tracheal_sg	250128
all_dm6_minus_tracheal_sg	250129
all_dm6_minus_tracheal_sg	250130
all_dm6_minus_tracheal_sg	250131
all_dm6_minus_tracheal_sg	250132
all_dm6_minus_tracheal_sg	250133
all_dm6_minus_tracheal_sg	250134
all_dm6_minus_tracheal_sg	250135
all_dm6_minus_tracheal_sg	250136
all_dm6_minus_tracheal_sg	250137
all_dm6_minus_tracheal_sg	250138
all_dm6_minus_tracheal_sg	250139
all_dm6_minus_tracheal_sg	250140
all_dm6_minus_tracheal_sg	250141
all_dm6_minus_tracheal_sg	250142
all_dm6_minus_tracheal_sg	250143
all_dm6_minus_tracheal_sg	250144
all_dm6_minus_tracheal_sg	250148
all_dm6_minus_tracheal_sg	250151
all_dm6_minus_tracheal_sg	250153
all_dm6_minus_tracheal_sg	250154
all_dm6_minus_tracheal_sg	250155
all_dm6_minus_tracheal_sg	250156
all_dm6_minus_tracheal_sg	250157
all_dm6_minus_tracheal_sg	250162
all_dm6_minus_tracheal_sg	250163
all_dm6_minus_tracheal_sg	250164
all_dm6_minus_tracheal_sg	250165
all_dm6_minus_tracheal_sg	250166
all_dm6_minus_tracheal_sg	250168
all_dm6_minus_tracheal_sg	250169
all_dm6_minus_tracheal_sg	250171
all_dm6_minus_tracheal_sg	250173
all_dm6_minus_tracheal_sg	250174
all_dm6_minus_tracheal_sg	250187
all_dm6_minus_tracheal_sg	250188
all_dm6_minus_tracheal_sg	250191
all_dm6_minus_tracheal_sg	250192
all_dm6_minus_tracheal_sg	250195
all_dm6_minus_tracheal_sg	250196
all_dm6_minus_tracheal_sg	250198
all_dm6_minus_tracheal_sg	250210
all_dm6_minus_tracheal_sg	250214
all_dm6_minus_tracheal_sg	250242
all_dm6_minus_tracheal_sg	250244
all_dm6_minus_tracheal_sg	250245
all_dm6_minus_tracheal_sg	250249
all_dm6_minus_tracheal_sg	250270
all_dm6_minus_tracheal_sg	250271
all_dm6_minus_tracheal_sg	250272
all_dm6_minus_tracheal_sg	250273
all_dm6_minus_tracheal_sg	250274
all_dm6_minus_tracheal_sg	250275
all_dm6_minus_tracheal_sg	250276
all_dm6_minus_tracheal_sg	250277
all_dm6_minus_tracheal_sg	250280
all_dm6_minus_tracheal_sg	250284
all_dm6_minus_tracheal_sg	250288
all_dm6_minus_tracheal_sg	250289
all_dm6_minus_tracheal_sg	250290
all_dm6_minus_tracheal_sg	250291
all_dm6_minus_tracheal_sg	250292
all_dm6_minus_tracheal_sg	250298
all_dm6_minus_tracheal_sg	250300
all_dm6_minus_tracheal_sg	250302
all_dm6_minus_tracheal_sg	250303
all_dm6_minus_tracheal_sg	250304
all_dm6_minus_tracheal_sg	250307
all_dm6_minus_tracheal_sg	250308
all_dm6_minus_tracheal_sg	250309
all_dm6_minus_tracheal_sg	250310
all_dm6_minus_tracheal_sg	250311
all_dm6_minus_tracheal_sg	250312
all_dm6_minus_tracheal_sg	250314
all_dm6_minus_tracheal_sg	250315
all_dm6_minus_tracheal_sg	250316
all_dm6_minus_tracheal_sg	250317
all_dm6_minus_tracheal_sg	250318
all_dm6_minus_tracheal_sg	250319
all_dm6_minus_tracheal_sg	250320
all_dm6_minus_tracheal_sg	250330
all_dm6_minus_tracheal_sg	250331
all_dm6_minus_tracheal_sg	250333
all_dm6_minus_tracheal_sg	250334
all_dm6_minus_tracheal_sg	250335
all_dm6_minus_tracheal_sg	250336
all_dm6_minus_tracheal_sg	250337
all_dm6_minus_tracheal_sg	250338
all_dm6_minus_tracheal_sg	250339
all_dm6_minus_tracheal_sg	250340
all_dm6_minus_tracheal_sg	250341
all_dm6_minus_tracheal_sg	250342
all_dm6_minus_tracheal_sg	250343
all_dm6_minus_tracheal_sg	250344
all_dm6_minus_tracheal_sg	250345
all_dm6_minus_tracheal_sg	250346
all_dm6_minus_tracheal_sg	250347
all_dm6_minus_tracheal_sg	250363
all_dm6_minus_tracheal_sg	250379
all_dm6_minus_tracheal_sg	250380
all_dm6_minus_tracheal_sg	250381
all_dm6_minus_tracheal_sg	250382
all_dm6_minus_tracheal_sg	250383
all_dm6_minus_tracheal_sg	250396
all_dm6_minus_tracheal_sg	250400
all_dm6_minus_tracheal_sg	250402
all_dm6_minus_tracheal_sg	250407
all_dm6_minus_tracheal_sg	250408
all_dm6_minus_tracheal_sg	250409
all_dm6_minus_tracheal_sg	250410
all_dm6_minus_tracheal_sg	250414
all_dm6_minus_tracheal_sg	250415
all_dm6_minus_tracheal_sg	250416
all_dm6_minus_tracheal_sg	250417
all_dm6_minus_tracheal_sg	250418
all_dm6_minus_tracheal_sg	250419
all_dm6_minus_tracheal_sg	250420
all_dm6_minus_tracheal_sg	250421
all_dm6_minus_tracheal_sg	250423
all_dm6_minus_tracheal_sg	250424
all_dm6_minus_tracheal_sg	250425
all_dm6_minus_tracheal_sg	250427
all_dm6_minus_tracheal_sg	250428
all_dm6_minus_tracheal_sg	250429
all_dm6_minus_tracheal_sg	250430
all_dm6_minus_tracheal_sg	250438
all_dm6_minus_tracheal_sg	250439
all_dm6_minus_tracheal_sg	250440
all_dm6_minus_tracheal_sg	250441
all_dm6_minus_tracheal_sg	250442
all_dm6_minus_tracheal_sg	250443
all_dm6_minus_tracheal_sg	250444
all_dm6_minus_tracheal_sg	250445
all_dm6_minus_tracheal_sg	250446
all_dm6_minus_tracheal_sg	250447
all_dm6_minus_tracheal_sg	250452
all_dm6_minus_tracheal_sg	250453
all_dm6_minus_tracheal_sg	250454
all_dm6_minus_tracheal_sg	250466
all_dm6_minus_tracheal_sg	250467
all_dm6_minus_tracheal_sg	250468
all_dm6_minus_tracheal_sg	250469
all_dm6_minus_tracheal_sg	250472
all_dm6_minus_tracheal_sg	250473
all_dm6_minus_tracheal_sg	250475
all_dm6_minus_tracheal_sg	250476
all_dm6_minus_tracheal_sg	250477
all_dm6_minus_tracheal_sg	250478
all_dm6_minus_tracheal_sg	250479
all_dm6_minus_tracheal_sg	250481
all_dm6_minus_tracheal_sg	250483
all_dm6_minus_tracheal_sg	250484
all_dm6_minus_tracheal_sg	250486
all_dm6_minus_tracheal_sg	250488
all_dm6_minus_tracheal_sg	250489
all_dm6_minus_tracheal_sg	250490
all_dm6_minus_tracheal_sg	250491
all_dm6_minus_tracheal_sg	250493
all_dm6_minus_tracheal_sg	250494
all_dm6_minus_tracheal_sg	250495
all_dm6_minus_tracheal_sg	250496
all_dm6_minus_tracheal_sg	250497
all_dm6_minus_tracheal_sg	250498
all_dm6_minus_tracheal_sg	250499
all_dm6_minus_tracheal_sg	250500
all_dm6_minus_tracheal_sg	250502
all_dm6_minus_tracheal_sg	250503
all_dm6_minus_tracheal_sg	250504
all_dm6_minus_tracheal_sg	250506
all_dm6_minus_tracheal_sg	250529
all_dm6_minus_tracheal_sg	250581
all_dm6_minus_tracheal_sg	250584
all_dm6_minus_tracheal_sg	250585
all_dm6_minus_tracheal_sg	250586
all_dm6_minus_tracheal_sg	250589
all_dm6_minus_tracheal_sg	250590
all_dm6_minus_tracheal_sg	250591
all_dm6_minus_tracheal_sg	250593
all_dm6_minus_tracheal_sg	250594
all_dm6_minus_tracheal_sg	250597
all_dm6_minus_tracheal_sg	250598
all_dm6_minus_tracheal_sg	250599
all_dm6_minus_tracheal_sg	250601
all_dm6_minus_tracheal_sg	250602
all_dm6_minus_tracheal_sg	250604
all_dm6_minus_tracheal_sg	250606
all_dm6_minus_tracheal_sg	250607
all_dm6_minus_tracheal_sg	250608
all_dm6_minus_tracheal_sg	250613
all_dm6_minus_tracheal_sg	250614
all_dm6_minus_tracheal_sg	250615
all_dm6_minus_tracheal_sg	250616
all_dm6_minus_tracheal_sg	250617
all_dm6_minus_tracheal_sg	250618
all_dm6_minus_tracheal_sg	250620
all_dm6_minus_tracheal_sg	250621
all_dm6_minus_tracheal_sg	250623
all_dm6_minus_tracheal_sg	250628
all_dm6_minus_tracheal_sg	250636
all_dm6_minus_tracheal_sg	250637
all_dm6_minus_tracheal_sg	250638
all_dm6_minus_tracheal_sg	250639
all_dm6_minus_tracheal_sg	250640
all_dm6_minus_tracheal_sg	250641
all_dm6_minus_tracheal_sg	250643
all_dm6_minus_tracheal_sg	250644
all_dm6_minus_tracheal_sg	250645
all_dm6_minus_tracheal_sg	250646
all_dm6_minus_tracheal_sg	250647
all_dm6_minus_tracheal_sg	250648
all_dm6_minus_tracheal_sg	250649
all_dm6_minus_tracheal_sg	250650
all_dm6_minus_tracheal_sg	250651
all_dm6_minus_tracheal_sg	250652
all_dm6_minus_tracheal_sg	250653
all_dm6_minus_tracheal_sg	250654
all_dm6_minus_tracheal_sg	250655
all_dm6_minus_tracheal_sg	250656
all_dm6_minus_tracheal_sg	250657
all_dm6_minus_tracheal_sg	250658
all_dm6_minus_tracheal_sg	250659
all_dm6_minus_tracheal_sg	250660
all_dm6_minus_tracheal_sg	250662
all_dm6_minus_tracheal_sg	250664
all_dm6_minus_tracheal_sg	250665
all_dm6_minus_tracheal_sg	250666
all_dm6_minus_tracheal_sg	250668
all_dm6_minus_tracheal_sg	250669
all_dm6_minus_tracheal_sg	250671
all_dm6_minus_tracheal_sg	250684
all_dm6_minus_tracheal_sg	250686
all_dm6_minus_tracheal_sg	250690
all_dm6_minus_tracheal_sg	250691
all_dm6_minus_tracheal_sg	250692
all_dm6_minus_tracheal_sg	250693
all_dm6_minus_tracheal_sg	250694
all_dm6_minus_tracheal_sg	250695
all_dm6_minus_tracheal_sg	250696
all_dm6_minus_tracheal_sg	250697
all_dm6_minus_tracheal_sg	250698
all_dm6_minus_tracheal_sg	250699
all_dm6_minus_tracheal_sg	250700
all_dm6_minus_tracheal_sg	250701
all_dm6_minus_tracheal_sg	250705
all_dm6_minus_tracheal_sg	250706
all_dm6_minus_tracheal_sg	250710
all_dm6_minus_tracheal_sg	250715
all_dm6_minus_tracheal_sg	250716
all_dm6_minus_tracheal_sg	250717
all_dm6_minus_tracheal_sg	250718
all_dm6_minus_tracheal_sg	250719
all_dm6_minus_tracheal_sg	250720
all_dm6_minus_tracheal_sg	250722
all_dm6_minus_tracheal_sg	250723
all_dm6_minus_tracheal_sg	250725
all_dm6_minus_tracheal_sg	250726
all_dm6_minus_tracheal_sg	250727
all_dm6_minus_tracheal_sg	250729
all_dm6_minus_tracheal_sg	250730
all_dm6_minus_tracheal_sg	250731
all_dm6_minus_tracheal_sg	250732
all_dm6_minus_tracheal_sg	250733
all_dm6_minus_tracheal_sg	250734
all_dm6_minus_tracheal_sg	250735
all_dm6_minus_tracheal_sg	250736
all_dm6_minus_tracheal_sg	250739
all_dm6_minus_tracheal_sg	250740
all_dm6_minus_tracheal_sg	250741
all_dm6_minus_tracheal_sg	250742
all_dm6_minus_tracheal_sg	250744
all_dm6_minus_tracheal_sg	250749
all_dm6_minus_tracheal_sg	250751
all_dm6_minus_tracheal_sg	250760
all_dm6_minus_tracheal_sg	250761
all_dm6_minus_tracheal_sg	250762
all_dm6_minus_tracheal_sg	250765
all_dm6_minus_tracheal_sg	250766
all_dm6_minus_tracheal_sg	250767
all_dm6_minus_tracheal_sg	250768
all_dm6_minus_tracheal_sg	250769
all_dm6_minus_tracheal_sg	250785
all_dm6_minus_tracheal_sg	250786
all_dm6_minus_tracheal_sg	250787
all_dm6_minus_tracheal_sg	250788
all_dm6_minus_tracheal_sg	250789
all_dm6_minus_tracheal_sg	250790
all_dm6_minus_tracheal_sg	250791
all_dm6_minus_tracheal_sg	250792
all_dm6_minus_tracheal_sg	250805
all_dm6_minus_tracheal_sg	250806
all_dm6_minus_tracheal_sg	250807
all_dm6_minus_tracheal_sg	250842
all_dm6_minus_tracheal_sg	250843
all_dm6_minus_tracheal_sg	250844
all_dm6_minus_tracheal_sg	250882
all_dm6_minus_tracheal_sg	250883
all_dm6_minus_tracheal_sg	250884
all_dm6_minus_tracheal_sg	250885
all_dm6_minus_tracheal_sg	251010
all_dm6_minus_tracheal_sg	251014
all_dm6_minus_tracheal_sg	251096
all_dm6_minus_tracheal_sg	251098
all_dm6_minus_tracheal_sg	251100
all_dm6_minus_tracheal_sg	251102
all_dm6_minus_tracheal_sg	251103
all_dm6_minus_tracheal_sg	251104
all_dm6_minus_tracheal_sg	251105
all_dm6_minus_tracheal_sg	251106
all_dm6_minus_tracheal_sg	251107
all_dm6_minus_tracheal_sg	251111
all_dm6_minus_tracheal_sg	251115
all_dm6_minus_tracheal_sg	251116
all_dm6_minus_tracheal_sg	251117
all_dm6_minus_tracheal_sg	251118
all_dm6_minus_tracheal_sg	251120
all_dm6_minus_tracheal_sg	251121
all_dm6_minus_tracheal_sg	251122
all_dm6_minus_tracheal_sg	251123
all_dm6_minus_tracheal_sg	251124
all_dm6_minus_tracheal_sg	251125
all_dm6_minus_tracheal_sg	251126
all_dm6_minus_tracheal_sg	251127
all_dm6_minus_tracheal_sg	251128
all_dm6_minus_tracheal_sg	251129
all_dm6_minus_tracheal_sg	251130
all_dm6_minus_tracheal_sg	251131
all_dm6_minus_tracheal_sg	251132
all_dm6_minus_tracheal_sg	251133
all_dm6_minus_tracheal_sg	251134
all_dm6_minus_tracheal_sg	251135
all_dm6_minus_tracheal_sg	251136
all_dm6_minus_tracheal_sg	251138
all_dm6_minus_tracheal_sg	251140
all_dm6_minus_tracheal_sg	251142
all_dm6_minus_tracheal_sg	251144
all_dm6_minus_tracheal_sg	251145
all_dm6_minus_tracheal_sg	251146
all_dm6_minus_tracheal_sg	251147
all_dm6_minus_tracheal_sg	251148
all_dm6_minus_tracheal_sg	251149
all_dm6_minus_tracheal_sg	251150
all_dm6_minus_tracheal_sg	251151
all_dm6_minus_tracheal_sg	251152
all_dm6_minus_tracheal_sg	251153
all_dm6_minus_tracheal_sg	251154
all_dm6_minus_tracheal_sg	251155
all_dm6_minus_tracheal_sg	251156
all_dm6_minus_tracheal_sg	251157
all_dm6_minus_tracheal_sg	251159
all_dm6_minus_tracheal_sg	251160
all_dm6_minus_tracheal_sg	251161
all_dm6_minus_tracheal_sg	251162
all_dm6_minus_tracheal_sg	251163
all_dm6_minus_tracheal_sg	251164
all_dm6_minus_tracheal_sg	251165
all_dm6_minus_tracheal_sg	251166
all_dm6_minus_tracheal_sg	251181
all_dm6_minus_tracheal_sg	251182
all_dm6_minus_tracheal_sg	251183
all_dm6_minus_tracheal_sg	251185
all_dm6_minus_tracheal_sg	251186
all_dm6_minus_tracheal_sg	251187
all_dm6_minus_tracheal_sg	251188
all_dm6_minus_tracheal_sg	251191
all_dm6_minus_tracheal_sg	251202
all_dm6_minus_tracheal_sg	251204
all_dm6_minus_tracheal_sg	251205
all_dm6_minus_tracheal_sg	251206
all_dm6_minus_tracheal_sg	251208
all_dm6_minus_tracheal_sg	251209
all_dm6_minus_tracheal_sg	251210
all_dm6_minus_tracheal_sg	251211
all_dm6_minus_tracheal_sg	251212
all_dm6_minus_tracheal_sg	251214
all_dm6_minus_tracheal_sg	251215
all_dm6_minus_tracheal_sg	251216
all_dm6_minus_tracheal_sg	251217
all_dm6_minus_tracheal_sg	251219
all_dm6_minus_tracheal_sg	251220
all_dm6_minus_tracheal_sg	251222
all_dm6_minus_tracheal_sg	251223
all_dm6_minus_tracheal_sg	251262
all_dm6_minus_tracheal_sg	251263
all_dm6_minus_tracheal_sg	251264
all_dm6_minus_tracheal_sg	251265
all_dm6_minus_tracheal_sg	251270
all_dm6_minus_tracheal_sg	251276
all_dm6_minus_tracheal_sg	251277
all_dm6_minus_tracheal_sg	251278
all_dm6_minus_tracheal_sg	251279
all_dm6_minus_tracheal_sg	251280
all_dm6_minus_tracheal_sg	251291
all_dm6_minus_tracheal_sg	251295
all_dm6_minus_tracheal_sg	251298
all_dm6_minus_tracheal_sg	251300
all_dm6_minus_tracheal_sg	251302
all_dm6_minus_tracheal_sg	251303
all_dm6_minus_tracheal_sg	251311
all_dm6_minus_tracheal_sg	251324
all_dm6_minus_tracheal_sg	251326
all_dm6_minus_tracheal_sg	251328
all_dm6_minus_tracheal_sg	251370
all_dm6_minus_tracheal_sg	251393
all_dm6_minus_tracheal_sg	251395
all_dm6_minus_tracheal_sg	251413
all_dm6_minus_tracheal_sg	251414
all_dm6_minus_tracheal_sg	251430
all_dm6_minus_tracheal_sg	251466
all_dm6_minus_tracheal_sg	251550
all_dm6_minus_tracheal_sg	251551
all_dm6_minus_tracheal_sg	251554
all_dm6_minus_tracheal_sg	251555
all_dm6_minus_tracheal_sg	251556
all_dm6_minus_tracheal_sg	251557
all_dm6_minus_tracheal_sg	251558
all_dm6_minus_tracheal_sg	251559
all_dm6_minus_tracheal_sg	251560
all_dm6_minus_tracheal_sg	251586
all_dm6_minus_tracheal_sg	251587
all_dm6_minus_tracheal_sg	251588
all_dm6_minus_tracheal_sg	251589
all_dm6_minus_tracheal_sg	251594
all_dm6_minus_tracheal_sg	251610
all_dm6_minus_tracheal_sg	251618
all_dm6_minus_tracheal_sg	251619
all_dm6_minus_tracheal_sg	251620
all_dm6_minus_tracheal_sg	251631
all_dm6_minus_tracheal_sg	251633
all_dm6_minus_tracheal_sg	251634
all_dm6_minus_tracheal_sg	251636
all_dm6_minus_tracheal_sg	251637
all_dm6_minus_tracheal_sg	251638
all_dm6_minus_tracheal_sg	251639
all_dm6_minus_tracheal_sg	251660
all_dm6_minus_tracheal_sg	251661
all_dm6_minus_tracheal_sg	251690
all_dm6_minus_tracheal_sg	251711
all_dm6_minus_tracheal_sg	251716
all_dm6_minus_tracheal_sg	251730
all_dm6_minus_tracheal_sg	251841
all_dm6_minus_tracheal_sg	251850
all_dm6_minus_tracheal_sg	251852
all_dm6_minus_tracheal_sg	251854
all_dm6_minus_tracheal_sg	251855
all_dm6_minus_tracheal_sg	251856
all_dm6_minus_tracheal_sg	251857
all_dm6_minus_tracheal_sg	251877
all_dm6_minus_tracheal_sg	251878
all_dm6_minus_tracheal_sg	251879
all_dm6_minus_tracheal_sg	251880
all_dm6_minus_tracheal_sg	251881
all_dm6_minus_tracheal_sg	251882
all_dm6_minus_tracheal_sg	251890
all_dm6_minus_tracheal_sg	251892
all_dm6_minus_tracheal_sg	251895
all_dm6_minus_tracheal_sg	251896
all_dm6_minus_tracheal_sg	251897
all_dm6_minus_tracheal_sg	251898
all_dm6_minus_tracheal_sg	251900
all_dm6_minus_tracheal_sg	251906
all_dm6_minus_tracheal_sg	251908
all_dm6_minus_tracheal_sg	251910
all_dm6_minus_tracheal_sg	251912
all_dm6_minus_tracheal_sg	251913
all_dm6_minus_tracheal_sg	251914
all_dm6_minus_tracheal_sg	251915
all_dm6_minus_tracheal_sg	251916
all_dm6_minus_tracheal_sg	251924
all_dm6_minus_tracheal_sg	251937
all_dm6_minus_tracheal_sg	251941
all_dm6_minus_tracheal_sg	251944
all_dm6_minus_tracheal_sg	251945
all_dm6_minus_tracheal_sg	251946
all_dm6_minus_tracheal_sg	251948
all_dm6_minus_tracheal_sg	251949
all_dm6_minus_tracheal_sg	251950
all_dm6_minus_tracheal_sg	251951
all_dm6_minus_tracheal_sg	251952
all_dm6_minus_tracheal_sg	251953
all_dm6_minus_tracheal_sg	251954
all_dm6_minus_tracheal_sg	251955
all_dm6_minus_tracheal_sg	251957
all_dm6_minus_tracheal_sg	251958
all_dm6_minus_tracheal_sg	251959
all_dm6_minus_tracheal_sg	251960
all_dm6_minus_tracheal_sg	251964
all_dm6_minus_tracheal_sg	251965
all_dm6_minus_tracheal_sg	251967
all_dm6_minus_tracheal_sg	251969
all_dm6_minus_tracheal_sg	251970
all_dm6_minus_tracheal_sg	251971
all_dm6_minus_tracheal_sg	251972
all_dm6_minus_tracheal_sg	251973
all_dm6_minus_tracheal_sg	251974
all_dm6_minus_tracheal_sg	251975
all_dm6_minus_tracheal_sg	251976
all_dm6_minus_tracheal_sg	251984
all_dm6_minus_tracheal_sg	251986
all_dm6_minus_tracheal_sg	251990
all_dm6_minus_tracheal_sg	251999
all_dm6_minus_tracheal_sg	252000
all_dm6_minus_tracheal_sg	252002
all_dm6_minus_tracheal_sg	252004
all_dm6_minus_tracheal_sg	252005
all_dm6_minus_tracheal_sg	252010
all_dm6_minus_tracheal_sg	252011
all_dm6_minus_tracheal_sg	252015
all_dm6_minus_tracheal_sg	252016
all_dm6_minus_tracheal_sg	252017
all_dm6_minus_tracheal_sg	252018
all_dm6_minus_tracheal_sg	252019
all_dm6_minus_tracheal_sg	252020
all_dm6_minus_tracheal_sg	252021
all_dm6_minus_tracheal_sg	252022
all_dm6_minus_tracheal_sg	252023
all_dm6_minus_tracheal_sg	252024
all_dm6_minus_tracheal_sg	252025
all_dm6_minus_tracheal_sg	252026
all_dm6_minus_tracheal_sg	252027
all_dm6_minus_tracheal_sg	252028
all_dm6_minus_tracheal_sg	252029
all_dm6_minus_tracheal_sg	252030
all_dm6_minus_tracheal_sg	252031
all_dm6_minus_tracheal_sg	252032
all_dm6_minus_tracheal_sg	252033
all_dm6_minus_tracheal_sg	252034
all_dm6_minus_tracheal_sg	252035
all_dm6_minus_tracheal_sg	252036
all_dm6_minus_tracheal_sg	252037
all_dm6_minus_tracheal_sg	252038
all_dm6_minus_tracheal_sg	252039
all_dm6_minus_tracheal_sg	252042
all_dm6_minus_tracheal_sg	252043
all_dm6_minus_tracheal_sg	252044
all_dm6_minus_tracheal_sg	252045
all_dm6_minus_tracheal_sg	252046
all_dm6_minus_tracheal_sg	252047
all_dm6_minus_tracheal_sg	252048
all_dm6_minus_tracheal_sg	252049
all_dm6_minus_tracheal_sg	252050
all_dm6_minus_tracheal_sg	252051
all_dm6_minus_tracheal_sg	252052
all_dm6_minus_tracheal_sg	252053
all_dm6_minus_tracheal_sg	252054
all_dm6_minus_tracheal_sg	252055
all_dm6_minus_tracheal_sg	252056
all_dm6_minus_tracheal_sg	252057
all_dm6_minus_tracheal_sg	252058
all_dm6_minus_tracheal_sg	252059
all_dm6_minus_tracheal_sg	252060
all_dm6_minus_tracheal_sg	252064
all_dm6_minus_tracheal_sg	252065
all_dm6_minus_tracheal_sg	252066
all_dm6_minus_tracheal_sg	252067
all_dm6_minus_tracheal_sg	252068
all_dm6_minus_tracheal_sg	252069
all_dm6_minus_tracheal_sg	252070
all_dm6_minus_tracheal_sg	252071
all_dm6_minus_tracheal_sg	252072
all_dm6_minus_tracheal_sg	252073
all_dm6_minus_tracheal_sg	252074
all_dm6_minus_tracheal_sg	252075
all_dm6_minus_tracheal_sg	252076
all_dm6_minus_tracheal_sg	252077
all_dm6_minus_tracheal_sg	252078
all_dm6_minus_tracheal_sg	252079
all_dm6_minus_tracheal_sg	252080
all_dm6_minus_tracheal_sg	252081
all_dm6_minus_tracheal_sg	252082
all_dm6_minus_tracheal_sg	252083
all_dm6_minus_tracheal_sg	252084
all_dm6_minus_tracheal_sg	252085
all_dm6_minus_tracheal_sg	252086
all_dm6_minus_tracheal_sg	252087
all_dm6_minus_tracheal_sg	252088
all_dm6_minus_tracheal_sg	252090
all_dm6_minus_tracheal_sg	252091
all_dm6_minus_tracheal_sg	252093
all_dm6_minus_tracheal_sg	252095
all_dm6_minus_tracheal_sg	252096
all_dm6_minus_tracheal_sg	252097
all_dm6_minus_tracheal_sg	252098
all_dm6_minus_tracheal_sg	252099
all_dm6_minus_tracheal_sg	252100
all_dm6_minus_tracheal_sg	252101
all_dm6_minus_tracheal_sg	252102
all_dm6_minus_tracheal_sg	252103
all_dm6_minus_tracheal_sg	252104
all_dm6_minus_tracheal_sg	252105
all_dm6_minus_tracheal_sg	252113
all_dm6_minus_tracheal_sg	252114
all_dm6_minus_tracheal_sg	252115
all_dm6_minus_tracheal_sg	252116
all_dm6_minus_tracheal_sg	252117
all_dm6_minus_tracheal_sg	252119
all_dm6_minus_tracheal_sg	252120
all_dm6_minus_tracheal_sg	252121
all_dm6_minus_tracheal_sg	252124
all_dm6_minus_tracheal_sg	252125
all_dm6_minus_tracheal_sg	252126
all_dm6_minus_tracheal_sg	252128
all_dm6_minus_tracheal_sg	252129
all_dm6_minus_tracheal_sg	252130
all_dm6_minus_tracheal_sg	252132
all_dm6_minus_tracheal_sg	252133
all_dm6_minus_tracheal_sg	252134
all_dm6_minus_tracheal_sg	252136
all_dm6_minus_tracheal_sg	252137
all_dm6_minus_tracheal_sg	252164
all_dm6_minus_tracheal_sg	252165
all_dm6_minus_tracheal_sg	252166
all_dm6_minus_tracheal_sg	252167
all_dm6_minus_tracheal_sg	252168
all_dm6_minus_tracheal_sg	252169
all_dm6_minus_tracheal_sg	252170
all_dm6_minus_tracheal_sg	252178
all_dm6_minus_tracheal_sg	252179
all_dm6_minus_tracheal_sg	252180
all_dm6_minus_tracheal_sg	252181
all_dm6_minus_tracheal_sg	252182
all_dm6_minus_tracheal_sg	252183
all_dm6_minus_tracheal_sg	252184
all_dm6_minus_tracheal_sg	252185
all_dm6_minus_tracheal_sg	252186
all_dm6_minus_tracheal_sg	252188
all_dm6_minus_tracheal_sg	252189
all_dm6_minus_tracheal_sg	252190
all_dm6_minus_tracheal_sg	252191
all_dm6_minus_tracheal_sg	252192
all_dm6_minus_tracheal_sg	252193
all_dm6_minus_tracheal_sg	252194
all_dm6_minus_tracheal_sg	252195
all_dm6_minus_tracheal_sg	252196
all_dm6_minus_tracheal_sg	252200
all_dm6_minus_tracheal_sg	252201
all_dm6_minus_tracheal_sg	252202
all_dm6_minus_tracheal_sg	252203
all_dm6_minus_tracheal_sg	252204
all_dm6_minus_tracheal_sg	252205
all_dm6_minus_tracheal_sg	252206
all_dm6_minus_tracheal_sg	252207
all_dm6_minus_tracheal_sg	252208
all_dm6_minus_tracheal_sg	252209
all_dm6_minus_tracheal_sg	252210
all_dm6_minus_tracheal_sg	252211
all_dm6_minus_tracheal_sg	252212
all_dm6_minus_tracheal_sg	252213
all_dm6_minus_tracheal_sg	252214
all_dm6_minus_tracheal_sg	252215
all_dm6_minus_tracheal_sg	252216
all_dm6_minus_tracheal_sg	252217
all_dm6_minus_tracheal_sg	252219
all_dm6_minus_tracheal_sg	252220
all_dm6_minus_tracheal_sg	252221
all_dm6_minus_tracheal_sg	252222
all_dm6_minus_tracheal_sg	252223
all_dm6_minus_tracheal_sg	252224
all_dm6_minus_tracheal_sg	252225
all_dm6_minus_tracheal_sg	252226
all_dm6_minus_tracheal_sg	252227
all_dm6_minus_tracheal_sg	252228
all_dm6_minus_tracheal_sg	252229
all_dm6_minus_tracheal_sg	252230
all_dm6_minus_tracheal_sg	252231
all_dm6_minus_tracheal_sg	252232
all_dm6_minus_tracheal_sg	252233
all_dm6_minus_tracheal_sg	252235
all_dm6_minus_tracheal_sg	252236
all_dm6_minus_tracheal_sg	252237
all_dm6_minus_tracheal_sg	252238
all_dm6_minus_tracheal_sg	252239
all_dm6_minus_tracheal_sg	252240
all_dm6_minus_tracheal_sg	252241
all_dm6_minus_tracheal_sg	252242
all_dm6_minus_tracheal_sg	252243
all_dm6_minus_tracheal_sg	252244
all_dm6_minus_tracheal_sg	252245
all_dm6_minus_tracheal_sg	252246
all_dm6_minus_tracheal_sg	252247
all_dm6_minus_tracheal_sg	252248
all_dm6_minus_tracheal_sg	252249
all_dm6_minus_tracheal_sg	252250
all_dm6_minus_tracheal_sg	252251
all_dm6_minus_tracheal_sg	252252
all_dm6_minus_tracheal_sg	252253
all_dm6_minus_tracheal_sg	252254
all_dm6_minus_tracheal_sg	252255
all_dm6_minus_tracheal_sg	252256
all_dm6_minus_tracheal_sg	252257
all_dm6_minus_tracheal_sg	252258
all_dm6_minus_tracheal_sg	252259
all_dm6_minus_tracheal_sg	252260
all_dm6_minus_tracheal_sg	252261
all_dm6_minus_tracheal_sg	252262
all_dm6_minus_tracheal_sg	252263
all_dm6_minus_tracheal_sg	252264
all_dm6_minus_tracheal_sg	252265
all_dm6_minus_tracheal_sg	252266
all_dm6_minus_tracheal_sg	252267
all_dm6_minus_tracheal_sg	252268
all_dm6_minus_tracheal_sg	252269
all_dm6_minus_tracheal_sg	252270
all_dm6_minus_tracheal_sg	252271
all_dm6_minus_tracheal_sg	252272
all_dm6_minus_tracheal_sg	252273
all_dm6_minus_tracheal_sg	252274
all_dm6_minus_tracheal_sg	252275
all_dm6_minus_tracheal_sg	252277
all_dm6_minus_tracheal_sg	252278
all_dm6_minus_tracheal_sg	252279
all_dm6_minus_tracheal_sg	252280
all_dm6_minus_tracheal_sg	252281
all_dm6_minus_tracheal_sg	252282
all_dm6_minus_tracheal_sg	252291
all_dm6_minus_tracheal_sg	252292
all_dm6_minus_tracheal_sg	252293
all_dm6_minus_tracheal_sg	252294
all_dm6_minus_tracheal_sg	252296
all_dm6_minus_tracheal_sg	252297
all_dm6_minus_tracheal_sg	252298
all_dm6_minus_tracheal_sg	252299
all_dm6_minus_tracheal_sg	252300
all_dm6_minus_tracheal_sg	252302
all_dm6_minus_tracheal_sg	252303
all_dm6_minus_tracheal_sg	252304
all_dm6_minus_tracheal_sg	252308
all_dm6_minus_tracheal_sg	252309
all_dm6_minus_tracheal_sg	252310
all_dm6_minus_tracheal_sg	252311
all_dm6_minus_tracheal_sg	252315
all_dm6_minus_tracheal_sg	252316
all_dm6_minus_tracheal_sg	252317
all_dm6_minus_tracheal_sg	252318
all_dm6_minus_tracheal_sg	252319
all_dm6_minus_tracheal_sg	252320
all_dm6_minus_tracheal_sg	252321
all_dm6_minus_tracheal_sg	252322
all_dm6_minus_tracheal_sg	252323
all_dm6_minus_tracheal_sg	252324
all_dm6_minus_tracheal_sg	252326
all_dm6_minus_tracheal_sg	252327
all_dm6_minus_tracheal_sg	252328
all_dm6_minus_tracheal_sg	252329
all_dm6_minus_tracheal_sg	252330
all_dm6_minus_tracheal_sg	252331
all_dm6_minus_tracheal_sg	252332
all_dm6_minus_tracheal_sg	252333
all_dm6_minus_tracheal_sg	252334
all_dm6_minus_tracheal_sg	252335
all_dm6_minus_tracheal_sg	252336
all_dm6_minus_tracheal_sg	252337
all_dm6_minus_tracheal_sg	252338
all_dm6_minus_tracheal_sg	252339
all_dm6_minus_tracheal_sg	252340
all_dm6_minus_tracheal_sg	252341
all_dm6_minus_tracheal_sg	252342
all_dm6_minus_tracheal_sg	252343
all_dm6_minus_tracheal_sg	252344
all_dm6_minus_tracheal_sg	252345
all_dm6_minus_tracheal_sg	252346
all_dm6_minus_tracheal_sg	252347
all_dm6_minus_tracheal_sg	252348
all_dm6_minus_tracheal_sg	252349
all_dm6_minus_tracheal_sg	252350
all_dm6_minus_tracheal_sg	252351
all_dm6_minus_tracheal_sg	252352
all_dm6_minus_tracheal_sg	252353
all_dm6_minus_tracheal_sg	252354
all_dm6_minus_tracheal_sg	252355
all_dm6_minus_tracheal_sg	252356
all_dm6_minus_tracheal_sg	252357
all_dm6_minus_tracheal_sg	252358
all_dm6_minus_tracheal_sg	252359
all_dm6_minus_tracheal_sg	252360
all_dm6_minus_tracheal_sg	252361
all_dm6_minus_tracheal_sg	252362
all_dm6_minus_tracheal_sg	252363
all_dm6_minus_tracheal_sg	252364
all_dm6_minus_tracheal_sg	252365
all_dm6_minus_tracheal_sg	252366
all_dm6_minus_tracheal_sg	252367
all_dm6_minus_tracheal_sg	252368
all_dm6_minus_tracheal_sg	252369
all_dm6_minus_tracheal_sg	252370
all_dm6_minus_tracheal_sg	252371
all_dm6_minus_tracheal_sg	252372
all_dm6_minus_tracheal_sg	252373
all_dm6_minus_tracheal_sg	252374
all_dm6_minus_tracheal_sg	252375
all_dm6_minus_tracheal_sg	252376
all_dm6_minus_tracheal_sg	252377
all_dm6_minus_tracheal_sg	252378
all_dm6_minus_tracheal_sg	252379
all_dm6_minus_tracheal_sg	252380
all_dm6_minus_tracheal_sg	252381
all_dm6_minus_tracheal_sg	252382
all_dm6_minus_tracheal_sg	252383
all_dm6_minus_tracheal_sg	252384
all_dm6_minus_tracheal_sg	252385
all_dm6_minus_tracheal_sg	252386
all_dm6_minus_tracheal_sg	252387
all_dm6_minus_tracheal_sg	252388
all_dm6_minus_tracheal_sg	252391
all_dm6_minus_tracheal_sg	252392
all_dm6_minus_tracheal_sg	252393
all_dm6_minus_tracheal_sg	252394
all_dm6_minus_tracheal_sg	252396
all_dm6_minus_tracheal_sg	252397
all_dm6_minus_tracheal_sg	252398
all_dm6_minus_tracheal_sg	252399
all_dm6_minus_tracheal_sg	252400
all_dm6_minus_tracheal_sg	252401
all_dm6_minus_tracheal_sg	252402
all_dm6_minus_tracheal_sg	252403
all_dm6_minus_tracheal_sg	252404
all_dm6_minus_tracheal_sg	252405
all_dm6_minus_tracheal_sg	252406
all_dm6_minus_tracheal_sg	252407
all_dm6_minus_tracheal_sg	252408
all_dm6_minus_tracheal_sg	252409
all_dm6_minus_tracheal_sg	252430
all_dm6_minus_tracheal_sg	252431
all_dm6_minus_tracheal_sg	252432
all_dm6_minus_tracheal_sg	252434
all_dm6_minus_tracheal_sg	252435
all_dm6_minus_tracheal_sg	252437
all_dm6_minus_tracheal_sg	252438
all_dm6_minus_tracheal_sg	252440
all_dm6_minus_tracheal_sg	252441
all_dm6_minus_tracheal_sg	252443
all_dm6_minus_tracheal_sg	252445
all_dm6_minus_tracheal_sg	252446
all_dm6_minus_tracheal_sg	252447
all_dm6_minus_tracheal_sg	252448
all_dm6_minus_tracheal_sg	252449
all_dm6_minus_tracheal_sg	252451
all_dm6_minus_tracheal_sg	252453
all_dm6_minus_tracheal_sg	252455
all_dm6_minus_tracheal_sg	252457
all_dm6_minus_tracheal_sg	252458
all_dm6_minus_tracheal_sg	252459
all_dm6_minus_tracheal_sg	252460
all_dm6_minus_tracheal_sg	252461
all_dm6_minus_tracheal_sg	252462
all_dm6_minus_tracheal_sg	252463
all_dm6_minus_tracheal_sg	252464
all_dm6_minus_tracheal_sg	252465
all_dm6_minus_tracheal_sg	252466
all_dm6_minus_tracheal_sg	252467
all_dm6_minus_tracheal_sg	252468
all_dm6_minus_tracheal_sg	252469
all_dm6_minus_tracheal_sg	252470
all_dm6_minus_tracheal_sg	252471
all_dm6_minus_tracheal_sg	252472
all_dm6_minus_tracheal_sg	252473
all_dm6_minus_tracheal_sg	252474
all_dm6_minus_tracheal_sg	252475
all_dm6_minus_tracheal_sg	252476
all_dm6_minus_tracheal_sg	252479
all_dm6_minus_tracheal_sg	252486
all_dm6_minus_tracheal_sg	252489
all_dm6_minus_tracheal_sg	252491
all_dm6_minus_tracheal_sg	252492
all_dm6_minus_tracheal_sg	252493
all_dm6_minus_tracheal_sg	252495
all_dm6_minus_tracheal_sg	252496
all_dm6_minus_tracheal_sg	252497
all_dm6_minus_tracheal_sg	252498
all_dm6_minus_tracheal_sg	252499
all_dm6_minus_tracheal_sg	252500
all_dm6_minus_tracheal_sg	252501
all_dm6_minus_tracheal_sg	252502
all_dm6_minus_tracheal_sg	252503
all_dm6_minus_tracheal_sg	252504
all_dm6_minus_tracheal_sg	252505
all_dm6_minus_tracheal_sg	252506
all_dm6_minus_tracheal_sg	252509
all_dm6_minus_tracheal_sg	252510
all_dm6_minus_tracheal_sg	252511
all_dm6_minus_tracheal_sg	252512
all_dm6_minus_tracheal_sg	252513
all_dm6_minus_tracheal_sg	252514
all_dm6_minus_tracheal_sg	252515
all_dm6_minus_tracheal_sg	252516
all_dm6_minus_tracheal_sg	252517
all_dm6_minus_tracheal_sg	252520
all_dm6_minus_tracheal_sg	252521
all_dm6_minus_tracheal_sg	252522
all_dm6_minus_tracheal_sg	252523
all_dm6_minus_tracheal_sg	252524
all_dm6_minus_tracheal_sg	252526
all_dm6_minus_tracheal_sg	252527
all_dm6_minus_tracheal_sg	252528
all_dm6_minus_tracheal_sg	252529
all_dm6_minus_tracheal_sg	252530
all_dm6_minus_tracheal_sg	252531
all_dm6_minus_tracheal_sg	252532
all_dm6_minus_tracheal_sg	252534
all_dm6_minus_tracheal_sg	252536
all_dm6_minus_tracheal_sg	252537
all_dm6_minus_tracheal_sg	252538
all_dm6_minus_tracheal_sg	252540
all_dm6_minus_tracheal_sg	252542
all_dm6_minus_tracheal_sg	252543
all_dm6_minus_tracheal_sg	252544
all_dm6_minus_tracheal_sg	252546
all_dm6_minus_tracheal_sg	252547
all_dm6_minus_tracheal_sg	252554
all_dm6_minus_tracheal_sg	252556
all_dm6_minus_tracheal_sg	252568
all_dm6_minus_tracheal_sg	252569
all_dm6_minus_tracheal_sg	252570
all_dm6_minus_tracheal_sg	252571
all_dm6_minus_tracheal_sg	252572
all_dm6_minus_tracheal_sg	252573
all_dm6_minus_tracheal_sg	252574
all_dm6_minus_tracheal_sg	252575
all_dm6_minus_tracheal_sg	252576
all_dm6_minus_tracheal_sg	252577
all_dm6_minus_tracheal_sg	252578
all_dm6_minus_tracheal_sg	252579
all_dm6_minus_tracheal_sg	252581
all_dm6_minus_tracheal_sg	252582
all_dm6_minus_tracheal_sg	252583
all_dm6_minus_tracheal_sg	252585
all_dm6_minus_tracheal_sg	252590
all_dm6_minus_tracheal_sg	252593
all_dm6_minus_tracheal_sg	252595
all_dm6_minus_tracheal_sg	252596
all_dm6_minus_tracheal_sg	252597
all_dm6_minus_tracheal_sg	252598
all_dm6_minus_tracheal_sg	252599
all_dm6_minus_tracheal_sg	252600
all_dm6_minus_tracheal_sg	252601
all_dm6_minus_tracheal_sg	252602
all_dm6_minus_tracheal_sg	252603
all_dm6_minus_tracheal_sg	252604
all_dm6_minus_tracheal_sg	252605
all_dm6_minus_tracheal_sg	252606
all_dm6_minus_tracheal_sg	252608
all_dm6_minus_tracheal_sg	252610
all_dm6_minus_tracheal_sg	252611
all_dm6_minus_tracheal_sg	252612
all_dm6_minus_tracheal_sg	252613
all_dm6_minus_tracheal_sg	252619
all_dm6_minus_tracheal_sg	252620
all_dm6_minus_tracheal_sg	252621
all_dm6_minus_tracheal_sg	252624
all_dm6_minus_tracheal_sg	252626
all_dm6_minus_tracheal_sg	252627
all_dm6_minus_tracheal_sg	252628
all_dm6_minus_tracheal_sg	252629
all_dm6_minus_tracheal_sg	252634
all_dm6_minus_tracheal_sg	252635
all_dm6_minus_tracheal_sg	252636
all_dm6_minus_tracheal_sg	252637
all_dm6_minus_tracheal_sg	252640
all_dm6_minus_tracheal_sg	252642
all_dm6_minus_tracheal_sg	252643
all_dm6_minus_tracheal_sg	252644
all_dm6_minus_tracheal_sg	252645
all_dm6_minus_tracheal_sg	252646
all_dm6_minus_tracheal_sg	252647
all_dm6_minus_tracheal_sg	252650
all_dm6_minus_tracheal_sg	252651
all_dm6_minus_tracheal_sg	252652
all_dm6_minus_tracheal_sg	252653
all_dm6_minus_tracheal_sg	252655
all_dm6_minus_tracheal_sg	252656
all_dm6_minus_tracheal_sg	252657
all_dm6_minus_tracheal_sg	252658
all_dm6_minus_tracheal_sg	252659
all_dm6_minus_tracheal_sg	252660
all_dm6_minus_tracheal_sg	252661
all_dm6_minus_tracheal_sg	252664
all_dm6_minus_tracheal_sg	252665
all_dm6_minus_tracheal_sg	252666
all_dm6_minus_tracheal_sg	252667
all_dm6_minus_tracheal_sg	252668
all_dm6_minus_tracheal_sg	252669
all_dm6_minus_tracheal_sg	252671
all_dm6_minus_tracheal_sg	252672
all_dm6_minus_tracheal_sg	252674
all_dm6_minus_tracheal_sg	252675
all_dm6_minus_tracheal_sg	252676
all_dm6_minus_tracheal_sg	252683
all_dm6_minus_tracheal_sg	252684
all_dm6_minus_tracheal_sg	252697
all_dm6_minus_tracheal_sg	252698
all_dm6_minus_tracheal_sg	252709
all_dm6_minus_tracheal_sg	252710
all_dm6_minus_tracheal_sg	252711
all_dm6_minus_tracheal_sg	252712
all_dm6_minus_tracheal_sg	252713
all_dm6_minus_tracheal_sg	252721
all_dm6_minus_tracheal_sg	252722
all_dm6_minus_tracheal_sg	252723
all_dm6_minus_tracheal_sg	252724
all_dm6_minus_tracheal_sg	252725
all_dm6_minus_tracheal_sg	252726
all_dm6_minus_tracheal_sg	252727
all_dm6_minus_tracheal_sg	252728
all_dm6_minus_tracheal_sg	252729
all_dm6_minus_tracheal_sg	252730
all_dm6_minus_tracheal_sg	252731
all_dm6_minus_tracheal_sg	252732
all_dm6_minus_tracheal_sg	252733
all_dm6_minus_tracheal_sg	252734
all_dm6_minus_tracheal_sg	252736
all_dm6_minus_tracheal_sg	252737
all_dm6_minus_tracheal_sg	252738
all_dm6_minus_tracheal_sg	252739
all_dm6_minus_tracheal_sg	252740
all_dm6_minus_tracheal_sg	252741
all_dm6_minus_tracheal_sg	252743
all_dm6_minus_tracheal_sg	252744
all_dm6_minus_tracheal_sg	252745
all_dm6_minus_tracheal_sg	252746
all_dm6_minus_tracheal_sg	252748
all_dm6_minus_tracheal_sg	252750
all_dm6_minus_tracheal_sg	252751
all_dm6_minus_tracheal_sg	252754
all_dm6_minus_tracheal_sg	252755
all_dm6_minus_tracheal_sg	252757
all_dm6_minus_tracheal_sg	252759
all_dm6_minus_tracheal_sg	252760
all_dm6_minus_tracheal_sg	252761
all_dm6_minus_tracheal_sg	252762
all_dm6_minus_tracheal_sg	252764
all_dm6_minus_tracheal_sg	252765
all_dm6_minus_tracheal_sg	252766
all_dm6_minus_tracheal_sg	252772
all_dm6_minus_tracheal_sg	252773
all_dm6_minus_tracheal_sg	252774
all_dm6_minus_tracheal_sg	252780
all_dm6_minus_tracheal_sg	252781
all_dm6_minus_tracheal_sg	252782
all_dm6_minus_tracheal_sg	252783
all_dm6_minus_tracheal_sg	252784
all_dm6_minus_tracheal_sg	252785
all_dm6_minus_tracheal_sg	252786
all_dm6_minus_tracheal_sg	252787
all_dm6_minus_tracheal_sg	252788
all_dm6_minus_tracheal_sg	252790
all_dm6_minus_tracheal_sg	252791
all_dm6_minus_tracheal_sg	252792
all_dm6_minus_tracheal_sg	252793
all_dm6_minus_tracheal_sg	252795
all_dm6_minus_tracheal_sg	252796
all_dm6_minus_tracheal_sg	252797
all_dm6_minus_tracheal_sg	252798
all_dm6_minus_tracheal_sg	252799
all_dm6_minus_tracheal_sg	252800
all_dm6_minus_tracheal_sg	252802
all_dm6_minus_tracheal_sg	252803
all_dm6_minus_tracheal_sg	252806
all_dm6_minus_tracheal_sg	252807
all_dm6_minus_tracheal_sg	252808
all_dm6_minus_tracheal_sg	252809
all_dm6_minus_tracheal_sg	252810
all_dm6_minus_tracheal_sg	252811
all_dm6_minus_tracheal_sg	252813
all_dm6_minus_tracheal_sg	252815
all_dm6_minus_tracheal_sg	252816
all_dm6_minus_tracheal_sg	252817
all_dm6_minus_tracheal_sg	252818
all_dm6_minus_tracheal_sg	252820
all_dm6_minus_tracheal_sg	252821
all_dm6_minus_tracheal_sg	252823
all_dm6_minus_tracheal_sg	252824
all_dm6_minus_tracheal_sg	252825
all_dm6_minus_tracheal_sg	252826
all_dm6_minus_tracheal_sg	260645
all_dm6_minus_tracheal_sg	260658
all_dm6_minus_tracheal_sg	260659
all_dm6_minus_tracheal_sg	260693
all_dm6_minus_tracheal_sg	260694
all_dm6_minus_tracheal_sg	260695
all_dm6_minus_tracheal_sg	260696
all_dm6_minus_tracheal_sg	260697
all_dm6_minus_tracheal_sg	260698
all_dm6_minus_tracheal_sg	260699
all_dm6_minus_tracheal_sg	260700
all_dm6_minus_tracheal_sg	260701
all_dm6_minus_tracheal_sg	260702
all_dm6_minus_tracheal_sg	260703
all_dm6_minus_tracheal_sg	260704
all_dm6_minus_tracheal_sg	260705
all_dm6_minus_tracheal_sg	260706
all_dm6_minus_tracheal_sg	260707
all_dm6_minus_tracheal_sg	260708
all_dm6_minus_tracheal_sg	260709
all_dm6_minus_tracheal_sg	260710
all_dm6_minus_tracheal_sg	260711
all_dm6_minus_tracheal_sg	260712
all_dm6_minus_tracheal_sg	260713
all_dm6_minus_tracheal_sg	260714
all_dm6_minus_tracheal_sg	260715
all_dm6_minus_tracheal_sg	260716
all_dm6_minus_tracheal_sg	260717
all_dm6_minus_tracheal_sg	260718
all_dm6_minus_tracheal_sg	260719
all_dm6_minus_tracheal_sg	260720
all_dm6_minus_tracheal_sg	260721
all_dm6_minus_tracheal_sg	260722
all_dm6_minus_tracheal_sg	260723
all_dm6_minus_tracheal_sg	260724
all_dm6_minus_tracheal_sg	260725
all_dm6_minus_tracheal_sg	260726
all_dm6_minus_tracheal_sg	260727
all_dm6_minus_tracheal_sg	260729
all_dm6_minus_tracheal_sg	260730
all_dm6_minus_tracheal_sg	260731
all_dm6_minus_tracheal_sg	260732
all_dm6_minus_tracheal_sg	260733
all_dm6_minus_tracheal_sg	260734
all_dm6_minus_tracheal_sg	260735
all_dm6_minus_tracheal_sg	260736
all_dm6_minus_tracheal_sg	260737
all_dm6_minus_tracheal_sg	260738
all_dm6_minus_tracheal_sg	260739
all_dm6_minus_tracheal_sg	260740
all_dm6_minus_tracheal_sg	260741
all_dm6_minus_tracheal_sg	260742
all_dm6_minus_tracheal_sg	260743
all_dm6_minus_tracheal_sg	260744
all_dm6_minus_tracheal_sg	260745
all_dm6_minus_tracheal_sg	260746
all_dm6_minus_tracheal_sg	260747
all_dm6_minus_tracheal_sg	260748
all_dm6_minus_tracheal_sg	260749
all_dm6_minus_tracheal_sg	260750
all_dm6_minus_tracheal_sg	260751
all_dm6_minus_tracheal_sg	260752
all_dm6_minus_tracheal_sg	260753
all_dm6_minus_tracheal_sg	260754
all_dm6_minus_tracheal_sg	260755
all_dm6_minus_tracheal_sg	260756
all_dm6_minus_tracheal_sg	260757
all_dm6_minus_tracheal_sg	260758
all_dm6_minus_tracheal_sg	261329
all_dm6_minus_tracheal_sg	261514
all_dm6_minus_tracheal_sg	261515
all_dm6_minus_tracheal_sg	261516
all_dm6_minus_tracheal_sg	261517
all_dm6_minus_tracheal_sg	261518
all_dm6_minus_tracheal_sg	261519
all_dm6_minus_tracheal_sg	261520
all_dm6_minus_tracheal_sg	261521
all_dm6_minus_tracheal_sg	261522
all_dm6_minus_tracheal_sg	261523
all_dm6_minus_tracheal_sg	261524
all_dm6_minus_tracheal_sg	261525
all_dm6_minus_tracheal_sg	261526
all_dm6_minus_tracheal_sg	261527
all_dm6_minus_tracheal_sg	261528
all_dm6_minus_tracheal_sg	261529
all_dm6_minus_tracheal_sg	261530
all_dm6_minus_tracheal_sg	261531
all_dm6_minus_tracheal_sg	261532
all_dm6_minus_tracheal_sg	261533
all_dm6_minus_tracheal_sg	261599
all_dm6_minus_tracheal_sg	261603
all_dm6_minus_tracheal_sg	261607
all_dm6_minus_tracheal_sg	261610
all_dm6_minus_tracheal_sg	261613
all_dm6_minus_tracheal_sg	261614
all_dm6_minus_tracheal_sg	261615
all_dm6_minus_tracheal_sg	261616
all_dm6_minus_tracheal_sg	261617
all_dm6_minus_tracheal_sg	261618
all_dm6_minus_tracheal_sg	261620
all_dm6_minus_tracheal_sg	261621
all_dm6_minus_tracheal_sg	261623
all_dm6_minus_tracheal_sg	261626
all_dm6_minus_tracheal_sg	261628
all_dm6_minus_tracheal_sg	261631
all_dm6_minus_tracheal_sg	261634
all_dm6_minus_tracheal_sg	261663
all_dm6_minus_tracheal_sg	317789
all_dm6_minus_tracheal_sg	317791
all_dm6_minus_tracheal_sg	317797
all_dm6_minus_tracheal_sg	317798
all_dm6_minus_tracheal_sg	317799
all_dm6_minus_tracheal_sg	317801
all_dm6_minus_tracheal_sg	317802
all_dm6_minus_tracheal_sg	317813
all_dm6_minus_tracheal_sg	317815
all_dm6_minus_tracheal_sg	317817
all_dm6_minus_tracheal_sg	317823
all_dm6_minus_tracheal_sg	317824
all_dm6_minus_tracheal_sg	317826
all_dm6_minus_tracheal_sg	317827
all_dm6_minus_tracheal_sg	317828
all_dm6_minus_tracheal_sg	317829
all_dm6_minus_tracheal_sg	317833
all_dm6_minus_tracheal_sg	317834
all_dm6_minus_tracheal_sg	317835
all_dm6_minus_tracheal_sg	317838
all_dm6_minus_tracheal_sg	317841
all_dm6_minus_tracheal_sg	317842
all_dm6_minus_tracheal_sg	317846
all_dm6_minus_tracheal_sg	317849
all_dm6_minus_tracheal_sg	317852
all_dm6_minus_tracheal_sg	317854
all_dm6_minus_tracheal_sg	317855
all_dm6_minus_tracheal_sg	317856
all_dm6_minus_tracheal_sg	317858
all_dm6_minus_tracheal_sg	317860
all_dm6_minus_tracheal_sg	317862
all_dm6_minus_tracheal_sg	317864
all_dm6_minus_tracheal_sg	317866
all_dm6_minus_tracheal_sg	317867
all_dm6_minus_tracheal_sg	317878
all_dm6_minus_tracheal_sg	317880
all_dm6_minus_tracheal_sg	317885
all_dm6_minus_tracheal_sg	317887
all_dm6_minus_tracheal_sg	317890
all_dm6_minus_tracheal_sg	317891
all_dm6_minus_tracheal_sg	317897
all_dm6_minus_tracheal_sg	317898
all_dm6_minus_tracheal_sg	317900
all_dm6_minus_tracheal_sg	317901
all_dm6_minus_tracheal_sg	317902
all_dm6_minus_tracheal_sg	317903
all_dm6_minus_tracheal_sg	317904
all_dm6_minus_tracheal_sg	317907
all_dm6_minus_tracheal_sg	317908
all_dm6_minus_tracheal_sg	317909
all_dm6_minus_tracheal_sg	317911
all_dm6_minus_tracheal_sg	317912
all_dm6_minus_tracheal_sg	317913
all_dm6_minus_tracheal_sg	317916
all_dm6_minus_tracheal_sg	317917
all_dm6_minus_tracheal_sg	317918
all_dm6_minus_tracheal_sg	317919
all_dm6_minus_tracheal_sg	317922
all_dm6_minus_tracheal_sg	317923
all_dm6_minus_tracheal_sg	317924
all_dm6_minus_tracheal_sg	317926
all_dm6_minus_tracheal_sg	317928
all_dm6_minus_tracheal_sg	317930
all_dm6_minus_tracheal_sg	317933
all_dm6_minus_tracheal_sg	317934
all_dm6_minus_tracheal_sg	317935
all_dm6_minus_tracheal_sg	317936
all_dm6_minus_tracheal_sg	317938
all_dm6_minus_tracheal_sg	317939
all_dm6_minus_tracheal_sg	317942
all_dm6_minus_tracheal_sg	317943
all_dm6_minus_tracheal_sg	317944
all_dm6_minus_tracheal_sg	317945
all_dm6_minus_tracheal_sg	317946
all_dm6_minus_tracheal_sg	317953
all_dm6_minus_tracheal_sg	317954
all_dm6_minus_tracheal_sg	317955
all_dm6_minus_tracheal_sg	317956
all_dm6_minus_tracheal_sg	317962
all_dm6_minus_tracheal_sg	317963
all_dm6_minus_tracheal_sg	317964
all_dm6_minus_tracheal_sg	317966
all_dm6_minus_tracheal_sg	317967
all_dm6_minus_tracheal_sg	317969
all_dm6_minus_tracheal_sg	317973
all_dm6_minus_tracheal_sg	317974
all_dm6_minus_tracheal_sg	317976
all_dm6_minus_tracheal_sg	317977
all_dm6_minus_tracheal_sg	317987
all_dm6_minus_tracheal_sg	317996
all_dm6_minus_tracheal_sg	317997
all_dm6_minus_tracheal_sg	317999
all_dm6_minus_tracheal_sg	318000
all_dm6_minus_tracheal_sg	318002
all_dm6_minus_tracheal_sg	318005
all_dm6_minus_tracheal_sg	318007
all_dm6_minus_tracheal_sg	318008
all_dm6_minus_tracheal_sg	318011
all_dm6_minus_tracheal_sg	318012
all_dm6_minus_tracheal_sg	318013
all_dm6_minus_tracheal_sg	318016
all_dm6_minus_tracheal_sg	318018
all_dm6_minus_tracheal_sg	318020
all_dm6_minus_tracheal_sg	318030
all_dm6_minus_tracheal_sg	318031
all_dm6_minus_tracheal_sg	318032
all_dm6_minus_tracheal_sg	318034
all_dm6_minus_tracheal_sg	318035
all_dm6_minus_tracheal_sg	318036
all_dm6_minus_tracheal_sg	318037
all_dm6_minus_tracheal_sg	318040
all_dm6_minus_tracheal_sg	318042
all_dm6_minus_tracheal_sg	318043
all_dm6_minus_tracheal_sg	318044
all_dm6_minus_tracheal_sg	318046
all_dm6_minus_tracheal_sg	318050
all_dm6_minus_tracheal_sg	318053
all_dm6_minus_tracheal_sg	318059
all_dm6_minus_tracheal_sg	318060
all_dm6_minus_tracheal_sg	318064
all_dm6_minus_tracheal_sg	318066
all_dm6_minus_tracheal_sg	318071
all_dm6_minus_tracheal_sg	318079
all_dm6_minus_tracheal_sg	318082
all_dm6_minus_tracheal_sg	318085
all_dm6_minus_tracheal_sg	318087
all_dm6_minus_tracheal_sg	318092
all_dm6_minus_tracheal_sg	318093
all_dm6_minus_tracheal_sg	318094
all_dm6_minus_tracheal_sg	318095
all_dm6_minus_tracheal_sg	318096
all_dm6_minus_tracheal_sg	318097
all_dm6_minus_tracheal_sg	318098
all_dm6_minus_tracheal_sg	318101
all_dm6_minus_tracheal_sg	318102
all_dm6_minus_tracheal_sg	318103
all_dm6_minus_tracheal_sg	318104
all_dm6_minus_tracheal_sg	318105
all_dm6_minus_tracheal_sg	318107
all_dm6_minus_tracheal_sg	318108
all_dm6_minus_tracheal_sg	318109
all_dm6_minus_tracheal_sg	318128
all_dm6_minus_tracheal_sg	318133
all_dm6_minus_tracheal_sg	318134
all_dm6_minus_tracheal_sg	318135
all_dm6_minus_tracheal_sg	318136
all_dm6_minus_tracheal_sg	318137
all_dm6_minus_tracheal_sg	318138
all_dm6_minus_tracheal_sg	318139
all_dm6_minus_tracheal_sg	318140
all_dm6_minus_tracheal_sg	318143
all_dm6_minus_tracheal_sg	318146
all_dm6_minus_tracheal_sg	318147
all_dm6_minus_tracheal_sg	318148
all_dm6_minus_tracheal_sg	318149
all_dm6_minus_tracheal_sg	318150
all_dm6_minus_tracheal_sg	318151
all_dm6_minus_tracheal_sg	318153
all_dm6_minus_tracheal_sg	318158
all_dm6_minus_tracheal_sg	318160
all_dm6_minus_tracheal_sg	318161
all_dm6_minus_tracheal_sg	318164
all_dm6_minus_tracheal_sg	318165
all_dm6_minus_tracheal_sg	318166
all_dm6_minus_tracheal_sg	318168
all_dm6_minus_tracheal_sg	318169
all_dm6_minus_tracheal_sg	318170
all_dm6_minus_tracheal_sg	318175
all_dm6_minus_tracheal_sg	318176
all_dm6_minus_tracheal_sg	318189
all_dm6_minus_tracheal_sg	318192
all_dm6_minus_tracheal_sg	318193
all_dm6_minus_tracheal_sg	318198
all_dm6_minus_tracheal_sg	318207
all_dm6_minus_tracheal_sg	318210
all_dm6_minus_tracheal_sg	318211
all_dm6_minus_tracheal_sg	318213
all_dm6_minus_tracheal_sg	318215
all_dm6_minus_tracheal_sg	318220
all_dm6_minus_tracheal_sg	318221
all_dm6_minus_tracheal_sg	318222
all_dm6_minus_tracheal_sg	318223
all_dm6_minus_tracheal_sg	318224
all_dm6_minus_tracheal_sg	318225
all_dm6_minus_tracheal_sg	318226
all_dm6_minus_tracheal_sg	318227
all_dm6_minus_tracheal_sg	318228
all_dm6_minus_tracheal_sg	318231
all_dm6_minus_tracheal_sg	318235
all_dm6_minus_tracheal_sg	318237
all_dm6_minus_tracheal_sg	318238
all_dm6_minus_tracheal_sg	318243
all_dm6_minus_tracheal_sg	318244
all_dm6_minus_tracheal_sg	318245
all_dm6_minus_tracheal_sg	318246
all_dm6_minus_tracheal_sg	318249
all_dm6_minus_tracheal_sg	318250
all_dm6_minus_tracheal_sg	318251
all_dm6_minus_tracheal_sg	318252
all_dm6_minus_tracheal_sg	318260
all_dm6_minus_tracheal_sg	318261
all_dm6_minus_tracheal_sg	318271
all_dm6_minus_tracheal_sg	318273
all_dm6_minus_tracheal_sg	318274
all_dm6_minus_tracheal_sg	318552
all_dm6_minus_tracheal_sg	318553
all_dm6_minus_tracheal_sg	318554
all_dm6_minus_tracheal_sg	318555
all_dm6_minus_tracheal_sg	318558
all_dm6_minus_tracheal_sg	318559
all_dm6_minus_tracheal_sg	318562
all_dm6_minus_tracheal_sg	318563
all_dm6_minus_tracheal_sg	318566
all_dm6_minus_tracheal_sg	318567
all_dm6_minus_tracheal_sg	318571
all_dm6_minus_tracheal_sg	318572
all_dm6_minus_tracheal_sg	318574
all_dm6_minus_tracheal_sg	318575
all_dm6_minus_tracheal_sg	318578
all_dm6_minus_tracheal_sg	318579
all_dm6_minus_tracheal_sg	318582
all_dm6_minus_tracheal_sg	318583
all_dm6_minus_tracheal_sg	318586
all_dm6_minus_tracheal_sg	318590
all_dm6_minus_tracheal_sg	318591
all_dm6_minus_tracheal_sg	318593
all_dm6_minus_tracheal_sg	318594
all_dm6_minus_tracheal_sg	318595
all_dm6_minus_tracheal_sg	318597
all_dm6_minus_tracheal_sg	318599
all_dm6_minus_tracheal_sg	318601
all_dm6_minus_tracheal_sg	318603
all_dm6_minus_tracheal_sg	318604
all_dm6_minus_tracheal_sg	318605
all_dm6_minus_tracheal_sg	318608
all_dm6_minus_tracheal_sg	318610
all_dm6_minus_tracheal_sg	318616
all_dm6_minus_tracheal_sg	318622
all_dm6_minus_tracheal_sg	318623
all_dm6_minus_tracheal_sg	318624
all_dm6_minus_tracheal_sg	318625
all_dm6_minus_tracheal_sg	318626
all_dm6_minus_tracheal_sg	318627
all_dm6_minus_tracheal_sg	318632
all_dm6_minus_tracheal_sg	318633
all_dm6_minus_tracheal_sg	318636
all_dm6_minus_tracheal_sg	318637
all_dm6_minus_tracheal_sg	318638
all_dm6_minus_tracheal_sg	318645
all_dm6_minus_tracheal_sg	318646
all_dm6_minus_tracheal_sg	318649
all_dm6_minus_tracheal_sg	318651
all_dm6_minus_tracheal_sg	318652
all_dm6_minus_tracheal_sg	318653
all_dm6_minus_tracheal_sg	318655
all_dm6_minus_tracheal_sg	318657
all_dm6_minus_tracheal_sg	318662
all_dm6_minus_tracheal_sg	318663
all_dm6_minus_tracheal_sg	318664
all_dm6_minus_tracheal_sg	318666
all_dm6_minus_tracheal_sg	318668
all_dm6_minus_tracheal_sg	318677
all_dm6_minus_tracheal_sg	318680
all_dm6_minus_tracheal_sg	318682
all_dm6_minus_tracheal_sg	318684
all_dm6_minus_tracheal_sg	318688
all_dm6_minus_tracheal_sg	318693
all_dm6_minus_tracheal_sg	318698
all_dm6_minus_tracheal_sg	318700
all_dm6_minus_tracheal_sg	318701
all_dm6_minus_tracheal_sg	318709
all_dm6_minus_tracheal_sg	318714
all_dm6_minus_tracheal_sg	318715
all_dm6_minus_tracheal_sg	318716
all_dm6_minus_tracheal_sg	318720
all_dm6_minus_tracheal_sg	318721
all_dm6_minus_tracheal_sg	318722
all_dm6_minus_tracheal_sg	318725
all_dm6_minus_tracheal_sg	318727
all_dm6_minus_tracheal_sg	318728
all_dm6_minus_tracheal_sg	318734
all_dm6_minus_tracheal_sg	318735
all_dm6_minus_tracheal_sg	318736
all_dm6_minus_tracheal_sg	318737
all_dm6_minus_tracheal_sg	318741
all_dm6_minus_tracheal_sg	318744
all_dm6_minus_tracheal_sg	318746
all_dm6_minus_tracheal_sg	318747
all_dm6_minus_tracheal_sg	318749
all_dm6_minus_tracheal_sg	318751
all_dm6_minus_tracheal_sg	318753
all_dm6_minus_tracheal_sg	318765
all_dm6_minus_tracheal_sg	318778
all_dm6_minus_tracheal_sg	318781
all_dm6_minus_tracheal_sg	318782
all_dm6_minus_tracheal_sg	318783
all_dm6_minus_tracheal_sg	318785
all_dm6_minus_tracheal_sg	318788
all_dm6_minus_tracheal_sg	318790
all_dm6_minus_tracheal_sg	318791
all_dm6_minus_tracheal_sg	318794
all_dm6_minus_tracheal_sg	318795
all_dm6_minus_tracheal_sg	318801
all_dm6_minus_tracheal_sg	318825
all_dm6_minus_tracheal_sg	318826
all_dm6_minus_tracheal_sg	318833
all_dm6_minus_tracheal_sg	318834
all_dm6_minus_tracheal_sg	318835
all_dm6_minus_tracheal_sg	318838
all_dm6_minus_tracheal_sg	318840
all_dm6_minus_tracheal_sg	318841
all_dm6_minus_tracheal_sg	318842
all_dm6_minus_tracheal_sg	318845
all_dm6_minus_tracheal_sg	318846
all_dm6_minus_tracheal_sg	318847
all_dm6_minus_tracheal_sg	318854
all_dm6_minus_tracheal_sg	318855
all_dm6_minus_tracheal_sg	318856
all_dm6_minus_tracheal_sg	318857
all_dm6_minus_tracheal_sg	318859
all_dm6_minus_tracheal_sg	318860
all_dm6_minus_tracheal_sg	318865
all_dm6_minus_tracheal_sg	318866
all_dm6_minus_tracheal_sg	318867
all_dm6_minus_tracheal_sg	318868
all_dm6_minus_tracheal_sg	318872
all_dm6_minus_tracheal_sg	318874
all_dm6_minus_tracheal_sg	318875
all_dm6_minus_tracheal_sg	318878
all_dm6_minus_tracheal_sg	318879
all_dm6_minus_tracheal_sg	318880
all_dm6_minus_tracheal_sg	318881
all_dm6_minus_tracheal_sg	318882
all_dm6_minus_tracheal_sg	318883
all_dm6_minus_tracheal_sg	318886
all_dm6_minus_tracheal_sg	318887
all_dm6_minus_tracheal_sg	318888
all_dm6_minus_tracheal_sg	318890
all_dm6_minus_tracheal_sg	318891
all_dm6_minus_tracheal_sg	318892
all_dm6_minus_tracheal_sg	318893
all_dm6_minus_tracheal_sg	318894
all_dm6_minus_tracheal_sg	318901
all_dm6_minus_tracheal_sg	318904
all_dm6_minus_tracheal_sg	318905
all_dm6_minus_tracheal_sg	318906
all_dm6_minus_tracheal_sg	318907
all_dm6_minus_tracheal_sg	318908
all_dm6_minus_tracheal_sg	318909
all_dm6_minus_tracheal_sg	318910
all_dm6_minus_tracheal_sg	318911
all_dm6_minus_tracheal_sg	318912
all_dm6_minus_tracheal_sg	318913
all_dm6_minus_tracheal_sg	318914
all_dm6_minus_tracheal_sg	318916
all_dm6_minus_tracheal_sg	318918
all_dm6_minus_tracheal_sg	318920
all_dm6_minus_tracheal_sg	318922
all_dm6_minus_tracheal_sg	318924
all_dm6_minus_tracheal_sg	318930
all_dm6_minus_tracheal_sg	318934
all_dm6_minus_tracheal_sg	318935
all_dm6_minus_tracheal_sg	318936
all_dm6_minus_tracheal_sg	318937
all_dm6_minus_tracheal_sg	318939
all_dm6_minus_tracheal_sg	318940
all_dm6_minus_tracheal_sg	318941
all_dm6_minus_tracheal_sg	318942
all_dm6_minus_tracheal_sg	318943
all_dm6_minus_tracheal_sg	318946
all_dm6_minus_tracheal_sg	318947
all_dm6_minus_tracheal_sg	318948
all_dm6_minus_tracheal_sg	318949
all_dm6_minus_tracheal_sg	318950
all_dm6_minus_tracheal_sg	318951
all_dm6_minus_tracheal_sg	318952
all_dm6_minus_tracheal_sg	318953
all_dm6_minus_tracheal_sg	318954
all_dm6_minus_tracheal_sg	318956
all_dm6_minus_tracheal_sg	318958
all_dm6_minus_tracheal_sg	318960
all_dm6_minus_tracheal_sg	318961
all_dm6_minus_tracheal_sg	318965
all_dm6_minus_tracheal_sg	318970
all_dm6_minus_tracheal_sg	318972
all_dm6_minus_tracheal_sg	318977
all_dm6_minus_tracheal_sg	318980
all_dm6_minus_tracheal_sg	318981
all_dm6_minus_tracheal_sg	318982
all_dm6_minus_tracheal_sg	318983
all_dm6_minus_tracheal_sg	318986
all_dm6_minus_tracheal_sg	318988
all_dm6_minus_tracheal_sg	318989
all_dm6_minus_tracheal_sg	318990
all_dm6_minus_tracheal_sg	318991
all_dm6_minus_tracheal_sg	318992
all_dm6_minus_tracheal_sg	318993
all_dm6_minus_tracheal_sg	318995
all_dm6_minus_tracheal_sg	318996
all_dm6_minus_tracheal_sg	318997
all_dm6_minus_tracheal_sg	318998
all_dm6_minus_tracheal_sg	319000
all_dm6_minus_tracheal_sg	319011
all_dm6_minus_tracheal_sg	319012
all_dm6_minus_tracheal_sg	319014
all_dm6_minus_tracheal_sg	319016
all_dm6_minus_tracheal_sg	319019
all_dm6_minus_tracheal_sg	319020
all_dm6_minus_tracheal_sg	319021
all_dm6_minus_tracheal_sg	319023
all_dm6_minus_tracheal_sg	319025
all_dm6_minus_tracheal_sg	319026
all_dm6_minus_tracheal_sg	319027
all_dm6_minus_tracheal_sg	319028
all_dm6_minus_tracheal_sg	319030
all_dm6_minus_tracheal_sg	319033
all_dm6_minus_tracheal_sg	319042
all_dm6_minus_tracheal_sg	319043
all_dm6_minus_tracheal_sg	319045
all_dm6_minus_tracheal_sg	319046
all_dm6_minus_tracheal_sg	319047
all_dm6_minus_tracheal_sg	319048
all_dm6_minus_tracheal_sg	319052
all_dm6_minus_tracheal_sg	319064
all_dm6_minus_tracheal_sg	326108
all_dm6_minus_tracheal_sg	326109
all_dm6_minus_tracheal_sg	326110
all_dm6_minus_tracheal_sg	326111
all_dm6_minus_tracheal_sg	326113
all_dm6_minus_tracheal_sg	326114
all_dm6_minus_tracheal_sg	326115
all_dm6_minus_tracheal_sg	326116
all_dm6_minus_tracheal_sg	326117
all_dm6_minus_tracheal_sg	326118
all_dm6_minus_tracheal_sg	326119
all_dm6_minus_tracheal_sg	326120
all_dm6_minus_tracheal_sg	326121
all_dm6_minus_tracheal_sg	326122
all_dm6_minus_tracheal_sg	326123
all_dm6_minus_tracheal_sg	326124
all_dm6_minus_tracheal_sg	326125
all_dm6_minus_tracheal_sg	326126
all_dm6_minus_tracheal_sg	326127
all_dm6_minus_tracheal_sg	326128
all_dm6_minus_tracheal_sg	326129
all_dm6_minus_tracheal_sg	326130
all_dm6_minus_tracheal_sg	326131
all_dm6_minus_tracheal_sg	326132
all_dm6_minus_tracheal_sg	326133
all_dm6_minus_tracheal_sg	326135
all_dm6_minus_tracheal_sg	326136
all_dm6_minus_tracheal_sg	326137
all_dm6_minus_tracheal_sg	326138
all_dm6_minus_tracheal_sg	326139
all_dm6_minus_tracheal_sg	326140
all_dm6_minus_tracheal_sg	326142
all_dm6_minus_tracheal_sg	326144
all_dm6_minus_tracheal_sg	326145
all_dm6_minus_tracheal_sg	326146
all_dm6_minus_tracheal_sg	326147
all_dm6_minus_tracheal_sg	326149
all_dm6_minus_tracheal_sg	326150
all_dm6_minus_tracheal_sg	326151
all_dm6_minus_tracheal_sg	326152
all_dm6_minus_tracheal_sg	326153
all_dm6_minus_tracheal_sg	326154
all_dm6_minus_tracheal_sg	326155
all_dm6_minus_tracheal_sg	326156
all_dm6_minus_tracheal_sg	326157
all_dm6_minus_tracheal_sg	326158
all_dm6_minus_tracheal_sg	326159
all_dm6_minus_tracheal_sg	326160
all_dm6_minus_tracheal_sg	326161
all_dm6_minus_tracheal_sg	326163
all_dm6_minus_tracheal_sg	326164
all_dm6_minus_tracheal_sg	326165
all_dm6_minus_tracheal_sg	326166
all_dm6_minus_tracheal_sg	326167
all_dm6_minus_tracheal_sg	326168
all_dm6_minus_tracheal_sg	326169
all_dm6_minus_tracheal_sg	326170
all_dm6_minus_tracheal_sg	326171
all_dm6_minus_tracheal_sg	326172
all_dm6_minus_tracheal_sg	326173
all_dm6_minus_tracheal_sg	326174
all_dm6_minus_tracheal_sg	326175
all_dm6_minus_tracheal_sg	326176
all_dm6_minus_tracheal_sg	326177
all_dm6_minus_tracheal_sg	326178
all_dm6_minus_tracheal_sg	326179
all_dm6_minus_tracheal_sg	326181
all_dm6_minus_tracheal_sg	326182
all_dm6_minus_tracheal_sg	326183
all_dm6_minus_tracheal_sg	326184
all_dm6_minus_tracheal_sg	326185
all_dm6_minus_tracheal_sg	326186
all_dm6_minus_tracheal_sg	326187
all_dm6_minus_tracheal_sg	326188
all_dm6_minus_tracheal_sg	326189
all_dm6_minus_tracheal_sg	326191
all_dm6_minus_tracheal_sg	326192
all_dm6_minus_tracheal_sg	326193
all_dm6_minus_tracheal_sg	326194
all_dm6_minus_tracheal_sg	326195
all_dm6_minus_tracheal_sg	326196
all_dm6_minus_tracheal_sg	326197
all_dm6_minus_tracheal_sg	326198
all_dm6_minus_tracheal_sg	326199
all_dm6_minus_tracheal_sg	326202
all_dm6_minus_tracheal_sg	326203
all_dm6_minus_tracheal_sg	326205
all_dm6_minus_tracheal_sg	326207
all_dm6_minus_tracheal_sg	326209
all_dm6_minus_tracheal_sg	326211
all_dm6_minus_tracheal_sg	326214
all_dm6_minus_tracheal_sg	326215
all_dm6_minus_tracheal_sg	326216
all_dm6_minus_tracheal_sg	326219
all_dm6_minus_tracheal_sg	326220
all_dm6_minus_tracheal_sg	326221
all_dm6_minus_tracheal_sg	326222
all_dm6_minus_tracheal_sg	326223
all_dm6_minus_tracheal_sg	326224
all_dm6_minus_tracheal_sg	326225
all_dm6_minus_tracheal_sg	326226
all_dm6_minus_tracheal_sg	326227
all_dm6_minus_tracheal_sg	326229
all_dm6_minus_tracheal_sg	326230
all_dm6_minus_tracheal_sg	326232
all_dm6_minus_tracheal_sg	326235
all_dm6_minus_tracheal_sg	326238
all_dm6_minus_tracheal_sg	326240
all_dm6_minus_tracheal_sg	326244
all_dm6_minus_tracheal_sg	326245
all_dm6_minus_tracheal_sg	326246
all_dm6_minus_tracheal_sg	326250
all_dm6_minus_tracheal_sg	326251
all_dm6_minus_tracheal_sg	326253
all_dm6_minus_tracheal_sg	326254
all_dm6_minus_tracheal_sg	326255
all_dm6_minus_tracheal_sg	326256
all_dm6_minus_tracheal_sg	326257
all_dm6_minus_tracheal_sg	326258
all_dm6_minus_tracheal_sg	326259
all_dm6_minus_tracheal_sg	326260
all_dm6_minus_tracheal_sg	326261
all_dm6_minus_tracheal_sg	326262
all_dm6_minus_tracheal_sg	326263
all_dm6_minus_tracheal_sg	326264
all_dm6_minus_tracheal_sg	326265
all_dm6_minus_tracheal_sg	326267
all_dm6_minus_tracheal_sg	326270
all_dm6_minus_tracheal_sg	326273
all_dm6_minus_tracheal_sg	326328
all_dm6_minus_tracheal_sg	326329
all_dm6_minus_tracheal_sg	338392
all_dm6_minus_tracheal_sg	338395
all_dm6_minus_tracheal_sg	2768659
all_dm6_minus_tracheal_sg	2768661
all_dm6_minus_tracheal_sg	2768664
all_dm6_minus_tracheal_sg	2768665
all_dm6_minus_tracheal_sg	2768666
all_dm6_minus_tracheal_sg	2768668
all_dm6_minus_tracheal_sg	2768669
all_dm6_minus_tracheal_sg	2768671
all_dm6_minus_tracheal_sg	2768672
all_dm6_minus_tracheal_sg	2768673
all_dm6_minus_tracheal_sg	2768674
all_dm6_minus_tracheal_sg	2768677
all_dm6_minus_tracheal_sg	2768678
all_dm6_minus_tracheal_sg	2768679
all_dm6_minus_tracheal_sg	2768680
all_dm6_minus_tracheal_sg	2768681
all_dm6_minus_tracheal_sg	2768682
all_dm6_minus_tracheal_sg	2768683
all_dm6_minus_tracheal_sg	2768684
all_dm6_minus_tracheal_sg	2768686
all_dm6_minus_tracheal_sg	2768687
all_dm6_minus_tracheal_sg	2768688
all_dm6_minus_tracheal_sg	2768690
all_dm6_minus_tracheal_sg	2768691
all_dm6_minus_tracheal_sg	2768693
all_dm6_minus_tracheal_sg	2768714
all_dm6_minus_tracheal_sg	2768715
all_dm6_minus_tracheal_sg	2768716
all_dm6_minus_tracheal_sg	2768717
all_dm6_minus_tracheal_sg	2768718
all_dm6_minus_tracheal_sg	2768720
all_dm6_minus_tracheal_sg	2768721
all_dm6_minus_tracheal_sg	2768722
all_dm6_minus_tracheal_sg	2768724
all_dm6_minus_tracheal_sg	2768725
all_dm6_minus_tracheal_sg	2768726
all_dm6_minus_tracheal_sg	2768727
all_dm6_minus_tracheal_sg	2768728
all_dm6_minus_tracheal_sg	2768730
all_dm6_minus_tracheal_sg	2768732
all_dm6_minus_tracheal_sg	2768832
all_dm6_minus_tracheal_sg	2768833
all_dm6_minus_tracheal_sg	2768834
all_dm6_minus_tracheal_sg	2768840
all_dm6_minus_tracheal_sg	2768841
all_dm6_minus_tracheal_sg	2768844
all_dm6_minus_tracheal_sg	2768846
all_dm6_minus_tracheal_sg	2768847
all_dm6_minus_tracheal_sg	2768848
all_dm6_minus_tracheal_sg	2768850
all_dm6_minus_tracheal_sg	2768851
all_dm6_minus_tracheal_sg	2768853
all_dm6_minus_tracheal_sg	2768858
all_dm6_minus_tracheal_sg	2768860
all_dm6_minus_tracheal_sg	2768865
all_dm6_minus_tracheal_sg	2768867
all_dm6_minus_tracheal_sg	2768869
all_dm6_minus_tracheal_sg	2768870
all_dm6_minus_tracheal_sg	2768871
all_dm6_minus_tracheal_sg	2768872
all_dm6_minus_tracheal_sg	2768873
all_dm6_minus_tracheal_sg	2768875
all_dm6_minus_tracheal_sg	2768877
all_dm6_minus_tracheal_sg	2768879
all_dm6_minus_tracheal_sg	2768881
all_dm6_minus_tracheal_sg	2768882
all_dm6_minus_tracheal_sg	2768883
all_dm6_minus_tracheal_sg	2768886
all_dm6_minus_tracheal_sg	2768892
all_dm6_minus_tracheal_sg	2768895
all_dm6_minus_tracheal_sg	2768896
all_dm6_minus_tracheal_sg	2768897
all_dm6_minus_tracheal_sg	2768898
all_dm6_minus_tracheal_sg	2768899
all_dm6_minus_tracheal_sg	2768900
all_dm6_minus_tracheal_sg	2768901
all_dm6_minus_tracheal_sg	2768902
all_dm6_minus_tracheal_sg	2768903
all_dm6_minus_tracheal_sg	2768904
all_dm6_minus_tracheal_sg	2768905
all_dm6_minus_tracheal_sg	2768906
all_dm6_minus_tracheal_sg	2768908
all_dm6_minus_tracheal_sg	2768909
all_dm6_minus_tracheal_sg	2768910
all_dm6_minus_tracheal_sg	2768911
all_dm6_minus_tracheal_sg	2768912
all_dm6_minus_tracheal_sg	2768914
all_dm6_minus_tracheal_sg	2768915
all_dm6_minus_tracheal_sg	2768916
all_dm6_minus_tracheal_sg	2768917
all_dm6_minus_tracheal_sg	2768918
all_dm6_minus_tracheal_sg	2768920
all_dm6_minus_tracheal_sg	2768923
all_dm6_minus_tracheal_sg	2768924
all_dm6_minus_tracheal_sg	2768925
all_dm6_minus_tracheal_sg	2768926
all_dm6_minus_tracheal_sg	2768929
all_dm6_minus_tracheal_sg	2768931
all_dm6_minus_tracheal_sg	2768932
all_dm6_minus_tracheal_sg	2768933
all_dm6_minus_tracheal_sg	2768934
all_dm6_minus_tracheal_sg	2768938
all_dm6_minus_tracheal_sg	2768939
all_dm6_minus_tracheal_sg	2768940
all_dm6_minus_tracheal_sg	2768941
all_dm6_minus_tracheal_sg	2768944
all_dm6_minus_tracheal_sg	2768945
all_dm6_minus_tracheal_sg	2768946
all_dm6_minus_tracheal_sg	2768949
all_dm6_minus_tracheal_sg	2768950
all_dm6_minus_tracheal_sg	2768951
all_dm6_minus_tracheal_sg	2768952
all_dm6_minus_tracheal_sg	2768954
all_dm6_minus_tracheal_sg	2768955
all_dm6_minus_tracheal_sg	2768957
all_dm6_minus_tracheal_sg	2768958
all_dm6_minus_tracheal_sg	2768961
all_dm6_minus_tracheal_sg	2768962
all_dm6_minus_tracheal_sg	2768963
all_dm6_minus_tracheal_sg	2768964
all_dm6_minus_tracheal_sg	2768965
all_dm6_minus_tracheal_sg	2768967
all_dm6_minus_tracheal_sg	2768968
all_dm6_minus_tracheal_sg	2768969
all_dm6_minus_tracheal_sg	2768970
all_dm6_minus_tracheal_sg	2768971
all_dm6_minus_tracheal_sg	2768972
all_dm6_minus_tracheal_sg	2768973
all_dm6_minus_tracheal_sg	2768974
all_dm6_minus_tracheal_sg	2768975
all_dm6_minus_tracheal_sg	2768976
all_dm6_minus_tracheal_sg	2768977
all_dm6_minus_tracheal_sg	2768978
all_dm6_minus_tracheal_sg	2768979
all_dm6_minus_tracheal_sg	2768980
all_dm6_minus_tracheal_sg	2768982
all_dm6_minus_tracheal_sg	2768983
all_dm6_minus_tracheal_sg	2768984
all_dm6_minus_tracheal_sg	2768986
all_dm6_minus_tracheal_sg	2768987
all_dm6_minus_tracheal_sg	2768988
all_dm6_minus_tracheal_sg	2768989
all_dm6_minus_tracheal_sg	2768990
all_dm6_minus_tracheal_sg	2768993
all_dm6_minus_tracheal_sg	2768994
all_dm6_minus_tracheal_sg	2768996
all_dm6_minus_tracheal_sg	2768997
all_dm6_minus_tracheal_sg	2768998
all_dm6_minus_tracheal_sg	2768999
all_dm6_minus_tracheal_sg	2769001
all_dm6_minus_tracheal_sg	2769005
all_dm6_minus_tracheal_sg	2769006
all_dm6_minus_tracheal_sg	2769007
all_dm6_minus_tracheal_sg	2769008
all_dm6_minus_tracheal_sg	3346142
all_dm6_minus_tracheal_sg	3346145
all_dm6_minus_tracheal_sg	3346149
all_dm6_minus_tracheal_sg	3346150
all_dm6_minus_tracheal_sg	3346160
all_dm6_minus_tracheal_sg	3346162
all_dm6_minus_tracheal_sg	3346166
all_dm6_minus_tracheal_sg	3346188
all_dm6_minus_tracheal_sg	3346192
all_dm6_minus_tracheal_sg	3346201
all_dm6_minus_tracheal_sg	3346202
all_dm6_minus_tracheal_sg	3346203
all_dm6_minus_tracheal_sg	3346204
all_dm6_minus_tracheal_sg	3346205
all_dm6_minus_tracheal_sg	3346206
all_dm6_minus_tracheal_sg	3346207
all_dm6_minus_tracheal_sg	3346208
all_dm6_minus_tracheal_sg	3346209
all_dm6_minus_tracheal_sg	3346220
all_dm6_minus_tracheal_sg	3346221
all_dm6_minus_tracheal_sg	3346222
all_dm6_minus_tracheal_sg	3346223
all_dm6_minus_tracheal_sg	3346224
all_dm6_minus_tracheal_sg	3346225
all_dm6_minus_tracheal_sg	3346226
all_dm6_minus_tracheal_sg	3346227
all_dm6_minus_tracheal_sg	3346235
all_dm6_minus_tracheal_sg	3346237
all_dm6_minus_tracheal_sg	3346239
all_dm6_minus_tracheal_sg	3354863
all_dm6_minus_tracheal_sg	3354888
all_dm6_minus_tracheal_sg	3354890
all_dm6_minus_tracheal_sg	3354896
all_dm6_minus_tracheal_sg	3354918
all_dm6_minus_tracheal_sg	3354919
all_dm6_minus_tracheal_sg	3354922
all_dm6_minus_tracheal_sg	3354925
all_dm6_minus_tracheal_sg	3354930
all_dm6_minus_tracheal_sg	3354941
all_dm6_minus_tracheal_sg	3354965
all_dm6_minus_tracheal_sg	3354971
all_dm6_minus_tracheal_sg	3354977
all_dm6_minus_tracheal_sg	3354987
all_dm6_minus_tracheal_sg	3354988
all_dm6_minus_tracheal_sg	3354990
all_dm6_minus_tracheal_sg	3354991
all_dm6_minus_tracheal_sg	3354992
all_dm6_minus_tracheal_sg	3354994
all_dm6_minus_tracheal_sg	3354995
all_dm6_minus_tracheal_sg	3354996
all_dm6_minus_tracheal_sg	3355010
all_dm6_minus_tracheal_sg	3355011
all_dm6_minus_tracheal_sg	3355013
all_dm6_minus_tracheal_sg	3355040
all_dm6_minus_tracheal_sg	3355041
all_dm6_minus_tracheal_sg	3355064
all_dm6_minus_tracheal_sg	3355066
all_dm6_minus_tracheal_sg	3355069
all_dm6_minus_tracheal_sg	3355072
all_dm6_minus_tracheal_sg	3355079
all_dm6_minus_tracheal_sg	3355084
all_dm6_minus_tracheal_sg	3355089
all_dm6_minus_tracheal_sg	3355093
all_dm6_minus_tracheal_sg	3355094
all_dm6_minus_tracheal_sg	3355096
all_dm6_minus_tracheal_sg	3355097
all_dm6_minus_tracheal_sg	3355102
all_dm6_minus_tracheal_sg	3355106
all_dm6_minus_tracheal_sg	3355107
all_dm6_minus_tracheal_sg	3355108
all_dm6_minus_tracheal_sg	3355109
all_dm6_minus_tracheal_sg	3355111
all_dm6_minus_tracheal_sg	3355114
all_dm6_minus_tracheal_sg	3355120
all_dm6_minus_tracheal_sg	3355124
all_dm6_minus_tracheal_sg	3355125
all_dm6_minus_tracheal_sg	3355126
all_dm6_minus_tracheal_sg	3355127
all_dm6_minus_tracheal_sg	3355129
all_dm6_minus_tracheal_sg	3355130
all_dm6_minus_tracheal_sg	3355131
all_dm6_minus_tracheal_sg	3355132
all_dm6_minus_tracheal_sg	3355133
all_dm6_minus_tracheal_sg	3355134
all_dm6_minus_tracheal_sg	3355135
all_dm6_minus_tracheal_sg	3355138
all_dm6_minus_tracheal_sg	3355139
all_dm6_minus_tracheal_sg	3355144
all_dm6_minus_tracheal_sg	3355145
all_dm6_minus_tracheal_sg	3355149
all_dm6_minus_tracheal_sg	3355150
all_dm6_minus_tracheal_sg	3355151
all_dm6_minus_tracheal_sg	3355158
all_dm6_minus_tracheal_sg	3355160
all_dm6_minus_tracheal_sg	3355162
all_dm6_minus_tracheal_sg	3355163
all_dm6_minus_tracheal_sg	3355164
all_dm6_minus_tracheal_sg	3355165
all_dm6_minus_tracheal_sg	3355167
all_dm6_minus_tracheal_sg	3355171
all_dm6_minus_tracheal_sg	3355173
all_dm6_minus_tracheal_sg	3355174
all_dm6_minus_tracheal_sg	3355180
all_dm6_minus_tracheal_sg	3355181
all_dm6_minus_tracheal_sg	3771723
all_dm6_minus_tracheal_sg	3771724
all_dm6_minus_tracheal_sg	3771725
all_dm6_minus_tracheal_sg	3771727
all_dm6_minus_tracheal_sg	3771729
all_dm6_minus_tracheal_sg	3771730
all_dm6_minus_tracheal_sg	3771731
all_dm6_minus_tracheal_sg	3771732
all_dm6_minus_tracheal_sg	3771733
all_dm6_minus_tracheal_sg	3771734
all_dm6_minus_tracheal_sg	3771736
all_dm6_minus_tracheal_sg	3771737
all_dm6_minus_tracheal_sg	3771738
all_dm6_minus_tracheal_sg	3771739
all_dm6_minus_tracheal_sg	3771740
all_dm6_minus_tracheal_sg	3771741
all_dm6_minus_tracheal_sg	3771742
all_dm6_minus_tracheal_sg	3771743
all_dm6_minus_tracheal_sg	3771745
all_dm6_minus_tracheal_sg	3771747
all_dm6_minus_tracheal_sg	3771748
all_dm6_minus_tracheal_sg	3771749
all_dm6_minus_tracheal_sg	3771750
all_dm6_minus_tracheal_sg	3771754
all_dm6_minus_tracheal_sg	3771755
all_dm6_minus_tracheal_sg	3771756
all_dm6_minus_tracheal_sg	3771757
all_dm6_minus_tracheal_sg	3771760
all_dm6_minus_tracheal_sg	3771761
all_dm6_minus_tracheal_sg	3771762
all_dm6_minus_tracheal_sg	3771763
all_dm6_minus_tracheal_sg	3771765
all_dm6_minus_tracheal_sg	3771766
all_dm6_minus_tracheal_sg	3771767
all_dm6_minus_tracheal_sg	3771768
all_dm6_minus_tracheal_sg	3771769
all_dm6_minus_tracheal_sg	3771770
all_dm6_minus_tracheal_sg	3771771
all_dm6_minus_tracheal_sg	3771772
all_dm6_minus_tracheal_sg	3771774
all_dm6_minus_tracheal_sg	3771775
all_dm6_minus_tracheal_sg	3771776
all_dm6_minus_tracheal_sg	3771777
all_dm6_minus_tracheal_sg	3771779
all_dm6_minus_tracheal_sg	3771780
all_dm6_minus_tracheal_sg	3771781
all_dm6_minus_tracheal_sg	3771783
all_dm6_minus_tracheal_sg	3771784
all_dm6_minus_tracheal_sg	3771785
all_dm6_minus_tracheal_sg	3771786
all_dm6_minus_tracheal_sg	3771787
all_dm6_minus_tracheal_sg	3771788
all_dm6_minus_tracheal_sg	3771790
all_dm6_minus_tracheal_sg	3771791
all_dm6_minus_tracheal_sg	3771792
all_dm6_minus_tracheal_sg	3771793
all_dm6_minus_tracheal_sg	3771794
all_dm6_minus_tracheal_sg	3771795
all_dm6_minus_tracheal_sg	3771797
all_dm6_minus_tracheal_sg	3771798
all_dm6_minus_tracheal_sg	3771801
all_dm6_minus_tracheal_sg	3771802
all_dm6_minus_tracheal_sg	3771803
all_dm6_minus_tracheal_sg	3771804
all_dm6_minus_tracheal_sg	3771805
all_dm6_minus_tracheal_sg	3771806
all_dm6_minus_tracheal_sg	3771807
all_dm6_minus_tracheal_sg	3771809
all_dm6_minus_tracheal_sg	3771810
all_dm6_minus_tracheal_sg	3771811
all_dm6_minus_tracheal_sg	3771813
all_dm6_minus_tracheal_sg	3771814
all_dm6_minus_tracheal_sg	3771815
all_dm6_minus_tracheal_sg	3771816
all_dm6_minus_tracheal_sg	3771818
all_dm6_minus_tracheal_sg	3771819
all_dm6_minus_tracheal_sg	3771820
all_dm6_minus_tracheal_sg	3771821
all_dm6_minus_tracheal_sg	3771822
all_dm6_minus_tracheal_sg	3771824
all_dm6_minus_tracheal_sg	3771825
all_dm6_minus_tracheal_sg	3771827
all_dm6_minus_tracheal_sg	3771829
all_dm6_minus_tracheal_sg	3771831
all_dm6_minus_tracheal_sg	3771832
all_dm6_minus_tracheal_sg	3771833
all_dm6_minus_tracheal_sg	3771834
all_dm6_minus_tracheal_sg	3771835
all_dm6_minus_tracheal_sg	3771836
all_dm6_minus_tracheal_sg	3771837
all_dm6_minus_tracheal_sg	3771838
all_dm6_minus_tracheal_sg	3771839
all_dm6_minus_tracheal_sg	3771840
all_dm6_minus_tracheal_sg	3771841
all_dm6_minus_tracheal_sg	3771842
all_dm6_minus_tracheal_sg	3771843
all_dm6_minus_tracheal_sg	3771844
all_dm6_minus_tracheal_sg	3771845
all_dm6_minus_tracheal_sg	3771847
all_dm6_minus_tracheal_sg	3771848
all_dm6_minus_tracheal_sg	3771849
all_dm6_minus_tracheal_sg	3771850
all_dm6_minus_tracheal_sg	3771851
all_dm6_minus_tracheal_sg	3771854
all_dm6_minus_tracheal_sg	3771855
all_dm6_minus_tracheal_sg	3771856
all_dm6_minus_tracheal_sg	3771858
all_dm6_minus_tracheal_sg	3771859
all_dm6_minus_tracheal_sg	3771860
all_dm6_minus_tracheal_sg	3771861
all_dm6_minus_tracheal_sg	3771862
all_dm6_minus_tracheal_sg	3771863
all_dm6_minus_tracheal_sg	3771864
all_dm6_minus_tracheal_sg	3771865
all_dm6_minus_tracheal_sg	3771866
all_dm6_minus_tracheal_sg	3771867
all_dm6_minus_tracheal_sg	3771868
all_dm6_minus_tracheal_sg	3771869
all_dm6_minus_tracheal_sg	3771870
all_dm6_minus_tracheal_sg	3771871
all_dm6_minus_tracheal_sg	3771872
all_dm6_minus_tracheal_sg	3771874
all_dm6_minus_tracheal_sg	3771875
all_dm6_minus_tracheal_sg	3771877
all_dm6_minus_tracheal_sg	3771878
all_dm6_minus_tracheal_sg	3771879
all_dm6_minus_tracheal_sg	3771881
all_dm6_minus_tracheal_sg	3771882
all_dm6_minus_tracheal_sg	3771884
all_dm6_minus_tracheal_sg	3771887
all_dm6_minus_tracheal_sg	3771888
all_dm6_minus_tracheal_sg	3771889
all_dm6_minus_tracheal_sg	3771890
all_dm6_minus_tracheal_sg	3771891
all_dm6_minus_tracheal_sg	3771892
all_dm6_minus_tracheal_sg	3771893
all_dm6_minus_tracheal_sg	3771894
all_dm6_minus_tracheal_sg	3771896
all_dm6_minus_tracheal_sg	3771898
all_dm6_minus_tracheal_sg	3771899
all_dm6_minus_tracheal_sg	3771901
all_dm6_minus_tracheal_sg	3771902
all_dm6_minus_tracheal_sg	3771903
all_dm6_minus_tracheal_sg	3771904
all_dm6_minus_tracheal_sg	3771906
all_dm6_minus_tracheal_sg	3771907
all_dm6_minus_tracheal_sg	3771908
all_dm6_minus_tracheal_sg	3771910
all_dm6_minus_tracheal_sg	3771911
all_dm6_minus_tracheal_sg	3771912
all_dm6_minus_tracheal_sg	3771913
all_dm6_minus_tracheal_sg	3771914
all_dm6_minus_tracheal_sg	3771915
all_dm6_minus_tracheal_sg	3771916
all_dm6_minus_tracheal_sg	3771918
all_dm6_minus_tracheal_sg	3771919
all_dm6_minus_tracheal_sg	3771920
all_dm6_minus_tracheal_sg	3771921
all_dm6_minus_tracheal_sg	3771922
all_dm6_minus_tracheal_sg	3771924
all_dm6_minus_tracheal_sg	3771925
all_dm6_minus_tracheal_sg	3771926
all_dm6_minus_tracheal_sg	3771927
all_dm6_minus_tracheal_sg	3771929
all_dm6_minus_tracheal_sg	3771930
all_dm6_minus_tracheal_sg	3771931
all_dm6_minus_tracheal_sg	3771932
all_dm6_minus_tracheal_sg	3771933
all_dm6_minus_tracheal_sg	3771934
all_dm6_minus_tracheal_sg	3771935
all_dm6_minus_tracheal_sg	3771936
all_dm6_minus_tracheal_sg	3771937
all_dm6_minus_tracheal_sg	3771938
all_dm6_minus_tracheal_sg	3771939
all_dm6_minus_tracheal_sg	3771940
all_dm6_minus_tracheal_sg	3771941
all_dm6_minus_tracheal_sg	3771942
all_dm6_minus_tracheal_sg	3771943
all_dm6_minus_tracheal_sg	3771944
all_dm6_minus_tracheal_sg	3771945
all_dm6_minus_tracheal_sg	3771946
all_dm6_minus_tracheal_sg	3771947
all_dm6_minus_tracheal_sg	3771948
all_dm6_minus_tracheal_sg	3771949
all_dm6_minus_tracheal_sg	3771950
all_dm6_minus_tracheal_sg	3771951
all_dm6_minus_tracheal_sg	3771952
all_dm6_minus_tracheal_sg	3771953
all_dm6_minus_tracheal_sg	3771954
all_dm6_minus_tracheal_sg	3771956
all_dm6_minus_tracheal_sg	3771957
all_dm6_minus_tracheal_sg	3771958
all_dm6_minus_tracheal_sg	3771959
all_dm6_minus_tracheal_sg	3771960
all_dm6_minus_tracheal_sg	3771961
all_dm6_minus_tracheal_sg	3771962
all_dm6_minus_tracheal_sg	3771963
all_dm6_minus_tracheal_sg	3771965
all_dm6_minus_tracheal_sg	3771966
all_dm6_minus_tracheal_sg	3771969
all_dm6_minus_tracheal_sg	3771970
all_dm6_minus_tracheal_sg	3771971
all_dm6_minus_tracheal_sg	3771972
all_dm6_minus_tracheal_sg	3771973
all_dm6_minus_tracheal_sg	3771974
all_dm6_minus_tracheal_sg	3771975
all_dm6_minus_tracheal_sg	3771976
all_dm6_minus_tracheal_sg	3771978
all_dm6_minus_tracheal_sg	3771979
all_dm6_minus_tracheal_sg	3771980
all_dm6_minus_tracheal_sg	3771981
all_dm6_minus_tracheal_sg	3771982
all_dm6_minus_tracheal_sg	3771984
all_dm6_minus_tracheal_sg	3771985
all_dm6_minus_tracheal_sg	3771986
all_dm6_minus_tracheal_sg	3771988
all_dm6_minus_tracheal_sg	3771990
all_dm6_minus_tracheal_sg	3771991
all_dm6_minus_tracheal_sg	3771992
all_dm6_minus_tracheal_sg	3771993
all_dm6_minus_tracheal_sg	3771994
all_dm6_minus_tracheal_sg	3771995
all_dm6_minus_tracheal_sg	3771997
all_dm6_minus_tracheal_sg	3771999
all_dm6_minus_tracheal_sg	3772000
all_dm6_minus_tracheal_sg	3772001
all_dm6_minus_tracheal_sg	3772002
all_dm6_minus_tracheal_sg	3772003
all_dm6_minus_tracheal_sg	3772004
all_dm6_minus_tracheal_sg	3772005
all_dm6_minus_tracheal_sg	3772006
all_dm6_minus_tracheal_sg	3772007
all_dm6_minus_tracheal_sg	3772008
all_dm6_minus_tracheal_sg	3772009
all_dm6_minus_tracheal_sg	3772010
all_dm6_minus_tracheal_sg	3772011
all_dm6_minus_tracheal_sg	3772012
all_dm6_minus_tracheal_sg	3772013
all_dm6_minus_tracheal_sg	3772014
all_dm6_minus_tracheal_sg	3772017
all_dm6_minus_tracheal_sg	3772019
all_dm6_minus_tracheal_sg	3772020
all_dm6_minus_tracheal_sg	3772021
all_dm6_minus_tracheal_sg	3772022
all_dm6_minus_tracheal_sg	3772023
all_dm6_minus_tracheal_sg	3772025
all_dm6_minus_tracheal_sg	3772026
all_dm6_minus_tracheal_sg	3772028
all_dm6_minus_tracheal_sg	3772029
all_dm6_minus_tracheal_sg	3772031
all_dm6_minus_tracheal_sg	3772032
all_dm6_minus_tracheal_sg	3772033
all_dm6_minus_tracheal_sg	3772034
all_dm6_minus_tracheal_sg	3772035
all_dm6_minus_tracheal_sg	3772036
all_dm6_minus_tracheal_sg	3772037
all_dm6_minus_tracheal_sg	3772038
all_dm6_minus_tracheal_sg	3772040
all_dm6_minus_tracheal_sg	3772042
all_dm6_minus_tracheal_sg	3772043
all_dm6_minus_tracheal_sg	3772044
all_dm6_minus_tracheal_sg	3772045
all_dm6_minus_tracheal_sg	3772046
all_dm6_minus_tracheal_sg	3772047
all_dm6_minus_tracheal_sg	3772048
all_dm6_minus_tracheal_sg	3772049
all_dm6_minus_tracheal_sg	3772050
all_dm6_minus_tracheal_sg	3772051
all_dm6_minus_tracheal_sg	3772052
all_dm6_minus_tracheal_sg	3772053
all_dm6_minus_tracheal_sg	3772054
all_dm6_minus_tracheal_sg	3772055
all_dm6_minus_tracheal_sg	3772056
all_dm6_minus_tracheal_sg	3772058
all_dm6_minus_tracheal_sg	3772059
all_dm6_minus_tracheal_sg	3772060
all_dm6_minus_tracheal_sg	3772061
all_dm6_minus_tracheal_sg	3772062
all_dm6_minus_tracheal_sg	3772064
all_dm6_minus_tracheal_sg	3772065
all_dm6_minus_tracheal_sg	3772066
all_dm6_minus_tracheal_sg	3772067
all_dm6_minus_tracheal_sg	3772068
all_dm6_minus_tracheal_sg	3772069
all_dm6_minus_tracheal_sg	3772070
all_dm6_minus_tracheal_sg	3772071
all_dm6_minus_tracheal_sg	3772072
all_dm6_minus_tracheal_sg	3772073
all_dm6_minus_tracheal_sg	3772075
all_dm6_minus_tracheal_sg	3772076
all_dm6_minus_tracheal_sg	3772077
all_dm6_minus_tracheal_sg	3772078
all_dm6_minus_tracheal_sg	3772079
all_dm6_minus_tracheal_sg	3772080
all_dm6_minus_tracheal_sg	3772081
all_dm6_minus_tracheal_sg	3772083
all_dm6_minus_tracheal_sg	3772084
all_dm6_minus_tracheal_sg	3772085
all_dm6_minus_tracheal_sg	3772086
all_dm6_minus_tracheal_sg	3772087
all_dm6_minus_tracheal_sg	3772088
all_dm6_minus_tracheal_sg	3772089
all_dm6_minus_tracheal_sg	3772090
all_dm6_minus_tracheal_sg	3772091
all_dm6_minus_tracheal_sg	3772092
all_dm6_minus_tracheal_sg	3772094
all_dm6_minus_tracheal_sg	3772095
all_dm6_minus_tracheal_sg	3772096
all_dm6_minus_tracheal_sg	3772098
all_dm6_minus_tracheal_sg	3772099
all_dm6_minus_tracheal_sg	3772100
all_dm6_minus_tracheal_sg	3772101
all_dm6_minus_tracheal_sg	3772102
all_dm6_minus_tracheal_sg	3772103
all_dm6_minus_tracheal_sg	3772104
all_dm6_minus_tracheal_sg	3772105
all_dm6_minus_tracheal_sg	3772106
all_dm6_minus_tracheal_sg	3772107
all_dm6_minus_tracheal_sg	3772108
all_dm6_minus_tracheal_sg	3772111
all_dm6_minus_tracheal_sg	3772112
all_dm6_minus_tracheal_sg	3772113
all_dm6_minus_tracheal_sg	3772114
all_dm6_minus_tracheal_sg	3772115
all_dm6_minus_tracheal_sg	3772116
all_dm6_minus_tracheal_sg	3772117
all_dm6_minus_tracheal_sg	3772118
all_dm6_minus_tracheal_sg	3772119
all_dm6_minus_tracheal_sg	3772121
all_dm6_minus_tracheal_sg	3772122
all_dm6_minus_tracheal_sg	3772123
all_dm6_minus_tracheal_sg	3772124
all_dm6_minus_tracheal_sg	3772125
all_dm6_minus_tracheal_sg	3772126
all_dm6_minus_tracheal_sg	3772127
all_dm6_minus_tracheal_sg	3772129
all_dm6_minus_tracheal_sg	3772130
all_dm6_minus_tracheal_sg	3772131
all_dm6_minus_tracheal_sg	3772132
all_dm6_minus_tracheal_sg	3772133
all_dm6_minus_tracheal_sg	3772134
all_dm6_minus_tracheal_sg	3772135
all_dm6_minus_tracheal_sg	3772136
all_dm6_minus_tracheal_sg	3772137
all_dm6_minus_tracheal_sg	3772138
all_dm6_minus_tracheal_sg	3772139
all_dm6_minus_tracheal_sg	3772140
all_dm6_minus_tracheal_sg	3772141
all_dm6_minus_tracheal_sg	3772142
all_dm6_minus_tracheal_sg	3772143
all_dm6_minus_tracheal_sg	3772144
all_dm6_minus_tracheal_sg	3772145
all_dm6_minus_tracheal_sg	3772146
all_dm6_minus_tracheal_sg	3772147
all_dm6_minus_tracheal_sg	3772148
all_dm6_minus_tracheal_sg	3772149
all_dm6_minus_tracheal_sg	3772150
all_dm6_minus_tracheal_sg	3772151
all_dm6_minus_tracheal_sg	3772153
all_dm6_minus_tracheal_sg	3772154
all_dm6_minus_tracheal_sg	3772156
all_dm6_minus_tracheal_sg	3772157
all_dm6_minus_tracheal_sg	3772159
all_dm6_minus_tracheal_sg	3772161
all_dm6_minus_tracheal_sg	3772162
all_dm6_minus_tracheal_sg	3772163
all_dm6_minus_tracheal_sg	3772164
all_dm6_minus_tracheal_sg	3772165
all_dm6_minus_tracheal_sg	3772166
all_dm6_minus_tracheal_sg	3772168
all_dm6_minus_tracheal_sg	3772169
all_dm6_minus_tracheal_sg	3772170
all_dm6_minus_tracheal_sg	3772172
all_dm6_minus_tracheal_sg	3772173
all_dm6_minus_tracheal_sg	3772175
all_dm6_minus_tracheal_sg	3772177
all_dm6_minus_tracheal_sg	3772178
all_dm6_minus_tracheal_sg	3772179
all_dm6_minus_tracheal_sg	3772180
all_dm6_minus_tracheal_sg	3772181
all_dm6_minus_tracheal_sg	3772182
all_dm6_minus_tracheal_sg	3772183
all_dm6_minus_tracheal_sg	3772184
all_dm6_minus_tracheal_sg	3772185
all_dm6_minus_tracheal_sg	3772186
all_dm6_minus_tracheal_sg	3772187
all_dm6_minus_tracheal_sg	3772188
all_dm6_minus_tracheal_sg	3772189
all_dm6_minus_tracheal_sg	3772190
all_dm6_minus_tracheal_sg	3772191
all_dm6_minus_tracheal_sg	3772192
all_dm6_minus_tracheal_sg	3772194
all_dm6_minus_tracheal_sg	3772195
all_dm6_minus_tracheal_sg	3772196
all_dm6_minus_tracheal_sg	3772197
all_dm6_minus_tracheal_sg	3772198
all_dm6_minus_tracheal_sg	3772199
all_dm6_minus_tracheal_sg	3772200
all_dm6_minus_tracheal_sg	3772201
all_dm6_minus_tracheal_sg	3772202
all_dm6_minus_tracheal_sg	3772203
all_dm6_minus_tracheal_sg	3772204
all_dm6_minus_tracheal_sg	3772205
all_dm6_minus_tracheal_sg	3772206
all_dm6_minus_tracheal_sg	3772210
all_dm6_minus_tracheal_sg	3772211
all_dm6_minus_tracheal_sg	3772212
all_dm6_minus_tracheal_sg	3772213
all_dm6_minus_tracheal_sg	3772214
all_dm6_minus_tracheal_sg	3772215
all_dm6_minus_tracheal_sg	3772217
all_dm6_minus_tracheal_sg	3772218
all_dm6_minus_tracheal_sg	3772219
all_dm6_minus_tracheal_sg	3772220
all_dm6_minus_tracheal_sg	3772221
all_dm6_minus_tracheal_sg	3772223
all_dm6_minus_tracheal_sg	3772225
all_dm6_minus_tracheal_sg	3772226
all_dm6_minus_tracheal_sg	3772227
all_dm6_minus_tracheal_sg	3772228
all_dm6_minus_tracheal_sg	3772229
all_dm6_minus_tracheal_sg	3772230
all_dm6_minus_tracheal_sg	3772231
all_dm6_minus_tracheal_sg	3772233
all_dm6_minus_tracheal_sg	3772235
all_dm6_minus_tracheal_sg	3772238
all_dm6_minus_tracheal_sg	3772240
all_dm6_minus_tracheal_sg	3772241
all_dm6_minus_tracheal_sg	3772242
all_dm6_minus_tracheal_sg	3772243
all_dm6_minus_tracheal_sg	3772244
all_dm6_minus_tracheal_sg	3772245
all_dm6_minus_tracheal_sg	3772246
all_dm6_minus_tracheal_sg	3772247
all_dm6_minus_tracheal_sg	3772248
all_dm6_minus_tracheal_sg	3772249
all_dm6_minus_tracheal_sg	3772251
all_dm6_minus_tracheal_sg	3772252
all_dm6_minus_tracheal_sg	3772253
all_dm6_minus_tracheal_sg	3772254
all_dm6_minus_tracheal_sg	3772255
all_dm6_minus_tracheal_sg	3772256
all_dm6_minus_tracheal_sg	3772257
all_dm6_minus_tracheal_sg	3772258
all_dm6_minus_tracheal_sg	3772259
all_dm6_minus_tracheal_sg	3772260
all_dm6_minus_tracheal_sg	3772261
all_dm6_minus_tracheal_sg	3772262
all_dm6_minus_tracheal_sg	3772263
all_dm6_minus_tracheal_sg	3772264
all_dm6_minus_tracheal_sg	3772265
all_dm6_minus_tracheal_sg	3772266
all_dm6_minus_tracheal_sg	3772267
all_dm6_minus_tracheal_sg	3772268
all_dm6_minus_tracheal_sg	3772270
all_dm6_minus_tracheal_sg	3772271
all_dm6_minus_tracheal_sg	3772272
all_dm6_minus_tracheal_sg	3772273
all_dm6_minus_tracheal_sg	3772274
all_dm6_minus_tracheal_sg	3772276
all_dm6_minus_tracheal_sg	3772278
all_dm6_minus_tracheal_sg	3772279
all_dm6_minus_tracheal_sg	3772280
all_dm6_minus_tracheal_sg	3772281
all_dm6_minus_tracheal_sg	3772282
all_dm6_minus_tracheal_sg	3772284
all_dm6_minus_tracheal_sg	3772285
all_dm6_minus_tracheal_sg	3772286
all_dm6_minus_tracheal_sg	3772287
all_dm6_minus_tracheal_sg	3772288
all_dm6_minus_tracheal_sg	3772289
all_dm6_minus_tracheal_sg	3772290
all_dm6_minus_tracheal_sg	3772291
all_dm6_minus_tracheal_sg	3772292
all_dm6_minus_tracheal_sg	3772294
all_dm6_minus_tracheal_sg	3772295
all_dm6_minus_tracheal_sg	3772296
all_dm6_minus_tracheal_sg	3772297
all_dm6_minus_tracheal_sg	3772298
all_dm6_minus_tracheal_sg	3772299
all_dm6_minus_tracheal_sg	3772300
all_dm6_minus_tracheal_sg	3772303
all_dm6_minus_tracheal_sg	3772305
all_dm6_minus_tracheal_sg	3772306
all_dm6_minus_tracheal_sg	3772307
all_dm6_minus_tracheal_sg	3772308
all_dm6_minus_tracheal_sg	3772309
all_dm6_minus_tracheal_sg	3772310
all_dm6_minus_tracheal_sg	3772311
all_dm6_minus_tracheal_sg	3772314
all_dm6_minus_tracheal_sg	3772316
all_dm6_minus_tracheal_sg	3772317
all_dm6_minus_tracheal_sg	3772318
all_dm6_minus_tracheal_sg	3772319
all_dm6_minus_tracheal_sg	3772320
all_dm6_minus_tracheal_sg	3772321
all_dm6_minus_tracheal_sg	3772322
all_dm6_minus_tracheal_sg	3772323
all_dm6_minus_tracheal_sg	3772325
all_dm6_minus_tracheal_sg	3772326
all_dm6_minus_tracheal_sg	3772327
all_dm6_minus_tracheal_sg	3772328
all_dm6_minus_tracheal_sg	3772329
all_dm6_minus_tracheal_sg	3772330
all_dm6_minus_tracheal_sg	3772331
all_dm6_minus_tracheal_sg	3772333
all_dm6_minus_tracheal_sg	3772334
all_dm6_minus_tracheal_sg	3772335
all_dm6_minus_tracheal_sg	3772336
all_dm6_minus_tracheal_sg	3772337
all_dm6_minus_tracheal_sg	3772338
all_dm6_minus_tracheal_sg	3772339
all_dm6_minus_tracheal_sg	3772340
all_dm6_minus_tracheal_sg	3772341
all_dm6_minus_tracheal_sg	3772342
all_dm6_minus_tracheal_sg	3772343
all_dm6_minus_tracheal_sg	3772344
all_dm6_minus_tracheal_sg	3772345
all_dm6_minus_tracheal_sg	3772346
all_dm6_minus_tracheal_sg	3772347
all_dm6_minus_tracheal_sg	3772348
all_dm6_minus_tracheal_sg	3772349
all_dm6_minus_tracheal_sg	3772350
all_dm6_minus_tracheal_sg	3772351
all_dm6_minus_tracheal_sg	3772352
all_dm6_minus_tracheal_sg	3772353
all_dm6_minus_tracheal_sg	3772355
all_dm6_minus_tracheal_sg	3772356
all_dm6_minus_tracheal_sg	3772357
all_dm6_minus_tracheal_sg	3772359
all_dm6_minus_tracheal_sg	3772360
all_dm6_minus_tracheal_sg	3772361
all_dm6_minus_tracheal_sg	3772362
all_dm6_minus_tracheal_sg	3772363
all_dm6_minus_tracheal_sg	3772364
all_dm6_minus_tracheal_sg	3772366
all_dm6_minus_tracheal_sg	3772367
all_dm6_minus_tracheal_sg	3772368
all_dm6_minus_tracheal_sg	3772369
all_dm6_minus_tracheal_sg	3772370
all_dm6_minus_tracheal_sg	3772371
all_dm6_minus_tracheal_sg	3772372
all_dm6_minus_tracheal_sg	3772373
all_dm6_minus_tracheal_sg	3772374
all_dm6_minus_tracheal_sg	3772377
all_dm6_minus_tracheal_sg	3772380
all_dm6_minus_tracheal_sg	3772381
all_dm6_minus_tracheal_sg	3772383
all_dm6_minus_tracheal_sg	3772384
all_dm6_minus_tracheal_sg	3772385
all_dm6_minus_tracheal_sg	3772386
all_dm6_minus_tracheal_sg	3772387
all_dm6_minus_tracheal_sg	3772388
all_dm6_minus_tracheal_sg	3772389
all_dm6_minus_tracheal_sg	3772390
all_dm6_minus_tracheal_sg	3772391
all_dm6_minus_tracheal_sg	3772392
all_dm6_minus_tracheal_sg	3772394
all_dm6_minus_tracheal_sg	3772395
all_dm6_minus_tracheal_sg	3772396
all_dm6_minus_tracheal_sg	3772397
all_dm6_minus_tracheal_sg	3772398
all_dm6_minus_tracheal_sg	3772399
all_dm6_minus_tracheal_sg	3772400
all_dm6_minus_tracheal_sg	3772404
all_dm6_minus_tracheal_sg	3772405
all_dm6_minus_tracheal_sg	3772407
all_dm6_minus_tracheal_sg	3772408
all_dm6_minus_tracheal_sg	3772409
all_dm6_minus_tracheal_sg	3772410
all_dm6_minus_tracheal_sg	3772411
all_dm6_minus_tracheal_sg	3772412
all_dm6_minus_tracheal_sg	3772413
all_dm6_minus_tracheal_sg	3772414
all_dm6_minus_tracheal_sg	3772415
all_dm6_minus_tracheal_sg	3772416
all_dm6_minus_tracheal_sg	3772417
all_dm6_minus_tracheal_sg	3772418
all_dm6_minus_tracheal_sg	3772419
all_dm6_minus_tracheal_sg	3772420
all_dm6_minus_tracheal_sg	3772421
all_dm6_minus_tracheal_sg	3772422
all_dm6_minus_tracheal_sg	3772423
all_dm6_minus_tracheal_sg	3772424
all_dm6_minus_tracheal_sg	3772425
all_dm6_minus_tracheal_sg	3772427
all_dm6_minus_tracheal_sg	3772428
all_dm6_minus_tracheal_sg	3772429
all_dm6_minus_tracheal_sg	3772431
all_dm6_minus_tracheal_sg	3772432
all_dm6_minus_tracheal_sg	3772433
all_dm6_minus_tracheal_sg	3772434
all_dm6_minus_tracheal_sg	3772436
all_dm6_minus_tracheal_sg	3772437
all_dm6_minus_tracheal_sg	3772438
all_dm6_minus_tracheal_sg	3772439
all_dm6_minus_tracheal_sg	3772440
all_dm6_minus_tracheal_sg	3772441
all_dm6_minus_tracheal_sg	3772443
all_dm6_minus_tracheal_sg	3772444
all_dm6_minus_tracheal_sg	3772445
all_dm6_minus_tracheal_sg	3772446
all_dm6_minus_tracheal_sg	3772447
all_dm6_minus_tracheal_sg	3772448
all_dm6_minus_tracheal_sg	3772449
all_dm6_minus_tracheal_sg	3772451
all_dm6_minus_tracheal_sg	3772452
all_dm6_minus_tracheal_sg	3772453
all_dm6_minus_tracheal_sg	3772454
all_dm6_minus_tracheal_sg	3772455
all_dm6_minus_tracheal_sg	3772456
all_dm6_minus_tracheal_sg	3772457
all_dm6_minus_tracheal_sg	3772459
all_dm6_minus_tracheal_sg	3772460
all_dm6_minus_tracheal_sg	3772461
all_dm6_minus_tracheal_sg	3772462
all_dm6_minus_tracheal_sg	3772463
all_dm6_minus_tracheal_sg	3772464
all_dm6_minus_tracheal_sg	3772465
all_dm6_minus_tracheal_sg	3772466
all_dm6_minus_tracheal_sg	3772468
all_dm6_minus_tracheal_sg	3772469
all_dm6_minus_tracheal_sg	3772471
all_dm6_minus_tracheal_sg	3772473
all_dm6_minus_tracheal_sg	3772474
all_dm6_minus_tracheal_sg	3772476
all_dm6_minus_tracheal_sg	3772477
all_dm6_minus_tracheal_sg	3772478
all_dm6_minus_tracheal_sg	3772479
all_dm6_minus_tracheal_sg	3772480
all_dm6_minus_tracheal_sg	3772481
all_dm6_minus_tracheal_sg	3772483
all_dm6_minus_tracheal_sg	3772485
all_dm6_minus_tracheal_sg	3772486
all_dm6_minus_tracheal_sg	3772487
all_dm6_minus_tracheal_sg	3772488
all_dm6_minus_tracheal_sg	3772489
all_dm6_minus_tracheal_sg	3772491
all_dm6_minus_tracheal_sg	3772494
all_dm6_minus_tracheal_sg	3772495
all_dm6_minus_tracheal_sg	3772496
all_dm6_minus_tracheal_sg	3772498
all_dm6_minus_tracheal_sg	3772499
all_dm6_minus_tracheal_sg	3772500
all_dm6_minus_tracheal_sg	3772501
all_dm6_minus_tracheal_sg	3772502
all_dm6_minus_tracheal_sg	3772503
all_dm6_minus_tracheal_sg	3772504
all_dm6_minus_tracheal_sg	3772505
all_dm6_minus_tracheal_sg	3772506
all_dm6_minus_tracheal_sg	3772507
all_dm6_minus_tracheal_sg	3772508
all_dm6_minus_tracheal_sg	3772509
all_dm6_minus_tracheal_sg	3772510
all_dm6_minus_tracheal_sg	3772511
all_dm6_minus_tracheal_sg	3772512
all_dm6_minus_tracheal_sg	3772513
all_dm6_minus_tracheal_sg	3772515
all_dm6_minus_tracheal_sg	3772517
all_dm6_minus_tracheal_sg	3772518
all_dm6_minus_tracheal_sg	3772519
all_dm6_minus_tracheal_sg	3772520
all_dm6_minus_tracheal_sg	3772521
all_dm6_minus_tracheal_sg	3772522
all_dm6_minus_tracheal_sg	3772523
all_dm6_minus_tracheal_sg	3772524
all_dm6_minus_tracheal_sg	3772525
all_dm6_minus_tracheal_sg	3772526
all_dm6_minus_tracheal_sg	3772527
all_dm6_minus_tracheal_sg	3772528
all_dm6_minus_tracheal_sg	3772530
all_dm6_minus_tracheal_sg	3772532
all_dm6_minus_tracheal_sg	3772533
all_dm6_minus_tracheal_sg	3772534
all_dm6_minus_tracheal_sg	3772535
all_dm6_minus_tracheal_sg	3772537
all_dm6_minus_tracheal_sg	3772538
all_dm6_minus_tracheal_sg	3772540
all_dm6_minus_tracheal_sg	3772541
all_dm6_minus_tracheal_sg	3772542
all_dm6_minus_tracheal_sg	3772543
all_dm6_minus_tracheal_sg	3772544
all_dm6_minus_tracheal_sg	3772545
all_dm6_minus_tracheal_sg	3772547
all_dm6_minus_tracheal_sg	3772548
all_dm6_minus_tracheal_sg	3772550
all_dm6_minus_tracheal_sg	3772551
all_dm6_minus_tracheal_sg	3772552
all_dm6_minus_tracheal_sg	3772553
all_dm6_minus_tracheal_sg	3772554
all_dm6_minus_tracheal_sg	3772556
all_dm6_minus_tracheal_sg	3772557
all_dm6_minus_tracheal_sg	3772558
all_dm6_minus_tracheal_sg	3772559
all_dm6_minus_tracheal_sg	3772561
all_dm6_minus_tracheal_sg	3772562
all_dm6_minus_tracheal_sg	3772563
all_dm6_minus_tracheal_sg	3772564
all_dm6_minus_tracheal_sg	3772565
all_dm6_minus_tracheal_sg	3772566
all_dm6_minus_tracheal_sg	3772567
all_dm6_minus_tracheal_sg	3772570
all_dm6_minus_tracheal_sg	3772572
all_dm6_minus_tracheal_sg	3772573
all_dm6_minus_tracheal_sg	3772574
all_dm6_minus_tracheal_sg	3772575
all_dm6_minus_tracheal_sg	3772576
all_dm6_minus_tracheal_sg	3772577
all_dm6_minus_tracheal_sg	3772578
all_dm6_minus_tracheal_sg	3772579
all_dm6_minus_tracheal_sg	3772580
all_dm6_minus_tracheal_sg	3772581
all_dm6_minus_tracheal_sg	3772582
all_dm6_minus_tracheal_sg	3772583
all_dm6_minus_tracheal_sg	3772584
all_dm6_minus_tracheal_sg	3772585
all_dm6_minus_tracheal_sg	3772587
all_dm6_minus_tracheal_sg	3772588
all_dm6_minus_tracheal_sg	3772589
all_dm6_minus_tracheal_sg	3772591
all_dm6_minus_tracheal_sg	3772593
all_dm6_minus_tracheal_sg	3772594
all_dm6_minus_tracheal_sg	3772595
all_dm6_minus_tracheal_sg	3772596
all_dm6_minus_tracheal_sg	3772598
all_dm6_minus_tracheal_sg	3772599
all_dm6_minus_tracheal_sg	3772600
all_dm6_minus_tracheal_sg	3772601
all_dm6_minus_tracheal_sg	3772602
all_dm6_minus_tracheal_sg	3772603
all_dm6_minus_tracheal_sg	3772605
all_dm6_minus_tracheal_sg	3772606
all_dm6_minus_tracheal_sg	3772607
all_dm6_minus_tracheal_sg	3772611
all_dm6_minus_tracheal_sg	3772612
all_dm6_minus_tracheal_sg	3772615
all_dm6_minus_tracheal_sg	3772617
all_dm6_minus_tracheal_sg	3772618
all_dm6_minus_tracheal_sg	3772619
all_dm6_minus_tracheal_sg	3772620
all_dm6_minus_tracheal_sg	3772621
all_dm6_minus_tracheal_sg	3772622
all_dm6_minus_tracheal_sg	3772623
all_dm6_minus_tracheal_sg	3772624
all_dm6_minus_tracheal_sg	3772625
all_dm6_minus_tracheal_sg	3772627
all_dm6_minus_tracheal_sg	3772628
all_dm6_minus_tracheal_sg	3772629
all_dm6_minus_tracheal_sg	3772630
all_dm6_minus_tracheal_sg	3772631
all_dm6_minus_tracheal_sg	3772632
all_dm6_minus_tracheal_sg	3772633
all_dm6_minus_tracheal_sg	3772634
all_dm6_minus_tracheal_sg	3772635
all_dm6_minus_tracheal_sg	3772636
all_dm6_minus_tracheal_sg	3772637
all_dm6_minus_tracheal_sg	3772638
all_dm6_minus_tracheal_sg	3772639
all_dm6_minus_tracheal_sg	3772640
all_dm6_minus_tracheal_sg	3772641
all_dm6_minus_tracheal_sg	3772642
all_dm6_minus_tracheal_sg	3772643
all_dm6_minus_tracheal_sg	3772644
all_dm6_minus_tracheal_sg	3772646
all_dm6_minus_tracheal_sg	3772647
all_dm6_minus_tracheal_sg	3772648
all_dm6_minus_tracheal_sg	3772649
all_dm6_minus_tracheal_sg	3772651
all_dm6_minus_tracheal_sg	3772652
all_dm6_minus_tracheal_sg	3772653
all_dm6_minus_tracheal_sg	3772654
all_dm6_minus_tracheal_sg	3772655
all_dm6_minus_tracheal_sg	3772656
all_dm6_minus_tracheal_sg	3772657
all_dm6_minus_tracheal_sg	3772658
all_dm6_minus_tracheal_sg	3772659
all_dm6_minus_tracheal_sg	3772660
all_dm6_minus_tracheal_sg	3772662
all_dm6_minus_tracheal_sg	3772663
all_dm6_minus_tracheal_sg	3772664
all_dm6_minus_tracheal_sg	3772665
all_dm6_minus_tracheal_sg	3772666
all_dm6_minus_tracheal_sg	3772667
all_dm6_minus_tracheal_sg	3772668
all_dm6_minus_tracheal_sg	3772669
all_dm6_minus_tracheal_sg	3772671
all_dm6_minus_tracheal_sg	3772672
all_dm6_minus_tracheal_sg	3772673
all_dm6_minus_tracheal_sg	3772674
all_dm6_minus_tracheal_sg	3772675
all_dm6_minus_tracheal_sg	3772676
all_dm6_minus_tracheal_sg	3772677
all_dm6_minus_tracheal_sg	3772678
all_dm6_minus_tracheal_sg	3772680
all_dm6_minus_tracheal_sg	3772681
all_dm6_minus_tracheal_sg	3772683
all_dm6_minus_tracheal_sg	3772684
all_dm6_minus_tracheal_sg	3772685
all_dm6_minus_tracheal_sg	3772686
all_dm6_minus_tracheal_sg	3772688
all_dm6_minus_tracheal_sg	3772690
all_dm6_minus_tracheal_sg	3772691
all_dm6_minus_tracheal_sg	3772692
all_dm6_minus_tracheal_sg	3772695
all_dm6_minus_tracheal_sg	3772696
all_dm6_minus_tracheal_sg	3772698
all_dm6_minus_tracheal_sg	3772699
all_dm6_minus_tracheal_sg	3772700
all_dm6_minus_tracheal_sg	3772701
all_dm6_minus_tracheal_sg	3772702
all_dm6_minus_tracheal_sg	3772703
all_dm6_minus_tracheal_sg	3772704
all_dm6_minus_tracheal_sg	3772705
all_dm6_minus_tracheal_sg	3772707
all_dm6_minus_tracheal_sg	3772708
all_dm6_minus_tracheal_sg	3772709
all_dm6_minus_tracheal_sg	3772710
all_dm6_minus_tracheal_sg	3772712
all_dm6_minus_tracheal_sg	3772714
all_dm6_minus_tracheal_sg	3772715
all_dm6_minus_tracheal_sg	3772716
all_dm6_minus_tracheal_sg	3772717
all_dm6_minus_tracheal_sg	3772718
all_dm6_minus_tracheal_sg	3772719
all_dm6_minus_tracheal_sg	3772720
all_dm6_minus_tracheal_sg	3885565
all_dm6_minus_tracheal_sg	3885567
all_dm6_minus_tracheal_sg	3885569
all_dm6_minus_tracheal_sg	3885570
all_dm6_minus_tracheal_sg	3885572
all_dm6_minus_tracheal_sg	3885573
all_dm6_minus_tracheal_sg	3885575
all_dm6_minus_tracheal_sg	3885576
all_dm6_minus_tracheal_sg	3885577
all_dm6_minus_tracheal_sg	3885578
all_dm6_minus_tracheal_sg	3885579
all_dm6_minus_tracheal_sg	3885581
all_dm6_minus_tracheal_sg	3885583
all_dm6_minus_tracheal_sg	3885584
all_dm6_minus_tracheal_sg	3885585
all_dm6_minus_tracheal_sg	3885587
all_dm6_minus_tracheal_sg	3885588
all_dm6_minus_tracheal_sg	3885589
all_dm6_minus_tracheal_sg	3885590
all_dm6_minus_tracheal_sg	3885592
all_dm6_minus_tracheal_sg	3885594
all_dm6_minus_tracheal_sg	3885596
all_dm6_minus_tracheal_sg	3885597
all_dm6_minus_tracheal_sg	3885598
all_dm6_minus_tracheal_sg	3885599
all_dm6_minus_tracheal_sg	3885600
all_dm6_minus_tracheal_sg	3885601
all_dm6_minus_tracheal_sg	3885602
all_dm6_minus_tracheal_sg	3885603
all_dm6_minus_tracheal_sg	3885605
all_dm6_minus_tracheal_sg	3885606
all_dm6_minus_tracheal_sg	3885607
all_dm6_minus_tracheal_sg	3885608
all_dm6_minus_tracheal_sg	3885611
all_dm6_minus_tracheal_sg	3885612
all_dm6_minus_tracheal_sg	3885616
all_dm6_minus_tracheal_sg	3885619
all_dm6_minus_tracheal_sg	3885620
all_dm6_minus_tracheal_sg	3885622
all_dm6_minus_tracheal_sg	3885627
all_dm6_minus_tracheal_sg	3885628
all_dm6_minus_tracheal_sg	3885632
all_dm6_minus_tracheal_sg	3885633
all_dm6_minus_tracheal_sg	3885636
all_dm6_minus_tracheal_sg	3885637
all_dm6_minus_tracheal_sg	3885638
all_dm6_minus_tracheal_sg	3885639
all_dm6_minus_tracheal_sg	3885640
all_dm6_minus_tracheal_sg	3885642
all_dm6_minus_tracheal_sg	3885643
all_dm6_minus_tracheal_sg	3885644
all_dm6_minus_tracheal_sg	3885645
all_dm6_minus_tracheal_sg	3885646
all_dm6_minus_tracheal_sg	3885647
all_dm6_minus_tracheal_sg	3885648
all_dm6_minus_tracheal_sg	3885650
all_dm6_minus_tracheal_sg	3885654
all_dm6_minus_tracheal_sg	3885655
all_dm6_minus_tracheal_sg	3885656
all_dm6_minus_tracheal_sg	3885657
all_dm6_minus_tracheal_sg	3885658
all_dm6_minus_tracheal_sg	3885660
all_dm6_minus_tracheal_sg	3885664
all_dm6_minus_tracheal_sg	3885665
all_dm6_minus_tracheal_sg	3885667
all_dm6_minus_tracheal_sg	3885668
all_dm6_minus_tracheal_sg	4379815
all_dm6_minus_tracheal_sg	4379817
all_dm6_minus_tracheal_sg	4379834
all_dm6_minus_tracheal_sg	4379842
all_dm6_minus_tracheal_sg	4379850
all_dm6_minus_tracheal_sg	4379851
all_dm6_minus_tracheal_sg	4379852
all_dm6_minus_tracheal_sg	4379854
all_dm6_minus_tracheal_sg	4379856
all_dm6_minus_tracheal_sg	4379860
all_dm6_minus_tracheal_sg	4379861
all_dm6_minus_tracheal_sg	4379863
all_dm6_minus_tracheal_sg	4379864
all_dm6_minus_tracheal_sg	4379865
all_dm6_minus_tracheal_sg	4379866
all_dm6_minus_tracheal_sg	4379867
all_dm6_minus_tracheal_sg	4379868
all_dm6_minus_tracheal_sg	4379869
all_dm6_minus_tracheal_sg	4379870
all_dm6_minus_tracheal_sg	4379873
all_dm6_minus_tracheal_sg	4379878
all_dm6_minus_tracheal_sg	4379879
all_dm6_minus_tracheal_sg	4379880
all_dm6_minus_tracheal_sg	4379881
all_dm6_minus_tracheal_sg	4379884
all_dm6_minus_tracheal_sg	4379885
all_dm6_minus_tracheal_sg	4379886
all_dm6_minus_tracheal_sg	4379887
all_dm6_minus_tracheal_sg	4379888
all_dm6_minus_tracheal_sg	4379889
all_dm6_minus_tracheal_sg	4379890
all_dm6_minus_tracheal_sg	4379891
all_dm6_minus_tracheal_sg	4379892
all_dm6_minus_tracheal_sg	4379897
all_dm6_minus_tracheal_sg	4379900
all_dm6_minus_tracheal_sg	4379905
all_dm6_minus_tracheal_sg	4379906
all_dm6_minus_tracheal_sg	4379907
all_dm6_minus_tracheal_sg	4379908
all_dm6_minus_tracheal_sg	4379909
all_dm6_minus_tracheal_sg	4379912
all_dm6_minus_tracheal_sg	4379919
all_dm6_minus_tracheal_sg	5656835
all_dm6_minus_tracheal_sg	5656836
all_dm6_minus_tracheal_sg	5656837
all_dm6_minus_tracheal_sg	5656838
all_dm6_minus_tracheal_sg	5656839
all_dm6_minus_tracheal_sg	5656840
all_dm6_minus_tracheal_sg	5656841
all_dm6_minus_tracheal_sg	5656842
all_dm6_minus_tracheal_sg	5656843
all_dm6_minus_tracheal_sg	5656844
all_dm6_minus_tracheal_sg	5656845
all_dm6_minus_tracheal_sg	5656847
all_dm6_minus_tracheal_sg	5656848
all_dm6_minus_tracheal_sg	5656850
all_dm6_minus_tracheal_sg	5656851
all_dm6_minus_tracheal_sg	5656852
all_dm6_minus_tracheal_sg	5656853
all_dm6_minus_tracheal_sg	5656854
all_dm6_minus_tracheal_sg	5656855
all_dm6_minus_tracheal_sg	5656856
all_dm6_minus_tracheal_sg	5656864
all_dm6_minus_tracheal_sg	5656865
all_dm6_minus_tracheal_sg	5656866
all_dm6_minus_tracheal_sg	5656867
all_dm6_minus_tracheal_sg	5656868
all_dm6_minus_tracheal_sg	5656870
all_dm6_minus_tracheal_sg	5656871
all_dm6_minus_tracheal_sg	5656872
all_dm6_minus_tracheal_sg	5656873
all_dm6_minus_tracheal_sg	5656874
all_dm6_minus_tracheal_sg	5656875
all_dm6_minus_tracheal_sg	5656876
all_dm6_minus_tracheal_sg	5656877
all_dm6_minus_tracheal_sg	5656878
all_dm6_minus_tracheal_sg	5656880
all_dm6_minus_tracheal_sg	5656884
all_dm6_minus_tracheal_sg	5656885
all_dm6_minus_tracheal_sg	5656886
all_dm6_minus_tracheal_sg	5656887
all_dm6_minus_tracheal_sg	5656888
all_dm6_minus_tracheal_sg	5656889
all_dm6_minus_tracheal_sg	5656890
all_dm6_minus_tracheal_sg	5656891
all_dm6_minus_tracheal_sg	5656892
all_dm6_minus_tracheal_sg	5656893
all_dm6_minus_tracheal_sg	5656894
all_dm6_minus_tracheal_sg	5656895
all_dm6_minus_tracheal_sg	5656896
all_dm6_minus_tracheal_sg	5656897
all_dm6_minus_tracheal_sg	5656898
all_dm6_minus_tracheal_sg	5656899
all_dm6_minus_tracheal_sg	5656900
all_dm6_minus_tracheal_sg	5656901
all_dm6_minus_tracheal_sg	5656902
all_dm6_minus_tracheal_sg	5656903
all_dm6_minus_tracheal_sg	5656904
all_dm6_minus_tracheal_sg	5656905
all_dm6_minus_tracheal_sg	5656906
all_dm6_minus_tracheal_sg	5656907
all_dm6_minus_tracheal_sg	5656908
all_dm6_minus_tracheal_sg	5656909
all_dm6_minus_tracheal_sg	5656910
all_dm6_minus_tracheal_sg	5656911
all_dm6_minus_tracheal_sg	5656912
all_dm6_minus_tracheal_sg	5656913
all_dm6_minus_tracheal_sg	5656914
all_dm6_minus_tracheal_sg	5656915
all_dm6_minus_tracheal_sg	5656916
all_dm6_minus_tracheal_sg	5656917
all_dm6_minus_tracheal_sg	5656918
all_dm6_minus_tracheal_sg	5656919
all_dm6_minus_tracheal_sg	5656923
all_dm6_minus_tracheal_sg	5656924
all_dm6_minus_tracheal_sg	5656925
all_dm6_minus_tracheal_sg	5656928
all_dm6_minus_tracheal_sg	5656929
all_dm6_minus_tracheal_sg	5656930
all_dm6_minus_tracheal_sg	5656933
all_dm6_minus_tracheal_sg	5656934
all_dm6_minus_tracheal_sg	5656935
all_dm6_minus_tracheal_sg	5656936
all_dm6_minus_tracheal_sg	5656937
all_dm6_minus_tracheal_sg	5656938
all_dm6_minus_tracheal_sg	5656939
all_dm6_minus_tracheal_sg	5656940
all_dm6_minus_tracheal_sg	5656941
all_dm6_minus_tracheal_sg	5656942
all_dm6_minus_tracheal_sg	5656943
all_dm6_minus_tracheal_sg	5656944
all_dm6_minus_tracheal_sg	5656945
all_dm6_minus_tracheal_sg	5656946
all_dm6_minus_tracheal_sg	5656947
all_dm6_minus_tracheal_sg	5656950
all_dm6_minus_tracheal_sg	5656951
all_dm6_minus_tracheal_sg	5656952
all_dm6_minus_tracheal_sg	5656953
all_dm6_minus_tracheal_sg	5656955
all_dm6_minus_tracheal_sg	5656956
all_dm6_minus_tracheal_sg	5656957
all_dm6_minus_tracheal_sg	5656958
all_dm6_minus_tracheal_sg	5656959
all_dm6_minus_tracheal_sg	5656960
all_dm6_minus_tracheal_sg	5656961
all_dm6_minus_tracheal_sg	5656962
all_dm6_minus_tracheal_sg	5656963
all_dm6_minus_tracheal_sg	5656964
all_dm6_minus_tracheal_sg	5656965
all_dm6_minus_tracheal_sg	5656967
all_dm6_minus_tracheal_sg	5656968
all_dm6_minus_tracheal_sg	5656969
all_dm6_minus_tracheal_sg	5656970
all_dm6_minus_tracheal_sg	5656971
all_dm6_minus_tracheal_sg	5656972
all_dm6_minus_tracheal_sg	5656973
all_dm6_minus_tracheal_sg	5656974
all_dm6_minus_tracheal_sg	5656975
all_dm6_minus_tracheal_sg	5656976
all_dm6_minus_tracheal_sg	5656978
all_dm6_minus_tracheal_sg	5656980
all_dm6_minus_tracheal_sg	5656981
all_dm6_minus_tracheal_sg	5656983
all_dm6_minus_tracheal_sg	5656984
all_dm6_minus_tracheal_sg	5656985
all_dm6_minus_tracheal_sg	5656986
all_dm6_minus_tracheal_sg	5656988
all_dm6_minus_tracheal_sg	5656989
all_dm6_minus_tracheal_sg	5656990
all_dm6_minus_tracheal_sg	5656991
all_dm6_minus_tracheal_sg	5656994
all_dm6_minus_tracheal_sg	5656995
all_dm6_minus_tracheal_sg	5656996
all_dm6_minus_tracheal_sg	5656997
all_dm6_minus_tracheal_sg	5656998
all_dm6_minus_tracheal_sg	5656999
all_dm6_minus_tracheal_sg	5657005
all_dm6_minus_tracheal_sg	5657006
all_dm6_minus_tracheal_sg	5657007
all_dm6_minus_tracheal_sg	5657010
all_dm6_minus_tracheal_sg	5657013
all_dm6_minus_tracheal_sg	5657014
all_dm6_minus_tracheal_sg	5657015
all_dm6_minus_tracheal_sg	5657016
all_dm6_minus_tracheal_sg	5657017
all_dm6_minus_tracheal_sg	5657018
all_dm6_minus_tracheal_sg	5657019
all_dm6_minus_tracheal_sg	5657020
all_dm6_minus_tracheal_sg	5657021
all_dm6_minus_tracheal_sg	5657022
all_dm6_minus_tracheal_sg	5657023
all_dm6_minus_tracheal_sg	5657024
all_dm6_minus_tracheal_sg	5657025
all_dm6_minus_tracheal_sg	5657026
all_dm6_minus_tracheal_sg	5657027
all_dm6_minus_tracheal_sg	5657028
all_dm6_minus_tracheal_sg	5657029
all_dm6_minus_tracheal_sg	5657030
all_dm6_minus_tracheal_sg	5657031
all_dm6_minus_tracheal_sg	5657032
all_dm6_minus_tracheal_sg	5657033
all_dm6_minus_tracheal_sg	5657034
all_dm6_minus_tracheal_sg	5657035
all_dm6_minus_tracheal_sg	5657036
all_dm6_minus_tracheal_sg	5657037
all_dm6_minus_tracheal_sg	5657038
all_dm6_minus_tracheal_sg	5657039
all_dm6_minus_tracheal_sg	5657040
all_dm6_minus_tracheal_sg	5657041
all_dm6_minus_tracheal_sg	5657042
all_dm6_minus_tracheal_sg	5657043
all_dm6_minus_tracheal_sg	5657044
all_dm6_minus_tracheal_sg	5657045
all_dm6_minus_tracheal_sg	5657046
all_dm6_minus_tracheal_sg	5657047
all_dm6_minus_tracheal_sg	5657048
all_dm6_minus_tracheal_sg	5657049
all_dm6_minus_tracheal_sg	5657050
all_dm6_minus_tracheal_sg	5657051
all_dm6_minus_tracheal_sg	5657052
all_dm6_minus_tracheal_sg	5657053
all_dm6_minus_tracheal_sg	5657054
all_dm6_minus_tracheal_sg	5657055
all_dm6_minus_tracheal_sg	5657056
all_dm6_minus_tracheal_sg	5657057
all_dm6_minus_tracheal_sg	5657058
all_dm6_minus_tracheal_sg	5657059
all_dm6_minus_tracheal_sg	5657060
all_dm6_minus_tracheal_sg	5657061
all_dm6_minus_tracheal_sg	5657062
all_dm6_minus_tracheal_sg	5657063
all_dm6_minus_tracheal_sg	5657064
all_dm6_minus_tracheal_sg	5657065
all_dm6_minus_tracheal_sg	5657066
all_dm6_minus_tracheal_sg	5657067
all_dm6_minus_tracheal_sg	5657068
all_dm6_minus_tracheal_sg	5657069
all_dm6_minus_tracheal_sg	5657070
all_dm6_minus_tracheal_sg	5657071
all_dm6_minus_tracheal_sg	5657072
all_dm6_minus_tracheal_sg	5657073
all_dm6_minus_tracheal_sg	5657074
all_dm6_minus_tracheal_sg	5657075
all_dm6_minus_tracheal_sg	5657076
all_dm6_minus_tracheal_sg	5657077
all_dm6_minus_tracheal_sg	5657078
all_dm6_minus_tracheal_sg	5657079
all_dm6_minus_tracheal_sg	5657080
all_dm6_minus_tracheal_sg	5657081
all_dm6_minus_tracheal_sg	5657082
all_dm6_minus_tracheal_sg	5657083
all_dm6_minus_tracheal_sg	5657084
all_dm6_minus_tracheal_sg	5657085
all_dm6_minus_tracheal_sg	5657086
all_dm6_minus_tracheal_sg	5657087
all_dm6_minus_tracheal_sg	5657091
all_dm6_minus_tracheal_sg	5657093
all_dm6_minus_tracheal_sg	5657095
all_dm6_minus_tracheal_sg	5657096
all_dm6_minus_tracheal_sg	5657097
all_dm6_minus_tracheal_sg	5657098
all_dm6_minus_tracheal_sg	5657099
all_dm6_minus_tracheal_sg	5657100
all_dm6_minus_tracheal_sg	5657101
all_dm6_minus_tracheal_sg	5657102
all_dm6_minus_tracheal_sg	5657103
all_dm6_minus_tracheal_sg	5657104
all_dm6_minus_tracheal_sg	5657105
all_dm6_minus_tracheal_sg	5657107
all_dm6_minus_tracheal_sg	5657108
all_dm6_minus_tracheal_sg	5657109
all_dm6_minus_tracheal_sg	5657110
all_dm6_minus_tracheal_sg	5657111
all_dm6_minus_tracheal_sg	5657113
all_dm6_minus_tracheal_sg	5657115
all_dm6_minus_tracheal_sg	5657116
all_dm6_minus_tracheal_sg	5657126
all_dm6_minus_tracheal_sg	5657127
all_dm6_minus_tracheal_sg	5657128
all_dm6_minus_tracheal_sg	5657129
all_dm6_minus_tracheal_sg	5657130
all_dm6_minus_tracheal_sg	5657131
all_dm6_minus_tracheal_sg	5657132
all_dm6_minus_tracheal_sg	5657133
all_dm6_minus_tracheal_sg	5657134
all_dm6_minus_tracheal_sg	5657135
all_dm6_minus_tracheal_sg	5657136
all_dm6_minus_tracheal_sg	5657137
all_dm6_minus_tracheal_sg	5657138
all_dm6_minus_tracheal_sg	5657139
all_dm6_minus_tracheal_sg	5657140
all_dm6_minus_tracheal_sg	5657141
all_dm6_minus_tracheal_sg	5657142
all_dm6_minus_tracheal_sg	5657143
all_dm6_minus_tracheal_sg	5657144
all_dm6_minus_tracheal_sg	5657145
all_dm6_minus_tracheal_sg	5657146
all_dm6_minus_tracheal_sg	5657147
all_dm6_minus_tracheal_sg	5657148
all_dm6_minus_tracheal_sg	5657149
all_dm6_minus_tracheal_sg	5657150
all_dm6_minus_tracheal_sg	5657151
all_dm6_minus_tracheal_sg	5657152
all_dm6_minus_tracheal_sg	5657153
all_dm6_minus_tracheal_sg	5657154
all_dm6_minus_tracheal_sg	5657155
all_dm6_minus_tracheal_sg	5657156
all_dm6_minus_tracheal_sg	5657157
all_dm6_minus_tracheal_sg	5657158
all_dm6_minus_tracheal_sg	5657159
all_dm6_minus_tracheal_sg	5657160
all_dm6_minus_tracheal_sg	5657161
all_dm6_minus_tracheal_sg	5657162
all_dm6_minus_tracheal_sg	5657163
all_dm6_minus_tracheal_sg	5657164
all_dm6_minus_tracheal_sg	5657165
all_dm6_minus_tracheal_sg	5657167
all_dm6_minus_tracheal_sg	5657168
all_dm6_minus_tracheal_sg	5657169
all_dm6_minus_tracheal_sg	5657170
all_dm6_minus_tracheal_sg	5657171
all_dm6_minus_tracheal_sg	5657172
all_dm6_minus_tracheal_sg	5657173
all_dm6_minus_tracheal_sg	5657174
all_dm6_minus_tracheal_sg	5657175
all_dm6_minus_tracheal_sg	5657176
all_dm6_minus_tracheal_sg	5657177
all_dm6_minus_tracheal_sg	5657178
all_dm6_minus_tracheal_sg	5657179
all_dm6_minus_tracheal_sg	5657180
all_dm6_minus_tracheal_sg	5657181
all_dm6_minus_tracheal_sg	5657182
all_dm6_minus_tracheal_sg	5657183
all_dm6_minus_tracheal_sg	5657184
all_dm6_minus_tracheal_sg	5657186
all_dm6_minus_tracheal_sg	5657187
all_dm6_minus_tracheal_sg	5657190
all_dm6_minus_tracheal_sg	5657191
all_dm6_minus_tracheal_sg	5657192
all_dm6_minus_tracheal_sg	5657194
all_dm6_minus_tracheal_sg	5657195
all_dm6_minus_tracheal_sg	5657196
all_dm6_minus_tracheal_sg	5657197
all_dm6_minus_tracheal_sg	5657198
all_dm6_minus_tracheal_sg	5657199
all_dm6_minus_tracheal_sg	5657200
all_dm6_minus_tracheal_sg	5657201
all_dm6_minus_tracheal_sg	5657202
all_dm6_minus_tracheal_sg	5657203
all_dm6_minus_tracheal_sg	5657204
all_dm6_minus_tracheal_sg	5657205
all_dm6_minus_tracheal_sg	5657206
all_dm6_minus_tracheal_sg	5657207
all_dm6_minus_tracheal_sg	5657208
all_dm6_minus_tracheal_sg	5657209
all_dm6_minus_tracheal_sg	5657210
all_dm6_minus_tracheal_sg	5657211
all_dm6_minus_tracheal_sg	5657212
all_dm6_minus_tracheal_sg	5657213
all_dm6_minus_tracheal_sg	5657214
all_dm6_minus_tracheal_sg	5657215
all_dm6_minus_tracheal_sg	5657216
all_dm6_minus_tracheal_sg	5657217
all_dm6_minus_tracheal_sg	5657218
all_dm6_minus_tracheal_sg	5657219
all_dm6_minus_tracheal_sg	5657220
all_dm6_minus_tracheal_sg	5657221
all_dm6_minus_tracheal_sg	5657222
all_dm6_minus_tracheal_sg	5657223
all_dm6_minus_tracheal_sg	5657224
all_dm6_minus_tracheal_sg	5657225
all_dm6_minus_tracheal_sg	5657227
all_dm6_minus_tracheal_sg	5657228
all_dm6_minus_tracheal_sg	5657229
all_dm6_minus_tracheal_sg	5657230
all_dm6_minus_tracheal_sg	5657231
all_dm6_minus_tracheal_sg	5657232
all_dm6_minus_tracheal_sg	5657233
all_dm6_minus_tracheal_sg	5657234
all_dm6_minus_tracheal_sg	5657235
all_dm6_minus_tracheal_sg	5657236
all_dm6_minus_tracheal_sg	5657237
all_dm6_minus_tracheal_sg	5657238
all_dm6_minus_tracheal_sg	5657239
all_dm6_minus_tracheal_sg	5657240
all_dm6_minus_tracheal_sg	5657241
all_dm6_minus_tracheal_sg	5657242
all_dm6_minus_tracheal_sg	5657243
all_dm6_minus_tracheal_sg	5657244
all_dm6_minus_tracheal_sg	5657245
all_dm6_minus_tracheal_sg	5657246
all_dm6_minus_tracheal_sg	5657247
all_dm6_minus_tracheal_sg	5657248
all_dm6_minus_tracheal_sg	5657249
all_dm6_minus_tracheal_sg	5657250
all_dm6_minus_tracheal_sg	5657251
all_dm6_minus_tracheal_sg	5657252
all_dm6_minus_tracheal_sg	5657253
all_dm6_minus_tracheal_sg	5657254
all_dm6_minus_tracheal_sg	5657255
all_dm6_minus_tracheal_sg	5657256
all_dm6_minus_tracheal_sg	5657257
all_dm6_minus_tracheal_sg	5657258
all_dm6_minus_tracheal_sg	5657260
all_dm6_minus_tracheal_sg	5657261
all_dm6_minus_tracheal_sg	5657262
all_dm6_minus_tracheal_sg	5657263
all_dm6_minus_tracheal_sg	5657264
all_dm6_minus_tracheal_sg	5657265
all_dm6_minus_tracheal_sg	5657266
all_dm6_minus_tracheal_sg	5657269
all_dm6_minus_tracheal_sg	5657270
all_dm6_minus_tracheal_sg	5657271
all_dm6_minus_tracheal_sg	5657272
all_dm6_minus_tracheal_sg	5657273
all_dm6_minus_tracheal_sg	5657274
all_dm6_minus_tracheal_sg	5657275
all_dm6_minus_tracheal_sg	5657276
all_dm6_minus_tracheal_sg	5657277
all_dm6_minus_tracheal_sg	5657278
all_dm6_minus_tracheal_sg	5657279
all_dm6_minus_tracheal_sg	5657280
all_dm6_minus_tracheal_sg	5657281
all_dm6_minus_tracheal_sg	5657282
all_dm6_minus_tracheal_sg	5657283
all_dm6_minus_tracheal_sg	5657284
all_dm6_minus_tracheal_sg	5657285
all_dm6_minus_tracheal_sg	5657286
all_dm6_minus_tracheal_sg	5657287
all_dm6_minus_tracheal_sg	5657288
all_dm6_minus_tracheal_sg	5657289
all_dm6_minus_tracheal_sg	5657290
all_dm6_minus_tracheal_sg	5657291
all_dm6_minus_tracheal_sg	5657292
all_dm6_minus_tracheal_sg	5657293
all_dm6_minus_tracheal_sg	5657294
all_dm6_minus_tracheal_sg	5657295
all_dm6_minus_tracheal_sg	5657296
all_dm6_minus_tracheal_sg	5657297
all_dm6_minus_tracheal_sg	5657298
all_dm6_minus_tracheal_sg	5657299
all_dm6_minus_tracheal_sg	5657300
all_dm6_minus_tracheal_sg	5657301
all_dm6_minus_tracheal_sg	5657302
all_dm6_minus_tracheal_sg	5657303
all_dm6_minus_tracheal_sg	5657304
all_dm6_minus_tracheal_sg	5657305
all_dm6_minus_tracheal_sg	5657306
all_dm6_minus_tracheal_sg	5657307
all_dm6_minus_tracheal_sg	5657309
all_dm6_minus_tracheal_sg	5657312
all_dm6_minus_tracheal_sg	5657313
all_dm6_minus_tracheal_sg	5657314
all_dm6_minus_tracheal_sg	5657315
all_dm6_minus_tracheal_sg	5657316
all_dm6_minus_tracheal_sg	5657317
all_dm6_minus_tracheal_sg	5657318
all_dm6_minus_tracheal_sg	5657319
all_dm6_minus_tracheal_sg	5657320
all_dm6_minus_tracheal_sg	5657321
all_dm6_minus_tracheal_sg	5657323
all_dm6_minus_tracheal_sg	5657324
all_dm6_minus_tracheal_sg	5657325
all_dm6_minus_tracheal_sg	5657326
all_dm6_minus_tracheal_sg	5657327
all_dm6_minus_tracheal_sg	5657328
all_dm6_minus_tracheal_sg	5657329
all_dm6_minus_tracheal_sg	5657330
all_dm6_minus_tracheal_sg	5657331
all_dm6_minus_tracheal_sg	5657332
all_dm6_minus_tracheal_sg	5657333
all_dm6_minus_tracheal_sg	5657334
all_dm6_minus_tracheal_sg	5657335
all_dm6_minus_tracheal_sg	5657336
all_dm6_minus_tracheal_sg	5657337
all_dm6_minus_tracheal_sg	5657338
all_dm6_minus_tracheal_sg	5657339
all_dm6_minus_tracheal_sg	5657340
all_dm6_minus_tracheal_sg	5657341
all_dm6_minus_tracheal_sg	5657342
all_dm6_minus_tracheal_sg	5657343
all_dm6_minus_tracheal_sg	5657344
all_dm6_minus_tracheal_sg	5657345
all_dm6_minus_tracheal_sg	5657346
all_dm6_minus_tracheal_sg	5657347
all_dm6_minus_tracheal_sg	5657348
all_dm6_minus_tracheal_sg	5657349
all_dm6_minus_tracheal_sg	5657350
all_dm6_minus_tracheal_sg	5657351
all_dm6_minus_tracheal_sg	5657352
all_dm6_minus_tracheal_sg	5657353
all_dm6_minus_tracheal_sg	5657354
all_dm6_minus_tracheal_sg	5657355
all_dm6_minus_tracheal_sg	5657357
all_dm6_minus_tracheal_sg	5657358
all_dm6_minus_tracheal_sg	5657359
all_dm6_minus_tracheal_sg	5657360
all_dm6_minus_tracheal_sg	5657361
all_dm6_minus_tracheal_sg	5657362
all_dm6_minus_tracheal_sg	5657363
all_dm6_minus_tracheal_sg	5657365
all_dm6_minus_tracheal_sg	5657366
all_dm6_minus_tracheal_sg	5657367
all_dm6_minus_tracheal_sg	5657368
all_dm6_minus_tracheal_sg	5657369
all_dm6_minus_tracheal_sg	5657370
all_dm6_minus_tracheal_sg	5657371
all_dm6_minus_tracheal_sg	5657372
all_dm6_minus_tracheal_sg	5657373
all_dm6_minus_tracheal_sg	5657378
all_dm6_minus_tracheal_sg	5657381
all_dm6_minus_tracheal_sg	5657382
all_dm6_minus_tracheal_sg	5657383
all_dm6_minus_tracheal_sg	5657384
all_dm6_minus_tracheal_sg	5657385
all_dm6_minus_tracheal_sg	5657386
all_dm6_minus_tracheal_sg	5657387
all_dm6_minus_tracheal_sg	5657388
all_dm6_minus_tracheal_sg	5657389
all_dm6_minus_tracheal_sg	5657390
all_dm6_minus_tracheal_sg	5657391
all_dm6_minus_tracheal_sg	5657392
all_dm6_minus_tracheal_sg	5657393
all_dm6_minus_tracheal_sg	5657394
all_dm6_minus_tracheal_sg	5657395
all_dm6_minus_tracheal_sg	5657396
all_dm6_minus_tracheal_sg	5657397
all_dm6_minus_tracheal_sg	5657398
all_dm6_minus_tracheal_sg	5657399
all_dm6_minus_tracheal_sg	5657400
all_dm6_minus_tracheal_sg	5657401
all_dm6_minus_tracheal_sg	5657402
all_dm6_minus_tracheal_sg	5657403
all_dm6_minus_tracheal_sg	5657404
all_dm6_minus_tracheal_sg	5657405
all_dm6_minus_tracheal_sg	5657406
all_dm6_minus_tracheal_sg	5657407
all_dm6_minus_tracheal_sg	5657408
all_dm6_minus_tracheal_sg	5657409
all_dm6_minus_tracheal_sg	5657410
all_dm6_minus_tracheal_sg	5657411
all_dm6_minus_tracheal_sg	5657412
all_dm6_minus_tracheal_sg	5657413
all_dm6_minus_tracheal_sg	5657414
all_dm6_minus_tracheal_sg	5657415
all_dm6_minus_tracheal_sg	5657416
all_dm6_minus_tracheal_sg	5657419
all_dm6_minus_tracheal_sg	5657420
all_dm6_minus_tracheal_sg	5657421
all_dm6_minus_tracheal_sg	5657422
all_dm6_minus_tracheal_sg	5657423
all_dm6_minus_tracheal_sg	5657424
all_dm6_minus_tracheal_sg	5657425
all_dm6_minus_tracheal_sg	5657426
all_dm6_minus_tracheal_sg	5657427
all_dm6_minus_tracheal_sg	5657428
all_dm6_minus_tracheal_sg	5657429
all_dm6_minus_tracheal_sg	5657430
all_dm6_minus_tracheal_sg	5657431
all_dm6_minus_tracheal_sg	5657432
all_dm6_minus_tracheal_sg	5657433
all_dm6_minus_tracheal_sg	5657434
all_dm6_minus_tracheal_sg	5657435
all_dm6_minus_tracheal_sg	5657436
all_dm6_minus_tracheal_sg	5657437
all_dm6_minus_tracheal_sg	5657438
all_dm6_minus_tracheal_sg	5657439
all_dm6_minus_tracheal_sg	5657440
all_dm6_minus_tracheal_sg	5657441
all_dm6_minus_tracheal_sg	5657442
all_dm6_minus_tracheal_sg	5657443
all_dm6_minus_tracheal_sg	5657444
all_dm6_minus_tracheal_sg	5657445
all_dm6_minus_tracheal_sg	5657446
all_dm6_minus_tracheal_sg	5657447
all_dm6_minus_tracheal_sg	5657448
all_dm6_minus_tracheal_sg	5657449
all_dm6_minus_tracheal_sg	5657450
all_dm6_minus_tracheal_sg	5657451
all_dm6_minus_tracheal_sg	5657454
all_dm6_minus_tracheal_sg	5657455
all_dm6_minus_tracheal_sg	5657457
all_dm6_minus_tracheal_sg	5657458
all_dm6_minus_tracheal_sg	5657459
all_dm6_minus_tracheal_sg	5657460
all_dm6_minus_tracheal_sg	5657461
all_dm6_minus_tracheal_sg	5657462
all_dm6_minus_tracheal_sg	5657463
all_dm6_minus_tracheal_sg	5657464
all_dm6_minus_tracheal_sg	5657465
all_dm6_minus_tracheal_sg	5657466
all_dm6_minus_tracheal_sg	5657467
all_dm6_minus_tracheal_sg	5657468
all_dm6_minus_tracheal_sg	5657469
all_dm6_minus_tracheal_sg	5657470
all_dm6_minus_tracheal_sg	5657471
all_dm6_minus_tracheal_sg	5657472
all_dm6_minus_tracheal_sg	5657473
all_dm6_minus_tracheal_sg	5657474
all_dm6_minus_tracheal_sg	5657475
all_dm6_minus_tracheal_sg	5657476
all_dm6_minus_tracheal_sg	5657477
all_dm6_minus_tracheal_sg	5657478
all_dm6_minus_tracheal_sg	5657479
all_dm6_minus_tracheal_sg	5657480
all_dm6_minus_tracheal_sg	5657481
all_dm6_minus_tracheal_sg	5657482
all_dm6_minus_tracheal_sg	5657483
all_dm6_minus_tracheal_sg	5657484
all_dm6_minus_tracheal_sg	5657485
all_dm6_minus_tracheal_sg	5657486
all_dm6_minus_tracheal_sg	5657487
all_dm6_minus_tracheal_sg	5657488
all_dm6_minus_tracheal_sg	5657489
all_dm6_minus_tracheal_sg	5657490
all_dm6_minus_tracheal_sg	5657491
all_dm6_minus_tracheal_sg	5657492
all_dm6_minus_tracheal_sg	5657494
all_dm6_minus_tracheal_sg	5657495
all_dm6_minus_tracheal_sg	5657496
all_dm6_minus_tracheal_sg	5657497
all_dm6_minus_tracheal_sg	5657498
all_dm6_minus_tracheal_sg	5657499
all_dm6_minus_tracheal_sg	5657500
all_dm6_minus_tracheal_sg	5657501
all_dm6_minus_tracheal_sg	5657502
all_dm6_minus_tracheal_sg	5657503
all_dm6_minus_tracheal_sg	5657504
all_dm6_minus_tracheal_sg	5657505
all_dm6_minus_tracheal_sg	5657506
all_dm6_minus_tracheal_sg	5657507
all_dm6_minus_tracheal_sg	5657508
all_dm6_minus_tracheal_sg	5657509
all_dm6_minus_tracheal_sg	5657510
all_dm6_minus_tracheal_sg	5657511
all_dm6_minus_tracheal_sg	5657513
all_dm6_minus_tracheal_sg	5657517
all_dm6_minus_tracheal_sg	5657519
all_dm6_minus_tracheal_sg	5657520
all_dm6_minus_tracheal_sg	5657521
all_dm6_minus_tracheal_sg	5657522
all_dm6_minus_tracheal_sg	5657523
all_dm6_minus_tracheal_sg	5657525
all_dm6_minus_tracheal_sg	5657526
all_dm6_minus_tracheal_sg	5657527
all_dm6_minus_tracheal_sg	5657528
all_dm6_minus_tracheal_sg	5657529
all_dm6_minus_tracheal_sg	5657530
all_dm6_minus_tracheal_sg	5657531
all_dm6_minus_tracheal_sg	5657532
all_dm6_minus_tracheal_sg	5657533
all_dm6_minus_tracheal_sg	5657534
all_dm6_minus_tracheal_sg	5657535
all_dm6_minus_tracheal_sg	5657536
all_dm6_minus_tracheal_sg	5657537
all_dm6_minus_tracheal_sg	5657538
all_dm6_minus_tracheal_sg	5657539
all_dm6_minus_tracheal_sg	5657540
all_dm6_minus_tracheal_sg	5657541
all_dm6_minus_tracheal_sg	5657542
all_dm6_minus_tracheal_sg	5657543
all_dm6_minus_tracheal_sg	5657544
all_dm6_minus_tracheal_sg	5657545
all_dm6_minus_tracheal_sg	5657546
all_dm6_minus_tracheal_sg	5657547
all_dm6_minus_tracheal_sg	5657548
all_dm6_minus_tracheal_sg	5657549
all_dm6_minus_tracheal_sg	5657550
all_dm6_minus_tracheal_sg	5657551
all_dm6_minus_tracheal_sg	5657552
all_dm6_minus_tracheal_sg	5657553
all_dm6_minus_tracheal_sg	5657554
all_dm6_minus_tracheal_sg	5657555
all_dm6_minus_tracheal_sg	5657556
all_dm6_minus_tracheal_sg	5657557
all_dm6_minus_tracheal_sg	5657558
all_dm6_minus_tracheal_sg	5657559
all_dm6_minus_tracheal_sg	5657560
all_dm6_minus_tracheal_sg	5657561
all_dm6_minus_tracheal_sg	5657562
all_dm6_minus_tracheal_sg	5657563
all_dm6_minus_tracheal_sg	5657564
all_dm6_minus_tracheal_sg	5657565
all_dm6_minus_tracheal_sg	5657566
all_dm6_minus_tracheal_sg	5657567
all_dm6_minus_tracheal_sg	5657568
all_dm6_minus_tracheal_sg	5657569
all_dm6_minus_tracheal_sg	5657570
all_dm6_minus_tracheal_sg	5657571
all_dm6_minus_tracheal_sg	5657572
all_dm6_minus_tracheal_sg	5657573
all_dm6_minus_tracheal_sg	5657574
all_dm6_minus_tracheal_sg	5657575
all_dm6_minus_tracheal_sg	5657576
all_dm6_minus_tracheal_sg	5657577
all_dm6_minus_tracheal_sg	5657578
all_dm6_minus_tracheal_sg	5657581
all_dm6_minus_tracheal_sg	5657582
all_dm6_minus_tracheal_sg	5657584
all_dm6_minus_tracheal_sg	5657585
all_dm6_minus_tracheal_sg	5657586
all_dm6_minus_tracheal_sg	5657587
all_dm6_minus_tracheal_sg	5657588
all_dm6_minus_tracheal_sg	5657589
all_dm6_minus_tracheal_sg	5657590
all_dm6_minus_tracheal_sg	5657591
all_dm6_minus_tracheal_sg	5657592
all_dm6_minus_tracheal_sg	5657593
all_dm6_minus_tracheal_sg	5657594
all_dm6_minus_tracheal_sg	5657595
all_dm6_minus_tracheal_sg	5657596
all_dm6_minus_tracheal_sg	5657597
all_dm6_minus_tracheal_sg	5657598
all_dm6_minus_tracheal_sg	5657599
all_dm6_minus_tracheal_sg	5657600
all_dm6_minus_tracheal_sg	5657601
all_dm6_minus_tracheal_sg	5657602
all_dm6_minus_tracheal_sg	5657603
all_dm6_minus_tracheal_sg	5657604
all_dm6_minus_tracheal_sg	5657605
all_dm6_minus_tracheal_sg	5657606
all_dm6_minus_tracheal_sg	5657607
all_dm6_minus_tracheal_sg	5657608
all_dm6_minus_tracheal_sg	5657609
all_dm6_minus_tracheal_sg	5657610
all_dm6_minus_tracheal_sg	5657611
all_dm6_minus_tracheal_sg	5657612
all_dm6_minus_tracheal_sg	5657613
all_dm6_minus_tracheal_sg	5657614
all_dm6_minus_tracheal_sg	5657615
all_dm6_minus_tracheal_sg	5657616
all_dm6_minus_tracheal_sg	5657617
all_dm6_minus_tracheal_sg	5657618
all_dm6_minus_tracheal_sg	5657619
all_dm6_minus_tracheal_sg	5657620
all_dm6_minus_tracheal_sg	5657621
all_dm6_minus_tracheal_sg	5657622
all_dm6_minus_tracheal_sg	5657623
all_dm6_minus_tracheal_sg	5657624
all_dm6_minus_tracheal_sg	5657625
all_dm6_minus_tracheal_sg	5657626
all_dm6_minus_tracheal_sg	5657627
all_dm6_minus_tracheal_sg	5657628
all_dm6_minus_tracheal_sg	5657629
all_dm6_minus_tracheal_sg	5657630
all_dm6_minus_tracheal_sg	5657631
all_dm6_minus_tracheal_sg	5657632
all_dm6_minus_tracheal_sg	5657633
all_dm6_minus_tracheal_sg	5657636
all_dm6_minus_tracheal_sg	5657637
all_dm6_minus_tracheal_sg	5657638
all_dm6_minus_tracheal_sg	5657639
all_dm6_minus_tracheal_sg	5657640
all_dm6_minus_tracheal_sg	5657641
all_dm6_minus_tracheal_sg	5657642
all_dm6_minus_tracheal_sg	5657643
all_dm6_minus_tracheal_sg	5657644
all_dm6_minus_tracheal_sg	5657645
all_dm6_minus_tracheal_sg	5657646
all_dm6_minus_tracheal_sg	5657647
all_dm6_minus_tracheal_sg	5657648
all_dm6_minus_tracheal_sg	5657649
all_dm6_minus_tracheal_sg	5657650
all_dm6_minus_tracheal_sg	5657651
all_dm6_minus_tracheal_sg	5657652
all_dm6_minus_tracheal_sg	5657653
all_dm6_minus_tracheal_sg	5657654
all_dm6_minus_tracheal_sg	5657655
all_dm6_minus_tracheal_sg	5657656
all_dm6_minus_tracheal_sg	5657657
all_dm6_minus_tracheal_sg	5657658
all_dm6_minus_tracheal_sg	5657659
all_dm6_minus_tracheal_sg	5657660
all_dm6_minus_tracheal_sg	5657661
all_dm6_minus_tracheal_sg	5657662
all_dm6_minus_tracheal_sg	5657663
all_dm6_minus_tracheal_sg	5657664
all_dm6_minus_tracheal_sg	5657665
all_dm6_minus_tracheal_sg	5657666
all_dm6_minus_tracheal_sg	5657667
all_dm6_minus_tracheal_sg	5657668
all_dm6_minus_tracheal_sg	5657669
all_dm6_minus_tracheal_sg	5657670
all_dm6_minus_tracheal_sg	5657671
all_dm6_minus_tracheal_sg	5657672
all_dm6_minus_tracheal_sg	5657673
all_dm6_minus_tracheal_sg	5657674
all_dm6_minus_tracheal_sg	5657675
all_dm6_minus_tracheal_sg	5657676
all_dm6_minus_tracheal_sg	5657678
all_dm6_minus_tracheal_sg	5657679
all_dm6_minus_tracheal_sg	5657680
all_dm6_minus_tracheal_sg	5657681
all_dm6_minus_tracheal_sg	5657682
all_dm6_minus_tracheal_sg	5657683
all_dm6_minus_tracheal_sg	5657684
all_dm6_minus_tracheal_sg	5657685
all_dm6_minus_tracheal_sg	5657686
all_dm6_minus_tracheal_sg	5657687
all_dm6_minus_tracheal_sg	5657688
all_dm6_minus_tracheal_sg	5657689
all_dm6_minus_tracheal_sg	5657690
all_dm6_minus_tracheal_sg	5657691
all_dm6_minus_tracheal_sg	5657692
all_dm6_minus_tracheal_sg	5657693
all_dm6_minus_tracheal_sg	5657694
all_dm6_minus_tracheal_sg	5657695
all_dm6_minus_tracheal_sg	5657696
all_dm6_minus_tracheal_sg	5657697
all_dm6_minus_tracheal_sg	5657698
all_dm6_minus_tracheal_sg	5657699
all_dm6_minus_tracheal_sg	5657700
all_dm6_minus_tracheal_sg	5657701
all_dm6_minus_tracheal_sg	5657702
all_dm6_minus_tracheal_sg	5657703
all_dm6_minus_tracheal_sg	5657704
all_dm6_minus_tracheal_sg	5657705
all_dm6_minus_tracheal_sg	5657706
all_dm6_minus_tracheal_sg	5657707
all_dm6_minus_tracheal_sg	5657708
all_dm6_minus_tracheal_sg	5657712
all_dm6_minus_tracheal_sg	5657713
all_dm6_minus_tracheal_sg	5657714
all_dm6_minus_tracheal_sg	5657715
all_dm6_minus_tracheal_sg	5657716
all_dm6_minus_tracheal_sg	5657717
all_dm6_minus_tracheal_sg	5657718
all_dm6_minus_tracheal_sg	5657719
all_dm6_minus_tracheal_sg	5657720
all_dm6_minus_tracheal_sg	5657721
all_dm6_minus_tracheal_sg	5657723
all_dm6_minus_tracheal_sg	5657724
all_dm6_minus_tracheal_sg	5657725
all_dm6_minus_tracheal_sg	5657727
all_dm6_minus_tracheal_sg	5657729
all_dm6_minus_tracheal_sg	5657730
all_dm6_minus_tracheal_sg	5657731
all_dm6_minus_tracheal_sg	5657732
all_dm6_minus_tracheal_sg	5657733
all_dm6_minus_tracheal_sg	5657734
all_dm6_minus_tracheal_sg	5657735
all_dm6_minus_tracheal_sg	5657736
all_dm6_minus_tracheal_sg	5657737
all_dm6_minus_tracheal_sg	5657738
all_dm6_minus_tracheal_sg	5657739
all_dm6_minus_tracheal_sg	5657740
all_dm6_minus_tracheal_sg	5657741
all_dm6_minus_tracheal_sg	5657742
all_dm6_minus_tracheal_sg	5657746
all_dm6_minus_tracheal_sg	5657747
all_dm6_minus_tracheal_sg	5657748
all_dm6_minus_tracheal_sg	5657749
all_dm6_minus_tracheal_sg	5657750
all_dm6_minus_tracheal_sg	5657751
all_dm6_minus_tracheal_sg	5657752
all_dm6_minus_tracheal_sg	5657753
all_dm6_minus_tracheal_sg	5657754
all_dm6_minus_tracheal_sg	5657755
all_dm6_minus_tracheal_sg	5657756
all_dm6_minus_tracheal_sg	5657757
all_dm6_minus_tracheal_sg	5657758
all_dm6_minus_tracheal_sg	5657759
all_dm6_minus_tracheal_sg	5657760
all_dm6_minus_tracheal_sg	5657761
all_dm6_minus_tracheal_sg	5657764
all_dm6_minus_tracheal_sg	5657765
all_dm6_minus_tracheal_sg	5657766
all_dm6_minus_tracheal_sg	5657767
all_dm6_minus_tracheal_sg	5657768
all_dm6_minus_tracheal_sg	5657769
all_dm6_minus_tracheal_sg	5657770
all_dm6_minus_tracheal_sg	5657771
all_dm6_minus_tracheal_sg	5657772
all_dm6_minus_tracheal_sg	5657773
all_dm6_minus_tracheal_sg	5657774
all_dm6_minus_tracheal_sg	5657775
all_dm6_minus_tracheal_sg	5657776
all_dm6_minus_tracheal_sg	5657777
all_dm6_minus_tracheal_sg	5657778
all_dm6_minus_tracheal_sg	5657779
all_dm6_minus_tracheal_sg	5657780
all_dm6_minus_tracheal_sg	5657781
all_dm6_minus_tracheal_sg	5657782
all_dm6_minus_tracheal_sg	5657783
all_dm6_minus_tracheal_sg	5657784
all_dm6_minus_tracheal_sg	5657785
all_dm6_minus_tracheal_sg	5657786
all_dm6_minus_tracheal_sg	5657787
all_dm6_minus_tracheal_sg	5657788
all_dm6_minus_tracheal_sg	5657789
all_dm6_minus_tracheal_sg	5657790
all_dm6_minus_tracheal_sg	5657791
all_dm6_minus_tracheal_sg	5657792
all_dm6_minus_tracheal_sg	5657793
all_dm6_minus_tracheal_sg	5657794
all_dm6_minus_tracheal_sg	5657795
all_dm6_minus_tracheal_sg	5657796
all_dm6_minus_tracheal_sg	5657797
all_dm6_minus_tracheal_sg	5657798
all_dm6_minus_tracheal_sg	5657799
all_dm6_minus_tracheal_sg	5657800
all_dm6_minus_tracheal_sg	5657802
all_dm6_minus_tracheal_sg	5657803
all_dm6_minus_tracheal_sg	5657804
all_dm6_minus_tracheal_sg	5657805
all_dm6_minus_tracheal_sg	5657806
all_dm6_minus_tracheal_sg	5657807
all_dm6_minus_tracheal_sg	5657809
all_dm6_minus_tracheal_sg	5657810
all_dm6_minus_tracheal_sg	5657811
all_dm6_minus_tracheal_sg	5657813
all_dm6_minus_tracheal_sg	5657814
all_dm6_minus_tracheal_sg	5657815
all_dm6_minus_tracheal_sg	5657816
all_dm6_minus_tracheal_sg	5657817
all_dm6_minus_tracheal_sg	5657818
all_dm6_minus_tracheal_sg	5657819
all_dm6_minus_tracheal_sg	5657820
all_dm6_minus_tracheal_sg	5657821
all_dm6_minus_tracheal_sg	5657822
all_dm6_minus_tracheal_sg	5657823
all_dm6_minus_tracheal_sg	5657825
all_dm6_minus_tracheal_sg	5657826
all_dm6_minus_tracheal_sg	5657827
all_dm6_minus_tracheal_sg	5657828
all_dm6_minus_tracheal_sg	5657829
all_dm6_minus_tracheal_sg	5657831
all_dm6_minus_tracheal_sg	5657832
all_dm6_minus_tracheal_sg	5657834
all_dm6_minus_tracheal_sg	5657835
all_dm6_minus_tracheal_sg	5657836
all_dm6_minus_tracheal_sg	5657837
all_dm6_minus_tracheal_sg	5657838
all_dm6_minus_tracheal_sg	5657839
all_dm6_minus_tracheal_sg	5657840
all_dm6_minus_tracheal_sg	5657841
all_dm6_minus_tracheal_sg	5657842
all_dm6_minus_tracheal_sg	5657843
all_dm6_minus_tracheal_sg	5657844
all_dm6_minus_tracheal_sg	5657845
all_dm6_minus_tracheal_sg	5657846
all_dm6_minus_tracheal_sg	5657847
all_dm6_minus_tracheal_sg	5657848
all_dm6_minus_tracheal_sg	5657849
all_dm6_minus_tracheal_sg	5657850
all_dm6_minus_tracheal_sg	5657851
all_dm6_minus_tracheal_sg	5657852
all_dm6_minus_tracheal_sg	5657853
all_dm6_minus_tracheal_sg	5657854
all_dm6_minus_tracheal_sg	5657855
all_dm6_minus_tracheal_sg	5657856
all_dm6_minus_tracheal_sg	5657857
all_dm6_minus_tracheal_sg	5657858
all_dm6_minus_tracheal_sg	5657859
all_dm6_minus_tracheal_sg	5657860
all_dm6_minus_tracheal_sg	5657861
all_dm6_minus_tracheal_sg	5657862
all_dm6_minus_tracheal_sg	5657863
all_dm6_minus_tracheal_sg	5657864
all_dm6_minus_tracheal_sg	5657865
all_dm6_minus_tracheal_sg	5657866
all_dm6_minus_tracheal_sg	5657867
all_dm6_minus_tracheal_sg	5657868
all_dm6_minus_tracheal_sg	5657869
all_dm6_minus_tracheal_sg	5657870
all_dm6_minus_tracheal_sg	5657871
all_dm6_minus_tracheal_sg	5657872
all_dm6_minus_tracheal_sg	5657873
all_dm6_minus_tracheal_sg	5657874
all_dm6_minus_tracheal_sg	5657875
all_dm6_minus_tracheal_sg	5657876
all_dm6_minus_tracheal_sg	5657877
all_dm6_minus_tracheal_sg	5657878
all_dm6_minus_tracheal_sg	5657879
all_dm6_minus_tracheal_sg	5657880
all_dm6_minus_tracheal_sg	5657881
all_dm6_minus_tracheal_sg	5657882
all_dm6_minus_tracheal_sg	5657883
all_dm6_minus_tracheal_sg	5657884
all_dm6_minus_tracheal_sg	5657885
all_dm6_minus_tracheal_sg	5657886
all_dm6_minus_tracheal_sg	5657887
all_dm6_minus_tracheal_sg	5657888
all_dm6_minus_tracheal_sg	5657889
all_dm6_minus_tracheal_sg	5657890
all_dm6_minus_tracheal_sg	5657891
all_dm6_minus_tracheal_sg	5657892
all_dm6_minus_tracheal_sg	5657893
all_dm6_minus_tracheal_sg	5657894
all_dm6_minus_tracheal_sg	5657895
all_dm6_minus_tracheal_sg	5657896
all_dm6_minus_tracheal_sg	5657897
all_dm6_minus_tracheal_sg	5657898
all_dm6_minus_tracheal_sg	5657899
all_dm6_minus_tracheal_sg	5657900
all_dm6_minus_tracheal_sg	5657901
all_dm6_minus_tracheal_sg	5657902
all_dm6_minus_tracheal_sg	5657903
all_dm6_minus_tracheal_sg	5657904
all_dm6_minus_tracheal_sg	5657905
all_dm6_minus_tracheal_sg	5657906
all_dm6_minus_tracheal_sg	5657907
all_dm6_minus_tracheal_sg	5657908
all_dm6_minus_tracheal_sg	5657909
all_dm6_minus_tracheal_sg	5657910
all_dm6_minus_tracheal_sg	5657911
all_dm6_minus_tracheal_sg	5657912
all_dm6_minus_tracheal_sg	5657913
all_dm6_minus_tracheal_sg	5657914
all_dm6_minus_tracheal_sg	5657915
all_dm6_minus_tracheal_sg	5657916
all_dm6_minus_tracheal_sg	5657917
all_dm6_minus_tracheal_sg	5657918
all_dm6_minus_tracheal_sg	5657919
all_dm6_minus_tracheal_sg	5657920
all_dm6_minus_tracheal_sg	5657921
all_dm6_minus_tracheal_sg	5657922
all_dm6_minus_tracheal_sg	5657923
all_dm6_minus_tracheal_sg	5657924
all_dm6_minus_tracheal_sg	5657925
all_dm6_minus_tracheal_sg	5657926
all_dm6_minus_tracheal_sg	5657927
all_dm6_minus_tracheal_sg	5657928
all_dm6_minus_tracheal_sg	5657929
all_dm6_minus_tracheal_sg	5657930
all_dm6_minus_tracheal_sg	5657931
all_dm6_minus_tracheal_sg	5657932
all_dm6_minus_tracheal_sg	5657933
all_dm6_minus_tracheal_sg	5657934
all_dm6_minus_tracheal_sg	5657935
all_dm6_minus_tracheal_sg	5657937
all_dm6_minus_tracheal_sg	5657938
all_dm6_minus_tracheal_sg	5657939
all_dm6_minus_tracheal_sg	5657940
all_dm6_minus_tracheal_sg	5657941
all_dm6_minus_tracheal_sg	5657942
all_dm6_minus_tracheal_sg	5657943
all_dm6_minus_tracheal_sg	5657945
all_dm6_minus_tracheal_sg	5657946
all_dm6_minus_tracheal_sg	5657948
all_dm6_minus_tracheal_sg	5657950
all_dm6_minus_tracheal_sg	5657951
all_dm6_minus_tracheal_sg	5657952
all_dm6_minus_tracheal_sg	5657953
all_dm6_minus_tracheal_sg	5657954
all_dm6_minus_tracheal_sg	5657955
all_dm6_minus_tracheal_sg	5657956
all_dm6_minus_tracheal_sg	5657957
all_dm6_minus_tracheal_sg	5657960
all_dm6_minus_tracheal_sg	5657964
all_dm6_minus_tracheal_sg	5657965
all_dm6_minus_tracheal_sg	5657966
all_dm6_minus_tracheal_sg	5657968
all_dm6_minus_tracheal_sg	5657969
all_dm6_minus_tracheal_sg	5657970
all_dm6_minus_tracheal_sg	5657971
all_dm6_minus_tracheal_sg	5657972
all_dm6_minus_tracheal_sg	5657973
all_dm6_minus_tracheal_sg	5657974
all_dm6_minus_tracheal_sg	5657975
all_dm6_minus_tracheal_sg	5657976
all_dm6_minus_tracheal_sg	5657977
all_dm6_minus_tracheal_sg	5657978
all_dm6_minus_tracheal_sg	5657979
all_dm6_minus_tracheal_sg	5657980
all_dm6_minus_tracheal_sg	5657981
all_dm6_minus_tracheal_sg	5657982
all_dm6_minus_tracheal_sg	5657983
all_dm6_minus_tracheal_sg	5657984
all_dm6_minus_tracheal_sg	5657985
all_dm6_minus_tracheal_sg	5657986
all_dm6_minus_tracheal_sg	5657987
all_dm6_minus_tracheal_sg	5657988
all_dm6_minus_tracheal_sg	5657989
all_dm6_minus_tracheal_sg	5657990
all_dm6_minus_tracheal_sg	5657991
all_dm6_minus_tracheal_sg	5657992
all_dm6_minus_tracheal_sg	5657993
all_dm6_minus_tracheal_sg	5657994
all_dm6_minus_tracheal_sg	5657995
all_dm6_minus_tracheal_sg	5657996
all_dm6_minus_tracheal_sg	5657997
all_dm6_minus_tracheal_sg	5658001
all_dm6_minus_tracheal_sg	5658002
all_dm6_minus_tracheal_sg	5658003
all_dm6_minus_tracheal_sg	5658004
all_dm6_minus_tracheal_sg	5658005
all_dm6_minus_tracheal_sg	5658006
all_dm6_minus_tracheal_sg	5658007
all_dm6_minus_tracheal_sg	5658008
all_dm6_minus_tracheal_sg	5658010
all_dm6_minus_tracheal_sg	5658011
all_dm6_minus_tracheal_sg	5658013
all_dm6_minus_tracheal_sg	5658014
all_dm6_minus_tracheal_sg	5658015
all_dm6_minus_tracheal_sg	5658021
all_dm6_minus_tracheal_sg	5658022
all_dm6_minus_tracheal_sg	5658023
all_dm6_minus_tracheal_sg	5658024
all_dm6_minus_tracheal_sg	5658025
all_dm6_minus_tracheal_sg	5658026
all_dm6_minus_tracheal_sg	5658027
all_dm6_minus_tracheal_sg	5658028
all_dm6_minus_tracheal_sg	5658029
all_dm6_minus_tracheal_sg	5658030
all_dm6_minus_tracheal_sg	5658031
all_dm6_minus_tracheal_sg	5658032
all_dm6_minus_tracheal_sg	5658033
all_dm6_minus_tracheal_sg	5658034
all_dm6_minus_tracheal_sg	5658038
all_dm6_minus_tracheal_sg	5658039
all_dm6_minus_tracheal_sg	5658040
all_dm6_minus_tracheal_sg	5658041
all_dm6_minus_tracheal_sg	5658043
all_dm6_minus_tracheal_sg	5658044
all_dm6_minus_tracheal_sg	5658048
all_dm6_minus_tracheal_sg	5658049
all_dm6_minus_tracheal_sg	5658050
all_dm6_minus_tracheal_sg	5658051
all_dm6_minus_tracheal_sg	5658052
all_dm6_minus_tracheal_sg	5658053
all_dm6_minus_tracheal_sg	5658054
all_dm6_minus_tracheal_sg	5658055
all_dm6_minus_tracheal_sg	5658056
all_dm6_minus_tracheal_sg	5658057
all_dm6_minus_tracheal_sg	5658058
all_dm6_minus_tracheal_sg	5658059
all_dm6_minus_tracheal_sg	5658060
all_dm6_minus_tracheal_sg	5658061
all_dm6_minus_tracheal_sg	5658062
all_dm6_minus_tracheal_sg	5658063
all_dm6_minus_tracheal_sg	5658064
all_dm6_minus_tracheal_sg	5658065
all_dm6_minus_tracheal_sg	5658066
all_dm6_minus_tracheal_sg	5658067
all_dm6_minus_tracheal_sg	5658068
all_dm6_minus_tracheal_sg	5658069
all_dm6_minus_tracheal_sg	5658070
all_dm6_minus_tracheal_sg	5658071
all_dm6_minus_tracheal_sg	5658072
all_dm6_minus_tracheal_sg	5658073
all_dm6_minus_tracheal_sg	5658074
all_dm6_minus_tracheal_sg	5658075
all_dm6_minus_tracheal_sg	5658076
all_dm6_minus_tracheal_sg	5658077
all_dm6_minus_tracheal_sg	5658078
all_dm6_minus_tracheal_sg	5658079
all_dm6_minus_tracheal_sg	5658080
all_dm6_minus_tracheal_sg	5658081
all_dm6_minus_tracheal_sg	5658082
all_dm6_minus_tracheal_sg	5658083
all_dm6_minus_tracheal_sg	5658084
all_dm6_minus_tracheal_sg	5658085
all_dm6_minus_tracheal_sg	5658086
all_dm6_minus_tracheal_sg	5658087
all_dm6_minus_tracheal_sg	5658088
all_dm6_minus_tracheal_sg	5658089
all_dm6_minus_tracheal_sg	5658090
all_dm6_minus_tracheal_sg	5658092
all_dm6_minus_tracheal_sg	5658100
all_dm6_minus_tracheal_sg	5658102
all_dm6_minus_tracheal_sg	5658103
all_dm6_minus_tracheal_sg	5658104
all_dm6_minus_tracheal_sg	5658105
all_dm6_minus_tracheal_sg	5658106
all_dm6_minus_tracheal_sg	5658107
all_dm6_minus_tracheal_sg	5658108
all_dm6_minus_tracheal_sg	5658109
all_dm6_minus_tracheal_sg	5658110
all_dm6_minus_tracheal_sg	5658111
all_dm6_minus_tracheal_sg	5658112
all_dm6_minus_tracheal_sg	5658113
all_dm6_minus_tracheal_sg	5658114
all_dm6_minus_tracheal_sg	5658115
all_dm6_minus_tracheal_sg	5658116
all_dm6_minus_tracheal_sg	5658117
all_dm6_minus_tracheal_sg	5658118
all_dm6_minus_tracheal_sg	5658119
all_dm6_minus_tracheal_sg	5658120
all_dm6_minus_tracheal_sg	5658121
all_dm6_minus_tracheal_sg	5658122
all_dm6_minus_tracheal_sg	5658124
all_dm6_minus_tracheal_sg	5658125
all_dm6_minus_tracheal_sg	5658126
all_dm6_minus_tracheal_sg	5658127
all_dm6_minus_tracheal_sg	5658128
all_dm6_minus_tracheal_sg	5658129
all_dm6_minus_tracheal_sg	5658130
all_dm6_minus_tracheal_sg	5658131
all_dm6_minus_tracheal_sg	5658132
all_dm6_minus_tracheal_sg	5658133
all_dm6_minus_tracheal_sg	5658134
all_dm6_minus_tracheal_sg	5658135
all_dm6_minus_tracheal_sg	5658136
all_dm6_minus_tracheal_sg	5658137
all_dm6_minus_tracheal_sg	5658138
all_dm6_minus_tracheal_sg	5658139
all_dm6_minus_tracheal_sg	5658140
all_dm6_minus_tracheal_sg	5658141
all_dm6_minus_tracheal_sg	5658142
all_dm6_minus_tracheal_sg	5658143
all_dm6_minus_tracheal_sg	5658144
all_dm6_minus_tracheal_sg	5658145
all_dm6_minus_tracheal_sg	5658146
all_dm6_minus_tracheal_sg	5658147
all_dm6_minus_tracheal_sg	5658148
all_dm6_minus_tracheal_sg	5658149
all_dm6_minus_tracheal_sg	5658150
all_dm6_minus_tracheal_sg	5658151
all_dm6_minus_tracheal_sg	5658152
all_dm6_minus_tracheal_sg	5658153
all_dm6_minus_tracheal_sg	5658154
all_dm6_minus_tracheal_sg	5658155
all_dm6_minus_tracheal_sg	5658156
all_dm6_minus_tracheal_sg	5658157
all_dm6_minus_tracheal_sg	5658158
all_dm6_minus_tracheal_sg	5658159
all_dm6_minus_tracheal_sg	5658160
all_dm6_minus_tracheal_sg	5658161
all_dm6_minus_tracheal_sg	5658162
all_dm6_minus_tracheal_sg	5658163
all_dm6_minus_tracheal_sg	5658164
all_dm6_minus_tracheal_sg	5658165
all_dm6_minus_tracheal_sg	5658166
all_dm6_minus_tracheal_sg	5658167
all_dm6_minus_tracheal_sg	5658168
all_dm6_minus_tracheal_sg	5658169
all_dm6_minus_tracheal_sg	5658170
all_dm6_minus_tracheal_sg	5658171
all_dm6_minus_tracheal_sg	5658172
all_dm6_minus_tracheal_sg	5658173
all_dm6_minus_tracheal_sg	5658174
all_dm6_minus_tracheal_sg	5658175
all_dm6_minus_tracheal_sg	5658176
all_dm6_minus_tracheal_sg	5658177
all_dm6_minus_tracheal_sg	5658178
all_dm6_minus_tracheal_sg	5658179
all_dm6_minus_tracheal_sg	5658180
all_dm6_minus_tracheal_sg	5658181
all_dm6_minus_tracheal_sg	5658182
all_dm6_minus_tracheal_sg	5658183
all_dm6_minus_tracheal_sg	5658184
all_dm6_minus_tracheal_sg	5658185
all_dm6_minus_tracheal_sg	5658186
all_dm6_minus_tracheal_sg	5658187
all_dm6_minus_tracheal_sg	5658188
all_dm6_minus_tracheal_sg	5658189
all_dm6_minus_tracheal_sg	5658190
all_dm6_minus_tracheal_sg	5658191
all_dm6_minus_tracheal_sg	5658192
all_dm6_minus_tracheal_sg	5658193
all_dm6_minus_tracheal_sg	5658194
all_dm6_minus_tracheal_sg	5658195
all_dm6_minus_tracheal_sg	5658196
all_dm6_minus_tracheal_sg	5658198
all_dm6_minus_tracheal_sg	5658199
all_dm6_minus_tracheal_sg	5658200
all_dm6_minus_tracheal_sg	5658201
all_dm6_minus_tracheal_sg	5658202
all_dm6_minus_tracheal_sg	5658203
all_dm6_minus_tracheal_sg	5658206
all_dm6_minus_tracheal_sg	5658207
all_dm6_minus_tracheal_sg	5658208
all_dm6_minus_tracheal_sg	5658209
all_dm6_minus_tracheal_sg	5658210
all_dm6_minus_tracheal_sg	5658211
all_dm6_minus_tracheal_sg	5658212
all_dm6_minus_tracheal_sg	5658213
all_dm6_minus_tracheal_sg	5658214
all_dm6_minus_tracheal_sg	5658215
all_dm6_minus_tracheal_sg	5658216
all_dm6_minus_tracheal_sg	5658217
all_dm6_minus_tracheal_sg	5658219
all_dm6_minus_tracheal_sg	5658220
all_dm6_minus_tracheal_sg	5658221
all_dm6_minus_tracheal_sg	5658222
all_dm6_minus_tracheal_sg	5658223
all_dm6_minus_tracheal_sg	5658224
all_dm6_minus_tracheal_sg	5658225
all_dm6_minus_tracheal_sg	5658226
all_dm6_minus_tracheal_sg	5658228
all_dm6_minus_tracheal_sg	5658229
all_dm6_minus_tracheal_sg	5658230
all_dm6_minus_tracheal_sg	5658232
all_dm6_minus_tracheal_sg	5658233
all_dm6_minus_tracheal_sg	5658234
all_dm6_minus_tracheal_sg	5658235
all_dm6_minus_tracheal_sg	5658236
all_dm6_minus_tracheal_sg	5658237
all_dm6_minus_tracheal_sg	5658238
all_dm6_minus_tracheal_sg	5658239
all_dm6_minus_tracheal_sg	5658240
all_dm6_minus_tracheal_sg	5658241
all_dm6_minus_tracheal_sg	5658251
all_dm6_minus_tracheal_sg	5658252
all_dm6_minus_tracheal_sg	5658253
all_dm6_minus_tracheal_sg	5658254
all_dm6_minus_tracheal_sg	5658255
all_dm6_minus_tracheal_sg	5658256
all_dm6_minus_tracheal_sg	5658257
all_dm6_minus_tracheal_sg	5658258
all_dm6_minus_tracheal_sg	5658259
all_dm6_minus_tracheal_sg	5658261
all_dm6_minus_tracheal_sg	5658262
all_dm6_minus_tracheal_sg	5658263
all_dm6_minus_tracheal_sg	5658264
all_dm6_minus_tracheal_sg	5658265
all_dm6_minus_tracheal_sg	5658266
all_dm6_minus_tracheal_sg	5658267
all_dm6_minus_tracheal_sg	5658269
all_dm6_minus_tracheal_sg	5658270
all_dm6_minus_tracheal_sg	5658271
all_dm6_minus_tracheal_sg	5658272
all_dm6_minus_tracheal_sg	5658273
all_dm6_minus_tracheal_sg	5658274
all_dm6_minus_tracheal_sg	5658275
all_dm6_minus_tracheal_sg	5658276
all_dm6_minus_tracheal_sg	5658277
all_dm6_minus_tracheal_sg	5658279
all_dm6_minus_tracheal_sg	5658280
all_dm6_minus_tracheal_sg	5658281
all_dm6_minus_tracheal_sg	5658283
all_dm6_minus_tracheal_sg	5658284
all_dm6_minus_tracheal_sg	5658285
all_dm6_minus_tracheal_sg	5658286
all_dm6_minus_tracheal_sg	5658287
all_dm6_minus_tracheal_sg	5658288
all_dm6_minus_tracheal_sg	5658289
all_dm6_minus_tracheal_sg	5658290
all_dm6_minus_tracheal_sg	5658291
all_dm6_minus_tracheal_sg	5658292
all_dm6_minus_tracheal_sg	5658293
all_dm6_minus_tracheal_sg	5658294
all_dm6_minus_tracheal_sg	5658295
all_dm6_minus_tracheal_sg	5658296
all_dm6_minus_tracheal_sg	5658297
all_dm6_minus_tracheal_sg	5658298
all_dm6_minus_tracheal_sg	5658299
all_dm6_minus_tracheal_sg	5658300
all_dm6_minus_tracheal_sg	5658301
all_dm6_minus_tracheal_sg	5658302
all_dm6_minus_tracheal_sg	5658303
all_dm6_minus_tracheal_sg	5658304
all_dm6_minus_tracheal_sg	5658305
all_dm6_minus_tracheal_sg	5658306
all_dm6_minus_tracheal_sg	5658307
all_dm6_minus_tracheal_sg	5658308
all_dm6_minus_tracheal_sg	5658309
all_dm6_minus_tracheal_sg	5658310
all_dm6_minus_tracheal_sg	5658311
all_dm6_minus_tracheal_sg	5658312
all_dm6_minus_tracheal_sg	5658313
all_dm6_minus_tracheal_sg	5658314
all_dm6_minus_tracheal_sg	5658315
all_dm6_minus_tracheal_sg	5658316
all_dm6_minus_tracheal_sg	5658317
all_dm6_minus_tracheal_sg	5658318
all_dm6_minus_tracheal_sg	5658319
all_dm6_minus_tracheal_sg	5658320
all_dm6_minus_tracheal_sg	5658321
all_dm6_minus_tracheal_sg	5658323
all_dm6_minus_tracheal_sg	5658326
all_dm6_minus_tracheal_sg	5658327
all_dm6_minus_tracheal_sg	5658329
all_dm6_minus_tracheal_sg	5658330
all_dm6_minus_tracheal_sg	5658331
all_dm6_minus_tracheal_sg	5658333
all_dm6_minus_tracheal_sg	5658334
all_dm6_minus_tracheal_sg	5658335
all_dm6_minus_tracheal_sg	5658336
all_dm6_minus_tracheal_sg	5658337
all_dm6_minus_tracheal_sg	5658338
all_dm6_minus_tracheal_sg	5658339
all_dm6_minus_tracheal_sg	5658340
all_dm6_minus_tracheal_sg	5658341
all_dm6_minus_tracheal_sg	5658342
all_dm6_minus_tracheal_sg	5658343
all_dm6_minus_tracheal_sg	5658344
all_dm6_minus_tracheal_sg	5658345
all_dm6_minus_tracheal_sg	5658346
all_dm6_minus_tracheal_sg	5658347
all_dm6_minus_tracheal_sg	5658348
all_dm6_minus_tracheal_sg	5658349
all_dm6_minus_tracheal_sg	5658350
all_dm6_minus_tracheal_sg	5658351
all_dm6_minus_tracheal_sg	5658352
all_dm6_minus_tracheal_sg	5658353
all_dm6_minus_tracheal_sg	5658354
all_dm6_minus_tracheal_sg	5658355
all_dm6_minus_tracheal_sg	5658356
all_dm6_minus_tracheal_sg	5658357
all_dm6_minus_tracheal_sg	5658358
all_dm6_minus_tracheal_sg	5658359
all_dm6_minus_tracheal_sg	5658360
all_dm6_minus_tracheal_sg	5658361
all_dm6_minus_tracheal_sg	5658362
all_dm6_minus_tracheal_sg	5658363
all_dm6_minus_tracheal_sg	5658364
all_dm6_minus_tracheal_sg	5658365
all_dm6_minus_tracheal_sg	5658366
all_dm6_minus_tracheal_sg	5658367
all_dm6_minus_tracheal_sg	5658368
all_dm6_minus_tracheal_sg	5658369
all_dm6_minus_tracheal_sg	5658370
all_dm6_minus_tracheal_sg	5658371
all_dm6_minus_tracheal_sg	5658372
all_dm6_minus_tracheal_sg	5658373
all_dm6_minus_tracheal_sg	5658374
all_dm6_minus_tracheal_sg	5658375
all_dm6_minus_tracheal_sg	5658376
all_dm6_minus_tracheal_sg	5658378
all_dm6_minus_tracheal_sg	5658379
all_dm6_minus_tracheal_sg	5658380
all_dm6_minus_tracheal_sg	5658381
all_dm6_minus_tracheal_sg	5658382
all_dm6_minus_tracheal_sg	5658383
all_dm6_minus_tracheal_sg	5658384
all_dm6_minus_tracheal_sg	5658385
all_dm6_minus_tracheal_sg	5658386
all_dm6_minus_tracheal_sg	5658387
all_dm6_minus_tracheal_sg	5658388
all_dm6_minus_tracheal_sg	5658389
all_dm6_minus_tracheal_sg	5658390
all_dm6_minus_tracheal_sg	5658391
all_dm6_minus_tracheal_sg	5658392
all_dm6_minus_tracheal_sg	5658393
all_dm6_minus_tracheal_sg	5658394
all_dm6_minus_tracheal_sg	5658395
all_dm6_minus_tracheal_sg	5658396
all_dm6_minus_tracheal_sg	5658397
all_dm6_minus_tracheal_sg	5658398
all_dm6_minus_tracheal_sg	5658399
all_dm6_minus_tracheal_sg	5658401
all_dm6_minus_tracheal_sg	5658402
all_dm6_minus_tracheal_sg	5658403
all_dm6_minus_tracheal_sg	5658404
all_dm6_minus_tracheal_sg	5658405
all_dm6_minus_tracheal_sg	5658406
all_dm6_minus_tracheal_sg	5658407
all_dm6_minus_tracheal_sg	5658408
all_dm6_minus_tracheal_sg	5658409
all_dm6_minus_tracheal_sg	5658410
all_dm6_minus_tracheal_sg	5658411
all_dm6_minus_tracheal_sg	5658412
all_dm6_minus_tracheal_sg	5658413
all_dm6_minus_tracheal_sg	5658414
all_dm6_minus_tracheal_sg	5658415
all_dm6_minus_tracheal_sg	5658416
all_dm6_minus_tracheal_sg	5658417
all_dm6_minus_tracheal_sg	5658418
all_dm6_minus_tracheal_sg	5658419
all_dm6_minus_tracheal_sg	5658420
all_dm6_minus_tracheal_sg	5658421
all_dm6_minus_tracheal_sg	5658422
all_dm6_minus_tracheal_sg	5658423
all_dm6_minus_tracheal_sg	5658424
all_dm6_minus_tracheal_sg	5658425
all_dm6_minus_tracheal_sg	5658426
all_dm6_minus_tracheal_sg	5658427
all_dm6_minus_tracheal_sg	5658428
all_dm6_minus_tracheal_sg	5658429
all_dm6_minus_tracheal_sg	5658430
all_dm6_minus_tracheal_sg	5658431
all_dm6_minus_tracheal_sg	5658432
all_dm6_minus_tracheal_sg	5658433
all_dm6_minus_tracheal_sg	5658434
all_dm6_minus_tracheal_sg	5658435
all_dm6_minus_tracheal_sg	5658436
all_dm6_minus_tracheal_sg	5658437
all_dm6_minus_tracheal_sg	5658438
all_dm6_minus_tracheal_sg	5658439
all_dm6_minus_tracheal_sg	5658440
all_dm6_minus_tracheal_sg	5658441
all_dm6_minus_tracheal_sg	5658442
all_dm6_minus_tracheal_sg	5658443
all_dm6_minus_tracheal_sg	5658444
all_dm6_minus_tracheal_sg	5658445
all_dm6_minus_tracheal_sg	5658446
all_dm6_minus_tracheal_sg	5658447
all_dm6_minus_tracheal_sg	5658448
all_dm6_minus_tracheal_sg	5658449
all_dm6_minus_tracheal_sg	5658450
all_dm6_minus_tracheal_sg	5658451
all_dm6_minus_tracheal_sg	5658452
all_dm6_minus_tracheal_sg	5658453
all_dm6_minus_tracheal_sg	5658454
all_dm6_minus_tracheal_sg	5658455
all_dm6_minus_tracheal_sg	5658456
all_dm6_minus_tracheal_sg	5658457
all_dm6_minus_tracheal_sg	5658458
all_dm6_minus_tracheal_sg	5658459
all_dm6_minus_tracheal_sg	5658460
all_dm6_minus_tracheal_sg	5658461
all_dm6_minus_tracheal_sg	5658462
all_dm6_minus_tracheal_sg	5658463
all_dm6_minus_tracheal_sg	5658464
all_dm6_minus_tracheal_sg	5658465
all_dm6_minus_tracheal_sg	5658466
all_dm6_minus_tracheal_sg	5658467
all_dm6_minus_tracheal_sg	5658468
all_dm6_minus_tracheal_sg	5658469
all_dm6_minus_tracheal_sg	5658470
all_dm6_minus_tracheal_sg	5658471
all_dm6_minus_tracheal_sg	5658472
all_dm6_minus_tracheal_sg	5658473
all_dm6_minus_tracheal_sg	5658474
all_dm6_minus_tracheal_sg	5658475
all_dm6_minus_tracheal_sg	5658476
all_dm6_minus_tracheal_sg	5658477
all_dm6_minus_tracheal_sg	5658478
all_dm6_minus_tracheal_sg	5658479
all_dm6_minus_tracheal_sg	5658481
all_dm6_minus_tracheal_sg	5658483
all_dm6_minus_tracheal_sg	5658484
all_dm6_minus_tracheal_sg	5658485
all_dm6_minus_tracheal_sg	5658486
all_dm6_minus_tracheal_sg	5658487
all_dm6_minus_tracheal_sg	5658488
all_dm6_minus_tracheal_sg	5658489
all_dm6_minus_tracheal_sg	5658490
all_dm6_minus_tracheal_sg	5658491
all_dm6_minus_tracheal_sg	5658492
all_dm6_minus_tracheal_sg	5658493
all_dm6_minus_tracheal_sg	5658494
all_dm6_minus_tracheal_sg	5658495
all_dm6_minus_tracheal_sg	5658496
all_dm6_minus_tracheal_sg	5658497
all_dm6_minus_tracheal_sg	5658498
all_dm6_minus_tracheal_sg	5658499
all_dm6_minus_tracheal_sg	5658500
all_dm6_minus_tracheal_sg	5658501
all_dm6_minus_tracheal_sg	5658502
all_dm6_minus_tracheal_sg	5658503
all_dm6_minus_tracheal_sg	5658504
all_dm6_minus_tracheal_sg	5658505
all_dm6_minus_tracheal_sg	5658506
all_dm6_minus_tracheal_sg	5658507
all_dm6_minus_tracheal_sg	5658508
all_dm6_minus_tracheal_sg	5658509
all_dm6_minus_tracheal_sg	5658510
all_dm6_minus_tracheal_sg	5658511
all_dm6_minus_tracheal_sg	5658512
all_dm6_minus_tracheal_sg	5658513
all_dm6_minus_tracheal_sg	5658514
all_dm6_minus_tracheal_sg	5658515
all_dm6_minus_tracheal_sg	5658516
all_dm6_minus_tracheal_sg	5658517
all_dm6_minus_tracheal_sg	5658518
all_dm6_minus_tracheal_sg	5658519
all_dm6_minus_tracheal_sg	5658520
all_dm6_minus_tracheal_sg	5658521
all_dm6_minus_tracheal_sg	5658522
all_dm6_minus_tracheal_sg	5658523
all_dm6_minus_tracheal_sg	5658524
all_dm6_minus_tracheal_sg	5658525
all_dm6_minus_tracheal_sg	5658526
all_dm6_minus_tracheal_sg	5658527
all_dm6_minus_tracheal_sg	5658528
all_dm6_minus_tracheal_sg	5658529
all_dm6_minus_tracheal_sg	5658530
all_dm6_minus_tracheal_sg	5658531
all_dm6_minus_tracheal_sg	5658532
all_dm6_minus_tracheal_sg	5658533
all_dm6_minus_tracheal_sg	5658534
all_dm6_minus_tracheal_sg	5658535
all_dm6_minus_tracheal_sg	5658536
all_dm6_minus_tracheal_sg	5658537
all_dm6_minus_tracheal_sg	5658538
all_dm6_minus_tracheal_sg	5658539
all_dm6_minus_tracheal_sg	5658540
all_dm6_minus_tracheal_sg	5658541
all_dm6_minus_tracheal_sg	5658542
all_dm6_minus_tracheal_sg	5658543
all_dm6_minus_tracheal_sg	5658547
all_dm6_minus_tracheal_sg	5658548
all_dm6_minus_tracheal_sg	5658549
all_dm6_minus_tracheal_sg	5658552
all_dm6_minus_tracheal_sg	5658553
all_dm6_minus_tracheal_sg	5658554
all_dm6_minus_tracheal_sg	5658557
all_dm6_minus_tracheal_sg	5658558
all_dm6_minus_tracheal_sg	5658559
all_dm6_minus_tracheal_sg	5658560
all_dm6_minus_tracheal_sg	5658561
all_dm6_minus_tracheal_sg	5658562
all_dm6_minus_tracheal_sg	5658563
all_dm6_minus_tracheal_sg	5658564
all_dm6_minus_tracheal_sg	5658565
all_dm6_minus_tracheal_sg	5658566
all_dm6_minus_tracheal_sg	5658567
all_dm6_minus_tracheal_sg	5658568
all_dm6_minus_tracheal_sg	5658569
all_dm6_minus_tracheal_sg	5658570
all_dm6_minus_tracheal_sg	5658571
all_dm6_minus_tracheal_sg	5658572
all_dm6_minus_tracheal_sg	5658573
all_dm6_minus_tracheal_sg	5658574
all_dm6_minus_tracheal_sg	5658575
all_dm6_minus_tracheal_sg	5658576
all_dm6_minus_tracheal_sg	5658577
all_dm6_minus_tracheal_sg	5658578
all_dm6_minus_tracheal_sg	5658579
all_dm6_minus_tracheal_sg	5658580
all_dm6_minus_tracheal_sg	5658581
all_dm6_minus_tracheal_sg	5658582
all_dm6_minus_tracheal_sg	5658583
all_dm6_minus_tracheal_sg	5658584
all_dm6_minus_tracheal_sg	5658585
all_dm6_minus_tracheal_sg	5658586
all_dm6_minus_tracheal_sg	5658587
all_dm6_minus_tracheal_sg	5658588
all_dm6_minus_tracheal_sg	5658589
all_dm6_minus_tracheal_sg	5658590
all_dm6_minus_tracheal_sg	5658591
all_dm6_minus_tracheal_sg	5658592
all_dm6_minus_tracheal_sg	5658593
all_dm6_minus_tracheal_sg	5658594
all_dm6_minus_tracheal_sg	5658595
all_dm6_minus_tracheal_sg	5658596
all_dm6_minus_tracheal_sg	5658597
all_dm6_minus_tracheal_sg	5658598
all_dm6_minus_tracheal_sg	5658599
all_dm6_minus_tracheal_sg	5658600
all_dm6_minus_tracheal_sg	5658601
all_dm6_minus_tracheal_sg	5658602
all_dm6_minus_tracheal_sg	5658603
all_dm6_minus_tracheal_sg	5658604
all_dm6_minus_tracheal_sg	5658605
all_dm6_minus_tracheal_sg	5658606
all_dm6_minus_tracheal_sg	5658607
all_dm6_minus_tracheal_sg	5658608
all_dm6_minus_tracheal_sg	5658609
all_dm6_minus_tracheal_sg	5658610
all_dm6_minus_tracheal_sg	5658611
all_dm6_minus_tracheal_sg	5658612
all_dm6_minus_tracheal_sg	5658613
all_dm6_minus_tracheal_sg	5658614
all_dm6_minus_tracheal_sg	5658615
all_dm6_minus_tracheal_sg	5658616
all_dm6_minus_tracheal_sg	5658617
all_dm6_minus_tracheal_sg	5658618
all_dm6_minus_tracheal_sg	5658619
all_dm6_minus_tracheal_sg	5658620
all_dm6_minus_tracheal_sg	5658621
all_dm6_minus_tracheal_sg	5658622
all_dm6_minus_tracheal_sg	5658623
all_dm6_minus_tracheal_sg	5658624
all_dm6_minus_tracheal_sg	5658625
all_dm6_minus_tracheal_sg	5658626
all_dm6_minus_tracheal_sg	5658627
all_dm6_minus_tracheal_sg	5658628
all_dm6_minus_tracheal_sg	5658629
all_dm6_minus_tracheal_sg	5658630
all_dm6_minus_tracheal_sg	5658631
all_dm6_minus_tracheal_sg	5658633
all_dm6_minus_tracheal_sg	5658634
all_dm6_minus_tracheal_sg	5658635
all_dm6_minus_tracheal_sg	5658636
all_dm6_minus_tracheal_sg	5658637
all_dm6_minus_tracheal_sg	5658638
all_dm6_minus_tracheal_sg	5658639
all_dm6_minus_tracheal_sg	5658640
all_dm6_minus_tracheal_sg	5658641
all_dm6_minus_tracheal_sg	5658642
all_dm6_minus_tracheal_sg	5658643
all_dm6_minus_tracheal_sg	5658644
all_dm6_minus_tracheal_sg	5658645
all_dm6_minus_tracheal_sg	5658647
all_dm6_minus_tracheal_sg	5658648
all_dm6_minus_tracheal_sg	5658691
all_dm6_minus_tracheal_sg	5658692
all_dm6_minus_tracheal_sg	5658693
all_dm6_minus_tracheal_sg	5658694
all_dm6_minus_tracheal_sg	5658695
all_dm6_minus_tracheal_sg	5658696
all_dm6_minus_tracheal_sg	5740100
all_dm6_minus_tracheal_sg	5740101
all_dm6_minus_tracheal_sg	5740103
all_dm6_minus_tracheal_sg	5740107
all_dm6_minus_tracheal_sg	5740108
all_dm6_minus_tracheal_sg	5740113
all_dm6_minus_tracheal_sg	5740115
all_dm6_minus_tracheal_sg	5740117
all_dm6_minus_tracheal_sg	5740122
all_dm6_minus_tracheal_sg	5740123
all_dm6_minus_tracheal_sg	5740125
all_dm6_minus_tracheal_sg	5740126
all_dm6_minus_tracheal_sg	5740128
all_dm6_minus_tracheal_sg	5740129
all_dm6_minus_tracheal_sg	5740130
all_dm6_minus_tracheal_sg	5740134
all_dm6_minus_tracheal_sg	5740135
all_dm6_minus_tracheal_sg	5740137
all_dm6_minus_tracheal_sg	5740140
all_dm6_minus_tracheal_sg	5740141
all_dm6_minus_tracheal_sg	5740142
all_dm6_minus_tracheal_sg	5740143
all_dm6_minus_tracheal_sg	5740147
all_dm6_minus_tracheal_sg	5740148
all_dm6_minus_tracheal_sg	5740152
all_dm6_minus_tracheal_sg	5740154
all_dm6_minus_tracheal_sg	5740156
all_dm6_minus_tracheal_sg	5740160
all_dm6_minus_tracheal_sg	5740165
all_dm6_minus_tracheal_sg	5740167
all_dm6_minus_tracheal_sg	5740168
all_dm6_minus_tracheal_sg	5740169
all_dm6_minus_tracheal_sg	5740170
all_dm6_minus_tracheal_sg	5740171
all_dm6_minus_tracheal_sg	5740172
all_dm6_minus_tracheal_sg	5740173
all_dm6_minus_tracheal_sg	5740175
all_dm6_minus_tracheal_sg	5740176
all_dm6_minus_tracheal_sg	5740178
all_dm6_minus_tracheal_sg	5740179
all_dm6_minus_tracheal_sg	5740182
all_dm6_minus_tracheal_sg	5740183
all_dm6_minus_tracheal_sg	5740184
all_dm6_minus_tracheal_sg	5740185
all_dm6_minus_tracheal_sg	5740186
all_dm6_minus_tracheal_sg	5740188
all_dm6_minus_tracheal_sg	5740189
all_dm6_minus_tracheal_sg	5740191
all_dm6_minus_tracheal_sg	5740196
all_dm6_minus_tracheal_sg	5740197
all_dm6_minus_tracheal_sg	5740198
all_dm6_minus_tracheal_sg	5740200
all_dm6_minus_tracheal_sg	5740202
all_dm6_minus_tracheal_sg	5740203
all_dm6_minus_tracheal_sg	5740204
all_dm6_minus_tracheal_sg	5740205
all_dm6_minus_tracheal_sg	5740206
all_dm6_minus_tracheal_sg	5740207
all_dm6_minus_tracheal_sg	5740209
all_dm6_minus_tracheal_sg	5740210
all_dm6_minus_tracheal_sg	5740212
all_dm6_minus_tracheal_sg	5740214
all_dm6_minus_tracheal_sg	5740215
all_dm6_minus_tracheal_sg	5740216
all_dm6_minus_tracheal_sg	5740217
all_dm6_minus_tracheal_sg	5740219
all_dm6_minus_tracheal_sg	5740220
all_dm6_minus_tracheal_sg	5740222
all_dm6_minus_tracheal_sg	5740224
all_dm6_minus_tracheal_sg	5740225
all_dm6_minus_tracheal_sg	5740226
all_dm6_minus_tracheal_sg	5740227
all_dm6_minus_tracheal_sg	5740229
all_dm6_minus_tracheal_sg	5740233
all_dm6_minus_tracheal_sg	5740234
all_dm6_minus_tracheal_sg	5740235
all_dm6_minus_tracheal_sg	5740236
all_dm6_minus_tracheal_sg	5740238
all_dm6_minus_tracheal_sg	5740241
all_dm6_minus_tracheal_sg	5740242
all_dm6_minus_tracheal_sg	5740243
all_dm6_minus_tracheal_sg	5740246
all_dm6_minus_tracheal_sg	5740248
all_dm6_minus_tracheal_sg	5740250
all_dm6_minus_tracheal_sg	5740252
all_dm6_minus_tracheal_sg	5740254
all_dm6_minus_tracheal_sg	5740255
all_dm6_minus_tracheal_sg	5740257
all_dm6_minus_tracheal_sg	5740261
all_dm6_minus_tracheal_sg	5740263
all_dm6_minus_tracheal_sg	5740264
all_dm6_minus_tracheal_sg	5740268
all_dm6_minus_tracheal_sg	5740269
all_dm6_minus_tracheal_sg	5740271
all_dm6_minus_tracheal_sg	5740277
all_dm6_minus_tracheal_sg	5740278
all_dm6_minus_tracheal_sg	5740279
all_dm6_minus_tracheal_sg	5740281
all_dm6_minus_tracheal_sg	5740282
all_dm6_minus_tracheal_sg	5740283
all_dm6_minus_tracheal_sg	5740285
all_dm6_minus_tracheal_sg	5740289
all_dm6_minus_tracheal_sg	5740291
all_dm6_minus_tracheal_sg	5740295
all_dm6_minus_tracheal_sg	5740297
all_dm6_minus_tracheal_sg	5740298
all_dm6_minus_tracheal_sg	5740299
all_dm6_minus_tracheal_sg	5740302
all_dm6_minus_tracheal_sg	5740303
all_dm6_minus_tracheal_sg	5740305
all_dm6_minus_tracheal_sg	5740310
all_dm6_minus_tracheal_sg	5740313
all_dm6_minus_tracheal_sg	5740315
all_dm6_minus_tracheal_sg	5740316
all_dm6_minus_tracheal_sg	5740318
all_dm6_minus_tracheal_sg	5740319
all_dm6_minus_tracheal_sg	5740325
all_dm6_minus_tracheal_sg	5740326
all_dm6_minus_tracheal_sg	5740331
all_dm6_minus_tracheal_sg	5740334
all_dm6_minus_tracheal_sg	5740338
all_dm6_minus_tracheal_sg	5740342
all_dm6_minus_tracheal_sg	5740343
all_dm6_minus_tracheal_sg	5740347
all_dm6_minus_tracheal_sg	5740348
all_dm6_minus_tracheal_sg	5740349
all_dm6_minus_tracheal_sg	5740351
all_dm6_minus_tracheal_sg	5740356
all_dm6_minus_tracheal_sg	5740359
all_dm6_minus_tracheal_sg	5740360
all_dm6_minus_tracheal_sg	5740362
all_dm6_minus_tracheal_sg	5740363
all_dm6_minus_tracheal_sg	5740365
all_dm6_minus_tracheal_sg	5740367
all_dm6_minus_tracheal_sg	5740368
all_dm6_minus_tracheal_sg	5740370
all_dm6_minus_tracheal_sg	5740375
all_dm6_minus_tracheal_sg	5740376
all_dm6_minus_tracheal_sg	5740377
all_dm6_minus_tracheal_sg	5740378
all_dm6_minus_tracheal_sg	5740381
all_dm6_minus_tracheal_sg	5740383
all_dm6_minus_tracheal_sg	5740384
all_dm6_minus_tracheal_sg	5740385
all_dm6_minus_tracheal_sg	5740386
all_dm6_minus_tracheal_sg	5740388
all_dm6_minus_tracheal_sg	5740389
all_dm6_minus_tracheal_sg	5740391
all_dm6_minus_tracheal_sg	5740392
all_dm6_minus_tracheal_sg	5740394
all_dm6_minus_tracheal_sg	5740400
all_dm6_minus_tracheal_sg	5740401
all_dm6_minus_tracheal_sg	5740402
all_dm6_minus_tracheal_sg	5740407
all_dm6_minus_tracheal_sg	5740408
all_dm6_minus_tracheal_sg	5740409
all_dm6_minus_tracheal_sg	5740411
all_dm6_minus_tracheal_sg	5740413
all_dm6_minus_tracheal_sg	5740414
all_dm6_minus_tracheal_sg	5740416
all_dm6_minus_tracheal_sg	5740417
all_dm6_minus_tracheal_sg	5740419
all_dm6_minus_tracheal_sg	5740420
all_dm6_minus_tracheal_sg	5740422
all_dm6_minus_tracheal_sg	5740423
all_dm6_minus_tracheal_sg	5740425
all_dm6_minus_tracheal_sg	5740430
all_dm6_minus_tracheal_sg	5740431
all_dm6_minus_tracheal_sg	5740435
all_dm6_minus_tracheal_sg	5740436
all_dm6_minus_tracheal_sg	5740437
all_dm6_minus_tracheal_sg	5740438
all_dm6_minus_tracheal_sg	5740439
all_dm6_minus_tracheal_sg	5740441
all_dm6_minus_tracheal_sg	5740442
all_dm6_minus_tracheal_sg	5740445
all_dm6_minus_tracheal_sg	5740446
all_dm6_minus_tracheal_sg	5740448
all_dm6_minus_tracheal_sg	5740449
all_dm6_minus_tracheal_sg	5740456
all_dm6_minus_tracheal_sg	5740457
all_dm6_minus_tracheal_sg	5740459
all_dm6_minus_tracheal_sg	5740461
all_dm6_minus_tracheal_sg	5740465
all_dm6_minus_tracheal_sg	5740467
all_dm6_minus_tracheal_sg	5740468
all_dm6_minus_tracheal_sg	5740470
all_dm6_minus_tracheal_sg	5740473
all_dm6_minus_tracheal_sg	5740474
all_dm6_minus_tracheal_sg	5740475
all_dm6_minus_tracheal_sg	5740480
all_dm6_minus_tracheal_sg	5740481
all_dm6_minus_tracheal_sg	5740483
all_dm6_minus_tracheal_sg	5740486
all_dm6_minus_tracheal_sg	5740488
all_dm6_minus_tracheal_sg	5740489
all_dm6_minus_tracheal_sg	5740490
all_dm6_minus_tracheal_sg	5740493
all_dm6_minus_tracheal_sg	5740497
all_dm6_minus_tracheal_sg	5740498
all_dm6_minus_tracheal_sg	5740501
all_dm6_minus_tracheal_sg	5740504
all_dm6_minus_tracheal_sg	5740505
all_dm6_minus_tracheal_sg	5740506
all_dm6_minus_tracheal_sg	5740507
all_dm6_minus_tracheal_sg	5740508
all_dm6_minus_tracheal_sg	5740513
all_dm6_minus_tracheal_sg	5740514
all_dm6_minus_tracheal_sg	5740515
all_dm6_minus_tracheal_sg	5740517
all_dm6_minus_tracheal_sg	5740519
all_dm6_minus_tracheal_sg	5740520
all_dm6_minus_tracheal_sg	5740521
all_dm6_minus_tracheal_sg	5740524
all_dm6_minus_tracheal_sg	5740527
all_dm6_minus_tracheal_sg	5740528
all_dm6_minus_tracheal_sg	5740532
all_dm6_minus_tracheal_sg	5740534
all_dm6_minus_tracheal_sg	5740536
all_dm6_minus_tracheal_sg	5740537
all_dm6_minus_tracheal_sg	5740538
all_dm6_minus_tracheal_sg	5740539
all_dm6_minus_tracheal_sg	5740541
all_dm6_minus_tracheal_sg	5740542
all_dm6_minus_tracheal_sg	5740543
all_dm6_minus_tracheal_sg	5740544
all_dm6_minus_tracheal_sg	5740546
all_dm6_minus_tracheal_sg	5740549
all_dm6_minus_tracheal_sg	5740551
all_dm6_minus_tracheal_sg	5740553
all_dm6_minus_tracheal_sg	5740554
all_dm6_minus_tracheal_sg	5740555
all_dm6_minus_tracheal_sg	5740556
all_dm6_minus_tracheal_sg	5740558
all_dm6_minus_tracheal_sg	5740565
all_dm6_minus_tracheal_sg	5740569
all_dm6_minus_tracheal_sg	5740570
all_dm6_minus_tracheal_sg	5740572
all_dm6_minus_tracheal_sg	5740574
all_dm6_minus_tracheal_sg	5740575
all_dm6_minus_tracheal_sg	5740576
all_dm6_minus_tracheal_sg	5740577
all_dm6_minus_tracheal_sg	5740578
all_dm6_minus_tracheal_sg	5740580
all_dm6_minus_tracheal_sg	5740581
all_dm6_minus_tracheal_sg	5740583
all_dm6_minus_tracheal_sg	5740585
all_dm6_minus_tracheal_sg	5740586
all_dm6_minus_tracheal_sg	5740587
all_dm6_minus_tracheal_sg	5740590
all_dm6_minus_tracheal_sg	5740592
all_dm6_minus_tracheal_sg	5740593
all_dm6_minus_tracheal_sg	5740596
all_dm6_minus_tracheal_sg	5740597
all_dm6_minus_tracheal_sg	5740599
all_dm6_minus_tracheal_sg	5740601
all_dm6_minus_tracheal_sg	5740603
all_dm6_minus_tracheal_sg	5740604
all_dm6_minus_tracheal_sg	5740605
all_dm6_minus_tracheal_sg	5740606
all_dm6_minus_tracheal_sg	5740609
all_dm6_minus_tracheal_sg	5740610
all_dm6_minus_tracheal_sg	5740611
all_dm6_minus_tracheal_sg	5740612
all_dm6_minus_tracheal_sg	5740617
all_dm6_minus_tracheal_sg	5740620
all_dm6_minus_tracheal_sg	5740621
all_dm6_minus_tracheal_sg	5740622
all_dm6_minus_tracheal_sg	5740624
all_dm6_minus_tracheal_sg	5740627
all_dm6_minus_tracheal_sg	5740629
all_dm6_minus_tracheal_sg	5740630
all_dm6_minus_tracheal_sg	5740633
all_dm6_minus_tracheal_sg	5740634
all_dm6_minus_tracheal_sg	5740636
all_dm6_minus_tracheal_sg	5740639
all_dm6_minus_tracheal_sg	5740640
all_dm6_minus_tracheal_sg	5740641
all_dm6_minus_tracheal_sg	5740644
all_dm6_minus_tracheal_sg	5740645
all_dm6_minus_tracheal_sg	5740647
all_dm6_minus_tracheal_sg	5740655
all_dm6_minus_tracheal_sg	5740656
all_dm6_minus_tracheal_sg	5740659
all_dm6_minus_tracheal_sg	5740660
all_dm6_minus_tracheal_sg	5740661
all_dm6_minus_tracheal_sg	5740662
all_dm6_minus_tracheal_sg	5740664
all_dm6_minus_tracheal_sg	5740666
all_dm6_minus_tracheal_sg	5740668
all_dm6_minus_tracheal_sg	5740669
all_dm6_minus_tracheal_sg	5740672
all_dm6_minus_tracheal_sg	5740674
all_dm6_minus_tracheal_sg	5740675
all_dm6_minus_tracheal_sg	5740676
all_dm6_minus_tracheal_sg	5740678
all_dm6_minus_tracheal_sg	5740681
all_dm6_minus_tracheal_sg	5740683
all_dm6_minus_tracheal_sg	5740684
all_dm6_minus_tracheal_sg	5740685
all_dm6_minus_tracheal_sg	5740687
all_dm6_minus_tracheal_sg	5740688
all_dm6_minus_tracheal_sg	5740691
all_dm6_minus_tracheal_sg	5740693
all_dm6_minus_tracheal_sg	5740697
all_dm6_minus_tracheal_sg	5740698
all_dm6_minus_tracheal_sg	5740699
all_dm6_minus_tracheal_sg	5740700
all_dm6_minus_tracheal_sg	5740702
all_dm6_minus_tracheal_sg	5740703
all_dm6_minus_tracheal_sg	5740704
all_dm6_minus_tracheal_sg	5740708
all_dm6_minus_tracheal_sg	5740711
all_dm6_minus_tracheal_sg	5740713
all_dm6_minus_tracheal_sg	5740714
all_dm6_minus_tracheal_sg	5740717
all_dm6_minus_tracheal_sg	5740719
all_dm6_minus_tracheal_sg	5740723
all_dm6_minus_tracheal_sg	5740724
all_dm6_minus_tracheal_sg	5740729
all_dm6_minus_tracheal_sg	5740732
all_dm6_minus_tracheal_sg	5740733
all_dm6_minus_tracheal_sg	5740734
all_dm6_minus_tracheal_sg	5740739
all_dm6_minus_tracheal_sg	5740740
all_dm6_minus_tracheal_sg	5740741
all_dm6_minus_tracheal_sg	5740743
all_dm6_minus_tracheal_sg	5740745
all_dm6_minus_tracheal_sg	5740746
all_dm6_minus_tracheal_sg	5740751
all_dm6_minus_tracheal_sg	5740752
all_dm6_minus_tracheal_sg	5740753
all_dm6_minus_tracheal_sg	5740754
all_dm6_minus_tracheal_sg	5740757
all_dm6_minus_tracheal_sg	5740761
all_dm6_minus_tracheal_sg	5740763
all_dm6_minus_tracheal_sg	5740766
all_dm6_minus_tracheal_sg	5740767
all_dm6_minus_tracheal_sg	5740768
all_dm6_minus_tracheal_sg	5740769
all_dm6_minus_tracheal_sg	5740770
all_dm6_minus_tracheal_sg	5740771
all_dm6_minus_tracheal_sg	5740774
all_dm6_minus_tracheal_sg	5740775
all_dm6_minus_tracheal_sg	5740779
all_dm6_minus_tracheal_sg	5740781
all_dm6_minus_tracheal_sg	5740782
all_dm6_minus_tracheal_sg	5740784
all_dm6_minus_tracheal_sg	5740785
all_dm6_minus_tracheal_sg	5740786
all_dm6_minus_tracheal_sg	5740790
all_dm6_minus_tracheal_sg	5740792
all_dm6_minus_tracheal_sg	5740793
all_dm6_minus_tracheal_sg	5740795
all_dm6_minus_tracheal_sg	5740797
all_dm6_minus_tracheal_sg	5740800
all_dm6_minus_tracheal_sg	5740802
all_dm6_minus_tracheal_sg	5740805
all_dm6_minus_tracheal_sg	5740807
all_dm6_minus_tracheal_sg	5740809
all_dm6_minus_tracheal_sg	5740810
all_dm6_minus_tracheal_sg	5740811
all_dm6_minus_tracheal_sg	5740812
all_dm6_minus_tracheal_sg	5740813
all_dm6_minus_tracheal_sg	5740816
all_dm6_minus_tracheal_sg	5740817
all_dm6_minus_tracheal_sg	5740818
all_dm6_minus_tracheal_sg	5740821
all_dm6_minus_tracheal_sg	5740822
all_dm6_minus_tracheal_sg	5740825
all_dm6_minus_tracheal_sg	5740826
all_dm6_minus_tracheal_sg	5740827
all_dm6_minus_tracheal_sg	5740829
all_dm6_minus_tracheal_sg	5740831
all_dm6_minus_tracheal_sg	5740833
all_dm6_minus_tracheal_sg	5740834
all_dm6_minus_tracheal_sg	5740835
all_dm6_minus_tracheal_sg	5740836
all_dm6_minus_tracheal_sg	5740837
all_dm6_minus_tracheal_sg	5740838
all_dm6_minus_tracheal_sg	5740839
all_dm6_minus_tracheal_sg	5740840
all_dm6_minus_tracheal_sg	5740842
all_dm6_minus_tracheal_sg	5740846
all_dm6_minus_tracheal_sg	5740847
all_dm6_minus_tracheal_sg	5740848
all_dm6_minus_tracheal_sg	5740851
all_dm6_minus_tracheal_sg	5740853
all_dm6_minus_tracheal_sg	5740854
all_dm6_minus_tracheal_sg	5740857
all_dm6_minus_tracheal_sg	5740859
all_dm6_minus_tracheal_sg	5740860
all_dm6_minus_tracheal_sg	5740861
all_dm6_minus_tracheal_sg	5740862
all_dm6_minus_tracheal_sg	5740863
all_dm6_minus_tracheal_sg	5740865
all_dm6_minus_tracheal_sg	5740866
all_dm6_minus_tracheal_sg	5740867
all_dm6_minus_tracheal_sg	5740868
all_dm6_minus_tracheal_sg	5740871
all_dm6_minus_tracheal_sg	5740876
all_dm6_minus_tracheal_sg	5740878
all_dm6_minus_tracheal_sg	5740879
all_dm6_minus_tracheal_sg	5740881
all_dm6_minus_tracheal_sg	5740883
all_dm6_minus_tracheal_sg	5740884
all_dm6_minus_tracheal_sg	7354371
all_dm6_minus_tracheal_sg	7354373
all_dm6_minus_tracheal_sg	7354374
all_dm6_minus_tracheal_sg	7354375
all_dm6_minus_tracheal_sg	7354379
all_dm6_minus_tracheal_sg	7354380
all_dm6_minus_tracheal_sg	7354382
all_dm6_minus_tracheal_sg	7354384
all_dm6_minus_tracheal_sg	7354385
all_dm6_minus_tracheal_sg	7354386
all_dm6_minus_tracheal_sg	7354391
all_dm6_minus_tracheal_sg	7354392
all_dm6_minus_tracheal_sg	7354397
all_dm6_minus_tracheal_sg	7354399
all_dm6_minus_tracheal_sg	7354400
all_dm6_minus_tracheal_sg	7354402
all_dm6_minus_tracheal_sg	7354403
all_dm6_minus_tracheal_sg	7354404
all_dm6_minus_tracheal_sg	7354405
all_dm6_minus_tracheal_sg	7354406
all_dm6_minus_tracheal_sg	7354407
all_dm6_minus_tracheal_sg	7354408
all_dm6_minus_tracheal_sg	7354409
all_dm6_minus_tracheal_sg	7354410
all_dm6_minus_tracheal_sg	7354411
all_dm6_minus_tracheal_sg	7354412
all_dm6_minus_tracheal_sg	7354413
all_dm6_minus_tracheal_sg	7354414
all_dm6_minus_tracheal_sg	7354415
all_dm6_minus_tracheal_sg	7354416
all_dm6_minus_tracheal_sg	7354417
all_dm6_minus_tracheal_sg	7354418
all_dm6_minus_tracheal_sg	7354419
all_dm6_minus_tracheal_sg	7354420
all_dm6_minus_tracheal_sg	7354422
all_dm6_minus_tracheal_sg	7354423
all_dm6_minus_tracheal_sg	7354424
all_dm6_minus_tracheal_sg	7354425
all_dm6_minus_tracheal_sg	7354426
all_dm6_minus_tracheal_sg	7354427
all_dm6_minus_tracheal_sg	7354428
all_dm6_minus_tracheal_sg	7354429
all_dm6_minus_tracheal_sg	7354430
all_dm6_minus_tracheal_sg	7354431
all_dm6_minus_tracheal_sg	7354432
all_dm6_minus_tracheal_sg	7354433
all_dm6_minus_tracheal_sg	7354434
all_dm6_minus_tracheal_sg	7354435
all_dm6_minus_tracheal_sg	7354436
all_dm6_minus_tracheal_sg	7354437
all_dm6_minus_tracheal_sg	7354439
all_dm6_minus_tracheal_sg	7354440
all_dm6_minus_tracheal_sg	7354441
all_dm6_minus_tracheal_sg	7354442
all_dm6_minus_tracheal_sg	7354443
all_dm6_minus_tracheal_sg	7354444
all_dm6_minus_tracheal_sg	7354445
all_dm6_minus_tracheal_sg	7354447
all_dm6_minus_tracheal_sg	7354448
all_dm6_minus_tracheal_sg	7354449
all_dm6_minus_tracheal_sg	7354450
all_dm6_minus_tracheal_sg	7354451
all_dm6_minus_tracheal_sg	7354452
all_dm6_minus_tracheal_sg	7354453
all_dm6_minus_tracheal_sg	7354454
all_dm6_minus_tracheal_sg	7354455
all_dm6_minus_tracheal_sg	7354457
all_dm6_minus_tracheal_sg	7354458
all_dm6_minus_tracheal_sg	7354459
all_dm6_minus_tracheal_sg	7354460
all_dm6_minus_tracheal_sg	7354461
all_dm6_minus_tracheal_sg	7354462
all_dm6_minus_tracheal_sg	7354463
all_dm6_minus_tracheal_sg	7354464
all_dm6_minus_tracheal_sg	7354465
all_dm6_minus_tracheal_sg	7354470
all_dm6_minus_tracheal_sg	7354471
all_dm6_minus_tracheal_sg	7354472
all_dm6_minus_tracheal_sg	7354473
all_dm6_minus_tracheal_sg	7354474
all_dm6_minus_tracheal_sg	7354475
all_dm6_minus_tracheal_sg	7354476
all_dm6_minus_tracheal_sg	7411857
all_dm6_minus_tracheal_sg	8673955
all_dm6_minus_tracheal_sg	8673956
all_dm6_minus_tracheal_sg	8673957
all_dm6_minus_tracheal_sg	8673958
all_dm6_minus_tracheal_sg	8673959
all_dm6_minus_tracheal_sg	8673960
all_dm6_minus_tracheal_sg	8673961
all_dm6_minus_tracheal_sg	8673962
all_dm6_minus_tracheal_sg	8673963
all_dm6_minus_tracheal_sg	8673965
all_dm6_minus_tracheal_sg	8673966
all_dm6_minus_tracheal_sg	8673967
all_dm6_minus_tracheal_sg	8673969
all_dm6_minus_tracheal_sg	8673970
all_dm6_minus_tracheal_sg	8673971
all_dm6_minus_tracheal_sg	8673972
all_dm6_minus_tracheal_sg	8673973
all_dm6_minus_tracheal_sg	8673975
all_dm6_minus_tracheal_sg	8673976
all_dm6_minus_tracheal_sg	8673977
all_dm6_minus_tracheal_sg	8673979
all_dm6_minus_tracheal_sg	8673980
all_dm6_minus_tracheal_sg	8673981
all_dm6_minus_tracheal_sg	8673982
all_dm6_minus_tracheal_sg	8673983
all_dm6_minus_tracheal_sg	8673984
all_dm6_minus_tracheal_sg	8673985
all_dm6_minus_tracheal_sg	8673987
all_dm6_minus_tracheal_sg	8673988
all_dm6_minus_tracheal_sg	8673989
all_dm6_minus_tracheal_sg	8673990
all_dm6_minus_tracheal_sg	8673991
all_dm6_minus_tracheal_sg	8673993
all_dm6_minus_tracheal_sg	8673994
all_dm6_minus_tracheal_sg	8673995
all_dm6_minus_tracheal_sg	8673998
all_dm6_minus_tracheal_sg	8673999
all_dm6_minus_tracheal_sg	8674000
all_dm6_minus_tracheal_sg	8674001
all_dm6_minus_tracheal_sg	8674002
all_dm6_minus_tracheal_sg	8674004
all_dm6_minus_tracheal_sg	8674005
all_dm6_minus_tracheal_sg	8674006
all_dm6_minus_tracheal_sg	8674007
all_dm6_minus_tracheal_sg	8674008
all_dm6_minus_tracheal_sg	8674009
all_dm6_minus_tracheal_sg	8674011
all_dm6_minus_tracheal_sg	8674012
all_dm6_minus_tracheal_sg	8674013
all_dm6_minus_tracheal_sg	8674014
all_dm6_minus_tracheal_sg	8674015
all_dm6_minus_tracheal_sg	8674016
all_dm6_minus_tracheal_sg	8674018
all_dm6_minus_tracheal_sg	8674019
all_dm6_minus_tracheal_sg	8674020
all_dm6_minus_tracheal_sg	8674021
all_dm6_minus_tracheal_sg	8674022
all_dm6_minus_tracheal_sg	8674023
all_dm6_minus_tracheal_sg	8674024
all_dm6_minus_tracheal_sg	8674025
all_dm6_minus_tracheal_sg	8674028
all_dm6_minus_tracheal_sg	8674029
all_dm6_minus_tracheal_sg	8674030
all_dm6_minus_tracheal_sg	8674031
all_dm6_minus_tracheal_sg	8674032
all_dm6_minus_tracheal_sg	8674033
all_dm6_minus_tracheal_sg	8674034
all_dm6_minus_tracheal_sg	8674035
all_dm6_minus_tracheal_sg	8674037
all_dm6_minus_tracheal_sg	8674039
all_dm6_minus_tracheal_sg	8674040
all_dm6_minus_tracheal_sg	8674041
all_dm6_minus_tracheal_sg	8674042
all_dm6_minus_tracheal_sg	8674043
all_dm6_minus_tracheal_sg	8674044
all_dm6_minus_tracheal_sg	8674045
all_dm6_minus_tracheal_sg	8674046
all_dm6_minus_tracheal_sg	8674048
all_dm6_minus_tracheal_sg	8674049
all_dm6_minus_tracheal_sg	8674050
all_dm6_minus_tracheal_sg	8674051
all_dm6_minus_tracheal_sg	8674052
all_dm6_minus_tracheal_sg	8674054
all_dm6_minus_tracheal_sg	8674056
all_dm6_minus_tracheal_sg	8674058
all_dm6_minus_tracheal_sg	8674059
all_dm6_minus_tracheal_sg	8674060
all_dm6_minus_tracheal_sg	8674061
all_dm6_minus_tracheal_sg	8674062
all_dm6_minus_tracheal_sg	8674063
all_dm6_minus_tracheal_sg	8674064
all_dm6_minus_tracheal_sg	8674065
all_dm6_minus_tracheal_sg	8674067
all_dm6_minus_tracheal_sg	8674068
all_dm6_minus_tracheal_sg	8674069
all_dm6_minus_tracheal_sg	8674071
all_dm6_minus_tracheal_sg	8674072
all_dm6_minus_tracheal_sg	8674073
all_dm6_minus_tracheal_sg	8674074
all_dm6_minus_tracheal_sg	8674075
all_dm6_minus_tracheal_sg	8674076
all_dm6_minus_tracheal_sg	8674077
all_dm6_minus_tracheal_sg	8674079
all_dm6_minus_tracheal_sg	8674080
all_dm6_minus_tracheal_sg	8674081
all_dm6_minus_tracheal_sg	8674082
all_dm6_minus_tracheal_sg	8674083
all_dm6_minus_tracheal_sg	8674084
all_dm6_minus_tracheal_sg	8674085
all_dm6_minus_tracheal_sg	8674087
all_dm6_minus_tracheal_sg	8674088
all_dm6_minus_tracheal_sg	8674090
all_dm6_minus_tracheal_sg	8674091
all_dm6_minus_tracheal_sg	8674092
all_dm6_minus_tracheal_sg	8674093
all_dm6_minus_tracheal_sg	8674094
all_dm6_minus_tracheal_sg	8674095
all_dm6_minus_tracheal_sg	8674096
all_dm6_minus_tracheal_sg	8674097
all_dm6_minus_tracheal_sg	8674098
all_dm6_minus_tracheal_sg	8674100
all_dm6_minus_tracheal_sg	8674101
all_dm6_minus_tracheal_sg	8674102
all_dm6_minus_tracheal_sg	8674103
all_dm6_minus_tracheal_sg	8674104
all_dm6_minus_tracheal_sg	8674105
all_dm6_minus_tracheal_sg	8674106
all_dm6_minus_tracheal_sg	8674107
all_dm6_minus_tracheal_sg	8674108
all_dm6_minus_tracheal_sg	8674109
all_dm6_minus_tracheal_sg	8674111
all_dm6_minus_tracheal_sg	8674113
all_dm6_minus_tracheal_sg	8674114
all_dm6_minus_tracheal_sg	8674115
all_dm6_minus_tracheal_sg	8674116
all_dm6_minus_tracheal_sg	8674117
all_dm6_minus_tracheal_sg	8674119
all_dm6_minus_tracheal_sg	8674120
all_dm6_minus_tracheal_sg	8680136
all_dm6_minus_tracheal_sg	8680137
all_dm6_minus_tracheal_sg	8680138
all_dm6_minus_tracheal_sg	8680139
all_dm6_minus_tracheal_sg	8680140
all_dm6_minus_tracheal_sg	8680141
all_dm6_minus_tracheal_sg	8680142
all_dm6_minus_tracheal_sg	8680143
all_dm6_minus_tracheal_sg	8680144
all_dm6_minus_tracheal_sg	8680146
all_dm6_minus_tracheal_sg	8680147
all_dm6_minus_tracheal_sg	8680148
all_dm6_minus_tracheal_sg	8680149
all_dm6_minus_tracheal_sg	8680150
all_dm6_minus_tracheal_sg	8680151
all_dm6_minus_tracheal_sg	8680152
all_dm6_minus_tracheal_sg	8680153
all_dm6_minus_tracheal_sg	8680154
all_dm6_minus_tracheal_sg	8680155
all_dm6_minus_tracheal_sg	8680156
all_dm6_minus_tracheal_sg	8680157
all_dm6_minus_tracheal_sg	8680158
all_dm6_minus_tracheal_sg	8680159
all_dm6_minus_tracheal_sg	8680160
all_dm6_minus_tracheal_sg	8680161
all_dm6_minus_tracheal_sg	8680162
all_dm6_minus_tracheal_sg	8680163
all_dm6_minus_tracheal_sg	10178776
all_dm6_minus_tracheal_sg	10178777
all_dm6_minus_tracheal_sg	10178779
all_dm6_minus_tracheal_sg	10178780
all_dm6_minus_tracheal_sg	10178781
all_dm6_minus_tracheal_sg	10178783
all_dm6_minus_tracheal_sg	10178784
all_dm6_minus_tracheal_sg	10178785
all_dm6_minus_tracheal_sg	10178786
all_dm6_minus_tracheal_sg	10178787
all_dm6_minus_tracheal_sg	10178788
all_dm6_minus_tracheal_sg	10178789
all_dm6_minus_tracheal_sg	10178791
all_dm6_minus_tracheal_sg	10178792
all_dm6_minus_tracheal_sg	10178793
all_dm6_minus_tracheal_sg	10178795
all_dm6_minus_tracheal_sg	10178796
all_dm6_minus_tracheal_sg	10178797
all_dm6_minus_tracheal_sg	10178798
all_dm6_minus_tracheal_sg	10178799
all_dm6_minus_tracheal_sg	10178801
all_dm6_minus_tracheal_sg	10178803
all_dm6_minus_tracheal_sg	10178805
all_dm6_minus_tracheal_sg	10178806
all_dm6_minus_tracheal_sg	10178807
all_dm6_minus_tracheal_sg	10178808
all_dm6_minus_tracheal_sg	10178809
all_dm6_minus_tracheal_sg	10178810
all_dm6_minus_tracheal_sg	10178812
all_dm6_minus_tracheal_sg	10178813
all_dm6_minus_tracheal_sg	10178816
all_dm6_minus_tracheal_sg	10178817
all_dm6_minus_tracheal_sg	10178818
all_dm6_minus_tracheal_sg	10178819
all_dm6_minus_tracheal_sg	10178820
all_dm6_minus_tracheal_sg	10178822
all_dm6_minus_tracheal_sg	10178823
all_dm6_minus_tracheal_sg	10178824
all_dm6_minus_tracheal_sg	10178825
all_dm6_minus_tracheal_sg	10178827
all_dm6_minus_tracheal_sg	10178828
all_dm6_minus_tracheal_sg	10178829
all_dm6_minus_tracheal_sg	10178831
all_dm6_minus_tracheal_sg	10178832
all_dm6_minus_tracheal_sg	10178834
all_dm6_minus_tracheal_sg	10178835
all_dm6_minus_tracheal_sg	10178836
all_dm6_minus_tracheal_sg	10178837
all_dm6_minus_tracheal_sg	10178839
all_dm6_minus_tracheal_sg	10178840
all_dm6_minus_tracheal_sg	10178841
all_dm6_minus_tracheal_sg	10178842
all_dm6_minus_tracheal_sg	10178843
all_dm6_minus_tracheal_sg	10178844
all_dm6_minus_tracheal_sg	10178845
all_dm6_minus_tracheal_sg	10178846
all_dm6_minus_tracheal_sg	10178847
all_dm6_minus_tracheal_sg	10178848
all_dm6_minus_tracheal_sg	10178849
all_dm6_minus_tracheal_sg	10178851
all_dm6_minus_tracheal_sg	10178852
all_dm6_minus_tracheal_sg	10178853
all_dm6_minus_tracheal_sg	10178857
all_dm6_minus_tracheal_sg	10178859
all_dm6_minus_tracheal_sg	10178860
all_dm6_minus_tracheal_sg	10178861
all_dm6_minus_tracheal_sg	10178862
all_dm6_minus_tracheal_sg	10178863
all_dm6_minus_tracheal_sg	10178864
all_dm6_minus_tracheal_sg	10178865
all_dm6_minus_tracheal_sg	10178866
all_dm6_minus_tracheal_sg	10178868
all_dm6_minus_tracheal_sg	10178869
all_dm6_minus_tracheal_sg	10178870
all_dm6_minus_tracheal_sg	10178871
all_dm6_minus_tracheal_sg	10178872
all_dm6_minus_tracheal_sg	10178873
all_dm6_minus_tracheal_sg	10178874
all_dm6_minus_tracheal_sg	10178875
all_dm6_minus_tracheal_sg	10178876
all_dm6_minus_tracheal_sg	10178877
all_dm6_minus_tracheal_sg	10178878
all_dm6_minus_tracheal_sg	10178879
all_dm6_minus_tracheal_sg	10178880
all_dm6_minus_tracheal_sg	10178881
all_dm6_minus_tracheal_sg	10178882
all_dm6_minus_tracheal_sg	10178883
all_dm6_minus_tracheal_sg	10178885
all_dm6_minus_tracheal_sg	10178888
all_dm6_minus_tracheal_sg	10178889
all_dm6_minus_tracheal_sg	10178890
all_dm6_minus_tracheal_sg	10178891
all_dm6_minus_tracheal_sg	10178892
all_dm6_minus_tracheal_sg	10178894
all_dm6_minus_tracheal_sg	10178895
all_dm6_minus_tracheal_sg	10178897
all_dm6_minus_tracheal_sg	10178898
all_dm6_minus_tracheal_sg	10178899
all_dm6_minus_tracheal_sg	10178900
all_dm6_minus_tracheal_sg	10178901
all_dm6_minus_tracheal_sg	10178902
all_dm6_minus_tracheal_sg	10178903
all_dm6_minus_tracheal_sg	10178905
all_dm6_minus_tracheal_sg	10178906
all_dm6_minus_tracheal_sg	10178907
all_dm6_minus_tracheal_sg	10178908
all_dm6_minus_tracheal_sg	10178909
all_dm6_minus_tracheal_sg	10178910
all_dm6_minus_tracheal_sg	10178911
all_dm6_minus_tracheal_sg	10178912
all_dm6_minus_tracheal_sg	10178913
all_dm6_minus_tracheal_sg	10178914
all_dm6_minus_tracheal_sg	10178915
all_dm6_minus_tracheal_sg	10178916
all_dm6_minus_tracheal_sg	10178921
all_dm6_minus_tracheal_sg	10178922
all_dm6_minus_tracheal_sg	10178923
all_dm6_minus_tracheal_sg	10178924
all_dm6_minus_tracheal_sg	10178925
all_dm6_minus_tracheal_sg	10178926
all_dm6_minus_tracheal_sg	10178927
all_dm6_minus_tracheal_sg	10178928
all_dm6_minus_tracheal_sg	10178929
all_dm6_minus_tracheal_sg	10178930
all_dm6_minus_tracheal_sg	10178932
all_dm6_minus_tracheal_sg	10178933
all_dm6_minus_tracheal_sg	10178934
all_dm6_minus_tracheal_sg	10178935
all_dm6_minus_tracheal_sg	10178936
all_dm6_minus_tracheal_sg	10178937
all_dm6_minus_tracheal_sg	10178939
all_dm6_minus_tracheal_sg	10178940
all_dm6_minus_tracheal_sg	10178941
all_dm6_minus_tracheal_sg	10178942
all_dm6_minus_tracheal_sg	10178943
all_dm6_minus_tracheal_sg	10178944
all_dm6_minus_tracheal_sg	10178945
all_dm6_minus_tracheal_sg	10178946
all_dm6_minus_tracheal_sg	10178948
all_dm6_minus_tracheal_sg	10178949
all_dm6_minus_tracheal_sg	10178950
all_dm6_minus_tracheal_sg	10178951
all_dm6_minus_tracheal_sg	10178952
all_dm6_minus_tracheal_sg	10178954
all_dm6_minus_tracheal_sg	10178955
all_dm6_minus_tracheal_sg	10178956
all_dm6_minus_tracheal_sg	10178957
all_dm6_minus_tracheal_sg	10178958
all_dm6_minus_tracheal_sg	10178960
all_dm6_minus_tracheal_sg	10178961
all_dm6_minus_tracheal_sg	10178962
all_dm6_minus_tracheal_sg	10178963
all_dm6_minus_tracheal_sg	10178965
all_dm6_minus_tracheal_sg	10178966
all_dm6_minus_tracheal_sg	10178967
all_dm6_minus_tracheal_sg	10178968
all_dm6_minus_tracheal_sg	10178970
all_dm6_minus_tracheal_sg	10216620
all_dm6_minus_tracheal_sg	10216621
all_dm6_minus_tracheal_sg	10216622
all_dm6_minus_tracheal_sg	10216623
all_dm6_minus_tracheal_sg	10216624
all_dm6_minus_tracheal_sg	10216625
all_dm6_minus_tracheal_sg	10216626
all_dm6_minus_tracheal_sg	10216627
all_dm6_minus_tracheal_sg	10216628
all_dm6_minus_tracheal_sg	10216629
all_dm6_minus_tracheal_sg	10216630
all_dm6_minus_tracheal_sg	10216631
all_dm6_minus_tracheal_sg	12797860
all_dm6_minus_tracheal_sg	12797861
all_dm6_minus_tracheal_sg	12797862
all_dm6_minus_tracheal_sg	12797863
all_dm6_minus_tracheal_sg	12797864
all_dm6_minus_tracheal_sg	12797865
all_dm6_minus_tracheal_sg	12797866
all_dm6_minus_tracheal_sg	12797867
all_dm6_minus_tracheal_sg	12797868
all_dm6_minus_tracheal_sg	12797869
all_dm6_minus_tracheal_sg	12797871
all_dm6_minus_tracheal_sg	12797872
all_dm6_minus_tracheal_sg	12797873
all_dm6_minus_tracheal_sg	12797874
all_dm6_minus_tracheal_sg	12797875
all_dm6_minus_tracheal_sg	12797876
all_dm6_minus_tracheal_sg	12797877
all_dm6_minus_tracheal_sg	12797878
all_dm6_minus_tracheal_sg	12797880
all_dm6_minus_tracheal_sg	12797881
all_dm6_minus_tracheal_sg	12797882
all_dm6_minus_tracheal_sg	12797883
all_dm6_minus_tracheal_sg	12797884
all_dm6_minus_tracheal_sg	12797885
all_dm6_minus_tracheal_sg	12797886
all_dm6_minus_tracheal_sg	12797887
all_dm6_minus_tracheal_sg	12797888
all_dm6_minus_tracheal_sg	12797889
all_dm6_minus_tracheal_sg	12797890
all_dm6_minus_tracheal_sg	12797891
all_dm6_minus_tracheal_sg	12797892
all_dm6_minus_tracheal_sg	12797893
all_dm6_minus_tracheal_sg	12797894
all_dm6_minus_tracheal_sg	12797895
all_dm6_minus_tracheal_sg	12797896
all_dm6_minus_tracheal_sg	12797897
all_dm6_minus_tracheal_sg	12797898
all_dm6_minus_tracheal_sg	12797899
all_dm6_minus_tracheal_sg	12797900
all_dm6_minus_tracheal_sg	12797901
all_dm6_minus_tracheal_sg	12797902
all_dm6_minus_tracheal_sg	12797903
all_dm6_minus_tracheal_sg	12797904
all_dm6_minus_tracheal_sg	12797905
all_dm6_minus_tracheal_sg	12797908
all_dm6_minus_tracheal_sg	12797909
all_dm6_minus_tracheal_sg	12797910
all_dm6_minus_tracheal_sg	12797911
all_dm6_minus_tracheal_sg	12797912
all_dm6_minus_tracheal_sg	12797913
all_dm6_minus_tracheal_sg	12797914
all_dm6_minus_tracheal_sg	12797915
all_dm6_minus_tracheal_sg	12797916
all_dm6_minus_tracheal_sg	12797917
all_dm6_minus_tracheal_sg	12797918
all_dm6_minus_tracheal_sg	12797919
all_dm6_minus_tracheal_sg	12797920
all_dm6_minus_tracheal_sg	12797922
all_dm6_minus_tracheal_sg	12797923
all_dm6_minus_tracheal_sg	12797924
all_dm6_minus_tracheal_sg	12797925
all_dm6_minus_tracheal_sg	12797926
all_dm6_minus_tracheal_sg	12797927
all_dm6_minus_tracheal_sg	12797928
all_dm6_minus_tracheal_sg	12797932
all_dm6_minus_tracheal_sg	12797933
all_dm6_minus_tracheal_sg	12797934
all_dm6_minus_tracheal_sg	12797935
all_dm6_minus_tracheal_sg	12797936
all_dm6_minus_tracheal_sg	12797937
all_dm6_minus_tracheal_sg	12797938
all_dm6_minus_tracheal_sg	12797939
all_dm6_minus_tracheal_sg	12797940
all_dm6_minus_tracheal_sg	12797941
all_dm6_minus_tracheal_sg	12797942
all_dm6_minus_tracheal_sg	12797943
all_dm6_minus_tracheal_sg	12797944
all_dm6_minus_tracheal_sg	12797946
all_dm6_minus_tracheal_sg	12797948
all_dm6_minus_tracheal_sg	12797949
all_dm6_minus_tracheal_sg	12797951
all_dm6_minus_tracheal_sg	12797952
all_dm6_minus_tracheal_sg	12797953
all_dm6_minus_tracheal_sg	12797954
all_dm6_minus_tracheal_sg	12797955
all_dm6_minus_tracheal_sg	12797956
all_dm6_minus_tracheal_sg	12797957
all_dm6_minus_tracheal_sg	12797958
all_dm6_minus_tracheal_sg	12797960
all_dm6_minus_tracheal_sg	12797961
all_dm6_minus_tracheal_sg	12797962
all_dm6_minus_tracheal_sg	12797963
all_dm6_minus_tracheal_sg	12797964
all_dm6_minus_tracheal_sg	12797965
all_dm6_minus_tracheal_sg	12797966
all_dm6_minus_tracheal_sg	12797967
all_dm6_minus_tracheal_sg	12797968
all_dm6_minus_tracheal_sg	12797969
all_dm6_minus_tracheal_sg	12797970
all_dm6_minus_tracheal_sg	12797971
all_dm6_minus_tracheal_sg	12797972
all_dm6_minus_tracheal_sg	12797973
all_dm6_minus_tracheal_sg	12797974
all_dm6_minus_tracheal_sg	12797975
all_dm6_minus_tracheal_sg	12797976
all_dm6_minus_tracheal_sg	12797977
all_dm6_minus_tracheal_sg	12797978
all_dm6_minus_tracheal_sg	12797979
all_dm6_minus_tracheal_sg	12797980
all_dm6_minus_tracheal_sg	12797981
all_dm6_minus_tracheal_sg	12797982
all_dm6_minus_tracheal_sg	12797983
all_dm6_minus_tracheal_sg	12797984
all_dm6_minus_tracheal_sg	12797986
all_dm6_minus_tracheal_sg	12797987
all_dm6_minus_tracheal_sg	12797988
all_dm6_minus_tracheal_sg	12797989
all_dm6_minus_tracheal_sg	12797990
all_dm6_minus_tracheal_sg	12797991
all_dm6_minus_tracheal_sg	12797992
all_dm6_minus_tracheal_sg	12797993
all_dm6_minus_tracheal_sg	12797994
all_dm6_minus_tracheal_sg	12797995
all_dm6_minus_tracheal_sg	12797996
all_dm6_minus_tracheal_sg	12797997
all_dm6_minus_tracheal_sg	12797998
all_dm6_minus_tracheal_sg	12797999
all_dm6_minus_tracheal_sg	12798000
all_dm6_minus_tracheal_sg	12798001
all_dm6_minus_tracheal_sg	12798002
all_dm6_minus_tracheal_sg	12798003
all_dm6_minus_tracheal_sg	12798005
all_dm6_minus_tracheal_sg	12798006
all_dm6_minus_tracheal_sg	12798007
all_dm6_minus_tracheal_sg	12798009
all_dm6_minus_tracheal_sg	12798010
all_dm6_minus_tracheal_sg	12798011
all_dm6_minus_tracheal_sg	12798012
all_dm6_minus_tracheal_sg	12798013
all_dm6_minus_tracheal_sg	12798014
all_dm6_minus_tracheal_sg	12798015
all_dm6_minus_tracheal_sg	12798016
all_dm6_minus_tracheal_sg	12798017
all_dm6_minus_tracheal_sg	12798018
all_dm6_minus_tracheal_sg	12798019
all_dm6_minus_tracheal_sg	12798020
all_dm6_minus_tracheal_sg	12798021
all_dm6_minus_tracheal_sg	12798022
all_dm6_minus_tracheal_sg	12798023
all_dm6_minus_tracheal_sg	12798024
all_dm6_minus_tracheal_sg	12798026
all_dm6_minus_tracheal_sg	12798027
all_dm6_minus_tracheal_sg	12798028
all_dm6_minus_tracheal_sg	12798029
all_dm6_minus_tracheal_sg	12798030
all_dm6_minus_tracheal_sg	12798031
all_dm6_minus_tracheal_sg	12798032
all_dm6_minus_tracheal_sg	12798033
all_dm6_minus_tracheal_sg	12798034
all_dm6_minus_tracheal_sg	12798036
all_dm6_minus_tracheal_sg	12798037
all_dm6_minus_tracheal_sg	12798038
all_dm6_minus_tracheal_sg	12798039
all_dm6_minus_tracheal_sg	12798040
all_dm6_minus_tracheal_sg	12798041
all_dm6_minus_tracheal_sg	12798042
all_dm6_minus_tracheal_sg	12798043
all_dm6_minus_tracheal_sg	12798044
all_dm6_minus_tracheal_sg	12798045
all_dm6_minus_tracheal_sg	12798047
all_dm6_minus_tracheal_sg	12798048
all_dm6_minus_tracheal_sg	12798049
all_dm6_minus_tracheal_sg	12798050
all_dm6_minus_tracheal_sg	12798051
all_dm6_minus_tracheal_sg	12798052
all_dm6_minus_tracheal_sg	12798053
all_dm6_minus_tracheal_sg	12798054
all_dm6_minus_tracheal_sg	12798055
all_dm6_minus_tracheal_sg	12798056
all_dm6_minus_tracheal_sg	12798057
all_dm6_minus_tracheal_sg	12798058
all_dm6_minus_tracheal_sg	12798059
all_dm6_minus_tracheal_sg	12798060
all_dm6_minus_tracheal_sg	12798061
all_dm6_minus_tracheal_sg	12798062
all_dm6_minus_tracheal_sg	12798063
all_dm6_minus_tracheal_sg	12798064
all_dm6_minus_tracheal_sg	12798065
all_dm6_minus_tracheal_sg	12798066
all_dm6_minus_tracheal_sg	12798067
all_dm6_minus_tracheal_sg	12798068
all_dm6_minus_tracheal_sg	12798069
all_dm6_minus_tracheal_sg	12798070
all_dm6_minus_tracheal_sg	12798072
all_dm6_minus_tracheal_sg	12798073
all_dm6_minus_tracheal_sg	12798074
all_dm6_minus_tracheal_sg	12798075
all_dm6_minus_tracheal_sg	12798076
all_dm6_minus_tracheal_sg	12798077
all_dm6_minus_tracheal_sg	12798078
all_dm6_minus_tracheal_sg	12798079
all_dm6_minus_tracheal_sg	12798080
all_dm6_minus_tracheal_sg	12798081
all_dm6_minus_tracheal_sg	12798082
all_dm6_minus_tracheal_sg	12798083
all_dm6_minus_tracheal_sg	12798084
all_dm6_minus_tracheal_sg	12798085
all_dm6_minus_tracheal_sg	12798086
all_dm6_minus_tracheal_sg	12798087
all_dm6_minus_tracheal_sg	12798088
all_dm6_minus_tracheal_sg	12798089
all_dm6_minus_tracheal_sg	12798090
all_dm6_minus_tracheal_sg	12798091
all_dm6_minus_tracheal_sg	12798092
all_dm6_minus_tracheal_sg	12798093
all_dm6_minus_tracheal_sg	12798094
all_dm6_minus_tracheal_sg	12798095
all_dm6_minus_tracheal_sg	12798096
all_dm6_minus_tracheal_sg	12798097
all_dm6_minus_tracheal_sg	12798098
all_dm6_minus_tracheal_sg	12798099
all_dm6_minus_tracheal_sg	12798100
all_dm6_minus_tracheal_sg	12798101
all_dm6_minus_tracheal_sg	12798103
all_dm6_minus_tracheal_sg	12798104
all_dm6_minus_tracheal_sg	12798105
all_dm6_minus_tracheal_sg	12798106
all_dm6_minus_tracheal_sg	12798107
all_dm6_minus_tracheal_sg	12798108
all_dm6_minus_tracheal_sg	12798109
all_dm6_minus_tracheal_sg	12798110
all_dm6_minus_tracheal_sg	12798111
all_dm6_minus_tracheal_sg	12798112
all_dm6_minus_tracheal_sg	12798113
all_dm6_minus_tracheal_sg	12798114
all_dm6_minus_tracheal_sg	12798115
all_dm6_minus_tracheal_sg	12798116
all_dm6_minus_tracheal_sg	12798117
all_dm6_minus_tracheal_sg	12798118
all_dm6_minus_tracheal_sg	12798119
all_dm6_minus_tracheal_sg	12798120
all_dm6_minus_tracheal_sg	12798121
all_dm6_minus_tracheal_sg	12798122
all_dm6_minus_tracheal_sg	12798123
all_dm6_minus_tracheal_sg	12798124
all_dm6_minus_tracheal_sg	12798125
all_dm6_minus_tracheal_sg	12798126
all_dm6_minus_tracheal_sg	12798127
all_dm6_minus_tracheal_sg	12798128
all_dm6_minus_tracheal_sg	12798129
all_dm6_minus_tracheal_sg	12798130
all_dm6_minus_tracheal_sg	12798131
all_dm6_minus_tracheal_sg	12798132
all_dm6_minus_tracheal_sg	12798133
all_dm6_minus_tracheal_sg	12798134
all_dm6_minus_tracheal_sg	12798136
all_dm6_minus_tracheal_sg	12798138
all_dm6_minus_tracheal_sg	12798139
all_dm6_minus_tracheal_sg	12798141
all_dm6_minus_tracheal_sg	12798142
all_dm6_minus_tracheal_sg	12798143
all_dm6_minus_tracheal_sg	12798144
all_dm6_minus_tracheal_sg	12798145
all_dm6_minus_tracheal_sg	12798146
all_dm6_minus_tracheal_sg	12798147
all_dm6_minus_tracheal_sg	12798148
all_dm6_minus_tracheal_sg	12798149
all_dm6_minus_tracheal_sg	12798150
all_dm6_minus_tracheal_sg	12798151
all_dm6_minus_tracheal_sg	12798152
all_dm6_minus_tracheal_sg	12798153
all_dm6_minus_tracheal_sg	12798155
all_dm6_minus_tracheal_sg	12798157
all_dm6_minus_tracheal_sg	12798158
all_dm6_minus_tracheal_sg	12798159
all_dm6_minus_tracheal_sg	12798161
all_dm6_minus_tracheal_sg	12798162
all_dm6_minus_tracheal_sg	12798163
all_dm6_minus_tracheal_sg	12798164
all_dm6_minus_tracheal_sg	12798165
all_dm6_minus_tracheal_sg	12798166
all_dm6_minus_tracheal_sg	12798167
all_dm6_minus_tracheal_sg	12798169
all_dm6_minus_tracheal_sg	12798170
all_dm6_minus_tracheal_sg	12798171
all_dm6_minus_tracheal_sg	12798172
all_dm6_minus_tracheal_sg	12798174
all_dm6_minus_tracheal_sg	12798175
all_dm6_minus_tracheal_sg	12798176
all_dm6_minus_tracheal_sg	12798177
all_dm6_minus_tracheal_sg	12798178
all_dm6_minus_tracheal_sg	12798179
all_dm6_minus_tracheal_sg	12798180
all_dm6_minus_tracheal_sg	12798181
all_dm6_minus_tracheal_sg	12798182
all_dm6_minus_tracheal_sg	12798183
all_dm6_minus_tracheal_sg	12798184
all_dm6_minus_tracheal_sg	12798185
all_dm6_minus_tracheal_sg	12798186
all_dm6_minus_tracheal_sg	12798187
all_dm6_minus_tracheal_sg	12798188
all_dm6_minus_tracheal_sg	12798189
all_dm6_minus_tracheal_sg	12798190
all_dm6_minus_tracheal_sg	12798191
all_dm6_minus_tracheal_sg	12798192
all_dm6_minus_tracheal_sg	12798193
all_dm6_minus_tracheal_sg	12798194
all_dm6_minus_tracheal_sg	12798195
all_dm6_minus_tracheal_sg	12798196
all_dm6_minus_tracheal_sg	12798197
all_dm6_minus_tracheal_sg	12798198
all_dm6_minus_tracheal_sg	12798199
all_dm6_minus_tracheal_sg	12798200
all_dm6_minus_tracheal_sg	12798201
all_dm6_minus_tracheal_sg	12798202
all_dm6_minus_tracheal_sg	12798203
all_dm6_minus_tracheal_sg	12798204
all_dm6_minus_tracheal_sg	12798205
all_dm6_minus_tracheal_sg	12798206
all_dm6_minus_tracheal_sg	12798207
all_dm6_minus_tracheal_sg	12798208
all_dm6_minus_tracheal_sg	12798210
all_dm6_minus_tracheal_sg	12798211
all_dm6_minus_tracheal_sg	12798212
all_dm6_minus_tracheal_sg	12798213
all_dm6_minus_tracheal_sg	12798214
all_dm6_minus_tracheal_sg	12798215
all_dm6_minus_tracheal_sg	12798216
all_dm6_minus_tracheal_sg	12798217
all_dm6_minus_tracheal_sg	12798218
all_dm6_minus_tracheal_sg	12798219
all_dm6_minus_tracheal_sg	12798220
all_dm6_minus_tracheal_sg	12798221
all_dm6_minus_tracheal_sg	12798222
all_dm6_minus_tracheal_sg	12798223
all_dm6_minus_tracheal_sg	12798224
all_dm6_minus_tracheal_sg	12798225
all_dm6_minus_tracheal_sg	12798226
all_dm6_minus_tracheal_sg	12798227
all_dm6_minus_tracheal_sg	12798228
all_dm6_minus_tracheal_sg	12798229
all_dm6_minus_tracheal_sg	12798230
all_dm6_minus_tracheal_sg	12798231
all_dm6_minus_tracheal_sg	12798232
all_dm6_minus_tracheal_sg	12798233
all_dm6_minus_tracheal_sg	12798234
all_dm6_minus_tracheal_sg	12798235
all_dm6_minus_tracheal_sg	12798236
all_dm6_minus_tracheal_sg	12798237
all_dm6_minus_tracheal_sg	12798238
all_dm6_minus_tracheal_sg	12798240
all_dm6_minus_tracheal_sg	12798241
all_dm6_minus_tracheal_sg	12798242
all_dm6_minus_tracheal_sg	12798244
all_dm6_minus_tracheal_sg	12798245
all_dm6_minus_tracheal_sg	12798246
all_dm6_minus_tracheal_sg	12798247
all_dm6_minus_tracheal_sg	12798248
all_dm6_minus_tracheal_sg	12798251
all_dm6_minus_tracheal_sg	12798252
all_dm6_minus_tracheal_sg	12798253
all_dm6_minus_tracheal_sg	12798254
all_dm6_minus_tracheal_sg	12798256
all_dm6_minus_tracheal_sg	12798257
all_dm6_minus_tracheal_sg	12798258
all_dm6_minus_tracheal_sg	12798259
all_dm6_minus_tracheal_sg	12798260
all_dm6_minus_tracheal_sg	12798261
all_dm6_minus_tracheal_sg	12798262
all_dm6_minus_tracheal_sg	12798263
all_dm6_minus_tracheal_sg	12798264
all_dm6_minus_tracheal_sg	12798265
all_dm6_minus_tracheal_sg	12798266
all_dm6_minus_tracheal_sg	12798267
all_dm6_minus_tracheal_sg	12798268
all_dm6_minus_tracheal_sg	12798269
all_dm6_minus_tracheal_sg	12798270
all_dm6_minus_tracheal_sg	12798271
all_dm6_minus_tracheal_sg	12798272
all_dm6_minus_tracheal_sg	12798273
all_dm6_minus_tracheal_sg	12798274
all_dm6_minus_tracheal_sg	12798275
all_dm6_minus_tracheal_sg	12798276
all_dm6_minus_tracheal_sg	12798277
all_dm6_minus_tracheal_sg	12798278
all_dm6_minus_tracheal_sg	12798279
all_dm6_minus_tracheal_sg	12798280
all_dm6_minus_tracheal_sg	12798281
all_dm6_minus_tracheal_sg	12798282
all_dm6_minus_tracheal_sg	12798283
all_dm6_minus_tracheal_sg	12798286
all_dm6_minus_tracheal_sg	12798287
all_dm6_minus_tracheal_sg	12798288
all_dm6_minus_tracheal_sg	12798289
all_dm6_minus_tracheal_sg	12798290
all_dm6_minus_tracheal_sg	12798291
all_dm6_minus_tracheal_sg	12798292
all_dm6_minus_tracheal_sg	12798293
all_dm6_minus_tracheal_sg	12798294
all_dm6_minus_tracheal_sg	12798295
all_dm6_minus_tracheal_sg	12798296
all_dm6_minus_tracheal_sg	12798297
all_dm6_minus_tracheal_sg	12798298
all_dm6_minus_tracheal_sg	12798299
all_dm6_minus_tracheal_sg	12798300
all_dm6_minus_tracheal_sg	12798301
all_dm6_minus_tracheal_sg	12798303
all_dm6_minus_tracheal_sg	12798304
all_dm6_minus_tracheal_sg	12798305
all_dm6_minus_tracheal_sg	12798306
all_dm6_minus_tracheal_sg	12798307
all_dm6_minus_tracheal_sg	12798308
all_dm6_minus_tracheal_sg	12798309
all_dm6_minus_tracheal_sg	12798311
all_dm6_minus_tracheal_sg	12798312
all_dm6_minus_tracheal_sg	12798313
all_dm6_minus_tracheal_sg	12798314
all_dm6_minus_tracheal_sg	12798316
all_dm6_minus_tracheal_sg	12798317
all_dm6_minus_tracheal_sg	12798319
all_dm6_minus_tracheal_sg	12798320
all_dm6_minus_tracheal_sg	12798321
all_dm6_minus_tracheal_sg	12798322
all_dm6_minus_tracheal_sg	12798323
all_dm6_minus_tracheal_sg	12798324
all_dm6_minus_tracheal_sg	12798325
all_dm6_minus_tracheal_sg	12798326
all_dm6_minus_tracheal_sg	12798327
all_dm6_minus_tracheal_sg	12798328
all_dm6_minus_tracheal_sg	12798329
all_dm6_minus_tracheal_sg	12798330
all_dm6_minus_tracheal_sg	12798331
all_dm6_minus_tracheal_sg	12798332
all_dm6_minus_tracheal_sg	12798333
all_dm6_minus_tracheal_sg	12798334
all_dm6_minus_tracheal_sg	12798335
all_dm6_minus_tracheal_sg	12798336
all_dm6_minus_tracheal_sg	12798337
all_dm6_minus_tracheal_sg	12798338
all_dm6_minus_tracheal_sg	12798339
all_dm6_minus_tracheal_sg	12798340
all_dm6_minus_tracheal_sg	12798341
all_dm6_minus_tracheal_sg	12798342
all_dm6_minus_tracheal_sg	12798343
all_dm6_minus_tracheal_sg	12798344
all_dm6_minus_tracheal_sg	12798345
all_dm6_minus_tracheal_sg	12798346
all_dm6_minus_tracheal_sg	12798347
all_dm6_minus_tracheal_sg	12798348
all_dm6_minus_tracheal_sg	12798349
all_dm6_minus_tracheal_sg	12798350
all_dm6_minus_tracheal_sg	12798351
all_dm6_minus_tracheal_sg	12798352
all_dm6_minus_tracheal_sg	12798353
all_dm6_minus_tracheal_sg	12798354
all_dm6_minus_tracheal_sg	12798355
all_dm6_minus_tracheal_sg	12798356
all_dm6_minus_tracheal_sg	12798357
all_dm6_minus_tracheal_sg	12798358
all_dm6_minus_tracheal_sg	12798359
all_dm6_minus_tracheal_sg	12798360
all_dm6_minus_tracheal_sg	12798361
all_dm6_minus_tracheal_sg	12798362
all_dm6_minus_tracheal_sg	12798363
all_dm6_minus_tracheal_sg	12798364
all_dm6_minus_tracheal_sg	12798365
all_dm6_minus_tracheal_sg	12798366
all_dm6_minus_tracheal_sg	12798367
all_dm6_minus_tracheal_sg	12798368
all_dm6_minus_tracheal_sg	12798369
all_dm6_minus_tracheal_sg	12798370
all_dm6_minus_tracheal_sg	12798371
all_dm6_minus_tracheal_sg	12798372
all_dm6_minus_tracheal_sg	12798373
all_dm6_minus_tracheal_sg	12798374
all_dm6_minus_tracheal_sg	12798375
all_dm6_minus_tracheal_sg	12798376
all_dm6_minus_tracheal_sg	12798377
all_dm6_minus_tracheal_sg	12798378
all_dm6_minus_tracheal_sg	12798379
all_dm6_minus_tracheal_sg	12798380
all_dm6_minus_tracheal_sg	12798381
all_dm6_minus_tracheal_sg	12798382
all_dm6_minus_tracheal_sg	12798383
all_dm6_minus_tracheal_sg	12798384
all_dm6_minus_tracheal_sg	12798385
all_dm6_minus_tracheal_sg	12798386
all_dm6_minus_tracheal_sg	12798387
all_dm6_minus_tracheal_sg	12798388
all_dm6_minus_tracheal_sg	12798389
all_dm6_minus_tracheal_sg	12798390
all_dm6_minus_tracheal_sg	12798391
all_dm6_minus_tracheal_sg	12798392
all_dm6_minus_tracheal_sg	12798393
all_dm6_minus_tracheal_sg	12798394
all_dm6_minus_tracheal_sg	12798395
all_dm6_minus_tracheal_sg	12798397
all_dm6_minus_tracheal_sg	12798398
all_dm6_minus_tracheal_sg	12798399
all_dm6_minus_tracheal_sg	12798400
all_dm6_minus_tracheal_sg	12798401
all_dm6_minus_tracheal_sg	12798402
all_dm6_minus_tracheal_sg	12798403
all_dm6_minus_tracheal_sg	12798405
all_dm6_minus_tracheal_sg	12798406
all_dm6_minus_tracheal_sg	12798407
all_dm6_minus_tracheal_sg	12798408
all_dm6_minus_tracheal_sg	12798409
all_dm6_minus_tracheal_sg	12798410
all_dm6_minus_tracheal_sg	12798411
all_dm6_minus_tracheal_sg	12798412
all_dm6_minus_tracheal_sg	12798413
all_dm6_minus_tracheal_sg	12798414
all_dm6_minus_tracheal_sg	12798415
all_dm6_minus_tracheal_sg	12798416
all_dm6_minus_tracheal_sg	12798417
all_dm6_minus_tracheal_sg	12798418
all_dm6_minus_tracheal_sg	12798419
all_dm6_minus_tracheal_sg	12798420
all_dm6_minus_tracheal_sg	12798421
all_dm6_minus_tracheal_sg	12798422
all_dm6_minus_tracheal_sg	12798423
all_dm6_minus_tracheal_sg	12798424
all_dm6_minus_tracheal_sg	12798425
all_dm6_minus_tracheal_sg	12798426
all_dm6_minus_tracheal_sg	12798427
all_dm6_minus_tracheal_sg	12798428
all_dm6_minus_tracheal_sg	12798429
all_dm6_minus_tracheal_sg	12798431
all_dm6_minus_tracheal_sg	12798432
all_dm6_minus_tracheal_sg	12798433
all_dm6_minus_tracheal_sg	12798434
all_dm6_minus_tracheal_sg	12798435
all_dm6_minus_tracheal_sg	12798436
all_dm6_minus_tracheal_sg	12798437
all_dm6_minus_tracheal_sg	12798438
all_dm6_minus_tracheal_sg	12798439
all_dm6_minus_tracheal_sg	12798440
all_dm6_minus_tracheal_sg	12798442
all_dm6_minus_tracheal_sg	12798443
all_dm6_minus_tracheal_sg	12798444
all_dm6_minus_tracheal_sg	12798445
all_dm6_minus_tracheal_sg	12798446
all_dm6_minus_tracheal_sg	12798447
all_dm6_minus_tracheal_sg	12798448
all_dm6_minus_tracheal_sg	12798449
all_dm6_minus_tracheal_sg	12798450
all_dm6_minus_tracheal_sg	12798451
all_dm6_minus_tracheal_sg	12798452
all_dm6_minus_tracheal_sg	12798453
all_dm6_minus_tracheal_sg	12798454
all_dm6_minus_tracheal_sg	12798455
all_dm6_minus_tracheal_sg	12798456
all_dm6_minus_tracheal_sg	12798457
all_dm6_minus_tracheal_sg	12798458
all_dm6_minus_tracheal_sg	12798459
all_dm6_minus_tracheal_sg	12798460
all_dm6_minus_tracheal_sg	12798461
all_dm6_minus_tracheal_sg	12798462
all_dm6_minus_tracheal_sg	12798463
all_dm6_minus_tracheal_sg	12798464
all_dm6_minus_tracheal_sg	12798465
all_dm6_minus_tracheal_sg	12798466
all_dm6_minus_tracheal_sg	12798467
all_dm6_minus_tracheal_sg	12798468
all_dm6_minus_tracheal_sg	12798469
all_dm6_minus_tracheal_sg	12798470
all_dm6_minus_tracheal_sg	12798471
all_dm6_minus_tracheal_sg	12798472
all_dm6_minus_tracheal_sg	12798473
all_dm6_minus_tracheal_sg	12798474
all_dm6_minus_tracheal_sg	12798475
all_dm6_minus_tracheal_sg	12798476
all_dm6_minus_tracheal_sg	12798477
all_dm6_minus_tracheal_sg	12798478
all_dm6_minus_tracheal_sg	12798479
all_dm6_minus_tracheal_sg	12798480
all_dm6_minus_tracheal_sg	12798481
all_dm6_minus_tracheal_sg	12798482
all_dm6_minus_tracheal_sg	12798483
all_dm6_minus_tracheal_sg	12798484
all_dm6_minus_tracheal_sg	12798485
all_dm6_minus_tracheal_sg	12798487
all_dm6_minus_tracheal_sg	12798488
all_dm6_minus_tracheal_sg	12798489
all_dm6_minus_tracheal_sg	12798490
all_dm6_minus_tracheal_sg	12798491
all_dm6_minus_tracheal_sg	12798492
all_dm6_minus_tracheal_sg	12798493
all_dm6_minus_tracheal_sg	12798494
all_dm6_minus_tracheal_sg	12798495
all_dm6_minus_tracheal_sg	12798496
all_dm6_minus_tracheal_sg	12798497
all_dm6_minus_tracheal_sg	12798498
all_dm6_minus_tracheal_sg	12798499
all_dm6_minus_tracheal_sg	12798501
all_dm6_minus_tracheal_sg	12798502
all_dm6_minus_tracheal_sg	12798503
all_dm6_minus_tracheal_sg	12798504
all_dm6_minus_tracheal_sg	12798505
all_dm6_minus_tracheal_sg	12798506
all_dm6_minus_tracheal_sg	12798507
all_dm6_minus_tracheal_sg	12798508
all_dm6_minus_tracheal_sg	12798509
all_dm6_minus_tracheal_sg	12798510
all_dm6_minus_tracheal_sg	12798511
all_dm6_minus_tracheal_sg	12798512
all_dm6_minus_tracheal_sg	12798513
all_dm6_minus_tracheal_sg	12798514
all_dm6_minus_tracheal_sg	12798515
all_dm6_minus_tracheal_sg	12798516
all_dm6_minus_tracheal_sg	12798517
all_dm6_minus_tracheal_sg	12798518
all_dm6_minus_tracheal_sg	12798519
all_dm6_minus_tracheal_sg	12798520
all_dm6_minus_tracheal_sg	12798521
all_dm6_minus_tracheal_sg	12798523
all_dm6_minus_tracheal_sg	12798524
all_dm6_minus_tracheal_sg	12798525
all_dm6_minus_tracheal_sg	12798526
all_dm6_minus_tracheal_sg	12798527
all_dm6_minus_tracheal_sg	12798528
all_dm6_minus_tracheal_sg	12798529
all_dm6_minus_tracheal_sg	12798530
all_dm6_minus_tracheal_sg	12798531
all_dm6_minus_tracheal_sg	12798532
all_dm6_minus_tracheal_sg	12798533
all_dm6_minus_tracheal_sg	12798534
all_dm6_minus_tracheal_sg	12798535
all_dm6_minus_tracheal_sg	12798537
all_dm6_minus_tracheal_sg	12798539
all_dm6_minus_tracheal_sg	12798541
all_dm6_minus_tracheal_sg	12798542
all_dm6_minus_tracheal_sg	12798543
all_dm6_minus_tracheal_sg	12798544
all_dm6_minus_tracheal_sg	12798546
all_dm6_minus_tracheal_sg	12798547
all_dm6_minus_tracheal_sg	12798548
all_dm6_minus_tracheal_sg	12798549
all_dm6_minus_tracheal_sg	12798550
all_dm6_minus_tracheal_sg	12798551
all_dm6_minus_tracheal_sg	12798552
all_dm6_minus_tracheal_sg	12798553
all_dm6_minus_tracheal_sg	12798554
all_dm6_minus_tracheal_sg	12798555
all_dm6_minus_tracheal_sg	12798556
all_dm6_minus_tracheal_sg	12798557
all_dm6_minus_tracheal_sg	12798558
all_dm6_minus_tracheal_sg	12798559
all_dm6_minus_tracheal_sg	12798560
all_dm6_minus_tracheal_sg	12798561
all_dm6_minus_tracheal_sg	12798562
all_dm6_minus_tracheal_sg	12798563
all_dm6_minus_tracheal_sg	12798564
all_dm6_minus_tracheal_sg	12798565
all_dm6_minus_tracheal_sg	12798566
all_dm6_minus_tracheal_sg	12798567
all_dm6_minus_tracheal_sg	12798568
all_dm6_minus_tracheal_sg	12798569
all_dm6_minus_tracheal_sg	12798570
all_dm6_minus_tracheal_sg	12798571
all_dm6_minus_tracheal_sg	12798572
all_dm6_minus_tracheal_sg	12798573
all_dm6_minus_tracheal_sg	12798574
all_dm6_minus_tracheal_sg	12798575
all_dm6_minus_tracheal_sg	12798576
all_dm6_minus_tracheal_sg	12798577
all_dm6_minus_tracheal_sg	12798578
all_dm6_minus_tracheal_sg	12798579
all_dm6_minus_tracheal_sg	12798580
all_dm6_minus_tracheal_sg	12798581
all_dm6_minus_tracheal_sg	12798582
all_dm6_minus_tracheal_sg	12798583
all_dm6_minus_tracheal_sg	12798584
all_dm6_minus_tracheal_sg	12798585
all_dm6_minus_tracheal_sg	12798586
all_dm6_minus_tracheal_sg	12798587
all_dm6_minus_tracheal_sg	12798588
all_dm6_minus_tracheal_sg	12869582
all_dm6_minus_tracheal_sg	12869583
all_dm6_minus_tracheal_sg	12869588
all_dm6_minus_tracheal_sg	12869591
all_dm6_minus_tracheal_sg	12869597
all_dm6_minus_tracheal_sg	12869600
all_dm6_minus_tracheal_sg	13084051
all_dm6_minus_tracheal_sg	13084062
all_dm6_minus_tracheal_sg	13084068
all_dm6_minus_tracheal_sg	13084069
all_dm6_minus_tracheal_sg	14462345
all_dm6_minus_tracheal_sg	14462346
all_dm6_minus_tracheal_sg	14462350
all_dm6_minus_tracheal_sg	14462351
all_dm6_minus_tracheal_sg	14462352
all_dm6_minus_tracheal_sg	14462353
all_dm6_minus_tracheal_sg	14462354
all_dm6_minus_tracheal_sg	14462355
all_dm6_minus_tracheal_sg	14462356
all_dm6_minus_tracheal_sg	14462357
all_dm6_minus_tracheal_sg	14462358
all_dm6_minus_tracheal_sg	14462359
all_dm6_minus_tracheal_sg	14462360
all_dm6_minus_tracheal_sg	14462361
all_dm6_minus_tracheal_sg	14462374
all_dm6_minus_tracheal_sg	14462375
all_dm6_minus_tracheal_sg	14462376
all_dm6_minus_tracheal_sg	14462377
all_dm6_minus_tracheal_sg	14462378
all_dm6_minus_tracheal_sg	14462379
all_dm6_minus_tracheal_sg	14462382
all_dm6_minus_tracheal_sg	14462383
all_dm6_minus_tracheal_sg	14462384
all_dm6_minus_tracheal_sg	14462385
all_dm6_minus_tracheal_sg	14462386
all_dm6_minus_tracheal_sg	14462388
all_dm6_minus_tracheal_sg	14462389
all_dm6_minus_tracheal_sg	14462390
all_dm6_minus_tracheal_sg	14462391
all_dm6_minus_tracheal_sg	14462392
all_dm6_minus_tracheal_sg	14462393
all_dm6_minus_tracheal_sg	14462394
all_dm6_minus_tracheal_sg	14462395
all_dm6_minus_tracheal_sg	14462396
all_dm6_minus_tracheal_sg	14462398
all_dm6_minus_tracheal_sg	14462399
all_dm6_minus_tracheal_sg	14462400
all_dm6_minus_tracheal_sg	14462401
all_dm6_minus_tracheal_sg	14462402
all_dm6_minus_tracheal_sg	14462403
all_dm6_minus_tracheal_sg	14462404
all_dm6_minus_tracheal_sg	14462405
all_dm6_minus_tracheal_sg	14462406
all_dm6_minus_tracheal_sg	14462407
all_dm6_minus_tracheal_sg	14462408
all_dm6_minus_tracheal_sg	14462409
all_dm6_minus_tracheal_sg	14462410
all_dm6_minus_tracheal_sg	14462411
all_dm6_minus_tracheal_sg	14462412
all_dm6_minus_tracheal_sg	14462413
all_dm6_minus_tracheal_sg	14462415
all_dm6_minus_tracheal_sg	14462416
all_dm6_minus_tracheal_sg	14462417
all_dm6_minus_tracheal_sg	14462418
all_dm6_minus_tracheal_sg	14462419
all_dm6_minus_tracheal_sg	14462420
all_dm6_minus_tracheal_sg	14462430
all_dm6_minus_tracheal_sg	14462431
all_dm6_minus_tracheal_sg	14462432
all_dm6_minus_tracheal_sg	14462433
all_dm6_minus_tracheal_sg	14462434
all_dm6_minus_tracheal_sg	14462435
all_dm6_minus_tracheal_sg	14462436
all_dm6_minus_tracheal_sg	14462437
all_dm6_minus_tracheal_sg	14462438
all_dm6_minus_tracheal_sg	14462439
all_dm6_minus_tracheal_sg	14462441
all_dm6_minus_tracheal_sg	14462442
all_dm6_minus_tracheal_sg	14462443
all_dm6_minus_tracheal_sg	14462444
all_dm6_minus_tracheal_sg	14462445
all_dm6_minus_tracheal_sg	14462446
all_dm6_minus_tracheal_sg	14462447
all_dm6_minus_tracheal_sg	14462448
all_dm6_minus_tracheal_sg	14462449
all_dm6_minus_tracheal_sg	14462450
all_dm6_minus_tracheal_sg	14462451
all_dm6_minus_tracheal_sg	14462452
all_dm6_minus_tracheal_sg	14462453
all_dm6_minus_tracheal_sg	14462454
all_dm6_minus_tracheal_sg	14462455
all_dm6_minus_tracheal_sg	14462456
all_dm6_minus_tracheal_sg	14462457
all_dm6_minus_tracheal_sg	14462458
all_dm6_minus_tracheal_sg	14462459
all_dm6_minus_tracheal_sg	14462460
all_dm6_minus_tracheal_sg	14462461
all_dm6_minus_tracheal_sg	14462462
all_dm6_minus_tracheal_sg	14462463
all_dm6_minus_tracheal_sg	14462464
all_dm6_minus_tracheal_sg	14462465
all_dm6_minus_tracheal_sg	14462466
all_dm6_minus_tracheal_sg	14462467
all_dm6_minus_tracheal_sg	14462468
all_dm6_minus_tracheal_sg	14462469
all_dm6_minus_tracheal_sg	14462470
all_dm6_minus_tracheal_sg	14462471
all_dm6_minus_tracheal_sg	14462472
all_dm6_minus_tracheal_sg	14462473
all_dm6_minus_tracheal_sg	14462474
all_dm6_minus_tracheal_sg	14462475
all_dm6_minus_tracheal_sg	14462476
all_dm6_minus_tracheal_sg	14462477
all_dm6_minus_tracheal_sg	14462478
all_dm6_minus_tracheal_sg	14462479
all_dm6_minus_tracheal_sg	14462480
all_dm6_minus_tracheal_sg	14462481
all_dm6_minus_tracheal_sg	14462482
all_dm6_minus_tracheal_sg	14462483
all_dm6_minus_tracheal_sg	14462484
all_dm6_minus_tracheal_sg	14462486
all_dm6_minus_tracheal_sg	14462487
all_dm6_minus_tracheal_sg	14462489
all_dm6_minus_tracheal_sg	14462490
all_dm6_minus_tracheal_sg	14462491
all_dm6_minus_tracheal_sg	14462492
all_dm6_minus_tracheal_sg	14462493
all_dm6_minus_tracheal_sg	14462495
all_dm6_minus_tracheal_sg	14462496
all_dm6_minus_tracheal_sg	14462498
all_dm6_minus_tracheal_sg	14462499
all_dm6_minus_tracheal_sg	14462500
all_dm6_minus_tracheal_sg	14462501
all_dm6_minus_tracheal_sg	14462502
all_dm6_minus_tracheal_sg	14462504
all_dm6_minus_tracheal_sg	14462505
all_dm6_minus_tracheal_sg	14462506
all_dm6_minus_tracheal_sg	14462507
all_dm6_minus_tracheal_sg	14462508
all_dm6_minus_tracheal_sg	14462509
all_dm6_minus_tracheal_sg	14462510
all_dm6_minus_tracheal_sg	14462511
all_dm6_minus_tracheal_sg	14462512
all_dm6_minus_tracheal_sg	14462513
all_dm6_minus_tracheal_sg	14462514
all_dm6_minus_tracheal_sg	14462516
all_dm6_minus_tracheal_sg	14462517
all_dm6_minus_tracheal_sg	14462518
all_dm6_minus_tracheal_sg	14462519
all_dm6_minus_tracheal_sg	14462520
all_dm6_minus_tracheal_sg	14462521
all_dm6_minus_tracheal_sg	14462522
all_dm6_minus_tracheal_sg	14462523
all_dm6_minus_tracheal_sg	14462524
all_dm6_minus_tracheal_sg	14462526
all_dm6_minus_tracheal_sg	14462527
all_dm6_minus_tracheal_sg	14462528
all_dm6_minus_tracheal_sg	14462529
all_dm6_minus_tracheal_sg	14462530
all_dm6_minus_tracheal_sg	14462531
all_dm6_minus_tracheal_sg	14462535
all_dm6_minus_tracheal_sg	14462537
all_dm6_minus_tracheal_sg	14462539
all_dm6_minus_tracheal_sg	14462542
all_dm6_minus_tracheal_sg	14462543
all_dm6_minus_tracheal_sg	14462544
all_dm6_minus_tracheal_sg	14462545
all_dm6_minus_tracheal_sg	14462546
all_dm6_minus_tracheal_sg	14462547
all_dm6_minus_tracheal_sg	14462548
all_dm6_minus_tracheal_sg	14462549
all_dm6_minus_tracheal_sg	14462550
all_dm6_minus_tracheal_sg	14462551
all_dm6_minus_tracheal_sg	14462552
all_dm6_minus_tracheal_sg	14462553
all_dm6_minus_tracheal_sg	14462554
all_dm6_minus_tracheal_sg	14462556
all_dm6_minus_tracheal_sg	14462557
all_dm6_minus_tracheal_sg	14462558
all_dm6_minus_tracheal_sg	14462559
all_dm6_minus_tracheal_sg	14462560
all_dm6_minus_tracheal_sg	14462561
all_dm6_minus_tracheal_sg	14462563
all_dm6_minus_tracheal_sg	14462565
all_dm6_minus_tracheal_sg	14462566
all_dm6_minus_tracheal_sg	14462567
all_dm6_minus_tracheal_sg	14462568
all_dm6_minus_tracheal_sg	14462569
all_dm6_minus_tracheal_sg	14462570
all_dm6_minus_tracheal_sg	14462571
all_dm6_minus_tracheal_sg	14462573
all_dm6_minus_tracheal_sg	14462574
all_dm6_minus_tracheal_sg	14462575
all_dm6_minus_tracheal_sg	14462576
all_dm6_minus_tracheal_sg	14462577
all_dm6_minus_tracheal_sg	14462578
all_dm6_minus_tracheal_sg	14462579
all_dm6_minus_tracheal_sg	14462580
all_dm6_minus_tracheal_sg	14462581
all_dm6_minus_tracheal_sg	14462582
all_dm6_minus_tracheal_sg	14462583
all_dm6_minus_tracheal_sg	14462585
all_dm6_minus_tracheal_sg	14462586
all_dm6_minus_tracheal_sg	14462587
all_dm6_minus_tracheal_sg	14462588
all_dm6_minus_tracheal_sg	14462589
all_dm6_minus_tracheal_sg	14462590
all_dm6_minus_tracheal_sg	14462591
all_dm6_minus_tracheal_sg	14462592
all_dm6_minus_tracheal_sg	14462593
all_dm6_minus_tracheal_sg	14462594
all_dm6_minus_tracheal_sg	14462596
all_dm6_minus_tracheal_sg	14462597
all_dm6_minus_tracheal_sg	14462599
all_dm6_minus_tracheal_sg	14462600
all_dm6_minus_tracheal_sg	14462602
all_dm6_minus_tracheal_sg	14462603
all_dm6_minus_tracheal_sg	14462604
all_dm6_minus_tracheal_sg	14462605
all_dm6_minus_tracheal_sg	14462606
all_dm6_minus_tracheal_sg	14462607
all_dm6_minus_tracheal_sg	14462608
all_dm6_minus_tracheal_sg	14462610
all_dm6_minus_tracheal_sg	14462611
all_dm6_minus_tracheal_sg	14462612
all_dm6_minus_tracheal_sg	14462613
all_dm6_minus_tracheal_sg	14462614
all_dm6_minus_tracheal_sg	14462615
all_dm6_minus_tracheal_sg	14462616
all_dm6_minus_tracheal_sg	14462617
all_dm6_minus_tracheal_sg	14462618
all_dm6_minus_tracheal_sg	14462619
all_dm6_minus_tracheal_sg	14462620
all_dm6_minus_tracheal_sg	14462621
all_dm6_minus_tracheal_sg	14462622
all_dm6_minus_tracheal_sg	14462623
all_dm6_minus_tracheal_sg	14462624
all_dm6_minus_tracheal_sg	14462625
all_dm6_minus_tracheal_sg	14462626
all_dm6_minus_tracheal_sg	14462627
all_dm6_minus_tracheal_sg	14462628
all_dm6_minus_tracheal_sg	14462629
all_dm6_minus_tracheal_sg	14462630
all_dm6_minus_tracheal_sg	14462631
all_dm6_minus_tracheal_sg	14462632
all_dm6_minus_tracheal_sg	14462633
all_dm6_minus_tracheal_sg	14462634
all_dm6_minus_tracheal_sg	14462644
all_dm6_minus_tracheal_sg	14462645
all_dm6_minus_tracheal_sg	14462646
all_dm6_minus_tracheal_sg	14462647
all_dm6_minus_tracheal_sg	14462648
all_dm6_minus_tracheal_sg	14462649
all_dm6_minus_tracheal_sg	14462650
all_dm6_minus_tracheal_sg	14462651
all_dm6_minus_tracheal_sg	14462652
all_dm6_minus_tracheal_sg	14462653
all_dm6_minus_tracheal_sg	14462654
all_dm6_minus_tracheal_sg	14462655
all_dm6_minus_tracheal_sg	14462656
all_dm6_minus_tracheal_sg	14462657
all_dm6_minus_tracheal_sg	14462658
all_dm6_minus_tracheal_sg	14462659
all_dm6_minus_tracheal_sg	14462661
all_dm6_minus_tracheal_sg	14462662
all_dm6_minus_tracheal_sg	14462663
all_dm6_minus_tracheal_sg	14462664
all_dm6_minus_tracheal_sg	14462665
all_dm6_minus_tracheal_sg	14462666
all_dm6_minus_tracheal_sg	14462667
all_dm6_minus_tracheal_sg	14462668
all_dm6_minus_tracheal_sg	14462669
all_dm6_minus_tracheal_sg	14462670
all_dm6_minus_tracheal_sg	14462671
all_dm6_minus_tracheal_sg	14462672
all_dm6_minus_tracheal_sg	14462673
all_dm6_minus_tracheal_sg	14462674
all_dm6_minus_tracheal_sg	14462675
all_dm6_minus_tracheal_sg	14462676
all_dm6_minus_tracheal_sg	14462677
all_dm6_minus_tracheal_sg	14462678
all_dm6_minus_tracheal_sg	14462679
all_dm6_minus_tracheal_sg	14462680
all_dm6_minus_tracheal_sg	14462681
all_dm6_minus_tracheal_sg	14462682
all_dm6_minus_tracheal_sg	14462683
all_dm6_minus_tracheal_sg	14462684
all_dm6_minus_tracheal_sg	14462685
all_dm6_minus_tracheal_sg	14462686
all_dm6_minus_tracheal_sg	14462687
all_dm6_minus_tracheal_sg	14462688
all_dm6_minus_tracheal_sg	14462689
all_dm6_minus_tracheal_sg	14462690
all_dm6_minus_tracheal_sg	14462691
all_dm6_minus_tracheal_sg	14462692
all_dm6_minus_tracheal_sg	14462693
all_dm6_minus_tracheal_sg	14462694
all_dm6_minus_tracheal_sg	14462695
all_dm6_minus_tracheal_sg	14462696
all_dm6_minus_tracheal_sg	14462697
all_dm6_minus_tracheal_sg	14462698
all_dm6_minus_tracheal_sg	14462699
all_dm6_minus_tracheal_sg	14462700
all_dm6_minus_tracheal_sg	14462701
all_dm6_minus_tracheal_sg	14462702
all_dm6_minus_tracheal_sg	14462703
all_dm6_minus_tracheal_sg	14462704
all_dm6_minus_tracheal_sg	14462705
all_dm6_minus_tracheal_sg	14462706
all_dm6_minus_tracheal_sg	14462707
all_dm6_minus_tracheal_sg	14462708
all_dm6_minus_tracheal_sg	14462709
all_dm6_minus_tracheal_sg	14462710
all_dm6_minus_tracheal_sg	14462712
all_dm6_minus_tracheal_sg	14462713
all_dm6_minus_tracheal_sg	14462715
all_dm6_minus_tracheal_sg	14462716
all_dm6_minus_tracheal_sg	14462717
all_dm6_minus_tracheal_sg	14462718
all_dm6_minus_tracheal_sg	14462719
all_dm6_minus_tracheal_sg	14462720
all_dm6_minus_tracheal_sg	14462721
all_dm6_minus_tracheal_sg	14462722
all_dm6_minus_tracheal_sg	14462723
all_dm6_minus_tracheal_sg	14462724
all_dm6_minus_tracheal_sg	14462725
all_dm6_minus_tracheal_sg	14462726
all_dm6_minus_tracheal_sg	14462727
all_dm6_minus_tracheal_sg	14462728
all_dm6_minus_tracheal_sg	14462730
all_dm6_minus_tracheal_sg	14462731
all_dm6_minus_tracheal_sg	14462732
all_dm6_minus_tracheal_sg	14462733
all_dm6_minus_tracheal_sg	14462734
all_dm6_minus_tracheal_sg	14462735
all_dm6_minus_tracheal_sg	14462736
all_dm6_minus_tracheal_sg	14462737
all_dm6_minus_tracheal_sg	14462738
all_dm6_minus_tracheal_sg	14462739
all_dm6_minus_tracheal_sg	14462740
all_dm6_minus_tracheal_sg	14462741
all_dm6_minus_tracheal_sg	14462742
all_dm6_minus_tracheal_sg	14462743
all_dm6_minus_tracheal_sg	14462745
all_dm6_minus_tracheal_sg	14462746
all_dm6_minus_tracheal_sg	14462747
all_dm6_minus_tracheal_sg	14462748
all_dm6_minus_tracheal_sg	14462750
all_dm6_minus_tracheal_sg	14462751
all_dm6_minus_tracheal_sg	14462752
all_dm6_minus_tracheal_sg	14462753
all_dm6_minus_tracheal_sg	14462754
all_dm6_minus_tracheal_sg	14462755
all_dm6_minus_tracheal_sg	14462756
all_dm6_minus_tracheal_sg	14462757
all_dm6_minus_tracheal_sg	14462758
all_dm6_minus_tracheal_sg	14462759
all_dm6_minus_tracheal_sg	14462760
all_dm6_minus_tracheal_sg	14462761
all_dm6_minus_tracheal_sg	14462762
all_dm6_minus_tracheal_sg	14462763
all_dm6_minus_tracheal_sg	14462764
all_dm6_minus_tracheal_sg	14462765
all_dm6_minus_tracheal_sg	14462766
all_dm6_minus_tracheal_sg	14462767
all_dm6_minus_tracheal_sg	14462768
all_dm6_minus_tracheal_sg	14462769
all_dm6_minus_tracheal_sg	14462770
all_dm6_minus_tracheal_sg	14462771
all_dm6_minus_tracheal_sg	14462772
all_dm6_minus_tracheal_sg	14462773
all_dm6_minus_tracheal_sg	14462774
all_dm6_minus_tracheal_sg	14462775
all_dm6_minus_tracheal_sg	14462776
all_dm6_minus_tracheal_sg	14462777
all_dm6_minus_tracheal_sg	14462778
all_dm6_minus_tracheal_sg	14462779
all_dm6_minus_tracheal_sg	14462780
all_dm6_minus_tracheal_sg	14462781
all_dm6_minus_tracheal_sg	14462782
all_dm6_minus_tracheal_sg	14462783
all_dm6_minus_tracheal_sg	14462784
all_dm6_minus_tracheal_sg	14462785
all_dm6_minus_tracheal_sg	14462786
all_dm6_minus_tracheal_sg	14462787
all_dm6_minus_tracheal_sg	14462788
all_dm6_minus_tracheal_sg	14462789
all_dm6_minus_tracheal_sg	14462790
all_dm6_minus_tracheal_sg	14462791
all_dm6_minus_tracheal_sg	14462792
all_dm6_minus_tracheal_sg	14462793
all_dm6_minus_tracheal_sg	14462794
all_dm6_minus_tracheal_sg	14462795
all_dm6_minus_tracheal_sg	14462796
all_dm6_minus_tracheal_sg	14462797
all_dm6_minus_tracheal_sg	14462798
all_dm6_minus_tracheal_sg	14462799
all_dm6_minus_tracheal_sg	14462801
all_dm6_minus_tracheal_sg	14462802
all_dm6_minus_tracheal_sg	14462803
all_dm6_minus_tracheal_sg	14462804
all_dm6_minus_tracheal_sg	14462805
all_dm6_minus_tracheal_sg	14462806
all_dm6_minus_tracheal_sg	14462807
all_dm6_minus_tracheal_sg	14462808
all_dm6_minus_tracheal_sg	14462809
all_dm6_minus_tracheal_sg	14462810
all_dm6_minus_tracheal_sg	14462811
all_dm6_minus_tracheal_sg	14462812
all_dm6_minus_tracheal_sg	14462813
all_dm6_minus_tracheal_sg	14462814
all_dm6_minus_tracheal_sg	14462815
all_dm6_minus_tracheal_sg	14462816
all_dm6_minus_tracheal_sg	14462822
all_dm6_minus_tracheal_sg	14462823
all_dm6_minus_tracheal_sg	14462824
all_dm6_minus_tracheal_sg	14462825
all_dm6_minus_tracheal_sg	14462826
all_dm6_minus_tracheal_sg	14462827
all_dm6_minus_tracheal_sg	14462828
all_dm6_minus_tracheal_sg	14462829
all_dm6_minus_tracheal_sg	14462830
all_dm6_minus_tracheal_sg	14462831
all_dm6_minus_tracheal_sg	14462832
all_dm6_minus_tracheal_sg	14462833
all_dm6_minus_tracheal_sg	14462834
all_dm6_minus_tracheal_sg	14462837
all_dm6_minus_tracheal_sg	14462838
all_dm6_minus_tracheal_sg	14462839
all_dm6_minus_tracheal_sg	14462840
all_dm6_minus_tracheal_sg	14462841
all_dm6_minus_tracheal_sg	14462842
all_dm6_minus_tracheal_sg	14462843
all_dm6_minus_tracheal_sg	14462844
all_dm6_minus_tracheal_sg	14462845
all_dm6_minus_tracheal_sg	14462846
all_dm6_minus_tracheal_sg	14462847
all_dm6_minus_tracheal_sg	14462848
all_dm6_minus_tracheal_sg	14462849
all_dm6_minus_tracheal_sg	14462850
all_dm6_minus_tracheal_sg	14462851
all_dm6_minus_tracheal_sg	14462853
all_dm6_minus_tracheal_sg	14462854
all_dm6_minus_tracheal_sg	14462856
all_dm6_minus_tracheal_sg	14462857
all_dm6_minus_tracheal_sg	14462858
all_dm6_minus_tracheal_sg	14462860
all_dm6_minus_tracheal_sg	14462861
all_dm6_minus_tracheal_sg	14462862
all_dm6_minus_tracheal_sg	14462863
all_dm6_minus_tracheal_sg	14462864
all_dm6_minus_tracheal_sg	14462865
all_dm6_minus_tracheal_sg	14462866
all_dm6_minus_tracheal_sg	14462867
all_dm6_minus_tracheal_sg	14462868
all_dm6_minus_tracheal_sg	14462869
all_dm6_minus_tracheal_sg	14462872
all_dm6_minus_tracheal_sg	14462873
all_dm6_minus_tracheal_sg	14462874
all_dm6_minus_tracheal_sg	14462875
all_dm6_minus_tracheal_sg	14462876
all_dm6_minus_tracheal_sg	14462877
all_dm6_minus_tracheal_sg	14462878
all_dm6_minus_tracheal_sg	14462879
all_dm6_minus_tracheal_sg	14462880
all_dm6_minus_tracheal_sg	14462881
all_dm6_minus_tracheal_sg	14462883
all_dm6_minus_tracheal_sg	14462884
all_dm6_minus_tracheal_sg	14462885
all_dm6_minus_tracheal_sg	14462886
all_dm6_minus_tracheal_sg	14462887
all_dm6_minus_tracheal_sg	14462888
all_dm6_minus_tracheal_sg	14462890
all_dm6_minus_tracheal_sg	14462891
all_dm6_minus_tracheal_sg	14462892
all_dm6_minus_tracheal_sg	14462893
all_dm6_minus_tracheal_sg	14462894
all_dm6_minus_tracheal_sg	14462895
all_dm6_minus_tracheal_sg	14462896
all_dm6_minus_tracheal_sg	14462897
all_dm6_minus_tracheal_sg	14462898
all_dm6_minus_tracheal_sg	14462899
all_dm6_minus_tracheal_sg	14462900
all_dm6_minus_tracheal_sg	14462901
all_dm6_minus_tracheal_sg	14462903
all_dm6_minus_tracheal_sg	14462904
all_dm6_minus_tracheal_sg	14462905
all_dm6_minus_tracheal_sg	14462906
all_dm6_minus_tracheal_sg	14462907
all_dm6_minus_tracheal_sg	14462908
all_dm6_minus_tracheal_sg	14462909
all_dm6_minus_tracheal_sg	14462910
all_dm6_minus_tracheal_sg	14462911
all_dm6_minus_tracheal_sg	14462912
all_dm6_minus_tracheal_sg	14462913
all_dm6_minus_tracheal_sg	14462914
all_dm6_minus_tracheal_sg	14462915
all_dm6_minus_tracheal_sg	14462916
all_dm6_minus_tracheal_sg	14462917
all_dm6_minus_tracheal_sg	14462918
all_dm6_minus_tracheal_sg	15331688
all_dm6_minus_tracheal_sg	15331690
all_dm6_minus_tracheal_sg	15331693
all_dm6_minus_tracheal_sg	15331696
all_dm6_minus_tracheal_sg	15331697
all_dm6_minus_tracheal_sg	15331699
all_dm6_minus_tracheal_sg	15331701
all_dm6_minus_tracheal_sg	15331703
all_dm6_minus_tracheal_sg	15331704
all_dm6_minus_tracheal_sg	15331705
all_dm6_minus_tracheal_sg	15331706
all_dm6_minus_tracheal_sg	19834717
all_dm6_minus_tracheal_sg	19834718
all_dm6_minus_tracheal_sg	19834719
all_dm6_minus_tracheal_sg	19834720
all_dm6_minus_tracheal_sg	19834721
all_dm6_minus_tracheal_sg	19834722
all_dm6_minus_tracheal_sg	19834723
all_dm6_minus_tracheal_sg	19834724
all_dm6_minus_tracheal_sg	19834725
all_dm6_minus_tracheal_sg	19834726
all_dm6_minus_tracheal_sg	19834727
all_dm6_minus_tracheal_sg	19834728
all_dm6_minus_tracheal_sg	19834729
all_dm6_minus_tracheal_sg	19834730
all_dm6_minus_tracheal_sg	19834731
all_dm6_minus_tracheal_sg	19834732
all_dm6_minus_tracheal_sg	19834733
all_dm6_minus_tracheal_sg	19834734
all_dm6_minus_tracheal_sg	19834735
all_dm6_minus_tracheal_sg	19834736
all_dm6_minus_tracheal_sg	19834737
all_dm6_minus_tracheal_sg	19834738
all_dm6_minus_tracheal_sg	19834739
all_dm6_minus_tracheal_sg	19834740
all_dm6_minus_tracheal_sg	19834741
all_dm6_minus_tracheal_sg	19834742
all_dm6_minus_tracheal_sg	19834743
all_dm6_minus_tracheal_sg	19834744
all_dm6_minus_tracheal_sg	19834745
all_dm6_minus_tracheal_sg	19834746
all_dm6_minus_tracheal_sg	19834747
all_dm6_minus_tracheal_sg	19834748
all_dm6_minus_tracheal_sg	19834749
all_dm6_minus_tracheal_sg	19834750
all_dm6_minus_tracheal_sg	19834751
all_dm6_minus_tracheal_sg	19834752
all_dm6_minus_tracheal_sg	19834753
all_dm6_minus_tracheal_sg	19834754
all_dm6_minus_tracheal_sg	19834755
all_dm6_minus_tracheal_sg	19834756
all_dm6_minus_tracheal_sg	19834757
all_dm6_minus_tracheal_sg	19834758
all_dm6_minus_tracheal_sg	19834759
all_dm6_minus_tracheal_sg	19834760
all_dm6_minus_tracheal_sg	19834761
all_dm6_minus_tracheal_sg	19834762
all_dm6_minus_tracheal_sg	19834763
all_dm6_minus_tracheal_sg	19834764
all_dm6_minus_tracheal_sg	19834765
all_dm6_minus_tracheal_sg	19834766
all_dm6_minus_tracheal_sg	19834767
all_dm6_minus_tracheal_sg	19834768
all_dm6_minus_tracheal_sg	19834769
all_dm6_minus_tracheal_sg	19834770
all_dm6_minus_tracheal_sg	19834771
all_dm6_minus_tracheal_sg	19834772
all_dm6_minus_tracheal_sg	19834773
all_dm6_minus_tracheal_sg	19834774
all_dm6_minus_tracheal_sg	19834775
all_dm6_minus_tracheal_sg	19834776
all_dm6_minus_tracheal_sg	19834777
all_dm6_minus_tracheal_sg	19834778
all_dm6_minus_tracheal_sg	19834779
all_dm6_minus_tracheal_sg	19834780
all_dm6_minus_tracheal_sg	19834781
all_dm6_minus_tracheal_sg	19834782
all_dm6_minus_tracheal_sg	19834783
all_dm6_minus_tracheal_sg	19834784
all_dm6_minus_tracheal_sg	19834785
all_dm6_minus_tracheal_sg	19834787
all_dm6_minus_tracheal_sg	19834788
all_dm6_minus_tracheal_sg	19834789
all_dm6_minus_tracheal_sg	19834790
all_dm6_minus_tracheal_sg	19834791
all_dm6_minus_tracheal_sg	19834792
all_dm6_minus_tracheal_sg	19834793
all_dm6_minus_tracheal_sg	19834794
all_dm6_minus_tracheal_sg	19834795
all_dm6_minus_tracheal_sg	19834796
all_dm6_minus_tracheal_sg	19834797
all_dm6_minus_tracheal_sg	19834798
all_dm6_minus_tracheal_sg	19834799
all_dm6_minus_tracheal_sg	19834800
all_dm6_minus_tracheal_sg	19834801
all_dm6_minus_tracheal_sg	19834802
all_dm6_minus_tracheal_sg	19834803
all_dm6_minus_tracheal_sg	19834804
all_dm6_minus_tracheal_sg	19834805
all_dm6_minus_tracheal_sg	19834806
all_dm6_minus_tracheal_sg	19834807
all_dm6_minus_tracheal_sg	19834808
all_dm6_minus_tracheal_sg	19834809
all_dm6_minus_tracheal_sg	19834810
all_dm6_minus_tracheal_sg	19834811
all_dm6_minus_tracheal_sg	19834812
all_dm6_minus_tracheal_sg	19834813
all_dm6_minus_tracheal_sg	19834814
all_dm6_minus_tracheal_sg	19834815
all_dm6_minus_tracheal_sg	19834816
all_dm6_minus_tracheal_sg	19834817
all_dm6_minus_tracheal_sg	19834818
all_dm6_minus_tracheal_sg	19834819
all_dm6_minus_tracheal_sg	19834820
all_dm6_minus_tracheal_sg	19834821
all_dm6_minus_tracheal_sg	19834822
all_dm6_minus_tracheal_sg	19834823
all_dm6_minus_tracheal_sg	19834824
all_dm6_minus_tracheal_sg	19834825
all_dm6_minus_tracheal_sg	19834826
all_dm6_minus_tracheal_sg	19834827
all_dm6_minus_tracheal_sg	19834828
all_dm6_minus_tracheal_sg	19834829
all_dm6_minus_tracheal_sg	19834830
all_dm6_minus_tracheal_sg	19834831
all_dm6_minus_tracheal_sg	19834832
all_dm6_minus_tracheal_sg	19834833
all_dm6_minus_tracheal_sg	19834834
all_dm6_minus_tracheal_sg	19834835
all_dm6_minus_tracheal_sg	19834836
all_dm6_minus_tracheal_sg	19834837
all_dm6_minus_tracheal_sg	19834838
all_dm6_minus_tracheal_sg	19834839
all_dm6_minus_tracheal_sg	19834840
all_dm6_minus_tracheal_sg	19834841
all_dm6_minus_tracheal_sg	19834842
all_dm6_minus_tracheal_sg	19834844
all_dm6_minus_tracheal_sg	19834845
all_dm6_minus_tracheal_sg	19834846
all_dm6_minus_tracheal_sg	19834847
all_dm6_minus_tracheal_sg	19834848
all_dm6_minus_tracheal_sg	19834849
all_dm6_minus_tracheal_sg	19834850
all_dm6_minus_tracheal_sg	19834851
all_dm6_minus_tracheal_sg	19834852
all_dm6_minus_tracheal_sg	19834853
all_dm6_minus_tracheal_sg	19834854
all_dm6_minus_tracheal_sg	19834855
all_dm6_minus_tracheal_sg	19834856
all_dm6_minus_tracheal_sg	19834857
all_dm6_minus_tracheal_sg	19834858
all_dm6_minus_tracheal_sg	19834859
all_dm6_minus_tracheal_sg	19834860
all_dm6_minus_tracheal_sg	19834861
all_dm6_minus_tracheal_sg	19834862
all_dm6_minus_tracheal_sg	19834863
all_dm6_minus_tracheal_sg	19834864
all_dm6_minus_tracheal_sg	19834865
all_dm6_minus_tracheal_sg	19834866
all_dm6_minus_tracheal_sg	19834867
all_dm6_minus_tracheal_sg	19834868
all_dm6_minus_tracheal_sg	19834869
all_dm6_minus_tracheal_sg	19834870
all_dm6_minus_tracheal_sg	19834871
all_dm6_minus_tracheal_sg	19834872
all_dm6_minus_tracheal_sg	19834873
all_dm6_minus_tracheal_sg	19834874
all_dm6_minus_tracheal_sg	19834875
all_dm6_minus_tracheal_sg	19834876
all_dm6_minus_tracheal_sg	19834878
all_dm6_minus_tracheal_sg	19834879
all_dm6_minus_tracheal_sg	19834880
all_dm6_minus_tracheal_sg	19834881
all_dm6_minus_tracheal_sg	19834882
all_dm6_minus_tracheal_sg	19834883
all_dm6_minus_tracheal_sg	19834884
all_dm6_minus_tracheal_sg	19834885
all_dm6_minus_tracheal_sg	19834886
all_dm6_minus_tracheal_sg	19834887
all_dm6_minus_tracheal_sg	19834888
all_dm6_minus_tracheal_sg	19834889
all_dm6_minus_tracheal_sg	19834890
all_dm6_minus_tracheal_sg	19834891
all_dm6_minus_tracheal_sg	19834892
all_dm6_minus_tracheal_sg	19834893
all_dm6_minus_tracheal_sg	19834894
all_dm6_minus_tracheal_sg	19834895
all_dm6_minus_tracheal_sg	19834896
all_dm6_minus_tracheal_sg	19834897
all_dm6_minus_tracheal_sg	19834898
all_dm6_minus_tracheal_sg	19834899
all_dm6_minus_tracheal_sg	19834900
all_dm6_minus_tracheal_sg	19834901
all_dm6_minus_tracheal_sg	19834902
all_dm6_minus_tracheal_sg	19834903
all_dm6_minus_tracheal_sg	19834904
all_dm6_minus_tracheal_sg	19834905
all_dm6_minus_tracheal_sg	19834906
all_dm6_minus_tracheal_sg	19834907
all_dm6_minus_tracheal_sg	19834908
all_dm6_minus_tracheal_sg	19834909
all_dm6_minus_tracheal_sg	19834910
all_dm6_minus_tracheal_sg	19834911
all_dm6_minus_tracheal_sg	19834912
all_dm6_minus_tracheal_sg	19834913
all_dm6_minus_tracheal_sg	19834914
all_dm6_minus_tracheal_sg	19834915
all_dm6_minus_tracheal_sg	19834916
all_dm6_minus_tracheal_sg	19834917
all_dm6_minus_tracheal_sg	19834918
all_dm6_minus_tracheal_sg	19834919
all_dm6_minus_tracheal_sg	19834920
all_dm6_minus_tracheal_sg	19834921
all_dm6_minus_tracheal_sg	19834922
all_dm6_minus_tracheal_sg	19834923
all_dm6_minus_tracheal_sg	19834924
all_dm6_minus_tracheal_sg	19834925
all_dm6_minus_tracheal_sg	19834927
all_dm6_minus_tracheal_sg	19834928
all_dm6_minus_tracheal_sg	19834929
all_dm6_minus_tracheal_sg	19834930
all_dm6_minus_tracheal_sg	19834931
all_dm6_minus_tracheal_sg	19834932
all_dm6_minus_tracheal_sg	19834933
all_dm6_minus_tracheal_sg	19834934
all_dm6_minus_tracheal_sg	19834935
all_dm6_minus_tracheal_sg	19834936
all_dm6_minus_tracheal_sg	19834938
all_dm6_minus_tracheal_sg	19834939
all_dm6_minus_tracheal_sg	19834940
all_dm6_minus_tracheal_sg	19834941
all_dm6_minus_tracheal_sg	19834942
all_dm6_minus_tracheal_sg	19834943
all_dm6_minus_tracheal_sg	19834944
all_dm6_minus_tracheal_sg	19834945
all_dm6_minus_tracheal_sg	19834946
all_dm6_minus_tracheal_sg	19834947
all_dm6_minus_tracheal_sg	19834948
all_dm6_minus_tracheal_sg	19834949
all_dm6_minus_tracheal_sg	19834950
all_dm6_minus_tracheal_sg	19834951
all_dm6_minus_tracheal_sg	19834952
all_dm6_minus_tracheal_sg	19834953
all_dm6_minus_tracheal_sg	19834954
all_dm6_minus_tracheal_sg	19834955
all_dm6_minus_tracheal_sg	19834956
all_dm6_minus_tracheal_sg	19834957
all_dm6_minus_tracheal_sg	19834958
all_dm6_minus_tracheal_sg	19834959
all_dm6_minus_tracheal_sg	19834960
all_dm6_minus_tracheal_sg	19834961
all_dm6_minus_tracheal_sg	19834962
all_dm6_minus_tracheal_sg	19834963
all_dm6_minus_tracheal_sg	19834964
all_dm6_minus_tracheal_sg	19834965
all_dm6_minus_tracheal_sg	19834966
all_dm6_minus_tracheal_sg	19834967
all_dm6_minus_tracheal_sg	19834968
all_dm6_minus_tracheal_sg	19834969
all_dm6_minus_tracheal_sg	19834970
all_dm6_minus_tracheal_sg	19834971
all_dm6_minus_tracheal_sg	19834972
all_dm6_minus_tracheal_sg	19834973
all_dm6_minus_tracheal_sg	19834974
all_dm6_minus_tracheal_sg	19834975
all_dm6_minus_tracheal_sg	19834976
all_dm6_minus_tracheal_sg	19834977
all_dm6_minus_tracheal_sg	19834978
all_dm6_minus_tracheal_sg	19834979
all_dm6_minus_tracheal_sg	19834980
all_dm6_minus_tracheal_sg	19834981
all_dm6_minus_tracheal_sg	19834982
all_dm6_minus_tracheal_sg	19834983
all_dm6_minus_tracheal_sg	19834984
all_dm6_minus_tracheal_sg	19834985
all_dm6_minus_tracheal_sg	19834986
all_dm6_minus_tracheal_sg	19834987
all_dm6_minus_tracheal_sg	19834988
all_dm6_minus_tracheal_sg	19834989
all_dm6_minus_tracheal_sg	19834990
all_dm6_minus_tracheal_sg	19834991
all_dm6_minus_tracheal_sg	19834992
all_dm6_minus_tracheal_sg	19834993
all_dm6_minus_tracheal_sg	19834994
all_dm6_minus_tracheal_sg	19834995
all_dm6_minus_tracheal_sg	19834996
all_dm6_minus_tracheal_sg	19834997
all_dm6_minus_tracheal_sg	19834998
all_dm6_minus_tracheal_sg	19834999
all_dm6_minus_tracheal_sg	19835000
all_dm6_minus_tracheal_sg	19835001
all_dm6_minus_tracheal_sg	19835002
all_dm6_minus_tracheal_sg	19835003
all_dm6_minus_tracheal_sg	19835004
all_dm6_minus_tracheal_sg	19835005
all_dm6_minus_tracheal_sg	19835006
all_dm6_minus_tracheal_sg	19835007
all_dm6_minus_tracheal_sg	19835008
all_dm6_minus_tracheal_sg	19835009
all_dm6_minus_tracheal_sg	19835010
all_dm6_minus_tracheal_sg	19835012
all_dm6_minus_tracheal_sg	19835013
all_dm6_minus_tracheal_sg	19835014
all_dm6_minus_tracheal_sg	19835015
all_dm6_minus_tracheal_sg	19835016
all_dm6_minus_tracheal_sg	19835017
all_dm6_minus_tracheal_sg	19835018
all_dm6_minus_tracheal_sg	19835019
all_dm6_minus_tracheal_sg	19835020
all_dm6_minus_tracheal_sg	19835021
all_dm6_minus_tracheal_sg	19835022
all_dm6_minus_tracheal_sg	19835023
all_dm6_minus_tracheal_sg	19835024
all_dm6_minus_tracheal_sg	19835025
all_dm6_minus_tracheal_sg	19835026
all_dm6_minus_tracheal_sg	19835027
all_dm6_minus_tracheal_sg	19835028
all_dm6_minus_tracheal_sg	19835029
all_dm6_minus_tracheal_sg	19835030
all_dm6_minus_tracheal_sg	19835031
all_dm6_minus_tracheal_sg	19835032
all_dm6_minus_tracheal_sg	19835033
all_dm6_minus_tracheal_sg	19835034
all_dm6_minus_tracheal_sg	19835035
all_dm6_minus_tracheal_sg	19835036
all_dm6_minus_tracheal_sg	19835037
all_dm6_minus_tracheal_sg	19835038
all_dm6_minus_tracheal_sg	19835039
all_dm6_minus_tracheal_sg	19835040
all_dm6_minus_tracheal_sg	19835041
all_dm6_minus_tracheal_sg	19835042
all_dm6_minus_tracheal_sg	19835043
all_dm6_minus_tracheal_sg	19835044
all_dm6_minus_tracheal_sg	19835045
all_dm6_minus_tracheal_sg	19835046
all_dm6_minus_tracheal_sg	19835047
all_dm6_minus_tracheal_sg	19835048
all_dm6_minus_tracheal_sg	19835049
all_dm6_minus_tracheal_sg	19835050
all_dm6_minus_tracheal_sg	19835051
all_dm6_minus_tracheal_sg	19835052
all_dm6_minus_tracheal_sg	19835053
all_dm6_minus_tracheal_sg	19835054
all_dm6_minus_tracheal_sg	19835055
all_dm6_minus_tracheal_sg	19835056
all_dm6_minus_tracheal_sg	19835057
all_dm6_minus_tracheal_sg	19835058
all_dm6_minus_tracheal_sg	19835059
all_dm6_minus_tracheal_sg	19835060
all_dm6_minus_tracheal_sg	19835061
all_dm6_minus_tracheal_sg	19835062
all_dm6_minus_tracheal_sg	19835063
all_dm6_minus_tracheal_sg	19835064
all_dm6_minus_tracheal_sg	19835065
all_dm6_minus_tracheal_sg	19835066
all_dm6_minus_tracheal_sg	19835067
all_dm6_minus_tracheal_sg	19835068
all_dm6_minus_tracheal_sg	19835069
all_dm6_minus_tracheal_sg	19835070
all_dm6_minus_tracheal_sg	19835071
all_dm6_minus_tracheal_sg	19835072
all_dm6_minus_tracheal_sg	19835073
all_dm6_minus_tracheal_sg	19835074
all_dm6_minus_tracheal_sg	19835075
all_dm6_minus_tracheal_sg	19835076
all_dm6_minus_tracheal_sg	19835077
all_dm6_minus_tracheal_sg	19835078
all_dm6_minus_tracheal_sg	19835079
all_dm6_minus_tracheal_sg	19835080
all_dm6_minus_tracheal_sg	19835081
all_dm6_minus_tracheal_sg	19835082
all_dm6_minus_tracheal_sg	19835083
all_dm6_minus_tracheal_sg	19835084
all_dm6_minus_tracheal_sg	19835085
all_dm6_minus_tracheal_sg	19835086
all_dm6_minus_tracheal_sg	19835087
all_dm6_minus_tracheal_sg	19835088
all_dm6_minus_tracheal_sg	19835089
all_dm6_minus_tracheal_sg	19835090
all_dm6_minus_tracheal_sg	19835091
all_dm6_minus_tracheal_sg	19835092
all_dm6_minus_tracheal_sg	19835093
all_dm6_minus_tracheal_sg	19835094
all_dm6_minus_tracheal_sg	19835095
all_dm6_minus_tracheal_sg	19835096
all_dm6_minus_tracheal_sg	19835097
all_dm6_minus_tracheal_sg	19835098
all_dm6_minus_tracheal_sg	19835099
all_dm6_minus_tracheal_sg	19835100
all_dm6_minus_tracheal_sg	19835101
all_dm6_minus_tracheal_sg	19835102
all_dm6_minus_tracheal_sg	19835103
all_dm6_minus_tracheal_sg	19835104
all_dm6_minus_tracheal_sg	19835105
all_dm6_minus_tracheal_sg	19835106
all_dm6_minus_tracheal_sg	19835107
all_dm6_minus_tracheal_sg	19835108
all_dm6_minus_tracheal_sg	19835109
all_dm6_minus_tracheal_sg	19835110
all_dm6_minus_tracheal_sg	19835111
all_dm6_minus_tracheal_sg	19835112
all_dm6_minus_tracheal_sg	19835113
all_dm6_minus_tracheal_sg	19835114
all_dm6_minus_tracheal_sg	19835115
all_dm6_minus_tracheal_sg	19835116
all_dm6_minus_tracheal_sg	19835117
all_dm6_minus_tracheal_sg	19835118
all_dm6_minus_tracheal_sg	19835119
all_dm6_minus_tracheal_sg	19835120
all_dm6_minus_tracheal_sg	19835121
all_dm6_minus_tracheal_sg	19835122
all_dm6_minus_tracheal_sg	19835123
all_dm6_minus_tracheal_sg	19835124
all_dm6_minus_tracheal_sg	19835125
all_dm6_minus_tracheal_sg	19835126
all_dm6_minus_tracheal_sg	19835127
all_dm6_minus_tracheal_sg	19835128
all_dm6_minus_tracheal_sg	19835129
all_dm6_minus_tracheal_sg	19835130
all_dm6_minus_tracheal_sg	19835131
all_dm6_minus_tracheal_sg	19835132
all_dm6_minus_tracheal_sg	19835133
all_dm6_minus_tracheal_sg	19835134
all_dm6_minus_tracheal_sg	19835135
all_dm6_minus_tracheal_sg	19835136
all_dm6_minus_tracheal_sg	19835137
all_dm6_minus_tracheal_sg	19835138
all_dm6_minus_tracheal_sg	19835139
all_dm6_minus_tracheal_sg	19835140
all_dm6_minus_tracheal_sg	19835141
all_dm6_minus_tracheal_sg	19835142
all_dm6_minus_tracheal_sg	19835143
all_dm6_minus_tracheal_sg	19835144
all_dm6_minus_tracheal_sg	19835145
all_dm6_minus_tracheal_sg	19835146
all_dm6_minus_tracheal_sg	19835147
all_dm6_minus_tracheal_sg	19835148
all_dm6_minus_tracheal_sg	19835149
all_dm6_minus_tracheal_sg	19835150
all_dm6_minus_tracheal_sg	19835151
all_dm6_minus_tracheal_sg	19835152
all_dm6_minus_tracheal_sg	19835153
all_dm6_minus_tracheal_sg	19835154
all_dm6_minus_tracheal_sg	19835155
all_dm6_minus_tracheal_sg	19835156
all_dm6_minus_tracheal_sg	19835157
all_dm6_minus_tracheal_sg	19835158
all_dm6_minus_tracheal_sg	19835159
all_dm6_minus_tracheal_sg	19835160
all_dm6_minus_tracheal_sg	19835161
all_dm6_minus_tracheal_sg	19835162
all_dm6_minus_tracheal_sg	19835163
all_dm6_minus_tracheal_sg	19835164
all_dm6_minus_tracheal_sg	19835165
all_dm6_minus_tracheal_sg	19835166
all_dm6_minus_tracheal_sg	19835167
all_dm6_minus_tracheal_sg	19835168
all_dm6_minus_tracheal_sg	19835169
all_dm6_minus_tracheal_sg	19835170
all_dm6_minus_tracheal_sg	19835171
all_dm6_minus_tracheal_sg	19835172
all_dm6_minus_tracheal_sg	19835173
all_dm6_minus_tracheal_sg	19835174
all_dm6_minus_tracheal_sg	19835175
all_dm6_minus_tracheal_sg	19835176
all_dm6_minus_tracheal_sg	19835177
all_dm6_minus_tracheal_sg	19835178
all_dm6_minus_tracheal_sg	19835179
all_dm6_minus_tracheal_sg	19835180
all_dm6_minus_tracheal_sg	19835181
all_dm6_minus_tracheal_sg	19835182
all_dm6_minus_tracheal_sg	19835183
all_dm6_minus_tracheal_sg	19835184
all_dm6_minus_tracheal_sg	19835185
all_dm6_minus_tracheal_sg	19835186
all_dm6_minus_tracheal_sg	19835187
all_dm6_minus_tracheal_sg	19835188
all_dm6_minus_tracheal_sg	19835189
all_dm6_minus_tracheal_sg	19835190
all_dm6_minus_tracheal_sg	19835191
all_dm6_minus_tracheal_sg	19835192
all_dm6_minus_tracheal_sg	19835193
all_dm6_minus_tracheal_sg	19835194
all_dm6_minus_tracheal_sg	19835195
all_dm6_minus_tracheal_sg	19835196
all_dm6_minus_tracheal_sg	19835197
all_dm6_minus_tracheal_sg	19835198
all_dm6_minus_tracheal_sg	19835199
all_dm6_minus_tracheal_sg	19835200
all_dm6_minus_tracheal_sg	19835201
all_dm6_minus_tracheal_sg	19835202
all_dm6_minus_tracheal_sg	19835203
all_dm6_minus_tracheal_sg	19835204
all_dm6_minus_tracheal_sg	19835205
all_dm6_minus_tracheal_sg	19835206
all_dm6_minus_tracheal_sg	19835207
all_dm6_minus_tracheal_sg	19835208
all_dm6_minus_tracheal_sg	19835209
all_dm6_minus_tracheal_sg	19835210
all_dm6_minus_tracheal_sg	19835211
all_dm6_minus_tracheal_sg	19835212
all_dm6_minus_tracheal_sg	19835213
all_dm6_minus_tracheal_sg	19835214
all_dm6_minus_tracheal_sg	19835215
all_dm6_minus_tracheal_sg	19835216
all_dm6_minus_tracheal_sg	19835217
all_dm6_minus_tracheal_sg	19835218
all_dm6_minus_tracheal_sg	19835219
all_dm6_minus_tracheal_sg	19835220
all_dm6_minus_tracheal_sg	19835221
all_dm6_minus_tracheal_sg	19835222
all_dm6_minus_tracheal_sg	19835223
all_dm6_minus_tracheal_sg	19835224
all_dm6_minus_tracheal_sg	19835225
all_dm6_minus_tracheal_sg	19835226
all_dm6_minus_tracheal_sg	19835227
all_dm6_minus_tracheal_sg	19835228
all_dm6_minus_tracheal_sg	19835229
all_dm6_minus_tracheal_sg	19835230
all_dm6_minus_tracheal_sg	19835231
all_dm6_minus_tracheal_sg	19835232
all_dm6_minus_tracheal_sg	19835233
all_dm6_minus_tracheal_sg	19835234
all_dm6_minus_tracheal_sg	19835235
all_dm6_minus_tracheal_sg	19835236
all_dm6_minus_tracheal_sg	19835237
all_dm6_minus_tracheal_sg	19835238
all_dm6_minus_tracheal_sg	19835239
all_dm6_minus_tracheal_sg	19835240
all_dm6_minus_tracheal_sg	19835241
all_dm6_minus_tracheal_sg	19835242
all_dm6_minus_tracheal_sg	19835243
all_dm6_minus_tracheal_sg	19835244
all_dm6_minus_tracheal_sg	19835245
all_dm6_minus_tracheal_sg	19835246
all_dm6_minus_tracheal_sg	19835247
all_dm6_minus_tracheal_sg	19835248
all_dm6_minus_tracheal_sg	19835249
all_dm6_minus_tracheal_sg	19835250
all_dm6_minus_tracheal_sg	19835251
all_dm6_minus_tracheal_sg	19835252
all_dm6_minus_tracheal_sg	19835253
all_dm6_minus_tracheal_sg	19835254
all_dm6_minus_tracheal_sg	19835255
all_dm6_minus_tracheal_sg	19835256
all_dm6_minus_tracheal_sg	19835257
all_dm6_minus_tracheal_sg	19835258
all_dm6_minus_tracheal_sg	19835259
all_dm6_minus_tracheal_sg	19835260
all_dm6_minus_tracheal_sg	19835261
all_dm6_minus_tracheal_sg	19835262
all_dm6_minus_tracheal_sg	19835263
all_dm6_minus_tracheal_sg	19835264
all_dm6_minus_tracheal_sg	19835265
all_dm6_minus_tracheal_sg	19835266
all_dm6_minus_tracheal_sg	19835267
all_dm6_minus_tracheal_sg	19835268
all_dm6_minus_tracheal_sg	19835269
all_dm6_minus_tracheal_sg	19835270
all_dm6_minus_tracheal_sg	19835271
all_dm6_minus_tracheal_sg	19835272
all_dm6_minus_tracheal_sg	19835273
all_dm6_minus_tracheal_sg	19835274
all_dm6_minus_tracheal_sg	19835275
all_dm6_minus_tracheal_sg	19835276
all_dm6_minus_tracheal_sg	19835277
all_dm6_minus_tracheal_sg	19835278
all_dm6_minus_tracheal_sg	19835279
all_dm6_minus_tracheal_sg	19835280
all_dm6_minus_tracheal_sg	19835281
all_dm6_minus_tracheal_sg	19835282
all_dm6_minus_tracheal_sg	19835283
all_dm6_minus_tracheal_sg	19835284
all_dm6_minus_tracheal_sg	19835285
all_dm6_minus_tracheal_sg	19835286
all_dm6_minus_tracheal_sg	19835287
all_dm6_minus_tracheal_sg	19835288
all_dm6_minus_tracheal_sg	19835289
all_dm6_minus_tracheal_sg	19835290
all_dm6_minus_tracheal_sg	19835291
all_dm6_minus_tracheal_sg	19835292
all_dm6_minus_tracheal_sg	19835294
all_dm6_minus_tracheal_sg	19835295
all_dm6_minus_tracheal_sg	19835296
all_dm6_minus_tracheal_sg	19835297
all_dm6_minus_tracheal_sg	19835299
all_dm6_minus_tracheal_sg	19835300
all_dm6_minus_tracheal_sg	19835301
all_dm6_minus_tracheal_sg	19835302
all_dm6_minus_tracheal_sg	19835303
all_dm6_minus_tracheal_sg	19835304
all_dm6_minus_tracheal_sg	19835305
all_dm6_minus_tracheal_sg	19835306
all_dm6_minus_tracheal_sg	19835307
all_dm6_minus_tracheal_sg	19835308
all_dm6_minus_tracheal_sg	19835309
all_dm6_minus_tracheal_sg	19835310
all_dm6_minus_tracheal_sg	19835311
all_dm6_minus_tracheal_sg	19835312
all_dm6_minus_tracheal_sg	19835313
all_dm6_minus_tracheal_sg	19835314
all_dm6_minus_tracheal_sg	19835315
all_dm6_minus_tracheal_sg	19835316
all_dm6_minus_tracheal_sg	19835317
all_dm6_minus_tracheal_sg	19835318
all_dm6_minus_tracheal_sg	19835319
all_dm6_minus_tracheal_sg	19835320
all_dm6_minus_tracheal_sg	19835321
all_dm6_minus_tracheal_sg	19835322
all_dm6_minus_tracheal_sg	19835323
all_dm6_minus_tracheal_sg	19835324
all_dm6_minus_tracheal_sg	19835325
all_dm6_minus_tracheal_sg	19835326
all_dm6_minus_tracheal_sg	19835327
all_dm6_minus_tracheal_sg	19835328
all_dm6_minus_tracheal_sg	19835329
all_dm6_minus_tracheal_sg	19835330
all_dm6_minus_tracheal_sg	19835331
all_dm6_minus_tracheal_sg	19835332
all_dm6_minus_tracheal_sg	19835333
all_dm6_minus_tracheal_sg	19835334
all_dm6_minus_tracheal_sg	19835335
all_dm6_minus_tracheal_sg	19835336
all_dm6_minus_tracheal_sg	19835337
all_dm6_minus_tracheal_sg	19835338
all_dm6_minus_tracheal_sg	19835339
all_dm6_minus_tracheal_sg	19835340
all_dm6_minus_tracheal_sg	19835341
all_dm6_minus_tracheal_sg	19835342
all_dm6_minus_tracheal_sg	19835343
all_dm6_minus_tracheal_sg	19835344
all_dm6_minus_tracheal_sg	19835345
all_dm6_minus_tracheal_sg	19835346
all_dm6_minus_tracheal_sg	19835347
all_dm6_minus_tracheal_sg	19835348
all_dm6_minus_tracheal_sg	19835349
all_dm6_minus_tracheal_sg	19835350
all_dm6_minus_tracheal_sg	19835351
all_dm6_minus_tracheal_sg	19835352
all_dm6_minus_tracheal_sg	19835353
all_dm6_minus_tracheal_sg	19835354
all_dm6_minus_tracheal_sg	19835355
all_dm6_minus_tracheal_sg	19835356
all_dm6_minus_tracheal_sg	19835357
all_dm6_minus_tracheal_sg	19835358
all_dm6_minus_tracheal_sg	19835359
all_dm6_minus_tracheal_sg	19835360
all_dm6_minus_tracheal_sg	19835361
all_dm6_minus_tracheal_sg	19835362
all_dm6_minus_tracheal_sg	19835363
all_dm6_minus_tracheal_sg	19835364
all_dm6_minus_tracheal_sg	19835365
all_dm6_minus_tracheal_sg	19835366
all_dm6_minus_tracheal_sg	19835367
all_dm6_minus_tracheal_sg	19835368
all_dm6_minus_tracheal_sg	19835369
all_dm6_minus_tracheal_sg	19835370
all_dm6_minus_tracheal_sg	19835371
all_dm6_minus_tracheal_sg	19835372
all_dm6_minus_tracheal_sg	19835373
all_dm6_minus_tracheal_sg	19835374
all_dm6_minus_tracheal_sg	19835375
all_dm6_minus_tracheal_sg	19835376
all_dm6_minus_tracheal_sg	19835377
all_dm6_minus_tracheal_sg	19835378
all_dm6_minus_tracheal_sg	19835379
all_dm6_minus_tracheal_sg	19835380
all_dm6_minus_tracheal_sg	19835381
all_dm6_minus_tracheal_sg	19835382
all_dm6_minus_tracheal_sg	19835383
all_dm6_minus_tracheal_sg	19835384
all_dm6_minus_tracheal_sg	19835385
all_dm6_minus_tracheal_sg	19835386
all_dm6_minus_tracheal_sg	19835387
all_dm6_minus_tracheal_sg	19835388
all_dm6_minus_tracheal_sg	19835389
all_dm6_minus_tracheal_sg	19835390
all_dm6_minus_tracheal_sg	19835391
all_dm6_minus_tracheal_sg	19835392
all_dm6_minus_tracheal_sg	19835393
all_dm6_minus_tracheal_sg	19835394
all_dm6_minus_tracheal_sg	19835395
all_dm6_minus_tracheal_sg	19835396
all_dm6_minus_tracheal_sg	19835397
all_dm6_minus_tracheal_sg	19835398
all_dm6_minus_tracheal_sg	19835399
all_dm6_minus_tracheal_sg	19835400
all_dm6_minus_tracheal_sg	19835401
all_dm6_minus_tracheal_sg	19835402
all_dm6_minus_tracheal_sg	19835403
all_dm6_minus_tracheal_sg	19835404
all_dm6_minus_tracheal_sg	19835405
all_dm6_minus_tracheal_sg	19835406
all_dm6_minus_tracheal_sg	19835407
all_dm6_minus_tracheal_sg	19835408
all_dm6_minus_tracheal_sg	19835409
all_dm6_minus_tracheal_sg	19835410
all_dm6_minus_tracheal_sg	19835411
all_dm6_minus_tracheal_sg	19835412
all_dm6_minus_tracheal_sg	19835413
all_dm6_minus_tracheal_sg	19835414
all_dm6_minus_tracheal_sg	19835415
all_dm6_minus_tracheal_sg	19835416
all_dm6_minus_tracheal_sg	19835417
all_dm6_minus_tracheal_sg	19835418
all_dm6_minus_tracheal_sg	19835419
all_dm6_minus_tracheal_sg	19835420
all_dm6_minus_tracheal_sg	19835421
all_dm6_minus_tracheal_sg	19835422
all_dm6_minus_tracheal_sg	19835423
all_dm6_minus_tracheal_sg	19835424
all_dm6_minus_tracheal_sg	19835425
all_dm6_minus_tracheal_sg	19835426
all_dm6_minus_tracheal_sg	19835427
all_dm6_minus_tracheal_sg	19835428
all_dm6_minus_tracheal_sg	19835429
all_dm6_minus_tracheal_sg	19835430
all_dm6_minus_tracheal_sg	19835431
all_dm6_minus_tracheal_sg	19835432
all_dm6_minus_tracheal_sg	19835433
all_dm6_minus_tracheal_sg	19835434
all_dm6_minus_tracheal_sg	19835435
all_dm6_minus_tracheal_sg	19835436
all_dm6_minus_tracheal_sg	19835437
all_dm6_minus_tracheal_sg	19835438
all_dm6_minus_tracheal_sg	19835439
all_dm6_minus_tracheal_sg	19835440
all_dm6_minus_tracheal_sg	19835441
all_dm6_minus_tracheal_sg	19835442
all_dm6_minus_tracheal_sg	19835443
all_dm6_minus_tracheal_sg	19835444
all_dm6_minus_tracheal_sg	19835445
all_dm6_minus_tracheal_sg	19835446
all_dm6_minus_tracheal_sg	19835447
all_dm6_minus_tracheal_sg	19835448
all_dm6_minus_tracheal_sg	19835449
all_dm6_minus_tracheal_sg	19835450
all_dm6_minus_tracheal_sg	19835451
all_dm6_minus_tracheal_sg	19835452
all_dm6_minus_tracheal_sg	19835453
all_dm6_minus_tracheal_sg	19835454
all_dm6_minus_tracheal_sg	19835455
all_dm6_minus_tracheal_sg	19835456
all_dm6_minus_tracheal_sg	19835457
all_dm6_minus_tracheal_sg	19835458
all_dm6_minus_tracheal_sg	19835459
all_dm6_minus_tracheal_sg	19835460
all_dm6_minus_tracheal_sg	19835461
all_dm6_minus_tracheal_sg	19835462
all_dm6_minus_tracheal_sg	19835463
all_dm6_minus_tracheal_sg	19835464
all_dm6_minus_tracheal_sg	19835465
all_dm6_minus_tracheal_sg	19835466
all_dm6_minus_tracheal_sg	19835467
all_dm6_minus_tracheal_sg	19835468
all_dm6_minus_tracheal_sg	19835469
all_dm6_minus_tracheal_sg	19835470
all_dm6_minus_tracheal_sg	19835471
all_dm6_minus_tracheal_sg	19835472
all_dm6_minus_tracheal_sg	19835473
all_dm6_minus_tracheal_sg	19835474
all_dm6_minus_tracheal_sg	19835475
all_dm6_minus_tracheal_sg	19835476
all_dm6_minus_tracheal_sg	19835477
all_dm6_minus_tracheal_sg	19835478
all_dm6_minus_tracheal_sg	19835479
all_dm6_minus_tracheal_sg	19835480
all_dm6_minus_tracheal_sg	19835481
all_dm6_minus_tracheal_sg	19835482
all_dm6_minus_tracheal_sg	19835483
all_dm6_minus_tracheal_sg	19835484
all_dm6_minus_tracheal_sg	19835485
all_dm6_minus_tracheal_sg	19835486
all_dm6_minus_tracheal_sg	19835487
all_dm6_minus_tracheal_sg	19835488
all_dm6_minus_tracheal_sg	19835489
all_dm6_minus_tracheal_sg	19835490
all_dm6_minus_tracheal_sg	19835491
all_dm6_minus_tracheal_sg	19835492
all_dm6_minus_tracheal_sg	19835493
all_dm6_minus_tracheal_sg	19835494
all_dm6_minus_tracheal_sg	19835495
all_dm6_minus_tracheal_sg	19835496
all_dm6_minus_tracheal_sg	19835497
all_dm6_minus_tracheal_sg	19835498
all_dm6_minus_tracheal_sg	19835499
all_dm6_minus_tracheal_sg	19835500
all_dm6_minus_tracheal_sg	19835501
all_dm6_minus_tracheal_sg	19835502
all_dm6_minus_tracheal_sg	19835503
all_dm6_minus_tracheal_sg	19835505
all_dm6_minus_tracheal_sg	19835506
all_dm6_minus_tracheal_sg	19835507
all_dm6_minus_tracheal_sg	19835508
all_dm6_minus_tracheal_sg	19835509
all_dm6_minus_tracheal_sg	19835510
all_dm6_minus_tracheal_sg	19835511
all_dm6_minus_tracheal_sg	19835512
all_dm6_minus_tracheal_sg	19835513
all_dm6_minus_tracheal_sg	19835514
all_dm6_minus_tracheal_sg	19835515
all_dm6_minus_tracheal_sg	19835516
all_dm6_minus_tracheal_sg	19835517
all_dm6_minus_tracheal_sg	19835518
all_dm6_minus_tracheal_sg	19835519
all_dm6_minus_tracheal_sg	19835520
all_dm6_minus_tracheal_sg	19835521
all_dm6_minus_tracheal_sg	19835522
all_dm6_minus_tracheal_sg	19835523
all_dm6_minus_tracheal_sg	19835524
all_dm6_minus_tracheal_sg	19835525
all_dm6_minus_tracheal_sg	19835526
all_dm6_minus_tracheal_sg	19835527
all_dm6_minus_tracheal_sg	19835528
all_dm6_minus_tracheal_sg	19835529
all_dm6_minus_tracheal_sg	19835530
all_dm6_minus_tracheal_sg	19835531
all_dm6_minus_tracheal_sg	19835532
all_dm6_minus_tracheal_sg	19835533
all_dm6_minus_tracheal_sg	19835534
all_dm6_minus_tracheal_sg	19835535
all_dm6_minus_tracheal_sg	19835536
all_dm6_minus_tracheal_sg	19835537
all_dm6_minus_tracheal_sg	19835538
all_dm6_minus_tracheal_sg	19835539
all_dm6_minus_tracheal_sg	19835540
all_dm6_minus_tracheal_sg	19835541
all_dm6_minus_tracheal_sg	19835542
all_dm6_minus_tracheal_sg	19835543
all_dm6_minus_tracheal_sg	19835544
all_dm6_minus_tracheal_sg	19835545
all_dm6_minus_tracheal_sg	19835546
all_dm6_minus_tracheal_sg	19835547
all_dm6_minus_tracheal_sg	19835548
all_dm6_minus_tracheal_sg	19835549
all_dm6_minus_tracheal_sg	19835550
all_dm6_minus_tracheal_sg	19835551
all_dm6_minus_tracheal_sg	19835552
all_dm6_minus_tracheal_sg	19835553
all_dm6_minus_tracheal_sg	19835554
all_dm6_minus_tracheal_sg	19835555
all_dm6_minus_tracheal_sg	19835556
all_dm6_minus_tracheal_sg	19835557
all_dm6_minus_tracheal_sg	19835558
all_dm6_minus_tracheal_sg	19835559
all_dm6_minus_tracheal_sg	19835560
all_dm6_minus_tracheal_sg	19835561
all_dm6_minus_tracheal_sg	19835562
all_dm6_minus_tracheal_sg	19835563
all_dm6_minus_tracheal_sg	19835564
all_dm6_minus_tracheal_sg	19835565
all_dm6_minus_tracheal_sg	19835566
all_dm6_minus_tracheal_sg	19835567
all_dm6_minus_tracheal_sg	19835568
all_dm6_minus_tracheal_sg	19835569
all_dm6_minus_tracheal_sg	19835570
all_dm6_minus_tracheal_sg	19835571
all_dm6_minus_tracheal_sg	19835572
all_dm6_minus_tracheal_sg	19835573
all_dm6_minus_tracheal_sg	19835574
all_dm6_minus_tracheal_sg	19835575
all_dm6_minus_tracheal_sg	19835576
all_dm6_minus_tracheal_sg	19835577
all_dm6_minus_tracheal_sg	19835578
all_dm6_minus_tracheal_sg	19835579
all_dm6_minus_tracheal_sg	19835580
all_dm6_minus_tracheal_sg	19835581
all_dm6_minus_tracheal_sg	19835582
all_dm6_minus_tracheal_sg	19835583
all_dm6_minus_tracheal_sg	19835584
all_dm6_minus_tracheal_sg	19835585
all_dm6_minus_tracheal_sg	19835586
all_dm6_minus_tracheal_sg	19835587
all_dm6_minus_tracheal_sg	19835588
all_dm6_minus_tracheal_sg	19835589
all_dm6_minus_tracheal_sg	19835590
all_dm6_minus_tracheal_sg	19835591
all_dm6_minus_tracheal_sg	19835592
all_dm6_minus_tracheal_sg	19835593
all_dm6_minus_tracheal_sg	19835594
all_dm6_minus_tracheal_sg	19835595
all_dm6_minus_tracheal_sg	19835596
all_dm6_minus_tracheal_sg	19835597
all_dm6_minus_tracheal_sg	19835598
all_dm6_minus_tracheal_sg	19835599
all_dm6_minus_tracheal_sg	19835600
all_dm6_minus_tracheal_sg	19835601
all_dm6_minus_tracheal_sg	19835602
all_dm6_minus_tracheal_sg	19835603
all_dm6_minus_tracheal_sg	19835604
all_dm6_minus_tracheal_sg	19835605
all_dm6_minus_tracheal_sg	19835606
all_dm6_minus_tracheal_sg	19835607
all_dm6_minus_tracheal_sg	19835608
all_dm6_minus_tracheal_sg	19835609
all_dm6_minus_tracheal_sg	19835610
all_dm6_minus_tracheal_sg	19835611
all_dm6_minus_tracheal_sg	19835612
all_dm6_minus_tracheal_sg	19835613
all_dm6_minus_tracheal_sg	19835614
all_dm6_minus_tracheal_sg	19835615
all_dm6_minus_tracheal_sg	19835616
all_dm6_minus_tracheal_sg	19835617
all_dm6_minus_tracheal_sg	19835618
all_dm6_minus_tracheal_sg	19835619
all_dm6_minus_tracheal_sg	19835620
all_dm6_minus_tracheal_sg	19835621
all_dm6_minus_tracheal_sg	19835622
all_dm6_minus_tracheal_sg	19835623
all_dm6_minus_tracheal_sg	19835624
all_dm6_minus_tracheal_sg	19835625
all_dm6_minus_tracheal_sg	19835626
all_dm6_minus_tracheal_sg	19835627
all_dm6_minus_tracheal_sg	19835628
all_dm6_minus_tracheal_sg	19835629
all_dm6_minus_tracheal_sg	19835630
all_dm6_minus_tracheal_sg	19835631
all_dm6_minus_tracheal_sg	19835632
all_dm6_minus_tracheal_sg	19835633
all_dm6_minus_tracheal_sg	19835634
all_dm6_minus_tracheal_sg	19835635
all_dm6_minus_tracheal_sg	19835636
all_dm6_minus_tracheal_sg	19835637
all_dm6_minus_tracheal_sg	19835638
all_dm6_minus_tracheal_sg	19835639
all_dm6_minus_tracheal_sg	19835640
all_dm6_minus_tracheal_sg	19835641
all_dm6_minus_tracheal_sg	19835642
all_dm6_minus_tracheal_sg	19835643
all_dm6_minus_tracheal_sg	19835644
all_dm6_minus_tracheal_sg	19835645
all_dm6_minus_tracheal_sg	19835646
all_dm6_minus_tracheal_sg	19835647
all_dm6_minus_tracheal_sg	19835648
all_dm6_minus_tracheal_sg	19835649
all_dm6_minus_tracheal_sg	19835650
all_dm6_minus_tracheal_sg	19835651
all_dm6_minus_tracheal_sg	19835652
all_dm6_minus_tracheal_sg	19835653
all_dm6_minus_tracheal_sg	19835654
all_dm6_minus_tracheal_sg	19835655
all_dm6_minus_tracheal_sg	19835656
all_dm6_minus_tracheal_sg	19835657
all_dm6_minus_tracheal_sg	19835658
all_dm6_minus_tracheal_sg	19835659
all_dm6_minus_tracheal_sg	19835660
all_dm6_minus_tracheal_sg	19835661
all_dm6_minus_tracheal_sg	19835662
all_dm6_minus_tracheal_sg	19835663
all_dm6_minus_tracheal_sg	19835664
all_dm6_minus_tracheal_sg	19835665
all_dm6_minus_tracheal_sg	19835666
all_dm6_minus_tracheal_sg	19835667
all_dm6_minus_tracheal_sg	19835668
all_dm6_minus_tracheal_sg	19835669
all_dm6_minus_tracheal_sg	19835670
all_dm6_minus_tracheal_sg	19835671
all_dm6_minus_tracheal_sg	19835672
all_dm6_minus_tracheal_sg	19835673
all_dm6_minus_tracheal_sg	19835674
all_dm6_minus_tracheal_sg	19835675
all_dm6_minus_tracheal_sg	19835676
all_dm6_minus_tracheal_sg	19835677
all_dm6_minus_tracheal_sg	19835678
all_dm6_minus_tracheal_sg	19835679
all_dm6_minus_tracheal_sg	19835680
all_dm6_minus_tracheal_sg	19835681
all_dm6_minus_tracheal_sg	19835682
all_dm6_minus_tracheal_sg	19835683
all_dm6_minus_tracheal_sg	19835684
all_dm6_minus_tracheal_sg	19835685
all_dm6_minus_tracheal_sg	19835686
all_dm6_minus_tracheal_sg	19835687
all_dm6_minus_tracheal_sg	19835688
all_dm6_minus_tracheal_sg	19835689
all_dm6_minus_tracheal_sg	19835690
all_dm6_minus_tracheal_sg	19835691
all_dm6_minus_tracheal_sg	19835692
all_dm6_minus_tracheal_sg	19835693
all_dm6_minus_tracheal_sg	19835694
all_dm6_minus_tracheal_sg	19835695
all_dm6_minus_tracheal_sg	19835696
all_dm6_minus_tracheal_sg	19835697
all_dm6_minus_tracheal_sg	19835698
all_dm6_minus_tracheal_sg	19835699
all_dm6_minus_tracheal_sg	19835700
all_dm6_minus_tracheal_sg	19835701
all_dm6_minus_tracheal_sg	19835702
all_dm6_minus_tracheal_sg	19835703
all_dm6_minus_tracheal_sg	19835704
all_dm6_minus_tracheal_sg	19835705
all_dm6_minus_tracheal_sg	19835706
all_dm6_minus_tracheal_sg	19835707
all_dm6_minus_tracheal_sg	19835708
all_dm6_minus_tracheal_sg	19835709
all_dm6_minus_tracheal_sg	19835710
all_dm6_minus_tracheal_sg	19835711
all_dm6_minus_tracheal_sg	19835712
all_dm6_minus_tracheal_sg	19835713
all_dm6_minus_tracheal_sg	19835714
all_dm6_minus_tracheal_sg	19835715
all_dm6_minus_tracheal_sg	19835716
all_dm6_minus_tracheal_sg	19835717
all_dm6_minus_tracheal_sg	19835718
all_dm6_minus_tracheal_sg	19835719
all_dm6_minus_tracheal_sg	19835720
all_dm6_minus_tracheal_sg	19835721
all_dm6_minus_tracheal_sg	19835722
all_dm6_minus_tracheal_sg	19835723
all_dm6_minus_tracheal_sg	19835724
all_dm6_minus_tracheal_sg	19835725
all_dm6_minus_tracheal_sg	19835726
all_dm6_minus_tracheal_sg	19835727
all_dm6_minus_tracheal_sg	19835728
all_dm6_minus_tracheal_sg	19835729
all_dm6_minus_tracheal_sg	19835730
all_dm6_minus_tracheal_sg	19835731
all_dm6_minus_tracheal_sg	19835732
all_dm6_minus_tracheal_sg	19835733
all_dm6_minus_tracheal_sg	19835734
all_dm6_minus_tracheal_sg	19835735
all_dm6_minus_tracheal_sg	19835736
all_dm6_minus_tracheal_sg	19835737
all_dm6_minus_tracheal_sg	19835738
all_dm6_minus_tracheal_sg	19835739
all_dm6_minus_tracheal_sg	19835741
all_dm6_minus_tracheal_sg	19835742
all_dm6_minus_tracheal_sg	19835743
all_dm6_minus_tracheal_sg	19835744
all_dm6_minus_tracheal_sg	19835745
all_dm6_minus_tracheal_sg	19835746
all_dm6_minus_tracheal_sg	19835747
all_dm6_minus_tracheal_sg	19835748
all_dm6_minus_tracheal_sg	19835749
all_dm6_minus_tracheal_sg	19835750
all_dm6_minus_tracheal_sg	19835751
all_dm6_minus_tracheal_sg	19835752
all_dm6_minus_tracheal_sg	19835753
all_dm6_minus_tracheal_sg	19835754
all_dm6_minus_tracheal_sg	19835755
all_dm6_minus_tracheal_sg	19835756
all_dm6_minus_tracheal_sg	19835757
all_dm6_minus_tracheal_sg	19835758
all_dm6_minus_tracheal_sg	19835759
all_dm6_minus_tracheal_sg	19835760
all_dm6_minus_tracheal_sg	19835761
all_dm6_minus_tracheal_sg	19835762
all_dm6_minus_tracheal_sg	19835763
all_dm6_minus_tracheal_sg	19835764
all_dm6_minus_tracheal_sg	19835765
all_dm6_minus_tracheal_sg	19835766
all_dm6_minus_tracheal_sg	19835767
all_dm6_minus_tracheal_sg	19835768
all_dm6_minus_tracheal_sg	19835769
all_dm6_minus_tracheal_sg	19835770
all_dm6_minus_tracheal_sg	19835771
all_dm6_minus_tracheal_sg	19835772
all_dm6_minus_tracheal_sg	19835773
all_dm6_minus_tracheal_sg	19835774
all_dm6_minus_tracheal_sg	19835775
all_dm6_minus_tracheal_sg	19835776
all_dm6_minus_tracheal_sg	19835777
all_dm6_minus_tracheal_sg	19835778
all_dm6_minus_tracheal_sg	19835779
all_dm6_minus_tracheal_sg	19835780
all_dm6_minus_tracheal_sg	19835781
all_dm6_minus_tracheal_sg	19835782
all_dm6_minus_tracheal_sg	19835783
all_dm6_minus_tracheal_sg	19835784
all_dm6_minus_tracheal_sg	19835785
all_dm6_minus_tracheal_sg	19835786
all_dm6_minus_tracheal_sg	19835787
all_dm6_minus_tracheal_sg	19835788
all_dm6_minus_tracheal_sg	19835789
all_dm6_minus_tracheal_sg	19835790
all_dm6_minus_tracheal_sg	19835791
all_dm6_minus_tracheal_sg	19835792
all_dm6_minus_tracheal_sg	19835793
all_dm6_minus_tracheal_sg	19835794
all_dm6_minus_tracheal_sg	19835796
all_dm6_minus_tracheal_sg	19835797
all_dm6_minus_tracheal_sg	19835798
all_dm6_minus_tracheal_sg	19835799
all_dm6_minus_tracheal_sg	19835800
all_dm6_minus_tracheal_sg	19835801
all_dm6_minus_tracheal_sg	19835802
all_dm6_minus_tracheal_sg	19835803
all_dm6_minus_tracheal_sg	19835804
all_dm6_minus_tracheal_sg	19835805
all_dm6_minus_tracheal_sg	19835806
all_dm6_minus_tracheal_sg	19835807
all_dm6_minus_tracheal_sg	19835808
all_dm6_minus_tracheal_sg	19835809
all_dm6_minus_tracheal_sg	19835810
all_dm6_minus_tracheal_sg	19835811
all_dm6_minus_tracheal_sg	19835812
all_dm6_minus_tracheal_sg	19835813
all_dm6_minus_tracheal_sg	19835814
all_dm6_minus_tracheal_sg	19835815
all_dm6_minus_tracheal_sg	19835816
all_dm6_minus_tracheal_sg	19835817
all_dm6_minus_tracheal_sg	19835818
all_dm6_minus_tracheal_sg	19835819
all_dm6_minus_tracheal_sg	19835820
all_dm6_minus_tracheal_sg	19835821
all_dm6_minus_tracheal_sg	19835822
all_dm6_minus_tracheal_sg	19835823
all_dm6_minus_tracheal_sg	19835824
all_dm6_minus_tracheal_sg	19835825
all_dm6_minus_tracheal_sg	19835826
all_dm6_minus_tracheal_sg	19835827
all_dm6_minus_tracheal_sg	19835828
all_dm6_minus_tracheal_sg	19835829
all_dm6_minus_tracheal_sg	19835830
all_dm6_minus_tracheal_sg	19835831
all_dm6_minus_tracheal_sg	19835832
all_dm6_minus_tracheal_sg	19835833
all_dm6_minus_tracheal_sg	19835834
all_dm6_minus_tracheal_sg	19835835
all_dm6_minus_tracheal_sg	19835836
all_dm6_minus_tracheal_sg	19835837
all_dm6_minus_tracheal_sg	19835838
all_dm6_minus_tracheal_sg	19835839
all_dm6_minus_tracheal_sg	19835840
all_dm6_minus_tracheal_sg	19835841
all_dm6_minus_tracheal_sg	19835842
all_dm6_minus_tracheal_sg	19835843
all_dm6_minus_tracheal_sg	19835844
all_dm6_minus_tracheal_sg	19835845
all_dm6_minus_tracheal_sg	19835846
all_dm6_minus_tracheal_sg	19835847
all_dm6_minus_tracheal_sg	19835848
all_dm6_minus_tracheal_sg	19835849
all_dm6_minus_tracheal_sg	19835850
all_dm6_minus_tracheal_sg	19835851
all_dm6_minus_tracheal_sg	19835852
all_dm6_minus_tracheal_sg	19835853
all_dm6_minus_tracheal_sg	19835854
all_dm6_minus_tracheal_sg	19835855
all_dm6_minus_tracheal_sg	19835856
all_dm6_minus_tracheal_sg	19835857
all_dm6_minus_tracheal_sg	19835858
all_dm6_minus_tracheal_sg	19835859
all_dm6_minus_tracheal_sg	19835860
all_dm6_minus_tracheal_sg	19835861
all_dm6_minus_tracheal_sg	19835862
all_dm6_minus_tracheal_sg	19835863
all_dm6_minus_tracheal_sg	19835864
all_dm6_minus_tracheal_sg	19835866
all_dm6_minus_tracheal_sg	19835867
all_dm6_minus_tracheal_sg	19835868
all_dm6_minus_tracheal_sg	19835869
all_dm6_minus_tracheal_sg	19835870
all_dm6_minus_tracheal_sg	19835871
all_dm6_minus_tracheal_sg	19835872
all_dm6_minus_tracheal_sg	19835873
all_dm6_minus_tracheal_sg	19835874
all_dm6_minus_tracheal_sg	19835875
all_dm6_minus_tracheal_sg	19835876
all_dm6_minus_tracheal_sg	19835877
all_dm6_minus_tracheal_sg	19835878
all_dm6_minus_tracheal_sg	19835879
all_dm6_minus_tracheal_sg	19835880
all_dm6_minus_tracheal_sg	19835881
all_dm6_minus_tracheal_sg	19835882
all_dm6_minus_tracheal_sg	19835883
all_dm6_minus_tracheal_sg	19835884
all_dm6_minus_tracheal_sg	19835885
all_dm6_minus_tracheal_sg	19835886
all_dm6_minus_tracheal_sg	19835887
all_dm6_minus_tracheal_sg	19835888
all_dm6_minus_tracheal_sg	19835889
all_dm6_minus_tracheal_sg	19835890
all_dm6_minus_tracheal_sg	19835891
all_dm6_minus_tracheal_sg	19835892
all_dm6_minus_tracheal_sg	19835893
all_dm6_minus_tracheal_sg	19835894
all_dm6_minus_tracheal_sg	19835895
all_dm6_minus_tracheal_sg	19835896
all_dm6_minus_tracheal_sg	19835897
all_dm6_minus_tracheal_sg	19835898
all_dm6_minus_tracheal_sg	19835899
all_dm6_minus_tracheal_sg	19835900
all_dm6_minus_tracheal_sg	19835901
all_dm6_minus_tracheal_sg	19835902
all_dm6_minus_tracheal_sg	19835903
all_dm6_minus_tracheal_sg	19835904
all_dm6_minus_tracheal_sg	19835905
all_dm6_minus_tracheal_sg	19835906
all_dm6_minus_tracheal_sg	19835907
all_dm6_minus_tracheal_sg	19835909
all_dm6_minus_tracheal_sg	19835910
all_dm6_minus_tracheal_sg	19835911
all_dm6_minus_tracheal_sg	19835912
all_dm6_minus_tracheal_sg	19835913
all_dm6_minus_tracheal_sg	19835914
all_dm6_minus_tracheal_sg	19835915
all_dm6_minus_tracheal_sg	19835916
all_dm6_minus_tracheal_sg	19835917
all_dm6_minus_tracheal_sg	19835918
all_dm6_minus_tracheal_sg	19835919
all_dm6_minus_tracheal_sg	19835920
all_dm6_minus_tracheal_sg	19835921
all_dm6_minus_tracheal_sg	19835922
all_dm6_minus_tracheal_sg	19835923
all_dm6_minus_tracheal_sg	19835924
all_dm6_minus_tracheal_sg	19835925
all_dm6_minus_tracheal_sg	19835926
all_dm6_minus_tracheal_sg	19835927
all_dm6_minus_tracheal_sg	19835928
all_dm6_minus_tracheal_sg	19835929
all_dm6_minus_tracheal_sg	19835930
all_dm6_minus_tracheal_sg	19835931
all_dm6_minus_tracheal_sg	19835932
all_dm6_minus_tracheal_sg	19835933
all_dm6_minus_tracheal_sg	19835934
all_dm6_minus_tracheal_sg	19835935
all_dm6_minus_tracheal_sg	19835936
all_dm6_minus_tracheal_sg	19835937
all_dm6_minus_tracheal_sg	19835938
all_dm6_minus_tracheal_sg	19835939
all_dm6_minus_tracheal_sg	19835940
all_dm6_minus_tracheal_sg	19835941
all_dm6_minus_tracheal_sg	19835943
all_dm6_minus_tracheal_sg	19835944
all_dm6_minus_tracheal_sg	19835945
all_dm6_minus_tracheal_sg	19835946
all_dm6_minus_tracheal_sg	19835947
all_dm6_minus_tracheal_sg	19835948
all_dm6_minus_tracheal_sg	19835949
all_dm6_minus_tracheal_sg	19835950
all_dm6_minus_tracheal_sg	19835951
all_dm6_minus_tracheal_sg	19835952
all_dm6_minus_tracheal_sg	19835953
all_dm6_minus_tracheal_sg	19835954
all_dm6_minus_tracheal_sg	19835955
all_dm6_minus_tracheal_sg	19835956
all_dm6_minus_tracheal_sg	19835957
all_dm6_minus_tracheal_sg	19835958
all_dm6_minus_tracheal_sg	19835959
all_dm6_minus_tracheal_sg	19835960
all_dm6_minus_tracheal_sg	19835961
all_dm6_minus_tracheal_sg	19835962
all_dm6_minus_tracheal_sg	19835963
all_dm6_minus_tracheal_sg	19835964
all_dm6_minus_tracheal_sg	19835965
all_dm6_minus_tracheal_sg	19835966
all_dm6_minus_tracheal_sg	19835967
all_dm6_minus_tracheal_sg	19835968
all_dm6_minus_tracheal_sg	19835969
all_dm6_minus_tracheal_sg	19835970
all_dm6_minus_tracheal_sg	19835971
all_dm6_minus_tracheal_sg	19835972
all_dm6_minus_tracheal_sg	19835973
all_dm6_minus_tracheal_sg	19835974
all_dm6_minus_tracheal_sg	19835975
all_dm6_minus_tracheal_sg	19835976
all_dm6_minus_tracheal_sg	19835977
all_dm6_minus_tracheal_sg	19835978
all_dm6_minus_tracheal_sg	19835979
all_dm6_minus_tracheal_sg	19835980
all_dm6_minus_tracheal_sg	19835981
all_dm6_minus_tracheal_sg	19835982
all_dm6_minus_tracheal_sg	19835983
all_dm6_minus_tracheal_sg	19835984
all_dm6_minus_tracheal_sg	19835985
all_dm6_minus_tracheal_sg	19835986
all_dm6_minus_tracheal_sg	19835987
all_dm6_minus_tracheal_sg	19835988
all_dm6_minus_tracheal_sg	19835989
all_dm6_minus_tracheal_sg	19835990
all_dm6_minus_tracheal_sg	19835991
all_dm6_minus_tracheal_sg	19835992
all_dm6_minus_tracheal_sg	19835993
all_dm6_minus_tracheal_sg	19835994
all_dm6_minus_tracheal_sg	19835995
all_dm6_minus_tracheal_sg	19835996
all_dm6_minus_tracheal_sg	19835997
all_dm6_minus_tracheal_sg	19835998
all_dm6_minus_tracheal_sg	19835999
all_dm6_minus_tracheal_sg	19836000
all_dm6_minus_tracheal_sg	19836001
all_dm6_minus_tracheal_sg	19836002
all_dm6_minus_tracheal_sg	19836003
all_dm6_minus_tracheal_sg	19836004
all_dm6_minus_tracheal_sg	19836005
all_dm6_minus_tracheal_sg	19836006
all_dm6_minus_tracheal_sg	19836007
all_dm6_minus_tracheal_sg	19836008
all_dm6_minus_tracheal_sg	19836009
all_dm6_minus_tracheal_sg	19836010
all_dm6_minus_tracheal_sg	19836011
all_dm6_minus_tracheal_sg	19836012
all_dm6_minus_tracheal_sg	19836013
all_dm6_minus_tracheal_sg	19836014
all_dm6_minus_tracheal_sg	19836015
all_dm6_minus_tracheal_sg	19836016
all_dm6_minus_tracheal_sg	19836017
all_dm6_minus_tracheal_sg	19836018
all_dm6_minus_tracheal_sg	19836019
all_dm6_minus_tracheal_sg	19836020
all_dm6_minus_tracheal_sg	19836021
all_dm6_minus_tracheal_sg	19836022
all_dm6_minus_tracheal_sg	19836023
all_dm6_minus_tracheal_sg	19836024
all_dm6_minus_tracheal_sg	19836025
all_dm6_minus_tracheal_sg	19836026
all_dm6_minus_tracheal_sg	19836027
all_dm6_minus_tracheal_sg	19836028
all_dm6_minus_tracheal_sg	19836029
all_dm6_minus_tracheal_sg	19836030
all_dm6_minus_tracheal_sg	19836031
all_dm6_minus_tracheal_sg	19836032
all_dm6_minus_tracheal_sg	19836033
all_dm6_minus_tracheal_sg	19836034
all_dm6_minus_tracheal_sg	19836035
all_dm6_minus_tracheal_sg	19836036
all_dm6_minus_tracheal_sg	19836037
all_dm6_minus_tracheal_sg	19836038
all_dm6_minus_tracheal_sg	19836039
all_dm6_minus_tracheal_sg	19836040
all_dm6_minus_tracheal_sg	19836041
all_dm6_minus_tracheal_sg	19836042
all_dm6_minus_tracheal_sg	19836043
all_dm6_minus_tracheal_sg	19836044
all_dm6_minus_tracheal_sg	19836046
all_dm6_minus_tracheal_sg	19836047
all_dm6_minus_tracheal_sg	19836048
all_dm6_minus_tracheal_sg	19836049
all_dm6_minus_tracheal_sg	19836050
all_dm6_minus_tracheal_sg	19836051
all_dm6_minus_tracheal_sg	19836052
all_dm6_minus_tracheal_sg	19836053
all_dm6_minus_tracheal_sg	19836054
all_dm6_minus_tracheal_sg	19836055
all_dm6_minus_tracheal_sg	19836056
all_dm6_minus_tracheal_sg	19836057
all_dm6_minus_tracheal_sg	19836058
all_dm6_minus_tracheal_sg	19836059
all_dm6_minus_tracheal_sg	19836060
all_dm6_minus_tracheal_sg	19836061
all_dm6_minus_tracheal_sg	19836062
all_dm6_minus_tracheal_sg	19836063
all_dm6_minus_tracheal_sg	19836064
all_dm6_minus_tracheal_sg	19836065
all_dm6_minus_tracheal_sg	19836066
all_dm6_minus_tracheal_sg	19836067
all_dm6_minus_tracheal_sg	19836068
all_dm6_minus_tracheal_sg	19836069
all_dm6_minus_tracheal_sg	19836070
all_dm6_minus_tracheal_sg	19836071
all_dm6_minus_tracheal_sg	19836072
all_dm6_minus_tracheal_sg	19836073
all_dm6_minus_tracheal_sg	19836074
all_dm6_minus_tracheal_sg	19836075
all_dm6_minus_tracheal_sg	19836076
all_dm6_minus_tracheal_sg	19836077
all_dm6_minus_tracheal_sg	19836078
all_dm6_minus_tracheal_sg	19836079
all_dm6_minus_tracheal_sg	19836080
all_dm6_minus_tracheal_sg	19836081
all_dm6_minus_tracheal_sg	19836082
all_dm6_minus_tracheal_sg	19836083
all_dm6_minus_tracheal_sg	19836084
all_dm6_minus_tracheal_sg	19836085
all_dm6_minus_tracheal_sg	19836086
all_dm6_minus_tracheal_sg	19836087
all_dm6_minus_tracheal_sg	19836088
all_dm6_minus_tracheal_sg	19836089
all_dm6_minus_tracheal_sg	19836090
all_dm6_minus_tracheal_sg	19836091
all_dm6_minus_tracheal_sg	19836092
all_dm6_minus_tracheal_sg	19836093
all_dm6_minus_tracheal_sg	19836094
all_dm6_minus_tracheal_sg	19836095
all_dm6_minus_tracheal_sg	19836096
all_dm6_minus_tracheal_sg	19836097
all_dm6_minus_tracheal_sg	19836098
all_dm6_minus_tracheal_sg	19836099
all_dm6_minus_tracheal_sg	19836100
all_dm6_minus_tracheal_sg	19836101
all_dm6_minus_tracheal_sg	19836102
all_dm6_minus_tracheal_sg	19836103
all_dm6_minus_tracheal_sg	19836104
all_dm6_minus_tracheal_sg	19836105
all_dm6_minus_tracheal_sg	19836106
all_dm6_minus_tracheal_sg	19836107
all_dm6_minus_tracheal_sg	19836108
all_dm6_minus_tracheal_sg	19836109
all_dm6_minus_tracheal_sg	19836110
all_dm6_minus_tracheal_sg	19836111
all_dm6_minus_tracheal_sg	19836112
all_dm6_minus_tracheal_sg	19836113
all_dm6_minus_tracheal_sg	19836114
all_dm6_minus_tracheal_sg	19836117
all_dm6_minus_tracheal_sg	19836118
all_dm6_minus_tracheal_sg	19836119
all_dm6_minus_tracheal_sg	19836120
all_dm6_minus_tracheal_sg	19836121
all_dm6_minus_tracheal_sg	19836122
all_dm6_minus_tracheal_sg	19836123
all_dm6_minus_tracheal_sg	19836124
all_dm6_minus_tracheal_sg	19836125
all_dm6_minus_tracheal_sg	19836126
all_dm6_minus_tracheal_sg	19836127
all_dm6_minus_tracheal_sg	19836129
all_dm6_minus_tracheal_sg	19836130
all_dm6_minus_tracheal_sg	19836131
all_dm6_minus_tracheal_sg	19836132
all_dm6_minus_tracheal_sg	19836133
all_dm6_minus_tracheal_sg	19836134
all_dm6_minus_tracheal_sg	19836135
all_dm6_minus_tracheal_sg	19836136
all_dm6_minus_tracheal_sg	19836137
all_dm6_minus_tracheal_sg	19836138
all_dm6_minus_tracheal_sg	19836139
all_dm6_minus_tracheal_sg	19836140
all_dm6_minus_tracheal_sg	19836141
all_dm6_minus_tracheal_sg	19836142
all_dm6_minus_tracheal_sg	19836143
all_dm6_minus_tracheal_sg	19836144
all_dm6_minus_tracheal_sg	19836145
all_dm6_minus_tracheal_sg	19836146
all_dm6_minus_tracheal_sg	19836147
all_dm6_minus_tracheal_sg	19836148
all_dm6_minus_tracheal_sg	19836149
all_dm6_minus_tracheal_sg	19836150
all_dm6_minus_tracheal_sg	19836151
all_dm6_minus_tracheal_sg	19836152
all_dm6_minus_tracheal_sg	19836153
all_dm6_minus_tracheal_sg	19836154
all_dm6_minus_tracheal_sg	19836155
all_dm6_minus_tracheal_sg	19836156
all_dm6_minus_tracheal_sg	19836157
all_dm6_minus_tracheal_sg	19836158
all_dm6_minus_tracheal_sg	19836159
all_dm6_minus_tracheal_sg	19836160
all_dm6_minus_tracheal_sg	19836161
all_dm6_minus_tracheal_sg	19836162
all_dm6_minus_tracheal_sg	19836163
all_dm6_minus_tracheal_sg	19836164
all_dm6_minus_tracheal_sg	19836165
all_dm6_minus_tracheal_sg	19836167
all_dm6_minus_tracheal_sg	19836168
all_dm6_minus_tracheal_sg	19836169
all_dm6_minus_tracheal_sg	19836170
all_dm6_minus_tracheal_sg	19836171
all_dm6_minus_tracheal_sg	19836172
all_dm6_minus_tracheal_sg	19836173
all_dm6_minus_tracheal_sg	19836174
all_dm6_minus_tracheal_sg	19836176
all_dm6_minus_tracheal_sg	19836177
all_dm6_minus_tracheal_sg	19836178
all_dm6_minus_tracheal_sg	19836179
all_dm6_minus_tracheal_sg	19836180
all_dm6_minus_tracheal_sg	19836181
all_dm6_minus_tracheal_sg	19836182
all_dm6_minus_tracheal_sg	19836183
all_dm6_minus_tracheal_sg	19836184
all_dm6_minus_tracheal_sg	19836185
all_dm6_minus_tracheal_sg	19836186
all_dm6_minus_tracheal_sg	19836187
all_dm6_minus_tracheal_sg	19836188
all_dm6_minus_tracheal_sg	19836189
all_dm6_minus_tracheal_sg	19836190
all_dm6_minus_tracheal_sg	19836191
all_dm6_minus_tracheal_sg	19836193
all_dm6_minus_tracheal_sg	19836194
all_dm6_minus_tracheal_sg	19836195
all_dm6_minus_tracheal_sg	19836196
all_dm6_minus_tracheal_sg	19836197
all_dm6_minus_tracheal_sg	19836198
all_dm6_minus_tracheal_sg	19836199
all_dm6_minus_tracheal_sg	19836200
all_dm6_minus_tracheal_sg	19836201
all_dm6_minus_tracheal_sg	19836202
all_dm6_minus_tracheal_sg	19836203
all_dm6_minus_tracheal_sg	19836204
all_dm6_minus_tracheal_sg	19836205
all_dm6_minus_tracheal_sg	19836206
all_dm6_minus_tracheal_sg	19836207
all_dm6_minus_tracheal_sg	19836208
all_dm6_minus_tracheal_sg	19836209
all_dm6_minus_tracheal_sg	19836210
all_dm6_minus_tracheal_sg	19836211
all_dm6_minus_tracheal_sg	19836212
all_dm6_minus_tracheal_sg	19836213
all_dm6_minus_tracheal_sg	19836214
all_dm6_minus_tracheal_sg	19836215
all_dm6_minus_tracheal_sg	19836216
all_dm6_minus_tracheal_sg	19836217
all_dm6_minus_tracheal_sg	19836218
all_dm6_minus_tracheal_sg	19836219
all_dm6_minus_tracheal_sg	19836220
all_dm6_minus_tracheal_sg	19836221
all_dm6_minus_tracheal_sg	19836222
all_dm6_minus_tracheal_sg	19836223
all_dm6_minus_tracheal_sg	19836224
all_dm6_minus_tracheal_sg	19836225
all_dm6_minus_tracheal_sg	19836226
all_dm6_minus_tracheal_sg	19836227
all_dm6_minus_tracheal_sg	19836228
all_dm6_minus_tracheal_sg	19836229
all_dm6_minus_tracheal_sg	19836230
all_dm6_minus_tracheal_sg	19836231
all_dm6_minus_tracheal_sg	19836232
all_dm6_minus_tracheal_sg	19836233
all_dm6_minus_tracheal_sg	19836234
all_dm6_minus_tracheal_sg	19836235
all_dm6_minus_tracheal_sg	19836236
all_dm6_minus_tracheal_sg	19836237
all_dm6_minus_tracheal_sg	19836238
all_dm6_minus_tracheal_sg	19836239
all_dm6_minus_tracheal_sg	19836240
all_dm6_minus_tracheal_sg	19836241
all_dm6_minus_tracheal_sg	19836242
all_dm6_minus_tracheal_sg	19836243
all_dm6_minus_tracheal_sg	19836244
all_dm6_minus_tracheal_sg	19836245
all_dm6_minus_tracheal_sg	19836246
all_dm6_minus_tracheal_sg	19836247
all_dm6_minus_tracheal_sg	19836248
all_dm6_minus_tracheal_sg	19836249
all_dm6_minus_tracheal_sg	19836250
all_dm6_minus_tracheal_sg	19836251
all_dm6_minus_tracheal_sg	19836252
all_dm6_minus_tracheal_sg	19836253
all_dm6_minus_tracheal_sg	19836254
all_dm6_minus_tracheal_sg	19836255
all_dm6_minus_tracheal_sg	19836256
all_dm6_minus_tracheal_sg	19836257
all_dm6_minus_tracheal_sg	19836258
all_dm6_minus_tracheal_sg	19893527
all_dm6_minus_tracheal_sg	19893528
all_dm6_minus_tracheal_sg	19893529
all_dm6_minus_tracheal_sg	19893530
all_dm6_minus_tracheal_sg	19893531
all_dm6_minus_tracheal_sg	19893532
all_dm6_minus_tracheal_sg	19893534
all_dm6_minus_tracheal_sg	19893536
all_dm6_minus_tracheal_sg	19893537
all_dm6_minus_tracheal_sg	19893538
all_dm6_minus_tracheal_sg	19893539
all_dm6_minus_tracheal_sg	19893541
all_dm6_minus_tracheal_sg	19893543
all_dm6_minus_tracheal_sg	19893544
all_dm6_minus_tracheal_sg	19893545
all_dm6_minus_tracheal_sg	19893546
all_dm6_minus_tracheal_sg	19893547
all_dm6_minus_tracheal_sg	19893548
all_dm6_minus_tracheal_sg	19893549
all_dm6_minus_tracheal_sg	19893550
all_dm6_minus_tracheal_sg	19893552
all_dm6_minus_tracheal_sg	19893553
all_dm6_minus_tracheal_sg	19893554
all_dm6_minus_tracheal_sg	19893556
all_dm6_minus_tracheal_sg	19893557
all_dm6_minus_tracheal_sg	19893558
all_dm6_minus_tracheal_sg	19893559
all_dm6_minus_tracheal_sg	19893560
all_dm6_minus_tracheal_sg	19893561
all_dm6_minus_tracheal_sg	19893563
all_dm6_minus_tracheal_sg	19988923
all_dm6_minus_tracheal_sg	20520584
all_dm6_minus_tracheal_sg	20520587
all_dm6_minus_tracheal_sg	20520588
all_dm6_minus_tracheal_sg	20520591
all_dm6_minus_tracheal_sg	20520592
all_dm6_minus_tracheal_sg	20520593
all_dm6_minus_tracheal_sg	20520594
all_dm6_minus_tracheal_sg	20520595
all_dm6_minus_tracheal_sg	20520596
all_dm6_minus_tracheal_sg	20520597
all_dm6_minus_tracheal_sg	20520598
all_dm6_minus_tracheal_sg	20520599
all_dm6_minus_tracheal_sg	26067037
all_dm6_minus_tracheal_sg	26067038
all_dm6_minus_tracheal_sg	26067039
all_dm6_minus_tracheal_sg	26067040
all_dm6_minus_tracheal_sg	26067041
all_dm6_minus_tracheal_sg	26067042
all_dm6_minus_tracheal_sg	26067043
all_dm6_minus_tracheal_sg	26067044
all_dm6_minus_tracheal_sg	26067045
all_dm6_minus_tracheal_sg	26067046
all_dm6_minus_tracheal_sg	26067047
all_dm6_minus_tracheal_sg	26067048
all_dm6_minus_tracheal_sg	26067049
all_dm6_minus_tracheal_sg	26067050
all_dm6_minus_tracheal_sg	26067051
all_dm6_minus_tracheal_sg	26067053
all_dm6_minus_tracheal_sg	26067054
all_dm6_minus_tracheal_sg	26067055
all_dm6_minus_tracheal_sg	26067056
all_dm6_minus_tracheal_sg	26067057
all_dm6_minus_tracheal_sg	26067058
all_dm6_minus_tracheal_sg	26067059
all_dm6_minus_tracheal_sg	26067060
all_dm6_minus_tracheal_sg	26067061
all_dm6_minus_tracheal_sg	26067062
all_dm6_minus_tracheal_sg	26067063
all_dm6_minus_tracheal_sg	26067064
all_dm6_minus_tracheal_sg	26067065
all_dm6_minus_tracheal_sg	26067066
all_dm6_minus_tracheal_sg	26067067
all_dm6_minus_tracheal_sg	26067069
all_dm6_minus_tracheal_sg	26067070
all_dm6_minus_tracheal_sg	26067071
all_dm6_minus_tracheal_sg	26067072
all_dm6_minus_tracheal_sg	26067073
all_dm6_minus_tracheal_sg	26067074
all_dm6_minus_tracheal_sg	26067075
all_dm6_minus_tracheal_sg	26067076
all_dm6_minus_tracheal_sg	26067079
all_dm6_minus_tracheal_sg	26067081
all_dm6_minus_tracheal_sg	26067082
all_dm6_minus_tracheal_sg	26067083
all_dm6_minus_tracheal_sg	26067084
all_dm6_minus_tracheal_sg	26067085
all_dm6_minus_tracheal_sg	26067086
all_dm6_minus_tracheal_sg	26067087
all_dm6_minus_tracheal_sg	26067088
all_dm6_minus_tracheal_sg	26067089
all_dm6_minus_tracheal_sg	26067090
all_dm6_minus_tracheal_sg	26067091
all_dm6_minus_tracheal_sg	26067092
all_dm6_minus_tracheal_sg	26067093
all_dm6_minus_tracheal_sg	26067094
all_dm6_minus_tracheal_sg	26067095
all_dm6_minus_tracheal_sg	26067096
all_dm6_minus_tracheal_sg	26067097
all_dm6_minus_tracheal_sg	26067098
all_dm6_minus_tracheal_sg	26067099
all_dm6_minus_tracheal_sg	26067100
all_dm6_minus_tracheal_sg	26067101
all_dm6_minus_tracheal_sg	26067102
all_dm6_minus_tracheal_sg	26067103
all_dm6_minus_tracheal_sg	26067104
all_dm6_minus_tracheal_sg	26067105
all_dm6_minus_tracheal_sg	26067106
all_dm6_minus_tracheal_sg	26067107
all_dm6_minus_tracheal_sg	26067108
all_dm6_minus_tracheal_sg	26067109
all_dm6_minus_tracheal_sg	26067110
all_dm6_minus_tracheal_sg	26067111
all_dm6_minus_tracheal_sg	26067112
all_dm6_minus_tracheal_sg	26067113
all_dm6_minus_tracheal_sg	26067114
all_dm6_minus_tracheal_sg	26067115
all_dm6_minus_tracheal_sg	26067116
all_dm6_minus_tracheal_sg	26067117
all_dm6_minus_tracheal_sg	26067118
all_dm6_minus_tracheal_sg	26067119
all_dm6_minus_tracheal_sg	26067120
all_dm6_minus_tracheal_sg	26067121
all_dm6_minus_tracheal_sg	26067122
all_dm6_minus_tracheal_sg	26067123
all_dm6_minus_tracheal_sg	26067124
all_dm6_minus_tracheal_sg	26067125
all_dm6_minus_tracheal_sg	26067126
all_dm6_minus_tracheal_sg	26067127
all_dm6_minus_tracheal_sg	26067128
all_dm6_minus_tracheal_sg	26067129
all_dm6_minus_tracheal_sg	26067130
all_dm6_minus_tracheal_sg	26067131
all_dm6_minus_tracheal_sg	26067132
all_dm6_minus_tracheal_sg	26067133
all_dm6_minus_tracheal_sg	26067134
all_dm6_minus_tracheal_sg	26067135
all_dm6_minus_tracheal_sg	26067136
all_dm6_minus_tracheal_sg	26067137
all_dm6_minus_tracheal_sg	26067138
all_dm6_minus_tracheal_sg	26067139
all_dm6_minus_tracheal_sg	26067140
all_dm6_minus_tracheal_sg	26067141
all_dm6_minus_tracheal_sg	26067142
all_dm6_minus_tracheal_sg	26067143
all_dm6_minus_tracheal_sg	26067144
all_dm6_minus_tracheal_sg	26067145
all_dm6_minus_tracheal_sg	26067146
all_dm6_minus_tracheal_sg	26067147
all_dm6_minus_tracheal_sg	26067148
all_dm6_minus_tracheal_sg	26067149
all_dm6_minus_tracheal_sg	26067150
all_dm6_minus_tracheal_sg	26067151
all_dm6_minus_tracheal_sg	26067152
all_dm6_minus_tracheal_sg	26067153
all_dm6_minus_tracheal_sg	26067154
all_dm6_minus_tracheal_sg	26067155
all_dm6_minus_tracheal_sg	26067156
all_dm6_minus_tracheal_sg	26067157
all_dm6_minus_tracheal_sg	26067158
all_dm6_minus_tracheal_sg	26067159
all_dm6_minus_tracheal_sg	26067160
all_dm6_minus_tracheal_sg	26067161
all_dm6_minus_tracheal_sg	26067162
all_dm6_minus_tracheal_sg	26067163
all_dm6_minus_tracheal_sg	26067164
all_dm6_minus_tracheal_sg	26067165
all_dm6_minus_tracheal_sg	26067166
all_dm6_minus_tracheal_sg	26067167
all_dm6_minus_tracheal_sg	26067168
all_dm6_minus_tracheal_sg	26067169
all_dm6_minus_tracheal_sg	26067170
all_dm6_minus_tracheal_sg	26067171
all_dm6_minus_tracheal_sg	26067172
all_dm6_minus_tracheal_sg	26067174
all_dm6_minus_tracheal_sg	26067175
all_dm6_minus_tracheal_sg	26067176
all_dm6_minus_tracheal_sg	26067177
all_dm6_minus_tracheal_sg	26067178
all_dm6_minus_tracheal_sg	26067179
all_dm6_minus_tracheal_sg	26067180
all_dm6_minus_tracheal_sg	26067181
all_dm6_minus_tracheal_sg	26067182
all_dm6_minus_tracheal_sg	26067183
all_dm6_minus_tracheal_sg	26067184
all_dm6_minus_tracheal_sg	26067185
all_dm6_minus_tracheal_sg	26067186
all_dm6_minus_tracheal_sg	26067187
all_dm6_minus_tracheal_sg	26067188
all_dm6_minus_tracheal_sg	26067189
all_dm6_minus_tracheal_sg	26067190
all_dm6_minus_tracheal_sg	26067191
all_dm6_minus_tracheal_sg	26067192
all_dm6_minus_tracheal_sg	26067193
all_dm6_minus_tracheal_sg	26067194
all_dm6_minus_tracheal_sg	26067195
all_dm6_minus_tracheal_sg	26067196
all_dm6_minus_tracheal_sg	26067197
all_dm6_minus_tracheal_sg	26067198
all_dm6_minus_tracheal_sg	26067199
all_dm6_minus_tracheal_sg	26067200
all_dm6_minus_tracheal_sg	26067201
all_dm6_minus_tracheal_sg	26067202
all_dm6_minus_tracheal_sg	26067203
all_dm6_minus_tracheal_sg	26067204
all_dm6_minus_tracheal_sg	26067205
all_dm6_minus_tracheal_sg	26067206
all_dm6_minus_tracheal_sg	26067207
all_dm6_minus_tracheal_sg	26067208
all_dm6_minus_tracheal_sg	26067209
all_dm6_minus_tracheal_sg	26067210
all_dm6_minus_tracheal_sg	26067211
all_dm6_minus_tracheal_sg	26067212
all_dm6_minus_tracheal_sg	26067213
all_dm6_minus_tracheal_sg	26067214
all_dm6_minus_tracheal_sg	26067215
all_dm6_minus_tracheal_sg	26067216
all_dm6_minus_tracheal_sg	26067217
all_dm6_minus_tracheal_sg	26067218
all_dm6_minus_tracheal_sg	26067219
all_dm6_minus_tracheal_sg	26067220
all_dm6_minus_tracheal_sg	26067221
all_dm6_minus_tracheal_sg	26067222
all_dm6_minus_tracheal_sg	26067223
all_dm6_minus_tracheal_sg	26067224
all_dm6_minus_tracheal_sg	26067225
all_dm6_minus_tracheal_sg	26067226
all_dm6_minus_tracheal_sg	26067227
all_dm6_minus_tracheal_sg	26067228
all_dm6_minus_tracheal_sg	26067229
all_dm6_minus_tracheal_sg	26067230
all_dm6_minus_tracheal_sg	26067231
all_dm6_minus_tracheal_sg	26067232
all_dm6_minus_tracheal_sg	26067233
all_dm6_minus_tracheal_sg	26067234
all_dm6_minus_tracheal_sg	26067235
all_dm6_minus_tracheal_sg	26067236
all_dm6_minus_tracheal_sg	26067237
all_dm6_minus_tracheal_sg	26067238
all_dm6_minus_tracheal_sg	26067240
all_dm6_minus_tracheal_sg	26067241
all_dm6_minus_tracheal_sg	26067242
all_dm6_minus_tracheal_sg	26067243
all_dm6_minus_tracheal_sg	26067244
all_dm6_minus_tracheal_sg	26067245
all_dm6_minus_tracheal_sg	26067246
all_dm6_minus_tracheal_sg	26067247
all_dm6_minus_tracheal_sg	26067248
all_dm6_minus_tracheal_sg	26067249
all_dm6_minus_tracheal_sg	26067250
all_dm6_minus_tracheal_sg	26067251
all_dm6_minus_tracheal_sg	26067252
all_dm6_minus_tracheal_sg	26067253
all_dm6_minus_tracheal_sg	26067254
all_dm6_minus_tracheal_sg	26067255
all_dm6_minus_tracheal_sg	26067256
all_dm6_minus_tracheal_sg	26067257
all_dm6_minus_tracheal_sg	26067258
all_dm6_minus_tracheal_sg	26067259
all_dm6_minus_tracheal_sg	26067260
all_dm6_minus_tracheal_sg	26067261
all_dm6_minus_tracheal_sg	26067262
all_dm6_minus_tracheal_sg	26067263
all_dm6_minus_tracheal_sg	26067264
all_dm6_minus_tracheal_sg	26067265
all_dm6_minus_tracheal_sg	26067266
all_dm6_minus_tracheal_sg	26067267
all_dm6_minus_tracheal_sg	26067268
all_dm6_minus_tracheal_sg	26067269
all_dm6_minus_tracheal_sg	26067270
all_dm6_minus_tracheal_sg	26067271
all_dm6_minus_tracheal_sg	26067272
all_dm6_minus_tracheal_sg	26067273
all_dm6_minus_tracheal_sg	26067274
all_dm6_minus_tracheal_sg	26067275
all_dm6_minus_tracheal_sg	26067276
all_dm6_minus_tracheal_sg	26067277
all_dm6_minus_tracheal_sg	26067278
all_dm6_minus_tracheal_sg	26067279
all_dm6_minus_tracheal_sg	26067280
all_dm6_minus_tracheal_sg	26067281
all_dm6_minus_tracheal_sg	26067282
all_dm6_minus_tracheal_sg	26067283
all_dm6_minus_tracheal_sg	26067284
all_dm6_minus_tracheal_sg	26067285
all_dm6_minus_tracheal_sg	26067286
all_dm6_minus_tracheal_sg	26067287
all_dm6_minus_tracheal_sg	26067288
all_dm6_minus_tracheal_sg	26067289
all_dm6_minus_tracheal_sg	26067290
all_dm6_minus_tracheal_sg	26067291
all_dm6_minus_tracheal_sg	26067292
all_dm6_minus_tracheal_sg	26067293
all_dm6_minus_tracheal_sg	26067294
all_dm6_minus_tracheal_sg	26067295
all_dm6_minus_tracheal_sg	26067296
all_dm6_minus_tracheal_sg	26067297
all_dm6_minus_tracheal_sg	26067298
all_dm6_minus_tracheal_sg	26067299
all_dm6_minus_tracheal_sg	26067300
all_dm6_minus_tracheal_sg	26067301
all_dm6_minus_tracheal_sg	26067302
all_dm6_minus_tracheal_sg	26067303
all_dm6_minus_tracheal_sg	26067304
all_dm6_minus_tracheal_sg	26067305
all_dm6_minus_tracheal_sg	26067306
all_dm6_minus_tracheal_sg	26067307
all_dm6_minus_tracheal_sg	26067308
all_dm6_minus_tracheal_sg	26067309
all_dm6_minus_tracheal_sg	26067310
all_dm6_minus_tracheal_sg	26067311
all_dm6_minus_tracheal_sg	26067312
all_dm6_minus_tracheal_sg	26067313
all_dm6_minus_tracheal_sg	26067314
all_dm6_minus_tracheal_sg	26067315
all_dm6_minus_tracheal_sg	26067316
all_dm6_minus_tracheal_sg	26067317
all_dm6_minus_tracheal_sg	26067318
all_dm6_minus_tracheal_sg	26067319
all_dm6_minus_tracheal_sg	26067320
all_dm6_minus_tracheal_sg	26067321
all_dm6_minus_tracheal_sg	26067322
all_dm6_minus_tracheal_sg	26067323
all_dm6_minus_tracheal_sg	26067325
all_dm6_minus_tracheal_sg	26067326
all_dm6_minus_tracheal_sg	26067328
all_dm6_minus_tracheal_sg	26067329
all_dm6_minus_tracheal_sg	26067330
all_dm6_minus_tracheal_sg	26067331
all_dm6_minus_tracheal_sg	26067332
all_dm6_minus_tracheal_sg	26067333
all_dm6_minus_tracheal_sg	26067334
all_dm6_minus_tracheal_sg	26067335
all_dm6_minus_tracheal_sg	26067336
all_dm6_minus_tracheal_sg	26067337
all_dm6_minus_tracheal_sg	26067338
all_dm6_minus_tracheal_sg	26067339
all_dm6_minus_tracheal_sg	26067340
all_dm6_minus_tracheal_sg	26067341
all_dm6_minus_tracheal_sg	26067342
all_dm6_minus_tracheal_sg	26067343
all_dm6_minus_tracheal_sg	26067344
all_dm6_minus_tracheal_sg	26067345
all_dm6_minus_tracheal_sg	26067346
all_dm6_minus_tracheal_sg	26067347
all_dm6_minus_tracheal_sg	26067348
all_dm6_minus_tracheal_sg	26067349
all_dm6_minus_tracheal_sg	26067350
all_dm6_minus_tracheal_sg	26067351
all_dm6_minus_tracheal_sg	26067352
all_dm6_minus_tracheal_sg	26067353
all_dm6_minus_tracheal_sg	26067354
all_dm6_minus_tracheal_sg	26067355
all_dm6_minus_tracheal_sg	26067356
all_dm6_minus_tracheal_sg	26067357
all_dm6_minus_tracheal_sg	26067358
all_dm6_minus_tracheal_sg	26067359
all_dm6_minus_tracheal_sg	26067360
all_dm6_minus_tracheal_sg	26067361
all_dm6_minus_tracheal_sg	26067362
all_dm6_minus_tracheal_sg	26067363
all_dm6_minus_tracheal_sg	26067364
all_dm6_minus_tracheal_sg	26067365
all_dm6_minus_tracheal_sg	26067366
all_dm6_minus_tracheal_sg	26067367
all_dm6_minus_tracheal_sg	26067368
all_dm6_minus_tracheal_sg	26067369
all_dm6_minus_tracheal_sg	26067370
all_dm6_minus_tracheal_sg	26067371
all_dm6_minus_tracheal_sg	26067372
all_dm6_minus_tracheal_sg	26067373
all_dm6_minus_tracheal_sg	26067374
all_dm6_minus_tracheal_sg	26067375
all_dm6_minus_tracheal_sg	26067376
all_dm6_minus_tracheal_sg	26067377
all_dm6_minus_tracheal_sg	26067378
all_dm6_minus_tracheal_sg	26067379
all_dm6_minus_tracheal_sg	26067380
all_dm6_minus_tracheal_sg	26067381
all_dm6_minus_tracheal_sg	26067382
all_dm6_minus_tracheal_sg	26067383
all_dm6_minus_tracheal_sg	26067384
all_dm6_minus_tracheal_sg	26067385
all_dm6_minus_tracheal_sg	26067386
all_dm6_minus_tracheal_sg	26067387
all_dm6_minus_tracheal_sg	26067388
all_dm6_minus_tracheal_sg	26067389
all_dm6_minus_tracheal_sg	26067390
all_dm6_minus_tracheal_sg	26067391
all_dm6_minus_tracheal_sg	26067392
all_dm6_minus_tracheal_sg	26067393
all_dm6_minus_tracheal_sg	26067394
all_dm6_minus_tracheal_sg	26067395
all_dm6_minus_tracheal_sg	26067396
all_dm6_minus_tracheal_sg	26067397
all_dm6_minus_tracheal_sg	26067398
all_dm6_minus_tracheal_sg	26067399
all_dm6_minus_tracheal_sg	26067400
all_dm6_minus_tracheal_sg	26067401
all_dm6_minus_tracheal_sg	26067402
all_dm6_minus_tracheal_sg	26067403
all_dm6_minus_tracheal_sg	26067404
all_dm6_minus_tracheal_sg	26067405
all_dm6_minus_tracheal_sg	26067406
all_dm6_minus_tracheal_sg	26067407
all_dm6_minus_tracheal_sg	26067408
all_dm6_minus_tracheal_sg	26067409
all_dm6_minus_tracheal_sg	26067410
all_dm6_minus_tracheal_sg	26067411
all_dm6_minus_tracheal_sg	26067412
all_dm6_minus_tracheal_sg	26067413
all_dm6_minus_tracheal_sg	26067414
all_dm6_minus_tracheal_sg	26067415
all_dm6_minus_tracheal_sg	26067416
all_dm6_minus_tracheal_sg	26067417
all_dm6_minus_tracheal_sg	26067418
all_dm6_minus_tracheal_sg	26067419
all_dm6_minus_tracheal_sg	26067420
all_dm6_minus_tracheal_sg	26067421
all_dm6_minus_tracheal_sg	26067422
all_dm6_minus_tracheal_sg	26067423
all_dm6_minus_tracheal_sg	26067424
all_dm6_minus_tracheal_sg	26067425
all_dm6_minus_tracheal_sg	26067426
all_dm6_minus_tracheal_sg	26067427
all_dm6_minus_tracheal_sg	26067428
all_dm6_minus_tracheal_sg	26067429
all_dm6_minus_tracheal_sg	26067430
all_dm6_minus_tracheal_sg	26067431
all_dm6_minus_tracheal_sg	26067432
all_dm6_minus_tracheal_sg	26067433
all_dm6_minus_tracheal_sg	26067434
all_dm6_minus_tracheal_sg	26067435
all_dm6_minus_tracheal_sg	26067436
all_dm6_minus_tracheal_sg	26067437
all_dm6_minus_tracheal_sg	26067438
all_dm6_minus_tracheal_sg	26067439
all_dm6_minus_tracheal_sg	26067440
all_dm6_minus_tracheal_sg	26067441
all_dm6_minus_tracheal_sg	26067442
all_dm6_minus_tracheal_sg	26067443
all_dm6_minus_tracheal_sg	26067444
all_dm6_minus_tracheal_sg	26067445
all_dm6_minus_tracheal_sg	26067446
all_dm6_minus_tracheal_sg	26067447
all_dm6_minus_tracheal_sg	26067448
all_dm6_minus_tracheal_sg	26067449
all_dm6_minus_tracheal_sg	26067450
all_dm6_minus_tracheal_sg	26067451
all_dm6_minus_tracheal_sg	26067452
all_dm6_minus_tracheal_sg	26067453
all_dm6_minus_tracheal_sg	26067454
all_dm6_minus_tracheal_sg	26067455
all_dm6_minus_tracheal_sg	26067456
all_dm6_minus_tracheal_sg	26067457
all_dm6_minus_tracheal_sg	26067458
all_dm6_minus_tracheal_sg	26067459
all_dm6_minus_tracheal_sg	26067460
all_dm6_minus_tracheal_sg	26067461
all_dm6_minus_tracheal_sg	26067462
all_dm6_minus_tracheal_sg	26067463
all_dm6_minus_tracheal_sg	26067464
all_dm6_minus_tracheal_sg	26067465
all_dm6_minus_tracheal_sg	26067466
all_dm6_minus_tracheal_sg	26067467
all_dm6_minus_tracheal_sg	26067468
all_dm6_minus_tracheal_sg	26067469
all_dm6_minus_tracheal_sg	26067470
all_dm6_minus_tracheal_sg	26067471
all_dm6_minus_tracheal_sg	26067472
all_dm6_minus_tracheal_sg	26067473
all_dm6_minus_tracheal_sg	26067474
all_dm6_minus_tracheal_sg	26067475
all_dm6_minus_tracheal_sg	26067476
all_dm6_minus_tracheal_sg	26067477
all_dm6_minus_tracheal_sg	26067478
all_dm6_minus_tracheal_sg	26067479
all_dm6_minus_tracheal_sg	26067480
all_dm6_minus_tracheal_sg	26067481
all_dm6_minus_tracheal_sg	26067482
all_dm6_minus_tracheal_sg	26067483
all_dm6_minus_tracheal_sg	26067484
all_dm6_minus_tracheal_sg	26067485
all_dm6_minus_tracheal_sg	26067486
all_dm6_minus_tracheal_sg	26067487
all_dm6_minus_tracheal_sg	26067488
all_dm6_minus_tracheal_sg	26067489
all_dm6_minus_tracheal_sg	26067490
all_dm6_minus_tracheal_sg	26067491
all_dm6_minus_tracheal_sg	26067492
all_dm6_minus_tracheal_sg	26067493
all_dm6_minus_tracheal_sg	26067494
all_dm6_minus_tracheal_sg	26067495
all_dm6_minus_tracheal_sg	26067496
all_dm6_minus_tracheal_sg	26067497
all_dm6_minus_tracheal_sg	26067498
all_dm6_minus_tracheal_sg	26067499
all_dm6_minus_tracheal_sg	26067500
all_dm6_minus_tracheal_sg	26067501
all_dm6_minus_tracheal_sg	26067502
all_dm6_minus_tracheal_sg	26067503
all_dm6_minus_tracheal_sg	26067504
all_dm6_minus_tracheal_sg	26067505
all_dm6_minus_tracheal_sg	26067506
all_dm6_minus_tracheal_sg	26067507
all_dm6_minus_tracheal_sg	26067508
all_dm6_minus_tracheal_sg	26067509
all_dm6_minus_tracheal_sg	26067510
all_dm6_minus_tracheal_sg	26067511
all_dm6_minus_tracheal_sg	26067513
all_dm6_minus_tracheal_sg	26067514
all_dm6_minus_tracheal_sg	26067515
all_dm6_minus_tracheal_sg	26067516
all_dm6_minus_tracheal_sg	26067517
all_dm6_minus_tracheal_sg	26067518
all_dm6_minus_tracheal_sg	26067519
all_dm6_minus_tracheal_sg	26067520
all_dm6_minus_tracheal_sg	26067521
all_dm6_minus_tracheal_sg	26067522
all_dm6_minus_tracheal_sg	26067523
all_dm6_minus_tracheal_sg	26067524
all_dm6_minus_tracheal_sg	26067525
all_dm6_minus_tracheal_sg	26067526
all_dm6_minus_tracheal_sg	26067528
all_dm6_minus_tracheal_sg	26067529
all_dm6_minus_tracheal_sg	26067530
all_dm6_minus_tracheal_sg	26067531
all_dm6_minus_tracheal_sg	26067532
all_dm6_minus_tracheal_sg	26067534
all_dm6_minus_tracheal_sg	26067535
all_dm6_minus_tracheal_sg	26067536
all_dm6_minus_tracheal_sg	26067537
all_dm6_minus_tracheal_sg	26067538
all_dm6_minus_tracheal_sg	26067539
all_dm6_minus_tracheal_sg	26067540
all_dm6_minus_tracheal_sg	26067541
all_dm6_minus_tracheal_sg	26067542
all_dm6_minus_tracheal_sg	26067543
all_dm6_minus_tracheal_sg	26067544
all_dm6_minus_tracheal_sg	26067545
all_dm6_minus_tracheal_sg	26067546
all_dm6_minus_tracheal_sg	26067547
all_dm6_minus_tracheal_sg	26067548
all_dm6_minus_tracheal_sg	26067549
all_dm6_minus_tracheal_sg	26067550
all_dm6_minus_tracheal_sg	26067551
all_dm6_minus_tracheal_sg	26067552
all_dm6_minus_tracheal_sg	26067553
all_dm6_minus_tracheal_sg	26067554
all_dm6_minus_tracheal_sg	26067555
all_dm6_minus_tracheal_sg	26067556
all_dm6_minus_tracheal_sg	26067557
all_dm6_minus_tracheal_sg	26067558
all_dm6_minus_tracheal_sg	26067559
all_dm6_minus_tracheal_sg	26067560
all_dm6_minus_tracheal_sg	26067561
all_dm6_minus_tracheal_sg	26067562
all_dm6_minus_tracheal_sg	26067563
all_dm6_minus_tracheal_sg	26067564
all_dm6_minus_tracheal_sg	26067565
all_dm6_minus_tracheal_sg	26067566
all_dm6_minus_tracheal_sg	26067567
all_dm6_minus_tracheal_sg	26067568
all_dm6_minus_tracheal_sg	26067569
all_dm6_minus_tracheal_sg	26067570
all_dm6_minus_tracheal_sg	26067571
all_dm6_minus_tracheal_sg	26067572
all_dm6_minus_tracheal_sg	26067573
all_dm6_minus_tracheal_sg	26067574
all_dm6_minus_tracheal_sg	26067575
all_dm6_minus_tracheal_sg	26067576
all_dm6_minus_tracheal_sg	26067577
all_dm6_minus_tracheal_sg	26067578
all_dm6_minus_tracheal_sg	26067579
all_dm6_minus_tracheal_sg	26067580
all_dm6_minus_tracheal_sg	26067581
all_dm6_minus_tracheal_sg	26067582
all_dm6_minus_tracheal_sg	26067583
all_dm6_minus_tracheal_sg	26067584
all_dm6_minus_tracheal_sg	26067585
all_dm6_minus_tracheal_sg	26067586
all_dm6_minus_tracheal_sg	26067587
all_dm6_minus_tracheal_sg	26067588
all_dm6_minus_tracheal_sg	27662247
all_dm6_minus_tracheal_sg	27662249
all_dm6_minus_tracheal_sg	27662250
all_dm6_minus_tracheal_sg	27662251
all_dm6_minus_tracheal_sg	27662252
all_dm6_minus_tracheal_sg	30522392
all_dm6_minus_tracheal_sg	30522393
all_dm6_minus_tracheal_sg	30522394
all_dm6_minus_tracheal_sg	30522395
all_dm6_minus_tracheal_sg	30522396
all_dm6_minus_tracheal_sg	30522397
all_dm6_minus_tracheal_sg	30522398
all_dm6_minus_tracheal_sg	30522399
all_dm6_minus_tracheal_sg	30522400
all_dm6_minus_tracheal_sg	30522401
all_dm6_minus_tracheal_sg	30522402
all_dm6_minus_tracheal_sg	30522403
all_dm6_minus_tracheal_sg	30522404
all_dm6_minus_tracheal_sg	30522405
all_dm6_minus_tracheal_sg	30522406
all_dm6_minus_tracheal_sg	30522407
all_dm6_minus_tracheal_sg	30522408
all_dm6_minus_tracheal_sg	30522409
all_dm6_minus_tracheal_sg	30522410
all_dm6_minus_tracheal_sg	30522411
all_dm6_minus_tracheal_sg	30522412
all_dm6_minus_tracheal_sg	30522413
all_dm6_minus_tracheal_sg	30522414
all_dm6_minus_tracheal_sg	30522415
all_dm6_minus_tracheal_sg	30522416
all_dm6_minus_tracheal_sg	30522417
all_dm6_minus_tracheal_sg	30522418
all_dm6_minus_tracheal_sg	30522419
all_dm6_minus_tracheal_sg	30522420
all_dm6_minus_tracheal_sg	30522421
all_dm6_minus_tracheal_sg	30522422
all_dm6_minus_tracheal_sg	30522423
all_dm6_minus_tracheal_sg	30522424
all_dm6_minus_tracheal_sg	30522425
all_dm6_minus_tracheal_sg	30522426
all_dm6_minus_tracheal_sg	30522427
all_dm6_minus_tracheal_sg	30522428
all_dm6_minus_tracheal_sg	30522429
all_dm6_minus_tracheal_sg	30882168
all_dm6_minus_tracheal_sg	30882169
all_dm6_minus_tracheal_sg	30882170
all_dm6_minus_tracheal_sg	30882171
all_dm6_minus_tracheal_sg	30882172
all_dm6_minus_tracheal_sg	30882173
all_dm6_minus_tracheal_sg	30882174
all_dm6_minus_tracheal_sg	30882175
all_dm6_minus_tracheal_sg	30882176
all_dm6_minus_tracheal_sg	30882177
all_dm6_minus_tracheal_sg	30882178
all_dm6_minus_tracheal_sg	30882179
all_dm6_minus_tracheal_sg	30882181
all_dm6_minus_tracheal_sg	30882182
all_dm6_minus_tracheal_sg	36786373
all_dm6_minus_tracheal_sg	36786374
all_dm6_minus_tracheal_sg	36786375
all_dm6_minus_tracheal_sg	36786376
all_dm6_minus_tracheal_sg	36786377
all_dm6_minus_tracheal_sg	36786378
all_dm6_minus_tracheal_sg	36786379
all_dm6_minus_tracheal_sg	36786380
all_dm6_minus_tracheal_sg	36786381
all_dm6_minus_tracheal_sg	36786382
all_dm6_minus_tracheal_sg	36786383
all_dm6_minus_tracheal_sg	36786384
all_dm6_minus_tracheal_sg	36786385
all_dm6_minus_tracheal_sg	36786386
all_dm6_minus_tracheal_sg	36786387
all_dm6_minus_tracheal_sg	36786388
all_dm6_minus_tracheal_sg	36786389
all_dm6_minus_tracheal_sg	36786390
all_dm6_minus_tracheal_sg	36786391
all_dm6_minus_tracheal_sg	36786392
all_dm6_minus_tracheal_sg	36786393
all_dm6_minus_tracheal_sg	36786394
all_dm6_minus_tracheal_sg	38753319
all_dm6_minus_tracheal_sg	38753320
all_dm6_minus_tracheal_sg	39877387
all_dm6_minus_tracheal_sg	39877388
all_dm6_minus_tracheal_sg	39877389
all_dm6_minus_tracheal_sg	39877390
all_dm6_minus_tracheal_sg	39877391
all_dm6_minus_tracheal_sg	39877392
all_dm6_minus_tracheal_sg	39877393
all_dm6_minus_tracheal_sg	39877394
all_dm6_minus_tracheal_sg	39877395
all_dm6_minus_tracheal_sg	39877396
all_dm6_minus_tracheal_sg	39877397
all_dm6_minus_tracheal_sg	39877398
all_dm6_minus_tracheal_sg	39877399
all_dm6_minus_tracheal_sg	39877400
all_dm6_minus_tracheal_sg	39877401
all_dm6_minus_tracheal_sg	39877402
all_dm6_minus_tracheal_sg	39877403
all_dm6_minus_tracheal_sg	39877404
all_dm6_minus_tracheal_sg	39877405
all_dm6_minus_tracheal_sg	39877406
all_dm6_minus_tracheal_sg	39877407
all_dm6_minus_tracheal_sg	39877408
all_dm6_minus_tracheal_sg	39877409
all_dm6_minus_tracheal_sg	39877410
all_dm6_minus_tracheal_sg	39877411
all_dm6_minus_tracheal_sg	39877412
all_dm6_minus_tracheal_sg	39877413
all_dm6_minus_tracheal_sg	39877414
all_dm6_minus_tracheal_sg	39877415
all_dm6_minus_tracheal_sg	39877416
all_dm6_minus_tracheal_sg	39877417
all_dm6_minus_tracheal_sg	39877418
all_dm6_minus_tracheal_sg	39877419
all_dm6_minus_tracheal_sg	39877420
all_dm6_minus_tracheal_sg	39877421
all_dm6_minus_tracheal_sg	39877422
all_dm6_minus_tracheal_sg	39877423
all_dm6_minus_tracheal_sg	39877424
all_dm6_minus_tracheal_sg	39877425
all_dm6_minus_tracheal_sg	40120008
all_dm6_minus_tracheal_sg	54520426
all_dm6_minus_tracheal_sg	54520427
all_dm6_minus_tracheal_sg	54520428
all_dm6_minus_tracheal_sg	54520429
all_dm6_minus_tracheal_sg	54520430
all_dm6_minus_tracheal_sg	54520431
all_dm6_minus_tracheal_sg	54520432
all_dm6_minus_tracheal_sg	54520433
all_dm6_minus_tracheal_sg	54520434
all_dm6_minus_tracheal_sg	54520435
all_dm6_minus_tracheal_sg	54520436
all_dm6_minus_tracheal_sg	54520437
all_dm6_minus_tracheal_sg	54520438
all_dm6_minus_tracheal_sg	54520439
all_dm6_minus_tracheal_sg	54520440
all_dm6_minus_tracheal_sg	54520441
all_dm6_minus_tracheal_sg	54520442
all_dm6_minus_tracheal_sg	54520443
all_dm6_minus_tracheal_sg	54520444
all_dm6_minus_tracheal_sg	54520445
all_dm6_minus_tracheal_sg	54520446
all_dm6_minus_tracheal_sg	54520447
all_dm6_minus_tracheal_sg	54520448
all_dm6_minus_tracheal_sg	54520449
all_dm6_minus_tracheal_sg	54520450
all_dm6_minus_tracheal_sg	54520451
all_dm6_minus_tracheal_sg	54520452
all_dm6_minus_tracheal_sg	54520453
all_dm6_minus_tracheal_sg	54520454
all_dm6_minus_tracheal_sg	54520455
all_dm6_minus_tracheal_sg	54520456
all_dm6_minus_tracheal_sg	54520457
all_dm6_minus_tracheal_sg	54520458
all_dm6_minus_tracheal_sg	54520459
all_dm6_minus_tracheal_sg	54520460
all_dm6_minus_tracheal_sg	54520461
all_dm6_minus_tracheal_sg	54520462
all_dm6_minus_tracheal_sg	54520463
all_dm6_minus_tracheal_sg	54520464
all_dm6_minus_tracheal_sg	54520465
all_dm6_minus_tracheal_sg	54520466
all_dm6_minus_tracheal_sg	54520467
all_dm6_minus_tracheal_sg	54520468
all_dm6_minus_tracheal_sg	54520469
all_dm6_minus_tracheal_sg	54520470
all_dm6_minus_tracheal_sg	54520471
all_dm6_minus_tracheal_sg	54520472
all_dm6_minus_tracheal_sg	54520473
all_dm6_minus_tracheal_sg	54520474
all_dm6_minus_tracheal_sg	54520475
all_dm6_minus_tracheal_sg	54520476
all_dm6_minus_tracheal_sg	54520477
all_dm6_minus_tracheal_sg	54520478
all_dm6_minus_tracheal_sg	54520479
all_dm6_minus_tracheal_sg	54520480
all_dm6_minus_tracheal_sg	54520481
all_dm6_minus_tracheal_sg	54520482
all_dm6_minus_tracheal_sg	54520483
all_dm6_minus_tracheal_sg	54520484
all_dm6_minus_tracheal_sg	54520485
all_dm6_minus_tracheal_sg	54520486
all_dm6_minus_tracheal_sg	54520487
all_dm6_minus_tracheal_sg	54520488
all_dm6_minus_tracheal_sg	54520489
all_dm6_minus_tracheal_sg	54520490
all_dm6_minus_tracheal_sg	54520491
all_dm6_minus_tracheal_sg	54520492
all_dm6_minus_tracheal_sg	54520493
all_dm6_minus_tracheal_sg	54520494
all_dm6_minus_tracheal_sg	54520495
all_dm6_minus_tracheal_sg	54520496
all_dm6_minus_tracheal_sg	54520497
all_dm6_minus_tracheal_sg	54520498
all_dm6_minus_tracheal_sg	54520499
all_dm6_minus_tracheal_sg	54520500
all_dm6_minus_tracheal_sg	54520501
all_dm6_minus_tracheal_sg	54520502
all_dm6_minus_tracheal_sg	54520503
all_dm6_minus_tracheal_sg	54520504
all_dm6_minus_tracheal_sg	54520505
all_dm6_minus_tracheal_sg	54520506
all_dm6_minus_tracheal_sg	54520507
all_dm6_minus_tracheal_sg	54520508
all_dm6_minus_tracheal_sg	54520509
all_dm6_minus_tracheal_sg	54520510
all_dm6_minus_tracheal_sg	54520511
all_dm6_minus_tracheal_sg	54520512
all_dm6_minus_tracheal_sg	54520513
all_dm6_minus_tracheal_sg	54520514
all_dm6_minus_tracheal_sg	54520515
all_dm6_minus_tracheal_sg	54520516
all_dm6_minus_tracheal_sg	54520517
all_dm6_minus_tracheal_sg	54520518
all_dm6_minus_tracheal_sg	54520519
all_dm6_minus_tracheal_sg	54520520
all_dm6_minus_tracheal_sg	54520521
all_dm6_minus_tracheal_sg	54520522
all_dm6_minus_tracheal_sg	54520523
all_dm6_minus_tracheal_sg	54520524
all_dm6_minus_tracheal_sg	54520525
all_dm6_minus_tracheal_sg	54520526
all_dm6_minus_tracheal_sg	54520527
all_dm6_minus_tracheal_sg	54520528
all_dm6_minus_tracheal_sg	54695898
all_dm6_minus_tracheal_sg	54695899
all_dm6_minus_tracheal_sg	54695900
all_dm6_minus_tracheal_sg	54695901
all_dm6_minus_tracheal_sg	54695902
all_dm6_minus_tracheal_sg	76382434
all_dm6_minus_tracheal_sg	76382435
all_dm6_minus_tracheal_sg	76382436
all_dm6_minus_tracheal_sg	76382437
all_dm6_minus_tracheal_sg	76382438
all_dm6_minus_tracheal_sg	76382439
all_dm6_minus_tracheal_sg	76382440
all_dm6_minus_tracheal_sg	76382441
all_dm6_minus_tracheal_sg	76382442
all_dm6_minus_tracheal_sg	76382443
all_dm6_minus_tracheal_sg	76382444
all_dm6_minus_tracheal_sg	76382445
all_dm6_minus_tracheal_sg	76382446
all_dm6_minus_tracheal_sg	76382447
all_dm6_minus_tracheal_sg	76382448
all_dm6_minus_tracheal_sg	76382449
all_dm6_minus_tracheal_sg	76382450
all_dm6_minus_tracheal_sg	76382451
all_dm6_minus_tracheal_sg	76382452
all_dm6_minus_tracheal_sg	76382453
all_dm6_minus_tracheal_sg	76382454
all_dm6_minus_tracheal_sg	76382455
all_dm6_minus_tracheal_sg	76382456
all_dm6_minus_tracheal_sg	76382457
all_dm6_minus_tracheal_sg	76382458
all_dm6_minus_tracheal_sg	76382459
all_dm6_minus_tracheal_sg	76382460
all_dm6_minus_tracheal_sg	76382461
all_dm6_minus_tracheal_sg	76382462
all_dm6_minus_tracheal_sg	76382463
all_dm6_minus_tracheal_sg	76382464
all_dm6_minus_tracheal_sg	76723145
all_dm6_minus_tracheal_sg	76723146
all_dm6_minus_tracheal_sg	76723147
all_dm6_minus_tracheal_sg	76723148
all_dm6_minus_tracheal_sg	76723149
all_dm6_minus_tracheal_sg	76723150
all_dm6_minus_tracheal_sg	76723151
all_dm6_minus_tracheal_sg	76723152
all_dm6_minus_tracheal_sg	86703974
all_dm6_minus_tracheal_sg	86703975
all_dm6_minus_tracheal_sg	86703976
all_dm6_minus_tracheal_sg	86703977
all_dm6_minus_tracheal_sg	86703978
all_dm6_minus_tracheal_sg	86703979
all_dm6_minus_tracheal_sg	86703980
all_dm6_minus_tracheal_sg	86703981
