cns_midline	43383
cns_midline	38752
cns_midline	40876
cns_midline	35614
cns_midline	38746
cns_midline	47173
cns_midline	38726
cns_midline	36668
cns_midline	36669
cns_midline	38434
cns_midline	35246
cns_midline	37555
cns_midline	32400
cns_midline	42475
cns_midline	39458
cns_midline	40514
cns_midline	40613
cns_midline	38543
cns_midline	40486
cns_midline	44540
cns_midline	31078
cns_midline	44018
cns_midline	43875
cns_midline	38007
cns_midline	19834937
cns_midline	32398
cns_midline	34906
cns_midline	42140
cns_midline	41612
cns_midline	30982
cns_midline	42735
cns_midline	44129
cns_midline	36240
cns_midline	31003
cns_midline	38863
cns_midline	41363
cns_midline	30985
cns_midline	34903
cns_midline	43650
cns_midline	41615
cns_midline	31000
cns_midline	44275
cns_midline	34505
cns_midline	31080
cns_midline	40471
cns_midline	40754
cns_midline	46027
cns_midline	32104
cns_midline	43004
cns_midline	43023
cns_midline	36121
cns_midline	36125
cns_midline	43070
cns_midline	53472
cns_midline	2768997
cns_midline	31802
cns_midline	38047
cns_midline	37575
cns_midline	40254
cns_midline	31331
cns_midline	36509
cns_midline	31913
cns_midline	53446
cns_midline	47746
cns_midline	37632
cns_midline	37806
cns_midline	43020
cns_midline	33994
cns_midline	38086
cns_midline	44786
cns_midline	38195
cns_midline	44072
cns_midline	53471
cns_midline	4379885
cns_midline	40675
cns_midline	40196
cns_midline	42179
cns_midline	43453
cns_midline	43417
cns_midline	31064
cns_midline	41997
cns_midline	34623
cns_midline	38406
cns_midline	38484
cns_midline	38499
cns_midline	37197
cns_midline	35595
cns_midline	43633
cns_midline	46015
cns_midline	34723
cns_midline	43495
cns_midline	32098
cns_midline	31513
cns_midline	36041
cns_midline	47091
cns_midline	36011
cns_midline	35942
cns_midline	33607
cns_midline	34824
cns_midline	38067
cns_midline	31696
cns_midline	36239
cns_midline	42460
cns_midline	39717
cns_midline	38829
cns_midline	35648
cns_midline	38231
cns_midline	35949
cns_midline	40834
cns_midline	35623
cns_midline	31249
cns_midline	31271
cns_midline	33225
cns_midline	40941
cns_midline	3354992
cns_midline	40665
cns_midline	33608
cns_midline	37126
cns_midline	40916
cns_midline	31503
cns_midline	318559
cns_midline	53563
cns_midline	318590
cns_midline	41428
cns_midline	42784
cns_midline	42204
cns_midline	41457
cns_midline	33927
cns_midline	326150
cns_midline	33361
cns_midline	33343
cns_midline	31612
cns_midline	140439
cns_midline	34652
cns_midline	33500
cns_midline	50302
cns_midline	38605
cns_midline	38367
cns_midline	32425
cns_midline	31322
cns_midline	33324
cns_midline	37161
cns_midline	41899
cns_midline	2768948
cns_midline	38668
cns_midline	3346145
cns_midline	41455
cns_midline	37886
cns_midline	45320
cns_midline	45233
cns_midline	35578
cns_midline	35738
cns_midline	33995
cns_midline	36592
cns_midline	3771877
cns_midline	3772432
cns_midline	37386
cns_midline	42305
cns_midline	30983
cns_midline	33583
cns_midline	34927
cns_midline	34924
cns_midline	34908
cns_midline	34292
cns_midline	3355109
cns_midline	41296
cns_midline	31290
cns_midline	33221
cns_midline	39075
cns_midline	44317
cns_midline	33209
cns_midline	39583
cns_midline	39145
cns_midline	38558
cns_midline	8674049
cns_midline	33211
cns_midline	39004
cns_midline	37643
cns_midline	40292
cns_midline	36609
cns_midline	36396
cns_midline	32457
cns_midline	41062
cns_midline	39405
cns_midline	39052
cns_midline	35277
cns_midline	39527
cns_midline	34560
cns_midline	34594
cns_midline	34264
cns_midline	31831
cns_midline	37150
cns_midline	19836171
cns_midline	19835622
cns_midline	39077
cns_midline	39078
cns_midline	39813
cns_midline	33861
cns_midline	50003
cns_midline	39833
cns_midline	31620
cns_midline	41312
cns_midline	33292
cns_midline	44127
cns_midline	40285
cns_midline	32672
cns_midline	37949
cns_midline	39775
cns_midline	33299
cns_midline	40009
cns_midline	34013
cns_midline	37121
cns_midline	42664
cns_midline	42843
cns_midline	43999
cns_midline	35066
cns_midline	43930
cns_midline	40249
cns_midline	35097
cns_midline	39570
cns_midline	38989
cns_midline	37558
cns_midline	43265
cns_midline	41967
cns_midline	41566
cns_midline	39262
cns_midline	53556
cns_midline	41559
cns_midline	39936
cns_midline	43193
cns_midline	32849
cns_midline	42567
cns_midline	42564
cns_midline	53437
cns_midline	41826
cns_midline	42919
cns_midline	32778
cns_midline	35041
cns_midline	31425
cns_midline	42652
cns_midline	32872
cns_midline	250710
cns_midline	40195
cns_midline	40188
cns_midline	34445
cns_midline	39284
cns_midline	39954
cns_midline	36127
cns_midline	39935
cns_midline	40353
cns_midline	40398
cns_midline	40961
cns_midline	32920
cns_midline	36726
cns_midline	35509
cns_midline	36782
cns_midline	36791
cns_midline	38742
cns_midline	41633
cns_midline	41623
cns_midline	40155
cns_midline	35790
cns_midline	36395
cns_midline	33569
cns_midline	41109
cns_midline	33814
cns_midline	36280
cns_midline	32498
cns_midline	40129
cns_midline	35355
cns_midline	35555
cns_midline	31665
cns_midline	39873
cns_midline	43593
cns_midline	41025
cns_midline	33435
cns_midline	38342
cns_midline	37368
cns_midline	40444
cns_midline	33986
cns_midline	42492
cns_midline	39041
cns_midline	33834
cns_midline	34882
cns_midline	41095
cns_midline	36073
cns_midline	42313
cns_midline	31118
cns_midline	32585
cns_midline	35540
cns_midline	33619
cns_midline	37143
cns_midline	38091
cns_midline	33172
cns_midline	41503
cns_midline	43229
cns_midline	32133
cns_midline	36583
cns_midline	38389
cns_midline	41273
cns_midline	38432
cns_midline	39499
cns_midline	49424
cns_midline	49168
cns_midline	48852
cns_midline	33782
cns_midline	38723
cns_midline	35825
cns_midline	31009
cns_midline	43155
cns_midline	43156
cns_midline	43573
cns_midline	43160
cns_midline	43150
cns_midline	43151
cns_midline	43323
cns_midline	43587
cns_midline	42757
cns_midline	44529
cns_midline	41094
cns_midline	33059
cns_midline	33281
cns_midline	40904
cns_midline	33629
cns_midline	41853
cns_midline	32314
cns_midline	37481
cns_midline	34500
cns_midline	47219
cns_midline	32595
cns_midline	32275
cns_midline	38168
cns_midline	45382
cns_midline	34881
cns_midline	42289
cns_midline	36059
cns_midline	38006
cns_midline	39433
cns_midline	250486
cns_midline	30975
cns_midline	39088
cns_midline	37822
cns_midline	37480
cns_midline	41668
cns_midline	40616
cns_midline	36288
cns_midline	36985
cns_midline	34883
cns_midline	39916
cns_midline	41968
cns_midline	39491
cns_midline	46038
cns_midline	36308
cns_midline	39768
cns_midline	39049
cns_midline	35305
cns_midline	36032
cns_midline	33896
cns_midline	37841
cns_midline	36461
cns_midline	42550
cns_midline	41860
cns_midline	19893539
cns_midline	19893540
cns_midline	39572
cns_midline	35801
cns_midline	36775
cns_midline	39441
cns_midline	38424
cns_midline	31786
cns_midline	33736
cns_midline	41844
cns_midline	46415
cns_midline	42571
cns_midline	32045
cns_midline	31022
cns_midline	33487
cns_midline	35070
cns_midline	31027
cns_midline	37734
cns_midline	43560
cns_midline	45588
cns_midline	38644
cns_midline	5657486
cns_midline	40090
cns_midline	42464
cns_midline	45655
cns_midline	37546
cns_midline	38017
cns_midline	5657681
cns_midline	33636
cns_midline	42379
cns_midline	47399
cns_midline	44087
cns_midline	42273
cns_midline	36382
cns_midline	35418
cns_midline	39377
cns_midline	44712
cns_midline	39085
cns_midline	37149
cns_midline	44095
cns_midline	31195
cns_midline	64880
cns_midline	31083
cns_midline	42663
cns_midline	31086
cns_midline	31256
cns_midline	5657873
cns_midline	44254
cns_midline	38145
cns_midline	45757
cns_midline	40745
cns_midline	31052
cns_midline	45775
cns_midline	39619
cns_midline	39557
cns_midline	45784
cns_midline	34156
cns_midline	3885567
cns_midline	31646
cns_midline	45791
cns_midline	32850
cns_midline	36146
cns_midline	40760
cns_midline	32660
cns_midline	39161
cns_midline	43654
cns_midline	37011
cns_midline	39827
cns_midline	34975
cns_midline	38173
cns_midline	42641
cns_midline	3354918
cns_midline	37528
cns_midline	44496
cns_midline	44497
cns_midline	41532
cns_midline	31203
cns_midline	31243
cns_midline	31540
cns_midline	31581
cns_midline	31703
cns_midline	31728
cns_midline	31772
cns_midline	31812
cns_midline	31897
cns_midline	32112
cns_midline	32282
cns_midline	32321
cns_midline	32446
cns_midline	32664
cns_midline	32865
cns_midline	32955
cns_midline	32989
cns_midline	33390
cns_midline	33460
cns_midline	33462
cns_midline	33554
cns_midline	33715
cns_midline	33906
cns_midline	33943
cns_midline	33983
cns_midline	33989
cns_midline	34183
cns_midline	34363
cns_midline	34371
cns_midline	34434
cns_midline	34485
cns_midline	34548
cns_midline	35027
cns_midline	35125
cns_midline	35230
cns_midline	35453
cns_midline	35654
cns_midline	35712
cns_midline	35713
cns_midline	35798
cns_midline	35880
cns_midline	35892
cns_midline	35925
cns_midline	36042
cns_midline	36053
cns_midline	36058
cns_midline	36344
cns_midline	36355
cns_midline	36496
cns_midline	36576
cns_midline	36747
cns_midline	36774
cns_midline	36797
cns_midline	37006
cns_midline	37043
cns_midline	37137
cns_midline	37185
cns_midline	37229
cns_midline	37342
cns_midline	37389
cns_midline	37434
cns_midline	37580
cns_midline	37646
cns_midline	37872
cns_midline	38011
cns_midline	38045
cns_midline	38072
cns_midline	38150
cns_midline	38159
cns_midline	38206
cns_midline	38397
cns_midline	326206
cns_midline	38542
cns_midline	38634
cns_midline	38645
cns_midline	38819
cns_midline	38820
cns_midline	38944
cns_midline	39138
cns_midline	39150
cns_midline	39210
cns_midline	39294
cns_midline	39338
cns_midline	39403
cns_midline	39408
cns_midline	39483
cns_midline	39593
cns_midline	39624
cns_midline	39909
cns_midline	40001
cns_midline	40004
cns_midline	40091
cns_midline	40139
cns_midline	40278
cns_midline	40302
cns_midline	40433
cns_midline	40569
cns_midline	40654
cns_midline	40761
cns_midline	41807
cns_midline	41837
cns_midline	42183
cns_midline	42292
cns_midline	42298
cns_midline	42516
cns_midline	42633
cns_midline	42662
cns_midline	42787
cns_midline	42788
cns_midline	42807
cns_midline	42963
cns_midline	43103
cns_midline	43315
cns_midline	43374
cns_midline	43488
cns_midline	43529
cns_midline	43585
cns_midline	43691
cns_midline	43693
cns_midline	43694
cns_midline	43830
cns_midline	49892
cns_midline	3355144
cns_midline	53428
cns_midline	53442
cns_midline	31056
cns_midline	31055
cns_midline	50073
cns_midline	39270
cns_midline	39596
cns_midline	59151
cns_midline	192507
cns_midline	31328
cns_midline	31220
cns_midline	2768992
cns_midline	39152
cns_midline	39151
cns_midline	39149
cns_midline	248194
cns_midline	3771726
cns_midline	36736
cns_midline	37146
cns_midline	246582
cns_midline	40567
cns_midline	34320
cns_midline	326216
cns_midline	318059
cns_midline	31089
cns_midline	36131
cns_midline	318824
cns_midline	117331
cns_midline	3346176
cns_midline	2768716
cns_midline	3772633
cns_midline	251466
cns_midline	8673975
cns_midline	35588
cns_midline	43769
cns_midline	31987
cns_midline	31591
cns_midline	33905
cns_midline	326237
cns_midline	32245
cns_midline	35099
cns_midline	44059
cns_midline	44013
cns_midline	35118
cns_midline	33194
cns_midline	39683
cns_midline	39130
cns_midline	37521
cns_midline	34359
cns_midline	37853
cns_midline	7354421
cns_midline	7354424
cns_midline	3772557
cns_midline	37873
cns_midline	36286
cns_midline	35047
cns_midline	40905
cns_midline	37228
cns_midline	33339
cns_midline	34839
cns_midline	35098
cns_midline	41200
cns_midline	44783
cns_midline	40785
cns_midline	31773
cns_midline	39831
cns_midline	49045
cns_midline	34179
cns_midline	10178964
cns_midline	41783
cns_midline	43222
cns_midline	31310
cns_midline	41721
cns_midline	45780
cns_midline	34004
cns_midline	318843
cns_midline	12797906
cns_midline	37230
cns_midline	38347
cns_midline	41666
cns_midline	2768685
cns_midline	42671
cns_midline	31459
cns_midline	36746
cns_midline	42515
cns_midline	35007
cns_midline	34032
cns_midline	33981
cns_midline	36658
cns_midline	31792
cns_midline	36753
cns_midline	36945
cns_midline	32846
cns_midline	36740
cns_midline	43415
cns_midline	31424
cns_midline	32136
cns_midline	41823
cns_midline	42691
cns_midline	39645
cns_midline	35512
cns_midline	42595
cns_midline	32183
cns_midline	44071
cns_midline	26067324
cns_midline	39561
cns_midline	42306
cns_midline	42549
cns_midline	31136
cns_midline	35882
cns_midline	39564
cns_midline	35988
cns_midline	37846
cns_midline	246653
cns_midline	35053
cns_midline	33930
cns_midline	54520509
cns_midline	31615
cns_midline	37888
all_dm6_minus_cns_midline	30970
all_dm6_minus_cns_midline	30971
all_dm6_minus_cns_midline	30972
all_dm6_minus_cns_midline	30973
all_dm6_minus_cns_midline	30976
all_dm6_minus_cns_midline	30977
all_dm6_minus_cns_midline	30978
all_dm6_minus_cns_midline	30979
all_dm6_minus_cns_midline	30980
all_dm6_minus_cns_midline	30981
all_dm6_minus_cns_midline	30984
all_dm6_minus_cns_midline	30986
all_dm6_minus_cns_midline	30988
all_dm6_minus_cns_midline	30990
all_dm6_minus_cns_midline	30991
all_dm6_minus_cns_midline	30994
all_dm6_minus_cns_midline	30995
all_dm6_minus_cns_midline	30996
all_dm6_minus_cns_midline	30998
all_dm6_minus_cns_midline	31001
all_dm6_minus_cns_midline	31002
all_dm6_minus_cns_midline	31004
all_dm6_minus_cns_midline	31005
all_dm6_minus_cns_midline	31006
all_dm6_minus_cns_midline	31007
all_dm6_minus_cns_midline	31010
all_dm6_minus_cns_midline	31011
all_dm6_minus_cns_midline	31012
all_dm6_minus_cns_midline	31013
all_dm6_minus_cns_midline	31014
all_dm6_minus_cns_midline	31015
all_dm6_minus_cns_midline	31016
all_dm6_minus_cns_midline	31017
all_dm6_minus_cns_midline	31018
all_dm6_minus_cns_midline	31019
all_dm6_minus_cns_midline	31020
all_dm6_minus_cns_midline	31021
all_dm6_minus_cns_midline	31023
all_dm6_minus_cns_midline	31024
all_dm6_minus_cns_midline	31025
all_dm6_minus_cns_midline	31026
all_dm6_minus_cns_midline	31028
all_dm6_minus_cns_midline	31029
all_dm6_minus_cns_midline	31030
all_dm6_minus_cns_midline	31031
all_dm6_minus_cns_midline	31032
all_dm6_minus_cns_midline	31033
all_dm6_minus_cns_midline	31036
all_dm6_minus_cns_midline	31037
all_dm6_minus_cns_midline	31038
all_dm6_minus_cns_midline	31039
all_dm6_minus_cns_midline	31042
all_dm6_minus_cns_midline	31043
all_dm6_minus_cns_midline	31044
all_dm6_minus_cns_midline	31045
all_dm6_minus_cns_midline	31046
all_dm6_minus_cns_midline	31047
all_dm6_minus_cns_midline	31048
all_dm6_minus_cns_midline	31049
all_dm6_minus_cns_midline	31050
all_dm6_minus_cns_midline	31054
all_dm6_minus_cns_midline	31057
all_dm6_minus_cns_midline	31059
all_dm6_minus_cns_midline	31060
all_dm6_minus_cns_midline	31061
all_dm6_minus_cns_midline	31062
all_dm6_minus_cns_midline	31063
all_dm6_minus_cns_midline	31065
all_dm6_minus_cns_midline	31066
all_dm6_minus_cns_midline	31067
all_dm6_minus_cns_midline	31068
all_dm6_minus_cns_midline	31069
all_dm6_minus_cns_midline	31070
all_dm6_minus_cns_midline	31071
all_dm6_minus_cns_midline	31072
all_dm6_minus_cns_midline	31074
all_dm6_minus_cns_midline	31075
all_dm6_minus_cns_midline	31079
all_dm6_minus_cns_midline	31081
all_dm6_minus_cns_midline	31082
all_dm6_minus_cns_midline	31084
all_dm6_minus_cns_midline	31085
all_dm6_minus_cns_midline	31090
all_dm6_minus_cns_midline	31093
all_dm6_minus_cns_midline	31094
all_dm6_minus_cns_midline	31095
all_dm6_minus_cns_midline	31096
all_dm6_minus_cns_midline	31097
all_dm6_minus_cns_midline	31098
all_dm6_minus_cns_midline	31099
all_dm6_minus_cns_midline	31100
all_dm6_minus_cns_midline	31101
all_dm6_minus_cns_midline	31102
all_dm6_minus_cns_midline	31103
all_dm6_minus_cns_midline	31104
all_dm6_minus_cns_midline	31105
all_dm6_minus_cns_midline	31106
all_dm6_minus_cns_midline	31107
all_dm6_minus_cns_midline	31109
all_dm6_minus_cns_midline	31110
all_dm6_minus_cns_midline	31111
all_dm6_minus_cns_midline	31119
all_dm6_minus_cns_midline	31120
all_dm6_minus_cns_midline	31121
all_dm6_minus_cns_midline	31123
all_dm6_minus_cns_midline	31124
all_dm6_minus_cns_midline	31126
all_dm6_minus_cns_midline	31127
all_dm6_minus_cns_midline	31128
all_dm6_minus_cns_midline	31129
all_dm6_minus_cns_midline	31130
all_dm6_minus_cns_midline	31131
all_dm6_minus_cns_midline	31132
all_dm6_minus_cns_midline	31137
all_dm6_minus_cns_midline	31139
all_dm6_minus_cns_midline	31140
all_dm6_minus_cns_midline	31141
all_dm6_minus_cns_midline	31142
all_dm6_minus_cns_midline	31143
all_dm6_minus_cns_midline	31144
all_dm6_minus_cns_midline	31145
all_dm6_minus_cns_midline	31146
all_dm6_minus_cns_midline	31147
all_dm6_minus_cns_midline	31148
all_dm6_minus_cns_midline	31149
all_dm6_minus_cns_midline	31150
all_dm6_minus_cns_midline	31151
all_dm6_minus_cns_midline	31152
all_dm6_minus_cns_midline	31153
all_dm6_minus_cns_midline	31154
all_dm6_minus_cns_midline	31155
all_dm6_minus_cns_midline	31156
all_dm6_minus_cns_midline	31157
all_dm6_minus_cns_midline	31158
all_dm6_minus_cns_midline	31160
all_dm6_minus_cns_midline	31162
all_dm6_minus_cns_midline	31163
all_dm6_minus_cns_midline	31165
all_dm6_minus_cns_midline	31166
all_dm6_minus_cns_midline	31167
all_dm6_minus_cns_midline	31168
all_dm6_minus_cns_midline	31169
all_dm6_minus_cns_midline	31170
all_dm6_minus_cns_midline	31171
all_dm6_minus_cns_midline	31172
all_dm6_minus_cns_midline	31173
all_dm6_minus_cns_midline	31174
all_dm6_minus_cns_midline	31175
all_dm6_minus_cns_midline	31176
all_dm6_minus_cns_midline	31177
all_dm6_minus_cns_midline	31178
all_dm6_minus_cns_midline	31179
all_dm6_minus_cns_midline	31181
all_dm6_minus_cns_midline	31184
all_dm6_minus_cns_midline	31185
all_dm6_minus_cns_midline	31186
all_dm6_minus_cns_midline	31187
all_dm6_minus_cns_midline	31188
all_dm6_minus_cns_midline	31189
all_dm6_minus_cns_midline	31190
all_dm6_minus_cns_midline	31192
all_dm6_minus_cns_midline	31193
all_dm6_minus_cns_midline	31194
all_dm6_minus_cns_midline	31196
all_dm6_minus_cns_midline	31197
all_dm6_minus_cns_midline	31198
all_dm6_minus_cns_midline	31200
all_dm6_minus_cns_midline	31201
all_dm6_minus_cns_midline	31204
all_dm6_minus_cns_midline	31205
all_dm6_minus_cns_midline	31207
all_dm6_minus_cns_midline	31208
all_dm6_minus_cns_midline	31209
all_dm6_minus_cns_midline	31210
all_dm6_minus_cns_midline	31211
all_dm6_minus_cns_midline	31212
all_dm6_minus_cns_midline	31213
all_dm6_minus_cns_midline	31214
all_dm6_minus_cns_midline	31215
all_dm6_minus_cns_midline	31217
all_dm6_minus_cns_midline	31218
all_dm6_minus_cns_midline	31219
all_dm6_minus_cns_midline	31221
all_dm6_minus_cns_midline	31222
all_dm6_minus_cns_midline	31224
all_dm6_minus_cns_midline	31226
all_dm6_minus_cns_midline	31227
all_dm6_minus_cns_midline	31228
all_dm6_minus_cns_midline	31229
all_dm6_minus_cns_midline	31230
all_dm6_minus_cns_midline	31234
all_dm6_minus_cns_midline	31235
all_dm6_minus_cns_midline	31236
all_dm6_minus_cns_midline	31237
all_dm6_minus_cns_midline	31239
all_dm6_minus_cns_midline	31240
all_dm6_minus_cns_midline	31244
all_dm6_minus_cns_midline	31245
all_dm6_minus_cns_midline	31246
all_dm6_minus_cns_midline	31247
all_dm6_minus_cns_midline	31248
all_dm6_minus_cns_midline	31250
all_dm6_minus_cns_midline	31251
all_dm6_minus_cns_midline	31252
all_dm6_minus_cns_midline	31253
all_dm6_minus_cns_midline	31254
all_dm6_minus_cns_midline	31255
all_dm6_minus_cns_midline	31257
all_dm6_minus_cns_midline	31258
all_dm6_minus_cns_midline	31259
all_dm6_minus_cns_midline	31260
all_dm6_minus_cns_midline	31261
all_dm6_minus_cns_midline	31262
all_dm6_minus_cns_midline	31263
all_dm6_minus_cns_midline	31264
all_dm6_minus_cns_midline	31265
all_dm6_minus_cns_midline	31266
all_dm6_minus_cns_midline	31267
all_dm6_minus_cns_midline	31268
all_dm6_minus_cns_midline	31269
all_dm6_minus_cns_midline	31270
all_dm6_minus_cns_midline	31272
all_dm6_minus_cns_midline	31273
all_dm6_minus_cns_midline	31274
all_dm6_minus_cns_midline	31275
all_dm6_minus_cns_midline	31276
all_dm6_minus_cns_midline	31277
all_dm6_minus_cns_midline	31278
all_dm6_minus_cns_midline	31279
all_dm6_minus_cns_midline	31280
all_dm6_minus_cns_midline	31282
all_dm6_minus_cns_midline	31283
all_dm6_minus_cns_midline	31284
all_dm6_minus_cns_midline	31285
all_dm6_minus_cns_midline	31286
all_dm6_minus_cns_midline	31287
all_dm6_minus_cns_midline	31288
all_dm6_minus_cns_midline	31289
all_dm6_minus_cns_midline	31291
all_dm6_minus_cns_midline	31292
all_dm6_minus_cns_midline	31293
all_dm6_minus_cns_midline	31294
all_dm6_minus_cns_midline	31295
all_dm6_minus_cns_midline	31297
all_dm6_minus_cns_midline	31298
all_dm6_minus_cns_midline	31299
all_dm6_minus_cns_midline	31300
all_dm6_minus_cns_midline	31301
all_dm6_minus_cns_midline	31303
all_dm6_minus_cns_midline	31304
all_dm6_minus_cns_midline	31308
all_dm6_minus_cns_midline	31309
all_dm6_minus_cns_midline	31311
all_dm6_minus_cns_midline	31312
all_dm6_minus_cns_midline	31313
all_dm6_minus_cns_midline	31314
all_dm6_minus_cns_midline	31315
all_dm6_minus_cns_midline	31316
all_dm6_minus_cns_midline	31317
all_dm6_minus_cns_midline	31318
all_dm6_minus_cns_midline	31319
all_dm6_minus_cns_midline	31320
all_dm6_minus_cns_midline	31321
all_dm6_minus_cns_midline	31323
all_dm6_minus_cns_midline	31326
all_dm6_minus_cns_midline	31329
all_dm6_minus_cns_midline	31332
all_dm6_minus_cns_midline	31335
all_dm6_minus_cns_midline	31336
all_dm6_minus_cns_midline	31338
all_dm6_minus_cns_midline	31339
all_dm6_minus_cns_midline	31340
all_dm6_minus_cns_midline	31341
all_dm6_minus_cns_midline	31342
all_dm6_minus_cns_midline	31343
all_dm6_minus_cns_midline	31344
all_dm6_minus_cns_midline	31347
all_dm6_minus_cns_midline	31348
all_dm6_minus_cns_midline	31349
all_dm6_minus_cns_midline	31350
all_dm6_minus_cns_midline	31351
all_dm6_minus_cns_midline	31352
all_dm6_minus_cns_midline	31353
all_dm6_minus_cns_midline	31355
all_dm6_minus_cns_midline	31356
all_dm6_minus_cns_midline	31357
all_dm6_minus_cns_midline	31358
all_dm6_minus_cns_midline	31359
all_dm6_minus_cns_midline	31361
all_dm6_minus_cns_midline	31362
all_dm6_minus_cns_midline	31363
all_dm6_minus_cns_midline	31364
all_dm6_minus_cns_midline	31365
all_dm6_minus_cns_midline	31366
all_dm6_minus_cns_midline	31367
all_dm6_minus_cns_midline	31368
all_dm6_minus_cns_midline	31369
all_dm6_minus_cns_midline	31370
all_dm6_minus_cns_midline	31371
all_dm6_minus_cns_midline	31372
all_dm6_minus_cns_midline	31373
all_dm6_minus_cns_midline	31374
all_dm6_minus_cns_midline	31375
all_dm6_minus_cns_midline	31376
all_dm6_minus_cns_midline	31377
all_dm6_minus_cns_midline	31379
all_dm6_minus_cns_midline	31380
all_dm6_minus_cns_midline	31381
all_dm6_minus_cns_midline	31382
all_dm6_minus_cns_midline	31383
all_dm6_minus_cns_midline	31384
all_dm6_minus_cns_midline	31385
all_dm6_minus_cns_midline	31386
all_dm6_minus_cns_midline	31387
all_dm6_minus_cns_midline	31388
all_dm6_minus_cns_midline	31389
all_dm6_minus_cns_midline	31390
all_dm6_minus_cns_midline	31391
all_dm6_minus_cns_midline	31392
all_dm6_minus_cns_midline	31393
all_dm6_minus_cns_midline	31394
all_dm6_minus_cns_midline	31395
all_dm6_minus_cns_midline	31396
all_dm6_minus_cns_midline	31397
all_dm6_minus_cns_midline	31398
all_dm6_minus_cns_midline	31399
all_dm6_minus_cns_midline	31401
all_dm6_minus_cns_midline	31402
all_dm6_minus_cns_midline	31404
all_dm6_minus_cns_midline	31405
all_dm6_minus_cns_midline	31406
all_dm6_minus_cns_midline	31407
all_dm6_minus_cns_midline	31408
all_dm6_minus_cns_midline	31409
all_dm6_minus_cns_midline	31410
all_dm6_minus_cns_midline	31411
all_dm6_minus_cns_midline	31412
all_dm6_minus_cns_midline	31413
all_dm6_minus_cns_midline	31414
all_dm6_minus_cns_midline	31415
all_dm6_minus_cns_midline	31416
all_dm6_minus_cns_midline	31419
all_dm6_minus_cns_midline	31420
all_dm6_minus_cns_midline	31422
all_dm6_minus_cns_midline	31423
all_dm6_minus_cns_midline	31426
all_dm6_minus_cns_midline	31427
all_dm6_minus_cns_midline	31429
all_dm6_minus_cns_midline	31430
all_dm6_minus_cns_midline	31433
all_dm6_minus_cns_midline	31434
all_dm6_minus_cns_midline	31435
all_dm6_minus_cns_midline	31438
all_dm6_minus_cns_midline	31439
all_dm6_minus_cns_midline	31440
all_dm6_minus_cns_midline	31441
all_dm6_minus_cns_midline	31442
all_dm6_minus_cns_midline	31443
all_dm6_minus_cns_midline	31444
all_dm6_minus_cns_midline	31445
all_dm6_minus_cns_midline	31446
all_dm6_minus_cns_midline	31447
all_dm6_minus_cns_midline	31448
all_dm6_minus_cns_midline	31449
all_dm6_minus_cns_midline	31450
all_dm6_minus_cns_midline	31451
all_dm6_minus_cns_midline	31456
all_dm6_minus_cns_midline	31457
all_dm6_minus_cns_midline	31458
all_dm6_minus_cns_midline	31460
all_dm6_minus_cns_midline	31461
all_dm6_minus_cns_midline	31463
all_dm6_minus_cns_midline	31464
all_dm6_minus_cns_midline	31465
all_dm6_minus_cns_midline	31466
all_dm6_minus_cns_midline	31469
all_dm6_minus_cns_midline	31470
all_dm6_minus_cns_midline	31471
all_dm6_minus_cns_midline	31472
all_dm6_minus_cns_midline	31473
all_dm6_minus_cns_midline	31474
all_dm6_minus_cns_midline	31475
all_dm6_minus_cns_midline	31480
all_dm6_minus_cns_midline	31481
all_dm6_minus_cns_midline	31483
all_dm6_minus_cns_midline	31486
all_dm6_minus_cns_midline	31487
all_dm6_minus_cns_midline	31489
all_dm6_minus_cns_midline	31490
all_dm6_minus_cns_midline	31491
all_dm6_minus_cns_midline	31493
all_dm6_minus_cns_midline	31494
all_dm6_minus_cns_midline	31496
all_dm6_minus_cns_midline	31497
all_dm6_minus_cns_midline	31498
all_dm6_minus_cns_midline	31499
all_dm6_minus_cns_midline	31500
all_dm6_minus_cns_midline	31504
all_dm6_minus_cns_midline	31506
all_dm6_minus_cns_midline	31507
all_dm6_minus_cns_midline	31508
all_dm6_minus_cns_midline	31509
all_dm6_minus_cns_midline	31510
all_dm6_minus_cns_midline	31511
all_dm6_minus_cns_midline	31512
all_dm6_minus_cns_midline	31515
all_dm6_minus_cns_midline	31516
all_dm6_minus_cns_midline	31517
all_dm6_minus_cns_midline	31518
all_dm6_minus_cns_midline	31519
all_dm6_minus_cns_midline	31520
all_dm6_minus_cns_midline	31521
all_dm6_minus_cns_midline	31522
all_dm6_minus_cns_midline	31523
all_dm6_minus_cns_midline	31524
all_dm6_minus_cns_midline	31525
all_dm6_minus_cns_midline	31526
all_dm6_minus_cns_midline	31527
all_dm6_minus_cns_midline	31528
all_dm6_minus_cns_midline	31529
all_dm6_minus_cns_midline	31532
all_dm6_minus_cns_midline	31533
all_dm6_minus_cns_midline	31535
all_dm6_minus_cns_midline	31536
all_dm6_minus_cns_midline	31537
all_dm6_minus_cns_midline	31538
all_dm6_minus_cns_midline	31539
all_dm6_minus_cns_midline	31541
all_dm6_minus_cns_midline	31542
all_dm6_minus_cns_midline	31543
all_dm6_minus_cns_midline	31544
all_dm6_minus_cns_midline	31547
all_dm6_minus_cns_midline	31550
all_dm6_minus_cns_midline	31551
all_dm6_minus_cns_midline	31552
all_dm6_minus_cns_midline	31553
all_dm6_minus_cns_midline	31554
all_dm6_minus_cns_midline	31555
all_dm6_minus_cns_midline	31556
all_dm6_minus_cns_midline	31557
all_dm6_minus_cns_midline	31558
all_dm6_minus_cns_midline	31560
all_dm6_minus_cns_midline	31562
all_dm6_minus_cns_midline	31564
all_dm6_minus_cns_midline	31565
all_dm6_minus_cns_midline	31566
all_dm6_minus_cns_midline	31567
all_dm6_minus_cns_midline	31568
all_dm6_minus_cns_midline	31571
all_dm6_minus_cns_midline	31572
all_dm6_minus_cns_midline	31573
all_dm6_minus_cns_midline	31574
all_dm6_minus_cns_midline	31576
all_dm6_minus_cns_midline	31577
all_dm6_minus_cns_midline	31578
all_dm6_minus_cns_midline	31579
all_dm6_minus_cns_midline	31580
all_dm6_minus_cns_midline	31582
all_dm6_minus_cns_midline	31585
all_dm6_minus_cns_midline	31586
all_dm6_minus_cns_midline	31587
all_dm6_minus_cns_midline	31588
all_dm6_minus_cns_midline	31589
all_dm6_minus_cns_midline	31592
all_dm6_minus_cns_midline	31593
all_dm6_minus_cns_midline	31594
all_dm6_minus_cns_midline	31595
all_dm6_minus_cns_midline	31596
all_dm6_minus_cns_midline	31597
all_dm6_minus_cns_midline	31598
all_dm6_minus_cns_midline	31600
all_dm6_minus_cns_midline	31601
all_dm6_minus_cns_midline	31602
all_dm6_minus_cns_midline	31603
all_dm6_minus_cns_midline	31604
all_dm6_minus_cns_midline	31605
all_dm6_minus_cns_midline	31606
all_dm6_minus_cns_midline	31607
all_dm6_minus_cns_midline	31608
all_dm6_minus_cns_midline	31609
all_dm6_minus_cns_midline	31610
all_dm6_minus_cns_midline	31611
all_dm6_minus_cns_midline	31613
all_dm6_minus_cns_midline	31614
all_dm6_minus_cns_midline	31617
all_dm6_minus_cns_midline	31618
all_dm6_minus_cns_midline	31621
all_dm6_minus_cns_midline	31622
all_dm6_minus_cns_midline	31623
all_dm6_minus_cns_midline	31624
all_dm6_minus_cns_midline	31625
all_dm6_minus_cns_midline	31626
all_dm6_minus_cns_midline	31628
all_dm6_minus_cns_midline	31629
all_dm6_minus_cns_midline	31630
all_dm6_minus_cns_midline	31631
all_dm6_minus_cns_midline	31632
all_dm6_minus_cns_midline	31638
all_dm6_minus_cns_midline	31639
all_dm6_minus_cns_midline	31641
all_dm6_minus_cns_midline	31642
all_dm6_minus_cns_midline	31644
all_dm6_minus_cns_midline	31645
all_dm6_minus_cns_midline	31647
all_dm6_minus_cns_midline	31648
all_dm6_minus_cns_midline	31649
all_dm6_minus_cns_midline	31650
all_dm6_minus_cns_midline	31651
all_dm6_minus_cns_midline	31652
all_dm6_minus_cns_midline	31653
all_dm6_minus_cns_midline	31656
all_dm6_minus_cns_midline	31657
all_dm6_minus_cns_midline	31658
all_dm6_minus_cns_midline	31659
all_dm6_minus_cns_midline	31660
all_dm6_minus_cns_midline	31661
all_dm6_minus_cns_midline	31662
all_dm6_minus_cns_midline	31663
all_dm6_minus_cns_midline	31664
all_dm6_minus_cns_midline	31666
all_dm6_minus_cns_midline	31667
all_dm6_minus_cns_midline	31668
all_dm6_minus_cns_midline	31669
all_dm6_minus_cns_midline	31670
all_dm6_minus_cns_midline	31671
all_dm6_minus_cns_midline	31672
all_dm6_minus_cns_midline	31673
all_dm6_minus_cns_midline	31674
all_dm6_minus_cns_midline	31675
all_dm6_minus_cns_midline	31676
all_dm6_minus_cns_midline	31678
all_dm6_minus_cns_midline	31679
all_dm6_minus_cns_midline	31680
all_dm6_minus_cns_midline	31681
all_dm6_minus_cns_midline	31682
all_dm6_minus_cns_midline	31683
all_dm6_minus_cns_midline	31684
all_dm6_minus_cns_midline	31686
all_dm6_minus_cns_midline	31687
all_dm6_minus_cns_midline	31688
all_dm6_minus_cns_midline	31689
all_dm6_minus_cns_midline	31690
all_dm6_minus_cns_midline	31691
all_dm6_minus_cns_midline	31692
all_dm6_minus_cns_midline	31694
all_dm6_minus_cns_midline	31695
all_dm6_minus_cns_midline	31697
all_dm6_minus_cns_midline	31698
all_dm6_minus_cns_midline	31700
all_dm6_minus_cns_midline	31701
all_dm6_minus_cns_midline	31702
all_dm6_minus_cns_midline	31704
all_dm6_minus_cns_midline	31705
all_dm6_minus_cns_midline	31706
all_dm6_minus_cns_midline	31707
all_dm6_minus_cns_midline	31708
all_dm6_minus_cns_midline	31712
all_dm6_minus_cns_midline	31713
all_dm6_minus_cns_midline	31714
all_dm6_minus_cns_midline	31715
all_dm6_minus_cns_midline	31716
all_dm6_minus_cns_midline	31717
all_dm6_minus_cns_midline	31718
all_dm6_minus_cns_midline	31720
all_dm6_minus_cns_midline	31721
all_dm6_minus_cns_midline	31722
all_dm6_minus_cns_midline	31724
all_dm6_minus_cns_midline	31725
all_dm6_minus_cns_midline	31726
all_dm6_minus_cns_midline	31727
all_dm6_minus_cns_midline	31729
all_dm6_minus_cns_midline	31731
all_dm6_minus_cns_midline	31732
all_dm6_minus_cns_midline	31733
all_dm6_minus_cns_midline	31735
all_dm6_minus_cns_midline	31736
all_dm6_minus_cns_midline	31737
all_dm6_minus_cns_midline	31738
all_dm6_minus_cns_midline	31739
all_dm6_minus_cns_midline	31740
all_dm6_minus_cns_midline	31741
all_dm6_minus_cns_midline	31742
all_dm6_minus_cns_midline	31743
all_dm6_minus_cns_midline	31744
all_dm6_minus_cns_midline	31745
all_dm6_minus_cns_midline	31746
all_dm6_minus_cns_midline	31747
all_dm6_minus_cns_midline	31748
all_dm6_minus_cns_midline	31749
all_dm6_minus_cns_midline	31750
all_dm6_minus_cns_midline	31751
all_dm6_minus_cns_midline	31759
all_dm6_minus_cns_midline	31760
all_dm6_minus_cns_midline	31761
all_dm6_minus_cns_midline	31762
all_dm6_minus_cns_midline	31763
all_dm6_minus_cns_midline	31764
all_dm6_minus_cns_midline	31765
all_dm6_minus_cns_midline	31766
all_dm6_minus_cns_midline	31767
all_dm6_minus_cns_midline	31770
all_dm6_minus_cns_midline	31771
all_dm6_minus_cns_midline	31775
all_dm6_minus_cns_midline	31776
all_dm6_minus_cns_midline	31777
all_dm6_minus_cns_midline	31778
all_dm6_minus_cns_midline	31779
all_dm6_minus_cns_midline	31780
all_dm6_minus_cns_midline	31781
all_dm6_minus_cns_midline	31782
all_dm6_minus_cns_midline	31785
all_dm6_minus_cns_midline	31787
all_dm6_minus_cns_midline	31788
all_dm6_minus_cns_midline	31789
all_dm6_minus_cns_midline	31791
all_dm6_minus_cns_midline	31793
all_dm6_minus_cns_midline	31794
all_dm6_minus_cns_midline	31795
all_dm6_minus_cns_midline	31796
all_dm6_minus_cns_midline	31797
all_dm6_minus_cns_midline	31798
all_dm6_minus_cns_midline	31799
all_dm6_minus_cns_midline	31800
all_dm6_minus_cns_midline	31801
all_dm6_minus_cns_midline	31803
all_dm6_minus_cns_midline	31804
all_dm6_minus_cns_midline	31805
all_dm6_minus_cns_midline	31806
all_dm6_minus_cns_midline	31807
all_dm6_minus_cns_midline	31808
all_dm6_minus_cns_midline	31809
all_dm6_minus_cns_midline	31810
all_dm6_minus_cns_midline	31811
all_dm6_minus_cns_midline	31813
all_dm6_minus_cns_midline	31815
all_dm6_minus_cns_midline	31816
all_dm6_minus_cns_midline	31817
all_dm6_minus_cns_midline	31818
all_dm6_minus_cns_midline	31822
all_dm6_minus_cns_midline	31824
all_dm6_minus_cns_midline	31825
all_dm6_minus_cns_midline	31826
all_dm6_minus_cns_midline	31829
all_dm6_minus_cns_midline	31830
all_dm6_minus_cns_midline	31833
all_dm6_minus_cns_midline	31834
all_dm6_minus_cns_midline	31835
all_dm6_minus_cns_midline	31837
all_dm6_minus_cns_midline	31838
all_dm6_minus_cns_midline	31839
all_dm6_minus_cns_midline	31840
all_dm6_minus_cns_midline	31841
all_dm6_minus_cns_midline	31842
all_dm6_minus_cns_midline	31843
all_dm6_minus_cns_midline	31844
all_dm6_minus_cns_midline	31845
all_dm6_minus_cns_midline	31846
all_dm6_minus_cns_midline	31848
all_dm6_minus_cns_midline	31849
all_dm6_minus_cns_midline	31851
all_dm6_minus_cns_midline	31853
all_dm6_minus_cns_midline	31854
all_dm6_minus_cns_midline	31855
all_dm6_minus_cns_midline	31856
all_dm6_minus_cns_midline	31857
all_dm6_minus_cns_midline	31858
all_dm6_minus_cns_midline	31859
all_dm6_minus_cns_midline	31860
all_dm6_minus_cns_midline	31861
all_dm6_minus_cns_midline	31862
all_dm6_minus_cns_midline	31863
all_dm6_minus_cns_midline	31864
all_dm6_minus_cns_midline	31865
all_dm6_minus_cns_midline	31866
all_dm6_minus_cns_midline	31867
all_dm6_minus_cns_midline	31869
all_dm6_minus_cns_midline	31872
all_dm6_minus_cns_midline	31873
all_dm6_minus_cns_midline	31874
all_dm6_minus_cns_midline	31877
all_dm6_minus_cns_midline	31879
all_dm6_minus_cns_midline	31880
all_dm6_minus_cns_midline	31881
all_dm6_minus_cns_midline	31883
all_dm6_minus_cns_midline	31887
all_dm6_minus_cns_midline	31890
all_dm6_minus_cns_midline	31896
all_dm6_minus_cns_midline	31898
all_dm6_minus_cns_midline	31899
all_dm6_minus_cns_midline	31902
all_dm6_minus_cns_midline	31903
all_dm6_minus_cns_midline	31904
all_dm6_minus_cns_midline	31905
all_dm6_minus_cns_midline	31907
all_dm6_minus_cns_midline	31909
all_dm6_minus_cns_midline	31912
all_dm6_minus_cns_midline	31914
all_dm6_minus_cns_midline	31915
all_dm6_minus_cns_midline	31917
all_dm6_minus_cns_midline	31918
all_dm6_minus_cns_midline	31919
all_dm6_minus_cns_midline	31920
all_dm6_minus_cns_midline	31921
all_dm6_minus_cns_midline	31922
all_dm6_minus_cns_midline	31923
all_dm6_minus_cns_midline	31924
all_dm6_minus_cns_midline	31925
all_dm6_minus_cns_midline	31926
all_dm6_minus_cns_midline	31927
all_dm6_minus_cns_midline	31928
all_dm6_minus_cns_midline	31929
all_dm6_minus_cns_midline	31931
all_dm6_minus_cns_midline	31933
all_dm6_minus_cns_midline	31934
all_dm6_minus_cns_midline	31935
all_dm6_minus_cns_midline	31938
all_dm6_minus_cns_midline	31939
all_dm6_minus_cns_midline	31940
all_dm6_minus_cns_midline	31942
all_dm6_minus_cns_midline	31943
all_dm6_minus_cns_midline	31944
all_dm6_minus_cns_midline	31945
all_dm6_minus_cns_midline	31947
all_dm6_minus_cns_midline	31948
all_dm6_minus_cns_midline	31949
all_dm6_minus_cns_midline	31950
all_dm6_minus_cns_midline	31952
all_dm6_minus_cns_midline	31953
all_dm6_minus_cns_midline	31954
all_dm6_minus_cns_midline	31955
all_dm6_minus_cns_midline	31957
all_dm6_minus_cns_midline	31958
all_dm6_minus_cns_midline	31960
all_dm6_minus_cns_midline	31961
all_dm6_minus_cns_midline	31962
all_dm6_minus_cns_midline	31964
all_dm6_minus_cns_midline	31965
all_dm6_minus_cns_midline	31966
all_dm6_minus_cns_midline	31967
all_dm6_minus_cns_midline	31970
all_dm6_minus_cns_midline	31971
all_dm6_minus_cns_midline	31973
all_dm6_minus_cns_midline	31975
all_dm6_minus_cns_midline	31976
all_dm6_minus_cns_midline	31977
all_dm6_minus_cns_midline	31978
all_dm6_minus_cns_midline	31979
all_dm6_minus_cns_midline	31980
all_dm6_minus_cns_midline	31986
all_dm6_minus_cns_midline	31988
all_dm6_minus_cns_midline	31989
all_dm6_minus_cns_midline	31990
all_dm6_minus_cns_midline	31991
all_dm6_minus_cns_midline	31993
all_dm6_minus_cns_midline	31994
all_dm6_minus_cns_midline	31995
all_dm6_minus_cns_midline	31996
all_dm6_minus_cns_midline	31997
all_dm6_minus_cns_midline	32000
all_dm6_minus_cns_midline	32001
all_dm6_minus_cns_midline	32002
all_dm6_minus_cns_midline	32005
all_dm6_minus_cns_midline	32006
all_dm6_minus_cns_midline	32007
all_dm6_minus_cns_midline	32008
all_dm6_minus_cns_midline	32009
all_dm6_minus_cns_midline	32011
all_dm6_minus_cns_midline	32013
all_dm6_minus_cns_midline	32014
all_dm6_minus_cns_midline	32015
all_dm6_minus_cns_midline	32016
all_dm6_minus_cns_midline	32017
all_dm6_minus_cns_midline	32018
all_dm6_minus_cns_midline	32019
all_dm6_minus_cns_midline	32020
all_dm6_minus_cns_midline	32021
all_dm6_minus_cns_midline	32022
all_dm6_minus_cns_midline	32024
all_dm6_minus_cns_midline	32026
all_dm6_minus_cns_midline	32027
all_dm6_minus_cns_midline	32028
all_dm6_minus_cns_midline	32029
all_dm6_minus_cns_midline	32032
all_dm6_minus_cns_midline	32033
all_dm6_minus_cns_midline	32034
all_dm6_minus_cns_midline	32035
all_dm6_minus_cns_midline	32036
all_dm6_minus_cns_midline	32037
all_dm6_minus_cns_midline	32038
all_dm6_minus_cns_midline	32039
all_dm6_minus_cns_midline	32040
all_dm6_minus_cns_midline	32041
all_dm6_minus_cns_midline	32042
all_dm6_minus_cns_midline	32043
all_dm6_minus_cns_midline	32046
all_dm6_minus_cns_midline	32047
all_dm6_minus_cns_midline	32049
all_dm6_minus_cns_midline	32050
all_dm6_minus_cns_midline	32051
all_dm6_minus_cns_midline	32052
all_dm6_minus_cns_midline	32053
all_dm6_minus_cns_midline	32055
all_dm6_minus_cns_midline	32056
all_dm6_minus_cns_midline	32057
all_dm6_minus_cns_midline	32058
all_dm6_minus_cns_midline	32059
all_dm6_minus_cns_midline	32060
all_dm6_minus_cns_midline	32062
all_dm6_minus_cns_midline	32063
all_dm6_minus_cns_midline	32065
all_dm6_minus_cns_midline	32067
all_dm6_minus_cns_midline	32068
all_dm6_minus_cns_midline	32069
all_dm6_minus_cns_midline	32070
all_dm6_minus_cns_midline	32071
all_dm6_minus_cns_midline	32072
all_dm6_minus_cns_midline	32073
all_dm6_minus_cns_midline	32074
all_dm6_minus_cns_midline	32075
all_dm6_minus_cns_midline	32076
all_dm6_minus_cns_midline	32077
all_dm6_minus_cns_midline	32078
all_dm6_minus_cns_midline	32079
all_dm6_minus_cns_midline	32080
all_dm6_minus_cns_midline	32081
all_dm6_minus_cns_midline	32083
all_dm6_minus_cns_midline	32084
all_dm6_minus_cns_midline	32085
all_dm6_minus_cns_midline	32086
all_dm6_minus_cns_midline	32087
all_dm6_minus_cns_midline	32088
all_dm6_minus_cns_midline	32089
all_dm6_minus_cns_midline	32090
all_dm6_minus_cns_midline	32092
all_dm6_minus_cns_midline	32093
all_dm6_minus_cns_midline	32094
all_dm6_minus_cns_midline	32095
all_dm6_minus_cns_midline	32097
all_dm6_minus_cns_midline	32099
all_dm6_minus_cns_midline	32100
all_dm6_minus_cns_midline	32101
all_dm6_minus_cns_midline	32102
all_dm6_minus_cns_midline	32103
all_dm6_minus_cns_midline	32106
all_dm6_minus_cns_midline	32107
all_dm6_minus_cns_midline	32108
all_dm6_minus_cns_midline	32109
all_dm6_minus_cns_midline	32110
all_dm6_minus_cns_midline	32111
all_dm6_minus_cns_midline	32113
all_dm6_minus_cns_midline	32114
all_dm6_minus_cns_midline	32115
all_dm6_minus_cns_midline	32116
all_dm6_minus_cns_midline	32119
all_dm6_minus_cns_midline	32120
all_dm6_minus_cns_midline	32121
all_dm6_minus_cns_midline	32122
all_dm6_minus_cns_midline	32123
all_dm6_minus_cns_midline	32124
all_dm6_minus_cns_midline	32125
all_dm6_minus_cns_midline	32126
all_dm6_minus_cns_midline	32127
all_dm6_minus_cns_midline	32128
all_dm6_minus_cns_midline	32130
all_dm6_minus_cns_midline	32131
all_dm6_minus_cns_midline	32132
all_dm6_minus_cns_midline	32135
all_dm6_minus_cns_midline	32137
all_dm6_minus_cns_midline	32138
all_dm6_minus_cns_midline	32139
all_dm6_minus_cns_midline	32140
all_dm6_minus_cns_midline	32141
all_dm6_minus_cns_midline	32142
all_dm6_minus_cns_midline	32143
all_dm6_minus_cns_midline	32144
all_dm6_minus_cns_midline	32145
all_dm6_minus_cns_midline	32146
all_dm6_minus_cns_midline	32147
all_dm6_minus_cns_midline	32148
all_dm6_minus_cns_midline	32149
all_dm6_minus_cns_midline	32150
all_dm6_minus_cns_midline	32151
all_dm6_minus_cns_midline	32152
all_dm6_minus_cns_midline	32153
all_dm6_minus_cns_midline	32154
all_dm6_minus_cns_midline	32156
all_dm6_minus_cns_midline	32157
all_dm6_minus_cns_midline	32158
all_dm6_minus_cns_midline	32159
all_dm6_minus_cns_midline	32160
all_dm6_minus_cns_midline	32161
all_dm6_minus_cns_midline	32162
all_dm6_minus_cns_midline	32163
all_dm6_minus_cns_midline	32164
all_dm6_minus_cns_midline	32165
all_dm6_minus_cns_midline	32166
all_dm6_minus_cns_midline	32167
all_dm6_minus_cns_midline	32168
all_dm6_minus_cns_midline	32169
all_dm6_minus_cns_midline	32170
all_dm6_minus_cns_midline	32172
all_dm6_minus_cns_midline	32173
all_dm6_minus_cns_midline	32174
all_dm6_minus_cns_midline	32176
all_dm6_minus_cns_midline	32177
all_dm6_minus_cns_midline	32178
all_dm6_minus_cns_midline	32179
all_dm6_minus_cns_midline	32180
all_dm6_minus_cns_midline	32188
all_dm6_minus_cns_midline	32189
all_dm6_minus_cns_midline	32190
all_dm6_minus_cns_midline	32191
all_dm6_minus_cns_midline	32193
all_dm6_minus_cns_midline	32194
all_dm6_minus_cns_midline	32195
all_dm6_minus_cns_midline	32196
all_dm6_minus_cns_midline	32198
all_dm6_minus_cns_midline	32199
all_dm6_minus_cns_midline	32200
all_dm6_minus_cns_midline	32201
all_dm6_minus_cns_midline	32202
all_dm6_minus_cns_midline	32203
all_dm6_minus_cns_midline	32205
all_dm6_minus_cns_midline	32207
all_dm6_minus_cns_midline	32208
all_dm6_minus_cns_midline	32209
all_dm6_minus_cns_midline	32211
all_dm6_minus_cns_midline	32212
all_dm6_minus_cns_midline	32213
all_dm6_minus_cns_midline	32214
all_dm6_minus_cns_midline	32215
all_dm6_minus_cns_midline	32216
all_dm6_minus_cns_midline	32217
all_dm6_minus_cns_midline	32221
all_dm6_minus_cns_midline	32222
all_dm6_minus_cns_midline	32224
all_dm6_minus_cns_midline	32225
all_dm6_minus_cns_midline	32226
all_dm6_minus_cns_midline	32228
all_dm6_minus_cns_midline	32229
all_dm6_minus_cns_midline	32230
all_dm6_minus_cns_midline	32233
all_dm6_minus_cns_midline	32234
all_dm6_minus_cns_midline	32238
all_dm6_minus_cns_midline	32239
all_dm6_minus_cns_midline	32240
all_dm6_minus_cns_midline	32241
all_dm6_minus_cns_midline	32242
all_dm6_minus_cns_midline	32243
all_dm6_minus_cns_midline	32244
all_dm6_minus_cns_midline	32246
all_dm6_minus_cns_midline	32247
all_dm6_minus_cns_midline	32248
all_dm6_minus_cns_midline	32249
all_dm6_minus_cns_midline	32250
all_dm6_minus_cns_midline	32252
all_dm6_minus_cns_midline	32253
all_dm6_minus_cns_midline	32256
all_dm6_minus_cns_midline	32257
all_dm6_minus_cns_midline	32258
all_dm6_minus_cns_midline	32259
all_dm6_minus_cns_midline	32260
all_dm6_minus_cns_midline	32261
all_dm6_minus_cns_midline	32262
all_dm6_minus_cns_midline	32263
all_dm6_minus_cns_midline	32264
all_dm6_minus_cns_midline	32266
all_dm6_minus_cns_midline	32267
all_dm6_minus_cns_midline	32268
all_dm6_minus_cns_midline	32269
all_dm6_minus_cns_midline	32271
all_dm6_minus_cns_midline	32272
all_dm6_minus_cns_midline	32273
all_dm6_minus_cns_midline	32274
all_dm6_minus_cns_midline	32276
all_dm6_minus_cns_midline	32278
all_dm6_minus_cns_midline	32279
all_dm6_minus_cns_midline	32281
all_dm6_minus_cns_midline	32285
all_dm6_minus_cns_midline	32288
all_dm6_minus_cns_midline	32290
all_dm6_minus_cns_midline	32291
all_dm6_minus_cns_midline	32292
all_dm6_minus_cns_midline	32293
all_dm6_minus_cns_midline	32294
all_dm6_minus_cns_midline	32295
all_dm6_minus_cns_midline	32296
all_dm6_minus_cns_midline	32297
all_dm6_minus_cns_midline	32298
all_dm6_minus_cns_midline	32299
all_dm6_minus_cns_midline	32300
all_dm6_minus_cns_midline	32301
all_dm6_minus_cns_midline	32302
all_dm6_minus_cns_midline	32303
all_dm6_minus_cns_midline	32307
all_dm6_minus_cns_midline	32308
all_dm6_minus_cns_midline	32309
all_dm6_minus_cns_midline	32310
all_dm6_minus_cns_midline	32311
all_dm6_minus_cns_midline	32312
all_dm6_minus_cns_midline	32315
all_dm6_minus_cns_midline	32316
all_dm6_minus_cns_midline	32317
all_dm6_minus_cns_midline	32318
all_dm6_minus_cns_midline	32319
all_dm6_minus_cns_midline	32320
all_dm6_minus_cns_midline	32322
all_dm6_minus_cns_midline	32323
all_dm6_minus_cns_midline	32324
all_dm6_minus_cns_midline	32325
all_dm6_minus_cns_midline	32326
all_dm6_minus_cns_midline	32327
all_dm6_minus_cns_midline	32328
all_dm6_minus_cns_midline	32329
all_dm6_minus_cns_midline	32330
all_dm6_minus_cns_midline	32334
all_dm6_minus_cns_midline	32335
all_dm6_minus_cns_midline	32337
all_dm6_minus_cns_midline	32338
all_dm6_minus_cns_midline	32339
all_dm6_minus_cns_midline	32340
all_dm6_minus_cns_midline	32341
all_dm6_minus_cns_midline	32342
all_dm6_minus_cns_midline	32343
all_dm6_minus_cns_midline	32344
all_dm6_minus_cns_midline	32345
all_dm6_minus_cns_midline	32348
all_dm6_minus_cns_midline	32349
all_dm6_minus_cns_midline	32350
all_dm6_minus_cns_midline	32351
all_dm6_minus_cns_midline	32352
all_dm6_minus_cns_midline	32353
all_dm6_minus_cns_midline	32357
all_dm6_minus_cns_midline	32358
all_dm6_minus_cns_midline	32359
all_dm6_minus_cns_midline	32360
all_dm6_minus_cns_midline	32361
all_dm6_minus_cns_midline	32362
all_dm6_minus_cns_midline	32363
all_dm6_minus_cns_midline	32364
all_dm6_minus_cns_midline	32365
all_dm6_minus_cns_midline	32366
all_dm6_minus_cns_midline	32367
all_dm6_minus_cns_midline	32368
all_dm6_minus_cns_midline	32371
all_dm6_minus_cns_midline	32373
all_dm6_minus_cns_midline	32374
all_dm6_minus_cns_midline	32375
all_dm6_minus_cns_midline	32377
all_dm6_minus_cns_midline	32378
all_dm6_minus_cns_midline	32379
all_dm6_minus_cns_midline	32381
all_dm6_minus_cns_midline	32382
all_dm6_minus_cns_midline	32384
all_dm6_minus_cns_midline	32385
all_dm6_minus_cns_midline	32386
all_dm6_minus_cns_midline	32387
all_dm6_minus_cns_midline	32389
all_dm6_minus_cns_midline	32392
all_dm6_minus_cns_midline	32393
all_dm6_minus_cns_midline	32394
all_dm6_minus_cns_midline	32395
all_dm6_minus_cns_midline	32396
all_dm6_minus_cns_midline	32397
all_dm6_minus_cns_midline	32399
all_dm6_minus_cns_midline	32401
all_dm6_minus_cns_midline	32402
all_dm6_minus_cns_midline	32403
all_dm6_minus_cns_midline	32406
all_dm6_minus_cns_midline	32407
all_dm6_minus_cns_midline	32408
all_dm6_minus_cns_midline	32409
all_dm6_minus_cns_midline	32410
all_dm6_minus_cns_midline	32412
all_dm6_minus_cns_midline	32413
all_dm6_minus_cns_midline	32414
all_dm6_minus_cns_midline	32415
all_dm6_minus_cns_midline	32416
all_dm6_minus_cns_midline	32418
all_dm6_minus_cns_midline	32419
all_dm6_minus_cns_midline	32420
all_dm6_minus_cns_midline	32421
all_dm6_minus_cns_midline	32422
all_dm6_minus_cns_midline	32423
all_dm6_minus_cns_midline	32424
all_dm6_minus_cns_midline	32426
all_dm6_minus_cns_midline	32427
all_dm6_minus_cns_midline	32428
all_dm6_minus_cns_midline	32429
all_dm6_minus_cns_midline	32430
all_dm6_minus_cns_midline	32434
all_dm6_minus_cns_midline	32435
all_dm6_minus_cns_midline	32436
all_dm6_minus_cns_midline	32437
all_dm6_minus_cns_midline	32438
all_dm6_minus_cns_midline	32439
all_dm6_minus_cns_midline	32440
all_dm6_minus_cns_midline	32441
all_dm6_minus_cns_midline	32442
all_dm6_minus_cns_midline	32443
all_dm6_minus_cns_midline	32444
all_dm6_minus_cns_midline	32447
all_dm6_minus_cns_midline	32448
all_dm6_minus_cns_midline	32450
all_dm6_minus_cns_midline	32452
all_dm6_minus_cns_midline	32453
all_dm6_minus_cns_midline	32454
all_dm6_minus_cns_midline	32455
all_dm6_minus_cns_midline	32458
all_dm6_minus_cns_midline	32459
all_dm6_minus_cns_midline	32460
all_dm6_minus_cns_midline	32461
all_dm6_minus_cns_midline	32462
all_dm6_minus_cns_midline	32463
all_dm6_minus_cns_midline	32464
all_dm6_minus_cns_midline	32467
all_dm6_minus_cns_midline	32468
all_dm6_minus_cns_midline	32470
all_dm6_minus_cns_midline	32471
all_dm6_minus_cns_midline	32472
all_dm6_minus_cns_midline	32473
all_dm6_minus_cns_midline	32474
all_dm6_minus_cns_midline	32475
all_dm6_minus_cns_midline	32476
all_dm6_minus_cns_midline	32477
all_dm6_minus_cns_midline	32478
all_dm6_minus_cns_midline	32479
all_dm6_minus_cns_midline	32480
all_dm6_minus_cns_midline	32481
all_dm6_minus_cns_midline	32482
all_dm6_minus_cns_midline	32483
all_dm6_minus_cns_midline	32485
all_dm6_minus_cns_midline	32487
all_dm6_minus_cns_midline	32488
all_dm6_minus_cns_midline	32489
all_dm6_minus_cns_midline	32490
all_dm6_minus_cns_midline	32492
all_dm6_minus_cns_midline	32493
all_dm6_minus_cns_midline	32494
all_dm6_minus_cns_midline	32495
all_dm6_minus_cns_midline	32496
all_dm6_minus_cns_midline	32497
all_dm6_minus_cns_midline	32499
all_dm6_minus_cns_midline	32500
all_dm6_minus_cns_midline	32501
all_dm6_minus_cns_midline	32502
all_dm6_minus_cns_midline	32503
all_dm6_minus_cns_midline	32504
all_dm6_minus_cns_midline	32505
all_dm6_minus_cns_midline	32506
all_dm6_minus_cns_midline	32507
all_dm6_minus_cns_midline	32508
all_dm6_minus_cns_midline	32509
all_dm6_minus_cns_midline	32510
all_dm6_minus_cns_midline	32511
all_dm6_minus_cns_midline	32512
all_dm6_minus_cns_midline	32513
all_dm6_minus_cns_midline	32514
all_dm6_minus_cns_midline	32515
all_dm6_minus_cns_midline	32516
all_dm6_minus_cns_midline	32517
all_dm6_minus_cns_midline	32518
all_dm6_minus_cns_midline	32520
all_dm6_minus_cns_midline	32521
all_dm6_minus_cns_midline	32522
all_dm6_minus_cns_midline	32523
all_dm6_minus_cns_midline	32524
all_dm6_minus_cns_midline	32525
all_dm6_minus_cns_midline	32526
all_dm6_minus_cns_midline	32528
all_dm6_minus_cns_midline	32529
all_dm6_minus_cns_midline	32530
all_dm6_minus_cns_midline	32531
all_dm6_minus_cns_midline	32532
all_dm6_minus_cns_midline	32533
all_dm6_minus_cns_midline	32534
all_dm6_minus_cns_midline	32535
all_dm6_minus_cns_midline	32536
all_dm6_minus_cns_midline	32537
all_dm6_minus_cns_midline	32538
all_dm6_minus_cns_midline	32539
all_dm6_minus_cns_midline	32540
all_dm6_minus_cns_midline	32541
all_dm6_minus_cns_midline	32542
all_dm6_minus_cns_midline	32543
all_dm6_minus_cns_midline	32544
all_dm6_minus_cns_midline	32545
all_dm6_minus_cns_midline	32546
all_dm6_minus_cns_midline	32547
all_dm6_minus_cns_midline	32548
all_dm6_minus_cns_midline	32549
all_dm6_minus_cns_midline	32551
all_dm6_minus_cns_midline	32552
all_dm6_minus_cns_midline	32553
all_dm6_minus_cns_midline	32554
all_dm6_minus_cns_midline	32556
all_dm6_minus_cns_midline	32557
all_dm6_minus_cns_midline	32558
all_dm6_minus_cns_midline	32561
all_dm6_minus_cns_midline	32562
all_dm6_minus_cns_midline	32563
all_dm6_minus_cns_midline	32564
all_dm6_minus_cns_midline	32565
all_dm6_minus_cns_midline	32566
all_dm6_minus_cns_midline	32567
all_dm6_minus_cns_midline	32568
all_dm6_minus_cns_midline	32569
all_dm6_minus_cns_midline	32570
all_dm6_minus_cns_midline	32571
all_dm6_minus_cns_midline	32572
all_dm6_minus_cns_midline	32573
all_dm6_minus_cns_midline	32574
all_dm6_minus_cns_midline	32575
all_dm6_minus_cns_midline	32576
all_dm6_minus_cns_midline	32579
all_dm6_minus_cns_midline	32580
all_dm6_minus_cns_midline	32581
all_dm6_minus_cns_midline	32582
all_dm6_minus_cns_midline	32584
all_dm6_minus_cns_midline	32586
all_dm6_minus_cns_midline	32587
all_dm6_minus_cns_midline	32588
all_dm6_minus_cns_midline	32589
all_dm6_minus_cns_midline	32591
all_dm6_minus_cns_midline	32592
all_dm6_minus_cns_midline	32593
all_dm6_minus_cns_midline	32594
all_dm6_minus_cns_midline	32596
all_dm6_minus_cns_midline	32597
all_dm6_minus_cns_midline	32598
all_dm6_minus_cns_midline	32599
all_dm6_minus_cns_midline	32601
all_dm6_minus_cns_midline	32602
all_dm6_minus_cns_midline	32603
all_dm6_minus_cns_midline	32604
all_dm6_minus_cns_midline	32605
all_dm6_minus_cns_midline	32606
all_dm6_minus_cns_midline	32607
all_dm6_minus_cns_midline	32608
all_dm6_minus_cns_midline	32609
all_dm6_minus_cns_midline	32610
all_dm6_minus_cns_midline	32611
all_dm6_minus_cns_midline	32612
all_dm6_minus_cns_midline	32613
all_dm6_minus_cns_midline	32615
all_dm6_minus_cns_midline	32616
all_dm6_minus_cns_midline	32617
all_dm6_minus_cns_midline	32619
all_dm6_minus_cns_midline	32620
all_dm6_minus_cns_midline	32621
all_dm6_minus_cns_midline	32622
all_dm6_minus_cns_midline	32623
all_dm6_minus_cns_midline	32624
all_dm6_minus_cns_midline	32625
all_dm6_minus_cns_midline	32626
all_dm6_minus_cns_midline	32627
all_dm6_minus_cns_midline	32629
all_dm6_minus_cns_midline	32630
all_dm6_minus_cns_midline	32631
all_dm6_minus_cns_midline	32632
all_dm6_minus_cns_midline	32633
all_dm6_minus_cns_midline	32635
all_dm6_minus_cns_midline	32636
all_dm6_minus_cns_midline	32637
all_dm6_minus_cns_midline	32638
all_dm6_minus_cns_midline	32639
all_dm6_minus_cns_midline	32640
all_dm6_minus_cns_midline	32641
all_dm6_minus_cns_midline	32642
all_dm6_minus_cns_midline	32643
all_dm6_minus_cns_midline	32644
all_dm6_minus_cns_midline	32645
all_dm6_minus_cns_midline	32646
all_dm6_minus_cns_midline	32647
all_dm6_minus_cns_midline	32648
all_dm6_minus_cns_midline	32649
all_dm6_minus_cns_midline	32650
all_dm6_minus_cns_midline	32651
all_dm6_minus_cns_midline	32652
all_dm6_minus_cns_midline	32654
all_dm6_minus_cns_midline	32656
all_dm6_minus_cns_midline	32657
all_dm6_minus_cns_midline	32659
all_dm6_minus_cns_midline	32661
all_dm6_minus_cns_midline	32662
all_dm6_minus_cns_midline	32663
all_dm6_minus_cns_midline	32665
all_dm6_minus_cns_midline	32666
all_dm6_minus_cns_midline	32668
all_dm6_minus_cns_midline	32670
all_dm6_minus_cns_midline	32671
all_dm6_minus_cns_midline	32673
all_dm6_minus_cns_midline	32674
all_dm6_minus_cns_midline	32675
all_dm6_minus_cns_midline	32676
all_dm6_minus_cns_midline	32677
all_dm6_minus_cns_midline	32678
all_dm6_minus_cns_midline	32679
all_dm6_minus_cns_midline	32680
all_dm6_minus_cns_midline	32681
all_dm6_minus_cns_midline	32682
all_dm6_minus_cns_midline	32683
all_dm6_minus_cns_midline	32684
all_dm6_minus_cns_midline	32685
all_dm6_minus_cns_midline	32686
all_dm6_minus_cns_midline	32687
all_dm6_minus_cns_midline	32688
all_dm6_minus_cns_midline	32689
all_dm6_minus_cns_midline	32690
all_dm6_minus_cns_midline	32691
all_dm6_minus_cns_midline	32692
all_dm6_minus_cns_midline	32693
all_dm6_minus_cns_midline	32694
all_dm6_minus_cns_midline	32695
all_dm6_minus_cns_midline	32696
all_dm6_minus_cns_midline	32698
all_dm6_minus_cns_midline	32700
all_dm6_minus_cns_midline	32701
all_dm6_minus_cns_midline	32703
all_dm6_minus_cns_midline	32704
all_dm6_minus_cns_midline	32705
all_dm6_minus_cns_midline	32706
all_dm6_minus_cns_midline	32707
all_dm6_minus_cns_midline	32708
all_dm6_minus_cns_midline	32709
all_dm6_minus_cns_midline	32710
all_dm6_minus_cns_midline	32711
all_dm6_minus_cns_midline	32713
all_dm6_minus_cns_midline	32714
all_dm6_minus_cns_midline	32715
all_dm6_minus_cns_midline	32716
all_dm6_minus_cns_midline	32718
all_dm6_minus_cns_midline	32719
all_dm6_minus_cns_midline	32720
all_dm6_minus_cns_midline	32721
all_dm6_minus_cns_midline	32722
all_dm6_minus_cns_midline	32723
all_dm6_minus_cns_midline	32724
all_dm6_minus_cns_midline	32725
all_dm6_minus_cns_midline	32726
all_dm6_minus_cns_midline	32727
all_dm6_minus_cns_midline	32728
all_dm6_minus_cns_midline	32729
all_dm6_minus_cns_midline	32731
all_dm6_minus_cns_midline	32732
all_dm6_minus_cns_midline	32733
all_dm6_minus_cns_midline	32734
all_dm6_minus_cns_midline	32737
all_dm6_minus_cns_midline	32738
all_dm6_minus_cns_midline	32739
all_dm6_minus_cns_midline	32740
all_dm6_minus_cns_midline	32741
all_dm6_minus_cns_midline	32742
all_dm6_minus_cns_midline	32743
all_dm6_minus_cns_midline	32745
all_dm6_minus_cns_midline	32746
all_dm6_minus_cns_midline	32747
all_dm6_minus_cns_midline	32748
all_dm6_minus_cns_midline	32751
all_dm6_minus_cns_midline	32752
all_dm6_minus_cns_midline	32753
all_dm6_minus_cns_midline	32754
all_dm6_minus_cns_midline	32757
all_dm6_minus_cns_midline	32758
all_dm6_minus_cns_midline	32759
all_dm6_minus_cns_midline	32760
all_dm6_minus_cns_midline	32761
all_dm6_minus_cns_midline	32762
all_dm6_minus_cns_midline	32763
all_dm6_minus_cns_midline	32764
all_dm6_minus_cns_midline	32765
all_dm6_minus_cns_midline	32766
all_dm6_minus_cns_midline	32767
all_dm6_minus_cns_midline	32768
all_dm6_minus_cns_midline	32769
all_dm6_minus_cns_midline	32770
all_dm6_minus_cns_midline	32771
all_dm6_minus_cns_midline	32773
all_dm6_minus_cns_midline	32774
all_dm6_minus_cns_midline	32775
all_dm6_minus_cns_midline	32776
all_dm6_minus_cns_midline	32777
all_dm6_minus_cns_midline	32780
all_dm6_minus_cns_midline	32781
all_dm6_minus_cns_midline	32782
all_dm6_minus_cns_midline	32784
all_dm6_minus_cns_midline	32785
all_dm6_minus_cns_midline	32786
all_dm6_minus_cns_midline	32787
all_dm6_minus_cns_midline	32788
all_dm6_minus_cns_midline	32789
all_dm6_minus_cns_midline	32790
all_dm6_minus_cns_midline	32791
all_dm6_minus_cns_midline	32792
all_dm6_minus_cns_midline	32793
all_dm6_minus_cns_midline	32794
all_dm6_minus_cns_midline	32796
all_dm6_minus_cns_midline	32797
all_dm6_minus_cns_midline	32798
all_dm6_minus_cns_midline	32799
all_dm6_minus_cns_midline	32800
all_dm6_minus_cns_midline	32801
all_dm6_minus_cns_midline	32803
all_dm6_minus_cns_midline	32805
all_dm6_minus_cns_midline	32806
all_dm6_minus_cns_midline	32813
all_dm6_minus_cns_midline	32814
all_dm6_minus_cns_midline	32815
all_dm6_minus_cns_midline	32816
all_dm6_minus_cns_midline	32817
all_dm6_minus_cns_midline	32818
all_dm6_minus_cns_midline	32819
all_dm6_minus_cns_midline	32820
all_dm6_minus_cns_midline	32821
all_dm6_minus_cns_midline	32822
all_dm6_minus_cns_midline	32824
all_dm6_minus_cns_midline	32825
all_dm6_minus_cns_midline	32826
all_dm6_minus_cns_midline	32827
all_dm6_minus_cns_midline	32831
all_dm6_minus_cns_midline	32832
all_dm6_minus_cns_midline	32833
all_dm6_minus_cns_midline	32834
all_dm6_minus_cns_midline	32835
all_dm6_minus_cns_midline	32836
all_dm6_minus_cns_midline	32837
all_dm6_minus_cns_midline	32838
all_dm6_minus_cns_midline	32839
all_dm6_minus_cns_midline	32840
all_dm6_minus_cns_midline	32841
all_dm6_minus_cns_midline	32843
all_dm6_minus_cns_midline	32844
all_dm6_minus_cns_midline	32845
all_dm6_minus_cns_midline	32848
all_dm6_minus_cns_midline	32851
all_dm6_minus_cns_midline	32852
all_dm6_minus_cns_midline	32853
all_dm6_minus_cns_midline	32854
all_dm6_minus_cns_midline	32855
all_dm6_minus_cns_midline	32856
all_dm6_minus_cns_midline	32857
all_dm6_minus_cns_midline	32858
all_dm6_minus_cns_midline	32859
all_dm6_minus_cns_midline	32860
all_dm6_minus_cns_midline	32861
all_dm6_minus_cns_midline	32862
all_dm6_minus_cns_midline	32864
all_dm6_minus_cns_midline	32866
all_dm6_minus_cns_midline	32869
all_dm6_minus_cns_midline	32871
all_dm6_minus_cns_midline	32873
all_dm6_minus_cns_midline	32874
all_dm6_minus_cns_midline	32875
all_dm6_minus_cns_midline	32876
all_dm6_minus_cns_midline	32877
all_dm6_minus_cns_midline	32878
all_dm6_minus_cns_midline	32880
all_dm6_minus_cns_midline	32881
all_dm6_minus_cns_midline	32882
all_dm6_minus_cns_midline	32885
all_dm6_minus_cns_midline	32886
all_dm6_minus_cns_midline	32887
all_dm6_minus_cns_midline	32888
all_dm6_minus_cns_midline	32889
all_dm6_minus_cns_midline	32891
all_dm6_minus_cns_midline	32892
all_dm6_minus_cns_midline	32893
all_dm6_minus_cns_midline	32894
all_dm6_minus_cns_midline	32895
all_dm6_minus_cns_midline	32896
all_dm6_minus_cns_midline	32897
all_dm6_minus_cns_midline	32898
all_dm6_minus_cns_midline	32901
all_dm6_minus_cns_midline	32902
all_dm6_minus_cns_midline	32903
all_dm6_minus_cns_midline	32905
all_dm6_minus_cns_midline	32906
all_dm6_minus_cns_midline	32907
all_dm6_minus_cns_midline	32908
all_dm6_minus_cns_midline	32909
all_dm6_minus_cns_midline	32910
all_dm6_minus_cns_midline	32911
all_dm6_minus_cns_midline	32912
all_dm6_minus_cns_midline	32913
all_dm6_minus_cns_midline	32914
all_dm6_minus_cns_midline	32915
all_dm6_minus_cns_midline	32916
all_dm6_minus_cns_midline	32917
all_dm6_minus_cns_midline	32918
all_dm6_minus_cns_midline	32919
all_dm6_minus_cns_midline	32921
all_dm6_minus_cns_midline	32922
all_dm6_minus_cns_midline	32923
all_dm6_minus_cns_midline	32924
all_dm6_minus_cns_midline	32925
all_dm6_minus_cns_midline	32926
all_dm6_minus_cns_midline	32928
all_dm6_minus_cns_midline	32930
all_dm6_minus_cns_midline	32932
all_dm6_minus_cns_midline	32933
all_dm6_minus_cns_midline	32934
all_dm6_minus_cns_midline	32935
all_dm6_minus_cns_midline	32936
all_dm6_minus_cns_midline	32937
all_dm6_minus_cns_midline	32938
all_dm6_minus_cns_midline	32939
all_dm6_minus_cns_midline	32940
all_dm6_minus_cns_midline	32941
all_dm6_minus_cns_midline	32942
all_dm6_minus_cns_midline	32943
all_dm6_minus_cns_midline	32946
all_dm6_minus_cns_midline	32947
all_dm6_minus_cns_midline	32948
all_dm6_minus_cns_midline	32949
all_dm6_minus_cns_midline	32950
all_dm6_minus_cns_midline	32951
all_dm6_minus_cns_midline	32952
all_dm6_minus_cns_midline	32953
all_dm6_minus_cns_midline	32954
all_dm6_minus_cns_midline	32958
all_dm6_minus_cns_midline	32961
all_dm6_minus_cns_midline	32962
all_dm6_minus_cns_midline	32963
all_dm6_minus_cns_midline	32964
all_dm6_minus_cns_midline	32965
all_dm6_minus_cns_midline	32966
all_dm6_minus_cns_midline	32967
all_dm6_minus_cns_midline	32968
all_dm6_minus_cns_midline	32969
all_dm6_minus_cns_midline	32970
all_dm6_minus_cns_midline	32971
all_dm6_minus_cns_midline	32972
all_dm6_minus_cns_midline	32973
all_dm6_minus_cns_midline	32974
all_dm6_minus_cns_midline	32975
all_dm6_minus_cns_midline	32976
all_dm6_minus_cns_midline	32977
all_dm6_minus_cns_midline	32978
all_dm6_minus_cns_midline	32979
all_dm6_minus_cns_midline	32980
all_dm6_minus_cns_midline	32981
all_dm6_minus_cns_midline	32982
all_dm6_minus_cns_midline	32983
all_dm6_minus_cns_midline	32984
all_dm6_minus_cns_midline	32986
all_dm6_minus_cns_midline	32987
all_dm6_minus_cns_midline	32988
all_dm6_minus_cns_midline	32990
all_dm6_minus_cns_midline	32991
all_dm6_minus_cns_midline	32992
all_dm6_minus_cns_midline	32993
all_dm6_minus_cns_midline	32994
all_dm6_minus_cns_midline	32995
all_dm6_minus_cns_midline	32996
all_dm6_minus_cns_midline	32997
all_dm6_minus_cns_midline	32999
all_dm6_minus_cns_midline	33000
all_dm6_minus_cns_midline	33001
all_dm6_minus_cns_midline	33002
all_dm6_minus_cns_midline	33003
all_dm6_minus_cns_midline	33004
all_dm6_minus_cns_midline	33005
all_dm6_minus_cns_midline	33006
all_dm6_minus_cns_midline	33007
all_dm6_minus_cns_midline	33009
all_dm6_minus_cns_midline	33010
all_dm6_minus_cns_midline	33011
all_dm6_minus_cns_midline	33012
all_dm6_minus_cns_midline	33013
all_dm6_minus_cns_midline	33014
all_dm6_minus_cns_midline	33015
all_dm6_minus_cns_midline	33016
all_dm6_minus_cns_midline	33017
all_dm6_minus_cns_midline	33018
all_dm6_minus_cns_midline	33019
all_dm6_minus_cns_midline	33022
all_dm6_minus_cns_midline	33023
all_dm6_minus_cns_midline	33024
all_dm6_minus_cns_midline	33025
all_dm6_minus_cns_midline	33026
all_dm6_minus_cns_midline	33027
all_dm6_minus_cns_midline	33028
all_dm6_minus_cns_midline	33029
all_dm6_minus_cns_midline	33031
all_dm6_minus_cns_midline	33032
all_dm6_minus_cns_midline	33033
all_dm6_minus_cns_midline	33034
all_dm6_minus_cns_midline	33035
all_dm6_minus_cns_midline	33036
all_dm6_minus_cns_midline	33037
all_dm6_minus_cns_midline	33038
all_dm6_minus_cns_midline	33039
all_dm6_minus_cns_midline	33040
all_dm6_minus_cns_midline	33043
all_dm6_minus_cns_midline	33044
all_dm6_minus_cns_midline	33045
all_dm6_minus_cns_midline	33046
all_dm6_minus_cns_midline	33047
all_dm6_minus_cns_midline	33048
all_dm6_minus_cns_midline	33049
all_dm6_minus_cns_midline	33051
all_dm6_minus_cns_midline	33056
all_dm6_minus_cns_midline	33057
all_dm6_minus_cns_midline	33058
all_dm6_minus_cns_midline	33060
all_dm6_minus_cns_midline	33061
all_dm6_minus_cns_midline	33062
all_dm6_minus_cns_midline	33064
all_dm6_minus_cns_midline	33066
all_dm6_minus_cns_midline	33068
all_dm6_minus_cns_midline	33071
all_dm6_minus_cns_midline	33072
all_dm6_minus_cns_midline	33073
all_dm6_minus_cns_midline	33074
all_dm6_minus_cns_midline	33075
all_dm6_minus_cns_midline	33076
all_dm6_minus_cns_midline	33077
all_dm6_minus_cns_midline	33078
all_dm6_minus_cns_midline	33079
all_dm6_minus_cns_midline	33081
all_dm6_minus_cns_midline	33082
all_dm6_minus_cns_midline	33083
all_dm6_minus_cns_midline	33085
all_dm6_minus_cns_midline	33088
all_dm6_minus_cns_midline	33090
all_dm6_minus_cns_midline	33093
all_dm6_minus_cns_midline	33094
all_dm6_minus_cns_midline	33096
all_dm6_minus_cns_midline	33097
all_dm6_minus_cns_midline	33098
all_dm6_minus_cns_midline	33101
all_dm6_minus_cns_midline	33102
all_dm6_minus_cns_midline	33103
all_dm6_minus_cns_midline	33104
all_dm6_minus_cns_midline	33105
all_dm6_minus_cns_midline	33107
all_dm6_minus_cns_midline	33108
all_dm6_minus_cns_midline	33109
all_dm6_minus_cns_midline	33110
all_dm6_minus_cns_midline	33111
all_dm6_minus_cns_midline	33112
all_dm6_minus_cns_midline	33114
all_dm6_minus_cns_midline	33117
all_dm6_minus_cns_midline	33118
all_dm6_minus_cns_midline	33119
all_dm6_minus_cns_midline	33120
all_dm6_minus_cns_midline	33121
all_dm6_minus_cns_midline	33123
all_dm6_minus_cns_midline	33125
all_dm6_minus_cns_midline	33126
all_dm6_minus_cns_midline	33127
all_dm6_minus_cns_midline	33128
all_dm6_minus_cns_midline	33129
all_dm6_minus_cns_midline	33130
all_dm6_minus_cns_midline	33131
all_dm6_minus_cns_midline	33132
all_dm6_minus_cns_midline	33133
all_dm6_minus_cns_midline	33134
all_dm6_minus_cns_midline	33135
all_dm6_minus_cns_midline	33136
all_dm6_minus_cns_midline	33137
all_dm6_minus_cns_midline	33139
all_dm6_minus_cns_midline	33140
all_dm6_minus_cns_midline	33141
all_dm6_minus_cns_midline	33142
all_dm6_minus_cns_midline	33143
all_dm6_minus_cns_midline	33144
all_dm6_minus_cns_midline	33147
all_dm6_minus_cns_midline	33148
all_dm6_minus_cns_midline	33155
all_dm6_minus_cns_midline	33156
all_dm6_minus_cns_midline	33157
all_dm6_minus_cns_midline	33158
all_dm6_minus_cns_midline	33161
all_dm6_minus_cns_midline	33162
all_dm6_minus_cns_midline	33163
all_dm6_minus_cns_midline	33165
all_dm6_minus_cns_midline	33166
all_dm6_minus_cns_midline	33167
all_dm6_minus_cns_midline	33169
all_dm6_minus_cns_midline	33170
all_dm6_minus_cns_midline	33171
all_dm6_minus_cns_midline	33174
all_dm6_minus_cns_midline	33175
all_dm6_minus_cns_midline	33176
all_dm6_minus_cns_midline	33178
all_dm6_minus_cns_midline	33179
all_dm6_minus_cns_midline	33180
all_dm6_minus_cns_midline	33182
all_dm6_minus_cns_midline	33183
all_dm6_minus_cns_midline	33184
all_dm6_minus_cns_midline	33185
all_dm6_minus_cns_midline	33187
all_dm6_minus_cns_midline	33190
all_dm6_minus_cns_midline	33191
all_dm6_minus_cns_midline	33192
all_dm6_minus_cns_midline	33193
all_dm6_minus_cns_midline	33195
all_dm6_minus_cns_midline	33196
all_dm6_minus_cns_midline	33197
all_dm6_minus_cns_midline	33198
all_dm6_minus_cns_midline	33199
all_dm6_minus_cns_midline	33200
all_dm6_minus_cns_midline	33201
all_dm6_minus_cns_midline	33202
all_dm6_minus_cns_midline	33203
all_dm6_minus_cns_midline	33204
all_dm6_minus_cns_midline	33205
all_dm6_minus_cns_midline	33206
all_dm6_minus_cns_midline	33207
all_dm6_minus_cns_midline	33208
all_dm6_minus_cns_midline	33210
all_dm6_minus_cns_midline	33212
all_dm6_minus_cns_midline	33213
all_dm6_minus_cns_midline	33214
all_dm6_minus_cns_midline	33215
all_dm6_minus_cns_midline	33216
all_dm6_minus_cns_midline	33217
all_dm6_minus_cns_midline	33218
all_dm6_minus_cns_midline	33219
all_dm6_minus_cns_midline	33220
all_dm6_minus_cns_midline	33222
all_dm6_minus_cns_midline	33223
all_dm6_minus_cns_midline	33224
all_dm6_minus_cns_midline	33226
all_dm6_minus_cns_midline	33227
all_dm6_minus_cns_midline	33228
all_dm6_minus_cns_midline	33229
all_dm6_minus_cns_midline	33230
all_dm6_minus_cns_midline	33231
all_dm6_minus_cns_midline	33232
all_dm6_minus_cns_midline	33233
all_dm6_minus_cns_midline	33234
all_dm6_minus_cns_midline	33235
all_dm6_minus_cns_midline	33236
all_dm6_minus_cns_midline	33237
all_dm6_minus_cns_midline	33238
all_dm6_minus_cns_midline	33239
all_dm6_minus_cns_midline	33240
all_dm6_minus_cns_midline	33241
all_dm6_minus_cns_midline	33242
all_dm6_minus_cns_midline	33244
all_dm6_minus_cns_midline	33245
all_dm6_minus_cns_midline	33247
all_dm6_minus_cns_midline	33248
all_dm6_minus_cns_midline	33249
all_dm6_minus_cns_midline	33250
all_dm6_minus_cns_midline	33251
all_dm6_minus_cns_midline	33252
all_dm6_minus_cns_midline	33253
all_dm6_minus_cns_midline	33254
all_dm6_minus_cns_midline	33255
all_dm6_minus_cns_midline	33256
all_dm6_minus_cns_midline	33257
all_dm6_minus_cns_midline	33258
all_dm6_minus_cns_midline	33259
all_dm6_minus_cns_midline	33260
all_dm6_minus_cns_midline	33261
all_dm6_minus_cns_midline	33262
all_dm6_minus_cns_midline	33263
all_dm6_minus_cns_midline	33264
all_dm6_minus_cns_midline	33265
all_dm6_minus_cns_midline	33266
all_dm6_minus_cns_midline	33267
all_dm6_minus_cns_midline	33268
all_dm6_minus_cns_midline	33269
all_dm6_minus_cns_midline	33270
all_dm6_minus_cns_midline	33271
all_dm6_minus_cns_midline	33272
all_dm6_minus_cns_midline	33274
all_dm6_minus_cns_midline	33275
all_dm6_minus_cns_midline	33276
all_dm6_minus_cns_midline	33277
all_dm6_minus_cns_midline	33278
all_dm6_minus_cns_midline	33279
all_dm6_minus_cns_midline	33282
all_dm6_minus_cns_midline	33283
all_dm6_minus_cns_midline	33284
all_dm6_minus_cns_midline	33285
all_dm6_minus_cns_midline	33286
all_dm6_minus_cns_midline	33287
all_dm6_minus_cns_midline	33288
all_dm6_minus_cns_midline	33289
all_dm6_minus_cns_midline	33290
all_dm6_minus_cns_midline	33291
all_dm6_minus_cns_midline	33293
all_dm6_minus_cns_midline	33294
all_dm6_minus_cns_midline	33295
all_dm6_minus_cns_midline	33298
all_dm6_minus_cns_midline	33300
all_dm6_minus_cns_midline	33301
all_dm6_minus_cns_midline	33303
all_dm6_minus_cns_midline	33304
all_dm6_minus_cns_midline	33305
all_dm6_minus_cns_midline	33306
all_dm6_minus_cns_midline	33307
all_dm6_minus_cns_midline	33308
all_dm6_minus_cns_midline	33309
all_dm6_minus_cns_midline	33310
all_dm6_minus_cns_midline	33312
all_dm6_minus_cns_midline	33313
all_dm6_minus_cns_midline	33314
all_dm6_minus_cns_midline	33317
all_dm6_minus_cns_midline	33318
all_dm6_minus_cns_midline	33319
all_dm6_minus_cns_midline	33320
all_dm6_minus_cns_midline	33321
all_dm6_minus_cns_midline	33323
all_dm6_minus_cns_midline	33325
all_dm6_minus_cns_midline	33330
all_dm6_minus_cns_midline	33331
all_dm6_minus_cns_midline	33332
all_dm6_minus_cns_midline	33333
all_dm6_minus_cns_midline	33334
all_dm6_minus_cns_midline	33335
all_dm6_minus_cns_midline	33336
all_dm6_minus_cns_midline	33337
all_dm6_minus_cns_midline	33338
all_dm6_minus_cns_midline	33341
all_dm6_minus_cns_midline	33346
all_dm6_minus_cns_midline	33347
all_dm6_minus_cns_midline	33348
all_dm6_minus_cns_midline	33349
all_dm6_minus_cns_midline	33350
all_dm6_minus_cns_midline	33351
all_dm6_minus_cns_midline	33353
all_dm6_minus_cns_midline	33354
all_dm6_minus_cns_midline	33356
all_dm6_minus_cns_midline	33357
all_dm6_minus_cns_midline	33358
all_dm6_minus_cns_midline	33359
all_dm6_minus_cns_midline	33360
all_dm6_minus_cns_midline	33363
all_dm6_minus_cns_midline	33365
all_dm6_minus_cns_midline	33366
all_dm6_minus_cns_midline	33367
all_dm6_minus_cns_midline	33369
all_dm6_minus_cns_midline	33370
all_dm6_minus_cns_midline	33371
all_dm6_minus_cns_midline	33372
all_dm6_minus_cns_midline	33373
all_dm6_minus_cns_midline	33374
all_dm6_minus_cns_midline	33377
all_dm6_minus_cns_midline	33379
all_dm6_minus_cns_midline	33381
all_dm6_minus_cns_midline	33384
all_dm6_minus_cns_midline	33385
all_dm6_minus_cns_midline	33386
all_dm6_minus_cns_midline	33388
all_dm6_minus_cns_midline	33389
all_dm6_minus_cns_midline	33391
all_dm6_minus_cns_midline	33392
all_dm6_minus_cns_midline	33394
all_dm6_minus_cns_midline	33395
all_dm6_minus_cns_midline	33396
all_dm6_minus_cns_midline	33397
all_dm6_minus_cns_midline	33398
all_dm6_minus_cns_midline	33399
all_dm6_minus_cns_midline	33401
all_dm6_minus_cns_midline	33402
all_dm6_minus_cns_midline	33403
all_dm6_minus_cns_midline	33404
all_dm6_minus_cns_midline	33405
all_dm6_minus_cns_midline	33406
all_dm6_minus_cns_midline	33407
all_dm6_minus_cns_midline	33408
all_dm6_minus_cns_midline	33409
all_dm6_minus_cns_midline	33410
all_dm6_minus_cns_midline	33411
all_dm6_minus_cns_midline	33412
all_dm6_minus_cns_midline	33413
all_dm6_minus_cns_midline	33414
all_dm6_minus_cns_midline	33418
all_dm6_minus_cns_midline	33419
all_dm6_minus_cns_midline	33420
all_dm6_minus_cns_midline	33421
all_dm6_minus_cns_midline	33422
all_dm6_minus_cns_midline	33423
all_dm6_minus_cns_midline	33424
all_dm6_minus_cns_midline	33425
all_dm6_minus_cns_midline	33426
all_dm6_minus_cns_midline	33427
all_dm6_minus_cns_midline	33429
all_dm6_minus_cns_midline	33431
all_dm6_minus_cns_midline	33432
all_dm6_minus_cns_midline	33434
all_dm6_minus_cns_midline	33436
all_dm6_minus_cns_midline	33437
all_dm6_minus_cns_midline	33438
all_dm6_minus_cns_midline	33439
all_dm6_minus_cns_midline	33440
all_dm6_minus_cns_midline	33441
all_dm6_minus_cns_midline	33442
all_dm6_minus_cns_midline	33443
all_dm6_minus_cns_midline	33444
all_dm6_minus_cns_midline	33445
all_dm6_minus_cns_midline	33446
all_dm6_minus_cns_midline	33447
all_dm6_minus_cns_midline	33448
all_dm6_minus_cns_midline	33449
all_dm6_minus_cns_midline	33450
all_dm6_minus_cns_midline	33451
all_dm6_minus_cns_midline	33452
all_dm6_minus_cns_midline	33453
all_dm6_minus_cns_midline	33454
all_dm6_minus_cns_midline	33455
all_dm6_minus_cns_midline	33458
all_dm6_minus_cns_midline	33459
all_dm6_minus_cns_midline	33461
all_dm6_minus_cns_midline	33465
all_dm6_minus_cns_midline	33466
all_dm6_minus_cns_midline	33467
all_dm6_minus_cns_midline	33468
all_dm6_minus_cns_midline	33469
all_dm6_minus_cns_midline	33470
all_dm6_minus_cns_midline	33471
all_dm6_minus_cns_midline	33472
all_dm6_minus_cns_midline	33473
all_dm6_minus_cns_midline	33474
all_dm6_minus_cns_midline	33475
all_dm6_minus_cns_midline	33476
all_dm6_minus_cns_midline	33477
all_dm6_minus_cns_midline	33478
all_dm6_minus_cns_midline	33479
all_dm6_minus_cns_midline	33480
all_dm6_minus_cns_midline	33481
all_dm6_minus_cns_midline	33482
all_dm6_minus_cns_midline	33483
all_dm6_minus_cns_midline	33484
all_dm6_minus_cns_midline	33485
all_dm6_minus_cns_midline	33486
all_dm6_minus_cns_midline	33488
all_dm6_minus_cns_midline	33489
all_dm6_minus_cns_midline	33490
all_dm6_minus_cns_midline	33492
all_dm6_minus_cns_midline	33493
all_dm6_minus_cns_midline	33495
all_dm6_minus_cns_midline	33496
all_dm6_minus_cns_midline	33498
all_dm6_minus_cns_midline	33499
all_dm6_minus_cns_midline	33501
all_dm6_minus_cns_midline	33502
all_dm6_minus_cns_midline	33503
all_dm6_minus_cns_midline	33504
all_dm6_minus_cns_midline	33505
all_dm6_minus_cns_midline	33507
all_dm6_minus_cns_midline	33509
all_dm6_minus_cns_midline	33510
all_dm6_minus_cns_midline	33511
all_dm6_minus_cns_midline	33512
all_dm6_minus_cns_midline	33513
all_dm6_minus_cns_midline	33514
all_dm6_minus_cns_midline	33515
all_dm6_minus_cns_midline	33516
all_dm6_minus_cns_midline	33517
all_dm6_minus_cns_midline	33518
all_dm6_minus_cns_midline	33519
all_dm6_minus_cns_midline	33520
all_dm6_minus_cns_midline	33521
all_dm6_minus_cns_midline	33522
all_dm6_minus_cns_midline	33524
all_dm6_minus_cns_midline	33526
all_dm6_minus_cns_midline	33527
all_dm6_minus_cns_midline	33528
all_dm6_minus_cns_midline	33529
all_dm6_minus_cns_midline	33530
all_dm6_minus_cns_midline	33532
all_dm6_minus_cns_midline	33534
all_dm6_minus_cns_midline	33535
all_dm6_minus_cns_midline	33537
all_dm6_minus_cns_midline	33538
all_dm6_minus_cns_midline	33539
all_dm6_minus_cns_midline	33540
all_dm6_minus_cns_midline	33541
all_dm6_minus_cns_midline	33542
all_dm6_minus_cns_midline	33543
all_dm6_minus_cns_midline	33544
all_dm6_minus_cns_midline	33545
all_dm6_minus_cns_midline	33547
all_dm6_minus_cns_midline	33548
all_dm6_minus_cns_midline	33551
all_dm6_minus_cns_midline	33552
all_dm6_minus_cns_midline	33553
all_dm6_minus_cns_midline	33555
all_dm6_minus_cns_midline	33556
all_dm6_minus_cns_midline	33557
all_dm6_minus_cns_midline	33559
all_dm6_minus_cns_midline	33560
all_dm6_minus_cns_midline	33561
all_dm6_minus_cns_midline	33562
all_dm6_minus_cns_midline	33563
all_dm6_minus_cns_midline	33564
all_dm6_minus_cns_midline	33565
all_dm6_minus_cns_midline	33567
all_dm6_minus_cns_midline	33568
all_dm6_minus_cns_midline	33570
all_dm6_minus_cns_midline	33571
all_dm6_minus_cns_midline	33572
all_dm6_minus_cns_midline	33573
all_dm6_minus_cns_midline	33574
all_dm6_minus_cns_midline	33575
all_dm6_minus_cns_midline	33576
all_dm6_minus_cns_midline	33577
all_dm6_minus_cns_midline	33578
all_dm6_minus_cns_midline	33579
all_dm6_minus_cns_midline	33581
all_dm6_minus_cns_midline	33585
all_dm6_minus_cns_midline	33589
all_dm6_minus_cns_midline	33590
all_dm6_minus_cns_midline	33591
all_dm6_minus_cns_midline	33592
all_dm6_minus_cns_midline	33593
all_dm6_minus_cns_midline	33594
all_dm6_minus_cns_midline	33595
all_dm6_minus_cns_midline	33597
all_dm6_minus_cns_midline	33599
all_dm6_minus_cns_midline	33600
all_dm6_minus_cns_midline	33601
all_dm6_minus_cns_midline	33602
all_dm6_minus_cns_midline	33603
all_dm6_minus_cns_midline	33604
all_dm6_minus_cns_midline	33606
all_dm6_minus_cns_midline	33609
all_dm6_minus_cns_midline	33610
all_dm6_minus_cns_midline	33611
all_dm6_minus_cns_midline	33613
all_dm6_minus_cns_midline	33615
all_dm6_minus_cns_midline	33616
all_dm6_minus_cns_midline	33617
all_dm6_minus_cns_midline	33621
all_dm6_minus_cns_midline	33622
all_dm6_minus_cns_midline	33623
all_dm6_minus_cns_midline	33626
all_dm6_minus_cns_midline	33627
all_dm6_minus_cns_midline	33628
all_dm6_minus_cns_midline	33630
all_dm6_minus_cns_midline	33631
all_dm6_minus_cns_midline	33635
all_dm6_minus_cns_midline	33637
all_dm6_minus_cns_midline	33638
all_dm6_minus_cns_midline	33639
all_dm6_minus_cns_midline	33640
all_dm6_minus_cns_midline	33641
all_dm6_minus_cns_midline	33642
all_dm6_minus_cns_midline	33643
all_dm6_minus_cns_midline	33644
all_dm6_minus_cns_midline	33645
all_dm6_minus_cns_midline	33646
all_dm6_minus_cns_midline	33647
all_dm6_minus_cns_midline	33648
all_dm6_minus_cns_midline	33649
all_dm6_minus_cns_midline	33650
all_dm6_minus_cns_midline	33651
all_dm6_minus_cns_midline	33652
all_dm6_minus_cns_midline	33653
all_dm6_minus_cns_midline	33654
all_dm6_minus_cns_midline	33655
all_dm6_minus_cns_midline	33656
all_dm6_minus_cns_midline	33657
all_dm6_minus_cns_midline	33658
all_dm6_minus_cns_midline	33659
all_dm6_minus_cns_midline	33661
all_dm6_minus_cns_midline	33665
all_dm6_minus_cns_midline	33667
all_dm6_minus_cns_midline	33668
all_dm6_minus_cns_midline	33669
all_dm6_minus_cns_midline	33670
all_dm6_minus_cns_midline	33671
all_dm6_minus_cns_midline	33672
all_dm6_minus_cns_midline	33675
all_dm6_minus_cns_midline	33676
all_dm6_minus_cns_midline	33677
all_dm6_minus_cns_midline	33678
all_dm6_minus_cns_midline	33679
all_dm6_minus_cns_midline	33680
all_dm6_minus_cns_midline	33681
all_dm6_minus_cns_midline	33682
all_dm6_minus_cns_midline	33683
all_dm6_minus_cns_midline	33684
all_dm6_minus_cns_midline	33685
all_dm6_minus_cns_midline	33686
all_dm6_minus_cns_midline	33687
all_dm6_minus_cns_midline	33688
all_dm6_minus_cns_midline	33689
all_dm6_minus_cns_midline	33690
all_dm6_minus_cns_midline	33692
all_dm6_minus_cns_midline	33693
all_dm6_minus_cns_midline	33694
all_dm6_minus_cns_midline	33695
all_dm6_minus_cns_midline	33696
all_dm6_minus_cns_midline	33700
all_dm6_minus_cns_midline	33701
all_dm6_minus_cns_midline	33702
all_dm6_minus_cns_midline	33703
all_dm6_minus_cns_midline	33704
all_dm6_minus_cns_midline	33705
all_dm6_minus_cns_midline	33706
all_dm6_minus_cns_midline	33707
all_dm6_minus_cns_midline	33708
all_dm6_minus_cns_midline	33709
all_dm6_minus_cns_midline	33710
all_dm6_minus_cns_midline	33711
all_dm6_minus_cns_midline	33712
all_dm6_minus_cns_midline	33714
all_dm6_minus_cns_midline	33716
all_dm6_minus_cns_midline	33717
all_dm6_minus_cns_midline	33718
all_dm6_minus_cns_midline	33719
all_dm6_minus_cns_midline	33721
all_dm6_minus_cns_midline	33725
all_dm6_minus_cns_midline	33726
all_dm6_minus_cns_midline	33727
all_dm6_minus_cns_midline	33732
all_dm6_minus_cns_midline	33734
all_dm6_minus_cns_midline	33735
all_dm6_minus_cns_midline	33738
all_dm6_minus_cns_midline	33739
all_dm6_minus_cns_midline	33742
all_dm6_minus_cns_midline	33743
all_dm6_minus_cns_midline	33744
all_dm6_minus_cns_midline	33748
all_dm6_minus_cns_midline	33749
all_dm6_minus_cns_midline	33750
all_dm6_minus_cns_midline	33751
all_dm6_minus_cns_midline	33752
all_dm6_minus_cns_midline	33753
all_dm6_minus_cns_midline	33754
all_dm6_minus_cns_midline	33755
all_dm6_minus_cns_midline	33756
all_dm6_minus_cns_midline	33757
all_dm6_minus_cns_midline	33758
all_dm6_minus_cns_midline	33759
all_dm6_minus_cns_midline	33760
all_dm6_minus_cns_midline	33761
all_dm6_minus_cns_midline	33763
all_dm6_minus_cns_midline	33764
all_dm6_minus_cns_midline	33765
all_dm6_minus_cns_midline	33766
all_dm6_minus_cns_midline	33768
all_dm6_minus_cns_midline	33769
all_dm6_minus_cns_midline	33770
all_dm6_minus_cns_midline	33771
all_dm6_minus_cns_midline	33772
all_dm6_minus_cns_midline	33774
all_dm6_minus_cns_midline	33775
all_dm6_minus_cns_midline	33776
all_dm6_minus_cns_midline	33777
all_dm6_minus_cns_midline	33778
all_dm6_minus_cns_midline	33779
all_dm6_minus_cns_midline	33780
all_dm6_minus_cns_midline	33781
all_dm6_minus_cns_midline	33783
all_dm6_minus_cns_midline	33784
all_dm6_minus_cns_midline	33785
all_dm6_minus_cns_midline	33786
all_dm6_minus_cns_midline	33787
all_dm6_minus_cns_midline	33788
all_dm6_minus_cns_midline	33789
all_dm6_minus_cns_midline	33790
all_dm6_minus_cns_midline	33791
all_dm6_minus_cns_midline	33792
all_dm6_minus_cns_midline	33793
all_dm6_minus_cns_midline	33795
all_dm6_minus_cns_midline	33796
all_dm6_minus_cns_midline	33797
all_dm6_minus_cns_midline	33798
all_dm6_minus_cns_midline	33799
all_dm6_minus_cns_midline	33800
all_dm6_minus_cns_midline	33802
all_dm6_minus_cns_midline	33803
all_dm6_minus_cns_midline	33804
all_dm6_minus_cns_midline	33805
all_dm6_minus_cns_midline	33806
all_dm6_minus_cns_midline	33807
all_dm6_minus_cns_midline	33808
all_dm6_minus_cns_midline	33809
all_dm6_minus_cns_midline	33810
all_dm6_minus_cns_midline	33812
all_dm6_minus_cns_midline	33815
all_dm6_minus_cns_midline	33816
all_dm6_minus_cns_midline	33817
all_dm6_minus_cns_midline	33818
all_dm6_minus_cns_midline	33819
all_dm6_minus_cns_midline	33820
all_dm6_minus_cns_midline	33822
all_dm6_minus_cns_midline	33823
all_dm6_minus_cns_midline	33824
all_dm6_minus_cns_midline	33825
all_dm6_minus_cns_midline	33826
all_dm6_minus_cns_midline	33827
all_dm6_minus_cns_midline	33828
all_dm6_minus_cns_midline	33829
all_dm6_minus_cns_midline	33830
all_dm6_minus_cns_midline	33831
all_dm6_minus_cns_midline	33832
all_dm6_minus_cns_midline	33833
all_dm6_minus_cns_midline	33835
all_dm6_minus_cns_midline	33836
all_dm6_minus_cns_midline	33837
all_dm6_minus_cns_midline	33838
all_dm6_minus_cns_midline	33839
all_dm6_minus_cns_midline	33840
all_dm6_minus_cns_midline	33841
all_dm6_minus_cns_midline	33842
all_dm6_minus_cns_midline	33843
all_dm6_minus_cns_midline	33844
all_dm6_minus_cns_midline	33845
all_dm6_minus_cns_midline	33846
all_dm6_minus_cns_midline	33847
all_dm6_minus_cns_midline	33849
all_dm6_minus_cns_midline	33850
all_dm6_minus_cns_midline	33851
all_dm6_minus_cns_midline	33852
all_dm6_minus_cns_midline	33853
all_dm6_minus_cns_midline	33854
all_dm6_minus_cns_midline	33855
all_dm6_minus_cns_midline	33856
all_dm6_minus_cns_midline	33857
all_dm6_minus_cns_midline	33858
all_dm6_minus_cns_midline	33859
all_dm6_minus_cns_midline	33862
all_dm6_minus_cns_midline	33863
all_dm6_minus_cns_midline	33864
all_dm6_minus_cns_midline	33865
all_dm6_minus_cns_midline	33866
all_dm6_minus_cns_midline	33867
all_dm6_minus_cns_midline	33868
all_dm6_minus_cns_midline	33869
all_dm6_minus_cns_midline	33874
all_dm6_minus_cns_midline	33875
all_dm6_minus_cns_midline	33879
all_dm6_minus_cns_midline	33881
all_dm6_minus_cns_midline	33882
all_dm6_minus_cns_midline	33883
all_dm6_minus_cns_midline	33884
all_dm6_minus_cns_midline	33885
all_dm6_minus_cns_midline	33886
all_dm6_minus_cns_midline	33887
all_dm6_minus_cns_midline	33888
all_dm6_minus_cns_midline	33889
all_dm6_minus_cns_midline	33890
all_dm6_minus_cns_midline	33892
all_dm6_minus_cns_midline	33893
all_dm6_minus_cns_midline	33894
all_dm6_minus_cns_midline	33895
all_dm6_minus_cns_midline	33897
all_dm6_minus_cns_midline	33898
all_dm6_minus_cns_midline	33899
all_dm6_minus_cns_midline	33900
all_dm6_minus_cns_midline	33901
all_dm6_minus_cns_midline	33902
all_dm6_minus_cns_midline	33903
all_dm6_minus_cns_midline	33904
all_dm6_minus_cns_midline	33907
all_dm6_minus_cns_midline	33908
all_dm6_minus_cns_midline	33909
all_dm6_minus_cns_midline	33910
all_dm6_minus_cns_midline	33911
all_dm6_minus_cns_midline	33913
all_dm6_minus_cns_midline	33914
all_dm6_minus_cns_midline	33916
all_dm6_minus_cns_midline	33917
all_dm6_minus_cns_midline	33918
all_dm6_minus_cns_midline	33919
all_dm6_minus_cns_midline	33920
all_dm6_minus_cns_midline	33921
all_dm6_minus_cns_midline	33922
all_dm6_minus_cns_midline	33923
all_dm6_minus_cns_midline	33924
all_dm6_minus_cns_midline	33925
all_dm6_minus_cns_midline	33928
all_dm6_minus_cns_midline	33931
all_dm6_minus_cns_midline	33932
all_dm6_minus_cns_midline	33933
all_dm6_minus_cns_midline	33934
all_dm6_minus_cns_midline	33935
all_dm6_minus_cns_midline	33937
all_dm6_minus_cns_midline	33938
all_dm6_minus_cns_midline	33939
all_dm6_minus_cns_midline	33940
all_dm6_minus_cns_midline	33941
all_dm6_minus_cns_midline	33942
all_dm6_minus_cns_midline	33944
all_dm6_minus_cns_midline	33946
all_dm6_minus_cns_midline	33947
all_dm6_minus_cns_midline	33948
all_dm6_minus_cns_midline	33949
all_dm6_minus_cns_midline	33950
all_dm6_minus_cns_midline	33951
all_dm6_minus_cns_midline	33952
all_dm6_minus_cns_midline	33953
all_dm6_minus_cns_midline	33954
all_dm6_minus_cns_midline	33955
all_dm6_minus_cns_midline	33956
all_dm6_minus_cns_midline	33957
all_dm6_minus_cns_midline	33959
all_dm6_minus_cns_midline	33960
all_dm6_minus_cns_midline	33961
all_dm6_minus_cns_midline	33962
all_dm6_minus_cns_midline	33963
all_dm6_minus_cns_midline	33964
all_dm6_minus_cns_midline	33965
all_dm6_minus_cns_midline	33966
all_dm6_minus_cns_midline	33967
all_dm6_minus_cns_midline	33968
all_dm6_minus_cns_midline	33969
all_dm6_minus_cns_midline	33971
all_dm6_minus_cns_midline	33972
all_dm6_minus_cns_midline	33973
all_dm6_minus_cns_midline	33974
all_dm6_minus_cns_midline	33975
all_dm6_minus_cns_midline	33976
all_dm6_minus_cns_midline	33977
all_dm6_minus_cns_midline	33978
all_dm6_minus_cns_midline	33979
all_dm6_minus_cns_midline	33982
all_dm6_minus_cns_midline	33984
all_dm6_minus_cns_midline	33985
all_dm6_minus_cns_midline	33987
all_dm6_minus_cns_midline	33988
all_dm6_minus_cns_midline	33991
all_dm6_minus_cns_midline	33992
all_dm6_minus_cns_midline	33993
all_dm6_minus_cns_midline	33999
all_dm6_minus_cns_midline	34000
all_dm6_minus_cns_midline	34001
all_dm6_minus_cns_midline	34002
all_dm6_minus_cns_midline	34003
all_dm6_minus_cns_midline	34005
all_dm6_minus_cns_midline	34006
all_dm6_minus_cns_midline	34007
all_dm6_minus_cns_midline	34009
all_dm6_minus_cns_midline	34010
all_dm6_minus_cns_midline	34011
all_dm6_minus_cns_midline	34012
all_dm6_minus_cns_midline	34014
all_dm6_minus_cns_midline	34015
all_dm6_minus_cns_midline	34016
all_dm6_minus_cns_midline	34017
all_dm6_minus_cns_midline	34018
all_dm6_minus_cns_midline	34019
all_dm6_minus_cns_midline	34021
all_dm6_minus_cns_midline	34022
all_dm6_minus_cns_midline	34023
all_dm6_minus_cns_midline	34024
all_dm6_minus_cns_midline	34027
all_dm6_minus_cns_midline	34029
all_dm6_minus_cns_midline	34030
all_dm6_minus_cns_midline	34031
all_dm6_minus_cns_midline	34035
all_dm6_minus_cns_midline	34036
all_dm6_minus_cns_midline	34037
all_dm6_minus_cns_midline	34038
all_dm6_minus_cns_midline	34041
all_dm6_minus_cns_midline	34042
all_dm6_minus_cns_midline	34044
all_dm6_minus_cns_midline	34045
all_dm6_minus_cns_midline	34046
all_dm6_minus_cns_midline	34047
all_dm6_minus_cns_midline	34048
all_dm6_minus_cns_midline	34049
all_dm6_minus_cns_midline	34051
all_dm6_minus_cns_midline	34052
all_dm6_minus_cns_midline	34053
all_dm6_minus_cns_midline	34054
all_dm6_minus_cns_midline	34055
all_dm6_minus_cns_midline	34058
all_dm6_minus_cns_midline	34059
all_dm6_minus_cns_midline	34060
all_dm6_minus_cns_midline	34061
all_dm6_minus_cns_midline	34062
all_dm6_minus_cns_midline	34063
all_dm6_minus_cns_midline	34064
all_dm6_minus_cns_midline	34065
all_dm6_minus_cns_midline	34066
all_dm6_minus_cns_midline	34067
all_dm6_minus_cns_midline	34068
all_dm6_minus_cns_midline	34069
all_dm6_minus_cns_midline	34070
all_dm6_minus_cns_midline	34072
all_dm6_minus_cns_midline	34073
all_dm6_minus_cns_midline	34075
all_dm6_minus_cns_midline	34077
all_dm6_minus_cns_midline	34079
all_dm6_minus_cns_midline	34080
all_dm6_minus_cns_midline	34082
all_dm6_minus_cns_midline	34086
all_dm6_minus_cns_midline	34087
all_dm6_minus_cns_midline	34088
all_dm6_minus_cns_midline	34089
all_dm6_minus_cns_midline	34090
all_dm6_minus_cns_midline	34091
all_dm6_minus_cns_midline	34092
all_dm6_minus_cns_midline	34093
all_dm6_minus_cns_midline	34094
all_dm6_minus_cns_midline	34095
all_dm6_minus_cns_midline	34096
all_dm6_minus_cns_midline	34097
all_dm6_minus_cns_midline	34098
all_dm6_minus_cns_midline	34099
all_dm6_minus_cns_midline	34102
all_dm6_minus_cns_midline	34105
all_dm6_minus_cns_midline	34106
all_dm6_minus_cns_midline	34107
all_dm6_minus_cns_midline	34109
all_dm6_minus_cns_midline	34110
all_dm6_minus_cns_midline	34111
all_dm6_minus_cns_midline	34112
all_dm6_minus_cns_midline	34114
all_dm6_minus_cns_midline	34115
all_dm6_minus_cns_midline	34116
all_dm6_minus_cns_midline	34117
all_dm6_minus_cns_midline	34118
all_dm6_minus_cns_midline	34119
all_dm6_minus_cns_midline	34120
all_dm6_minus_cns_midline	34121
all_dm6_minus_cns_midline	34122
all_dm6_minus_cns_midline	34123
all_dm6_minus_cns_midline	34124
all_dm6_minus_cns_midline	34125
all_dm6_minus_cns_midline	34126
all_dm6_minus_cns_midline	34127
all_dm6_minus_cns_midline	34129
all_dm6_minus_cns_midline	34131
all_dm6_minus_cns_midline	34132
all_dm6_minus_cns_midline	34134
all_dm6_minus_cns_midline	34135
all_dm6_minus_cns_midline	34136
all_dm6_minus_cns_midline	34137
all_dm6_minus_cns_midline	34138
all_dm6_minus_cns_midline	34139
all_dm6_minus_cns_midline	34140
all_dm6_minus_cns_midline	34141
all_dm6_minus_cns_midline	34142
all_dm6_minus_cns_midline	34143
all_dm6_minus_cns_midline	34144
all_dm6_minus_cns_midline	34145
all_dm6_minus_cns_midline	34146
all_dm6_minus_cns_midline	34147
all_dm6_minus_cns_midline	34148
all_dm6_minus_cns_midline	34149
all_dm6_minus_cns_midline	34152
all_dm6_minus_cns_midline	34153
all_dm6_minus_cns_midline	34154
all_dm6_minus_cns_midline	34155
all_dm6_minus_cns_midline	34157
all_dm6_minus_cns_midline	34158
all_dm6_minus_cns_midline	34159
all_dm6_minus_cns_midline	34160
all_dm6_minus_cns_midline	34161
all_dm6_minus_cns_midline	34162
all_dm6_minus_cns_midline	34164
all_dm6_minus_cns_midline	34165
all_dm6_minus_cns_midline	34166
all_dm6_minus_cns_midline	34167
all_dm6_minus_cns_midline	34169
all_dm6_minus_cns_midline	34170
all_dm6_minus_cns_midline	34171
all_dm6_minus_cns_midline	34172
all_dm6_minus_cns_midline	34175
all_dm6_minus_cns_midline	34176
all_dm6_minus_cns_midline	34177
all_dm6_minus_cns_midline	34180
all_dm6_minus_cns_midline	34181
all_dm6_minus_cns_midline	34182
all_dm6_minus_cns_midline	34184
all_dm6_minus_cns_midline	34185
all_dm6_minus_cns_midline	34186
all_dm6_minus_cns_midline	34187
all_dm6_minus_cns_midline	34188
all_dm6_minus_cns_midline	34189
all_dm6_minus_cns_midline	34191
all_dm6_minus_cns_midline	34192
all_dm6_minus_cns_midline	34193
all_dm6_minus_cns_midline	34194
all_dm6_minus_cns_midline	34195
all_dm6_minus_cns_midline	34196
all_dm6_minus_cns_midline	34197
all_dm6_minus_cns_midline	34198
all_dm6_minus_cns_midline	34202
all_dm6_minus_cns_midline	34203
all_dm6_minus_cns_midline	34204
all_dm6_minus_cns_midline	34205
all_dm6_minus_cns_midline	34206
all_dm6_minus_cns_midline	34208
all_dm6_minus_cns_midline	34209
all_dm6_minus_cns_midline	34211
all_dm6_minus_cns_midline	34212
all_dm6_minus_cns_midline	34215
all_dm6_minus_cns_midline	34217
all_dm6_minus_cns_midline	34218
all_dm6_minus_cns_midline	34219
all_dm6_minus_cns_midline	34220
all_dm6_minus_cns_midline	34221
all_dm6_minus_cns_midline	34222
all_dm6_minus_cns_midline	34223
all_dm6_minus_cns_midline	34224
all_dm6_minus_cns_midline	34225
all_dm6_minus_cns_midline	34226
all_dm6_minus_cns_midline	34227
all_dm6_minus_cns_midline	34228
all_dm6_minus_cns_midline	34229
all_dm6_minus_cns_midline	34230
all_dm6_minus_cns_midline	34231
all_dm6_minus_cns_midline	34234
all_dm6_minus_cns_midline	34235
all_dm6_minus_cns_midline	34236
all_dm6_minus_cns_midline	34237
all_dm6_minus_cns_midline	34240
all_dm6_minus_cns_midline	34241
all_dm6_minus_cns_midline	34242
all_dm6_minus_cns_midline	34244
all_dm6_minus_cns_midline	34245
all_dm6_minus_cns_midline	34249
all_dm6_minus_cns_midline	34250
all_dm6_minus_cns_midline	34251
all_dm6_minus_cns_midline	34252
all_dm6_minus_cns_midline	34253
all_dm6_minus_cns_midline	34256
all_dm6_minus_cns_midline	34257
all_dm6_minus_cns_midline	34258
all_dm6_minus_cns_midline	34259
all_dm6_minus_cns_midline	34260
all_dm6_minus_cns_midline	34262
all_dm6_minus_cns_midline	34263
all_dm6_minus_cns_midline	34268
all_dm6_minus_cns_midline	34269
all_dm6_minus_cns_midline	34270
all_dm6_minus_cns_midline	34271
all_dm6_minus_cns_midline	34272
all_dm6_minus_cns_midline	34274
all_dm6_minus_cns_midline	34275
all_dm6_minus_cns_midline	34276
all_dm6_minus_cns_midline	34277
all_dm6_minus_cns_midline	34278
all_dm6_minus_cns_midline	34279
all_dm6_minus_cns_midline	34280
all_dm6_minus_cns_midline	34281
all_dm6_minus_cns_midline	34282
all_dm6_minus_cns_midline	34283
all_dm6_minus_cns_midline	34284
all_dm6_minus_cns_midline	34286
all_dm6_minus_cns_midline	34287
all_dm6_minus_cns_midline	34288
all_dm6_minus_cns_midline	34289
all_dm6_minus_cns_midline	34291
all_dm6_minus_cns_midline	34293
all_dm6_minus_cns_midline	34294
all_dm6_minus_cns_midline	34295
all_dm6_minus_cns_midline	34296
all_dm6_minus_cns_midline	34297
all_dm6_minus_cns_midline	34299
all_dm6_minus_cns_midline	34300
all_dm6_minus_cns_midline	34302
all_dm6_minus_cns_midline	34303
all_dm6_minus_cns_midline	34304
all_dm6_minus_cns_midline	34306
all_dm6_minus_cns_midline	34307
all_dm6_minus_cns_midline	34309
all_dm6_minus_cns_midline	34310
all_dm6_minus_cns_midline	34311
all_dm6_minus_cns_midline	34312
all_dm6_minus_cns_midline	34313
all_dm6_minus_cns_midline	34314
all_dm6_minus_cns_midline	34315
all_dm6_minus_cns_midline	34316
all_dm6_minus_cns_midline	34317
all_dm6_minus_cns_midline	34318
all_dm6_minus_cns_midline	34319
all_dm6_minus_cns_midline	34321
all_dm6_minus_cns_midline	34322
all_dm6_minus_cns_midline	34323
all_dm6_minus_cns_midline	34324
all_dm6_minus_cns_midline	34325
all_dm6_minus_cns_midline	34326
all_dm6_minus_cns_midline	34327
all_dm6_minus_cns_midline	34328
all_dm6_minus_cns_midline	34329
all_dm6_minus_cns_midline	34330
all_dm6_minus_cns_midline	34331
all_dm6_minus_cns_midline	34333
all_dm6_minus_cns_midline	34334
all_dm6_minus_cns_midline	34335
all_dm6_minus_cns_midline	34336
all_dm6_minus_cns_midline	34338
all_dm6_minus_cns_midline	34339
all_dm6_minus_cns_midline	34341
all_dm6_minus_cns_midline	34342
all_dm6_minus_cns_midline	34345
all_dm6_minus_cns_midline	34348
all_dm6_minus_cns_midline	34349
all_dm6_minus_cns_midline	34350
all_dm6_minus_cns_midline	34351
all_dm6_minus_cns_midline	34352
all_dm6_minus_cns_midline	34353
all_dm6_minus_cns_midline	34354
all_dm6_minus_cns_midline	34355
all_dm6_minus_cns_midline	34356
all_dm6_minus_cns_midline	34357
all_dm6_minus_cns_midline	34358
all_dm6_minus_cns_midline	34360
all_dm6_minus_cns_midline	34361
all_dm6_minus_cns_midline	34362
all_dm6_minus_cns_midline	34364
all_dm6_minus_cns_midline	34367
all_dm6_minus_cns_midline	34368
all_dm6_minus_cns_midline	34370
all_dm6_minus_cns_midline	34372
all_dm6_minus_cns_midline	34373
all_dm6_minus_cns_midline	34374
all_dm6_minus_cns_midline	34376
all_dm6_minus_cns_midline	34377
all_dm6_minus_cns_midline	34378
all_dm6_minus_cns_midline	34379
all_dm6_minus_cns_midline	34380
all_dm6_minus_cns_midline	34381
all_dm6_minus_cns_midline	34383
all_dm6_minus_cns_midline	34384
all_dm6_minus_cns_midline	34385
all_dm6_minus_cns_midline	34386
all_dm6_minus_cns_midline	34387
all_dm6_minus_cns_midline	34388
all_dm6_minus_cns_midline	34389
all_dm6_minus_cns_midline	34390
all_dm6_minus_cns_midline	34392
all_dm6_minus_cns_midline	34393
all_dm6_minus_cns_midline	34394
all_dm6_minus_cns_midline	34395
all_dm6_minus_cns_midline	34396
all_dm6_minus_cns_midline	34397
all_dm6_minus_cns_midline	34398
all_dm6_minus_cns_midline	34401
all_dm6_minus_cns_midline	34402
all_dm6_minus_cns_midline	34403
all_dm6_minus_cns_midline	34404
all_dm6_minus_cns_midline	34405
all_dm6_minus_cns_midline	34406
all_dm6_minus_cns_midline	34408
all_dm6_minus_cns_midline	34409
all_dm6_minus_cns_midline	34410
all_dm6_minus_cns_midline	34411
all_dm6_minus_cns_midline	34412
all_dm6_minus_cns_midline	34413
all_dm6_minus_cns_midline	34414
all_dm6_minus_cns_midline	34416
all_dm6_minus_cns_midline	34419
all_dm6_minus_cns_midline	34420
all_dm6_minus_cns_midline	34421
all_dm6_minus_cns_midline	34422
all_dm6_minus_cns_midline	34423
all_dm6_minus_cns_midline	34425
all_dm6_minus_cns_midline	34426
all_dm6_minus_cns_midline	34427
all_dm6_minus_cns_midline	34428
all_dm6_minus_cns_midline	34429
all_dm6_minus_cns_midline	34430
all_dm6_minus_cns_midline	34431
all_dm6_minus_cns_midline	34432
all_dm6_minus_cns_midline	34433
all_dm6_minus_cns_midline	34435
all_dm6_minus_cns_midline	34436
all_dm6_minus_cns_midline	34437
all_dm6_minus_cns_midline	34438
all_dm6_minus_cns_midline	34440
all_dm6_minus_cns_midline	34441
all_dm6_minus_cns_midline	34442
all_dm6_minus_cns_midline	34443
all_dm6_minus_cns_midline	34444
all_dm6_minus_cns_midline	34446
all_dm6_minus_cns_midline	34447
all_dm6_minus_cns_midline	34449
all_dm6_minus_cns_midline	34450
all_dm6_minus_cns_midline	34451
all_dm6_minus_cns_midline	34452
all_dm6_minus_cns_midline	34453
all_dm6_minus_cns_midline	34454
all_dm6_minus_cns_midline	34455
all_dm6_minus_cns_midline	34457
all_dm6_minus_cns_midline	34458
all_dm6_minus_cns_midline	34460
all_dm6_minus_cns_midline	34461
all_dm6_minus_cns_midline	34462
all_dm6_minus_cns_midline	34463
all_dm6_minus_cns_midline	34465
all_dm6_minus_cns_midline	34466
all_dm6_minus_cns_midline	34467
all_dm6_minus_cns_midline	34468
all_dm6_minus_cns_midline	34469
all_dm6_minus_cns_midline	34470
all_dm6_minus_cns_midline	34471
all_dm6_minus_cns_midline	34472
all_dm6_minus_cns_midline	34474
all_dm6_minus_cns_midline	34476
all_dm6_minus_cns_midline	34477
all_dm6_minus_cns_midline	34478
all_dm6_minus_cns_midline	34479
all_dm6_minus_cns_midline	34480
all_dm6_minus_cns_midline	34481
all_dm6_minus_cns_midline	34482
all_dm6_minus_cns_midline	34483
all_dm6_minus_cns_midline	34484
all_dm6_minus_cns_midline	34486
all_dm6_minus_cns_midline	34487
all_dm6_minus_cns_midline	34488
all_dm6_minus_cns_midline	34489
all_dm6_minus_cns_midline	34490
all_dm6_minus_cns_midline	34493
all_dm6_minus_cns_midline	34494
all_dm6_minus_cns_midline	34495
all_dm6_minus_cns_midline	34496
all_dm6_minus_cns_midline	34497
all_dm6_minus_cns_midline	34499
all_dm6_minus_cns_midline	34502
all_dm6_minus_cns_midline	34503
all_dm6_minus_cns_midline	34504
all_dm6_minus_cns_midline	34506
all_dm6_minus_cns_midline	34507
all_dm6_minus_cns_midline	34508
all_dm6_minus_cns_midline	34509
all_dm6_minus_cns_midline	34510
all_dm6_minus_cns_midline	34513
all_dm6_minus_cns_midline	34514
all_dm6_minus_cns_midline	34516
all_dm6_minus_cns_midline	34517
all_dm6_minus_cns_midline	34519
all_dm6_minus_cns_midline	34521
all_dm6_minus_cns_midline	34524
all_dm6_minus_cns_midline	34526
all_dm6_minus_cns_midline	34527
all_dm6_minus_cns_midline	34528
all_dm6_minus_cns_midline	34529
all_dm6_minus_cns_midline	34530
all_dm6_minus_cns_midline	34531
all_dm6_minus_cns_midline	34532
all_dm6_minus_cns_midline	34536
all_dm6_minus_cns_midline	34537
all_dm6_minus_cns_midline	34538
all_dm6_minus_cns_midline	34539
all_dm6_minus_cns_midline	34540
all_dm6_minus_cns_midline	34541
all_dm6_minus_cns_midline	34542
all_dm6_minus_cns_midline	34543
all_dm6_minus_cns_midline	34544
all_dm6_minus_cns_midline	34545
all_dm6_minus_cns_midline	34546
all_dm6_minus_cns_midline	34547
all_dm6_minus_cns_midline	34549
all_dm6_minus_cns_midline	34550
all_dm6_minus_cns_midline	34551
all_dm6_minus_cns_midline	34552
all_dm6_minus_cns_midline	34553
all_dm6_minus_cns_midline	34554
all_dm6_minus_cns_midline	34557
all_dm6_minus_cns_midline	34558
all_dm6_minus_cns_midline	34559
all_dm6_minus_cns_midline	34564
all_dm6_minus_cns_midline	34565
all_dm6_minus_cns_midline	34566
all_dm6_minus_cns_midline	34567
all_dm6_minus_cns_midline	34568
all_dm6_minus_cns_midline	34569
all_dm6_minus_cns_midline	34570
all_dm6_minus_cns_midline	34571
all_dm6_minus_cns_midline	34572
all_dm6_minus_cns_midline	34573
all_dm6_minus_cns_midline	34576
all_dm6_minus_cns_midline	34577
all_dm6_minus_cns_midline	34578
all_dm6_minus_cns_midline	34581
all_dm6_minus_cns_midline	34582
all_dm6_minus_cns_midline	34583
all_dm6_minus_cns_midline	34584
all_dm6_minus_cns_midline	34585
all_dm6_minus_cns_midline	34586
all_dm6_minus_cns_midline	34587
all_dm6_minus_cns_midline	34588
all_dm6_minus_cns_midline	34589
all_dm6_minus_cns_midline	34590
all_dm6_minus_cns_midline	34591
all_dm6_minus_cns_midline	34592
all_dm6_minus_cns_midline	34593
all_dm6_minus_cns_midline	34595
all_dm6_minus_cns_midline	34597
all_dm6_minus_cns_midline	34598
all_dm6_minus_cns_midline	34601
all_dm6_minus_cns_midline	34602
all_dm6_minus_cns_midline	34603
all_dm6_minus_cns_midline	34604
all_dm6_minus_cns_midline	34605
all_dm6_minus_cns_midline	34607
all_dm6_minus_cns_midline	34608
all_dm6_minus_cns_midline	34609
all_dm6_minus_cns_midline	34610
all_dm6_minus_cns_midline	34611
all_dm6_minus_cns_midline	34613
all_dm6_minus_cns_midline	34614
all_dm6_minus_cns_midline	34615
all_dm6_minus_cns_midline	34616
all_dm6_minus_cns_midline	34618
all_dm6_minus_cns_midline	34619
all_dm6_minus_cns_midline	34620
all_dm6_minus_cns_midline	34621
all_dm6_minus_cns_midline	34622
all_dm6_minus_cns_midline	34624
all_dm6_minus_cns_midline	34625
all_dm6_minus_cns_midline	34626
all_dm6_minus_cns_midline	34627
all_dm6_minus_cns_midline	34628
all_dm6_minus_cns_midline	34629
all_dm6_minus_cns_midline	34630
all_dm6_minus_cns_midline	34631
all_dm6_minus_cns_midline	34632
all_dm6_minus_cns_midline	34633
all_dm6_minus_cns_midline	34634
all_dm6_minus_cns_midline	34636
all_dm6_minus_cns_midline	34637
all_dm6_minus_cns_midline	34638
all_dm6_minus_cns_midline	34639
all_dm6_minus_cns_midline	34640
all_dm6_minus_cns_midline	34641
all_dm6_minus_cns_midline	34642
all_dm6_minus_cns_midline	34644
all_dm6_minus_cns_midline	34645
all_dm6_minus_cns_midline	34646
all_dm6_minus_cns_midline	34647
all_dm6_minus_cns_midline	34648
all_dm6_minus_cns_midline	34650
all_dm6_minus_cns_midline	34651
all_dm6_minus_cns_midline	34654
all_dm6_minus_cns_midline	34655
all_dm6_minus_cns_midline	34656
all_dm6_minus_cns_midline	34657
all_dm6_minus_cns_midline	34658
all_dm6_minus_cns_midline	34660
all_dm6_minus_cns_midline	34661
all_dm6_minus_cns_midline	34662
all_dm6_minus_cns_midline	34663
all_dm6_minus_cns_midline	34665
all_dm6_minus_cns_midline	34667
all_dm6_minus_cns_midline	34669
all_dm6_minus_cns_midline	34671
all_dm6_minus_cns_midline	34673
all_dm6_minus_cns_midline	34674
all_dm6_minus_cns_midline	34675
all_dm6_minus_cns_midline	34676
all_dm6_minus_cns_midline	34677
all_dm6_minus_cns_midline	34678
all_dm6_minus_cns_midline	34679
all_dm6_minus_cns_midline	34680
all_dm6_minus_cns_midline	34681
all_dm6_minus_cns_midline	34682
all_dm6_minus_cns_midline	34683
all_dm6_minus_cns_midline	34684
all_dm6_minus_cns_midline	34685
all_dm6_minus_cns_midline	34686
all_dm6_minus_cns_midline	34687
all_dm6_minus_cns_midline	34688
all_dm6_minus_cns_midline	34689
all_dm6_minus_cns_midline	34693
all_dm6_minus_cns_midline	34695
all_dm6_minus_cns_midline	34696
all_dm6_minus_cns_midline	34699
all_dm6_minus_cns_midline	34700
all_dm6_minus_cns_midline	34701
all_dm6_minus_cns_midline	34702
all_dm6_minus_cns_midline	34703
all_dm6_minus_cns_midline	34704
all_dm6_minus_cns_midline	34705
all_dm6_minus_cns_midline	34706
all_dm6_minus_cns_midline	34707
all_dm6_minus_cns_midline	34708
all_dm6_minus_cns_midline	34709
all_dm6_minus_cns_midline	34710
all_dm6_minus_cns_midline	34711
all_dm6_minus_cns_midline	34712
all_dm6_minus_cns_midline	34713
all_dm6_minus_cns_midline	34714
all_dm6_minus_cns_midline	34715
all_dm6_minus_cns_midline	34716
all_dm6_minus_cns_midline	34717
all_dm6_minus_cns_midline	34718
all_dm6_minus_cns_midline	34719
all_dm6_minus_cns_midline	34720
all_dm6_minus_cns_midline	34721
all_dm6_minus_cns_midline	34722
all_dm6_minus_cns_midline	34724
all_dm6_minus_cns_midline	34725
all_dm6_minus_cns_midline	34726
all_dm6_minus_cns_midline	34727
all_dm6_minus_cns_midline	34728
all_dm6_minus_cns_midline	34729
all_dm6_minus_cns_midline	34730
all_dm6_minus_cns_midline	34731
all_dm6_minus_cns_midline	34732
all_dm6_minus_cns_midline	34734
all_dm6_minus_cns_midline	34735
all_dm6_minus_cns_midline	34736
all_dm6_minus_cns_midline	34738
all_dm6_minus_cns_midline	34739
all_dm6_minus_cns_midline	34741
all_dm6_minus_cns_midline	34742
all_dm6_minus_cns_midline	34743
all_dm6_minus_cns_midline	34745
all_dm6_minus_cns_midline	34747
all_dm6_minus_cns_midline	34748
all_dm6_minus_cns_midline	34749
all_dm6_minus_cns_midline	34750
all_dm6_minus_cns_midline	34751
all_dm6_minus_cns_midline	34752
all_dm6_minus_cns_midline	34753
all_dm6_minus_cns_midline	34754
all_dm6_minus_cns_midline	34755
all_dm6_minus_cns_midline	34756
all_dm6_minus_cns_midline	34757
all_dm6_minus_cns_midline	34758
all_dm6_minus_cns_midline	34759
all_dm6_minus_cns_midline	34760
all_dm6_minus_cns_midline	34761
all_dm6_minus_cns_midline	34762
all_dm6_minus_cns_midline	34763
all_dm6_minus_cns_midline	34764
all_dm6_minus_cns_midline	34767
all_dm6_minus_cns_midline	34768
all_dm6_minus_cns_midline	34769
all_dm6_minus_cns_midline	34770
all_dm6_minus_cns_midline	34771
all_dm6_minus_cns_midline	34772
all_dm6_minus_cns_midline	34773
all_dm6_minus_cns_midline	34774
all_dm6_minus_cns_midline	34775
all_dm6_minus_cns_midline	34776
all_dm6_minus_cns_midline	34777
all_dm6_minus_cns_midline	34778
all_dm6_minus_cns_midline	34779
all_dm6_minus_cns_midline	34780
all_dm6_minus_cns_midline	34781
all_dm6_minus_cns_midline	34783
all_dm6_minus_cns_midline	34784
all_dm6_minus_cns_midline	34785
all_dm6_minus_cns_midline	34786
all_dm6_minus_cns_midline	34787
all_dm6_minus_cns_midline	34788
all_dm6_minus_cns_midline	34789
all_dm6_minus_cns_midline	34790
all_dm6_minus_cns_midline	34791
all_dm6_minus_cns_midline	34792
all_dm6_minus_cns_midline	34793
all_dm6_minus_cns_midline	34794
all_dm6_minus_cns_midline	34796
all_dm6_minus_cns_midline	34799
all_dm6_minus_cns_midline	34800
all_dm6_minus_cns_midline	34801
all_dm6_minus_cns_midline	34802
all_dm6_minus_cns_midline	34803
all_dm6_minus_cns_midline	34804
all_dm6_minus_cns_midline	34805
all_dm6_minus_cns_midline	34806
all_dm6_minus_cns_midline	34807
all_dm6_minus_cns_midline	34808
all_dm6_minus_cns_midline	34809
all_dm6_minus_cns_midline	34811
all_dm6_minus_cns_midline	34812
all_dm6_minus_cns_midline	34813
all_dm6_minus_cns_midline	34814
all_dm6_minus_cns_midline	34815
all_dm6_minus_cns_midline	34816
all_dm6_minus_cns_midline	34817
all_dm6_minus_cns_midline	34818
all_dm6_minus_cns_midline	34819
all_dm6_minus_cns_midline	34822
all_dm6_minus_cns_midline	34823
all_dm6_minus_cns_midline	34826
all_dm6_minus_cns_midline	34828
all_dm6_minus_cns_midline	34829
all_dm6_minus_cns_midline	34830
all_dm6_minus_cns_midline	34831
all_dm6_minus_cns_midline	34833
all_dm6_minus_cns_midline	34834
all_dm6_minus_cns_midline	34835
all_dm6_minus_cns_midline	34836
all_dm6_minus_cns_midline	34837
all_dm6_minus_cns_midline	34838
all_dm6_minus_cns_midline	34840
all_dm6_minus_cns_midline	34842
all_dm6_minus_cns_midline	34843
all_dm6_minus_cns_midline	34844
all_dm6_minus_cns_midline	34845
all_dm6_minus_cns_midline	34846
all_dm6_minus_cns_midline	34847
all_dm6_minus_cns_midline	34848
all_dm6_minus_cns_midline	34849
all_dm6_minus_cns_midline	34850
all_dm6_minus_cns_midline	34853
all_dm6_minus_cns_midline	34854
all_dm6_minus_cns_midline	34856
all_dm6_minus_cns_midline	34857
all_dm6_minus_cns_midline	34858
all_dm6_minus_cns_midline	34859
all_dm6_minus_cns_midline	34863
all_dm6_minus_cns_midline	34864
all_dm6_minus_cns_midline	34865
all_dm6_minus_cns_midline	34866
all_dm6_minus_cns_midline	34867
all_dm6_minus_cns_midline	34870
all_dm6_minus_cns_midline	34872
all_dm6_minus_cns_midline	34873
all_dm6_minus_cns_midline	34874
all_dm6_minus_cns_midline	34875
all_dm6_minus_cns_midline	34876
all_dm6_minus_cns_midline	34877
all_dm6_minus_cns_midline	34878
all_dm6_minus_cns_midline	34879
all_dm6_minus_cns_midline	34885
all_dm6_minus_cns_midline	34886
all_dm6_minus_cns_midline	34887
all_dm6_minus_cns_midline	34888
all_dm6_minus_cns_midline	34889
all_dm6_minus_cns_midline	34890
all_dm6_minus_cns_midline	34891
all_dm6_minus_cns_midline	34892
all_dm6_minus_cns_midline	34893
all_dm6_minus_cns_midline	34894
all_dm6_minus_cns_midline	34896
all_dm6_minus_cns_midline	34897
all_dm6_minus_cns_midline	34898
all_dm6_minus_cns_midline	34899
all_dm6_minus_cns_midline	34901
all_dm6_minus_cns_midline	34902
all_dm6_minus_cns_midline	34904
all_dm6_minus_cns_midline	34907
all_dm6_minus_cns_midline	34910
all_dm6_minus_cns_midline	34911
all_dm6_minus_cns_midline	34912
all_dm6_minus_cns_midline	34913
all_dm6_minus_cns_midline	34914
all_dm6_minus_cns_midline	34915
all_dm6_minus_cns_midline	34916
all_dm6_minus_cns_midline	34917
all_dm6_minus_cns_midline	34918
all_dm6_minus_cns_midline	34919
all_dm6_minus_cns_midline	34920
all_dm6_minus_cns_midline	34921
all_dm6_minus_cns_midline	34922
all_dm6_minus_cns_midline	34923
all_dm6_minus_cns_midline	34925
all_dm6_minus_cns_midline	34928
all_dm6_minus_cns_midline	34930
all_dm6_minus_cns_midline	34931
all_dm6_minus_cns_midline	34932
all_dm6_minus_cns_midline	34933
all_dm6_minus_cns_midline	34934
all_dm6_minus_cns_midline	34935
all_dm6_minus_cns_midline	34937
all_dm6_minus_cns_midline	34938
all_dm6_minus_cns_midline	34939
all_dm6_minus_cns_midline	34940
all_dm6_minus_cns_midline	34941
all_dm6_minus_cns_midline	34942
all_dm6_minus_cns_midline	34943
all_dm6_minus_cns_midline	34944
all_dm6_minus_cns_midline	34945
all_dm6_minus_cns_midline	34946
all_dm6_minus_cns_midline	34947
all_dm6_minus_cns_midline	34948
all_dm6_minus_cns_midline	34949
all_dm6_minus_cns_midline	34950
all_dm6_minus_cns_midline	34951
all_dm6_minus_cns_midline	34952
all_dm6_minus_cns_midline	34953
all_dm6_minus_cns_midline	34954
all_dm6_minus_cns_midline	34955
all_dm6_minus_cns_midline	34956
all_dm6_minus_cns_midline	34957
all_dm6_minus_cns_midline	34958
all_dm6_minus_cns_midline	34959
all_dm6_minus_cns_midline	34961
all_dm6_minus_cns_midline	34962
all_dm6_minus_cns_midline	34963
all_dm6_minus_cns_midline	34964
all_dm6_minus_cns_midline	34965
all_dm6_minus_cns_midline	34966
all_dm6_minus_cns_midline	34967
all_dm6_minus_cns_midline	34968
all_dm6_minus_cns_midline	34969
all_dm6_minus_cns_midline	34970
all_dm6_minus_cns_midline	34974
all_dm6_minus_cns_midline	34976
all_dm6_minus_cns_midline	34977
all_dm6_minus_cns_midline	34978
all_dm6_minus_cns_midline	34979
all_dm6_minus_cns_midline	34980
all_dm6_minus_cns_midline	34981
all_dm6_minus_cns_midline	34982
all_dm6_minus_cns_midline	34983
all_dm6_minus_cns_midline	34984
all_dm6_minus_cns_midline	34985
all_dm6_minus_cns_midline	34986
all_dm6_minus_cns_midline	34987
all_dm6_minus_cns_midline	34988
all_dm6_minus_cns_midline	34991
all_dm6_minus_cns_midline	34992
all_dm6_minus_cns_midline	34993
all_dm6_minus_cns_midline	34995
all_dm6_minus_cns_midline	34996
all_dm6_minus_cns_midline	34997
all_dm6_minus_cns_midline	34998
all_dm6_minus_cns_midline	34999
all_dm6_minus_cns_midline	35000
all_dm6_minus_cns_midline	35001
all_dm6_minus_cns_midline	35002
all_dm6_minus_cns_midline	35003
all_dm6_minus_cns_midline	35004
all_dm6_minus_cns_midline	35005
all_dm6_minus_cns_midline	35006
all_dm6_minus_cns_midline	35008
all_dm6_minus_cns_midline	35009
all_dm6_minus_cns_midline	35013
all_dm6_minus_cns_midline	35015
all_dm6_minus_cns_midline	35016
all_dm6_minus_cns_midline	35019
all_dm6_minus_cns_midline	35020
all_dm6_minus_cns_midline	35021
all_dm6_minus_cns_midline	35022
all_dm6_minus_cns_midline	35026
all_dm6_minus_cns_midline	35029
all_dm6_minus_cns_midline	35031
all_dm6_minus_cns_midline	35032
all_dm6_minus_cns_midline	35033
all_dm6_minus_cns_midline	35034
all_dm6_minus_cns_midline	35035
all_dm6_minus_cns_midline	35037
all_dm6_minus_cns_midline	35040
all_dm6_minus_cns_midline	35042
all_dm6_minus_cns_midline	35043
all_dm6_minus_cns_midline	35044
all_dm6_minus_cns_midline	35045
all_dm6_minus_cns_midline	35046
all_dm6_minus_cns_midline	35048
all_dm6_minus_cns_midline	35049
all_dm6_minus_cns_midline	35050
all_dm6_minus_cns_midline	35051
all_dm6_minus_cns_midline	35052
all_dm6_minus_cns_midline	35054
all_dm6_minus_cns_midline	35055
all_dm6_minus_cns_midline	35056
all_dm6_minus_cns_midline	35057
all_dm6_minus_cns_midline	35058
all_dm6_minus_cns_midline	35059
all_dm6_minus_cns_midline	35060
all_dm6_minus_cns_midline	35061
all_dm6_minus_cns_midline	35062
all_dm6_minus_cns_midline	35063
all_dm6_minus_cns_midline	35064
all_dm6_minus_cns_midline	35065
all_dm6_minus_cns_midline	35067
all_dm6_minus_cns_midline	35068
all_dm6_minus_cns_midline	35069
all_dm6_minus_cns_midline	35071
all_dm6_minus_cns_midline	35072
all_dm6_minus_cns_midline	35073
all_dm6_minus_cns_midline	35074
all_dm6_minus_cns_midline	35075
all_dm6_minus_cns_midline	35076
all_dm6_minus_cns_midline	35077
all_dm6_minus_cns_midline	35078
all_dm6_minus_cns_midline	35079
all_dm6_minus_cns_midline	35080
all_dm6_minus_cns_midline	35081
all_dm6_minus_cns_midline	35082
all_dm6_minus_cns_midline	35083
all_dm6_minus_cns_midline	35084
all_dm6_minus_cns_midline	35085
all_dm6_minus_cns_midline	35086
all_dm6_minus_cns_midline	35087
all_dm6_minus_cns_midline	35088
all_dm6_minus_cns_midline	35089
all_dm6_minus_cns_midline	35090
all_dm6_minus_cns_midline	35091
all_dm6_minus_cns_midline	35095
all_dm6_minus_cns_midline	35096
all_dm6_minus_cns_midline	35100
all_dm6_minus_cns_midline	35101
all_dm6_minus_cns_midline	35102
all_dm6_minus_cns_midline	35103
all_dm6_minus_cns_midline	35104
all_dm6_minus_cns_midline	35105
all_dm6_minus_cns_midline	35106
all_dm6_minus_cns_midline	35107
all_dm6_minus_cns_midline	35109
all_dm6_minus_cns_midline	35110
all_dm6_minus_cns_midline	35111
all_dm6_minus_cns_midline	35112
all_dm6_minus_cns_midline	35113
all_dm6_minus_cns_midline	35114
all_dm6_minus_cns_midline	35115
all_dm6_minus_cns_midline	35116
all_dm6_minus_cns_midline	35117
all_dm6_minus_cns_midline	35119
all_dm6_minus_cns_midline	35121
all_dm6_minus_cns_midline	35122
all_dm6_minus_cns_midline	35123
all_dm6_minus_cns_midline	35124
all_dm6_minus_cns_midline	35126
all_dm6_minus_cns_midline	35127
all_dm6_minus_cns_midline	35128
all_dm6_minus_cns_midline	35129
all_dm6_minus_cns_midline	35130
all_dm6_minus_cns_midline	35131
all_dm6_minus_cns_midline	35132
all_dm6_minus_cns_midline	35134
all_dm6_minus_cns_midline	35135
all_dm6_minus_cns_midline	35137
all_dm6_minus_cns_midline	35138
all_dm6_minus_cns_midline	35139
all_dm6_minus_cns_midline	35140
all_dm6_minus_cns_midline	35142
all_dm6_minus_cns_midline	35143
all_dm6_minus_cns_midline	35144
all_dm6_minus_cns_midline	35145
all_dm6_minus_cns_midline	35146
all_dm6_minus_cns_midline	35147
all_dm6_minus_cns_midline	35149
all_dm6_minus_cns_midline	35150
all_dm6_minus_cns_midline	35151
all_dm6_minus_cns_midline	35152
all_dm6_minus_cns_midline	35153
all_dm6_minus_cns_midline	35154
all_dm6_minus_cns_midline	35155
all_dm6_minus_cns_midline	35156
all_dm6_minus_cns_midline	35157
all_dm6_minus_cns_midline	35158
all_dm6_minus_cns_midline	35159
all_dm6_minus_cns_midline	35160
all_dm6_minus_cns_midline	35161
all_dm6_minus_cns_midline	35162
all_dm6_minus_cns_midline	35163
all_dm6_minus_cns_midline	35166
all_dm6_minus_cns_midline	35167
all_dm6_minus_cns_midline	35168
all_dm6_minus_cns_midline	35169
all_dm6_minus_cns_midline	35170
all_dm6_minus_cns_midline	35172
all_dm6_minus_cns_midline	35173
all_dm6_minus_cns_midline	35174
all_dm6_minus_cns_midline	35176
all_dm6_minus_cns_midline	35177
all_dm6_minus_cns_midline	35178
all_dm6_minus_cns_midline	35179
all_dm6_minus_cns_midline	35180
all_dm6_minus_cns_midline	35181
all_dm6_minus_cns_midline	35182
all_dm6_minus_cns_midline	35183
all_dm6_minus_cns_midline	35184
all_dm6_minus_cns_midline	35185
all_dm6_minus_cns_midline	35188
all_dm6_minus_cns_midline	35189
all_dm6_minus_cns_midline	35190
all_dm6_minus_cns_midline	35192
all_dm6_minus_cns_midline	35193
all_dm6_minus_cns_midline	35194
all_dm6_minus_cns_midline	35195
all_dm6_minus_cns_midline	35196
all_dm6_minus_cns_midline	35197
all_dm6_minus_cns_midline	35198
all_dm6_minus_cns_midline	35199
all_dm6_minus_cns_midline	35200
all_dm6_minus_cns_midline	35203
all_dm6_minus_cns_midline	35205
all_dm6_minus_cns_midline	35206
all_dm6_minus_cns_midline	35207
all_dm6_minus_cns_midline	35208
all_dm6_minus_cns_midline	35209
all_dm6_minus_cns_midline	35210
all_dm6_minus_cns_midline	35211
all_dm6_minus_cns_midline	35212
all_dm6_minus_cns_midline	35213
all_dm6_minus_cns_midline	35215
all_dm6_minus_cns_midline	35216
all_dm6_minus_cns_midline	35218
all_dm6_minus_cns_midline	35219
all_dm6_minus_cns_midline	35220
all_dm6_minus_cns_midline	35221
all_dm6_minus_cns_midline	35222
all_dm6_minus_cns_midline	35223
all_dm6_minus_cns_midline	35225
all_dm6_minus_cns_midline	35226
all_dm6_minus_cns_midline	35227
all_dm6_minus_cns_midline	35228
all_dm6_minus_cns_midline	35229
all_dm6_minus_cns_midline	35231
all_dm6_minus_cns_midline	35232
all_dm6_minus_cns_midline	35234
all_dm6_minus_cns_midline	35235
all_dm6_minus_cns_midline	35236
all_dm6_minus_cns_midline	35237
all_dm6_minus_cns_midline	35238
all_dm6_minus_cns_midline	35239
all_dm6_minus_cns_midline	35240
all_dm6_minus_cns_midline	35241
all_dm6_minus_cns_midline	35242
all_dm6_minus_cns_midline	35243
all_dm6_minus_cns_midline	35244
all_dm6_minus_cns_midline	35245
all_dm6_minus_cns_midline	35247
all_dm6_minus_cns_midline	35248
all_dm6_minus_cns_midline	35250
all_dm6_minus_cns_midline	35251
all_dm6_minus_cns_midline	35252
all_dm6_minus_cns_midline	35253
all_dm6_minus_cns_midline	35254
all_dm6_minus_cns_midline	35255
all_dm6_minus_cns_midline	35256
all_dm6_minus_cns_midline	35257
all_dm6_minus_cns_midline	35258
all_dm6_minus_cns_midline	35259
all_dm6_minus_cns_midline	35260
all_dm6_minus_cns_midline	35261
all_dm6_minus_cns_midline	35262
all_dm6_minus_cns_midline	35263
all_dm6_minus_cns_midline	35264
all_dm6_minus_cns_midline	35265
all_dm6_minus_cns_midline	35266
all_dm6_minus_cns_midline	35267
all_dm6_minus_cns_midline	35268
all_dm6_minus_cns_midline	35270
all_dm6_minus_cns_midline	35273
all_dm6_minus_cns_midline	35275
all_dm6_minus_cns_midline	35279
all_dm6_minus_cns_midline	35280
all_dm6_minus_cns_midline	35281
all_dm6_minus_cns_midline	35282
all_dm6_minus_cns_midline	35284
all_dm6_minus_cns_midline	35285
all_dm6_minus_cns_midline	35286
all_dm6_minus_cns_midline	35287
all_dm6_minus_cns_midline	35288
all_dm6_minus_cns_midline	35289
all_dm6_minus_cns_midline	35291
all_dm6_minus_cns_midline	35292
all_dm6_minus_cns_midline	35293
all_dm6_minus_cns_midline	35295
all_dm6_minus_cns_midline	35296
all_dm6_minus_cns_midline	35297
all_dm6_minus_cns_midline	35298
all_dm6_minus_cns_midline	35299
all_dm6_minus_cns_midline	35300
all_dm6_minus_cns_midline	35303
all_dm6_minus_cns_midline	35306
all_dm6_minus_cns_midline	35307
all_dm6_minus_cns_midline	35308
all_dm6_minus_cns_midline	35309
all_dm6_minus_cns_midline	35310
all_dm6_minus_cns_midline	35311
all_dm6_minus_cns_midline	35312
all_dm6_minus_cns_midline	35314
all_dm6_minus_cns_midline	35315
all_dm6_minus_cns_midline	35316
all_dm6_minus_cns_midline	35319
all_dm6_minus_cns_midline	35320
all_dm6_minus_cns_midline	35321
all_dm6_minus_cns_midline	35322
all_dm6_minus_cns_midline	35323
all_dm6_minus_cns_midline	35324
all_dm6_minus_cns_midline	35325
all_dm6_minus_cns_midline	35326
all_dm6_minus_cns_midline	35327
all_dm6_minus_cns_midline	35329
all_dm6_minus_cns_midline	35330
all_dm6_minus_cns_midline	35331
all_dm6_minus_cns_midline	35332
all_dm6_minus_cns_midline	35333
all_dm6_minus_cns_midline	35334
all_dm6_minus_cns_midline	35335
all_dm6_minus_cns_midline	35336
all_dm6_minus_cns_midline	35337
all_dm6_minus_cns_midline	35338
all_dm6_minus_cns_midline	35339
all_dm6_minus_cns_midline	35340
all_dm6_minus_cns_midline	35341
all_dm6_minus_cns_midline	35342
all_dm6_minus_cns_midline	35343
all_dm6_minus_cns_midline	35344
all_dm6_minus_cns_midline	35346
all_dm6_minus_cns_midline	35347
all_dm6_minus_cns_midline	35348
all_dm6_minus_cns_midline	35349
all_dm6_minus_cns_midline	35351
all_dm6_minus_cns_midline	35352
all_dm6_minus_cns_midline	35353
all_dm6_minus_cns_midline	35354
all_dm6_minus_cns_midline	35357
all_dm6_minus_cns_midline	35358
all_dm6_minus_cns_midline	35359
all_dm6_minus_cns_midline	35362
all_dm6_minus_cns_midline	35364
all_dm6_minus_cns_midline	35365
all_dm6_minus_cns_midline	35366
all_dm6_minus_cns_midline	35368
all_dm6_minus_cns_midline	35369
all_dm6_minus_cns_midline	35370
all_dm6_minus_cns_midline	35372
all_dm6_minus_cns_midline	35374
all_dm6_minus_cns_midline	35375
all_dm6_minus_cns_midline	35376
all_dm6_minus_cns_midline	35378
all_dm6_minus_cns_midline	35379
all_dm6_minus_cns_midline	35380
all_dm6_minus_cns_midline	35381
all_dm6_minus_cns_midline	35382
all_dm6_minus_cns_midline	35383
all_dm6_minus_cns_midline	35384
all_dm6_minus_cns_midline	35385
all_dm6_minus_cns_midline	35386
all_dm6_minus_cns_midline	35387
all_dm6_minus_cns_midline	35390
all_dm6_minus_cns_midline	35393
all_dm6_minus_cns_midline	35394
all_dm6_minus_cns_midline	35395
all_dm6_minus_cns_midline	35396
all_dm6_minus_cns_midline	35397
all_dm6_minus_cns_midline	35398
all_dm6_minus_cns_midline	35399
all_dm6_minus_cns_midline	35400
all_dm6_minus_cns_midline	35402
all_dm6_minus_cns_midline	35404
all_dm6_minus_cns_midline	35405
all_dm6_minus_cns_midline	35407
all_dm6_minus_cns_midline	35408
all_dm6_minus_cns_midline	35409
all_dm6_minus_cns_midline	35410
all_dm6_minus_cns_midline	35411
all_dm6_minus_cns_midline	35414
all_dm6_minus_cns_midline	35417
all_dm6_minus_cns_midline	35419
all_dm6_minus_cns_midline	35420
all_dm6_minus_cns_midline	35421
all_dm6_minus_cns_midline	35422
all_dm6_minus_cns_midline	35424
all_dm6_minus_cns_midline	35425
all_dm6_minus_cns_midline	35426
all_dm6_minus_cns_midline	35427
all_dm6_minus_cns_midline	35429
all_dm6_minus_cns_midline	35430
all_dm6_minus_cns_midline	35431
all_dm6_minus_cns_midline	35432
all_dm6_minus_cns_midline	35433
all_dm6_minus_cns_midline	35434
all_dm6_minus_cns_midline	35435
all_dm6_minus_cns_midline	35437
all_dm6_minus_cns_midline	35438
all_dm6_minus_cns_midline	35439
all_dm6_minus_cns_midline	35440
all_dm6_minus_cns_midline	35442
all_dm6_minus_cns_midline	35445
all_dm6_minus_cns_midline	35447
all_dm6_minus_cns_midline	35449
all_dm6_minus_cns_midline	35452
all_dm6_minus_cns_midline	35454
all_dm6_minus_cns_midline	35473
all_dm6_minus_cns_midline	35475
all_dm6_minus_cns_midline	35478
all_dm6_minus_cns_midline	35480
all_dm6_minus_cns_midline	35483
all_dm6_minus_cns_midline	35485
all_dm6_minus_cns_midline	35486
all_dm6_minus_cns_midline	35488
all_dm6_minus_cns_midline	35490
all_dm6_minus_cns_midline	35491
all_dm6_minus_cns_midline	35492
all_dm6_minus_cns_midline	35494
all_dm6_minus_cns_midline	35496
all_dm6_minus_cns_midline	35498
all_dm6_minus_cns_midline	35499
all_dm6_minus_cns_midline	35500
all_dm6_minus_cns_midline	35501
all_dm6_minus_cns_midline	35503
all_dm6_minus_cns_midline	35504
all_dm6_minus_cns_midline	35505
all_dm6_minus_cns_midline	35507
all_dm6_minus_cns_midline	35511
all_dm6_minus_cns_midline	35513
all_dm6_minus_cns_midline	35514
all_dm6_minus_cns_midline	35515
all_dm6_minus_cns_midline	35516
all_dm6_minus_cns_midline	35519
all_dm6_minus_cns_midline	35520
all_dm6_minus_cns_midline	35521
all_dm6_minus_cns_midline	35522
all_dm6_minus_cns_midline	35523
all_dm6_minus_cns_midline	35524
all_dm6_minus_cns_midline	35526
all_dm6_minus_cns_midline	35527
all_dm6_minus_cns_midline	35528
all_dm6_minus_cns_midline	35529
all_dm6_minus_cns_midline	35531
all_dm6_minus_cns_midline	35532
all_dm6_minus_cns_midline	35533
all_dm6_minus_cns_midline	35535
all_dm6_minus_cns_midline	35536
all_dm6_minus_cns_midline	35537
all_dm6_minus_cns_midline	35538
all_dm6_minus_cns_midline	35539
all_dm6_minus_cns_midline	35541
all_dm6_minus_cns_midline	35543
all_dm6_minus_cns_midline	35544
all_dm6_minus_cns_midline	35545
all_dm6_minus_cns_midline	35546
all_dm6_minus_cns_midline	35547
all_dm6_minus_cns_midline	35549
all_dm6_minus_cns_midline	35550
all_dm6_minus_cns_midline	35552
all_dm6_minus_cns_midline	35553
all_dm6_minus_cns_midline	35554
all_dm6_minus_cns_midline	35556
all_dm6_minus_cns_midline	35559
all_dm6_minus_cns_midline	35560
all_dm6_minus_cns_midline	35561
all_dm6_minus_cns_midline	35563
all_dm6_minus_cns_midline	35564
all_dm6_minus_cns_midline	35565
all_dm6_minus_cns_midline	35567
all_dm6_minus_cns_midline	35568
all_dm6_minus_cns_midline	35569
all_dm6_minus_cns_midline	35570
all_dm6_minus_cns_midline	35571
all_dm6_minus_cns_midline	35572
all_dm6_minus_cns_midline	35573
all_dm6_minus_cns_midline	35574
all_dm6_minus_cns_midline	35575
all_dm6_minus_cns_midline	35576
all_dm6_minus_cns_midline	35577
all_dm6_minus_cns_midline	35579
all_dm6_minus_cns_midline	35580
all_dm6_minus_cns_midline	35583
all_dm6_minus_cns_midline	35584
all_dm6_minus_cns_midline	35585
all_dm6_minus_cns_midline	35586
all_dm6_minus_cns_midline	35587
all_dm6_minus_cns_midline	35590
all_dm6_minus_cns_midline	35591
all_dm6_minus_cns_midline	35592
all_dm6_minus_cns_midline	35594
all_dm6_minus_cns_midline	35596
all_dm6_minus_cns_midline	35597
all_dm6_minus_cns_midline	35599
all_dm6_minus_cns_midline	35600
all_dm6_minus_cns_midline	35602
all_dm6_minus_cns_midline	35604
all_dm6_minus_cns_midline	35608
all_dm6_minus_cns_midline	35609
all_dm6_minus_cns_midline	35610
all_dm6_minus_cns_midline	35611
all_dm6_minus_cns_midline	35612
all_dm6_minus_cns_midline	35613
all_dm6_minus_cns_midline	35615
all_dm6_minus_cns_midline	35616
all_dm6_minus_cns_midline	35617
all_dm6_minus_cns_midline	35618
all_dm6_minus_cns_midline	35620
all_dm6_minus_cns_midline	35621
all_dm6_minus_cns_midline	35622
all_dm6_minus_cns_midline	35624
all_dm6_minus_cns_midline	35625
all_dm6_minus_cns_midline	35626
all_dm6_minus_cns_midline	35627
all_dm6_minus_cns_midline	35628
all_dm6_minus_cns_midline	35629
all_dm6_minus_cns_midline	35630
all_dm6_minus_cns_midline	35631
all_dm6_minus_cns_midline	35634
all_dm6_minus_cns_midline	35635
all_dm6_minus_cns_midline	35639
all_dm6_minus_cns_midline	35641
all_dm6_minus_cns_midline	35642
all_dm6_minus_cns_midline	35644
all_dm6_minus_cns_midline	35646
all_dm6_minus_cns_midline	35647
all_dm6_minus_cns_midline	35649
all_dm6_minus_cns_midline	35651
all_dm6_minus_cns_midline	35652
all_dm6_minus_cns_midline	35653
all_dm6_minus_cns_midline	35655
all_dm6_minus_cns_midline	35656
all_dm6_minus_cns_midline	35658
all_dm6_minus_cns_midline	35659
all_dm6_minus_cns_midline	35660
all_dm6_minus_cns_midline	35661
all_dm6_minus_cns_midline	35662
all_dm6_minus_cns_midline	35663
all_dm6_minus_cns_midline	35664
all_dm6_minus_cns_midline	35665
all_dm6_minus_cns_midline	35667
all_dm6_minus_cns_midline	35669
all_dm6_minus_cns_midline	35670
all_dm6_minus_cns_midline	35671
all_dm6_minus_cns_midline	35672
all_dm6_minus_cns_midline	35673
all_dm6_minus_cns_midline	35674
all_dm6_minus_cns_midline	35677
all_dm6_minus_cns_midline	35678
all_dm6_minus_cns_midline	35679
all_dm6_minus_cns_midline	35680
all_dm6_minus_cns_midline	35681
all_dm6_minus_cns_midline	35682
all_dm6_minus_cns_midline	35683
all_dm6_minus_cns_midline	35684
all_dm6_minus_cns_midline	35685
all_dm6_minus_cns_midline	35686
all_dm6_minus_cns_midline	35687
all_dm6_minus_cns_midline	35688
all_dm6_minus_cns_midline	35689
all_dm6_minus_cns_midline	35690
all_dm6_minus_cns_midline	35691
all_dm6_minus_cns_midline	35692
all_dm6_minus_cns_midline	35693
all_dm6_minus_cns_midline	35694
all_dm6_minus_cns_midline	35695
all_dm6_minus_cns_midline	35696
all_dm6_minus_cns_midline	35697
all_dm6_minus_cns_midline	35698
all_dm6_minus_cns_midline	35701
all_dm6_minus_cns_midline	35702
all_dm6_minus_cns_midline	35704
all_dm6_minus_cns_midline	35705
all_dm6_minus_cns_midline	35706
all_dm6_minus_cns_midline	35707
all_dm6_minus_cns_midline	35708
all_dm6_minus_cns_midline	35709
all_dm6_minus_cns_midline	35710
all_dm6_minus_cns_midline	35711
all_dm6_minus_cns_midline	35715
all_dm6_minus_cns_midline	35717
all_dm6_minus_cns_midline	35718
all_dm6_minus_cns_midline	35719
all_dm6_minus_cns_midline	35720
all_dm6_minus_cns_midline	35724
all_dm6_minus_cns_midline	35726
all_dm6_minus_cns_midline	35727
all_dm6_minus_cns_midline	35728
all_dm6_minus_cns_midline	35730
all_dm6_minus_cns_midline	35731
all_dm6_minus_cns_midline	35732
all_dm6_minus_cns_midline	35733
all_dm6_minus_cns_midline	35735
all_dm6_minus_cns_midline	35737
all_dm6_minus_cns_midline	35741
all_dm6_minus_cns_midline	35742
all_dm6_minus_cns_midline	35743
all_dm6_minus_cns_midline	35744
all_dm6_minus_cns_midline	35745
all_dm6_minus_cns_midline	35746
all_dm6_minus_cns_midline	35747
all_dm6_minus_cns_midline	35748
all_dm6_minus_cns_midline	35749
all_dm6_minus_cns_midline	35751
all_dm6_minus_cns_midline	35753
all_dm6_minus_cns_midline	35754
all_dm6_minus_cns_midline	35756
all_dm6_minus_cns_midline	35757
all_dm6_minus_cns_midline	35758
all_dm6_minus_cns_midline	35759
all_dm6_minus_cns_midline	35761
all_dm6_minus_cns_midline	35762
all_dm6_minus_cns_midline	35763
all_dm6_minus_cns_midline	35764
all_dm6_minus_cns_midline	35765
all_dm6_minus_cns_midline	35766
all_dm6_minus_cns_midline	35767
all_dm6_minus_cns_midline	35768
all_dm6_minus_cns_midline	35770
all_dm6_minus_cns_midline	35771
all_dm6_minus_cns_midline	35773
all_dm6_minus_cns_midline	35774
all_dm6_minus_cns_midline	35777
all_dm6_minus_cns_midline	35778
all_dm6_minus_cns_midline	35779
all_dm6_minus_cns_midline	35780
all_dm6_minus_cns_midline	35781
all_dm6_minus_cns_midline	35783
all_dm6_minus_cns_midline	35784
all_dm6_minus_cns_midline	35785
all_dm6_minus_cns_midline	35786
all_dm6_minus_cns_midline	35787
all_dm6_minus_cns_midline	35788
all_dm6_minus_cns_midline	35789
all_dm6_minus_cns_midline	35792
all_dm6_minus_cns_midline	35793
all_dm6_minus_cns_midline	35795
all_dm6_minus_cns_midline	35796
all_dm6_minus_cns_midline	35797
all_dm6_minus_cns_midline	35799
all_dm6_minus_cns_midline	35800
all_dm6_minus_cns_midline	35802
all_dm6_minus_cns_midline	35803
all_dm6_minus_cns_midline	35804
all_dm6_minus_cns_midline	35805
all_dm6_minus_cns_midline	35806
all_dm6_minus_cns_midline	35808
all_dm6_minus_cns_midline	35809
all_dm6_minus_cns_midline	35810
all_dm6_minus_cns_midline	35811
all_dm6_minus_cns_midline	35812
all_dm6_minus_cns_midline	35813
all_dm6_minus_cns_midline	35814
all_dm6_minus_cns_midline	35816
all_dm6_minus_cns_midline	35817
all_dm6_minus_cns_midline	35818
all_dm6_minus_cns_midline	35819
all_dm6_minus_cns_midline	35820
all_dm6_minus_cns_midline	35821
all_dm6_minus_cns_midline	35822
all_dm6_minus_cns_midline	35824
all_dm6_minus_cns_midline	35826
all_dm6_minus_cns_midline	35827
all_dm6_minus_cns_midline	35828
all_dm6_minus_cns_midline	35829
all_dm6_minus_cns_midline	35830
all_dm6_minus_cns_midline	35832
all_dm6_minus_cns_midline	35834
all_dm6_minus_cns_midline	35835
all_dm6_minus_cns_midline	35837
all_dm6_minus_cns_midline	35838
all_dm6_minus_cns_midline	35840
all_dm6_minus_cns_midline	35841
all_dm6_minus_cns_midline	35842
all_dm6_minus_cns_midline	35843
all_dm6_minus_cns_midline	35845
all_dm6_minus_cns_midline	35846
all_dm6_minus_cns_midline	35847
all_dm6_minus_cns_midline	35848
all_dm6_minus_cns_midline	35849
all_dm6_minus_cns_midline	35850
all_dm6_minus_cns_midline	35851
all_dm6_minus_cns_midline	35853
all_dm6_minus_cns_midline	35854
all_dm6_minus_cns_midline	35855
all_dm6_minus_cns_midline	35856
all_dm6_minus_cns_midline	35857
all_dm6_minus_cns_midline	35858
all_dm6_minus_cns_midline	35859
all_dm6_minus_cns_midline	35860
all_dm6_minus_cns_midline	35861
all_dm6_minus_cns_midline	35862
all_dm6_minus_cns_midline	35864
all_dm6_minus_cns_midline	35865
all_dm6_minus_cns_midline	35866
all_dm6_minus_cns_midline	35867
all_dm6_minus_cns_midline	35875
all_dm6_minus_cns_midline	35877
all_dm6_minus_cns_midline	35878
all_dm6_minus_cns_midline	35879
all_dm6_minus_cns_midline	35881
all_dm6_minus_cns_midline	35884
all_dm6_minus_cns_midline	35885
all_dm6_minus_cns_midline	35886
all_dm6_minus_cns_midline	35888
all_dm6_minus_cns_midline	35889
all_dm6_minus_cns_midline	35890
all_dm6_minus_cns_midline	35891
all_dm6_minus_cns_midline	35893
all_dm6_minus_cns_midline	35894
all_dm6_minus_cns_midline	35895
all_dm6_minus_cns_midline	35896
all_dm6_minus_cns_midline	35897
all_dm6_minus_cns_midline	35898
all_dm6_minus_cns_midline	35899
all_dm6_minus_cns_midline	35900
all_dm6_minus_cns_midline	35901
all_dm6_minus_cns_midline	35902
all_dm6_minus_cns_midline	35904
all_dm6_minus_cns_midline	35905
all_dm6_minus_cns_midline	35906
all_dm6_minus_cns_midline	35907
all_dm6_minus_cns_midline	35908
all_dm6_minus_cns_midline	35909
all_dm6_minus_cns_midline	35910
all_dm6_minus_cns_midline	35911
all_dm6_minus_cns_midline	35912
all_dm6_minus_cns_midline	35913
all_dm6_minus_cns_midline	35914
all_dm6_minus_cns_midline	35915
all_dm6_minus_cns_midline	35916
all_dm6_minus_cns_midline	35917
all_dm6_minus_cns_midline	35918
all_dm6_minus_cns_midline	35919
all_dm6_minus_cns_midline	35920
all_dm6_minus_cns_midline	35921
all_dm6_minus_cns_midline	35922
all_dm6_minus_cns_midline	35923
all_dm6_minus_cns_midline	35924
all_dm6_minus_cns_midline	35926
all_dm6_minus_cns_midline	35927
all_dm6_minus_cns_midline	35928
all_dm6_minus_cns_midline	35929
all_dm6_minus_cns_midline	35930
all_dm6_minus_cns_midline	35931
all_dm6_minus_cns_midline	35932
all_dm6_minus_cns_midline	35933
all_dm6_minus_cns_midline	35934
all_dm6_minus_cns_midline	35935
all_dm6_minus_cns_midline	35936
all_dm6_minus_cns_midline	35937
all_dm6_minus_cns_midline	35938
all_dm6_minus_cns_midline	35939
all_dm6_minus_cns_midline	35940
all_dm6_minus_cns_midline	35941
all_dm6_minus_cns_midline	35943
all_dm6_minus_cns_midline	35944
all_dm6_minus_cns_midline	35946
all_dm6_minus_cns_midline	35948
all_dm6_minus_cns_midline	35950
all_dm6_minus_cns_midline	35952
all_dm6_minus_cns_midline	35953
all_dm6_minus_cns_midline	35954
all_dm6_minus_cns_midline	35955
all_dm6_minus_cns_midline	35956
all_dm6_minus_cns_midline	35957
all_dm6_minus_cns_midline	35958
all_dm6_minus_cns_midline	35959
all_dm6_minus_cns_midline	35962
all_dm6_minus_cns_midline	35963
all_dm6_minus_cns_midline	35966
all_dm6_minus_cns_midline	35968
all_dm6_minus_cns_midline	35969
all_dm6_minus_cns_midline	35970
all_dm6_minus_cns_midline	35971
all_dm6_minus_cns_midline	35974
all_dm6_minus_cns_midline	35975
all_dm6_minus_cns_midline	35977
all_dm6_minus_cns_midline	35979
all_dm6_minus_cns_midline	35980
all_dm6_minus_cns_midline	35981
all_dm6_minus_cns_midline	35984
all_dm6_minus_cns_midline	35985
all_dm6_minus_cns_midline	35986
all_dm6_minus_cns_midline	35987
all_dm6_minus_cns_midline	35989
all_dm6_minus_cns_midline	35991
all_dm6_minus_cns_midline	35993
all_dm6_minus_cns_midline	35995
all_dm6_minus_cns_midline	35996
all_dm6_minus_cns_midline	35997
all_dm6_minus_cns_midline	35998
all_dm6_minus_cns_midline	35999
all_dm6_minus_cns_midline	36000
all_dm6_minus_cns_midline	36001
all_dm6_minus_cns_midline	36002
all_dm6_minus_cns_midline	36003
all_dm6_minus_cns_midline	36004
all_dm6_minus_cns_midline	36005
all_dm6_minus_cns_midline	36006
all_dm6_minus_cns_midline	36009
all_dm6_minus_cns_midline	36010
all_dm6_minus_cns_midline	36012
all_dm6_minus_cns_midline	36013
all_dm6_minus_cns_midline	36014
all_dm6_minus_cns_midline	36015
all_dm6_minus_cns_midline	36016
all_dm6_minus_cns_midline	36017
all_dm6_minus_cns_midline	36018
all_dm6_minus_cns_midline	36019
all_dm6_minus_cns_midline	36020
all_dm6_minus_cns_midline	36022
all_dm6_minus_cns_midline	36023
all_dm6_minus_cns_midline	36024
all_dm6_minus_cns_midline	36025
all_dm6_minus_cns_midline	36026
all_dm6_minus_cns_midline	36027
all_dm6_minus_cns_midline	36028
all_dm6_minus_cns_midline	36029
all_dm6_minus_cns_midline	36030
all_dm6_minus_cns_midline	36031
all_dm6_minus_cns_midline	36033
all_dm6_minus_cns_midline	36034
all_dm6_minus_cns_midline	36035
all_dm6_minus_cns_midline	36036
all_dm6_minus_cns_midline	36037
all_dm6_minus_cns_midline	36038
all_dm6_minus_cns_midline	36039
all_dm6_minus_cns_midline	36040
all_dm6_minus_cns_midline	36043
all_dm6_minus_cns_midline	36044
all_dm6_minus_cns_midline	36045
all_dm6_minus_cns_midline	36046
all_dm6_minus_cns_midline	36047
all_dm6_minus_cns_midline	36048
all_dm6_minus_cns_midline	36049
all_dm6_minus_cns_midline	36050
all_dm6_minus_cns_midline	36051
all_dm6_minus_cns_midline	36052
all_dm6_minus_cns_midline	36054
all_dm6_minus_cns_midline	36055
all_dm6_minus_cns_midline	36056
all_dm6_minus_cns_midline	36057
all_dm6_minus_cns_midline	36060
all_dm6_minus_cns_midline	36061
all_dm6_minus_cns_midline	36064
all_dm6_minus_cns_midline	36065
all_dm6_minus_cns_midline	36068
all_dm6_minus_cns_midline	36071
all_dm6_minus_cns_midline	36072
all_dm6_minus_cns_midline	36075
all_dm6_minus_cns_midline	36076
all_dm6_minus_cns_midline	36077
all_dm6_minus_cns_midline	36078
all_dm6_minus_cns_midline	36079
all_dm6_minus_cns_midline	36080
all_dm6_minus_cns_midline	36081
all_dm6_minus_cns_midline	36082
all_dm6_minus_cns_midline	36084
all_dm6_minus_cns_midline	36086
all_dm6_minus_cns_midline	36087
all_dm6_minus_cns_midline	36088
all_dm6_minus_cns_midline	36089
all_dm6_minus_cns_midline	36091
all_dm6_minus_cns_midline	36092
all_dm6_minus_cns_midline	36093
all_dm6_minus_cns_midline	36094
all_dm6_minus_cns_midline	36095
all_dm6_minus_cns_midline	36096
all_dm6_minus_cns_midline	36098
all_dm6_minus_cns_midline	36099
all_dm6_minus_cns_midline	36101
all_dm6_minus_cns_midline	36102
all_dm6_minus_cns_midline	36103
all_dm6_minus_cns_midline	36104
all_dm6_minus_cns_midline	36105
all_dm6_minus_cns_midline	36107
all_dm6_minus_cns_midline	36108
all_dm6_minus_cns_midline	36109
all_dm6_minus_cns_midline	36110
all_dm6_minus_cns_midline	36111
all_dm6_minus_cns_midline	36118
all_dm6_minus_cns_midline	36122
all_dm6_minus_cns_midline	36123
all_dm6_minus_cns_midline	36124
all_dm6_minus_cns_midline	36126
all_dm6_minus_cns_midline	36128
all_dm6_minus_cns_midline	36129
all_dm6_minus_cns_midline	36130
all_dm6_minus_cns_midline	36133
all_dm6_minus_cns_midline	36134
all_dm6_minus_cns_midline	36135
all_dm6_minus_cns_midline	36136
all_dm6_minus_cns_midline	36137
all_dm6_minus_cns_midline	36138
all_dm6_minus_cns_midline	36139
all_dm6_minus_cns_midline	36141
all_dm6_minus_cns_midline	36142
all_dm6_minus_cns_midline	36143
all_dm6_minus_cns_midline	36144
all_dm6_minus_cns_midline	36145
all_dm6_minus_cns_midline	36147
all_dm6_minus_cns_midline	36150
all_dm6_minus_cns_midline	36154
all_dm6_minus_cns_midline	36156
all_dm6_minus_cns_midline	36157
all_dm6_minus_cns_midline	36158
all_dm6_minus_cns_midline	36159
all_dm6_minus_cns_midline	36160
all_dm6_minus_cns_midline	36161
all_dm6_minus_cns_midline	36162
all_dm6_minus_cns_midline	36163
all_dm6_minus_cns_midline	36167
all_dm6_minus_cns_midline	36168
all_dm6_minus_cns_midline	36169
all_dm6_minus_cns_midline	36170
all_dm6_minus_cns_midline	36171
all_dm6_minus_cns_midline	36172
all_dm6_minus_cns_midline	36173
all_dm6_minus_cns_midline	36174
all_dm6_minus_cns_midline	36176
all_dm6_minus_cns_midline	36177
all_dm6_minus_cns_midline	36178
all_dm6_minus_cns_midline	36179
all_dm6_minus_cns_midline	36180
all_dm6_minus_cns_midline	36181
all_dm6_minus_cns_midline	36182
all_dm6_minus_cns_midline	36183
all_dm6_minus_cns_midline	36184
all_dm6_minus_cns_midline	36186
all_dm6_minus_cns_midline	36187
all_dm6_minus_cns_midline	36188
all_dm6_minus_cns_midline	36189
all_dm6_minus_cns_midline	36190
all_dm6_minus_cns_midline	36191
all_dm6_minus_cns_midline	36192
all_dm6_minus_cns_midline	36193
all_dm6_minus_cns_midline	36194
all_dm6_minus_cns_midline	36195
all_dm6_minus_cns_midline	36196
all_dm6_minus_cns_midline	36197
all_dm6_minus_cns_midline	36199
all_dm6_minus_cns_midline	36200
all_dm6_minus_cns_midline	36201
all_dm6_minus_cns_midline	36202
all_dm6_minus_cns_midline	36203
all_dm6_minus_cns_midline	36205
all_dm6_minus_cns_midline	36207
all_dm6_minus_cns_midline	36208
all_dm6_minus_cns_midline	36209
all_dm6_minus_cns_midline	36210
all_dm6_minus_cns_midline	36212
all_dm6_minus_cns_midline	36213
all_dm6_minus_cns_midline	36214
all_dm6_minus_cns_midline	36215
all_dm6_minus_cns_midline	36216
all_dm6_minus_cns_midline	36217
all_dm6_minus_cns_midline	36218
all_dm6_minus_cns_midline	36221
all_dm6_minus_cns_midline	36222
all_dm6_minus_cns_midline	36223
all_dm6_minus_cns_midline	36224
all_dm6_minus_cns_midline	36227
all_dm6_minus_cns_midline	36229
all_dm6_minus_cns_midline	36230
all_dm6_minus_cns_midline	36232
all_dm6_minus_cns_midline	36233
all_dm6_minus_cns_midline	36234
all_dm6_minus_cns_midline	36235
all_dm6_minus_cns_midline	36236
all_dm6_minus_cns_midline	36237
all_dm6_minus_cns_midline	36238
all_dm6_minus_cns_midline	36241
all_dm6_minus_cns_midline	36242
all_dm6_minus_cns_midline	36243
all_dm6_minus_cns_midline	36244
all_dm6_minus_cns_midline	36245
all_dm6_minus_cns_midline	36246
all_dm6_minus_cns_midline	36248
all_dm6_minus_cns_midline	36249
all_dm6_minus_cns_midline	36250
all_dm6_minus_cns_midline	36251
all_dm6_minus_cns_midline	36252
all_dm6_minus_cns_midline	36253
all_dm6_minus_cns_midline	36254
all_dm6_minus_cns_midline	36255
all_dm6_minus_cns_midline	36256
all_dm6_minus_cns_midline	36257
all_dm6_minus_cns_midline	36258
all_dm6_minus_cns_midline	36259
all_dm6_minus_cns_midline	36260
all_dm6_minus_cns_midline	36262
all_dm6_minus_cns_midline	36263
all_dm6_minus_cns_midline	36264
all_dm6_minus_cns_midline	36265
all_dm6_minus_cns_midline	36266
all_dm6_minus_cns_midline	36268
all_dm6_minus_cns_midline	36269
all_dm6_minus_cns_midline	36270
all_dm6_minus_cns_midline	36271
all_dm6_minus_cns_midline	36272
all_dm6_minus_cns_midline	36273
all_dm6_minus_cns_midline	36275
all_dm6_minus_cns_midline	36276
all_dm6_minus_cns_midline	36277
all_dm6_minus_cns_midline	36278
all_dm6_minus_cns_midline	36279
all_dm6_minus_cns_midline	36281
all_dm6_minus_cns_midline	36282
all_dm6_minus_cns_midline	36283
all_dm6_minus_cns_midline	36284
all_dm6_minus_cns_midline	36285
all_dm6_minus_cns_midline	36287
all_dm6_minus_cns_midline	36289
all_dm6_minus_cns_midline	36290
all_dm6_minus_cns_midline	36292
all_dm6_minus_cns_midline	36293
all_dm6_minus_cns_midline	36294
all_dm6_minus_cns_midline	36295
all_dm6_minus_cns_midline	36297
all_dm6_minus_cns_midline	36298
all_dm6_minus_cns_midline	36299
all_dm6_minus_cns_midline	36300
all_dm6_minus_cns_midline	36301
all_dm6_minus_cns_midline	36302
all_dm6_minus_cns_midline	36303
all_dm6_minus_cns_midline	36304
all_dm6_minus_cns_midline	36306
all_dm6_minus_cns_midline	36307
all_dm6_minus_cns_midline	36309
all_dm6_minus_cns_midline	36310
all_dm6_minus_cns_midline	36311
all_dm6_minus_cns_midline	36314
all_dm6_minus_cns_midline	36316
all_dm6_minus_cns_midline	36317
all_dm6_minus_cns_midline	36318
all_dm6_minus_cns_midline	36319
all_dm6_minus_cns_midline	36321
all_dm6_minus_cns_midline	36323
all_dm6_minus_cns_midline	36324
all_dm6_minus_cns_midline	36325
all_dm6_minus_cns_midline	36326
all_dm6_minus_cns_midline	36327
all_dm6_minus_cns_midline	36328
all_dm6_minus_cns_midline	36329
all_dm6_minus_cns_midline	36330
all_dm6_minus_cns_midline	36331
all_dm6_minus_cns_midline	36332
all_dm6_minus_cns_midline	36333
all_dm6_minus_cns_midline	36334
all_dm6_minus_cns_midline	36335
all_dm6_minus_cns_midline	36336
all_dm6_minus_cns_midline	36337
all_dm6_minus_cns_midline	36338
all_dm6_minus_cns_midline	36339
all_dm6_minus_cns_midline	36340
all_dm6_minus_cns_midline	36341
all_dm6_minus_cns_midline	36342
all_dm6_minus_cns_midline	36343
all_dm6_minus_cns_midline	36345
all_dm6_minus_cns_midline	36346
all_dm6_minus_cns_midline	36347
all_dm6_minus_cns_midline	36348
all_dm6_minus_cns_midline	36349
all_dm6_minus_cns_midline	36350
all_dm6_minus_cns_midline	36351
all_dm6_minus_cns_midline	36352
all_dm6_minus_cns_midline	36353
all_dm6_minus_cns_midline	36354
all_dm6_minus_cns_midline	36356
all_dm6_minus_cns_midline	36357
all_dm6_minus_cns_midline	36358
all_dm6_minus_cns_midline	36359
all_dm6_minus_cns_midline	36360
all_dm6_minus_cns_midline	36361
all_dm6_minus_cns_midline	36362
all_dm6_minus_cns_midline	36363
all_dm6_minus_cns_midline	36364
all_dm6_minus_cns_midline	36365
all_dm6_minus_cns_midline	36366
all_dm6_minus_cns_midline	36368
all_dm6_minus_cns_midline	36371
all_dm6_minus_cns_midline	36372
all_dm6_minus_cns_midline	36373
all_dm6_minus_cns_midline	36374
all_dm6_minus_cns_midline	36375
all_dm6_minus_cns_midline	36376
all_dm6_minus_cns_midline	36377
all_dm6_minus_cns_midline	36378
all_dm6_minus_cns_midline	36379
all_dm6_minus_cns_midline	36380
all_dm6_minus_cns_midline	36381
all_dm6_minus_cns_midline	36383
all_dm6_minus_cns_midline	36384
all_dm6_minus_cns_midline	36385
all_dm6_minus_cns_midline	36386
all_dm6_minus_cns_midline	36387
all_dm6_minus_cns_midline	36390
all_dm6_minus_cns_midline	36391
all_dm6_minus_cns_midline	36392
all_dm6_minus_cns_midline	36393
all_dm6_minus_cns_midline	36394
all_dm6_minus_cns_midline	36397
all_dm6_minus_cns_midline	36398
all_dm6_minus_cns_midline	36399
all_dm6_minus_cns_midline	36400
all_dm6_minus_cns_midline	36401
all_dm6_minus_cns_midline	36403
all_dm6_minus_cns_midline	36404
all_dm6_minus_cns_midline	36405
all_dm6_minus_cns_midline	36406
all_dm6_minus_cns_midline	36408
all_dm6_minus_cns_midline	36409
all_dm6_minus_cns_midline	36410
all_dm6_minus_cns_midline	36411
all_dm6_minus_cns_midline	36412
all_dm6_minus_cns_midline	36413
all_dm6_minus_cns_midline	36414
all_dm6_minus_cns_midline	36415
all_dm6_minus_cns_midline	36417
all_dm6_minus_cns_midline	36418
all_dm6_minus_cns_midline	36419
all_dm6_minus_cns_midline	36420
all_dm6_minus_cns_midline	36421
all_dm6_minus_cns_midline	36423
all_dm6_minus_cns_midline	36424
all_dm6_minus_cns_midline	36425
all_dm6_minus_cns_midline	36426
all_dm6_minus_cns_midline	36427
all_dm6_minus_cns_midline	36428
all_dm6_minus_cns_midline	36429
all_dm6_minus_cns_midline	36430
all_dm6_minus_cns_midline	36431
all_dm6_minus_cns_midline	36432
all_dm6_minus_cns_midline	36433
all_dm6_minus_cns_midline	36434
all_dm6_minus_cns_midline	36436
all_dm6_minus_cns_midline	36437
all_dm6_minus_cns_midline	36438
all_dm6_minus_cns_midline	36439
all_dm6_minus_cns_midline	36440
all_dm6_minus_cns_midline	36442
all_dm6_minus_cns_midline	36444
all_dm6_minus_cns_midline	36445
all_dm6_minus_cns_midline	36446
all_dm6_minus_cns_midline	36447
all_dm6_minus_cns_midline	36448
all_dm6_minus_cns_midline	36449
all_dm6_minus_cns_midline	36454
all_dm6_minus_cns_midline	36455
all_dm6_minus_cns_midline	36456
all_dm6_minus_cns_midline	36457
all_dm6_minus_cns_midline	36458
all_dm6_minus_cns_midline	36459
all_dm6_minus_cns_midline	36460
all_dm6_minus_cns_midline	36462
all_dm6_minus_cns_midline	36463
all_dm6_minus_cns_midline	36464
all_dm6_minus_cns_midline	36465
all_dm6_minus_cns_midline	36466
all_dm6_minus_cns_midline	36467
all_dm6_minus_cns_midline	36468
all_dm6_minus_cns_midline	36469
all_dm6_minus_cns_midline	36470
all_dm6_minus_cns_midline	36471
all_dm6_minus_cns_midline	36472
all_dm6_minus_cns_midline	36473
all_dm6_minus_cns_midline	36475
all_dm6_minus_cns_midline	36477
all_dm6_minus_cns_midline	36478
all_dm6_minus_cns_midline	36479
all_dm6_minus_cns_midline	36481
all_dm6_minus_cns_midline	36484
all_dm6_minus_cns_midline	36485
all_dm6_minus_cns_midline	36486
all_dm6_minus_cns_midline	36487
all_dm6_minus_cns_midline	36488
all_dm6_minus_cns_midline	36489
all_dm6_minus_cns_midline	36491
all_dm6_minus_cns_midline	36492
all_dm6_minus_cns_midline	36494
all_dm6_minus_cns_midline	36495
all_dm6_minus_cns_midline	36497
all_dm6_minus_cns_midline	36498
all_dm6_minus_cns_midline	36499
all_dm6_minus_cns_midline	36501
all_dm6_minus_cns_midline	36503
all_dm6_minus_cns_midline	36504
all_dm6_minus_cns_midline	36506
all_dm6_minus_cns_midline	36507
all_dm6_minus_cns_midline	36508
all_dm6_minus_cns_midline	36510
all_dm6_minus_cns_midline	36511
all_dm6_minus_cns_midline	36513
all_dm6_minus_cns_midline	36514
all_dm6_minus_cns_midline	36515
all_dm6_minus_cns_midline	36516
all_dm6_minus_cns_midline	36517
all_dm6_minus_cns_midline	36518
all_dm6_minus_cns_midline	36519
all_dm6_minus_cns_midline	36520
all_dm6_minus_cns_midline	36521
all_dm6_minus_cns_midline	36522
all_dm6_minus_cns_midline	36523
all_dm6_minus_cns_midline	36524
all_dm6_minus_cns_midline	36525
all_dm6_minus_cns_midline	36526
all_dm6_minus_cns_midline	36527
all_dm6_minus_cns_midline	36528
all_dm6_minus_cns_midline	36529
all_dm6_minus_cns_midline	36530
all_dm6_minus_cns_midline	36531
all_dm6_minus_cns_midline	36532
all_dm6_minus_cns_midline	36533
all_dm6_minus_cns_midline	36534
all_dm6_minus_cns_midline	36536
all_dm6_minus_cns_midline	36537
all_dm6_minus_cns_midline	36538
all_dm6_minus_cns_midline	36539
all_dm6_minus_cns_midline	36540
all_dm6_minus_cns_midline	36541
all_dm6_minus_cns_midline	36542
all_dm6_minus_cns_midline	36543
all_dm6_minus_cns_midline	36544
all_dm6_minus_cns_midline	36545
all_dm6_minus_cns_midline	36546
all_dm6_minus_cns_midline	36547
all_dm6_minus_cns_midline	36548
all_dm6_minus_cns_midline	36549
all_dm6_minus_cns_midline	36550
all_dm6_minus_cns_midline	36551
all_dm6_minus_cns_midline	36552
all_dm6_minus_cns_midline	36554
all_dm6_minus_cns_midline	36555
all_dm6_minus_cns_midline	36556
all_dm6_minus_cns_midline	36559
all_dm6_minus_cns_midline	36560
all_dm6_minus_cns_midline	36561
all_dm6_minus_cns_midline	36562
all_dm6_minus_cns_midline	36563
all_dm6_minus_cns_midline	36564
all_dm6_minus_cns_midline	36565
all_dm6_minus_cns_midline	36566
all_dm6_minus_cns_midline	36567
all_dm6_minus_cns_midline	36568
all_dm6_minus_cns_midline	36569
all_dm6_minus_cns_midline	36570
all_dm6_minus_cns_midline	36571
all_dm6_minus_cns_midline	36573
all_dm6_minus_cns_midline	36574
all_dm6_minus_cns_midline	36575
all_dm6_minus_cns_midline	36577
all_dm6_minus_cns_midline	36578
all_dm6_minus_cns_midline	36579
all_dm6_minus_cns_midline	36580
all_dm6_minus_cns_midline	36581
all_dm6_minus_cns_midline	36582
all_dm6_minus_cns_midline	36584
all_dm6_minus_cns_midline	36585
all_dm6_minus_cns_midline	36586
all_dm6_minus_cns_midline	36587
all_dm6_minus_cns_midline	36588
all_dm6_minus_cns_midline	36589
all_dm6_minus_cns_midline	36590
all_dm6_minus_cns_midline	36593
all_dm6_minus_cns_midline	36594
all_dm6_minus_cns_midline	36595
all_dm6_minus_cns_midline	36597
all_dm6_minus_cns_midline	36598
all_dm6_minus_cns_midline	36600
all_dm6_minus_cns_midline	36601
all_dm6_minus_cns_midline	36602
all_dm6_minus_cns_midline	36603
all_dm6_minus_cns_midline	36604
all_dm6_minus_cns_midline	36605
all_dm6_minus_cns_midline	36606
all_dm6_minus_cns_midline	36612
all_dm6_minus_cns_midline	36613
all_dm6_minus_cns_midline	36614
all_dm6_minus_cns_midline	36615
all_dm6_minus_cns_midline	36616
all_dm6_minus_cns_midline	36617
all_dm6_minus_cns_midline	36619
all_dm6_minus_cns_midline	36620
all_dm6_minus_cns_midline	36621
all_dm6_minus_cns_midline	36623
all_dm6_minus_cns_midline	36624
all_dm6_minus_cns_midline	36625
all_dm6_minus_cns_midline	36626
all_dm6_minus_cns_midline	36627
all_dm6_minus_cns_midline	36628
all_dm6_minus_cns_midline	36629
all_dm6_minus_cns_midline	36630
all_dm6_minus_cns_midline	36631
all_dm6_minus_cns_midline	36632
all_dm6_minus_cns_midline	36634
all_dm6_minus_cns_midline	36635
all_dm6_minus_cns_midline	36636
all_dm6_minus_cns_midline	36637
all_dm6_minus_cns_midline	36638
all_dm6_minus_cns_midline	36639
all_dm6_minus_cns_midline	36640
all_dm6_minus_cns_midline	36641
all_dm6_minus_cns_midline	36642
all_dm6_minus_cns_midline	36643
all_dm6_minus_cns_midline	36645
all_dm6_minus_cns_midline	36648
all_dm6_minus_cns_midline	36649
all_dm6_minus_cns_midline	36650
all_dm6_minus_cns_midline	36651
all_dm6_minus_cns_midline	36652
all_dm6_minus_cns_midline	36653
all_dm6_minus_cns_midline	36654
all_dm6_minus_cns_midline	36655
all_dm6_minus_cns_midline	36656
all_dm6_minus_cns_midline	36661
all_dm6_minus_cns_midline	36662
all_dm6_minus_cns_midline	36663
all_dm6_minus_cns_midline	36664
all_dm6_minus_cns_midline	36665
all_dm6_minus_cns_midline	36666
all_dm6_minus_cns_midline	36667
all_dm6_minus_cns_midline	36670
all_dm6_minus_cns_midline	36671
all_dm6_minus_cns_midline	36673
all_dm6_minus_cns_midline	36674
all_dm6_minus_cns_midline	36675
all_dm6_minus_cns_midline	36676
all_dm6_minus_cns_midline	36678
all_dm6_minus_cns_midline	36679
all_dm6_minus_cns_midline	36680
all_dm6_minus_cns_midline	36681
all_dm6_minus_cns_midline	36682
all_dm6_minus_cns_midline	36683
all_dm6_minus_cns_midline	36685
all_dm6_minus_cns_midline	36686
all_dm6_minus_cns_midline	36687
all_dm6_minus_cns_midline	36688
all_dm6_minus_cns_midline	36689
all_dm6_minus_cns_midline	36692
all_dm6_minus_cns_midline	36693
all_dm6_minus_cns_midline	36694
all_dm6_minus_cns_midline	36695
all_dm6_minus_cns_midline	36696
all_dm6_minus_cns_midline	36697
all_dm6_minus_cns_midline	36698
all_dm6_minus_cns_midline	36699
all_dm6_minus_cns_midline	36700
all_dm6_minus_cns_midline	36701
all_dm6_minus_cns_midline	36702
all_dm6_minus_cns_midline	36703
all_dm6_minus_cns_midline	36705
all_dm6_minus_cns_midline	36706
all_dm6_minus_cns_midline	36708
all_dm6_minus_cns_midline	36713
all_dm6_minus_cns_midline	36714
all_dm6_minus_cns_midline	36715
all_dm6_minus_cns_midline	36716
all_dm6_minus_cns_midline	36717
all_dm6_minus_cns_midline	36718
all_dm6_minus_cns_midline	36719
all_dm6_minus_cns_midline	36720
all_dm6_minus_cns_midline	36722
all_dm6_minus_cns_midline	36723
all_dm6_minus_cns_midline	36724
all_dm6_minus_cns_midline	36725
all_dm6_minus_cns_midline	36727
all_dm6_minus_cns_midline	36728
all_dm6_minus_cns_midline	36730
all_dm6_minus_cns_midline	36731
all_dm6_minus_cns_midline	36732
all_dm6_minus_cns_midline	36733
all_dm6_minus_cns_midline	36741
all_dm6_minus_cns_midline	36742
all_dm6_minus_cns_midline	36743
all_dm6_minus_cns_midline	36744
all_dm6_minus_cns_midline	36748
all_dm6_minus_cns_midline	36749
all_dm6_minus_cns_midline	36750
all_dm6_minus_cns_midline	36751
all_dm6_minus_cns_midline	36752
all_dm6_minus_cns_midline	36754
all_dm6_minus_cns_midline	36757
all_dm6_minus_cns_midline	36758
all_dm6_minus_cns_midline	36759
all_dm6_minus_cns_midline	36760
all_dm6_minus_cns_midline	36761
all_dm6_minus_cns_midline	36762
all_dm6_minus_cns_midline	36763
all_dm6_minus_cns_midline	36764
all_dm6_minus_cns_midline	36766
all_dm6_minus_cns_midline	36767
all_dm6_minus_cns_midline	36768
all_dm6_minus_cns_midline	36769
all_dm6_minus_cns_midline	36770
all_dm6_minus_cns_midline	36771
all_dm6_minus_cns_midline	36772
all_dm6_minus_cns_midline	36773
all_dm6_minus_cns_midline	36776
all_dm6_minus_cns_midline	36778
all_dm6_minus_cns_midline	36779
all_dm6_minus_cns_midline	36780
all_dm6_minus_cns_midline	36784
all_dm6_minus_cns_midline	36787
all_dm6_minus_cns_midline	36788
all_dm6_minus_cns_midline	36789
all_dm6_minus_cns_midline	36790
all_dm6_minus_cns_midline	36792
all_dm6_minus_cns_midline	36793
all_dm6_minus_cns_midline	36794
all_dm6_minus_cns_midline	36795
all_dm6_minus_cns_midline	36798
all_dm6_minus_cns_midline	36799
all_dm6_minus_cns_midline	36800
all_dm6_minus_cns_midline	36801
all_dm6_minus_cns_midline	36802
all_dm6_minus_cns_midline	36803
all_dm6_minus_cns_midline	36804
all_dm6_minus_cns_midline	36805
all_dm6_minus_cns_midline	36806
all_dm6_minus_cns_midline	36808
all_dm6_minus_cns_midline	36809
all_dm6_minus_cns_midline	36810
all_dm6_minus_cns_midline	36811
all_dm6_minus_cns_midline	36813
all_dm6_minus_cns_midline	36814
all_dm6_minus_cns_midline	36815
all_dm6_minus_cns_midline	36816
all_dm6_minus_cns_midline	36817
all_dm6_minus_cns_midline	36818
all_dm6_minus_cns_midline	36819
all_dm6_minus_cns_midline	36820
all_dm6_minus_cns_midline	36821
all_dm6_minus_cns_midline	36824
all_dm6_minus_cns_midline	36825
all_dm6_minus_cns_midline	36826
all_dm6_minus_cns_midline	36829
all_dm6_minus_cns_midline	36830
all_dm6_minus_cns_midline	36831
all_dm6_minus_cns_midline	36832
all_dm6_minus_cns_midline	36833
all_dm6_minus_cns_midline	36834
all_dm6_minus_cns_midline	36838
all_dm6_minus_cns_midline	36839
all_dm6_minus_cns_midline	36840
all_dm6_minus_cns_midline	36841
all_dm6_minus_cns_midline	36843
all_dm6_minus_cns_midline	36844
all_dm6_minus_cns_midline	36845
all_dm6_minus_cns_midline	36846
all_dm6_minus_cns_midline	36847
all_dm6_minus_cns_midline	36848
all_dm6_minus_cns_midline	36849
all_dm6_minus_cns_midline	36850
all_dm6_minus_cns_midline	36851
all_dm6_minus_cns_midline	36852
all_dm6_minus_cns_midline	36853
all_dm6_minus_cns_midline	36854
all_dm6_minus_cns_midline	36855
all_dm6_minus_cns_midline	36856
all_dm6_minus_cns_midline	36857
all_dm6_minus_cns_midline	36858
all_dm6_minus_cns_midline	36859
all_dm6_minus_cns_midline	36860
all_dm6_minus_cns_midline	36862
all_dm6_minus_cns_midline	36863
all_dm6_minus_cns_midline	36864
all_dm6_minus_cns_midline	36865
all_dm6_minus_cns_midline	36868
all_dm6_minus_cns_midline	36871
all_dm6_minus_cns_midline	36872
all_dm6_minus_cns_midline	36873
all_dm6_minus_cns_midline	36874
all_dm6_minus_cns_midline	36875
all_dm6_minus_cns_midline	36876
all_dm6_minus_cns_midline	36877
all_dm6_minus_cns_midline	36878
all_dm6_minus_cns_midline	36879
all_dm6_minus_cns_midline	36880
all_dm6_minus_cns_midline	36881
all_dm6_minus_cns_midline	36882
all_dm6_minus_cns_midline	36883
all_dm6_minus_cns_midline	36886
all_dm6_minus_cns_midline	36887
all_dm6_minus_cns_midline	36889
all_dm6_minus_cns_midline	36891
all_dm6_minus_cns_midline	36893
all_dm6_minus_cns_midline	36894
all_dm6_minus_cns_midline	36895
all_dm6_minus_cns_midline	36896
all_dm6_minus_cns_midline	36897
all_dm6_minus_cns_midline	36899
all_dm6_minus_cns_midline	36900
all_dm6_minus_cns_midline	36903
all_dm6_minus_cns_midline	36904
all_dm6_minus_cns_midline	36905
all_dm6_minus_cns_midline	36907
all_dm6_minus_cns_midline	36908
all_dm6_minus_cns_midline	36909
all_dm6_minus_cns_midline	36911
all_dm6_minus_cns_midline	36912
all_dm6_minus_cns_midline	36913
all_dm6_minus_cns_midline	36914
all_dm6_minus_cns_midline	36915
all_dm6_minus_cns_midline	36916
all_dm6_minus_cns_midline	36917
all_dm6_minus_cns_midline	36918
all_dm6_minus_cns_midline	36919
all_dm6_minus_cns_midline	36920
all_dm6_minus_cns_midline	36921
all_dm6_minus_cns_midline	36922
all_dm6_minus_cns_midline	36924
all_dm6_minus_cns_midline	36926
all_dm6_minus_cns_midline	36927
all_dm6_minus_cns_midline	36929
all_dm6_minus_cns_midline	36930
all_dm6_minus_cns_midline	36931
all_dm6_minus_cns_midline	36932
all_dm6_minus_cns_midline	36933
all_dm6_minus_cns_midline	36934
all_dm6_minus_cns_midline	36935
all_dm6_minus_cns_midline	36936
all_dm6_minus_cns_midline	36937
all_dm6_minus_cns_midline	36938
all_dm6_minus_cns_midline	36939
all_dm6_minus_cns_midline	36940
all_dm6_minus_cns_midline	36941
all_dm6_minus_cns_midline	36942
all_dm6_minus_cns_midline	36943
all_dm6_minus_cns_midline	36944
all_dm6_minus_cns_midline	36948
all_dm6_minus_cns_midline	36950
all_dm6_minus_cns_midline	36951
all_dm6_minus_cns_midline	36952
all_dm6_minus_cns_midline	36953
all_dm6_minus_cns_midline	36954
all_dm6_minus_cns_midline	36955
all_dm6_minus_cns_midline	36956
all_dm6_minus_cns_midline	36957
all_dm6_minus_cns_midline	36958
all_dm6_minus_cns_midline	36959
all_dm6_minus_cns_midline	36960
all_dm6_minus_cns_midline	36961
all_dm6_minus_cns_midline	36962
all_dm6_minus_cns_midline	36963
all_dm6_minus_cns_midline	36964
all_dm6_minus_cns_midline	36965
all_dm6_minus_cns_midline	36966
all_dm6_minus_cns_midline	36967
all_dm6_minus_cns_midline	36968
all_dm6_minus_cns_midline	36969
all_dm6_minus_cns_midline	36973
all_dm6_minus_cns_midline	36974
all_dm6_minus_cns_midline	36975
all_dm6_minus_cns_midline	36976
all_dm6_minus_cns_midline	36978
all_dm6_minus_cns_midline	36981
all_dm6_minus_cns_midline	36982
all_dm6_minus_cns_midline	36984
all_dm6_minus_cns_midline	36986
all_dm6_minus_cns_midline	36988
all_dm6_minus_cns_midline	36989
all_dm6_minus_cns_midline	36990
all_dm6_minus_cns_midline	36991
all_dm6_minus_cns_midline	36992
all_dm6_minus_cns_midline	36993
all_dm6_minus_cns_midline	36994
all_dm6_minus_cns_midline	36995
all_dm6_minus_cns_midline	36996
all_dm6_minus_cns_midline	36997
all_dm6_minus_cns_midline	36998
all_dm6_minus_cns_midline	36999
all_dm6_minus_cns_midline	37000
all_dm6_minus_cns_midline	37002
all_dm6_minus_cns_midline	37004
all_dm6_minus_cns_midline	37005
all_dm6_minus_cns_midline	37007
all_dm6_minus_cns_midline	37008
all_dm6_minus_cns_midline	37009
all_dm6_minus_cns_midline	37010
all_dm6_minus_cns_midline	37012
all_dm6_minus_cns_midline	37013
all_dm6_minus_cns_midline	37014
all_dm6_minus_cns_midline	37015
all_dm6_minus_cns_midline	37016
all_dm6_minus_cns_midline	37017
all_dm6_minus_cns_midline	37018
all_dm6_minus_cns_midline	37019
all_dm6_minus_cns_midline	37020
all_dm6_minus_cns_midline	37021
all_dm6_minus_cns_midline	37022
all_dm6_minus_cns_midline	37024
all_dm6_minus_cns_midline	37025
all_dm6_minus_cns_midline	37026
all_dm6_minus_cns_midline	37027
all_dm6_minus_cns_midline	37028
all_dm6_minus_cns_midline	37029
all_dm6_minus_cns_midline	37030
all_dm6_minus_cns_midline	37031
all_dm6_minus_cns_midline	37032
all_dm6_minus_cns_midline	37033
all_dm6_minus_cns_midline	37034
all_dm6_minus_cns_midline	37035
all_dm6_minus_cns_midline	37036
all_dm6_minus_cns_midline	37037
all_dm6_minus_cns_midline	37038
all_dm6_minus_cns_midline	37039
all_dm6_minus_cns_midline	37040
all_dm6_minus_cns_midline	37041
all_dm6_minus_cns_midline	37042
all_dm6_minus_cns_midline	37044
all_dm6_minus_cns_midline	37045
all_dm6_minus_cns_midline	37046
all_dm6_minus_cns_midline	37047
all_dm6_minus_cns_midline	37051
all_dm6_minus_cns_midline	37052
all_dm6_minus_cns_midline	37053
all_dm6_minus_cns_midline	37054
all_dm6_minus_cns_midline	37055
all_dm6_minus_cns_midline	37056
all_dm6_minus_cns_midline	37057
all_dm6_minus_cns_midline	37058
all_dm6_minus_cns_midline	37059
all_dm6_minus_cns_midline	37062
all_dm6_minus_cns_midline	37063
all_dm6_minus_cns_midline	37064
all_dm6_minus_cns_midline	37065
all_dm6_minus_cns_midline	37066
all_dm6_minus_cns_midline	37068
all_dm6_minus_cns_midline	37069
all_dm6_minus_cns_midline	37070
all_dm6_minus_cns_midline	37071
all_dm6_minus_cns_midline	37072
all_dm6_minus_cns_midline	37073
all_dm6_minus_cns_midline	37075
all_dm6_minus_cns_midline	37076
all_dm6_minus_cns_midline	37078
all_dm6_minus_cns_midline	37079
all_dm6_minus_cns_midline	37080
all_dm6_minus_cns_midline	37081
all_dm6_minus_cns_midline	37082
all_dm6_minus_cns_midline	37083
all_dm6_minus_cns_midline	37084
all_dm6_minus_cns_midline	37086
all_dm6_minus_cns_midline	37087
all_dm6_minus_cns_midline	37088
all_dm6_minus_cns_midline	37089
all_dm6_minus_cns_midline	37090
all_dm6_minus_cns_midline	37092
all_dm6_minus_cns_midline	37093
all_dm6_minus_cns_midline	37094
all_dm6_minus_cns_midline	37095
all_dm6_minus_cns_midline	37096
all_dm6_minus_cns_midline	37097
all_dm6_minus_cns_midline	37098
all_dm6_minus_cns_midline	37099
all_dm6_minus_cns_midline	37100
all_dm6_minus_cns_midline	37101
all_dm6_minus_cns_midline	37102
all_dm6_minus_cns_midline	37104
all_dm6_minus_cns_midline	37105
all_dm6_minus_cns_midline	37106
all_dm6_minus_cns_midline	37107
all_dm6_minus_cns_midline	37108
all_dm6_minus_cns_midline	37109
all_dm6_minus_cns_midline	37110
all_dm6_minus_cns_midline	37111
all_dm6_minus_cns_midline	37112
all_dm6_minus_cns_midline	37113
all_dm6_minus_cns_midline	37116
all_dm6_minus_cns_midline	37117
all_dm6_minus_cns_midline	37118
all_dm6_minus_cns_midline	37119
all_dm6_minus_cns_midline	37122
all_dm6_minus_cns_midline	37123
all_dm6_minus_cns_midline	37124
all_dm6_minus_cns_midline	37125
all_dm6_minus_cns_midline	37128
all_dm6_minus_cns_midline	37129
all_dm6_minus_cns_midline	37130
all_dm6_minus_cns_midline	37131
all_dm6_minus_cns_midline	37132
all_dm6_minus_cns_midline	37134
all_dm6_minus_cns_midline	37135
all_dm6_minus_cns_midline	37136
all_dm6_minus_cns_midline	37138
all_dm6_minus_cns_midline	37139
all_dm6_minus_cns_midline	37140
all_dm6_minus_cns_midline	37141
all_dm6_minus_cns_midline	37142
all_dm6_minus_cns_midline	37144
all_dm6_minus_cns_midline	37147
all_dm6_minus_cns_midline	37148
all_dm6_minus_cns_midline	37152
all_dm6_minus_cns_midline	37153
all_dm6_minus_cns_midline	37155
all_dm6_minus_cns_midline	37156
all_dm6_minus_cns_midline	37157
all_dm6_minus_cns_midline	37158
all_dm6_minus_cns_midline	37159
all_dm6_minus_cns_midline	37163
all_dm6_minus_cns_midline	37164
all_dm6_minus_cns_midline	37165
all_dm6_minus_cns_midline	37166
all_dm6_minus_cns_midline	37167
all_dm6_minus_cns_midline	37168
all_dm6_minus_cns_midline	37170
all_dm6_minus_cns_midline	37172
all_dm6_minus_cns_midline	37173
all_dm6_minus_cns_midline	37174
all_dm6_minus_cns_midline	37175
all_dm6_minus_cns_midline	37176
all_dm6_minus_cns_midline	37177
all_dm6_minus_cns_midline	37178
all_dm6_minus_cns_midline	37179
all_dm6_minus_cns_midline	37181
all_dm6_minus_cns_midline	37182
all_dm6_minus_cns_midline	37183
all_dm6_minus_cns_midline	37184
all_dm6_minus_cns_midline	37187
all_dm6_minus_cns_midline	37188
all_dm6_minus_cns_midline	37189
all_dm6_minus_cns_midline	37190
all_dm6_minus_cns_midline	37191
all_dm6_minus_cns_midline	37192
all_dm6_minus_cns_midline	37194
all_dm6_minus_cns_midline	37195
all_dm6_minus_cns_midline	37196
all_dm6_minus_cns_midline	37198
all_dm6_minus_cns_midline	37199
all_dm6_minus_cns_midline	37200
all_dm6_minus_cns_midline	37201
all_dm6_minus_cns_midline	37202
all_dm6_minus_cns_midline	37203
all_dm6_minus_cns_midline	37204
all_dm6_minus_cns_midline	37205
all_dm6_minus_cns_midline	37206
all_dm6_minus_cns_midline	37207
all_dm6_minus_cns_midline	37209
all_dm6_minus_cns_midline	37210
all_dm6_minus_cns_midline	37211
all_dm6_minus_cns_midline	37212
all_dm6_minus_cns_midline	37213
all_dm6_minus_cns_midline	37214
all_dm6_minus_cns_midline	37215
all_dm6_minus_cns_midline	37216
all_dm6_minus_cns_midline	37217
all_dm6_minus_cns_midline	37218
all_dm6_minus_cns_midline	37220
all_dm6_minus_cns_midline	37221
all_dm6_minus_cns_midline	37222
all_dm6_minus_cns_midline	37223
all_dm6_minus_cns_midline	37224
all_dm6_minus_cns_midline	37225
all_dm6_minus_cns_midline	37226
all_dm6_minus_cns_midline	37227
all_dm6_minus_cns_midline	37232
all_dm6_minus_cns_midline	37233
all_dm6_minus_cns_midline	37235
all_dm6_minus_cns_midline	37236
all_dm6_minus_cns_midline	37237
all_dm6_minus_cns_midline	37238
all_dm6_minus_cns_midline	37239
all_dm6_minus_cns_midline	37244
all_dm6_minus_cns_midline	37245
all_dm6_minus_cns_midline	37246
all_dm6_minus_cns_midline	37247
all_dm6_minus_cns_midline	37248
all_dm6_minus_cns_midline	37249
all_dm6_minus_cns_midline	37250
all_dm6_minus_cns_midline	37251
all_dm6_minus_cns_midline	37252
all_dm6_minus_cns_midline	37253
all_dm6_minus_cns_midline	37254
all_dm6_minus_cns_midline	37255
all_dm6_minus_cns_midline	37256
all_dm6_minus_cns_midline	37257
all_dm6_minus_cns_midline	37258
all_dm6_minus_cns_midline	37259
all_dm6_minus_cns_midline	37261
all_dm6_minus_cns_midline	37263
all_dm6_minus_cns_midline	37264
all_dm6_minus_cns_midline	37265
all_dm6_minus_cns_midline	37266
all_dm6_minus_cns_midline	37267
all_dm6_minus_cns_midline	37268
all_dm6_minus_cns_midline	37269
all_dm6_minus_cns_midline	37270
all_dm6_minus_cns_midline	37271
all_dm6_minus_cns_midline	37272
all_dm6_minus_cns_midline	37273
all_dm6_minus_cns_midline	37274
all_dm6_minus_cns_midline	37275
all_dm6_minus_cns_midline	37276
all_dm6_minus_cns_midline	37277
all_dm6_minus_cns_midline	37278
all_dm6_minus_cns_midline	37280
all_dm6_minus_cns_midline	37281
all_dm6_minus_cns_midline	37282
all_dm6_minus_cns_midline	37283
all_dm6_minus_cns_midline	37284
all_dm6_minus_cns_midline	37285
all_dm6_minus_cns_midline	37286
all_dm6_minus_cns_midline	37287
all_dm6_minus_cns_midline	37288
all_dm6_minus_cns_midline	37289
all_dm6_minus_cns_midline	37290
all_dm6_minus_cns_midline	37292
all_dm6_minus_cns_midline	37293
all_dm6_minus_cns_midline	37294
all_dm6_minus_cns_midline	37295
all_dm6_minus_cns_midline	37296
all_dm6_minus_cns_midline	37297
all_dm6_minus_cns_midline	37298
all_dm6_minus_cns_midline	37299
all_dm6_minus_cns_midline	37300
all_dm6_minus_cns_midline	37301
all_dm6_minus_cns_midline	37302
all_dm6_minus_cns_midline	37303
all_dm6_minus_cns_midline	37304
all_dm6_minus_cns_midline	37305
all_dm6_minus_cns_midline	37306
all_dm6_minus_cns_midline	37307
all_dm6_minus_cns_midline	37308
all_dm6_minus_cns_midline	37309
all_dm6_minus_cns_midline	37310
all_dm6_minus_cns_midline	37311
all_dm6_minus_cns_midline	37312
all_dm6_minus_cns_midline	37313
all_dm6_minus_cns_midline	37314
all_dm6_minus_cns_midline	37315
all_dm6_minus_cns_midline	37316
all_dm6_minus_cns_midline	37317
all_dm6_minus_cns_midline	37318
all_dm6_minus_cns_midline	37319
all_dm6_minus_cns_midline	37322
all_dm6_minus_cns_midline	37323
all_dm6_minus_cns_midline	37325
all_dm6_minus_cns_midline	37328
all_dm6_minus_cns_midline	37329
all_dm6_minus_cns_midline	37330
all_dm6_minus_cns_midline	37331
all_dm6_minus_cns_midline	37332
all_dm6_minus_cns_midline	37334
all_dm6_minus_cns_midline	37335
all_dm6_minus_cns_midline	37336
all_dm6_minus_cns_midline	37337
all_dm6_minus_cns_midline	37339
all_dm6_minus_cns_midline	37340
all_dm6_minus_cns_midline	37341
all_dm6_minus_cns_midline	37343
all_dm6_minus_cns_midline	37344
all_dm6_minus_cns_midline	37345
all_dm6_minus_cns_midline	37347
all_dm6_minus_cns_midline	37348
all_dm6_minus_cns_midline	37349
all_dm6_minus_cns_midline	37351
all_dm6_minus_cns_midline	37354
all_dm6_minus_cns_midline	37355
all_dm6_minus_cns_midline	37356
all_dm6_minus_cns_midline	37357
all_dm6_minus_cns_midline	37358
all_dm6_minus_cns_midline	37359
all_dm6_minus_cns_midline	37360
all_dm6_minus_cns_midline	37363
all_dm6_minus_cns_midline	37364
all_dm6_minus_cns_midline	37366
all_dm6_minus_cns_midline	37367
all_dm6_minus_cns_midline	37371
all_dm6_minus_cns_midline	37372
all_dm6_minus_cns_midline	37373
all_dm6_minus_cns_midline	37374
all_dm6_minus_cns_midline	37375
all_dm6_minus_cns_midline	37376
all_dm6_minus_cns_midline	37377
all_dm6_minus_cns_midline	37378
all_dm6_minus_cns_midline	37379
all_dm6_minus_cns_midline	37381
all_dm6_minus_cns_midline	37382
all_dm6_minus_cns_midline	37384
all_dm6_minus_cns_midline	37385
all_dm6_minus_cns_midline	37387
all_dm6_minus_cns_midline	37388
all_dm6_minus_cns_midline	37390
all_dm6_minus_cns_midline	37392
all_dm6_minus_cns_midline	37393
all_dm6_minus_cns_midline	37395
all_dm6_minus_cns_midline	37397
all_dm6_minus_cns_midline	37398
all_dm6_minus_cns_midline	37399
all_dm6_minus_cns_midline	37400
all_dm6_minus_cns_midline	37401
all_dm6_minus_cns_midline	37402
all_dm6_minus_cns_midline	37403
all_dm6_minus_cns_midline	37405
all_dm6_minus_cns_midline	37407
all_dm6_minus_cns_midline	37408
all_dm6_minus_cns_midline	37410
all_dm6_minus_cns_midline	37411
all_dm6_minus_cns_midline	37412
all_dm6_minus_cns_midline	37413
all_dm6_minus_cns_midline	37414
all_dm6_minus_cns_midline	37415
all_dm6_minus_cns_midline	37416
all_dm6_minus_cns_midline	37417
all_dm6_minus_cns_midline	37418
all_dm6_minus_cns_midline	37419
all_dm6_minus_cns_midline	37420
all_dm6_minus_cns_midline	37421
all_dm6_minus_cns_midline	37422
all_dm6_minus_cns_midline	37423
all_dm6_minus_cns_midline	37427
all_dm6_minus_cns_midline	37428
all_dm6_minus_cns_midline	37429
all_dm6_minus_cns_midline	37430
all_dm6_minus_cns_midline	37431
all_dm6_minus_cns_midline	37433
all_dm6_minus_cns_midline	37435
all_dm6_minus_cns_midline	37437
all_dm6_minus_cns_midline	37439
all_dm6_minus_cns_midline	37440
all_dm6_minus_cns_midline	37441
all_dm6_minus_cns_midline	37443
all_dm6_minus_cns_midline	37444
all_dm6_minus_cns_midline	37445
all_dm6_minus_cns_midline	37446
all_dm6_minus_cns_midline	37447
all_dm6_minus_cns_midline	37449
all_dm6_minus_cns_midline	37450
all_dm6_minus_cns_midline	37451
all_dm6_minus_cns_midline	37453
all_dm6_minus_cns_midline	37454
all_dm6_minus_cns_midline	37455
all_dm6_minus_cns_midline	37456
all_dm6_minus_cns_midline	37458
all_dm6_minus_cns_midline	37459
all_dm6_minus_cns_midline	37461
all_dm6_minus_cns_midline	37462
all_dm6_minus_cns_midline	37463
all_dm6_minus_cns_midline	37464
all_dm6_minus_cns_midline	37465
all_dm6_minus_cns_midline	37466
all_dm6_minus_cns_midline	37467
all_dm6_minus_cns_midline	37468
all_dm6_minus_cns_midline	37469
all_dm6_minus_cns_midline	37470
all_dm6_minus_cns_midline	37471
all_dm6_minus_cns_midline	37472
all_dm6_minus_cns_midline	37473
all_dm6_minus_cns_midline	37475
all_dm6_minus_cns_midline	37476
all_dm6_minus_cns_midline	37477
all_dm6_minus_cns_midline	37478
all_dm6_minus_cns_midline	37479
all_dm6_minus_cns_midline	37482
all_dm6_minus_cns_midline	37483
all_dm6_minus_cns_midline	37484
all_dm6_minus_cns_midline	37485
all_dm6_minus_cns_midline	37486
all_dm6_minus_cns_midline	37487
all_dm6_minus_cns_midline	37488
all_dm6_minus_cns_midline	37489
all_dm6_minus_cns_midline	37490
all_dm6_minus_cns_midline	37491
all_dm6_minus_cns_midline	37492
all_dm6_minus_cns_midline	37493
all_dm6_minus_cns_midline	37496
all_dm6_minus_cns_midline	37497
all_dm6_minus_cns_midline	37498
all_dm6_minus_cns_midline	37500
all_dm6_minus_cns_midline	37501
all_dm6_minus_cns_midline	37502
all_dm6_minus_cns_midline	37507
all_dm6_minus_cns_midline	37509
all_dm6_minus_cns_midline	37510
all_dm6_minus_cns_midline	37511
all_dm6_minus_cns_midline	37513
all_dm6_minus_cns_midline	37514
all_dm6_minus_cns_midline	37515
all_dm6_minus_cns_midline	37516
all_dm6_minus_cns_midline	37517
all_dm6_minus_cns_midline	37518
all_dm6_minus_cns_midline	37519
all_dm6_minus_cns_midline	37520
all_dm6_minus_cns_midline	37522
all_dm6_minus_cns_midline	37523
all_dm6_minus_cns_midline	37524
all_dm6_minus_cns_midline	37526
all_dm6_minus_cns_midline	37527
all_dm6_minus_cns_midline	37531
all_dm6_minus_cns_midline	37532
all_dm6_minus_cns_midline	37533
all_dm6_minus_cns_midline	37534
all_dm6_minus_cns_midline	37535
all_dm6_minus_cns_midline	37536
all_dm6_minus_cns_midline	37537
all_dm6_minus_cns_midline	37538
all_dm6_minus_cns_midline	37539
all_dm6_minus_cns_midline	37540
all_dm6_minus_cns_midline	37541
all_dm6_minus_cns_midline	37542
all_dm6_minus_cns_midline	37543
all_dm6_minus_cns_midline	37544
all_dm6_minus_cns_midline	37545
all_dm6_minus_cns_midline	37547
all_dm6_minus_cns_midline	37548
all_dm6_minus_cns_midline	37549
all_dm6_minus_cns_midline	37551
all_dm6_minus_cns_midline	37552
all_dm6_minus_cns_midline	37553
all_dm6_minus_cns_midline	37554
all_dm6_minus_cns_midline	37556
all_dm6_minus_cns_midline	37557
all_dm6_minus_cns_midline	37559
all_dm6_minus_cns_midline	37560
all_dm6_minus_cns_midline	37561
all_dm6_minus_cns_midline	37562
all_dm6_minus_cns_midline	37563
all_dm6_minus_cns_midline	37564
all_dm6_minus_cns_midline	37565
all_dm6_minus_cns_midline	37566
all_dm6_minus_cns_midline	37567
all_dm6_minus_cns_midline	37569
all_dm6_minus_cns_midline	37570
all_dm6_minus_cns_midline	37571
all_dm6_minus_cns_midline	37572
all_dm6_minus_cns_midline	37573
all_dm6_minus_cns_midline	37574
all_dm6_minus_cns_midline	37576
all_dm6_minus_cns_midline	37577
all_dm6_minus_cns_midline	37578
all_dm6_minus_cns_midline	37579
all_dm6_minus_cns_midline	37581
all_dm6_minus_cns_midline	37582
all_dm6_minus_cns_midline	37583
all_dm6_minus_cns_midline	37585
all_dm6_minus_cns_midline	37586
all_dm6_minus_cns_midline	37587
all_dm6_minus_cns_midline	37588
all_dm6_minus_cns_midline	37589
all_dm6_minus_cns_midline	37590
all_dm6_minus_cns_midline	37591
all_dm6_minus_cns_midline	37592
all_dm6_minus_cns_midline	37593
all_dm6_minus_cns_midline	37594
all_dm6_minus_cns_midline	37595
all_dm6_minus_cns_midline	37596
all_dm6_minus_cns_midline	37597
all_dm6_minus_cns_midline	37598
all_dm6_minus_cns_midline	37599
all_dm6_minus_cns_midline	37600
all_dm6_minus_cns_midline	37601
all_dm6_minus_cns_midline	37602
all_dm6_minus_cns_midline	37603
all_dm6_minus_cns_midline	37605
all_dm6_minus_cns_midline	37606
all_dm6_minus_cns_midline	37607
all_dm6_minus_cns_midline	37608
all_dm6_minus_cns_midline	37609
all_dm6_minus_cns_midline	37610
all_dm6_minus_cns_midline	37613
all_dm6_minus_cns_midline	37614
all_dm6_minus_cns_midline	37615
all_dm6_minus_cns_midline	37617
all_dm6_minus_cns_midline	37618
all_dm6_minus_cns_midline	37619
all_dm6_minus_cns_midline	37621
all_dm6_minus_cns_midline	37622
all_dm6_minus_cns_midline	37623
all_dm6_minus_cns_midline	37624
all_dm6_minus_cns_midline	37625
all_dm6_minus_cns_midline	37626
all_dm6_minus_cns_midline	37627
all_dm6_minus_cns_midline	37628
all_dm6_minus_cns_midline	37629
all_dm6_minus_cns_midline	37631
all_dm6_minus_cns_midline	37633
all_dm6_minus_cns_midline	37635
all_dm6_minus_cns_midline	37636
all_dm6_minus_cns_midline	37637
all_dm6_minus_cns_midline	37638
all_dm6_minus_cns_midline	37639
all_dm6_minus_cns_midline	37640
all_dm6_minus_cns_midline	37641
all_dm6_minus_cns_midline	37644
all_dm6_minus_cns_midline	37647
all_dm6_minus_cns_midline	37648
all_dm6_minus_cns_midline	37650
all_dm6_minus_cns_midline	37651
all_dm6_minus_cns_midline	37652
all_dm6_minus_cns_midline	37654
all_dm6_minus_cns_midline	37655
all_dm6_minus_cns_midline	37657
all_dm6_minus_cns_midline	37659
all_dm6_minus_cns_midline	37661
all_dm6_minus_cns_midline	37662
all_dm6_minus_cns_midline	37663
all_dm6_minus_cns_midline	37664
all_dm6_minus_cns_midline	37666
all_dm6_minus_cns_midline	37667
all_dm6_minus_cns_midline	37668
all_dm6_minus_cns_midline	37669
all_dm6_minus_cns_midline	37671
all_dm6_minus_cns_midline	37672
all_dm6_minus_cns_midline	37673
all_dm6_minus_cns_midline	37674
all_dm6_minus_cns_midline	37675
all_dm6_minus_cns_midline	37676
all_dm6_minus_cns_midline	37679
all_dm6_minus_cns_midline	37680
all_dm6_minus_cns_midline	37681
all_dm6_minus_cns_midline	37682
all_dm6_minus_cns_midline	37683
all_dm6_minus_cns_midline	37684
all_dm6_minus_cns_midline	37685
all_dm6_minus_cns_midline	37686
all_dm6_minus_cns_midline	37687
all_dm6_minus_cns_midline	37688
all_dm6_minus_cns_midline	37689
all_dm6_minus_cns_midline	37690
all_dm6_minus_cns_midline	37691
all_dm6_minus_cns_midline	37692
all_dm6_minus_cns_midline	37694
all_dm6_minus_cns_midline	37695
all_dm6_minus_cns_midline	37696
all_dm6_minus_cns_midline	37697
all_dm6_minus_cns_midline	37698
all_dm6_minus_cns_midline	37699
all_dm6_minus_cns_midline	37701
all_dm6_minus_cns_midline	37702
all_dm6_minus_cns_midline	37703
all_dm6_minus_cns_midline	37704
all_dm6_minus_cns_midline	37705
all_dm6_minus_cns_midline	37706
all_dm6_minus_cns_midline	37707
all_dm6_minus_cns_midline	37708
all_dm6_minus_cns_midline	37709
all_dm6_minus_cns_midline	37710
all_dm6_minus_cns_midline	37711
all_dm6_minus_cns_midline	37713
all_dm6_minus_cns_midline	37715
all_dm6_minus_cns_midline	37716
all_dm6_minus_cns_midline	37717
all_dm6_minus_cns_midline	37719
all_dm6_minus_cns_midline	37720
all_dm6_minus_cns_midline	37721
all_dm6_minus_cns_midline	37723
all_dm6_minus_cns_midline	37724
all_dm6_minus_cns_midline	37725
all_dm6_minus_cns_midline	37726
all_dm6_minus_cns_midline	37727
all_dm6_minus_cns_midline	37728
all_dm6_minus_cns_midline	37729
all_dm6_minus_cns_midline	37730
all_dm6_minus_cns_midline	37731
all_dm6_minus_cns_midline	37732
all_dm6_minus_cns_midline	37733
all_dm6_minus_cns_midline	37735
all_dm6_minus_cns_midline	37736
all_dm6_minus_cns_midline	37737
all_dm6_minus_cns_midline	37738
all_dm6_minus_cns_midline	37739
all_dm6_minus_cns_midline	37741
all_dm6_minus_cns_midline	37742
all_dm6_minus_cns_midline	37743
all_dm6_minus_cns_midline	37744
all_dm6_minus_cns_midline	37746
all_dm6_minus_cns_midline	37748
all_dm6_minus_cns_midline	37749
all_dm6_minus_cns_midline	37750
all_dm6_minus_cns_midline	37751
all_dm6_minus_cns_midline	37754
all_dm6_minus_cns_midline	37755
all_dm6_minus_cns_midline	37756
all_dm6_minus_cns_midline	37757
all_dm6_minus_cns_midline	37758
all_dm6_minus_cns_midline	37759
all_dm6_minus_cns_midline	37760
all_dm6_minus_cns_midline	37761
all_dm6_minus_cns_midline	37762
all_dm6_minus_cns_midline	37763
all_dm6_minus_cns_midline	37765
all_dm6_minus_cns_midline	37766
all_dm6_minus_cns_midline	37767
all_dm6_minus_cns_midline	37768
all_dm6_minus_cns_midline	37769
all_dm6_minus_cns_midline	37770
all_dm6_minus_cns_midline	37771
all_dm6_minus_cns_midline	37772
all_dm6_minus_cns_midline	37774
all_dm6_minus_cns_midline	37775
all_dm6_minus_cns_midline	37776
all_dm6_minus_cns_midline	37778
all_dm6_minus_cns_midline	37780
all_dm6_minus_cns_midline	37781
all_dm6_minus_cns_midline	37782
all_dm6_minus_cns_midline	37783
all_dm6_minus_cns_midline	37784
all_dm6_minus_cns_midline	37785
all_dm6_minus_cns_midline	37786
all_dm6_minus_cns_midline	37787
all_dm6_minus_cns_midline	37788
all_dm6_minus_cns_midline	37789
all_dm6_minus_cns_midline	37790
all_dm6_minus_cns_midline	37791
all_dm6_minus_cns_midline	37792
all_dm6_minus_cns_midline	37793
all_dm6_minus_cns_midline	37794
all_dm6_minus_cns_midline	37795
all_dm6_minus_cns_midline	37797
all_dm6_minus_cns_midline	37798
all_dm6_minus_cns_midline	37800
all_dm6_minus_cns_midline	37801
all_dm6_minus_cns_midline	37803
all_dm6_minus_cns_midline	37804
all_dm6_minus_cns_midline	37805
all_dm6_minus_cns_midline	37807
all_dm6_minus_cns_midline	37808
all_dm6_minus_cns_midline	37809
all_dm6_minus_cns_midline	37810
all_dm6_minus_cns_midline	37811
all_dm6_minus_cns_midline	37813
all_dm6_minus_cns_midline	37814
all_dm6_minus_cns_midline	37815
all_dm6_minus_cns_midline	37817
all_dm6_minus_cns_midline	37818
all_dm6_minus_cns_midline	37820
all_dm6_minus_cns_midline	37823
all_dm6_minus_cns_midline	37824
all_dm6_minus_cns_midline	37825
all_dm6_minus_cns_midline	37830
all_dm6_minus_cns_midline	37831
all_dm6_minus_cns_midline	37832
all_dm6_minus_cns_midline	37833
all_dm6_minus_cns_midline	37834
all_dm6_minus_cns_midline	37836
all_dm6_minus_cns_midline	37837
all_dm6_minus_cns_midline	37838
all_dm6_minus_cns_midline	37839
all_dm6_minus_cns_midline	37840
all_dm6_minus_cns_midline	37842
all_dm6_minus_cns_midline	37843
all_dm6_minus_cns_midline	37844
all_dm6_minus_cns_midline	37845
all_dm6_minus_cns_midline	37849
all_dm6_minus_cns_midline	37850
all_dm6_minus_cns_midline	37851
all_dm6_minus_cns_midline	37852
all_dm6_minus_cns_midline	37854
all_dm6_minus_cns_midline	37855
all_dm6_minus_cns_midline	37856
all_dm6_minus_cns_midline	37857
all_dm6_minus_cns_midline	37858
all_dm6_minus_cns_midline	37859
all_dm6_minus_cns_midline	37860
all_dm6_minus_cns_midline	37861
all_dm6_minus_cns_midline	37862
all_dm6_minus_cns_midline	37863
all_dm6_minus_cns_midline	37864
all_dm6_minus_cns_midline	37866
all_dm6_minus_cns_midline	37867
all_dm6_minus_cns_midline	37869
all_dm6_minus_cns_midline	37871
all_dm6_minus_cns_midline	37874
all_dm6_minus_cns_midline	37875
all_dm6_minus_cns_midline	37876
all_dm6_minus_cns_midline	37877
all_dm6_minus_cns_midline	37879
all_dm6_minus_cns_midline	37881
all_dm6_minus_cns_midline	37882
all_dm6_minus_cns_midline	37883
all_dm6_minus_cns_midline	37884
all_dm6_minus_cns_midline	37885
all_dm6_minus_cns_midline	37887
all_dm6_minus_cns_midline	37889
all_dm6_minus_cns_midline	37890
all_dm6_minus_cns_midline	37891
all_dm6_minus_cns_midline	37892
all_dm6_minus_cns_midline	37893
all_dm6_minus_cns_midline	37894
all_dm6_minus_cns_midline	37895
all_dm6_minus_cns_midline	37897
all_dm6_minus_cns_midline	37898
all_dm6_minus_cns_midline	37899
all_dm6_minus_cns_midline	37900
all_dm6_minus_cns_midline	37901
all_dm6_minus_cns_midline	37902
all_dm6_minus_cns_midline	37903
all_dm6_minus_cns_midline	37904
all_dm6_minus_cns_midline	37905
all_dm6_minus_cns_midline	37906
all_dm6_minus_cns_midline	37907
all_dm6_minus_cns_midline	37909
all_dm6_minus_cns_midline	37910
all_dm6_minus_cns_midline	37911
all_dm6_minus_cns_midline	37912
all_dm6_minus_cns_midline	37914
all_dm6_minus_cns_midline	37916
all_dm6_minus_cns_midline	37917
all_dm6_minus_cns_midline	37918
all_dm6_minus_cns_midline	37919
all_dm6_minus_cns_midline	37920
all_dm6_minus_cns_midline	37921
all_dm6_minus_cns_midline	37922
all_dm6_minus_cns_midline	37923
all_dm6_minus_cns_midline	37924
all_dm6_minus_cns_midline	37925
all_dm6_minus_cns_midline	37926
all_dm6_minus_cns_midline	37927
all_dm6_minus_cns_midline	37928
all_dm6_minus_cns_midline	37929
all_dm6_minus_cns_midline	37930
all_dm6_minus_cns_midline	37931
all_dm6_minus_cns_midline	37932
all_dm6_minus_cns_midline	37933
all_dm6_minus_cns_midline	37934
all_dm6_minus_cns_midline	37935
all_dm6_minus_cns_midline	37936
all_dm6_minus_cns_midline	37937
all_dm6_minus_cns_midline	37938
all_dm6_minus_cns_midline	37939
all_dm6_minus_cns_midline	37940
all_dm6_minus_cns_midline	37941
all_dm6_minus_cns_midline	37942
all_dm6_minus_cns_midline	37943
all_dm6_minus_cns_midline	37944
all_dm6_minus_cns_midline	37945
all_dm6_minus_cns_midline	37946
all_dm6_minus_cns_midline	37947
all_dm6_minus_cns_midline	37948
all_dm6_minus_cns_midline	37950
all_dm6_minus_cns_midline	37953
all_dm6_minus_cns_midline	37954
all_dm6_minus_cns_midline	37956
all_dm6_minus_cns_midline	37957
all_dm6_minus_cns_midline	37959
all_dm6_minus_cns_midline	37960
all_dm6_minus_cns_midline	37961
all_dm6_minus_cns_midline	37962
all_dm6_minus_cns_midline	37963
all_dm6_minus_cns_midline	37964
all_dm6_minus_cns_midline	37965
all_dm6_minus_cns_midline	37966
all_dm6_minus_cns_midline	37967
all_dm6_minus_cns_midline	37968
all_dm6_minus_cns_midline	37970
all_dm6_minus_cns_midline	37971
all_dm6_minus_cns_midline	37972
all_dm6_minus_cns_midline	37973
all_dm6_minus_cns_midline	37974
all_dm6_minus_cns_midline	37977
all_dm6_minus_cns_midline	37978
all_dm6_minus_cns_midline	37979
all_dm6_minus_cns_midline	37980
all_dm6_minus_cns_midline	37981
all_dm6_minus_cns_midline	37982
all_dm6_minus_cns_midline	37983
all_dm6_minus_cns_midline	37985
all_dm6_minus_cns_midline	37986
all_dm6_minus_cns_midline	37987
all_dm6_minus_cns_midline	37988
all_dm6_minus_cns_midline	37989
all_dm6_minus_cns_midline	37990
all_dm6_minus_cns_midline	37991
all_dm6_minus_cns_midline	37992
all_dm6_minus_cns_midline	37993
all_dm6_minus_cns_midline	37994
all_dm6_minus_cns_midline	37995
all_dm6_minus_cns_midline	37996
all_dm6_minus_cns_midline	37997
all_dm6_minus_cns_midline	37998
all_dm6_minus_cns_midline	37999
all_dm6_minus_cns_midline	38000
all_dm6_minus_cns_midline	38001
all_dm6_minus_cns_midline	38002
all_dm6_minus_cns_midline	38003
all_dm6_minus_cns_midline	38004
all_dm6_minus_cns_midline	38005
all_dm6_minus_cns_midline	38009
all_dm6_minus_cns_midline	38012
all_dm6_minus_cns_midline	38013
all_dm6_minus_cns_midline	38015
all_dm6_minus_cns_midline	38016
all_dm6_minus_cns_midline	38019
all_dm6_minus_cns_midline	38020
all_dm6_minus_cns_midline	38021
all_dm6_minus_cns_midline	38022
all_dm6_minus_cns_midline	38023
all_dm6_minus_cns_midline	38024
all_dm6_minus_cns_midline	38026
all_dm6_minus_cns_midline	38027
all_dm6_minus_cns_midline	38028
all_dm6_minus_cns_midline	38029
all_dm6_minus_cns_midline	38031
all_dm6_minus_cns_midline	38032
all_dm6_minus_cns_midline	38033
all_dm6_minus_cns_midline	38034
all_dm6_minus_cns_midline	38036
all_dm6_minus_cns_midline	38037
all_dm6_minus_cns_midline	38044
all_dm6_minus_cns_midline	38046
all_dm6_minus_cns_midline	38049
all_dm6_minus_cns_midline	38050
all_dm6_minus_cns_midline	38055
all_dm6_minus_cns_midline	38056
all_dm6_minus_cns_midline	38057
all_dm6_minus_cns_midline	38058
all_dm6_minus_cns_midline	38059
all_dm6_minus_cns_midline	38060
all_dm6_minus_cns_midline	38062
all_dm6_minus_cns_midline	38063
all_dm6_minus_cns_midline	38064
all_dm6_minus_cns_midline	38065
all_dm6_minus_cns_midline	38066
all_dm6_minus_cns_midline	38068
all_dm6_minus_cns_midline	38069
all_dm6_minus_cns_midline	38070
all_dm6_minus_cns_midline	38071
all_dm6_minus_cns_midline	38073
all_dm6_minus_cns_midline	38074
all_dm6_minus_cns_midline	38075
all_dm6_minus_cns_midline	38076
all_dm6_minus_cns_midline	38077
all_dm6_minus_cns_midline	38078
all_dm6_minus_cns_midline	38079
all_dm6_minus_cns_midline	38080
all_dm6_minus_cns_midline	38081
all_dm6_minus_cns_midline	38082
all_dm6_minus_cns_midline	38083
all_dm6_minus_cns_midline	38084
all_dm6_minus_cns_midline	38085
all_dm6_minus_cns_midline	38087
all_dm6_minus_cns_midline	38088
all_dm6_minus_cns_midline	38089
all_dm6_minus_cns_midline	38090
all_dm6_minus_cns_midline	38092
all_dm6_minus_cns_midline	38093
all_dm6_minus_cns_midline	38094
all_dm6_minus_cns_midline	38095
all_dm6_minus_cns_midline	38096
all_dm6_minus_cns_midline	38097
all_dm6_minus_cns_midline	38098
all_dm6_minus_cns_midline	38099
all_dm6_minus_cns_midline	38100
all_dm6_minus_cns_midline	38101
all_dm6_minus_cns_midline	38102
all_dm6_minus_cns_midline	38103
all_dm6_minus_cns_midline	38104
all_dm6_minus_cns_midline	38106
all_dm6_minus_cns_midline	38107
all_dm6_minus_cns_midline	38109
all_dm6_minus_cns_midline	38113
all_dm6_minus_cns_midline	38116
all_dm6_minus_cns_midline	38120
all_dm6_minus_cns_midline	38121
all_dm6_minus_cns_midline	38122
all_dm6_minus_cns_midline	38124
all_dm6_minus_cns_midline	38125
all_dm6_minus_cns_midline	38127
all_dm6_minus_cns_midline	38128
all_dm6_minus_cns_midline	38129
all_dm6_minus_cns_midline	38130
all_dm6_minus_cns_midline	38131
all_dm6_minus_cns_midline	38133
all_dm6_minus_cns_midline	38134
all_dm6_minus_cns_midline	38135
all_dm6_minus_cns_midline	38136
all_dm6_minus_cns_midline	38137
all_dm6_minus_cns_midline	38138
all_dm6_minus_cns_midline	38141
all_dm6_minus_cns_midline	38142
all_dm6_minus_cns_midline	38144
all_dm6_minus_cns_midline	38146
all_dm6_minus_cns_midline	38147
all_dm6_minus_cns_midline	38148
all_dm6_minus_cns_midline	38149
all_dm6_minus_cns_midline	38151
all_dm6_minus_cns_midline	38152
all_dm6_minus_cns_midline	38153
all_dm6_minus_cns_midline	38154
all_dm6_minus_cns_midline	38155
all_dm6_minus_cns_midline	38156
all_dm6_minus_cns_midline	38157
all_dm6_minus_cns_midline	38160
all_dm6_minus_cns_midline	38161
all_dm6_minus_cns_midline	38163
all_dm6_minus_cns_midline	38164
all_dm6_minus_cns_midline	38165
all_dm6_minus_cns_midline	38167
all_dm6_minus_cns_midline	38169
all_dm6_minus_cns_midline	38170
all_dm6_minus_cns_midline	38174
all_dm6_minus_cns_midline	38175
all_dm6_minus_cns_midline	38176
all_dm6_minus_cns_midline	38177
all_dm6_minus_cns_midline	38178
all_dm6_minus_cns_midline	38180
all_dm6_minus_cns_midline	38181
all_dm6_minus_cns_midline	38182
all_dm6_minus_cns_midline	38183
all_dm6_minus_cns_midline	38184
all_dm6_minus_cns_midline	38185
all_dm6_minus_cns_midline	38186
all_dm6_minus_cns_midline	38187
all_dm6_minus_cns_midline	38190
all_dm6_minus_cns_midline	38192
all_dm6_minus_cns_midline	38193
all_dm6_minus_cns_midline	38194
all_dm6_minus_cns_midline	38196
all_dm6_minus_cns_midline	38197
all_dm6_minus_cns_midline	38198
all_dm6_minus_cns_midline	38199
all_dm6_minus_cns_midline	38200
all_dm6_minus_cns_midline	38201
all_dm6_minus_cns_midline	38202
all_dm6_minus_cns_midline	38203
all_dm6_minus_cns_midline	38204
all_dm6_minus_cns_midline	38205
all_dm6_minus_cns_midline	38207
all_dm6_minus_cns_midline	38208
all_dm6_minus_cns_midline	38209
all_dm6_minus_cns_midline	38210
all_dm6_minus_cns_midline	38211
all_dm6_minus_cns_midline	38212
all_dm6_minus_cns_midline	38214
all_dm6_minus_cns_midline	38216
all_dm6_minus_cns_midline	38217
all_dm6_minus_cns_midline	38218
all_dm6_minus_cns_midline	38219
all_dm6_minus_cns_midline	38220
all_dm6_minus_cns_midline	38221
all_dm6_minus_cns_midline	38222
all_dm6_minus_cns_midline	38223
all_dm6_minus_cns_midline	38224
all_dm6_minus_cns_midline	38226
all_dm6_minus_cns_midline	38227
all_dm6_minus_cns_midline	38228
all_dm6_minus_cns_midline	38229
all_dm6_minus_cns_midline	38230
all_dm6_minus_cns_midline	38232
all_dm6_minus_cns_midline	38233
all_dm6_minus_cns_midline	38235
all_dm6_minus_cns_midline	38238
all_dm6_minus_cns_midline	38239
all_dm6_minus_cns_midline	38240
all_dm6_minus_cns_midline	38241
all_dm6_minus_cns_midline	38242
all_dm6_minus_cns_midline	38243
all_dm6_minus_cns_midline	38244
all_dm6_minus_cns_midline	38246
all_dm6_minus_cns_midline	38247
all_dm6_minus_cns_midline	38248
all_dm6_minus_cns_midline	38249
all_dm6_minus_cns_midline	38251
all_dm6_minus_cns_midline	38252
all_dm6_minus_cns_midline	38254
all_dm6_minus_cns_midline	38255
all_dm6_minus_cns_midline	38256
all_dm6_minus_cns_midline	38257
all_dm6_minus_cns_midline	38258
all_dm6_minus_cns_midline	38259
all_dm6_minus_cns_midline	38261
all_dm6_minus_cns_midline	38262
all_dm6_minus_cns_midline	38263
all_dm6_minus_cns_midline	38264
all_dm6_minus_cns_midline	38273
all_dm6_minus_cns_midline	38274
all_dm6_minus_cns_midline	38277
all_dm6_minus_cns_midline	38278
all_dm6_minus_cns_midline	38280
all_dm6_minus_cns_midline	38281
all_dm6_minus_cns_midline	38282
all_dm6_minus_cns_midline	38283
all_dm6_minus_cns_midline	38284
all_dm6_minus_cns_midline	38285
all_dm6_minus_cns_midline	38286
all_dm6_minus_cns_midline	38287
all_dm6_minus_cns_midline	38288
all_dm6_minus_cns_midline	38290
all_dm6_minus_cns_midline	38291
all_dm6_minus_cns_midline	38292
all_dm6_minus_cns_midline	38293
all_dm6_minus_cns_midline	38294
all_dm6_minus_cns_midline	38295
all_dm6_minus_cns_midline	38296
all_dm6_minus_cns_midline	38298
all_dm6_minus_cns_midline	38299
all_dm6_minus_cns_midline	38300
all_dm6_minus_cns_midline	38301
all_dm6_minus_cns_midline	38302
all_dm6_minus_cns_midline	38303
all_dm6_minus_cns_midline	38304
all_dm6_minus_cns_midline	38306
all_dm6_minus_cns_midline	38310
all_dm6_minus_cns_midline	38311
all_dm6_minus_cns_midline	38313
all_dm6_minus_cns_midline	38315
all_dm6_minus_cns_midline	38321
all_dm6_minus_cns_midline	38322
all_dm6_minus_cns_midline	38323
all_dm6_minus_cns_midline	38324
all_dm6_minus_cns_midline	38325
all_dm6_minus_cns_midline	38326
all_dm6_minus_cns_midline	38327
all_dm6_minus_cns_midline	38328
all_dm6_minus_cns_midline	38329
all_dm6_minus_cns_midline	38330
all_dm6_minus_cns_midline	38331
all_dm6_minus_cns_midline	38332
all_dm6_minus_cns_midline	38337
all_dm6_minus_cns_midline	38338
all_dm6_minus_cns_midline	38340
all_dm6_minus_cns_midline	38341
all_dm6_minus_cns_midline	38343
all_dm6_minus_cns_midline	38344
all_dm6_minus_cns_midline	38345
all_dm6_minus_cns_midline	38346
all_dm6_minus_cns_midline	38350
all_dm6_minus_cns_midline	38351
all_dm6_minus_cns_midline	38352
all_dm6_minus_cns_midline	38354
all_dm6_minus_cns_midline	38355
all_dm6_minus_cns_midline	38356
all_dm6_minus_cns_midline	38357
all_dm6_minus_cns_midline	38358
all_dm6_minus_cns_midline	38360
all_dm6_minus_cns_midline	38362
all_dm6_minus_cns_midline	38363
all_dm6_minus_cns_midline	38364
all_dm6_minus_cns_midline	38365
all_dm6_minus_cns_midline	38369
all_dm6_minus_cns_midline	38370
all_dm6_minus_cns_midline	38371
all_dm6_minus_cns_midline	38372
all_dm6_minus_cns_midline	38373
all_dm6_minus_cns_midline	38374
all_dm6_minus_cns_midline	38375
all_dm6_minus_cns_midline	38376
all_dm6_minus_cns_midline	38378
all_dm6_minus_cns_midline	38379
all_dm6_minus_cns_midline	38381
all_dm6_minus_cns_midline	38382
all_dm6_minus_cns_midline	38383
all_dm6_minus_cns_midline	38384
all_dm6_minus_cns_midline	38385
all_dm6_minus_cns_midline	38386
all_dm6_minus_cns_midline	38387
all_dm6_minus_cns_midline	38388
all_dm6_minus_cns_midline	38390
all_dm6_minus_cns_midline	38391
all_dm6_minus_cns_midline	38392
all_dm6_minus_cns_midline	38393
all_dm6_minus_cns_midline	38395
all_dm6_minus_cns_midline	38396
all_dm6_minus_cns_midline	38398
all_dm6_minus_cns_midline	38399
all_dm6_minus_cns_midline	38400
all_dm6_minus_cns_midline	38401
all_dm6_minus_cns_midline	38402
all_dm6_minus_cns_midline	38403
all_dm6_minus_cns_midline	38404
all_dm6_minus_cns_midline	38405
all_dm6_minus_cns_midline	38407
all_dm6_minus_cns_midline	38408
all_dm6_minus_cns_midline	38409
all_dm6_minus_cns_midline	38410
all_dm6_minus_cns_midline	38411
all_dm6_minus_cns_midline	38412
all_dm6_minus_cns_midline	38413
all_dm6_minus_cns_midline	38414
all_dm6_minus_cns_midline	38415
all_dm6_minus_cns_midline	38416
all_dm6_minus_cns_midline	38418
all_dm6_minus_cns_midline	38419
all_dm6_minus_cns_midline	38420
all_dm6_minus_cns_midline	38421
all_dm6_minus_cns_midline	38422
all_dm6_minus_cns_midline	38423
all_dm6_minus_cns_midline	38427
all_dm6_minus_cns_midline	38428
all_dm6_minus_cns_midline	38429
all_dm6_minus_cns_midline	38430
all_dm6_minus_cns_midline	38433
all_dm6_minus_cns_midline	38435
all_dm6_minus_cns_midline	38436
all_dm6_minus_cns_midline	38437
all_dm6_minus_cns_midline	38438
all_dm6_minus_cns_midline	38440
all_dm6_minus_cns_midline	38443
all_dm6_minus_cns_midline	38444
all_dm6_minus_cns_midline	38445
all_dm6_minus_cns_midline	38446
all_dm6_minus_cns_midline	38447
all_dm6_minus_cns_midline	38448
all_dm6_minus_cns_midline	38451
all_dm6_minus_cns_midline	38452
all_dm6_minus_cns_midline	38453
all_dm6_minus_cns_midline	38454
all_dm6_minus_cns_midline	38455
all_dm6_minus_cns_midline	38456
all_dm6_minus_cns_midline	38457
all_dm6_minus_cns_midline	38459
all_dm6_minus_cns_midline	38461
all_dm6_minus_cns_midline	38462
all_dm6_minus_cns_midline	38463
all_dm6_minus_cns_midline	38464
all_dm6_minus_cns_midline	38465
all_dm6_minus_cns_midline	38466
all_dm6_minus_cns_midline	38467
all_dm6_minus_cns_midline	38468
all_dm6_minus_cns_midline	38469
all_dm6_minus_cns_midline	38470
all_dm6_minus_cns_midline	38471
all_dm6_minus_cns_midline	38472
all_dm6_minus_cns_midline	38473
all_dm6_minus_cns_midline	38477
all_dm6_minus_cns_midline	38478
all_dm6_minus_cns_midline	38479
all_dm6_minus_cns_midline	38480
all_dm6_minus_cns_midline	38485
all_dm6_minus_cns_midline	38486
all_dm6_minus_cns_midline	38487
all_dm6_minus_cns_midline	38488
all_dm6_minus_cns_midline	38489
all_dm6_minus_cns_midline	38490
all_dm6_minus_cns_midline	38491
all_dm6_minus_cns_midline	38492
all_dm6_minus_cns_midline	38493
all_dm6_minus_cns_midline	38494
all_dm6_minus_cns_midline	38495
all_dm6_minus_cns_midline	38496
all_dm6_minus_cns_midline	38500
all_dm6_minus_cns_midline	38501
all_dm6_minus_cns_midline	38502
all_dm6_minus_cns_midline	38503
all_dm6_minus_cns_midline	38504
all_dm6_minus_cns_midline	38505
all_dm6_minus_cns_midline	38506
all_dm6_minus_cns_midline	38508
all_dm6_minus_cns_midline	38509
all_dm6_minus_cns_midline	38510
all_dm6_minus_cns_midline	38511
all_dm6_minus_cns_midline	38513
all_dm6_minus_cns_midline	38514
all_dm6_minus_cns_midline	38515
all_dm6_minus_cns_midline	38516
all_dm6_minus_cns_midline	38517
all_dm6_minus_cns_midline	38518
all_dm6_minus_cns_midline	38519
all_dm6_minus_cns_midline	38520
all_dm6_minus_cns_midline	38521
all_dm6_minus_cns_midline	38522
all_dm6_minus_cns_midline	38523
all_dm6_minus_cns_midline	38525
all_dm6_minus_cns_midline	38526
all_dm6_minus_cns_midline	38527
all_dm6_minus_cns_midline	38528
all_dm6_minus_cns_midline	38529
all_dm6_minus_cns_midline	38530
all_dm6_minus_cns_midline	38531
all_dm6_minus_cns_midline	38532
all_dm6_minus_cns_midline	38533
all_dm6_minus_cns_midline	38534
all_dm6_minus_cns_midline	38535
all_dm6_minus_cns_midline	38538
all_dm6_minus_cns_midline	38539
all_dm6_minus_cns_midline	38540
all_dm6_minus_cns_midline	38541
all_dm6_minus_cns_midline	38544
all_dm6_minus_cns_midline	38545
all_dm6_minus_cns_midline	38546
all_dm6_minus_cns_midline	38547
all_dm6_minus_cns_midline	38548
all_dm6_minus_cns_midline	38549
all_dm6_minus_cns_midline	38550
all_dm6_minus_cns_midline	38552
all_dm6_minus_cns_midline	38553
all_dm6_minus_cns_midline	38554
all_dm6_minus_cns_midline	38555
all_dm6_minus_cns_midline	38556
all_dm6_minus_cns_midline	38557
all_dm6_minus_cns_midline	38559
all_dm6_minus_cns_midline	38560
all_dm6_minus_cns_midline	38561
all_dm6_minus_cns_midline	38562
all_dm6_minus_cns_midline	38565
all_dm6_minus_cns_midline	38567
all_dm6_minus_cns_midline	38571
all_dm6_minus_cns_midline	38572
all_dm6_minus_cns_midline	38573
all_dm6_minus_cns_midline	38574
all_dm6_minus_cns_midline	38575
all_dm6_minus_cns_midline	38576
all_dm6_minus_cns_midline	38578
all_dm6_minus_cns_midline	38579
all_dm6_minus_cns_midline	38580
all_dm6_minus_cns_midline	38581
all_dm6_minus_cns_midline	38582
all_dm6_minus_cns_midline	38583
all_dm6_minus_cns_midline	38584
all_dm6_minus_cns_midline	38586
all_dm6_minus_cns_midline	38587
all_dm6_minus_cns_midline	38588
all_dm6_minus_cns_midline	38589
all_dm6_minus_cns_midline	38590
all_dm6_minus_cns_midline	38591
all_dm6_minus_cns_midline	38592
all_dm6_minus_cns_midline	38593
all_dm6_minus_cns_midline	38594
all_dm6_minus_cns_midline	38595
all_dm6_minus_cns_midline	38596
all_dm6_minus_cns_midline	38597
all_dm6_minus_cns_midline	38598
all_dm6_minus_cns_midline	38599
all_dm6_minus_cns_midline	38600
all_dm6_minus_cns_midline	38601
all_dm6_minus_cns_midline	38602
all_dm6_minus_cns_midline	38603
all_dm6_minus_cns_midline	38604
all_dm6_minus_cns_midline	38608
all_dm6_minus_cns_midline	38610
all_dm6_minus_cns_midline	38611
all_dm6_minus_cns_midline	38612
all_dm6_minus_cns_midline	38613
all_dm6_minus_cns_midline	38614
all_dm6_minus_cns_midline	38615
all_dm6_minus_cns_midline	38616
all_dm6_minus_cns_midline	38619
all_dm6_minus_cns_midline	38620
all_dm6_minus_cns_midline	38622
all_dm6_minus_cns_midline	38623
all_dm6_minus_cns_midline	38624
all_dm6_minus_cns_midline	38628
all_dm6_minus_cns_midline	38629
all_dm6_minus_cns_midline	38630
all_dm6_minus_cns_midline	38631
all_dm6_minus_cns_midline	38632
all_dm6_minus_cns_midline	38633
all_dm6_minus_cns_midline	38635
all_dm6_minus_cns_midline	38636
all_dm6_minus_cns_midline	38637
all_dm6_minus_cns_midline	38638
all_dm6_minus_cns_midline	38639
all_dm6_minus_cns_midline	38640
all_dm6_minus_cns_midline	38643
all_dm6_minus_cns_midline	38646
all_dm6_minus_cns_midline	38647
all_dm6_minus_cns_midline	38648
all_dm6_minus_cns_midline	38649
all_dm6_minus_cns_midline	38651
all_dm6_minus_cns_midline	38652
all_dm6_minus_cns_midline	38653
all_dm6_minus_cns_midline	38654
all_dm6_minus_cns_midline	38655
all_dm6_minus_cns_midline	38656
all_dm6_minus_cns_midline	38657
all_dm6_minus_cns_midline	38658
all_dm6_minus_cns_midline	38659
all_dm6_minus_cns_midline	38660
all_dm6_minus_cns_midline	38661
all_dm6_minus_cns_midline	38662
all_dm6_minus_cns_midline	38663
all_dm6_minus_cns_midline	38664
all_dm6_minus_cns_midline	38665
all_dm6_minus_cns_midline	38666
all_dm6_minus_cns_midline	38667
all_dm6_minus_cns_midline	38669
all_dm6_minus_cns_midline	38674
all_dm6_minus_cns_midline	38675
all_dm6_minus_cns_midline	38677
all_dm6_minus_cns_midline	38679
all_dm6_minus_cns_midline	38680
all_dm6_minus_cns_midline	38681
all_dm6_minus_cns_midline	38682
all_dm6_minus_cns_midline	38683
all_dm6_minus_cns_midline	38684
all_dm6_minus_cns_midline	38685
all_dm6_minus_cns_midline	38687
all_dm6_minus_cns_midline	38688
all_dm6_minus_cns_midline	38689
all_dm6_minus_cns_midline	38691
all_dm6_minus_cns_midline	38692
all_dm6_minus_cns_midline	38693
all_dm6_minus_cns_midline	38694
all_dm6_minus_cns_midline	38695
all_dm6_minus_cns_midline	38696
all_dm6_minus_cns_midline	38697
all_dm6_minus_cns_midline	38698
all_dm6_minus_cns_midline	38700
all_dm6_minus_cns_midline	38701
all_dm6_minus_cns_midline	38702
all_dm6_minus_cns_midline	38703
all_dm6_minus_cns_midline	38706
all_dm6_minus_cns_midline	38707
all_dm6_minus_cns_midline	38708
all_dm6_minus_cns_midline	38709
all_dm6_minus_cns_midline	38710
all_dm6_minus_cns_midline	38711
all_dm6_minus_cns_midline	38712
all_dm6_minus_cns_midline	38713
all_dm6_minus_cns_midline	38714
all_dm6_minus_cns_midline	38715
all_dm6_minus_cns_midline	38716
all_dm6_minus_cns_midline	38717
all_dm6_minus_cns_midline	38718
all_dm6_minus_cns_midline	38719
all_dm6_minus_cns_midline	38720
all_dm6_minus_cns_midline	38721
all_dm6_minus_cns_midline	38722
all_dm6_minus_cns_midline	38724
all_dm6_minus_cns_midline	38725
all_dm6_minus_cns_midline	38727
all_dm6_minus_cns_midline	38728
all_dm6_minus_cns_midline	38730
all_dm6_minus_cns_midline	38732
all_dm6_minus_cns_midline	38733
all_dm6_minus_cns_midline	38734
all_dm6_minus_cns_midline	38735
all_dm6_minus_cns_midline	38736
all_dm6_minus_cns_midline	38738
all_dm6_minus_cns_midline	38740
all_dm6_minus_cns_midline	38741
all_dm6_minus_cns_midline	38743
all_dm6_minus_cns_midline	38744
all_dm6_minus_cns_midline	38745
all_dm6_minus_cns_midline	38747
all_dm6_minus_cns_midline	38748
all_dm6_minus_cns_midline	38749
all_dm6_minus_cns_midline	38750
all_dm6_minus_cns_midline	38751
all_dm6_minus_cns_midline	38753
all_dm6_minus_cns_midline	38754
all_dm6_minus_cns_midline	38755
all_dm6_minus_cns_midline	38756
all_dm6_minus_cns_midline	38757
all_dm6_minus_cns_midline	38758
all_dm6_minus_cns_midline	38760
all_dm6_minus_cns_midline	38761
all_dm6_minus_cns_midline	38762
all_dm6_minus_cns_midline	38763
all_dm6_minus_cns_midline	38764
all_dm6_minus_cns_midline	38765
all_dm6_minus_cns_midline	38766
all_dm6_minus_cns_midline	38768
all_dm6_minus_cns_midline	38769
all_dm6_minus_cns_midline	38771
all_dm6_minus_cns_midline	38772
all_dm6_minus_cns_midline	38773
all_dm6_minus_cns_midline	38774
all_dm6_minus_cns_midline	38775
all_dm6_minus_cns_midline	38779
all_dm6_minus_cns_midline	38780
all_dm6_minus_cns_midline	38781
all_dm6_minus_cns_midline	38782
all_dm6_minus_cns_midline	38783
all_dm6_minus_cns_midline	38784
all_dm6_minus_cns_midline	38785
all_dm6_minus_cns_midline	38786
all_dm6_minus_cns_midline	38788
all_dm6_minus_cns_midline	38791
all_dm6_minus_cns_midline	38792
all_dm6_minus_cns_midline	38793
all_dm6_minus_cns_midline	38794
all_dm6_minus_cns_midline	38795
all_dm6_minus_cns_midline	38796
all_dm6_minus_cns_midline	38797
all_dm6_minus_cns_midline	38798
all_dm6_minus_cns_midline	38799
all_dm6_minus_cns_midline	38800
all_dm6_minus_cns_midline	38801
all_dm6_minus_cns_midline	38805
all_dm6_minus_cns_midline	38806
all_dm6_minus_cns_midline	38807
all_dm6_minus_cns_midline	38808
all_dm6_minus_cns_midline	38809
all_dm6_minus_cns_midline	38810
all_dm6_minus_cns_midline	38811
all_dm6_minus_cns_midline	38812
all_dm6_minus_cns_midline	38813
all_dm6_minus_cns_midline	38814
all_dm6_minus_cns_midline	38815
all_dm6_minus_cns_midline	38816
all_dm6_minus_cns_midline	38817
all_dm6_minus_cns_midline	38818
all_dm6_minus_cns_midline	38821
all_dm6_minus_cns_midline	38823
all_dm6_minus_cns_midline	38824
all_dm6_minus_cns_midline	38825
all_dm6_minus_cns_midline	38826
all_dm6_minus_cns_midline	38828
all_dm6_minus_cns_midline	38830
all_dm6_minus_cns_midline	38831
all_dm6_minus_cns_midline	38832
all_dm6_minus_cns_midline	38833
all_dm6_minus_cns_midline	38835
all_dm6_minus_cns_midline	38836
all_dm6_minus_cns_midline	38837
all_dm6_minus_cns_midline	38838
all_dm6_minus_cns_midline	38839
all_dm6_minus_cns_midline	38840
all_dm6_minus_cns_midline	38841
all_dm6_minus_cns_midline	38842
all_dm6_minus_cns_midline	38843
all_dm6_minus_cns_midline	38844
all_dm6_minus_cns_midline	38845
all_dm6_minus_cns_midline	38846
all_dm6_minus_cns_midline	38847
all_dm6_minus_cns_midline	38848
all_dm6_minus_cns_midline	38849
all_dm6_minus_cns_midline	38850
all_dm6_minus_cns_midline	38851
all_dm6_minus_cns_midline	38852
all_dm6_minus_cns_midline	38857
all_dm6_minus_cns_midline	38858
all_dm6_minus_cns_midline	38859
all_dm6_minus_cns_midline	38864
all_dm6_minus_cns_midline	38865
all_dm6_minus_cns_midline	38866
all_dm6_minus_cns_midline	38868
all_dm6_minus_cns_midline	38869
all_dm6_minus_cns_midline	38870
all_dm6_minus_cns_midline	38871
all_dm6_minus_cns_midline	38872
all_dm6_minus_cns_midline	38873
all_dm6_minus_cns_midline	38876
all_dm6_minus_cns_midline	38878
all_dm6_minus_cns_midline	38879
all_dm6_minus_cns_midline	38880
all_dm6_minus_cns_midline	38881
all_dm6_minus_cns_midline	38883
all_dm6_minus_cns_midline	38884
all_dm6_minus_cns_midline	38885
all_dm6_minus_cns_midline	38886
all_dm6_minus_cns_midline	38887
all_dm6_minus_cns_midline	38888
all_dm6_minus_cns_midline	38889
all_dm6_minus_cns_midline	38890
all_dm6_minus_cns_midline	38891
all_dm6_minus_cns_midline	38893
all_dm6_minus_cns_midline	38895
all_dm6_minus_cns_midline	38897
all_dm6_minus_cns_midline	38898
all_dm6_minus_cns_midline	38900
all_dm6_minus_cns_midline	38901
all_dm6_minus_cns_midline	38904
all_dm6_minus_cns_midline	38905
all_dm6_minus_cns_midline	38906
all_dm6_minus_cns_midline	38907
all_dm6_minus_cns_midline	38909
all_dm6_minus_cns_midline	38910
all_dm6_minus_cns_midline	38911
all_dm6_minus_cns_midline	38912
all_dm6_minus_cns_midline	38913
all_dm6_minus_cns_midline	38914
all_dm6_minus_cns_midline	38915
all_dm6_minus_cns_midline	38916
all_dm6_minus_cns_midline	38917
all_dm6_minus_cns_midline	38918
all_dm6_minus_cns_midline	38919
all_dm6_minus_cns_midline	38920
all_dm6_minus_cns_midline	38921
all_dm6_minus_cns_midline	38922
all_dm6_minus_cns_midline	38923
all_dm6_minus_cns_midline	38924
all_dm6_minus_cns_midline	38928
all_dm6_minus_cns_midline	38929
all_dm6_minus_cns_midline	38930
all_dm6_minus_cns_midline	38931
all_dm6_minus_cns_midline	38932
all_dm6_minus_cns_midline	38933
all_dm6_minus_cns_midline	38934
all_dm6_minus_cns_midline	38935
all_dm6_minus_cns_midline	38936
all_dm6_minus_cns_midline	38937
all_dm6_minus_cns_midline	38938
all_dm6_minus_cns_midline	38940
all_dm6_minus_cns_midline	38941
all_dm6_minus_cns_midline	38942
all_dm6_minus_cns_midline	38943
all_dm6_minus_cns_midline	38945
all_dm6_minus_cns_midline	38946
all_dm6_minus_cns_midline	38952
all_dm6_minus_cns_midline	38953
all_dm6_minus_cns_midline	38954
all_dm6_minus_cns_midline	38955
all_dm6_minus_cns_midline	38956
all_dm6_minus_cns_midline	38957
all_dm6_minus_cns_midline	38958
all_dm6_minus_cns_midline	38959
all_dm6_minus_cns_midline	38961
all_dm6_minus_cns_midline	38963
all_dm6_minus_cns_midline	38964
all_dm6_minus_cns_midline	38966
all_dm6_minus_cns_midline	38968
all_dm6_minus_cns_midline	38969
all_dm6_minus_cns_midline	38970
all_dm6_minus_cns_midline	38971
all_dm6_minus_cns_midline	38972
all_dm6_minus_cns_midline	38973
all_dm6_minus_cns_midline	38974
all_dm6_minus_cns_midline	38975
all_dm6_minus_cns_midline	38976
all_dm6_minus_cns_midline	38978
all_dm6_minus_cns_midline	38979
all_dm6_minus_cns_midline	38981
all_dm6_minus_cns_midline	38982
all_dm6_minus_cns_midline	38983
all_dm6_minus_cns_midline	38984
all_dm6_minus_cns_midline	38985
all_dm6_minus_cns_midline	38986
all_dm6_minus_cns_midline	38987
all_dm6_minus_cns_midline	38988
all_dm6_minus_cns_midline	38990
all_dm6_minus_cns_midline	38992
all_dm6_minus_cns_midline	38993
all_dm6_minus_cns_midline	38994
all_dm6_minus_cns_midline	38995
all_dm6_minus_cns_midline	38997
all_dm6_minus_cns_midline	38998
all_dm6_minus_cns_midline	38999
all_dm6_minus_cns_midline	39000
all_dm6_minus_cns_midline	39001
all_dm6_minus_cns_midline	39002
all_dm6_minus_cns_midline	39003
all_dm6_minus_cns_midline	39005
all_dm6_minus_cns_midline	39007
all_dm6_minus_cns_midline	39008
all_dm6_minus_cns_midline	39010
all_dm6_minus_cns_midline	39011
all_dm6_minus_cns_midline	39012
all_dm6_minus_cns_midline	39013
all_dm6_minus_cns_midline	39014
all_dm6_minus_cns_midline	39015
all_dm6_minus_cns_midline	39016
all_dm6_minus_cns_midline	39017
all_dm6_minus_cns_midline	39018
all_dm6_minus_cns_midline	39020
all_dm6_minus_cns_midline	39022
all_dm6_minus_cns_midline	39023
all_dm6_minus_cns_midline	39024
all_dm6_minus_cns_midline	39025
all_dm6_minus_cns_midline	39026
all_dm6_minus_cns_midline	39027
all_dm6_minus_cns_midline	39028
all_dm6_minus_cns_midline	39029
all_dm6_minus_cns_midline	39030
all_dm6_minus_cns_midline	39031
all_dm6_minus_cns_midline	39032
all_dm6_minus_cns_midline	39033
all_dm6_minus_cns_midline	39034
all_dm6_minus_cns_midline	39035
all_dm6_minus_cns_midline	39036
all_dm6_minus_cns_midline	39037
all_dm6_minus_cns_midline	39038
all_dm6_minus_cns_midline	39039
all_dm6_minus_cns_midline	39040
all_dm6_minus_cns_midline	39043
all_dm6_minus_cns_midline	39044
all_dm6_minus_cns_midline	39048
all_dm6_minus_cns_midline	39050
all_dm6_minus_cns_midline	39051
all_dm6_minus_cns_midline	39054
all_dm6_minus_cns_midline	39055
all_dm6_minus_cns_midline	39056
all_dm6_minus_cns_midline	39057
all_dm6_minus_cns_midline	39058
all_dm6_minus_cns_midline	39062
all_dm6_minus_cns_midline	39063
all_dm6_minus_cns_midline	39064
all_dm6_minus_cns_midline	39065
all_dm6_minus_cns_midline	39066
all_dm6_minus_cns_midline	39067
all_dm6_minus_cns_midline	39068
all_dm6_minus_cns_midline	39069
all_dm6_minus_cns_midline	39070
all_dm6_minus_cns_midline	39071
all_dm6_minus_cns_midline	39074
all_dm6_minus_cns_midline	39076
all_dm6_minus_cns_midline	39079
all_dm6_minus_cns_midline	39081
all_dm6_minus_cns_midline	39082
all_dm6_minus_cns_midline	39083
all_dm6_minus_cns_midline	39084
all_dm6_minus_cns_midline	39086
all_dm6_minus_cns_midline	39089
all_dm6_minus_cns_midline	39090
all_dm6_minus_cns_midline	39091
all_dm6_minus_cns_midline	39092
all_dm6_minus_cns_midline	39093
all_dm6_minus_cns_midline	39094
all_dm6_minus_cns_midline	39095
all_dm6_minus_cns_midline	39096
all_dm6_minus_cns_midline	39097
all_dm6_minus_cns_midline	39098
all_dm6_minus_cns_midline	39099
all_dm6_minus_cns_midline	39102
all_dm6_minus_cns_midline	39103
all_dm6_minus_cns_midline	39104
all_dm6_minus_cns_midline	39105
all_dm6_minus_cns_midline	39106
all_dm6_minus_cns_midline	39107
all_dm6_minus_cns_midline	39108
all_dm6_minus_cns_midline	39109
all_dm6_minus_cns_midline	39110
all_dm6_minus_cns_midline	39111
all_dm6_minus_cns_midline	39114
all_dm6_minus_cns_midline	39115
all_dm6_minus_cns_midline	39116
all_dm6_minus_cns_midline	39118
all_dm6_minus_cns_midline	39119
all_dm6_minus_cns_midline	39120
all_dm6_minus_cns_midline	39121
all_dm6_minus_cns_midline	39122
all_dm6_minus_cns_midline	39123
all_dm6_minus_cns_midline	39124
all_dm6_minus_cns_midline	39125
all_dm6_minus_cns_midline	39127
all_dm6_minus_cns_midline	39129
all_dm6_minus_cns_midline	39131
all_dm6_minus_cns_midline	39132
all_dm6_minus_cns_midline	39133
all_dm6_minus_cns_midline	39134
all_dm6_minus_cns_midline	39135
all_dm6_minus_cns_midline	39136
all_dm6_minus_cns_midline	39137
all_dm6_minus_cns_midline	39139
all_dm6_minus_cns_midline	39141
all_dm6_minus_cns_midline	39142
all_dm6_minus_cns_midline	39143
all_dm6_minus_cns_midline	39144
all_dm6_minus_cns_midline	39147
all_dm6_minus_cns_midline	39148
all_dm6_minus_cns_midline	39153
all_dm6_minus_cns_midline	39156
all_dm6_minus_cns_midline	39157
all_dm6_minus_cns_midline	39158
all_dm6_minus_cns_midline	39159
all_dm6_minus_cns_midline	39160
all_dm6_minus_cns_midline	39164
all_dm6_minus_cns_midline	39165
all_dm6_minus_cns_midline	39166
all_dm6_minus_cns_midline	39167
all_dm6_minus_cns_midline	39168
all_dm6_minus_cns_midline	39169
all_dm6_minus_cns_midline	39172
all_dm6_minus_cns_midline	39173
all_dm6_minus_cns_midline	39174
all_dm6_minus_cns_midline	39175
all_dm6_minus_cns_midline	39177
all_dm6_minus_cns_midline	39178
all_dm6_minus_cns_midline	39179
all_dm6_minus_cns_midline	39180
all_dm6_minus_cns_midline	39181
all_dm6_minus_cns_midline	39183
all_dm6_minus_cns_midline	39186
all_dm6_minus_cns_midline	39188
all_dm6_minus_cns_midline	39189
all_dm6_minus_cns_midline	39191
all_dm6_minus_cns_midline	39193
all_dm6_minus_cns_midline	39194
all_dm6_minus_cns_midline	39195
all_dm6_minus_cns_midline	39196
all_dm6_minus_cns_midline	39197
all_dm6_minus_cns_midline	39198
all_dm6_minus_cns_midline	39201
all_dm6_minus_cns_midline	39202
all_dm6_minus_cns_midline	39203
all_dm6_minus_cns_midline	39204
all_dm6_minus_cns_midline	39205
all_dm6_minus_cns_midline	39206
all_dm6_minus_cns_midline	39207
all_dm6_minus_cns_midline	39208
all_dm6_minus_cns_midline	39212
all_dm6_minus_cns_midline	39213
all_dm6_minus_cns_midline	39214
all_dm6_minus_cns_midline	39215
all_dm6_minus_cns_midline	39216
all_dm6_minus_cns_midline	39217
all_dm6_minus_cns_midline	39218
all_dm6_minus_cns_midline	39219
all_dm6_minus_cns_midline	39220
all_dm6_minus_cns_midline	39221
all_dm6_minus_cns_midline	39222
all_dm6_minus_cns_midline	39223
all_dm6_minus_cns_midline	39224
all_dm6_minus_cns_midline	39225
all_dm6_minus_cns_midline	39226
all_dm6_minus_cns_midline	39227
all_dm6_minus_cns_midline	39228
all_dm6_minus_cns_midline	39230
all_dm6_minus_cns_midline	39231
all_dm6_minus_cns_midline	39232
all_dm6_minus_cns_midline	39233
all_dm6_minus_cns_midline	39234
all_dm6_minus_cns_midline	39235
all_dm6_minus_cns_midline	39237
all_dm6_minus_cns_midline	39238
all_dm6_minus_cns_midline	39240
all_dm6_minus_cns_midline	39241
all_dm6_minus_cns_midline	39242
all_dm6_minus_cns_midline	39243
all_dm6_minus_cns_midline	39244
all_dm6_minus_cns_midline	39245
all_dm6_minus_cns_midline	39246
all_dm6_minus_cns_midline	39248
all_dm6_minus_cns_midline	39250
all_dm6_minus_cns_midline	39251
all_dm6_minus_cns_midline	39252
all_dm6_minus_cns_midline	39253
all_dm6_minus_cns_midline	39254
all_dm6_minus_cns_midline	39255
all_dm6_minus_cns_midline	39256
all_dm6_minus_cns_midline	39257
all_dm6_minus_cns_midline	39258
all_dm6_minus_cns_midline	39259
all_dm6_minus_cns_midline	39260
all_dm6_minus_cns_midline	39261
all_dm6_minus_cns_midline	39263
all_dm6_minus_cns_midline	39264
all_dm6_minus_cns_midline	39265
all_dm6_minus_cns_midline	39266
all_dm6_minus_cns_midline	39267
all_dm6_minus_cns_midline	39268
all_dm6_minus_cns_midline	39269
all_dm6_minus_cns_midline	39271
all_dm6_minus_cns_midline	39272
all_dm6_minus_cns_midline	39273
all_dm6_minus_cns_midline	39274
all_dm6_minus_cns_midline	39275
all_dm6_minus_cns_midline	39276
all_dm6_minus_cns_midline	39277
all_dm6_minus_cns_midline	39278
all_dm6_minus_cns_midline	39279
all_dm6_minus_cns_midline	39280
all_dm6_minus_cns_midline	39281
all_dm6_minus_cns_midline	39282
all_dm6_minus_cns_midline	39285
all_dm6_minus_cns_midline	39288
all_dm6_minus_cns_midline	39289
all_dm6_minus_cns_midline	39293
all_dm6_minus_cns_midline	39297
all_dm6_minus_cns_midline	39300
all_dm6_minus_cns_midline	39301
all_dm6_minus_cns_midline	39302
all_dm6_minus_cns_midline	39304
all_dm6_minus_cns_midline	39305
all_dm6_minus_cns_midline	39306
all_dm6_minus_cns_midline	39307
all_dm6_minus_cns_midline	39308
all_dm6_minus_cns_midline	39309
all_dm6_minus_cns_midline	39310
all_dm6_minus_cns_midline	39311
all_dm6_minus_cns_midline	39313
all_dm6_minus_cns_midline	39314
all_dm6_minus_cns_midline	39315
all_dm6_minus_cns_midline	39316
all_dm6_minus_cns_midline	39317
all_dm6_minus_cns_midline	39318
all_dm6_minus_cns_midline	39319
all_dm6_minus_cns_midline	39320
all_dm6_minus_cns_midline	39321
all_dm6_minus_cns_midline	39322
all_dm6_minus_cns_midline	39323
all_dm6_minus_cns_midline	39324
all_dm6_minus_cns_midline	39325
all_dm6_minus_cns_midline	39326
all_dm6_minus_cns_midline	39327
all_dm6_minus_cns_midline	39328
all_dm6_minus_cns_midline	39329
all_dm6_minus_cns_midline	39330
all_dm6_minus_cns_midline	39331
all_dm6_minus_cns_midline	39332
all_dm6_minus_cns_midline	39333
all_dm6_minus_cns_midline	39334
all_dm6_minus_cns_midline	39335
all_dm6_minus_cns_midline	39336
all_dm6_minus_cns_midline	39337
all_dm6_minus_cns_midline	39339
all_dm6_minus_cns_midline	39340
all_dm6_minus_cns_midline	39343
all_dm6_minus_cns_midline	39344
all_dm6_minus_cns_midline	39345
all_dm6_minus_cns_midline	39346
all_dm6_minus_cns_midline	39347
all_dm6_minus_cns_midline	39348
all_dm6_minus_cns_midline	39349
all_dm6_minus_cns_midline	39351
all_dm6_minus_cns_midline	39352
all_dm6_minus_cns_midline	39353
all_dm6_minus_cns_midline	39354
all_dm6_minus_cns_midline	39355
all_dm6_minus_cns_midline	39356
all_dm6_minus_cns_midline	39357
all_dm6_minus_cns_midline	39359
all_dm6_minus_cns_midline	39360
all_dm6_minus_cns_midline	39362
all_dm6_minus_cns_midline	39363
all_dm6_minus_cns_midline	39364
all_dm6_minus_cns_midline	39365
all_dm6_minus_cns_midline	39366
all_dm6_minus_cns_midline	39367
all_dm6_minus_cns_midline	39368
all_dm6_minus_cns_midline	39369
all_dm6_minus_cns_midline	39373
all_dm6_minus_cns_midline	39374
all_dm6_minus_cns_midline	39375
all_dm6_minus_cns_midline	39376
all_dm6_minus_cns_midline	39378
all_dm6_minus_cns_midline	39381
all_dm6_minus_cns_midline	39382
all_dm6_minus_cns_midline	39383
all_dm6_minus_cns_midline	39385
all_dm6_minus_cns_midline	39386
all_dm6_minus_cns_midline	39387
all_dm6_minus_cns_midline	39388
all_dm6_minus_cns_midline	39389
all_dm6_minus_cns_midline	39390
all_dm6_minus_cns_midline	39391
all_dm6_minus_cns_midline	39392
all_dm6_minus_cns_midline	39393
all_dm6_minus_cns_midline	39394
all_dm6_minus_cns_midline	39395
all_dm6_minus_cns_midline	39396
all_dm6_minus_cns_midline	39397
all_dm6_minus_cns_midline	39399
all_dm6_minus_cns_midline	39400
all_dm6_minus_cns_midline	39402
all_dm6_minus_cns_midline	39404
all_dm6_minus_cns_midline	39406
all_dm6_minus_cns_midline	39409
all_dm6_minus_cns_midline	39410
all_dm6_minus_cns_midline	39411
all_dm6_minus_cns_midline	39413
all_dm6_minus_cns_midline	39414
all_dm6_minus_cns_midline	39415
all_dm6_minus_cns_midline	39417
all_dm6_minus_cns_midline	39418
all_dm6_minus_cns_midline	39419
all_dm6_minus_cns_midline	39420
all_dm6_minus_cns_midline	39421
all_dm6_minus_cns_midline	39422
all_dm6_minus_cns_midline	39423
all_dm6_minus_cns_midline	39424
all_dm6_minus_cns_midline	39425
all_dm6_minus_cns_midline	39426
all_dm6_minus_cns_midline	39428
all_dm6_minus_cns_midline	39429
all_dm6_minus_cns_midline	39430
all_dm6_minus_cns_midline	39431
all_dm6_minus_cns_midline	39432
all_dm6_minus_cns_midline	39434
all_dm6_minus_cns_midline	39435
all_dm6_minus_cns_midline	39436
all_dm6_minus_cns_midline	39437
all_dm6_minus_cns_midline	39438
all_dm6_minus_cns_midline	39439
all_dm6_minus_cns_midline	39440
all_dm6_minus_cns_midline	39443
all_dm6_minus_cns_midline	39444
all_dm6_minus_cns_midline	39445
all_dm6_minus_cns_midline	39446
all_dm6_minus_cns_midline	39447
all_dm6_minus_cns_midline	39448
all_dm6_minus_cns_midline	39450
all_dm6_minus_cns_midline	39451
all_dm6_minus_cns_midline	39452
all_dm6_minus_cns_midline	39453
all_dm6_minus_cns_midline	39454
all_dm6_minus_cns_midline	39455
all_dm6_minus_cns_midline	39456
all_dm6_minus_cns_midline	39457
all_dm6_minus_cns_midline	39459
all_dm6_minus_cns_midline	39460
all_dm6_minus_cns_midline	39461
all_dm6_minus_cns_midline	39462
all_dm6_minus_cns_midline	39463
all_dm6_minus_cns_midline	39464
all_dm6_minus_cns_midline	39465
all_dm6_minus_cns_midline	39466
all_dm6_minus_cns_midline	39467
all_dm6_minus_cns_midline	39469
all_dm6_minus_cns_midline	39470
all_dm6_minus_cns_midline	39471
all_dm6_minus_cns_midline	39472
all_dm6_minus_cns_midline	39473
all_dm6_minus_cns_midline	39474
all_dm6_minus_cns_midline	39475
all_dm6_minus_cns_midline	39476
all_dm6_minus_cns_midline	39477
all_dm6_minus_cns_midline	39478
all_dm6_minus_cns_midline	39479
all_dm6_minus_cns_midline	39480
all_dm6_minus_cns_midline	39481
all_dm6_minus_cns_midline	39484
all_dm6_minus_cns_midline	39485
all_dm6_minus_cns_midline	39486
all_dm6_minus_cns_midline	39487
all_dm6_minus_cns_midline	39489
all_dm6_minus_cns_midline	39490
all_dm6_minus_cns_midline	39492
all_dm6_minus_cns_midline	39493
all_dm6_minus_cns_midline	39494
all_dm6_minus_cns_midline	39495
all_dm6_minus_cns_midline	39496
all_dm6_minus_cns_midline	39497
all_dm6_minus_cns_midline	39498
all_dm6_minus_cns_midline	39500
all_dm6_minus_cns_midline	39501
all_dm6_minus_cns_midline	39502
all_dm6_minus_cns_midline	39504
all_dm6_minus_cns_midline	39505
all_dm6_minus_cns_midline	39506
all_dm6_minus_cns_midline	39507
all_dm6_minus_cns_midline	39508
all_dm6_minus_cns_midline	39509
all_dm6_minus_cns_midline	39510
all_dm6_minus_cns_midline	39511
all_dm6_minus_cns_midline	39512
all_dm6_minus_cns_midline	39513
all_dm6_minus_cns_midline	39514
all_dm6_minus_cns_midline	39515
all_dm6_minus_cns_midline	39516
all_dm6_minus_cns_midline	39517
all_dm6_minus_cns_midline	39518
all_dm6_minus_cns_midline	39520
all_dm6_minus_cns_midline	39521
all_dm6_minus_cns_midline	39522
all_dm6_minus_cns_midline	39523
all_dm6_minus_cns_midline	39524
all_dm6_minus_cns_midline	39525
all_dm6_minus_cns_midline	39528
all_dm6_minus_cns_midline	39529
all_dm6_minus_cns_midline	39530
all_dm6_minus_cns_midline	39531
all_dm6_minus_cns_midline	39533
all_dm6_minus_cns_midline	39535
all_dm6_minus_cns_midline	39536
all_dm6_minus_cns_midline	39537
all_dm6_minus_cns_midline	39539
all_dm6_minus_cns_midline	39540
all_dm6_minus_cns_midline	39541
all_dm6_minus_cns_midline	39542
all_dm6_minus_cns_midline	39543
all_dm6_minus_cns_midline	39545
all_dm6_minus_cns_midline	39546
all_dm6_minus_cns_midline	39547
all_dm6_minus_cns_midline	39548
all_dm6_minus_cns_midline	39549
all_dm6_minus_cns_midline	39550
all_dm6_minus_cns_midline	39551
all_dm6_minus_cns_midline	39552
all_dm6_minus_cns_midline	39554
all_dm6_minus_cns_midline	39555
all_dm6_minus_cns_midline	39556
all_dm6_minus_cns_midline	39558
all_dm6_minus_cns_midline	39559
all_dm6_minus_cns_midline	39560
all_dm6_minus_cns_midline	39565
all_dm6_minus_cns_midline	39566
all_dm6_minus_cns_midline	39567
all_dm6_minus_cns_midline	39569
all_dm6_minus_cns_midline	39571
all_dm6_minus_cns_midline	39573
all_dm6_minus_cns_midline	39574
all_dm6_minus_cns_midline	39575
all_dm6_minus_cns_midline	39577
all_dm6_minus_cns_midline	39579
all_dm6_minus_cns_midline	39580
all_dm6_minus_cns_midline	39581
all_dm6_minus_cns_midline	39582
all_dm6_minus_cns_midline	39585
all_dm6_minus_cns_midline	39586
all_dm6_minus_cns_midline	39587
all_dm6_minus_cns_midline	39588
all_dm6_minus_cns_midline	39592
all_dm6_minus_cns_midline	39594
all_dm6_minus_cns_midline	39597
all_dm6_minus_cns_midline	39598
all_dm6_minus_cns_midline	39599
all_dm6_minus_cns_midline	39600
all_dm6_minus_cns_midline	39601
all_dm6_minus_cns_midline	39602
all_dm6_minus_cns_midline	39603
all_dm6_minus_cns_midline	39604
all_dm6_minus_cns_midline	39608
all_dm6_minus_cns_midline	39609
all_dm6_minus_cns_midline	39610
all_dm6_minus_cns_midline	39611
all_dm6_minus_cns_midline	39612
all_dm6_minus_cns_midline	39613
all_dm6_minus_cns_midline	39615
all_dm6_minus_cns_midline	39616
all_dm6_minus_cns_midline	39617
all_dm6_minus_cns_midline	39620
all_dm6_minus_cns_midline	39621
all_dm6_minus_cns_midline	39623
all_dm6_minus_cns_midline	39625
all_dm6_minus_cns_midline	39626
all_dm6_minus_cns_midline	39627
all_dm6_minus_cns_midline	39628
all_dm6_minus_cns_midline	39629
all_dm6_minus_cns_midline	39630
all_dm6_minus_cns_midline	39633
all_dm6_minus_cns_midline	39634
all_dm6_minus_cns_midline	39635
all_dm6_minus_cns_midline	39636
all_dm6_minus_cns_midline	39637
all_dm6_minus_cns_midline	39638
all_dm6_minus_cns_midline	39641
all_dm6_minus_cns_midline	39643
all_dm6_minus_cns_midline	39644
all_dm6_minus_cns_midline	39646
all_dm6_minus_cns_midline	39647
all_dm6_minus_cns_midline	39648
all_dm6_minus_cns_midline	39649
all_dm6_minus_cns_midline	39650
all_dm6_minus_cns_midline	39651
all_dm6_minus_cns_midline	39652
all_dm6_minus_cns_midline	39653
all_dm6_minus_cns_midline	39654
all_dm6_minus_cns_midline	39655
all_dm6_minus_cns_midline	39656
all_dm6_minus_cns_midline	39657
all_dm6_minus_cns_midline	39658
all_dm6_minus_cns_midline	39659
all_dm6_minus_cns_midline	39660
all_dm6_minus_cns_midline	39661
all_dm6_minus_cns_midline	39662
all_dm6_minus_cns_midline	39663
all_dm6_minus_cns_midline	39665
all_dm6_minus_cns_midline	39666
all_dm6_minus_cns_midline	39667
all_dm6_minus_cns_midline	39668
all_dm6_minus_cns_midline	39669
all_dm6_minus_cns_midline	39670
all_dm6_minus_cns_midline	39671
all_dm6_minus_cns_midline	39672
all_dm6_minus_cns_midline	39673
all_dm6_minus_cns_midline	39675
all_dm6_minus_cns_midline	39676
all_dm6_minus_cns_midline	39677
all_dm6_minus_cns_midline	39678
all_dm6_minus_cns_midline	39679
all_dm6_minus_cns_midline	39681
all_dm6_minus_cns_midline	39682
all_dm6_minus_cns_midline	39684
all_dm6_minus_cns_midline	39685
all_dm6_minus_cns_midline	39686
all_dm6_minus_cns_midline	39687
all_dm6_minus_cns_midline	39688
all_dm6_minus_cns_midline	39689
all_dm6_minus_cns_midline	39690
all_dm6_minus_cns_midline	39691
all_dm6_minus_cns_midline	39693
all_dm6_minus_cns_midline	39694
all_dm6_minus_cns_midline	39695
all_dm6_minus_cns_midline	39696
all_dm6_minus_cns_midline	39697
all_dm6_minus_cns_midline	39700
all_dm6_minus_cns_midline	39701
all_dm6_minus_cns_midline	39703
all_dm6_minus_cns_midline	39704
all_dm6_minus_cns_midline	39706
all_dm6_minus_cns_midline	39707
all_dm6_minus_cns_midline	39708
all_dm6_minus_cns_midline	39709
all_dm6_minus_cns_midline	39710
all_dm6_minus_cns_midline	39711
all_dm6_minus_cns_midline	39712
all_dm6_minus_cns_midline	39713
all_dm6_minus_cns_midline	39714
all_dm6_minus_cns_midline	39715
all_dm6_minus_cns_midline	39716
all_dm6_minus_cns_midline	39719
all_dm6_minus_cns_midline	39720
all_dm6_minus_cns_midline	39721
all_dm6_minus_cns_midline	39722
all_dm6_minus_cns_midline	39724
all_dm6_minus_cns_midline	39725
all_dm6_minus_cns_midline	39726
all_dm6_minus_cns_midline	39727
all_dm6_minus_cns_midline	39730
all_dm6_minus_cns_midline	39732
all_dm6_minus_cns_midline	39733
all_dm6_minus_cns_midline	39734
all_dm6_minus_cns_midline	39735
all_dm6_minus_cns_midline	39736
all_dm6_minus_cns_midline	39737
all_dm6_minus_cns_midline	39738
all_dm6_minus_cns_midline	39739
all_dm6_minus_cns_midline	39740
all_dm6_minus_cns_midline	39741
all_dm6_minus_cns_midline	39742
all_dm6_minus_cns_midline	39744
all_dm6_minus_cns_midline	39745
all_dm6_minus_cns_midline	39746
all_dm6_minus_cns_midline	39747
all_dm6_minus_cns_midline	39748
all_dm6_minus_cns_midline	39749
all_dm6_minus_cns_midline	39750
all_dm6_minus_cns_midline	39751
all_dm6_minus_cns_midline	39752
all_dm6_minus_cns_midline	39753
all_dm6_minus_cns_midline	39756
all_dm6_minus_cns_midline	39757
all_dm6_minus_cns_midline	39758
all_dm6_minus_cns_midline	39759
all_dm6_minus_cns_midline	39760
all_dm6_minus_cns_midline	39761
all_dm6_minus_cns_midline	39762
all_dm6_minus_cns_midline	39763
all_dm6_minus_cns_midline	39764
all_dm6_minus_cns_midline	39765
all_dm6_minus_cns_midline	39766
all_dm6_minus_cns_midline	39769
all_dm6_minus_cns_midline	39770
all_dm6_minus_cns_midline	39771
all_dm6_minus_cns_midline	39772
all_dm6_minus_cns_midline	39773
all_dm6_minus_cns_midline	39774
all_dm6_minus_cns_midline	39776
all_dm6_minus_cns_midline	39777
all_dm6_minus_cns_midline	39778
all_dm6_minus_cns_midline	39779
all_dm6_minus_cns_midline	39780
all_dm6_minus_cns_midline	39781
all_dm6_minus_cns_midline	39782
all_dm6_minus_cns_midline	39783
all_dm6_minus_cns_midline	39784
all_dm6_minus_cns_midline	39785
all_dm6_minus_cns_midline	39786
all_dm6_minus_cns_midline	39787
all_dm6_minus_cns_midline	39788
all_dm6_minus_cns_midline	39789
all_dm6_minus_cns_midline	39790
all_dm6_minus_cns_midline	39791
all_dm6_minus_cns_midline	39792
all_dm6_minus_cns_midline	39793
all_dm6_minus_cns_midline	39794
all_dm6_minus_cns_midline	39795
all_dm6_minus_cns_midline	39796
all_dm6_minus_cns_midline	39797
all_dm6_minus_cns_midline	39798
all_dm6_minus_cns_midline	39799
all_dm6_minus_cns_midline	39801
all_dm6_minus_cns_midline	39802
all_dm6_minus_cns_midline	39803
all_dm6_minus_cns_midline	39804
all_dm6_minus_cns_midline	39805
all_dm6_minus_cns_midline	39806
all_dm6_minus_cns_midline	39807
all_dm6_minus_cns_midline	39808
all_dm6_minus_cns_midline	39809
all_dm6_minus_cns_midline	39810
all_dm6_minus_cns_midline	39811
all_dm6_minus_cns_midline	39812
all_dm6_minus_cns_midline	39814
all_dm6_minus_cns_midline	39815
all_dm6_minus_cns_midline	39816
all_dm6_minus_cns_midline	39817
all_dm6_minus_cns_midline	39818
all_dm6_minus_cns_midline	39819
all_dm6_minus_cns_midline	39820
all_dm6_minus_cns_midline	39821
all_dm6_minus_cns_midline	39824
all_dm6_minus_cns_midline	39825
all_dm6_minus_cns_midline	39826
all_dm6_minus_cns_midline	39828
all_dm6_minus_cns_midline	39829
all_dm6_minus_cns_midline	39834
all_dm6_minus_cns_midline	39835
all_dm6_minus_cns_midline	39836
all_dm6_minus_cns_midline	39839
all_dm6_minus_cns_midline	39840
all_dm6_minus_cns_midline	39841
all_dm6_minus_cns_midline	39842
all_dm6_minus_cns_midline	39843
all_dm6_minus_cns_midline	39844
all_dm6_minus_cns_midline	39845
all_dm6_minus_cns_midline	39846
all_dm6_minus_cns_midline	39847
all_dm6_minus_cns_midline	39849
all_dm6_minus_cns_midline	39850
all_dm6_minus_cns_midline	39854
all_dm6_minus_cns_midline	39855
all_dm6_minus_cns_midline	39856
all_dm6_minus_cns_midline	39857
all_dm6_minus_cns_midline	39858
all_dm6_minus_cns_midline	39860
all_dm6_minus_cns_midline	39861
all_dm6_minus_cns_midline	39862
all_dm6_minus_cns_midline	39863
all_dm6_minus_cns_midline	39864
all_dm6_minus_cns_midline	39865
all_dm6_minus_cns_midline	39866
all_dm6_minus_cns_midline	39867
all_dm6_minus_cns_midline	39868
all_dm6_minus_cns_midline	39869
all_dm6_minus_cns_midline	39870
all_dm6_minus_cns_midline	39871
all_dm6_minus_cns_midline	39872
all_dm6_minus_cns_midline	39874
all_dm6_minus_cns_midline	39875
all_dm6_minus_cns_midline	39876
all_dm6_minus_cns_midline	39877
all_dm6_minus_cns_midline	39878
all_dm6_minus_cns_midline	39879
all_dm6_minus_cns_midline	39880
all_dm6_minus_cns_midline	39881
all_dm6_minus_cns_midline	39882
all_dm6_minus_cns_midline	39883
all_dm6_minus_cns_midline	39884
all_dm6_minus_cns_midline	39885
all_dm6_minus_cns_midline	39886
all_dm6_minus_cns_midline	39887
all_dm6_minus_cns_midline	39888
all_dm6_minus_cns_midline	39889
all_dm6_minus_cns_midline	39894
all_dm6_minus_cns_midline	39895
all_dm6_minus_cns_midline	39896
all_dm6_minus_cns_midline	39897
all_dm6_minus_cns_midline	39899
all_dm6_minus_cns_midline	39900
all_dm6_minus_cns_midline	39902
all_dm6_minus_cns_midline	39903
all_dm6_minus_cns_midline	39904
all_dm6_minus_cns_midline	39905
all_dm6_minus_cns_midline	39906
all_dm6_minus_cns_midline	39907
all_dm6_minus_cns_midline	39908
all_dm6_minus_cns_midline	39910
all_dm6_minus_cns_midline	39914
all_dm6_minus_cns_midline	39915
all_dm6_minus_cns_midline	39917
all_dm6_minus_cns_midline	39918
all_dm6_minus_cns_midline	39919
all_dm6_minus_cns_midline	39922
all_dm6_minus_cns_midline	39923
all_dm6_minus_cns_midline	39924
all_dm6_minus_cns_midline	39925
all_dm6_minus_cns_midline	39926
all_dm6_minus_cns_midline	39927
all_dm6_minus_cns_midline	39928
all_dm6_minus_cns_midline	39929
all_dm6_minus_cns_midline	39930
all_dm6_minus_cns_midline	39931
all_dm6_minus_cns_midline	39932
all_dm6_minus_cns_midline	39933
all_dm6_minus_cns_midline	39934
all_dm6_minus_cns_midline	39937
all_dm6_minus_cns_midline	39938
all_dm6_minus_cns_midline	39939
all_dm6_minus_cns_midline	39940
all_dm6_minus_cns_midline	39941
all_dm6_minus_cns_midline	39943
all_dm6_minus_cns_midline	39944
all_dm6_minus_cns_midline	39945
all_dm6_minus_cns_midline	39947
all_dm6_minus_cns_midline	39948
all_dm6_minus_cns_midline	39949
all_dm6_minus_cns_midline	39950
all_dm6_minus_cns_midline	39951
all_dm6_minus_cns_midline	39952
all_dm6_minus_cns_midline	39953
all_dm6_minus_cns_midline	39955
all_dm6_minus_cns_midline	39956
all_dm6_minus_cns_midline	39957
all_dm6_minus_cns_midline	39958
all_dm6_minus_cns_midline	39959
all_dm6_minus_cns_midline	39960
all_dm6_minus_cns_midline	39961
all_dm6_minus_cns_midline	39962
all_dm6_minus_cns_midline	39964
all_dm6_minus_cns_midline	39965
all_dm6_minus_cns_midline	39966
all_dm6_minus_cns_midline	39969
all_dm6_minus_cns_midline	39970
all_dm6_minus_cns_midline	39971
all_dm6_minus_cns_midline	39972
all_dm6_minus_cns_midline	39973
all_dm6_minus_cns_midline	39974
all_dm6_minus_cns_midline	39975
all_dm6_minus_cns_midline	39976
all_dm6_minus_cns_midline	39977
all_dm6_minus_cns_midline	39978
all_dm6_minus_cns_midline	39979
all_dm6_minus_cns_midline	39980
all_dm6_minus_cns_midline	39981
all_dm6_minus_cns_midline	39982
all_dm6_minus_cns_midline	39983
all_dm6_minus_cns_midline	39984
all_dm6_minus_cns_midline	39985
all_dm6_minus_cns_midline	39986
all_dm6_minus_cns_midline	39987
all_dm6_minus_cns_midline	39988
all_dm6_minus_cns_midline	39989
all_dm6_minus_cns_midline	39990
all_dm6_minus_cns_midline	39991
all_dm6_minus_cns_midline	39992
all_dm6_minus_cns_midline	39993
all_dm6_minus_cns_midline	39994
all_dm6_minus_cns_midline	39995
all_dm6_minus_cns_midline	39996
all_dm6_minus_cns_midline	39997
all_dm6_minus_cns_midline	39998
all_dm6_minus_cns_midline	39999
all_dm6_minus_cns_midline	40000
all_dm6_minus_cns_midline	40002
all_dm6_minus_cns_midline	40003
all_dm6_minus_cns_midline	40005
all_dm6_minus_cns_midline	40007
all_dm6_minus_cns_midline	40008
all_dm6_minus_cns_midline	40010
all_dm6_minus_cns_midline	40011
all_dm6_minus_cns_midline	40012
all_dm6_minus_cns_midline	40013
all_dm6_minus_cns_midline	40014
all_dm6_minus_cns_midline	40015
all_dm6_minus_cns_midline	40016
all_dm6_minus_cns_midline	40017
all_dm6_minus_cns_midline	40019
all_dm6_minus_cns_midline	40020
all_dm6_minus_cns_midline	40021
all_dm6_minus_cns_midline	40023
all_dm6_minus_cns_midline	40024
all_dm6_minus_cns_midline	40025
all_dm6_minus_cns_midline	40026
all_dm6_minus_cns_midline	40028
all_dm6_minus_cns_midline	40029
all_dm6_minus_cns_midline	40030
all_dm6_minus_cns_midline	40031
all_dm6_minus_cns_midline	40032
all_dm6_minus_cns_midline	40033
all_dm6_minus_cns_midline	40034
all_dm6_minus_cns_midline	40035
all_dm6_minus_cns_midline	40036
all_dm6_minus_cns_midline	40037
all_dm6_minus_cns_midline	40038
all_dm6_minus_cns_midline	40039
all_dm6_minus_cns_midline	40040
all_dm6_minus_cns_midline	40041
all_dm6_minus_cns_midline	40042
all_dm6_minus_cns_midline	40043
all_dm6_minus_cns_midline	40044
all_dm6_minus_cns_midline	40045
all_dm6_minus_cns_midline	40046
all_dm6_minus_cns_midline	40047
all_dm6_minus_cns_midline	40048
all_dm6_minus_cns_midline	40049
all_dm6_minus_cns_midline	40050
all_dm6_minus_cns_midline	40051
all_dm6_minus_cns_midline	40052
all_dm6_minus_cns_midline	40053
all_dm6_minus_cns_midline	40054
all_dm6_minus_cns_midline	40055
all_dm6_minus_cns_midline	40056
all_dm6_minus_cns_midline	40057
all_dm6_minus_cns_midline	40059
all_dm6_minus_cns_midline	40060
all_dm6_minus_cns_midline	40061
all_dm6_minus_cns_midline	40062
all_dm6_minus_cns_midline	40063
all_dm6_minus_cns_midline	40064
all_dm6_minus_cns_midline	40065
all_dm6_minus_cns_midline	40066
all_dm6_minus_cns_midline	40067
all_dm6_minus_cns_midline	40068
all_dm6_minus_cns_midline	40069
all_dm6_minus_cns_midline	40070
all_dm6_minus_cns_midline	40071
all_dm6_minus_cns_midline	40072
all_dm6_minus_cns_midline	40073
all_dm6_minus_cns_midline	40074
all_dm6_minus_cns_midline	40075
all_dm6_minus_cns_midline	40078
all_dm6_minus_cns_midline	40079
all_dm6_minus_cns_midline	40080
all_dm6_minus_cns_midline	40081
all_dm6_minus_cns_midline	40083
all_dm6_minus_cns_midline	40084
all_dm6_minus_cns_midline	40085
all_dm6_minus_cns_midline	40086
all_dm6_minus_cns_midline	40087
all_dm6_minus_cns_midline	40088
all_dm6_minus_cns_midline	40092
all_dm6_minus_cns_midline	40093
all_dm6_minus_cns_midline	40094
all_dm6_minus_cns_midline	40095
all_dm6_minus_cns_midline	40096
all_dm6_minus_cns_midline	40097
all_dm6_minus_cns_midline	40098
all_dm6_minus_cns_midline	40099
all_dm6_minus_cns_midline	40100
all_dm6_minus_cns_midline	40101
all_dm6_minus_cns_midline	40102
all_dm6_minus_cns_midline	40104
all_dm6_minus_cns_midline	40105
all_dm6_minus_cns_midline	40109
all_dm6_minus_cns_midline	40111
all_dm6_minus_cns_midline	40112
all_dm6_minus_cns_midline	40113
all_dm6_minus_cns_midline	40114
all_dm6_minus_cns_midline	40115
all_dm6_minus_cns_midline	40116
all_dm6_minus_cns_midline	40117
all_dm6_minus_cns_midline	40118
all_dm6_minus_cns_midline	40119
all_dm6_minus_cns_midline	40120
all_dm6_minus_cns_midline	40121
all_dm6_minus_cns_midline	40122
all_dm6_minus_cns_midline	40123
all_dm6_minus_cns_midline	40124
all_dm6_minus_cns_midline	40126
all_dm6_minus_cns_midline	40127
all_dm6_minus_cns_midline	40128
all_dm6_minus_cns_midline	40130
all_dm6_minus_cns_midline	40131
all_dm6_minus_cns_midline	40132
all_dm6_minus_cns_midline	40133
all_dm6_minus_cns_midline	40134
all_dm6_minus_cns_midline	40135
all_dm6_minus_cns_midline	40136
all_dm6_minus_cns_midline	40137
all_dm6_minus_cns_midline	40138
all_dm6_minus_cns_midline	40140
all_dm6_minus_cns_midline	40141
all_dm6_minus_cns_midline	40142
all_dm6_minus_cns_midline	40143
all_dm6_minus_cns_midline	40144
all_dm6_minus_cns_midline	40145
all_dm6_minus_cns_midline	40146
all_dm6_minus_cns_midline	40147
all_dm6_minus_cns_midline	40148
all_dm6_minus_cns_midline	40149
all_dm6_minus_cns_midline	40150
all_dm6_minus_cns_midline	40152
all_dm6_minus_cns_midline	40153
all_dm6_minus_cns_midline	40154
all_dm6_minus_cns_midline	40156
all_dm6_minus_cns_midline	40157
all_dm6_minus_cns_midline	40158
all_dm6_minus_cns_midline	40159
all_dm6_minus_cns_midline	40160
all_dm6_minus_cns_midline	40161
all_dm6_minus_cns_midline	40162
all_dm6_minus_cns_midline	40163
all_dm6_minus_cns_midline	40164
all_dm6_minus_cns_midline	40165
all_dm6_minus_cns_midline	40167
all_dm6_minus_cns_midline	40168
all_dm6_minus_cns_midline	40169
all_dm6_minus_cns_midline	40170
all_dm6_minus_cns_midline	40171
all_dm6_minus_cns_midline	40172
all_dm6_minus_cns_midline	40173
all_dm6_minus_cns_midline	40174
all_dm6_minus_cns_midline	40176
all_dm6_minus_cns_midline	40177
all_dm6_minus_cns_midline	40178
all_dm6_minus_cns_midline	40179
all_dm6_minus_cns_midline	40180
all_dm6_minus_cns_midline	40181
all_dm6_minus_cns_midline	40182
all_dm6_minus_cns_midline	40183
all_dm6_minus_cns_midline	40184
all_dm6_minus_cns_midline	40185
all_dm6_minus_cns_midline	40186
all_dm6_minus_cns_midline	40187
all_dm6_minus_cns_midline	40189
all_dm6_minus_cns_midline	40190
all_dm6_minus_cns_midline	40191
all_dm6_minus_cns_midline	40192
all_dm6_minus_cns_midline	40193
all_dm6_minus_cns_midline	40197
all_dm6_minus_cns_midline	40198
all_dm6_minus_cns_midline	40199
all_dm6_minus_cns_midline	40200
all_dm6_minus_cns_midline	40201
all_dm6_minus_cns_midline	40202
all_dm6_minus_cns_midline	40203
all_dm6_minus_cns_midline	40204
all_dm6_minus_cns_midline	40205
all_dm6_minus_cns_midline	40207
all_dm6_minus_cns_midline	40209
all_dm6_minus_cns_midline	40210
all_dm6_minus_cns_midline	40211
all_dm6_minus_cns_midline	40212
all_dm6_minus_cns_midline	40213
all_dm6_minus_cns_midline	40214
all_dm6_minus_cns_midline	40215
all_dm6_minus_cns_midline	40216
all_dm6_minus_cns_midline	40217
all_dm6_minus_cns_midline	40218
all_dm6_minus_cns_midline	40220
all_dm6_minus_cns_midline	40221
all_dm6_minus_cns_midline	40222
all_dm6_minus_cns_midline	40224
all_dm6_minus_cns_midline	40225
all_dm6_minus_cns_midline	40226
all_dm6_minus_cns_midline	40228
all_dm6_minus_cns_midline	40229
all_dm6_minus_cns_midline	40231
all_dm6_minus_cns_midline	40232
all_dm6_minus_cns_midline	40233
all_dm6_minus_cns_midline	40234
all_dm6_minus_cns_midline	40235
all_dm6_minus_cns_midline	40236
all_dm6_minus_cns_midline	40239
all_dm6_minus_cns_midline	40240
all_dm6_minus_cns_midline	40241
all_dm6_minus_cns_midline	40242
all_dm6_minus_cns_midline	40243
all_dm6_minus_cns_midline	40245
all_dm6_minus_cns_midline	40246
all_dm6_minus_cns_midline	40247
all_dm6_minus_cns_midline	40248
all_dm6_minus_cns_midline	40250
all_dm6_minus_cns_midline	40252
all_dm6_minus_cns_midline	40255
all_dm6_minus_cns_midline	40256
all_dm6_minus_cns_midline	40257
all_dm6_minus_cns_midline	40258
all_dm6_minus_cns_midline	40259
all_dm6_minus_cns_midline	40260
all_dm6_minus_cns_midline	40261
all_dm6_minus_cns_midline	40262
all_dm6_minus_cns_midline	40263
all_dm6_minus_cns_midline	40264
all_dm6_minus_cns_midline	40265
all_dm6_minus_cns_midline	40266
all_dm6_minus_cns_midline	40267
all_dm6_minus_cns_midline	40268
all_dm6_minus_cns_midline	40269
all_dm6_minus_cns_midline	40270
all_dm6_minus_cns_midline	40271
all_dm6_minus_cns_midline	40272
all_dm6_minus_cns_midline	40273
all_dm6_minus_cns_midline	40274
all_dm6_minus_cns_midline	40275
all_dm6_minus_cns_midline	40276
all_dm6_minus_cns_midline	40279
all_dm6_minus_cns_midline	40280
all_dm6_minus_cns_midline	40281
all_dm6_minus_cns_midline	40282
all_dm6_minus_cns_midline	40283
all_dm6_minus_cns_midline	40284
all_dm6_minus_cns_midline	40286
all_dm6_minus_cns_midline	40287
all_dm6_minus_cns_midline	40288
all_dm6_minus_cns_midline	40289
all_dm6_minus_cns_midline	40290
all_dm6_minus_cns_midline	40291
all_dm6_minus_cns_midline	40293
all_dm6_minus_cns_midline	40294
all_dm6_minus_cns_midline	40295
all_dm6_minus_cns_midline	40296
all_dm6_minus_cns_midline	40297
all_dm6_minus_cns_midline	40298
all_dm6_minus_cns_midline	40299
all_dm6_minus_cns_midline	40300
all_dm6_minus_cns_midline	40301
all_dm6_minus_cns_midline	40303
all_dm6_minus_cns_midline	40304
all_dm6_minus_cns_midline	40305
all_dm6_minus_cns_midline	40307
all_dm6_minus_cns_midline	40308
all_dm6_minus_cns_midline	40309
all_dm6_minus_cns_midline	40310
all_dm6_minus_cns_midline	40313
all_dm6_minus_cns_midline	40314
all_dm6_minus_cns_midline	40315
all_dm6_minus_cns_midline	40316
all_dm6_minus_cns_midline	40317
all_dm6_minus_cns_midline	40318
all_dm6_minus_cns_midline	40319
all_dm6_minus_cns_midline	40321
all_dm6_minus_cns_midline	40323
all_dm6_minus_cns_midline	40324
all_dm6_minus_cns_midline	40325
all_dm6_minus_cns_midline	40326
all_dm6_minus_cns_midline	40327
all_dm6_minus_cns_midline	40330
all_dm6_minus_cns_midline	40331
all_dm6_minus_cns_midline	40332
all_dm6_minus_cns_midline	40333
all_dm6_minus_cns_midline	40335
all_dm6_minus_cns_midline	40336
all_dm6_minus_cns_midline	40339
all_dm6_minus_cns_midline	40340
all_dm6_minus_cns_midline	40341
all_dm6_minus_cns_midline	40342
all_dm6_minus_cns_midline	40343
all_dm6_minus_cns_midline	40345
all_dm6_minus_cns_midline	40346
all_dm6_minus_cns_midline	40347
all_dm6_minus_cns_midline	40348
all_dm6_minus_cns_midline	40349
all_dm6_minus_cns_midline	40350
all_dm6_minus_cns_midline	40351
all_dm6_minus_cns_midline	40352
all_dm6_minus_cns_midline	40354
all_dm6_minus_cns_midline	40355
all_dm6_minus_cns_midline	40356
all_dm6_minus_cns_midline	40357
all_dm6_minus_cns_midline	40358
all_dm6_minus_cns_midline	40359
all_dm6_minus_cns_midline	40360
all_dm6_minus_cns_midline	40361
all_dm6_minus_cns_midline	40362
all_dm6_minus_cns_midline	40363
all_dm6_minus_cns_midline	40365
all_dm6_minus_cns_midline	40366
all_dm6_minus_cns_midline	40367
all_dm6_minus_cns_midline	40368
all_dm6_minus_cns_midline	40369
all_dm6_minus_cns_midline	40370
all_dm6_minus_cns_midline	40371
all_dm6_minus_cns_midline	40372
all_dm6_minus_cns_midline	40373
all_dm6_minus_cns_midline	40374
all_dm6_minus_cns_midline	40375
all_dm6_minus_cns_midline	40376
all_dm6_minus_cns_midline	40377
all_dm6_minus_cns_midline	40378
all_dm6_minus_cns_midline	40381
all_dm6_minus_cns_midline	40382
all_dm6_minus_cns_midline	40383
all_dm6_minus_cns_midline	40384
all_dm6_minus_cns_midline	40385
all_dm6_minus_cns_midline	40386
all_dm6_minus_cns_midline	40388
all_dm6_minus_cns_midline	40389
all_dm6_minus_cns_midline	40390
all_dm6_minus_cns_midline	40391
all_dm6_minus_cns_midline	40392
all_dm6_minus_cns_midline	40393
all_dm6_minus_cns_midline	40394
all_dm6_minus_cns_midline	40395
all_dm6_minus_cns_midline	40396
all_dm6_minus_cns_midline	40399
all_dm6_minus_cns_midline	40400
all_dm6_minus_cns_midline	40401
all_dm6_minus_cns_midline	40402
all_dm6_minus_cns_midline	40403
all_dm6_minus_cns_midline	40404
all_dm6_minus_cns_midline	40406
all_dm6_minus_cns_midline	40408
all_dm6_minus_cns_midline	40409
all_dm6_minus_cns_midline	40410
all_dm6_minus_cns_midline	40411
all_dm6_minus_cns_midline	40412
all_dm6_minus_cns_midline	40414
all_dm6_minus_cns_midline	40415
all_dm6_minus_cns_midline	40416
all_dm6_minus_cns_midline	40417
all_dm6_minus_cns_midline	40418
all_dm6_minus_cns_midline	40419
all_dm6_minus_cns_midline	40420
all_dm6_minus_cns_midline	40421
all_dm6_minus_cns_midline	40422
all_dm6_minus_cns_midline	40423
all_dm6_minus_cns_midline	40424
all_dm6_minus_cns_midline	40425
all_dm6_minus_cns_midline	40427
all_dm6_minus_cns_midline	40428
all_dm6_minus_cns_midline	40429
all_dm6_minus_cns_midline	40430
all_dm6_minus_cns_midline	40431
all_dm6_minus_cns_midline	40432
all_dm6_minus_cns_midline	40434
all_dm6_minus_cns_midline	40435
all_dm6_minus_cns_midline	40436
all_dm6_minus_cns_midline	40437
all_dm6_minus_cns_midline	40438
all_dm6_minus_cns_midline	40439
all_dm6_minus_cns_midline	40441
all_dm6_minus_cns_midline	40442
all_dm6_minus_cns_midline	40443
all_dm6_minus_cns_midline	40445
all_dm6_minus_cns_midline	40447
all_dm6_minus_cns_midline	40448
all_dm6_minus_cns_midline	40449
all_dm6_minus_cns_midline	40450
all_dm6_minus_cns_midline	40451
all_dm6_minus_cns_midline	40453
all_dm6_minus_cns_midline	40456
all_dm6_minus_cns_midline	40457
all_dm6_minus_cns_midline	40458
all_dm6_minus_cns_midline	40459
all_dm6_minus_cns_midline	40461
all_dm6_minus_cns_midline	40462
all_dm6_minus_cns_midline	40464
all_dm6_minus_cns_midline	40467
all_dm6_minus_cns_midline	40468
all_dm6_minus_cns_midline	40469
all_dm6_minus_cns_midline	40470
all_dm6_minus_cns_midline	40472
all_dm6_minus_cns_midline	40474
all_dm6_minus_cns_midline	40475
all_dm6_minus_cns_midline	40476
all_dm6_minus_cns_midline	40477
all_dm6_minus_cns_midline	40479
all_dm6_minus_cns_midline	40480
all_dm6_minus_cns_midline	40481
all_dm6_minus_cns_midline	40482
all_dm6_minus_cns_midline	40483
all_dm6_minus_cns_midline	40484
all_dm6_minus_cns_midline	40485
all_dm6_minus_cns_midline	40487
all_dm6_minus_cns_midline	40488
all_dm6_minus_cns_midline	40489
all_dm6_minus_cns_midline	40490
all_dm6_minus_cns_midline	40491
all_dm6_minus_cns_midline	40492
all_dm6_minus_cns_midline	40495
all_dm6_minus_cns_midline	40497
all_dm6_minus_cns_midline	40501
all_dm6_minus_cns_midline	40502
all_dm6_minus_cns_midline	40503
all_dm6_minus_cns_midline	40504
all_dm6_minus_cns_midline	40505
all_dm6_minus_cns_midline	40506
all_dm6_minus_cns_midline	40507
all_dm6_minus_cns_midline	40508
all_dm6_minus_cns_midline	40509
all_dm6_minus_cns_midline	40510
all_dm6_minus_cns_midline	40511
all_dm6_minus_cns_midline	40512
all_dm6_minus_cns_midline	40513
all_dm6_minus_cns_midline	40515
all_dm6_minus_cns_midline	40517
all_dm6_minus_cns_midline	40521
all_dm6_minus_cns_midline	40522
all_dm6_minus_cns_midline	40524
all_dm6_minus_cns_midline	40526
all_dm6_minus_cns_midline	40527
all_dm6_minus_cns_midline	40528
all_dm6_minus_cns_midline	40529
all_dm6_minus_cns_midline	40530
all_dm6_minus_cns_midline	40532
all_dm6_minus_cns_midline	40534
all_dm6_minus_cns_midline	40535
all_dm6_minus_cns_midline	40536
all_dm6_minus_cns_midline	40537
all_dm6_minus_cns_midline	40538
all_dm6_minus_cns_midline	40539
all_dm6_minus_cns_midline	40540
all_dm6_minus_cns_midline	40541
all_dm6_minus_cns_midline	40542
all_dm6_minus_cns_midline	40543
all_dm6_minus_cns_midline	40544
all_dm6_minus_cns_midline	40545
all_dm6_minus_cns_midline	40546
all_dm6_minus_cns_midline	40547
all_dm6_minus_cns_midline	40548
all_dm6_minus_cns_midline	40549
all_dm6_minus_cns_midline	40551
all_dm6_minus_cns_midline	40552
all_dm6_minus_cns_midline	40553
all_dm6_minus_cns_midline	40554
all_dm6_minus_cns_midline	40555
all_dm6_minus_cns_midline	40556
all_dm6_minus_cns_midline	40557
all_dm6_minus_cns_midline	40558
all_dm6_minus_cns_midline	40559
all_dm6_minus_cns_midline	40560
all_dm6_minus_cns_midline	40562
all_dm6_minus_cns_midline	40563
all_dm6_minus_cns_midline	40564
all_dm6_minus_cns_midline	40565
all_dm6_minus_cns_midline	40566
all_dm6_minus_cns_midline	40568
all_dm6_minus_cns_midline	40574
all_dm6_minus_cns_midline	40575
all_dm6_minus_cns_midline	40576
all_dm6_minus_cns_midline	40577
all_dm6_minus_cns_midline	40578
all_dm6_minus_cns_midline	40579
all_dm6_minus_cns_midline	40580
all_dm6_minus_cns_midline	40581
all_dm6_minus_cns_midline	40582
all_dm6_minus_cns_midline	40583
all_dm6_minus_cns_midline	40587
all_dm6_minus_cns_midline	40588
all_dm6_minus_cns_midline	40589
all_dm6_minus_cns_midline	40590
all_dm6_minus_cns_midline	40593
all_dm6_minus_cns_midline	40594
all_dm6_minus_cns_midline	40595
all_dm6_minus_cns_midline	40596
all_dm6_minus_cns_midline	40598
all_dm6_minus_cns_midline	40599
all_dm6_minus_cns_midline	40600
all_dm6_minus_cns_midline	40602
all_dm6_minus_cns_midline	40603
all_dm6_minus_cns_midline	40604
all_dm6_minus_cns_midline	40605
all_dm6_minus_cns_midline	40606
all_dm6_minus_cns_midline	40607
all_dm6_minus_cns_midline	40608
all_dm6_minus_cns_midline	40610
all_dm6_minus_cns_midline	40611
all_dm6_minus_cns_midline	40612
all_dm6_minus_cns_midline	40614
all_dm6_minus_cns_midline	40615
all_dm6_minus_cns_midline	40617
all_dm6_minus_cns_midline	40618
all_dm6_minus_cns_midline	40619
all_dm6_minus_cns_midline	40620
all_dm6_minus_cns_midline	40621
all_dm6_minus_cns_midline	40622
all_dm6_minus_cns_midline	40623
all_dm6_minus_cns_midline	40624
all_dm6_minus_cns_midline	40626
all_dm6_minus_cns_midline	40627
all_dm6_minus_cns_midline	40628
all_dm6_minus_cns_midline	40629
all_dm6_minus_cns_midline	40630
all_dm6_minus_cns_midline	40632
all_dm6_minus_cns_midline	40633
all_dm6_minus_cns_midline	40635
all_dm6_minus_cns_midline	40637
all_dm6_minus_cns_midline	40638
all_dm6_minus_cns_midline	40639
all_dm6_minus_cns_midline	40640
all_dm6_minus_cns_midline	40642
all_dm6_minus_cns_midline	40643
all_dm6_minus_cns_midline	40644
all_dm6_minus_cns_midline	40646
all_dm6_minus_cns_midline	40647
all_dm6_minus_cns_midline	40648
all_dm6_minus_cns_midline	40649
all_dm6_minus_cns_midline	40650
all_dm6_minus_cns_midline	40651
all_dm6_minus_cns_midline	40652
all_dm6_minus_cns_midline	40653
all_dm6_minus_cns_midline	40655
all_dm6_minus_cns_midline	40656
all_dm6_minus_cns_midline	40657
all_dm6_minus_cns_midline	40659
all_dm6_minus_cns_midline	40660
all_dm6_minus_cns_midline	40661
all_dm6_minus_cns_midline	40663
all_dm6_minus_cns_midline	40664
all_dm6_minus_cns_midline	40666
all_dm6_minus_cns_midline	40667
all_dm6_minus_cns_midline	40668
all_dm6_minus_cns_midline	40669
all_dm6_minus_cns_midline	40670
all_dm6_minus_cns_midline	40671
all_dm6_minus_cns_midline	40672
all_dm6_minus_cns_midline	40673
all_dm6_minus_cns_midline	40676
all_dm6_minus_cns_midline	40677
all_dm6_minus_cns_midline	40678
all_dm6_minus_cns_midline	40679
all_dm6_minus_cns_midline	40680
all_dm6_minus_cns_midline	40681
all_dm6_minus_cns_midline	40682
all_dm6_minus_cns_midline	40683
all_dm6_minus_cns_midline	40684
all_dm6_minus_cns_midline	40685
all_dm6_minus_cns_midline	40686
all_dm6_minus_cns_midline	40687
all_dm6_minus_cns_midline	40689
all_dm6_minus_cns_midline	40690
all_dm6_minus_cns_midline	40691
all_dm6_minus_cns_midline	40692
all_dm6_minus_cns_midline	40693
all_dm6_minus_cns_midline	40694
all_dm6_minus_cns_midline	40695
all_dm6_minus_cns_midline	40696
all_dm6_minus_cns_midline	40697
all_dm6_minus_cns_midline	40698
all_dm6_minus_cns_midline	40699
all_dm6_minus_cns_midline	40700
all_dm6_minus_cns_midline	40701
all_dm6_minus_cns_midline	40702
all_dm6_minus_cns_midline	40704
all_dm6_minus_cns_midline	40706
all_dm6_minus_cns_midline	40707
all_dm6_minus_cns_midline	40708
all_dm6_minus_cns_midline	40709
all_dm6_minus_cns_midline	40710
all_dm6_minus_cns_midline	40711
all_dm6_minus_cns_midline	40712
all_dm6_minus_cns_midline	40713
all_dm6_minus_cns_midline	40714
all_dm6_minus_cns_midline	40715
all_dm6_minus_cns_midline	40716
all_dm6_minus_cns_midline	40717
all_dm6_minus_cns_midline	40718
all_dm6_minus_cns_midline	40719
all_dm6_minus_cns_midline	40720
all_dm6_minus_cns_midline	40721
all_dm6_minus_cns_midline	40722
all_dm6_minus_cns_midline	40723
all_dm6_minus_cns_midline	40724
all_dm6_minus_cns_midline	40725
all_dm6_minus_cns_midline	40726
all_dm6_minus_cns_midline	40727
all_dm6_minus_cns_midline	40728
all_dm6_minus_cns_midline	40729
all_dm6_minus_cns_midline	40732
all_dm6_minus_cns_midline	40733
all_dm6_minus_cns_midline	40737
all_dm6_minus_cns_midline	40738
all_dm6_minus_cns_midline	40739
all_dm6_minus_cns_midline	40740
all_dm6_minus_cns_midline	40741
all_dm6_minus_cns_midline	40743
all_dm6_minus_cns_midline	40744
all_dm6_minus_cns_midline	40746
all_dm6_minus_cns_midline	40747
all_dm6_minus_cns_midline	40748
all_dm6_minus_cns_midline	40749
all_dm6_minus_cns_midline	40751
all_dm6_minus_cns_midline	40752
all_dm6_minus_cns_midline	40755
all_dm6_minus_cns_midline	40756
all_dm6_minus_cns_midline	40757
all_dm6_minus_cns_midline	40758
all_dm6_minus_cns_midline	40759
all_dm6_minus_cns_midline	40762
all_dm6_minus_cns_midline	40763
all_dm6_minus_cns_midline	40764
all_dm6_minus_cns_midline	40765
all_dm6_minus_cns_midline	40766
all_dm6_minus_cns_midline	40767
all_dm6_minus_cns_midline	40768
all_dm6_minus_cns_midline	40769
all_dm6_minus_cns_midline	40770
all_dm6_minus_cns_midline	40771
all_dm6_minus_cns_midline	40772
all_dm6_minus_cns_midline	40774
all_dm6_minus_cns_midline	40775
all_dm6_minus_cns_midline	40776
all_dm6_minus_cns_midline	40777
all_dm6_minus_cns_midline	40778
all_dm6_minus_cns_midline	40779
all_dm6_minus_cns_midline	40780
all_dm6_minus_cns_midline	40781
all_dm6_minus_cns_midline	40782
all_dm6_minus_cns_midline	40783
all_dm6_minus_cns_midline	40786
all_dm6_minus_cns_midline	40787
all_dm6_minus_cns_midline	40788
all_dm6_minus_cns_midline	40789
all_dm6_minus_cns_midline	40790
all_dm6_minus_cns_midline	40791
all_dm6_minus_cns_midline	40792
all_dm6_minus_cns_midline	40793
all_dm6_minus_cns_midline	40794
all_dm6_minus_cns_midline	40795
all_dm6_minus_cns_midline	40796
all_dm6_minus_cns_midline	40797
all_dm6_minus_cns_midline	40798
all_dm6_minus_cns_midline	40800
all_dm6_minus_cns_midline	40803
all_dm6_minus_cns_midline	40804
all_dm6_minus_cns_midline	40805
all_dm6_minus_cns_midline	40806
all_dm6_minus_cns_midline	40807
all_dm6_minus_cns_midline	40809
all_dm6_minus_cns_midline	40810
all_dm6_minus_cns_midline	40811
all_dm6_minus_cns_midline	40812
all_dm6_minus_cns_midline	40813
all_dm6_minus_cns_midline	40814
all_dm6_minus_cns_midline	40815
all_dm6_minus_cns_midline	40816
all_dm6_minus_cns_midline	40817
all_dm6_minus_cns_midline	40818
all_dm6_minus_cns_midline	40819
all_dm6_minus_cns_midline	40820
all_dm6_minus_cns_midline	40821
all_dm6_minus_cns_midline	40822
all_dm6_minus_cns_midline	40823
all_dm6_minus_cns_midline	40824
all_dm6_minus_cns_midline	40825
all_dm6_minus_cns_midline	40826
all_dm6_minus_cns_midline	40827
all_dm6_minus_cns_midline	40828
all_dm6_minus_cns_midline	40830
all_dm6_minus_cns_midline	40831
all_dm6_minus_cns_midline	40832
all_dm6_minus_cns_midline	40833
all_dm6_minus_cns_midline	40835
all_dm6_minus_cns_midline	40836
all_dm6_minus_cns_midline	40837
all_dm6_minus_cns_midline	40838
all_dm6_minus_cns_midline	40839
all_dm6_minus_cns_midline	40840
all_dm6_minus_cns_midline	40841
all_dm6_minus_cns_midline	40842
all_dm6_minus_cns_midline	40843
all_dm6_minus_cns_midline	40844
all_dm6_minus_cns_midline	40846
all_dm6_minus_cns_midline	40847
all_dm6_minus_cns_midline	40848
all_dm6_minus_cns_midline	40849
all_dm6_minus_cns_midline	40850
all_dm6_minus_cns_midline	40851
all_dm6_minus_cns_midline	40852
all_dm6_minus_cns_midline	40853
all_dm6_minus_cns_midline	40856
all_dm6_minus_cns_midline	40857
all_dm6_minus_cns_midline	40858
all_dm6_minus_cns_midline	40859
all_dm6_minus_cns_midline	40860
all_dm6_minus_cns_midline	40861
all_dm6_minus_cns_midline	40862
all_dm6_minus_cns_midline	40863
all_dm6_minus_cns_midline	40864
all_dm6_minus_cns_midline	40865
all_dm6_minus_cns_midline	40866
all_dm6_minus_cns_midline	40867
all_dm6_minus_cns_midline	40868
all_dm6_minus_cns_midline	40869
all_dm6_minus_cns_midline	40870
all_dm6_minus_cns_midline	40871
all_dm6_minus_cns_midline	40872
all_dm6_minus_cns_midline	40873
all_dm6_minus_cns_midline	40874
all_dm6_minus_cns_midline	40875
all_dm6_minus_cns_midline	40877
all_dm6_minus_cns_midline	40879
all_dm6_minus_cns_midline	40883
all_dm6_minus_cns_midline	40884
all_dm6_minus_cns_midline	40885
all_dm6_minus_cns_midline	40886
all_dm6_minus_cns_midline	40887
all_dm6_minus_cns_midline	40888
all_dm6_minus_cns_midline	40889
all_dm6_minus_cns_midline	40890
all_dm6_minus_cns_midline	40891
all_dm6_minus_cns_midline	40892
all_dm6_minus_cns_midline	40893
all_dm6_minus_cns_midline	40894
all_dm6_minus_cns_midline	40896
all_dm6_minus_cns_midline	40897
all_dm6_minus_cns_midline	40898
all_dm6_minus_cns_midline	40899
all_dm6_minus_cns_midline	40900
all_dm6_minus_cns_midline	40901
all_dm6_minus_cns_midline	40902
all_dm6_minus_cns_midline	40903
all_dm6_minus_cns_midline	40906
all_dm6_minus_cns_midline	40907
all_dm6_minus_cns_midline	40908
all_dm6_minus_cns_midline	40909
all_dm6_minus_cns_midline	40912
all_dm6_minus_cns_midline	40913
all_dm6_minus_cns_midline	40915
all_dm6_minus_cns_midline	40917
all_dm6_minus_cns_midline	40918
all_dm6_minus_cns_midline	40919
all_dm6_minus_cns_midline	40920
all_dm6_minus_cns_midline	40921
all_dm6_minus_cns_midline	40922
all_dm6_minus_cns_midline	40923
all_dm6_minus_cns_midline	40924
all_dm6_minus_cns_midline	40925
all_dm6_minus_cns_midline	40928
all_dm6_minus_cns_midline	40929
all_dm6_minus_cns_midline	40931
all_dm6_minus_cns_midline	40932
all_dm6_minus_cns_midline	40933
all_dm6_minus_cns_midline	40934
all_dm6_minus_cns_midline	40935
all_dm6_minus_cns_midline	40936
all_dm6_minus_cns_midline	40937
all_dm6_minus_cns_midline	40938
all_dm6_minus_cns_midline	40940
all_dm6_minus_cns_midline	40942
all_dm6_minus_cns_midline	40943
all_dm6_minus_cns_midline	40944
all_dm6_minus_cns_midline	40945
all_dm6_minus_cns_midline	40946
all_dm6_minus_cns_midline	40947
all_dm6_minus_cns_midline	40948
all_dm6_minus_cns_midline	40949
all_dm6_minus_cns_midline	40950
all_dm6_minus_cns_midline	40952
all_dm6_minus_cns_midline	40953
all_dm6_minus_cns_midline	40955
all_dm6_minus_cns_midline	40956
all_dm6_minus_cns_midline	40957
all_dm6_minus_cns_midline	40958
all_dm6_minus_cns_midline	40959
all_dm6_minus_cns_midline	40960
all_dm6_minus_cns_midline	40962
all_dm6_minus_cns_midline	40963
all_dm6_minus_cns_midline	40964
all_dm6_minus_cns_midline	40965
all_dm6_minus_cns_midline	40966
all_dm6_minus_cns_midline	40967
all_dm6_minus_cns_midline	40970
all_dm6_minus_cns_midline	40972
all_dm6_minus_cns_midline	40973
all_dm6_minus_cns_midline	40974
all_dm6_minus_cns_midline	40975
all_dm6_minus_cns_midline	40976
all_dm6_minus_cns_midline	40977
all_dm6_minus_cns_midline	40978
all_dm6_minus_cns_midline	40979
all_dm6_minus_cns_midline	40980
all_dm6_minus_cns_midline	40981
all_dm6_minus_cns_midline	40982
all_dm6_minus_cns_midline	40983
all_dm6_minus_cns_midline	40984
all_dm6_minus_cns_midline	40985
all_dm6_minus_cns_midline	40986
all_dm6_minus_cns_midline	40987
all_dm6_minus_cns_midline	40988
all_dm6_minus_cns_midline	40989
all_dm6_minus_cns_midline	40990
all_dm6_minus_cns_midline	40991
all_dm6_minus_cns_midline	40992
all_dm6_minus_cns_midline	40993
all_dm6_minus_cns_midline	40994
all_dm6_minus_cns_midline	40995
all_dm6_minus_cns_midline	40996
all_dm6_minus_cns_midline	40997
all_dm6_minus_cns_midline	40998
all_dm6_minus_cns_midline	40999
all_dm6_minus_cns_midline	41000
all_dm6_minus_cns_midline	41001
all_dm6_minus_cns_midline	41006
all_dm6_minus_cns_midline	41007
all_dm6_minus_cns_midline	41008
all_dm6_minus_cns_midline	41009
all_dm6_minus_cns_midline	41010
all_dm6_minus_cns_midline	41011
all_dm6_minus_cns_midline	41013
all_dm6_minus_cns_midline	41014
all_dm6_minus_cns_midline	41017
all_dm6_minus_cns_midline	41018
all_dm6_minus_cns_midline	41019
all_dm6_minus_cns_midline	41020
all_dm6_minus_cns_midline	41021
all_dm6_minus_cns_midline	41022
all_dm6_minus_cns_midline	41023
all_dm6_minus_cns_midline	41026
all_dm6_minus_cns_midline	41027
all_dm6_minus_cns_midline	41028
all_dm6_minus_cns_midline	41029
all_dm6_minus_cns_midline	41030
all_dm6_minus_cns_midline	41031
all_dm6_minus_cns_midline	41032
all_dm6_minus_cns_midline	41033
all_dm6_minus_cns_midline	41034
all_dm6_minus_cns_midline	41035
all_dm6_minus_cns_midline	41036
all_dm6_minus_cns_midline	41037
all_dm6_minus_cns_midline	41038
all_dm6_minus_cns_midline	41039
all_dm6_minus_cns_midline	41040
all_dm6_minus_cns_midline	41041
all_dm6_minus_cns_midline	41042
all_dm6_minus_cns_midline	41043
all_dm6_minus_cns_midline	41044
all_dm6_minus_cns_midline	41045
all_dm6_minus_cns_midline	41046
all_dm6_minus_cns_midline	41047
all_dm6_minus_cns_midline	41048
all_dm6_minus_cns_midline	41052
all_dm6_minus_cns_midline	41054
all_dm6_minus_cns_midline	41055
all_dm6_minus_cns_midline	41056
all_dm6_minus_cns_midline	41057
all_dm6_minus_cns_midline	41058
all_dm6_minus_cns_midline	41059
all_dm6_minus_cns_midline	41060
all_dm6_minus_cns_midline	41066
all_dm6_minus_cns_midline	41067
all_dm6_minus_cns_midline	41068
all_dm6_minus_cns_midline	41069
all_dm6_minus_cns_midline	41070
all_dm6_minus_cns_midline	41071
all_dm6_minus_cns_midline	41072
all_dm6_minus_cns_midline	41073
all_dm6_minus_cns_midline	41074
all_dm6_minus_cns_midline	41075
all_dm6_minus_cns_midline	41076
all_dm6_minus_cns_midline	41078
all_dm6_minus_cns_midline	41079
all_dm6_minus_cns_midline	41080
all_dm6_minus_cns_midline	41081
all_dm6_minus_cns_midline	41082
all_dm6_minus_cns_midline	41083
all_dm6_minus_cns_midline	41084
all_dm6_minus_cns_midline	41085
all_dm6_minus_cns_midline	41086
all_dm6_minus_cns_midline	41087
all_dm6_minus_cns_midline	41089
all_dm6_minus_cns_midline	41090
all_dm6_minus_cns_midline	41091
all_dm6_minus_cns_midline	41092
all_dm6_minus_cns_midline	41093
all_dm6_minus_cns_midline	41096
all_dm6_minus_cns_midline	41097
all_dm6_minus_cns_midline	41098
all_dm6_minus_cns_midline	41100
all_dm6_minus_cns_midline	41101
all_dm6_minus_cns_midline	41102
all_dm6_minus_cns_midline	41103
all_dm6_minus_cns_midline	41104
all_dm6_minus_cns_midline	41105
all_dm6_minus_cns_midline	41107
all_dm6_minus_cns_midline	41108
all_dm6_minus_cns_midline	41110
all_dm6_minus_cns_midline	41111
all_dm6_minus_cns_midline	41112
all_dm6_minus_cns_midline	41113
all_dm6_minus_cns_midline	41114
all_dm6_minus_cns_midline	41116
all_dm6_minus_cns_midline	41117
all_dm6_minus_cns_midline	41118
all_dm6_minus_cns_midline	41119
all_dm6_minus_cns_midline	41120
all_dm6_minus_cns_midline	41121
all_dm6_minus_cns_midline	41122
all_dm6_minus_cns_midline	41123
all_dm6_minus_cns_midline	41124
all_dm6_minus_cns_midline	41125
all_dm6_minus_cns_midline	41126
all_dm6_minus_cns_midline	41132
all_dm6_minus_cns_midline	41133
all_dm6_minus_cns_midline	41134
all_dm6_minus_cns_midline	41135
all_dm6_minus_cns_midline	41136
all_dm6_minus_cns_midline	41137
all_dm6_minus_cns_midline	41138
all_dm6_minus_cns_midline	41139
all_dm6_minus_cns_midline	41140
all_dm6_minus_cns_midline	41141
all_dm6_minus_cns_midline	41143
all_dm6_minus_cns_midline	41144
all_dm6_minus_cns_midline	41145
all_dm6_minus_cns_midline	41147
all_dm6_minus_cns_midline	41148
all_dm6_minus_cns_midline	41149
all_dm6_minus_cns_midline	41150
all_dm6_minus_cns_midline	41151
all_dm6_minus_cns_midline	41152
all_dm6_minus_cns_midline	41153
all_dm6_minus_cns_midline	41154
all_dm6_minus_cns_midline	41155
all_dm6_minus_cns_midline	41156
all_dm6_minus_cns_midline	41157
all_dm6_minus_cns_midline	41158
all_dm6_minus_cns_midline	41159
all_dm6_minus_cns_midline	41160
all_dm6_minus_cns_midline	41161
all_dm6_minus_cns_midline	41162
all_dm6_minus_cns_midline	41163
all_dm6_minus_cns_midline	41164
all_dm6_minus_cns_midline	41165
all_dm6_minus_cns_midline	41166
all_dm6_minus_cns_midline	41167
all_dm6_minus_cns_midline	41168
all_dm6_minus_cns_midline	41169
all_dm6_minus_cns_midline	41170
all_dm6_minus_cns_midline	41171
all_dm6_minus_cns_midline	41172
all_dm6_minus_cns_midline	41173
all_dm6_minus_cns_midline	41174
all_dm6_minus_cns_midline	41175
all_dm6_minus_cns_midline	41176
all_dm6_minus_cns_midline	41177
all_dm6_minus_cns_midline	41178
all_dm6_minus_cns_midline	41179
all_dm6_minus_cns_midline	41180
all_dm6_minus_cns_midline	41181
all_dm6_minus_cns_midline	41182
all_dm6_minus_cns_midline	41183
all_dm6_minus_cns_midline	41184
all_dm6_minus_cns_midline	41185
all_dm6_minus_cns_midline	41187
all_dm6_minus_cns_midline	41189
all_dm6_minus_cns_midline	41190
all_dm6_minus_cns_midline	41191
all_dm6_minus_cns_midline	41192
all_dm6_minus_cns_midline	41193
all_dm6_minus_cns_midline	41194
all_dm6_minus_cns_midline	41195
all_dm6_minus_cns_midline	41197
all_dm6_minus_cns_midline	41198
all_dm6_minus_cns_midline	41199
all_dm6_minus_cns_midline	41201
all_dm6_minus_cns_midline	41202
all_dm6_minus_cns_midline	41203
all_dm6_minus_cns_midline	41204
all_dm6_minus_cns_midline	41205
all_dm6_minus_cns_midline	41206
all_dm6_minus_cns_midline	41207
all_dm6_minus_cns_midline	41208
all_dm6_minus_cns_midline	41209
all_dm6_minus_cns_midline	41210
all_dm6_minus_cns_midline	41211
all_dm6_minus_cns_midline	41212
all_dm6_minus_cns_midline	41213
all_dm6_minus_cns_midline	41214
all_dm6_minus_cns_midline	41215
all_dm6_minus_cns_midline	41217
all_dm6_minus_cns_midline	41219
all_dm6_minus_cns_midline	41221
all_dm6_minus_cns_midline	41222
all_dm6_minus_cns_midline	41225
all_dm6_minus_cns_midline	41226
all_dm6_minus_cns_midline	41227
all_dm6_minus_cns_midline	41228
all_dm6_minus_cns_midline	41229
all_dm6_minus_cns_midline	41230
all_dm6_minus_cns_midline	41231
all_dm6_minus_cns_midline	41232
all_dm6_minus_cns_midline	41233
all_dm6_minus_cns_midline	41235
all_dm6_minus_cns_midline	41236
all_dm6_minus_cns_midline	41238
all_dm6_minus_cns_midline	41239
all_dm6_minus_cns_midline	41242
all_dm6_minus_cns_midline	41244
all_dm6_minus_cns_midline	41246
all_dm6_minus_cns_midline	41247
all_dm6_minus_cns_midline	41248
all_dm6_minus_cns_midline	41249
all_dm6_minus_cns_midline	41250
all_dm6_minus_cns_midline	41252
all_dm6_minus_cns_midline	41253
all_dm6_minus_cns_midline	41254
all_dm6_minus_cns_midline	41256
all_dm6_minus_cns_midline	41259
all_dm6_minus_cns_midline	41260
all_dm6_minus_cns_midline	41261
all_dm6_minus_cns_midline	41262
all_dm6_minus_cns_midline	41263
all_dm6_minus_cns_midline	41264
all_dm6_minus_cns_midline	41265
all_dm6_minus_cns_midline	41266
all_dm6_minus_cns_midline	41268
all_dm6_minus_cns_midline	41269
all_dm6_minus_cns_midline	41270
all_dm6_minus_cns_midline	41271
all_dm6_minus_cns_midline	41272
all_dm6_minus_cns_midline	41274
all_dm6_minus_cns_midline	41275
all_dm6_minus_cns_midline	41278
all_dm6_minus_cns_midline	41279
all_dm6_minus_cns_midline	41280
all_dm6_minus_cns_midline	41281
all_dm6_minus_cns_midline	41282
all_dm6_minus_cns_midline	41283
all_dm6_minus_cns_midline	41284
all_dm6_minus_cns_midline	41285
all_dm6_minus_cns_midline	41286
all_dm6_minus_cns_midline	41287
all_dm6_minus_cns_midline	41288
all_dm6_minus_cns_midline	41289
all_dm6_minus_cns_midline	41290
all_dm6_minus_cns_midline	41291
all_dm6_minus_cns_midline	41292
all_dm6_minus_cns_midline	41293
all_dm6_minus_cns_midline	41294
all_dm6_minus_cns_midline	41295
all_dm6_minus_cns_midline	41297
all_dm6_minus_cns_midline	41298
all_dm6_minus_cns_midline	41299
all_dm6_minus_cns_midline	41300
all_dm6_minus_cns_midline	41302
all_dm6_minus_cns_midline	41303
all_dm6_minus_cns_midline	41304
all_dm6_minus_cns_midline	41305
all_dm6_minus_cns_midline	41306
all_dm6_minus_cns_midline	41307
all_dm6_minus_cns_midline	41308
all_dm6_minus_cns_midline	41309
all_dm6_minus_cns_midline	41310
all_dm6_minus_cns_midline	41311
all_dm6_minus_cns_midline	41313
all_dm6_minus_cns_midline	41314
all_dm6_minus_cns_midline	41316
all_dm6_minus_cns_midline	41317
all_dm6_minus_cns_midline	41318
all_dm6_minus_cns_midline	41319
all_dm6_minus_cns_midline	41320
all_dm6_minus_cns_midline	41321
all_dm6_minus_cns_midline	41324
all_dm6_minus_cns_midline	41326
all_dm6_minus_cns_midline	41330
all_dm6_minus_cns_midline	41333
all_dm6_minus_cns_midline	41334
all_dm6_minus_cns_midline	41337
all_dm6_minus_cns_midline	41339
all_dm6_minus_cns_midline	41340
all_dm6_minus_cns_midline	41341
all_dm6_minus_cns_midline	41342
all_dm6_minus_cns_midline	41343
all_dm6_minus_cns_midline	41344
all_dm6_minus_cns_midline	41345
all_dm6_minus_cns_midline	41346
all_dm6_minus_cns_midline	41347
all_dm6_minus_cns_midline	41348
all_dm6_minus_cns_midline	41349
all_dm6_minus_cns_midline	41350
all_dm6_minus_cns_midline	41351
all_dm6_minus_cns_midline	41352
all_dm6_minus_cns_midline	41353
all_dm6_minus_cns_midline	41354
all_dm6_minus_cns_midline	41355
all_dm6_minus_cns_midline	41357
all_dm6_minus_cns_midline	41358
all_dm6_minus_cns_midline	41359
all_dm6_minus_cns_midline	41360
all_dm6_minus_cns_midline	41361
all_dm6_minus_cns_midline	41362
all_dm6_minus_cns_midline	41364
all_dm6_minus_cns_midline	41365
all_dm6_minus_cns_midline	41366
all_dm6_minus_cns_midline	41367
all_dm6_minus_cns_midline	41368
all_dm6_minus_cns_midline	41369
all_dm6_minus_cns_midline	41370
all_dm6_minus_cns_midline	41371
all_dm6_minus_cns_midline	41372
all_dm6_minus_cns_midline	41373
all_dm6_minus_cns_midline	41374
all_dm6_minus_cns_midline	41375
all_dm6_minus_cns_midline	41376
all_dm6_minus_cns_midline	41377
all_dm6_minus_cns_midline	41379
all_dm6_minus_cns_midline	41381
all_dm6_minus_cns_midline	41383
all_dm6_minus_cns_midline	41384
all_dm6_minus_cns_midline	41387
all_dm6_minus_cns_midline	41388
all_dm6_minus_cns_midline	41389
all_dm6_minus_cns_midline	41390
all_dm6_minus_cns_midline	41391
all_dm6_minus_cns_midline	41392
all_dm6_minus_cns_midline	41393
all_dm6_minus_cns_midline	41394
all_dm6_minus_cns_midline	41395
all_dm6_minus_cns_midline	41396
all_dm6_minus_cns_midline	41397
all_dm6_minus_cns_midline	41398
all_dm6_minus_cns_midline	41399
all_dm6_minus_cns_midline	41401
all_dm6_minus_cns_midline	41403
all_dm6_minus_cns_midline	41404
all_dm6_minus_cns_midline	41406
all_dm6_minus_cns_midline	41407
all_dm6_minus_cns_midline	41408
all_dm6_minus_cns_midline	41409
all_dm6_minus_cns_midline	41410
all_dm6_minus_cns_midline	41411
all_dm6_minus_cns_midline	41412
all_dm6_minus_cns_midline	41413
all_dm6_minus_cns_midline	41414
all_dm6_minus_cns_midline	41415
all_dm6_minus_cns_midline	41416
all_dm6_minus_cns_midline	41417
all_dm6_minus_cns_midline	41419
all_dm6_minus_cns_midline	41420
all_dm6_minus_cns_midline	41423
all_dm6_minus_cns_midline	41425
all_dm6_minus_cns_midline	41426
all_dm6_minus_cns_midline	41427
all_dm6_minus_cns_midline	41431
all_dm6_minus_cns_midline	41432
all_dm6_minus_cns_midline	41433
all_dm6_minus_cns_midline	41434
all_dm6_minus_cns_midline	41436
all_dm6_minus_cns_midline	41437
all_dm6_minus_cns_midline	41438
all_dm6_minus_cns_midline	41440
all_dm6_minus_cns_midline	41441
all_dm6_minus_cns_midline	41442
all_dm6_minus_cns_midline	41443
all_dm6_minus_cns_midline	41445
all_dm6_minus_cns_midline	41446
all_dm6_minus_cns_midline	41447
all_dm6_minus_cns_midline	41448
all_dm6_minus_cns_midline	41449
all_dm6_minus_cns_midline	41450
all_dm6_minus_cns_midline	41451
all_dm6_minus_cns_midline	41452
all_dm6_minus_cns_midline	41453
all_dm6_minus_cns_midline	41454
all_dm6_minus_cns_midline	41456
all_dm6_minus_cns_midline	41458
all_dm6_minus_cns_midline	41459
all_dm6_minus_cns_midline	41460
all_dm6_minus_cns_midline	41461
all_dm6_minus_cns_midline	41462
all_dm6_minus_cns_midline	41465
all_dm6_minus_cns_midline	41466
all_dm6_minus_cns_midline	41467
all_dm6_minus_cns_midline	41468
all_dm6_minus_cns_midline	41469
all_dm6_minus_cns_midline	41470
all_dm6_minus_cns_midline	41472
all_dm6_minus_cns_midline	41473
all_dm6_minus_cns_midline	41474
all_dm6_minus_cns_midline	41475
all_dm6_minus_cns_midline	41476
all_dm6_minus_cns_midline	41477
all_dm6_minus_cns_midline	41479
all_dm6_minus_cns_midline	41480
all_dm6_minus_cns_midline	41481
all_dm6_minus_cns_midline	41482
all_dm6_minus_cns_midline	41483
all_dm6_minus_cns_midline	41484
all_dm6_minus_cns_midline	41486
all_dm6_minus_cns_midline	41487
all_dm6_minus_cns_midline	41488
all_dm6_minus_cns_midline	41489
all_dm6_minus_cns_midline	41490
all_dm6_minus_cns_midline	41491
all_dm6_minus_cns_midline	41493
all_dm6_minus_cns_midline	41494
all_dm6_minus_cns_midline	41495
all_dm6_minus_cns_midline	41496
all_dm6_minus_cns_midline	41498
all_dm6_minus_cns_midline	41499
all_dm6_minus_cns_midline	41500
all_dm6_minus_cns_midline	41502
all_dm6_minus_cns_midline	41511
all_dm6_minus_cns_midline	41512
all_dm6_minus_cns_midline	41513
all_dm6_minus_cns_midline	41518
all_dm6_minus_cns_midline	41520
all_dm6_minus_cns_midline	41521
all_dm6_minus_cns_midline	41522
all_dm6_minus_cns_midline	41524
all_dm6_minus_cns_midline	41525
all_dm6_minus_cns_midline	41526
all_dm6_minus_cns_midline	41528
all_dm6_minus_cns_midline	41529
all_dm6_minus_cns_midline	41530
all_dm6_minus_cns_midline	41531
all_dm6_minus_cns_midline	41533
all_dm6_minus_cns_midline	41536
all_dm6_minus_cns_midline	41537
all_dm6_minus_cns_midline	41538
all_dm6_minus_cns_midline	41539
all_dm6_minus_cns_midline	41540
all_dm6_minus_cns_midline	41541
all_dm6_minus_cns_midline	41542
all_dm6_minus_cns_midline	41543
all_dm6_minus_cns_midline	41547
all_dm6_minus_cns_midline	41549
all_dm6_minus_cns_midline	41550
all_dm6_minus_cns_midline	41551
all_dm6_minus_cns_midline	41552
all_dm6_minus_cns_midline	41554
all_dm6_minus_cns_midline	41555
all_dm6_minus_cns_midline	41556
all_dm6_minus_cns_midline	41557
all_dm6_minus_cns_midline	41558
all_dm6_minus_cns_midline	41560
all_dm6_minus_cns_midline	41561
all_dm6_minus_cns_midline	41562
all_dm6_minus_cns_midline	41563
all_dm6_minus_cns_midline	41565
all_dm6_minus_cns_midline	41567
all_dm6_minus_cns_midline	41568
all_dm6_minus_cns_midline	41569
all_dm6_minus_cns_midline	41570
all_dm6_minus_cns_midline	41571
all_dm6_minus_cns_midline	41573
all_dm6_minus_cns_midline	41574
all_dm6_minus_cns_midline	41575
all_dm6_minus_cns_midline	41576
all_dm6_minus_cns_midline	41578
all_dm6_minus_cns_midline	41579
all_dm6_minus_cns_midline	41580
all_dm6_minus_cns_midline	41581
all_dm6_minus_cns_midline	41583
all_dm6_minus_cns_midline	41585
all_dm6_minus_cns_midline	41586
all_dm6_minus_cns_midline	41587
all_dm6_minus_cns_midline	41588
all_dm6_minus_cns_midline	41589
all_dm6_minus_cns_midline	41590
all_dm6_minus_cns_midline	41591
all_dm6_minus_cns_midline	41592
all_dm6_minus_cns_midline	41593
all_dm6_minus_cns_midline	41595
all_dm6_minus_cns_midline	41596
all_dm6_minus_cns_midline	41597
all_dm6_minus_cns_midline	41598
all_dm6_minus_cns_midline	41599
all_dm6_minus_cns_midline	41600
all_dm6_minus_cns_midline	41601
all_dm6_minus_cns_midline	41602
all_dm6_minus_cns_midline	41605
all_dm6_minus_cns_midline	41606
all_dm6_minus_cns_midline	41607
all_dm6_minus_cns_midline	41608
all_dm6_minus_cns_midline	41609
all_dm6_minus_cns_midline	41610
all_dm6_minus_cns_midline	41611
all_dm6_minus_cns_midline	41616
all_dm6_minus_cns_midline	41619
all_dm6_minus_cns_midline	41620
all_dm6_minus_cns_midline	41621
all_dm6_minus_cns_midline	41622
all_dm6_minus_cns_midline	41624
all_dm6_minus_cns_midline	41625
all_dm6_minus_cns_midline	41626
all_dm6_minus_cns_midline	41627
all_dm6_minus_cns_midline	41628
all_dm6_minus_cns_midline	41629
all_dm6_minus_cns_midline	41630
all_dm6_minus_cns_midline	41631
all_dm6_minus_cns_midline	41632
all_dm6_minus_cns_midline	41634
all_dm6_minus_cns_midline	41635
all_dm6_minus_cns_midline	41636
all_dm6_minus_cns_midline	41638
all_dm6_minus_cns_midline	41639
all_dm6_minus_cns_midline	41640
all_dm6_minus_cns_midline	41641
all_dm6_minus_cns_midline	41642
all_dm6_minus_cns_midline	41643
all_dm6_minus_cns_midline	41644
all_dm6_minus_cns_midline	41645
all_dm6_minus_cns_midline	41646
all_dm6_minus_cns_midline	41647
all_dm6_minus_cns_midline	41648
all_dm6_minus_cns_midline	41649
all_dm6_minus_cns_midline	41650
all_dm6_minus_cns_midline	41651
all_dm6_minus_cns_midline	41652
all_dm6_minus_cns_midline	41653
all_dm6_minus_cns_midline	41654
all_dm6_minus_cns_midline	41656
all_dm6_minus_cns_midline	41657
all_dm6_minus_cns_midline	41658
all_dm6_minus_cns_midline	41659
all_dm6_minus_cns_midline	41660
all_dm6_minus_cns_midline	41661
all_dm6_minus_cns_midline	41662
all_dm6_minus_cns_midline	41663
all_dm6_minus_cns_midline	41665
all_dm6_minus_cns_midline	41670
all_dm6_minus_cns_midline	41671
all_dm6_minus_cns_midline	41672
all_dm6_minus_cns_midline	41673
all_dm6_minus_cns_midline	41674
all_dm6_minus_cns_midline	41675
all_dm6_minus_cns_midline	41676
all_dm6_minus_cns_midline	41677
all_dm6_minus_cns_midline	41678
all_dm6_minus_cns_midline	41679
all_dm6_minus_cns_midline	41680
all_dm6_minus_cns_midline	41682
all_dm6_minus_cns_midline	41686
all_dm6_minus_cns_midline	41687
all_dm6_minus_cns_midline	41688
all_dm6_minus_cns_midline	41689
all_dm6_minus_cns_midline	41690
all_dm6_minus_cns_midline	41693
all_dm6_minus_cns_midline	41694
all_dm6_minus_cns_midline	41695
all_dm6_minus_cns_midline	41697
all_dm6_minus_cns_midline	41698
all_dm6_minus_cns_midline	41699
all_dm6_minus_cns_midline	41700
all_dm6_minus_cns_midline	41701
all_dm6_minus_cns_midline	41702
all_dm6_minus_cns_midline	41703
all_dm6_minus_cns_midline	41704
all_dm6_minus_cns_midline	41706
all_dm6_minus_cns_midline	41707
all_dm6_minus_cns_midline	41708
all_dm6_minus_cns_midline	41709
all_dm6_minus_cns_midline	41710
all_dm6_minus_cns_midline	41711
all_dm6_minus_cns_midline	41712
all_dm6_minus_cns_midline	41713
all_dm6_minus_cns_midline	41714
all_dm6_minus_cns_midline	41715
all_dm6_minus_cns_midline	41716
all_dm6_minus_cns_midline	41717
all_dm6_minus_cns_midline	41718
all_dm6_minus_cns_midline	41719
all_dm6_minus_cns_midline	41720
all_dm6_minus_cns_midline	41722
all_dm6_minus_cns_midline	41723
all_dm6_minus_cns_midline	41724
all_dm6_minus_cns_midline	41725
all_dm6_minus_cns_midline	41726
all_dm6_minus_cns_midline	41727
all_dm6_minus_cns_midline	41728
all_dm6_minus_cns_midline	41729
all_dm6_minus_cns_midline	41730
all_dm6_minus_cns_midline	41731
all_dm6_minus_cns_midline	41733
all_dm6_minus_cns_midline	41734
all_dm6_minus_cns_midline	41735
all_dm6_minus_cns_midline	41736
all_dm6_minus_cns_midline	41737
all_dm6_minus_cns_midline	41738
all_dm6_minus_cns_midline	41739
all_dm6_minus_cns_midline	41740
all_dm6_minus_cns_midline	41741
all_dm6_minus_cns_midline	41742
all_dm6_minus_cns_midline	41743
all_dm6_minus_cns_midline	41744
all_dm6_minus_cns_midline	41745
all_dm6_minus_cns_midline	41746
all_dm6_minus_cns_midline	41747
all_dm6_minus_cns_midline	41748
all_dm6_minus_cns_midline	41749
all_dm6_minus_cns_midline	41756
all_dm6_minus_cns_midline	41757
all_dm6_minus_cns_midline	41758
all_dm6_minus_cns_midline	41759
all_dm6_minus_cns_midline	41760
all_dm6_minus_cns_midline	41761
all_dm6_minus_cns_midline	41762
all_dm6_minus_cns_midline	41763
all_dm6_minus_cns_midline	41764
all_dm6_minus_cns_midline	41765
all_dm6_minus_cns_midline	41766
all_dm6_minus_cns_midline	41767
all_dm6_minus_cns_midline	41768
all_dm6_minus_cns_midline	41770
all_dm6_minus_cns_midline	41771
all_dm6_minus_cns_midline	41772
all_dm6_minus_cns_midline	41773
all_dm6_minus_cns_midline	41774
all_dm6_minus_cns_midline	41775
all_dm6_minus_cns_midline	41776
all_dm6_minus_cns_midline	41777
all_dm6_minus_cns_midline	41778
all_dm6_minus_cns_midline	41779
all_dm6_minus_cns_midline	41780
all_dm6_minus_cns_midline	41784
all_dm6_minus_cns_midline	41785
all_dm6_minus_cns_midline	41786
all_dm6_minus_cns_midline	41787
all_dm6_minus_cns_midline	41788
all_dm6_minus_cns_midline	41789
all_dm6_minus_cns_midline	41790
all_dm6_minus_cns_midline	41791
all_dm6_minus_cns_midline	41795
all_dm6_minus_cns_midline	41797
all_dm6_minus_cns_midline	41798
all_dm6_minus_cns_midline	41800
all_dm6_minus_cns_midline	41801
all_dm6_minus_cns_midline	41802
all_dm6_minus_cns_midline	41803
all_dm6_minus_cns_midline	41804
all_dm6_minus_cns_midline	41805
all_dm6_minus_cns_midline	41806
all_dm6_minus_cns_midline	41809
all_dm6_minus_cns_midline	41810
all_dm6_minus_cns_midline	41811
all_dm6_minus_cns_midline	41815
all_dm6_minus_cns_midline	41816
all_dm6_minus_cns_midline	41817
all_dm6_minus_cns_midline	41820
all_dm6_minus_cns_midline	41821
all_dm6_minus_cns_midline	41822
all_dm6_minus_cns_midline	41824
all_dm6_minus_cns_midline	41825
all_dm6_minus_cns_midline	41829
all_dm6_minus_cns_midline	41830
all_dm6_minus_cns_midline	41831
all_dm6_minus_cns_midline	41832
all_dm6_minus_cns_midline	41833
all_dm6_minus_cns_midline	41834
all_dm6_minus_cns_midline	41835
all_dm6_minus_cns_midline	41836
all_dm6_minus_cns_midline	41838
all_dm6_minus_cns_midline	41839
all_dm6_minus_cns_midline	41840
all_dm6_minus_cns_midline	41841
all_dm6_minus_cns_midline	41842
all_dm6_minus_cns_midline	41843
all_dm6_minus_cns_midline	41845
all_dm6_minus_cns_midline	41846
all_dm6_minus_cns_midline	41847
all_dm6_minus_cns_midline	41848
all_dm6_minus_cns_midline	41849
all_dm6_minus_cns_midline	41850
all_dm6_minus_cns_midline	41851
all_dm6_minus_cns_midline	41852
all_dm6_minus_cns_midline	41854
all_dm6_minus_cns_midline	41855
all_dm6_minus_cns_midline	41857
all_dm6_minus_cns_midline	41858
all_dm6_minus_cns_midline	41859
all_dm6_minus_cns_midline	41861
all_dm6_minus_cns_midline	41862
all_dm6_minus_cns_midline	41863
all_dm6_minus_cns_midline	41864
all_dm6_minus_cns_midline	41865
all_dm6_minus_cns_midline	41866
all_dm6_minus_cns_midline	41867
all_dm6_minus_cns_midline	41868
all_dm6_minus_cns_midline	41869
all_dm6_minus_cns_midline	41870
all_dm6_minus_cns_midline	41871
all_dm6_minus_cns_midline	41872
all_dm6_minus_cns_midline	41873
all_dm6_minus_cns_midline	41875
all_dm6_minus_cns_midline	41876
all_dm6_minus_cns_midline	41877
all_dm6_minus_cns_midline	41879
all_dm6_minus_cns_midline	41880
all_dm6_minus_cns_midline	41882
all_dm6_minus_cns_midline	41883
all_dm6_minus_cns_midline	41884
all_dm6_minus_cns_midline	41885
all_dm6_minus_cns_midline	41887
all_dm6_minus_cns_midline	41888
all_dm6_minus_cns_midline	41889
all_dm6_minus_cns_midline	41890
all_dm6_minus_cns_midline	41891
all_dm6_minus_cns_midline	41892
all_dm6_minus_cns_midline	41893
all_dm6_minus_cns_midline	41894
all_dm6_minus_cns_midline	41895
all_dm6_minus_cns_midline	41896
all_dm6_minus_cns_midline	41897
all_dm6_minus_cns_midline	41900
all_dm6_minus_cns_midline	41901
all_dm6_minus_cns_midline	41902
all_dm6_minus_cns_midline	41903
all_dm6_minus_cns_midline	41904
all_dm6_minus_cns_midline	41905
all_dm6_minus_cns_midline	41906
all_dm6_minus_cns_midline	41907
all_dm6_minus_cns_midline	41908
all_dm6_minus_cns_midline	41910
all_dm6_minus_cns_midline	41911
all_dm6_minus_cns_midline	41912
all_dm6_minus_cns_midline	41913
all_dm6_minus_cns_midline	41914
all_dm6_minus_cns_midline	41916
all_dm6_minus_cns_midline	41917
all_dm6_minus_cns_midline	41919
all_dm6_minus_cns_midline	41920
all_dm6_minus_cns_midline	41921
all_dm6_minus_cns_midline	41922
all_dm6_minus_cns_midline	41925
all_dm6_minus_cns_midline	41926
all_dm6_minus_cns_midline	41927
all_dm6_minus_cns_midline	41929
all_dm6_minus_cns_midline	41930
all_dm6_minus_cns_midline	41931
all_dm6_minus_cns_midline	41932
all_dm6_minus_cns_midline	41934
all_dm6_minus_cns_midline	41935
all_dm6_minus_cns_midline	41936
all_dm6_minus_cns_midline	41937
all_dm6_minus_cns_midline	41938
all_dm6_minus_cns_midline	41939
all_dm6_minus_cns_midline	41940
all_dm6_minus_cns_midline	41941
all_dm6_minus_cns_midline	41942
all_dm6_minus_cns_midline	41943
all_dm6_minus_cns_midline	41944
all_dm6_minus_cns_midline	41945
all_dm6_minus_cns_midline	41948
all_dm6_minus_cns_midline	41949
all_dm6_minus_cns_midline	41951
all_dm6_minus_cns_midline	41952
all_dm6_minus_cns_midline	41953
all_dm6_minus_cns_midline	41954
all_dm6_minus_cns_midline	41955
all_dm6_minus_cns_midline	41957
all_dm6_minus_cns_midline	41958
all_dm6_minus_cns_midline	41959
all_dm6_minus_cns_midline	41960
all_dm6_minus_cns_midline	41961
all_dm6_minus_cns_midline	41962
all_dm6_minus_cns_midline	41963
all_dm6_minus_cns_midline	41964
all_dm6_minus_cns_midline	41965
all_dm6_minus_cns_midline	41971
all_dm6_minus_cns_midline	41972
all_dm6_minus_cns_midline	41973
all_dm6_minus_cns_midline	41975
all_dm6_minus_cns_midline	41977
all_dm6_minus_cns_midline	41978
all_dm6_minus_cns_midline	41979
all_dm6_minus_cns_midline	41981
all_dm6_minus_cns_midline	41982
all_dm6_minus_cns_midline	41983
all_dm6_minus_cns_midline	41984
all_dm6_minus_cns_midline	41985
all_dm6_minus_cns_midline	41986
all_dm6_minus_cns_midline	41987
all_dm6_minus_cns_midline	41988
all_dm6_minus_cns_midline	41989
all_dm6_minus_cns_midline	41990
all_dm6_minus_cns_midline	41991
all_dm6_minus_cns_midline	41992
all_dm6_minus_cns_midline	41993
all_dm6_minus_cns_midline	41994
all_dm6_minus_cns_midline	41995
all_dm6_minus_cns_midline	41996
all_dm6_minus_cns_midline	42000
all_dm6_minus_cns_midline	42001
all_dm6_minus_cns_midline	42002
all_dm6_minus_cns_midline	42003
all_dm6_minus_cns_midline	42004
all_dm6_minus_cns_midline	42005
all_dm6_minus_cns_midline	42006
all_dm6_minus_cns_midline	42007
all_dm6_minus_cns_midline	42008
all_dm6_minus_cns_midline	42013
all_dm6_minus_cns_midline	42014
all_dm6_minus_cns_midline	42015
all_dm6_minus_cns_midline	42016
all_dm6_minus_cns_midline	42017
all_dm6_minus_cns_midline	42018
all_dm6_minus_cns_midline	42019
all_dm6_minus_cns_midline	42020
all_dm6_minus_cns_midline	42021
all_dm6_minus_cns_midline	42022
all_dm6_minus_cns_midline	42023
all_dm6_minus_cns_midline	42024
all_dm6_minus_cns_midline	42025
all_dm6_minus_cns_midline	42026
all_dm6_minus_cns_midline	42027
all_dm6_minus_cns_midline	42028
all_dm6_minus_cns_midline	42029
all_dm6_minus_cns_midline	42030
all_dm6_minus_cns_midline	42031
all_dm6_minus_cns_midline	42032
all_dm6_minus_cns_midline	42034
all_dm6_minus_cns_midline	42036
all_dm6_minus_cns_midline	42037
all_dm6_minus_cns_midline	42041
all_dm6_minus_cns_midline	42043
all_dm6_minus_cns_midline	42044
all_dm6_minus_cns_midline	42045
all_dm6_minus_cns_midline	42046
all_dm6_minus_cns_midline	42047
all_dm6_minus_cns_midline	42048
all_dm6_minus_cns_midline	42049
all_dm6_minus_cns_midline	42050
all_dm6_minus_cns_midline	42051
all_dm6_minus_cns_midline	42053
all_dm6_minus_cns_midline	42054
all_dm6_minus_cns_midline	42055
all_dm6_minus_cns_midline	42056
all_dm6_minus_cns_midline	42057
all_dm6_minus_cns_midline	42058
all_dm6_minus_cns_midline	42059
all_dm6_minus_cns_midline	42060
all_dm6_minus_cns_midline	42061
all_dm6_minus_cns_midline	42062
all_dm6_minus_cns_midline	42063
all_dm6_minus_cns_midline	42064
all_dm6_minus_cns_midline	42065
all_dm6_minus_cns_midline	42066
all_dm6_minus_cns_midline	42067
all_dm6_minus_cns_midline	42068
all_dm6_minus_cns_midline	42069
all_dm6_minus_cns_midline	42070
all_dm6_minus_cns_midline	42071
all_dm6_minus_cns_midline	42072
all_dm6_minus_cns_midline	42073
all_dm6_minus_cns_midline	42074
all_dm6_minus_cns_midline	42075
all_dm6_minus_cns_midline	42076
all_dm6_minus_cns_midline	42077
all_dm6_minus_cns_midline	42078
all_dm6_minus_cns_midline	42079
all_dm6_minus_cns_midline	42080
all_dm6_minus_cns_midline	42082
all_dm6_minus_cns_midline	42084
all_dm6_minus_cns_midline	42086
all_dm6_minus_cns_midline	42087
all_dm6_minus_cns_midline	42089
all_dm6_minus_cns_midline	42091
all_dm6_minus_cns_midline	42092
all_dm6_minus_cns_midline	42093
all_dm6_minus_cns_midline	42094
all_dm6_minus_cns_midline	42095
all_dm6_minus_cns_midline	42096
all_dm6_minus_cns_midline	42097
all_dm6_minus_cns_midline	42098
all_dm6_minus_cns_midline	42099
all_dm6_minus_cns_midline	42100
all_dm6_minus_cns_midline	42101
all_dm6_minus_cns_midline	42102
all_dm6_minus_cns_midline	42103
all_dm6_minus_cns_midline	42105
all_dm6_minus_cns_midline	42106
all_dm6_minus_cns_midline	42109
all_dm6_minus_cns_midline	42110
all_dm6_minus_cns_midline	42113
all_dm6_minus_cns_midline	42114
all_dm6_minus_cns_midline	42115
all_dm6_minus_cns_midline	42116
all_dm6_minus_cns_midline	42117
all_dm6_minus_cns_midline	42118
all_dm6_minus_cns_midline	42119
all_dm6_minus_cns_midline	42120
all_dm6_minus_cns_midline	42121
all_dm6_minus_cns_midline	42122
all_dm6_minus_cns_midline	42123
all_dm6_minus_cns_midline	42124
all_dm6_minus_cns_midline	42125
all_dm6_minus_cns_midline	42126
all_dm6_minus_cns_midline	42127
all_dm6_minus_cns_midline	42128
all_dm6_minus_cns_midline	42129
all_dm6_minus_cns_midline	42130
all_dm6_minus_cns_midline	42131
all_dm6_minus_cns_midline	42132
all_dm6_minus_cns_midline	42133
all_dm6_minus_cns_midline	42134
all_dm6_minus_cns_midline	42135
all_dm6_minus_cns_midline	42136
all_dm6_minus_cns_midline	42137
all_dm6_minus_cns_midline	42139
all_dm6_minus_cns_midline	42141
all_dm6_minus_cns_midline	42142
all_dm6_minus_cns_midline	42143
all_dm6_minus_cns_midline	42144
all_dm6_minus_cns_midline	42145
all_dm6_minus_cns_midline	42146
all_dm6_minus_cns_midline	42148
all_dm6_minus_cns_midline	42150
all_dm6_minus_cns_midline	42152
all_dm6_minus_cns_midline	42158
all_dm6_minus_cns_midline	42159
all_dm6_minus_cns_midline	42160
all_dm6_minus_cns_midline	42161
all_dm6_minus_cns_midline	42162
all_dm6_minus_cns_midline	42163
all_dm6_minus_cns_midline	42164
all_dm6_minus_cns_midline	42165
all_dm6_minus_cns_midline	42166
all_dm6_minus_cns_midline	42169
all_dm6_minus_cns_midline	42171
all_dm6_minus_cns_midline	42172
all_dm6_minus_cns_midline	42173
all_dm6_minus_cns_midline	42174
all_dm6_minus_cns_midline	42175
all_dm6_minus_cns_midline	42176
all_dm6_minus_cns_midline	42177
all_dm6_minus_cns_midline	42178
all_dm6_minus_cns_midline	42180
all_dm6_minus_cns_midline	42181
all_dm6_minus_cns_midline	42182
all_dm6_minus_cns_midline	42184
all_dm6_minus_cns_midline	42185
all_dm6_minus_cns_midline	42186
all_dm6_minus_cns_midline	42187
all_dm6_minus_cns_midline	42188
all_dm6_minus_cns_midline	42189
all_dm6_minus_cns_midline	42191
all_dm6_minus_cns_midline	42192
all_dm6_minus_cns_midline	42194
all_dm6_minus_cns_midline	42195
all_dm6_minus_cns_midline	42196
all_dm6_minus_cns_midline	42197
all_dm6_minus_cns_midline	42199
all_dm6_minus_cns_midline	42201
all_dm6_minus_cns_midline	42202
all_dm6_minus_cns_midline	42203
all_dm6_minus_cns_midline	42206
all_dm6_minus_cns_midline	42207
all_dm6_minus_cns_midline	42208
all_dm6_minus_cns_midline	42209
all_dm6_minus_cns_midline	42210
all_dm6_minus_cns_midline	42211
all_dm6_minus_cns_midline	42212
all_dm6_minus_cns_midline	42213
all_dm6_minus_cns_midline	42214
all_dm6_minus_cns_midline	42215
all_dm6_minus_cns_midline	42216
all_dm6_minus_cns_midline	42218
all_dm6_minus_cns_midline	42220
all_dm6_minus_cns_midline	42221
all_dm6_minus_cns_midline	42222
all_dm6_minus_cns_midline	42226
all_dm6_minus_cns_midline	42228
all_dm6_minus_cns_midline	42230
all_dm6_minus_cns_midline	42232
all_dm6_minus_cns_midline	42233
all_dm6_minus_cns_midline	42234
all_dm6_minus_cns_midline	42235
all_dm6_minus_cns_midline	42236
all_dm6_minus_cns_midline	42237
all_dm6_minus_cns_midline	42239
all_dm6_minus_cns_midline	42240
all_dm6_minus_cns_midline	42242
all_dm6_minus_cns_midline	42243
all_dm6_minus_cns_midline	42244
all_dm6_minus_cns_midline	42245
all_dm6_minus_cns_midline	42246
all_dm6_minus_cns_midline	42248
all_dm6_minus_cns_midline	42249
all_dm6_minus_cns_midline	42250
all_dm6_minus_cns_midline	42251
all_dm6_minus_cns_midline	42252
all_dm6_minus_cns_midline	42253
all_dm6_minus_cns_midline	42254
all_dm6_minus_cns_midline	42256
all_dm6_minus_cns_midline	42257
all_dm6_minus_cns_midline	42258
all_dm6_minus_cns_midline	42259
all_dm6_minus_cns_midline	42260
all_dm6_minus_cns_midline	42261
all_dm6_minus_cns_midline	42262
all_dm6_minus_cns_midline	42264
all_dm6_minus_cns_midline	42265
all_dm6_minus_cns_midline	42266
all_dm6_minus_cns_midline	42267
all_dm6_minus_cns_midline	42268
all_dm6_minus_cns_midline	42269
all_dm6_minus_cns_midline	42271
all_dm6_minus_cns_midline	42272
all_dm6_minus_cns_midline	42274
all_dm6_minus_cns_midline	42279
all_dm6_minus_cns_midline	42280
all_dm6_minus_cns_midline	42281
all_dm6_minus_cns_midline	42282
all_dm6_minus_cns_midline	42283
all_dm6_minus_cns_midline	42284
all_dm6_minus_cns_midline	42285
all_dm6_minus_cns_midline	42286
all_dm6_minus_cns_midline	42287
all_dm6_minus_cns_midline	42290
all_dm6_minus_cns_midline	42291
all_dm6_minus_cns_midline	42293
all_dm6_minus_cns_midline	42294
all_dm6_minus_cns_midline	42295
all_dm6_minus_cns_midline	42296
all_dm6_minus_cns_midline	42297
all_dm6_minus_cns_midline	42299
all_dm6_minus_cns_midline	42300
all_dm6_minus_cns_midline	42301
all_dm6_minus_cns_midline	42302
all_dm6_minus_cns_midline	42303
all_dm6_minus_cns_midline	42307
all_dm6_minus_cns_midline	42308
all_dm6_minus_cns_midline	42309
all_dm6_minus_cns_midline	42310
all_dm6_minus_cns_midline	42311
all_dm6_minus_cns_midline	42312
all_dm6_minus_cns_midline	42314
all_dm6_minus_cns_midline	42315
all_dm6_minus_cns_midline	42316
all_dm6_minus_cns_midline	42318
all_dm6_minus_cns_midline	42319
all_dm6_minus_cns_midline	42320
all_dm6_minus_cns_midline	42322
all_dm6_minus_cns_midline	42323
all_dm6_minus_cns_midline	42324
all_dm6_minus_cns_midline	42325
all_dm6_minus_cns_midline	42326
all_dm6_minus_cns_midline	42327
all_dm6_minus_cns_midline	42328
all_dm6_minus_cns_midline	42333
all_dm6_minus_cns_midline	42334
all_dm6_minus_cns_midline	42335
all_dm6_minus_cns_midline	42336
all_dm6_minus_cns_midline	42337
all_dm6_minus_cns_midline	42338
all_dm6_minus_cns_midline	42339
all_dm6_minus_cns_midline	42340
all_dm6_minus_cns_midline	42341
all_dm6_minus_cns_midline	42342
all_dm6_minus_cns_midline	42343
all_dm6_minus_cns_midline	42344
all_dm6_minus_cns_midline	42345
all_dm6_minus_cns_midline	42347
all_dm6_minus_cns_midline	42348
all_dm6_minus_cns_midline	42350
all_dm6_minus_cns_midline	42351
all_dm6_minus_cns_midline	42352
all_dm6_minus_cns_midline	42353
all_dm6_minus_cns_midline	42354
all_dm6_minus_cns_midline	42355
all_dm6_minus_cns_midline	42356
all_dm6_minus_cns_midline	42357
all_dm6_minus_cns_midline	42358
all_dm6_minus_cns_midline	42359
all_dm6_minus_cns_midline	42360
all_dm6_minus_cns_midline	42361
all_dm6_minus_cns_midline	42362
all_dm6_minus_cns_midline	42363
all_dm6_minus_cns_midline	42364
all_dm6_minus_cns_midline	42366
all_dm6_minus_cns_midline	42367
all_dm6_minus_cns_midline	42368
all_dm6_minus_cns_midline	42369
all_dm6_minus_cns_midline	42370
all_dm6_minus_cns_midline	42371
all_dm6_minus_cns_midline	42373
all_dm6_minus_cns_midline	42374
all_dm6_minus_cns_midline	42375
all_dm6_minus_cns_midline	42376
all_dm6_minus_cns_midline	42377
all_dm6_minus_cns_midline	42380
all_dm6_minus_cns_midline	42381
all_dm6_minus_cns_midline	42382
all_dm6_minus_cns_midline	42385
all_dm6_minus_cns_midline	42386
all_dm6_minus_cns_midline	42387
all_dm6_minus_cns_midline	42388
all_dm6_minus_cns_midline	42389
all_dm6_minus_cns_midline	42390
all_dm6_minus_cns_midline	42391
all_dm6_minus_cns_midline	42392
all_dm6_minus_cns_midline	42393
all_dm6_minus_cns_midline	42394
all_dm6_minus_cns_midline	42396
all_dm6_minus_cns_midline	42397
all_dm6_minus_cns_midline	42398
all_dm6_minus_cns_midline	42399
all_dm6_minus_cns_midline	42400
all_dm6_minus_cns_midline	42401
all_dm6_minus_cns_midline	42402
all_dm6_minus_cns_midline	42409
all_dm6_minus_cns_midline	42410
all_dm6_minus_cns_midline	42412
all_dm6_minus_cns_midline	42413
all_dm6_minus_cns_midline	42414
all_dm6_minus_cns_midline	42415
all_dm6_minus_cns_midline	42416
all_dm6_minus_cns_midline	42421
all_dm6_minus_cns_midline	42422
all_dm6_minus_cns_midline	42423
all_dm6_minus_cns_midline	42424
all_dm6_minus_cns_midline	42425
all_dm6_minus_cns_midline	42426
all_dm6_minus_cns_midline	42428
all_dm6_minus_cns_midline	42429
all_dm6_minus_cns_midline	42431
all_dm6_minus_cns_midline	42432
all_dm6_minus_cns_midline	42433
all_dm6_minus_cns_midline	42434
all_dm6_minus_cns_midline	42435
all_dm6_minus_cns_midline	42436
all_dm6_minus_cns_midline	42437
all_dm6_minus_cns_midline	42438
all_dm6_minus_cns_midline	42439
all_dm6_minus_cns_midline	42440
all_dm6_minus_cns_midline	42443
all_dm6_minus_cns_midline	42444
all_dm6_minus_cns_midline	42445
all_dm6_minus_cns_midline	42446
all_dm6_minus_cns_midline	42447
all_dm6_minus_cns_midline	42449
all_dm6_minus_cns_midline	42450
all_dm6_minus_cns_midline	42451
all_dm6_minus_cns_midline	42452
all_dm6_minus_cns_midline	42453
all_dm6_minus_cns_midline	42454
all_dm6_minus_cns_midline	42455
all_dm6_minus_cns_midline	42456
all_dm6_minus_cns_midline	42457
all_dm6_minus_cns_midline	42462
all_dm6_minus_cns_midline	42463
all_dm6_minus_cns_midline	42465
all_dm6_minus_cns_midline	42466
all_dm6_minus_cns_midline	42467
all_dm6_minus_cns_midline	42468
all_dm6_minus_cns_midline	42469
all_dm6_minus_cns_midline	42470
all_dm6_minus_cns_midline	42471
all_dm6_minus_cns_midline	42473
all_dm6_minus_cns_midline	42474
all_dm6_minus_cns_midline	42476
all_dm6_minus_cns_midline	42477
all_dm6_minus_cns_midline	42478
all_dm6_minus_cns_midline	42481
all_dm6_minus_cns_midline	42482
all_dm6_minus_cns_midline	42483
all_dm6_minus_cns_midline	42484
all_dm6_minus_cns_midline	42485
all_dm6_minus_cns_midline	42486
all_dm6_minus_cns_midline	42487
all_dm6_minus_cns_midline	42488
all_dm6_minus_cns_midline	42489
all_dm6_minus_cns_midline	42490
all_dm6_minus_cns_midline	42491
all_dm6_minus_cns_midline	42493
all_dm6_minus_cns_midline	42494
all_dm6_minus_cns_midline	42495
all_dm6_minus_cns_midline	42496
all_dm6_minus_cns_midline	42497
all_dm6_minus_cns_midline	42498
all_dm6_minus_cns_midline	42499
all_dm6_minus_cns_midline	42500
all_dm6_minus_cns_midline	42501
all_dm6_minus_cns_midline	42502
all_dm6_minus_cns_midline	42503
all_dm6_minus_cns_midline	42504
all_dm6_minus_cns_midline	42505
all_dm6_minus_cns_midline	42506
all_dm6_minus_cns_midline	42507
all_dm6_minus_cns_midline	42508
all_dm6_minus_cns_midline	42509
all_dm6_minus_cns_midline	42510
all_dm6_minus_cns_midline	42512
all_dm6_minus_cns_midline	42513
all_dm6_minus_cns_midline	42514
all_dm6_minus_cns_midline	42517
all_dm6_minus_cns_midline	42518
all_dm6_minus_cns_midline	42519
all_dm6_minus_cns_midline	42520
all_dm6_minus_cns_midline	42521
all_dm6_minus_cns_midline	42522
all_dm6_minus_cns_midline	42523
all_dm6_minus_cns_midline	42524
all_dm6_minus_cns_midline	42525
all_dm6_minus_cns_midline	42526
all_dm6_minus_cns_midline	42527
all_dm6_minus_cns_midline	42528
all_dm6_minus_cns_midline	42529
all_dm6_minus_cns_midline	42530
all_dm6_minus_cns_midline	42531
all_dm6_minus_cns_midline	42536
all_dm6_minus_cns_midline	42537
all_dm6_minus_cns_midline	42538
all_dm6_minus_cns_midline	42539
all_dm6_minus_cns_midline	42540
all_dm6_minus_cns_midline	42541
all_dm6_minus_cns_midline	42542
all_dm6_minus_cns_midline	42543
all_dm6_minus_cns_midline	42544
all_dm6_minus_cns_midline	42545
all_dm6_minus_cns_midline	42547
all_dm6_minus_cns_midline	42548
all_dm6_minus_cns_midline	42551
all_dm6_minus_cns_midline	42552
all_dm6_minus_cns_midline	42553
all_dm6_minus_cns_midline	42554
all_dm6_minus_cns_midline	42556
all_dm6_minus_cns_midline	42557
all_dm6_minus_cns_midline	42558
all_dm6_minus_cns_midline	42560
all_dm6_minus_cns_midline	42561
all_dm6_minus_cns_midline	42562
all_dm6_minus_cns_midline	42563
all_dm6_minus_cns_midline	42568
all_dm6_minus_cns_midline	42572
all_dm6_minus_cns_midline	42573
all_dm6_minus_cns_midline	42574
all_dm6_minus_cns_midline	42575
all_dm6_minus_cns_midline	42576
all_dm6_minus_cns_midline	42577
all_dm6_minus_cns_midline	42578
all_dm6_minus_cns_midline	42579
all_dm6_minus_cns_midline	42580
all_dm6_minus_cns_midline	42581
all_dm6_minus_cns_midline	42582
all_dm6_minus_cns_midline	42583
all_dm6_minus_cns_midline	42585
all_dm6_minus_cns_midline	42586
all_dm6_minus_cns_midline	42587
all_dm6_minus_cns_midline	42588
all_dm6_minus_cns_midline	42589
all_dm6_minus_cns_midline	42590
all_dm6_minus_cns_midline	42591
all_dm6_minus_cns_midline	42592
all_dm6_minus_cns_midline	42593
all_dm6_minus_cns_midline	42594
all_dm6_minus_cns_midline	42596
all_dm6_minus_cns_midline	42597
all_dm6_minus_cns_midline	42598
all_dm6_minus_cns_midline	42599
all_dm6_minus_cns_midline	42600
all_dm6_minus_cns_midline	42601
all_dm6_minus_cns_midline	42602
all_dm6_minus_cns_midline	42606
all_dm6_minus_cns_midline	42608
all_dm6_minus_cns_midline	42609
all_dm6_minus_cns_midline	42610
all_dm6_minus_cns_midline	42611
all_dm6_minus_cns_midline	42612
all_dm6_minus_cns_midline	42613
all_dm6_minus_cns_midline	42614
all_dm6_minus_cns_midline	42615
all_dm6_minus_cns_midline	42616
all_dm6_minus_cns_midline	42617
all_dm6_minus_cns_midline	42618
all_dm6_minus_cns_midline	42619
all_dm6_minus_cns_midline	42620
all_dm6_minus_cns_midline	42621
all_dm6_minus_cns_midline	42622
all_dm6_minus_cns_midline	42624
all_dm6_minus_cns_midline	42625
all_dm6_minus_cns_midline	42626
all_dm6_minus_cns_midline	42627
all_dm6_minus_cns_midline	42628
all_dm6_minus_cns_midline	42629
all_dm6_minus_cns_midline	42630
all_dm6_minus_cns_midline	42632
all_dm6_minus_cns_midline	42634
all_dm6_minus_cns_midline	42635
all_dm6_minus_cns_midline	42636
all_dm6_minus_cns_midline	42637
all_dm6_minus_cns_midline	42638
all_dm6_minus_cns_midline	42642
all_dm6_minus_cns_midline	42643
all_dm6_minus_cns_midline	42644
all_dm6_minus_cns_midline	42645
all_dm6_minus_cns_midline	42646
all_dm6_minus_cns_midline	42647
all_dm6_minus_cns_midline	42648
all_dm6_minus_cns_midline	42649
all_dm6_minus_cns_midline	42650
all_dm6_minus_cns_midline	42651
all_dm6_minus_cns_midline	42653
all_dm6_minus_cns_midline	42654
all_dm6_minus_cns_midline	42655
all_dm6_minus_cns_midline	42656
all_dm6_minus_cns_midline	42657
all_dm6_minus_cns_midline	42658
all_dm6_minus_cns_midline	42659
all_dm6_minus_cns_midline	42661
all_dm6_minus_cns_midline	42665
all_dm6_minus_cns_midline	42668
all_dm6_minus_cns_midline	42669
all_dm6_minus_cns_midline	42670
all_dm6_minus_cns_midline	42672
all_dm6_minus_cns_midline	42676
all_dm6_minus_cns_midline	42678
all_dm6_minus_cns_midline	42679
all_dm6_minus_cns_midline	42680
all_dm6_minus_cns_midline	42681
all_dm6_minus_cns_midline	42682
all_dm6_minus_cns_midline	42683
all_dm6_minus_cns_midline	42684
all_dm6_minus_cns_midline	42685
all_dm6_minus_cns_midline	42686
all_dm6_minus_cns_midline	42687
all_dm6_minus_cns_midline	42689
all_dm6_minus_cns_midline	42690
all_dm6_minus_cns_midline	42692
all_dm6_minus_cns_midline	42693
all_dm6_minus_cns_midline	42694
all_dm6_minus_cns_midline	42695
all_dm6_minus_cns_midline	42696
all_dm6_minus_cns_midline	42697
all_dm6_minus_cns_midline	42698
all_dm6_minus_cns_midline	42699
all_dm6_minus_cns_midline	42700
all_dm6_minus_cns_midline	42701
all_dm6_minus_cns_midline	42702
all_dm6_minus_cns_midline	42703
all_dm6_minus_cns_midline	42704
all_dm6_minus_cns_midline	42705
all_dm6_minus_cns_midline	42706
all_dm6_minus_cns_midline	42707
all_dm6_minus_cns_midline	42708
all_dm6_minus_cns_midline	42709
all_dm6_minus_cns_midline	42710
all_dm6_minus_cns_midline	42711
all_dm6_minus_cns_midline	42712
all_dm6_minus_cns_midline	42715
all_dm6_minus_cns_midline	42716
all_dm6_minus_cns_midline	42717
all_dm6_minus_cns_midline	42718
all_dm6_minus_cns_midline	42719
all_dm6_minus_cns_midline	42720
all_dm6_minus_cns_midline	42721
all_dm6_minus_cns_midline	42723
all_dm6_minus_cns_midline	42726
all_dm6_minus_cns_midline	42727
all_dm6_minus_cns_midline	42728
all_dm6_minus_cns_midline	42729
all_dm6_minus_cns_midline	42730
all_dm6_minus_cns_midline	42731
all_dm6_minus_cns_midline	42732
all_dm6_minus_cns_midline	42733
all_dm6_minus_cns_midline	42734
all_dm6_minus_cns_midline	42736
all_dm6_minus_cns_midline	42737
all_dm6_minus_cns_midline	42738
all_dm6_minus_cns_midline	42739
all_dm6_minus_cns_midline	42740
all_dm6_minus_cns_midline	42742
all_dm6_minus_cns_midline	42743
all_dm6_minus_cns_midline	42745
all_dm6_minus_cns_midline	42747
all_dm6_minus_cns_midline	42748
all_dm6_minus_cns_midline	42749
all_dm6_minus_cns_midline	42750
all_dm6_minus_cns_midline	42751
all_dm6_minus_cns_midline	42752
all_dm6_minus_cns_midline	42753
all_dm6_minus_cns_midline	42754
all_dm6_minus_cns_midline	42755
all_dm6_minus_cns_midline	42756
all_dm6_minus_cns_midline	42758
all_dm6_minus_cns_midline	42759
all_dm6_minus_cns_midline	42761
all_dm6_minus_cns_midline	42762
all_dm6_minus_cns_midline	42763
all_dm6_minus_cns_midline	42764
all_dm6_minus_cns_midline	42765
all_dm6_minus_cns_midline	42766
all_dm6_minus_cns_midline	42767
all_dm6_minus_cns_midline	42768
all_dm6_minus_cns_midline	42769
all_dm6_minus_cns_midline	42770
all_dm6_minus_cns_midline	42772
all_dm6_minus_cns_midline	42773
all_dm6_minus_cns_midline	42774
all_dm6_minus_cns_midline	42775
all_dm6_minus_cns_midline	42776
all_dm6_minus_cns_midline	42777
all_dm6_minus_cns_midline	42778
all_dm6_minus_cns_midline	42780
all_dm6_minus_cns_midline	42781
all_dm6_minus_cns_midline	42782
all_dm6_minus_cns_midline	42783
all_dm6_minus_cns_midline	42789
all_dm6_minus_cns_midline	42790
all_dm6_minus_cns_midline	42791
all_dm6_minus_cns_midline	42793
all_dm6_minus_cns_midline	42794
all_dm6_minus_cns_midline	42795
all_dm6_minus_cns_midline	42796
all_dm6_minus_cns_midline	42797
all_dm6_minus_cns_midline	42798
all_dm6_minus_cns_midline	42799
all_dm6_minus_cns_midline	42800
all_dm6_minus_cns_midline	42801
all_dm6_minus_cns_midline	42802
all_dm6_minus_cns_midline	42803
all_dm6_minus_cns_midline	42804
all_dm6_minus_cns_midline	42805
all_dm6_minus_cns_midline	42806
all_dm6_minus_cns_midline	42808
all_dm6_minus_cns_midline	42809
all_dm6_minus_cns_midline	42810
all_dm6_minus_cns_midline	42811
all_dm6_minus_cns_midline	42812
all_dm6_minus_cns_midline	42813
all_dm6_minus_cns_midline	42814
all_dm6_minus_cns_midline	42816
all_dm6_minus_cns_midline	42817
all_dm6_minus_cns_midline	42819
all_dm6_minus_cns_midline	42820
all_dm6_minus_cns_midline	42821
all_dm6_minus_cns_midline	42822
all_dm6_minus_cns_midline	42823
all_dm6_minus_cns_midline	42824
all_dm6_minus_cns_midline	42825
all_dm6_minus_cns_midline	42826
all_dm6_minus_cns_midline	42827
all_dm6_minus_cns_midline	42828
all_dm6_minus_cns_midline	42829
all_dm6_minus_cns_midline	42830
all_dm6_minus_cns_midline	42831
all_dm6_minus_cns_midline	42832
all_dm6_minus_cns_midline	42833
all_dm6_minus_cns_midline	42834
all_dm6_minus_cns_midline	42835
all_dm6_minus_cns_midline	42836
all_dm6_minus_cns_midline	42838
all_dm6_minus_cns_midline	42839
all_dm6_minus_cns_midline	42840
all_dm6_minus_cns_midline	42841
all_dm6_minus_cns_midline	42842
all_dm6_minus_cns_midline	42844
all_dm6_minus_cns_midline	42845
all_dm6_minus_cns_midline	42846
all_dm6_minus_cns_midline	42848
all_dm6_minus_cns_midline	42849
all_dm6_minus_cns_midline	42850
all_dm6_minus_cns_midline	42851
all_dm6_minus_cns_midline	42852
all_dm6_minus_cns_midline	42853
all_dm6_minus_cns_midline	42854
all_dm6_minus_cns_midline	42855
all_dm6_minus_cns_midline	42857
all_dm6_minus_cns_midline	42858
all_dm6_minus_cns_midline	42859
all_dm6_minus_cns_midline	42860
all_dm6_minus_cns_midline	42861
all_dm6_minus_cns_midline	42862
all_dm6_minus_cns_midline	42863
all_dm6_minus_cns_midline	42864
all_dm6_minus_cns_midline	42865
all_dm6_minus_cns_midline	42866
all_dm6_minus_cns_midline	42867
all_dm6_minus_cns_midline	42869
all_dm6_minus_cns_midline	42870
all_dm6_minus_cns_midline	42871
all_dm6_minus_cns_midline	42872
all_dm6_minus_cns_midline	42873
all_dm6_minus_cns_midline	42874
all_dm6_minus_cns_midline	42875
all_dm6_minus_cns_midline	42876
all_dm6_minus_cns_midline	42877
all_dm6_minus_cns_midline	42879
all_dm6_minus_cns_midline	42880
all_dm6_minus_cns_midline	42881
all_dm6_minus_cns_midline	42882
all_dm6_minus_cns_midline	42883
all_dm6_minus_cns_midline	42885
all_dm6_minus_cns_midline	42888
all_dm6_minus_cns_midline	42889
all_dm6_minus_cns_midline	42890
all_dm6_minus_cns_midline	42891
all_dm6_minus_cns_midline	42892
all_dm6_minus_cns_midline	42893
all_dm6_minus_cns_midline	42894
all_dm6_minus_cns_midline	42895
all_dm6_minus_cns_midline	42896
all_dm6_minus_cns_midline	42897
all_dm6_minus_cns_midline	42898
all_dm6_minus_cns_midline	42899
all_dm6_minus_cns_midline	42900
all_dm6_minus_cns_midline	42901
all_dm6_minus_cns_midline	42903
all_dm6_minus_cns_midline	42904
all_dm6_minus_cns_midline	42905
all_dm6_minus_cns_midline	42906
all_dm6_minus_cns_midline	42907
all_dm6_minus_cns_midline	42909
all_dm6_minus_cns_midline	42910
all_dm6_minus_cns_midline	42911
all_dm6_minus_cns_midline	42912
all_dm6_minus_cns_midline	42913
all_dm6_minus_cns_midline	42914
all_dm6_minus_cns_midline	42915
all_dm6_minus_cns_midline	42916
all_dm6_minus_cns_midline	42917
all_dm6_minus_cns_midline	42918
all_dm6_minus_cns_midline	42920
all_dm6_minus_cns_midline	42921
all_dm6_minus_cns_midline	42922
all_dm6_minus_cns_midline	42923
all_dm6_minus_cns_midline	42924
all_dm6_minus_cns_midline	42925
all_dm6_minus_cns_midline	42926
all_dm6_minus_cns_midline	42927
all_dm6_minus_cns_midline	42928
all_dm6_minus_cns_midline	42929
all_dm6_minus_cns_midline	42930
all_dm6_minus_cns_midline	42931
all_dm6_minus_cns_midline	42933
all_dm6_minus_cns_midline	42934
all_dm6_minus_cns_midline	42935
all_dm6_minus_cns_midline	42936
all_dm6_minus_cns_midline	42937
all_dm6_minus_cns_midline	42939
all_dm6_minus_cns_midline	42940
all_dm6_minus_cns_midline	42941
all_dm6_minus_cns_midline	42942
all_dm6_minus_cns_midline	42943
all_dm6_minus_cns_midline	42944
all_dm6_minus_cns_midline	42945
all_dm6_minus_cns_midline	42946
all_dm6_minus_cns_midline	42947
all_dm6_minus_cns_midline	42948
all_dm6_minus_cns_midline	42950
all_dm6_minus_cns_midline	42951
all_dm6_minus_cns_midline	42952
all_dm6_minus_cns_midline	42953
all_dm6_minus_cns_midline	42954
all_dm6_minus_cns_midline	42955
all_dm6_minus_cns_midline	42956
all_dm6_minus_cns_midline	42957
all_dm6_minus_cns_midline	42958
all_dm6_minus_cns_midline	42959
all_dm6_minus_cns_midline	42960
all_dm6_minus_cns_midline	42961
all_dm6_minus_cns_midline	42962
all_dm6_minus_cns_midline	42964
all_dm6_minus_cns_midline	42965
all_dm6_minus_cns_midline	42967
all_dm6_minus_cns_midline	42968
all_dm6_minus_cns_midline	42969
all_dm6_minus_cns_midline	42970
all_dm6_minus_cns_midline	42971
all_dm6_minus_cns_midline	42972
all_dm6_minus_cns_midline	42973
all_dm6_minus_cns_midline	42975
all_dm6_minus_cns_midline	42976
all_dm6_minus_cns_midline	42978
all_dm6_minus_cns_midline	42979
all_dm6_minus_cns_midline	42981
all_dm6_minus_cns_midline	42982
all_dm6_minus_cns_midline	42983
all_dm6_minus_cns_midline	42984
all_dm6_minus_cns_midline	42985
all_dm6_minus_cns_midline	42986
all_dm6_minus_cns_midline	42987
all_dm6_minus_cns_midline	42988
all_dm6_minus_cns_midline	42990
all_dm6_minus_cns_midline	42991
all_dm6_minus_cns_midline	42992
all_dm6_minus_cns_midline	42993
all_dm6_minus_cns_midline	42994
all_dm6_minus_cns_midline	42995
all_dm6_minus_cns_midline	42996
all_dm6_minus_cns_midline	42998
all_dm6_minus_cns_midline	42999
all_dm6_minus_cns_midline	43000
all_dm6_minus_cns_midline	43001
all_dm6_minus_cns_midline	43002
all_dm6_minus_cns_midline	43003
all_dm6_minus_cns_midline	43005
all_dm6_minus_cns_midline	43006
all_dm6_minus_cns_midline	43007
all_dm6_minus_cns_midline	43008
all_dm6_minus_cns_midline	43009
all_dm6_minus_cns_midline	43010
all_dm6_minus_cns_midline	43011
all_dm6_minus_cns_midline	43012
all_dm6_minus_cns_midline	43014
all_dm6_minus_cns_midline	43015
all_dm6_minus_cns_midline	43016
all_dm6_minus_cns_midline	43017
all_dm6_minus_cns_midline	43018
all_dm6_minus_cns_midline	43019
all_dm6_minus_cns_midline	43025
all_dm6_minus_cns_midline	43026
all_dm6_minus_cns_midline	43028
all_dm6_minus_cns_midline	43029
all_dm6_minus_cns_midline	43030
all_dm6_minus_cns_midline	43031
all_dm6_minus_cns_midline	43033
all_dm6_minus_cns_midline	43034
all_dm6_minus_cns_midline	43035
all_dm6_minus_cns_midline	43036
all_dm6_minus_cns_midline	43037
all_dm6_minus_cns_midline	43038
all_dm6_minus_cns_midline	43039
all_dm6_minus_cns_midline	43040
all_dm6_minus_cns_midline	43041
all_dm6_minus_cns_midline	43042
all_dm6_minus_cns_midline	43043
all_dm6_minus_cns_midline	43044
all_dm6_minus_cns_midline	43046
all_dm6_minus_cns_midline	43050
all_dm6_minus_cns_midline	43051
all_dm6_minus_cns_midline	43052
all_dm6_minus_cns_midline	43053
all_dm6_minus_cns_midline	43054
all_dm6_minus_cns_midline	43055
all_dm6_minus_cns_midline	43056
all_dm6_minus_cns_midline	43057
all_dm6_minus_cns_midline	43058
all_dm6_minus_cns_midline	43059
all_dm6_minus_cns_midline	43060
all_dm6_minus_cns_midline	43061
all_dm6_minus_cns_midline	43062
all_dm6_minus_cns_midline	43063
all_dm6_minus_cns_midline	43064
all_dm6_minus_cns_midline	43065
all_dm6_minus_cns_midline	43066
all_dm6_minus_cns_midline	43067
all_dm6_minus_cns_midline	43068
all_dm6_minus_cns_midline	43069
all_dm6_minus_cns_midline	43071
all_dm6_minus_cns_midline	43072
all_dm6_minus_cns_midline	43073
all_dm6_minus_cns_midline	43074
all_dm6_minus_cns_midline	43077
all_dm6_minus_cns_midline	43078
all_dm6_minus_cns_midline	43079
all_dm6_minus_cns_midline	43080
all_dm6_minus_cns_midline	43081
all_dm6_minus_cns_midline	43083
all_dm6_minus_cns_midline	43084
all_dm6_minus_cns_midline	43085
all_dm6_minus_cns_midline	43086
all_dm6_minus_cns_midline	43087
all_dm6_minus_cns_midline	43088
all_dm6_minus_cns_midline	43089
all_dm6_minus_cns_midline	43090
all_dm6_minus_cns_midline	43091
all_dm6_minus_cns_midline	43092
all_dm6_minus_cns_midline	43093
all_dm6_minus_cns_midline	43095
all_dm6_minus_cns_midline	43096
all_dm6_minus_cns_midline	43098
all_dm6_minus_cns_midline	43099
all_dm6_minus_cns_midline	43100
all_dm6_minus_cns_midline	43101
all_dm6_minus_cns_midline	43102
all_dm6_minus_cns_midline	43104
all_dm6_minus_cns_midline	43105
all_dm6_minus_cns_midline	43110
all_dm6_minus_cns_midline	43111
all_dm6_minus_cns_midline	43112
all_dm6_minus_cns_midline	43113
all_dm6_minus_cns_midline	43114
all_dm6_minus_cns_midline	43115
all_dm6_minus_cns_midline	43116
all_dm6_minus_cns_midline	43117
all_dm6_minus_cns_midline	43118
all_dm6_minus_cns_midline	43120
all_dm6_minus_cns_midline	43121
all_dm6_minus_cns_midline	43122
all_dm6_minus_cns_midline	43124
all_dm6_minus_cns_midline	43125
all_dm6_minus_cns_midline	43126
all_dm6_minus_cns_midline	43127
all_dm6_minus_cns_midline	43128
all_dm6_minus_cns_midline	43130
all_dm6_minus_cns_midline	43132
all_dm6_minus_cns_midline	43133
all_dm6_minus_cns_midline	43134
all_dm6_minus_cns_midline	43135
all_dm6_minus_cns_midline	43136
all_dm6_minus_cns_midline	43142
all_dm6_minus_cns_midline	43145
all_dm6_minus_cns_midline	43146
all_dm6_minus_cns_midline	43148
all_dm6_minus_cns_midline	43149
all_dm6_minus_cns_midline	43152
all_dm6_minus_cns_midline	43153
all_dm6_minus_cns_midline	43154
all_dm6_minus_cns_midline	43157
all_dm6_minus_cns_midline	43158
all_dm6_minus_cns_midline	43159
all_dm6_minus_cns_midline	43161
all_dm6_minus_cns_midline	43162
all_dm6_minus_cns_midline	43163
all_dm6_minus_cns_midline	43164
all_dm6_minus_cns_midline	43165
all_dm6_minus_cns_midline	43166
all_dm6_minus_cns_midline	43167
all_dm6_minus_cns_midline	43168
all_dm6_minus_cns_midline	43169
all_dm6_minus_cns_midline	43170
all_dm6_minus_cns_midline	43171
all_dm6_minus_cns_midline	43174
all_dm6_minus_cns_midline	43176
all_dm6_minus_cns_midline	43177
all_dm6_minus_cns_midline	43178
all_dm6_minus_cns_midline	43179
all_dm6_minus_cns_midline	43180
all_dm6_minus_cns_midline	43181
all_dm6_minus_cns_midline	43182
all_dm6_minus_cns_midline	43183
all_dm6_minus_cns_midline	43184
all_dm6_minus_cns_midline	43185
all_dm6_minus_cns_midline	43186
all_dm6_minus_cns_midline	43188
all_dm6_minus_cns_midline	43189
all_dm6_minus_cns_midline	43190
all_dm6_minus_cns_midline	43191
all_dm6_minus_cns_midline	43192
all_dm6_minus_cns_midline	43194
all_dm6_minus_cns_midline	43195
all_dm6_minus_cns_midline	43196
all_dm6_minus_cns_midline	43197
all_dm6_minus_cns_midline	43200
all_dm6_minus_cns_midline	43201
all_dm6_minus_cns_midline	43202
all_dm6_minus_cns_midline	43203
all_dm6_minus_cns_midline	43204
all_dm6_minus_cns_midline	43205
all_dm6_minus_cns_midline	43206
all_dm6_minus_cns_midline	43207
all_dm6_minus_cns_midline	43208
all_dm6_minus_cns_midline	43209
all_dm6_minus_cns_midline	43210
all_dm6_minus_cns_midline	43212
all_dm6_minus_cns_midline	43213
all_dm6_minus_cns_midline	43214
all_dm6_minus_cns_midline	43215
all_dm6_minus_cns_midline	43216
all_dm6_minus_cns_midline	43217
all_dm6_minus_cns_midline	43218
all_dm6_minus_cns_midline	43220
all_dm6_minus_cns_midline	43221
all_dm6_minus_cns_midline	43223
all_dm6_minus_cns_midline	43227
all_dm6_minus_cns_midline	43228
all_dm6_minus_cns_midline	43230
all_dm6_minus_cns_midline	43231
all_dm6_minus_cns_midline	43232
all_dm6_minus_cns_midline	43233
all_dm6_minus_cns_midline	43234
all_dm6_minus_cns_midline	43235
all_dm6_minus_cns_midline	43236
all_dm6_minus_cns_midline	43238
all_dm6_minus_cns_midline	43239
all_dm6_minus_cns_midline	43240
all_dm6_minus_cns_midline	43241
all_dm6_minus_cns_midline	43242
all_dm6_minus_cns_midline	43243
all_dm6_minus_cns_midline	43244
all_dm6_minus_cns_midline	43245
all_dm6_minus_cns_midline	43246
all_dm6_minus_cns_midline	43247
all_dm6_minus_cns_midline	43248
all_dm6_minus_cns_midline	43249
all_dm6_minus_cns_midline	43250
all_dm6_minus_cns_midline	43251
all_dm6_minus_cns_midline	43252
all_dm6_minus_cns_midline	43253
all_dm6_minus_cns_midline	43255
all_dm6_minus_cns_midline	43256
all_dm6_minus_cns_midline	43257
all_dm6_minus_cns_midline	43258
all_dm6_minus_cns_midline	43259
all_dm6_minus_cns_midline	43260
all_dm6_minus_cns_midline	43261
all_dm6_minus_cns_midline	43262
all_dm6_minus_cns_midline	43263
all_dm6_minus_cns_midline	43264
all_dm6_minus_cns_midline	43266
all_dm6_minus_cns_midline	43267
all_dm6_minus_cns_midline	43268
all_dm6_minus_cns_midline	43269
all_dm6_minus_cns_midline	43270
all_dm6_minus_cns_midline	43271
all_dm6_minus_cns_midline	43273
all_dm6_minus_cns_midline	43274
all_dm6_minus_cns_midline	43275
all_dm6_minus_cns_midline	43276
all_dm6_minus_cns_midline	43277
all_dm6_minus_cns_midline	43278
all_dm6_minus_cns_midline	43279
all_dm6_minus_cns_midline	43281
all_dm6_minus_cns_midline	43282
all_dm6_minus_cns_midline	43283
all_dm6_minus_cns_midline	43284
all_dm6_minus_cns_midline	43286
all_dm6_minus_cns_midline	43287
all_dm6_minus_cns_midline	43288
all_dm6_minus_cns_midline	43289
all_dm6_minus_cns_midline	43290
all_dm6_minus_cns_midline	43291
all_dm6_minus_cns_midline	43292
all_dm6_minus_cns_midline	43293
all_dm6_minus_cns_midline	43294
all_dm6_minus_cns_midline	43295
all_dm6_minus_cns_midline	43296
all_dm6_minus_cns_midline	43298
all_dm6_minus_cns_midline	43300
all_dm6_minus_cns_midline	43303
all_dm6_minus_cns_midline	43304
all_dm6_minus_cns_midline	43305
all_dm6_minus_cns_midline	43306
all_dm6_minus_cns_midline	43307
all_dm6_minus_cns_midline	43308
all_dm6_minus_cns_midline	43309
all_dm6_minus_cns_midline	43310
all_dm6_minus_cns_midline	43311
all_dm6_minus_cns_midline	43312
all_dm6_minus_cns_midline	43314
all_dm6_minus_cns_midline	43316
all_dm6_minus_cns_midline	43317
all_dm6_minus_cns_midline	43318
all_dm6_minus_cns_midline	43319
all_dm6_minus_cns_midline	43321
all_dm6_minus_cns_midline	43324
all_dm6_minus_cns_midline	43325
all_dm6_minus_cns_midline	43326
all_dm6_minus_cns_midline	43327
all_dm6_minus_cns_midline	43328
all_dm6_minus_cns_midline	43329
all_dm6_minus_cns_midline	43330
all_dm6_minus_cns_midline	43331
all_dm6_minus_cns_midline	43332
all_dm6_minus_cns_midline	43333
all_dm6_minus_cns_midline	43334
all_dm6_minus_cns_midline	43341
all_dm6_minus_cns_midline	43342
all_dm6_minus_cns_midline	43343
all_dm6_minus_cns_midline	43344
all_dm6_minus_cns_midline	43345
all_dm6_minus_cns_midline	43347
all_dm6_minus_cns_midline	43348
all_dm6_minus_cns_midline	43349
all_dm6_minus_cns_midline	43350
all_dm6_minus_cns_midline	43351
all_dm6_minus_cns_midline	43352
all_dm6_minus_cns_midline	43353
all_dm6_minus_cns_midline	43354
all_dm6_minus_cns_midline	43355
all_dm6_minus_cns_midline	43356
all_dm6_minus_cns_midline	43357
all_dm6_minus_cns_midline	43358
all_dm6_minus_cns_midline	43359
all_dm6_minus_cns_midline	43360
all_dm6_minus_cns_midline	43362
all_dm6_minus_cns_midline	43367
all_dm6_minus_cns_midline	43369
all_dm6_minus_cns_midline	43370
all_dm6_minus_cns_midline	43373
all_dm6_minus_cns_midline	43375
all_dm6_minus_cns_midline	43377
all_dm6_minus_cns_midline	43378
all_dm6_minus_cns_midline	43379
all_dm6_minus_cns_midline	43382
all_dm6_minus_cns_midline	43384
all_dm6_minus_cns_midline	43385
all_dm6_minus_cns_midline	43386
all_dm6_minus_cns_midline	43387
all_dm6_minus_cns_midline	43388
all_dm6_minus_cns_midline	43389
all_dm6_minus_cns_midline	43390
all_dm6_minus_cns_midline	43391
all_dm6_minus_cns_midline	43392
all_dm6_minus_cns_midline	43393
all_dm6_minus_cns_midline	43394
all_dm6_minus_cns_midline	43395
all_dm6_minus_cns_midline	43396
all_dm6_minus_cns_midline	43397
all_dm6_minus_cns_midline	43398
all_dm6_minus_cns_midline	43399
all_dm6_minus_cns_midline	43400
all_dm6_minus_cns_midline	43401
all_dm6_minus_cns_midline	43402
all_dm6_minus_cns_midline	43404
all_dm6_minus_cns_midline	43408
all_dm6_minus_cns_midline	43410
all_dm6_minus_cns_midline	43411
all_dm6_minus_cns_midline	43412
all_dm6_minus_cns_midline	43413
all_dm6_minus_cns_midline	43414
all_dm6_minus_cns_midline	43416
all_dm6_minus_cns_midline	43420
all_dm6_minus_cns_midline	43421
all_dm6_minus_cns_midline	43422
all_dm6_minus_cns_midline	43423
all_dm6_minus_cns_midline	43424
all_dm6_minus_cns_midline	43425
all_dm6_minus_cns_midline	43426
all_dm6_minus_cns_midline	43427
all_dm6_minus_cns_midline	43428
all_dm6_minus_cns_midline	43429
all_dm6_minus_cns_midline	43430
all_dm6_minus_cns_midline	43431
all_dm6_minus_cns_midline	43432
all_dm6_minus_cns_midline	43433
all_dm6_minus_cns_midline	43434
all_dm6_minus_cns_midline	43435
all_dm6_minus_cns_midline	43436
all_dm6_minus_cns_midline	43437
all_dm6_minus_cns_midline	43438
all_dm6_minus_cns_midline	43439
all_dm6_minus_cns_midline	43440
all_dm6_minus_cns_midline	43441
all_dm6_minus_cns_midline	43442
all_dm6_minus_cns_midline	43443
all_dm6_minus_cns_midline	43444
all_dm6_minus_cns_midline	43445
all_dm6_minus_cns_midline	43446
all_dm6_minus_cns_midline	43447
all_dm6_minus_cns_midline	43448
all_dm6_minus_cns_midline	43449
all_dm6_minus_cns_midline	43450
all_dm6_minus_cns_midline	43451
all_dm6_minus_cns_midline	43454
all_dm6_minus_cns_midline	43456
all_dm6_minus_cns_midline	43457
all_dm6_minus_cns_midline	43459
all_dm6_minus_cns_midline	43460
all_dm6_minus_cns_midline	43461
all_dm6_minus_cns_midline	43462
all_dm6_minus_cns_midline	43463
all_dm6_minus_cns_midline	43464
all_dm6_minus_cns_midline	43466
all_dm6_minus_cns_midline	43467
all_dm6_minus_cns_midline	43469
all_dm6_minus_cns_midline	43471
all_dm6_minus_cns_midline	43472
all_dm6_minus_cns_midline	43473
all_dm6_minus_cns_midline	43474
all_dm6_minus_cns_midline	43475
all_dm6_minus_cns_midline	43476
all_dm6_minus_cns_midline	43477
all_dm6_minus_cns_midline	43479
all_dm6_minus_cns_midline	43480
all_dm6_minus_cns_midline	43481
all_dm6_minus_cns_midline	43482
all_dm6_minus_cns_midline	43483
all_dm6_minus_cns_midline	43484
all_dm6_minus_cns_midline	43485
all_dm6_minus_cns_midline	43486
all_dm6_minus_cns_midline	43487
all_dm6_minus_cns_midline	43489
all_dm6_minus_cns_midline	43490
all_dm6_minus_cns_midline	43491
all_dm6_minus_cns_midline	43492
all_dm6_minus_cns_midline	43493
all_dm6_minus_cns_midline	43494
all_dm6_minus_cns_midline	43496
all_dm6_minus_cns_midline	43497
all_dm6_minus_cns_midline	43498
all_dm6_minus_cns_midline	43499
all_dm6_minus_cns_midline	43500
all_dm6_minus_cns_midline	43501
all_dm6_minus_cns_midline	43502
all_dm6_minus_cns_midline	43503
all_dm6_minus_cns_midline	43504
all_dm6_minus_cns_midline	43505
all_dm6_minus_cns_midline	43506
all_dm6_minus_cns_midline	43507
all_dm6_minus_cns_midline	43508
all_dm6_minus_cns_midline	43511
all_dm6_minus_cns_midline	43512
all_dm6_minus_cns_midline	43513
all_dm6_minus_cns_midline	43514
all_dm6_minus_cns_midline	43515
all_dm6_minus_cns_midline	43516
all_dm6_minus_cns_midline	43517
all_dm6_minus_cns_midline	43518
all_dm6_minus_cns_midline	43521
all_dm6_minus_cns_midline	43522
all_dm6_minus_cns_midline	43523
all_dm6_minus_cns_midline	43526
all_dm6_minus_cns_midline	43528
all_dm6_minus_cns_midline	43530
all_dm6_minus_cns_midline	43531
all_dm6_minus_cns_midline	43532
all_dm6_minus_cns_midline	43533
all_dm6_minus_cns_midline	43535
all_dm6_minus_cns_midline	43537
all_dm6_minus_cns_midline	43538
all_dm6_minus_cns_midline	43539
all_dm6_minus_cns_midline	43541
all_dm6_minus_cns_midline	43542
all_dm6_minus_cns_midline	43543
all_dm6_minus_cns_midline	43544
all_dm6_minus_cns_midline	43545
all_dm6_minus_cns_midline	43546
all_dm6_minus_cns_midline	43547
all_dm6_minus_cns_midline	43548
all_dm6_minus_cns_midline	43549
all_dm6_minus_cns_midline	43550
all_dm6_minus_cns_midline	43551
all_dm6_minus_cns_midline	43552
all_dm6_minus_cns_midline	43554
all_dm6_minus_cns_midline	43555
all_dm6_minus_cns_midline	43556
all_dm6_minus_cns_midline	43557
all_dm6_minus_cns_midline	43558
all_dm6_minus_cns_midline	43559
all_dm6_minus_cns_midline	43561
all_dm6_minus_cns_midline	43562
all_dm6_minus_cns_midline	43563
all_dm6_minus_cns_midline	43564
all_dm6_minus_cns_midline	43565
all_dm6_minus_cns_midline	43566
all_dm6_minus_cns_midline	43567
all_dm6_minus_cns_midline	43568
all_dm6_minus_cns_midline	43569
all_dm6_minus_cns_midline	43570
all_dm6_minus_cns_midline	43571
all_dm6_minus_cns_midline	43572
all_dm6_minus_cns_midline	43574
all_dm6_minus_cns_midline	43575
all_dm6_minus_cns_midline	43576
all_dm6_minus_cns_midline	43577
all_dm6_minus_cns_midline	43578
all_dm6_minus_cns_midline	43579
all_dm6_minus_cns_midline	43580
all_dm6_minus_cns_midline	43581
all_dm6_minus_cns_midline	43582
all_dm6_minus_cns_midline	43583
all_dm6_minus_cns_midline	43584
all_dm6_minus_cns_midline	43586
all_dm6_minus_cns_midline	43588
all_dm6_minus_cns_midline	43589
all_dm6_minus_cns_midline	43590
all_dm6_minus_cns_midline	43591
all_dm6_minus_cns_midline	43592
all_dm6_minus_cns_midline	43594
all_dm6_minus_cns_midline	43595
all_dm6_minus_cns_midline	43596
all_dm6_minus_cns_midline	43597
all_dm6_minus_cns_midline	43598
all_dm6_minus_cns_midline	43599
all_dm6_minus_cns_midline	43600
all_dm6_minus_cns_midline	43601
all_dm6_minus_cns_midline	43602
all_dm6_minus_cns_midline	43603
all_dm6_minus_cns_midline	43604
all_dm6_minus_cns_midline	43607
all_dm6_minus_cns_midline	43608
all_dm6_minus_cns_midline	43609
all_dm6_minus_cns_midline	43610
all_dm6_minus_cns_midline	43611
all_dm6_minus_cns_midline	43612
all_dm6_minus_cns_midline	43613
all_dm6_minus_cns_midline	43614
all_dm6_minus_cns_midline	43615
all_dm6_minus_cns_midline	43616
all_dm6_minus_cns_midline	43617
all_dm6_minus_cns_midline	43618
all_dm6_minus_cns_midline	43620
all_dm6_minus_cns_midline	43621
all_dm6_minus_cns_midline	43622
all_dm6_minus_cns_midline	43623
all_dm6_minus_cns_midline	43624
all_dm6_minus_cns_midline	43625
all_dm6_minus_cns_midline	43626
all_dm6_minus_cns_midline	43627
all_dm6_minus_cns_midline	43628
all_dm6_minus_cns_midline	43629
all_dm6_minus_cns_midline	43630
all_dm6_minus_cns_midline	43634
all_dm6_minus_cns_midline	43635
all_dm6_minus_cns_midline	43636
all_dm6_minus_cns_midline	43637
all_dm6_minus_cns_midline	43638
all_dm6_minus_cns_midline	43639
all_dm6_minus_cns_midline	43640
all_dm6_minus_cns_midline	43642
all_dm6_minus_cns_midline	43643
all_dm6_minus_cns_midline	43644
all_dm6_minus_cns_midline	43645
all_dm6_minus_cns_midline	43646
all_dm6_minus_cns_midline	43647
all_dm6_minus_cns_midline	43648
all_dm6_minus_cns_midline	43649
all_dm6_minus_cns_midline	43651
all_dm6_minus_cns_midline	43652
all_dm6_minus_cns_midline	43655
all_dm6_minus_cns_midline	43656
all_dm6_minus_cns_midline	43657
all_dm6_minus_cns_midline	43658
all_dm6_minus_cns_midline	43659
all_dm6_minus_cns_midline	43660
all_dm6_minus_cns_midline	43661
all_dm6_minus_cns_midline	43662
all_dm6_minus_cns_midline	43663
all_dm6_minus_cns_midline	43664
all_dm6_minus_cns_midline	43665
all_dm6_minus_cns_midline	43666
all_dm6_minus_cns_midline	43667
all_dm6_minus_cns_midline	43668
all_dm6_minus_cns_midline	43669
all_dm6_minus_cns_midline	43670
all_dm6_minus_cns_midline	43671
all_dm6_minus_cns_midline	43672
all_dm6_minus_cns_midline	43673
all_dm6_minus_cns_midline	43676
all_dm6_minus_cns_midline	43677
all_dm6_minus_cns_midline	43678
all_dm6_minus_cns_midline	43679
all_dm6_minus_cns_midline	43680
all_dm6_minus_cns_midline	43681
all_dm6_minus_cns_midline	43682
all_dm6_minus_cns_midline	43683
all_dm6_minus_cns_midline	43687
all_dm6_minus_cns_midline	43688
all_dm6_minus_cns_midline	43689
all_dm6_minus_cns_midline	43690
all_dm6_minus_cns_midline	43692
all_dm6_minus_cns_midline	43695
all_dm6_minus_cns_midline	43696
all_dm6_minus_cns_midline	43697
all_dm6_minus_cns_midline	43698
all_dm6_minus_cns_midline	43699
all_dm6_minus_cns_midline	43700
all_dm6_minus_cns_midline	43701
all_dm6_minus_cns_midline	43702
all_dm6_minus_cns_midline	43703
all_dm6_minus_cns_midline	43707
all_dm6_minus_cns_midline	43708
all_dm6_minus_cns_midline	43709
all_dm6_minus_cns_midline	43710
all_dm6_minus_cns_midline	43712
all_dm6_minus_cns_midline	43713
all_dm6_minus_cns_midline	43714
all_dm6_minus_cns_midline	43715
all_dm6_minus_cns_midline	43716
all_dm6_minus_cns_midline	43717
all_dm6_minus_cns_midline	43718
all_dm6_minus_cns_midline	43719
all_dm6_minus_cns_midline	43720
all_dm6_minus_cns_midline	43721
all_dm6_minus_cns_midline	43722
all_dm6_minus_cns_midline	43723
all_dm6_minus_cns_midline	43724
all_dm6_minus_cns_midline	43725
all_dm6_minus_cns_midline	43726
all_dm6_minus_cns_midline	43727
all_dm6_minus_cns_midline	43728
all_dm6_minus_cns_midline	43729
all_dm6_minus_cns_midline	43730
all_dm6_minus_cns_midline	43731
all_dm6_minus_cns_midline	43734
all_dm6_minus_cns_midline	43735
all_dm6_minus_cns_midline	43736
all_dm6_minus_cns_midline	43737
all_dm6_minus_cns_midline	43738
all_dm6_minus_cns_midline	43739
all_dm6_minus_cns_midline	43740
all_dm6_minus_cns_midline	43741
all_dm6_minus_cns_midline	43742
all_dm6_minus_cns_midline	43743
all_dm6_minus_cns_midline	43744
all_dm6_minus_cns_midline	43745
all_dm6_minus_cns_midline	43746
all_dm6_minus_cns_midline	43747
all_dm6_minus_cns_midline	43748
all_dm6_minus_cns_midline	43749
all_dm6_minus_cns_midline	43750
all_dm6_minus_cns_midline	43751
all_dm6_minus_cns_midline	43753
all_dm6_minus_cns_midline	43754
all_dm6_minus_cns_midline	43755
all_dm6_minus_cns_midline	43756
all_dm6_minus_cns_midline	43757
all_dm6_minus_cns_midline	43758
all_dm6_minus_cns_midline	43761
all_dm6_minus_cns_midline	43762
all_dm6_minus_cns_midline	43764
all_dm6_minus_cns_midline	43765
all_dm6_minus_cns_midline	43766
all_dm6_minus_cns_midline	43767
all_dm6_minus_cns_midline	43768
all_dm6_minus_cns_midline	43770
all_dm6_minus_cns_midline	43771
all_dm6_minus_cns_midline	43772
all_dm6_minus_cns_midline	43774
all_dm6_minus_cns_midline	43775
all_dm6_minus_cns_midline	43777
all_dm6_minus_cns_midline	43779
all_dm6_minus_cns_midline	43780
all_dm6_minus_cns_midline	43781
all_dm6_minus_cns_midline	43782
all_dm6_minus_cns_midline	43783
all_dm6_minus_cns_midline	43785
all_dm6_minus_cns_midline	43786
all_dm6_minus_cns_midline	43787
all_dm6_minus_cns_midline	43788
all_dm6_minus_cns_midline	43789
all_dm6_minus_cns_midline	43791
all_dm6_minus_cns_midline	43792
all_dm6_minus_cns_midline	43793
all_dm6_minus_cns_midline	43794
all_dm6_minus_cns_midline	43795
all_dm6_minus_cns_midline	43796
all_dm6_minus_cns_midline	43797
all_dm6_minus_cns_midline	43798
all_dm6_minus_cns_midline	43799
all_dm6_minus_cns_midline	43800
all_dm6_minus_cns_midline	43803
all_dm6_minus_cns_midline	43804
all_dm6_minus_cns_midline	43805
all_dm6_minus_cns_midline	43806
all_dm6_minus_cns_midline	43808
all_dm6_minus_cns_midline	43809
all_dm6_minus_cns_midline	43810
all_dm6_minus_cns_midline	43811
all_dm6_minus_cns_midline	43812
all_dm6_minus_cns_midline	43814
all_dm6_minus_cns_midline	43816
all_dm6_minus_cns_midline	43819
all_dm6_minus_cns_midline	43820
all_dm6_minus_cns_midline	43822
all_dm6_minus_cns_midline	43823
all_dm6_minus_cns_midline	43824
all_dm6_minus_cns_midline	43825
all_dm6_minus_cns_midline	43826
all_dm6_minus_cns_midline	43827
all_dm6_minus_cns_midline	43828
all_dm6_minus_cns_midline	43829
all_dm6_minus_cns_midline	43831
all_dm6_minus_cns_midline	43832
all_dm6_minus_cns_midline	43833
all_dm6_minus_cns_midline	43835
all_dm6_minus_cns_midline	43836
all_dm6_minus_cns_midline	43838
all_dm6_minus_cns_midline	43839
all_dm6_minus_cns_midline	43841
all_dm6_minus_cns_midline	43842
all_dm6_minus_cns_midline	43843
all_dm6_minus_cns_midline	43844
all_dm6_minus_cns_midline	43851
all_dm6_minus_cns_midline	43852
all_dm6_minus_cns_midline	43856
all_dm6_minus_cns_midline	43860
all_dm6_minus_cns_midline	43862
all_dm6_minus_cns_midline	43864
all_dm6_minus_cns_midline	43867
all_dm6_minus_cns_midline	43869
all_dm6_minus_cns_midline	43870
all_dm6_minus_cns_midline	43872
all_dm6_minus_cns_midline	43873
all_dm6_minus_cns_midline	43880
all_dm6_minus_cns_midline	43881
all_dm6_minus_cns_midline	43882
all_dm6_minus_cns_midline	43883
all_dm6_minus_cns_midline	43884
all_dm6_minus_cns_midline	43885
all_dm6_minus_cns_midline	43886
all_dm6_minus_cns_midline	43888
all_dm6_minus_cns_midline	43889
all_dm6_minus_cns_midline	43890
all_dm6_minus_cns_midline	43891
all_dm6_minus_cns_midline	43892
all_dm6_minus_cns_midline	43895
all_dm6_minus_cns_midline	43897
all_dm6_minus_cns_midline	43898
all_dm6_minus_cns_midline	43900
all_dm6_minus_cns_midline	43901
all_dm6_minus_cns_midline	43904
all_dm6_minus_cns_midline	43905
all_dm6_minus_cns_midline	43906
all_dm6_minus_cns_midline	43907
all_dm6_minus_cns_midline	43908
all_dm6_minus_cns_midline	43911
all_dm6_minus_cns_midline	43912
all_dm6_minus_cns_midline	43913
all_dm6_minus_cns_midline	43914
all_dm6_minus_cns_midline	43916
all_dm6_minus_cns_midline	43918
all_dm6_minus_cns_midline	43919
all_dm6_minus_cns_midline	43923
all_dm6_minus_cns_midline	43924
all_dm6_minus_cns_midline	43926
all_dm6_minus_cns_midline	43927
all_dm6_minus_cns_midline	43928
all_dm6_minus_cns_midline	43932
all_dm6_minus_cns_midline	43934
all_dm6_minus_cns_midline	43935
all_dm6_minus_cns_midline	43936
all_dm6_minus_cns_midline	43938
all_dm6_minus_cns_midline	43940
all_dm6_minus_cns_midline	43943
all_dm6_minus_cns_midline	43944
all_dm6_minus_cns_midline	43946
all_dm6_minus_cns_midline	43947
all_dm6_minus_cns_midline	43949
all_dm6_minus_cns_midline	43950
all_dm6_minus_cns_midline	43951
all_dm6_minus_cns_midline	43952
all_dm6_minus_cns_midline	43953
all_dm6_minus_cns_midline	43955
all_dm6_minus_cns_midline	43956
all_dm6_minus_cns_midline	43958
all_dm6_minus_cns_midline	43960
all_dm6_minus_cns_midline	43972
all_dm6_minus_cns_midline	43973
all_dm6_minus_cns_midline	43974
all_dm6_minus_cns_midline	43978
all_dm6_minus_cns_midline	43980
all_dm6_minus_cns_midline	43981
all_dm6_minus_cns_midline	43982
all_dm6_minus_cns_midline	43984
all_dm6_minus_cns_midline	43986
all_dm6_minus_cns_midline	43988
all_dm6_minus_cns_midline	43989
all_dm6_minus_cns_midline	43990
all_dm6_minus_cns_midline	43991
all_dm6_minus_cns_midline	43997
all_dm6_minus_cns_midline	44000
all_dm6_minus_cns_midline	44001
all_dm6_minus_cns_midline	44002
all_dm6_minus_cns_midline	44005
all_dm6_minus_cns_midline	44006
all_dm6_minus_cns_midline	44007
all_dm6_minus_cns_midline	44008
all_dm6_minus_cns_midline	44009
all_dm6_minus_cns_midline	44010
all_dm6_minus_cns_midline	44011
all_dm6_minus_cns_midline	44012
all_dm6_minus_cns_midline	44014
all_dm6_minus_cns_midline	44015
all_dm6_minus_cns_midline	44017
all_dm6_minus_cns_midline	44019
all_dm6_minus_cns_midline	44020
all_dm6_minus_cns_midline	44021
all_dm6_minus_cns_midline	44025
all_dm6_minus_cns_midline	44027
all_dm6_minus_cns_midline	44029
all_dm6_minus_cns_midline	44030
all_dm6_minus_cns_midline	44033
all_dm6_minus_cns_midline	44034
all_dm6_minus_cns_midline	44035
all_dm6_minus_cns_midline	44038
all_dm6_minus_cns_midline	44039
all_dm6_minus_cns_midline	44041
all_dm6_minus_cns_midline	44043
all_dm6_minus_cns_midline	44044
all_dm6_minus_cns_midline	44045
all_dm6_minus_cns_midline	44046
all_dm6_minus_cns_midline	44050
all_dm6_minus_cns_midline	44051
all_dm6_minus_cns_midline	44052
all_dm6_minus_cns_midline	44054
all_dm6_minus_cns_midline	44055
all_dm6_minus_cns_midline	44056
all_dm6_minus_cns_midline	44058
all_dm6_minus_cns_midline	44063
all_dm6_minus_cns_midline	44064
all_dm6_minus_cns_midline	44066
all_dm6_minus_cns_midline	44067
all_dm6_minus_cns_midline	44074
all_dm6_minus_cns_midline	44079
all_dm6_minus_cns_midline	44082
all_dm6_minus_cns_midline	44083
all_dm6_minus_cns_midline	44084
all_dm6_minus_cns_midline	44086
all_dm6_minus_cns_midline	44088
all_dm6_minus_cns_midline	44090
all_dm6_minus_cns_midline	44094
all_dm6_minus_cns_midline	44096
all_dm6_minus_cns_midline	44097
all_dm6_minus_cns_midline	44098
all_dm6_minus_cns_midline	44099
all_dm6_minus_cns_midline	44100
all_dm6_minus_cns_midline	44104
all_dm6_minus_cns_midline	44105
all_dm6_minus_cns_midline	44108
all_dm6_minus_cns_midline	44109
all_dm6_minus_cns_midline	44110
all_dm6_minus_cns_midline	44111
all_dm6_minus_cns_midline	44115
all_dm6_minus_cns_midline	44117
all_dm6_minus_cns_midline	44118
all_dm6_minus_cns_midline	44120
all_dm6_minus_cns_midline	44121
all_dm6_minus_cns_midline	44122
all_dm6_minus_cns_midline	44123
all_dm6_minus_cns_midline	44125
all_dm6_minus_cns_midline	44126
all_dm6_minus_cns_midline	44128
all_dm6_minus_cns_midline	44131
all_dm6_minus_cns_midline	44132
all_dm6_minus_cns_midline	44133
all_dm6_minus_cns_midline	44134
all_dm6_minus_cns_midline	44135
all_dm6_minus_cns_midline	44136
all_dm6_minus_cns_midline	44137
all_dm6_minus_cns_midline	44141
all_dm6_minus_cns_midline	44142
all_dm6_minus_cns_midline	44143
all_dm6_minus_cns_midline	44146
all_dm6_minus_cns_midline	44147
all_dm6_minus_cns_midline	44148
all_dm6_minus_cns_midline	44149
all_dm6_minus_cns_midline	44150
all_dm6_minus_cns_midline	44154
all_dm6_minus_cns_midline	44155
all_dm6_minus_cns_midline	44160
all_dm6_minus_cns_midline	44164
all_dm6_minus_cns_midline	44166
all_dm6_minus_cns_midline	44167
all_dm6_minus_cns_midline	44170
all_dm6_minus_cns_midline	44172
all_dm6_minus_cns_midline	44173
all_dm6_minus_cns_midline	44180
all_dm6_minus_cns_midline	44181
all_dm6_minus_cns_midline	44183
all_dm6_minus_cns_midline	44187
all_dm6_minus_cns_midline	44189
all_dm6_minus_cns_midline	44190
all_dm6_minus_cns_midline	44191
all_dm6_minus_cns_midline	44192
all_dm6_minus_cns_midline	44193
all_dm6_minus_cns_midline	44195
all_dm6_minus_cns_midline	44196
all_dm6_minus_cns_midline	44197
all_dm6_minus_cns_midline	44199
all_dm6_minus_cns_midline	44200
all_dm6_minus_cns_midline	44201
all_dm6_minus_cns_midline	44202
all_dm6_minus_cns_midline	44205
all_dm6_minus_cns_midline	44206
all_dm6_minus_cns_midline	44207
all_dm6_minus_cns_midline	44218
all_dm6_minus_cns_midline	44219
all_dm6_minus_cns_midline	44224
all_dm6_minus_cns_midline	44226
all_dm6_minus_cns_midline	44228
all_dm6_minus_cns_midline	44231
all_dm6_minus_cns_midline	44233
all_dm6_minus_cns_midline	44235
all_dm6_minus_cns_midline	44238
all_dm6_minus_cns_midline	44239
all_dm6_minus_cns_midline	44241
all_dm6_minus_cns_midline	44246
all_dm6_minus_cns_midline	44247
all_dm6_minus_cns_midline	44248
all_dm6_minus_cns_midline	44249
all_dm6_minus_cns_midline	44250
all_dm6_minus_cns_midline	44251
all_dm6_minus_cns_midline	44252
all_dm6_minus_cns_midline	44257
all_dm6_minus_cns_midline	44258
all_dm6_minus_cns_midline	44259
all_dm6_minus_cns_midline	44260
all_dm6_minus_cns_midline	44261
all_dm6_minus_cns_midline	44263
all_dm6_minus_cns_midline	44266
all_dm6_minus_cns_midline	44268
all_dm6_minus_cns_midline	44269
all_dm6_minus_cns_midline	44270
all_dm6_minus_cns_midline	44271
all_dm6_minus_cns_midline	44272
all_dm6_minus_cns_midline	44273
all_dm6_minus_cns_midline	44274
all_dm6_minus_cns_midline	44276
all_dm6_minus_cns_midline	44277
all_dm6_minus_cns_midline	44279
all_dm6_minus_cns_midline	44281
all_dm6_minus_cns_midline	44282
all_dm6_minus_cns_midline	44283
all_dm6_minus_cns_midline	44284
all_dm6_minus_cns_midline	44285
all_dm6_minus_cns_midline	44286
all_dm6_minus_cns_midline	44287
all_dm6_minus_cns_midline	44288
all_dm6_minus_cns_midline	44289
all_dm6_minus_cns_midline	44290
all_dm6_minus_cns_midline	44291
all_dm6_minus_cns_midline	44292
all_dm6_minus_cns_midline	44293
all_dm6_minus_cns_midline	44294
all_dm6_minus_cns_midline	44295
all_dm6_minus_cns_midline	44296
all_dm6_minus_cns_midline	44297
all_dm6_minus_cns_midline	44299
all_dm6_minus_cns_midline	44301
all_dm6_minus_cns_midline	44302
all_dm6_minus_cns_midline	44304
all_dm6_minus_cns_midline	44305
all_dm6_minus_cns_midline	44307
all_dm6_minus_cns_midline	44309
all_dm6_minus_cns_midline	44310
all_dm6_minus_cns_midline	44311
all_dm6_minus_cns_midline	44312
all_dm6_minus_cns_midline	44313
all_dm6_minus_cns_midline	44315
all_dm6_minus_cns_midline	44319
all_dm6_minus_cns_midline	44323
all_dm6_minus_cns_midline	44324
all_dm6_minus_cns_midline	44325
all_dm6_minus_cns_midline	44326
all_dm6_minus_cns_midline	44331
all_dm6_minus_cns_midline	44333
all_dm6_minus_cns_midline	44334
all_dm6_minus_cns_midline	44335
all_dm6_minus_cns_midline	44336
all_dm6_minus_cns_midline	44337
all_dm6_minus_cns_midline	44338
all_dm6_minus_cns_midline	44339
all_dm6_minus_cns_midline	44340
all_dm6_minus_cns_midline	44341
all_dm6_minus_cns_midline	44343
all_dm6_minus_cns_midline	44345
all_dm6_minus_cns_midline	44346
all_dm6_minus_cns_midline	44349
all_dm6_minus_cns_midline	44351
all_dm6_minus_cns_midline	44352
all_dm6_minus_cns_midline	44353
all_dm6_minus_cns_midline	44354
all_dm6_minus_cns_midline	44355
all_dm6_minus_cns_midline	44356
all_dm6_minus_cns_midline	44357
all_dm6_minus_cns_midline	44358
all_dm6_minus_cns_midline	44359
all_dm6_minus_cns_midline	44360
all_dm6_minus_cns_midline	44363
all_dm6_minus_cns_midline	44364
all_dm6_minus_cns_midline	44367
all_dm6_minus_cns_midline	44369
all_dm6_minus_cns_midline	44377
all_dm6_minus_cns_midline	44378
all_dm6_minus_cns_midline	44379
all_dm6_minus_cns_midline	44380
all_dm6_minus_cns_midline	44381
all_dm6_minus_cns_midline	44382
all_dm6_minus_cns_midline	44385
all_dm6_minus_cns_midline	44387
all_dm6_minus_cns_midline	44388
all_dm6_minus_cns_midline	44389
all_dm6_minus_cns_midline	44390
all_dm6_minus_cns_midline	44391
all_dm6_minus_cns_midline	44392
all_dm6_minus_cns_midline	44393
all_dm6_minus_cns_midline	44394
all_dm6_minus_cns_midline	44395
all_dm6_minus_cns_midline	44396
all_dm6_minus_cns_midline	44397
all_dm6_minus_cns_midline	44398
all_dm6_minus_cns_midline	44399
all_dm6_minus_cns_midline	44400
all_dm6_minus_cns_midline	44401
all_dm6_minus_cns_midline	44402
all_dm6_minus_cns_midline	44409
all_dm6_minus_cns_midline	44410
all_dm6_minus_cns_midline	44411
all_dm6_minus_cns_midline	44412
all_dm6_minus_cns_midline	44413
all_dm6_minus_cns_midline	44414
all_dm6_minus_cns_midline	44415
all_dm6_minus_cns_midline	44416
all_dm6_minus_cns_midline	44417
all_dm6_minus_cns_midline	44418
all_dm6_minus_cns_midline	44419
all_dm6_minus_cns_midline	44420
all_dm6_minus_cns_midline	44421
all_dm6_minus_cns_midline	44422
all_dm6_minus_cns_midline	44423
all_dm6_minus_cns_midline	44424
all_dm6_minus_cns_midline	44425
all_dm6_minus_cns_midline	44426
all_dm6_minus_cns_midline	44427
all_dm6_minus_cns_midline	44428
all_dm6_minus_cns_midline	44431
all_dm6_minus_cns_midline	44432
all_dm6_minus_cns_midline	44433
all_dm6_minus_cns_midline	44437
all_dm6_minus_cns_midline	44438
all_dm6_minus_cns_midline	44441
all_dm6_minus_cns_midline	44446
all_dm6_minus_cns_midline	44448
all_dm6_minus_cns_midline	44451
all_dm6_minus_cns_midline	44474
all_dm6_minus_cns_midline	44481
all_dm6_minus_cns_midline	44482
all_dm6_minus_cns_midline	44483
all_dm6_minus_cns_midline	44484
all_dm6_minus_cns_midline	44498
all_dm6_minus_cns_midline	44501
all_dm6_minus_cns_midline	44502
all_dm6_minus_cns_midline	44503
all_dm6_minus_cns_midline	44505
all_dm6_minus_cns_midline	44506
all_dm6_minus_cns_midline	44509
all_dm6_minus_cns_midline	44510
all_dm6_minus_cns_midline	44511
all_dm6_minus_cns_midline	44513
all_dm6_minus_cns_midline	44514
all_dm6_minus_cns_midline	44518
all_dm6_minus_cns_midline	44519
all_dm6_minus_cns_midline	44520
all_dm6_minus_cns_midline	44521
all_dm6_minus_cns_midline	44522
all_dm6_minus_cns_midline	44524
all_dm6_minus_cns_midline	44525
all_dm6_minus_cns_midline	44527
all_dm6_minus_cns_midline	44528
all_dm6_minus_cns_midline	44530
all_dm6_minus_cns_midline	44531
all_dm6_minus_cns_midline	44534
all_dm6_minus_cns_midline	44535
all_dm6_minus_cns_midline	44537
all_dm6_minus_cns_midline	44538
all_dm6_minus_cns_midline	44539
all_dm6_minus_cns_midline	44542
all_dm6_minus_cns_midline	44543
all_dm6_minus_cns_midline	44544
all_dm6_minus_cns_midline	44545
all_dm6_minus_cns_midline	44546
all_dm6_minus_cns_midline	44548
all_dm6_minus_cns_midline	44549
all_dm6_minus_cns_midline	44550
all_dm6_minus_cns_midline	44551
all_dm6_minus_cns_midline	44552
all_dm6_minus_cns_midline	44554
all_dm6_minus_cns_midline	44566
all_dm6_minus_cns_midline	44567
all_dm6_minus_cns_midline	44573
all_dm6_minus_cns_midline	44585
all_dm6_minus_cns_midline	44586
all_dm6_minus_cns_midline	44587
all_dm6_minus_cns_midline	44588
all_dm6_minus_cns_midline	44589
all_dm6_minus_cns_midline	44590
all_dm6_minus_cns_midline	44591
all_dm6_minus_cns_midline	44592
all_dm6_minus_cns_midline	44593
all_dm6_minus_cns_midline	44594
all_dm6_minus_cns_midline	44595
all_dm6_minus_cns_midline	44596
all_dm6_minus_cns_midline	44597
all_dm6_minus_cns_midline	44598
all_dm6_minus_cns_midline	44599
all_dm6_minus_cns_midline	44601
all_dm6_minus_cns_midline	44602
all_dm6_minus_cns_midline	44603
all_dm6_minus_cns_midline	44604
all_dm6_minus_cns_midline	44605
all_dm6_minus_cns_midline	44606
all_dm6_minus_cns_midline	44607
all_dm6_minus_cns_midline	44608
all_dm6_minus_cns_midline	44609
all_dm6_minus_cns_midline	44610
all_dm6_minus_cns_midline	44611
all_dm6_minus_cns_midline	44612
all_dm6_minus_cns_midline	44613
all_dm6_minus_cns_midline	44615
all_dm6_minus_cns_midline	44620
all_dm6_minus_cns_midline	44631
all_dm6_minus_cns_midline	44632
all_dm6_minus_cns_midline	44633
all_dm6_minus_cns_midline	44637
all_dm6_minus_cns_midline	44638
all_dm6_minus_cns_midline	44639
all_dm6_minus_cns_midline	44640
all_dm6_minus_cns_midline	44641
all_dm6_minus_cns_midline	44642
all_dm6_minus_cns_midline	44643
all_dm6_minus_cns_midline	44645
all_dm6_minus_cns_midline	44646
all_dm6_minus_cns_midline	44652
all_dm6_minus_cns_midline	44653
all_dm6_minus_cns_midline	44654
all_dm6_minus_cns_midline	44655
all_dm6_minus_cns_midline	44656
all_dm6_minus_cns_midline	44657
all_dm6_minus_cns_midline	44658
all_dm6_minus_cns_midline	44663
all_dm6_minus_cns_midline	44668
all_dm6_minus_cns_midline	44669
all_dm6_minus_cns_midline	44670
all_dm6_minus_cns_midline	44672
all_dm6_minus_cns_midline	44674
all_dm6_minus_cns_midline	44675
all_dm6_minus_cns_midline	44676
all_dm6_minus_cns_midline	44679
all_dm6_minus_cns_midline	44688
all_dm6_minus_cns_midline	44689
all_dm6_minus_cns_midline	44690
all_dm6_minus_cns_midline	44691
all_dm6_minus_cns_midline	44692
all_dm6_minus_cns_midline	44693
all_dm6_minus_cns_midline	44694
all_dm6_minus_cns_midline	44695
all_dm6_minus_cns_midline	44696
all_dm6_minus_cns_midline	44697
all_dm6_minus_cns_midline	44699
all_dm6_minus_cns_midline	44701
all_dm6_minus_cns_midline	44702
all_dm6_minus_cns_midline	44703
all_dm6_minus_cns_midline	44704
all_dm6_minus_cns_midline	44705
all_dm6_minus_cns_midline	44709
all_dm6_minus_cns_midline	44711
all_dm6_minus_cns_midline	44714
all_dm6_minus_cns_midline	44717
all_dm6_minus_cns_midline	44718
all_dm6_minus_cns_midline	44719
all_dm6_minus_cns_midline	44721
all_dm6_minus_cns_midline	44722
all_dm6_minus_cns_midline	44723
all_dm6_minus_cns_midline	44724
all_dm6_minus_cns_midline	44726
all_dm6_minus_cns_midline	44728
all_dm6_minus_cns_midline	44730
all_dm6_minus_cns_midline	44736
all_dm6_minus_cns_midline	44737
all_dm6_minus_cns_midline	44738
all_dm6_minus_cns_midline	44739
all_dm6_minus_cns_midline	44740
all_dm6_minus_cns_midline	44747
all_dm6_minus_cns_midline	44748
all_dm6_minus_cns_midline	44750
all_dm6_minus_cns_midline	44752
all_dm6_minus_cns_midline	44753
all_dm6_minus_cns_midline	44754
all_dm6_minus_cns_midline	44755
all_dm6_minus_cns_midline	44756
all_dm6_minus_cns_midline	44757
all_dm6_minus_cns_midline	44758
all_dm6_minus_cns_midline	44759
all_dm6_minus_cns_midline	44760
all_dm6_minus_cns_midline	44761
all_dm6_minus_cns_midline	44762
all_dm6_minus_cns_midline	44763
all_dm6_minus_cns_midline	44764
all_dm6_minus_cns_midline	44765
all_dm6_minus_cns_midline	44766
all_dm6_minus_cns_midline	44767
all_dm6_minus_cns_midline	44768
all_dm6_minus_cns_midline	44769
all_dm6_minus_cns_midline	44771
all_dm6_minus_cns_midline	44772
all_dm6_minus_cns_midline	44773
all_dm6_minus_cns_midline	44775
all_dm6_minus_cns_midline	44776
all_dm6_minus_cns_midline	44777
all_dm6_minus_cns_midline	44780
all_dm6_minus_cns_midline	44781
all_dm6_minus_cns_midline	44782
all_dm6_minus_cns_midline	44785
all_dm6_minus_cns_midline	44787
all_dm6_minus_cns_midline	44790
all_dm6_minus_cns_midline	44791
all_dm6_minus_cns_midline	44792
all_dm6_minus_cns_midline	44793
all_dm6_minus_cns_midline	44795
all_dm6_minus_cns_midline	44797
all_dm6_minus_cns_midline	44798
all_dm6_minus_cns_midline	44799
all_dm6_minus_cns_midline	44800
all_dm6_minus_cns_midline	44801
all_dm6_minus_cns_midline	44802
all_dm6_minus_cns_midline	44804
all_dm6_minus_cns_midline	44805
all_dm6_minus_cns_midline	44806
all_dm6_minus_cns_midline	44807
all_dm6_minus_cns_midline	44808
all_dm6_minus_cns_midline	44809
all_dm6_minus_cns_midline	44811
all_dm6_minus_cns_midline	44812
all_dm6_minus_cns_midline	44813
all_dm6_minus_cns_midline	44814
all_dm6_minus_cns_midline	44815
all_dm6_minus_cns_midline	44816
all_dm6_minus_cns_midline	44817
all_dm6_minus_cns_midline	44818
all_dm6_minus_cns_midline	44819
all_dm6_minus_cns_midline	44820
all_dm6_minus_cns_midline	44821
all_dm6_minus_cns_midline	44825
all_dm6_minus_cns_midline	44827
all_dm6_minus_cns_midline	44830
all_dm6_minus_cns_midline	44832
all_dm6_minus_cns_midline	44835
all_dm6_minus_cns_midline	44836
all_dm6_minus_cns_midline	44837
all_dm6_minus_cns_midline	44839
all_dm6_minus_cns_midline	44840
all_dm6_minus_cns_midline	44841
all_dm6_minus_cns_midline	44843
all_dm6_minus_cns_midline	44846
all_dm6_minus_cns_midline	44848
all_dm6_minus_cns_midline	44849
all_dm6_minus_cns_midline	44850
all_dm6_minus_cns_midline	44851
all_dm6_minus_cns_midline	44854
all_dm6_minus_cns_midline	44855
all_dm6_minus_cns_midline	44856
all_dm6_minus_cns_midline	44858
all_dm6_minus_cns_midline	44859
all_dm6_minus_cns_midline	44860
all_dm6_minus_cns_midline	44861
all_dm6_minus_cns_midline	44865
all_dm6_minus_cns_midline	44867
all_dm6_minus_cns_midline	44869
all_dm6_minus_cns_midline	44870
all_dm6_minus_cns_midline	44873
all_dm6_minus_cns_midline	44874
all_dm6_minus_cns_midline	44877
all_dm6_minus_cns_midline	44878
all_dm6_minus_cns_midline	44879
all_dm6_minus_cns_midline	44880
all_dm6_minus_cns_midline	44881
all_dm6_minus_cns_midline	44883
all_dm6_minus_cns_midline	44884
all_dm6_minus_cns_midline	44885
all_dm6_minus_cns_midline	44886
all_dm6_minus_cns_midline	44887
all_dm6_minus_cns_midline	44888
all_dm6_minus_cns_midline	44889
all_dm6_minus_cns_midline	44890
all_dm6_minus_cns_midline	44892
all_dm6_minus_cns_midline	44893
all_dm6_minus_cns_midline	44895
all_dm6_minus_cns_midline	44897
all_dm6_minus_cns_midline	44900
all_dm6_minus_cns_midline	44901
all_dm6_minus_cns_midline	44902
all_dm6_minus_cns_midline	44903
all_dm6_minus_cns_midline	44904
all_dm6_minus_cns_midline	44907
all_dm6_minus_cns_midline	44910
all_dm6_minus_cns_midline	44911
all_dm6_minus_cns_midline	44913
all_dm6_minus_cns_midline	44915
all_dm6_minus_cns_midline	44920
all_dm6_minus_cns_midline	44921
all_dm6_minus_cns_midline	44924
all_dm6_minus_cns_midline	44925
all_dm6_minus_cns_midline	44927
all_dm6_minus_cns_midline	44932
all_dm6_minus_cns_midline	44936
all_dm6_minus_cns_midline	44937
all_dm6_minus_cns_midline	44938
all_dm6_minus_cns_midline	44942
all_dm6_minus_cns_midline	44943
all_dm6_minus_cns_midline	44944
all_dm6_minus_cns_midline	44945
all_dm6_minus_cns_midline	44947
all_dm6_minus_cns_midline	44948
all_dm6_minus_cns_midline	44949
all_dm6_minus_cns_midline	44950
all_dm6_minus_cns_midline	44951
all_dm6_minus_cns_midline	44952
all_dm6_minus_cns_midline	44953
all_dm6_minus_cns_midline	44954
all_dm6_minus_cns_midline	44955
all_dm6_minus_cns_midline	44956
all_dm6_minus_cns_midline	44957
all_dm6_minus_cns_midline	44963
all_dm6_minus_cns_midline	44964
all_dm6_minus_cns_midline	44965
all_dm6_minus_cns_midline	44967
all_dm6_minus_cns_midline	44968
all_dm6_minus_cns_midline	44969
all_dm6_minus_cns_midline	44970
all_dm6_minus_cns_midline	44971
all_dm6_minus_cns_midline	44974
all_dm6_minus_cns_midline	44975
all_dm6_minus_cns_midline	44976
all_dm6_minus_cns_midline	44977
all_dm6_minus_cns_midline	44978
all_dm6_minus_cns_midline	44980
all_dm6_minus_cns_midline	44981
all_dm6_minus_cns_midline	44982
all_dm6_minus_cns_midline	45012
all_dm6_minus_cns_midline	45013
all_dm6_minus_cns_midline	45016
all_dm6_minus_cns_midline	45017
all_dm6_minus_cns_midline	45018
all_dm6_minus_cns_midline	45019
all_dm6_minus_cns_midline	45021
all_dm6_minus_cns_midline	45022
all_dm6_minus_cns_midline	45023
all_dm6_minus_cns_midline	45024
all_dm6_minus_cns_midline	45025
all_dm6_minus_cns_midline	45026
all_dm6_minus_cns_midline	45027
all_dm6_minus_cns_midline	45028
all_dm6_minus_cns_midline	45031
all_dm6_minus_cns_midline	45032
all_dm6_minus_cns_midline	45039
all_dm6_minus_cns_midline	45040
all_dm6_minus_cns_midline	45041
all_dm6_minus_cns_midline	45042
all_dm6_minus_cns_midline	45043
all_dm6_minus_cns_midline	45044
all_dm6_minus_cns_midline	45045
all_dm6_minus_cns_midline	45046
all_dm6_minus_cns_midline	45047
all_dm6_minus_cns_midline	45064
all_dm6_minus_cns_midline	45068
all_dm6_minus_cns_midline	45069
all_dm6_minus_cns_midline	45104
all_dm6_minus_cns_midline	45105
all_dm6_minus_cns_midline	45106
all_dm6_minus_cns_midline	45107
all_dm6_minus_cns_midline	45108
all_dm6_minus_cns_midline	45109
all_dm6_minus_cns_midline	45110
all_dm6_minus_cns_midline	45111
all_dm6_minus_cns_midline	45112
all_dm6_minus_cns_midline	45113
all_dm6_minus_cns_midline	45174
all_dm6_minus_cns_midline	45175
all_dm6_minus_cns_midline	45176
all_dm6_minus_cns_midline	45234
all_dm6_minus_cns_midline	45236
all_dm6_minus_cns_midline	45237
all_dm6_minus_cns_midline	45238
all_dm6_minus_cns_midline	45239
all_dm6_minus_cns_midline	45240
all_dm6_minus_cns_midline	45241
all_dm6_minus_cns_midline	45242
all_dm6_minus_cns_midline	45244
all_dm6_minus_cns_midline	45245
all_dm6_minus_cns_midline	45247
all_dm6_minus_cns_midline	45248
all_dm6_minus_cns_midline	45249
all_dm6_minus_cns_midline	45250
all_dm6_minus_cns_midline	45268
all_dm6_minus_cns_midline	45269
all_dm6_minus_cns_midline	45270
all_dm6_minus_cns_midline	45272
all_dm6_minus_cns_midline	45273
all_dm6_minus_cns_midline	45274
all_dm6_minus_cns_midline	45276
all_dm6_minus_cns_midline	45277
all_dm6_minus_cns_midline	45278
all_dm6_minus_cns_midline	45280
all_dm6_minus_cns_midline	45281
all_dm6_minus_cns_midline	45282
all_dm6_minus_cns_midline	45283
all_dm6_minus_cns_midline	45285
all_dm6_minus_cns_midline	45286
all_dm6_minus_cns_midline	45290
all_dm6_minus_cns_midline	45292
all_dm6_minus_cns_midline	45293
all_dm6_minus_cns_midline	45294
all_dm6_minus_cns_midline	45295
all_dm6_minus_cns_midline	45297
all_dm6_minus_cns_midline	45298
all_dm6_minus_cns_midline	45299
all_dm6_minus_cns_midline	45300
all_dm6_minus_cns_midline	45301
all_dm6_minus_cns_midline	45302
all_dm6_minus_cns_midline	45303
all_dm6_minus_cns_midline	45304
all_dm6_minus_cns_midline	45307
all_dm6_minus_cns_midline	45308
all_dm6_minus_cns_midline	45309
all_dm6_minus_cns_midline	45310
all_dm6_minus_cns_midline	45311
all_dm6_minus_cns_midline	45312
all_dm6_minus_cns_midline	45316
all_dm6_minus_cns_midline	45318
all_dm6_minus_cns_midline	45322
all_dm6_minus_cns_midline	45324
all_dm6_minus_cns_midline	45325
all_dm6_minus_cns_midline	45326
all_dm6_minus_cns_midline	45328
all_dm6_minus_cns_midline	45329
all_dm6_minus_cns_midline	45331
all_dm6_minus_cns_midline	45332
all_dm6_minus_cns_midline	45334
all_dm6_minus_cns_midline	45336
all_dm6_minus_cns_midline	45337
all_dm6_minus_cns_midline	45338
all_dm6_minus_cns_midline	45339
all_dm6_minus_cns_midline	45340
all_dm6_minus_cns_midline	45341
all_dm6_minus_cns_midline	45342
all_dm6_minus_cns_midline	45343
all_dm6_minus_cns_midline	45344
all_dm6_minus_cns_midline	45346
all_dm6_minus_cns_midline	45348
all_dm6_minus_cns_midline	45350
all_dm6_minus_cns_midline	45351
all_dm6_minus_cns_midline	45353
all_dm6_minus_cns_midline	45354
all_dm6_minus_cns_midline	45355
all_dm6_minus_cns_midline	45358
all_dm6_minus_cns_midline	45359
all_dm6_minus_cns_midline	45360
all_dm6_minus_cns_midline	45363
all_dm6_minus_cns_midline	45365
all_dm6_minus_cns_midline	45366
all_dm6_minus_cns_midline	45367
all_dm6_minus_cns_midline	45368
all_dm6_minus_cns_midline	45369
all_dm6_minus_cns_midline	45370
all_dm6_minus_cns_midline	45371
all_dm6_minus_cns_midline	45374
all_dm6_minus_cns_midline	45378
all_dm6_minus_cns_midline	45379
all_dm6_minus_cns_midline	45380
all_dm6_minus_cns_midline	45383
all_dm6_minus_cns_midline	45385
all_dm6_minus_cns_midline	45386
all_dm6_minus_cns_midline	45387
all_dm6_minus_cns_midline	45388
all_dm6_minus_cns_midline	45389
all_dm6_minus_cns_midline	45390
all_dm6_minus_cns_midline	45391
all_dm6_minus_cns_midline	45392
all_dm6_minus_cns_midline	45396
all_dm6_minus_cns_midline	45398
all_dm6_minus_cns_midline	45399
all_dm6_minus_cns_midline	45400
all_dm6_minus_cns_midline	45401
all_dm6_minus_cns_midline	45403
all_dm6_minus_cns_midline	45407
all_dm6_minus_cns_midline	45409
all_dm6_minus_cns_midline	45414
all_dm6_minus_cns_midline	45417
all_dm6_minus_cns_midline	45420
all_dm6_minus_cns_midline	45421
all_dm6_minus_cns_midline	45426
all_dm6_minus_cns_midline	45427
all_dm6_minus_cns_midline	45428
all_dm6_minus_cns_midline	45429
all_dm6_minus_cns_midline	45430
all_dm6_minus_cns_midline	45431
all_dm6_minus_cns_midline	45432
all_dm6_minus_cns_midline	45433
all_dm6_minus_cns_midline	45435
all_dm6_minus_cns_midline	45436
all_dm6_minus_cns_midline	45438
all_dm6_minus_cns_midline	45441
all_dm6_minus_cns_midline	45445
all_dm6_minus_cns_midline	45448
all_dm6_minus_cns_midline	45449
all_dm6_minus_cns_midline	45451
all_dm6_minus_cns_midline	45453
all_dm6_minus_cns_midline	45454
all_dm6_minus_cns_midline	45455
all_dm6_minus_cns_midline	45456
all_dm6_minus_cns_midline	45457
all_dm6_minus_cns_midline	45458
all_dm6_minus_cns_midline	45459
all_dm6_minus_cns_midline	45460
all_dm6_minus_cns_midline	45461
all_dm6_minus_cns_midline	45463
all_dm6_minus_cns_midline	45464
all_dm6_minus_cns_midline	45465
all_dm6_minus_cns_midline	45466
all_dm6_minus_cns_midline	45467
all_dm6_minus_cns_midline	45469
all_dm6_minus_cns_midline	45470
all_dm6_minus_cns_midline	45471
all_dm6_minus_cns_midline	45472
all_dm6_minus_cns_midline	45473
all_dm6_minus_cns_midline	45477
all_dm6_minus_cns_midline	45478
all_dm6_minus_cns_midline	45479
all_dm6_minus_cns_midline	45480
all_dm6_minus_cns_midline	45481
all_dm6_minus_cns_midline	45482
all_dm6_minus_cns_midline	45483
all_dm6_minus_cns_midline	45484
all_dm6_minus_cns_midline	45485
all_dm6_minus_cns_midline	45486
all_dm6_minus_cns_midline	45487
all_dm6_minus_cns_midline	45488
all_dm6_minus_cns_midline	45489
all_dm6_minus_cns_midline	45490
all_dm6_minus_cns_midline	45491
all_dm6_minus_cns_midline	45492
all_dm6_minus_cns_midline	45493
all_dm6_minus_cns_midline	45494
all_dm6_minus_cns_midline	45495
all_dm6_minus_cns_midline	45497
all_dm6_minus_cns_midline	45498
all_dm6_minus_cns_midline	45499
all_dm6_minus_cns_midline	45500
all_dm6_minus_cns_midline	45501
all_dm6_minus_cns_midline	45504
all_dm6_minus_cns_midline	45505
all_dm6_minus_cns_midline	45506
all_dm6_minus_cns_midline	45507
all_dm6_minus_cns_midline	45508
all_dm6_minus_cns_midline	45509
all_dm6_minus_cns_midline	45510
all_dm6_minus_cns_midline	45511
all_dm6_minus_cns_midline	45512
all_dm6_minus_cns_midline	45524
all_dm6_minus_cns_midline	45525
all_dm6_minus_cns_midline	45531
all_dm6_minus_cns_midline	45532
all_dm6_minus_cns_midline	45533
all_dm6_minus_cns_midline	45534
all_dm6_minus_cns_midline	45535
all_dm6_minus_cns_midline	45536
all_dm6_minus_cns_midline	45537
all_dm6_minus_cns_midline	45538
all_dm6_minus_cns_midline	45541
all_dm6_minus_cns_midline	45544
all_dm6_minus_cns_midline	45550
all_dm6_minus_cns_midline	45551
all_dm6_minus_cns_midline	45552
all_dm6_minus_cns_midline	45553
all_dm6_minus_cns_midline	45556
all_dm6_minus_cns_midline	45568
all_dm6_minus_cns_midline	45570
all_dm6_minus_cns_midline	45572
all_dm6_minus_cns_midline	45573
all_dm6_minus_cns_midline	45574
all_dm6_minus_cns_midline	45576
all_dm6_minus_cns_midline	45577
all_dm6_minus_cns_midline	45578
all_dm6_minus_cns_midline	45580
all_dm6_minus_cns_midline	45581
all_dm6_minus_cns_midline	45582
all_dm6_minus_cns_midline	45583
all_dm6_minus_cns_midline	45585
all_dm6_minus_cns_midline	45586
all_dm6_minus_cns_midline	45587
all_dm6_minus_cns_midline	45589
all_dm6_minus_cns_midline	45591
all_dm6_minus_cns_midline	45592
all_dm6_minus_cns_midline	45593
all_dm6_minus_cns_midline	45594
all_dm6_minus_cns_midline	45595
all_dm6_minus_cns_midline	45596
all_dm6_minus_cns_midline	45597
all_dm6_minus_cns_midline	45598
all_dm6_minus_cns_midline	45599
all_dm6_minus_cns_midline	45600
all_dm6_minus_cns_midline	45610
all_dm6_minus_cns_midline	45611
all_dm6_minus_cns_midline	45612
all_dm6_minus_cns_midline	45613
all_dm6_minus_cns_midline	45614
all_dm6_minus_cns_midline	45615
all_dm6_minus_cns_midline	45616
all_dm6_minus_cns_midline	45617
all_dm6_minus_cns_midline	45618
all_dm6_minus_cns_midline	45619
all_dm6_minus_cns_midline	45620
all_dm6_minus_cns_midline	45621
all_dm6_minus_cns_midline	45622
all_dm6_minus_cns_midline	45623
all_dm6_minus_cns_midline	45624
all_dm6_minus_cns_midline	45668
all_dm6_minus_cns_midline	45670
all_dm6_minus_cns_midline	45673
all_dm6_minus_cns_midline	45674
all_dm6_minus_cns_midline	45680
all_dm6_minus_cns_midline	45682
all_dm6_minus_cns_midline	45683
all_dm6_minus_cns_midline	45684
all_dm6_minus_cns_midline	45686
all_dm6_minus_cns_midline	45687
all_dm6_minus_cns_midline	45688
all_dm6_minus_cns_midline	45695
all_dm6_minus_cns_midline	45698
all_dm6_minus_cns_midline	45699
all_dm6_minus_cns_midline	45700
all_dm6_minus_cns_midline	45701
all_dm6_minus_cns_midline	45702
all_dm6_minus_cns_midline	45706
all_dm6_minus_cns_midline	45707
all_dm6_minus_cns_midline	45708
all_dm6_minus_cns_midline	45715
all_dm6_minus_cns_midline	45717
all_dm6_minus_cns_midline	45718
all_dm6_minus_cns_midline	45719
all_dm6_minus_cns_midline	45720
all_dm6_minus_cns_midline	45721
all_dm6_minus_cns_midline	45722
all_dm6_minus_cns_midline	45723
all_dm6_minus_cns_midline	45724
all_dm6_minus_cns_midline	45725
all_dm6_minus_cns_midline	45726
all_dm6_minus_cns_midline	45727
all_dm6_minus_cns_midline	45728
all_dm6_minus_cns_midline	45731
all_dm6_minus_cns_midline	45732
all_dm6_minus_cns_midline	45733
all_dm6_minus_cns_midline	45734
all_dm6_minus_cns_midline	45739
all_dm6_minus_cns_midline	45740
all_dm6_minus_cns_midline	45741
all_dm6_minus_cns_midline	45742
all_dm6_minus_cns_midline	45743
all_dm6_minus_cns_midline	45744
all_dm6_minus_cns_midline	45745
all_dm6_minus_cns_midline	45746
all_dm6_minus_cns_midline	45747
all_dm6_minus_cns_midline	45749
all_dm6_minus_cns_midline	45750
all_dm6_minus_cns_midline	45751
all_dm6_minus_cns_midline	45752
all_dm6_minus_cns_midline	45753
all_dm6_minus_cns_midline	45755
all_dm6_minus_cns_midline	45758
all_dm6_minus_cns_midline	45759
all_dm6_minus_cns_midline	45760
all_dm6_minus_cns_midline	45761
all_dm6_minus_cns_midline	45762
all_dm6_minus_cns_midline	45763
all_dm6_minus_cns_midline	45764
all_dm6_minus_cns_midline	45765
all_dm6_minus_cns_midline	45766
all_dm6_minus_cns_midline	45767
all_dm6_minus_cns_midline	45768
all_dm6_minus_cns_midline	45769
all_dm6_minus_cns_midline	45770
all_dm6_minus_cns_midline	45771
all_dm6_minus_cns_midline	45772
all_dm6_minus_cns_midline	45779
all_dm6_minus_cns_midline	45783
all_dm6_minus_cns_midline	45785
all_dm6_minus_cns_midline	45786
all_dm6_minus_cns_midline	45787
all_dm6_minus_cns_midline	45789
all_dm6_minus_cns_midline	45790
all_dm6_minus_cns_midline	45792
all_dm6_minus_cns_midline	45793
all_dm6_minus_cns_midline	45794
all_dm6_minus_cns_midline	45795
all_dm6_minus_cns_midline	45796
all_dm6_minus_cns_midline	45797
all_dm6_minus_cns_midline	45798
all_dm6_minus_cns_midline	45802
all_dm6_minus_cns_midline	45803
all_dm6_minus_cns_midline	45810
all_dm6_minus_cns_midline	45815
all_dm6_minus_cns_midline	45816
all_dm6_minus_cns_midline	45821
all_dm6_minus_cns_midline	45823
all_dm6_minus_cns_midline	45825
all_dm6_minus_cns_midline	45826
all_dm6_minus_cns_midline	45827
all_dm6_minus_cns_midline	45829
all_dm6_minus_cns_midline	45830
all_dm6_minus_cns_midline	45831
all_dm6_minus_cns_midline	45832
all_dm6_minus_cns_midline	45833
all_dm6_minus_cns_midline	45836
all_dm6_minus_cns_midline	45837
all_dm6_minus_cns_midline	45840
all_dm6_minus_cns_midline	45841
all_dm6_minus_cns_midline	45845
all_dm6_minus_cns_midline	45846
all_dm6_minus_cns_midline	45848
all_dm6_minus_cns_midline	45850
all_dm6_minus_cns_midline	45851
all_dm6_minus_cns_midline	45852
all_dm6_minus_cns_midline	45853
all_dm6_minus_cns_midline	45854
all_dm6_minus_cns_midline	45855
all_dm6_minus_cns_midline	45856
all_dm6_minus_cns_midline	45857
all_dm6_minus_cns_midline	45858
all_dm6_minus_cns_midline	45859
all_dm6_minus_cns_midline	45860
all_dm6_minus_cns_midline	45861
all_dm6_minus_cns_midline	45862
all_dm6_minus_cns_midline	45863
all_dm6_minus_cns_midline	45864
all_dm6_minus_cns_midline	45865
all_dm6_minus_cns_midline	45871
all_dm6_minus_cns_midline	45872
all_dm6_minus_cns_midline	45874
all_dm6_minus_cns_midline	45875
all_dm6_minus_cns_midline	45879
all_dm6_minus_cns_midline	45880
all_dm6_minus_cns_midline	45881
all_dm6_minus_cns_midline	45883
all_dm6_minus_cns_midline	45884
all_dm6_minus_cns_midline	45885
all_dm6_minus_cns_midline	45886
all_dm6_minus_cns_midline	45887
all_dm6_minus_cns_midline	45888
all_dm6_minus_cns_midline	45889
all_dm6_minus_cns_midline	45890
all_dm6_minus_cns_midline	45891
all_dm6_minus_cns_midline	45893
all_dm6_minus_cns_midline	45894
all_dm6_minus_cns_midline	45895
all_dm6_minus_cns_midline	45896
all_dm6_minus_cns_midline	45899
all_dm6_minus_cns_midline	45901
all_dm6_minus_cns_midline	45902
all_dm6_minus_cns_midline	45905
all_dm6_minus_cns_midline	45906
all_dm6_minus_cns_midline	45908
all_dm6_minus_cns_midline	45909
all_dm6_minus_cns_midline	45910
all_dm6_minus_cns_midline	45911
all_dm6_minus_cns_midline	45912
all_dm6_minus_cns_midline	45913
all_dm6_minus_cns_midline	45914
all_dm6_minus_cns_midline	45915
all_dm6_minus_cns_midline	45916
all_dm6_minus_cns_midline	45917
all_dm6_minus_cns_midline	45918
all_dm6_minus_cns_midline	45919
all_dm6_minus_cns_midline	45921
all_dm6_minus_cns_midline	45922
all_dm6_minus_cns_midline	45924
all_dm6_minus_cns_midline	45927
all_dm6_minus_cns_midline	45928
all_dm6_minus_cns_midline	45929
all_dm6_minus_cns_midline	45931
all_dm6_minus_cns_midline	45932
all_dm6_minus_cns_midline	45936
all_dm6_minus_cns_midline	45937
all_dm6_minus_cns_midline	45940
all_dm6_minus_cns_midline	45942
all_dm6_minus_cns_midline	45943
all_dm6_minus_cns_midline	45944
all_dm6_minus_cns_midline	45945
all_dm6_minus_cns_midline	45946
all_dm6_minus_cns_midline	45947
all_dm6_minus_cns_midline	45948
all_dm6_minus_cns_midline	45950
all_dm6_minus_cns_midline	45952
all_dm6_minus_cns_midline	45953
all_dm6_minus_cns_midline	45956
all_dm6_minus_cns_midline	45957
all_dm6_minus_cns_midline	45958
all_dm6_minus_cns_midline	45959
all_dm6_minus_cns_midline	45960
all_dm6_minus_cns_midline	45961
all_dm6_minus_cns_midline	45962
all_dm6_minus_cns_midline	45963
all_dm6_minus_cns_midline	45966
all_dm6_minus_cns_midline	45969
all_dm6_minus_cns_midline	45970
all_dm6_minus_cns_midline	45973
all_dm6_minus_cns_midline	45974
all_dm6_minus_cns_midline	45975
all_dm6_minus_cns_midline	45976
all_dm6_minus_cns_midline	45977
all_dm6_minus_cns_midline	45980
all_dm6_minus_cns_midline	45983
all_dm6_minus_cns_midline	45984
all_dm6_minus_cns_midline	45985
all_dm6_minus_cns_midline	45986
all_dm6_minus_cns_midline	45987
all_dm6_minus_cns_midline	45988
all_dm6_minus_cns_midline	45989
all_dm6_minus_cns_midline	45990
all_dm6_minus_cns_midline	45991
all_dm6_minus_cns_midline	45992
all_dm6_minus_cns_midline	45994
all_dm6_minus_cns_midline	45995
all_dm6_minus_cns_midline	45996
all_dm6_minus_cns_midline	45997
all_dm6_minus_cns_midline	45998
all_dm6_minus_cns_midline	45999
all_dm6_minus_cns_midline	46000
all_dm6_minus_cns_midline	46001
all_dm6_minus_cns_midline	46002
all_dm6_minus_cns_midline	46003
all_dm6_minus_cns_midline	46004
all_dm6_minus_cns_midline	46005
all_dm6_minus_cns_midline	46006
all_dm6_minus_cns_midline	46007
all_dm6_minus_cns_midline	46008
all_dm6_minus_cns_midline	46010
all_dm6_minus_cns_midline	46012
all_dm6_minus_cns_midline	46017
all_dm6_minus_cns_midline	46020
all_dm6_minus_cns_midline	46023
all_dm6_minus_cns_midline	46029
all_dm6_minus_cns_midline	46032
all_dm6_minus_cns_midline	46035
all_dm6_minus_cns_midline	46039
all_dm6_minus_cns_midline	46040
all_dm6_minus_cns_midline	46041
all_dm6_minus_cns_midline	46043
all_dm6_minus_cns_midline	46055
all_dm6_minus_cns_midline	46056
all_dm6_minus_cns_midline	46058
all_dm6_minus_cns_midline	46059
all_dm6_minus_cns_midline	46061
all_dm6_minus_cns_midline	46063
all_dm6_minus_cns_midline	46066
all_dm6_minus_cns_midline	46068
all_dm6_minus_cns_midline	46069
all_dm6_minus_cns_midline	46070
all_dm6_minus_cns_midline	46071
all_dm6_minus_cns_midline	46074
all_dm6_minus_cns_midline	46077
all_dm6_minus_cns_midline	46078
all_dm6_minus_cns_midline	46080
all_dm6_minus_cns_midline	46085
all_dm6_minus_cns_midline	46087
all_dm6_minus_cns_midline	46090
all_dm6_minus_cns_midline	46091
all_dm6_minus_cns_midline	46094
all_dm6_minus_cns_midline	46099
all_dm6_minus_cns_midline	46102
all_dm6_minus_cns_midline	46105
all_dm6_minus_cns_midline	46115
all_dm6_minus_cns_midline	46116
all_dm6_minus_cns_midline	46120
all_dm6_minus_cns_midline	46121
all_dm6_minus_cns_midline	46123
all_dm6_minus_cns_midline	46129
all_dm6_minus_cns_midline	46134
all_dm6_minus_cns_midline	46139
all_dm6_minus_cns_midline	46140
all_dm6_minus_cns_midline	46144
all_dm6_minus_cns_midline	46145
all_dm6_minus_cns_midline	46148
all_dm6_minus_cns_midline	46151
all_dm6_minus_cns_midline	46155
all_dm6_minus_cns_midline	46156
all_dm6_minus_cns_midline	46158
all_dm6_minus_cns_midline	46167
all_dm6_minus_cns_midline	46168
all_dm6_minus_cns_midline	46173
all_dm6_minus_cns_midline	46174
all_dm6_minus_cns_midline	46184
all_dm6_minus_cns_midline	46187
all_dm6_minus_cns_midline	46189
all_dm6_minus_cns_midline	46194
all_dm6_minus_cns_midline	46201
all_dm6_minus_cns_midline	46204
all_dm6_minus_cns_midline	46208
all_dm6_minus_cns_midline	46215
all_dm6_minus_cns_midline	46218
all_dm6_minus_cns_midline	46221
all_dm6_minus_cns_midline	46224
all_dm6_minus_cns_midline	46225
all_dm6_minus_cns_midline	46228
all_dm6_minus_cns_midline	46229
all_dm6_minus_cns_midline	46230
all_dm6_minus_cns_midline	46231
all_dm6_minus_cns_midline	46232
all_dm6_minus_cns_midline	46234
all_dm6_minus_cns_midline	46236
all_dm6_minus_cns_midline	46240
all_dm6_minus_cns_midline	46242
all_dm6_minus_cns_midline	46243
all_dm6_minus_cns_midline	46245
all_dm6_minus_cns_midline	46246
all_dm6_minus_cns_midline	46248
all_dm6_minus_cns_midline	46256
all_dm6_minus_cns_midline	46258
all_dm6_minus_cns_midline	46259
all_dm6_minus_cns_midline	46260
all_dm6_minus_cns_midline	46268
all_dm6_minus_cns_midline	46269
all_dm6_minus_cns_midline	46271
all_dm6_minus_cns_midline	46273
all_dm6_minus_cns_midline	46274
all_dm6_minus_cns_midline	46277
all_dm6_minus_cns_midline	46279
all_dm6_minus_cns_midline	46280
all_dm6_minus_cns_midline	46281
all_dm6_minus_cns_midline	46285
all_dm6_minus_cns_midline	46290
all_dm6_minus_cns_midline	46293
all_dm6_minus_cns_midline	46297
all_dm6_minus_cns_midline	46299
all_dm6_minus_cns_midline	46301
all_dm6_minus_cns_midline	46318
all_dm6_minus_cns_midline	46319
all_dm6_minus_cns_midline	46320
all_dm6_minus_cns_midline	46322
all_dm6_minus_cns_midline	46325
all_dm6_minus_cns_midline	46326
all_dm6_minus_cns_midline	46327
all_dm6_minus_cns_midline	46329
all_dm6_minus_cns_midline	46330
all_dm6_minus_cns_midline	46331
all_dm6_minus_cns_midline	46333
all_dm6_minus_cns_midline	46335
all_dm6_minus_cns_midline	46337
all_dm6_minus_cns_midline	46339
all_dm6_minus_cns_midline	46341
all_dm6_minus_cns_midline	46342
all_dm6_minus_cns_midline	46343
all_dm6_minus_cns_midline	46345
all_dm6_minus_cns_midline	46346
all_dm6_minus_cns_midline	46347
all_dm6_minus_cns_midline	46348
all_dm6_minus_cns_midline	46349
all_dm6_minus_cns_midline	46353
all_dm6_minus_cns_midline	46362
all_dm6_minus_cns_midline	46363
all_dm6_minus_cns_midline	46364
all_dm6_minus_cns_midline	46365
all_dm6_minus_cns_midline	46366
all_dm6_minus_cns_midline	46368
all_dm6_minus_cns_midline	46369
all_dm6_minus_cns_midline	46370
all_dm6_minus_cns_midline	46371
all_dm6_minus_cns_midline	46372
all_dm6_minus_cns_midline	46373
all_dm6_minus_cns_midline	46374
all_dm6_minus_cns_midline	46375
all_dm6_minus_cns_midline	46376
all_dm6_minus_cns_midline	46377
all_dm6_minus_cns_midline	46378
all_dm6_minus_cns_midline	46379
all_dm6_minus_cns_midline	46386
all_dm6_minus_cns_midline	46391
all_dm6_minus_cns_midline	46411
all_dm6_minus_cns_midline	46412
all_dm6_minus_cns_midline	46413
all_dm6_minus_cns_midline	46414
all_dm6_minus_cns_midline	46416
all_dm6_minus_cns_midline	46426
all_dm6_minus_cns_midline	46427
all_dm6_minus_cns_midline	46428
all_dm6_minus_cns_midline	46429
all_dm6_minus_cns_midline	46430
all_dm6_minus_cns_midline	46431
all_dm6_minus_cns_midline	46432
all_dm6_minus_cns_midline	46433
all_dm6_minus_cns_midline	46434
all_dm6_minus_cns_midline	46435
all_dm6_minus_cns_midline	46436
all_dm6_minus_cns_midline	46437
all_dm6_minus_cns_midline	46438
all_dm6_minus_cns_midline	46439
all_dm6_minus_cns_midline	46440
all_dm6_minus_cns_midline	46441
all_dm6_minus_cns_midline	46442
all_dm6_minus_cns_midline	46443
all_dm6_minus_cns_midline	46444
all_dm6_minus_cns_midline	46445
all_dm6_minus_cns_midline	46446
all_dm6_minus_cns_midline	46447
all_dm6_minus_cns_midline	46448
all_dm6_minus_cns_midline	46449
all_dm6_minus_cns_midline	46450
all_dm6_minus_cns_midline	46452
all_dm6_minus_cns_midline	46453
all_dm6_minus_cns_midline	46455
all_dm6_minus_cns_midline	46456
all_dm6_minus_cns_midline	46472
all_dm6_minus_cns_midline	46473
all_dm6_minus_cns_midline	46474
all_dm6_minus_cns_midline	46475
all_dm6_minus_cns_midline	46476
all_dm6_minus_cns_midline	46477
all_dm6_minus_cns_midline	46478
all_dm6_minus_cns_midline	46479
all_dm6_minus_cns_midline	46480
all_dm6_minus_cns_midline	46481
all_dm6_minus_cns_midline	46482
all_dm6_minus_cns_midline	46484
all_dm6_minus_cns_midline	46498
all_dm6_minus_cns_midline	46499
all_dm6_minus_cns_midline	46500
all_dm6_minus_cns_midline	46501
all_dm6_minus_cns_midline	46502
all_dm6_minus_cns_midline	46503
all_dm6_minus_cns_midline	46504
all_dm6_minus_cns_midline	46505
all_dm6_minus_cns_midline	46506
all_dm6_minus_cns_midline	46507
all_dm6_minus_cns_midline	46508
all_dm6_minus_cns_midline	46509
all_dm6_minus_cns_midline	46510
all_dm6_minus_cns_midline	46511
all_dm6_minus_cns_midline	46512
all_dm6_minus_cns_midline	46513
all_dm6_minus_cns_midline	46514
all_dm6_minus_cns_midline	46515
all_dm6_minus_cns_midline	46516
all_dm6_minus_cns_midline	46517
all_dm6_minus_cns_midline	46519
all_dm6_minus_cns_midline	46520
all_dm6_minus_cns_midline	46524
all_dm6_minus_cns_midline	46525
all_dm6_minus_cns_midline	46526
all_dm6_minus_cns_midline	46527
all_dm6_minus_cns_midline	46546
all_dm6_minus_cns_midline	46547
all_dm6_minus_cns_midline	46548
all_dm6_minus_cns_midline	46558
all_dm6_minus_cns_midline	46570
all_dm6_minus_cns_midline	46572
all_dm6_minus_cns_midline	46573
all_dm6_minus_cns_midline	46574
all_dm6_minus_cns_midline	46575
all_dm6_minus_cns_midline	46576
all_dm6_minus_cns_midline	46577
all_dm6_minus_cns_midline	46578
all_dm6_minus_cns_midline	46579
all_dm6_minus_cns_midline	46580
all_dm6_minus_cns_midline	46581
all_dm6_minus_cns_midline	46582
all_dm6_minus_cns_midline	46583
all_dm6_minus_cns_midline	46584
all_dm6_minus_cns_midline	46585
all_dm6_minus_cns_midline	46586
all_dm6_minus_cns_midline	46609
all_dm6_minus_cns_midline	46610
all_dm6_minus_cns_midline	46614
all_dm6_minus_cns_midline	46651
all_dm6_minus_cns_midline	46652
all_dm6_minus_cns_midline	46656
all_dm6_minus_cns_midline	46657
all_dm6_minus_cns_midline	46660
all_dm6_minus_cns_midline	46662
all_dm6_minus_cns_midline	46664
all_dm6_minus_cns_midline	46665
all_dm6_minus_cns_midline	46666
all_dm6_minus_cns_midline	46667
all_dm6_minus_cns_midline	46668
all_dm6_minus_cns_midline	46669
all_dm6_minus_cns_midline	46670
all_dm6_minus_cns_midline	46677
all_dm6_minus_cns_midline	46678
all_dm6_minus_cns_midline	46679
all_dm6_minus_cns_midline	46680
all_dm6_minus_cns_midline	46683
all_dm6_minus_cns_midline	46684
all_dm6_minus_cns_midline	46685
all_dm6_minus_cns_midline	46686
all_dm6_minus_cns_midline	46687
all_dm6_minus_cns_midline	46717
all_dm6_minus_cns_midline	46719
all_dm6_minus_cns_midline	46724
all_dm6_minus_cns_midline	46734
all_dm6_minus_cns_midline	46737
all_dm6_minus_cns_midline	46738
all_dm6_minus_cns_midline	46747
all_dm6_minus_cns_midline	46761
all_dm6_minus_cns_midline	46762
all_dm6_minus_cns_midline	46763
all_dm6_minus_cns_midline	46764
all_dm6_minus_cns_midline	46775
all_dm6_minus_cns_midline	46776
all_dm6_minus_cns_midline	46777
all_dm6_minus_cns_midline	46778
all_dm6_minus_cns_midline	46779
all_dm6_minus_cns_midline	46780
all_dm6_minus_cns_midline	46781
all_dm6_minus_cns_midline	46782
all_dm6_minus_cns_midline	46789
all_dm6_minus_cns_midline	46790
all_dm6_minus_cns_midline	46791
all_dm6_minus_cns_midline	46793
all_dm6_minus_cns_midline	46795
all_dm6_minus_cns_midline	46796
all_dm6_minus_cns_midline	46805
all_dm6_minus_cns_midline	46806
all_dm6_minus_cns_midline	46807
all_dm6_minus_cns_midline	46808
all_dm6_minus_cns_midline	46809
all_dm6_minus_cns_midline	46813
all_dm6_minus_cns_midline	46827
all_dm6_minus_cns_midline	46828
all_dm6_minus_cns_midline	46829
all_dm6_minus_cns_midline	46830
all_dm6_minus_cns_midline	46831
all_dm6_minus_cns_midline	46832
all_dm6_minus_cns_midline	46833
all_dm6_minus_cns_midline	46834
all_dm6_minus_cns_midline	46835
all_dm6_minus_cns_midline	46836
all_dm6_minus_cns_midline	46837
all_dm6_minus_cns_midline	46838
all_dm6_minus_cns_midline	46840
all_dm6_minus_cns_midline	46841
all_dm6_minus_cns_midline	46876
all_dm6_minus_cns_midline	46883
all_dm6_minus_cns_midline	46884
all_dm6_minus_cns_midline	46885
all_dm6_minus_cns_midline	46886
all_dm6_minus_cns_midline	46887
all_dm6_minus_cns_midline	46888
all_dm6_minus_cns_midline	46889
all_dm6_minus_cns_midline	46891
all_dm6_minus_cns_midline	46892
all_dm6_minus_cns_midline	46894
all_dm6_minus_cns_midline	46895
all_dm6_minus_cns_midline	46896
all_dm6_minus_cns_midline	46897
all_dm6_minus_cns_midline	46898
all_dm6_minus_cns_midline	46899
all_dm6_minus_cns_midline	46900
all_dm6_minus_cns_midline	46901
all_dm6_minus_cns_midline	46902
all_dm6_minus_cns_midline	46903
all_dm6_minus_cns_midline	46904
all_dm6_minus_cns_midline	46905
all_dm6_minus_cns_midline	46906
all_dm6_minus_cns_midline	46907
all_dm6_minus_cns_midline	46909
all_dm6_minus_cns_midline	46911
all_dm6_minus_cns_midline	46912
all_dm6_minus_cns_midline	46914
all_dm6_minus_cns_midline	46915
all_dm6_minus_cns_midline	46916
all_dm6_minus_cns_midline	46917
all_dm6_minus_cns_midline	46918
all_dm6_minus_cns_midline	46919
all_dm6_minus_cns_midline	46922
all_dm6_minus_cns_midline	46923
all_dm6_minus_cns_midline	46924
all_dm6_minus_cns_midline	46925
all_dm6_minus_cns_midline	46926
all_dm6_minus_cns_midline	46927
all_dm6_minus_cns_midline	46928
all_dm6_minus_cns_midline	46929
all_dm6_minus_cns_midline	46931
all_dm6_minus_cns_midline	46933
all_dm6_minus_cns_midline	46934
all_dm6_minus_cns_midline	46935
all_dm6_minus_cns_midline	46936
all_dm6_minus_cns_midline	46937
all_dm6_minus_cns_midline	46938
all_dm6_minus_cns_midline	46939
all_dm6_minus_cns_midline	46940
all_dm6_minus_cns_midline	46941
all_dm6_minus_cns_midline	46943
all_dm6_minus_cns_midline	46944
all_dm6_minus_cns_midline	46945
all_dm6_minus_cns_midline	46947
all_dm6_minus_cns_midline	46948
all_dm6_minus_cns_midline	46949
all_dm6_minus_cns_midline	46950
all_dm6_minus_cns_midline	46951
all_dm6_minus_cns_midline	46952
all_dm6_minus_cns_midline	46953
all_dm6_minus_cns_midline	46954
all_dm6_minus_cns_midline	46956
all_dm6_minus_cns_midline	46957
all_dm6_minus_cns_midline	46960
all_dm6_minus_cns_midline	46961
all_dm6_minus_cns_midline	46962
all_dm6_minus_cns_midline	46963
all_dm6_minus_cns_midline	46964
all_dm6_minus_cns_midline	46966
all_dm6_minus_cns_midline	46967
all_dm6_minus_cns_midline	46970
all_dm6_minus_cns_midline	46972
all_dm6_minus_cns_midline	46973
all_dm6_minus_cns_midline	46974
all_dm6_minus_cns_midline	46975
all_dm6_minus_cns_midline	46977
all_dm6_minus_cns_midline	46978
all_dm6_minus_cns_midline	46979
all_dm6_minus_cns_midline	46981
all_dm6_minus_cns_midline	46982
all_dm6_minus_cns_midline	46984
all_dm6_minus_cns_midline	46985
all_dm6_minus_cns_midline	46986
all_dm6_minus_cns_midline	46988
all_dm6_minus_cns_midline	46989
all_dm6_minus_cns_midline	46990
all_dm6_minus_cns_midline	46992
all_dm6_minus_cns_midline	46993
all_dm6_minus_cns_midline	46994
all_dm6_minus_cns_midline	46998
all_dm6_minus_cns_midline	46999
all_dm6_minus_cns_midline	47000
all_dm6_minus_cns_midline	47001
all_dm6_minus_cns_midline	47002
all_dm6_minus_cns_midline	47003
all_dm6_minus_cns_midline	47004
all_dm6_minus_cns_midline	47005
all_dm6_minus_cns_midline	47006
all_dm6_minus_cns_midline	47007
all_dm6_minus_cns_midline	47009
all_dm6_minus_cns_midline	47010
all_dm6_minus_cns_midline	47011
all_dm6_minus_cns_midline	47012
all_dm6_minus_cns_midline	47013
all_dm6_minus_cns_midline	47014
all_dm6_minus_cns_midline	47015
all_dm6_minus_cns_midline	47016
all_dm6_minus_cns_midline	47017
all_dm6_minus_cns_midline	47020
all_dm6_minus_cns_midline	47023
all_dm6_minus_cns_midline	47025
all_dm6_minus_cns_midline	47026
all_dm6_minus_cns_midline	47027
all_dm6_minus_cns_midline	47028
all_dm6_minus_cns_midline	47030
all_dm6_minus_cns_midline	47033
all_dm6_minus_cns_midline	47034
all_dm6_minus_cns_midline	47035
all_dm6_minus_cns_midline	47036
all_dm6_minus_cns_midline	47038
all_dm6_minus_cns_midline	47039
all_dm6_minus_cns_midline	47040
all_dm6_minus_cns_midline	47041
all_dm6_minus_cns_midline	47043
all_dm6_minus_cns_midline	47044
all_dm6_minus_cns_midline	47063
all_dm6_minus_cns_midline	47065
all_dm6_minus_cns_midline	47066
all_dm6_minus_cns_midline	47068
all_dm6_minus_cns_midline	47069
all_dm6_minus_cns_midline	47070
all_dm6_minus_cns_midline	47071
all_dm6_minus_cns_midline	47079
all_dm6_minus_cns_midline	47080
all_dm6_minus_cns_midline	47082
all_dm6_minus_cns_midline	47084
all_dm6_minus_cns_midline	47085
all_dm6_minus_cns_midline	47093
all_dm6_minus_cns_midline	47094
all_dm6_minus_cns_midline	47096
all_dm6_minus_cns_midline	47097
all_dm6_minus_cns_midline	47100
all_dm6_minus_cns_midline	47101
all_dm6_minus_cns_midline	47102
all_dm6_minus_cns_midline	47103
all_dm6_minus_cns_midline	47104
all_dm6_minus_cns_midline	47105
all_dm6_minus_cns_midline	47106
all_dm6_minus_cns_midline	47107
all_dm6_minus_cns_midline	47108
all_dm6_minus_cns_midline	47109
all_dm6_minus_cns_midline	47110
all_dm6_minus_cns_midline	47111
all_dm6_minus_cns_midline	47112
all_dm6_minus_cns_midline	47113
all_dm6_minus_cns_midline	47114
all_dm6_minus_cns_midline	47115
all_dm6_minus_cns_midline	47116
all_dm6_minus_cns_midline	47117
all_dm6_minus_cns_midline	47118
all_dm6_minus_cns_midline	47119
all_dm6_minus_cns_midline	47120
all_dm6_minus_cns_midline	47121
all_dm6_minus_cns_midline	47122
all_dm6_minus_cns_midline	47123
all_dm6_minus_cns_midline	47124
all_dm6_minus_cns_midline	47125
all_dm6_minus_cns_midline	47126
all_dm6_minus_cns_midline	47127
all_dm6_minus_cns_midline	47129
all_dm6_minus_cns_midline	47130
all_dm6_minus_cns_midline	47132
all_dm6_minus_cns_midline	47133
all_dm6_minus_cns_midline	47137
all_dm6_minus_cns_midline	47138
all_dm6_minus_cns_midline	47139
all_dm6_minus_cns_midline	47140
all_dm6_minus_cns_midline	47141
all_dm6_minus_cns_midline	47142
all_dm6_minus_cns_midline	47143
all_dm6_minus_cns_midline	47144
all_dm6_minus_cns_midline	47145
all_dm6_minus_cns_midline	47146
all_dm6_minus_cns_midline	47147
all_dm6_minus_cns_midline	47148
all_dm6_minus_cns_midline	47149
all_dm6_minus_cns_midline	47151
all_dm6_minus_cns_midline	47153
all_dm6_minus_cns_midline	47154
all_dm6_minus_cns_midline	47155
all_dm6_minus_cns_midline	47156
all_dm6_minus_cns_midline	47157
all_dm6_minus_cns_midline	47158
all_dm6_minus_cns_midline	47159
all_dm6_minus_cns_midline	47160
all_dm6_minus_cns_midline	47161
all_dm6_minus_cns_midline	47162
all_dm6_minus_cns_midline	47163
all_dm6_minus_cns_midline	47164
all_dm6_minus_cns_midline	47166
all_dm6_minus_cns_midline	47167
all_dm6_minus_cns_midline	47168
all_dm6_minus_cns_midline	47169
all_dm6_minus_cns_midline	47172
all_dm6_minus_cns_midline	47174
all_dm6_minus_cns_midline	47176
all_dm6_minus_cns_midline	47177
all_dm6_minus_cns_midline	47178
all_dm6_minus_cns_midline	47179
all_dm6_minus_cns_midline	47180
all_dm6_minus_cns_midline	47181
all_dm6_minus_cns_midline	47182
all_dm6_minus_cns_midline	47183
all_dm6_minus_cns_midline	47185
all_dm6_minus_cns_midline	47186
all_dm6_minus_cns_midline	47187
all_dm6_minus_cns_midline	47188
all_dm6_minus_cns_midline	47191
all_dm6_minus_cns_midline	47192
all_dm6_minus_cns_midline	47193
all_dm6_minus_cns_midline	47194
all_dm6_minus_cns_midline	47195
all_dm6_minus_cns_midline	47196
all_dm6_minus_cns_midline	47198
all_dm6_minus_cns_midline	47199
all_dm6_minus_cns_midline	47202
all_dm6_minus_cns_midline	47203
all_dm6_minus_cns_midline	47204
all_dm6_minus_cns_midline	47205
all_dm6_minus_cns_midline	47206
all_dm6_minus_cns_midline	47207
all_dm6_minus_cns_midline	47208
all_dm6_minus_cns_midline	47209
all_dm6_minus_cns_midline	47210
all_dm6_minus_cns_midline	47211
all_dm6_minus_cns_midline	47212
all_dm6_minus_cns_midline	47213
all_dm6_minus_cns_midline	47214
all_dm6_minus_cns_midline	47216
all_dm6_minus_cns_midline	47218
all_dm6_minus_cns_midline	47220
all_dm6_minus_cns_midline	47223
all_dm6_minus_cns_midline	47228
all_dm6_minus_cns_midline	47229
all_dm6_minus_cns_midline	47230
all_dm6_minus_cns_midline	47231
all_dm6_minus_cns_midline	47232
all_dm6_minus_cns_midline	47233
all_dm6_minus_cns_midline	47234
all_dm6_minus_cns_midline	47235
all_dm6_minus_cns_midline	47236
all_dm6_minus_cns_midline	47237
all_dm6_minus_cns_midline	47238
all_dm6_minus_cns_midline	47239
all_dm6_minus_cns_midline	47240
all_dm6_minus_cns_midline	47241
all_dm6_minus_cns_midline	47242
all_dm6_minus_cns_midline	47243
all_dm6_minus_cns_midline	47244
all_dm6_minus_cns_midline	47245
all_dm6_minus_cns_midline	47246
all_dm6_minus_cns_midline	47247
all_dm6_minus_cns_midline	47248
all_dm6_minus_cns_midline	47249
all_dm6_minus_cns_midline	47250
all_dm6_minus_cns_midline	47251
all_dm6_minus_cns_midline	47253
all_dm6_minus_cns_midline	47260
all_dm6_minus_cns_midline	47263
all_dm6_minus_cns_midline	47266
all_dm6_minus_cns_midline	47267
all_dm6_minus_cns_midline	47268
all_dm6_minus_cns_midline	47272
all_dm6_minus_cns_midline	47273
all_dm6_minus_cns_midline	47278
all_dm6_minus_cns_midline	47280
all_dm6_minus_cns_midline	47283
all_dm6_minus_cns_midline	47284
all_dm6_minus_cns_midline	47285
all_dm6_minus_cns_midline	47297
all_dm6_minus_cns_midline	47299
all_dm6_minus_cns_midline	47300
all_dm6_minus_cns_midline	47301
all_dm6_minus_cns_midline	47302
all_dm6_minus_cns_midline	47303
all_dm6_minus_cns_midline	47304
all_dm6_minus_cns_midline	47305
all_dm6_minus_cns_midline	47306
all_dm6_minus_cns_midline	47308
all_dm6_minus_cns_midline	47309
all_dm6_minus_cns_midline	47310
all_dm6_minus_cns_midline	47314
all_dm6_minus_cns_midline	47320
all_dm6_minus_cns_midline	47334
all_dm6_minus_cns_midline	47336
all_dm6_minus_cns_midline	47338
all_dm6_minus_cns_midline	47340
all_dm6_minus_cns_midline	47341
all_dm6_minus_cns_midline	47342
all_dm6_minus_cns_midline	47343
all_dm6_minus_cns_midline	47344
all_dm6_minus_cns_midline	47345
all_dm6_minus_cns_midline	47346
all_dm6_minus_cns_midline	47347
all_dm6_minus_cns_midline	47352
all_dm6_minus_cns_midline	47356
all_dm6_minus_cns_midline	47359
all_dm6_minus_cns_midline	47360
all_dm6_minus_cns_midline	47361
all_dm6_minus_cns_midline	47362
all_dm6_minus_cns_midline	47363
all_dm6_minus_cns_midline	47364
all_dm6_minus_cns_midline	47365
all_dm6_minus_cns_midline	47366
all_dm6_minus_cns_midline	47367
all_dm6_minus_cns_midline	47368
all_dm6_minus_cns_midline	47370
all_dm6_minus_cns_midline	47375
all_dm6_minus_cns_midline	47376
all_dm6_minus_cns_midline	47377
all_dm6_minus_cns_midline	47378
all_dm6_minus_cns_midline	47384
all_dm6_minus_cns_midline	47385
all_dm6_minus_cns_midline	47390
all_dm6_minus_cns_midline	47391
all_dm6_minus_cns_midline	47392
all_dm6_minus_cns_midline	47394
all_dm6_minus_cns_midline	47396
all_dm6_minus_cns_midline	47401
all_dm6_minus_cns_midline	47406
all_dm6_minus_cns_midline	47408
all_dm6_minus_cns_midline	47412
all_dm6_minus_cns_midline	47413
all_dm6_minus_cns_midline	47415
all_dm6_minus_cns_midline	47417
all_dm6_minus_cns_midline	47423
all_dm6_minus_cns_midline	47425
all_dm6_minus_cns_midline	47426
all_dm6_minus_cns_midline	47430
all_dm6_minus_cns_midline	47431
all_dm6_minus_cns_midline	47432
all_dm6_minus_cns_midline	47433
all_dm6_minus_cns_midline	47442
all_dm6_minus_cns_midline	47456
all_dm6_minus_cns_midline	47457
all_dm6_minus_cns_midline	47459
all_dm6_minus_cns_midline	47461
all_dm6_minus_cns_midline	47462
all_dm6_minus_cns_midline	47463
all_dm6_minus_cns_midline	47466
all_dm6_minus_cns_midline	47469
all_dm6_minus_cns_midline	47472
all_dm6_minus_cns_midline	47479
all_dm6_minus_cns_midline	47480
all_dm6_minus_cns_midline	47481
all_dm6_minus_cns_midline	47482
all_dm6_minus_cns_midline	47487
all_dm6_minus_cns_midline	47491
all_dm6_minus_cns_midline	47495
all_dm6_minus_cns_midline	47501
all_dm6_minus_cns_midline	47510
all_dm6_minus_cns_midline	47514
all_dm6_minus_cns_midline	47517
all_dm6_minus_cns_midline	47521
all_dm6_minus_cns_midline	47522
all_dm6_minus_cns_midline	47523
all_dm6_minus_cns_midline	47527
all_dm6_minus_cns_midline	47531
all_dm6_minus_cns_midline	47533
all_dm6_minus_cns_midline	47535
all_dm6_minus_cns_midline	47544
all_dm6_minus_cns_midline	47545
all_dm6_minus_cns_midline	47547
all_dm6_minus_cns_midline	47548
all_dm6_minus_cns_midline	47552
all_dm6_minus_cns_midline	47560
all_dm6_minus_cns_midline	47562
all_dm6_minus_cns_midline	47563
all_dm6_minus_cns_midline	47568
all_dm6_minus_cns_midline	47571
all_dm6_minus_cns_midline	47573
all_dm6_minus_cns_midline	47575
all_dm6_minus_cns_midline	47581
all_dm6_minus_cns_midline	47585
all_dm6_minus_cns_midline	47586
all_dm6_minus_cns_midline	47593
all_dm6_minus_cns_midline	47594
all_dm6_minus_cns_midline	47601
all_dm6_minus_cns_midline	47603
all_dm6_minus_cns_midline	47604
all_dm6_minus_cns_midline	47607
all_dm6_minus_cns_midline	47611
all_dm6_minus_cns_midline	47613
all_dm6_minus_cns_midline	47617
all_dm6_minus_cns_midline	47618
all_dm6_minus_cns_midline	47623
all_dm6_minus_cns_midline	47624
all_dm6_minus_cns_midline	47626
all_dm6_minus_cns_midline	47627
all_dm6_minus_cns_midline	47636
all_dm6_minus_cns_midline	47643
all_dm6_minus_cns_midline	47647
all_dm6_minus_cns_midline	47648
all_dm6_minus_cns_midline	47666
all_dm6_minus_cns_midline	47667
all_dm6_minus_cns_midline	47671
all_dm6_minus_cns_midline	47672
all_dm6_minus_cns_midline	47673
all_dm6_minus_cns_midline	47674
all_dm6_minus_cns_midline	47676
all_dm6_minus_cns_midline	47677
all_dm6_minus_cns_midline	47678
all_dm6_minus_cns_midline	47687
all_dm6_minus_cns_midline	47698
all_dm6_minus_cns_midline	47699
all_dm6_minus_cns_midline	47703
all_dm6_minus_cns_midline	47705
all_dm6_minus_cns_midline	47706
all_dm6_minus_cns_midline	47707
all_dm6_minus_cns_midline	47708
all_dm6_minus_cns_midline	47709
all_dm6_minus_cns_midline	47710
all_dm6_minus_cns_midline	47718
all_dm6_minus_cns_midline	47719
all_dm6_minus_cns_midline	47720
all_dm6_minus_cns_midline	47721
all_dm6_minus_cns_midline	47722
all_dm6_minus_cns_midline	47723
all_dm6_minus_cns_midline	47724
all_dm6_minus_cns_midline	47725
all_dm6_minus_cns_midline	47726
all_dm6_minus_cns_midline	47727
all_dm6_minus_cns_midline	47728
all_dm6_minus_cns_midline	47729
all_dm6_minus_cns_midline	47730
all_dm6_minus_cns_midline	47732
all_dm6_minus_cns_midline	47733
all_dm6_minus_cns_midline	47735
all_dm6_minus_cns_midline	47748
all_dm6_minus_cns_midline	47749
all_dm6_minus_cns_midline	47750
all_dm6_minus_cns_midline	47752
all_dm6_minus_cns_midline	47753
all_dm6_minus_cns_midline	47754
all_dm6_minus_cns_midline	47755
all_dm6_minus_cns_midline	47757
all_dm6_minus_cns_midline	47762
all_dm6_minus_cns_midline	47763
all_dm6_minus_cns_midline	47764
all_dm6_minus_cns_midline	47765
all_dm6_minus_cns_midline	47766
all_dm6_minus_cns_midline	47767
all_dm6_minus_cns_midline	47768
all_dm6_minus_cns_midline	47769
all_dm6_minus_cns_midline	47770
all_dm6_minus_cns_midline	47771
all_dm6_minus_cns_midline	47773
all_dm6_minus_cns_midline	47774
all_dm6_minus_cns_midline	47775
all_dm6_minus_cns_midline	47776
all_dm6_minus_cns_midline	47777
all_dm6_minus_cns_midline	47778
all_dm6_minus_cns_midline	47779
all_dm6_minus_cns_midline	47780
all_dm6_minus_cns_midline	47781
all_dm6_minus_cns_midline	47782
all_dm6_minus_cns_midline	47783
all_dm6_minus_cns_midline	47784
all_dm6_minus_cns_midline	47785
all_dm6_minus_cns_midline	47786
all_dm6_minus_cns_midline	47787
all_dm6_minus_cns_midline	47788
all_dm6_minus_cns_midline	47789
all_dm6_minus_cns_midline	47790
all_dm6_minus_cns_midline	47791
all_dm6_minus_cns_midline	47792
all_dm6_minus_cns_midline	47794
all_dm6_minus_cns_midline	47795
all_dm6_minus_cns_midline	47797
all_dm6_minus_cns_midline	47798
all_dm6_minus_cns_midline	47799
all_dm6_minus_cns_midline	47800
all_dm6_minus_cns_midline	47801
all_dm6_minus_cns_midline	47802
all_dm6_minus_cns_midline	47803
all_dm6_minus_cns_midline	47804
all_dm6_minus_cns_midline	47805
all_dm6_minus_cns_midline	47807
all_dm6_minus_cns_midline	47808
all_dm6_minus_cns_midline	47809
all_dm6_minus_cns_midline	47810
all_dm6_minus_cns_midline	47812
all_dm6_minus_cns_midline	47813
all_dm6_minus_cns_midline	47814
all_dm6_minus_cns_midline	47815
all_dm6_minus_cns_midline	47816
all_dm6_minus_cns_midline	47818
all_dm6_minus_cns_midline	47819
all_dm6_minus_cns_midline	47820
all_dm6_minus_cns_midline	47821
all_dm6_minus_cns_midline	47822
all_dm6_minus_cns_midline	47823
all_dm6_minus_cns_midline	47824
all_dm6_minus_cns_midline	47825
all_dm6_minus_cns_midline	47826
all_dm6_minus_cns_midline	47827
all_dm6_minus_cns_midline	47828
all_dm6_minus_cns_midline	47829
all_dm6_minus_cns_midline	47830
all_dm6_minus_cns_midline	47831
all_dm6_minus_cns_midline	47832
all_dm6_minus_cns_midline	47833
all_dm6_minus_cns_midline	47834
all_dm6_minus_cns_midline	47835
all_dm6_minus_cns_midline	47836
all_dm6_minus_cns_midline	47837
all_dm6_minus_cns_midline	47838
all_dm6_minus_cns_midline	47839
all_dm6_minus_cns_midline	47840
all_dm6_minus_cns_midline	47841
all_dm6_minus_cns_midline	47842
all_dm6_minus_cns_midline	47843
all_dm6_minus_cns_midline	47844
all_dm6_minus_cns_midline	47846
all_dm6_minus_cns_midline	47847
all_dm6_minus_cns_midline	47848
all_dm6_minus_cns_midline	47850
all_dm6_minus_cns_midline	47851
all_dm6_minus_cns_midline	47852
all_dm6_minus_cns_midline	47853
all_dm6_minus_cns_midline	47854
all_dm6_minus_cns_midline	47858
all_dm6_minus_cns_midline	47859
all_dm6_minus_cns_midline	47862
all_dm6_minus_cns_midline	47865
all_dm6_minus_cns_midline	47868
all_dm6_minus_cns_midline	47869
all_dm6_minus_cns_midline	47872
all_dm6_minus_cns_midline	47873
all_dm6_minus_cns_midline	47874
all_dm6_minus_cns_midline	47875
all_dm6_minus_cns_midline	47877
all_dm6_minus_cns_midline	47878
all_dm6_minus_cns_midline	47880
all_dm6_minus_cns_midline	47881
all_dm6_minus_cns_midline	47882
all_dm6_minus_cns_midline	47883
all_dm6_minus_cns_midline	47884
all_dm6_minus_cns_midline	47885
all_dm6_minus_cns_midline	47886
all_dm6_minus_cns_midline	47887
all_dm6_minus_cns_midline	47888
all_dm6_minus_cns_midline	47889
all_dm6_minus_cns_midline	47891
all_dm6_minus_cns_midline	47892
all_dm6_minus_cns_midline	47893
all_dm6_minus_cns_midline	47894
all_dm6_minus_cns_midline	47895
all_dm6_minus_cns_midline	47898
all_dm6_minus_cns_midline	47899
all_dm6_minus_cns_midline	47900
all_dm6_minus_cns_midline	47901
all_dm6_minus_cns_midline	47902
all_dm6_minus_cns_midline	47903
all_dm6_minus_cns_midline	47905
all_dm6_minus_cns_midline	47906
all_dm6_minus_cns_midline	47909
all_dm6_minus_cns_midline	47914
all_dm6_minus_cns_midline	47917
all_dm6_minus_cns_midline	47918
all_dm6_minus_cns_midline	47920
all_dm6_minus_cns_midline	47926
all_dm6_minus_cns_midline	47929
all_dm6_minus_cns_midline	47934
all_dm6_minus_cns_midline	47936
all_dm6_minus_cns_midline	47937
all_dm6_minus_cns_midline	47938
all_dm6_minus_cns_midline	47939
all_dm6_minus_cns_midline	47941
all_dm6_minus_cns_midline	47942
all_dm6_minus_cns_midline	47944
all_dm6_minus_cns_midline	47945
all_dm6_minus_cns_midline	47947
all_dm6_minus_cns_midline	47948
all_dm6_minus_cns_midline	47951
all_dm6_minus_cns_midline	47952
all_dm6_minus_cns_midline	47954
all_dm6_minus_cns_midline	47966
all_dm6_minus_cns_midline	47967
all_dm6_minus_cns_midline	47968
all_dm6_minus_cns_midline	47969
all_dm6_minus_cns_midline	47970
all_dm6_minus_cns_midline	47975
all_dm6_minus_cns_midline	47976
all_dm6_minus_cns_midline	47977
all_dm6_minus_cns_midline	47978
all_dm6_minus_cns_midline	47979
all_dm6_minus_cns_midline	47980
all_dm6_minus_cns_midline	47981
all_dm6_minus_cns_midline	47990
all_dm6_minus_cns_midline	47996
all_dm6_minus_cns_midline	47998
all_dm6_minus_cns_midline	48025
all_dm6_minus_cns_midline	48026
all_dm6_minus_cns_midline	48027
all_dm6_minus_cns_midline	48028
all_dm6_minus_cns_midline	48029
all_dm6_minus_cns_midline	48030
all_dm6_minus_cns_midline	48031
all_dm6_minus_cns_midline	48032
all_dm6_minus_cns_midline	48033
all_dm6_minus_cns_midline	48034
all_dm6_minus_cns_midline	48035
all_dm6_minus_cns_midline	48040
all_dm6_minus_cns_midline	48042
all_dm6_minus_cns_midline	48043
all_dm6_minus_cns_midline	48044
all_dm6_minus_cns_midline	48045
all_dm6_minus_cns_midline	48046
all_dm6_minus_cns_midline	48047
all_dm6_minus_cns_midline	48048
all_dm6_minus_cns_midline	48049
all_dm6_minus_cns_midline	48050
all_dm6_minus_cns_midline	48051
all_dm6_minus_cns_midline	48060
all_dm6_minus_cns_midline	48061
all_dm6_minus_cns_midline	48065
all_dm6_minus_cns_midline	48066
all_dm6_minus_cns_midline	48071
all_dm6_minus_cns_midline	48074
all_dm6_minus_cns_midline	48075
all_dm6_minus_cns_midline	48076
all_dm6_minus_cns_midline	48080
all_dm6_minus_cns_midline	48083
all_dm6_minus_cns_midline	48084
all_dm6_minus_cns_midline	48085
all_dm6_minus_cns_midline	48088
all_dm6_minus_cns_midline	48089
all_dm6_minus_cns_midline	48092
all_dm6_minus_cns_midline	48095
all_dm6_minus_cns_midline	48096
all_dm6_minus_cns_midline	48098
all_dm6_minus_cns_midline	48099
all_dm6_minus_cns_midline	48112
all_dm6_minus_cns_midline	48113
all_dm6_minus_cns_midline	48114
all_dm6_minus_cns_midline	48115
all_dm6_minus_cns_midline	48116
all_dm6_minus_cns_midline	48117
all_dm6_minus_cns_midline	48118
all_dm6_minus_cns_midline	48120
all_dm6_minus_cns_midline	48121
all_dm6_minus_cns_midline	48127
all_dm6_minus_cns_midline	48128
all_dm6_minus_cns_midline	48129
all_dm6_minus_cns_midline	48130
all_dm6_minus_cns_midline	48131
all_dm6_minus_cns_midline	48132
all_dm6_minus_cns_midline	48133
all_dm6_minus_cns_midline	48134
all_dm6_minus_cns_midline	48135
all_dm6_minus_cns_midline	48138
all_dm6_minus_cns_midline	48141
all_dm6_minus_cns_midline	48142
all_dm6_minus_cns_midline	48145
all_dm6_minus_cns_midline	48147
all_dm6_minus_cns_midline	48148
all_dm6_minus_cns_midline	48149
all_dm6_minus_cns_midline	48150
all_dm6_minus_cns_midline	48151
all_dm6_minus_cns_midline	48152
all_dm6_minus_cns_midline	48153
all_dm6_minus_cns_midline	48154
all_dm6_minus_cns_midline	48155
all_dm6_minus_cns_midline	48156
all_dm6_minus_cns_midline	48159
all_dm6_minus_cns_midline	48162
all_dm6_minus_cns_midline	48163
all_dm6_minus_cns_midline	48164
all_dm6_minus_cns_midline	48166
all_dm6_minus_cns_midline	48167
all_dm6_minus_cns_midline	48168
all_dm6_minus_cns_midline	48169
all_dm6_minus_cns_midline	48173
all_dm6_minus_cns_midline	48174
all_dm6_minus_cns_midline	48175
all_dm6_minus_cns_midline	48176
all_dm6_minus_cns_midline	48178
all_dm6_minus_cns_midline	48179
all_dm6_minus_cns_midline	48180
all_dm6_minus_cns_midline	48181
all_dm6_minus_cns_midline	48182
all_dm6_minus_cns_midline	48183
all_dm6_minus_cns_midline	48184
all_dm6_minus_cns_midline	48186
all_dm6_minus_cns_midline	48187
all_dm6_minus_cns_midline	48188
all_dm6_minus_cns_midline	48189
all_dm6_minus_cns_midline	48191
all_dm6_minus_cns_midline	48192
all_dm6_minus_cns_midline	48193
all_dm6_minus_cns_midline	48194
all_dm6_minus_cns_midline	48195
all_dm6_minus_cns_midline	48196
all_dm6_minus_cns_midline	48197
all_dm6_minus_cns_midline	48198
all_dm6_minus_cns_midline	48200
all_dm6_minus_cns_midline	48202
all_dm6_minus_cns_midline	48203
all_dm6_minus_cns_midline	48204
all_dm6_minus_cns_midline	48205
all_dm6_minus_cns_midline	48206
all_dm6_minus_cns_midline	48207
all_dm6_minus_cns_midline	48208
all_dm6_minus_cns_midline	48209
all_dm6_minus_cns_midline	48210
all_dm6_minus_cns_midline	48211
all_dm6_minus_cns_midline	48212
all_dm6_minus_cns_midline	48213
all_dm6_minus_cns_midline	48214
all_dm6_minus_cns_midline	48216
all_dm6_minus_cns_midline	48217
all_dm6_minus_cns_midline	48219
all_dm6_minus_cns_midline	48224
all_dm6_minus_cns_midline	48228
all_dm6_minus_cns_midline	48231
all_dm6_minus_cns_midline	48232
all_dm6_minus_cns_midline	48233
all_dm6_minus_cns_midline	48234
all_dm6_minus_cns_midline	48235
all_dm6_minus_cns_midline	48237
all_dm6_minus_cns_midline	48238
all_dm6_minus_cns_midline	48239
all_dm6_minus_cns_midline	48241
all_dm6_minus_cns_midline	48242
all_dm6_minus_cns_midline	48243
all_dm6_minus_cns_midline	48244
all_dm6_minus_cns_midline	48245
all_dm6_minus_cns_midline	48246
all_dm6_minus_cns_midline	48247
all_dm6_minus_cns_midline	48248
all_dm6_minus_cns_midline	48249
all_dm6_minus_cns_midline	48250
all_dm6_minus_cns_midline	48251
all_dm6_minus_cns_midline	48252
all_dm6_minus_cns_midline	48253
all_dm6_minus_cns_midline	48255
all_dm6_minus_cns_midline	48256
all_dm6_minus_cns_midline	48257
all_dm6_minus_cns_midline	48258
all_dm6_minus_cns_midline	48259
all_dm6_minus_cns_midline	48260
all_dm6_minus_cns_midline	48261
all_dm6_minus_cns_midline	48262
all_dm6_minus_cns_midline	48263
all_dm6_minus_cns_midline	48264
all_dm6_minus_cns_midline	48265
all_dm6_minus_cns_midline	48266
all_dm6_minus_cns_midline	48267
all_dm6_minus_cns_midline	48268
all_dm6_minus_cns_midline	48269
all_dm6_minus_cns_midline	48270
all_dm6_minus_cns_midline	48271
all_dm6_minus_cns_midline	48272
all_dm6_minus_cns_midline	48274
all_dm6_minus_cns_midline	48275
all_dm6_minus_cns_midline	48276
all_dm6_minus_cns_midline	48277
all_dm6_minus_cns_midline	48278
all_dm6_minus_cns_midline	48279
all_dm6_minus_cns_midline	48280
all_dm6_minus_cns_midline	48281
all_dm6_minus_cns_midline	48282
all_dm6_minus_cns_midline	48283
all_dm6_minus_cns_midline	48284
all_dm6_minus_cns_midline	48285
all_dm6_minus_cns_midline	48286
all_dm6_minus_cns_midline	48290
all_dm6_minus_cns_midline	48291
all_dm6_minus_cns_midline	48292
all_dm6_minus_cns_midline	48296
all_dm6_minus_cns_midline	48302
all_dm6_minus_cns_midline	48303
all_dm6_minus_cns_midline	48304
all_dm6_minus_cns_midline	48305
all_dm6_minus_cns_midline	48306
all_dm6_minus_cns_midline	48307
all_dm6_minus_cns_midline	48309
all_dm6_minus_cns_midline	48311
all_dm6_minus_cns_midline	48312
all_dm6_minus_cns_midline	48313
all_dm6_minus_cns_midline	48314
all_dm6_minus_cns_midline	48316
all_dm6_minus_cns_midline	48317
all_dm6_minus_cns_midline	48319
all_dm6_minus_cns_midline	48320
all_dm6_minus_cns_midline	48321
all_dm6_minus_cns_midline	48322
all_dm6_minus_cns_midline	48323
all_dm6_minus_cns_midline	48324
all_dm6_minus_cns_midline	48326
all_dm6_minus_cns_midline	48327
all_dm6_minus_cns_midline	48328
all_dm6_minus_cns_midline	48329
all_dm6_minus_cns_midline	48330
all_dm6_minus_cns_midline	48331
all_dm6_minus_cns_midline	48332
all_dm6_minus_cns_midline	48333
all_dm6_minus_cns_midline	48334
all_dm6_minus_cns_midline	48335
all_dm6_minus_cns_midline	48336
all_dm6_minus_cns_midline	48337
all_dm6_minus_cns_midline	48338
all_dm6_minus_cns_midline	48339
all_dm6_minus_cns_midline	48340
all_dm6_minus_cns_midline	48341
all_dm6_minus_cns_midline	48343
all_dm6_minus_cns_midline	48345
all_dm6_minus_cns_midline	48347
all_dm6_minus_cns_midline	48348
all_dm6_minus_cns_midline	48349
all_dm6_minus_cns_midline	48351
all_dm6_minus_cns_midline	48360
all_dm6_minus_cns_midline	48362
all_dm6_minus_cns_midline	48363
all_dm6_minus_cns_midline	48370
all_dm6_minus_cns_midline	48371
all_dm6_minus_cns_midline	48372
all_dm6_minus_cns_midline	48373
all_dm6_minus_cns_midline	48375
all_dm6_minus_cns_midline	48376
all_dm6_minus_cns_midline	48377
all_dm6_minus_cns_midline	48378
all_dm6_minus_cns_midline	48379
all_dm6_minus_cns_midline	48380
all_dm6_minus_cns_midline	48381
all_dm6_minus_cns_midline	48382
all_dm6_minus_cns_midline	48384
all_dm6_minus_cns_midline	48385
all_dm6_minus_cns_midline	48387
all_dm6_minus_cns_midline	48390
all_dm6_minus_cns_midline	48395
all_dm6_minus_cns_midline	48396
all_dm6_minus_cns_midline	48400
all_dm6_minus_cns_midline	48401
all_dm6_minus_cns_midline	48402
all_dm6_minus_cns_midline	48404
all_dm6_minus_cns_midline	48410
all_dm6_minus_cns_midline	48416
all_dm6_minus_cns_midline	48417
all_dm6_minus_cns_midline	48418
all_dm6_minus_cns_midline	48421
all_dm6_minus_cns_midline	48422
all_dm6_minus_cns_midline	48423
all_dm6_minus_cns_midline	48424
all_dm6_minus_cns_midline	48425
all_dm6_minus_cns_midline	48426
all_dm6_minus_cns_midline	48427
all_dm6_minus_cns_midline	48429
all_dm6_minus_cns_midline	48430
all_dm6_minus_cns_midline	48431
all_dm6_minus_cns_midline	48432
all_dm6_minus_cns_midline	48433
all_dm6_minus_cns_midline	48434
all_dm6_minus_cns_midline	48435
all_dm6_minus_cns_midline	48437
all_dm6_minus_cns_midline	48438
all_dm6_minus_cns_midline	48440
all_dm6_minus_cns_midline	48445
all_dm6_minus_cns_midline	48448
all_dm6_minus_cns_midline	48450
all_dm6_minus_cns_midline	48453
all_dm6_minus_cns_midline	48454
all_dm6_minus_cns_midline	48455
all_dm6_minus_cns_midline	48457
all_dm6_minus_cns_midline	48458
all_dm6_minus_cns_midline	48459
all_dm6_minus_cns_midline	48460
all_dm6_minus_cns_midline	48461
all_dm6_minus_cns_midline	48462
all_dm6_minus_cns_midline	48463
all_dm6_minus_cns_midline	48464
all_dm6_minus_cns_midline	48465
all_dm6_minus_cns_midline	48466
all_dm6_minus_cns_midline	48467
all_dm6_minus_cns_midline	48468
all_dm6_minus_cns_midline	48469
all_dm6_minus_cns_midline	48470
all_dm6_minus_cns_midline	48471
all_dm6_minus_cns_midline	48472
all_dm6_minus_cns_midline	48473
all_dm6_minus_cns_midline	48474
all_dm6_minus_cns_midline	48475
all_dm6_minus_cns_midline	48476
all_dm6_minus_cns_midline	48478
all_dm6_minus_cns_midline	48479
all_dm6_minus_cns_midline	48480
all_dm6_minus_cns_midline	48481
all_dm6_minus_cns_midline	48482
all_dm6_minus_cns_midline	48483
all_dm6_minus_cns_midline	48484
all_dm6_minus_cns_midline	48485
all_dm6_minus_cns_midline	48486
all_dm6_minus_cns_midline	48487
all_dm6_minus_cns_midline	48488
all_dm6_minus_cns_midline	48489
all_dm6_minus_cns_midline	48490
all_dm6_minus_cns_midline	48491
all_dm6_minus_cns_midline	48492
all_dm6_minus_cns_midline	48493
all_dm6_minus_cns_midline	48494
all_dm6_minus_cns_midline	48495
all_dm6_minus_cns_midline	48496
all_dm6_minus_cns_midline	48497
all_dm6_minus_cns_midline	48498
all_dm6_minus_cns_midline	48499
all_dm6_minus_cns_midline	48500
all_dm6_minus_cns_midline	48501
all_dm6_minus_cns_midline	48502
all_dm6_minus_cns_midline	48505
all_dm6_minus_cns_midline	48506
all_dm6_minus_cns_midline	48507
all_dm6_minus_cns_midline	48508
all_dm6_minus_cns_midline	48509
all_dm6_minus_cns_midline	48511
all_dm6_minus_cns_midline	48513
all_dm6_minus_cns_midline	48515
all_dm6_minus_cns_midline	48516
all_dm6_minus_cns_midline	48517
all_dm6_minus_cns_midline	48518
all_dm6_minus_cns_midline	48520
all_dm6_minus_cns_midline	48522
all_dm6_minus_cns_midline	48523
all_dm6_minus_cns_midline	48524
all_dm6_minus_cns_midline	48525
all_dm6_minus_cns_midline	48527
all_dm6_minus_cns_midline	48529
all_dm6_minus_cns_midline	48531
all_dm6_minus_cns_midline	48532
all_dm6_minus_cns_midline	48533
all_dm6_minus_cns_midline	48534
all_dm6_minus_cns_midline	48535
all_dm6_minus_cns_midline	48537
all_dm6_minus_cns_midline	48538
all_dm6_minus_cns_midline	48539
all_dm6_minus_cns_midline	48540
all_dm6_minus_cns_midline	48541
all_dm6_minus_cns_midline	48542
all_dm6_minus_cns_midline	48544
all_dm6_minus_cns_midline	48545
all_dm6_minus_cns_midline	48546
all_dm6_minus_cns_midline	48547
all_dm6_minus_cns_midline	48548
all_dm6_minus_cns_midline	48551
all_dm6_minus_cns_midline	48552
all_dm6_minus_cns_midline	48553
all_dm6_minus_cns_midline	48554
all_dm6_minus_cns_midline	48555
all_dm6_minus_cns_midline	48561
all_dm6_minus_cns_midline	48562
all_dm6_minus_cns_midline	48563
all_dm6_minus_cns_midline	48564
all_dm6_minus_cns_midline	48565
all_dm6_minus_cns_midline	48566
all_dm6_minus_cns_midline	48568
all_dm6_minus_cns_midline	48569
all_dm6_minus_cns_midline	48571
all_dm6_minus_cns_midline	48572
all_dm6_minus_cns_midline	48575
all_dm6_minus_cns_midline	48581
all_dm6_minus_cns_midline	48582
all_dm6_minus_cns_midline	48583
all_dm6_minus_cns_midline	48586
all_dm6_minus_cns_midline	48587
all_dm6_minus_cns_midline	48593
all_dm6_minus_cns_midline	48594
all_dm6_minus_cns_midline	48597
all_dm6_minus_cns_midline	48598
all_dm6_minus_cns_midline	48599
all_dm6_minus_cns_midline	48600
all_dm6_minus_cns_midline	48601
all_dm6_minus_cns_midline	48613
all_dm6_minus_cns_midline	48614
all_dm6_minus_cns_midline	48615
all_dm6_minus_cns_midline	48616
all_dm6_minus_cns_midline	48619
all_dm6_minus_cns_midline	48620
all_dm6_minus_cns_midline	48621
all_dm6_minus_cns_midline	48624
all_dm6_minus_cns_midline	48625
all_dm6_minus_cns_midline	48626
all_dm6_minus_cns_midline	48628
all_dm6_minus_cns_midline	48630
all_dm6_minus_cns_midline	48631
all_dm6_minus_cns_midline	48632
all_dm6_minus_cns_midline	48633
all_dm6_minus_cns_midline	48634
all_dm6_minus_cns_midline	48635
all_dm6_minus_cns_midline	48636
all_dm6_minus_cns_midline	48637
all_dm6_minus_cns_midline	48638
all_dm6_minus_cns_midline	48640
all_dm6_minus_cns_midline	48641
all_dm6_minus_cns_midline	48642
all_dm6_minus_cns_midline	48643
all_dm6_minus_cns_midline	48644
all_dm6_minus_cns_midline	48645
all_dm6_minus_cns_midline	48646
all_dm6_minus_cns_midline	48647
all_dm6_minus_cns_midline	48649
all_dm6_minus_cns_midline	48650
all_dm6_minus_cns_midline	48651
all_dm6_minus_cns_midline	48652
all_dm6_minus_cns_midline	48653
all_dm6_minus_cns_midline	48654
all_dm6_minus_cns_midline	48655
all_dm6_minus_cns_midline	48656
all_dm6_minus_cns_midline	48657
all_dm6_minus_cns_midline	48658
all_dm6_minus_cns_midline	48659
all_dm6_minus_cns_midline	48660
all_dm6_minus_cns_midline	48661
all_dm6_minus_cns_midline	48662
all_dm6_minus_cns_midline	48663
all_dm6_minus_cns_midline	48664
all_dm6_minus_cns_midline	48665
all_dm6_minus_cns_midline	48666
all_dm6_minus_cns_midline	48667
all_dm6_minus_cns_midline	48668
all_dm6_minus_cns_midline	48669
all_dm6_minus_cns_midline	48670
all_dm6_minus_cns_midline	48671
all_dm6_minus_cns_midline	48672
all_dm6_minus_cns_midline	48673
all_dm6_minus_cns_midline	48674
all_dm6_minus_cns_midline	48675
all_dm6_minus_cns_midline	48676
all_dm6_minus_cns_midline	48677
all_dm6_minus_cns_midline	48678
all_dm6_minus_cns_midline	48679
all_dm6_minus_cns_midline	48680
all_dm6_minus_cns_midline	48681
all_dm6_minus_cns_midline	48682
all_dm6_minus_cns_midline	48683
all_dm6_minus_cns_midline	48684
all_dm6_minus_cns_midline	48685
all_dm6_minus_cns_midline	48686
all_dm6_minus_cns_midline	48687
all_dm6_minus_cns_midline	48688
all_dm6_minus_cns_midline	48689
all_dm6_minus_cns_midline	48691
all_dm6_minus_cns_midline	48692
all_dm6_minus_cns_midline	48693
all_dm6_minus_cns_midline	48694
all_dm6_minus_cns_midline	48695
all_dm6_minus_cns_midline	48696
all_dm6_minus_cns_midline	48697
all_dm6_minus_cns_midline	48698
all_dm6_minus_cns_midline	48699
all_dm6_minus_cns_midline	48700
all_dm6_minus_cns_midline	48701
all_dm6_minus_cns_midline	48703
all_dm6_minus_cns_midline	48704
all_dm6_minus_cns_midline	48705
all_dm6_minus_cns_midline	48706
all_dm6_minus_cns_midline	48707
all_dm6_minus_cns_midline	48708
all_dm6_minus_cns_midline	48709
all_dm6_minus_cns_midline	48710
all_dm6_minus_cns_midline	48711
all_dm6_minus_cns_midline	48712
all_dm6_minus_cns_midline	48713
all_dm6_minus_cns_midline	48714
all_dm6_minus_cns_midline	48715
all_dm6_minus_cns_midline	48716
all_dm6_minus_cns_midline	48717
all_dm6_minus_cns_midline	48718
all_dm6_minus_cns_midline	48719
all_dm6_minus_cns_midline	48720
all_dm6_minus_cns_midline	48721
all_dm6_minus_cns_midline	48722
all_dm6_minus_cns_midline	48723
all_dm6_minus_cns_midline	48724
all_dm6_minus_cns_midline	48725
all_dm6_minus_cns_midline	48726
all_dm6_minus_cns_midline	48727
all_dm6_minus_cns_midline	48728
all_dm6_minus_cns_midline	48729
all_dm6_minus_cns_midline	48731
all_dm6_minus_cns_midline	48732
all_dm6_minus_cns_midline	48733
all_dm6_minus_cns_midline	48734
all_dm6_minus_cns_midline	48735
all_dm6_minus_cns_midline	48736
all_dm6_minus_cns_midline	48737
all_dm6_minus_cns_midline	48738
all_dm6_minus_cns_midline	48739
all_dm6_minus_cns_midline	48740
all_dm6_minus_cns_midline	48741
all_dm6_minus_cns_midline	48742
all_dm6_minus_cns_midline	48743
all_dm6_minus_cns_midline	48744
all_dm6_minus_cns_midline	48747
all_dm6_minus_cns_midline	48748
all_dm6_minus_cns_midline	48749
all_dm6_minus_cns_midline	48750
all_dm6_minus_cns_midline	48751
all_dm6_minus_cns_midline	48752
all_dm6_minus_cns_midline	48753
all_dm6_minus_cns_midline	48754
all_dm6_minus_cns_midline	48755
all_dm6_minus_cns_midline	48756
all_dm6_minus_cns_midline	48757
all_dm6_minus_cns_midline	48758
all_dm6_minus_cns_midline	48759
all_dm6_minus_cns_midline	48761
all_dm6_minus_cns_midline	48762
all_dm6_minus_cns_midline	48763
all_dm6_minus_cns_midline	48765
all_dm6_minus_cns_midline	48766
all_dm6_minus_cns_midline	48767
all_dm6_minus_cns_midline	48768
all_dm6_minus_cns_midline	48769
all_dm6_minus_cns_midline	48770
all_dm6_minus_cns_midline	48772
all_dm6_minus_cns_midline	48775
all_dm6_minus_cns_midline	48781
all_dm6_minus_cns_midline	48782
all_dm6_minus_cns_midline	48785
all_dm6_minus_cns_midline	48786
all_dm6_minus_cns_midline	48787
all_dm6_minus_cns_midline	48788
all_dm6_minus_cns_midline	48789
all_dm6_minus_cns_midline	48790
all_dm6_minus_cns_midline	48791
all_dm6_minus_cns_midline	48792
all_dm6_minus_cns_midline	48793
all_dm6_minus_cns_midline	48794
all_dm6_minus_cns_midline	48795
all_dm6_minus_cns_midline	48796
all_dm6_minus_cns_midline	48797
all_dm6_minus_cns_midline	48798
all_dm6_minus_cns_midline	48799
all_dm6_minus_cns_midline	48800
all_dm6_minus_cns_midline	48801
all_dm6_minus_cns_midline	48802
all_dm6_minus_cns_midline	48803
all_dm6_minus_cns_midline	48804
all_dm6_minus_cns_midline	48805
all_dm6_minus_cns_midline	48806
all_dm6_minus_cns_midline	48807
all_dm6_minus_cns_midline	48808
all_dm6_minus_cns_midline	48810
all_dm6_minus_cns_midline	48811
all_dm6_minus_cns_midline	48812
all_dm6_minus_cns_midline	48813
all_dm6_minus_cns_midline	48815
all_dm6_minus_cns_midline	48816
all_dm6_minus_cns_midline	48817
all_dm6_minus_cns_midline	48818
all_dm6_minus_cns_midline	48819
all_dm6_minus_cns_midline	48820
all_dm6_minus_cns_midline	48821
all_dm6_minus_cns_midline	48822
all_dm6_minus_cns_midline	48823
all_dm6_minus_cns_midline	48824
all_dm6_minus_cns_midline	48825
all_dm6_minus_cns_midline	48826
all_dm6_minus_cns_midline	48827
all_dm6_minus_cns_midline	48828
all_dm6_minus_cns_midline	48829
all_dm6_minus_cns_midline	48831
all_dm6_minus_cns_midline	48832
all_dm6_minus_cns_midline	48833
all_dm6_minus_cns_midline	48834
all_dm6_minus_cns_midline	48835
all_dm6_minus_cns_midline	48836
all_dm6_minus_cns_midline	48837
all_dm6_minus_cns_midline	48838
all_dm6_minus_cns_midline	48839
all_dm6_minus_cns_midline	48840
all_dm6_minus_cns_midline	48841
all_dm6_minus_cns_midline	48842
all_dm6_minus_cns_midline	48843
all_dm6_minus_cns_midline	48844
all_dm6_minus_cns_midline	48845
all_dm6_minus_cns_midline	48846
all_dm6_minus_cns_midline	48847
all_dm6_minus_cns_midline	48849
all_dm6_minus_cns_midline	48850
all_dm6_minus_cns_midline	48851
all_dm6_minus_cns_midline	48853
all_dm6_minus_cns_midline	48854
all_dm6_minus_cns_midline	48855
all_dm6_minus_cns_midline	48856
all_dm6_minus_cns_midline	48857
all_dm6_minus_cns_midline	48858
all_dm6_minus_cns_midline	48859
all_dm6_minus_cns_midline	48860
all_dm6_minus_cns_midline	48861
all_dm6_minus_cns_midline	48862
all_dm6_minus_cns_midline	48863
all_dm6_minus_cns_midline	48864
all_dm6_minus_cns_midline	48865
all_dm6_minus_cns_midline	48866
all_dm6_minus_cns_midline	48867
all_dm6_minus_cns_midline	48868
all_dm6_minus_cns_midline	48869
all_dm6_minus_cns_midline	48870
all_dm6_minus_cns_midline	48871
all_dm6_minus_cns_midline	48872
all_dm6_minus_cns_midline	48873
all_dm6_minus_cns_midline	48874
all_dm6_minus_cns_midline	48875
all_dm6_minus_cns_midline	48876
all_dm6_minus_cns_midline	48877
all_dm6_minus_cns_midline	48878
all_dm6_minus_cns_midline	48879
all_dm6_minus_cns_midline	48880
all_dm6_minus_cns_midline	48881
all_dm6_minus_cns_midline	48882
all_dm6_minus_cns_midline	48883
all_dm6_minus_cns_midline	48884
all_dm6_minus_cns_midline	48885
all_dm6_minus_cns_midline	48886
all_dm6_minus_cns_midline	48887
all_dm6_minus_cns_midline	48888
all_dm6_minus_cns_midline	48889
all_dm6_minus_cns_midline	48890
all_dm6_minus_cns_midline	48891
all_dm6_minus_cns_midline	48892
all_dm6_minus_cns_midline	48893
all_dm6_minus_cns_midline	48894
all_dm6_minus_cns_midline	48895
all_dm6_minus_cns_midline	48896
all_dm6_minus_cns_midline	48897
all_dm6_minus_cns_midline	48898
all_dm6_minus_cns_midline	48899
all_dm6_minus_cns_midline	48900
all_dm6_minus_cns_midline	48901
all_dm6_minus_cns_midline	48902
all_dm6_minus_cns_midline	48903
all_dm6_minus_cns_midline	48904
all_dm6_minus_cns_midline	48905
all_dm6_minus_cns_midline	48906
all_dm6_minus_cns_midline	48907
all_dm6_minus_cns_midline	48908
all_dm6_minus_cns_midline	48909
all_dm6_minus_cns_midline	48910
all_dm6_minus_cns_midline	48911
all_dm6_minus_cns_midline	48913
all_dm6_minus_cns_midline	48914
all_dm6_minus_cns_midline	48915
all_dm6_minus_cns_midline	48916
all_dm6_minus_cns_midline	48917
all_dm6_minus_cns_midline	48918
all_dm6_minus_cns_midline	48919
all_dm6_minus_cns_midline	48921
all_dm6_minus_cns_midline	48922
all_dm6_minus_cns_midline	48923
all_dm6_minus_cns_midline	48924
all_dm6_minus_cns_midline	48925
all_dm6_minus_cns_midline	48926
all_dm6_minus_cns_midline	48927
all_dm6_minus_cns_midline	48928
all_dm6_minus_cns_midline	48929
all_dm6_minus_cns_midline	48930
all_dm6_minus_cns_midline	48931
all_dm6_minus_cns_midline	48933
all_dm6_minus_cns_midline	48934
all_dm6_minus_cns_midline	48935
all_dm6_minus_cns_midline	48936
all_dm6_minus_cns_midline	48937
all_dm6_minus_cns_midline	48938
all_dm6_minus_cns_midline	48939
all_dm6_minus_cns_midline	48941
all_dm6_minus_cns_midline	48942
all_dm6_minus_cns_midline	48943
all_dm6_minus_cns_midline	48944
all_dm6_minus_cns_midline	48945
all_dm6_minus_cns_midline	48946
all_dm6_minus_cns_midline	48947
all_dm6_minus_cns_midline	48948
all_dm6_minus_cns_midline	48949
all_dm6_minus_cns_midline	48950
all_dm6_minus_cns_midline	48951
all_dm6_minus_cns_midline	48952
all_dm6_minus_cns_midline	48953
all_dm6_minus_cns_midline	48954
all_dm6_minus_cns_midline	48955
all_dm6_minus_cns_midline	48956
all_dm6_minus_cns_midline	48957
all_dm6_minus_cns_midline	48958
all_dm6_minus_cns_midline	48959
all_dm6_minus_cns_midline	48961
all_dm6_minus_cns_midline	48962
all_dm6_minus_cns_midline	48963
all_dm6_minus_cns_midline	48964
all_dm6_minus_cns_midline	48965
all_dm6_minus_cns_midline	48966
all_dm6_minus_cns_midline	48967
all_dm6_minus_cns_midline	48968
all_dm6_minus_cns_midline	48970
all_dm6_minus_cns_midline	48971
all_dm6_minus_cns_midline	48973
all_dm6_minus_cns_midline	48975
all_dm6_minus_cns_midline	48976
all_dm6_minus_cns_midline	48977
all_dm6_minus_cns_midline	48979
all_dm6_minus_cns_midline	48981
all_dm6_minus_cns_midline	48982
all_dm6_minus_cns_midline	48983
all_dm6_minus_cns_midline	48984
all_dm6_minus_cns_midline	48985
all_dm6_minus_cns_midline	48986
all_dm6_minus_cns_midline	48989
all_dm6_minus_cns_midline	48990
all_dm6_minus_cns_midline	48991
all_dm6_minus_cns_midline	48992
all_dm6_minus_cns_midline	48993
all_dm6_minus_cns_midline	48994
all_dm6_minus_cns_midline	48995
all_dm6_minus_cns_midline	48996
all_dm6_minus_cns_midline	48997
all_dm6_minus_cns_midline	48998
all_dm6_minus_cns_midline	48999
all_dm6_minus_cns_midline	49000
all_dm6_minus_cns_midline	49001
all_dm6_minus_cns_midline	49002
all_dm6_minus_cns_midline	49003
all_dm6_minus_cns_midline	49004
all_dm6_minus_cns_midline	49005
all_dm6_minus_cns_midline	49006
all_dm6_minus_cns_midline	49007
all_dm6_minus_cns_midline	49008
all_dm6_minus_cns_midline	49009
all_dm6_minus_cns_midline	49011
all_dm6_minus_cns_midline	49012
all_dm6_minus_cns_midline	49013
all_dm6_minus_cns_midline	49014
all_dm6_minus_cns_midline	49015
all_dm6_minus_cns_midline	49016
all_dm6_minus_cns_midline	49017
all_dm6_minus_cns_midline	49018
all_dm6_minus_cns_midline	49019
all_dm6_minus_cns_midline	49020
all_dm6_minus_cns_midline	49022
all_dm6_minus_cns_midline	49023
all_dm6_minus_cns_midline	49028
all_dm6_minus_cns_midline	49029
all_dm6_minus_cns_midline	49030
all_dm6_minus_cns_midline	49031
all_dm6_minus_cns_midline	49032
all_dm6_minus_cns_midline	49033
all_dm6_minus_cns_midline	49034
all_dm6_minus_cns_midline	49035
all_dm6_minus_cns_midline	49036
all_dm6_minus_cns_midline	49037
all_dm6_minus_cns_midline	49038
all_dm6_minus_cns_midline	49039
all_dm6_minus_cns_midline	49040
all_dm6_minus_cns_midline	49041
all_dm6_minus_cns_midline	49043
all_dm6_minus_cns_midline	49044
all_dm6_minus_cns_midline	49046
all_dm6_minus_cns_midline	49047
all_dm6_minus_cns_midline	49048
all_dm6_minus_cns_midline	49049
all_dm6_minus_cns_midline	49050
all_dm6_minus_cns_midline	49051
all_dm6_minus_cns_midline	49052
all_dm6_minus_cns_midline	49053
all_dm6_minus_cns_midline	49054
all_dm6_minus_cns_midline	49055
all_dm6_minus_cns_midline	49056
all_dm6_minus_cns_midline	49057
all_dm6_minus_cns_midline	49058
all_dm6_minus_cns_midline	49059
all_dm6_minus_cns_midline	49060
all_dm6_minus_cns_midline	49061
all_dm6_minus_cns_midline	49062
all_dm6_minus_cns_midline	49063
all_dm6_minus_cns_midline	49064
all_dm6_minus_cns_midline	49065
all_dm6_minus_cns_midline	49066
all_dm6_minus_cns_midline	49067
all_dm6_minus_cns_midline	49070
all_dm6_minus_cns_midline	49071
all_dm6_minus_cns_midline	49072
all_dm6_minus_cns_midline	49073
all_dm6_minus_cns_midline	49074
all_dm6_minus_cns_midline	49075
all_dm6_minus_cns_midline	49076
all_dm6_minus_cns_midline	49077
all_dm6_minus_cns_midline	49078
all_dm6_minus_cns_midline	49080
all_dm6_minus_cns_midline	49081
all_dm6_minus_cns_midline	49082
all_dm6_minus_cns_midline	49084
all_dm6_minus_cns_midline	49085
all_dm6_minus_cns_midline	49088
all_dm6_minus_cns_midline	49089
all_dm6_minus_cns_midline	49090
all_dm6_minus_cns_midline	49100
all_dm6_minus_cns_midline	49103
all_dm6_minus_cns_midline	49105
all_dm6_minus_cns_midline	49108
all_dm6_minus_cns_midline	49109
all_dm6_minus_cns_midline	49110
all_dm6_minus_cns_midline	49111
all_dm6_minus_cns_midline	49112
all_dm6_minus_cns_midline	49113
all_dm6_minus_cns_midline	49114
all_dm6_minus_cns_midline	49115
all_dm6_minus_cns_midline	49116
all_dm6_minus_cns_midline	49117
all_dm6_minus_cns_midline	49119
all_dm6_minus_cns_midline	49120
all_dm6_minus_cns_midline	49121
all_dm6_minus_cns_midline	49122
all_dm6_minus_cns_midline	49123
all_dm6_minus_cns_midline	49124
all_dm6_minus_cns_midline	49125
all_dm6_minus_cns_midline	49126
all_dm6_minus_cns_midline	49127
all_dm6_minus_cns_midline	49128
all_dm6_minus_cns_midline	49129
all_dm6_minus_cns_midline	49130
all_dm6_minus_cns_midline	49131
all_dm6_minus_cns_midline	49132
all_dm6_minus_cns_midline	49133
all_dm6_minus_cns_midline	49134
all_dm6_minus_cns_midline	49135
all_dm6_minus_cns_midline	49136
all_dm6_minus_cns_midline	49137
all_dm6_minus_cns_midline	49138
all_dm6_minus_cns_midline	49139
all_dm6_minus_cns_midline	49140
all_dm6_minus_cns_midline	49141
all_dm6_minus_cns_midline	49142
all_dm6_minus_cns_midline	49143
all_dm6_minus_cns_midline	49144
all_dm6_minus_cns_midline	49145
all_dm6_minus_cns_midline	49146
all_dm6_minus_cns_midline	49147
all_dm6_minus_cns_midline	49148
all_dm6_minus_cns_midline	49149
all_dm6_minus_cns_midline	49150
all_dm6_minus_cns_midline	49151
all_dm6_minus_cns_midline	49152
all_dm6_minus_cns_midline	49153
all_dm6_minus_cns_midline	49154
all_dm6_minus_cns_midline	49156
all_dm6_minus_cns_midline	49157
all_dm6_minus_cns_midline	49158
all_dm6_minus_cns_midline	49159
all_dm6_minus_cns_midline	49160
all_dm6_minus_cns_midline	49161
all_dm6_minus_cns_midline	49162
all_dm6_minus_cns_midline	49163
all_dm6_minus_cns_midline	49164
all_dm6_minus_cns_midline	49165
all_dm6_minus_cns_midline	49172
all_dm6_minus_cns_midline	49173
all_dm6_minus_cns_midline	49175
all_dm6_minus_cns_midline	49176
all_dm6_minus_cns_midline	49177
all_dm6_minus_cns_midline	49178
all_dm6_minus_cns_midline	49179
all_dm6_minus_cns_midline	49180
all_dm6_minus_cns_midline	49181
all_dm6_minus_cns_midline	49182
all_dm6_minus_cns_midline	49183
all_dm6_minus_cns_midline	49184
all_dm6_minus_cns_midline	49185
all_dm6_minus_cns_midline	49186
all_dm6_minus_cns_midline	49188
all_dm6_minus_cns_midline	49189
all_dm6_minus_cns_midline	49190
all_dm6_minus_cns_midline	49191
all_dm6_minus_cns_midline	49192
all_dm6_minus_cns_midline	49193
all_dm6_minus_cns_midline	49194
all_dm6_minus_cns_midline	49195
all_dm6_minus_cns_midline	49196
all_dm6_minus_cns_midline	49197
all_dm6_minus_cns_midline	49198
all_dm6_minus_cns_midline	49199
all_dm6_minus_cns_midline	49200
all_dm6_minus_cns_midline	49201
all_dm6_minus_cns_midline	49202
all_dm6_minus_cns_midline	49203
all_dm6_minus_cns_midline	49204
all_dm6_minus_cns_midline	49205
all_dm6_minus_cns_midline	49206
all_dm6_minus_cns_midline	49207
all_dm6_minus_cns_midline	49208
all_dm6_minus_cns_midline	49209
all_dm6_minus_cns_midline	49210
all_dm6_minus_cns_midline	49211
all_dm6_minus_cns_midline	49212
all_dm6_minus_cns_midline	49213
all_dm6_minus_cns_midline	49214
all_dm6_minus_cns_midline	49215
all_dm6_minus_cns_midline	49216
all_dm6_minus_cns_midline	49217
all_dm6_minus_cns_midline	49218
all_dm6_minus_cns_midline	49219
all_dm6_minus_cns_midline	49220
all_dm6_minus_cns_midline	49221
all_dm6_minus_cns_midline	49222
all_dm6_minus_cns_midline	49224
all_dm6_minus_cns_midline	49226
all_dm6_minus_cns_midline	49227
all_dm6_minus_cns_midline	49228
all_dm6_minus_cns_midline	49229
all_dm6_minus_cns_midline	49230
all_dm6_minus_cns_midline	49231
all_dm6_minus_cns_midline	49232
all_dm6_minus_cns_midline	49233
all_dm6_minus_cns_midline	49234
all_dm6_minus_cns_midline	49235
all_dm6_minus_cns_midline	49237
all_dm6_minus_cns_midline	49241
all_dm6_minus_cns_midline	49242
all_dm6_minus_cns_midline	49243
all_dm6_minus_cns_midline	49248
all_dm6_minus_cns_midline	49249
all_dm6_minus_cns_midline	49250
all_dm6_minus_cns_midline	49251
all_dm6_minus_cns_midline	49252
all_dm6_minus_cns_midline	49253
all_dm6_minus_cns_midline	49254
all_dm6_minus_cns_midline	49255
all_dm6_minus_cns_midline	49256
all_dm6_minus_cns_midline	49257
all_dm6_minus_cns_midline	49258
all_dm6_minus_cns_midline	49259
all_dm6_minus_cns_midline	49260
all_dm6_minus_cns_midline	49261
all_dm6_minus_cns_midline	49262
all_dm6_minus_cns_midline	49263
all_dm6_minus_cns_midline	49265
all_dm6_minus_cns_midline	49266
all_dm6_minus_cns_midline	49268
all_dm6_minus_cns_midline	49269
all_dm6_minus_cns_midline	49270
all_dm6_minus_cns_midline	49271
all_dm6_minus_cns_midline	49272
all_dm6_minus_cns_midline	49273
all_dm6_minus_cns_midline	49275
all_dm6_minus_cns_midline	49276
all_dm6_minus_cns_midline	49277
all_dm6_minus_cns_midline	49278
all_dm6_minus_cns_midline	49279
all_dm6_minus_cns_midline	49280
all_dm6_minus_cns_midline	49281
all_dm6_minus_cns_midline	49282
all_dm6_minus_cns_midline	49283
all_dm6_minus_cns_midline	49284
all_dm6_minus_cns_midline	49285
all_dm6_minus_cns_midline	49287
all_dm6_minus_cns_midline	49288
all_dm6_minus_cns_midline	49289
all_dm6_minus_cns_midline	49290
all_dm6_minus_cns_midline	49291
all_dm6_minus_cns_midline	49292
all_dm6_minus_cns_midline	49293
all_dm6_minus_cns_midline	49294
all_dm6_minus_cns_midline	49295
all_dm6_minus_cns_midline	49296
all_dm6_minus_cns_midline	49297
all_dm6_minus_cns_midline	49298
all_dm6_minus_cns_midline	49299
all_dm6_minus_cns_midline	49300
all_dm6_minus_cns_midline	49301
all_dm6_minus_cns_midline	49302
all_dm6_minus_cns_midline	49303
all_dm6_minus_cns_midline	49304
all_dm6_minus_cns_midline	49305
all_dm6_minus_cns_midline	49306
all_dm6_minus_cns_midline	49307
all_dm6_minus_cns_midline	49308
all_dm6_minus_cns_midline	49309
all_dm6_minus_cns_midline	49310
all_dm6_minus_cns_midline	49311
all_dm6_minus_cns_midline	49312
all_dm6_minus_cns_midline	49313
all_dm6_minus_cns_midline	49314
all_dm6_minus_cns_midline	49315
all_dm6_minus_cns_midline	49316
all_dm6_minus_cns_midline	49317
all_dm6_minus_cns_midline	49318
all_dm6_minus_cns_midline	49319
all_dm6_minus_cns_midline	49320
all_dm6_minus_cns_midline	49321
all_dm6_minus_cns_midline	49322
all_dm6_minus_cns_midline	49325
all_dm6_minus_cns_midline	49326
all_dm6_minus_cns_midline	49327
all_dm6_minus_cns_midline	49329
all_dm6_minus_cns_midline	49330
all_dm6_minus_cns_midline	49331
all_dm6_minus_cns_midline	49332
all_dm6_minus_cns_midline	49333
all_dm6_minus_cns_midline	49334
all_dm6_minus_cns_midline	49335
all_dm6_minus_cns_midline	49336
all_dm6_minus_cns_midline	49337
all_dm6_minus_cns_midline	49338
all_dm6_minus_cns_midline	49339
all_dm6_minus_cns_midline	49340
all_dm6_minus_cns_midline	49341
all_dm6_minus_cns_midline	49342
all_dm6_minus_cns_midline	49343
all_dm6_minus_cns_midline	49344
all_dm6_minus_cns_midline	49345
all_dm6_minus_cns_midline	49346
all_dm6_minus_cns_midline	49347
all_dm6_minus_cns_midline	49348
all_dm6_minus_cns_midline	49349
all_dm6_minus_cns_midline	49351
all_dm6_minus_cns_midline	49354
all_dm6_minus_cns_midline	49356
all_dm6_minus_cns_midline	49357
all_dm6_minus_cns_midline	49358
all_dm6_minus_cns_midline	49359
all_dm6_minus_cns_midline	49360
all_dm6_minus_cns_midline	49361
all_dm6_minus_cns_midline	49362
all_dm6_minus_cns_midline	49363
all_dm6_minus_cns_midline	49364
all_dm6_minus_cns_midline	49365
all_dm6_minus_cns_midline	49405
all_dm6_minus_cns_midline	49406
all_dm6_minus_cns_midline	49407
all_dm6_minus_cns_midline	49411
all_dm6_minus_cns_midline	49412
all_dm6_minus_cns_midline	49413
all_dm6_minus_cns_midline	49414
all_dm6_minus_cns_midline	49415
all_dm6_minus_cns_midline	49416
all_dm6_minus_cns_midline	49417
all_dm6_minus_cns_midline	49418
all_dm6_minus_cns_midline	49419
all_dm6_minus_cns_midline	49420
all_dm6_minus_cns_midline	49421
all_dm6_minus_cns_midline	49422
all_dm6_minus_cns_midline	49423
all_dm6_minus_cns_midline	49425
all_dm6_minus_cns_midline	49427
all_dm6_minus_cns_midline	49429
all_dm6_minus_cns_midline	49430
all_dm6_minus_cns_midline	49431
all_dm6_minus_cns_midline	49432
all_dm6_minus_cns_midline	49433
all_dm6_minus_cns_midline	49435
all_dm6_minus_cns_midline	49436
all_dm6_minus_cns_midline	49437
all_dm6_minus_cns_midline	49438
all_dm6_minus_cns_midline	49439
all_dm6_minus_cns_midline	49440
all_dm6_minus_cns_midline	49441
all_dm6_minus_cns_midline	49442
all_dm6_minus_cns_midline	49444
all_dm6_minus_cns_midline	49445
all_dm6_minus_cns_midline	49446
all_dm6_minus_cns_midline	49448
all_dm6_minus_cns_midline	49450
all_dm6_minus_cns_midline	49451
all_dm6_minus_cns_midline	49452
all_dm6_minus_cns_midline	49454
all_dm6_minus_cns_midline	49456
all_dm6_minus_cns_midline	49458
all_dm6_minus_cns_midline	49459
all_dm6_minus_cns_midline	49460
all_dm6_minus_cns_midline	49461
all_dm6_minus_cns_midline	49462
all_dm6_minus_cns_midline	49463
all_dm6_minus_cns_midline	49464
all_dm6_minus_cns_midline	49466
all_dm6_minus_cns_midline	49472
all_dm6_minus_cns_midline	49473
all_dm6_minus_cns_midline	49474
all_dm6_minus_cns_midline	49475
all_dm6_minus_cns_midline	49476
all_dm6_minus_cns_midline	49477
all_dm6_minus_cns_midline	49478
all_dm6_minus_cns_midline	49479
all_dm6_minus_cns_midline	49480
all_dm6_minus_cns_midline	49481
all_dm6_minus_cns_midline	49482
all_dm6_minus_cns_midline	49483
all_dm6_minus_cns_midline	49484
all_dm6_minus_cns_midline	49485
all_dm6_minus_cns_midline	49486
all_dm6_minus_cns_midline	49492
all_dm6_minus_cns_midline	49493
all_dm6_minus_cns_midline	49495
all_dm6_minus_cns_midline	49496
all_dm6_minus_cns_midline	49497
all_dm6_minus_cns_midline	49498
all_dm6_minus_cns_midline	49499
all_dm6_minus_cns_midline	49500
all_dm6_minus_cns_midline	49501
all_dm6_minus_cns_midline	49502
all_dm6_minus_cns_midline	49503
all_dm6_minus_cns_midline	49504
all_dm6_minus_cns_midline	49505
all_dm6_minus_cns_midline	49506
all_dm6_minus_cns_midline	49507
all_dm6_minus_cns_midline	49508
all_dm6_minus_cns_midline	49509
all_dm6_minus_cns_midline	49511
all_dm6_minus_cns_midline	49512
all_dm6_minus_cns_midline	49513
all_dm6_minus_cns_midline	49514
all_dm6_minus_cns_midline	49515
all_dm6_minus_cns_midline	49518
all_dm6_minus_cns_midline	49519
all_dm6_minus_cns_midline	49520
all_dm6_minus_cns_midline	49521
all_dm6_minus_cns_midline	49522
all_dm6_minus_cns_midline	49523
all_dm6_minus_cns_midline	49524
all_dm6_minus_cns_midline	49526
all_dm6_minus_cns_midline	49527
all_dm6_minus_cns_midline	49528
all_dm6_minus_cns_midline	49529
all_dm6_minus_cns_midline	49530
all_dm6_minus_cns_midline	49576
all_dm6_minus_cns_midline	49577
all_dm6_minus_cns_midline	49578
all_dm6_minus_cns_midline	49579
all_dm6_minus_cns_midline	49580
all_dm6_minus_cns_midline	49581
all_dm6_minus_cns_midline	49582
all_dm6_minus_cns_midline	49583
all_dm6_minus_cns_midline	49584
all_dm6_minus_cns_midline	49585
all_dm6_minus_cns_midline	49586
all_dm6_minus_cns_midline	49596
all_dm6_minus_cns_midline	49597
all_dm6_minus_cns_midline	49598
all_dm6_minus_cns_midline	49599
all_dm6_minus_cns_midline	49600
all_dm6_minus_cns_midline	49601
all_dm6_minus_cns_midline	49602
all_dm6_minus_cns_midline	49603
all_dm6_minus_cns_midline	49604
all_dm6_minus_cns_midline	49605
all_dm6_minus_cns_midline	49636
all_dm6_minus_cns_midline	49638
all_dm6_minus_cns_midline	49640
all_dm6_minus_cns_midline	49641
all_dm6_minus_cns_midline	49643
all_dm6_minus_cns_midline	49644
all_dm6_minus_cns_midline	49648
all_dm6_minus_cns_midline	49649
all_dm6_minus_cns_midline	49650
all_dm6_minus_cns_midline	49651
all_dm6_minus_cns_midline	49652
all_dm6_minus_cns_midline	49701
all_dm6_minus_cns_midline	49712
all_dm6_minus_cns_midline	49713
all_dm6_minus_cns_midline	49714
all_dm6_minus_cns_midline	49715
all_dm6_minus_cns_midline	49723
all_dm6_minus_cns_midline	49724
all_dm6_minus_cns_midline	49726
all_dm6_minus_cns_midline	49727
all_dm6_minus_cns_midline	49729
all_dm6_minus_cns_midline	49730
all_dm6_minus_cns_midline	49731
all_dm6_minus_cns_midline	49732
all_dm6_minus_cns_midline	49736
all_dm6_minus_cns_midline	49737
all_dm6_minus_cns_midline	49739
all_dm6_minus_cns_midline	49740
all_dm6_minus_cns_midline	49741
all_dm6_minus_cns_midline	49742
all_dm6_minus_cns_midline	49743
all_dm6_minus_cns_midline	49744
all_dm6_minus_cns_midline	49747
all_dm6_minus_cns_midline	49751
all_dm6_minus_cns_midline	49752
all_dm6_minus_cns_midline	49753
all_dm6_minus_cns_midline	49756
all_dm6_minus_cns_midline	49762
all_dm6_minus_cns_midline	49765
all_dm6_minus_cns_midline	49768
all_dm6_minus_cns_midline	49779
all_dm6_minus_cns_midline	49780
all_dm6_minus_cns_midline	49802
all_dm6_minus_cns_midline	49803
all_dm6_minus_cns_midline	49804
all_dm6_minus_cns_midline	49805
all_dm6_minus_cns_midline	49806
all_dm6_minus_cns_midline	49807
all_dm6_minus_cns_midline	49808
all_dm6_minus_cns_midline	49809
all_dm6_minus_cns_midline	49815
all_dm6_minus_cns_midline	49816
all_dm6_minus_cns_midline	49821
all_dm6_minus_cns_midline	49847
all_dm6_minus_cns_midline	49893
all_dm6_minus_cns_midline	49895
all_dm6_minus_cns_midline	49952
all_dm6_minus_cns_midline	49953
all_dm6_minus_cns_midline	49968
all_dm6_minus_cns_midline	49992
all_dm6_minus_cns_midline	49997
all_dm6_minus_cns_midline	50001
all_dm6_minus_cns_midline	50002
all_dm6_minus_cns_midline	50005
all_dm6_minus_cns_midline	50007
all_dm6_minus_cns_midline	50022
all_dm6_minus_cns_midline	50024
all_dm6_minus_cns_midline	50026
all_dm6_minus_cns_midline	50032
all_dm6_minus_cns_midline	50039
all_dm6_minus_cns_midline	50042
all_dm6_minus_cns_midline	50044
all_dm6_minus_cns_midline	50048
all_dm6_minus_cns_midline	50050
all_dm6_minus_cns_midline	50055
all_dm6_minus_cns_midline	50061
all_dm6_minus_cns_midline	50068
all_dm6_minus_cns_midline	50070
all_dm6_minus_cns_midline	50072
all_dm6_minus_cns_midline	50074
all_dm6_minus_cns_midline	50075
all_dm6_minus_cns_midline	50079
all_dm6_minus_cns_midline	50080
all_dm6_minus_cns_midline	50082
all_dm6_minus_cns_midline	50092
all_dm6_minus_cns_midline	50096
all_dm6_minus_cns_midline	50101
all_dm6_minus_cns_midline	50102
all_dm6_minus_cns_midline	50105
all_dm6_minus_cns_midline	50107
all_dm6_minus_cns_midline	50109
all_dm6_minus_cns_midline	50110
all_dm6_minus_cns_midline	50121
all_dm6_minus_cns_midline	50122
all_dm6_minus_cns_midline	50123
all_dm6_minus_cns_midline	50124
all_dm6_minus_cns_midline	50126
all_dm6_minus_cns_midline	50129
all_dm6_minus_cns_midline	50133
all_dm6_minus_cns_midline	50139
all_dm6_minus_cns_midline	50143
all_dm6_minus_cns_midline	50147
all_dm6_minus_cns_midline	50149
all_dm6_minus_cns_midline	50152
all_dm6_minus_cns_midline	50157
all_dm6_minus_cns_midline	50160
all_dm6_minus_cns_midline	50161
all_dm6_minus_cns_midline	50167
all_dm6_minus_cns_midline	50169
all_dm6_minus_cns_midline	50170
all_dm6_minus_cns_midline	50172
all_dm6_minus_cns_midline	50178
all_dm6_minus_cns_midline	50188
all_dm6_minus_cns_midline	50190
all_dm6_minus_cns_midline	50191
all_dm6_minus_cns_midline	50192
all_dm6_minus_cns_midline	50196
all_dm6_minus_cns_midline	50198
all_dm6_minus_cns_midline	50202
all_dm6_minus_cns_midline	50203
all_dm6_minus_cns_midline	50205
all_dm6_minus_cns_midline	50206
all_dm6_minus_cns_midline	50207
all_dm6_minus_cns_midline	50208
all_dm6_minus_cns_midline	50209
all_dm6_minus_cns_midline	50210
all_dm6_minus_cns_midline	50216
all_dm6_minus_cns_midline	50220
all_dm6_minus_cns_midline	50224
all_dm6_minus_cns_midline	50225
all_dm6_minus_cns_midline	50227
all_dm6_minus_cns_midline	50228
all_dm6_minus_cns_midline	50236
all_dm6_minus_cns_midline	50237
all_dm6_minus_cns_midline	50246
all_dm6_minus_cns_midline	50250
all_dm6_minus_cns_midline	50251
all_dm6_minus_cns_midline	50252
all_dm6_minus_cns_midline	50253
all_dm6_minus_cns_midline	50257
all_dm6_minus_cns_midline	50259
all_dm6_minus_cns_midline	50263
all_dm6_minus_cns_midline	50266
all_dm6_minus_cns_midline	50267
all_dm6_minus_cns_midline	50268
all_dm6_minus_cns_midline	50270
all_dm6_minus_cns_midline	50271
all_dm6_minus_cns_midline	50274
all_dm6_minus_cns_midline	50281
all_dm6_minus_cns_midline	50282
all_dm6_minus_cns_midline	50285
all_dm6_minus_cns_midline	50286
all_dm6_minus_cns_midline	50287
all_dm6_minus_cns_midline	50289
all_dm6_minus_cns_midline	50290
all_dm6_minus_cns_midline	50296
all_dm6_minus_cns_midline	50300
all_dm6_minus_cns_midline	50301
all_dm6_minus_cns_midline	50305
all_dm6_minus_cns_midline	50310
all_dm6_minus_cns_midline	50315
all_dm6_minus_cns_midline	50316
all_dm6_minus_cns_midline	50320
all_dm6_minus_cns_midline	50323
all_dm6_minus_cns_midline	50344
all_dm6_minus_cns_midline	50350
all_dm6_minus_cns_midline	50356
all_dm6_minus_cns_midline	50358
all_dm6_minus_cns_midline	50363
all_dm6_minus_cns_midline	50364
all_dm6_minus_cns_midline	50365
all_dm6_minus_cns_midline	50366
all_dm6_minus_cns_midline	50373
all_dm6_minus_cns_midline	50374
all_dm6_minus_cns_midline	50378
all_dm6_minus_cns_midline	50379
all_dm6_minus_cns_midline	50380
all_dm6_minus_cns_midline	50381
all_dm6_minus_cns_midline	50391
all_dm6_minus_cns_midline	50392
all_dm6_minus_cns_midline	50395
all_dm6_minus_cns_midline	50396
all_dm6_minus_cns_midline	50397
all_dm6_minus_cns_midline	50403
all_dm6_minus_cns_midline	50405
all_dm6_minus_cns_midline	50415
all_dm6_minus_cns_midline	50416
all_dm6_minus_cns_midline	50417
all_dm6_minus_cns_midline	50423
all_dm6_minus_cns_midline	50424
all_dm6_minus_cns_midline	50428
all_dm6_minus_cns_midline	50432
all_dm6_minus_cns_midline	50433
all_dm6_minus_cns_midline	50434
all_dm6_minus_cns_midline	50437
all_dm6_minus_cns_midline	50438
all_dm6_minus_cns_midline	50441
all_dm6_minus_cns_midline	50442
all_dm6_minus_cns_midline	50446
all_dm6_minus_cns_midline	50454
all_dm6_minus_cns_midline	50456
all_dm6_minus_cns_midline	50457
all_dm6_minus_cns_midline	50458
all_dm6_minus_cns_midline	50459
all_dm6_minus_cns_midline	50463
all_dm6_minus_cns_midline	50466
all_dm6_minus_cns_midline	50467
all_dm6_minus_cns_midline	50470
all_dm6_minus_cns_midline	53425
all_dm6_minus_cns_midline	53426
all_dm6_minus_cns_midline	53427
all_dm6_minus_cns_midline	53431
all_dm6_minus_cns_midline	53432
all_dm6_minus_cns_midline	53433
all_dm6_minus_cns_midline	53434
all_dm6_minus_cns_midline	53435
all_dm6_minus_cns_midline	53436
all_dm6_minus_cns_midline	53438
all_dm6_minus_cns_midline	53439
all_dm6_minus_cns_midline	53443
all_dm6_minus_cns_midline	53444
all_dm6_minus_cns_midline	53445
all_dm6_minus_cns_midline	53448
all_dm6_minus_cns_midline	53473
all_dm6_minus_cns_midline	53501
all_dm6_minus_cns_midline	53502
all_dm6_minus_cns_midline	53503
all_dm6_minus_cns_midline	53504
all_dm6_minus_cns_midline	53506
all_dm6_minus_cns_midline	53507
all_dm6_minus_cns_midline	53508
all_dm6_minus_cns_midline	53510
all_dm6_minus_cns_midline	53511
all_dm6_minus_cns_midline	53512
all_dm6_minus_cns_midline	53513
all_dm6_minus_cns_midline	53515
all_dm6_minus_cns_midline	53516
all_dm6_minus_cns_midline	53522
all_dm6_minus_cns_midline	53523
all_dm6_minus_cns_midline	53540
all_dm6_minus_cns_midline	53541
all_dm6_minus_cns_midline	53542
all_dm6_minus_cns_midline	53543
all_dm6_minus_cns_midline	53544
all_dm6_minus_cns_midline	53546
all_dm6_minus_cns_midline	53547
all_dm6_minus_cns_midline	53550
all_dm6_minus_cns_midline	53552
all_dm6_minus_cns_midline	53554
all_dm6_minus_cns_midline	53557
all_dm6_minus_cns_midline	53558
all_dm6_minus_cns_midline	53560
all_dm6_minus_cns_midline	53561
all_dm6_minus_cns_midline	53562
all_dm6_minus_cns_midline	53564
all_dm6_minus_cns_midline	53565
all_dm6_minus_cns_midline	53566
all_dm6_minus_cns_midline	53567
all_dm6_minus_cns_midline	53569
all_dm6_minus_cns_midline	53573
all_dm6_minus_cns_midline	53577
all_dm6_minus_cns_midline	53578
all_dm6_minus_cns_midline	53579
all_dm6_minus_cns_midline	53580
all_dm6_minus_cns_midline	53581
all_dm6_minus_cns_midline	53583
all_dm6_minus_cns_midline	53584
all_dm6_minus_cns_midline	53585
all_dm6_minus_cns_midline	53586
all_dm6_minus_cns_midline	59128
all_dm6_minus_cns_midline	59137
all_dm6_minus_cns_midline	59140
all_dm6_minus_cns_midline	59141
all_dm6_minus_cns_midline	59142
all_dm6_minus_cns_midline	59143
all_dm6_minus_cns_midline	59144
all_dm6_minus_cns_midline	59145
all_dm6_minus_cns_midline	59149
all_dm6_minus_cns_midline	59150
all_dm6_minus_cns_midline	59157
all_dm6_minus_cns_midline	59158
all_dm6_minus_cns_midline	59159
all_dm6_minus_cns_midline	59163
all_dm6_minus_cns_midline	59164
all_dm6_minus_cns_midline	59167
all_dm6_minus_cns_midline	59169
all_dm6_minus_cns_midline	59170
all_dm6_minus_cns_midline	59171
all_dm6_minus_cns_midline	59172
all_dm6_minus_cns_midline	59173
all_dm6_minus_cns_midline	59175
all_dm6_minus_cns_midline	59176
all_dm6_minus_cns_midline	59177
all_dm6_minus_cns_midline	59178
all_dm6_minus_cns_midline	59184
all_dm6_minus_cns_midline	59214
all_dm6_minus_cns_midline	59215
all_dm6_minus_cns_midline	59216
all_dm6_minus_cns_midline	59217
all_dm6_minus_cns_midline	59218
all_dm6_minus_cns_midline	59223
all_dm6_minus_cns_midline	59224
all_dm6_minus_cns_midline	59225
all_dm6_minus_cns_midline	59226
all_dm6_minus_cns_midline	59227
all_dm6_minus_cns_midline	59232
all_dm6_minus_cns_midline	59233
all_dm6_minus_cns_midline	59235
all_dm6_minus_cns_midline	59239
all_dm6_minus_cns_midline	59240
all_dm6_minus_cns_midline	59241
all_dm6_minus_cns_midline	59246
all_dm6_minus_cns_midline	59247
all_dm6_minus_cns_midline	59253
all_dm6_minus_cns_midline	59260
all_dm6_minus_cns_midline	59261
all_dm6_minus_cns_midline	64867
all_dm6_minus_cns_midline	64872
all_dm6_minus_cns_midline	64874
all_dm6_minus_cns_midline	64875
all_dm6_minus_cns_midline	64877
all_dm6_minus_cns_midline	64879
all_dm6_minus_cns_midline	117294
all_dm6_minus_cns_midline	117300
all_dm6_minus_cns_midline	117327
all_dm6_minus_cns_midline	117332
all_dm6_minus_cns_midline	117336
all_dm6_minus_cns_midline	117338
all_dm6_minus_cns_midline	117339
all_dm6_minus_cns_midline	117342
all_dm6_minus_cns_midline	117343
all_dm6_minus_cns_midline	117344
all_dm6_minus_cns_midline	117345
all_dm6_minus_cns_midline	117346
all_dm6_minus_cns_midline	117347
all_dm6_minus_cns_midline	117348
all_dm6_minus_cns_midline	117349
all_dm6_minus_cns_midline	117353
all_dm6_minus_cns_midline	117361
all_dm6_minus_cns_midline	117364
all_dm6_minus_cns_midline	117365
all_dm6_minus_cns_midline	117366
all_dm6_minus_cns_midline	117368
all_dm6_minus_cns_midline	117369
all_dm6_minus_cns_midline	117406
all_dm6_minus_cns_midline	117407
all_dm6_minus_cns_midline	117414
all_dm6_minus_cns_midline	117419
all_dm6_minus_cns_midline	117459
all_dm6_minus_cns_midline	117460
all_dm6_minus_cns_midline	117461
all_dm6_minus_cns_midline	117462
all_dm6_minus_cns_midline	117463
all_dm6_minus_cns_midline	117464
all_dm6_minus_cns_midline	117467
all_dm6_minus_cns_midline	117470
all_dm6_minus_cns_midline	117471
all_dm6_minus_cns_midline	117472
all_dm6_minus_cns_midline	117473
all_dm6_minus_cns_midline	117475
all_dm6_minus_cns_midline	117476
all_dm6_minus_cns_midline	117477
all_dm6_minus_cns_midline	117479
all_dm6_minus_cns_midline	117480
all_dm6_minus_cns_midline	117481
all_dm6_minus_cns_midline	117484
all_dm6_minus_cns_midline	117485
all_dm6_minus_cns_midline	117486
all_dm6_minus_cns_midline	117487
all_dm6_minus_cns_midline	117488
all_dm6_minus_cns_midline	117492
all_dm6_minus_cns_midline	117496
all_dm6_minus_cns_midline	117498
all_dm6_minus_cns_midline	117499
all_dm6_minus_cns_midline	117500
all_dm6_minus_cns_midline	117501
all_dm6_minus_cns_midline	117503
all_dm6_minus_cns_midline	118436
all_dm6_minus_cns_midline	170876
all_dm6_minus_cns_midline	170878
all_dm6_minus_cns_midline	170882
all_dm6_minus_cns_midline	170887
all_dm6_minus_cns_midline	192347
all_dm6_minus_cns_midline	192481
all_dm6_minus_cns_midline	192506
all_dm6_minus_cns_midline	192508
all_dm6_minus_cns_midline	192509
all_dm6_minus_cns_midline	192528
all_dm6_minus_cns_midline	192535
all_dm6_minus_cns_midline	192611
all_dm6_minus_cns_midline	246383
all_dm6_minus_cns_midline	246384
all_dm6_minus_cns_midline	246386
all_dm6_minus_cns_midline	246388
all_dm6_minus_cns_midline	246389
all_dm6_minus_cns_midline	246393
all_dm6_minus_cns_midline	246395
all_dm6_minus_cns_midline	246397
all_dm6_minus_cns_midline	246398
all_dm6_minus_cns_midline	246399
all_dm6_minus_cns_midline	246404
all_dm6_minus_cns_midline	246406
all_dm6_minus_cns_midline	246408
all_dm6_minus_cns_midline	246409
all_dm6_minus_cns_midline	246411
all_dm6_minus_cns_midline	246412
all_dm6_minus_cns_midline	246413
all_dm6_minus_cns_midline	246414
all_dm6_minus_cns_midline	246415
all_dm6_minus_cns_midline	246416
all_dm6_minus_cns_midline	246417
all_dm6_minus_cns_midline	246418
all_dm6_minus_cns_midline	246419
all_dm6_minus_cns_midline	246420
all_dm6_minus_cns_midline	246422
all_dm6_minus_cns_midline	246424
all_dm6_minus_cns_midline	246425
all_dm6_minus_cns_midline	246426
all_dm6_minus_cns_midline	246428
all_dm6_minus_cns_midline	246431
all_dm6_minus_cns_midline	246432
all_dm6_minus_cns_midline	246434
all_dm6_minus_cns_midline	246435
all_dm6_minus_cns_midline	246436
all_dm6_minus_cns_midline	246437
all_dm6_minus_cns_midline	246438
all_dm6_minus_cns_midline	246439
all_dm6_minus_cns_midline	246441
all_dm6_minus_cns_midline	246442
all_dm6_minus_cns_midline	246443
all_dm6_minus_cns_midline	246444
all_dm6_minus_cns_midline	246445
all_dm6_minus_cns_midline	246446
all_dm6_minus_cns_midline	246447
all_dm6_minus_cns_midline	246448
all_dm6_minus_cns_midline	246449
all_dm6_minus_cns_midline	246451
all_dm6_minus_cns_midline	246452
all_dm6_minus_cns_midline	246453
all_dm6_minus_cns_midline	246454
all_dm6_minus_cns_midline	246456
all_dm6_minus_cns_midline	246457
all_dm6_minus_cns_midline	246458
all_dm6_minus_cns_midline	246459
all_dm6_minus_cns_midline	246460
all_dm6_minus_cns_midline	246461
all_dm6_minus_cns_midline	246462
all_dm6_minus_cns_midline	246465
all_dm6_minus_cns_midline	246467
all_dm6_minus_cns_midline	246471
all_dm6_minus_cns_midline	246484
all_dm6_minus_cns_midline	246485
all_dm6_minus_cns_midline	246487
all_dm6_minus_cns_midline	246488
all_dm6_minus_cns_midline	246489
all_dm6_minus_cns_midline	246490
all_dm6_minus_cns_midline	246492
all_dm6_minus_cns_midline	246493
all_dm6_minus_cns_midline	246496
all_dm6_minus_cns_midline	246497
all_dm6_minus_cns_midline	246500
all_dm6_minus_cns_midline	246501
all_dm6_minus_cns_midline	246504
all_dm6_minus_cns_midline	246505
all_dm6_minus_cns_midline	246506
all_dm6_minus_cns_midline	246507
all_dm6_minus_cns_midline	246509
all_dm6_minus_cns_midline	246510
all_dm6_minus_cns_midline	246511
all_dm6_minus_cns_midline	246513
all_dm6_minus_cns_midline	246514
all_dm6_minus_cns_midline	246515
all_dm6_minus_cns_midline	246518
all_dm6_minus_cns_midline	246519
all_dm6_minus_cns_midline	246520
all_dm6_minus_cns_midline	246521
all_dm6_minus_cns_midline	246522
all_dm6_minus_cns_midline	246523
all_dm6_minus_cns_midline	246525
all_dm6_minus_cns_midline	246527
all_dm6_minus_cns_midline	246528
all_dm6_minus_cns_midline	246529
all_dm6_minus_cns_midline	246530
all_dm6_minus_cns_midline	246531
all_dm6_minus_cns_midline	246532
all_dm6_minus_cns_midline	246533
all_dm6_minus_cns_midline	246534
all_dm6_minus_cns_midline	246535
all_dm6_minus_cns_midline	246538
all_dm6_minus_cns_midline	246539
all_dm6_minus_cns_midline	246540
all_dm6_minus_cns_midline	246541
all_dm6_minus_cns_midline	246543
all_dm6_minus_cns_midline	246545
all_dm6_minus_cns_midline	246548
all_dm6_minus_cns_midline	246549
all_dm6_minus_cns_midline	246550
all_dm6_minus_cns_midline	246551
all_dm6_minus_cns_midline	246552
all_dm6_minus_cns_midline	246553
all_dm6_minus_cns_midline	246556
all_dm6_minus_cns_midline	246560
all_dm6_minus_cns_midline	246561
all_dm6_minus_cns_midline	246562
all_dm6_minus_cns_midline	246563
all_dm6_minus_cns_midline	246565
all_dm6_minus_cns_midline	246566
all_dm6_minus_cns_midline	246567
all_dm6_minus_cns_midline	246568
all_dm6_minus_cns_midline	246569
all_dm6_minus_cns_midline	246572
all_dm6_minus_cns_midline	246573
all_dm6_minus_cns_midline	246575
all_dm6_minus_cns_midline	246576
all_dm6_minus_cns_midline	246577
all_dm6_minus_cns_midline	246578
all_dm6_minus_cns_midline	246579
all_dm6_minus_cns_midline	246580
all_dm6_minus_cns_midline	246581
all_dm6_minus_cns_midline	246583
all_dm6_minus_cns_midline	246584
all_dm6_minus_cns_midline	246585
all_dm6_minus_cns_midline	246587
all_dm6_minus_cns_midline	246588
all_dm6_minus_cns_midline	246589
all_dm6_minus_cns_midline	246591
all_dm6_minus_cns_midline	246593
all_dm6_minus_cns_midline	246595
all_dm6_minus_cns_midline	246596
all_dm6_minus_cns_midline	246599
all_dm6_minus_cns_midline	246600
all_dm6_minus_cns_midline	246601
all_dm6_minus_cns_midline	246602
all_dm6_minus_cns_midline	246603
all_dm6_minus_cns_midline	246604
all_dm6_minus_cns_midline	246605
all_dm6_minus_cns_midline	246606
all_dm6_minus_cns_midline	246608
all_dm6_minus_cns_midline	246609
all_dm6_minus_cns_midline	246610
all_dm6_minus_cns_midline	246611
all_dm6_minus_cns_midline	246614
all_dm6_minus_cns_midline	246616
all_dm6_minus_cns_midline	246618
all_dm6_minus_cns_midline	246620
all_dm6_minus_cns_midline	246621
all_dm6_minus_cns_midline	246624
all_dm6_minus_cns_midline	246625
all_dm6_minus_cns_midline	246627
all_dm6_minus_cns_midline	246629
all_dm6_minus_cns_midline	246630
all_dm6_minus_cns_midline	246631
all_dm6_minus_cns_midline	246633
all_dm6_minus_cns_midline	246634
all_dm6_minus_cns_midline	246638
all_dm6_minus_cns_midline	246640
all_dm6_minus_cns_midline	246644
all_dm6_minus_cns_midline	246645
all_dm6_minus_cns_midline	246646
all_dm6_minus_cns_midline	246647
all_dm6_minus_cns_midline	246648
all_dm6_minus_cns_midline	246650
all_dm6_minus_cns_midline	246651
all_dm6_minus_cns_midline	246652
all_dm6_minus_cns_midline	246656
all_dm6_minus_cns_midline	246659
all_dm6_minus_cns_midline	246663
all_dm6_minus_cns_midline	246666
all_dm6_minus_cns_midline	246667
all_dm6_minus_cns_midline	246668
all_dm6_minus_cns_midline	246669
all_dm6_minus_cns_midline	246670
all_dm6_minus_cns_midline	246671
all_dm6_minus_cns_midline	246672
all_dm6_minus_cns_midline	246682
all_dm6_minus_cns_midline	246793
all_dm6_minus_cns_midline	246794
all_dm6_minus_cns_midline	246795
all_dm6_minus_cns_midline	246796
all_dm6_minus_cns_midline	246797
all_dm6_minus_cns_midline	246798
all_dm6_minus_cns_midline	246799
all_dm6_minus_cns_midline	246800
all_dm6_minus_cns_midline	246801
all_dm6_minus_cns_midline	246802
all_dm6_minus_cns_midline	246803
all_dm6_minus_cns_midline	246804
all_dm6_minus_cns_midline	246805
all_dm6_minus_cns_midline	246806
all_dm6_minus_cns_midline	246807
all_dm6_minus_cns_midline	246808
all_dm6_minus_cns_midline	246809
all_dm6_minus_cns_midline	246813
all_dm6_minus_cns_midline	246814
all_dm6_minus_cns_midline	246815
all_dm6_minus_cns_midline	246818
all_dm6_minus_cns_midline	246820
all_dm6_minus_cns_midline	246825
all_dm6_minus_cns_midline	246826
all_dm6_minus_cns_midline	246830
all_dm6_minus_cns_midline	246831
all_dm6_minus_cns_midline	246832
all_dm6_minus_cns_midline	246833
all_dm6_minus_cns_midline	246834
all_dm6_minus_cns_midline	246835
all_dm6_minus_cns_midline	246837
all_dm6_minus_cns_midline	246838
all_dm6_minus_cns_midline	246839
all_dm6_minus_cns_midline	246840
all_dm6_minus_cns_midline	246841
all_dm6_minus_cns_midline	246842
all_dm6_minus_cns_midline	246845
all_dm6_minus_cns_midline	246846
all_dm6_minus_cns_midline	246847
all_dm6_minus_cns_midline	246848
all_dm6_minus_cns_midline	246849
all_dm6_minus_cns_midline	246850
all_dm6_minus_cns_midline	246853
all_dm6_minus_cns_midline	246855
all_dm6_minus_cns_midline	246857
all_dm6_minus_cns_midline	246858
all_dm6_minus_cns_midline	246859
all_dm6_minus_cns_midline	246861
all_dm6_minus_cns_midline	246862
all_dm6_minus_cns_midline	246863
all_dm6_minus_cns_midline	246864
all_dm6_minus_cns_midline	246865
all_dm6_minus_cns_midline	246866
all_dm6_minus_cns_midline	246867
all_dm6_minus_cns_midline	246868
all_dm6_minus_cns_midline	246869
all_dm6_minus_cns_midline	246870
all_dm6_minus_cns_midline	246871
all_dm6_minus_cns_midline	246874
all_dm6_minus_cns_midline	246875
all_dm6_minus_cns_midline	246876
all_dm6_minus_cns_midline	246877
all_dm6_minus_cns_midline	246879
all_dm6_minus_cns_midline	246880
all_dm6_minus_cns_midline	246881
all_dm6_minus_cns_midline	246882
all_dm6_minus_cns_midline	246883
all_dm6_minus_cns_midline	246884
all_dm6_minus_cns_midline	246885
all_dm6_minus_cns_midline	246886
all_dm6_minus_cns_midline	246887
all_dm6_minus_cns_midline	246888
all_dm6_minus_cns_midline	246889
all_dm6_minus_cns_midline	246890
all_dm6_minus_cns_midline	246891
all_dm6_minus_cns_midline	246892
all_dm6_minus_cns_midline	246893
all_dm6_minus_cns_midline	246894
all_dm6_minus_cns_midline	246895
all_dm6_minus_cns_midline	246896
all_dm6_minus_cns_midline	246897
all_dm6_minus_cns_midline	246898
all_dm6_minus_cns_midline	246899
all_dm6_minus_cns_midline	246900
all_dm6_minus_cns_midline	246901
all_dm6_minus_cns_midline	246902
all_dm6_minus_cns_midline	246903
all_dm6_minus_cns_midline	246904
all_dm6_minus_cns_midline	246905
all_dm6_minus_cns_midline	246906
all_dm6_minus_cns_midline	246907
all_dm6_minus_cns_midline	246908
all_dm6_minus_cns_midline	246909
all_dm6_minus_cns_midline	246910
all_dm6_minus_cns_midline	246911
all_dm6_minus_cns_midline	246912
all_dm6_minus_cns_midline	246913
all_dm6_minus_cns_midline	246914
all_dm6_minus_cns_midline	246915
all_dm6_minus_cns_midline	246916
all_dm6_minus_cns_midline	246917
all_dm6_minus_cns_midline	246918
all_dm6_minus_cns_midline	246919
all_dm6_minus_cns_midline	246920
all_dm6_minus_cns_midline	246921
all_dm6_minus_cns_midline	246922
all_dm6_minus_cns_midline	246923
all_dm6_minus_cns_midline	246924
all_dm6_minus_cns_midline	246926
all_dm6_minus_cns_midline	246927
all_dm6_minus_cns_midline	246930
all_dm6_minus_cns_midline	246931
all_dm6_minus_cns_midline	246932
all_dm6_minus_cns_midline	246933
all_dm6_minus_cns_midline	246934
all_dm6_minus_cns_midline	246935
all_dm6_minus_cns_midline	246936
all_dm6_minus_cns_midline	246937
all_dm6_minus_cns_midline	246938
all_dm6_minus_cns_midline	246939
all_dm6_minus_cns_midline	246940
all_dm6_minus_cns_midline	246943
all_dm6_minus_cns_midline	246944
all_dm6_minus_cns_midline	246948
all_dm6_minus_cns_midline	246951
all_dm6_minus_cns_midline	246952
all_dm6_minus_cns_midline	246953
all_dm6_minus_cns_midline	246954
all_dm6_minus_cns_midline	246955
all_dm6_minus_cns_midline	246956
all_dm6_minus_cns_midline	246958
all_dm6_minus_cns_midline	246959
all_dm6_minus_cns_midline	246960
all_dm6_minus_cns_midline	246961
all_dm6_minus_cns_midline	246962
all_dm6_minus_cns_midline	246963
all_dm6_minus_cns_midline	246964
all_dm6_minus_cns_midline	246965
all_dm6_minus_cns_midline	246966
all_dm6_minus_cns_midline	246967
all_dm6_minus_cns_midline	246968
all_dm6_minus_cns_midline	246969
all_dm6_minus_cns_midline	246970
all_dm6_minus_cns_midline	246972
all_dm6_minus_cns_midline	246973
all_dm6_minus_cns_midline	246974
all_dm6_minus_cns_midline	246975
all_dm6_minus_cns_midline	246977
all_dm6_minus_cns_midline	246978
all_dm6_minus_cns_midline	246980
all_dm6_minus_cns_midline	246981
all_dm6_minus_cns_midline	246982
all_dm6_minus_cns_midline	246983
all_dm6_minus_cns_midline	246984
all_dm6_minus_cns_midline	246985
all_dm6_minus_cns_midline	246986
all_dm6_minus_cns_midline	246987
all_dm6_minus_cns_midline	246988
all_dm6_minus_cns_midline	246989
all_dm6_minus_cns_midline	246990
all_dm6_minus_cns_midline	246991
all_dm6_minus_cns_midline	246992
all_dm6_minus_cns_midline	246993
all_dm6_minus_cns_midline	246994
all_dm6_minus_cns_midline	246995
all_dm6_minus_cns_midline	246996
all_dm6_minus_cns_midline	246997
all_dm6_minus_cns_midline	246998
all_dm6_minus_cns_midline	246999
all_dm6_minus_cns_midline	247000
all_dm6_minus_cns_midline	247001
all_dm6_minus_cns_midline	247002
all_dm6_minus_cns_midline	247003
all_dm6_minus_cns_midline	247005
all_dm6_minus_cns_midline	247006
all_dm6_minus_cns_midline	247007
all_dm6_minus_cns_midline	247009
all_dm6_minus_cns_midline	247011
all_dm6_minus_cns_midline	247012
all_dm6_minus_cns_midline	247014
all_dm6_minus_cns_midline	247016
all_dm6_minus_cns_midline	247017
all_dm6_minus_cns_midline	247018
all_dm6_minus_cns_midline	247019
all_dm6_minus_cns_midline	247020
all_dm6_minus_cns_midline	247021
all_dm6_minus_cns_midline	247022
all_dm6_minus_cns_midline	247023
all_dm6_minus_cns_midline	247024
all_dm6_minus_cns_midline	247025
all_dm6_minus_cns_midline	247026
all_dm6_minus_cns_midline	247027
all_dm6_minus_cns_midline	247029
all_dm6_minus_cns_midline	247030
all_dm6_minus_cns_midline	247033
all_dm6_minus_cns_midline	247034
all_dm6_minus_cns_midline	247035
all_dm6_minus_cns_midline	247037
all_dm6_minus_cns_midline	247038
all_dm6_minus_cns_midline	247041
all_dm6_minus_cns_midline	247042
all_dm6_minus_cns_midline	247043
all_dm6_minus_cns_midline	247046
all_dm6_minus_cns_midline	247047
all_dm6_minus_cns_midline	247048
all_dm6_minus_cns_midline	247049
all_dm6_minus_cns_midline	247050
all_dm6_minus_cns_midline	247054
all_dm6_minus_cns_midline	247055
all_dm6_minus_cns_midline	247056
all_dm6_minus_cns_midline	247057
all_dm6_minus_cns_midline	247058
all_dm6_minus_cns_midline	247059
all_dm6_minus_cns_midline	247060
all_dm6_minus_cns_midline	247061
all_dm6_minus_cns_midline	247062
all_dm6_minus_cns_midline	247063
all_dm6_minus_cns_midline	247064
all_dm6_minus_cns_midline	247065
all_dm6_minus_cns_midline	247066
all_dm6_minus_cns_midline	247067
all_dm6_minus_cns_midline	247068
all_dm6_minus_cns_midline	247070
all_dm6_minus_cns_midline	247071
all_dm6_minus_cns_midline	247072
all_dm6_minus_cns_midline	247073
all_dm6_minus_cns_midline	247074
all_dm6_minus_cns_midline	247075
all_dm6_minus_cns_midline	247076
all_dm6_minus_cns_midline	247077
all_dm6_minus_cns_midline	247078
all_dm6_minus_cns_midline	247079
all_dm6_minus_cns_midline	247080
all_dm6_minus_cns_midline	247081
all_dm6_minus_cns_midline	247082
all_dm6_minus_cns_midline	247083
all_dm6_minus_cns_midline	247084
all_dm6_minus_cns_midline	247085
all_dm6_minus_cns_midline	247086
all_dm6_minus_cns_midline	247087
all_dm6_minus_cns_midline	247088
all_dm6_minus_cns_midline	247089
all_dm6_minus_cns_midline	247090
all_dm6_minus_cns_midline	247091
all_dm6_minus_cns_midline	247092
all_dm6_minus_cns_midline	247093
all_dm6_minus_cns_midline	247094
all_dm6_minus_cns_midline	247095
all_dm6_minus_cns_midline	247096
all_dm6_minus_cns_midline	247097
all_dm6_minus_cns_midline	247098
all_dm6_minus_cns_midline	247099
all_dm6_minus_cns_midline	247100
all_dm6_minus_cns_midline	247101
all_dm6_minus_cns_midline	247102
all_dm6_minus_cns_midline	247103
all_dm6_minus_cns_midline	247104
all_dm6_minus_cns_midline	247105
all_dm6_minus_cns_midline	247106
all_dm6_minus_cns_midline	247107
all_dm6_minus_cns_midline	247108
all_dm6_minus_cns_midline	247109
all_dm6_minus_cns_midline	247110
all_dm6_minus_cns_midline	247111
all_dm6_minus_cns_midline	247112
all_dm6_minus_cns_midline	247113
all_dm6_minus_cns_midline	247114
all_dm6_minus_cns_midline	247115
all_dm6_minus_cns_midline	247116
all_dm6_minus_cns_midline	247117
all_dm6_minus_cns_midline	247118
all_dm6_minus_cns_midline	247119
all_dm6_minus_cns_midline	247120
all_dm6_minus_cns_midline	247121
all_dm6_minus_cns_midline	247122
all_dm6_minus_cns_midline	247123
all_dm6_minus_cns_midline	247124
all_dm6_minus_cns_midline	247125
all_dm6_minus_cns_midline	247126
all_dm6_minus_cns_midline	247127
all_dm6_minus_cns_midline	247128
all_dm6_minus_cns_midline	247129
all_dm6_minus_cns_midline	247130
all_dm6_minus_cns_midline	247131
all_dm6_minus_cns_midline	247133
all_dm6_minus_cns_midline	247135
all_dm6_minus_cns_midline	247137
all_dm6_minus_cns_midline	247138
all_dm6_minus_cns_midline	247140
all_dm6_minus_cns_midline	247141
all_dm6_minus_cns_midline	247142
all_dm6_minus_cns_midline	247143
all_dm6_minus_cns_midline	247144
all_dm6_minus_cns_midline	247145
all_dm6_minus_cns_midline	247146
all_dm6_minus_cns_midline	247147
all_dm6_minus_cns_midline	247148
all_dm6_minus_cns_midline	247149
all_dm6_minus_cns_midline	247150
all_dm6_minus_cns_midline	247151
all_dm6_minus_cns_midline	247152
all_dm6_minus_cns_midline	247153
all_dm6_minus_cns_midline	247154
all_dm6_minus_cns_midline	247155
all_dm6_minus_cns_midline	247156
all_dm6_minus_cns_midline	247157
all_dm6_minus_cns_midline	247158
all_dm6_minus_cns_midline	247159
all_dm6_minus_cns_midline	247160
all_dm6_minus_cns_midline	247161
all_dm6_minus_cns_midline	247162
all_dm6_minus_cns_midline	247163
all_dm6_minus_cns_midline	247164
all_dm6_minus_cns_midline	247165
all_dm6_minus_cns_midline	247166
all_dm6_minus_cns_midline	247167
all_dm6_minus_cns_midline	247168
all_dm6_minus_cns_midline	247169
all_dm6_minus_cns_midline	247170
all_dm6_minus_cns_midline	247171
all_dm6_minus_cns_midline	247172
all_dm6_minus_cns_midline	247173
all_dm6_minus_cns_midline	247174
all_dm6_minus_cns_midline	247175
all_dm6_minus_cns_midline	247176
all_dm6_minus_cns_midline	247177
all_dm6_minus_cns_midline	247178
all_dm6_minus_cns_midline	247179
all_dm6_minus_cns_midline	247180
all_dm6_minus_cns_midline	247181
all_dm6_minus_cns_midline	247182
all_dm6_minus_cns_midline	247183
all_dm6_minus_cns_midline	247184
all_dm6_minus_cns_midline	247185
all_dm6_minus_cns_midline	247186
all_dm6_minus_cns_midline	247187
all_dm6_minus_cns_midline	247188
all_dm6_minus_cns_midline	247189
all_dm6_minus_cns_midline	247190
all_dm6_minus_cns_midline	247191
all_dm6_minus_cns_midline	247192
all_dm6_minus_cns_midline	247193
all_dm6_minus_cns_midline	247194
all_dm6_minus_cns_midline	247195
all_dm6_minus_cns_midline	247196
all_dm6_minus_cns_midline	247197
all_dm6_minus_cns_midline	247198
all_dm6_minus_cns_midline	247199
all_dm6_minus_cns_midline	247200
all_dm6_minus_cns_midline	247204
all_dm6_minus_cns_midline	247205
all_dm6_minus_cns_midline	247206
all_dm6_minus_cns_midline	247209
all_dm6_minus_cns_midline	247210
all_dm6_minus_cns_midline	247211
all_dm6_minus_cns_midline	247219
all_dm6_minus_cns_midline	247220
all_dm6_minus_cns_midline	247226
all_dm6_minus_cns_midline	247228
all_dm6_minus_cns_midline	247234
all_dm6_minus_cns_midline	247236
all_dm6_minus_cns_midline	247237
all_dm6_minus_cns_midline	247238
all_dm6_minus_cns_midline	247239
all_dm6_minus_cns_midline	247240
all_dm6_minus_cns_midline	247241
all_dm6_minus_cns_midline	247242
all_dm6_minus_cns_midline	247245
all_dm6_minus_cns_midline	247246
all_dm6_minus_cns_midline	247247
all_dm6_minus_cns_midline	247248
all_dm6_minus_cns_midline	247249
all_dm6_minus_cns_midline	247250
all_dm6_minus_cns_midline	247253
all_dm6_minus_cns_midline	247254
all_dm6_minus_cns_midline	247255
all_dm6_minus_cns_midline	247256
all_dm6_minus_cns_midline	247257
all_dm6_minus_cns_midline	247258
all_dm6_minus_cns_midline	247260
all_dm6_minus_cns_midline	247261
all_dm6_minus_cns_midline	247264
all_dm6_minus_cns_midline	247265
all_dm6_minus_cns_midline	247266
all_dm6_minus_cns_midline	247267
all_dm6_minus_cns_midline	247268
all_dm6_minus_cns_midline	247269
all_dm6_minus_cns_midline	247270
all_dm6_minus_cns_midline	247271
all_dm6_minus_cns_midline	247272
all_dm6_minus_cns_midline	247275
all_dm6_minus_cns_midline	247276
all_dm6_minus_cns_midline	247277
all_dm6_minus_cns_midline	247281
all_dm6_minus_cns_midline	247284
all_dm6_minus_cns_midline	247285
all_dm6_minus_cns_midline	247286
all_dm6_minus_cns_midline	247287
all_dm6_minus_cns_midline	247288
all_dm6_minus_cns_midline	247289
all_dm6_minus_cns_midline	247292
all_dm6_minus_cns_midline	247293
all_dm6_minus_cns_midline	247297
all_dm6_minus_cns_midline	247298
all_dm6_minus_cns_midline	247300
all_dm6_minus_cns_midline	247301
all_dm6_minus_cns_midline	247302
all_dm6_minus_cns_midline	247303
all_dm6_minus_cns_midline	247304
all_dm6_minus_cns_midline	247305
all_dm6_minus_cns_midline	247306
all_dm6_minus_cns_midline	247307
all_dm6_minus_cns_midline	247308
all_dm6_minus_cns_midline	247309
all_dm6_minus_cns_midline	247310
all_dm6_minus_cns_midline	247311
all_dm6_minus_cns_midline	247313
all_dm6_minus_cns_midline	247314
all_dm6_minus_cns_midline	247315
all_dm6_minus_cns_midline	247316
all_dm6_minus_cns_midline	247317
all_dm6_minus_cns_midline	247318
all_dm6_minus_cns_midline	247319
all_dm6_minus_cns_midline	247320
all_dm6_minus_cns_midline	247321
all_dm6_minus_cns_midline	247322
all_dm6_minus_cns_midline	247323
all_dm6_minus_cns_midline	247324
all_dm6_minus_cns_midline	247325
all_dm6_minus_cns_midline	247326
all_dm6_minus_cns_midline	247327
all_dm6_minus_cns_midline	247328
all_dm6_minus_cns_midline	247329
all_dm6_minus_cns_midline	247330
all_dm6_minus_cns_midline	247331
all_dm6_minus_cns_midline	247332
all_dm6_minus_cns_midline	247333
all_dm6_minus_cns_midline	247334
all_dm6_minus_cns_midline	247335
all_dm6_minus_cns_midline	247336
all_dm6_minus_cns_midline	247337
all_dm6_minus_cns_midline	247338
all_dm6_minus_cns_midline	247339
all_dm6_minus_cns_midline	247340
all_dm6_minus_cns_midline	247341
all_dm6_minus_cns_midline	247342
all_dm6_minus_cns_midline	247343
all_dm6_minus_cns_midline	247344
all_dm6_minus_cns_midline	247345
all_dm6_minus_cns_midline	247346
all_dm6_minus_cns_midline	247347
all_dm6_minus_cns_midline	247348
all_dm6_minus_cns_midline	247349
all_dm6_minus_cns_midline	247350
all_dm6_minus_cns_midline	247353
all_dm6_minus_cns_midline	247354
all_dm6_minus_cns_midline	247437
all_dm6_minus_cns_midline	247438
all_dm6_minus_cns_midline	247443
all_dm6_minus_cns_midline	247444
all_dm6_minus_cns_midline	247445
all_dm6_minus_cns_midline	247446
all_dm6_minus_cns_midline	247448
all_dm6_minus_cns_midline	247509
all_dm6_minus_cns_midline	247510
all_dm6_minus_cns_midline	247513
all_dm6_minus_cns_midline	247514
all_dm6_minus_cns_midline	247515
all_dm6_minus_cns_midline	247516
all_dm6_minus_cns_midline	247517
all_dm6_minus_cns_midline	247518
all_dm6_minus_cns_midline	247519
all_dm6_minus_cns_midline	247522
all_dm6_minus_cns_midline	247523
all_dm6_minus_cns_midline	247536
all_dm6_minus_cns_midline	247538
all_dm6_minus_cns_midline	247539
all_dm6_minus_cns_midline	247540
all_dm6_minus_cns_midline	247541
all_dm6_minus_cns_midline	247542
all_dm6_minus_cns_midline	247548
all_dm6_minus_cns_midline	247549
all_dm6_minus_cns_midline	247550
all_dm6_minus_cns_midline	247551
all_dm6_minus_cns_midline	247552
all_dm6_minus_cns_midline	247553
all_dm6_minus_cns_midline	247554
all_dm6_minus_cns_midline	247555
all_dm6_minus_cns_midline	247556
all_dm6_minus_cns_midline	247557
all_dm6_minus_cns_midline	247558
all_dm6_minus_cns_midline	247559
all_dm6_minus_cns_midline	247560
all_dm6_minus_cns_midline	247561
all_dm6_minus_cns_midline	247562
all_dm6_minus_cns_midline	247563
all_dm6_minus_cns_midline	247564
all_dm6_minus_cns_midline	247565
all_dm6_minus_cns_midline	247566
all_dm6_minus_cns_midline	247567
all_dm6_minus_cns_midline	247568
all_dm6_minus_cns_midline	247569
all_dm6_minus_cns_midline	247570
all_dm6_minus_cns_midline	247571
all_dm6_minus_cns_midline	247572
all_dm6_minus_cns_midline	247573
all_dm6_minus_cns_midline	247574
all_dm6_minus_cns_midline	247575
all_dm6_minus_cns_midline	247576
all_dm6_minus_cns_midline	247577
all_dm6_minus_cns_midline	247578
all_dm6_minus_cns_midline	247579
all_dm6_minus_cns_midline	247580
all_dm6_minus_cns_midline	247581
all_dm6_minus_cns_midline	247582
all_dm6_minus_cns_midline	247583
all_dm6_minus_cns_midline	247584
all_dm6_minus_cns_midline	247585
all_dm6_minus_cns_midline	247586
all_dm6_minus_cns_midline	247587
all_dm6_minus_cns_midline	247588
all_dm6_minus_cns_midline	247589
all_dm6_minus_cns_midline	247590
all_dm6_minus_cns_midline	247594
all_dm6_minus_cns_midline	247595
all_dm6_minus_cns_midline	247596
all_dm6_minus_cns_midline	247597
all_dm6_minus_cns_midline	247598
all_dm6_minus_cns_midline	247599
all_dm6_minus_cns_midline	247600
all_dm6_minus_cns_midline	247601
all_dm6_minus_cns_midline	247604
all_dm6_minus_cns_midline	247605
all_dm6_minus_cns_midline	247606
all_dm6_minus_cns_midline	247607
all_dm6_minus_cns_midline	247608
all_dm6_minus_cns_midline	247609
all_dm6_minus_cns_midline	247613
all_dm6_minus_cns_midline	247614
all_dm6_minus_cns_midline	247615
all_dm6_minus_cns_midline	247617
all_dm6_minus_cns_midline	247618
all_dm6_minus_cns_midline	247634
all_dm6_minus_cns_midline	247635
all_dm6_minus_cns_midline	247636
all_dm6_minus_cns_midline	247657
all_dm6_minus_cns_midline	247658
all_dm6_minus_cns_midline	247688
all_dm6_minus_cns_midline	247701
all_dm6_minus_cns_midline	247703
all_dm6_minus_cns_midline	247726
all_dm6_minus_cns_midline	247727
all_dm6_minus_cns_midline	247728
all_dm6_minus_cns_midline	247731
all_dm6_minus_cns_midline	247732
all_dm6_minus_cns_midline	247733
all_dm6_minus_cns_midline	247742
all_dm6_minus_cns_midline	247744
all_dm6_minus_cns_midline	247745
all_dm6_minus_cns_midline	247746
all_dm6_minus_cns_midline	247747
all_dm6_minus_cns_midline	247748
all_dm6_minus_cns_midline	247749
all_dm6_minus_cns_midline	247750
all_dm6_minus_cns_midline	247752
all_dm6_minus_cns_midline	247754
all_dm6_minus_cns_midline	247755
all_dm6_minus_cns_midline	247756
all_dm6_minus_cns_midline	247765
all_dm6_minus_cns_midline	247774
all_dm6_minus_cns_midline	247775
all_dm6_minus_cns_midline	247776
all_dm6_minus_cns_midline	247777
all_dm6_minus_cns_midline	247780
all_dm6_minus_cns_midline	247781
all_dm6_minus_cns_midline	247791
all_dm6_minus_cns_midline	247792
all_dm6_minus_cns_midline	247796
all_dm6_minus_cns_midline	247800
all_dm6_minus_cns_midline	247804
all_dm6_minus_cns_midline	247806
all_dm6_minus_cns_midline	247811
all_dm6_minus_cns_midline	247818
all_dm6_minus_cns_midline	247828
all_dm6_minus_cns_midline	247830
all_dm6_minus_cns_midline	247835
all_dm6_minus_cns_midline	247837
all_dm6_minus_cns_midline	247838
all_dm6_minus_cns_midline	247841
all_dm6_minus_cns_midline	247846
all_dm6_minus_cns_midline	247848
all_dm6_minus_cns_midline	247852
all_dm6_minus_cns_midline	247854
all_dm6_minus_cns_midline	247861
all_dm6_minus_cns_midline	247863
all_dm6_minus_cns_midline	247867
all_dm6_minus_cns_midline	247872
all_dm6_minus_cns_midline	247875
all_dm6_minus_cns_midline	247878
all_dm6_minus_cns_midline	247881
all_dm6_minus_cns_midline	247917
all_dm6_minus_cns_midline	247918
all_dm6_minus_cns_midline	247919
all_dm6_minus_cns_midline	247920
all_dm6_minus_cns_midline	247921
all_dm6_minus_cns_midline	247922
all_dm6_minus_cns_midline	247923
all_dm6_minus_cns_midline	247924
all_dm6_minus_cns_midline	247925
all_dm6_minus_cns_midline	247926
all_dm6_minus_cns_midline	247927
all_dm6_minus_cns_midline	247928
all_dm6_minus_cns_midline	247929
all_dm6_minus_cns_midline	247930
all_dm6_minus_cns_midline	247932
all_dm6_minus_cns_midline	247936
all_dm6_minus_cns_midline	247942
all_dm6_minus_cns_midline	247943
all_dm6_minus_cns_midline	247945
all_dm6_minus_cns_midline	247952
all_dm6_minus_cns_midline	247962
all_dm6_minus_cns_midline	247972
all_dm6_minus_cns_midline	247976
all_dm6_minus_cns_midline	247977
all_dm6_minus_cns_midline	247980
all_dm6_minus_cns_midline	247995
all_dm6_minus_cns_midline	247997
all_dm6_minus_cns_midline	248007
all_dm6_minus_cns_midline	248008
all_dm6_minus_cns_midline	248009
all_dm6_minus_cns_midline	248015
all_dm6_minus_cns_midline	248022
all_dm6_minus_cns_midline	248023
all_dm6_minus_cns_midline	248024
all_dm6_minus_cns_midline	248025
all_dm6_minus_cns_midline	248026
all_dm6_minus_cns_midline	248027
all_dm6_minus_cns_midline	248028
all_dm6_minus_cns_midline	248029
all_dm6_minus_cns_midline	248030
all_dm6_minus_cns_midline	248031
all_dm6_minus_cns_midline	248042
all_dm6_minus_cns_midline	248043
all_dm6_minus_cns_midline	248044
all_dm6_minus_cns_midline	248045
all_dm6_minus_cns_midline	248047
all_dm6_minus_cns_midline	248048
all_dm6_minus_cns_midline	248082
all_dm6_minus_cns_midline	248102
all_dm6_minus_cns_midline	248105
all_dm6_minus_cns_midline	248106
all_dm6_minus_cns_midline	248107
all_dm6_minus_cns_midline	248108
all_dm6_minus_cns_midline	248109
all_dm6_minus_cns_midline	248110
all_dm6_minus_cns_midline	248111
all_dm6_minus_cns_midline	248112
all_dm6_minus_cns_midline	248113
all_dm6_minus_cns_midline	248114
all_dm6_minus_cns_midline	248119
all_dm6_minus_cns_midline	248122
all_dm6_minus_cns_midline	248123
all_dm6_minus_cns_midline	248126
all_dm6_minus_cns_midline	248135
all_dm6_minus_cns_midline	248137
all_dm6_minus_cns_midline	248139
all_dm6_minus_cns_midline	248141
all_dm6_minus_cns_midline	248142
all_dm6_minus_cns_midline	248150
all_dm6_minus_cns_midline	248159
all_dm6_minus_cns_midline	248160
all_dm6_minus_cns_midline	248161
all_dm6_minus_cns_midline	248166
all_dm6_minus_cns_midline	248169
all_dm6_minus_cns_midline	248171
all_dm6_minus_cns_midline	248172
all_dm6_minus_cns_midline	248175
all_dm6_minus_cns_midline	248177
all_dm6_minus_cns_midline	248182
all_dm6_minus_cns_midline	248184
all_dm6_minus_cns_midline	248186
all_dm6_minus_cns_midline	248187
all_dm6_minus_cns_midline	248192
all_dm6_minus_cns_midline	248200
all_dm6_minus_cns_midline	248208
all_dm6_minus_cns_midline	248212
all_dm6_minus_cns_midline	248213
all_dm6_minus_cns_midline	248231
all_dm6_minus_cns_midline	248235
all_dm6_minus_cns_midline	248239
all_dm6_minus_cns_midline	248246
all_dm6_minus_cns_midline	248280
all_dm6_minus_cns_midline	248291
all_dm6_minus_cns_midline	248292
all_dm6_minus_cns_midline	248293
all_dm6_minus_cns_midline	248294
all_dm6_minus_cns_midline	248295
all_dm6_minus_cns_midline	248296
all_dm6_minus_cns_midline	248297
all_dm6_minus_cns_midline	248299
all_dm6_minus_cns_midline	248300
all_dm6_minus_cns_midline	248301
all_dm6_minus_cns_midline	248306
all_dm6_minus_cns_midline	248308
all_dm6_minus_cns_midline	248311
all_dm6_minus_cns_midline	248315
all_dm6_minus_cns_midline	248316
all_dm6_minus_cns_midline	248321
all_dm6_minus_cns_midline	248323
all_dm6_minus_cns_midline	248326
all_dm6_minus_cns_midline	248335
all_dm6_minus_cns_midline	248338
all_dm6_minus_cns_midline	248344
all_dm6_minus_cns_midline	248358
all_dm6_minus_cns_midline	248381
all_dm6_minus_cns_midline	248382
all_dm6_minus_cns_midline	248385
all_dm6_minus_cns_midline	248402
all_dm6_minus_cns_midline	248405
all_dm6_minus_cns_midline	248408
all_dm6_minus_cns_midline	248447
all_dm6_minus_cns_midline	248449
all_dm6_minus_cns_midline	248450
all_dm6_minus_cns_midline	248451
all_dm6_minus_cns_midline	248453
all_dm6_minus_cns_midline	248455
all_dm6_minus_cns_midline	248456
all_dm6_minus_cns_midline	248458
all_dm6_minus_cns_midline	248459
all_dm6_minus_cns_midline	248460
all_dm6_minus_cns_midline	248461
all_dm6_minus_cns_midline	248462
all_dm6_minus_cns_midline	248463
all_dm6_minus_cns_midline	248464
all_dm6_minus_cns_midline	248465
all_dm6_minus_cns_midline	248466
all_dm6_minus_cns_midline	248467
all_dm6_minus_cns_midline	248468
all_dm6_minus_cns_midline	248478
all_dm6_minus_cns_midline	248480
all_dm6_minus_cns_midline	248490
all_dm6_minus_cns_midline	248500
all_dm6_minus_cns_midline	248509
all_dm6_minus_cns_midline	248520
all_dm6_minus_cns_midline	248521
all_dm6_minus_cns_midline	248522
all_dm6_minus_cns_midline	248523
all_dm6_minus_cns_midline	248524
all_dm6_minus_cns_midline	248530
all_dm6_minus_cns_midline	248533
all_dm6_minus_cns_midline	248538
all_dm6_minus_cns_midline	248539
all_dm6_minus_cns_midline	248540
all_dm6_minus_cns_midline	248548
all_dm6_minus_cns_midline	248552
all_dm6_minus_cns_midline	248555
all_dm6_minus_cns_midline	248570
all_dm6_minus_cns_midline	248586
all_dm6_minus_cns_midline	248611
all_dm6_minus_cns_midline	248612
all_dm6_minus_cns_midline	248613
all_dm6_minus_cns_midline	248614
all_dm6_minus_cns_midline	248615
all_dm6_minus_cns_midline	248616
all_dm6_minus_cns_midline	248617
all_dm6_minus_cns_midline	248618
all_dm6_minus_cns_midline	248619
all_dm6_minus_cns_midline	248620
all_dm6_minus_cns_midline	248625
all_dm6_minus_cns_midline	248631
all_dm6_minus_cns_midline	248636
all_dm6_minus_cns_midline	248638
all_dm6_minus_cns_midline	248645
all_dm6_minus_cns_midline	248652
all_dm6_minus_cns_midline	248654
all_dm6_minus_cns_midline	248656
all_dm6_minus_cns_midline	248664
all_dm6_minus_cns_midline	248669
all_dm6_minus_cns_midline	248672
all_dm6_minus_cns_midline	248676
all_dm6_minus_cns_midline	248685
all_dm6_minus_cns_midline	248686
all_dm6_minus_cns_midline	248687
all_dm6_minus_cns_midline	248690
all_dm6_minus_cns_midline	248692
all_dm6_minus_cns_midline	248694
all_dm6_minus_cns_midline	248696
all_dm6_minus_cns_midline	248698
all_dm6_minus_cns_midline	248701
all_dm6_minus_cns_midline	248704
all_dm6_minus_cns_midline	248705
all_dm6_minus_cns_midline	248706
all_dm6_minus_cns_midline	248709
all_dm6_minus_cns_midline	248711
all_dm6_minus_cns_midline	248713
all_dm6_minus_cns_midline	248715
all_dm6_minus_cns_midline	248718
all_dm6_minus_cns_midline	248760
all_dm6_minus_cns_midline	248761
all_dm6_minus_cns_midline	248762
all_dm6_minus_cns_midline	248763
all_dm6_minus_cns_midline	248764
all_dm6_minus_cns_midline	248765
all_dm6_minus_cns_midline	248766
all_dm6_minus_cns_midline	248767
all_dm6_minus_cns_midline	248772
all_dm6_minus_cns_midline	248779
all_dm6_minus_cns_midline	248781
all_dm6_minus_cns_midline	248782
all_dm6_minus_cns_midline	248786
all_dm6_minus_cns_midline	248788
all_dm6_minus_cns_midline	248790
all_dm6_minus_cns_midline	248791
all_dm6_minus_cns_midline	248794
all_dm6_minus_cns_midline	248796
all_dm6_minus_cns_midline	248799
all_dm6_minus_cns_midline	248800
all_dm6_minus_cns_midline	248804
all_dm6_minus_cns_midline	248807
all_dm6_minus_cns_midline	248808
all_dm6_minus_cns_midline	248811
all_dm6_minus_cns_midline	248815
all_dm6_minus_cns_midline	248818
all_dm6_minus_cns_midline	248819
all_dm6_minus_cns_midline	248822
all_dm6_minus_cns_midline	248825
all_dm6_minus_cns_midline	248827
all_dm6_minus_cns_midline	248830
all_dm6_minus_cns_midline	248832
all_dm6_minus_cns_midline	248833
all_dm6_minus_cns_midline	248836
all_dm6_minus_cns_midline	248838
all_dm6_minus_cns_midline	248841
all_dm6_minus_cns_midline	248845
all_dm6_minus_cns_midline	248846
all_dm6_minus_cns_midline	248850
all_dm6_minus_cns_midline	248854
all_dm6_minus_cns_midline	248856
all_dm6_minus_cns_midline	248858
all_dm6_minus_cns_midline	248862
all_dm6_minus_cns_midline	248871
all_dm6_minus_cns_midline	248875
all_dm6_minus_cns_midline	248878
all_dm6_minus_cns_midline	248909
all_dm6_minus_cns_midline	248915
all_dm6_minus_cns_midline	248916
all_dm6_minus_cns_midline	248917
all_dm6_minus_cns_midline	248919
all_dm6_minus_cns_midline	248928
all_dm6_minus_cns_midline	248929
all_dm6_minus_cns_midline	248930
all_dm6_minus_cns_midline	248931
all_dm6_minus_cns_midline	248932
all_dm6_minus_cns_midline	248933
all_dm6_minus_cns_midline	248935
all_dm6_minus_cns_midline	248937
all_dm6_minus_cns_midline	248938
all_dm6_minus_cns_midline	248939
all_dm6_minus_cns_midline	248940
all_dm6_minus_cns_midline	248942
all_dm6_minus_cns_midline	248944
all_dm6_minus_cns_midline	248949
all_dm6_minus_cns_midline	248954
all_dm6_minus_cns_midline	248955
all_dm6_minus_cns_midline	248962
all_dm6_minus_cns_midline	248963
all_dm6_minus_cns_midline	248964
all_dm6_minus_cns_midline	248965
all_dm6_minus_cns_midline	248967
all_dm6_minus_cns_midline	248968
all_dm6_minus_cns_midline	248969
all_dm6_minus_cns_midline	248970
all_dm6_minus_cns_midline	248971
all_dm6_minus_cns_midline	248972
all_dm6_minus_cns_midline	248973
all_dm6_minus_cns_midline	248974
all_dm6_minus_cns_midline	248975
all_dm6_minus_cns_midline	248976
all_dm6_minus_cns_midline	248977
all_dm6_minus_cns_midline	248978
all_dm6_minus_cns_midline	248979
all_dm6_minus_cns_midline	248980
all_dm6_minus_cns_midline	248981
all_dm6_minus_cns_midline	248982
all_dm6_minus_cns_midline	248983
all_dm6_minus_cns_midline	248984
all_dm6_minus_cns_midline	248985
all_dm6_minus_cns_midline	248986
all_dm6_minus_cns_midline	248987
all_dm6_minus_cns_midline	248988
all_dm6_minus_cns_midline	248999
all_dm6_minus_cns_midline	249000
all_dm6_minus_cns_midline	249001
all_dm6_minus_cns_midline	249002
all_dm6_minus_cns_midline	249003
all_dm6_minus_cns_midline	249004
all_dm6_minus_cns_midline	249005
all_dm6_minus_cns_midline	249006
all_dm6_minus_cns_midline	249007
all_dm6_minus_cns_midline	249008
all_dm6_minus_cns_midline	249009
all_dm6_minus_cns_midline	249010
all_dm6_minus_cns_midline	249011
all_dm6_minus_cns_midline	249012
all_dm6_minus_cns_midline	249013
all_dm6_minus_cns_midline	249014
all_dm6_minus_cns_midline	249015
all_dm6_minus_cns_midline	249016
all_dm6_minus_cns_midline	249017
all_dm6_minus_cns_midline	249018
all_dm6_minus_cns_midline	249019
all_dm6_minus_cns_midline	249020
all_dm6_minus_cns_midline	249021
all_dm6_minus_cns_midline	249022
all_dm6_minus_cns_midline	249023
all_dm6_minus_cns_midline	249025
all_dm6_minus_cns_midline	249026
all_dm6_minus_cns_midline	249027
all_dm6_minus_cns_midline	249028
all_dm6_minus_cns_midline	249031
all_dm6_minus_cns_midline	249032
all_dm6_minus_cns_midline	249033
all_dm6_minus_cns_midline	249034
all_dm6_minus_cns_midline	249035
all_dm6_minus_cns_midline	249036
all_dm6_minus_cns_midline	249037
all_dm6_minus_cns_midline	249038
all_dm6_minus_cns_midline	249039
all_dm6_minus_cns_midline	249040
all_dm6_minus_cns_midline	249041
all_dm6_minus_cns_midline	249042
all_dm6_minus_cns_midline	249043
all_dm6_minus_cns_midline	249044
all_dm6_minus_cns_midline	249045
all_dm6_minus_cns_midline	249046
all_dm6_minus_cns_midline	249047
all_dm6_minus_cns_midline	249048
all_dm6_minus_cns_midline	249049
all_dm6_minus_cns_midline	249050
all_dm6_minus_cns_midline	249051
all_dm6_minus_cns_midline	249052
all_dm6_minus_cns_midline	249054
all_dm6_minus_cns_midline	249055
all_dm6_minus_cns_midline	249056
all_dm6_minus_cns_midline	249057
all_dm6_minus_cns_midline	249058
all_dm6_minus_cns_midline	249059
all_dm6_minus_cns_midline	249060
all_dm6_minus_cns_midline	249061
all_dm6_minus_cns_midline	249062
all_dm6_minus_cns_midline	249063
all_dm6_minus_cns_midline	249064
all_dm6_minus_cns_midline	249065
all_dm6_minus_cns_midline	249066
all_dm6_minus_cns_midline	249068
all_dm6_minus_cns_midline	249069
all_dm6_minus_cns_midline	249070
all_dm6_minus_cns_midline	249072
all_dm6_minus_cns_midline	249073
all_dm6_minus_cns_midline	249075
all_dm6_minus_cns_midline	249077
all_dm6_minus_cns_midline	249079
all_dm6_minus_cns_midline	249080
all_dm6_minus_cns_midline	249081
all_dm6_minus_cns_midline	249082
all_dm6_minus_cns_midline	249083
all_dm6_minus_cns_midline	249084
all_dm6_minus_cns_midline	249085
all_dm6_minus_cns_midline	249086
all_dm6_minus_cns_midline	249087
all_dm6_minus_cns_midline	249088
all_dm6_minus_cns_midline	249089
all_dm6_minus_cns_midline	249090
all_dm6_minus_cns_midline	249094
all_dm6_minus_cns_midline	249095
all_dm6_minus_cns_midline	249096
all_dm6_minus_cns_midline	249097
all_dm6_minus_cns_midline	249098
all_dm6_minus_cns_midline	249099
all_dm6_minus_cns_midline	249100
all_dm6_minus_cns_midline	249101
all_dm6_minus_cns_midline	249102
all_dm6_minus_cns_midline	249103
all_dm6_minus_cns_midline	249104
all_dm6_minus_cns_midline	249105
all_dm6_minus_cns_midline	249109
all_dm6_minus_cns_midline	249145
all_dm6_minus_cns_midline	249156
all_dm6_minus_cns_midline	249157
all_dm6_minus_cns_midline	249170
all_dm6_minus_cns_midline	249276
all_dm6_minus_cns_midline	249277
all_dm6_minus_cns_midline	249278
all_dm6_minus_cns_midline	249289
all_dm6_minus_cns_midline	249290
all_dm6_minus_cns_midline	249338
all_dm6_minus_cns_midline	249340
all_dm6_minus_cns_midline	249341
all_dm6_minus_cns_midline	249342
all_dm6_minus_cns_midline	249354
all_dm6_minus_cns_midline	249355
all_dm6_minus_cns_midline	249359
all_dm6_minus_cns_midline	249361
all_dm6_minus_cns_midline	249362
all_dm6_minus_cns_midline	249382
all_dm6_minus_cns_midline	249383
all_dm6_minus_cns_midline	249384
all_dm6_minus_cns_midline	249385
all_dm6_minus_cns_midline	249386
all_dm6_minus_cns_midline	249387
all_dm6_minus_cns_midline	249388
all_dm6_minus_cns_midline	249389
all_dm6_minus_cns_midline	249390
all_dm6_minus_cns_midline	249391
all_dm6_minus_cns_midline	249392
all_dm6_minus_cns_midline	249393
all_dm6_minus_cns_midline	249394
all_dm6_minus_cns_midline	249395
all_dm6_minus_cns_midline	249396
all_dm6_minus_cns_midline	249397
all_dm6_minus_cns_midline	249398
all_dm6_minus_cns_midline	249399
all_dm6_minus_cns_midline	249400
all_dm6_minus_cns_midline	249401
all_dm6_minus_cns_midline	249402
all_dm6_minus_cns_midline	249403
all_dm6_minus_cns_midline	249404
all_dm6_minus_cns_midline	249405
all_dm6_minus_cns_midline	249406
all_dm6_minus_cns_midline	249407
all_dm6_minus_cns_midline	249408
all_dm6_minus_cns_midline	249409
all_dm6_minus_cns_midline	249410
all_dm6_minus_cns_midline	249411
all_dm6_minus_cns_midline	249412
all_dm6_minus_cns_midline	249413
all_dm6_minus_cns_midline	249414
all_dm6_minus_cns_midline	249415
all_dm6_minus_cns_midline	249416
all_dm6_minus_cns_midline	249417
all_dm6_minus_cns_midline	249418
all_dm6_minus_cns_midline	249419
all_dm6_minus_cns_midline	249420
all_dm6_minus_cns_midline	249421
all_dm6_minus_cns_midline	249422
all_dm6_minus_cns_midline	249423
all_dm6_minus_cns_midline	249424
all_dm6_minus_cns_midline	249425
all_dm6_minus_cns_midline	249426
all_dm6_minus_cns_midline	249427
all_dm6_minus_cns_midline	249428
all_dm6_minus_cns_midline	249429
all_dm6_minus_cns_midline	249430
all_dm6_minus_cns_midline	249431
all_dm6_minus_cns_midline	249432
all_dm6_minus_cns_midline	249433
all_dm6_minus_cns_midline	249434
all_dm6_minus_cns_midline	249435
all_dm6_minus_cns_midline	249436
all_dm6_minus_cns_midline	249437
all_dm6_minus_cns_midline	249438
all_dm6_minus_cns_midline	249439
all_dm6_minus_cns_midline	249440
all_dm6_minus_cns_midline	249441
all_dm6_minus_cns_midline	249442
all_dm6_minus_cns_midline	249443
all_dm6_minus_cns_midline	249459
all_dm6_minus_cns_midline	249460
all_dm6_minus_cns_midline	249461
all_dm6_minus_cns_midline	249464
all_dm6_minus_cns_midline	249465
all_dm6_minus_cns_midline	249466
all_dm6_minus_cns_midline	249467
all_dm6_minus_cns_midline	249468
all_dm6_minus_cns_midline	249469
all_dm6_minus_cns_midline	249470
all_dm6_minus_cns_midline	249471
all_dm6_minus_cns_midline	249472
all_dm6_minus_cns_midline	249473
all_dm6_minus_cns_midline	249474
all_dm6_minus_cns_midline	249475
all_dm6_minus_cns_midline	249476
all_dm6_minus_cns_midline	249478
all_dm6_minus_cns_midline	249479
all_dm6_minus_cns_midline	249480
all_dm6_minus_cns_midline	249481
all_dm6_minus_cns_midline	249482
all_dm6_minus_cns_midline	249483
all_dm6_minus_cns_midline	249484
all_dm6_minus_cns_midline	249485
all_dm6_minus_cns_midline	249486
all_dm6_minus_cns_midline	249488
all_dm6_minus_cns_midline	249489
all_dm6_minus_cns_midline	249491
all_dm6_minus_cns_midline	249492
all_dm6_minus_cns_midline	249493
all_dm6_minus_cns_midline	249494
all_dm6_minus_cns_midline	249495
all_dm6_minus_cns_midline	249496
all_dm6_minus_cns_midline	249497
all_dm6_minus_cns_midline	249498
all_dm6_minus_cns_midline	249499
all_dm6_minus_cns_midline	249500
all_dm6_minus_cns_midline	249501
all_dm6_minus_cns_midline	249502
all_dm6_minus_cns_midline	249503
all_dm6_minus_cns_midline	249504
all_dm6_minus_cns_midline	249505
all_dm6_minus_cns_midline	249506
all_dm6_minus_cns_midline	249507
all_dm6_minus_cns_midline	249508
all_dm6_minus_cns_midline	249509
all_dm6_minus_cns_midline	249510
all_dm6_minus_cns_midline	249511
all_dm6_minus_cns_midline	249513
all_dm6_minus_cns_midline	249514
all_dm6_minus_cns_midline	249515
all_dm6_minus_cns_midline	249516
all_dm6_minus_cns_midline	249517
all_dm6_minus_cns_midline	249518
all_dm6_minus_cns_midline	249519
all_dm6_minus_cns_midline	249520
all_dm6_minus_cns_midline	249521
all_dm6_minus_cns_midline	249522
all_dm6_minus_cns_midline	249526
all_dm6_minus_cns_midline	249540
all_dm6_minus_cns_midline	249541
all_dm6_minus_cns_midline	249542
all_dm6_minus_cns_midline	249543
all_dm6_minus_cns_midline	249544
all_dm6_minus_cns_midline	249545
all_dm6_minus_cns_midline	249561
all_dm6_minus_cns_midline	249562
all_dm6_minus_cns_midline	249563
all_dm6_minus_cns_midline	249564
all_dm6_minus_cns_midline	249565
all_dm6_minus_cns_midline	249566
all_dm6_minus_cns_midline	249567
all_dm6_minus_cns_midline	249568
all_dm6_minus_cns_midline	249569
all_dm6_minus_cns_midline	249570
all_dm6_minus_cns_midline	249571
all_dm6_minus_cns_midline	249572
all_dm6_minus_cns_midline	249573
all_dm6_minus_cns_midline	249574
all_dm6_minus_cns_midline	249576
all_dm6_minus_cns_midline	249580
all_dm6_minus_cns_midline	249581
all_dm6_minus_cns_midline	249582
all_dm6_minus_cns_midline	249583
all_dm6_minus_cns_midline	249584
all_dm6_minus_cns_midline	249585
all_dm6_minus_cns_midline	249586
all_dm6_minus_cns_midline	249587
all_dm6_minus_cns_midline	249588
all_dm6_minus_cns_midline	249589
all_dm6_minus_cns_midline	249591
all_dm6_minus_cns_midline	249594
all_dm6_minus_cns_midline	249599
all_dm6_minus_cns_midline	249600
all_dm6_minus_cns_midline	249601
all_dm6_minus_cns_midline	249602
all_dm6_minus_cns_midline	249606
all_dm6_minus_cns_midline	249607
all_dm6_minus_cns_midline	249608
all_dm6_minus_cns_midline	249610
all_dm6_minus_cns_midline	249611
all_dm6_minus_cns_midline	249612
all_dm6_minus_cns_midline	249613
all_dm6_minus_cns_midline	249614
all_dm6_minus_cns_midline	249615
all_dm6_minus_cns_midline	249616
all_dm6_minus_cns_midline	249617
all_dm6_minus_cns_midline	249618
all_dm6_minus_cns_midline	249619
all_dm6_minus_cns_midline	249620
all_dm6_minus_cns_midline	249621
all_dm6_minus_cns_midline	249622
all_dm6_minus_cns_midline	249623
all_dm6_minus_cns_midline	249624
all_dm6_minus_cns_midline	249625
all_dm6_minus_cns_midline	249626
all_dm6_minus_cns_midline	249627
all_dm6_minus_cns_midline	249628
all_dm6_minus_cns_midline	249629
all_dm6_minus_cns_midline	249630
all_dm6_minus_cns_midline	249631
all_dm6_minus_cns_midline	249632
all_dm6_minus_cns_midline	249633
all_dm6_minus_cns_midline	249634
all_dm6_minus_cns_midline	249635
all_dm6_minus_cns_midline	249636
all_dm6_minus_cns_midline	249637
all_dm6_minus_cns_midline	249638
all_dm6_minus_cns_midline	249639
all_dm6_minus_cns_midline	249640
all_dm6_minus_cns_midline	249641
all_dm6_minus_cns_midline	249642
all_dm6_minus_cns_midline	249643
all_dm6_minus_cns_midline	249644
all_dm6_minus_cns_midline	249645
all_dm6_minus_cns_midline	249646
all_dm6_minus_cns_midline	249647
all_dm6_minus_cns_midline	249648
all_dm6_minus_cns_midline	249649
all_dm6_minus_cns_midline	249650
all_dm6_minus_cns_midline	249653
all_dm6_minus_cns_midline	249654
all_dm6_minus_cns_midline	249655
all_dm6_minus_cns_midline	249656
all_dm6_minus_cns_midline	249657
all_dm6_minus_cns_midline	249658
all_dm6_minus_cns_midline	249659
all_dm6_minus_cns_midline	249660
all_dm6_minus_cns_midline	249661
all_dm6_minus_cns_midline	249662
all_dm6_minus_cns_midline	249663
all_dm6_minus_cns_midline	249666
all_dm6_minus_cns_midline	249668
all_dm6_minus_cns_midline	249669
all_dm6_minus_cns_midline	249670
all_dm6_minus_cns_midline	249671
all_dm6_minus_cns_midline	249672
all_dm6_minus_cns_midline	249673
all_dm6_minus_cns_midline	249674
all_dm6_minus_cns_midline	249675
all_dm6_minus_cns_midline	249676
all_dm6_minus_cns_midline	249677
all_dm6_minus_cns_midline	249680
all_dm6_minus_cns_midline	249681
all_dm6_minus_cns_midline	249682
all_dm6_minus_cns_midline	249683
all_dm6_minus_cns_midline	249684
all_dm6_minus_cns_midline	249685
all_dm6_minus_cns_midline	249686
all_dm6_minus_cns_midline	249687
all_dm6_minus_cns_midline	249688
all_dm6_minus_cns_midline	249689
all_dm6_minus_cns_midline	249693
all_dm6_minus_cns_midline	249694
all_dm6_minus_cns_midline	249695
all_dm6_minus_cns_midline	249696
all_dm6_minus_cns_midline	249697
all_dm6_minus_cns_midline	249698
all_dm6_minus_cns_midline	249699
all_dm6_minus_cns_midline	249700
all_dm6_minus_cns_midline	249701
all_dm6_minus_cns_midline	249702
all_dm6_minus_cns_midline	249710
all_dm6_minus_cns_midline	249712
all_dm6_minus_cns_midline	249715
all_dm6_minus_cns_midline	249716
all_dm6_minus_cns_midline	249718
all_dm6_minus_cns_midline	249719
all_dm6_minus_cns_midline	249720
all_dm6_minus_cns_midline	249721
all_dm6_minus_cns_midline	249722
all_dm6_minus_cns_midline	249723
all_dm6_minus_cns_midline	249724
all_dm6_minus_cns_midline	249725
all_dm6_minus_cns_midline	249727
all_dm6_minus_cns_midline	249728
all_dm6_minus_cns_midline	249729
all_dm6_minus_cns_midline	249730
all_dm6_minus_cns_midline	249731
all_dm6_minus_cns_midline	249732
all_dm6_minus_cns_midline	249733
all_dm6_minus_cns_midline	249734
all_dm6_minus_cns_midline	249735
all_dm6_minus_cns_midline	249736
all_dm6_minus_cns_midline	249737
all_dm6_minus_cns_midline	249739
all_dm6_minus_cns_midline	249740
all_dm6_minus_cns_midline	249741
all_dm6_minus_cns_midline	249742
all_dm6_minus_cns_midline	249743
all_dm6_minus_cns_midline	249745
all_dm6_minus_cns_midline	249746
all_dm6_minus_cns_midline	249747
all_dm6_minus_cns_midline	249748
all_dm6_minus_cns_midline	249749
all_dm6_minus_cns_midline	249750
all_dm6_minus_cns_midline	249751
all_dm6_minus_cns_midline	249752
all_dm6_minus_cns_midline	249753
all_dm6_minus_cns_midline	249754
all_dm6_minus_cns_midline	249755
all_dm6_minus_cns_midline	249756
all_dm6_minus_cns_midline	249757
all_dm6_minus_cns_midline	249758
all_dm6_minus_cns_midline	249759
all_dm6_minus_cns_midline	249760
all_dm6_minus_cns_midline	249761
all_dm6_minus_cns_midline	249762
all_dm6_minus_cns_midline	249763
all_dm6_minus_cns_midline	249764
all_dm6_minus_cns_midline	249766
all_dm6_minus_cns_midline	249767
all_dm6_minus_cns_midline	249768
all_dm6_minus_cns_midline	249769
all_dm6_minus_cns_midline	249770
all_dm6_minus_cns_midline	249771
all_dm6_minus_cns_midline	249772
all_dm6_minus_cns_midline	249773
all_dm6_minus_cns_midline	249774
all_dm6_minus_cns_midline	249775
all_dm6_minus_cns_midline	249779
all_dm6_minus_cns_midline	249780
all_dm6_minus_cns_midline	249781
all_dm6_minus_cns_midline	249782
all_dm6_minus_cns_midline	249783
all_dm6_minus_cns_midline	249784
all_dm6_minus_cns_midline	249785
all_dm6_minus_cns_midline	249786
all_dm6_minus_cns_midline	249787
all_dm6_minus_cns_midline	249788
all_dm6_minus_cns_midline	249789
all_dm6_minus_cns_midline	249790
all_dm6_minus_cns_midline	249791
all_dm6_minus_cns_midline	249792
all_dm6_minus_cns_midline	249793
all_dm6_minus_cns_midline	249794
all_dm6_minus_cns_midline	249795
all_dm6_minus_cns_midline	249796
all_dm6_minus_cns_midline	249797
all_dm6_minus_cns_midline	249798
all_dm6_minus_cns_midline	249799
all_dm6_minus_cns_midline	249800
all_dm6_minus_cns_midline	249801
all_dm6_minus_cns_midline	249802
all_dm6_minus_cns_midline	249803
all_dm6_minus_cns_midline	249804
all_dm6_minus_cns_midline	249805
all_dm6_minus_cns_midline	249806
all_dm6_minus_cns_midline	249807
all_dm6_minus_cns_midline	249808
all_dm6_minus_cns_midline	249809
all_dm6_minus_cns_midline	249810
all_dm6_minus_cns_midline	249811
all_dm6_minus_cns_midline	249812
all_dm6_minus_cns_midline	249820
all_dm6_minus_cns_midline	249821
all_dm6_minus_cns_midline	249822
all_dm6_minus_cns_midline	249824
all_dm6_minus_cns_midline	249825
all_dm6_minus_cns_midline	249826
all_dm6_minus_cns_midline	249827
all_dm6_minus_cns_midline	249828
all_dm6_minus_cns_midline	249829
all_dm6_minus_cns_midline	249830
all_dm6_minus_cns_midline	249831
all_dm6_minus_cns_midline	249832
all_dm6_minus_cns_midline	249833
all_dm6_minus_cns_midline	249834
all_dm6_minus_cns_midline	249835
all_dm6_minus_cns_midline	249836
all_dm6_minus_cns_midline	249837
all_dm6_minus_cns_midline	249838
all_dm6_minus_cns_midline	249839
all_dm6_minus_cns_midline	249842
all_dm6_minus_cns_midline	249843
all_dm6_minus_cns_midline	249844
all_dm6_minus_cns_midline	249845
all_dm6_minus_cns_midline	249846
all_dm6_minus_cns_midline	249847
all_dm6_minus_cns_midline	249848
all_dm6_minus_cns_midline	249849
all_dm6_minus_cns_midline	249850
all_dm6_minus_cns_midline	249851
all_dm6_minus_cns_midline	249852
all_dm6_minus_cns_midline	249853
all_dm6_minus_cns_midline	249854
all_dm6_minus_cns_midline	249855
all_dm6_minus_cns_midline	249856
all_dm6_minus_cns_midline	249857
all_dm6_minus_cns_midline	249858
all_dm6_minus_cns_midline	249859
all_dm6_minus_cns_midline	249860
all_dm6_minus_cns_midline	249861
all_dm6_minus_cns_midline	249862
all_dm6_minus_cns_midline	249863
all_dm6_minus_cns_midline	249864
all_dm6_minus_cns_midline	249865
all_dm6_minus_cns_midline	249866
all_dm6_minus_cns_midline	249867
all_dm6_minus_cns_midline	249868
all_dm6_minus_cns_midline	249870
all_dm6_minus_cns_midline	249871
all_dm6_minus_cns_midline	249873
all_dm6_minus_cns_midline	249874
all_dm6_minus_cns_midline	249875
all_dm6_minus_cns_midline	249876
all_dm6_minus_cns_midline	249877
all_dm6_minus_cns_midline	249878
all_dm6_minus_cns_midline	249879
all_dm6_minus_cns_midline	249880
all_dm6_minus_cns_midline	249881
all_dm6_minus_cns_midline	249882
all_dm6_minus_cns_midline	249883
all_dm6_minus_cns_midline	249884
all_dm6_minus_cns_midline	249886
all_dm6_minus_cns_midline	249887
all_dm6_minus_cns_midline	249888
all_dm6_minus_cns_midline	249889
all_dm6_minus_cns_midline	249890
all_dm6_minus_cns_midline	249891
all_dm6_minus_cns_midline	249893
all_dm6_minus_cns_midline	249894
all_dm6_minus_cns_midline	249895
all_dm6_minus_cns_midline	249896
all_dm6_minus_cns_midline	249897
all_dm6_minus_cns_midline	249898
all_dm6_minus_cns_midline	249899
all_dm6_minus_cns_midline	249900
all_dm6_minus_cns_midline	249901
all_dm6_minus_cns_midline	249902
all_dm6_minus_cns_midline	249903
all_dm6_minus_cns_midline	249904
all_dm6_minus_cns_midline	249905
all_dm6_minus_cns_midline	249906
all_dm6_minus_cns_midline	249908
all_dm6_minus_cns_midline	249909
all_dm6_minus_cns_midline	249911
all_dm6_minus_cns_midline	249912
all_dm6_minus_cns_midline	249913
all_dm6_minus_cns_midline	249914
all_dm6_minus_cns_midline	249915
all_dm6_minus_cns_midline	249917
all_dm6_minus_cns_midline	249918
all_dm6_minus_cns_midline	249919
all_dm6_minus_cns_midline	249920
all_dm6_minus_cns_midline	249921
all_dm6_minus_cns_midline	249922
all_dm6_minus_cns_midline	249923
all_dm6_minus_cns_midline	249924
all_dm6_minus_cns_midline	249925
all_dm6_minus_cns_midline	249926
all_dm6_minus_cns_midline	249927
all_dm6_minus_cns_midline	249928
all_dm6_minus_cns_midline	249929
all_dm6_minus_cns_midline	249930
all_dm6_minus_cns_midline	249931
all_dm6_minus_cns_midline	249932
all_dm6_minus_cns_midline	249933
all_dm6_minus_cns_midline	249934
all_dm6_minus_cns_midline	249936
all_dm6_minus_cns_midline	249937
all_dm6_minus_cns_midline	249938
all_dm6_minus_cns_midline	249939
all_dm6_minus_cns_midline	249940
all_dm6_minus_cns_midline	249941
all_dm6_minus_cns_midline	249942
all_dm6_minus_cns_midline	249943
all_dm6_minus_cns_midline	249944
all_dm6_minus_cns_midline	249945
all_dm6_minus_cns_midline	249946
all_dm6_minus_cns_midline	249948
all_dm6_minus_cns_midline	249949
all_dm6_minus_cns_midline	249950
all_dm6_minus_cns_midline	249952
all_dm6_minus_cns_midline	249953
all_dm6_minus_cns_midline	249954
all_dm6_minus_cns_midline	249955
all_dm6_minus_cns_midline	249956
all_dm6_minus_cns_midline	249957
all_dm6_minus_cns_midline	249958
all_dm6_minus_cns_midline	249959
all_dm6_minus_cns_midline	249960
all_dm6_minus_cns_midline	249962
all_dm6_minus_cns_midline	249963
all_dm6_minus_cns_midline	249964
all_dm6_minus_cns_midline	249967
all_dm6_minus_cns_midline	249971
all_dm6_minus_cns_midline	249972
all_dm6_minus_cns_midline	249973
all_dm6_minus_cns_midline	249974
all_dm6_minus_cns_midline	249975
all_dm6_minus_cns_midline	249978
all_dm6_minus_cns_midline	249979
all_dm6_minus_cns_midline	249980
all_dm6_minus_cns_midline	249981
all_dm6_minus_cns_midline	249982
all_dm6_minus_cns_midline	249983
all_dm6_minus_cns_midline	249984
all_dm6_minus_cns_midline	249987
all_dm6_minus_cns_midline	249989
all_dm6_minus_cns_midline	249990
all_dm6_minus_cns_midline	249991
all_dm6_minus_cns_midline	249992
all_dm6_minus_cns_midline	249993
all_dm6_minus_cns_midline	249997
all_dm6_minus_cns_midline	249998
all_dm6_minus_cns_midline	249999
all_dm6_minus_cns_midline	250001
all_dm6_minus_cns_midline	250002
all_dm6_minus_cns_midline	250015
all_dm6_minus_cns_midline	250016
all_dm6_minus_cns_midline	250017
all_dm6_minus_cns_midline	250018
all_dm6_minus_cns_midline	250019
all_dm6_minus_cns_midline	250020
all_dm6_minus_cns_midline	250021
all_dm6_minus_cns_midline	250022
all_dm6_minus_cns_midline	250023
all_dm6_minus_cns_midline	250025
all_dm6_minus_cns_midline	250026
all_dm6_minus_cns_midline	250028
all_dm6_minus_cns_midline	250029
all_dm6_minus_cns_midline	250030
all_dm6_minus_cns_midline	250031
all_dm6_minus_cns_midline	250033
all_dm6_minus_cns_midline	250034
all_dm6_minus_cns_midline	250035
all_dm6_minus_cns_midline	250036
all_dm6_minus_cns_midline	250037
all_dm6_minus_cns_midline	250038
all_dm6_minus_cns_midline	250039
all_dm6_minus_cns_midline	250040
all_dm6_minus_cns_midline	250041
all_dm6_minus_cns_midline	250042
all_dm6_minus_cns_midline	250043
all_dm6_minus_cns_midline	250044
all_dm6_minus_cns_midline	250045
all_dm6_minus_cns_midline	250046
all_dm6_minus_cns_midline	250047
all_dm6_minus_cns_midline	250048
all_dm6_minus_cns_midline	250049
all_dm6_minus_cns_midline	250050
all_dm6_minus_cns_midline	250051
all_dm6_minus_cns_midline	250053
all_dm6_minus_cns_midline	250054
all_dm6_minus_cns_midline	250057
all_dm6_minus_cns_midline	250059
all_dm6_minus_cns_midline	250061
all_dm6_minus_cns_midline	250069
all_dm6_minus_cns_midline	250083
all_dm6_minus_cns_midline	250084
all_dm6_minus_cns_midline	250085
all_dm6_minus_cns_midline	250086
all_dm6_minus_cns_midline	250088
all_dm6_minus_cns_midline	250091
all_dm6_minus_cns_midline	250093
all_dm6_minus_cns_midline	250098
all_dm6_minus_cns_midline	250101
all_dm6_minus_cns_midline	250102
all_dm6_minus_cns_midline	250103
all_dm6_minus_cns_midline	250114
all_dm6_minus_cns_midline	250115
all_dm6_minus_cns_midline	250116
all_dm6_minus_cns_midline	250117
all_dm6_minus_cns_midline	250118
all_dm6_minus_cns_midline	250119
all_dm6_minus_cns_midline	250120
all_dm6_minus_cns_midline	250121
all_dm6_minus_cns_midline	250122
all_dm6_minus_cns_midline	250123
all_dm6_minus_cns_midline	250124
all_dm6_minus_cns_midline	250125
all_dm6_minus_cns_midline	250128
all_dm6_minus_cns_midline	250129
all_dm6_minus_cns_midline	250130
all_dm6_minus_cns_midline	250131
all_dm6_minus_cns_midline	250132
all_dm6_minus_cns_midline	250133
all_dm6_minus_cns_midline	250134
all_dm6_minus_cns_midline	250135
all_dm6_minus_cns_midline	250136
all_dm6_minus_cns_midline	250137
all_dm6_minus_cns_midline	250138
all_dm6_minus_cns_midline	250139
all_dm6_minus_cns_midline	250140
all_dm6_minus_cns_midline	250141
all_dm6_minus_cns_midline	250142
all_dm6_minus_cns_midline	250143
all_dm6_minus_cns_midline	250144
all_dm6_minus_cns_midline	250148
all_dm6_minus_cns_midline	250151
all_dm6_minus_cns_midline	250153
all_dm6_minus_cns_midline	250154
all_dm6_minus_cns_midline	250155
all_dm6_minus_cns_midline	250156
all_dm6_minus_cns_midline	250157
all_dm6_minus_cns_midline	250162
all_dm6_minus_cns_midline	250163
all_dm6_minus_cns_midline	250164
all_dm6_minus_cns_midline	250165
all_dm6_minus_cns_midline	250166
all_dm6_minus_cns_midline	250168
all_dm6_minus_cns_midline	250169
all_dm6_minus_cns_midline	250171
all_dm6_minus_cns_midline	250173
all_dm6_minus_cns_midline	250174
all_dm6_minus_cns_midline	250187
all_dm6_minus_cns_midline	250188
all_dm6_minus_cns_midline	250191
all_dm6_minus_cns_midline	250192
all_dm6_minus_cns_midline	250195
all_dm6_minus_cns_midline	250196
all_dm6_minus_cns_midline	250198
all_dm6_minus_cns_midline	250210
all_dm6_minus_cns_midline	250214
all_dm6_minus_cns_midline	250242
all_dm6_minus_cns_midline	250244
all_dm6_minus_cns_midline	250245
all_dm6_minus_cns_midline	250249
all_dm6_minus_cns_midline	250270
all_dm6_minus_cns_midline	250271
all_dm6_minus_cns_midline	250272
all_dm6_minus_cns_midline	250273
all_dm6_minus_cns_midline	250274
all_dm6_minus_cns_midline	250275
all_dm6_minus_cns_midline	250276
all_dm6_minus_cns_midline	250277
all_dm6_minus_cns_midline	250280
all_dm6_minus_cns_midline	250284
all_dm6_minus_cns_midline	250288
all_dm6_minus_cns_midline	250289
all_dm6_minus_cns_midline	250290
all_dm6_minus_cns_midline	250291
all_dm6_minus_cns_midline	250292
all_dm6_minus_cns_midline	250298
all_dm6_minus_cns_midline	250300
all_dm6_minus_cns_midline	250302
all_dm6_minus_cns_midline	250303
all_dm6_minus_cns_midline	250304
all_dm6_minus_cns_midline	250307
all_dm6_minus_cns_midline	250308
all_dm6_minus_cns_midline	250309
all_dm6_minus_cns_midline	250310
all_dm6_minus_cns_midline	250311
all_dm6_minus_cns_midline	250312
all_dm6_minus_cns_midline	250314
all_dm6_minus_cns_midline	250315
all_dm6_minus_cns_midline	250316
all_dm6_minus_cns_midline	250317
all_dm6_minus_cns_midline	250318
all_dm6_minus_cns_midline	250319
all_dm6_minus_cns_midline	250320
all_dm6_minus_cns_midline	250330
all_dm6_minus_cns_midline	250331
all_dm6_minus_cns_midline	250333
all_dm6_minus_cns_midline	250334
all_dm6_minus_cns_midline	250335
all_dm6_minus_cns_midline	250336
all_dm6_minus_cns_midline	250337
all_dm6_minus_cns_midline	250338
all_dm6_minus_cns_midline	250339
all_dm6_minus_cns_midline	250340
all_dm6_minus_cns_midline	250341
all_dm6_minus_cns_midline	250342
all_dm6_minus_cns_midline	250343
all_dm6_minus_cns_midline	250344
all_dm6_minus_cns_midline	250345
all_dm6_minus_cns_midline	250346
all_dm6_minus_cns_midline	250347
all_dm6_minus_cns_midline	250363
all_dm6_minus_cns_midline	250379
all_dm6_minus_cns_midline	250380
all_dm6_minus_cns_midline	250381
all_dm6_minus_cns_midline	250382
all_dm6_minus_cns_midline	250383
all_dm6_minus_cns_midline	250396
all_dm6_minus_cns_midline	250400
all_dm6_minus_cns_midline	250402
all_dm6_minus_cns_midline	250407
all_dm6_minus_cns_midline	250408
all_dm6_minus_cns_midline	250409
all_dm6_minus_cns_midline	250410
all_dm6_minus_cns_midline	250414
all_dm6_minus_cns_midline	250415
all_dm6_minus_cns_midline	250416
all_dm6_minus_cns_midline	250417
all_dm6_minus_cns_midline	250418
all_dm6_minus_cns_midline	250419
all_dm6_minus_cns_midline	250420
all_dm6_minus_cns_midline	250421
all_dm6_minus_cns_midline	250423
all_dm6_minus_cns_midline	250424
all_dm6_minus_cns_midline	250425
all_dm6_minus_cns_midline	250427
all_dm6_minus_cns_midline	250428
all_dm6_minus_cns_midline	250429
all_dm6_minus_cns_midline	250430
all_dm6_minus_cns_midline	250438
all_dm6_minus_cns_midline	250439
all_dm6_minus_cns_midline	250440
all_dm6_minus_cns_midline	250441
all_dm6_minus_cns_midline	250442
all_dm6_minus_cns_midline	250443
all_dm6_minus_cns_midline	250444
all_dm6_minus_cns_midline	250445
all_dm6_minus_cns_midline	250446
all_dm6_minus_cns_midline	250447
all_dm6_minus_cns_midline	250452
all_dm6_minus_cns_midline	250453
all_dm6_minus_cns_midline	250454
all_dm6_minus_cns_midline	250466
all_dm6_minus_cns_midline	250467
all_dm6_minus_cns_midline	250468
all_dm6_minus_cns_midline	250469
all_dm6_minus_cns_midline	250472
all_dm6_minus_cns_midline	250473
all_dm6_minus_cns_midline	250475
all_dm6_minus_cns_midline	250476
all_dm6_minus_cns_midline	250477
all_dm6_minus_cns_midline	250478
all_dm6_minus_cns_midline	250479
all_dm6_minus_cns_midline	250481
all_dm6_minus_cns_midline	250483
all_dm6_minus_cns_midline	250484
all_dm6_minus_cns_midline	250488
all_dm6_minus_cns_midline	250489
all_dm6_minus_cns_midline	250490
all_dm6_minus_cns_midline	250491
all_dm6_minus_cns_midline	250493
all_dm6_minus_cns_midline	250494
all_dm6_minus_cns_midline	250495
all_dm6_minus_cns_midline	250496
all_dm6_minus_cns_midline	250497
all_dm6_minus_cns_midline	250498
all_dm6_minus_cns_midline	250499
all_dm6_minus_cns_midline	250500
all_dm6_minus_cns_midline	250502
all_dm6_minus_cns_midline	250503
all_dm6_minus_cns_midline	250504
all_dm6_minus_cns_midline	250506
all_dm6_minus_cns_midline	250529
all_dm6_minus_cns_midline	250581
all_dm6_minus_cns_midline	250584
all_dm6_minus_cns_midline	250585
all_dm6_minus_cns_midline	250586
all_dm6_minus_cns_midline	250589
all_dm6_minus_cns_midline	250590
all_dm6_minus_cns_midline	250591
all_dm6_minus_cns_midline	250593
all_dm6_minus_cns_midline	250594
all_dm6_minus_cns_midline	250597
all_dm6_minus_cns_midline	250598
all_dm6_minus_cns_midline	250599
all_dm6_minus_cns_midline	250601
all_dm6_minus_cns_midline	250602
all_dm6_minus_cns_midline	250604
all_dm6_minus_cns_midline	250606
all_dm6_minus_cns_midline	250607
all_dm6_minus_cns_midline	250608
all_dm6_minus_cns_midline	250613
all_dm6_minus_cns_midline	250614
all_dm6_minus_cns_midline	250615
all_dm6_minus_cns_midline	250616
all_dm6_minus_cns_midline	250617
all_dm6_minus_cns_midline	250618
all_dm6_minus_cns_midline	250620
all_dm6_minus_cns_midline	250621
all_dm6_minus_cns_midline	250623
all_dm6_minus_cns_midline	250628
all_dm6_minus_cns_midline	250636
all_dm6_minus_cns_midline	250637
all_dm6_minus_cns_midline	250638
all_dm6_minus_cns_midline	250639
all_dm6_minus_cns_midline	250640
all_dm6_minus_cns_midline	250641
all_dm6_minus_cns_midline	250643
all_dm6_minus_cns_midline	250644
all_dm6_minus_cns_midline	250645
all_dm6_minus_cns_midline	250646
all_dm6_minus_cns_midline	250647
all_dm6_minus_cns_midline	250648
all_dm6_minus_cns_midline	250649
all_dm6_minus_cns_midline	250650
all_dm6_minus_cns_midline	250651
all_dm6_minus_cns_midline	250652
all_dm6_minus_cns_midline	250653
all_dm6_minus_cns_midline	250654
all_dm6_minus_cns_midline	250655
all_dm6_minus_cns_midline	250656
all_dm6_minus_cns_midline	250657
all_dm6_minus_cns_midline	250658
all_dm6_minus_cns_midline	250659
all_dm6_minus_cns_midline	250660
all_dm6_minus_cns_midline	250662
all_dm6_minus_cns_midline	250664
all_dm6_minus_cns_midline	250665
all_dm6_minus_cns_midline	250666
all_dm6_minus_cns_midline	250668
all_dm6_minus_cns_midline	250669
all_dm6_minus_cns_midline	250671
all_dm6_minus_cns_midline	250684
all_dm6_minus_cns_midline	250686
all_dm6_minus_cns_midline	250690
all_dm6_minus_cns_midline	250691
all_dm6_minus_cns_midline	250692
all_dm6_minus_cns_midline	250693
all_dm6_minus_cns_midline	250694
all_dm6_minus_cns_midline	250695
all_dm6_minus_cns_midline	250696
all_dm6_minus_cns_midline	250697
all_dm6_minus_cns_midline	250698
all_dm6_minus_cns_midline	250699
all_dm6_minus_cns_midline	250700
all_dm6_minus_cns_midline	250701
all_dm6_minus_cns_midline	250705
all_dm6_minus_cns_midline	250706
all_dm6_minus_cns_midline	250715
all_dm6_minus_cns_midline	250716
all_dm6_minus_cns_midline	250717
all_dm6_minus_cns_midline	250718
all_dm6_minus_cns_midline	250719
all_dm6_minus_cns_midline	250720
all_dm6_minus_cns_midline	250722
all_dm6_minus_cns_midline	250723
all_dm6_minus_cns_midline	250725
all_dm6_minus_cns_midline	250726
all_dm6_minus_cns_midline	250727
all_dm6_minus_cns_midline	250729
all_dm6_minus_cns_midline	250730
all_dm6_minus_cns_midline	250731
all_dm6_minus_cns_midline	250732
all_dm6_minus_cns_midline	250733
all_dm6_minus_cns_midline	250734
all_dm6_minus_cns_midline	250735
all_dm6_minus_cns_midline	250736
all_dm6_minus_cns_midline	250739
all_dm6_minus_cns_midline	250740
all_dm6_minus_cns_midline	250741
all_dm6_minus_cns_midline	250742
all_dm6_minus_cns_midline	250744
all_dm6_minus_cns_midline	250749
all_dm6_minus_cns_midline	250751
all_dm6_minus_cns_midline	250760
all_dm6_minus_cns_midline	250761
all_dm6_minus_cns_midline	250762
all_dm6_minus_cns_midline	250765
all_dm6_minus_cns_midline	250766
all_dm6_minus_cns_midline	250767
all_dm6_minus_cns_midline	250768
all_dm6_minus_cns_midline	250769
all_dm6_minus_cns_midline	250785
all_dm6_minus_cns_midline	250786
all_dm6_minus_cns_midline	250787
all_dm6_minus_cns_midline	250788
all_dm6_minus_cns_midline	250789
all_dm6_minus_cns_midline	250790
all_dm6_minus_cns_midline	250791
all_dm6_minus_cns_midline	250792
all_dm6_minus_cns_midline	250805
all_dm6_minus_cns_midline	250806
all_dm6_minus_cns_midline	250807
all_dm6_minus_cns_midline	250811
all_dm6_minus_cns_midline	250842
all_dm6_minus_cns_midline	250843
all_dm6_minus_cns_midline	250844
all_dm6_minus_cns_midline	250882
all_dm6_minus_cns_midline	250883
all_dm6_minus_cns_midline	250884
all_dm6_minus_cns_midline	250885
all_dm6_minus_cns_midline	251010
all_dm6_minus_cns_midline	251014
all_dm6_minus_cns_midline	251096
all_dm6_minus_cns_midline	251098
all_dm6_minus_cns_midline	251100
all_dm6_minus_cns_midline	251102
all_dm6_minus_cns_midline	251103
all_dm6_minus_cns_midline	251104
all_dm6_minus_cns_midline	251105
all_dm6_minus_cns_midline	251106
all_dm6_minus_cns_midline	251107
all_dm6_minus_cns_midline	251111
all_dm6_minus_cns_midline	251115
all_dm6_minus_cns_midline	251116
all_dm6_minus_cns_midline	251117
all_dm6_minus_cns_midline	251118
all_dm6_minus_cns_midline	251120
all_dm6_minus_cns_midline	251121
all_dm6_minus_cns_midline	251122
all_dm6_minus_cns_midline	251123
all_dm6_minus_cns_midline	251124
all_dm6_minus_cns_midline	251125
all_dm6_minus_cns_midline	251126
all_dm6_minus_cns_midline	251127
all_dm6_minus_cns_midline	251128
all_dm6_minus_cns_midline	251129
all_dm6_minus_cns_midline	251130
all_dm6_minus_cns_midline	251131
all_dm6_minus_cns_midline	251132
all_dm6_minus_cns_midline	251133
all_dm6_minus_cns_midline	251134
all_dm6_minus_cns_midline	251135
all_dm6_minus_cns_midline	251136
all_dm6_minus_cns_midline	251138
all_dm6_minus_cns_midline	251140
all_dm6_minus_cns_midline	251142
all_dm6_minus_cns_midline	251144
all_dm6_minus_cns_midline	251145
all_dm6_minus_cns_midline	251146
all_dm6_minus_cns_midline	251147
all_dm6_minus_cns_midline	251148
all_dm6_minus_cns_midline	251149
all_dm6_minus_cns_midline	251150
all_dm6_minus_cns_midline	251151
all_dm6_minus_cns_midline	251152
all_dm6_minus_cns_midline	251153
all_dm6_minus_cns_midline	251154
all_dm6_minus_cns_midline	251155
all_dm6_minus_cns_midline	251156
all_dm6_minus_cns_midline	251157
all_dm6_minus_cns_midline	251159
all_dm6_minus_cns_midline	251160
all_dm6_minus_cns_midline	251161
all_dm6_minus_cns_midline	251162
all_dm6_minus_cns_midline	251163
all_dm6_minus_cns_midline	251164
all_dm6_minus_cns_midline	251165
all_dm6_minus_cns_midline	251166
all_dm6_minus_cns_midline	251181
all_dm6_minus_cns_midline	251182
all_dm6_minus_cns_midline	251183
all_dm6_minus_cns_midline	251185
all_dm6_minus_cns_midline	251186
all_dm6_minus_cns_midline	251187
all_dm6_minus_cns_midline	251188
all_dm6_minus_cns_midline	251191
all_dm6_minus_cns_midline	251202
all_dm6_minus_cns_midline	251204
all_dm6_minus_cns_midline	251205
all_dm6_minus_cns_midline	251206
all_dm6_minus_cns_midline	251208
all_dm6_minus_cns_midline	251209
all_dm6_minus_cns_midline	251210
all_dm6_minus_cns_midline	251211
all_dm6_minus_cns_midline	251212
all_dm6_minus_cns_midline	251214
all_dm6_minus_cns_midline	251215
all_dm6_minus_cns_midline	251216
all_dm6_minus_cns_midline	251217
all_dm6_minus_cns_midline	251219
all_dm6_minus_cns_midline	251220
all_dm6_minus_cns_midline	251222
all_dm6_minus_cns_midline	251223
all_dm6_minus_cns_midline	251262
all_dm6_minus_cns_midline	251263
all_dm6_minus_cns_midline	251264
all_dm6_minus_cns_midline	251265
all_dm6_minus_cns_midline	251270
all_dm6_minus_cns_midline	251276
all_dm6_minus_cns_midline	251277
all_dm6_minus_cns_midline	251278
all_dm6_minus_cns_midline	251279
all_dm6_minus_cns_midline	251280
all_dm6_minus_cns_midline	251291
all_dm6_minus_cns_midline	251295
all_dm6_minus_cns_midline	251298
all_dm6_minus_cns_midline	251300
all_dm6_minus_cns_midline	251302
all_dm6_minus_cns_midline	251303
all_dm6_minus_cns_midline	251311
all_dm6_minus_cns_midline	251324
all_dm6_minus_cns_midline	251326
all_dm6_minus_cns_midline	251328
all_dm6_minus_cns_midline	251370
all_dm6_minus_cns_midline	251393
all_dm6_minus_cns_midline	251395
all_dm6_minus_cns_midline	251413
all_dm6_minus_cns_midline	251414
all_dm6_minus_cns_midline	251430
all_dm6_minus_cns_midline	251550
all_dm6_minus_cns_midline	251551
all_dm6_minus_cns_midline	251554
all_dm6_minus_cns_midline	251555
all_dm6_minus_cns_midline	251556
all_dm6_minus_cns_midline	251557
all_dm6_minus_cns_midline	251558
all_dm6_minus_cns_midline	251559
all_dm6_minus_cns_midline	251560
all_dm6_minus_cns_midline	251586
all_dm6_minus_cns_midline	251587
all_dm6_minus_cns_midline	251588
all_dm6_minus_cns_midline	251589
all_dm6_minus_cns_midline	251594
all_dm6_minus_cns_midline	251610
all_dm6_minus_cns_midline	251618
all_dm6_minus_cns_midline	251619
all_dm6_minus_cns_midline	251620
all_dm6_minus_cns_midline	251631
all_dm6_minus_cns_midline	251633
all_dm6_minus_cns_midline	251634
all_dm6_minus_cns_midline	251636
all_dm6_minus_cns_midline	251637
all_dm6_minus_cns_midline	251638
all_dm6_minus_cns_midline	251639
all_dm6_minus_cns_midline	251645
all_dm6_minus_cns_midline	251660
all_dm6_minus_cns_midline	251661
all_dm6_minus_cns_midline	251690
all_dm6_minus_cns_midline	251711
all_dm6_minus_cns_midline	251716
all_dm6_minus_cns_midline	251730
all_dm6_minus_cns_midline	251841
all_dm6_minus_cns_midline	251850
all_dm6_minus_cns_midline	251852
all_dm6_minus_cns_midline	251854
all_dm6_minus_cns_midline	251855
all_dm6_minus_cns_midline	251856
all_dm6_minus_cns_midline	251857
all_dm6_minus_cns_midline	251877
all_dm6_minus_cns_midline	251878
all_dm6_minus_cns_midline	251879
all_dm6_minus_cns_midline	251880
all_dm6_minus_cns_midline	251881
all_dm6_minus_cns_midline	251882
all_dm6_minus_cns_midline	251890
all_dm6_minus_cns_midline	251892
all_dm6_minus_cns_midline	251895
all_dm6_minus_cns_midline	251896
all_dm6_minus_cns_midline	251897
all_dm6_minus_cns_midline	251898
all_dm6_minus_cns_midline	251900
all_dm6_minus_cns_midline	251906
all_dm6_minus_cns_midline	251908
all_dm6_minus_cns_midline	251910
all_dm6_minus_cns_midline	251912
all_dm6_minus_cns_midline	251913
all_dm6_minus_cns_midline	251914
all_dm6_minus_cns_midline	251915
all_dm6_minus_cns_midline	251916
all_dm6_minus_cns_midline	251924
all_dm6_minus_cns_midline	251937
all_dm6_minus_cns_midline	251941
all_dm6_minus_cns_midline	251944
all_dm6_minus_cns_midline	251945
all_dm6_minus_cns_midline	251946
all_dm6_minus_cns_midline	251948
all_dm6_minus_cns_midline	251949
all_dm6_minus_cns_midline	251950
all_dm6_minus_cns_midline	251951
all_dm6_minus_cns_midline	251952
all_dm6_minus_cns_midline	251953
all_dm6_minus_cns_midline	251954
all_dm6_minus_cns_midline	251955
all_dm6_minus_cns_midline	251957
all_dm6_minus_cns_midline	251958
all_dm6_minus_cns_midline	251959
all_dm6_minus_cns_midline	251960
all_dm6_minus_cns_midline	251964
all_dm6_minus_cns_midline	251965
all_dm6_minus_cns_midline	251967
all_dm6_minus_cns_midline	251969
all_dm6_minus_cns_midline	251970
all_dm6_minus_cns_midline	251971
all_dm6_minus_cns_midline	251972
all_dm6_minus_cns_midline	251973
all_dm6_minus_cns_midline	251974
all_dm6_minus_cns_midline	251975
all_dm6_minus_cns_midline	251976
all_dm6_minus_cns_midline	251984
all_dm6_minus_cns_midline	251986
all_dm6_minus_cns_midline	251990
all_dm6_minus_cns_midline	251999
all_dm6_minus_cns_midline	252000
all_dm6_minus_cns_midline	252002
all_dm6_minus_cns_midline	252004
all_dm6_minus_cns_midline	252005
all_dm6_minus_cns_midline	252010
all_dm6_minus_cns_midline	252011
all_dm6_minus_cns_midline	252015
all_dm6_minus_cns_midline	252016
all_dm6_minus_cns_midline	252017
all_dm6_minus_cns_midline	252018
all_dm6_minus_cns_midline	252019
all_dm6_minus_cns_midline	252020
all_dm6_minus_cns_midline	252021
all_dm6_minus_cns_midline	252022
all_dm6_minus_cns_midline	252023
all_dm6_minus_cns_midline	252024
all_dm6_minus_cns_midline	252025
all_dm6_minus_cns_midline	252026
all_dm6_minus_cns_midline	252027
all_dm6_minus_cns_midline	252028
all_dm6_minus_cns_midline	252029
all_dm6_minus_cns_midline	252030
all_dm6_minus_cns_midline	252031
all_dm6_minus_cns_midline	252032
all_dm6_minus_cns_midline	252033
all_dm6_minus_cns_midline	252034
all_dm6_minus_cns_midline	252035
all_dm6_minus_cns_midline	252036
all_dm6_minus_cns_midline	252037
all_dm6_minus_cns_midline	252038
all_dm6_minus_cns_midline	252039
all_dm6_minus_cns_midline	252042
all_dm6_minus_cns_midline	252043
all_dm6_minus_cns_midline	252044
all_dm6_minus_cns_midline	252045
all_dm6_minus_cns_midline	252046
all_dm6_minus_cns_midline	252047
all_dm6_minus_cns_midline	252048
all_dm6_minus_cns_midline	252049
all_dm6_minus_cns_midline	252050
all_dm6_minus_cns_midline	252051
all_dm6_minus_cns_midline	252052
all_dm6_minus_cns_midline	252053
all_dm6_minus_cns_midline	252054
all_dm6_minus_cns_midline	252055
all_dm6_minus_cns_midline	252056
all_dm6_minus_cns_midline	252057
all_dm6_minus_cns_midline	252058
all_dm6_minus_cns_midline	252059
all_dm6_minus_cns_midline	252060
all_dm6_minus_cns_midline	252064
all_dm6_minus_cns_midline	252065
all_dm6_minus_cns_midline	252066
all_dm6_minus_cns_midline	252067
all_dm6_minus_cns_midline	252068
all_dm6_minus_cns_midline	252069
all_dm6_minus_cns_midline	252070
all_dm6_minus_cns_midline	252071
all_dm6_minus_cns_midline	252072
all_dm6_minus_cns_midline	252073
all_dm6_minus_cns_midline	252074
all_dm6_minus_cns_midline	252075
all_dm6_minus_cns_midline	252076
all_dm6_minus_cns_midline	252077
all_dm6_minus_cns_midline	252078
all_dm6_minus_cns_midline	252079
all_dm6_minus_cns_midline	252080
all_dm6_minus_cns_midline	252081
all_dm6_minus_cns_midline	252082
all_dm6_minus_cns_midline	252083
all_dm6_minus_cns_midline	252084
all_dm6_minus_cns_midline	252085
all_dm6_minus_cns_midline	252086
all_dm6_minus_cns_midline	252087
all_dm6_minus_cns_midline	252088
all_dm6_minus_cns_midline	252090
all_dm6_minus_cns_midline	252091
all_dm6_minus_cns_midline	252093
all_dm6_minus_cns_midline	252095
all_dm6_minus_cns_midline	252096
all_dm6_minus_cns_midline	252097
all_dm6_minus_cns_midline	252098
all_dm6_minus_cns_midline	252099
all_dm6_minus_cns_midline	252100
all_dm6_minus_cns_midline	252101
all_dm6_minus_cns_midline	252102
all_dm6_minus_cns_midline	252103
all_dm6_minus_cns_midline	252104
all_dm6_minus_cns_midline	252105
all_dm6_minus_cns_midline	252113
all_dm6_minus_cns_midline	252114
all_dm6_minus_cns_midline	252115
all_dm6_minus_cns_midline	252116
all_dm6_minus_cns_midline	252117
all_dm6_minus_cns_midline	252119
all_dm6_minus_cns_midline	252120
all_dm6_minus_cns_midline	252121
all_dm6_minus_cns_midline	252124
all_dm6_minus_cns_midline	252125
all_dm6_minus_cns_midline	252126
all_dm6_minus_cns_midline	252128
all_dm6_minus_cns_midline	252129
all_dm6_minus_cns_midline	252130
all_dm6_minus_cns_midline	252132
all_dm6_minus_cns_midline	252133
all_dm6_minus_cns_midline	252134
all_dm6_minus_cns_midline	252136
all_dm6_minus_cns_midline	252137
all_dm6_minus_cns_midline	252164
all_dm6_minus_cns_midline	252165
all_dm6_minus_cns_midline	252166
all_dm6_minus_cns_midline	252167
all_dm6_minus_cns_midline	252168
all_dm6_minus_cns_midline	252169
all_dm6_minus_cns_midline	252170
all_dm6_minus_cns_midline	252178
all_dm6_minus_cns_midline	252179
all_dm6_minus_cns_midline	252180
all_dm6_minus_cns_midline	252181
all_dm6_minus_cns_midline	252182
all_dm6_minus_cns_midline	252183
all_dm6_minus_cns_midline	252184
all_dm6_minus_cns_midline	252185
all_dm6_minus_cns_midline	252186
all_dm6_minus_cns_midline	252188
all_dm6_minus_cns_midline	252189
all_dm6_minus_cns_midline	252190
all_dm6_minus_cns_midline	252191
all_dm6_minus_cns_midline	252192
all_dm6_minus_cns_midline	252193
all_dm6_minus_cns_midline	252194
all_dm6_minus_cns_midline	252195
all_dm6_minus_cns_midline	252196
all_dm6_minus_cns_midline	252200
all_dm6_minus_cns_midline	252201
all_dm6_minus_cns_midline	252202
all_dm6_minus_cns_midline	252203
all_dm6_minus_cns_midline	252204
all_dm6_minus_cns_midline	252205
all_dm6_minus_cns_midline	252206
all_dm6_minus_cns_midline	252207
all_dm6_minus_cns_midline	252208
all_dm6_minus_cns_midline	252209
all_dm6_minus_cns_midline	252210
all_dm6_minus_cns_midline	252211
all_dm6_minus_cns_midline	252212
all_dm6_minus_cns_midline	252213
all_dm6_minus_cns_midline	252214
all_dm6_minus_cns_midline	252215
all_dm6_minus_cns_midline	252216
all_dm6_minus_cns_midline	252217
all_dm6_minus_cns_midline	252219
all_dm6_minus_cns_midline	252220
all_dm6_minus_cns_midline	252221
all_dm6_minus_cns_midline	252222
all_dm6_minus_cns_midline	252223
all_dm6_minus_cns_midline	252224
all_dm6_minus_cns_midline	252225
all_dm6_minus_cns_midline	252226
all_dm6_minus_cns_midline	252227
all_dm6_minus_cns_midline	252228
all_dm6_minus_cns_midline	252229
all_dm6_minus_cns_midline	252230
all_dm6_minus_cns_midline	252231
all_dm6_minus_cns_midline	252232
all_dm6_minus_cns_midline	252233
all_dm6_minus_cns_midline	252235
all_dm6_minus_cns_midline	252236
all_dm6_minus_cns_midline	252237
all_dm6_minus_cns_midline	252238
all_dm6_minus_cns_midline	252239
all_dm6_minus_cns_midline	252240
all_dm6_minus_cns_midline	252241
all_dm6_minus_cns_midline	252242
all_dm6_minus_cns_midline	252243
all_dm6_minus_cns_midline	252244
all_dm6_minus_cns_midline	252245
all_dm6_minus_cns_midline	252246
all_dm6_minus_cns_midline	252247
all_dm6_minus_cns_midline	252248
all_dm6_minus_cns_midline	252249
all_dm6_minus_cns_midline	252250
all_dm6_minus_cns_midline	252251
all_dm6_minus_cns_midline	252252
all_dm6_minus_cns_midline	252253
all_dm6_minus_cns_midline	252254
all_dm6_minus_cns_midline	252255
all_dm6_minus_cns_midline	252256
all_dm6_minus_cns_midline	252257
all_dm6_minus_cns_midline	252258
all_dm6_minus_cns_midline	252259
all_dm6_minus_cns_midline	252260
all_dm6_minus_cns_midline	252261
all_dm6_minus_cns_midline	252262
all_dm6_minus_cns_midline	252263
all_dm6_minus_cns_midline	252264
all_dm6_minus_cns_midline	252265
all_dm6_minus_cns_midline	252266
all_dm6_minus_cns_midline	252267
all_dm6_minus_cns_midline	252268
all_dm6_minus_cns_midline	252269
all_dm6_minus_cns_midline	252270
all_dm6_minus_cns_midline	252271
all_dm6_minus_cns_midline	252272
all_dm6_minus_cns_midline	252273
all_dm6_minus_cns_midline	252274
all_dm6_minus_cns_midline	252275
all_dm6_minus_cns_midline	252277
all_dm6_minus_cns_midline	252278
all_dm6_minus_cns_midline	252279
all_dm6_minus_cns_midline	252280
all_dm6_minus_cns_midline	252281
all_dm6_minus_cns_midline	252282
all_dm6_minus_cns_midline	252291
all_dm6_minus_cns_midline	252292
all_dm6_minus_cns_midline	252293
all_dm6_minus_cns_midline	252294
all_dm6_minus_cns_midline	252296
all_dm6_minus_cns_midline	252297
all_dm6_minus_cns_midline	252298
all_dm6_minus_cns_midline	252299
all_dm6_minus_cns_midline	252300
all_dm6_minus_cns_midline	252302
all_dm6_minus_cns_midline	252303
all_dm6_minus_cns_midline	252304
all_dm6_minus_cns_midline	252308
all_dm6_minus_cns_midline	252309
all_dm6_minus_cns_midline	252310
all_dm6_minus_cns_midline	252311
all_dm6_minus_cns_midline	252315
all_dm6_minus_cns_midline	252316
all_dm6_minus_cns_midline	252317
all_dm6_minus_cns_midline	252318
all_dm6_minus_cns_midline	252319
all_dm6_minus_cns_midline	252320
all_dm6_minus_cns_midline	252321
all_dm6_minus_cns_midline	252322
all_dm6_minus_cns_midline	252323
all_dm6_minus_cns_midline	252324
all_dm6_minus_cns_midline	252326
all_dm6_minus_cns_midline	252327
all_dm6_minus_cns_midline	252328
all_dm6_minus_cns_midline	252329
all_dm6_minus_cns_midline	252330
all_dm6_minus_cns_midline	252331
all_dm6_minus_cns_midline	252332
all_dm6_minus_cns_midline	252333
all_dm6_minus_cns_midline	252334
all_dm6_minus_cns_midline	252335
all_dm6_minus_cns_midline	252336
all_dm6_minus_cns_midline	252337
all_dm6_minus_cns_midline	252338
all_dm6_minus_cns_midline	252339
all_dm6_minus_cns_midline	252340
all_dm6_minus_cns_midline	252341
all_dm6_minus_cns_midline	252342
all_dm6_minus_cns_midline	252343
all_dm6_minus_cns_midline	252344
all_dm6_minus_cns_midline	252345
all_dm6_minus_cns_midline	252346
all_dm6_minus_cns_midline	252347
all_dm6_minus_cns_midline	252348
all_dm6_minus_cns_midline	252349
all_dm6_minus_cns_midline	252350
all_dm6_minus_cns_midline	252351
all_dm6_minus_cns_midline	252352
all_dm6_minus_cns_midline	252353
all_dm6_minus_cns_midline	252354
all_dm6_minus_cns_midline	252355
all_dm6_minus_cns_midline	252356
all_dm6_minus_cns_midline	252357
all_dm6_minus_cns_midline	252358
all_dm6_minus_cns_midline	252359
all_dm6_minus_cns_midline	252360
all_dm6_minus_cns_midline	252361
all_dm6_minus_cns_midline	252362
all_dm6_minus_cns_midline	252363
all_dm6_minus_cns_midline	252364
all_dm6_minus_cns_midline	252365
all_dm6_minus_cns_midline	252366
all_dm6_minus_cns_midline	252367
all_dm6_minus_cns_midline	252368
all_dm6_minus_cns_midline	252369
all_dm6_minus_cns_midline	252370
all_dm6_minus_cns_midline	252371
all_dm6_minus_cns_midline	252372
all_dm6_minus_cns_midline	252373
all_dm6_minus_cns_midline	252374
all_dm6_minus_cns_midline	252375
all_dm6_minus_cns_midline	252376
all_dm6_minus_cns_midline	252377
all_dm6_minus_cns_midline	252378
all_dm6_minus_cns_midline	252379
all_dm6_minus_cns_midline	252380
all_dm6_minus_cns_midline	252381
all_dm6_minus_cns_midline	252382
all_dm6_minus_cns_midline	252383
all_dm6_minus_cns_midline	252384
all_dm6_minus_cns_midline	252385
all_dm6_minus_cns_midline	252386
all_dm6_minus_cns_midline	252387
all_dm6_minus_cns_midline	252388
all_dm6_minus_cns_midline	252391
all_dm6_minus_cns_midline	252392
all_dm6_minus_cns_midline	252393
all_dm6_minus_cns_midline	252394
all_dm6_minus_cns_midline	252396
all_dm6_minus_cns_midline	252397
all_dm6_minus_cns_midline	252398
all_dm6_minus_cns_midline	252399
all_dm6_minus_cns_midline	252400
all_dm6_minus_cns_midline	252401
all_dm6_minus_cns_midline	252402
all_dm6_minus_cns_midline	252403
all_dm6_minus_cns_midline	252404
all_dm6_minus_cns_midline	252405
all_dm6_minus_cns_midline	252406
all_dm6_minus_cns_midline	252407
all_dm6_minus_cns_midline	252408
all_dm6_minus_cns_midline	252409
all_dm6_minus_cns_midline	252430
all_dm6_minus_cns_midline	252431
all_dm6_minus_cns_midline	252432
all_dm6_minus_cns_midline	252434
all_dm6_minus_cns_midline	252435
all_dm6_minus_cns_midline	252437
all_dm6_minus_cns_midline	252438
all_dm6_minus_cns_midline	252440
all_dm6_minus_cns_midline	252441
all_dm6_minus_cns_midline	252443
all_dm6_minus_cns_midline	252445
all_dm6_minus_cns_midline	252446
all_dm6_minus_cns_midline	252447
all_dm6_minus_cns_midline	252448
all_dm6_minus_cns_midline	252449
all_dm6_minus_cns_midline	252451
all_dm6_minus_cns_midline	252453
all_dm6_minus_cns_midline	252455
all_dm6_minus_cns_midline	252457
all_dm6_minus_cns_midline	252458
all_dm6_minus_cns_midline	252459
all_dm6_minus_cns_midline	252460
all_dm6_minus_cns_midline	252461
all_dm6_minus_cns_midline	252462
all_dm6_minus_cns_midline	252463
all_dm6_minus_cns_midline	252464
all_dm6_minus_cns_midline	252465
all_dm6_minus_cns_midline	252466
all_dm6_minus_cns_midline	252467
all_dm6_minus_cns_midline	252468
all_dm6_minus_cns_midline	252469
all_dm6_minus_cns_midline	252470
all_dm6_minus_cns_midline	252471
all_dm6_minus_cns_midline	252472
all_dm6_minus_cns_midline	252473
all_dm6_minus_cns_midline	252474
all_dm6_minus_cns_midline	252475
all_dm6_minus_cns_midline	252476
all_dm6_minus_cns_midline	252479
all_dm6_minus_cns_midline	252486
all_dm6_minus_cns_midline	252489
all_dm6_minus_cns_midline	252491
all_dm6_minus_cns_midline	252492
all_dm6_minus_cns_midline	252493
all_dm6_minus_cns_midline	252495
all_dm6_minus_cns_midline	252496
all_dm6_minus_cns_midline	252497
all_dm6_minus_cns_midline	252498
all_dm6_minus_cns_midline	252499
all_dm6_minus_cns_midline	252500
all_dm6_minus_cns_midline	252501
all_dm6_minus_cns_midline	252502
all_dm6_minus_cns_midline	252503
all_dm6_minus_cns_midline	252504
all_dm6_minus_cns_midline	252505
all_dm6_minus_cns_midline	252506
all_dm6_minus_cns_midline	252509
all_dm6_minus_cns_midline	252510
all_dm6_minus_cns_midline	252511
all_dm6_minus_cns_midline	252512
all_dm6_minus_cns_midline	252513
all_dm6_minus_cns_midline	252514
all_dm6_minus_cns_midline	252515
all_dm6_minus_cns_midline	252516
all_dm6_minus_cns_midline	252517
all_dm6_minus_cns_midline	252520
all_dm6_minus_cns_midline	252521
all_dm6_minus_cns_midline	252522
all_dm6_minus_cns_midline	252523
all_dm6_minus_cns_midline	252524
all_dm6_minus_cns_midline	252526
all_dm6_minus_cns_midline	252527
all_dm6_minus_cns_midline	252528
all_dm6_minus_cns_midline	252529
all_dm6_minus_cns_midline	252530
all_dm6_minus_cns_midline	252531
all_dm6_minus_cns_midline	252532
all_dm6_minus_cns_midline	252534
all_dm6_minus_cns_midline	252536
all_dm6_minus_cns_midline	252537
all_dm6_minus_cns_midline	252538
all_dm6_minus_cns_midline	252540
all_dm6_minus_cns_midline	252542
all_dm6_minus_cns_midline	252543
all_dm6_minus_cns_midline	252544
all_dm6_minus_cns_midline	252546
all_dm6_minus_cns_midline	252547
all_dm6_minus_cns_midline	252554
all_dm6_minus_cns_midline	252556
all_dm6_minus_cns_midline	252568
all_dm6_minus_cns_midline	252569
all_dm6_minus_cns_midline	252570
all_dm6_minus_cns_midline	252571
all_dm6_minus_cns_midline	252572
all_dm6_minus_cns_midline	252573
all_dm6_minus_cns_midline	252574
all_dm6_minus_cns_midline	252575
all_dm6_minus_cns_midline	252576
all_dm6_minus_cns_midline	252577
all_dm6_minus_cns_midline	252578
all_dm6_minus_cns_midline	252579
all_dm6_minus_cns_midline	252581
all_dm6_minus_cns_midline	252582
all_dm6_minus_cns_midline	252583
all_dm6_minus_cns_midline	252585
all_dm6_minus_cns_midline	252590
all_dm6_minus_cns_midline	252593
all_dm6_minus_cns_midline	252595
all_dm6_minus_cns_midline	252596
all_dm6_minus_cns_midline	252597
all_dm6_minus_cns_midline	252598
all_dm6_minus_cns_midline	252599
all_dm6_minus_cns_midline	252600
all_dm6_minus_cns_midline	252601
all_dm6_minus_cns_midline	252602
all_dm6_minus_cns_midline	252603
all_dm6_minus_cns_midline	252604
all_dm6_minus_cns_midline	252605
all_dm6_minus_cns_midline	252606
all_dm6_minus_cns_midline	252608
all_dm6_minus_cns_midline	252610
all_dm6_minus_cns_midline	252611
all_dm6_minus_cns_midline	252612
all_dm6_minus_cns_midline	252613
all_dm6_minus_cns_midline	252619
all_dm6_minus_cns_midline	252620
all_dm6_minus_cns_midline	252621
all_dm6_minus_cns_midline	252624
all_dm6_minus_cns_midline	252626
all_dm6_minus_cns_midline	252627
all_dm6_minus_cns_midline	252628
all_dm6_minus_cns_midline	252629
all_dm6_minus_cns_midline	252634
all_dm6_minus_cns_midline	252635
all_dm6_minus_cns_midline	252636
all_dm6_minus_cns_midline	252637
all_dm6_minus_cns_midline	252640
all_dm6_minus_cns_midline	252642
all_dm6_minus_cns_midline	252643
all_dm6_minus_cns_midline	252644
all_dm6_minus_cns_midline	252645
all_dm6_minus_cns_midline	252646
all_dm6_minus_cns_midline	252647
all_dm6_minus_cns_midline	252650
all_dm6_minus_cns_midline	252651
all_dm6_minus_cns_midline	252652
all_dm6_minus_cns_midline	252653
all_dm6_minus_cns_midline	252655
all_dm6_minus_cns_midline	252656
all_dm6_minus_cns_midline	252657
all_dm6_minus_cns_midline	252658
all_dm6_minus_cns_midline	252659
all_dm6_minus_cns_midline	252660
all_dm6_minus_cns_midline	252661
all_dm6_minus_cns_midline	252664
all_dm6_minus_cns_midline	252665
all_dm6_minus_cns_midline	252666
all_dm6_minus_cns_midline	252667
all_dm6_minus_cns_midline	252668
all_dm6_minus_cns_midline	252669
all_dm6_minus_cns_midline	252671
all_dm6_minus_cns_midline	252672
all_dm6_minus_cns_midline	252674
all_dm6_minus_cns_midline	252675
all_dm6_minus_cns_midline	252676
all_dm6_minus_cns_midline	252683
all_dm6_minus_cns_midline	252684
all_dm6_minus_cns_midline	252697
all_dm6_minus_cns_midline	252698
all_dm6_minus_cns_midline	252709
all_dm6_minus_cns_midline	252710
all_dm6_minus_cns_midline	252711
all_dm6_minus_cns_midline	252712
all_dm6_minus_cns_midline	252713
all_dm6_minus_cns_midline	252721
all_dm6_minus_cns_midline	252722
all_dm6_minus_cns_midline	252723
all_dm6_minus_cns_midline	252724
all_dm6_minus_cns_midline	252725
all_dm6_minus_cns_midline	252726
all_dm6_minus_cns_midline	252727
all_dm6_minus_cns_midline	252728
all_dm6_minus_cns_midline	252729
all_dm6_minus_cns_midline	252730
all_dm6_minus_cns_midline	252731
all_dm6_minus_cns_midline	252732
all_dm6_minus_cns_midline	252733
all_dm6_minus_cns_midline	252734
all_dm6_minus_cns_midline	252736
all_dm6_minus_cns_midline	252737
all_dm6_minus_cns_midline	252738
all_dm6_minus_cns_midline	252739
all_dm6_minus_cns_midline	252740
all_dm6_minus_cns_midline	252741
all_dm6_minus_cns_midline	252743
all_dm6_minus_cns_midline	252744
all_dm6_minus_cns_midline	252745
all_dm6_minus_cns_midline	252746
all_dm6_minus_cns_midline	252748
all_dm6_minus_cns_midline	252750
all_dm6_minus_cns_midline	252751
all_dm6_minus_cns_midline	252754
all_dm6_minus_cns_midline	252755
all_dm6_minus_cns_midline	252757
all_dm6_minus_cns_midline	252759
all_dm6_minus_cns_midline	252760
all_dm6_minus_cns_midline	252761
all_dm6_minus_cns_midline	252762
all_dm6_minus_cns_midline	252764
all_dm6_minus_cns_midline	252765
all_dm6_minus_cns_midline	252766
all_dm6_minus_cns_midline	252772
all_dm6_minus_cns_midline	252773
all_dm6_minus_cns_midline	252774
all_dm6_minus_cns_midline	252780
all_dm6_minus_cns_midline	252781
all_dm6_minus_cns_midline	252782
all_dm6_minus_cns_midline	252783
all_dm6_minus_cns_midline	252784
all_dm6_minus_cns_midline	252785
all_dm6_minus_cns_midline	252786
all_dm6_minus_cns_midline	252787
all_dm6_minus_cns_midline	252788
all_dm6_minus_cns_midline	252790
all_dm6_minus_cns_midline	252791
all_dm6_minus_cns_midline	252792
all_dm6_minus_cns_midline	252793
all_dm6_minus_cns_midline	252795
all_dm6_minus_cns_midline	252796
all_dm6_minus_cns_midline	252797
all_dm6_minus_cns_midline	252798
all_dm6_minus_cns_midline	252799
all_dm6_minus_cns_midline	252800
all_dm6_minus_cns_midline	252802
all_dm6_minus_cns_midline	252803
all_dm6_minus_cns_midline	252806
all_dm6_minus_cns_midline	252807
all_dm6_minus_cns_midline	252808
all_dm6_minus_cns_midline	252809
all_dm6_minus_cns_midline	252810
all_dm6_minus_cns_midline	252811
all_dm6_minus_cns_midline	252813
all_dm6_minus_cns_midline	252815
all_dm6_minus_cns_midline	252816
all_dm6_minus_cns_midline	252817
all_dm6_minus_cns_midline	252818
all_dm6_minus_cns_midline	252820
all_dm6_minus_cns_midline	252821
all_dm6_minus_cns_midline	252823
all_dm6_minus_cns_midline	252824
all_dm6_minus_cns_midline	252825
all_dm6_minus_cns_midline	252826
all_dm6_minus_cns_midline	260645
all_dm6_minus_cns_midline	260658
all_dm6_minus_cns_midline	260659
all_dm6_minus_cns_midline	260693
all_dm6_minus_cns_midline	260694
all_dm6_minus_cns_midline	260695
all_dm6_minus_cns_midline	260696
all_dm6_minus_cns_midline	260697
all_dm6_minus_cns_midline	260698
all_dm6_minus_cns_midline	260699
all_dm6_minus_cns_midline	260700
all_dm6_minus_cns_midline	260701
all_dm6_minus_cns_midline	260702
all_dm6_minus_cns_midline	260703
all_dm6_minus_cns_midline	260704
all_dm6_minus_cns_midline	260705
all_dm6_minus_cns_midline	260706
all_dm6_minus_cns_midline	260707
all_dm6_minus_cns_midline	260708
all_dm6_minus_cns_midline	260709
all_dm6_minus_cns_midline	260710
all_dm6_minus_cns_midline	260711
all_dm6_minus_cns_midline	260712
all_dm6_minus_cns_midline	260713
all_dm6_minus_cns_midline	260714
all_dm6_minus_cns_midline	260715
all_dm6_minus_cns_midline	260716
all_dm6_minus_cns_midline	260717
all_dm6_minus_cns_midline	260718
all_dm6_minus_cns_midline	260719
all_dm6_minus_cns_midline	260720
all_dm6_minus_cns_midline	260721
all_dm6_minus_cns_midline	260722
all_dm6_minus_cns_midline	260723
all_dm6_minus_cns_midline	260724
all_dm6_minus_cns_midline	260725
all_dm6_minus_cns_midline	260726
all_dm6_minus_cns_midline	260727
all_dm6_minus_cns_midline	260729
all_dm6_minus_cns_midline	260730
all_dm6_minus_cns_midline	260731
all_dm6_minus_cns_midline	260732
all_dm6_minus_cns_midline	260733
all_dm6_minus_cns_midline	260734
all_dm6_minus_cns_midline	260735
all_dm6_minus_cns_midline	260736
all_dm6_minus_cns_midline	260737
all_dm6_minus_cns_midline	260738
all_dm6_minus_cns_midline	260739
all_dm6_minus_cns_midline	260740
all_dm6_minus_cns_midline	260741
all_dm6_minus_cns_midline	260742
all_dm6_minus_cns_midline	260743
all_dm6_minus_cns_midline	260744
all_dm6_minus_cns_midline	260745
all_dm6_minus_cns_midline	260746
all_dm6_minus_cns_midline	260747
all_dm6_minus_cns_midline	260748
all_dm6_minus_cns_midline	260749
all_dm6_minus_cns_midline	260750
all_dm6_minus_cns_midline	260751
all_dm6_minus_cns_midline	260752
all_dm6_minus_cns_midline	260753
all_dm6_minus_cns_midline	260754
all_dm6_minus_cns_midline	260755
all_dm6_minus_cns_midline	260756
all_dm6_minus_cns_midline	260757
all_dm6_minus_cns_midline	260758
all_dm6_minus_cns_midline	261329
all_dm6_minus_cns_midline	261514
all_dm6_minus_cns_midline	261515
all_dm6_minus_cns_midline	261516
all_dm6_minus_cns_midline	261517
all_dm6_minus_cns_midline	261518
all_dm6_minus_cns_midline	261519
all_dm6_minus_cns_midline	261520
all_dm6_minus_cns_midline	261521
all_dm6_minus_cns_midline	261522
all_dm6_minus_cns_midline	261523
all_dm6_minus_cns_midline	261524
all_dm6_minus_cns_midline	261525
all_dm6_minus_cns_midline	261526
all_dm6_minus_cns_midline	261527
all_dm6_minus_cns_midline	261528
all_dm6_minus_cns_midline	261529
all_dm6_minus_cns_midline	261530
all_dm6_minus_cns_midline	261531
all_dm6_minus_cns_midline	261532
all_dm6_minus_cns_midline	261533
all_dm6_minus_cns_midline	261599
all_dm6_minus_cns_midline	261603
all_dm6_minus_cns_midline	261607
all_dm6_minus_cns_midline	261610
all_dm6_minus_cns_midline	261613
all_dm6_minus_cns_midline	261614
all_dm6_minus_cns_midline	261615
all_dm6_minus_cns_midline	261616
all_dm6_minus_cns_midline	261617
all_dm6_minus_cns_midline	261618
all_dm6_minus_cns_midline	261620
all_dm6_minus_cns_midline	261621
all_dm6_minus_cns_midline	261623
all_dm6_minus_cns_midline	261626
all_dm6_minus_cns_midline	261628
all_dm6_minus_cns_midline	261629
all_dm6_minus_cns_midline	261631
all_dm6_minus_cns_midline	261634
all_dm6_minus_cns_midline	261663
all_dm6_minus_cns_midline	317789
all_dm6_minus_cns_midline	317791
all_dm6_minus_cns_midline	317797
all_dm6_minus_cns_midline	317798
all_dm6_minus_cns_midline	317799
all_dm6_minus_cns_midline	317801
all_dm6_minus_cns_midline	317802
all_dm6_minus_cns_midline	317813
all_dm6_minus_cns_midline	317815
all_dm6_minus_cns_midline	317817
all_dm6_minus_cns_midline	317823
all_dm6_minus_cns_midline	317824
all_dm6_minus_cns_midline	317826
all_dm6_minus_cns_midline	317827
all_dm6_minus_cns_midline	317828
all_dm6_minus_cns_midline	317829
all_dm6_minus_cns_midline	317833
all_dm6_minus_cns_midline	317834
all_dm6_minus_cns_midline	317835
all_dm6_minus_cns_midline	317838
all_dm6_minus_cns_midline	317841
all_dm6_minus_cns_midline	317842
all_dm6_minus_cns_midline	317846
all_dm6_minus_cns_midline	317849
all_dm6_minus_cns_midline	317852
all_dm6_minus_cns_midline	317854
all_dm6_minus_cns_midline	317855
all_dm6_minus_cns_midline	317856
all_dm6_minus_cns_midline	317858
all_dm6_minus_cns_midline	317860
all_dm6_minus_cns_midline	317862
all_dm6_minus_cns_midline	317864
all_dm6_minus_cns_midline	317866
all_dm6_minus_cns_midline	317867
all_dm6_minus_cns_midline	317878
all_dm6_minus_cns_midline	317880
all_dm6_minus_cns_midline	317885
all_dm6_minus_cns_midline	317887
all_dm6_minus_cns_midline	317890
all_dm6_minus_cns_midline	317891
all_dm6_minus_cns_midline	317894
all_dm6_minus_cns_midline	317897
all_dm6_minus_cns_midline	317898
all_dm6_minus_cns_midline	317900
all_dm6_minus_cns_midline	317901
all_dm6_minus_cns_midline	317902
all_dm6_minus_cns_midline	317903
all_dm6_minus_cns_midline	317904
all_dm6_minus_cns_midline	317907
all_dm6_minus_cns_midline	317908
all_dm6_minus_cns_midline	317909
all_dm6_minus_cns_midline	317911
all_dm6_minus_cns_midline	317912
all_dm6_minus_cns_midline	317913
all_dm6_minus_cns_midline	317916
all_dm6_minus_cns_midline	317917
all_dm6_minus_cns_midline	317918
all_dm6_minus_cns_midline	317919
all_dm6_minus_cns_midline	317922
all_dm6_minus_cns_midline	317923
all_dm6_minus_cns_midline	317924
all_dm6_minus_cns_midline	317926
all_dm6_minus_cns_midline	317928
all_dm6_minus_cns_midline	317930
all_dm6_minus_cns_midline	317933
all_dm6_minus_cns_midline	317934
all_dm6_minus_cns_midline	317935
all_dm6_minus_cns_midline	317936
all_dm6_minus_cns_midline	317938
all_dm6_minus_cns_midline	317939
all_dm6_minus_cns_midline	317942
all_dm6_minus_cns_midline	317943
all_dm6_minus_cns_midline	317944
all_dm6_minus_cns_midline	317945
all_dm6_minus_cns_midline	317946
all_dm6_minus_cns_midline	317952
all_dm6_minus_cns_midline	317953
all_dm6_minus_cns_midline	317954
all_dm6_minus_cns_midline	317955
all_dm6_minus_cns_midline	317956
all_dm6_minus_cns_midline	317962
all_dm6_minus_cns_midline	317963
all_dm6_minus_cns_midline	317964
all_dm6_minus_cns_midline	317966
all_dm6_minus_cns_midline	317967
all_dm6_minus_cns_midline	317969
all_dm6_minus_cns_midline	317973
all_dm6_minus_cns_midline	317974
all_dm6_minus_cns_midline	317976
all_dm6_minus_cns_midline	317977
all_dm6_minus_cns_midline	317987
all_dm6_minus_cns_midline	317996
all_dm6_minus_cns_midline	317997
all_dm6_minus_cns_midline	317999
all_dm6_minus_cns_midline	318000
all_dm6_minus_cns_midline	318002
all_dm6_minus_cns_midline	318005
all_dm6_minus_cns_midline	318007
all_dm6_minus_cns_midline	318008
all_dm6_minus_cns_midline	318011
all_dm6_minus_cns_midline	318012
all_dm6_minus_cns_midline	318013
all_dm6_minus_cns_midline	318014
all_dm6_minus_cns_midline	318016
all_dm6_minus_cns_midline	318018
all_dm6_minus_cns_midline	318020
all_dm6_minus_cns_midline	318030
all_dm6_minus_cns_midline	318031
all_dm6_minus_cns_midline	318032
all_dm6_minus_cns_midline	318034
all_dm6_minus_cns_midline	318035
all_dm6_minus_cns_midline	318036
all_dm6_minus_cns_midline	318037
all_dm6_minus_cns_midline	318040
all_dm6_minus_cns_midline	318042
all_dm6_minus_cns_midline	318043
all_dm6_minus_cns_midline	318044
all_dm6_minus_cns_midline	318046
all_dm6_minus_cns_midline	318050
all_dm6_minus_cns_midline	318053
all_dm6_minus_cns_midline	318060
all_dm6_minus_cns_midline	318064
all_dm6_minus_cns_midline	318066
all_dm6_minus_cns_midline	318071
all_dm6_minus_cns_midline	318079
all_dm6_minus_cns_midline	318082
all_dm6_minus_cns_midline	318085
all_dm6_minus_cns_midline	318087
all_dm6_minus_cns_midline	318092
all_dm6_minus_cns_midline	318093
all_dm6_minus_cns_midline	318094
all_dm6_minus_cns_midline	318095
all_dm6_minus_cns_midline	318096
all_dm6_minus_cns_midline	318097
all_dm6_minus_cns_midline	318098
all_dm6_minus_cns_midline	318101
all_dm6_minus_cns_midline	318102
all_dm6_minus_cns_midline	318103
all_dm6_minus_cns_midline	318104
all_dm6_minus_cns_midline	318105
all_dm6_minus_cns_midline	318107
all_dm6_minus_cns_midline	318108
all_dm6_minus_cns_midline	318109
all_dm6_minus_cns_midline	318128
all_dm6_minus_cns_midline	318133
all_dm6_minus_cns_midline	318134
all_dm6_minus_cns_midline	318135
all_dm6_minus_cns_midline	318136
all_dm6_minus_cns_midline	318137
all_dm6_minus_cns_midline	318138
all_dm6_minus_cns_midline	318139
all_dm6_minus_cns_midline	318140
all_dm6_minus_cns_midline	318143
all_dm6_minus_cns_midline	318146
all_dm6_minus_cns_midline	318147
all_dm6_minus_cns_midline	318148
all_dm6_minus_cns_midline	318149
all_dm6_minus_cns_midline	318150
all_dm6_minus_cns_midline	318151
all_dm6_minus_cns_midline	318153
all_dm6_minus_cns_midline	318158
all_dm6_minus_cns_midline	318160
all_dm6_minus_cns_midline	318161
all_dm6_minus_cns_midline	318164
all_dm6_minus_cns_midline	318165
all_dm6_minus_cns_midline	318166
all_dm6_minus_cns_midline	318168
all_dm6_minus_cns_midline	318169
all_dm6_minus_cns_midline	318170
all_dm6_minus_cns_midline	318175
all_dm6_minus_cns_midline	318176
all_dm6_minus_cns_midline	318189
all_dm6_minus_cns_midline	318192
all_dm6_minus_cns_midline	318193
all_dm6_minus_cns_midline	318198
all_dm6_minus_cns_midline	318206
all_dm6_minus_cns_midline	318207
all_dm6_minus_cns_midline	318210
all_dm6_minus_cns_midline	318211
all_dm6_minus_cns_midline	318213
all_dm6_minus_cns_midline	318215
all_dm6_minus_cns_midline	318220
all_dm6_minus_cns_midline	318221
all_dm6_minus_cns_midline	318222
all_dm6_minus_cns_midline	318223
all_dm6_minus_cns_midline	318224
all_dm6_minus_cns_midline	318225
all_dm6_minus_cns_midline	318226
all_dm6_minus_cns_midline	318227
all_dm6_minus_cns_midline	318228
all_dm6_minus_cns_midline	318231
all_dm6_minus_cns_midline	318235
all_dm6_minus_cns_midline	318237
all_dm6_minus_cns_midline	318238
all_dm6_minus_cns_midline	318243
all_dm6_minus_cns_midline	318244
all_dm6_minus_cns_midline	318245
all_dm6_minus_cns_midline	318246
all_dm6_minus_cns_midline	318249
all_dm6_minus_cns_midline	318250
all_dm6_minus_cns_midline	318251
all_dm6_minus_cns_midline	318252
all_dm6_minus_cns_midline	318260
all_dm6_minus_cns_midline	318261
all_dm6_minus_cns_midline	318271
all_dm6_minus_cns_midline	318273
all_dm6_minus_cns_midline	318274
all_dm6_minus_cns_midline	318552
all_dm6_minus_cns_midline	318553
all_dm6_minus_cns_midline	318554
all_dm6_minus_cns_midline	318555
all_dm6_minus_cns_midline	318558
all_dm6_minus_cns_midline	318562
all_dm6_minus_cns_midline	318563
all_dm6_minus_cns_midline	318566
all_dm6_minus_cns_midline	318567
all_dm6_minus_cns_midline	318571
all_dm6_minus_cns_midline	318572
all_dm6_minus_cns_midline	318574
all_dm6_minus_cns_midline	318575
all_dm6_minus_cns_midline	318578
all_dm6_minus_cns_midline	318579
all_dm6_minus_cns_midline	318582
all_dm6_minus_cns_midline	318583
all_dm6_minus_cns_midline	318586
all_dm6_minus_cns_midline	318591
all_dm6_minus_cns_midline	318593
all_dm6_minus_cns_midline	318594
all_dm6_minus_cns_midline	318595
all_dm6_minus_cns_midline	318597
all_dm6_minus_cns_midline	318599
all_dm6_minus_cns_midline	318600
all_dm6_minus_cns_midline	318601
all_dm6_minus_cns_midline	318603
all_dm6_minus_cns_midline	318604
all_dm6_minus_cns_midline	318605
all_dm6_minus_cns_midline	318608
all_dm6_minus_cns_midline	318610
all_dm6_minus_cns_midline	318616
all_dm6_minus_cns_midline	318622
all_dm6_minus_cns_midline	318623
all_dm6_minus_cns_midline	318624
all_dm6_minus_cns_midline	318625
all_dm6_minus_cns_midline	318626
all_dm6_minus_cns_midline	318627
all_dm6_minus_cns_midline	318632
all_dm6_minus_cns_midline	318633
all_dm6_minus_cns_midline	318636
all_dm6_minus_cns_midline	318637
all_dm6_minus_cns_midline	318638
all_dm6_minus_cns_midline	318645
all_dm6_minus_cns_midline	318646
all_dm6_minus_cns_midline	318649
all_dm6_minus_cns_midline	318651
all_dm6_minus_cns_midline	318652
all_dm6_minus_cns_midline	318653
all_dm6_minus_cns_midline	318655
all_dm6_minus_cns_midline	318657
all_dm6_minus_cns_midline	318658
all_dm6_minus_cns_midline	318662
all_dm6_minus_cns_midline	318663
all_dm6_minus_cns_midline	318664
all_dm6_minus_cns_midline	318666
all_dm6_minus_cns_midline	318668
all_dm6_minus_cns_midline	318677
all_dm6_minus_cns_midline	318680
all_dm6_minus_cns_midline	318681
all_dm6_minus_cns_midline	318682
all_dm6_minus_cns_midline	318684
all_dm6_minus_cns_midline	318688
all_dm6_minus_cns_midline	318693
all_dm6_minus_cns_midline	318698
all_dm6_minus_cns_midline	318700
all_dm6_minus_cns_midline	318701
all_dm6_minus_cns_midline	318709
all_dm6_minus_cns_midline	318714
all_dm6_minus_cns_midline	318715
all_dm6_minus_cns_midline	318716
all_dm6_minus_cns_midline	318720
all_dm6_minus_cns_midline	318721
all_dm6_minus_cns_midline	318722
all_dm6_minus_cns_midline	318725
all_dm6_minus_cns_midline	318727
all_dm6_minus_cns_midline	318728
all_dm6_minus_cns_midline	318734
all_dm6_minus_cns_midline	318735
all_dm6_minus_cns_midline	318736
all_dm6_minus_cns_midline	318737
all_dm6_minus_cns_midline	318741
all_dm6_minus_cns_midline	318744
all_dm6_minus_cns_midline	318746
all_dm6_minus_cns_midline	318747
all_dm6_minus_cns_midline	318749
all_dm6_minus_cns_midline	318751
all_dm6_minus_cns_midline	318753
all_dm6_minus_cns_midline	318765
all_dm6_minus_cns_midline	318776
all_dm6_minus_cns_midline	318778
all_dm6_minus_cns_midline	318781
all_dm6_minus_cns_midline	318782
all_dm6_minus_cns_midline	318783
all_dm6_minus_cns_midline	318785
all_dm6_minus_cns_midline	318788
all_dm6_minus_cns_midline	318790
all_dm6_minus_cns_midline	318791
all_dm6_minus_cns_midline	318794
all_dm6_minus_cns_midline	318795
all_dm6_minus_cns_midline	318801
all_dm6_minus_cns_midline	318825
all_dm6_minus_cns_midline	318826
all_dm6_minus_cns_midline	318833
all_dm6_minus_cns_midline	318834
all_dm6_minus_cns_midline	318835
all_dm6_minus_cns_midline	318838
all_dm6_minus_cns_midline	318840
all_dm6_minus_cns_midline	318841
all_dm6_minus_cns_midline	318842
all_dm6_minus_cns_midline	318845
all_dm6_minus_cns_midline	318846
all_dm6_minus_cns_midline	318847
all_dm6_minus_cns_midline	318854
all_dm6_minus_cns_midline	318855
all_dm6_minus_cns_midline	318856
all_dm6_minus_cns_midline	318857
all_dm6_minus_cns_midline	318859
all_dm6_minus_cns_midline	318860
all_dm6_minus_cns_midline	318865
all_dm6_minus_cns_midline	318866
all_dm6_minus_cns_midline	318867
all_dm6_minus_cns_midline	318868
all_dm6_minus_cns_midline	318872
all_dm6_minus_cns_midline	318874
all_dm6_minus_cns_midline	318875
all_dm6_minus_cns_midline	318878
all_dm6_minus_cns_midline	318879
all_dm6_minus_cns_midline	318880
all_dm6_minus_cns_midline	318881
all_dm6_minus_cns_midline	318882
all_dm6_minus_cns_midline	318883
all_dm6_minus_cns_midline	318886
all_dm6_minus_cns_midline	318887
all_dm6_minus_cns_midline	318888
all_dm6_minus_cns_midline	318890
all_dm6_minus_cns_midline	318891
all_dm6_minus_cns_midline	318892
all_dm6_minus_cns_midline	318893
all_dm6_minus_cns_midline	318894
all_dm6_minus_cns_midline	318901
all_dm6_minus_cns_midline	318904
all_dm6_minus_cns_midline	318905
all_dm6_minus_cns_midline	318906
all_dm6_minus_cns_midline	318907
all_dm6_minus_cns_midline	318908
all_dm6_minus_cns_midline	318909
all_dm6_minus_cns_midline	318910
all_dm6_minus_cns_midline	318911
all_dm6_minus_cns_midline	318912
all_dm6_minus_cns_midline	318913
all_dm6_minus_cns_midline	318914
all_dm6_minus_cns_midline	318916
all_dm6_minus_cns_midline	318918
all_dm6_minus_cns_midline	318920
all_dm6_minus_cns_midline	318922
all_dm6_minus_cns_midline	318924
all_dm6_minus_cns_midline	318930
all_dm6_minus_cns_midline	318934
all_dm6_minus_cns_midline	318935
all_dm6_minus_cns_midline	318936
all_dm6_minus_cns_midline	318937
all_dm6_minus_cns_midline	318939
all_dm6_minus_cns_midline	318940
all_dm6_minus_cns_midline	318941
all_dm6_minus_cns_midline	318942
all_dm6_minus_cns_midline	318943
all_dm6_minus_cns_midline	318946
all_dm6_minus_cns_midline	318947
all_dm6_minus_cns_midline	318948
all_dm6_minus_cns_midline	318949
all_dm6_minus_cns_midline	318950
all_dm6_minus_cns_midline	318951
all_dm6_minus_cns_midline	318952
all_dm6_minus_cns_midline	318953
all_dm6_minus_cns_midline	318954
all_dm6_minus_cns_midline	318955
all_dm6_minus_cns_midline	318956
all_dm6_minus_cns_midline	318957
all_dm6_minus_cns_midline	318958
all_dm6_minus_cns_midline	318959
all_dm6_minus_cns_midline	318960
all_dm6_minus_cns_midline	318961
all_dm6_minus_cns_midline	318965
all_dm6_minus_cns_midline	318970
all_dm6_minus_cns_midline	318972
all_dm6_minus_cns_midline	318977
all_dm6_minus_cns_midline	318980
all_dm6_minus_cns_midline	318981
all_dm6_minus_cns_midline	318982
all_dm6_minus_cns_midline	318983
all_dm6_minus_cns_midline	318986
all_dm6_minus_cns_midline	318988
all_dm6_minus_cns_midline	318989
all_dm6_minus_cns_midline	318990
all_dm6_minus_cns_midline	318991
all_dm6_minus_cns_midline	318992
all_dm6_minus_cns_midline	318993
all_dm6_minus_cns_midline	318995
all_dm6_minus_cns_midline	318996
all_dm6_minus_cns_midline	318997
all_dm6_minus_cns_midline	318998
all_dm6_minus_cns_midline	319000
all_dm6_minus_cns_midline	319011
all_dm6_minus_cns_midline	319012
all_dm6_minus_cns_midline	319014
all_dm6_minus_cns_midline	319016
all_dm6_minus_cns_midline	319019
all_dm6_minus_cns_midline	319020
all_dm6_minus_cns_midline	319021
all_dm6_minus_cns_midline	319023
all_dm6_minus_cns_midline	319025
all_dm6_minus_cns_midline	319026
all_dm6_minus_cns_midline	319027
all_dm6_minus_cns_midline	319028
all_dm6_minus_cns_midline	319030
all_dm6_minus_cns_midline	319033
all_dm6_minus_cns_midline	319042
all_dm6_minus_cns_midline	319043
all_dm6_minus_cns_midline	319045
all_dm6_minus_cns_midline	319046
all_dm6_minus_cns_midline	319047
all_dm6_minus_cns_midline	319048
all_dm6_minus_cns_midline	319052
all_dm6_minus_cns_midline	319064
all_dm6_minus_cns_midline	326108
all_dm6_minus_cns_midline	326109
all_dm6_minus_cns_midline	326110
all_dm6_minus_cns_midline	326111
all_dm6_minus_cns_midline	326112
all_dm6_minus_cns_midline	326113
all_dm6_minus_cns_midline	326114
all_dm6_minus_cns_midline	326115
all_dm6_minus_cns_midline	326116
all_dm6_minus_cns_midline	326117
all_dm6_minus_cns_midline	326118
all_dm6_minus_cns_midline	326119
all_dm6_minus_cns_midline	326120
all_dm6_minus_cns_midline	326121
all_dm6_minus_cns_midline	326122
all_dm6_minus_cns_midline	326123
all_dm6_minus_cns_midline	326124
all_dm6_minus_cns_midline	326125
all_dm6_minus_cns_midline	326126
all_dm6_minus_cns_midline	326127
all_dm6_minus_cns_midline	326128
all_dm6_minus_cns_midline	326129
all_dm6_minus_cns_midline	326130
all_dm6_minus_cns_midline	326131
all_dm6_minus_cns_midline	326132
all_dm6_minus_cns_midline	326133
all_dm6_minus_cns_midline	326135
all_dm6_minus_cns_midline	326136
all_dm6_minus_cns_midline	326137
all_dm6_minus_cns_midline	326138
all_dm6_minus_cns_midline	326139
all_dm6_minus_cns_midline	326140
all_dm6_minus_cns_midline	326141
all_dm6_minus_cns_midline	326142
all_dm6_minus_cns_midline	326144
all_dm6_minus_cns_midline	326145
all_dm6_minus_cns_midline	326146
all_dm6_minus_cns_midline	326147
all_dm6_minus_cns_midline	326148
all_dm6_minus_cns_midline	326149
all_dm6_minus_cns_midline	326151
all_dm6_minus_cns_midline	326152
all_dm6_minus_cns_midline	326153
all_dm6_minus_cns_midline	326154
all_dm6_minus_cns_midline	326155
all_dm6_minus_cns_midline	326156
all_dm6_minus_cns_midline	326157
all_dm6_minus_cns_midline	326158
all_dm6_minus_cns_midline	326159
all_dm6_minus_cns_midline	326160
all_dm6_minus_cns_midline	326161
all_dm6_minus_cns_midline	326163
all_dm6_minus_cns_midline	326164
all_dm6_minus_cns_midline	326165
all_dm6_minus_cns_midline	326166
all_dm6_minus_cns_midline	326167
all_dm6_minus_cns_midline	326168
all_dm6_minus_cns_midline	326169
all_dm6_minus_cns_midline	326170
all_dm6_minus_cns_midline	326171
all_dm6_minus_cns_midline	326172
all_dm6_minus_cns_midline	326173
all_dm6_minus_cns_midline	326174
all_dm6_minus_cns_midline	326175
all_dm6_minus_cns_midline	326176
all_dm6_minus_cns_midline	326177
all_dm6_minus_cns_midline	326178
all_dm6_minus_cns_midline	326179
all_dm6_minus_cns_midline	326181
all_dm6_minus_cns_midline	326182
all_dm6_minus_cns_midline	326183
all_dm6_minus_cns_midline	326184
all_dm6_minus_cns_midline	326185
all_dm6_minus_cns_midline	326186
all_dm6_minus_cns_midline	326187
all_dm6_minus_cns_midline	326188
all_dm6_minus_cns_midline	326189
all_dm6_minus_cns_midline	326191
all_dm6_minus_cns_midline	326192
all_dm6_minus_cns_midline	326193
all_dm6_minus_cns_midline	326194
all_dm6_minus_cns_midline	326195
all_dm6_minus_cns_midline	326196
all_dm6_minus_cns_midline	326197
all_dm6_minus_cns_midline	326198
all_dm6_minus_cns_midline	326199
all_dm6_minus_cns_midline	326202
all_dm6_minus_cns_midline	326203
all_dm6_minus_cns_midline	326205
all_dm6_minus_cns_midline	326207
all_dm6_minus_cns_midline	326208
all_dm6_minus_cns_midline	326209
all_dm6_minus_cns_midline	326211
all_dm6_minus_cns_midline	326214
all_dm6_minus_cns_midline	326215
all_dm6_minus_cns_midline	326219
all_dm6_minus_cns_midline	326220
all_dm6_minus_cns_midline	326221
all_dm6_minus_cns_midline	326222
all_dm6_minus_cns_midline	326223
all_dm6_minus_cns_midline	326224
all_dm6_minus_cns_midline	326225
all_dm6_minus_cns_midline	326226
all_dm6_minus_cns_midline	326227
all_dm6_minus_cns_midline	326229
all_dm6_minus_cns_midline	326230
all_dm6_minus_cns_midline	326232
all_dm6_minus_cns_midline	326234
all_dm6_minus_cns_midline	326235
all_dm6_minus_cns_midline	326238
all_dm6_minus_cns_midline	326240
all_dm6_minus_cns_midline	326244
all_dm6_minus_cns_midline	326245
all_dm6_minus_cns_midline	326246
all_dm6_minus_cns_midline	326250
all_dm6_minus_cns_midline	326251
all_dm6_minus_cns_midline	326253
all_dm6_minus_cns_midline	326254
all_dm6_minus_cns_midline	326255
all_dm6_minus_cns_midline	326256
all_dm6_minus_cns_midline	326257
all_dm6_minus_cns_midline	326258
all_dm6_minus_cns_midline	326259
all_dm6_minus_cns_midline	326260
all_dm6_minus_cns_midline	326261
all_dm6_minus_cns_midline	326262
all_dm6_minus_cns_midline	326263
all_dm6_minus_cns_midline	326264
all_dm6_minus_cns_midline	326265
all_dm6_minus_cns_midline	326267
all_dm6_minus_cns_midline	326270
all_dm6_minus_cns_midline	326273
all_dm6_minus_cns_midline	326328
all_dm6_minus_cns_midline	326329
all_dm6_minus_cns_midline	338392
all_dm6_minus_cns_midline	338395
all_dm6_minus_cns_midline	2768659
all_dm6_minus_cns_midline	2768661
all_dm6_minus_cns_midline	2768664
all_dm6_minus_cns_midline	2768665
all_dm6_minus_cns_midline	2768666
all_dm6_minus_cns_midline	2768668
all_dm6_minus_cns_midline	2768669
all_dm6_minus_cns_midline	2768670
all_dm6_minus_cns_midline	2768671
all_dm6_minus_cns_midline	2768672
all_dm6_minus_cns_midline	2768673
all_dm6_minus_cns_midline	2768674
all_dm6_minus_cns_midline	2768677
all_dm6_minus_cns_midline	2768678
all_dm6_minus_cns_midline	2768679
all_dm6_minus_cns_midline	2768680
all_dm6_minus_cns_midline	2768681
all_dm6_minus_cns_midline	2768682
all_dm6_minus_cns_midline	2768683
all_dm6_minus_cns_midline	2768684
all_dm6_minus_cns_midline	2768686
all_dm6_minus_cns_midline	2768687
all_dm6_minus_cns_midline	2768688
all_dm6_minus_cns_midline	2768690
all_dm6_minus_cns_midline	2768691
all_dm6_minus_cns_midline	2768693
all_dm6_minus_cns_midline	2768714
all_dm6_minus_cns_midline	2768715
all_dm6_minus_cns_midline	2768717
all_dm6_minus_cns_midline	2768718
all_dm6_minus_cns_midline	2768719
all_dm6_minus_cns_midline	2768720
all_dm6_minus_cns_midline	2768721
all_dm6_minus_cns_midline	2768722
all_dm6_minus_cns_midline	2768724
all_dm6_minus_cns_midline	2768725
all_dm6_minus_cns_midline	2768726
all_dm6_minus_cns_midline	2768727
all_dm6_minus_cns_midline	2768728
all_dm6_minus_cns_midline	2768730
all_dm6_minus_cns_midline	2768732
all_dm6_minus_cns_midline	2768831
all_dm6_minus_cns_midline	2768832
all_dm6_minus_cns_midline	2768833
all_dm6_minus_cns_midline	2768834
all_dm6_minus_cns_midline	2768836
all_dm6_minus_cns_midline	2768840
all_dm6_minus_cns_midline	2768841
all_dm6_minus_cns_midline	2768844
all_dm6_minus_cns_midline	2768846
all_dm6_minus_cns_midline	2768847
all_dm6_minus_cns_midline	2768848
all_dm6_minus_cns_midline	2768850
all_dm6_minus_cns_midline	2768851
all_dm6_minus_cns_midline	2768852
all_dm6_minus_cns_midline	2768853
all_dm6_minus_cns_midline	2768858
all_dm6_minus_cns_midline	2768859
all_dm6_minus_cns_midline	2768860
all_dm6_minus_cns_midline	2768865
all_dm6_minus_cns_midline	2768867
all_dm6_minus_cns_midline	2768869
all_dm6_minus_cns_midline	2768870
all_dm6_minus_cns_midline	2768871
all_dm6_minus_cns_midline	2768872
all_dm6_minus_cns_midline	2768873
all_dm6_minus_cns_midline	2768875
all_dm6_minus_cns_midline	2768877
all_dm6_minus_cns_midline	2768879
all_dm6_minus_cns_midline	2768881
all_dm6_minus_cns_midline	2768882
all_dm6_minus_cns_midline	2768883
all_dm6_minus_cns_midline	2768886
all_dm6_minus_cns_midline	2768889
all_dm6_minus_cns_midline	2768892
all_dm6_minus_cns_midline	2768895
all_dm6_minus_cns_midline	2768896
all_dm6_minus_cns_midline	2768897
all_dm6_minus_cns_midline	2768898
all_dm6_minus_cns_midline	2768899
all_dm6_minus_cns_midline	2768900
all_dm6_minus_cns_midline	2768901
all_dm6_minus_cns_midline	2768902
all_dm6_minus_cns_midline	2768903
all_dm6_minus_cns_midline	2768904
all_dm6_minus_cns_midline	2768905
all_dm6_minus_cns_midline	2768906
all_dm6_minus_cns_midline	2768908
all_dm6_minus_cns_midline	2768909
all_dm6_minus_cns_midline	2768910
all_dm6_minus_cns_midline	2768911
all_dm6_minus_cns_midline	2768912
all_dm6_minus_cns_midline	2768914
all_dm6_minus_cns_midline	2768915
all_dm6_minus_cns_midline	2768916
all_dm6_minus_cns_midline	2768917
all_dm6_minus_cns_midline	2768918
all_dm6_minus_cns_midline	2768920
all_dm6_minus_cns_midline	2768923
all_dm6_minus_cns_midline	2768924
all_dm6_minus_cns_midline	2768925
all_dm6_minus_cns_midline	2768926
all_dm6_minus_cns_midline	2768929
all_dm6_minus_cns_midline	2768931
all_dm6_minus_cns_midline	2768932
all_dm6_minus_cns_midline	2768933
all_dm6_minus_cns_midline	2768934
all_dm6_minus_cns_midline	2768938
all_dm6_minus_cns_midline	2768939
all_dm6_minus_cns_midline	2768940
all_dm6_minus_cns_midline	2768941
all_dm6_minus_cns_midline	2768944
all_dm6_minus_cns_midline	2768945
all_dm6_minus_cns_midline	2768946
all_dm6_minus_cns_midline	2768949
all_dm6_minus_cns_midline	2768950
all_dm6_minus_cns_midline	2768951
all_dm6_minus_cns_midline	2768952
all_dm6_minus_cns_midline	2768954
all_dm6_minus_cns_midline	2768955
all_dm6_minus_cns_midline	2768957
all_dm6_minus_cns_midline	2768958
all_dm6_minus_cns_midline	2768960
all_dm6_minus_cns_midline	2768961
all_dm6_minus_cns_midline	2768962
all_dm6_minus_cns_midline	2768963
all_dm6_minus_cns_midline	2768964
all_dm6_minus_cns_midline	2768965
all_dm6_minus_cns_midline	2768967
all_dm6_minus_cns_midline	2768968
all_dm6_minus_cns_midline	2768969
all_dm6_minus_cns_midline	2768970
all_dm6_minus_cns_midline	2768971
all_dm6_minus_cns_midline	2768972
all_dm6_minus_cns_midline	2768973
all_dm6_minus_cns_midline	2768974
all_dm6_minus_cns_midline	2768975
all_dm6_minus_cns_midline	2768976
all_dm6_minus_cns_midline	2768977
all_dm6_minus_cns_midline	2768978
all_dm6_minus_cns_midline	2768979
all_dm6_minus_cns_midline	2768980
all_dm6_minus_cns_midline	2768981
all_dm6_minus_cns_midline	2768982
all_dm6_minus_cns_midline	2768983
all_dm6_minus_cns_midline	2768984
all_dm6_minus_cns_midline	2768986
all_dm6_minus_cns_midline	2768987
all_dm6_minus_cns_midline	2768988
all_dm6_minus_cns_midline	2768989
all_dm6_minus_cns_midline	2768990
all_dm6_minus_cns_midline	2768993
all_dm6_minus_cns_midline	2768994
all_dm6_minus_cns_midline	2768995
all_dm6_minus_cns_midline	2768996
all_dm6_minus_cns_midline	2768998
all_dm6_minus_cns_midline	2768999
all_dm6_minus_cns_midline	2769001
all_dm6_minus_cns_midline	2769005
all_dm6_minus_cns_midline	2769006
all_dm6_minus_cns_midline	2769007
all_dm6_minus_cns_midline	2769008
all_dm6_minus_cns_midline	3346141
all_dm6_minus_cns_midline	3346142
all_dm6_minus_cns_midline	3346149
all_dm6_minus_cns_midline	3346150
all_dm6_minus_cns_midline	3346160
all_dm6_minus_cns_midline	3346162
all_dm6_minus_cns_midline	3346166
all_dm6_minus_cns_midline	3346167
all_dm6_minus_cns_midline	3346177
all_dm6_minus_cns_midline	3346188
all_dm6_minus_cns_midline	3346192
all_dm6_minus_cns_midline	3346201
all_dm6_minus_cns_midline	3346202
all_dm6_minus_cns_midline	3346203
all_dm6_minus_cns_midline	3346204
all_dm6_minus_cns_midline	3346205
all_dm6_minus_cns_midline	3346206
all_dm6_minus_cns_midline	3346207
all_dm6_minus_cns_midline	3346208
all_dm6_minus_cns_midline	3346209
all_dm6_minus_cns_midline	3346220
all_dm6_minus_cns_midline	3346221
all_dm6_minus_cns_midline	3346222
all_dm6_minus_cns_midline	3346223
all_dm6_minus_cns_midline	3346224
all_dm6_minus_cns_midline	3346225
all_dm6_minus_cns_midline	3346226
all_dm6_minus_cns_midline	3346227
all_dm6_minus_cns_midline	3346235
all_dm6_minus_cns_midline	3346237
all_dm6_minus_cns_midline	3346238
all_dm6_minus_cns_midline	3346239
all_dm6_minus_cns_midline	3354861
all_dm6_minus_cns_midline	3354863
all_dm6_minus_cns_midline	3354888
all_dm6_minus_cns_midline	3354890
all_dm6_minus_cns_midline	3354896
all_dm6_minus_cns_midline	3354919
all_dm6_minus_cns_midline	3354921
all_dm6_minus_cns_midline	3354922
all_dm6_minus_cns_midline	3354925
all_dm6_minus_cns_midline	3354930
all_dm6_minus_cns_midline	3354941
all_dm6_minus_cns_midline	3354965
all_dm6_minus_cns_midline	3354971
all_dm6_minus_cns_midline	3354977
all_dm6_minus_cns_midline	3354987
all_dm6_minus_cns_midline	3354988
all_dm6_minus_cns_midline	3354990
all_dm6_minus_cns_midline	3354991
all_dm6_minus_cns_midline	3354994
all_dm6_minus_cns_midline	3354995
all_dm6_minus_cns_midline	3354996
all_dm6_minus_cns_midline	3355010
all_dm6_minus_cns_midline	3355011
all_dm6_minus_cns_midline	3355013
all_dm6_minus_cns_midline	3355016
all_dm6_minus_cns_midline	3355040
all_dm6_minus_cns_midline	3355041
all_dm6_minus_cns_midline	3355064
all_dm6_minus_cns_midline	3355066
all_dm6_minus_cns_midline	3355069
all_dm6_minus_cns_midline	3355072
all_dm6_minus_cns_midline	3355079
all_dm6_minus_cns_midline	3355084
all_dm6_minus_cns_midline	3355089
all_dm6_minus_cns_midline	3355093
all_dm6_minus_cns_midline	3355094
all_dm6_minus_cns_midline	3355096
all_dm6_minus_cns_midline	3355097
all_dm6_minus_cns_midline	3355102
all_dm6_minus_cns_midline	3355106
all_dm6_minus_cns_midline	3355107
all_dm6_minus_cns_midline	3355108
all_dm6_minus_cns_midline	3355111
all_dm6_minus_cns_midline	3355114
all_dm6_minus_cns_midline	3355116
all_dm6_minus_cns_midline	3355120
all_dm6_minus_cns_midline	3355123
all_dm6_minus_cns_midline	3355124
all_dm6_minus_cns_midline	3355125
all_dm6_minus_cns_midline	3355126
all_dm6_minus_cns_midline	3355127
all_dm6_minus_cns_midline	3355129
all_dm6_minus_cns_midline	3355130
all_dm6_minus_cns_midline	3355131
all_dm6_minus_cns_midline	3355132
all_dm6_minus_cns_midline	3355133
all_dm6_minus_cns_midline	3355134
all_dm6_minus_cns_midline	3355135
all_dm6_minus_cns_midline	3355136
all_dm6_minus_cns_midline	3355138
all_dm6_minus_cns_midline	3355139
all_dm6_minus_cns_midline	3355143
all_dm6_minus_cns_midline	3355145
all_dm6_minus_cns_midline	3355149
all_dm6_minus_cns_midline	3355150
all_dm6_minus_cns_midline	3355151
all_dm6_minus_cns_midline	3355155
all_dm6_minus_cns_midline	3355158
all_dm6_minus_cns_midline	3355160
all_dm6_minus_cns_midline	3355162
all_dm6_minus_cns_midline	3355163
all_dm6_minus_cns_midline	3355164
all_dm6_minus_cns_midline	3355165
all_dm6_minus_cns_midline	3355167
all_dm6_minus_cns_midline	3355171
all_dm6_minus_cns_midline	3355173
all_dm6_minus_cns_midline	3355174
all_dm6_minus_cns_midline	3355180
all_dm6_minus_cns_midline	3355181
all_dm6_minus_cns_midline	3771723
all_dm6_minus_cns_midline	3771724
all_dm6_minus_cns_midline	3771725
all_dm6_minus_cns_midline	3771727
all_dm6_minus_cns_midline	3771728
all_dm6_minus_cns_midline	3771729
all_dm6_minus_cns_midline	3771730
all_dm6_minus_cns_midline	3771731
all_dm6_minus_cns_midline	3771732
all_dm6_minus_cns_midline	3771733
all_dm6_minus_cns_midline	3771734
all_dm6_minus_cns_midline	3771736
all_dm6_minus_cns_midline	3771737
all_dm6_minus_cns_midline	3771738
all_dm6_minus_cns_midline	3771739
all_dm6_minus_cns_midline	3771740
all_dm6_minus_cns_midline	3771741
all_dm6_minus_cns_midline	3771742
all_dm6_minus_cns_midline	3771743
all_dm6_minus_cns_midline	3771745
all_dm6_minus_cns_midline	3771747
all_dm6_minus_cns_midline	3771748
all_dm6_minus_cns_midline	3771749
all_dm6_minus_cns_midline	3771750
all_dm6_minus_cns_midline	3771754
all_dm6_minus_cns_midline	3771755
all_dm6_minus_cns_midline	3771756
all_dm6_minus_cns_midline	3771757
all_dm6_minus_cns_midline	3771760
all_dm6_minus_cns_midline	3771761
all_dm6_minus_cns_midline	3771762
all_dm6_minus_cns_midline	3771763
all_dm6_minus_cns_midline	3771765
all_dm6_minus_cns_midline	3771766
all_dm6_minus_cns_midline	3771767
all_dm6_minus_cns_midline	3771768
all_dm6_minus_cns_midline	3771769
all_dm6_minus_cns_midline	3771770
all_dm6_minus_cns_midline	3771771
all_dm6_minus_cns_midline	3771772
all_dm6_minus_cns_midline	3771774
all_dm6_minus_cns_midline	3771775
all_dm6_minus_cns_midline	3771776
all_dm6_minus_cns_midline	3771777
all_dm6_minus_cns_midline	3771779
all_dm6_minus_cns_midline	3771780
all_dm6_minus_cns_midline	3771781
all_dm6_minus_cns_midline	3771783
all_dm6_minus_cns_midline	3771784
all_dm6_minus_cns_midline	3771785
all_dm6_minus_cns_midline	3771786
all_dm6_minus_cns_midline	3771787
all_dm6_minus_cns_midline	3771788
all_dm6_minus_cns_midline	3771790
all_dm6_minus_cns_midline	3771791
all_dm6_minus_cns_midline	3771792
all_dm6_minus_cns_midline	3771793
all_dm6_minus_cns_midline	3771794
all_dm6_minus_cns_midline	3771795
all_dm6_minus_cns_midline	3771797
all_dm6_minus_cns_midline	3771798
all_dm6_minus_cns_midline	3771801
all_dm6_minus_cns_midline	3771802
all_dm6_minus_cns_midline	3771803
all_dm6_minus_cns_midline	3771804
all_dm6_minus_cns_midline	3771805
all_dm6_minus_cns_midline	3771806
all_dm6_minus_cns_midline	3771807
all_dm6_minus_cns_midline	3771809
all_dm6_minus_cns_midline	3771810
all_dm6_minus_cns_midline	3771811
all_dm6_minus_cns_midline	3771813
all_dm6_minus_cns_midline	3771814
all_dm6_minus_cns_midline	3771815
all_dm6_minus_cns_midline	3771816
all_dm6_minus_cns_midline	3771818
all_dm6_minus_cns_midline	3771819
all_dm6_minus_cns_midline	3771820
all_dm6_minus_cns_midline	3771821
all_dm6_minus_cns_midline	3771822
all_dm6_minus_cns_midline	3771824
all_dm6_minus_cns_midline	3771825
all_dm6_minus_cns_midline	3771827
all_dm6_minus_cns_midline	3771829
all_dm6_minus_cns_midline	3771831
all_dm6_minus_cns_midline	3771832
all_dm6_minus_cns_midline	3771833
all_dm6_minus_cns_midline	3771834
all_dm6_minus_cns_midline	3771835
all_dm6_minus_cns_midline	3771836
all_dm6_minus_cns_midline	3771837
all_dm6_minus_cns_midline	3771838
all_dm6_minus_cns_midline	3771839
all_dm6_minus_cns_midline	3771840
all_dm6_minus_cns_midline	3771841
all_dm6_minus_cns_midline	3771842
all_dm6_minus_cns_midline	3771843
all_dm6_minus_cns_midline	3771844
all_dm6_minus_cns_midline	3771845
all_dm6_minus_cns_midline	3771847
all_dm6_minus_cns_midline	3771848
all_dm6_minus_cns_midline	3771849
all_dm6_minus_cns_midline	3771850
all_dm6_minus_cns_midline	3771851
all_dm6_minus_cns_midline	3771854
all_dm6_minus_cns_midline	3771855
all_dm6_minus_cns_midline	3771856
all_dm6_minus_cns_midline	3771858
all_dm6_minus_cns_midline	3771859
all_dm6_minus_cns_midline	3771860
all_dm6_minus_cns_midline	3771861
all_dm6_minus_cns_midline	3771862
all_dm6_minus_cns_midline	3771863
all_dm6_minus_cns_midline	3771864
all_dm6_minus_cns_midline	3771865
all_dm6_minus_cns_midline	3771866
all_dm6_minus_cns_midline	3771867
all_dm6_minus_cns_midline	3771868
all_dm6_minus_cns_midline	3771869
all_dm6_minus_cns_midline	3771870
all_dm6_minus_cns_midline	3771871
all_dm6_minus_cns_midline	3771872
all_dm6_minus_cns_midline	3771874
all_dm6_minus_cns_midline	3771875
all_dm6_minus_cns_midline	3771878
all_dm6_minus_cns_midline	3771879
all_dm6_minus_cns_midline	3771881
all_dm6_minus_cns_midline	3771882
all_dm6_minus_cns_midline	3771884
all_dm6_minus_cns_midline	3771886
all_dm6_minus_cns_midline	3771887
all_dm6_minus_cns_midline	3771888
all_dm6_minus_cns_midline	3771889
all_dm6_minus_cns_midline	3771890
all_dm6_minus_cns_midline	3771891
all_dm6_minus_cns_midline	3771892
all_dm6_minus_cns_midline	3771893
all_dm6_minus_cns_midline	3771894
all_dm6_minus_cns_midline	3771896
all_dm6_minus_cns_midline	3771898
all_dm6_minus_cns_midline	3771899
all_dm6_minus_cns_midline	3771901
all_dm6_minus_cns_midline	3771902
all_dm6_minus_cns_midline	3771903
all_dm6_minus_cns_midline	3771904
all_dm6_minus_cns_midline	3771905
all_dm6_minus_cns_midline	3771906
all_dm6_minus_cns_midline	3771907
all_dm6_minus_cns_midline	3771908
all_dm6_minus_cns_midline	3771910
all_dm6_minus_cns_midline	3771911
all_dm6_minus_cns_midline	3771912
all_dm6_minus_cns_midline	3771913
all_dm6_minus_cns_midline	3771914
all_dm6_minus_cns_midline	3771915
all_dm6_minus_cns_midline	3771916
all_dm6_minus_cns_midline	3771918
all_dm6_minus_cns_midline	3771919
all_dm6_minus_cns_midline	3771920
all_dm6_minus_cns_midline	3771921
all_dm6_minus_cns_midline	3771922
all_dm6_minus_cns_midline	3771924
all_dm6_minus_cns_midline	3771925
all_dm6_minus_cns_midline	3771926
all_dm6_minus_cns_midline	3771927
all_dm6_minus_cns_midline	3771929
all_dm6_minus_cns_midline	3771930
all_dm6_minus_cns_midline	3771931
all_dm6_minus_cns_midline	3771932
all_dm6_minus_cns_midline	3771933
all_dm6_minus_cns_midline	3771934
all_dm6_minus_cns_midline	3771935
all_dm6_minus_cns_midline	3771936
all_dm6_minus_cns_midline	3771937
all_dm6_minus_cns_midline	3771938
all_dm6_minus_cns_midline	3771939
all_dm6_minus_cns_midline	3771940
all_dm6_minus_cns_midline	3771941
all_dm6_minus_cns_midline	3771942
all_dm6_minus_cns_midline	3771943
all_dm6_minus_cns_midline	3771944
all_dm6_minus_cns_midline	3771945
all_dm6_minus_cns_midline	3771946
all_dm6_minus_cns_midline	3771947
all_dm6_minus_cns_midline	3771948
all_dm6_minus_cns_midline	3771949
all_dm6_minus_cns_midline	3771950
all_dm6_minus_cns_midline	3771951
all_dm6_minus_cns_midline	3771952
all_dm6_minus_cns_midline	3771953
all_dm6_minus_cns_midline	3771954
all_dm6_minus_cns_midline	3771956
all_dm6_minus_cns_midline	3771957
all_dm6_minus_cns_midline	3771958
all_dm6_minus_cns_midline	3771959
all_dm6_minus_cns_midline	3771960
all_dm6_minus_cns_midline	3771961
all_dm6_minus_cns_midline	3771962
all_dm6_minus_cns_midline	3771963
all_dm6_minus_cns_midline	3771965
all_dm6_minus_cns_midline	3771966
all_dm6_minus_cns_midline	3771968
all_dm6_minus_cns_midline	3771969
all_dm6_minus_cns_midline	3771970
all_dm6_minus_cns_midline	3771971
all_dm6_minus_cns_midline	3771972
all_dm6_minus_cns_midline	3771973
all_dm6_minus_cns_midline	3771974
all_dm6_minus_cns_midline	3771975
all_dm6_minus_cns_midline	3771976
all_dm6_minus_cns_midline	3771978
all_dm6_minus_cns_midline	3771979
all_dm6_minus_cns_midline	3771980
all_dm6_minus_cns_midline	3771981
all_dm6_minus_cns_midline	3771982
all_dm6_minus_cns_midline	3771984
all_dm6_minus_cns_midline	3771985
all_dm6_minus_cns_midline	3771986
all_dm6_minus_cns_midline	3771988
all_dm6_minus_cns_midline	3771990
all_dm6_minus_cns_midline	3771991
all_dm6_minus_cns_midline	3771992
all_dm6_minus_cns_midline	3771993
all_dm6_minus_cns_midline	3771994
all_dm6_minus_cns_midline	3771995
all_dm6_minus_cns_midline	3771997
all_dm6_minus_cns_midline	3771999
all_dm6_minus_cns_midline	3772000
all_dm6_minus_cns_midline	3772001
all_dm6_minus_cns_midline	3772002
all_dm6_minus_cns_midline	3772003
all_dm6_minus_cns_midline	3772004
all_dm6_minus_cns_midline	3772005
all_dm6_minus_cns_midline	3772006
all_dm6_minus_cns_midline	3772007
all_dm6_minus_cns_midline	3772008
all_dm6_minus_cns_midline	3772009
all_dm6_minus_cns_midline	3772010
all_dm6_minus_cns_midline	3772011
all_dm6_minus_cns_midline	3772012
all_dm6_minus_cns_midline	3772013
all_dm6_minus_cns_midline	3772014
all_dm6_minus_cns_midline	3772015
all_dm6_minus_cns_midline	3772017
all_dm6_minus_cns_midline	3772019
all_dm6_minus_cns_midline	3772020
all_dm6_minus_cns_midline	3772021
all_dm6_minus_cns_midline	3772022
all_dm6_minus_cns_midline	3772023
all_dm6_minus_cns_midline	3772025
all_dm6_minus_cns_midline	3772026
all_dm6_minus_cns_midline	3772028
all_dm6_minus_cns_midline	3772029
all_dm6_minus_cns_midline	3772031
all_dm6_minus_cns_midline	3772032
all_dm6_minus_cns_midline	3772033
all_dm6_minus_cns_midline	3772034
all_dm6_minus_cns_midline	3772035
all_dm6_minus_cns_midline	3772036
all_dm6_minus_cns_midline	3772037
all_dm6_minus_cns_midline	3772038
all_dm6_minus_cns_midline	3772040
all_dm6_minus_cns_midline	3772042
all_dm6_minus_cns_midline	3772043
all_dm6_minus_cns_midline	3772044
all_dm6_minus_cns_midline	3772045
all_dm6_minus_cns_midline	3772046
all_dm6_minus_cns_midline	3772047
all_dm6_minus_cns_midline	3772048
all_dm6_minus_cns_midline	3772049
all_dm6_minus_cns_midline	3772050
all_dm6_minus_cns_midline	3772051
all_dm6_minus_cns_midline	3772052
all_dm6_minus_cns_midline	3772053
all_dm6_minus_cns_midline	3772054
all_dm6_minus_cns_midline	3772055
all_dm6_minus_cns_midline	3772056
all_dm6_minus_cns_midline	3772058
all_dm6_minus_cns_midline	3772059
all_dm6_minus_cns_midline	3772060
all_dm6_minus_cns_midline	3772061
all_dm6_minus_cns_midline	3772062
all_dm6_minus_cns_midline	3772064
all_dm6_minus_cns_midline	3772065
all_dm6_minus_cns_midline	3772066
all_dm6_minus_cns_midline	3772067
all_dm6_minus_cns_midline	3772068
all_dm6_minus_cns_midline	3772069
all_dm6_minus_cns_midline	3772070
all_dm6_minus_cns_midline	3772071
all_dm6_minus_cns_midline	3772072
all_dm6_minus_cns_midline	3772073
all_dm6_minus_cns_midline	3772075
all_dm6_minus_cns_midline	3772076
all_dm6_minus_cns_midline	3772077
all_dm6_minus_cns_midline	3772078
all_dm6_minus_cns_midline	3772079
all_dm6_minus_cns_midline	3772080
all_dm6_minus_cns_midline	3772081
all_dm6_minus_cns_midline	3772082
all_dm6_minus_cns_midline	3772083
all_dm6_minus_cns_midline	3772084
all_dm6_minus_cns_midline	3772085
all_dm6_minus_cns_midline	3772086
all_dm6_minus_cns_midline	3772087
all_dm6_minus_cns_midline	3772088
all_dm6_minus_cns_midline	3772089
all_dm6_minus_cns_midline	3772090
all_dm6_minus_cns_midline	3772091
all_dm6_minus_cns_midline	3772092
all_dm6_minus_cns_midline	3772094
all_dm6_minus_cns_midline	3772095
all_dm6_minus_cns_midline	3772096
all_dm6_minus_cns_midline	3772098
all_dm6_minus_cns_midline	3772099
all_dm6_minus_cns_midline	3772100
all_dm6_minus_cns_midline	3772101
all_dm6_minus_cns_midline	3772102
all_dm6_minus_cns_midline	3772103
all_dm6_minus_cns_midline	3772104
all_dm6_minus_cns_midline	3772105
all_dm6_minus_cns_midline	3772106
all_dm6_minus_cns_midline	3772107
all_dm6_minus_cns_midline	3772108
all_dm6_minus_cns_midline	3772109
all_dm6_minus_cns_midline	3772110
all_dm6_minus_cns_midline	3772111
all_dm6_minus_cns_midline	3772112
all_dm6_minus_cns_midline	3772113
all_dm6_minus_cns_midline	3772114
all_dm6_minus_cns_midline	3772115
all_dm6_minus_cns_midline	3772116
all_dm6_minus_cns_midline	3772117
all_dm6_minus_cns_midline	3772118
all_dm6_minus_cns_midline	3772119
all_dm6_minus_cns_midline	3772121
all_dm6_minus_cns_midline	3772122
all_dm6_minus_cns_midline	3772123
all_dm6_minus_cns_midline	3772124
all_dm6_minus_cns_midline	3772125
all_dm6_minus_cns_midline	3772126
all_dm6_minus_cns_midline	3772127
all_dm6_minus_cns_midline	3772129
all_dm6_minus_cns_midline	3772130
all_dm6_minus_cns_midline	3772131
all_dm6_minus_cns_midline	3772132
all_dm6_minus_cns_midline	3772133
all_dm6_minus_cns_midline	3772134
all_dm6_minus_cns_midline	3772135
all_dm6_minus_cns_midline	3772136
all_dm6_minus_cns_midline	3772137
all_dm6_minus_cns_midline	3772138
all_dm6_minus_cns_midline	3772139
all_dm6_minus_cns_midline	3772140
all_dm6_minus_cns_midline	3772141
all_dm6_minus_cns_midline	3772142
all_dm6_minus_cns_midline	3772143
all_dm6_minus_cns_midline	3772144
all_dm6_minus_cns_midline	3772145
all_dm6_minus_cns_midline	3772146
all_dm6_minus_cns_midline	3772147
all_dm6_minus_cns_midline	3772148
all_dm6_minus_cns_midline	3772149
all_dm6_minus_cns_midline	3772150
all_dm6_minus_cns_midline	3772151
all_dm6_minus_cns_midline	3772153
all_dm6_minus_cns_midline	3772154
all_dm6_minus_cns_midline	3772156
all_dm6_minus_cns_midline	3772157
all_dm6_minus_cns_midline	3772159
all_dm6_minus_cns_midline	3772161
all_dm6_minus_cns_midline	3772162
all_dm6_minus_cns_midline	3772163
all_dm6_minus_cns_midline	3772164
all_dm6_minus_cns_midline	3772165
all_dm6_minus_cns_midline	3772166
all_dm6_minus_cns_midline	3772168
all_dm6_minus_cns_midline	3772169
all_dm6_minus_cns_midline	3772170
all_dm6_minus_cns_midline	3772172
all_dm6_minus_cns_midline	3772173
all_dm6_minus_cns_midline	3772175
all_dm6_minus_cns_midline	3772177
all_dm6_minus_cns_midline	3772178
all_dm6_minus_cns_midline	3772179
all_dm6_minus_cns_midline	3772180
all_dm6_minus_cns_midline	3772181
all_dm6_minus_cns_midline	3772182
all_dm6_minus_cns_midline	3772183
all_dm6_minus_cns_midline	3772184
all_dm6_minus_cns_midline	3772185
all_dm6_minus_cns_midline	3772186
all_dm6_minus_cns_midline	3772187
all_dm6_minus_cns_midline	3772188
all_dm6_minus_cns_midline	3772189
all_dm6_minus_cns_midline	3772190
all_dm6_minus_cns_midline	3772191
all_dm6_minus_cns_midline	3772192
all_dm6_minus_cns_midline	3772194
all_dm6_minus_cns_midline	3772195
all_dm6_minus_cns_midline	3772196
all_dm6_minus_cns_midline	3772197
all_dm6_minus_cns_midline	3772198
all_dm6_minus_cns_midline	3772199
all_dm6_minus_cns_midline	3772200
all_dm6_minus_cns_midline	3772201
all_dm6_minus_cns_midline	3772202
all_dm6_minus_cns_midline	3772203
all_dm6_minus_cns_midline	3772204
all_dm6_minus_cns_midline	3772205
all_dm6_minus_cns_midline	3772206
all_dm6_minus_cns_midline	3772210
all_dm6_minus_cns_midline	3772211
all_dm6_minus_cns_midline	3772212
all_dm6_minus_cns_midline	3772213
all_dm6_minus_cns_midline	3772214
all_dm6_minus_cns_midline	3772215
all_dm6_minus_cns_midline	3772217
all_dm6_minus_cns_midline	3772218
all_dm6_minus_cns_midline	3772219
all_dm6_minus_cns_midline	3772220
all_dm6_minus_cns_midline	3772221
all_dm6_minus_cns_midline	3772223
all_dm6_minus_cns_midline	3772225
all_dm6_minus_cns_midline	3772226
all_dm6_minus_cns_midline	3772227
all_dm6_minus_cns_midline	3772228
all_dm6_minus_cns_midline	3772229
all_dm6_minus_cns_midline	3772230
all_dm6_minus_cns_midline	3772231
all_dm6_minus_cns_midline	3772232
all_dm6_minus_cns_midline	3772233
all_dm6_minus_cns_midline	3772235
all_dm6_minus_cns_midline	3772238
all_dm6_minus_cns_midline	3772240
all_dm6_minus_cns_midline	3772241
all_dm6_minus_cns_midline	3772242
all_dm6_minus_cns_midline	3772243
all_dm6_minus_cns_midline	3772244
all_dm6_minus_cns_midline	3772245
all_dm6_minus_cns_midline	3772246
all_dm6_minus_cns_midline	3772247
all_dm6_minus_cns_midline	3772248
all_dm6_minus_cns_midline	3772249
all_dm6_minus_cns_midline	3772251
all_dm6_minus_cns_midline	3772252
all_dm6_minus_cns_midline	3772253
all_dm6_minus_cns_midline	3772254
all_dm6_minus_cns_midline	3772255
all_dm6_minus_cns_midline	3772256
all_dm6_minus_cns_midline	3772257
all_dm6_minus_cns_midline	3772258
all_dm6_minus_cns_midline	3772259
all_dm6_minus_cns_midline	3772260
all_dm6_minus_cns_midline	3772261
all_dm6_minus_cns_midline	3772262
all_dm6_minus_cns_midline	3772263
all_dm6_minus_cns_midline	3772264
all_dm6_minus_cns_midline	3772265
all_dm6_minus_cns_midline	3772266
all_dm6_minus_cns_midline	3772267
all_dm6_minus_cns_midline	3772268
all_dm6_minus_cns_midline	3772270
all_dm6_minus_cns_midline	3772271
all_dm6_minus_cns_midline	3772272
all_dm6_minus_cns_midline	3772273
all_dm6_minus_cns_midline	3772274
all_dm6_minus_cns_midline	3772276
all_dm6_minus_cns_midline	3772278
all_dm6_minus_cns_midline	3772279
all_dm6_minus_cns_midline	3772280
all_dm6_minus_cns_midline	3772281
all_dm6_minus_cns_midline	3772282
all_dm6_minus_cns_midline	3772284
all_dm6_minus_cns_midline	3772285
all_dm6_minus_cns_midline	3772286
all_dm6_minus_cns_midline	3772287
all_dm6_minus_cns_midline	3772288
all_dm6_minus_cns_midline	3772289
all_dm6_minus_cns_midline	3772290
all_dm6_minus_cns_midline	3772291
all_dm6_minus_cns_midline	3772292
all_dm6_minus_cns_midline	3772294
all_dm6_minus_cns_midline	3772295
all_dm6_minus_cns_midline	3772296
all_dm6_minus_cns_midline	3772297
all_dm6_minus_cns_midline	3772298
all_dm6_minus_cns_midline	3772299
all_dm6_minus_cns_midline	3772300
all_dm6_minus_cns_midline	3772303
all_dm6_minus_cns_midline	3772305
all_dm6_minus_cns_midline	3772306
all_dm6_minus_cns_midline	3772307
all_dm6_minus_cns_midline	3772308
all_dm6_minus_cns_midline	3772309
all_dm6_minus_cns_midline	3772310
all_dm6_minus_cns_midline	3772311
all_dm6_minus_cns_midline	3772314
all_dm6_minus_cns_midline	3772316
all_dm6_minus_cns_midline	3772317
all_dm6_minus_cns_midline	3772318
all_dm6_minus_cns_midline	3772319
all_dm6_minus_cns_midline	3772320
all_dm6_minus_cns_midline	3772321
all_dm6_minus_cns_midline	3772322
all_dm6_minus_cns_midline	3772323
all_dm6_minus_cns_midline	3772325
all_dm6_minus_cns_midline	3772326
all_dm6_minus_cns_midline	3772327
all_dm6_minus_cns_midline	3772328
all_dm6_minus_cns_midline	3772329
all_dm6_minus_cns_midline	3772330
all_dm6_minus_cns_midline	3772331
all_dm6_minus_cns_midline	3772333
all_dm6_minus_cns_midline	3772334
all_dm6_minus_cns_midline	3772335
all_dm6_minus_cns_midline	3772336
all_dm6_minus_cns_midline	3772337
all_dm6_minus_cns_midline	3772338
all_dm6_minus_cns_midline	3772339
all_dm6_minus_cns_midline	3772340
all_dm6_minus_cns_midline	3772341
all_dm6_minus_cns_midline	3772342
all_dm6_minus_cns_midline	3772343
all_dm6_minus_cns_midline	3772344
all_dm6_minus_cns_midline	3772345
all_dm6_minus_cns_midline	3772346
all_dm6_minus_cns_midline	3772347
all_dm6_minus_cns_midline	3772348
all_dm6_minus_cns_midline	3772349
all_dm6_minus_cns_midline	3772350
all_dm6_minus_cns_midline	3772351
all_dm6_minus_cns_midline	3772352
all_dm6_minus_cns_midline	3772353
all_dm6_minus_cns_midline	3772355
all_dm6_minus_cns_midline	3772356
all_dm6_minus_cns_midline	3772357
all_dm6_minus_cns_midline	3772359
all_dm6_minus_cns_midline	3772360
all_dm6_minus_cns_midline	3772361
all_dm6_minus_cns_midline	3772362
all_dm6_minus_cns_midline	3772363
all_dm6_minus_cns_midline	3772364
all_dm6_minus_cns_midline	3772365
all_dm6_minus_cns_midline	3772366
all_dm6_minus_cns_midline	3772367
all_dm6_minus_cns_midline	3772368
all_dm6_minus_cns_midline	3772369
all_dm6_minus_cns_midline	3772370
all_dm6_minus_cns_midline	3772371
all_dm6_minus_cns_midline	3772372
all_dm6_minus_cns_midline	3772373
all_dm6_minus_cns_midline	3772374
all_dm6_minus_cns_midline	3772375
all_dm6_minus_cns_midline	3772376
all_dm6_minus_cns_midline	3772377
all_dm6_minus_cns_midline	3772380
all_dm6_minus_cns_midline	3772381
all_dm6_minus_cns_midline	3772382
all_dm6_minus_cns_midline	3772383
all_dm6_minus_cns_midline	3772384
all_dm6_minus_cns_midline	3772385
all_dm6_minus_cns_midline	3772386
all_dm6_minus_cns_midline	3772387
all_dm6_minus_cns_midline	3772388
all_dm6_minus_cns_midline	3772389
all_dm6_minus_cns_midline	3772390
all_dm6_minus_cns_midline	3772391
all_dm6_minus_cns_midline	3772392
all_dm6_minus_cns_midline	3772394
all_dm6_minus_cns_midline	3772395
all_dm6_minus_cns_midline	3772396
all_dm6_minus_cns_midline	3772397
all_dm6_minus_cns_midline	3772398
all_dm6_minus_cns_midline	3772399
all_dm6_minus_cns_midline	3772400
all_dm6_minus_cns_midline	3772404
all_dm6_minus_cns_midline	3772405
all_dm6_minus_cns_midline	3772407
all_dm6_minus_cns_midline	3772408
all_dm6_minus_cns_midline	3772409
all_dm6_minus_cns_midline	3772410
all_dm6_minus_cns_midline	3772411
all_dm6_minus_cns_midline	3772412
all_dm6_minus_cns_midline	3772413
all_dm6_minus_cns_midline	3772414
all_dm6_minus_cns_midline	3772415
all_dm6_minus_cns_midline	3772416
all_dm6_minus_cns_midline	3772417
all_dm6_minus_cns_midline	3772418
all_dm6_minus_cns_midline	3772419
all_dm6_minus_cns_midline	3772420
all_dm6_minus_cns_midline	3772421
all_dm6_minus_cns_midline	3772422
all_dm6_minus_cns_midline	3772423
all_dm6_minus_cns_midline	3772424
all_dm6_minus_cns_midline	3772425
all_dm6_minus_cns_midline	3772427
all_dm6_minus_cns_midline	3772428
all_dm6_minus_cns_midline	3772429
all_dm6_minus_cns_midline	3772431
all_dm6_minus_cns_midline	3772433
all_dm6_minus_cns_midline	3772434
all_dm6_minus_cns_midline	3772436
all_dm6_minus_cns_midline	3772437
all_dm6_minus_cns_midline	3772438
all_dm6_minus_cns_midline	3772439
all_dm6_minus_cns_midline	3772440
all_dm6_minus_cns_midline	3772441
all_dm6_minus_cns_midline	3772443
all_dm6_minus_cns_midline	3772444
all_dm6_minus_cns_midline	3772445
all_dm6_minus_cns_midline	3772446
all_dm6_minus_cns_midline	3772447
all_dm6_minus_cns_midline	3772448
all_dm6_minus_cns_midline	3772449
all_dm6_minus_cns_midline	3772451
all_dm6_minus_cns_midline	3772452
all_dm6_minus_cns_midline	3772453
all_dm6_minus_cns_midline	3772454
all_dm6_minus_cns_midline	3772455
all_dm6_minus_cns_midline	3772456
all_dm6_minus_cns_midline	3772457
all_dm6_minus_cns_midline	3772459
all_dm6_minus_cns_midline	3772460
all_dm6_minus_cns_midline	3772461
all_dm6_minus_cns_midline	3772462
all_dm6_minus_cns_midline	3772463
all_dm6_minus_cns_midline	3772464
all_dm6_minus_cns_midline	3772465
all_dm6_minus_cns_midline	3772466
all_dm6_minus_cns_midline	3772468
all_dm6_minus_cns_midline	3772469
all_dm6_minus_cns_midline	3772471
all_dm6_minus_cns_midline	3772473
all_dm6_minus_cns_midline	3772474
all_dm6_minus_cns_midline	3772476
all_dm6_minus_cns_midline	3772477
all_dm6_minus_cns_midline	3772478
all_dm6_minus_cns_midline	3772479
all_dm6_minus_cns_midline	3772480
all_dm6_minus_cns_midline	3772481
all_dm6_minus_cns_midline	3772483
all_dm6_minus_cns_midline	3772485
all_dm6_minus_cns_midline	3772486
all_dm6_minus_cns_midline	3772487
all_dm6_minus_cns_midline	3772488
all_dm6_minus_cns_midline	3772489
all_dm6_minus_cns_midline	3772491
all_dm6_minus_cns_midline	3772494
all_dm6_minus_cns_midline	3772495
all_dm6_minus_cns_midline	3772496
all_dm6_minus_cns_midline	3772498
all_dm6_minus_cns_midline	3772499
all_dm6_minus_cns_midline	3772500
all_dm6_minus_cns_midline	3772501
all_dm6_minus_cns_midline	3772502
all_dm6_minus_cns_midline	3772503
all_dm6_minus_cns_midline	3772504
all_dm6_minus_cns_midline	3772505
all_dm6_minus_cns_midline	3772506
all_dm6_minus_cns_midline	3772507
all_dm6_minus_cns_midline	3772508
all_dm6_minus_cns_midline	3772509
all_dm6_minus_cns_midline	3772510
all_dm6_minus_cns_midline	3772511
all_dm6_minus_cns_midline	3772512
all_dm6_minus_cns_midline	3772513
all_dm6_minus_cns_midline	3772515
all_dm6_minus_cns_midline	3772517
all_dm6_minus_cns_midline	3772518
all_dm6_minus_cns_midline	3772519
all_dm6_minus_cns_midline	3772520
all_dm6_minus_cns_midline	3772521
all_dm6_minus_cns_midline	3772522
all_dm6_minus_cns_midline	3772523
all_dm6_minus_cns_midline	3772524
all_dm6_minus_cns_midline	3772525
all_dm6_minus_cns_midline	3772526
all_dm6_minus_cns_midline	3772527
all_dm6_minus_cns_midline	3772528
all_dm6_minus_cns_midline	3772530
all_dm6_minus_cns_midline	3772532
all_dm6_minus_cns_midline	3772533
all_dm6_minus_cns_midline	3772534
all_dm6_minus_cns_midline	3772535
all_dm6_minus_cns_midline	3772537
all_dm6_minus_cns_midline	3772538
all_dm6_minus_cns_midline	3772540
all_dm6_minus_cns_midline	3772541
all_dm6_minus_cns_midline	3772542
all_dm6_minus_cns_midline	3772543
all_dm6_minus_cns_midline	3772544
all_dm6_minus_cns_midline	3772545
all_dm6_minus_cns_midline	3772547
all_dm6_minus_cns_midline	3772548
all_dm6_minus_cns_midline	3772550
all_dm6_minus_cns_midline	3772551
all_dm6_minus_cns_midline	3772552
all_dm6_minus_cns_midline	3772553
all_dm6_minus_cns_midline	3772554
all_dm6_minus_cns_midline	3772556
all_dm6_minus_cns_midline	3772558
all_dm6_minus_cns_midline	3772559
all_dm6_minus_cns_midline	3772560
all_dm6_minus_cns_midline	3772561
all_dm6_minus_cns_midline	3772562
all_dm6_minus_cns_midline	3772563
all_dm6_minus_cns_midline	3772564
all_dm6_minus_cns_midline	3772565
all_dm6_minus_cns_midline	3772566
all_dm6_minus_cns_midline	3772567
all_dm6_minus_cns_midline	3772569
all_dm6_minus_cns_midline	3772570
all_dm6_minus_cns_midline	3772572
all_dm6_minus_cns_midline	3772573
all_dm6_minus_cns_midline	3772574
all_dm6_minus_cns_midline	3772575
all_dm6_minus_cns_midline	3772576
all_dm6_minus_cns_midline	3772577
all_dm6_minus_cns_midline	3772578
all_dm6_minus_cns_midline	3772579
all_dm6_minus_cns_midline	3772580
all_dm6_minus_cns_midline	3772581
all_dm6_minus_cns_midline	3772582
all_dm6_minus_cns_midline	3772583
all_dm6_minus_cns_midline	3772584
all_dm6_minus_cns_midline	3772585
all_dm6_minus_cns_midline	3772587
all_dm6_minus_cns_midline	3772588
all_dm6_minus_cns_midline	3772589
all_dm6_minus_cns_midline	3772591
all_dm6_minus_cns_midline	3772593
all_dm6_minus_cns_midline	3772594
all_dm6_minus_cns_midline	3772595
all_dm6_minus_cns_midline	3772596
all_dm6_minus_cns_midline	3772597
all_dm6_minus_cns_midline	3772598
all_dm6_minus_cns_midline	3772599
all_dm6_minus_cns_midline	3772600
all_dm6_minus_cns_midline	3772601
all_dm6_minus_cns_midline	3772602
all_dm6_minus_cns_midline	3772603
all_dm6_minus_cns_midline	3772605
all_dm6_minus_cns_midline	3772606
all_dm6_minus_cns_midline	3772607
all_dm6_minus_cns_midline	3772611
all_dm6_minus_cns_midline	3772612
all_dm6_minus_cns_midline	3772615
all_dm6_minus_cns_midline	3772617
all_dm6_minus_cns_midline	3772618
all_dm6_minus_cns_midline	3772619
all_dm6_minus_cns_midline	3772620
all_dm6_minus_cns_midline	3772621
all_dm6_minus_cns_midline	3772622
all_dm6_minus_cns_midline	3772623
all_dm6_minus_cns_midline	3772624
all_dm6_minus_cns_midline	3772625
all_dm6_minus_cns_midline	3772627
all_dm6_minus_cns_midline	3772628
all_dm6_minus_cns_midline	3772629
all_dm6_minus_cns_midline	3772630
all_dm6_minus_cns_midline	3772631
all_dm6_minus_cns_midline	3772632
all_dm6_minus_cns_midline	3772634
all_dm6_minus_cns_midline	3772635
all_dm6_minus_cns_midline	3772636
all_dm6_minus_cns_midline	3772637
all_dm6_minus_cns_midline	3772638
all_dm6_minus_cns_midline	3772639
all_dm6_minus_cns_midline	3772640
all_dm6_minus_cns_midline	3772641
all_dm6_minus_cns_midline	3772642
all_dm6_minus_cns_midline	3772643
all_dm6_minus_cns_midline	3772644
all_dm6_minus_cns_midline	3772646
all_dm6_minus_cns_midline	3772647
all_dm6_minus_cns_midline	3772648
all_dm6_minus_cns_midline	3772649
all_dm6_minus_cns_midline	3772651
all_dm6_minus_cns_midline	3772652
all_dm6_minus_cns_midline	3772653
all_dm6_minus_cns_midline	3772654
all_dm6_minus_cns_midline	3772655
all_dm6_minus_cns_midline	3772656
all_dm6_minus_cns_midline	3772657
all_dm6_minus_cns_midline	3772658
all_dm6_minus_cns_midline	3772659
all_dm6_minus_cns_midline	3772660
all_dm6_minus_cns_midline	3772662
all_dm6_minus_cns_midline	3772663
all_dm6_minus_cns_midline	3772664
all_dm6_minus_cns_midline	3772665
all_dm6_minus_cns_midline	3772666
all_dm6_minus_cns_midline	3772667
all_dm6_minus_cns_midline	3772668
all_dm6_minus_cns_midline	3772669
all_dm6_minus_cns_midline	3772670
all_dm6_minus_cns_midline	3772671
all_dm6_minus_cns_midline	3772672
all_dm6_minus_cns_midline	3772673
all_dm6_minus_cns_midline	3772674
all_dm6_minus_cns_midline	3772675
all_dm6_minus_cns_midline	3772676
all_dm6_minus_cns_midline	3772677
all_dm6_minus_cns_midline	3772678
all_dm6_minus_cns_midline	3772680
all_dm6_minus_cns_midline	3772681
all_dm6_minus_cns_midline	3772683
all_dm6_minus_cns_midline	3772684
all_dm6_minus_cns_midline	3772685
all_dm6_minus_cns_midline	3772686
all_dm6_minus_cns_midline	3772688
all_dm6_minus_cns_midline	3772690
all_dm6_minus_cns_midline	3772691
all_dm6_minus_cns_midline	3772692
all_dm6_minus_cns_midline	3772695
all_dm6_minus_cns_midline	3772696
all_dm6_minus_cns_midline	3772698
all_dm6_minus_cns_midline	3772699
all_dm6_minus_cns_midline	3772700
all_dm6_minus_cns_midline	3772701
all_dm6_minus_cns_midline	3772702
all_dm6_minus_cns_midline	3772703
all_dm6_minus_cns_midline	3772704
all_dm6_minus_cns_midline	3772705
all_dm6_minus_cns_midline	3772707
all_dm6_minus_cns_midline	3772708
all_dm6_minus_cns_midline	3772709
all_dm6_minus_cns_midline	3772710
all_dm6_minus_cns_midline	3772712
all_dm6_minus_cns_midline	3772714
all_dm6_minus_cns_midline	3772715
all_dm6_minus_cns_midline	3772716
all_dm6_minus_cns_midline	3772717
all_dm6_minus_cns_midline	3772718
all_dm6_minus_cns_midline	3772719
all_dm6_minus_cns_midline	3772720
all_dm6_minus_cns_midline	3885565
all_dm6_minus_cns_midline	3885569
all_dm6_minus_cns_midline	3885570
all_dm6_minus_cns_midline	3885572
all_dm6_minus_cns_midline	3885573
all_dm6_minus_cns_midline	3885575
all_dm6_minus_cns_midline	3885576
all_dm6_minus_cns_midline	3885577
all_dm6_minus_cns_midline	3885578
all_dm6_minus_cns_midline	3885579
all_dm6_minus_cns_midline	3885581
all_dm6_minus_cns_midline	3885583
all_dm6_minus_cns_midline	3885584
all_dm6_minus_cns_midline	3885585
all_dm6_minus_cns_midline	3885587
all_dm6_minus_cns_midline	3885588
all_dm6_minus_cns_midline	3885589
all_dm6_minus_cns_midline	3885590
all_dm6_minus_cns_midline	3885592
all_dm6_minus_cns_midline	3885594
all_dm6_minus_cns_midline	3885596
all_dm6_minus_cns_midline	3885597
all_dm6_minus_cns_midline	3885598
all_dm6_minus_cns_midline	3885599
all_dm6_minus_cns_midline	3885600
all_dm6_minus_cns_midline	3885601
all_dm6_minus_cns_midline	3885602
all_dm6_minus_cns_midline	3885603
all_dm6_minus_cns_midline	3885605
all_dm6_minus_cns_midline	3885606
all_dm6_minus_cns_midline	3885607
all_dm6_minus_cns_midline	3885608
all_dm6_minus_cns_midline	3885610
all_dm6_minus_cns_midline	3885611
all_dm6_minus_cns_midline	3885612
all_dm6_minus_cns_midline	3885616
all_dm6_minus_cns_midline	3885617
all_dm6_minus_cns_midline	3885619
all_dm6_minus_cns_midline	3885620
all_dm6_minus_cns_midline	3885622
all_dm6_minus_cns_midline	3885627
all_dm6_minus_cns_midline	3885628
all_dm6_minus_cns_midline	3885632
all_dm6_minus_cns_midline	3885633
all_dm6_minus_cns_midline	3885636
all_dm6_minus_cns_midline	3885637
all_dm6_minus_cns_midline	3885638
all_dm6_minus_cns_midline	3885639
all_dm6_minus_cns_midline	3885640
all_dm6_minus_cns_midline	3885642
all_dm6_minus_cns_midline	3885643
all_dm6_minus_cns_midline	3885644
all_dm6_minus_cns_midline	3885645
all_dm6_minus_cns_midline	3885646
all_dm6_minus_cns_midline	3885647
all_dm6_minus_cns_midline	3885648
all_dm6_minus_cns_midline	3885650
all_dm6_minus_cns_midline	3885654
all_dm6_minus_cns_midline	3885655
all_dm6_minus_cns_midline	3885656
all_dm6_minus_cns_midline	3885657
all_dm6_minus_cns_midline	3885658
all_dm6_minus_cns_midline	3885660
all_dm6_minus_cns_midline	3885664
all_dm6_minus_cns_midline	3885665
all_dm6_minus_cns_midline	3885667
all_dm6_minus_cns_midline	3885668
all_dm6_minus_cns_midline	4379815
all_dm6_minus_cns_midline	4379817
all_dm6_minus_cns_midline	4379834
all_dm6_minus_cns_midline	4379842
all_dm6_minus_cns_midline	4379844
all_dm6_minus_cns_midline	4379850
all_dm6_minus_cns_midline	4379851
all_dm6_minus_cns_midline	4379852
all_dm6_minus_cns_midline	4379854
all_dm6_minus_cns_midline	4379856
all_dm6_minus_cns_midline	4379860
all_dm6_minus_cns_midline	4379861
all_dm6_minus_cns_midline	4379863
all_dm6_minus_cns_midline	4379864
all_dm6_minus_cns_midline	4379865
all_dm6_minus_cns_midline	4379866
all_dm6_minus_cns_midline	4379867
all_dm6_minus_cns_midline	4379868
all_dm6_minus_cns_midline	4379869
all_dm6_minus_cns_midline	4379870
all_dm6_minus_cns_midline	4379873
all_dm6_minus_cns_midline	4379878
all_dm6_minus_cns_midline	4379879
all_dm6_minus_cns_midline	4379880
all_dm6_minus_cns_midline	4379881
all_dm6_minus_cns_midline	4379884
all_dm6_minus_cns_midline	4379886
all_dm6_minus_cns_midline	4379887
all_dm6_minus_cns_midline	4379888
all_dm6_minus_cns_midline	4379889
all_dm6_minus_cns_midline	4379890
all_dm6_minus_cns_midline	4379891
all_dm6_minus_cns_midline	4379892
all_dm6_minus_cns_midline	4379897
all_dm6_minus_cns_midline	4379900
all_dm6_minus_cns_midline	4379905
all_dm6_minus_cns_midline	4379906
all_dm6_minus_cns_midline	4379907
all_dm6_minus_cns_midline	4379908
all_dm6_minus_cns_midline	4379909
all_dm6_minus_cns_midline	4379911
all_dm6_minus_cns_midline	4379912
all_dm6_minus_cns_midline	4379919
all_dm6_minus_cns_midline	5656835
all_dm6_minus_cns_midline	5656836
all_dm6_minus_cns_midline	5656837
all_dm6_minus_cns_midline	5656838
all_dm6_minus_cns_midline	5656839
all_dm6_minus_cns_midline	5656840
all_dm6_minus_cns_midline	5656841
all_dm6_minus_cns_midline	5656842
all_dm6_minus_cns_midline	5656843
all_dm6_minus_cns_midline	5656844
all_dm6_minus_cns_midline	5656845
all_dm6_minus_cns_midline	5656847
all_dm6_minus_cns_midline	5656848
all_dm6_minus_cns_midline	5656850
all_dm6_minus_cns_midline	5656851
all_dm6_minus_cns_midline	5656852
all_dm6_minus_cns_midline	5656853
all_dm6_minus_cns_midline	5656854
all_dm6_minus_cns_midline	5656855
all_dm6_minus_cns_midline	5656856
all_dm6_minus_cns_midline	5656864
all_dm6_minus_cns_midline	5656865
all_dm6_minus_cns_midline	5656866
all_dm6_minus_cns_midline	5656867
all_dm6_minus_cns_midline	5656868
all_dm6_minus_cns_midline	5656870
all_dm6_minus_cns_midline	5656871
all_dm6_minus_cns_midline	5656872
all_dm6_minus_cns_midline	5656873
all_dm6_minus_cns_midline	5656874
all_dm6_minus_cns_midline	5656875
all_dm6_minus_cns_midline	5656876
all_dm6_minus_cns_midline	5656877
all_dm6_minus_cns_midline	5656878
all_dm6_minus_cns_midline	5656880
all_dm6_minus_cns_midline	5656884
all_dm6_minus_cns_midline	5656885
all_dm6_minus_cns_midline	5656886
all_dm6_minus_cns_midline	5656887
all_dm6_minus_cns_midline	5656888
all_dm6_minus_cns_midline	5656889
all_dm6_minus_cns_midline	5656890
all_dm6_minus_cns_midline	5656891
all_dm6_minus_cns_midline	5656892
all_dm6_minus_cns_midline	5656893
all_dm6_minus_cns_midline	5656894
all_dm6_minus_cns_midline	5656895
all_dm6_minus_cns_midline	5656896
all_dm6_minus_cns_midline	5656897
all_dm6_minus_cns_midline	5656898
all_dm6_minus_cns_midline	5656899
all_dm6_minus_cns_midline	5656900
all_dm6_minus_cns_midline	5656901
all_dm6_minus_cns_midline	5656902
all_dm6_minus_cns_midline	5656903
all_dm6_minus_cns_midline	5656904
all_dm6_minus_cns_midline	5656905
all_dm6_minus_cns_midline	5656906
all_dm6_minus_cns_midline	5656907
all_dm6_minus_cns_midline	5656908
all_dm6_minus_cns_midline	5656909
all_dm6_minus_cns_midline	5656910
all_dm6_minus_cns_midline	5656911
all_dm6_minus_cns_midline	5656912
all_dm6_minus_cns_midline	5656913
all_dm6_minus_cns_midline	5656914
all_dm6_minus_cns_midline	5656915
all_dm6_minus_cns_midline	5656916
all_dm6_minus_cns_midline	5656917
all_dm6_minus_cns_midline	5656918
all_dm6_minus_cns_midline	5656919
all_dm6_minus_cns_midline	5656923
all_dm6_minus_cns_midline	5656924
all_dm6_minus_cns_midline	5656925
all_dm6_minus_cns_midline	5656928
all_dm6_minus_cns_midline	5656929
all_dm6_minus_cns_midline	5656930
all_dm6_minus_cns_midline	5656933
all_dm6_minus_cns_midline	5656934
all_dm6_minus_cns_midline	5656935
all_dm6_minus_cns_midline	5656936
all_dm6_minus_cns_midline	5656937
all_dm6_minus_cns_midline	5656938
all_dm6_minus_cns_midline	5656939
all_dm6_minus_cns_midline	5656940
all_dm6_minus_cns_midline	5656941
all_dm6_minus_cns_midline	5656942
all_dm6_minus_cns_midline	5656943
all_dm6_minus_cns_midline	5656944
all_dm6_minus_cns_midline	5656945
all_dm6_minus_cns_midline	5656946
all_dm6_minus_cns_midline	5656947
all_dm6_minus_cns_midline	5656950
all_dm6_minus_cns_midline	5656951
all_dm6_minus_cns_midline	5656952
all_dm6_minus_cns_midline	5656953
all_dm6_minus_cns_midline	5656955
all_dm6_minus_cns_midline	5656956
all_dm6_minus_cns_midline	5656957
all_dm6_minus_cns_midline	5656958
all_dm6_minus_cns_midline	5656959
all_dm6_minus_cns_midline	5656960
all_dm6_minus_cns_midline	5656961
all_dm6_minus_cns_midline	5656962
all_dm6_minus_cns_midline	5656963
all_dm6_minus_cns_midline	5656964
all_dm6_minus_cns_midline	5656965
all_dm6_minus_cns_midline	5656967
all_dm6_minus_cns_midline	5656968
all_dm6_minus_cns_midline	5656969
all_dm6_minus_cns_midline	5656970
all_dm6_minus_cns_midline	5656971
all_dm6_minus_cns_midline	5656972
all_dm6_minus_cns_midline	5656973
all_dm6_minus_cns_midline	5656974
all_dm6_minus_cns_midline	5656975
all_dm6_minus_cns_midline	5656976
all_dm6_minus_cns_midline	5656978
all_dm6_minus_cns_midline	5656980
all_dm6_minus_cns_midline	5656981
all_dm6_minus_cns_midline	5656983
all_dm6_minus_cns_midline	5656984
all_dm6_minus_cns_midline	5656985
all_dm6_minus_cns_midline	5656986
all_dm6_minus_cns_midline	5656988
all_dm6_minus_cns_midline	5656989
all_dm6_minus_cns_midline	5656990
all_dm6_minus_cns_midline	5656991
all_dm6_minus_cns_midline	5656994
all_dm6_minus_cns_midline	5656995
all_dm6_minus_cns_midline	5656996
all_dm6_minus_cns_midline	5656997
all_dm6_minus_cns_midline	5656998
all_dm6_minus_cns_midline	5656999
all_dm6_minus_cns_midline	5657005
all_dm6_minus_cns_midline	5657006
all_dm6_minus_cns_midline	5657007
all_dm6_minus_cns_midline	5657010
all_dm6_minus_cns_midline	5657013
all_dm6_minus_cns_midline	5657014
all_dm6_minus_cns_midline	5657015
all_dm6_minus_cns_midline	5657016
all_dm6_minus_cns_midline	5657017
all_dm6_minus_cns_midline	5657018
all_dm6_minus_cns_midline	5657019
all_dm6_minus_cns_midline	5657020
all_dm6_minus_cns_midline	5657021
all_dm6_minus_cns_midline	5657022
all_dm6_minus_cns_midline	5657023
all_dm6_minus_cns_midline	5657024
all_dm6_minus_cns_midline	5657025
all_dm6_minus_cns_midline	5657026
all_dm6_minus_cns_midline	5657027
all_dm6_minus_cns_midline	5657028
all_dm6_minus_cns_midline	5657029
all_dm6_minus_cns_midline	5657030
all_dm6_minus_cns_midline	5657031
all_dm6_minus_cns_midline	5657032
all_dm6_minus_cns_midline	5657033
all_dm6_minus_cns_midline	5657034
all_dm6_minus_cns_midline	5657035
all_dm6_minus_cns_midline	5657036
all_dm6_minus_cns_midline	5657037
all_dm6_minus_cns_midline	5657038
all_dm6_minus_cns_midline	5657039
all_dm6_minus_cns_midline	5657040
all_dm6_minus_cns_midline	5657041
all_dm6_minus_cns_midline	5657042
all_dm6_minus_cns_midline	5657043
all_dm6_minus_cns_midline	5657044
all_dm6_minus_cns_midline	5657045
all_dm6_minus_cns_midline	5657046
all_dm6_minus_cns_midline	5657047
all_dm6_minus_cns_midline	5657048
all_dm6_minus_cns_midline	5657049
all_dm6_minus_cns_midline	5657050
all_dm6_minus_cns_midline	5657051
all_dm6_minus_cns_midline	5657052
all_dm6_minus_cns_midline	5657053
all_dm6_minus_cns_midline	5657054
all_dm6_minus_cns_midline	5657055
all_dm6_minus_cns_midline	5657056
all_dm6_minus_cns_midline	5657057
all_dm6_minus_cns_midline	5657058
all_dm6_minus_cns_midline	5657059
all_dm6_minus_cns_midline	5657060
all_dm6_minus_cns_midline	5657061
all_dm6_minus_cns_midline	5657062
all_dm6_minus_cns_midline	5657063
all_dm6_minus_cns_midline	5657064
all_dm6_minus_cns_midline	5657065
all_dm6_minus_cns_midline	5657066
all_dm6_minus_cns_midline	5657067
all_dm6_minus_cns_midline	5657068
all_dm6_minus_cns_midline	5657069
all_dm6_minus_cns_midline	5657070
all_dm6_minus_cns_midline	5657071
all_dm6_minus_cns_midline	5657072
all_dm6_minus_cns_midline	5657073
all_dm6_minus_cns_midline	5657074
all_dm6_minus_cns_midline	5657075
all_dm6_minus_cns_midline	5657076
all_dm6_minus_cns_midline	5657077
all_dm6_minus_cns_midline	5657078
all_dm6_minus_cns_midline	5657079
all_dm6_minus_cns_midline	5657080
all_dm6_minus_cns_midline	5657081
all_dm6_minus_cns_midline	5657082
all_dm6_minus_cns_midline	5657083
all_dm6_minus_cns_midline	5657084
all_dm6_minus_cns_midline	5657085
all_dm6_minus_cns_midline	5657086
all_dm6_minus_cns_midline	5657087
all_dm6_minus_cns_midline	5657091
all_dm6_minus_cns_midline	5657093
all_dm6_minus_cns_midline	5657095
all_dm6_minus_cns_midline	5657096
all_dm6_minus_cns_midline	5657097
all_dm6_minus_cns_midline	5657098
all_dm6_minus_cns_midline	5657099
all_dm6_minus_cns_midline	5657100
all_dm6_minus_cns_midline	5657101
all_dm6_minus_cns_midline	5657102
all_dm6_minus_cns_midline	5657103
all_dm6_minus_cns_midline	5657104
all_dm6_minus_cns_midline	5657105
all_dm6_minus_cns_midline	5657107
all_dm6_minus_cns_midline	5657108
all_dm6_minus_cns_midline	5657109
all_dm6_minus_cns_midline	5657110
all_dm6_minus_cns_midline	5657111
all_dm6_minus_cns_midline	5657113
all_dm6_minus_cns_midline	5657115
all_dm6_minus_cns_midline	5657116
all_dm6_minus_cns_midline	5657126
all_dm6_minus_cns_midline	5657127
all_dm6_minus_cns_midline	5657128
all_dm6_minus_cns_midline	5657129
all_dm6_minus_cns_midline	5657130
all_dm6_minus_cns_midline	5657131
all_dm6_minus_cns_midline	5657132
all_dm6_minus_cns_midline	5657133
all_dm6_minus_cns_midline	5657134
all_dm6_minus_cns_midline	5657135
all_dm6_minus_cns_midline	5657136
all_dm6_minus_cns_midline	5657137
all_dm6_minus_cns_midline	5657138
all_dm6_minus_cns_midline	5657139
all_dm6_minus_cns_midline	5657140
all_dm6_minus_cns_midline	5657141
all_dm6_minus_cns_midline	5657142
all_dm6_minus_cns_midline	5657143
all_dm6_minus_cns_midline	5657144
all_dm6_minus_cns_midline	5657145
all_dm6_minus_cns_midline	5657146
all_dm6_minus_cns_midline	5657147
all_dm6_minus_cns_midline	5657148
all_dm6_minus_cns_midline	5657149
all_dm6_minus_cns_midline	5657150
all_dm6_minus_cns_midline	5657151
all_dm6_minus_cns_midline	5657152
all_dm6_minus_cns_midline	5657153
all_dm6_minus_cns_midline	5657154
all_dm6_minus_cns_midline	5657155
all_dm6_minus_cns_midline	5657156
all_dm6_minus_cns_midline	5657157
all_dm6_minus_cns_midline	5657158
all_dm6_minus_cns_midline	5657159
all_dm6_minus_cns_midline	5657160
all_dm6_minus_cns_midline	5657161
all_dm6_minus_cns_midline	5657162
all_dm6_minus_cns_midline	5657163
all_dm6_minus_cns_midline	5657164
all_dm6_minus_cns_midline	5657165
all_dm6_minus_cns_midline	5657167
all_dm6_minus_cns_midline	5657168
all_dm6_minus_cns_midline	5657169
all_dm6_minus_cns_midline	5657170
all_dm6_minus_cns_midline	5657171
all_dm6_minus_cns_midline	5657172
all_dm6_minus_cns_midline	5657173
all_dm6_minus_cns_midline	5657174
all_dm6_minus_cns_midline	5657175
all_dm6_minus_cns_midline	5657176
all_dm6_minus_cns_midline	5657177
all_dm6_minus_cns_midline	5657178
all_dm6_minus_cns_midline	5657179
all_dm6_minus_cns_midline	5657180
all_dm6_minus_cns_midline	5657181
all_dm6_minus_cns_midline	5657182
all_dm6_minus_cns_midline	5657183
all_dm6_minus_cns_midline	5657184
all_dm6_minus_cns_midline	5657186
all_dm6_minus_cns_midline	5657187
all_dm6_minus_cns_midline	5657190
all_dm6_minus_cns_midline	5657191
all_dm6_minus_cns_midline	5657192
all_dm6_minus_cns_midline	5657194
all_dm6_minus_cns_midline	5657195
all_dm6_minus_cns_midline	5657196
all_dm6_minus_cns_midline	5657197
all_dm6_minus_cns_midline	5657198
all_dm6_minus_cns_midline	5657199
all_dm6_minus_cns_midline	5657200
all_dm6_minus_cns_midline	5657201
all_dm6_minus_cns_midline	5657202
all_dm6_minus_cns_midline	5657203
all_dm6_minus_cns_midline	5657204
all_dm6_minus_cns_midline	5657205
all_dm6_minus_cns_midline	5657206
all_dm6_minus_cns_midline	5657207
all_dm6_minus_cns_midline	5657208
all_dm6_minus_cns_midline	5657209
all_dm6_minus_cns_midline	5657210
all_dm6_minus_cns_midline	5657211
all_dm6_minus_cns_midline	5657212
all_dm6_minus_cns_midline	5657213
all_dm6_minus_cns_midline	5657214
all_dm6_minus_cns_midline	5657215
all_dm6_minus_cns_midline	5657216
all_dm6_minus_cns_midline	5657217
all_dm6_minus_cns_midline	5657218
all_dm6_minus_cns_midline	5657219
all_dm6_minus_cns_midline	5657220
all_dm6_minus_cns_midline	5657221
all_dm6_minus_cns_midline	5657222
all_dm6_minus_cns_midline	5657223
all_dm6_minus_cns_midline	5657224
all_dm6_minus_cns_midline	5657225
all_dm6_minus_cns_midline	5657227
all_dm6_minus_cns_midline	5657228
all_dm6_minus_cns_midline	5657229
all_dm6_minus_cns_midline	5657230
all_dm6_minus_cns_midline	5657231
all_dm6_minus_cns_midline	5657232
all_dm6_minus_cns_midline	5657233
all_dm6_minus_cns_midline	5657234
all_dm6_minus_cns_midline	5657235
all_dm6_minus_cns_midline	5657236
all_dm6_minus_cns_midline	5657237
all_dm6_minus_cns_midline	5657238
all_dm6_minus_cns_midline	5657239
all_dm6_minus_cns_midline	5657240
all_dm6_minus_cns_midline	5657241
all_dm6_minus_cns_midline	5657242
all_dm6_minus_cns_midline	5657243
all_dm6_minus_cns_midline	5657244
all_dm6_minus_cns_midline	5657245
all_dm6_minus_cns_midline	5657246
all_dm6_minus_cns_midline	5657247
all_dm6_minus_cns_midline	5657248
all_dm6_minus_cns_midline	5657249
all_dm6_minus_cns_midline	5657250
all_dm6_minus_cns_midline	5657251
all_dm6_minus_cns_midline	5657252
all_dm6_minus_cns_midline	5657253
all_dm6_minus_cns_midline	5657254
all_dm6_minus_cns_midline	5657255
all_dm6_minus_cns_midline	5657256
all_dm6_minus_cns_midline	5657257
all_dm6_minus_cns_midline	5657258
all_dm6_minus_cns_midline	5657260
all_dm6_minus_cns_midline	5657261
all_dm6_minus_cns_midline	5657262
all_dm6_minus_cns_midline	5657263
all_dm6_minus_cns_midline	5657264
all_dm6_minus_cns_midline	5657265
all_dm6_minus_cns_midline	5657266
all_dm6_minus_cns_midline	5657269
all_dm6_minus_cns_midline	5657270
all_dm6_minus_cns_midline	5657271
all_dm6_minus_cns_midline	5657272
all_dm6_minus_cns_midline	5657273
all_dm6_minus_cns_midline	5657274
all_dm6_minus_cns_midline	5657275
all_dm6_minus_cns_midline	5657276
all_dm6_minus_cns_midline	5657277
all_dm6_minus_cns_midline	5657278
all_dm6_minus_cns_midline	5657279
all_dm6_minus_cns_midline	5657280
all_dm6_minus_cns_midline	5657281
all_dm6_minus_cns_midline	5657282
all_dm6_minus_cns_midline	5657283
all_dm6_minus_cns_midline	5657284
all_dm6_minus_cns_midline	5657285
all_dm6_minus_cns_midline	5657286
all_dm6_minus_cns_midline	5657287
all_dm6_minus_cns_midline	5657288
all_dm6_minus_cns_midline	5657289
all_dm6_minus_cns_midline	5657290
all_dm6_minus_cns_midline	5657291
all_dm6_minus_cns_midline	5657292
all_dm6_minus_cns_midline	5657293
all_dm6_minus_cns_midline	5657294
all_dm6_minus_cns_midline	5657295
all_dm6_minus_cns_midline	5657296
all_dm6_minus_cns_midline	5657297
all_dm6_minus_cns_midline	5657298
all_dm6_minus_cns_midline	5657299
all_dm6_minus_cns_midline	5657300
all_dm6_minus_cns_midline	5657301
all_dm6_minus_cns_midline	5657302
all_dm6_minus_cns_midline	5657303
all_dm6_minus_cns_midline	5657304
all_dm6_minus_cns_midline	5657305
all_dm6_minus_cns_midline	5657306
all_dm6_minus_cns_midline	5657307
all_dm6_minus_cns_midline	5657309
all_dm6_minus_cns_midline	5657312
all_dm6_minus_cns_midline	5657313
all_dm6_minus_cns_midline	5657314
all_dm6_minus_cns_midline	5657315
all_dm6_minus_cns_midline	5657316
all_dm6_minus_cns_midline	5657317
all_dm6_minus_cns_midline	5657318
all_dm6_minus_cns_midline	5657319
all_dm6_minus_cns_midline	5657320
all_dm6_minus_cns_midline	5657321
all_dm6_minus_cns_midline	5657323
all_dm6_minus_cns_midline	5657324
all_dm6_minus_cns_midline	5657325
all_dm6_minus_cns_midline	5657326
all_dm6_minus_cns_midline	5657327
all_dm6_minus_cns_midline	5657328
all_dm6_minus_cns_midline	5657329
all_dm6_minus_cns_midline	5657330
all_dm6_minus_cns_midline	5657331
all_dm6_minus_cns_midline	5657332
all_dm6_minus_cns_midline	5657333
all_dm6_minus_cns_midline	5657334
all_dm6_minus_cns_midline	5657335
all_dm6_minus_cns_midline	5657336
all_dm6_minus_cns_midline	5657337
all_dm6_minus_cns_midline	5657338
all_dm6_minus_cns_midline	5657339
all_dm6_minus_cns_midline	5657340
all_dm6_minus_cns_midline	5657341
all_dm6_minus_cns_midline	5657342
all_dm6_minus_cns_midline	5657343
all_dm6_minus_cns_midline	5657344
all_dm6_minus_cns_midline	5657345
all_dm6_minus_cns_midline	5657346
all_dm6_minus_cns_midline	5657347
all_dm6_minus_cns_midline	5657348
all_dm6_minus_cns_midline	5657349
all_dm6_minus_cns_midline	5657350
all_dm6_minus_cns_midline	5657351
all_dm6_minus_cns_midline	5657352
all_dm6_minus_cns_midline	5657353
all_dm6_minus_cns_midline	5657354
all_dm6_minus_cns_midline	5657355
all_dm6_minus_cns_midline	5657357
all_dm6_minus_cns_midline	5657358
all_dm6_minus_cns_midline	5657359
all_dm6_minus_cns_midline	5657360
all_dm6_minus_cns_midline	5657361
all_dm6_minus_cns_midline	5657362
all_dm6_minus_cns_midline	5657363
all_dm6_minus_cns_midline	5657365
all_dm6_minus_cns_midline	5657366
all_dm6_minus_cns_midline	5657367
all_dm6_minus_cns_midline	5657368
all_dm6_minus_cns_midline	5657369
all_dm6_minus_cns_midline	5657370
all_dm6_minus_cns_midline	5657371
all_dm6_minus_cns_midline	5657372
all_dm6_minus_cns_midline	5657373
all_dm6_minus_cns_midline	5657378
all_dm6_minus_cns_midline	5657381
all_dm6_minus_cns_midline	5657382
all_dm6_minus_cns_midline	5657383
all_dm6_minus_cns_midline	5657384
all_dm6_minus_cns_midline	5657385
all_dm6_minus_cns_midline	5657386
all_dm6_minus_cns_midline	5657387
all_dm6_minus_cns_midline	5657388
all_dm6_minus_cns_midline	5657389
all_dm6_minus_cns_midline	5657390
all_dm6_minus_cns_midline	5657391
all_dm6_minus_cns_midline	5657392
all_dm6_minus_cns_midline	5657393
all_dm6_minus_cns_midline	5657394
all_dm6_minus_cns_midline	5657395
all_dm6_minus_cns_midline	5657396
all_dm6_minus_cns_midline	5657397
all_dm6_minus_cns_midline	5657398
all_dm6_minus_cns_midline	5657399
all_dm6_minus_cns_midline	5657400
all_dm6_minus_cns_midline	5657401
all_dm6_minus_cns_midline	5657402
all_dm6_minus_cns_midline	5657403
all_dm6_minus_cns_midline	5657404
all_dm6_minus_cns_midline	5657405
all_dm6_minus_cns_midline	5657406
all_dm6_minus_cns_midline	5657407
all_dm6_minus_cns_midline	5657408
all_dm6_minus_cns_midline	5657409
all_dm6_minus_cns_midline	5657410
all_dm6_minus_cns_midline	5657411
all_dm6_minus_cns_midline	5657412
all_dm6_minus_cns_midline	5657413
all_dm6_minus_cns_midline	5657414
all_dm6_minus_cns_midline	5657415
all_dm6_minus_cns_midline	5657416
all_dm6_minus_cns_midline	5657419
all_dm6_minus_cns_midline	5657420
all_dm6_minus_cns_midline	5657421
all_dm6_minus_cns_midline	5657422
all_dm6_minus_cns_midline	5657423
all_dm6_minus_cns_midline	5657424
all_dm6_minus_cns_midline	5657425
all_dm6_minus_cns_midline	5657426
all_dm6_minus_cns_midline	5657427
all_dm6_minus_cns_midline	5657428
all_dm6_minus_cns_midline	5657429
all_dm6_minus_cns_midline	5657430
all_dm6_minus_cns_midline	5657431
all_dm6_minus_cns_midline	5657432
all_dm6_minus_cns_midline	5657433
all_dm6_minus_cns_midline	5657434
all_dm6_minus_cns_midline	5657435
all_dm6_minus_cns_midline	5657436
all_dm6_minus_cns_midline	5657437
all_dm6_minus_cns_midline	5657438
all_dm6_minus_cns_midline	5657439
all_dm6_minus_cns_midline	5657440
all_dm6_minus_cns_midline	5657441
all_dm6_minus_cns_midline	5657442
all_dm6_minus_cns_midline	5657443
all_dm6_minus_cns_midline	5657444
all_dm6_minus_cns_midline	5657445
all_dm6_minus_cns_midline	5657446
all_dm6_minus_cns_midline	5657447
all_dm6_minus_cns_midline	5657448
all_dm6_minus_cns_midline	5657449
all_dm6_minus_cns_midline	5657450
all_dm6_minus_cns_midline	5657451
all_dm6_minus_cns_midline	5657454
all_dm6_minus_cns_midline	5657455
all_dm6_minus_cns_midline	5657457
all_dm6_minus_cns_midline	5657458
all_dm6_minus_cns_midline	5657459
all_dm6_minus_cns_midline	5657460
all_dm6_minus_cns_midline	5657461
all_dm6_minus_cns_midline	5657462
all_dm6_minus_cns_midline	5657463
all_dm6_minus_cns_midline	5657464
all_dm6_minus_cns_midline	5657465
all_dm6_minus_cns_midline	5657466
all_dm6_minus_cns_midline	5657467
all_dm6_minus_cns_midline	5657468
all_dm6_minus_cns_midline	5657469
all_dm6_minus_cns_midline	5657470
all_dm6_minus_cns_midline	5657471
all_dm6_minus_cns_midline	5657472
all_dm6_minus_cns_midline	5657473
all_dm6_minus_cns_midline	5657474
all_dm6_minus_cns_midline	5657475
all_dm6_minus_cns_midline	5657476
all_dm6_minus_cns_midline	5657477
all_dm6_minus_cns_midline	5657478
all_dm6_minus_cns_midline	5657479
all_dm6_minus_cns_midline	5657480
all_dm6_minus_cns_midline	5657481
all_dm6_minus_cns_midline	5657482
all_dm6_minus_cns_midline	5657483
all_dm6_minus_cns_midline	5657484
all_dm6_minus_cns_midline	5657485
all_dm6_minus_cns_midline	5657487
all_dm6_minus_cns_midline	5657488
all_dm6_minus_cns_midline	5657489
all_dm6_minus_cns_midline	5657490
all_dm6_minus_cns_midline	5657491
all_dm6_minus_cns_midline	5657492
all_dm6_minus_cns_midline	5657494
all_dm6_minus_cns_midline	5657495
all_dm6_minus_cns_midline	5657496
all_dm6_minus_cns_midline	5657497
all_dm6_minus_cns_midline	5657498
all_dm6_minus_cns_midline	5657499
all_dm6_minus_cns_midline	5657500
all_dm6_minus_cns_midline	5657501
all_dm6_minus_cns_midline	5657502
all_dm6_minus_cns_midline	5657503
all_dm6_minus_cns_midline	5657504
all_dm6_minus_cns_midline	5657505
all_dm6_minus_cns_midline	5657506
all_dm6_minus_cns_midline	5657507
all_dm6_minus_cns_midline	5657508
all_dm6_minus_cns_midline	5657509
all_dm6_minus_cns_midline	5657510
all_dm6_minus_cns_midline	5657511
all_dm6_minus_cns_midline	5657513
all_dm6_minus_cns_midline	5657517
all_dm6_minus_cns_midline	5657519
all_dm6_minus_cns_midline	5657520
all_dm6_minus_cns_midline	5657521
all_dm6_minus_cns_midline	5657522
all_dm6_minus_cns_midline	5657523
all_dm6_minus_cns_midline	5657525
all_dm6_minus_cns_midline	5657526
all_dm6_minus_cns_midline	5657527
all_dm6_minus_cns_midline	5657528
all_dm6_minus_cns_midline	5657529
all_dm6_minus_cns_midline	5657530
all_dm6_minus_cns_midline	5657531
all_dm6_minus_cns_midline	5657532
all_dm6_minus_cns_midline	5657533
all_dm6_minus_cns_midline	5657534
all_dm6_minus_cns_midline	5657535
all_dm6_minus_cns_midline	5657536
all_dm6_minus_cns_midline	5657537
all_dm6_minus_cns_midline	5657538
all_dm6_minus_cns_midline	5657539
all_dm6_minus_cns_midline	5657540
all_dm6_minus_cns_midline	5657541
all_dm6_minus_cns_midline	5657542
all_dm6_minus_cns_midline	5657543
all_dm6_minus_cns_midline	5657544
all_dm6_minus_cns_midline	5657545
all_dm6_minus_cns_midline	5657546
all_dm6_minus_cns_midline	5657547
all_dm6_minus_cns_midline	5657548
all_dm6_minus_cns_midline	5657549
all_dm6_minus_cns_midline	5657550
all_dm6_minus_cns_midline	5657551
all_dm6_minus_cns_midline	5657552
all_dm6_minus_cns_midline	5657553
all_dm6_minus_cns_midline	5657554
all_dm6_minus_cns_midline	5657555
all_dm6_minus_cns_midline	5657556
all_dm6_minus_cns_midline	5657557
all_dm6_minus_cns_midline	5657558
all_dm6_minus_cns_midline	5657559
all_dm6_minus_cns_midline	5657560
all_dm6_minus_cns_midline	5657561
all_dm6_minus_cns_midline	5657562
all_dm6_minus_cns_midline	5657563
all_dm6_minus_cns_midline	5657564
all_dm6_minus_cns_midline	5657565
all_dm6_minus_cns_midline	5657566
all_dm6_minus_cns_midline	5657567
all_dm6_minus_cns_midline	5657568
all_dm6_minus_cns_midline	5657569
all_dm6_minus_cns_midline	5657570
all_dm6_minus_cns_midline	5657571
all_dm6_minus_cns_midline	5657572
all_dm6_minus_cns_midline	5657573
all_dm6_minus_cns_midline	5657574
all_dm6_minus_cns_midline	5657575
all_dm6_minus_cns_midline	5657576
all_dm6_minus_cns_midline	5657577
all_dm6_minus_cns_midline	5657578
all_dm6_minus_cns_midline	5657581
all_dm6_minus_cns_midline	5657582
all_dm6_minus_cns_midline	5657584
all_dm6_minus_cns_midline	5657585
all_dm6_minus_cns_midline	5657586
all_dm6_minus_cns_midline	5657587
all_dm6_minus_cns_midline	5657588
all_dm6_minus_cns_midline	5657589
all_dm6_minus_cns_midline	5657590
all_dm6_minus_cns_midline	5657591
all_dm6_minus_cns_midline	5657592
all_dm6_minus_cns_midline	5657593
all_dm6_minus_cns_midline	5657594
all_dm6_minus_cns_midline	5657595
all_dm6_minus_cns_midline	5657596
all_dm6_minus_cns_midline	5657597
all_dm6_minus_cns_midline	5657598
all_dm6_minus_cns_midline	5657599
all_dm6_minus_cns_midline	5657600
all_dm6_minus_cns_midline	5657601
all_dm6_minus_cns_midline	5657602
all_dm6_minus_cns_midline	5657603
all_dm6_minus_cns_midline	5657604
all_dm6_minus_cns_midline	5657605
all_dm6_minus_cns_midline	5657606
all_dm6_minus_cns_midline	5657607
all_dm6_minus_cns_midline	5657608
all_dm6_minus_cns_midline	5657609
all_dm6_minus_cns_midline	5657610
all_dm6_minus_cns_midline	5657611
all_dm6_minus_cns_midline	5657612
all_dm6_minus_cns_midline	5657613
all_dm6_minus_cns_midline	5657614
all_dm6_minus_cns_midline	5657615
all_dm6_minus_cns_midline	5657616
all_dm6_minus_cns_midline	5657617
all_dm6_minus_cns_midline	5657618
all_dm6_minus_cns_midline	5657619
all_dm6_minus_cns_midline	5657620
all_dm6_minus_cns_midline	5657621
all_dm6_minus_cns_midline	5657622
all_dm6_minus_cns_midline	5657623
all_dm6_minus_cns_midline	5657624
all_dm6_minus_cns_midline	5657625
all_dm6_minus_cns_midline	5657626
all_dm6_minus_cns_midline	5657627
all_dm6_minus_cns_midline	5657628
all_dm6_minus_cns_midline	5657629
all_dm6_minus_cns_midline	5657630
all_dm6_minus_cns_midline	5657631
all_dm6_minus_cns_midline	5657632
all_dm6_minus_cns_midline	5657633
all_dm6_minus_cns_midline	5657636
all_dm6_minus_cns_midline	5657637
all_dm6_minus_cns_midline	5657638
all_dm6_minus_cns_midline	5657639
all_dm6_minus_cns_midline	5657640
all_dm6_minus_cns_midline	5657641
all_dm6_minus_cns_midline	5657642
all_dm6_minus_cns_midline	5657643
all_dm6_minus_cns_midline	5657644
all_dm6_minus_cns_midline	5657645
all_dm6_minus_cns_midline	5657646
all_dm6_minus_cns_midline	5657647
all_dm6_minus_cns_midline	5657648
all_dm6_minus_cns_midline	5657649
all_dm6_minus_cns_midline	5657650
all_dm6_minus_cns_midline	5657651
all_dm6_minus_cns_midline	5657652
all_dm6_minus_cns_midline	5657653
all_dm6_minus_cns_midline	5657654
all_dm6_minus_cns_midline	5657655
all_dm6_minus_cns_midline	5657656
all_dm6_minus_cns_midline	5657657
all_dm6_minus_cns_midline	5657658
all_dm6_minus_cns_midline	5657659
all_dm6_minus_cns_midline	5657660
all_dm6_minus_cns_midline	5657661
all_dm6_minus_cns_midline	5657662
all_dm6_minus_cns_midline	5657663
all_dm6_minus_cns_midline	5657664
all_dm6_minus_cns_midline	5657665
all_dm6_minus_cns_midline	5657666
all_dm6_minus_cns_midline	5657667
all_dm6_minus_cns_midline	5657668
all_dm6_minus_cns_midline	5657669
all_dm6_minus_cns_midline	5657670
all_dm6_minus_cns_midline	5657671
all_dm6_minus_cns_midline	5657672
all_dm6_minus_cns_midline	5657673
all_dm6_minus_cns_midline	5657674
all_dm6_minus_cns_midline	5657675
all_dm6_minus_cns_midline	5657676
all_dm6_minus_cns_midline	5657678
all_dm6_minus_cns_midline	5657679
all_dm6_minus_cns_midline	5657680
all_dm6_minus_cns_midline	5657682
all_dm6_minus_cns_midline	5657683
all_dm6_minus_cns_midline	5657684
all_dm6_minus_cns_midline	5657685
all_dm6_minus_cns_midline	5657686
all_dm6_minus_cns_midline	5657687
all_dm6_minus_cns_midline	5657688
all_dm6_minus_cns_midline	5657689
all_dm6_minus_cns_midline	5657690
all_dm6_minus_cns_midline	5657691
all_dm6_minus_cns_midline	5657692
all_dm6_minus_cns_midline	5657693
all_dm6_minus_cns_midline	5657694
all_dm6_minus_cns_midline	5657695
all_dm6_minus_cns_midline	5657696
all_dm6_minus_cns_midline	5657697
all_dm6_minus_cns_midline	5657698
all_dm6_minus_cns_midline	5657699
all_dm6_minus_cns_midline	5657700
all_dm6_minus_cns_midline	5657701
all_dm6_minus_cns_midline	5657702
all_dm6_minus_cns_midline	5657703
all_dm6_minus_cns_midline	5657704
all_dm6_minus_cns_midline	5657705
all_dm6_minus_cns_midline	5657706
all_dm6_minus_cns_midline	5657707
all_dm6_minus_cns_midline	5657708
all_dm6_minus_cns_midline	5657712
all_dm6_minus_cns_midline	5657713
all_dm6_minus_cns_midline	5657714
all_dm6_minus_cns_midline	5657715
all_dm6_minus_cns_midline	5657716
all_dm6_minus_cns_midline	5657717
all_dm6_minus_cns_midline	5657718
all_dm6_minus_cns_midline	5657719
all_dm6_minus_cns_midline	5657720
all_dm6_minus_cns_midline	5657721
all_dm6_minus_cns_midline	5657723
all_dm6_minus_cns_midline	5657724
all_dm6_minus_cns_midline	5657725
all_dm6_minus_cns_midline	5657727
all_dm6_minus_cns_midline	5657729
all_dm6_minus_cns_midline	5657730
all_dm6_minus_cns_midline	5657731
all_dm6_minus_cns_midline	5657732
all_dm6_minus_cns_midline	5657733
all_dm6_minus_cns_midline	5657734
all_dm6_minus_cns_midline	5657735
all_dm6_minus_cns_midline	5657736
all_dm6_minus_cns_midline	5657737
all_dm6_minus_cns_midline	5657738
all_dm6_minus_cns_midline	5657739
all_dm6_minus_cns_midline	5657740
all_dm6_minus_cns_midline	5657741
all_dm6_minus_cns_midline	5657742
all_dm6_minus_cns_midline	5657746
all_dm6_minus_cns_midline	5657747
all_dm6_minus_cns_midline	5657748
all_dm6_minus_cns_midline	5657749
all_dm6_minus_cns_midline	5657750
all_dm6_minus_cns_midline	5657751
all_dm6_minus_cns_midline	5657752
all_dm6_minus_cns_midline	5657753
all_dm6_minus_cns_midline	5657754
all_dm6_minus_cns_midline	5657755
all_dm6_minus_cns_midline	5657756
all_dm6_minus_cns_midline	5657757
all_dm6_minus_cns_midline	5657758
all_dm6_minus_cns_midline	5657759
all_dm6_minus_cns_midline	5657760
all_dm6_minus_cns_midline	5657761
all_dm6_minus_cns_midline	5657764
all_dm6_minus_cns_midline	5657765
all_dm6_minus_cns_midline	5657766
all_dm6_minus_cns_midline	5657767
all_dm6_minus_cns_midline	5657768
all_dm6_minus_cns_midline	5657769
all_dm6_minus_cns_midline	5657770
all_dm6_minus_cns_midline	5657771
all_dm6_minus_cns_midline	5657772
all_dm6_minus_cns_midline	5657773
all_dm6_minus_cns_midline	5657774
all_dm6_minus_cns_midline	5657775
all_dm6_minus_cns_midline	5657776
all_dm6_minus_cns_midline	5657777
all_dm6_minus_cns_midline	5657778
all_dm6_minus_cns_midline	5657779
all_dm6_minus_cns_midline	5657780
all_dm6_minus_cns_midline	5657781
all_dm6_minus_cns_midline	5657782
all_dm6_minus_cns_midline	5657783
all_dm6_minus_cns_midline	5657784
all_dm6_minus_cns_midline	5657785
all_dm6_minus_cns_midline	5657786
all_dm6_minus_cns_midline	5657787
all_dm6_minus_cns_midline	5657788
all_dm6_minus_cns_midline	5657789
all_dm6_minus_cns_midline	5657790
all_dm6_minus_cns_midline	5657791
all_dm6_minus_cns_midline	5657792
all_dm6_minus_cns_midline	5657793
all_dm6_minus_cns_midline	5657794
all_dm6_minus_cns_midline	5657795
all_dm6_minus_cns_midline	5657796
all_dm6_minus_cns_midline	5657797
all_dm6_minus_cns_midline	5657798
all_dm6_minus_cns_midline	5657799
all_dm6_minus_cns_midline	5657800
all_dm6_minus_cns_midline	5657802
all_dm6_minus_cns_midline	5657803
all_dm6_minus_cns_midline	5657804
all_dm6_minus_cns_midline	5657805
all_dm6_minus_cns_midline	5657806
all_dm6_minus_cns_midline	5657807
all_dm6_minus_cns_midline	5657809
all_dm6_minus_cns_midline	5657810
all_dm6_minus_cns_midline	5657811
all_dm6_minus_cns_midline	5657813
all_dm6_minus_cns_midline	5657814
all_dm6_minus_cns_midline	5657815
all_dm6_minus_cns_midline	5657816
all_dm6_minus_cns_midline	5657817
all_dm6_minus_cns_midline	5657818
all_dm6_minus_cns_midline	5657819
all_dm6_minus_cns_midline	5657820
all_dm6_minus_cns_midline	5657821
all_dm6_minus_cns_midline	5657822
all_dm6_minus_cns_midline	5657823
all_dm6_minus_cns_midline	5657825
all_dm6_minus_cns_midline	5657826
all_dm6_minus_cns_midline	5657827
all_dm6_minus_cns_midline	5657828
all_dm6_minus_cns_midline	5657829
all_dm6_minus_cns_midline	5657831
all_dm6_minus_cns_midline	5657832
all_dm6_minus_cns_midline	5657834
all_dm6_minus_cns_midline	5657835
all_dm6_minus_cns_midline	5657836
all_dm6_minus_cns_midline	5657837
all_dm6_minus_cns_midline	5657838
all_dm6_minus_cns_midline	5657839
all_dm6_minus_cns_midline	5657840
all_dm6_minus_cns_midline	5657841
all_dm6_minus_cns_midline	5657842
all_dm6_minus_cns_midline	5657843
all_dm6_minus_cns_midline	5657844
all_dm6_minus_cns_midline	5657845
all_dm6_minus_cns_midline	5657846
all_dm6_minus_cns_midline	5657847
all_dm6_minus_cns_midline	5657848
all_dm6_minus_cns_midline	5657849
all_dm6_minus_cns_midline	5657850
all_dm6_minus_cns_midline	5657851
all_dm6_minus_cns_midline	5657852
all_dm6_minus_cns_midline	5657853
all_dm6_minus_cns_midline	5657854
all_dm6_minus_cns_midline	5657855
all_dm6_minus_cns_midline	5657856
all_dm6_minus_cns_midline	5657857
all_dm6_minus_cns_midline	5657858
all_dm6_minus_cns_midline	5657859
all_dm6_minus_cns_midline	5657860
all_dm6_minus_cns_midline	5657861
all_dm6_minus_cns_midline	5657862
all_dm6_minus_cns_midline	5657863
all_dm6_minus_cns_midline	5657864
all_dm6_minus_cns_midline	5657865
all_dm6_minus_cns_midline	5657866
all_dm6_minus_cns_midline	5657867
all_dm6_minus_cns_midline	5657868
all_dm6_minus_cns_midline	5657869
all_dm6_minus_cns_midline	5657870
all_dm6_minus_cns_midline	5657871
all_dm6_minus_cns_midline	5657872
all_dm6_minus_cns_midline	5657874
all_dm6_minus_cns_midline	5657875
all_dm6_minus_cns_midline	5657876
all_dm6_minus_cns_midline	5657877
all_dm6_minus_cns_midline	5657878
all_dm6_minus_cns_midline	5657879
all_dm6_minus_cns_midline	5657880
all_dm6_minus_cns_midline	5657881
all_dm6_minus_cns_midline	5657882
all_dm6_minus_cns_midline	5657883
all_dm6_minus_cns_midline	5657884
all_dm6_minus_cns_midline	5657885
all_dm6_minus_cns_midline	5657886
all_dm6_minus_cns_midline	5657887
all_dm6_minus_cns_midline	5657888
all_dm6_minus_cns_midline	5657889
all_dm6_minus_cns_midline	5657890
all_dm6_minus_cns_midline	5657891
all_dm6_minus_cns_midline	5657892
all_dm6_minus_cns_midline	5657893
all_dm6_minus_cns_midline	5657894
all_dm6_minus_cns_midline	5657895
all_dm6_minus_cns_midline	5657896
all_dm6_minus_cns_midline	5657897
all_dm6_minus_cns_midline	5657898
all_dm6_minus_cns_midline	5657899
all_dm6_minus_cns_midline	5657900
all_dm6_minus_cns_midline	5657901
all_dm6_minus_cns_midline	5657902
all_dm6_minus_cns_midline	5657903
all_dm6_minus_cns_midline	5657904
all_dm6_minus_cns_midline	5657905
all_dm6_minus_cns_midline	5657906
all_dm6_minus_cns_midline	5657907
all_dm6_minus_cns_midline	5657908
all_dm6_minus_cns_midline	5657909
all_dm6_minus_cns_midline	5657910
all_dm6_minus_cns_midline	5657911
all_dm6_minus_cns_midline	5657912
all_dm6_minus_cns_midline	5657913
all_dm6_minus_cns_midline	5657914
all_dm6_minus_cns_midline	5657915
all_dm6_minus_cns_midline	5657916
all_dm6_minus_cns_midline	5657917
all_dm6_minus_cns_midline	5657918
all_dm6_minus_cns_midline	5657919
all_dm6_minus_cns_midline	5657920
all_dm6_minus_cns_midline	5657921
all_dm6_minus_cns_midline	5657922
all_dm6_minus_cns_midline	5657923
all_dm6_minus_cns_midline	5657924
all_dm6_minus_cns_midline	5657925
all_dm6_minus_cns_midline	5657926
all_dm6_minus_cns_midline	5657927
all_dm6_minus_cns_midline	5657928
all_dm6_minus_cns_midline	5657929
all_dm6_minus_cns_midline	5657930
all_dm6_minus_cns_midline	5657931
all_dm6_minus_cns_midline	5657932
all_dm6_minus_cns_midline	5657933
all_dm6_minus_cns_midline	5657934
all_dm6_minus_cns_midline	5657935
all_dm6_minus_cns_midline	5657937
all_dm6_minus_cns_midline	5657938
all_dm6_minus_cns_midline	5657939
all_dm6_minus_cns_midline	5657940
all_dm6_minus_cns_midline	5657941
all_dm6_minus_cns_midline	5657942
all_dm6_minus_cns_midline	5657943
all_dm6_minus_cns_midline	5657945
all_dm6_minus_cns_midline	5657946
all_dm6_minus_cns_midline	5657948
all_dm6_minus_cns_midline	5657950
all_dm6_minus_cns_midline	5657951
all_dm6_minus_cns_midline	5657952
all_dm6_minus_cns_midline	5657953
all_dm6_minus_cns_midline	5657954
all_dm6_minus_cns_midline	5657955
all_dm6_minus_cns_midline	5657956
all_dm6_minus_cns_midline	5657957
all_dm6_minus_cns_midline	5657960
all_dm6_minus_cns_midline	5657964
all_dm6_minus_cns_midline	5657965
all_dm6_minus_cns_midline	5657966
all_dm6_minus_cns_midline	5657968
all_dm6_minus_cns_midline	5657969
all_dm6_minus_cns_midline	5657970
all_dm6_minus_cns_midline	5657971
all_dm6_minus_cns_midline	5657972
all_dm6_minus_cns_midline	5657973
all_dm6_minus_cns_midline	5657974
all_dm6_minus_cns_midline	5657975
all_dm6_minus_cns_midline	5657976
all_dm6_minus_cns_midline	5657977
all_dm6_minus_cns_midline	5657978
all_dm6_minus_cns_midline	5657979
all_dm6_minus_cns_midline	5657980
all_dm6_minus_cns_midline	5657981
all_dm6_minus_cns_midline	5657982
all_dm6_minus_cns_midline	5657983
all_dm6_minus_cns_midline	5657984
all_dm6_minus_cns_midline	5657985
all_dm6_minus_cns_midline	5657986
all_dm6_minus_cns_midline	5657987
all_dm6_minus_cns_midline	5657988
all_dm6_minus_cns_midline	5657989
all_dm6_minus_cns_midline	5657990
all_dm6_minus_cns_midline	5657991
all_dm6_minus_cns_midline	5657992
all_dm6_minus_cns_midline	5657993
all_dm6_minus_cns_midline	5657994
all_dm6_minus_cns_midline	5657995
all_dm6_minus_cns_midline	5657996
all_dm6_minus_cns_midline	5657997
all_dm6_minus_cns_midline	5658001
all_dm6_minus_cns_midline	5658002
all_dm6_minus_cns_midline	5658003
all_dm6_minus_cns_midline	5658004
all_dm6_minus_cns_midline	5658005
all_dm6_minus_cns_midline	5658006
all_dm6_minus_cns_midline	5658007
all_dm6_minus_cns_midline	5658008
all_dm6_minus_cns_midline	5658010
all_dm6_minus_cns_midline	5658011
all_dm6_minus_cns_midline	5658013
all_dm6_minus_cns_midline	5658014
all_dm6_minus_cns_midline	5658015
all_dm6_minus_cns_midline	5658021
all_dm6_minus_cns_midline	5658022
all_dm6_minus_cns_midline	5658023
all_dm6_minus_cns_midline	5658024
all_dm6_minus_cns_midline	5658025
all_dm6_minus_cns_midline	5658026
all_dm6_minus_cns_midline	5658027
all_dm6_minus_cns_midline	5658028
all_dm6_minus_cns_midline	5658029
all_dm6_minus_cns_midline	5658030
all_dm6_minus_cns_midline	5658031
all_dm6_minus_cns_midline	5658032
all_dm6_minus_cns_midline	5658033
all_dm6_minus_cns_midline	5658034
all_dm6_minus_cns_midline	5658038
all_dm6_minus_cns_midline	5658039
all_dm6_minus_cns_midline	5658040
all_dm6_minus_cns_midline	5658041
all_dm6_minus_cns_midline	5658043
all_dm6_minus_cns_midline	5658044
all_dm6_minus_cns_midline	5658048
all_dm6_minus_cns_midline	5658049
all_dm6_minus_cns_midline	5658050
all_dm6_minus_cns_midline	5658051
all_dm6_minus_cns_midline	5658052
all_dm6_minus_cns_midline	5658053
all_dm6_minus_cns_midline	5658054
all_dm6_minus_cns_midline	5658055
all_dm6_minus_cns_midline	5658056
all_dm6_minus_cns_midline	5658057
all_dm6_minus_cns_midline	5658058
all_dm6_minus_cns_midline	5658059
all_dm6_minus_cns_midline	5658060
all_dm6_minus_cns_midline	5658061
all_dm6_minus_cns_midline	5658062
all_dm6_minus_cns_midline	5658063
all_dm6_minus_cns_midline	5658064
all_dm6_minus_cns_midline	5658065
all_dm6_minus_cns_midline	5658066
all_dm6_minus_cns_midline	5658067
all_dm6_minus_cns_midline	5658068
all_dm6_minus_cns_midline	5658069
all_dm6_minus_cns_midline	5658070
all_dm6_minus_cns_midline	5658071
all_dm6_minus_cns_midline	5658072
all_dm6_minus_cns_midline	5658073
all_dm6_minus_cns_midline	5658074
all_dm6_minus_cns_midline	5658075
all_dm6_minus_cns_midline	5658076
all_dm6_minus_cns_midline	5658077
all_dm6_minus_cns_midline	5658078
all_dm6_minus_cns_midline	5658079
all_dm6_minus_cns_midline	5658080
all_dm6_minus_cns_midline	5658081
all_dm6_minus_cns_midline	5658082
all_dm6_minus_cns_midline	5658083
all_dm6_minus_cns_midline	5658084
all_dm6_minus_cns_midline	5658085
all_dm6_minus_cns_midline	5658086
all_dm6_minus_cns_midline	5658087
all_dm6_minus_cns_midline	5658088
all_dm6_minus_cns_midline	5658089
all_dm6_minus_cns_midline	5658090
all_dm6_minus_cns_midline	5658092
all_dm6_minus_cns_midline	5658100
all_dm6_minus_cns_midline	5658102
all_dm6_minus_cns_midline	5658103
all_dm6_minus_cns_midline	5658104
all_dm6_minus_cns_midline	5658105
all_dm6_minus_cns_midline	5658106
all_dm6_minus_cns_midline	5658107
all_dm6_minus_cns_midline	5658108
all_dm6_minus_cns_midline	5658109
all_dm6_minus_cns_midline	5658110
all_dm6_minus_cns_midline	5658111
all_dm6_minus_cns_midline	5658112
all_dm6_minus_cns_midline	5658113
all_dm6_minus_cns_midline	5658114
all_dm6_minus_cns_midline	5658115
all_dm6_minus_cns_midline	5658116
all_dm6_minus_cns_midline	5658117
all_dm6_minus_cns_midline	5658118
all_dm6_minus_cns_midline	5658119
all_dm6_minus_cns_midline	5658120
all_dm6_minus_cns_midline	5658121
all_dm6_minus_cns_midline	5658122
all_dm6_minus_cns_midline	5658124
all_dm6_minus_cns_midline	5658125
all_dm6_minus_cns_midline	5658126
all_dm6_minus_cns_midline	5658127
all_dm6_minus_cns_midline	5658128
all_dm6_minus_cns_midline	5658129
all_dm6_minus_cns_midline	5658130
all_dm6_minus_cns_midline	5658131
all_dm6_minus_cns_midline	5658132
all_dm6_minus_cns_midline	5658133
all_dm6_minus_cns_midline	5658134
all_dm6_minus_cns_midline	5658135
all_dm6_minus_cns_midline	5658136
all_dm6_minus_cns_midline	5658137
all_dm6_minus_cns_midline	5658138
all_dm6_minus_cns_midline	5658139
all_dm6_minus_cns_midline	5658140
all_dm6_minus_cns_midline	5658141
all_dm6_minus_cns_midline	5658142
all_dm6_minus_cns_midline	5658143
all_dm6_minus_cns_midline	5658144
all_dm6_minus_cns_midline	5658145
all_dm6_minus_cns_midline	5658146
all_dm6_minus_cns_midline	5658147
all_dm6_minus_cns_midline	5658148
all_dm6_minus_cns_midline	5658149
all_dm6_minus_cns_midline	5658150
all_dm6_minus_cns_midline	5658151
all_dm6_minus_cns_midline	5658152
all_dm6_minus_cns_midline	5658153
all_dm6_minus_cns_midline	5658154
all_dm6_minus_cns_midline	5658155
all_dm6_minus_cns_midline	5658156
all_dm6_minus_cns_midline	5658157
all_dm6_minus_cns_midline	5658158
all_dm6_minus_cns_midline	5658159
all_dm6_minus_cns_midline	5658160
all_dm6_minus_cns_midline	5658161
all_dm6_minus_cns_midline	5658162
all_dm6_minus_cns_midline	5658163
all_dm6_minus_cns_midline	5658164
all_dm6_minus_cns_midline	5658165
all_dm6_minus_cns_midline	5658166
all_dm6_minus_cns_midline	5658167
all_dm6_minus_cns_midline	5658168
all_dm6_minus_cns_midline	5658169
all_dm6_minus_cns_midline	5658170
all_dm6_minus_cns_midline	5658171
all_dm6_minus_cns_midline	5658172
all_dm6_minus_cns_midline	5658173
all_dm6_minus_cns_midline	5658174
all_dm6_minus_cns_midline	5658175
all_dm6_minus_cns_midline	5658176
all_dm6_minus_cns_midline	5658177
all_dm6_minus_cns_midline	5658178
all_dm6_minus_cns_midline	5658179
all_dm6_minus_cns_midline	5658180
all_dm6_minus_cns_midline	5658181
all_dm6_minus_cns_midline	5658182
all_dm6_minus_cns_midline	5658183
all_dm6_minus_cns_midline	5658184
all_dm6_minus_cns_midline	5658185
all_dm6_minus_cns_midline	5658186
all_dm6_minus_cns_midline	5658187
all_dm6_minus_cns_midline	5658188
all_dm6_minus_cns_midline	5658189
all_dm6_minus_cns_midline	5658190
all_dm6_minus_cns_midline	5658191
all_dm6_minus_cns_midline	5658192
all_dm6_minus_cns_midline	5658193
all_dm6_minus_cns_midline	5658194
all_dm6_minus_cns_midline	5658195
all_dm6_minus_cns_midline	5658196
all_dm6_minus_cns_midline	5658198
all_dm6_minus_cns_midline	5658199
all_dm6_minus_cns_midline	5658200
all_dm6_minus_cns_midline	5658201
all_dm6_minus_cns_midline	5658202
all_dm6_minus_cns_midline	5658203
all_dm6_minus_cns_midline	5658206
all_dm6_minus_cns_midline	5658207
all_dm6_minus_cns_midline	5658208
all_dm6_minus_cns_midline	5658209
all_dm6_minus_cns_midline	5658210
all_dm6_minus_cns_midline	5658211
all_dm6_minus_cns_midline	5658212
all_dm6_minus_cns_midline	5658213
all_dm6_minus_cns_midline	5658214
all_dm6_minus_cns_midline	5658215
all_dm6_minus_cns_midline	5658216
all_dm6_minus_cns_midline	5658217
all_dm6_minus_cns_midline	5658219
all_dm6_minus_cns_midline	5658220
all_dm6_minus_cns_midline	5658221
all_dm6_minus_cns_midline	5658222
all_dm6_minus_cns_midline	5658223
all_dm6_minus_cns_midline	5658224
all_dm6_minus_cns_midline	5658225
all_dm6_minus_cns_midline	5658226
all_dm6_minus_cns_midline	5658228
all_dm6_minus_cns_midline	5658229
all_dm6_minus_cns_midline	5658230
all_dm6_minus_cns_midline	5658232
all_dm6_minus_cns_midline	5658233
all_dm6_minus_cns_midline	5658234
all_dm6_minus_cns_midline	5658235
all_dm6_minus_cns_midline	5658236
all_dm6_minus_cns_midline	5658237
all_dm6_minus_cns_midline	5658238
all_dm6_minus_cns_midline	5658239
all_dm6_minus_cns_midline	5658240
all_dm6_minus_cns_midline	5658241
all_dm6_minus_cns_midline	5658251
all_dm6_minus_cns_midline	5658252
all_dm6_minus_cns_midline	5658253
all_dm6_minus_cns_midline	5658254
all_dm6_minus_cns_midline	5658255
all_dm6_minus_cns_midline	5658256
all_dm6_minus_cns_midline	5658257
all_dm6_minus_cns_midline	5658258
all_dm6_minus_cns_midline	5658259
all_dm6_minus_cns_midline	5658261
all_dm6_minus_cns_midline	5658262
all_dm6_minus_cns_midline	5658263
all_dm6_minus_cns_midline	5658264
all_dm6_minus_cns_midline	5658265
all_dm6_minus_cns_midline	5658266
all_dm6_minus_cns_midline	5658267
all_dm6_minus_cns_midline	5658269
all_dm6_minus_cns_midline	5658270
all_dm6_minus_cns_midline	5658271
all_dm6_minus_cns_midline	5658272
all_dm6_minus_cns_midline	5658273
all_dm6_minus_cns_midline	5658274
all_dm6_minus_cns_midline	5658275
all_dm6_minus_cns_midline	5658276
all_dm6_minus_cns_midline	5658277
all_dm6_minus_cns_midline	5658279
all_dm6_minus_cns_midline	5658280
all_dm6_minus_cns_midline	5658281
all_dm6_minus_cns_midline	5658283
all_dm6_minus_cns_midline	5658284
all_dm6_minus_cns_midline	5658285
all_dm6_minus_cns_midline	5658286
all_dm6_minus_cns_midline	5658287
all_dm6_minus_cns_midline	5658288
all_dm6_minus_cns_midline	5658289
all_dm6_minus_cns_midline	5658290
all_dm6_minus_cns_midline	5658291
all_dm6_minus_cns_midline	5658292
all_dm6_minus_cns_midline	5658293
all_dm6_minus_cns_midline	5658294
all_dm6_minus_cns_midline	5658295
all_dm6_minus_cns_midline	5658296
all_dm6_minus_cns_midline	5658297
all_dm6_minus_cns_midline	5658298
all_dm6_minus_cns_midline	5658299
all_dm6_minus_cns_midline	5658300
all_dm6_minus_cns_midline	5658301
all_dm6_minus_cns_midline	5658302
all_dm6_minus_cns_midline	5658303
all_dm6_minus_cns_midline	5658304
all_dm6_minus_cns_midline	5658305
all_dm6_minus_cns_midline	5658306
all_dm6_minus_cns_midline	5658307
all_dm6_minus_cns_midline	5658308
all_dm6_minus_cns_midline	5658309
all_dm6_minus_cns_midline	5658310
all_dm6_minus_cns_midline	5658311
all_dm6_minus_cns_midline	5658312
all_dm6_minus_cns_midline	5658313
all_dm6_minus_cns_midline	5658314
all_dm6_minus_cns_midline	5658315
all_dm6_minus_cns_midline	5658316
all_dm6_minus_cns_midline	5658317
all_dm6_minus_cns_midline	5658318
all_dm6_minus_cns_midline	5658319
all_dm6_minus_cns_midline	5658320
all_dm6_minus_cns_midline	5658321
all_dm6_minus_cns_midline	5658323
all_dm6_minus_cns_midline	5658326
all_dm6_minus_cns_midline	5658327
all_dm6_minus_cns_midline	5658329
all_dm6_minus_cns_midline	5658330
all_dm6_minus_cns_midline	5658331
all_dm6_minus_cns_midline	5658333
all_dm6_minus_cns_midline	5658334
all_dm6_minus_cns_midline	5658335
all_dm6_minus_cns_midline	5658336
all_dm6_minus_cns_midline	5658337
all_dm6_minus_cns_midline	5658338
all_dm6_minus_cns_midline	5658339
all_dm6_minus_cns_midline	5658340
all_dm6_minus_cns_midline	5658341
all_dm6_minus_cns_midline	5658342
all_dm6_minus_cns_midline	5658343
all_dm6_minus_cns_midline	5658344
all_dm6_minus_cns_midline	5658345
all_dm6_minus_cns_midline	5658346
all_dm6_minus_cns_midline	5658347
all_dm6_minus_cns_midline	5658348
all_dm6_minus_cns_midline	5658349
all_dm6_minus_cns_midline	5658350
all_dm6_minus_cns_midline	5658351
all_dm6_minus_cns_midline	5658352
all_dm6_minus_cns_midline	5658353
all_dm6_minus_cns_midline	5658354
all_dm6_minus_cns_midline	5658355
all_dm6_minus_cns_midline	5658356
all_dm6_minus_cns_midline	5658357
all_dm6_minus_cns_midline	5658358
all_dm6_minus_cns_midline	5658359
all_dm6_minus_cns_midline	5658360
all_dm6_minus_cns_midline	5658361
all_dm6_minus_cns_midline	5658362
all_dm6_minus_cns_midline	5658363
all_dm6_minus_cns_midline	5658364
all_dm6_minus_cns_midline	5658365
all_dm6_minus_cns_midline	5658366
all_dm6_minus_cns_midline	5658367
all_dm6_minus_cns_midline	5658368
all_dm6_minus_cns_midline	5658369
all_dm6_minus_cns_midline	5658370
all_dm6_minus_cns_midline	5658371
all_dm6_minus_cns_midline	5658372
all_dm6_minus_cns_midline	5658373
all_dm6_minus_cns_midline	5658374
all_dm6_minus_cns_midline	5658375
all_dm6_minus_cns_midline	5658376
all_dm6_minus_cns_midline	5658378
all_dm6_minus_cns_midline	5658379
all_dm6_minus_cns_midline	5658380
all_dm6_minus_cns_midline	5658381
all_dm6_minus_cns_midline	5658382
all_dm6_minus_cns_midline	5658383
all_dm6_minus_cns_midline	5658384
all_dm6_minus_cns_midline	5658385
all_dm6_minus_cns_midline	5658386
all_dm6_minus_cns_midline	5658387
all_dm6_minus_cns_midline	5658388
all_dm6_minus_cns_midline	5658389
all_dm6_minus_cns_midline	5658390
all_dm6_minus_cns_midline	5658391
all_dm6_minus_cns_midline	5658392
all_dm6_minus_cns_midline	5658393
all_dm6_minus_cns_midline	5658394
all_dm6_minus_cns_midline	5658395
all_dm6_minus_cns_midline	5658396
all_dm6_minus_cns_midline	5658397
all_dm6_minus_cns_midline	5658398
all_dm6_minus_cns_midline	5658399
all_dm6_minus_cns_midline	5658401
all_dm6_minus_cns_midline	5658402
all_dm6_minus_cns_midline	5658403
all_dm6_minus_cns_midline	5658404
all_dm6_minus_cns_midline	5658405
all_dm6_minus_cns_midline	5658406
all_dm6_minus_cns_midline	5658407
all_dm6_minus_cns_midline	5658408
all_dm6_minus_cns_midline	5658409
all_dm6_minus_cns_midline	5658410
all_dm6_minus_cns_midline	5658411
all_dm6_minus_cns_midline	5658412
all_dm6_minus_cns_midline	5658413
all_dm6_minus_cns_midline	5658414
all_dm6_minus_cns_midline	5658415
all_dm6_minus_cns_midline	5658416
all_dm6_minus_cns_midline	5658417
all_dm6_minus_cns_midline	5658418
all_dm6_minus_cns_midline	5658419
all_dm6_minus_cns_midline	5658420
all_dm6_minus_cns_midline	5658421
all_dm6_minus_cns_midline	5658422
all_dm6_minus_cns_midline	5658423
all_dm6_minus_cns_midline	5658424
all_dm6_minus_cns_midline	5658425
all_dm6_minus_cns_midline	5658426
all_dm6_minus_cns_midline	5658427
all_dm6_minus_cns_midline	5658428
all_dm6_minus_cns_midline	5658429
all_dm6_minus_cns_midline	5658430
all_dm6_minus_cns_midline	5658431
all_dm6_minus_cns_midline	5658432
all_dm6_minus_cns_midline	5658433
all_dm6_minus_cns_midline	5658434
all_dm6_minus_cns_midline	5658435
all_dm6_minus_cns_midline	5658436
all_dm6_minus_cns_midline	5658437
all_dm6_minus_cns_midline	5658438
all_dm6_minus_cns_midline	5658439
all_dm6_minus_cns_midline	5658440
all_dm6_minus_cns_midline	5658441
all_dm6_minus_cns_midline	5658442
all_dm6_minus_cns_midline	5658443
all_dm6_minus_cns_midline	5658444
all_dm6_minus_cns_midline	5658445
all_dm6_minus_cns_midline	5658446
all_dm6_minus_cns_midline	5658447
all_dm6_minus_cns_midline	5658448
all_dm6_minus_cns_midline	5658449
all_dm6_minus_cns_midline	5658450
all_dm6_minus_cns_midline	5658451
all_dm6_minus_cns_midline	5658452
all_dm6_minus_cns_midline	5658453
all_dm6_minus_cns_midline	5658454
all_dm6_minus_cns_midline	5658455
all_dm6_minus_cns_midline	5658456
all_dm6_minus_cns_midline	5658457
all_dm6_minus_cns_midline	5658458
all_dm6_minus_cns_midline	5658459
all_dm6_minus_cns_midline	5658460
all_dm6_minus_cns_midline	5658461
all_dm6_minus_cns_midline	5658462
all_dm6_minus_cns_midline	5658463
all_dm6_minus_cns_midline	5658464
all_dm6_minus_cns_midline	5658465
all_dm6_minus_cns_midline	5658466
all_dm6_minus_cns_midline	5658467
all_dm6_minus_cns_midline	5658468
all_dm6_minus_cns_midline	5658469
all_dm6_minus_cns_midline	5658470
all_dm6_minus_cns_midline	5658471
all_dm6_minus_cns_midline	5658472
all_dm6_minus_cns_midline	5658473
all_dm6_minus_cns_midline	5658474
all_dm6_minus_cns_midline	5658475
all_dm6_minus_cns_midline	5658476
all_dm6_minus_cns_midline	5658477
all_dm6_minus_cns_midline	5658478
all_dm6_minus_cns_midline	5658479
all_dm6_minus_cns_midline	5658481
all_dm6_minus_cns_midline	5658483
all_dm6_minus_cns_midline	5658484
all_dm6_minus_cns_midline	5658485
all_dm6_minus_cns_midline	5658486
all_dm6_minus_cns_midline	5658487
all_dm6_minus_cns_midline	5658488
all_dm6_minus_cns_midline	5658489
all_dm6_minus_cns_midline	5658490
all_dm6_minus_cns_midline	5658491
all_dm6_minus_cns_midline	5658492
all_dm6_minus_cns_midline	5658493
all_dm6_minus_cns_midline	5658494
all_dm6_minus_cns_midline	5658495
all_dm6_minus_cns_midline	5658496
all_dm6_minus_cns_midline	5658497
all_dm6_minus_cns_midline	5658498
all_dm6_minus_cns_midline	5658499
all_dm6_minus_cns_midline	5658500
all_dm6_minus_cns_midline	5658501
all_dm6_minus_cns_midline	5658502
all_dm6_minus_cns_midline	5658503
all_dm6_minus_cns_midline	5658504
all_dm6_minus_cns_midline	5658505
all_dm6_minus_cns_midline	5658506
all_dm6_minus_cns_midline	5658507
all_dm6_minus_cns_midline	5658508
all_dm6_minus_cns_midline	5658509
all_dm6_minus_cns_midline	5658510
all_dm6_minus_cns_midline	5658511
all_dm6_minus_cns_midline	5658512
all_dm6_minus_cns_midline	5658513
all_dm6_minus_cns_midline	5658514
all_dm6_minus_cns_midline	5658515
all_dm6_minus_cns_midline	5658516
all_dm6_minus_cns_midline	5658517
all_dm6_minus_cns_midline	5658518
all_dm6_minus_cns_midline	5658519
all_dm6_minus_cns_midline	5658520
all_dm6_minus_cns_midline	5658521
all_dm6_minus_cns_midline	5658522
all_dm6_minus_cns_midline	5658523
all_dm6_minus_cns_midline	5658524
all_dm6_minus_cns_midline	5658525
all_dm6_minus_cns_midline	5658526
all_dm6_minus_cns_midline	5658527
all_dm6_minus_cns_midline	5658528
all_dm6_minus_cns_midline	5658529
all_dm6_minus_cns_midline	5658530
all_dm6_minus_cns_midline	5658531
all_dm6_minus_cns_midline	5658532
all_dm6_minus_cns_midline	5658533
all_dm6_minus_cns_midline	5658534
all_dm6_minus_cns_midline	5658535
all_dm6_minus_cns_midline	5658536
all_dm6_minus_cns_midline	5658537
all_dm6_minus_cns_midline	5658538
all_dm6_minus_cns_midline	5658539
all_dm6_minus_cns_midline	5658540
all_dm6_minus_cns_midline	5658541
all_dm6_minus_cns_midline	5658542
all_dm6_minus_cns_midline	5658543
all_dm6_minus_cns_midline	5658547
all_dm6_minus_cns_midline	5658548
all_dm6_minus_cns_midline	5658549
all_dm6_minus_cns_midline	5658552
all_dm6_minus_cns_midline	5658553
all_dm6_minus_cns_midline	5658554
all_dm6_minus_cns_midline	5658557
all_dm6_minus_cns_midline	5658558
all_dm6_minus_cns_midline	5658559
all_dm6_minus_cns_midline	5658560
all_dm6_minus_cns_midline	5658561
all_dm6_minus_cns_midline	5658562
all_dm6_minus_cns_midline	5658563
all_dm6_minus_cns_midline	5658564
all_dm6_minus_cns_midline	5658565
all_dm6_minus_cns_midline	5658566
all_dm6_minus_cns_midline	5658567
all_dm6_minus_cns_midline	5658568
all_dm6_minus_cns_midline	5658569
all_dm6_minus_cns_midline	5658570
all_dm6_minus_cns_midline	5658571
all_dm6_minus_cns_midline	5658572
all_dm6_minus_cns_midline	5658573
all_dm6_minus_cns_midline	5658574
all_dm6_minus_cns_midline	5658575
all_dm6_minus_cns_midline	5658576
all_dm6_minus_cns_midline	5658577
all_dm6_minus_cns_midline	5658578
all_dm6_minus_cns_midline	5658579
all_dm6_minus_cns_midline	5658580
all_dm6_minus_cns_midline	5658581
all_dm6_minus_cns_midline	5658582
all_dm6_minus_cns_midline	5658583
all_dm6_minus_cns_midline	5658584
all_dm6_minus_cns_midline	5658585
all_dm6_minus_cns_midline	5658586
all_dm6_minus_cns_midline	5658587
all_dm6_minus_cns_midline	5658588
all_dm6_minus_cns_midline	5658589
all_dm6_minus_cns_midline	5658590
all_dm6_minus_cns_midline	5658591
all_dm6_minus_cns_midline	5658592
all_dm6_minus_cns_midline	5658593
all_dm6_minus_cns_midline	5658594
all_dm6_minus_cns_midline	5658595
all_dm6_minus_cns_midline	5658596
all_dm6_minus_cns_midline	5658597
all_dm6_minus_cns_midline	5658598
all_dm6_minus_cns_midline	5658599
all_dm6_minus_cns_midline	5658600
all_dm6_minus_cns_midline	5658601
all_dm6_minus_cns_midline	5658602
all_dm6_minus_cns_midline	5658603
all_dm6_minus_cns_midline	5658604
all_dm6_minus_cns_midline	5658605
all_dm6_minus_cns_midline	5658606
all_dm6_minus_cns_midline	5658607
all_dm6_minus_cns_midline	5658608
all_dm6_minus_cns_midline	5658609
all_dm6_minus_cns_midline	5658610
all_dm6_minus_cns_midline	5658611
all_dm6_minus_cns_midline	5658612
all_dm6_minus_cns_midline	5658613
all_dm6_minus_cns_midline	5658614
all_dm6_minus_cns_midline	5658615
all_dm6_minus_cns_midline	5658616
all_dm6_minus_cns_midline	5658617
all_dm6_minus_cns_midline	5658618
all_dm6_minus_cns_midline	5658619
all_dm6_minus_cns_midline	5658620
all_dm6_minus_cns_midline	5658621
all_dm6_minus_cns_midline	5658622
all_dm6_minus_cns_midline	5658623
all_dm6_minus_cns_midline	5658624
all_dm6_minus_cns_midline	5658625
all_dm6_minus_cns_midline	5658626
all_dm6_minus_cns_midline	5658627
all_dm6_minus_cns_midline	5658628
all_dm6_minus_cns_midline	5658629
all_dm6_minus_cns_midline	5658630
all_dm6_minus_cns_midline	5658631
all_dm6_minus_cns_midline	5658633
all_dm6_minus_cns_midline	5658634
all_dm6_minus_cns_midline	5658635
all_dm6_minus_cns_midline	5658636
all_dm6_minus_cns_midline	5658637
all_dm6_minus_cns_midline	5658638
all_dm6_minus_cns_midline	5658639
all_dm6_minus_cns_midline	5658640
all_dm6_minus_cns_midline	5658641
all_dm6_minus_cns_midline	5658642
all_dm6_minus_cns_midline	5658643
all_dm6_minus_cns_midline	5658644
all_dm6_minus_cns_midline	5658645
all_dm6_minus_cns_midline	5658647
all_dm6_minus_cns_midline	5658648
all_dm6_minus_cns_midline	5658691
all_dm6_minus_cns_midline	5658692
all_dm6_minus_cns_midline	5658693
all_dm6_minus_cns_midline	5658694
all_dm6_minus_cns_midline	5658695
all_dm6_minus_cns_midline	5658696
all_dm6_minus_cns_midline	5740100
all_dm6_minus_cns_midline	5740101
all_dm6_minus_cns_midline	5740103
all_dm6_minus_cns_midline	5740107
all_dm6_minus_cns_midline	5740108
all_dm6_minus_cns_midline	5740113
all_dm6_minus_cns_midline	5740115
all_dm6_minus_cns_midline	5740117
all_dm6_minus_cns_midline	5740122
all_dm6_minus_cns_midline	5740123
all_dm6_minus_cns_midline	5740125
all_dm6_minus_cns_midline	5740126
all_dm6_minus_cns_midline	5740128
all_dm6_minus_cns_midline	5740129
all_dm6_minus_cns_midline	5740130
all_dm6_minus_cns_midline	5740131
all_dm6_minus_cns_midline	5740134
all_dm6_minus_cns_midline	5740135
all_dm6_minus_cns_midline	5740137
all_dm6_minus_cns_midline	5740140
all_dm6_minus_cns_midline	5740141
all_dm6_minus_cns_midline	5740142
all_dm6_minus_cns_midline	5740143
all_dm6_minus_cns_midline	5740147
all_dm6_minus_cns_midline	5740148
all_dm6_minus_cns_midline	5740152
all_dm6_minus_cns_midline	5740154
all_dm6_minus_cns_midline	5740156
all_dm6_minus_cns_midline	5740160
all_dm6_minus_cns_midline	5740165
all_dm6_minus_cns_midline	5740167
all_dm6_minus_cns_midline	5740168
all_dm6_minus_cns_midline	5740169
all_dm6_minus_cns_midline	5740170
all_dm6_minus_cns_midline	5740171
all_dm6_minus_cns_midline	5740172
all_dm6_minus_cns_midline	5740173
all_dm6_minus_cns_midline	5740175
all_dm6_minus_cns_midline	5740176
all_dm6_minus_cns_midline	5740178
all_dm6_minus_cns_midline	5740179
all_dm6_minus_cns_midline	5740182
all_dm6_minus_cns_midline	5740183
all_dm6_minus_cns_midline	5740184
all_dm6_minus_cns_midline	5740185
all_dm6_minus_cns_midline	5740186
all_dm6_minus_cns_midline	5740188
all_dm6_minus_cns_midline	5740189
all_dm6_minus_cns_midline	5740191
all_dm6_minus_cns_midline	5740195
all_dm6_minus_cns_midline	5740196
all_dm6_minus_cns_midline	5740197
all_dm6_minus_cns_midline	5740198
all_dm6_minus_cns_midline	5740200
all_dm6_minus_cns_midline	5740202
all_dm6_minus_cns_midline	5740203
all_dm6_minus_cns_midline	5740204
all_dm6_minus_cns_midline	5740205
all_dm6_minus_cns_midline	5740206
all_dm6_minus_cns_midline	5740207
all_dm6_minus_cns_midline	5740209
all_dm6_minus_cns_midline	5740210
all_dm6_minus_cns_midline	5740212
all_dm6_minus_cns_midline	5740214
all_dm6_minus_cns_midline	5740215
all_dm6_minus_cns_midline	5740216
all_dm6_minus_cns_midline	5740217
all_dm6_minus_cns_midline	5740219
all_dm6_minus_cns_midline	5740220
all_dm6_minus_cns_midline	5740222
all_dm6_minus_cns_midline	5740224
all_dm6_minus_cns_midline	5740225
all_dm6_minus_cns_midline	5740226
all_dm6_minus_cns_midline	5740227
all_dm6_minus_cns_midline	5740229
all_dm6_minus_cns_midline	5740233
all_dm6_minus_cns_midline	5740234
all_dm6_minus_cns_midline	5740235
all_dm6_minus_cns_midline	5740236
all_dm6_minus_cns_midline	5740238
all_dm6_minus_cns_midline	5740241
all_dm6_minus_cns_midline	5740242
all_dm6_minus_cns_midline	5740243
all_dm6_minus_cns_midline	5740246
all_dm6_minus_cns_midline	5740248
all_dm6_minus_cns_midline	5740250
all_dm6_minus_cns_midline	5740252
all_dm6_minus_cns_midline	5740254
all_dm6_minus_cns_midline	5740255
all_dm6_minus_cns_midline	5740257
all_dm6_minus_cns_midline	5740261
all_dm6_minus_cns_midline	5740263
all_dm6_minus_cns_midline	5740264
all_dm6_minus_cns_midline	5740268
all_dm6_minus_cns_midline	5740269
all_dm6_minus_cns_midline	5740271
all_dm6_minus_cns_midline	5740277
all_dm6_minus_cns_midline	5740278
all_dm6_minus_cns_midline	5740279
all_dm6_minus_cns_midline	5740281
all_dm6_minus_cns_midline	5740282
all_dm6_minus_cns_midline	5740283
all_dm6_minus_cns_midline	5740285
all_dm6_minus_cns_midline	5740289
all_dm6_minus_cns_midline	5740291
all_dm6_minus_cns_midline	5740294
all_dm6_minus_cns_midline	5740295
all_dm6_minus_cns_midline	5740297
all_dm6_minus_cns_midline	5740298
all_dm6_minus_cns_midline	5740299
all_dm6_minus_cns_midline	5740302
all_dm6_minus_cns_midline	5740303
all_dm6_minus_cns_midline	5740305
all_dm6_minus_cns_midline	5740310
all_dm6_minus_cns_midline	5740313
all_dm6_minus_cns_midline	5740315
all_dm6_minus_cns_midline	5740316
all_dm6_minus_cns_midline	5740318
all_dm6_minus_cns_midline	5740319
all_dm6_minus_cns_midline	5740320
all_dm6_minus_cns_midline	5740321
all_dm6_minus_cns_midline	5740323
all_dm6_minus_cns_midline	5740325
all_dm6_minus_cns_midline	5740326
all_dm6_minus_cns_midline	5740331
all_dm6_minus_cns_midline	5740334
all_dm6_minus_cns_midline	5740338
all_dm6_minus_cns_midline	5740342
all_dm6_minus_cns_midline	5740343
all_dm6_minus_cns_midline	5740347
all_dm6_minus_cns_midline	5740348
all_dm6_minus_cns_midline	5740349
all_dm6_minus_cns_midline	5740351
all_dm6_minus_cns_midline	5740356
all_dm6_minus_cns_midline	5740359
all_dm6_minus_cns_midline	5740360
all_dm6_minus_cns_midline	5740362
all_dm6_minus_cns_midline	5740363
all_dm6_minus_cns_midline	5740365
all_dm6_minus_cns_midline	5740367
all_dm6_minus_cns_midline	5740368
all_dm6_minus_cns_midline	5740370
all_dm6_minus_cns_midline	5740375
all_dm6_minus_cns_midline	5740376
all_dm6_minus_cns_midline	5740377
all_dm6_minus_cns_midline	5740378
all_dm6_minus_cns_midline	5740381
all_dm6_minus_cns_midline	5740383
all_dm6_minus_cns_midline	5740384
all_dm6_minus_cns_midline	5740385
all_dm6_minus_cns_midline	5740386
all_dm6_minus_cns_midline	5740388
all_dm6_minus_cns_midline	5740389
all_dm6_minus_cns_midline	5740391
all_dm6_minus_cns_midline	5740392
all_dm6_minus_cns_midline	5740394
all_dm6_minus_cns_midline	5740400
all_dm6_minus_cns_midline	5740401
all_dm6_minus_cns_midline	5740402
all_dm6_minus_cns_midline	5740407
all_dm6_minus_cns_midline	5740408
all_dm6_minus_cns_midline	5740409
all_dm6_minus_cns_midline	5740411
all_dm6_minus_cns_midline	5740413
all_dm6_minus_cns_midline	5740414
all_dm6_minus_cns_midline	5740416
all_dm6_minus_cns_midline	5740417
all_dm6_minus_cns_midline	5740419
all_dm6_minus_cns_midline	5740420
all_dm6_minus_cns_midline	5740422
all_dm6_minus_cns_midline	5740423
all_dm6_minus_cns_midline	5740425
all_dm6_minus_cns_midline	5740430
all_dm6_minus_cns_midline	5740431
all_dm6_minus_cns_midline	5740435
all_dm6_minus_cns_midline	5740436
all_dm6_minus_cns_midline	5740437
all_dm6_minus_cns_midline	5740438
all_dm6_minus_cns_midline	5740439
all_dm6_minus_cns_midline	5740440
all_dm6_minus_cns_midline	5740441
all_dm6_minus_cns_midline	5740442
all_dm6_minus_cns_midline	5740445
all_dm6_minus_cns_midline	5740446
all_dm6_minus_cns_midline	5740448
all_dm6_minus_cns_midline	5740449
all_dm6_minus_cns_midline	5740456
all_dm6_minus_cns_midline	5740457
all_dm6_minus_cns_midline	5740459
all_dm6_minus_cns_midline	5740461
all_dm6_minus_cns_midline	5740462
all_dm6_minus_cns_midline	5740465
all_dm6_minus_cns_midline	5740467
all_dm6_minus_cns_midline	5740468
all_dm6_minus_cns_midline	5740470
all_dm6_minus_cns_midline	5740472
all_dm6_minus_cns_midline	5740473
all_dm6_minus_cns_midline	5740474
all_dm6_minus_cns_midline	5740475
all_dm6_minus_cns_midline	5740480
all_dm6_minus_cns_midline	5740481
all_dm6_minus_cns_midline	5740483
all_dm6_minus_cns_midline	5740486
all_dm6_minus_cns_midline	5740488
all_dm6_minus_cns_midline	5740489
all_dm6_minus_cns_midline	5740490
all_dm6_minus_cns_midline	5740493
all_dm6_minus_cns_midline	5740497
all_dm6_minus_cns_midline	5740498
all_dm6_minus_cns_midline	5740501
all_dm6_minus_cns_midline	5740504
all_dm6_minus_cns_midline	5740505
all_dm6_minus_cns_midline	5740506
all_dm6_minus_cns_midline	5740507
all_dm6_minus_cns_midline	5740508
all_dm6_minus_cns_midline	5740513
all_dm6_minus_cns_midline	5740514
all_dm6_minus_cns_midline	5740515
all_dm6_minus_cns_midline	5740517
all_dm6_minus_cns_midline	5740519
all_dm6_minus_cns_midline	5740520
all_dm6_minus_cns_midline	5740521
all_dm6_minus_cns_midline	5740524
all_dm6_minus_cns_midline	5740527
all_dm6_minus_cns_midline	5740528
all_dm6_minus_cns_midline	5740532
all_dm6_minus_cns_midline	5740534
all_dm6_minus_cns_midline	5740536
all_dm6_minus_cns_midline	5740537
all_dm6_minus_cns_midline	5740538
all_dm6_minus_cns_midline	5740539
all_dm6_minus_cns_midline	5740541
all_dm6_minus_cns_midline	5740542
all_dm6_minus_cns_midline	5740543
all_dm6_minus_cns_midline	5740544
all_dm6_minus_cns_midline	5740546
all_dm6_minus_cns_midline	5740547
all_dm6_minus_cns_midline	5740549
all_dm6_minus_cns_midline	5740551
all_dm6_minus_cns_midline	5740553
all_dm6_minus_cns_midline	5740554
all_dm6_minus_cns_midline	5740555
all_dm6_minus_cns_midline	5740556
all_dm6_minus_cns_midline	5740558
all_dm6_minus_cns_midline	5740565
all_dm6_minus_cns_midline	5740569
all_dm6_minus_cns_midline	5740570
all_dm6_minus_cns_midline	5740572
all_dm6_minus_cns_midline	5740574
all_dm6_minus_cns_midline	5740575
all_dm6_minus_cns_midline	5740576
all_dm6_minus_cns_midline	5740577
all_dm6_minus_cns_midline	5740578
all_dm6_minus_cns_midline	5740580
all_dm6_minus_cns_midline	5740581
all_dm6_minus_cns_midline	5740583
all_dm6_minus_cns_midline	5740585
all_dm6_minus_cns_midline	5740586
all_dm6_minus_cns_midline	5740587
all_dm6_minus_cns_midline	5740590
all_dm6_minus_cns_midline	5740592
all_dm6_minus_cns_midline	5740593
all_dm6_minus_cns_midline	5740596
all_dm6_minus_cns_midline	5740597
all_dm6_minus_cns_midline	5740599
all_dm6_minus_cns_midline	5740601
all_dm6_minus_cns_midline	5740603
all_dm6_minus_cns_midline	5740604
all_dm6_minus_cns_midline	5740605
all_dm6_minus_cns_midline	5740606
all_dm6_minus_cns_midline	5740609
all_dm6_minus_cns_midline	5740610
all_dm6_minus_cns_midline	5740611
all_dm6_minus_cns_midline	5740612
all_dm6_minus_cns_midline	5740617
all_dm6_minus_cns_midline	5740620
all_dm6_minus_cns_midline	5740621
all_dm6_minus_cns_midline	5740622
all_dm6_minus_cns_midline	5740624
all_dm6_minus_cns_midline	5740627
all_dm6_minus_cns_midline	5740629
all_dm6_minus_cns_midline	5740630
all_dm6_minus_cns_midline	5740633
all_dm6_minus_cns_midline	5740634
all_dm6_minus_cns_midline	5740636
all_dm6_minus_cns_midline	5740639
all_dm6_minus_cns_midline	5740640
all_dm6_minus_cns_midline	5740641
all_dm6_minus_cns_midline	5740644
all_dm6_minus_cns_midline	5740645
all_dm6_minus_cns_midline	5740647
all_dm6_minus_cns_midline	5740655
all_dm6_minus_cns_midline	5740656
all_dm6_minus_cns_midline	5740659
all_dm6_minus_cns_midline	5740660
all_dm6_minus_cns_midline	5740661
all_dm6_minus_cns_midline	5740662
all_dm6_minus_cns_midline	5740664
all_dm6_minus_cns_midline	5740666
all_dm6_minus_cns_midline	5740668
all_dm6_minus_cns_midline	5740669
all_dm6_minus_cns_midline	5740672
all_dm6_minus_cns_midline	5740674
all_dm6_minus_cns_midline	5740675
all_dm6_minus_cns_midline	5740676
all_dm6_minus_cns_midline	5740678
all_dm6_minus_cns_midline	5740681
all_dm6_minus_cns_midline	5740683
all_dm6_minus_cns_midline	5740684
all_dm6_minus_cns_midline	5740685
all_dm6_minus_cns_midline	5740687
all_dm6_minus_cns_midline	5740688
all_dm6_minus_cns_midline	5740691
all_dm6_minus_cns_midline	5740693
all_dm6_minus_cns_midline	5740697
all_dm6_minus_cns_midline	5740698
all_dm6_minus_cns_midline	5740699
all_dm6_minus_cns_midline	5740700
all_dm6_minus_cns_midline	5740702
all_dm6_minus_cns_midline	5740703
all_dm6_minus_cns_midline	5740704
all_dm6_minus_cns_midline	5740708
all_dm6_minus_cns_midline	5740711
all_dm6_minus_cns_midline	5740713
all_dm6_minus_cns_midline	5740714
all_dm6_minus_cns_midline	5740715
all_dm6_minus_cns_midline	5740717
all_dm6_minus_cns_midline	5740719
all_dm6_minus_cns_midline	5740723
all_dm6_minus_cns_midline	5740724
all_dm6_minus_cns_midline	5740729
all_dm6_minus_cns_midline	5740732
all_dm6_minus_cns_midline	5740733
all_dm6_minus_cns_midline	5740734
all_dm6_minus_cns_midline	5740739
all_dm6_minus_cns_midline	5740740
all_dm6_minus_cns_midline	5740741
all_dm6_minus_cns_midline	5740743
all_dm6_minus_cns_midline	5740745
all_dm6_minus_cns_midline	5740746
all_dm6_minus_cns_midline	5740751
all_dm6_minus_cns_midline	5740752
all_dm6_minus_cns_midline	5740753
all_dm6_minus_cns_midline	5740754
all_dm6_minus_cns_midline	5740757
all_dm6_minus_cns_midline	5740761
all_dm6_minus_cns_midline	5740763
all_dm6_minus_cns_midline	5740766
all_dm6_minus_cns_midline	5740767
all_dm6_minus_cns_midline	5740768
all_dm6_minus_cns_midline	5740769
all_dm6_minus_cns_midline	5740770
all_dm6_minus_cns_midline	5740771
all_dm6_minus_cns_midline	5740774
all_dm6_minus_cns_midline	5740775
all_dm6_minus_cns_midline	5740779
all_dm6_minus_cns_midline	5740781
all_dm6_minus_cns_midline	5740782
all_dm6_minus_cns_midline	5740784
all_dm6_minus_cns_midline	5740785
all_dm6_minus_cns_midline	5740786
all_dm6_minus_cns_midline	5740788
all_dm6_minus_cns_midline	5740790
all_dm6_minus_cns_midline	5740792
all_dm6_minus_cns_midline	5740793
all_dm6_minus_cns_midline	5740795
all_dm6_minus_cns_midline	5740797
all_dm6_minus_cns_midline	5740800
all_dm6_minus_cns_midline	5740802
all_dm6_minus_cns_midline	5740805
all_dm6_minus_cns_midline	5740807
all_dm6_minus_cns_midline	5740809
all_dm6_minus_cns_midline	5740810
all_dm6_minus_cns_midline	5740811
all_dm6_minus_cns_midline	5740812
all_dm6_minus_cns_midline	5740813
all_dm6_minus_cns_midline	5740816
all_dm6_minus_cns_midline	5740817
all_dm6_minus_cns_midline	5740818
all_dm6_minus_cns_midline	5740821
all_dm6_minus_cns_midline	5740822
all_dm6_minus_cns_midline	5740825
all_dm6_minus_cns_midline	5740826
all_dm6_minus_cns_midline	5740827
all_dm6_minus_cns_midline	5740829
all_dm6_minus_cns_midline	5740831
all_dm6_minus_cns_midline	5740833
all_dm6_minus_cns_midline	5740834
all_dm6_minus_cns_midline	5740835
all_dm6_minus_cns_midline	5740836
all_dm6_minus_cns_midline	5740837
all_dm6_minus_cns_midline	5740838
all_dm6_minus_cns_midline	5740839
all_dm6_minus_cns_midline	5740840
all_dm6_minus_cns_midline	5740842
all_dm6_minus_cns_midline	5740846
all_dm6_minus_cns_midline	5740847
all_dm6_minus_cns_midline	5740848
all_dm6_minus_cns_midline	5740851
all_dm6_minus_cns_midline	5740853
all_dm6_minus_cns_midline	5740854
all_dm6_minus_cns_midline	5740857
all_dm6_minus_cns_midline	5740859
all_dm6_minus_cns_midline	5740860
all_dm6_minus_cns_midline	5740861
all_dm6_minus_cns_midline	5740862
all_dm6_minus_cns_midline	5740863
all_dm6_minus_cns_midline	5740865
all_dm6_minus_cns_midline	5740866
all_dm6_minus_cns_midline	5740867
all_dm6_minus_cns_midline	5740868
all_dm6_minus_cns_midline	5740871
all_dm6_minus_cns_midline	5740876
all_dm6_minus_cns_midline	5740878
all_dm6_minus_cns_midline	5740879
all_dm6_minus_cns_midline	5740881
all_dm6_minus_cns_midline	5740883
all_dm6_minus_cns_midline	5740884
all_dm6_minus_cns_midline	7354371
all_dm6_minus_cns_midline	7354373
all_dm6_minus_cns_midline	7354374
all_dm6_minus_cns_midline	7354375
all_dm6_minus_cns_midline	7354376
all_dm6_minus_cns_midline	7354377
all_dm6_minus_cns_midline	7354378
all_dm6_minus_cns_midline	7354379
all_dm6_minus_cns_midline	7354380
all_dm6_minus_cns_midline	7354381
all_dm6_minus_cns_midline	7354382
all_dm6_minus_cns_midline	7354384
all_dm6_minus_cns_midline	7354385
all_dm6_minus_cns_midline	7354386
all_dm6_minus_cns_midline	7354391
all_dm6_minus_cns_midline	7354392
all_dm6_minus_cns_midline	7354397
all_dm6_minus_cns_midline	7354398
all_dm6_minus_cns_midline	7354399
all_dm6_minus_cns_midline	7354400
all_dm6_minus_cns_midline	7354402
all_dm6_minus_cns_midline	7354403
all_dm6_minus_cns_midline	7354404
all_dm6_minus_cns_midline	7354405
all_dm6_minus_cns_midline	7354406
all_dm6_minus_cns_midline	7354407
all_dm6_minus_cns_midline	7354408
all_dm6_minus_cns_midline	7354409
all_dm6_minus_cns_midline	7354410
all_dm6_minus_cns_midline	7354411
all_dm6_minus_cns_midline	7354412
all_dm6_minus_cns_midline	7354413
all_dm6_minus_cns_midline	7354414
all_dm6_minus_cns_midline	7354415
all_dm6_minus_cns_midline	7354416
all_dm6_minus_cns_midline	7354417
all_dm6_minus_cns_midline	7354418
all_dm6_minus_cns_midline	7354419
all_dm6_minus_cns_midline	7354420
all_dm6_minus_cns_midline	7354422
all_dm6_minus_cns_midline	7354423
all_dm6_minus_cns_midline	7354425
all_dm6_minus_cns_midline	7354426
all_dm6_minus_cns_midline	7354427
all_dm6_minus_cns_midline	7354428
all_dm6_minus_cns_midline	7354429
all_dm6_minus_cns_midline	7354430
all_dm6_minus_cns_midline	7354431
all_dm6_minus_cns_midline	7354432
all_dm6_minus_cns_midline	7354433
all_dm6_minus_cns_midline	7354434
all_dm6_minus_cns_midline	7354435
all_dm6_minus_cns_midline	7354436
all_dm6_minus_cns_midline	7354437
all_dm6_minus_cns_midline	7354439
all_dm6_minus_cns_midline	7354440
all_dm6_minus_cns_midline	7354441
all_dm6_minus_cns_midline	7354442
all_dm6_minus_cns_midline	7354443
all_dm6_minus_cns_midline	7354444
all_dm6_minus_cns_midline	7354445
all_dm6_minus_cns_midline	7354447
all_dm6_minus_cns_midline	7354448
all_dm6_minus_cns_midline	7354449
all_dm6_minus_cns_midline	7354450
all_dm6_minus_cns_midline	7354451
all_dm6_minus_cns_midline	7354452
all_dm6_minus_cns_midline	7354453
all_dm6_minus_cns_midline	7354454
all_dm6_minus_cns_midline	7354455
all_dm6_minus_cns_midline	7354457
all_dm6_minus_cns_midline	7354458
all_dm6_minus_cns_midline	7354459
all_dm6_minus_cns_midline	7354460
all_dm6_minus_cns_midline	7354461
all_dm6_minus_cns_midline	7354462
all_dm6_minus_cns_midline	7354463
all_dm6_minus_cns_midline	7354464
all_dm6_minus_cns_midline	7354465
all_dm6_minus_cns_midline	7354466
all_dm6_minus_cns_midline	7354470
all_dm6_minus_cns_midline	7354471
all_dm6_minus_cns_midline	7354472
all_dm6_minus_cns_midline	7354473
all_dm6_minus_cns_midline	7354474
all_dm6_minus_cns_midline	7354475
all_dm6_minus_cns_midline	7354476
all_dm6_minus_cns_midline	7411857
all_dm6_minus_cns_midline	8673955
all_dm6_minus_cns_midline	8673956
all_dm6_minus_cns_midline	8673957
all_dm6_minus_cns_midline	8673958
all_dm6_minus_cns_midline	8673959
all_dm6_minus_cns_midline	8673960
all_dm6_minus_cns_midline	8673961
all_dm6_minus_cns_midline	8673962
all_dm6_minus_cns_midline	8673963
all_dm6_minus_cns_midline	8673965
all_dm6_minus_cns_midline	8673966
all_dm6_minus_cns_midline	8673967
all_dm6_minus_cns_midline	8673968
all_dm6_minus_cns_midline	8673969
all_dm6_minus_cns_midline	8673970
all_dm6_minus_cns_midline	8673971
all_dm6_minus_cns_midline	8673972
all_dm6_minus_cns_midline	8673973
all_dm6_minus_cns_midline	8673976
all_dm6_minus_cns_midline	8673977
all_dm6_minus_cns_midline	8673979
all_dm6_minus_cns_midline	8673980
all_dm6_minus_cns_midline	8673981
all_dm6_minus_cns_midline	8673982
all_dm6_minus_cns_midline	8673983
all_dm6_minus_cns_midline	8673984
all_dm6_minus_cns_midline	8673985
all_dm6_minus_cns_midline	8673987
all_dm6_minus_cns_midline	8673988
all_dm6_minus_cns_midline	8673989
all_dm6_minus_cns_midline	8673990
all_dm6_minus_cns_midline	8673991
all_dm6_minus_cns_midline	8673992
all_dm6_minus_cns_midline	8673993
all_dm6_minus_cns_midline	8673994
all_dm6_minus_cns_midline	8673995
all_dm6_minus_cns_midline	8673998
all_dm6_minus_cns_midline	8673999
all_dm6_minus_cns_midline	8674000
all_dm6_minus_cns_midline	8674001
all_dm6_minus_cns_midline	8674002
all_dm6_minus_cns_midline	8674004
all_dm6_minus_cns_midline	8674005
all_dm6_minus_cns_midline	8674006
all_dm6_minus_cns_midline	8674007
all_dm6_minus_cns_midline	8674008
all_dm6_minus_cns_midline	8674009
all_dm6_minus_cns_midline	8674011
all_dm6_minus_cns_midline	8674012
all_dm6_minus_cns_midline	8674013
all_dm6_minus_cns_midline	8674014
all_dm6_minus_cns_midline	8674015
all_dm6_minus_cns_midline	8674016
all_dm6_minus_cns_midline	8674018
all_dm6_minus_cns_midline	8674019
all_dm6_minus_cns_midline	8674020
all_dm6_minus_cns_midline	8674021
all_dm6_minus_cns_midline	8674022
all_dm6_minus_cns_midline	8674023
all_dm6_minus_cns_midline	8674024
all_dm6_minus_cns_midline	8674025
all_dm6_minus_cns_midline	8674026
all_dm6_minus_cns_midline	8674028
all_dm6_minus_cns_midline	8674029
all_dm6_minus_cns_midline	8674030
all_dm6_minus_cns_midline	8674031
all_dm6_minus_cns_midline	8674032
all_dm6_minus_cns_midline	8674033
all_dm6_minus_cns_midline	8674034
all_dm6_minus_cns_midline	8674035
all_dm6_minus_cns_midline	8674036
all_dm6_minus_cns_midline	8674037
all_dm6_minus_cns_midline	8674039
all_dm6_minus_cns_midline	8674040
all_dm6_minus_cns_midline	8674041
all_dm6_minus_cns_midline	8674042
all_dm6_minus_cns_midline	8674043
all_dm6_minus_cns_midline	8674044
all_dm6_minus_cns_midline	8674045
all_dm6_minus_cns_midline	8674046
all_dm6_minus_cns_midline	8674048
all_dm6_minus_cns_midline	8674050
all_dm6_minus_cns_midline	8674051
all_dm6_minus_cns_midline	8674052
all_dm6_minus_cns_midline	8674054
all_dm6_minus_cns_midline	8674055
all_dm6_minus_cns_midline	8674056
all_dm6_minus_cns_midline	8674058
all_dm6_minus_cns_midline	8674059
all_dm6_minus_cns_midline	8674060
all_dm6_minus_cns_midline	8674061
all_dm6_minus_cns_midline	8674062
all_dm6_minus_cns_midline	8674063
all_dm6_minus_cns_midline	8674064
all_dm6_minus_cns_midline	8674065
all_dm6_minus_cns_midline	8674066
all_dm6_minus_cns_midline	8674067
all_dm6_minus_cns_midline	8674068
all_dm6_minus_cns_midline	8674069
all_dm6_minus_cns_midline	8674071
all_dm6_minus_cns_midline	8674072
all_dm6_minus_cns_midline	8674073
all_dm6_minus_cns_midline	8674074
all_dm6_minus_cns_midline	8674075
all_dm6_minus_cns_midline	8674076
all_dm6_minus_cns_midline	8674077
all_dm6_minus_cns_midline	8674079
all_dm6_minus_cns_midline	8674080
all_dm6_minus_cns_midline	8674081
all_dm6_minus_cns_midline	8674082
all_dm6_minus_cns_midline	8674083
all_dm6_minus_cns_midline	8674084
all_dm6_minus_cns_midline	8674085
all_dm6_minus_cns_midline	8674087
all_dm6_minus_cns_midline	8674088
all_dm6_minus_cns_midline	8674090
all_dm6_minus_cns_midline	8674091
all_dm6_minus_cns_midline	8674092
all_dm6_minus_cns_midline	8674093
all_dm6_minus_cns_midline	8674094
all_dm6_minus_cns_midline	8674095
all_dm6_minus_cns_midline	8674096
all_dm6_minus_cns_midline	8674097
all_dm6_minus_cns_midline	8674098
all_dm6_minus_cns_midline	8674100
all_dm6_minus_cns_midline	8674101
all_dm6_minus_cns_midline	8674102
all_dm6_minus_cns_midline	8674103
all_dm6_minus_cns_midline	8674104
all_dm6_minus_cns_midline	8674105
all_dm6_minus_cns_midline	8674106
all_dm6_minus_cns_midline	8674107
all_dm6_minus_cns_midline	8674108
all_dm6_minus_cns_midline	8674109
all_dm6_minus_cns_midline	8674111
all_dm6_minus_cns_midline	8674113
all_dm6_minus_cns_midline	8674114
all_dm6_minus_cns_midline	8674115
all_dm6_minus_cns_midline	8674116
all_dm6_minus_cns_midline	8674117
all_dm6_minus_cns_midline	8674119
all_dm6_minus_cns_midline	8674120
all_dm6_minus_cns_midline	8680136
all_dm6_minus_cns_midline	8680137
all_dm6_minus_cns_midline	8680138
all_dm6_minus_cns_midline	8680139
all_dm6_minus_cns_midline	8680140
all_dm6_minus_cns_midline	8680141
all_dm6_minus_cns_midline	8680142
all_dm6_minus_cns_midline	8680143
all_dm6_minus_cns_midline	8680144
all_dm6_minus_cns_midline	8680146
all_dm6_minus_cns_midline	8680147
all_dm6_minus_cns_midline	8680148
all_dm6_minus_cns_midline	8680149
all_dm6_minus_cns_midline	8680150
all_dm6_minus_cns_midline	8680151
all_dm6_minus_cns_midline	8680152
all_dm6_minus_cns_midline	8680153
all_dm6_minus_cns_midline	8680154
all_dm6_minus_cns_midline	8680155
all_dm6_minus_cns_midline	8680156
all_dm6_minus_cns_midline	8680157
all_dm6_minus_cns_midline	8680158
all_dm6_minus_cns_midline	8680159
all_dm6_minus_cns_midline	8680160
all_dm6_minus_cns_midline	8680161
all_dm6_minus_cns_midline	8680162
all_dm6_minus_cns_midline	8680163
all_dm6_minus_cns_midline	10178776
all_dm6_minus_cns_midline	10178777
all_dm6_minus_cns_midline	10178779
all_dm6_minus_cns_midline	10178780
all_dm6_minus_cns_midline	10178781
all_dm6_minus_cns_midline	10178782
all_dm6_minus_cns_midline	10178783
all_dm6_minus_cns_midline	10178784
all_dm6_minus_cns_midline	10178785
all_dm6_minus_cns_midline	10178786
all_dm6_minus_cns_midline	10178787
all_dm6_minus_cns_midline	10178788
all_dm6_minus_cns_midline	10178789
all_dm6_minus_cns_midline	10178791
all_dm6_minus_cns_midline	10178792
all_dm6_minus_cns_midline	10178793
all_dm6_minus_cns_midline	10178795
all_dm6_minus_cns_midline	10178796
all_dm6_minus_cns_midline	10178797
all_dm6_minus_cns_midline	10178798
all_dm6_minus_cns_midline	10178799
all_dm6_minus_cns_midline	10178800
all_dm6_minus_cns_midline	10178801
all_dm6_minus_cns_midline	10178803
all_dm6_minus_cns_midline	10178805
all_dm6_minus_cns_midline	10178806
all_dm6_minus_cns_midline	10178807
all_dm6_minus_cns_midline	10178808
all_dm6_minus_cns_midline	10178809
all_dm6_minus_cns_midline	10178810
all_dm6_minus_cns_midline	10178812
all_dm6_minus_cns_midline	10178813
all_dm6_minus_cns_midline	10178814
all_dm6_minus_cns_midline	10178816
all_dm6_minus_cns_midline	10178817
all_dm6_minus_cns_midline	10178818
all_dm6_minus_cns_midline	10178819
all_dm6_minus_cns_midline	10178820
all_dm6_minus_cns_midline	10178822
all_dm6_minus_cns_midline	10178823
all_dm6_minus_cns_midline	10178824
all_dm6_minus_cns_midline	10178825
all_dm6_minus_cns_midline	10178827
all_dm6_minus_cns_midline	10178828
all_dm6_minus_cns_midline	10178829
all_dm6_minus_cns_midline	10178831
all_dm6_minus_cns_midline	10178832
all_dm6_minus_cns_midline	10178834
all_dm6_minus_cns_midline	10178835
all_dm6_minus_cns_midline	10178836
all_dm6_minus_cns_midline	10178837
all_dm6_minus_cns_midline	10178839
all_dm6_minus_cns_midline	10178840
all_dm6_minus_cns_midline	10178841
all_dm6_minus_cns_midline	10178842
all_dm6_minus_cns_midline	10178843
all_dm6_minus_cns_midline	10178844
all_dm6_minus_cns_midline	10178845
all_dm6_minus_cns_midline	10178846
all_dm6_minus_cns_midline	10178847
all_dm6_minus_cns_midline	10178848
all_dm6_minus_cns_midline	10178849
all_dm6_minus_cns_midline	10178851
all_dm6_minus_cns_midline	10178852
all_dm6_minus_cns_midline	10178853
all_dm6_minus_cns_midline	10178857
all_dm6_minus_cns_midline	10178859
all_dm6_minus_cns_midline	10178860
all_dm6_minus_cns_midline	10178861
all_dm6_minus_cns_midline	10178862
all_dm6_minus_cns_midline	10178863
all_dm6_minus_cns_midline	10178864
all_dm6_minus_cns_midline	10178865
all_dm6_minus_cns_midline	10178866
all_dm6_minus_cns_midline	10178868
all_dm6_minus_cns_midline	10178869
all_dm6_minus_cns_midline	10178870
all_dm6_minus_cns_midline	10178871
all_dm6_minus_cns_midline	10178872
all_dm6_minus_cns_midline	10178873
all_dm6_minus_cns_midline	10178874
all_dm6_minus_cns_midline	10178875
all_dm6_minus_cns_midline	10178876
all_dm6_minus_cns_midline	10178877
all_dm6_minus_cns_midline	10178878
all_dm6_minus_cns_midline	10178879
all_dm6_minus_cns_midline	10178880
all_dm6_minus_cns_midline	10178881
all_dm6_minus_cns_midline	10178882
all_dm6_minus_cns_midline	10178883
all_dm6_minus_cns_midline	10178885
all_dm6_minus_cns_midline	10178888
all_dm6_minus_cns_midline	10178889
all_dm6_minus_cns_midline	10178890
all_dm6_minus_cns_midline	10178891
all_dm6_minus_cns_midline	10178892
all_dm6_minus_cns_midline	10178894
all_dm6_minus_cns_midline	10178895
all_dm6_minus_cns_midline	10178897
all_dm6_minus_cns_midline	10178898
all_dm6_minus_cns_midline	10178899
all_dm6_minus_cns_midline	10178900
all_dm6_minus_cns_midline	10178901
all_dm6_minus_cns_midline	10178902
all_dm6_minus_cns_midline	10178903
all_dm6_minus_cns_midline	10178905
all_dm6_minus_cns_midline	10178906
all_dm6_minus_cns_midline	10178907
all_dm6_minus_cns_midline	10178908
all_dm6_minus_cns_midline	10178909
all_dm6_minus_cns_midline	10178910
all_dm6_minus_cns_midline	10178911
all_dm6_minus_cns_midline	10178912
all_dm6_minus_cns_midline	10178913
all_dm6_minus_cns_midline	10178914
all_dm6_minus_cns_midline	10178915
all_dm6_minus_cns_midline	10178916
all_dm6_minus_cns_midline	10178917
all_dm6_minus_cns_midline	10178921
all_dm6_minus_cns_midline	10178922
all_dm6_minus_cns_midline	10178923
all_dm6_minus_cns_midline	10178924
all_dm6_minus_cns_midline	10178925
all_dm6_minus_cns_midline	10178926
all_dm6_minus_cns_midline	10178927
all_dm6_minus_cns_midline	10178928
all_dm6_minus_cns_midline	10178929
all_dm6_minus_cns_midline	10178930
all_dm6_minus_cns_midline	10178932
all_dm6_minus_cns_midline	10178933
all_dm6_minus_cns_midline	10178934
all_dm6_minus_cns_midline	10178935
all_dm6_minus_cns_midline	10178936
all_dm6_minus_cns_midline	10178937
all_dm6_minus_cns_midline	10178939
all_dm6_minus_cns_midline	10178940
all_dm6_minus_cns_midline	10178941
all_dm6_minus_cns_midline	10178942
all_dm6_minus_cns_midline	10178943
all_dm6_minus_cns_midline	10178944
all_dm6_minus_cns_midline	10178945
all_dm6_minus_cns_midline	10178946
all_dm6_minus_cns_midline	10178948
all_dm6_minus_cns_midline	10178949
all_dm6_minus_cns_midline	10178950
all_dm6_minus_cns_midline	10178951
all_dm6_minus_cns_midline	10178952
all_dm6_minus_cns_midline	10178954
all_dm6_minus_cns_midline	10178955
all_dm6_minus_cns_midline	10178956
all_dm6_minus_cns_midline	10178957
all_dm6_minus_cns_midline	10178958
all_dm6_minus_cns_midline	10178960
all_dm6_minus_cns_midline	10178961
all_dm6_minus_cns_midline	10178962
all_dm6_minus_cns_midline	10178963
all_dm6_minus_cns_midline	10178965
all_dm6_minus_cns_midline	10178966
all_dm6_minus_cns_midline	10178967
all_dm6_minus_cns_midline	10178968
all_dm6_minus_cns_midline	10178970
all_dm6_minus_cns_midline	10216620
all_dm6_minus_cns_midline	10216621
all_dm6_minus_cns_midline	10216622
all_dm6_minus_cns_midline	10216623
all_dm6_minus_cns_midline	10216624
all_dm6_minus_cns_midline	10216625
all_dm6_minus_cns_midline	10216626
all_dm6_minus_cns_midline	10216627
all_dm6_minus_cns_midline	10216628
all_dm6_minus_cns_midline	10216629
all_dm6_minus_cns_midline	10216630
all_dm6_minus_cns_midline	10216631
all_dm6_minus_cns_midline	12797860
all_dm6_minus_cns_midline	12797861
all_dm6_minus_cns_midline	12797862
all_dm6_minus_cns_midline	12797863
all_dm6_minus_cns_midline	12797864
all_dm6_minus_cns_midline	12797865
all_dm6_minus_cns_midline	12797866
all_dm6_minus_cns_midline	12797867
all_dm6_minus_cns_midline	12797868
all_dm6_minus_cns_midline	12797869
all_dm6_minus_cns_midline	12797870
all_dm6_minus_cns_midline	12797871
all_dm6_minus_cns_midline	12797872
all_dm6_minus_cns_midline	12797873
all_dm6_minus_cns_midline	12797874
all_dm6_minus_cns_midline	12797875
all_dm6_minus_cns_midline	12797876
all_dm6_minus_cns_midline	12797877
all_dm6_minus_cns_midline	12797878
all_dm6_minus_cns_midline	12797880
all_dm6_minus_cns_midline	12797881
all_dm6_minus_cns_midline	12797882
all_dm6_minus_cns_midline	12797883
all_dm6_minus_cns_midline	12797884
all_dm6_minus_cns_midline	12797885
all_dm6_minus_cns_midline	12797886
all_dm6_minus_cns_midline	12797887
all_dm6_minus_cns_midline	12797888
all_dm6_minus_cns_midline	12797889
all_dm6_minus_cns_midline	12797890
all_dm6_minus_cns_midline	12797891
all_dm6_minus_cns_midline	12797892
all_dm6_minus_cns_midline	12797893
all_dm6_minus_cns_midline	12797894
all_dm6_minus_cns_midline	12797895
all_dm6_minus_cns_midline	12797896
all_dm6_minus_cns_midline	12797897
all_dm6_minus_cns_midline	12797898
all_dm6_minus_cns_midline	12797899
all_dm6_minus_cns_midline	12797900
all_dm6_minus_cns_midline	12797901
all_dm6_minus_cns_midline	12797902
all_dm6_minus_cns_midline	12797903
all_dm6_minus_cns_midline	12797904
all_dm6_minus_cns_midline	12797905
all_dm6_minus_cns_midline	12797908
all_dm6_minus_cns_midline	12797909
all_dm6_minus_cns_midline	12797910
all_dm6_minus_cns_midline	12797911
all_dm6_minus_cns_midline	12797912
all_dm6_minus_cns_midline	12797913
all_dm6_minus_cns_midline	12797914
all_dm6_minus_cns_midline	12797915
all_dm6_minus_cns_midline	12797916
all_dm6_minus_cns_midline	12797917
all_dm6_minus_cns_midline	12797918
all_dm6_minus_cns_midline	12797919
all_dm6_minus_cns_midline	12797920
all_dm6_minus_cns_midline	12797922
all_dm6_minus_cns_midline	12797923
all_dm6_minus_cns_midline	12797924
all_dm6_minus_cns_midline	12797925
all_dm6_minus_cns_midline	12797926
all_dm6_minus_cns_midline	12797927
all_dm6_minus_cns_midline	12797928
all_dm6_minus_cns_midline	12797932
all_dm6_minus_cns_midline	12797933
all_dm6_minus_cns_midline	12797934
all_dm6_minus_cns_midline	12797935
all_dm6_minus_cns_midline	12797936
all_dm6_minus_cns_midline	12797937
all_dm6_minus_cns_midline	12797938
all_dm6_minus_cns_midline	12797939
all_dm6_minus_cns_midline	12797940
all_dm6_minus_cns_midline	12797941
all_dm6_minus_cns_midline	12797942
all_dm6_minus_cns_midline	12797943
all_dm6_minus_cns_midline	12797944
all_dm6_minus_cns_midline	12797946
all_dm6_minus_cns_midline	12797948
all_dm6_minus_cns_midline	12797949
all_dm6_minus_cns_midline	12797951
all_dm6_minus_cns_midline	12797952
all_dm6_minus_cns_midline	12797953
all_dm6_minus_cns_midline	12797954
all_dm6_minus_cns_midline	12797955
all_dm6_minus_cns_midline	12797956
all_dm6_minus_cns_midline	12797957
all_dm6_minus_cns_midline	12797958
all_dm6_minus_cns_midline	12797960
all_dm6_minus_cns_midline	12797961
all_dm6_minus_cns_midline	12797962
all_dm6_minus_cns_midline	12797963
all_dm6_minus_cns_midline	12797964
all_dm6_minus_cns_midline	12797965
all_dm6_minus_cns_midline	12797966
all_dm6_minus_cns_midline	12797967
all_dm6_minus_cns_midline	12797968
all_dm6_minus_cns_midline	12797969
all_dm6_minus_cns_midline	12797970
all_dm6_minus_cns_midline	12797971
all_dm6_minus_cns_midline	12797972
all_dm6_minus_cns_midline	12797973
all_dm6_minus_cns_midline	12797974
all_dm6_minus_cns_midline	12797975
all_dm6_minus_cns_midline	12797976
all_dm6_minus_cns_midline	12797977
all_dm6_minus_cns_midline	12797978
all_dm6_minus_cns_midline	12797979
all_dm6_minus_cns_midline	12797980
all_dm6_minus_cns_midline	12797981
all_dm6_minus_cns_midline	12797982
all_dm6_minus_cns_midline	12797983
all_dm6_minus_cns_midline	12797984
all_dm6_minus_cns_midline	12797986
all_dm6_minus_cns_midline	12797987
all_dm6_minus_cns_midline	12797988
all_dm6_minus_cns_midline	12797989
all_dm6_minus_cns_midline	12797990
all_dm6_minus_cns_midline	12797991
all_dm6_minus_cns_midline	12797992
all_dm6_minus_cns_midline	12797993
all_dm6_minus_cns_midline	12797994
all_dm6_minus_cns_midline	12797995
all_dm6_minus_cns_midline	12797996
all_dm6_minus_cns_midline	12797997
all_dm6_minus_cns_midline	12797998
all_dm6_minus_cns_midline	12797999
all_dm6_minus_cns_midline	12798000
all_dm6_minus_cns_midline	12798001
all_dm6_minus_cns_midline	12798002
all_dm6_minus_cns_midline	12798003
all_dm6_minus_cns_midline	12798005
all_dm6_minus_cns_midline	12798006
all_dm6_minus_cns_midline	12798007
all_dm6_minus_cns_midline	12798009
all_dm6_minus_cns_midline	12798010
all_dm6_minus_cns_midline	12798011
all_dm6_minus_cns_midline	12798012
all_dm6_minus_cns_midline	12798013
all_dm6_minus_cns_midline	12798014
all_dm6_minus_cns_midline	12798015
all_dm6_minus_cns_midline	12798016
all_dm6_minus_cns_midline	12798017
all_dm6_minus_cns_midline	12798018
all_dm6_minus_cns_midline	12798019
all_dm6_minus_cns_midline	12798020
all_dm6_minus_cns_midline	12798021
all_dm6_minus_cns_midline	12798022
all_dm6_minus_cns_midline	12798023
all_dm6_minus_cns_midline	12798024
all_dm6_minus_cns_midline	12798026
all_dm6_minus_cns_midline	12798027
all_dm6_minus_cns_midline	12798028
all_dm6_minus_cns_midline	12798029
all_dm6_minus_cns_midline	12798030
all_dm6_minus_cns_midline	12798031
all_dm6_minus_cns_midline	12798032
all_dm6_minus_cns_midline	12798033
all_dm6_minus_cns_midline	12798034
all_dm6_minus_cns_midline	12798036
all_dm6_minus_cns_midline	12798037
all_dm6_minus_cns_midline	12798038
all_dm6_minus_cns_midline	12798039
all_dm6_minus_cns_midline	12798040
all_dm6_minus_cns_midline	12798041
all_dm6_minus_cns_midline	12798042
all_dm6_minus_cns_midline	12798043
all_dm6_minus_cns_midline	12798044
all_dm6_minus_cns_midline	12798045
all_dm6_minus_cns_midline	12798047
all_dm6_minus_cns_midline	12798048
all_dm6_minus_cns_midline	12798049
all_dm6_minus_cns_midline	12798050
all_dm6_minus_cns_midline	12798051
all_dm6_minus_cns_midline	12798052
all_dm6_minus_cns_midline	12798053
all_dm6_minus_cns_midline	12798054
all_dm6_minus_cns_midline	12798055
all_dm6_minus_cns_midline	12798056
all_dm6_minus_cns_midline	12798057
all_dm6_minus_cns_midline	12798058
all_dm6_minus_cns_midline	12798059
all_dm6_minus_cns_midline	12798060
all_dm6_minus_cns_midline	12798061
all_dm6_minus_cns_midline	12798062
all_dm6_minus_cns_midline	12798063
all_dm6_minus_cns_midline	12798064
all_dm6_minus_cns_midline	12798065
all_dm6_minus_cns_midline	12798066
all_dm6_minus_cns_midline	12798067
all_dm6_minus_cns_midline	12798068
all_dm6_minus_cns_midline	12798069
all_dm6_minus_cns_midline	12798070
all_dm6_minus_cns_midline	12798072
all_dm6_minus_cns_midline	12798073
all_dm6_minus_cns_midline	12798074
all_dm6_minus_cns_midline	12798075
all_dm6_minus_cns_midline	12798076
all_dm6_minus_cns_midline	12798077
all_dm6_minus_cns_midline	12798078
all_dm6_minus_cns_midline	12798079
all_dm6_minus_cns_midline	12798080
all_dm6_minus_cns_midline	12798081
all_dm6_minus_cns_midline	12798082
all_dm6_minus_cns_midline	12798083
all_dm6_minus_cns_midline	12798084
all_dm6_minus_cns_midline	12798085
all_dm6_minus_cns_midline	12798086
all_dm6_minus_cns_midline	12798087
all_dm6_minus_cns_midline	12798088
all_dm6_minus_cns_midline	12798089
all_dm6_minus_cns_midline	12798090
all_dm6_minus_cns_midline	12798091
all_dm6_minus_cns_midline	12798092
all_dm6_minus_cns_midline	12798093
all_dm6_minus_cns_midline	12798094
all_dm6_minus_cns_midline	12798095
all_dm6_minus_cns_midline	12798096
all_dm6_minus_cns_midline	12798097
all_dm6_minus_cns_midline	12798098
all_dm6_minus_cns_midline	12798099
all_dm6_minus_cns_midline	12798100
all_dm6_minus_cns_midline	12798101
all_dm6_minus_cns_midline	12798102
all_dm6_minus_cns_midline	12798103
all_dm6_minus_cns_midline	12798104
all_dm6_minus_cns_midline	12798105
all_dm6_minus_cns_midline	12798106
all_dm6_minus_cns_midline	12798107
all_dm6_minus_cns_midline	12798108
all_dm6_minus_cns_midline	12798109
all_dm6_minus_cns_midline	12798110
all_dm6_minus_cns_midline	12798111
all_dm6_minus_cns_midline	12798112
all_dm6_minus_cns_midline	12798113
all_dm6_minus_cns_midline	12798114
all_dm6_minus_cns_midline	12798115
all_dm6_minus_cns_midline	12798116
all_dm6_minus_cns_midline	12798117
all_dm6_minus_cns_midline	12798118
all_dm6_minus_cns_midline	12798119
all_dm6_minus_cns_midline	12798120
all_dm6_minus_cns_midline	12798121
all_dm6_minus_cns_midline	12798122
all_dm6_minus_cns_midline	12798123
all_dm6_minus_cns_midline	12798124
all_dm6_minus_cns_midline	12798125
all_dm6_minus_cns_midline	12798126
all_dm6_minus_cns_midline	12798127
all_dm6_minus_cns_midline	12798128
all_dm6_minus_cns_midline	12798129
all_dm6_minus_cns_midline	12798130
all_dm6_minus_cns_midline	12798131
all_dm6_minus_cns_midline	12798132
all_dm6_minus_cns_midline	12798133
all_dm6_minus_cns_midline	12798134
all_dm6_minus_cns_midline	12798136
all_dm6_minus_cns_midline	12798138
all_dm6_minus_cns_midline	12798139
all_dm6_minus_cns_midline	12798140
all_dm6_minus_cns_midline	12798141
all_dm6_minus_cns_midline	12798142
all_dm6_minus_cns_midline	12798143
all_dm6_minus_cns_midline	12798144
all_dm6_minus_cns_midline	12798145
all_dm6_minus_cns_midline	12798146
all_dm6_minus_cns_midline	12798147
all_dm6_minus_cns_midline	12798148
all_dm6_minus_cns_midline	12798149
all_dm6_minus_cns_midline	12798150
all_dm6_minus_cns_midline	12798151
all_dm6_minus_cns_midline	12798152
all_dm6_minus_cns_midline	12798153
all_dm6_minus_cns_midline	12798155
all_dm6_minus_cns_midline	12798157
all_dm6_minus_cns_midline	12798158
all_dm6_minus_cns_midline	12798159
all_dm6_minus_cns_midline	12798160
all_dm6_minus_cns_midline	12798161
all_dm6_minus_cns_midline	12798162
all_dm6_minus_cns_midline	12798163
all_dm6_minus_cns_midline	12798164
all_dm6_minus_cns_midline	12798165
all_dm6_minus_cns_midline	12798166
all_dm6_minus_cns_midline	12798167
all_dm6_minus_cns_midline	12798169
all_dm6_minus_cns_midline	12798170
all_dm6_minus_cns_midline	12798171
all_dm6_minus_cns_midline	12798172
all_dm6_minus_cns_midline	12798174
all_dm6_minus_cns_midline	12798175
all_dm6_minus_cns_midline	12798176
all_dm6_minus_cns_midline	12798177
all_dm6_minus_cns_midline	12798178
all_dm6_minus_cns_midline	12798179
all_dm6_minus_cns_midline	12798180
all_dm6_minus_cns_midline	12798181
all_dm6_minus_cns_midline	12798182
all_dm6_minus_cns_midline	12798183
all_dm6_minus_cns_midline	12798184
all_dm6_minus_cns_midline	12798185
all_dm6_minus_cns_midline	12798186
all_dm6_minus_cns_midline	12798187
all_dm6_minus_cns_midline	12798188
all_dm6_minus_cns_midline	12798189
all_dm6_minus_cns_midline	12798190
all_dm6_minus_cns_midline	12798191
all_dm6_minus_cns_midline	12798192
all_dm6_minus_cns_midline	12798193
all_dm6_minus_cns_midline	12798194
all_dm6_minus_cns_midline	12798195
all_dm6_minus_cns_midline	12798196
all_dm6_minus_cns_midline	12798197
all_dm6_minus_cns_midline	12798198
all_dm6_minus_cns_midline	12798199
all_dm6_minus_cns_midline	12798200
all_dm6_minus_cns_midline	12798201
all_dm6_minus_cns_midline	12798202
all_dm6_minus_cns_midline	12798203
all_dm6_minus_cns_midline	12798204
all_dm6_minus_cns_midline	12798205
all_dm6_minus_cns_midline	12798206
all_dm6_minus_cns_midline	12798207
all_dm6_minus_cns_midline	12798208
all_dm6_minus_cns_midline	12798210
all_dm6_minus_cns_midline	12798211
all_dm6_minus_cns_midline	12798212
all_dm6_minus_cns_midline	12798213
all_dm6_minus_cns_midline	12798214
all_dm6_minus_cns_midline	12798215
all_dm6_minus_cns_midline	12798216
all_dm6_minus_cns_midline	12798217
all_dm6_minus_cns_midline	12798218
all_dm6_minus_cns_midline	12798219
all_dm6_minus_cns_midline	12798220
all_dm6_minus_cns_midline	12798221
all_dm6_minus_cns_midline	12798222
all_dm6_minus_cns_midline	12798223
all_dm6_minus_cns_midline	12798224
all_dm6_minus_cns_midline	12798225
all_dm6_minus_cns_midline	12798226
all_dm6_minus_cns_midline	12798227
all_dm6_minus_cns_midline	12798228
all_dm6_minus_cns_midline	12798229
all_dm6_minus_cns_midline	12798230
all_dm6_minus_cns_midline	12798231
all_dm6_minus_cns_midline	12798232
all_dm6_minus_cns_midline	12798233
all_dm6_minus_cns_midline	12798234
all_dm6_minus_cns_midline	12798235
all_dm6_minus_cns_midline	12798236
all_dm6_minus_cns_midline	12798237
all_dm6_minus_cns_midline	12798238
all_dm6_minus_cns_midline	12798240
all_dm6_minus_cns_midline	12798241
all_dm6_minus_cns_midline	12798242
all_dm6_minus_cns_midline	12798244
all_dm6_minus_cns_midline	12798245
all_dm6_minus_cns_midline	12798246
all_dm6_minus_cns_midline	12798247
all_dm6_minus_cns_midline	12798248
all_dm6_minus_cns_midline	12798251
all_dm6_minus_cns_midline	12798252
all_dm6_minus_cns_midline	12798253
all_dm6_minus_cns_midline	12798254
all_dm6_minus_cns_midline	12798256
all_dm6_minus_cns_midline	12798257
all_dm6_minus_cns_midline	12798258
all_dm6_minus_cns_midline	12798259
all_dm6_minus_cns_midline	12798260
all_dm6_minus_cns_midline	12798261
all_dm6_minus_cns_midline	12798262
all_dm6_minus_cns_midline	12798263
all_dm6_minus_cns_midline	12798264
all_dm6_minus_cns_midline	12798265
all_dm6_minus_cns_midline	12798266
all_dm6_minus_cns_midline	12798267
all_dm6_minus_cns_midline	12798268
all_dm6_minus_cns_midline	12798269
all_dm6_minus_cns_midline	12798270
all_dm6_minus_cns_midline	12798271
all_dm6_minus_cns_midline	12798272
all_dm6_minus_cns_midline	12798273
all_dm6_minus_cns_midline	12798274
all_dm6_minus_cns_midline	12798275
all_dm6_minus_cns_midline	12798276
all_dm6_minus_cns_midline	12798277
all_dm6_minus_cns_midline	12798278
all_dm6_minus_cns_midline	12798279
all_dm6_minus_cns_midline	12798280
all_dm6_minus_cns_midline	12798281
all_dm6_minus_cns_midline	12798282
all_dm6_minus_cns_midline	12798283
all_dm6_minus_cns_midline	12798284
all_dm6_minus_cns_midline	12798286
all_dm6_minus_cns_midline	12798287
all_dm6_minus_cns_midline	12798288
all_dm6_minus_cns_midline	12798289
all_dm6_minus_cns_midline	12798290
all_dm6_minus_cns_midline	12798291
all_dm6_minus_cns_midline	12798292
all_dm6_minus_cns_midline	12798293
all_dm6_minus_cns_midline	12798294
all_dm6_minus_cns_midline	12798295
all_dm6_minus_cns_midline	12798296
all_dm6_minus_cns_midline	12798297
all_dm6_minus_cns_midline	12798298
all_dm6_minus_cns_midline	12798299
all_dm6_minus_cns_midline	12798300
all_dm6_minus_cns_midline	12798301
all_dm6_minus_cns_midline	12798303
all_dm6_minus_cns_midline	12798304
all_dm6_minus_cns_midline	12798305
all_dm6_minus_cns_midline	12798306
all_dm6_minus_cns_midline	12798307
all_dm6_minus_cns_midline	12798308
all_dm6_minus_cns_midline	12798309
all_dm6_minus_cns_midline	12798311
all_dm6_minus_cns_midline	12798312
all_dm6_minus_cns_midline	12798313
all_dm6_minus_cns_midline	12798314
all_dm6_minus_cns_midline	12798316
all_dm6_minus_cns_midline	12798317
all_dm6_minus_cns_midline	12798319
all_dm6_minus_cns_midline	12798320
all_dm6_minus_cns_midline	12798321
all_dm6_minus_cns_midline	12798322
all_dm6_minus_cns_midline	12798323
all_dm6_minus_cns_midline	12798324
all_dm6_minus_cns_midline	12798325
all_dm6_minus_cns_midline	12798326
all_dm6_minus_cns_midline	12798327
all_dm6_minus_cns_midline	12798328
all_dm6_minus_cns_midline	12798329
all_dm6_minus_cns_midline	12798330
all_dm6_minus_cns_midline	12798331
all_dm6_minus_cns_midline	12798332
all_dm6_minus_cns_midline	12798333
all_dm6_minus_cns_midline	12798334
all_dm6_minus_cns_midline	12798335
all_dm6_minus_cns_midline	12798336
all_dm6_minus_cns_midline	12798337
all_dm6_minus_cns_midline	12798338
all_dm6_minus_cns_midline	12798339
all_dm6_minus_cns_midline	12798340
all_dm6_minus_cns_midline	12798341
all_dm6_minus_cns_midline	12798342
all_dm6_minus_cns_midline	12798343
all_dm6_minus_cns_midline	12798344
all_dm6_minus_cns_midline	12798345
all_dm6_minus_cns_midline	12798346
all_dm6_minus_cns_midline	12798347
all_dm6_minus_cns_midline	12798348
all_dm6_minus_cns_midline	12798349
all_dm6_minus_cns_midline	12798350
all_dm6_minus_cns_midline	12798351
all_dm6_minus_cns_midline	12798352
all_dm6_minus_cns_midline	12798353
all_dm6_minus_cns_midline	12798354
all_dm6_minus_cns_midline	12798355
all_dm6_minus_cns_midline	12798356
all_dm6_minus_cns_midline	12798357
all_dm6_minus_cns_midline	12798358
all_dm6_minus_cns_midline	12798359
all_dm6_minus_cns_midline	12798360
all_dm6_minus_cns_midline	12798361
all_dm6_minus_cns_midline	12798362
all_dm6_minus_cns_midline	12798363
all_dm6_minus_cns_midline	12798364
all_dm6_minus_cns_midline	12798365
all_dm6_minus_cns_midline	12798366
all_dm6_minus_cns_midline	12798367
all_dm6_minus_cns_midline	12798368
all_dm6_minus_cns_midline	12798369
all_dm6_minus_cns_midline	12798370
all_dm6_minus_cns_midline	12798371
all_dm6_minus_cns_midline	12798372
all_dm6_minus_cns_midline	12798373
all_dm6_minus_cns_midline	12798374
all_dm6_minus_cns_midline	12798375
all_dm6_minus_cns_midline	12798376
all_dm6_minus_cns_midline	12798377
all_dm6_minus_cns_midline	12798378
all_dm6_minus_cns_midline	12798379
all_dm6_minus_cns_midline	12798380
all_dm6_minus_cns_midline	12798381
all_dm6_minus_cns_midline	12798382
all_dm6_minus_cns_midline	12798383
all_dm6_minus_cns_midline	12798384
all_dm6_minus_cns_midline	12798385
all_dm6_minus_cns_midline	12798386
all_dm6_minus_cns_midline	12798387
all_dm6_minus_cns_midline	12798388
all_dm6_minus_cns_midline	12798389
all_dm6_minus_cns_midline	12798390
all_dm6_minus_cns_midline	12798391
all_dm6_minus_cns_midline	12798392
all_dm6_minus_cns_midline	12798393
all_dm6_minus_cns_midline	12798394
all_dm6_minus_cns_midline	12798395
all_dm6_minus_cns_midline	12798397
all_dm6_minus_cns_midline	12798398
all_dm6_minus_cns_midline	12798399
all_dm6_minus_cns_midline	12798400
all_dm6_minus_cns_midline	12798401
all_dm6_minus_cns_midline	12798402
all_dm6_minus_cns_midline	12798403
all_dm6_minus_cns_midline	12798405
all_dm6_minus_cns_midline	12798406
all_dm6_minus_cns_midline	12798407
all_dm6_minus_cns_midline	12798408
all_dm6_minus_cns_midline	12798409
all_dm6_minus_cns_midline	12798410
all_dm6_minus_cns_midline	12798411
all_dm6_minus_cns_midline	12798412
all_dm6_minus_cns_midline	12798413
all_dm6_minus_cns_midline	12798414
all_dm6_minus_cns_midline	12798415
all_dm6_minus_cns_midline	12798416
all_dm6_minus_cns_midline	12798417
all_dm6_minus_cns_midline	12798418
all_dm6_minus_cns_midline	12798419
all_dm6_minus_cns_midline	12798420
all_dm6_minus_cns_midline	12798421
all_dm6_minus_cns_midline	12798422
all_dm6_minus_cns_midline	12798423
all_dm6_minus_cns_midline	12798424
all_dm6_minus_cns_midline	12798425
all_dm6_minus_cns_midline	12798426
all_dm6_minus_cns_midline	12798427
all_dm6_minus_cns_midline	12798428
all_dm6_minus_cns_midline	12798429
all_dm6_minus_cns_midline	12798430
all_dm6_minus_cns_midline	12798431
all_dm6_minus_cns_midline	12798432
all_dm6_minus_cns_midline	12798433
all_dm6_minus_cns_midline	12798434
all_dm6_minus_cns_midline	12798435
all_dm6_minus_cns_midline	12798436
all_dm6_minus_cns_midline	12798437
all_dm6_minus_cns_midline	12798438
all_dm6_minus_cns_midline	12798439
all_dm6_minus_cns_midline	12798440
all_dm6_minus_cns_midline	12798442
all_dm6_minus_cns_midline	12798443
all_dm6_minus_cns_midline	12798444
all_dm6_minus_cns_midline	12798445
all_dm6_minus_cns_midline	12798446
all_dm6_minus_cns_midline	12798447
all_dm6_minus_cns_midline	12798448
all_dm6_minus_cns_midline	12798449
all_dm6_minus_cns_midline	12798450
all_dm6_minus_cns_midline	12798451
all_dm6_minus_cns_midline	12798452
all_dm6_minus_cns_midline	12798453
all_dm6_minus_cns_midline	12798454
all_dm6_minus_cns_midline	12798455
all_dm6_minus_cns_midline	12798456
all_dm6_minus_cns_midline	12798457
all_dm6_minus_cns_midline	12798458
all_dm6_minus_cns_midline	12798459
all_dm6_minus_cns_midline	12798460
all_dm6_minus_cns_midline	12798461
all_dm6_minus_cns_midline	12798462
all_dm6_minus_cns_midline	12798463
all_dm6_minus_cns_midline	12798464
all_dm6_minus_cns_midline	12798465
all_dm6_minus_cns_midline	12798466
all_dm6_minus_cns_midline	12798467
all_dm6_minus_cns_midline	12798468
all_dm6_minus_cns_midline	12798469
all_dm6_minus_cns_midline	12798470
all_dm6_minus_cns_midline	12798471
all_dm6_minus_cns_midline	12798472
all_dm6_minus_cns_midline	12798473
all_dm6_minus_cns_midline	12798474
all_dm6_minus_cns_midline	12798475
all_dm6_minus_cns_midline	12798476
all_dm6_minus_cns_midline	12798477
all_dm6_minus_cns_midline	12798478
all_dm6_minus_cns_midline	12798479
all_dm6_minus_cns_midline	12798480
all_dm6_minus_cns_midline	12798481
all_dm6_minus_cns_midline	12798482
all_dm6_minus_cns_midline	12798483
all_dm6_minus_cns_midline	12798484
all_dm6_minus_cns_midline	12798485
all_dm6_minus_cns_midline	12798487
all_dm6_minus_cns_midline	12798488
all_dm6_minus_cns_midline	12798489
all_dm6_minus_cns_midline	12798490
all_dm6_minus_cns_midline	12798491
all_dm6_minus_cns_midline	12798492
all_dm6_minus_cns_midline	12798493
all_dm6_minus_cns_midline	12798494
all_dm6_minus_cns_midline	12798495
all_dm6_minus_cns_midline	12798496
all_dm6_minus_cns_midline	12798497
all_dm6_minus_cns_midline	12798498
all_dm6_minus_cns_midline	12798499
all_dm6_minus_cns_midline	12798501
all_dm6_minus_cns_midline	12798502
all_dm6_minus_cns_midline	12798503
all_dm6_minus_cns_midline	12798504
all_dm6_minus_cns_midline	12798505
all_dm6_minus_cns_midline	12798506
all_dm6_minus_cns_midline	12798507
all_dm6_minus_cns_midline	12798508
all_dm6_minus_cns_midline	12798509
all_dm6_minus_cns_midline	12798510
all_dm6_minus_cns_midline	12798511
all_dm6_minus_cns_midline	12798512
all_dm6_minus_cns_midline	12798513
all_dm6_minus_cns_midline	12798514
all_dm6_minus_cns_midline	12798515
all_dm6_minus_cns_midline	12798516
all_dm6_minus_cns_midline	12798517
all_dm6_minus_cns_midline	12798518
all_dm6_minus_cns_midline	12798519
all_dm6_minus_cns_midline	12798520
all_dm6_minus_cns_midline	12798521
all_dm6_minus_cns_midline	12798523
all_dm6_minus_cns_midline	12798524
all_dm6_minus_cns_midline	12798525
all_dm6_minus_cns_midline	12798526
all_dm6_minus_cns_midline	12798527
all_dm6_minus_cns_midline	12798528
all_dm6_minus_cns_midline	12798529
all_dm6_minus_cns_midline	12798530
all_dm6_minus_cns_midline	12798531
all_dm6_minus_cns_midline	12798532
all_dm6_minus_cns_midline	12798533
all_dm6_minus_cns_midline	12798534
all_dm6_minus_cns_midline	12798535
all_dm6_minus_cns_midline	12798537
all_dm6_minus_cns_midline	12798539
all_dm6_minus_cns_midline	12798541
all_dm6_minus_cns_midline	12798542
all_dm6_minus_cns_midline	12798543
all_dm6_minus_cns_midline	12798544
all_dm6_minus_cns_midline	12798545
all_dm6_minus_cns_midline	12798546
all_dm6_minus_cns_midline	12798547
all_dm6_minus_cns_midline	12798548
all_dm6_minus_cns_midline	12798549
all_dm6_minus_cns_midline	12798550
all_dm6_minus_cns_midline	12798551
all_dm6_minus_cns_midline	12798552
all_dm6_minus_cns_midline	12798553
all_dm6_minus_cns_midline	12798554
all_dm6_minus_cns_midline	12798555
all_dm6_minus_cns_midline	12798556
all_dm6_minus_cns_midline	12798557
all_dm6_minus_cns_midline	12798558
all_dm6_minus_cns_midline	12798559
all_dm6_minus_cns_midline	12798560
all_dm6_minus_cns_midline	12798561
all_dm6_minus_cns_midline	12798562
all_dm6_minus_cns_midline	12798563
all_dm6_minus_cns_midline	12798564
all_dm6_minus_cns_midline	12798565
all_dm6_minus_cns_midline	12798566
all_dm6_minus_cns_midline	12798567
all_dm6_minus_cns_midline	12798568
all_dm6_minus_cns_midline	12798569
all_dm6_minus_cns_midline	12798570
all_dm6_minus_cns_midline	12798571
all_dm6_minus_cns_midline	12798572
all_dm6_minus_cns_midline	12798573
all_dm6_minus_cns_midline	12798574
all_dm6_minus_cns_midline	12798575
all_dm6_minus_cns_midline	12798576
all_dm6_minus_cns_midline	12798577
all_dm6_minus_cns_midline	12798578
all_dm6_minus_cns_midline	12798579
all_dm6_minus_cns_midline	12798580
all_dm6_minus_cns_midline	12798581
all_dm6_minus_cns_midline	12798582
all_dm6_minus_cns_midline	12798583
all_dm6_minus_cns_midline	12798584
all_dm6_minus_cns_midline	12798585
all_dm6_minus_cns_midline	12798586
all_dm6_minus_cns_midline	12798587
all_dm6_minus_cns_midline	12798588
all_dm6_minus_cns_midline	12869582
all_dm6_minus_cns_midline	12869583
all_dm6_minus_cns_midline	12869588
all_dm6_minus_cns_midline	12869591
all_dm6_minus_cns_midline	12869597
all_dm6_minus_cns_midline	12869600
all_dm6_minus_cns_midline	13084051
all_dm6_minus_cns_midline	13084062
all_dm6_minus_cns_midline	13084068
all_dm6_minus_cns_midline	13084069
all_dm6_minus_cns_midline	14462345
all_dm6_minus_cns_midline	14462346
all_dm6_minus_cns_midline	14462350
all_dm6_minus_cns_midline	14462351
all_dm6_minus_cns_midline	14462352
all_dm6_minus_cns_midline	14462353
all_dm6_minus_cns_midline	14462354
all_dm6_minus_cns_midline	14462355
all_dm6_minus_cns_midline	14462356
all_dm6_minus_cns_midline	14462357
all_dm6_minus_cns_midline	14462358
all_dm6_minus_cns_midline	14462359
all_dm6_minus_cns_midline	14462360
all_dm6_minus_cns_midline	14462361
all_dm6_minus_cns_midline	14462374
all_dm6_minus_cns_midline	14462375
all_dm6_minus_cns_midline	14462376
all_dm6_minus_cns_midline	14462377
all_dm6_minus_cns_midline	14462378
all_dm6_minus_cns_midline	14462379
all_dm6_minus_cns_midline	14462382
all_dm6_minus_cns_midline	14462383
all_dm6_minus_cns_midline	14462384
all_dm6_minus_cns_midline	14462385
all_dm6_minus_cns_midline	14462386
all_dm6_minus_cns_midline	14462388
all_dm6_minus_cns_midline	14462389
all_dm6_minus_cns_midline	14462390
all_dm6_minus_cns_midline	14462391
all_dm6_minus_cns_midline	14462392
all_dm6_minus_cns_midline	14462393
all_dm6_minus_cns_midline	14462394
all_dm6_minus_cns_midline	14462395
all_dm6_minus_cns_midline	14462396
all_dm6_minus_cns_midline	14462398
all_dm6_minus_cns_midline	14462399
all_dm6_minus_cns_midline	14462400
all_dm6_minus_cns_midline	14462401
all_dm6_minus_cns_midline	14462402
all_dm6_minus_cns_midline	14462403
all_dm6_minus_cns_midline	14462404
all_dm6_minus_cns_midline	14462405
all_dm6_minus_cns_midline	14462406
all_dm6_minus_cns_midline	14462407
all_dm6_minus_cns_midline	14462408
all_dm6_minus_cns_midline	14462409
all_dm6_minus_cns_midline	14462410
all_dm6_minus_cns_midline	14462411
all_dm6_minus_cns_midline	14462412
all_dm6_minus_cns_midline	14462413
all_dm6_minus_cns_midline	14462415
all_dm6_minus_cns_midline	14462416
all_dm6_minus_cns_midline	14462417
all_dm6_minus_cns_midline	14462418
all_dm6_minus_cns_midline	14462419
all_dm6_minus_cns_midline	14462420
all_dm6_minus_cns_midline	14462430
all_dm6_minus_cns_midline	14462431
all_dm6_minus_cns_midline	14462432
all_dm6_minus_cns_midline	14462433
all_dm6_minus_cns_midline	14462434
all_dm6_minus_cns_midline	14462435
all_dm6_minus_cns_midline	14462436
all_dm6_minus_cns_midline	14462437
all_dm6_minus_cns_midline	14462438
all_dm6_minus_cns_midline	14462439
all_dm6_minus_cns_midline	14462440
all_dm6_minus_cns_midline	14462441
all_dm6_minus_cns_midline	14462442
all_dm6_minus_cns_midline	14462443
all_dm6_minus_cns_midline	14462444
all_dm6_minus_cns_midline	14462445
all_dm6_minus_cns_midline	14462446
all_dm6_minus_cns_midline	14462447
all_dm6_minus_cns_midline	14462448
all_dm6_minus_cns_midline	14462449
all_dm6_minus_cns_midline	14462450
all_dm6_minus_cns_midline	14462451
all_dm6_minus_cns_midline	14462452
all_dm6_minus_cns_midline	14462453
all_dm6_minus_cns_midline	14462454
all_dm6_minus_cns_midline	14462455
all_dm6_minus_cns_midline	14462456
all_dm6_minus_cns_midline	14462457
all_dm6_minus_cns_midline	14462458
all_dm6_minus_cns_midline	14462459
all_dm6_minus_cns_midline	14462460
all_dm6_minus_cns_midline	14462461
all_dm6_minus_cns_midline	14462462
all_dm6_minus_cns_midline	14462463
all_dm6_minus_cns_midline	14462464
all_dm6_minus_cns_midline	14462465
all_dm6_minus_cns_midline	14462466
all_dm6_minus_cns_midline	14462467
all_dm6_minus_cns_midline	14462468
all_dm6_minus_cns_midline	14462469
all_dm6_minus_cns_midline	14462470
all_dm6_minus_cns_midline	14462471
all_dm6_minus_cns_midline	14462472
all_dm6_minus_cns_midline	14462473
all_dm6_minus_cns_midline	14462474
all_dm6_minus_cns_midline	14462475
all_dm6_minus_cns_midline	14462476
all_dm6_minus_cns_midline	14462477
all_dm6_minus_cns_midline	14462478
all_dm6_minus_cns_midline	14462479
all_dm6_minus_cns_midline	14462480
all_dm6_minus_cns_midline	14462481
all_dm6_minus_cns_midline	14462482
all_dm6_minus_cns_midline	14462483
all_dm6_minus_cns_midline	14462484
all_dm6_minus_cns_midline	14462485
all_dm6_minus_cns_midline	14462486
all_dm6_minus_cns_midline	14462487
all_dm6_minus_cns_midline	14462489
all_dm6_minus_cns_midline	14462490
all_dm6_minus_cns_midline	14462491
all_dm6_minus_cns_midline	14462492
all_dm6_minus_cns_midline	14462493
all_dm6_minus_cns_midline	14462495
all_dm6_minus_cns_midline	14462496
all_dm6_minus_cns_midline	14462498
all_dm6_minus_cns_midline	14462499
all_dm6_minus_cns_midline	14462500
all_dm6_minus_cns_midline	14462501
all_dm6_minus_cns_midline	14462502
all_dm6_minus_cns_midline	14462504
all_dm6_minus_cns_midline	14462505
all_dm6_minus_cns_midline	14462506
all_dm6_minus_cns_midline	14462507
all_dm6_minus_cns_midline	14462508
all_dm6_minus_cns_midline	14462509
all_dm6_minus_cns_midline	14462510
all_dm6_minus_cns_midline	14462511
all_dm6_minus_cns_midline	14462512
all_dm6_minus_cns_midline	14462513
all_dm6_minus_cns_midline	14462514
all_dm6_minus_cns_midline	14462516
all_dm6_minus_cns_midline	14462517
all_dm6_minus_cns_midline	14462518
all_dm6_minus_cns_midline	14462519
all_dm6_minus_cns_midline	14462520
all_dm6_minus_cns_midline	14462521
all_dm6_minus_cns_midline	14462522
all_dm6_minus_cns_midline	14462523
all_dm6_minus_cns_midline	14462524
all_dm6_minus_cns_midline	14462526
all_dm6_minus_cns_midline	14462527
all_dm6_minus_cns_midline	14462528
all_dm6_minus_cns_midline	14462529
all_dm6_minus_cns_midline	14462530
all_dm6_minus_cns_midline	14462531
all_dm6_minus_cns_midline	14462535
all_dm6_minus_cns_midline	14462537
all_dm6_minus_cns_midline	14462539
all_dm6_minus_cns_midline	14462542
all_dm6_minus_cns_midline	14462543
all_dm6_minus_cns_midline	14462544
all_dm6_minus_cns_midline	14462545
all_dm6_minus_cns_midline	14462546
all_dm6_minus_cns_midline	14462547
all_dm6_minus_cns_midline	14462548
all_dm6_minus_cns_midline	14462549
all_dm6_minus_cns_midline	14462550
all_dm6_minus_cns_midline	14462551
all_dm6_minus_cns_midline	14462552
all_dm6_minus_cns_midline	14462553
all_dm6_minus_cns_midline	14462554
all_dm6_minus_cns_midline	14462556
all_dm6_minus_cns_midline	14462557
all_dm6_minus_cns_midline	14462558
all_dm6_minus_cns_midline	14462559
all_dm6_minus_cns_midline	14462560
all_dm6_minus_cns_midline	14462561
all_dm6_minus_cns_midline	14462563
all_dm6_minus_cns_midline	14462565
all_dm6_minus_cns_midline	14462566
all_dm6_minus_cns_midline	14462567
all_dm6_minus_cns_midline	14462568
all_dm6_minus_cns_midline	14462569
all_dm6_minus_cns_midline	14462570
all_dm6_minus_cns_midline	14462571
all_dm6_minus_cns_midline	14462573
all_dm6_minus_cns_midline	14462574
all_dm6_minus_cns_midline	14462575
all_dm6_minus_cns_midline	14462576
all_dm6_minus_cns_midline	14462577
all_dm6_minus_cns_midline	14462578
all_dm6_minus_cns_midline	14462579
all_dm6_minus_cns_midline	14462580
all_dm6_minus_cns_midline	14462581
all_dm6_minus_cns_midline	14462582
all_dm6_minus_cns_midline	14462583
all_dm6_minus_cns_midline	14462585
all_dm6_minus_cns_midline	14462586
all_dm6_minus_cns_midline	14462587
all_dm6_minus_cns_midline	14462588
all_dm6_minus_cns_midline	14462589
all_dm6_minus_cns_midline	14462590
all_dm6_minus_cns_midline	14462591
all_dm6_minus_cns_midline	14462592
all_dm6_minus_cns_midline	14462593
all_dm6_minus_cns_midline	14462594
all_dm6_minus_cns_midline	14462595
all_dm6_minus_cns_midline	14462596
all_dm6_minus_cns_midline	14462597
all_dm6_minus_cns_midline	14462599
all_dm6_minus_cns_midline	14462600
all_dm6_minus_cns_midline	14462602
all_dm6_minus_cns_midline	14462603
all_dm6_minus_cns_midline	14462604
all_dm6_minus_cns_midline	14462605
all_dm6_minus_cns_midline	14462606
all_dm6_minus_cns_midline	14462607
all_dm6_minus_cns_midline	14462608
all_dm6_minus_cns_midline	14462610
all_dm6_minus_cns_midline	14462611
all_dm6_minus_cns_midline	14462612
all_dm6_minus_cns_midline	14462613
all_dm6_minus_cns_midline	14462614
all_dm6_minus_cns_midline	14462615
all_dm6_minus_cns_midline	14462616
all_dm6_minus_cns_midline	14462617
all_dm6_minus_cns_midline	14462618
all_dm6_minus_cns_midline	14462619
all_dm6_minus_cns_midline	14462620
all_dm6_minus_cns_midline	14462621
all_dm6_minus_cns_midline	14462622
all_dm6_minus_cns_midline	14462623
all_dm6_minus_cns_midline	14462624
all_dm6_minus_cns_midline	14462625
all_dm6_minus_cns_midline	14462626
all_dm6_minus_cns_midline	14462627
all_dm6_minus_cns_midline	14462628
all_dm6_minus_cns_midline	14462629
all_dm6_minus_cns_midline	14462630
all_dm6_minus_cns_midline	14462631
all_dm6_minus_cns_midline	14462632
all_dm6_minus_cns_midline	14462633
all_dm6_minus_cns_midline	14462634
all_dm6_minus_cns_midline	14462644
all_dm6_minus_cns_midline	14462645
all_dm6_minus_cns_midline	14462646
all_dm6_minus_cns_midline	14462647
all_dm6_minus_cns_midline	14462648
all_dm6_minus_cns_midline	14462649
all_dm6_minus_cns_midline	14462650
all_dm6_minus_cns_midline	14462651
all_dm6_minus_cns_midline	14462652
all_dm6_minus_cns_midline	14462653
all_dm6_minus_cns_midline	14462654
all_dm6_minus_cns_midline	14462655
all_dm6_minus_cns_midline	14462656
all_dm6_minus_cns_midline	14462657
all_dm6_minus_cns_midline	14462658
all_dm6_minus_cns_midline	14462659
all_dm6_minus_cns_midline	14462661
all_dm6_minus_cns_midline	14462662
all_dm6_minus_cns_midline	14462663
all_dm6_minus_cns_midline	14462664
all_dm6_minus_cns_midline	14462665
all_dm6_minus_cns_midline	14462666
all_dm6_minus_cns_midline	14462667
all_dm6_minus_cns_midline	14462668
all_dm6_minus_cns_midline	14462669
all_dm6_minus_cns_midline	14462670
all_dm6_minus_cns_midline	14462671
all_dm6_minus_cns_midline	14462672
all_dm6_minus_cns_midline	14462673
all_dm6_minus_cns_midline	14462674
all_dm6_minus_cns_midline	14462675
all_dm6_minus_cns_midline	14462676
all_dm6_minus_cns_midline	14462677
all_dm6_minus_cns_midline	14462678
all_dm6_minus_cns_midline	14462679
all_dm6_minus_cns_midline	14462680
all_dm6_minus_cns_midline	14462681
all_dm6_minus_cns_midline	14462682
all_dm6_minus_cns_midline	14462683
all_dm6_minus_cns_midline	14462684
all_dm6_minus_cns_midline	14462685
all_dm6_minus_cns_midline	14462686
all_dm6_minus_cns_midline	14462687
all_dm6_minus_cns_midline	14462688
all_dm6_minus_cns_midline	14462689
all_dm6_minus_cns_midline	14462690
all_dm6_minus_cns_midline	14462691
all_dm6_minus_cns_midline	14462692
all_dm6_minus_cns_midline	14462693
all_dm6_minus_cns_midline	14462694
all_dm6_minus_cns_midline	14462695
all_dm6_minus_cns_midline	14462696
all_dm6_minus_cns_midline	14462697
all_dm6_minus_cns_midline	14462698
all_dm6_minus_cns_midline	14462699
all_dm6_minus_cns_midline	14462700
all_dm6_minus_cns_midline	14462701
all_dm6_minus_cns_midline	14462702
all_dm6_minus_cns_midline	14462703
all_dm6_minus_cns_midline	14462704
all_dm6_minus_cns_midline	14462705
all_dm6_minus_cns_midline	14462706
all_dm6_minus_cns_midline	14462707
all_dm6_minus_cns_midline	14462708
all_dm6_minus_cns_midline	14462709
all_dm6_minus_cns_midline	14462710
all_dm6_minus_cns_midline	14462712
all_dm6_minus_cns_midline	14462713
all_dm6_minus_cns_midline	14462714
all_dm6_minus_cns_midline	14462715
all_dm6_minus_cns_midline	14462716
all_dm6_minus_cns_midline	14462717
all_dm6_minus_cns_midline	14462718
all_dm6_minus_cns_midline	14462719
all_dm6_minus_cns_midline	14462720
all_dm6_minus_cns_midline	14462721
all_dm6_minus_cns_midline	14462722
all_dm6_minus_cns_midline	14462723
all_dm6_minus_cns_midline	14462724
all_dm6_minus_cns_midline	14462725
all_dm6_minus_cns_midline	14462726
all_dm6_minus_cns_midline	14462727
all_dm6_minus_cns_midline	14462728
all_dm6_minus_cns_midline	14462730
all_dm6_minus_cns_midline	14462731
all_dm6_minus_cns_midline	14462732
all_dm6_minus_cns_midline	14462733
all_dm6_minus_cns_midline	14462734
all_dm6_minus_cns_midline	14462735
all_dm6_minus_cns_midline	14462736
all_dm6_minus_cns_midline	14462737
all_dm6_minus_cns_midline	14462738
all_dm6_minus_cns_midline	14462739
all_dm6_minus_cns_midline	14462740
all_dm6_minus_cns_midline	14462741
all_dm6_minus_cns_midline	14462742
all_dm6_minus_cns_midline	14462743
all_dm6_minus_cns_midline	14462745
all_dm6_minus_cns_midline	14462746
all_dm6_minus_cns_midline	14462747
all_dm6_minus_cns_midline	14462748
all_dm6_minus_cns_midline	14462750
all_dm6_minus_cns_midline	14462751
all_dm6_minus_cns_midline	14462752
all_dm6_minus_cns_midline	14462753
all_dm6_minus_cns_midline	14462754
all_dm6_minus_cns_midline	14462755
all_dm6_minus_cns_midline	14462756
all_dm6_minus_cns_midline	14462757
all_dm6_minus_cns_midline	14462758
all_dm6_minus_cns_midline	14462759
all_dm6_minus_cns_midline	14462760
all_dm6_minus_cns_midline	14462761
all_dm6_minus_cns_midline	14462762
all_dm6_minus_cns_midline	14462763
all_dm6_minus_cns_midline	14462764
all_dm6_minus_cns_midline	14462765
all_dm6_minus_cns_midline	14462766
all_dm6_minus_cns_midline	14462767
all_dm6_minus_cns_midline	14462768
all_dm6_minus_cns_midline	14462769
all_dm6_minus_cns_midline	14462770
all_dm6_minus_cns_midline	14462771
all_dm6_minus_cns_midline	14462772
all_dm6_minus_cns_midline	14462773
all_dm6_minus_cns_midline	14462774
all_dm6_minus_cns_midline	14462775
all_dm6_minus_cns_midline	14462776
all_dm6_minus_cns_midline	14462777
all_dm6_minus_cns_midline	14462778
all_dm6_minus_cns_midline	14462779
all_dm6_minus_cns_midline	14462780
all_dm6_minus_cns_midline	14462781
all_dm6_minus_cns_midline	14462782
all_dm6_minus_cns_midline	14462783
all_dm6_minus_cns_midline	14462784
all_dm6_minus_cns_midline	14462785
all_dm6_minus_cns_midline	14462786
all_dm6_minus_cns_midline	14462787
all_dm6_minus_cns_midline	14462788
all_dm6_minus_cns_midline	14462789
all_dm6_minus_cns_midline	14462790
all_dm6_minus_cns_midline	14462791
all_dm6_minus_cns_midline	14462792
all_dm6_minus_cns_midline	14462793
all_dm6_minus_cns_midline	14462794
all_dm6_minus_cns_midline	14462795
all_dm6_minus_cns_midline	14462796
all_dm6_minus_cns_midline	14462797
all_dm6_minus_cns_midline	14462798
all_dm6_minus_cns_midline	14462799
all_dm6_minus_cns_midline	14462801
all_dm6_minus_cns_midline	14462802
all_dm6_minus_cns_midline	14462803
all_dm6_minus_cns_midline	14462804
all_dm6_minus_cns_midline	14462805
all_dm6_minus_cns_midline	14462806
all_dm6_minus_cns_midline	14462807
all_dm6_minus_cns_midline	14462808
all_dm6_minus_cns_midline	14462809
all_dm6_minus_cns_midline	14462810
all_dm6_minus_cns_midline	14462811
all_dm6_minus_cns_midline	14462812
all_dm6_minus_cns_midline	14462813
all_dm6_minus_cns_midline	14462814
all_dm6_minus_cns_midline	14462815
all_dm6_minus_cns_midline	14462816
all_dm6_minus_cns_midline	14462822
all_dm6_minus_cns_midline	14462823
all_dm6_minus_cns_midline	14462824
all_dm6_minus_cns_midline	14462825
all_dm6_minus_cns_midline	14462826
all_dm6_minus_cns_midline	14462827
all_dm6_minus_cns_midline	14462828
all_dm6_minus_cns_midline	14462829
all_dm6_minus_cns_midline	14462830
all_dm6_minus_cns_midline	14462831
all_dm6_minus_cns_midline	14462832
all_dm6_minus_cns_midline	14462833
all_dm6_minus_cns_midline	14462834
all_dm6_minus_cns_midline	14462836
all_dm6_minus_cns_midline	14462837
all_dm6_minus_cns_midline	14462838
all_dm6_minus_cns_midline	14462839
all_dm6_minus_cns_midline	14462840
all_dm6_minus_cns_midline	14462841
all_dm6_minus_cns_midline	14462842
all_dm6_minus_cns_midline	14462843
all_dm6_minus_cns_midline	14462844
all_dm6_minus_cns_midline	14462845
all_dm6_minus_cns_midline	14462846
all_dm6_minus_cns_midline	14462847
all_dm6_minus_cns_midline	14462848
all_dm6_minus_cns_midline	14462849
all_dm6_minus_cns_midline	14462850
all_dm6_minus_cns_midline	14462851
all_dm6_minus_cns_midline	14462853
all_dm6_minus_cns_midline	14462854
all_dm6_minus_cns_midline	14462856
all_dm6_minus_cns_midline	14462857
all_dm6_minus_cns_midline	14462858
all_dm6_minus_cns_midline	14462860
all_dm6_minus_cns_midline	14462861
all_dm6_minus_cns_midline	14462862
all_dm6_minus_cns_midline	14462863
all_dm6_minus_cns_midline	14462864
all_dm6_minus_cns_midline	14462865
all_dm6_minus_cns_midline	14462866
all_dm6_minus_cns_midline	14462867
all_dm6_minus_cns_midline	14462868
all_dm6_minus_cns_midline	14462869
all_dm6_minus_cns_midline	14462872
all_dm6_minus_cns_midline	14462873
all_dm6_minus_cns_midline	14462874
all_dm6_minus_cns_midline	14462875
all_dm6_minus_cns_midline	14462876
all_dm6_minus_cns_midline	14462877
all_dm6_minus_cns_midline	14462878
all_dm6_minus_cns_midline	14462879
all_dm6_minus_cns_midline	14462880
all_dm6_minus_cns_midline	14462881
all_dm6_minus_cns_midline	14462883
all_dm6_minus_cns_midline	14462884
all_dm6_minus_cns_midline	14462885
all_dm6_minus_cns_midline	14462886
all_dm6_minus_cns_midline	14462887
all_dm6_minus_cns_midline	14462888
all_dm6_minus_cns_midline	14462890
all_dm6_minus_cns_midline	14462891
all_dm6_minus_cns_midline	14462892
all_dm6_minus_cns_midline	14462893
all_dm6_minus_cns_midline	14462894
all_dm6_minus_cns_midline	14462895
all_dm6_minus_cns_midline	14462896
all_dm6_minus_cns_midline	14462897
all_dm6_minus_cns_midline	14462898
all_dm6_minus_cns_midline	14462899
all_dm6_minus_cns_midline	14462900
all_dm6_minus_cns_midline	14462901
all_dm6_minus_cns_midline	14462903
all_dm6_minus_cns_midline	14462904
all_dm6_minus_cns_midline	14462905
all_dm6_minus_cns_midline	14462906
all_dm6_minus_cns_midline	14462907
all_dm6_minus_cns_midline	14462908
all_dm6_minus_cns_midline	14462909
all_dm6_minus_cns_midline	14462910
all_dm6_minus_cns_midline	14462911
all_dm6_minus_cns_midline	14462912
all_dm6_minus_cns_midline	14462913
all_dm6_minus_cns_midline	14462914
all_dm6_minus_cns_midline	14462915
all_dm6_minus_cns_midline	14462916
all_dm6_minus_cns_midline	14462917
all_dm6_minus_cns_midline	14462918
all_dm6_minus_cns_midline	15331688
all_dm6_minus_cns_midline	15331690
all_dm6_minus_cns_midline	15331693
all_dm6_minus_cns_midline	15331696
all_dm6_minus_cns_midline	15331697
all_dm6_minus_cns_midline	15331699
all_dm6_minus_cns_midline	15331701
all_dm6_minus_cns_midline	15331703
all_dm6_minus_cns_midline	15331704
all_dm6_minus_cns_midline	15331705
all_dm6_minus_cns_midline	15331706
all_dm6_minus_cns_midline	19834717
all_dm6_minus_cns_midline	19834718
all_dm6_minus_cns_midline	19834719
all_dm6_minus_cns_midline	19834720
all_dm6_minus_cns_midline	19834721
all_dm6_minus_cns_midline	19834722
all_dm6_minus_cns_midline	19834723
all_dm6_minus_cns_midline	19834724
all_dm6_minus_cns_midline	19834725
all_dm6_minus_cns_midline	19834726
all_dm6_minus_cns_midline	19834727
all_dm6_minus_cns_midline	19834728
all_dm6_minus_cns_midline	19834729
all_dm6_minus_cns_midline	19834730
all_dm6_minus_cns_midline	19834731
all_dm6_minus_cns_midline	19834732
all_dm6_minus_cns_midline	19834733
all_dm6_minus_cns_midline	19834734
all_dm6_minus_cns_midline	19834735
all_dm6_minus_cns_midline	19834736
all_dm6_minus_cns_midline	19834737
all_dm6_minus_cns_midline	19834738
all_dm6_minus_cns_midline	19834739
all_dm6_minus_cns_midline	19834740
all_dm6_minus_cns_midline	19834741
all_dm6_minus_cns_midline	19834742
all_dm6_minus_cns_midline	19834743
all_dm6_minus_cns_midline	19834744
all_dm6_minus_cns_midline	19834745
all_dm6_minus_cns_midline	19834746
all_dm6_minus_cns_midline	19834747
all_dm6_minus_cns_midline	19834748
all_dm6_minus_cns_midline	19834749
all_dm6_minus_cns_midline	19834750
all_dm6_minus_cns_midline	19834751
all_dm6_minus_cns_midline	19834752
all_dm6_minus_cns_midline	19834753
all_dm6_minus_cns_midline	19834754
all_dm6_minus_cns_midline	19834755
all_dm6_minus_cns_midline	19834756
all_dm6_minus_cns_midline	19834757
all_dm6_minus_cns_midline	19834758
all_dm6_minus_cns_midline	19834759
all_dm6_minus_cns_midline	19834760
all_dm6_minus_cns_midline	19834761
all_dm6_minus_cns_midline	19834762
all_dm6_minus_cns_midline	19834763
all_dm6_minus_cns_midline	19834764
all_dm6_minus_cns_midline	19834765
all_dm6_minus_cns_midline	19834766
all_dm6_minus_cns_midline	19834767
all_dm6_minus_cns_midline	19834768
all_dm6_minus_cns_midline	19834769
all_dm6_minus_cns_midline	19834770
all_dm6_minus_cns_midline	19834771
all_dm6_minus_cns_midline	19834772
all_dm6_minus_cns_midline	19834773
all_dm6_minus_cns_midline	19834774
all_dm6_minus_cns_midline	19834775
all_dm6_minus_cns_midline	19834776
all_dm6_minus_cns_midline	19834777
all_dm6_minus_cns_midline	19834778
all_dm6_minus_cns_midline	19834779
all_dm6_minus_cns_midline	19834780
all_dm6_minus_cns_midline	19834781
all_dm6_minus_cns_midline	19834782
all_dm6_minus_cns_midline	19834783
all_dm6_minus_cns_midline	19834784
all_dm6_minus_cns_midline	19834785
all_dm6_minus_cns_midline	19834786
all_dm6_minus_cns_midline	19834787
all_dm6_minus_cns_midline	19834788
all_dm6_minus_cns_midline	19834789
all_dm6_minus_cns_midline	19834790
all_dm6_minus_cns_midline	19834791
all_dm6_minus_cns_midline	19834792
all_dm6_minus_cns_midline	19834793
all_dm6_minus_cns_midline	19834794
all_dm6_minus_cns_midline	19834795
all_dm6_minus_cns_midline	19834796
all_dm6_minus_cns_midline	19834797
all_dm6_minus_cns_midline	19834798
all_dm6_minus_cns_midline	19834799
all_dm6_minus_cns_midline	19834800
all_dm6_minus_cns_midline	19834801
all_dm6_minus_cns_midline	19834802
all_dm6_minus_cns_midline	19834803
all_dm6_minus_cns_midline	19834804
all_dm6_minus_cns_midline	19834805
all_dm6_minus_cns_midline	19834806
all_dm6_minus_cns_midline	19834807
all_dm6_minus_cns_midline	19834808
all_dm6_minus_cns_midline	19834809
all_dm6_minus_cns_midline	19834810
all_dm6_minus_cns_midline	19834811
all_dm6_minus_cns_midline	19834812
all_dm6_minus_cns_midline	19834813
all_dm6_minus_cns_midline	19834814
all_dm6_minus_cns_midline	19834815
all_dm6_minus_cns_midline	19834816
all_dm6_minus_cns_midline	19834817
all_dm6_minus_cns_midline	19834818
all_dm6_minus_cns_midline	19834819
all_dm6_minus_cns_midline	19834820
all_dm6_minus_cns_midline	19834821
all_dm6_minus_cns_midline	19834822
all_dm6_minus_cns_midline	19834823
all_dm6_minus_cns_midline	19834824
all_dm6_minus_cns_midline	19834825
all_dm6_minus_cns_midline	19834826
all_dm6_minus_cns_midline	19834827
all_dm6_minus_cns_midline	19834828
all_dm6_minus_cns_midline	19834829
all_dm6_minus_cns_midline	19834830
all_dm6_minus_cns_midline	19834831
all_dm6_minus_cns_midline	19834832
all_dm6_minus_cns_midline	19834833
all_dm6_minus_cns_midline	19834834
all_dm6_minus_cns_midline	19834835
all_dm6_minus_cns_midline	19834836
all_dm6_minus_cns_midline	19834837
all_dm6_minus_cns_midline	19834838
all_dm6_minus_cns_midline	19834839
all_dm6_minus_cns_midline	19834840
all_dm6_minus_cns_midline	19834841
all_dm6_minus_cns_midline	19834842
all_dm6_minus_cns_midline	19834844
all_dm6_minus_cns_midline	19834845
all_dm6_minus_cns_midline	19834846
all_dm6_minus_cns_midline	19834847
all_dm6_minus_cns_midline	19834848
all_dm6_minus_cns_midline	19834849
all_dm6_minus_cns_midline	19834850
all_dm6_minus_cns_midline	19834851
all_dm6_minus_cns_midline	19834852
all_dm6_minus_cns_midline	19834853
all_dm6_minus_cns_midline	19834854
all_dm6_minus_cns_midline	19834855
all_dm6_minus_cns_midline	19834856
all_dm6_minus_cns_midline	19834857
all_dm6_minus_cns_midline	19834858
all_dm6_minus_cns_midline	19834859
all_dm6_minus_cns_midline	19834860
all_dm6_minus_cns_midline	19834861
all_dm6_minus_cns_midline	19834862
all_dm6_minus_cns_midline	19834863
all_dm6_minus_cns_midline	19834864
all_dm6_minus_cns_midline	19834865
all_dm6_minus_cns_midline	19834866
all_dm6_minus_cns_midline	19834867
all_dm6_minus_cns_midline	19834868
all_dm6_minus_cns_midline	19834869
all_dm6_minus_cns_midline	19834870
all_dm6_minus_cns_midline	19834871
all_dm6_minus_cns_midline	19834872
all_dm6_minus_cns_midline	19834873
all_dm6_minus_cns_midline	19834874
all_dm6_minus_cns_midline	19834875
all_dm6_minus_cns_midline	19834876
all_dm6_minus_cns_midline	19834877
all_dm6_minus_cns_midline	19834878
all_dm6_minus_cns_midline	19834879
all_dm6_minus_cns_midline	19834880
all_dm6_minus_cns_midline	19834881
all_dm6_minus_cns_midline	19834882
all_dm6_minus_cns_midline	19834883
all_dm6_minus_cns_midline	19834884
all_dm6_minus_cns_midline	19834885
all_dm6_minus_cns_midline	19834886
all_dm6_minus_cns_midline	19834887
all_dm6_minus_cns_midline	19834888
all_dm6_minus_cns_midline	19834889
all_dm6_minus_cns_midline	19834890
all_dm6_minus_cns_midline	19834891
all_dm6_minus_cns_midline	19834892
all_dm6_minus_cns_midline	19834893
all_dm6_minus_cns_midline	19834894
all_dm6_minus_cns_midline	19834895
all_dm6_minus_cns_midline	19834896
all_dm6_minus_cns_midline	19834897
all_dm6_minus_cns_midline	19834898
all_dm6_minus_cns_midline	19834899
all_dm6_minus_cns_midline	19834900
all_dm6_minus_cns_midline	19834901
all_dm6_minus_cns_midline	19834902
all_dm6_minus_cns_midline	19834903
all_dm6_minus_cns_midline	19834904
all_dm6_minus_cns_midline	19834905
all_dm6_minus_cns_midline	19834906
all_dm6_minus_cns_midline	19834907
all_dm6_minus_cns_midline	19834908
all_dm6_minus_cns_midline	19834909
all_dm6_minus_cns_midline	19834910
all_dm6_minus_cns_midline	19834911
all_dm6_minus_cns_midline	19834912
all_dm6_minus_cns_midline	19834913
all_dm6_minus_cns_midline	19834914
all_dm6_minus_cns_midline	19834915
all_dm6_minus_cns_midline	19834916
all_dm6_minus_cns_midline	19834917
all_dm6_minus_cns_midline	19834918
all_dm6_minus_cns_midline	19834919
all_dm6_minus_cns_midline	19834920
all_dm6_minus_cns_midline	19834921
all_dm6_minus_cns_midline	19834922
all_dm6_minus_cns_midline	19834923
all_dm6_minus_cns_midline	19834924
all_dm6_minus_cns_midline	19834925
all_dm6_minus_cns_midline	19834927
all_dm6_minus_cns_midline	19834928
all_dm6_minus_cns_midline	19834929
all_dm6_minus_cns_midline	19834930
all_dm6_minus_cns_midline	19834931
all_dm6_minus_cns_midline	19834932
all_dm6_minus_cns_midline	19834933
all_dm6_minus_cns_midline	19834934
all_dm6_minus_cns_midline	19834935
all_dm6_minus_cns_midline	19834936
all_dm6_minus_cns_midline	19834938
all_dm6_minus_cns_midline	19834939
all_dm6_minus_cns_midline	19834940
all_dm6_minus_cns_midline	19834941
all_dm6_minus_cns_midline	19834942
all_dm6_minus_cns_midline	19834943
all_dm6_minus_cns_midline	19834944
all_dm6_minus_cns_midline	19834945
all_dm6_minus_cns_midline	19834946
all_dm6_minus_cns_midline	19834947
all_dm6_minus_cns_midline	19834948
all_dm6_minus_cns_midline	19834949
all_dm6_minus_cns_midline	19834950
all_dm6_minus_cns_midline	19834951
all_dm6_minus_cns_midline	19834952
all_dm6_minus_cns_midline	19834953
all_dm6_minus_cns_midline	19834954
all_dm6_minus_cns_midline	19834955
all_dm6_minus_cns_midline	19834956
all_dm6_minus_cns_midline	19834957
all_dm6_minus_cns_midline	19834958
all_dm6_minus_cns_midline	19834959
all_dm6_minus_cns_midline	19834960
all_dm6_minus_cns_midline	19834961
all_dm6_minus_cns_midline	19834962
all_dm6_minus_cns_midline	19834963
all_dm6_minus_cns_midline	19834964
all_dm6_minus_cns_midline	19834965
all_dm6_minus_cns_midline	19834966
all_dm6_minus_cns_midline	19834967
all_dm6_minus_cns_midline	19834968
all_dm6_minus_cns_midline	19834969
all_dm6_minus_cns_midline	19834970
all_dm6_minus_cns_midline	19834971
all_dm6_minus_cns_midline	19834972
all_dm6_minus_cns_midline	19834973
all_dm6_minus_cns_midline	19834974
all_dm6_minus_cns_midline	19834975
all_dm6_minus_cns_midline	19834976
all_dm6_minus_cns_midline	19834977
all_dm6_minus_cns_midline	19834978
all_dm6_minus_cns_midline	19834979
all_dm6_minus_cns_midline	19834980
all_dm6_minus_cns_midline	19834981
all_dm6_minus_cns_midline	19834982
all_dm6_minus_cns_midline	19834983
all_dm6_minus_cns_midline	19834984
all_dm6_minus_cns_midline	19834985
all_dm6_minus_cns_midline	19834986
all_dm6_minus_cns_midline	19834987
all_dm6_minus_cns_midline	19834988
all_dm6_minus_cns_midline	19834989
all_dm6_minus_cns_midline	19834990
all_dm6_minus_cns_midline	19834991
all_dm6_minus_cns_midline	19834992
all_dm6_minus_cns_midline	19834993
all_dm6_minus_cns_midline	19834994
all_dm6_minus_cns_midline	19834995
all_dm6_minus_cns_midline	19834996
all_dm6_minus_cns_midline	19834997
all_dm6_minus_cns_midline	19834998
all_dm6_minus_cns_midline	19834999
all_dm6_minus_cns_midline	19835000
all_dm6_minus_cns_midline	19835001
all_dm6_minus_cns_midline	19835002
all_dm6_minus_cns_midline	19835003
all_dm6_minus_cns_midline	19835004
all_dm6_minus_cns_midline	19835005
all_dm6_minus_cns_midline	19835006
all_dm6_minus_cns_midline	19835007
all_dm6_minus_cns_midline	19835008
all_dm6_minus_cns_midline	19835009
all_dm6_minus_cns_midline	19835010
all_dm6_minus_cns_midline	19835012
all_dm6_minus_cns_midline	19835013
all_dm6_minus_cns_midline	19835014
all_dm6_minus_cns_midline	19835015
all_dm6_minus_cns_midline	19835016
all_dm6_minus_cns_midline	19835017
all_dm6_minus_cns_midline	19835018
all_dm6_minus_cns_midline	19835019
all_dm6_minus_cns_midline	19835020
all_dm6_minus_cns_midline	19835021
all_dm6_minus_cns_midline	19835022
all_dm6_minus_cns_midline	19835023
all_dm6_minus_cns_midline	19835024
all_dm6_minus_cns_midline	19835025
all_dm6_minus_cns_midline	19835026
all_dm6_minus_cns_midline	19835027
all_dm6_minus_cns_midline	19835028
all_dm6_minus_cns_midline	19835029
all_dm6_minus_cns_midline	19835030
all_dm6_minus_cns_midline	19835031
all_dm6_minus_cns_midline	19835032
all_dm6_minus_cns_midline	19835033
all_dm6_minus_cns_midline	19835034
all_dm6_minus_cns_midline	19835035
all_dm6_minus_cns_midline	19835036
all_dm6_minus_cns_midline	19835037
all_dm6_minus_cns_midline	19835038
all_dm6_minus_cns_midline	19835039
all_dm6_minus_cns_midline	19835040
all_dm6_minus_cns_midline	19835041
all_dm6_minus_cns_midline	19835042
all_dm6_minus_cns_midline	19835043
all_dm6_minus_cns_midline	19835044
all_dm6_minus_cns_midline	19835045
all_dm6_minus_cns_midline	19835046
all_dm6_minus_cns_midline	19835047
all_dm6_minus_cns_midline	19835048
all_dm6_minus_cns_midline	19835049
all_dm6_minus_cns_midline	19835050
all_dm6_minus_cns_midline	19835051
all_dm6_minus_cns_midline	19835052
all_dm6_minus_cns_midline	19835053
all_dm6_minus_cns_midline	19835054
all_dm6_minus_cns_midline	19835055
all_dm6_minus_cns_midline	19835056
all_dm6_minus_cns_midline	19835057
all_dm6_minus_cns_midline	19835058
all_dm6_minus_cns_midline	19835059
all_dm6_minus_cns_midline	19835060
all_dm6_minus_cns_midline	19835061
all_dm6_minus_cns_midline	19835062
all_dm6_minus_cns_midline	19835063
all_dm6_minus_cns_midline	19835064
all_dm6_minus_cns_midline	19835065
all_dm6_minus_cns_midline	19835066
all_dm6_minus_cns_midline	19835067
all_dm6_minus_cns_midline	19835068
all_dm6_minus_cns_midline	19835069
all_dm6_minus_cns_midline	19835070
all_dm6_minus_cns_midline	19835071
all_dm6_minus_cns_midline	19835072
all_dm6_minus_cns_midline	19835073
all_dm6_minus_cns_midline	19835074
all_dm6_minus_cns_midline	19835075
all_dm6_minus_cns_midline	19835076
all_dm6_minus_cns_midline	19835077
all_dm6_minus_cns_midline	19835078
all_dm6_minus_cns_midline	19835079
all_dm6_minus_cns_midline	19835080
all_dm6_minus_cns_midline	19835081
all_dm6_minus_cns_midline	19835082
all_dm6_minus_cns_midline	19835083
all_dm6_minus_cns_midline	19835084
all_dm6_minus_cns_midline	19835085
all_dm6_minus_cns_midline	19835086
all_dm6_minus_cns_midline	19835087
all_dm6_minus_cns_midline	19835088
all_dm6_minus_cns_midline	19835089
all_dm6_minus_cns_midline	19835090
all_dm6_minus_cns_midline	19835091
all_dm6_minus_cns_midline	19835092
all_dm6_minus_cns_midline	19835093
all_dm6_minus_cns_midline	19835094
all_dm6_minus_cns_midline	19835095
all_dm6_minus_cns_midline	19835096
all_dm6_minus_cns_midline	19835097
all_dm6_minus_cns_midline	19835098
all_dm6_minus_cns_midline	19835099
all_dm6_minus_cns_midline	19835100
all_dm6_minus_cns_midline	19835101
all_dm6_minus_cns_midline	19835102
all_dm6_minus_cns_midline	19835103
all_dm6_minus_cns_midline	19835104
all_dm6_minus_cns_midline	19835105
all_dm6_minus_cns_midline	19835106
all_dm6_minus_cns_midline	19835107
all_dm6_minus_cns_midline	19835108
all_dm6_minus_cns_midline	19835109
all_dm6_minus_cns_midline	19835110
all_dm6_minus_cns_midline	19835111
all_dm6_minus_cns_midline	19835112
all_dm6_minus_cns_midline	19835113
all_dm6_minus_cns_midline	19835114
all_dm6_minus_cns_midline	19835115
all_dm6_minus_cns_midline	19835116
all_dm6_minus_cns_midline	19835117
all_dm6_minus_cns_midline	19835118
all_dm6_minus_cns_midline	19835119
all_dm6_minus_cns_midline	19835120
all_dm6_minus_cns_midline	19835121
all_dm6_minus_cns_midline	19835122
all_dm6_minus_cns_midline	19835123
all_dm6_minus_cns_midline	19835124
all_dm6_minus_cns_midline	19835125
all_dm6_minus_cns_midline	19835126
all_dm6_minus_cns_midline	19835127
all_dm6_minus_cns_midline	19835128
all_dm6_minus_cns_midline	19835129
all_dm6_minus_cns_midline	19835130
all_dm6_minus_cns_midline	19835131
all_dm6_minus_cns_midline	19835132
all_dm6_minus_cns_midline	19835133
all_dm6_minus_cns_midline	19835134
all_dm6_minus_cns_midline	19835135
all_dm6_minus_cns_midline	19835136
all_dm6_minus_cns_midline	19835137
all_dm6_minus_cns_midline	19835138
all_dm6_minus_cns_midline	19835139
all_dm6_minus_cns_midline	19835140
all_dm6_minus_cns_midline	19835141
all_dm6_minus_cns_midline	19835142
all_dm6_minus_cns_midline	19835143
all_dm6_minus_cns_midline	19835144
all_dm6_minus_cns_midline	19835145
all_dm6_minus_cns_midline	19835146
all_dm6_minus_cns_midline	19835147
all_dm6_minus_cns_midline	19835148
all_dm6_minus_cns_midline	19835149
all_dm6_minus_cns_midline	19835150
all_dm6_minus_cns_midline	19835151
all_dm6_minus_cns_midline	19835152
all_dm6_minus_cns_midline	19835153
all_dm6_minus_cns_midline	19835154
all_dm6_minus_cns_midline	19835155
all_dm6_minus_cns_midline	19835156
all_dm6_minus_cns_midline	19835157
all_dm6_minus_cns_midline	19835158
all_dm6_minus_cns_midline	19835159
all_dm6_minus_cns_midline	19835160
all_dm6_minus_cns_midline	19835161
all_dm6_minus_cns_midline	19835162
all_dm6_minus_cns_midline	19835163
all_dm6_minus_cns_midline	19835164
all_dm6_minus_cns_midline	19835165
all_dm6_minus_cns_midline	19835166
all_dm6_minus_cns_midline	19835167
all_dm6_minus_cns_midline	19835168
all_dm6_minus_cns_midline	19835169
all_dm6_minus_cns_midline	19835170
all_dm6_minus_cns_midline	19835171
all_dm6_minus_cns_midline	19835172
all_dm6_minus_cns_midline	19835173
all_dm6_minus_cns_midline	19835174
all_dm6_minus_cns_midline	19835175
all_dm6_minus_cns_midline	19835176
all_dm6_minus_cns_midline	19835177
all_dm6_minus_cns_midline	19835178
all_dm6_minus_cns_midline	19835179
all_dm6_minus_cns_midline	19835180
all_dm6_minus_cns_midline	19835181
all_dm6_minus_cns_midline	19835182
all_dm6_minus_cns_midline	19835183
all_dm6_minus_cns_midline	19835184
all_dm6_minus_cns_midline	19835185
all_dm6_minus_cns_midline	19835186
all_dm6_minus_cns_midline	19835187
all_dm6_minus_cns_midline	19835188
all_dm6_minus_cns_midline	19835189
all_dm6_minus_cns_midline	19835190
all_dm6_minus_cns_midline	19835191
all_dm6_minus_cns_midline	19835192
all_dm6_minus_cns_midline	19835193
all_dm6_minus_cns_midline	19835194
all_dm6_minus_cns_midline	19835195
all_dm6_minus_cns_midline	19835196
all_dm6_minus_cns_midline	19835197
all_dm6_minus_cns_midline	19835198
all_dm6_minus_cns_midline	19835199
all_dm6_minus_cns_midline	19835200
all_dm6_minus_cns_midline	19835201
all_dm6_minus_cns_midline	19835202
all_dm6_minus_cns_midline	19835203
all_dm6_minus_cns_midline	19835204
all_dm6_minus_cns_midline	19835205
all_dm6_minus_cns_midline	19835206
all_dm6_minus_cns_midline	19835207
all_dm6_minus_cns_midline	19835208
all_dm6_minus_cns_midline	19835209
all_dm6_minus_cns_midline	19835210
all_dm6_minus_cns_midline	19835211
all_dm6_minus_cns_midline	19835212
all_dm6_minus_cns_midline	19835213
all_dm6_minus_cns_midline	19835214
all_dm6_minus_cns_midline	19835215
all_dm6_minus_cns_midline	19835216
all_dm6_minus_cns_midline	19835217
all_dm6_minus_cns_midline	19835218
all_dm6_minus_cns_midline	19835219
all_dm6_minus_cns_midline	19835220
all_dm6_minus_cns_midline	19835221
all_dm6_minus_cns_midline	19835222
all_dm6_minus_cns_midline	19835223
all_dm6_minus_cns_midline	19835224
all_dm6_minus_cns_midline	19835225
all_dm6_minus_cns_midline	19835226
all_dm6_minus_cns_midline	19835227
all_dm6_minus_cns_midline	19835228
all_dm6_minus_cns_midline	19835229
all_dm6_minus_cns_midline	19835230
all_dm6_minus_cns_midline	19835231
all_dm6_minus_cns_midline	19835232
all_dm6_minus_cns_midline	19835233
all_dm6_minus_cns_midline	19835234
all_dm6_minus_cns_midline	19835235
all_dm6_minus_cns_midline	19835236
all_dm6_minus_cns_midline	19835237
all_dm6_minus_cns_midline	19835238
all_dm6_minus_cns_midline	19835239
all_dm6_minus_cns_midline	19835240
all_dm6_minus_cns_midline	19835241
all_dm6_minus_cns_midline	19835242
all_dm6_minus_cns_midline	19835243
all_dm6_minus_cns_midline	19835244
all_dm6_minus_cns_midline	19835245
all_dm6_minus_cns_midline	19835246
all_dm6_minus_cns_midline	19835247
all_dm6_minus_cns_midline	19835248
all_dm6_minus_cns_midline	19835249
all_dm6_minus_cns_midline	19835250
all_dm6_minus_cns_midline	19835251
all_dm6_minus_cns_midline	19835252
all_dm6_minus_cns_midline	19835253
all_dm6_minus_cns_midline	19835254
all_dm6_minus_cns_midline	19835255
all_dm6_minus_cns_midline	19835256
all_dm6_minus_cns_midline	19835257
all_dm6_minus_cns_midline	19835258
all_dm6_minus_cns_midline	19835259
all_dm6_minus_cns_midline	19835260
all_dm6_minus_cns_midline	19835261
all_dm6_minus_cns_midline	19835262
all_dm6_minus_cns_midline	19835263
all_dm6_minus_cns_midline	19835264
all_dm6_minus_cns_midline	19835265
all_dm6_minus_cns_midline	19835266
all_dm6_minus_cns_midline	19835267
all_dm6_minus_cns_midline	19835268
all_dm6_minus_cns_midline	19835269
all_dm6_minus_cns_midline	19835270
all_dm6_minus_cns_midline	19835271
all_dm6_minus_cns_midline	19835272
all_dm6_minus_cns_midline	19835273
all_dm6_minus_cns_midline	19835274
all_dm6_minus_cns_midline	19835275
all_dm6_minus_cns_midline	19835276
all_dm6_minus_cns_midline	19835277
all_dm6_minus_cns_midline	19835278
all_dm6_minus_cns_midline	19835279
all_dm6_minus_cns_midline	19835280
all_dm6_minus_cns_midline	19835281
all_dm6_minus_cns_midline	19835282
all_dm6_minus_cns_midline	19835283
all_dm6_minus_cns_midline	19835284
all_dm6_minus_cns_midline	19835285
all_dm6_minus_cns_midline	19835286
all_dm6_minus_cns_midline	19835287
all_dm6_minus_cns_midline	19835288
all_dm6_minus_cns_midline	19835289
all_dm6_minus_cns_midline	19835290
all_dm6_minus_cns_midline	19835291
all_dm6_minus_cns_midline	19835292
all_dm6_minus_cns_midline	19835294
all_dm6_minus_cns_midline	19835295
all_dm6_minus_cns_midline	19835296
all_dm6_minus_cns_midline	19835297
all_dm6_minus_cns_midline	19835298
all_dm6_minus_cns_midline	19835299
all_dm6_minus_cns_midline	19835300
all_dm6_minus_cns_midline	19835301
all_dm6_minus_cns_midline	19835302
all_dm6_minus_cns_midline	19835303
all_dm6_minus_cns_midline	19835304
all_dm6_minus_cns_midline	19835305
all_dm6_minus_cns_midline	19835306
all_dm6_minus_cns_midline	19835307
all_dm6_minus_cns_midline	19835308
all_dm6_minus_cns_midline	19835309
all_dm6_minus_cns_midline	19835310
all_dm6_minus_cns_midline	19835311
all_dm6_minus_cns_midline	19835312
all_dm6_minus_cns_midline	19835313
all_dm6_minus_cns_midline	19835314
all_dm6_minus_cns_midline	19835315
all_dm6_minus_cns_midline	19835316
all_dm6_minus_cns_midline	19835317
all_dm6_minus_cns_midline	19835318
all_dm6_minus_cns_midline	19835319
all_dm6_minus_cns_midline	19835320
all_dm6_minus_cns_midline	19835321
all_dm6_minus_cns_midline	19835322
all_dm6_minus_cns_midline	19835323
all_dm6_minus_cns_midline	19835324
all_dm6_minus_cns_midline	19835325
all_dm6_minus_cns_midline	19835326
all_dm6_minus_cns_midline	19835327
all_dm6_minus_cns_midline	19835328
all_dm6_minus_cns_midline	19835329
all_dm6_minus_cns_midline	19835330
all_dm6_minus_cns_midline	19835331
all_dm6_minus_cns_midline	19835332
all_dm6_minus_cns_midline	19835333
all_dm6_minus_cns_midline	19835334
all_dm6_minus_cns_midline	19835335
all_dm6_minus_cns_midline	19835336
all_dm6_minus_cns_midline	19835337
all_dm6_minus_cns_midline	19835338
all_dm6_minus_cns_midline	19835339
all_dm6_minus_cns_midline	19835340
all_dm6_minus_cns_midline	19835341
all_dm6_minus_cns_midline	19835342
all_dm6_minus_cns_midline	19835343
all_dm6_minus_cns_midline	19835344
all_dm6_minus_cns_midline	19835345
all_dm6_minus_cns_midline	19835346
all_dm6_minus_cns_midline	19835347
all_dm6_minus_cns_midline	19835348
all_dm6_minus_cns_midline	19835349
all_dm6_minus_cns_midline	19835350
all_dm6_minus_cns_midline	19835351
all_dm6_minus_cns_midline	19835352
all_dm6_minus_cns_midline	19835353
all_dm6_minus_cns_midline	19835354
all_dm6_minus_cns_midline	19835355
all_dm6_minus_cns_midline	19835356
all_dm6_minus_cns_midline	19835357
all_dm6_minus_cns_midline	19835358
all_dm6_minus_cns_midline	19835359
all_dm6_minus_cns_midline	19835360
all_dm6_minus_cns_midline	19835361
all_dm6_minus_cns_midline	19835362
all_dm6_minus_cns_midline	19835363
all_dm6_minus_cns_midline	19835364
all_dm6_minus_cns_midline	19835365
all_dm6_minus_cns_midline	19835366
all_dm6_minus_cns_midline	19835367
all_dm6_minus_cns_midline	19835368
all_dm6_minus_cns_midline	19835369
all_dm6_minus_cns_midline	19835370
all_dm6_minus_cns_midline	19835371
all_dm6_minus_cns_midline	19835372
all_dm6_minus_cns_midline	19835373
all_dm6_minus_cns_midline	19835374
all_dm6_minus_cns_midline	19835375
all_dm6_minus_cns_midline	19835376
all_dm6_minus_cns_midline	19835377
all_dm6_minus_cns_midline	19835378
all_dm6_minus_cns_midline	19835379
all_dm6_minus_cns_midline	19835380
all_dm6_minus_cns_midline	19835381
all_dm6_minus_cns_midline	19835382
all_dm6_minus_cns_midline	19835383
all_dm6_minus_cns_midline	19835384
all_dm6_minus_cns_midline	19835385
all_dm6_minus_cns_midline	19835386
all_dm6_minus_cns_midline	19835387
all_dm6_minus_cns_midline	19835388
all_dm6_minus_cns_midline	19835389
all_dm6_minus_cns_midline	19835390
all_dm6_minus_cns_midline	19835391
all_dm6_minus_cns_midline	19835392
all_dm6_minus_cns_midline	19835393
all_dm6_minus_cns_midline	19835394
all_dm6_minus_cns_midline	19835395
all_dm6_minus_cns_midline	19835396
all_dm6_minus_cns_midline	19835397
all_dm6_minus_cns_midline	19835398
all_dm6_minus_cns_midline	19835399
all_dm6_minus_cns_midline	19835400
all_dm6_minus_cns_midline	19835401
all_dm6_minus_cns_midline	19835402
all_dm6_minus_cns_midline	19835403
all_dm6_minus_cns_midline	19835404
all_dm6_minus_cns_midline	19835405
all_dm6_minus_cns_midline	19835406
all_dm6_minus_cns_midline	19835407
all_dm6_minus_cns_midline	19835408
all_dm6_minus_cns_midline	19835409
all_dm6_minus_cns_midline	19835410
all_dm6_minus_cns_midline	19835411
all_dm6_minus_cns_midline	19835412
all_dm6_minus_cns_midline	19835413
all_dm6_minus_cns_midline	19835414
all_dm6_minus_cns_midline	19835415
all_dm6_minus_cns_midline	19835416
all_dm6_minus_cns_midline	19835417
all_dm6_minus_cns_midline	19835418
all_dm6_minus_cns_midline	19835419
all_dm6_minus_cns_midline	19835420
all_dm6_minus_cns_midline	19835421
all_dm6_minus_cns_midline	19835422
all_dm6_minus_cns_midline	19835423
all_dm6_minus_cns_midline	19835424
all_dm6_minus_cns_midline	19835425
all_dm6_minus_cns_midline	19835426
all_dm6_minus_cns_midline	19835427
all_dm6_minus_cns_midline	19835428
all_dm6_minus_cns_midline	19835429
all_dm6_minus_cns_midline	19835430
all_dm6_minus_cns_midline	19835431
all_dm6_minus_cns_midline	19835432
all_dm6_minus_cns_midline	19835433
all_dm6_minus_cns_midline	19835434
all_dm6_minus_cns_midline	19835435
all_dm6_minus_cns_midline	19835436
all_dm6_minus_cns_midline	19835437
all_dm6_minus_cns_midline	19835438
all_dm6_minus_cns_midline	19835439
all_dm6_minus_cns_midline	19835440
all_dm6_minus_cns_midline	19835441
all_dm6_minus_cns_midline	19835442
all_dm6_minus_cns_midline	19835443
all_dm6_minus_cns_midline	19835444
all_dm6_minus_cns_midline	19835445
all_dm6_minus_cns_midline	19835446
all_dm6_minus_cns_midline	19835447
all_dm6_minus_cns_midline	19835448
all_dm6_minus_cns_midline	19835449
all_dm6_minus_cns_midline	19835450
all_dm6_minus_cns_midline	19835451
all_dm6_minus_cns_midline	19835452
all_dm6_minus_cns_midline	19835453
all_dm6_minus_cns_midline	19835454
all_dm6_minus_cns_midline	19835455
all_dm6_minus_cns_midline	19835456
all_dm6_minus_cns_midline	19835457
all_dm6_minus_cns_midline	19835458
all_dm6_minus_cns_midline	19835459
all_dm6_minus_cns_midline	19835460
all_dm6_minus_cns_midline	19835461
all_dm6_minus_cns_midline	19835462
all_dm6_minus_cns_midline	19835463
all_dm6_minus_cns_midline	19835464
all_dm6_minus_cns_midline	19835465
all_dm6_minus_cns_midline	19835466
all_dm6_minus_cns_midline	19835467
all_dm6_minus_cns_midline	19835468
all_dm6_minus_cns_midline	19835469
all_dm6_minus_cns_midline	19835470
all_dm6_minus_cns_midline	19835471
all_dm6_minus_cns_midline	19835472
all_dm6_minus_cns_midline	19835473
all_dm6_minus_cns_midline	19835474
all_dm6_minus_cns_midline	19835475
all_dm6_minus_cns_midline	19835476
all_dm6_minus_cns_midline	19835477
all_dm6_minus_cns_midline	19835478
all_dm6_minus_cns_midline	19835479
all_dm6_minus_cns_midline	19835480
all_dm6_minus_cns_midline	19835481
all_dm6_minus_cns_midline	19835482
all_dm6_minus_cns_midline	19835483
all_dm6_minus_cns_midline	19835484
all_dm6_minus_cns_midline	19835485
all_dm6_minus_cns_midline	19835486
all_dm6_minus_cns_midline	19835487
all_dm6_minus_cns_midline	19835488
all_dm6_minus_cns_midline	19835489
all_dm6_minus_cns_midline	19835490
all_dm6_minus_cns_midline	19835491
all_dm6_minus_cns_midline	19835492
all_dm6_minus_cns_midline	19835493
all_dm6_minus_cns_midline	19835494
all_dm6_minus_cns_midline	19835495
all_dm6_minus_cns_midline	19835496
all_dm6_minus_cns_midline	19835497
all_dm6_minus_cns_midline	19835498
all_dm6_minus_cns_midline	19835499
all_dm6_minus_cns_midline	19835500
all_dm6_minus_cns_midline	19835501
all_dm6_minus_cns_midline	19835502
all_dm6_minus_cns_midline	19835503
all_dm6_minus_cns_midline	19835504
all_dm6_minus_cns_midline	19835505
all_dm6_minus_cns_midline	19835506
all_dm6_minus_cns_midline	19835507
all_dm6_minus_cns_midline	19835508
all_dm6_minus_cns_midline	19835509
all_dm6_minus_cns_midline	19835510
all_dm6_minus_cns_midline	19835511
all_dm6_minus_cns_midline	19835512
all_dm6_minus_cns_midline	19835513
all_dm6_minus_cns_midline	19835514
all_dm6_minus_cns_midline	19835515
all_dm6_minus_cns_midline	19835516
all_dm6_minus_cns_midline	19835517
all_dm6_minus_cns_midline	19835518
all_dm6_minus_cns_midline	19835519
all_dm6_minus_cns_midline	19835520
all_dm6_minus_cns_midline	19835521
all_dm6_minus_cns_midline	19835522
all_dm6_minus_cns_midline	19835523
all_dm6_minus_cns_midline	19835524
all_dm6_minus_cns_midline	19835525
all_dm6_minus_cns_midline	19835526
all_dm6_minus_cns_midline	19835527
all_dm6_minus_cns_midline	19835528
all_dm6_minus_cns_midline	19835529
all_dm6_minus_cns_midline	19835530
all_dm6_minus_cns_midline	19835531
all_dm6_minus_cns_midline	19835532
all_dm6_minus_cns_midline	19835533
all_dm6_minus_cns_midline	19835534
all_dm6_minus_cns_midline	19835535
all_dm6_minus_cns_midline	19835536
all_dm6_minus_cns_midline	19835537
all_dm6_minus_cns_midline	19835538
all_dm6_minus_cns_midline	19835539
all_dm6_minus_cns_midline	19835540
all_dm6_minus_cns_midline	19835541
all_dm6_minus_cns_midline	19835542
all_dm6_minus_cns_midline	19835543
all_dm6_minus_cns_midline	19835544
all_dm6_minus_cns_midline	19835545
all_dm6_minus_cns_midline	19835546
all_dm6_minus_cns_midline	19835547
all_dm6_minus_cns_midline	19835548
all_dm6_minus_cns_midline	19835549
all_dm6_minus_cns_midline	19835550
all_dm6_minus_cns_midline	19835551
all_dm6_minus_cns_midline	19835552
all_dm6_minus_cns_midline	19835553
all_dm6_minus_cns_midline	19835554
all_dm6_minus_cns_midline	19835555
all_dm6_minus_cns_midline	19835556
all_dm6_minus_cns_midline	19835557
all_dm6_minus_cns_midline	19835558
all_dm6_minus_cns_midline	19835559
all_dm6_minus_cns_midline	19835560
all_dm6_minus_cns_midline	19835561
all_dm6_minus_cns_midline	19835562
all_dm6_minus_cns_midline	19835563
all_dm6_minus_cns_midline	19835564
all_dm6_minus_cns_midline	19835565
all_dm6_minus_cns_midline	19835566
all_dm6_minus_cns_midline	19835567
all_dm6_minus_cns_midline	19835568
all_dm6_minus_cns_midline	19835569
all_dm6_minus_cns_midline	19835570
all_dm6_minus_cns_midline	19835571
all_dm6_minus_cns_midline	19835572
all_dm6_minus_cns_midline	19835573
all_dm6_minus_cns_midline	19835574
all_dm6_minus_cns_midline	19835575
all_dm6_minus_cns_midline	19835576
all_dm6_minus_cns_midline	19835577
all_dm6_minus_cns_midline	19835578
all_dm6_minus_cns_midline	19835579
all_dm6_minus_cns_midline	19835580
all_dm6_minus_cns_midline	19835581
all_dm6_minus_cns_midline	19835582
all_dm6_minus_cns_midline	19835583
all_dm6_minus_cns_midline	19835584
all_dm6_minus_cns_midline	19835585
all_dm6_minus_cns_midline	19835586
all_dm6_minus_cns_midline	19835587
all_dm6_minus_cns_midline	19835588
all_dm6_minus_cns_midline	19835589
all_dm6_minus_cns_midline	19835590
all_dm6_minus_cns_midline	19835591
all_dm6_minus_cns_midline	19835592
all_dm6_minus_cns_midline	19835593
all_dm6_minus_cns_midline	19835594
all_dm6_minus_cns_midline	19835595
all_dm6_minus_cns_midline	19835596
all_dm6_minus_cns_midline	19835597
all_dm6_minus_cns_midline	19835598
all_dm6_minus_cns_midline	19835599
all_dm6_minus_cns_midline	19835600
all_dm6_minus_cns_midline	19835601
all_dm6_minus_cns_midline	19835602
all_dm6_minus_cns_midline	19835603
all_dm6_minus_cns_midline	19835604
all_dm6_minus_cns_midline	19835605
all_dm6_minus_cns_midline	19835606
all_dm6_minus_cns_midline	19835607
all_dm6_minus_cns_midline	19835608
all_dm6_minus_cns_midline	19835609
all_dm6_minus_cns_midline	19835610
all_dm6_minus_cns_midline	19835611
all_dm6_minus_cns_midline	19835612
all_dm6_minus_cns_midline	19835613
all_dm6_minus_cns_midline	19835614
all_dm6_minus_cns_midline	19835615
all_dm6_minus_cns_midline	19835616
all_dm6_minus_cns_midline	19835617
all_dm6_minus_cns_midline	19835618
all_dm6_minus_cns_midline	19835619
all_dm6_minus_cns_midline	19835620
all_dm6_minus_cns_midline	19835621
all_dm6_minus_cns_midline	19835623
all_dm6_minus_cns_midline	19835624
all_dm6_minus_cns_midline	19835625
all_dm6_minus_cns_midline	19835626
all_dm6_minus_cns_midline	19835627
all_dm6_minus_cns_midline	19835628
all_dm6_minus_cns_midline	19835629
all_dm6_minus_cns_midline	19835630
all_dm6_minus_cns_midline	19835631
all_dm6_minus_cns_midline	19835632
all_dm6_minus_cns_midline	19835633
all_dm6_minus_cns_midline	19835634
all_dm6_minus_cns_midline	19835635
all_dm6_minus_cns_midline	19835636
all_dm6_minus_cns_midline	19835637
all_dm6_minus_cns_midline	19835638
all_dm6_minus_cns_midline	19835639
all_dm6_minus_cns_midline	19835640
all_dm6_minus_cns_midline	19835641
all_dm6_minus_cns_midline	19835642
all_dm6_minus_cns_midline	19835643
all_dm6_minus_cns_midline	19835644
all_dm6_minus_cns_midline	19835645
all_dm6_minus_cns_midline	19835646
all_dm6_minus_cns_midline	19835647
all_dm6_minus_cns_midline	19835648
all_dm6_minus_cns_midline	19835649
all_dm6_minus_cns_midline	19835650
all_dm6_minus_cns_midline	19835651
all_dm6_minus_cns_midline	19835652
all_dm6_minus_cns_midline	19835653
all_dm6_minus_cns_midline	19835654
all_dm6_minus_cns_midline	19835655
all_dm6_minus_cns_midline	19835656
all_dm6_minus_cns_midline	19835657
all_dm6_minus_cns_midline	19835658
all_dm6_minus_cns_midline	19835659
all_dm6_minus_cns_midline	19835660
all_dm6_minus_cns_midline	19835661
all_dm6_minus_cns_midline	19835662
all_dm6_minus_cns_midline	19835663
all_dm6_minus_cns_midline	19835664
all_dm6_minus_cns_midline	19835665
all_dm6_minus_cns_midline	19835666
all_dm6_minus_cns_midline	19835667
all_dm6_minus_cns_midline	19835668
all_dm6_minus_cns_midline	19835669
all_dm6_minus_cns_midline	19835670
all_dm6_minus_cns_midline	19835671
all_dm6_minus_cns_midline	19835672
all_dm6_minus_cns_midline	19835673
all_dm6_minus_cns_midline	19835674
all_dm6_minus_cns_midline	19835675
all_dm6_minus_cns_midline	19835676
all_dm6_minus_cns_midline	19835677
all_dm6_minus_cns_midline	19835678
all_dm6_minus_cns_midline	19835679
all_dm6_minus_cns_midline	19835680
all_dm6_minus_cns_midline	19835681
all_dm6_minus_cns_midline	19835682
all_dm6_minus_cns_midline	19835683
all_dm6_minus_cns_midline	19835684
all_dm6_minus_cns_midline	19835685
all_dm6_minus_cns_midline	19835686
all_dm6_minus_cns_midline	19835687
all_dm6_minus_cns_midline	19835688
all_dm6_minus_cns_midline	19835689
all_dm6_minus_cns_midline	19835690
all_dm6_minus_cns_midline	19835691
all_dm6_minus_cns_midline	19835692
all_dm6_minus_cns_midline	19835693
all_dm6_minus_cns_midline	19835694
all_dm6_minus_cns_midline	19835695
all_dm6_minus_cns_midline	19835696
all_dm6_minus_cns_midline	19835697
all_dm6_minus_cns_midline	19835698
all_dm6_minus_cns_midline	19835699
all_dm6_minus_cns_midline	19835700
all_dm6_minus_cns_midline	19835701
all_dm6_minus_cns_midline	19835702
all_dm6_minus_cns_midline	19835703
all_dm6_minus_cns_midline	19835704
all_dm6_minus_cns_midline	19835705
all_dm6_minus_cns_midline	19835706
all_dm6_minus_cns_midline	19835707
all_dm6_minus_cns_midline	19835708
all_dm6_minus_cns_midline	19835709
all_dm6_minus_cns_midline	19835710
all_dm6_minus_cns_midline	19835711
all_dm6_minus_cns_midline	19835712
all_dm6_minus_cns_midline	19835713
all_dm6_minus_cns_midline	19835714
all_dm6_minus_cns_midline	19835715
all_dm6_minus_cns_midline	19835716
all_dm6_minus_cns_midline	19835717
all_dm6_minus_cns_midline	19835718
all_dm6_minus_cns_midline	19835719
all_dm6_minus_cns_midline	19835720
all_dm6_minus_cns_midline	19835721
all_dm6_minus_cns_midline	19835722
all_dm6_minus_cns_midline	19835723
all_dm6_minus_cns_midline	19835724
all_dm6_minus_cns_midline	19835725
all_dm6_minus_cns_midline	19835726
all_dm6_minus_cns_midline	19835727
all_dm6_minus_cns_midline	19835728
all_dm6_minus_cns_midline	19835729
all_dm6_minus_cns_midline	19835730
all_dm6_minus_cns_midline	19835731
all_dm6_minus_cns_midline	19835732
all_dm6_minus_cns_midline	19835733
all_dm6_minus_cns_midline	19835734
all_dm6_minus_cns_midline	19835735
all_dm6_minus_cns_midline	19835736
all_dm6_minus_cns_midline	19835737
all_dm6_minus_cns_midline	19835738
all_dm6_minus_cns_midline	19835739
all_dm6_minus_cns_midline	19835741
all_dm6_minus_cns_midline	19835742
all_dm6_minus_cns_midline	19835743
all_dm6_minus_cns_midline	19835744
all_dm6_minus_cns_midline	19835745
all_dm6_minus_cns_midline	19835746
all_dm6_minus_cns_midline	19835747
all_dm6_minus_cns_midline	19835748
all_dm6_minus_cns_midline	19835749
all_dm6_minus_cns_midline	19835750
all_dm6_minus_cns_midline	19835751
all_dm6_minus_cns_midline	19835752
all_dm6_minus_cns_midline	19835753
all_dm6_minus_cns_midline	19835754
all_dm6_minus_cns_midline	19835755
all_dm6_minus_cns_midline	19835756
all_dm6_minus_cns_midline	19835757
all_dm6_minus_cns_midline	19835758
all_dm6_minus_cns_midline	19835759
all_dm6_minus_cns_midline	19835760
all_dm6_minus_cns_midline	19835761
all_dm6_minus_cns_midline	19835762
all_dm6_minus_cns_midline	19835763
all_dm6_minus_cns_midline	19835764
all_dm6_minus_cns_midline	19835765
all_dm6_minus_cns_midline	19835766
all_dm6_minus_cns_midline	19835767
all_dm6_minus_cns_midline	19835768
all_dm6_minus_cns_midline	19835769
all_dm6_minus_cns_midline	19835770
all_dm6_minus_cns_midline	19835771
all_dm6_minus_cns_midline	19835772
all_dm6_minus_cns_midline	19835773
all_dm6_minus_cns_midline	19835774
all_dm6_minus_cns_midline	19835775
all_dm6_minus_cns_midline	19835776
all_dm6_minus_cns_midline	19835777
all_dm6_minus_cns_midline	19835778
all_dm6_minus_cns_midline	19835779
all_dm6_minus_cns_midline	19835780
all_dm6_minus_cns_midline	19835781
all_dm6_minus_cns_midline	19835782
all_dm6_minus_cns_midline	19835783
all_dm6_minus_cns_midline	19835784
all_dm6_minus_cns_midline	19835785
all_dm6_minus_cns_midline	19835786
all_dm6_minus_cns_midline	19835787
all_dm6_minus_cns_midline	19835788
all_dm6_minus_cns_midline	19835789
all_dm6_minus_cns_midline	19835790
all_dm6_minus_cns_midline	19835791
all_dm6_minus_cns_midline	19835792
all_dm6_minus_cns_midline	19835793
all_dm6_minus_cns_midline	19835794
all_dm6_minus_cns_midline	19835796
all_dm6_minus_cns_midline	19835797
all_dm6_minus_cns_midline	19835798
all_dm6_minus_cns_midline	19835799
all_dm6_minus_cns_midline	19835800
all_dm6_minus_cns_midline	19835801
all_dm6_minus_cns_midline	19835802
all_dm6_minus_cns_midline	19835803
all_dm6_minus_cns_midline	19835804
all_dm6_minus_cns_midline	19835805
all_dm6_minus_cns_midline	19835806
all_dm6_minus_cns_midline	19835807
all_dm6_minus_cns_midline	19835808
all_dm6_minus_cns_midline	19835809
all_dm6_minus_cns_midline	19835810
all_dm6_minus_cns_midline	19835811
all_dm6_minus_cns_midline	19835812
all_dm6_minus_cns_midline	19835813
all_dm6_minus_cns_midline	19835814
all_dm6_minus_cns_midline	19835815
all_dm6_minus_cns_midline	19835816
all_dm6_minus_cns_midline	19835817
all_dm6_minus_cns_midline	19835818
all_dm6_minus_cns_midline	19835819
all_dm6_minus_cns_midline	19835820
all_dm6_minus_cns_midline	19835821
all_dm6_minus_cns_midline	19835822
all_dm6_minus_cns_midline	19835823
all_dm6_minus_cns_midline	19835824
all_dm6_minus_cns_midline	19835825
all_dm6_minus_cns_midline	19835826
all_dm6_minus_cns_midline	19835827
all_dm6_minus_cns_midline	19835828
all_dm6_minus_cns_midline	19835829
all_dm6_minus_cns_midline	19835830
all_dm6_minus_cns_midline	19835831
all_dm6_minus_cns_midline	19835832
all_dm6_minus_cns_midline	19835833
all_dm6_minus_cns_midline	19835834
all_dm6_minus_cns_midline	19835835
all_dm6_minus_cns_midline	19835836
all_dm6_minus_cns_midline	19835837
all_dm6_minus_cns_midline	19835838
all_dm6_minus_cns_midline	19835839
all_dm6_minus_cns_midline	19835840
all_dm6_minus_cns_midline	19835841
all_dm6_minus_cns_midline	19835842
all_dm6_minus_cns_midline	19835843
all_dm6_minus_cns_midline	19835844
all_dm6_minus_cns_midline	19835845
all_dm6_minus_cns_midline	19835846
all_dm6_minus_cns_midline	19835847
all_dm6_minus_cns_midline	19835848
all_dm6_minus_cns_midline	19835849
all_dm6_minus_cns_midline	19835850
all_dm6_minus_cns_midline	19835851
all_dm6_minus_cns_midline	19835852
all_dm6_minus_cns_midline	19835853
all_dm6_minus_cns_midline	19835854
all_dm6_minus_cns_midline	19835855
all_dm6_minus_cns_midline	19835856
all_dm6_minus_cns_midline	19835857
all_dm6_minus_cns_midline	19835858
all_dm6_minus_cns_midline	19835859
all_dm6_minus_cns_midline	19835860
all_dm6_minus_cns_midline	19835861
all_dm6_minus_cns_midline	19835862
all_dm6_minus_cns_midline	19835863
all_dm6_minus_cns_midline	19835864
all_dm6_minus_cns_midline	19835865
all_dm6_minus_cns_midline	19835866
all_dm6_minus_cns_midline	19835867
all_dm6_minus_cns_midline	19835868
all_dm6_minus_cns_midline	19835869
all_dm6_minus_cns_midline	19835870
all_dm6_minus_cns_midline	19835871
all_dm6_minus_cns_midline	19835872
all_dm6_minus_cns_midline	19835873
all_dm6_minus_cns_midline	19835874
all_dm6_minus_cns_midline	19835875
all_dm6_minus_cns_midline	19835876
all_dm6_minus_cns_midline	19835877
all_dm6_minus_cns_midline	19835878
all_dm6_minus_cns_midline	19835879
all_dm6_minus_cns_midline	19835880
all_dm6_minus_cns_midline	19835881
all_dm6_minus_cns_midline	19835882
all_dm6_minus_cns_midline	19835883
all_dm6_minus_cns_midline	19835884
all_dm6_minus_cns_midline	19835885
all_dm6_minus_cns_midline	19835886
all_dm6_minus_cns_midline	19835887
all_dm6_minus_cns_midline	19835888
all_dm6_minus_cns_midline	19835889
all_dm6_minus_cns_midline	19835890
all_dm6_minus_cns_midline	19835891
all_dm6_minus_cns_midline	19835892
all_dm6_minus_cns_midline	19835893
all_dm6_minus_cns_midline	19835894
all_dm6_minus_cns_midline	19835895
all_dm6_minus_cns_midline	19835896
all_dm6_minus_cns_midline	19835897
all_dm6_minus_cns_midline	19835898
all_dm6_minus_cns_midline	19835899
all_dm6_minus_cns_midline	19835900
all_dm6_minus_cns_midline	19835901
all_dm6_minus_cns_midline	19835902
all_dm6_minus_cns_midline	19835903
all_dm6_minus_cns_midline	19835904
all_dm6_minus_cns_midline	19835905
all_dm6_minus_cns_midline	19835906
all_dm6_minus_cns_midline	19835907
all_dm6_minus_cns_midline	19835909
all_dm6_minus_cns_midline	19835910
all_dm6_minus_cns_midline	19835911
all_dm6_minus_cns_midline	19835912
all_dm6_minus_cns_midline	19835913
all_dm6_minus_cns_midline	19835914
all_dm6_minus_cns_midline	19835915
all_dm6_minus_cns_midline	19835916
all_dm6_minus_cns_midline	19835917
all_dm6_minus_cns_midline	19835918
all_dm6_minus_cns_midline	19835919
all_dm6_minus_cns_midline	19835920
all_dm6_minus_cns_midline	19835921
all_dm6_minus_cns_midline	19835922
all_dm6_minus_cns_midline	19835923
all_dm6_minus_cns_midline	19835924
all_dm6_minus_cns_midline	19835925
all_dm6_minus_cns_midline	19835926
all_dm6_minus_cns_midline	19835927
all_dm6_minus_cns_midline	19835928
all_dm6_minus_cns_midline	19835929
all_dm6_minus_cns_midline	19835930
all_dm6_minus_cns_midline	19835931
all_dm6_minus_cns_midline	19835932
all_dm6_minus_cns_midline	19835933
all_dm6_minus_cns_midline	19835934
all_dm6_minus_cns_midline	19835935
all_dm6_minus_cns_midline	19835936
all_dm6_minus_cns_midline	19835937
all_dm6_minus_cns_midline	19835938
all_dm6_minus_cns_midline	19835939
all_dm6_minus_cns_midline	19835940
all_dm6_minus_cns_midline	19835941
all_dm6_minus_cns_midline	19835942
all_dm6_minus_cns_midline	19835943
all_dm6_minus_cns_midline	19835944
all_dm6_minus_cns_midline	19835945
all_dm6_minus_cns_midline	19835946
all_dm6_minus_cns_midline	19835947
all_dm6_minus_cns_midline	19835948
all_dm6_minus_cns_midline	19835949
all_dm6_minus_cns_midline	19835950
all_dm6_minus_cns_midline	19835951
all_dm6_minus_cns_midline	19835952
all_dm6_minus_cns_midline	19835953
all_dm6_minus_cns_midline	19835954
all_dm6_minus_cns_midline	19835955
all_dm6_minus_cns_midline	19835956
all_dm6_minus_cns_midline	19835957
all_dm6_minus_cns_midline	19835958
all_dm6_minus_cns_midline	19835959
all_dm6_minus_cns_midline	19835960
all_dm6_minus_cns_midline	19835961
all_dm6_minus_cns_midline	19835962
all_dm6_minus_cns_midline	19835963
all_dm6_minus_cns_midline	19835964
all_dm6_minus_cns_midline	19835965
all_dm6_minus_cns_midline	19835966
all_dm6_minus_cns_midline	19835967
all_dm6_minus_cns_midline	19835968
all_dm6_minus_cns_midline	19835969
all_dm6_minus_cns_midline	19835970
all_dm6_minus_cns_midline	19835971
all_dm6_minus_cns_midline	19835972
all_dm6_minus_cns_midline	19835973
all_dm6_minus_cns_midline	19835974
all_dm6_minus_cns_midline	19835975
all_dm6_minus_cns_midline	19835976
all_dm6_minus_cns_midline	19835977
all_dm6_minus_cns_midline	19835978
all_dm6_minus_cns_midline	19835979
all_dm6_minus_cns_midline	19835980
all_dm6_minus_cns_midline	19835981
all_dm6_minus_cns_midline	19835982
all_dm6_minus_cns_midline	19835983
all_dm6_minus_cns_midline	19835984
all_dm6_minus_cns_midline	19835985
all_dm6_minus_cns_midline	19835986
all_dm6_minus_cns_midline	19835987
all_dm6_minus_cns_midline	19835988
all_dm6_minus_cns_midline	19835989
all_dm6_minus_cns_midline	19835990
all_dm6_minus_cns_midline	19835991
all_dm6_minus_cns_midline	19835992
all_dm6_minus_cns_midline	19835993
all_dm6_minus_cns_midline	19835994
all_dm6_minus_cns_midline	19835995
all_dm6_minus_cns_midline	19835996
all_dm6_minus_cns_midline	19835997
all_dm6_minus_cns_midline	19835998
all_dm6_minus_cns_midline	19835999
all_dm6_minus_cns_midline	19836000
all_dm6_minus_cns_midline	19836001
all_dm6_minus_cns_midline	19836002
all_dm6_minus_cns_midline	19836003
all_dm6_minus_cns_midline	19836004
all_dm6_minus_cns_midline	19836005
all_dm6_minus_cns_midline	19836006
all_dm6_minus_cns_midline	19836007
all_dm6_minus_cns_midline	19836008
all_dm6_minus_cns_midline	19836009
all_dm6_minus_cns_midline	19836010
all_dm6_minus_cns_midline	19836011
all_dm6_minus_cns_midline	19836012
all_dm6_minus_cns_midline	19836013
all_dm6_minus_cns_midline	19836014
all_dm6_minus_cns_midline	19836015
all_dm6_minus_cns_midline	19836016
all_dm6_minus_cns_midline	19836017
all_dm6_minus_cns_midline	19836018
all_dm6_minus_cns_midline	19836019
all_dm6_minus_cns_midline	19836020
all_dm6_minus_cns_midline	19836021
all_dm6_minus_cns_midline	19836022
all_dm6_minus_cns_midline	19836023
all_dm6_minus_cns_midline	19836024
all_dm6_minus_cns_midline	19836025
all_dm6_minus_cns_midline	19836026
all_dm6_minus_cns_midline	19836027
all_dm6_minus_cns_midline	19836028
all_dm6_minus_cns_midline	19836029
all_dm6_minus_cns_midline	19836030
all_dm6_minus_cns_midline	19836031
all_dm6_minus_cns_midline	19836032
all_dm6_minus_cns_midline	19836033
all_dm6_minus_cns_midline	19836034
all_dm6_minus_cns_midline	19836035
all_dm6_minus_cns_midline	19836036
all_dm6_minus_cns_midline	19836037
all_dm6_minus_cns_midline	19836038
all_dm6_minus_cns_midline	19836039
all_dm6_minus_cns_midline	19836040
all_dm6_minus_cns_midline	19836041
all_dm6_minus_cns_midline	19836042
all_dm6_minus_cns_midline	19836043
all_dm6_minus_cns_midline	19836044
all_dm6_minus_cns_midline	19836046
all_dm6_minus_cns_midline	19836047
all_dm6_minus_cns_midline	19836048
all_dm6_minus_cns_midline	19836049
all_dm6_minus_cns_midline	19836050
all_dm6_minus_cns_midline	19836051
all_dm6_minus_cns_midline	19836052
all_dm6_minus_cns_midline	19836053
all_dm6_minus_cns_midline	19836054
all_dm6_minus_cns_midline	19836055
all_dm6_minus_cns_midline	19836056
all_dm6_minus_cns_midline	19836057
all_dm6_minus_cns_midline	19836058
all_dm6_minus_cns_midline	19836059
all_dm6_minus_cns_midline	19836060
all_dm6_minus_cns_midline	19836061
all_dm6_minus_cns_midline	19836062
all_dm6_minus_cns_midline	19836063
all_dm6_minus_cns_midline	19836064
all_dm6_minus_cns_midline	19836065
all_dm6_minus_cns_midline	19836066
all_dm6_minus_cns_midline	19836067
all_dm6_minus_cns_midline	19836068
all_dm6_minus_cns_midline	19836069
all_dm6_minus_cns_midline	19836070
all_dm6_minus_cns_midline	19836071
all_dm6_minus_cns_midline	19836072
all_dm6_minus_cns_midline	19836073
all_dm6_minus_cns_midline	19836074
all_dm6_minus_cns_midline	19836075
all_dm6_minus_cns_midline	19836076
all_dm6_minus_cns_midline	19836077
all_dm6_minus_cns_midline	19836078
all_dm6_minus_cns_midline	19836079
all_dm6_minus_cns_midline	19836080
all_dm6_minus_cns_midline	19836081
all_dm6_minus_cns_midline	19836082
all_dm6_minus_cns_midline	19836083
all_dm6_minus_cns_midline	19836084
all_dm6_minus_cns_midline	19836085
all_dm6_minus_cns_midline	19836086
all_dm6_minus_cns_midline	19836087
all_dm6_minus_cns_midline	19836088
all_dm6_minus_cns_midline	19836089
all_dm6_minus_cns_midline	19836090
all_dm6_minus_cns_midline	19836091
all_dm6_minus_cns_midline	19836092
all_dm6_minus_cns_midline	19836093
all_dm6_minus_cns_midline	19836094
all_dm6_minus_cns_midline	19836095
all_dm6_minus_cns_midline	19836096
all_dm6_minus_cns_midline	19836097
all_dm6_minus_cns_midline	19836098
all_dm6_minus_cns_midline	19836099
all_dm6_minus_cns_midline	19836100
all_dm6_minus_cns_midline	19836101
all_dm6_minus_cns_midline	19836102
all_dm6_minus_cns_midline	19836103
all_dm6_minus_cns_midline	19836104
all_dm6_minus_cns_midline	19836105
all_dm6_minus_cns_midline	19836106
all_dm6_minus_cns_midline	19836107
all_dm6_minus_cns_midline	19836108
all_dm6_minus_cns_midline	19836109
all_dm6_minus_cns_midline	19836110
all_dm6_minus_cns_midline	19836111
all_dm6_minus_cns_midline	19836112
all_dm6_minus_cns_midline	19836113
all_dm6_minus_cns_midline	19836114
all_dm6_minus_cns_midline	19836116
all_dm6_minus_cns_midline	19836117
all_dm6_minus_cns_midline	19836118
all_dm6_minus_cns_midline	19836119
all_dm6_minus_cns_midline	19836120
all_dm6_minus_cns_midline	19836121
all_dm6_minus_cns_midline	19836122
all_dm6_minus_cns_midline	19836123
all_dm6_minus_cns_midline	19836124
all_dm6_minus_cns_midline	19836125
all_dm6_minus_cns_midline	19836126
all_dm6_minus_cns_midline	19836127
all_dm6_minus_cns_midline	19836129
all_dm6_minus_cns_midline	19836130
all_dm6_minus_cns_midline	19836131
all_dm6_minus_cns_midline	19836132
all_dm6_minus_cns_midline	19836133
all_dm6_minus_cns_midline	19836134
all_dm6_minus_cns_midline	19836135
all_dm6_minus_cns_midline	19836136
all_dm6_minus_cns_midline	19836137
all_dm6_minus_cns_midline	19836138
all_dm6_minus_cns_midline	19836139
all_dm6_minus_cns_midline	19836140
all_dm6_minus_cns_midline	19836141
all_dm6_minus_cns_midline	19836142
all_dm6_minus_cns_midline	19836143
all_dm6_minus_cns_midline	19836144
all_dm6_minus_cns_midline	19836145
all_dm6_minus_cns_midline	19836146
all_dm6_minus_cns_midline	19836147
all_dm6_minus_cns_midline	19836148
all_dm6_minus_cns_midline	19836149
all_dm6_minus_cns_midline	19836150
all_dm6_minus_cns_midline	19836151
all_dm6_minus_cns_midline	19836152
all_dm6_minus_cns_midline	19836153
all_dm6_minus_cns_midline	19836154
all_dm6_minus_cns_midline	19836155
all_dm6_minus_cns_midline	19836156
all_dm6_minus_cns_midline	19836157
all_dm6_minus_cns_midline	19836158
all_dm6_minus_cns_midline	19836159
all_dm6_minus_cns_midline	19836160
all_dm6_minus_cns_midline	19836161
all_dm6_minus_cns_midline	19836162
all_dm6_minus_cns_midline	19836163
all_dm6_minus_cns_midline	19836164
all_dm6_minus_cns_midline	19836165
all_dm6_minus_cns_midline	19836167
all_dm6_minus_cns_midline	19836168
all_dm6_minus_cns_midline	19836169
all_dm6_minus_cns_midline	19836170
all_dm6_minus_cns_midline	19836172
all_dm6_minus_cns_midline	19836173
all_dm6_minus_cns_midline	19836174
all_dm6_minus_cns_midline	19836175
all_dm6_minus_cns_midline	19836176
all_dm6_minus_cns_midline	19836177
all_dm6_minus_cns_midline	19836178
all_dm6_minus_cns_midline	19836179
all_dm6_minus_cns_midline	19836180
all_dm6_minus_cns_midline	19836181
all_dm6_minus_cns_midline	19836182
all_dm6_minus_cns_midline	19836183
all_dm6_minus_cns_midline	19836184
all_dm6_minus_cns_midline	19836185
all_dm6_minus_cns_midline	19836186
all_dm6_minus_cns_midline	19836187
all_dm6_minus_cns_midline	19836188
all_dm6_minus_cns_midline	19836189
all_dm6_minus_cns_midline	19836190
all_dm6_minus_cns_midline	19836191
all_dm6_minus_cns_midline	19836193
all_dm6_minus_cns_midline	19836194
all_dm6_minus_cns_midline	19836195
all_dm6_minus_cns_midline	19836196
all_dm6_minus_cns_midline	19836197
all_dm6_minus_cns_midline	19836198
all_dm6_minus_cns_midline	19836199
all_dm6_minus_cns_midline	19836200
all_dm6_minus_cns_midline	19836201
all_dm6_minus_cns_midline	19836202
all_dm6_minus_cns_midline	19836203
all_dm6_minus_cns_midline	19836204
all_dm6_minus_cns_midline	19836205
all_dm6_minus_cns_midline	19836206
all_dm6_minus_cns_midline	19836207
all_dm6_minus_cns_midline	19836208
all_dm6_minus_cns_midline	19836209
all_dm6_minus_cns_midline	19836210
all_dm6_minus_cns_midline	19836211
all_dm6_minus_cns_midline	19836212
all_dm6_minus_cns_midline	19836213
all_dm6_minus_cns_midline	19836214
all_dm6_minus_cns_midline	19836215
all_dm6_minus_cns_midline	19836216
all_dm6_minus_cns_midline	19836217
all_dm6_minus_cns_midline	19836218
all_dm6_minus_cns_midline	19836219
all_dm6_minus_cns_midline	19836220
all_dm6_minus_cns_midline	19836221
all_dm6_minus_cns_midline	19836222
all_dm6_minus_cns_midline	19836223
all_dm6_minus_cns_midline	19836224
all_dm6_minus_cns_midline	19836225
all_dm6_minus_cns_midline	19836226
all_dm6_minus_cns_midline	19836227
all_dm6_minus_cns_midline	19836228
all_dm6_minus_cns_midline	19836229
all_dm6_minus_cns_midline	19836230
all_dm6_minus_cns_midline	19836231
all_dm6_minus_cns_midline	19836232
all_dm6_minus_cns_midline	19836233
all_dm6_minus_cns_midline	19836234
all_dm6_minus_cns_midline	19836235
all_dm6_minus_cns_midline	19836236
all_dm6_minus_cns_midline	19836237
all_dm6_minus_cns_midline	19836238
all_dm6_minus_cns_midline	19836239
all_dm6_minus_cns_midline	19836240
all_dm6_minus_cns_midline	19836241
all_dm6_minus_cns_midline	19836242
all_dm6_minus_cns_midline	19836243
all_dm6_minus_cns_midline	19836244
all_dm6_minus_cns_midline	19836245
all_dm6_minus_cns_midline	19836246
all_dm6_minus_cns_midline	19836247
all_dm6_minus_cns_midline	19836248
all_dm6_minus_cns_midline	19836249
all_dm6_minus_cns_midline	19836250
all_dm6_minus_cns_midline	19836251
all_dm6_minus_cns_midline	19836252
all_dm6_minus_cns_midline	19836253
all_dm6_minus_cns_midline	19836254
all_dm6_minus_cns_midline	19836255
all_dm6_minus_cns_midline	19836256
all_dm6_minus_cns_midline	19836257
all_dm6_minus_cns_midline	19836258
all_dm6_minus_cns_midline	19893527
all_dm6_minus_cns_midline	19893528
all_dm6_minus_cns_midline	19893529
all_dm6_minus_cns_midline	19893530
all_dm6_minus_cns_midline	19893531
all_dm6_minus_cns_midline	19893532
all_dm6_minus_cns_midline	19893533
all_dm6_minus_cns_midline	19893534
all_dm6_minus_cns_midline	19893535
all_dm6_minus_cns_midline	19893536
all_dm6_minus_cns_midline	19893537
all_dm6_minus_cns_midline	19893538
all_dm6_minus_cns_midline	19893541
all_dm6_minus_cns_midline	19893542
all_dm6_minus_cns_midline	19893543
all_dm6_minus_cns_midline	19893544
all_dm6_minus_cns_midline	19893545
all_dm6_minus_cns_midline	19893546
all_dm6_minus_cns_midline	19893547
all_dm6_minus_cns_midline	19893548
all_dm6_minus_cns_midline	19893549
all_dm6_minus_cns_midline	19893550
all_dm6_minus_cns_midline	19893551
all_dm6_minus_cns_midline	19893552
all_dm6_minus_cns_midline	19893553
all_dm6_minus_cns_midline	19893554
all_dm6_minus_cns_midline	19893555
all_dm6_minus_cns_midline	19893556
all_dm6_minus_cns_midline	19893557
all_dm6_minus_cns_midline	19893558
all_dm6_minus_cns_midline	19893559
all_dm6_minus_cns_midline	19893560
all_dm6_minus_cns_midline	19893561
all_dm6_minus_cns_midline	19893562
all_dm6_minus_cns_midline	19893563
all_dm6_minus_cns_midline	19988923
all_dm6_minus_cns_midline	20520584
all_dm6_minus_cns_midline	20520587
all_dm6_minus_cns_midline	20520588
all_dm6_minus_cns_midline	20520591
all_dm6_minus_cns_midline	20520592
all_dm6_minus_cns_midline	20520593
all_dm6_minus_cns_midline	20520594
all_dm6_minus_cns_midline	20520595
all_dm6_minus_cns_midline	20520596
all_dm6_minus_cns_midline	20520597
all_dm6_minus_cns_midline	20520598
all_dm6_minus_cns_midline	20520599
all_dm6_minus_cns_midline	26067037
all_dm6_minus_cns_midline	26067038
all_dm6_minus_cns_midline	26067039
all_dm6_minus_cns_midline	26067040
all_dm6_minus_cns_midline	26067041
all_dm6_minus_cns_midline	26067042
all_dm6_minus_cns_midline	26067043
all_dm6_minus_cns_midline	26067044
all_dm6_minus_cns_midline	26067045
all_dm6_minus_cns_midline	26067046
all_dm6_minus_cns_midline	26067047
all_dm6_minus_cns_midline	26067048
all_dm6_minus_cns_midline	26067049
all_dm6_minus_cns_midline	26067050
all_dm6_minus_cns_midline	26067051
all_dm6_minus_cns_midline	26067052
all_dm6_minus_cns_midline	26067053
all_dm6_minus_cns_midline	26067054
all_dm6_minus_cns_midline	26067055
all_dm6_minus_cns_midline	26067056
all_dm6_minus_cns_midline	26067057
all_dm6_minus_cns_midline	26067058
all_dm6_minus_cns_midline	26067059
all_dm6_minus_cns_midline	26067060
all_dm6_minus_cns_midline	26067061
all_dm6_minus_cns_midline	26067062
all_dm6_minus_cns_midline	26067063
all_dm6_minus_cns_midline	26067064
all_dm6_minus_cns_midline	26067065
all_dm6_minus_cns_midline	26067066
all_dm6_minus_cns_midline	26067067
all_dm6_minus_cns_midline	26067068
all_dm6_minus_cns_midline	26067069
all_dm6_minus_cns_midline	26067070
all_dm6_minus_cns_midline	26067071
all_dm6_minus_cns_midline	26067072
all_dm6_minus_cns_midline	26067073
all_dm6_minus_cns_midline	26067074
all_dm6_minus_cns_midline	26067075
all_dm6_minus_cns_midline	26067076
all_dm6_minus_cns_midline	26067077
all_dm6_minus_cns_midline	26067078
all_dm6_minus_cns_midline	26067079
all_dm6_minus_cns_midline	26067080
all_dm6_minus_cns_midline	26067081
all_dm6_minus_cns_midline	26067082
all_dm6_minus_cns_midline	26067083
all_dm6_minus_cns_midline	26067084
all_dm6_minus_cns_midline	26067085
all_dm6_minus_cns_midline	26067086
all_dm6_minus_cns_midline	26067087
all_dm6_minus_cns_midline	26067088
all_dm6_minus_cns_midline	26067089
all_dm6_minus_cns_midline	26067090
all_dm6_minus_cns_midline	26067091
all_dm6_minus_cns_midline	26067092
all_dm6_minus_cns_midline	26067093
all_dm6_minus_cns_midline	26067094
all_dm6_minus_cns_midline	26067095
all_dm6_minus_cns_midline	26067096
all_dm6_minus_cns_midline	26067097
all_dm6_minus_cns_midline	26067098
all_dm6_minus_cns_midline	26067099
all_dm6_minus_cns_midline	26067100
all_dm6_minus_cns_midline	26067101
all_dm6_minus_cns_midline	26067102
all_dm6_minus_cns_midline	26067103
all_dm6_minus_cns_midline	26067104
all_dm6_minus_cns_midline	26067105
all_dm6_minus_cns_midline	26067106
all_dm6_minus_cns_midline	26067107
all_dm6_minus_cns_midline	26067108
all_dm6_minus_cns_midline	26067109
all_dm6_minus_cns_midline	26067110
all_dm6_minus_cns_midline	26067111
all_dm6_minus_cns_midline	26067112
all_dm6_minus_cns_midline	26067113
all_dm6_minus_cns_midline	26067114
all_dm6_minus_cns_midline	26067115
all_dm6_minus_cns_midline	26067116
all_dm6_minus_cns_midline	26067117
all_dm6_minus_cns_midline	26067118
all_dm6_minus_cns_midline	26067119
all_dm6_minus_cns_midline	26067120
all_dm6_minus_cns_midline	26067121
all_dm6_minus_cns_midline	26067122
all_dm6_minus_cns_midline	26067123
all_dm6_minus_cns_midline	26067124
all_dm6_minus_cns_midline	26067125
all_dm6_minus_cns_midline	26067126
all_dm6_minus_cns_midline	26067127
all_dm6_minus_cns_midline	26067128
all_dm6_minus_cns_midline	26067129
all_dm6_minus_cns_midline	26067130
all_dm6_minus_cns_midline	26067131
all_dm6_minus_cns_midline	26067132
all_dm6_minus_cns_midline	26067133
all_dm6_minus_cns_midline	26067134
all_dm6_minus_cns_midline	26067135
all_dm6_minus_cns_midline	26067136
all_dm6_minus_cns_midline	26067137
all_dm6_minus_cns_midline	26067138
all_dm6_minus_cns_midline	26067139
all_dm6_minus_cns_midline	26067140
all_dm6_minus_cns_midline	26067141
all_dm6_minus_cns_midline	26067142
all_dm6_minus_cns_midline	26067143
all_dm6_minus_cns_midline	26067144
all_dm6_minus_cns_midline	26067145
all_dm6_minus_cns_midline	26067146
all_dm6_minus_cns_midline	26067147
all_dm6_minus_cns_midline	26067148
all_dm6_minus_cns_midline	26067149
all_dm6_minus_cns_midline	26067150
all_dm6_minus_cns_midline	26067151
all_dm6_minus_cns_midline	26067152
all_dm6_minus_cns_midline	26067153
all_dm6_minus_cns_midline	26067154
all_dm6_minus_cns_midline	26067155
all_dm6_minus_cns_midline	26067156
all_dm6_minus_cns_midline	26067157
all_dm6_minus_cns_midline	26067158
all_dm6_minus_cns_midline	26067159
all_dm6_minus_cns_midline	26067160
all_dm6_minus_cns_midline	26067161
all_dm6_minus_cns_midline	26067162
all_dm6_minus_cns_midline	26067163
all_dm6_minus_cns_midline	26067164
all_dm6_minus_cns_midline	26067165
all_dm6_minus_cns_midline	26067166
all_dm6_minus_cns_midline	26067167
all_dm6_minus_cns_midline	26067168
all_dm6_minus_cns_midline	26067169
all_dm6_minus_cns_midline	26067170
all_dm6_minus_cns_midline	26067171
all_dm6_minus_cns_midline	26067172
all_dm6_minus_cns_midline	26067173
all_dm6_minus_cns_midline	26067174
all_dm6_minus_cns_midline	26067175
all_dm6_minus_cns_midline	26067176
all_dm6_minus_cns_midline	26067177
all_dm6_minus_cns_midline	26067178
all_dm6_minus_cns_midline	26067179
all_dm6_minus_cns_midline	26067180
all_dm6_minus_cns_midline	26067181
all_dm6_minus_cns_midline	26067182
all_dm6_minus_cns_midline	26067183
all_dm6_minus_cns_midline	26067184
all_dm6_minus_cns_midline	26067185
all_dm6_minus_cns_midline	26067186
all_dm6_minus_cns_midline	26067187
all_dm6_minus_cns_midline	26067188
all_dm6_minus_cns_midline	26067189
all_dm6_minus_cns_midline	26067190
all_dm6_minus_cns_midline	26067191
all_dm6_minus_cns_midline	26067192
all_dm6_minus_cns_midline	26067193
all_dm6_minus_cns_midline	26067194
all_dm6_minus_cns_midline	26067195
all_dm6_minus_cns_midline	26067196
all_dm6_minus_cns_midline	26067197
all_dm6_minus_cns_midline	26067198
all_dm6_minus_cns_midline	26067199
all_dm6_minus_cns_midline	26067200
all_dm6_minus_cns_midline	26067201
all_dm6_minus_cns_midline	26067202
all_dm6_minus_cns_midline	26067203
all_dm6_minus_cns_midline	26067204
all_dm6_minus_cns_midline	26067205
all_dm6_minus_cns_midline	26067206
all_dm6_minus_cns_midline	26067207
all_dm6_minus_cns_midline	26067208
all_dm6_minus_cns_midline	26067209
all_dm6_minus_cns_midline	26067210
all_dm6_minus_cns_midline	26067211
all_dm6_minus_cns_midline	26067212
all_dm6_minus_cns_midline	26067213
all_dm6_minus_cns_midline	26067214
all_dm6_minus_cns_midline	26067215
all_dm6_minus_cns_midline	26067216
all_dm6_minus_cns_midline	26067217
all_dm6_minus_cns_midline	26067218
all_dm6_minus_cns_midline	26067219
all_dm6_minus_cns_midline	26067220
all_dm6_minus_cns_midline	26067221
all_dm6_minus_cns_midline	26067222
all_dm6_minus_cns_midline	26067223
all_dm6_minus_cns_midline	26067224
all_dm6_minus_cns_midline	26067225
all_dm6_minus_cns_midline	26067226
all_dm6_minus_cns_midline	26067227
all_dm6_minus_cns_midline	26067228
all_dm6_minus_cns_midline	26067229
all_dm6_minus_cns_midline	26067230
all_dm6_minus_cns_midline	26067231
all_dm6_minus_cns_midline	26067232
all_dm6_minus_cns_midline	26067233
all_dm6_minus_cns_midline	26067234
all_dm6_minus_cns_midline	26067235
all_dm6_minus_cns_midline	26067236
all_dm6_minus_cns_midline	26067237
all_dm6_minus_cns_midline	26067238
all_dm6_minus_cns_midline	26067239
all_dm6_minus_cns_midline	26067240
all_dm6_minus_cns_midline	26067241
all_dm6_minus_cns_midline	26067242
all_dm6_minus_cns_midline	26067243
all_dm6_minus_cns_midline	26067244
all_dm6_minus_cns_midline	26067245
all_dm6_minus_cns_midline	26067246
all_dm6_minus_cns_midline	26067247
all_dm6_minus_cns_midline	26067248
all_dm6_minus_cns_midline	26067249
all_dm6_minus_cns_midline	26067250
all_dm6_minus_cns_midline	26067251
all_dm6_minus_cns_midline	26067252
all_dm6_minus_cns_midline	26067253
all_dm6_minus_cns_midline	26067254
all_dm6_minus_cns_midline	26067255
all_dm6_minus_cns_midline	26067256
all_dm6_minus_cns_midline	26067257
all_dm6_minus_cns_midline	26067258
all_dm6_minus_cns_midline	26067259
all_dm6_minus_cns_midline	26067260
all_dm6_minus_cns_midline	26067261
all_dm6_minus_cns_midline	26067262
all_dm6_minus_cns_midline	26067263
all_dm6_minus_cns_midline	26067264
all_dm6_minus_cns_midline	26067265
all_dm6_minus_cns_midline	26067266
all_dm6_minus_cns_midline	26067267
all_dm6_minus_cns_midline	26067268
all_dm6_minus_cns_midline	26067269
all_dm6_minus_cns_midline	26067270
all_dm6_minus_cns_midline	26067271
all_dm6_minus_cns_midline	26067272
all_dm6_minus_cns_midline	26067273
all_dm6_minus_cns_midline	26067274
all_dm6_minus_cns_midline	26067275
all_dm6_minus_cns_midline	26067276
all_dm6_minus_cns_midline	26067277
all_dm6_minus_cns_midline	26067278
all_dm6_minus_cns_midline	26067279
all_dm6_minus_cns_midline	26067280
all_dm6_minus_cns_midline	26067281
all_dm6_minus_cns_midline	26067282
all_dm6_minus_cns_midline	26067283
all_dm6_minus_cns_midline	26067284
all_dm6_minus_cns_midline	26067285
all_dm6_minus_cns_midline	26067286
all_dm6_minus_cns_midline	26067287
all_dm6_minus_cns_midline	26067288
all_dm6_minus_cns_midline	26067289
all_dm6_minus_cns_midline	26067290
all_dm6_minus_cns_midline	26067291
all_dm6_minus_cns_midline	26067292
all_dm6_minus_cns_midline	26067293
all_dm6_minus_cns_midline	26067294
all_dm6_minus_cns_midline	26067295
all_dm6_minus_cns_midline	26067296
all_dm6_minus_cns_midline	26067297
all_dm6_minus_cns_midline	26067298
all_dm6_minus_cns_midline	26067299
all_dm6_minus_cns_midline	26067300
all_dm6_minus_cns_midline	26067301
all_dm6_minus_cns_midline	26067302
all_dm6_minus_cns_midline	26067303
all_dm6_minus_cns_midline	26067304
all_dm6_minus_cns_midline	26067305
all_dm6_minus_cns_midline	26067306
all_dm6_minus_cns_midline	26067307
all_dm6_minus_cns_midline	26067308
all_dm6_minus_cns_midline	26067309
all_dm6_minus_cns_midline	26067310
all_dm6_minus_cns_midline	26067311
all_dm6_minus_cns_midline	26067312
all_dm6_minus_cns_midline	26067313
all_dm6_minus_cns_midline	26067314
all_dm6_minus_cns_midline	26067315
all_dm6_minus_cns_midline	26067316
all_dm6_minus_cns_midline	26067317
all_dm6_minus_cns_midline	26067318
all_dm6_minus_cns_midline	26067319
all_dm6_minus_cns_midline	26067320
all_dm6_minus_cns_midline	26067321
all_dm6_minus_cns_midline	26067322
all_dm6_minus_cns_midline	26067323
all_dm6_minus_cns_midline	26067325
all_dm6_minus_cns_midline	26067326
all_dm6_minus_cns_midline	26067327
all_dm6_minus_cns_midline	26067328
all_dm6_minus_cns_midline	26067329
all_dm6_minus_cns_midline	26067330
all_dm6_minus_cns_midline	26067331
all_dm6_minus_cns_midline	26067332
all_dm6_minus_cns_midline	26067333
all_dm6_minus_cns_midline	26067334
all_dm6_minus_cns_midline	26067335
all_dm6_minus_cns_midline	26067336
all_dm6_minus_cns_midline	26067337
all_dm6_minus_cns_midline	26067338
all_dm6_minus_cns_midline	26067339
all_dm6_minus_cns_midline	26067340
all_dm6_minus_cns_midline	26067341
all_dm6_minus_cns_midline	26067342
all_dm6_minus_cns_midline	26067343
all_dm6_minus_cns_midline	26067344
all_dm6_minus_cns_midline	26067345
all_dm6_minus_cns_midline	26067346
all_dm6_minus_cns_midline	26067347
all_dm6_minus_cns_midline	26067348
all_dm6_minus_cns_midline	26067349
all_dm6_minus_cns_midline	26067350
all_dm6_minus_cns_midline	26067351
all_dm6_minus_cns_midline	26067352
all_dm6_minus_cns_midline	26067353
all_dm6_minus_cns_midline	26067354
all_dm6_minus_cns_midline	26067355
all_dm6_minus_cns_midline	26067356
all_dm6_minus_cns_midline	26067357
all_dm6_minus_cns_midline	26067358
all_dm6_minus_cns_midline	26067359
all_dm6_minus_cns_midline	26067360
all_dm6_minus_cns_midline	26067361
all_dm6_minus_cns_midline	26067362
all_dm6_minus_cns_midline	26067363
all_dm6_minus_cns_midline	26067364
all_dm6_minus_cns_midline	26067365
all_dm6_minus_cns_midline	26067366
all_dm6_minus_cns_midline	26067367
all_dm6_minus_cns_midline	26067368
all_dm6_minus_cns_midline	26067369
all_dm6_minus_cns_midline	26067370
all_dm6_minus_cns_midline	26067371
all_dm6_minus_cns_midline	26067372
all_dm6_minus_cns_midline	26067373
all_dm6_minus_cns_midline	26067374
all_dm6_minus_cns_midline	26067375
all_dm6_minus_cns_midline	26067376
all_dm6_minus_cns_midline	26067377
all_dm6_minus_cns_midline	26067378
all_dm6_minus_cns_midline	26067379
all_dm6_minus_cns_midline	26067380
all_dm6_minus_cns_midline	26067381
all_dm6_minus_cns_midline	26067382
all_dm6_minus_cns_midline	26067383
all_dm6_minus_cns_midline	26067384
all_dm6_minus_cns_midline	26067385
all_dm6_minus_cns_midline	26067386
all_dm6_minus_cns_midline	26067387
all_dm6_minus_cns_midline	26067388
all_dm6_minus_cns_midline	26067389
all_dm6_minus_cns_midline	26067390
all_dm6_minus_cns_midline	26067391
all_dm6_minus_cns_midline	26067392
all_dm6_minus_cns_midline	26067393
all_dm6_minus_cns_midline	26067394
all_dm6_minus_cns_midline	26067395
all_dm6_minus_cns_midline	26067396
all_dm6_minus_cns_midline	26067397
all_dm6_minus_cns_midline	26067398
all_dm6_minus_cns_midline	26067399
all_dm6_minus_cns_midline	26067400
all_dm6_minus_cns_midline	26067401
all_dm6_minus_cns_midline	26067402
all_dm6_minus_cns_midline	26067403
all_dm6_minus_cns_midline	26067404
all_dm6_minus_cns_midline	26067405
all_dm6_minus_cns_midline	26067406
all_dm6_minus_cns_midline	26067407
all_dm6_minus_cns_midline	26067408
all_dm6_minus_cns_midline	26067409
all_dm6_minus_cns_midline	26067410
all_dm6_minus_cns_midline	26067411
all_dm6_minus_cns_midline	26067412
all_dm6_minus_cns_midline	26067413
all_dm6_minus_cns_midline	26067414
all_dm6_minus_cns_midline	26067415
all_dm6_minus_cns_midline	26067416
all_dm6_minus_cns_midline	26067417
all_dm6_minus_cns_midline	26067418
all_dm6_minus_cns_midline	26067419
all_dm6_minus_cns_midline	26067420
all_dm6_minus_cns_midline	26067421
all_dm6_minus_cns_midline	26067422
all_dm6_minus_cns_midline	26067423
all_dm6_minus_cns_midline	26067424
all_dm6_minus_cns_midline	26067425
all_dm6_minus_cns_midline	26067426
all_dm6_minus_cns_midline	26067427
all_dm6_minus_cns_midline	26067428
all_dm6_minus_cns_midline	26067429
all_dm6_minus_cns_midline	26067430
all_dm6_minus_cns_midline	26067431
all_dm6_minus_cns_midline	26067432
all_dm6_minus_cns_midline	26067433
all_dm6_minus_cns_midline	26067434
all_dm6_minus_cns_midline	26067435
all_dm6_minus_cns_midline	26067436
all_dm6_minus_cns_midline	26067437
all_dm6_minus_cns_midline	26067438
all_dm6_minus_cns_midline	26067439
all_dm6_minus_cns_midline	26067440
all_dm6_minus_cns_midline	26067441
all_dm6_minus_cns_midline	26067442
all_dm6_minus_cns_midline	26067443
all_dm6_minus_cns_midline	26067444
all_dm6_minus_cns_midline	26067445
all_dm6_minus_cns_midline	26067446
all_dm6_minus_cns_midline	26067447
all_dm6_minus_cns_midline	26067448
all_dm6_minus_cns_midline	26067449
all_dm6_minus_cns_midline	26067450
all_dm6_minus_cns_midline	26067451
all_dm6_minus_cns_midline	26067452
all_dm6_minus_cns_midline	26067453
all_dm6_minus_cns_midline	26067454
all_dm6_minus_cns_midline	26067455
all_dm6_minus_cns_midline	26067456
all_dm6_minus_cns_midline	26067457
all_dm6_minus_cns_midline	26067458
all_dm6_minus_cns_midline	26067459
all_dm6_minus_cns_midline	26067460
all_dm6_minus_cns_midline	26067461
all_dm6_minus_cns_midline	26067462
all_dm6_minus_cns_midline	26067463
all_dm6_minus_cns_midline	26067464
all_dm6_minus_cns_midline	26067465
all_dm6_minus_cns_midline	26067466
all_dm6_minus_cns_midline	26067467
all_dm6_minus_cns_midline	26067468
all_dm6_minus_cns_midline	26067469
all_dm6_minus_cns_midline	26067470
all_dm6_minus_cns_midline	26067471
all_dm6_minus_cns_midline	26067472
all_dm6_minus_cns_midline	26067473
all_dm6_minus_cns_midline	26067474
all_dm6_minus_cns_midline	26067475
all_dm6_minus_cns_midline	26067476
all_dm6_minus_cns_midline	26067477
all_dm6_minus_cns_midline	26067478
all_dm6_minus_cns_midline	26067479
all_dm6_minus_cns_midline	26067480
all_dm6_minus_cns_midline	26067481
all_dm6_minus_cns_midline	26067482
all_dm6_minus_cns_midline	26067483
all_dm6_minus_cns_midline	26067484
all_dm6_minus_cns_midline	26067485
all_dm6_minus_cns_midline	26067486
all_dm6_minus_cns_midline	26067487
all_dm6_minus_cns_midline	26067488
all_dm6_minus_cns_midline	26067489
all_dm6_minus_cns_midline	26067490
all_dm6_minus_cns_midline	26067491
all_dm6_minus_cns_midline	26067492
all_dm6_minus_cns_midline	26067493
all_dm6_minus_cns_midline	26067494
all_dm6_minus_cns_midline	26067495
all_dm6_minus_cns_midline	26067496
all_dm6_minus_cns_midline	26067497
all_dm6_minus_cns_midline	26067498
all_dm6_minus_cns_midline	26067499
all_dm6_minus_cns_midline	26067500
all_dm6_minus_cns_midline	26067501
all_dm6_minus_cns_midline	26067502
all_dm6_minus_cns_midline	26067503
all_dm6_minus_cns_midline	26067504
all_dm6_minus_cns_midline	26067505
all_dm6_minus_cns_midline	26067506
all_dm6_minus_cns_midline	26067507
all_dm6_minus_cns_midline	26067508
all_dm6_minus_cns_midline	26067509
all_dm6_minus_cns_midline	26067510
all_dm6_minus_cns_midline	26067511
all_dm6_minus_cns_midline	26067513
all_dm6_minus_cns_midline	26067514
all_dm6_minus_cns_midline	26067515
all_dm6_minus_cns_midline	26067516
all_dm6_minus_cns_midline	26067517
all_dm6_minus_cns_midline	26067518
all_dm6_minus_cns_midline	26067519
all_dm6_minus_cns_midline	26067520
all_dm6_minus_cns_midline	26067521
all_dm6_minus_cns_midline	26067522
all_dm6_minus_cns_midline	26067523
all_dm6_minus_cns_midline	26067524
all_dm6_minus_cns_midline	26067525
all_dm6_minus_cns_midline	26067526
all_dm6_minus_cns_midline	26067528
all_dm6_minus_cns_midline	26067529
all_dm6_minus_cns_midline	26067530
all_dm6_minus_cns_midline	26067531
all_dm6_minus_cns_midline	26067532
all_dm6_minus_cns_midline	26067534
all_dm6_minus_cns_midline	26067535
all_dm6_minus_cns_midline	26067536
all_dm6_minus_cns_midline	26067537
all_dm6_minus_cns_midline	26067538
all_dm6_minus_cns_midline	26067539
all_dm6_minus_cns_midline	26067540
all_dm6_minus_cns_midline	26067541
all_dm6_minus_cns_midline	26067542
all_dm6_minus_cns_midline	26067543
all_dm6_minus_cns_midline	26067544
all_dm6_minus_cns_midline	26067545
all_dm6_minus_cns_midline	26067546
all_dm6_minus_cns_midline	26067547
all_dm6_minus_cns_midline	26067548
all_dm6_minus_cns_midline	26067549
all_dm6_minus_cns_midline	26067550
all_dm6_minus_cns_midline	26067551
all_dm6_minus_cns_midline	26067552
all_dm6_minus_cns_midline	26067553
all_dm6_minus_cns_midline	26067554
all_dm6_minus_cns_midline	26067555
all_dm6_minus_cns_midline	26067556
all_dm6_minus_cns_midline	26067557
all_dm6_minus_cns_midline	26067558
all_dm6_minus_cns_midline	26067559
all_dm6_minus_cns_midline	26067560
all_dm6_minus_cns_midline	26067561
all_dm6_minus_cns_midline	26067562
all_dm6_minus_cns_midline	26067563
all_dm6_minus_cns_midline	26067564
all_dm6_minus_cns_midline	26067565
all_dm6_minus_cns_midline	26067566
all_dm6_minus_cns_midline	26067567
all_dm6_minus_cns_midline	26067568
all_dm6_minus_cns_midline	26067569
all_dm6_minus_cns_midline	26067570
all_dm6_minus_cns_midline	26067571
all_dm6_minus_cns_midline	26067572
all_dm6_minus_cns_midline	26067573
all_dm6_minus_cns_midline	26067574
all_dm6_minus_cns_midline	26067575
all_dm6_minus_cns_midline	26067576
all_dm6_minus_cns_midline	26067577
all_dm6_minus_cns_midline	26067578
all_dm6_minus_cns_midline	26067579
all_dm6_minus_cns_midline	26067580
all_dm6_minus_cns_midline	26067581
all_dm6_minus_cns_midline	26067582
all_dm6_minus_cns_midline	26067583
all_dm6_minus_cns_midline	26067584
all_dm6_minus_cns_midline	26067585
all_dm6_minus_cns_midline	26067586
all_dm6_minus_cns_midline	26067587
all_dm6_minus_cns_midline	26067588
all_dm6_minus_cns_midline	27662247
all_dm6_minus_cns_midline	27662249
all_dm6_minus_cns_midline	27662250
all_dm6_minus_cns_midline	27662251
all_dm6_minus_cns_midline	27662252
all_dm6_minus_cns_midline	30522392
all_dm6_minus_cns_midline	30522393
all_dm6_minus_cns_midline	30522394
all_dm6_minus_cns_midline	30522395
all_dm6_minus_cns_midline	30522396
all_dm6_minus_cns_midline	30522397
all_dm6_minus_cns_midline	30522398
all_dm6_minus_cns_midline	30522399
all_dm6_minus_cns_midline	30522400
all_dm6_minus_cns_midline	30522401
all_dm6_minus_cns_midline	30522402
all_dm6_minus_cns_midline	30522403
all_dm6_minus_cns_midline	30522404
all_dm6_minus_cns_midline	30522405
all_dm6_minus_cns_midline	30522406
all_dm6_minus_cns_midline	30522407
all_dm6_minus_cns_midline	30522408
all_dm6_minus_cns_midline	30522409
all_dm6_minus_cns_midline	30522410
all_dm6_minus_cns_midline	30522411
all_dm6_minus_cns_midline	30522412
all_dm6_minus_cns_midline	30522413
all_dm6_minus_cns_midline	30522414
all_dm6_minus_cns_midline	30522415
all_dm6_minus_cns_midline	30522416
all_dm6_minus_cns_midline	30522417
all_dm6_minus_cns_midline	30522418
all_dm6_minus_cns_midline	30522419
all_dm6_minus_cns_midline	30522420
all_dm6_minus_cns_midline	30522421
all_dm6_minus_cns_midline	30522422
all_dm6_minus_cns_midline	30522423
all_dm6_minus_cns_midline	30522424
all_dm6_minus_cns_midline	30522425
all_dm6_minus_cns_midline	30522426
all_dm6_minus_cns_midline	30522427
all_dm6_minus_cns_midline	30522428
all_dm6_minus_cns_midline	30522429
all_dm6_minus_cns_midline	30882168
all_dm6_minus_cns_midline	30882169
all_dm6_minus_cns_midline	30882170
all_dm6_minus_cns_midline	30882171
all_dm6_minus_cns_midline	30882172
all_dm6_minus_cns_midline	30882173
all_dm6_minus_cns_midline	30882174
all_dm6_minus_cns_midline	30882175
all_dm6_minus_cns_midline	30882176
all_dm6_minus_cns_midline	30882177
all_dm6_minus_cns_midline	30882178
all_dm6_minus_cns_midline	30882179
all_dm6_minus_cns_midline	30882181
all_dm6_minus_cns_midline	30882182
all_dm6_minus_cns_midline	36786373
all_dm6_minus_cns_midline	36786374
all_dm6_minus_cns_midline	36786375
all_dm6_minus_cns_midline	36786376
all_dm6_minus_cns_midline	36786377
all_dm6_minus_cns_midline	36786378
all_dm6_minus_cns_midline	36786379
all_dm6_minus_cns_midline	36786380
all_dm6_minus_cns_midline	36786381
all_dm6_minus_cns_midline	36786382
all_dm6_minus_cns_midline	36786383
all_dm6_minus_cns_midline	36786384
all_dm6_minus_cns_midline	36786385
all_dm6_minus_cns_midline	36786386
all_dm6_minus_cns_midline	36786387
all_dm6_minus_cns_midline	36786388
all_dm6_minus_cns_midline	36786389
all_dm6_minus_cns_midline	36786390
all_dm6_minus_cns_midline	36786391
all_dm6_minus_cns_midline	36786392
all_dm6_minus_cns_midline	36786393
all_dm6_minus_cns_midline	36786394
all_dm6_minus_cns_midline	38753319
all_dm6_minus_cns_midline	38753320
all_dm6_minus_cns_midline	39877387
all_dm6_minus_cns_midline	39877388
all_dm6_minus_cns_midline	39877389
all_dm6_minus_cns_midline	39877390
all_dm6_minus_cns_midline	39877391
all_dm6_minus_cns_midline	39877392
all_dm6_minus_cns_midline	39877393
all_dm6_minus_cns_midline	39877394
all_dm6_minus_cns_midline	39877395
all_dm6_minus_cns_midline	39877396
all_dm6_minus_cns_midline	39877397
all_dm6_minus_cns_midline	39877398
all_dm6_minus_cns_midline	39877399
all_dm6_minus_cns_midline	39877400
all_dm6_minus_cns_midline	39877401
all_dm6_minus_cns_midline	39877402
all_dm6_minus_cns_midline	39877403
all_dm6_minus_cns_midline	39877404
all_dm6_minus_cns_midline	39877405
all_dm6_minus_cns_midline	39877406
all_dm6_minus_cns_midline	39877407
all_dm6_minus_cns_midline	39877408
all_dm6_minus_cns_midline	39877409
all_dm6_minus_cns_midline	39877410
all_dm6_minus_cns_midline	39877411
all_dm6_minus_cns_midline	39877412
all_dm6_minus_cns_midline	39877413
all_dm6_minus_cns_midline	39877414
all_dm6_minus_cns_midline	39877415
all_dm6_minus_cns_midline	39877416
all_dm6_minus_cns_midline	39877417
all_dm6_minus_cns_midline	39877418
all_dm6_minus_cns_midline	39877419
all_dm6_minus_cns_midline	39877420
all_dm6_minus_cns_midline	39877421
all_dm6_minus_cns_midline	39877422
all_dm6_minus_cns_midline	39877423
all_dm6_minus_cns_midline	39877424
all_dm6_minus_cns_midline	39877425
all_dm6_minus_cns_midline	40120008
all_dm6_minus_cns_midline	54520426
all_dm6_minus_cns_midline	54520427
all_dm6_minus_cns_midline	54520428
all_dm6_minus_cns_midline	54520429
all_dm6_minus_cns_midline	54520430
all_dm6_minus_cns_midline	54520431
all_dm6_minus_cns_midline	54520432
all_dm6_minus_cns_midline	54520433
all_dm6_minus_cns_midline	54520434
all_dm6_minus_cns_midline	54520435
all_dm6_minus_cns_midline	54520436
all_dm6_minus_cns_midline	54520437
all_dm6_minus_cns_midline	54520438
all_dm6_minus_cns_midline	54520439
all_dm6_minus_cns_midline	54520440
all_dm6_minus_cns_midline	54520441
all_dm6_minus_cns_midline	54520442
all_dm6_minus_cns_midline	54520443
all_dm6_minus_cns_midline	54520444
all_dm6_minus_cns_midline	54520445
all_dm6_minus_cns_midline	54520446
all_dm6_minus_cns_midline	54520447
all_dm6_minus_cns_midline	54520448
all_dm6_minus_cns_midline	54520449
all_dm6_minus_cns_midline	54520450
all_dm6_minus_cns_midline	54520451
all_dm6_minus_cns_midline	54520452
all_dm6_minus_cns_midline	54520453
all_dm6_minus_cns_midline	54520454
all_dm6_minus_cns_midline	54520455
all_dm6_minus_cns_midline	54520456
all_dm6_minus_cns_midline	54520457
all_dm6_minus_cns_midline	54520458
all_dm6_minus_cns_midline	54520459
all_dm6_minus_cns_midline	54520460
all_dm6_minus_cns_midline	54520461
all_dm6_minus_cns_midline	54520462
all_dm6_minus_cns_midline	54520463
all_dm6_minus_cns_midline	54520464
all_dm6_minus_cns_midline	54520465
all_dm6_minus_cns_midline	54520466
all_dm6_minus_cns_midline	54520467
all_dm6_minus_cns_midline	54520468
all_dm6_minus_cns_midline	54520469
all_dm6_minus_cns_midline	54520470
all_dm6_minus_cns_midline	54520471
all_dm6_minus_cns_midline	54520472
all_dm6_minus_cns_midline	54520473
all_dm6_minus_cns_midline	54520474
all_dm6_minus_cns_midline	54520475
all_dm6_minus_cns_midline	54520476
all_dm6_minus_cns_midline	54520477
all_dm6_minus_cns_midline	54520478
all_dm6_minus_cns_midline	54520479
all_dm6_minus_cns_midline	54520480
all_dm6_minus_cns_midline	54520481
all_dm6_minus_cns_midline	54520482
all_dm6_minus_cns_midline	54520483
all_dm6_minus_cns_midline	54520484
all_dm6_minus_cns_midline	54520485
all_dm6_minus_cns_midline	54520486
all_dm6_minus_cns_midline	54520487
all_dm6_minus_cns_midline	54520488
all_dm6_minus_cns_midline	54520489
all_dm6_minus_cns_midline	54520490
all_dm6_minus_cns_midline	54520491
all_dm6_minus_cns_midline	54520492
all_dm6_minus_cns_midline	54520493
all_dm6_minus_cns_midline	54520494
all_dm6_minus_cns_midline	54520495
all_dm6_minus_cns_midline	54520496
all_dm6_minus_cns_midline	54520497
all_dm6_minus_cns_midline	54520498
all_dm6_minus_cns_midline	54520499
all_dm6_minus_cns_midline	54520500
all_dm6_minus_cns_midline	54520501
all_dm6_minus_cns_midline	54520502
all_dm6_minus_cns_midline	54520503
all_dm6_minus_cns_midline	54520504
all_dm6_minus_cns_midline	54520505
all_dm6_minus_cns_midline	54520506
all_dm6_minus_cns_midline	54520507
all_dm6_minus_cns_midline	54520508
all_dm6_minus_cns_midline	54520510
all_dm6_minus_cns_midline	54520511
all_dm6_minus_cns_midline	54520512
all_dm6_minus_cns_midline	54520513
all_dm6_minus_cns_midline	54520514
all_dm6_minus_cns_midline	54520515
all_dm6_minus_cns_midline	54520516
all_dm6_minus_cns_midline	54520517
all_dm6_minus_cns_midline	54520518
all_dm6_minus_cns_midline	54520519
all_dm6_minus_cns_midline	54520520
all_dm6_minus_cns_midline	54520521
all_dm6_minus_cns_midline	54520522
all_dm6_minus_cns_midline	54520523
all_dm6_minus_cns_midline	54520524
all_dm6_minus_cns_midline	54520525
all_dm6_minus_cns_midline	54520526
all_dm6_minus_cns_midline	54520527
all_dm6_minus_cns_midline	54520528
all_dm6_minus_cns_midline	54695898
all_dm6_minus_cns_midline	54695899
all_dm6_minus_cns_midline	54695900
all_dm6_minus_cns_midline	54695901
all_dm6_minus_cns_midline	54695902
all_dm6_minus_cns_midline	76382434
all_dm6_minus_cns_midline	76382435
all_dm6_minus_cns_midline	76382436
all_dm6_minus_cns_midline	76382437
all_dm6_minus_cns_midline	76382438
all_dm6_minus_cns_midline	76382439
all_dm6_minus_cns_midline	76382440
all_dm6_minus_cns_midline	76382441
all_dm6_minus_cns_midline	76382442
all_dm6_minus_cns_midline	76382443
all_dm6_minus_cns_midline	76382444
all_dm6_minus_cns_midline	76382445
all_dm6_minus_cns_midline	76382446
all_dm6_minus_cns_midline	76382447
all_dm6_minus_cns_midline	76382448
all_dm6_minus_cns_midline	76382449
all_dm6_minus_cns_midline	76382450
all_dm6_minus_cns_midline	76382451
all_dm6_minus_cns_midline	76382452
all_dm6_minus_cns_midline	76382453
all_dm6_minus_cns_midline	76382454
all_dm6_minus_cns_midline	76382455
all_dm6_minus_cns_midline	76382456
all_dm6_minus_cns_midline	76382457
all_dm6_minus_cns_midline	76382458
all_dm6_minus_cns_midline	76382459
all_dm6_minus_cns_midline	76382460
all_dm6_minus_cns_midline	76382461
all_dm6_minus_cns_midline	76382462
all_dm6_minus_cns_midline	76382463
all_dm6_minus_cns_midline	76382464
all_dm6_minus_cns_midline	76723145
all_dm6_minus_cns_midline	76723146
all_dm6_minus_cns_midline	76723147
all_dm6_minus_cns_midline	76723148
all_dm6_minus_cns_midline	76723149
all_dm6_minus_cns_midline	76723150
all_dm6_minus_cns_midline	76723151
all_dm6_minus_cns_midline	76723152
all_dm6_minus_cns_midline	86703974
all_dm6_minus_cns_midline	86703975
all_dm6_minus_cns_midline	86703976
all_dm6_minus_cns_midline	86703977
all_dm6_minus_cns_midline	86703978
all_dm6_minus_cns_midline	86703979
all_dm6_minus_cns_midline	86703980
all_dm6_minus_cns_midline	86703981
