motif_ID	motif_ALT_ID	motif_P-value	seq_ID	seq_Score	seq_Class	is_holdout?
1-STRCACTGARARAAAWWDN	STREME-1	8.6e-010	peak_25	25.10	tp	1
1-STRCACTGARARAAAWWDN	STREME-1	8.6e-010	peak_416	24.46	tp	1
1-STRCACTGARARAAAWWDN	STREME-1	8.6e-010	peak_534	24.43	tp	0
1-STRCACTGARARAAAWWDN	STREME-1	8.6e-010	peak_686	24.38	tp	0
1-STRCACTGARARAAAWWDN	STREME-1	8.6e-010	peak_329	24.03	tp	0
1-STRCACTGARARAAAWWDN	STREME-1	8.6e-010	peak_179	23.96	tp	0
1-STRCACTGARARAAAWWDN	STREME-1	8.6e-010	peak_623	23.88	tp	0
1-STRCACTGARARAAAWWDN	STREME-1	8.6e-010	peak_847	23.68	tp	0
1-STRCACTGARARAAAWWDN	STREME-1	8.6e-010	peak_248	23.61	tp	0
1-STRCACTGARARAAAWWDN	STREME-1	8.6e-010	peak_321	23.39	tp	0
1-STRCACTGARARAAAWWDN	STREME-1	8.6e-010	peak_582	23.35	tp	0
1-STRCACTGARARAAAWWDN	STREME-1	8.6e-010	peak_249	23.33	tp	0
1-STRCACTGARARAAAWWDN	STREME-1	8.6e-010	peak_283	23.25	tp	0
1-STRCACTGARARAAAWWDN	STREME-1	8.6e-010	peak_463	23.18	tp	0
1-STRCACTGARARAAAWWDN	STREME-1	8.6e-010	peak_550	22.85	tp	0
1-STRCACTGARARAAAWWDN	STREME-1	8.6e-010	peak_734	22.75	tp	0
1-STRCACTGARARAAAWWDN	STREME-1	8.6e-010	peak_644	22.73	tp	1
1-STRCACTGARARAAAWWDN	STREME-1	8.6e-010	peak_187	22.61	tp	0
1-STRCACTGARARAAAWWDN	STREME-1	8.6e-010	peak_294	22.36	tp	0
1-STRCACTGARARAAAWWDN	STREME-1	8.6e-010	peak_687	22.26	tp	1
1-STRCACTGARARAAAWWDN	STREME-1	8.6e-010	peak_820	22.25	tp	0
1-STRCACTGARARAAAWWDN	STREME-1	8.6e-010	peak_240	22.13	tp	0
1-STRCACTGARARAAAWWDN	STREME-1	8.6e-010	peak_836	22.13	tp	0
1-STRCACTGARARAAAWWDN	STREME-1	8.6e-010	peak_33	22.03	tp	0
1-STRCACTGARARAAAWWDN	STREME-1	8.6e-010	peak_225	21.95	tp	1
1-STRCACTGARARAAAWWDN	STREME-1	8.6e-010	peak_60	21.94	tp	1
1-STRCACTGARARAAAWWDN	STREME-1	8.6e-010	peak_619	21.90	tp	1
1-STRCACTGARARAAAWWDN	STREME-1	8.6e-010	peak_346	21.80	tp	0
1-STRCACTGARARAAAWWDN	STREME-1	8.6e-010	peak_5	21.78	tp	0
1-STRCACTGARARAAAWWDN	STREME-1	8.6e-010	peak_226	21.74	tp	0
1-STRCACTGARARAAAWWDN	STREME-1	8.6e-010	peak_630	21.72	tp	0
1-STRCACTGARARAAAWWDN	STREME-1	8.6e-010	peak_658	21.70	tp	0
1-STRCACTGARARAAAWWDN	STREME-1	8.6e-010	peak_204	21.69	tp	1
1-STRCACTGARARAAAWWDN	STREME-1	8.6e-010	peak_792	21.64	tp	0
1-STRCACTGARARAAAWWDN	STREME-1	8.6e-010	peak_403	21.60	tp	0
1-STRCACTGARARAAAWWDN	STREME-1	8.6e-010	peak_554	21.60	tp	0
1-STRCACTGARARAAAWWDN	STREME-1	8.6e-010	peak_399	21.58	tp	0
1-STRCACTGARARAAAWWDN	STREME-1	8.6e-010	peak_649	21.55	tp	0
1-STRCACTGARARAAAWWDN	STREME-1	8.6e-010	peak_857	21.54	tp	1
1-STRCACTGARARAAAWWDN	STREME-1	8.6e-010	peak_234	21.54	tp	0
1-STRCACTGARARAAAWWDN	STREME-1	8.6e-010	peak_365	21.53	tp	0
1-STRCACTGARARAAAWWDN	STREME-1	8.6e-010	peak_716	21.53	tp	0
1-STRCACTGARARAAAWWDN	STREME-1	8.6e-010	peak_435	21.51	tp	0
1-STRCACTGARARAAAWWDN	STREME-1	8.6e-010	peak_332	21.48	tp	1
1-STRCACTGARARAAAWWDN	STREME-1	8.6e-010	peak_473	21.48	tp	0
1-STRCACTGARARAAAWWDN	STREME-1	8.6e-010	peak_191	21.47	fp	0
1-STRCACTGARARAAAWWDN	STREME-1	8.6e-010	peak_401	21.44	tp	1
1-STRCACTGARARAAAWWDN	STREME-1	8.6e-010	peak_611	21.44	tp	1
1-STRCACTGARARAAAWWDN	STREME-1	8.6e-010	peak_12	21.35	tp	0
1-STRCACTGARARAAAWWDN	STREME-1	8.6e-010	peak_303	21.32	tp	0
1-STRCACTGARARAAAWWDN	STREME-1	8.6e-010	peak_730	21.32	tp	0
1-STRCACTGARARAAAWWDN	STREME-1	8.6e-010	peak_195	21.31	tp	0
1-STRCACTGARARAAAWWDN	STREME-1	8.6e-010	peak_388	21.27	tp	0
1-STRCACTGARARAAAWWDN	STREME-1	8.6e-010	peak_641	21.20	tp	0
1-STRCACTGARARAAAWWDN	STREME-1	8.6e-010	peak_267	21.14	tp	0
1-STRCACTGARARAAAWWDN	STREME-1	8.6e-010	peak_177	21.10	tp	0
1-STRCACTGARARAAAWWDN	STREME-1	8.6e-010	peak_7	21.03	tp	0
1-STRCACTGARARAAAWWDN	STREME-1	8.6e-010	peak_81	21.00	tp	0
1-STRCACTGARARAAAWWDN	STREME-1	8.6e-010	peak_352	20.96	tp	0
1-STRCACTGARARAAAWWDN	STREME-1	8.6e-010	peak_753	20.92	tp	0
1-STRCACTGARARAAAWWDN	STREME-1	8.6e-010	peak_774	20.86	tp	1
1-STRCACTGARARAAAWWDN	STREME-1	8.6e-010	peak_408	20.85	tp	0
1-STRCACTGARARAAAWWDN	STREME-1	8.6e-010	peak_496	20.74	tp	0
1-STRCACTGARARAAAWWDN	STREME-1	8.6e-010	peak_618	20.73	tp	0
1-STRCACTGARARAAAWWDN	STREME-1	8.6e-010	peak_44	20.70	tp	0
1-STRCACTGARARAAAWWDN	STREME-1	8.6e-010	peak_328	20.64	tp	0
1-STRCACTGARARAAAWWDN	STREME-1	8.6e-010	peak_526	20.63	tp	0
1-STRCACTGARARAAAWWDN	STREME-1	8.6e-010	peak_794	20.63	tp	0
1-STRCACTGARARAAAWWDN	STREME-1	8.6e-010	peak_51	20.62	tp	0
1-STRCACTGARARAAAWWDN	STREME-1	8.6e-010	peak_269	20.57	tp	1
1-STRCACTGARARAAAWWDN	STREME-1	8.6e-010	peak_705	20.50	tp	0
1-STRCACTGARARAAAWWDN	STREME-1	8.6e-010	peak_165	20.46	tp	0
1-STRCACTGARARAAAWWDN	STREME-1	8.6e-010	peak_258	20.42	tp	0
1-STRCACTGARARAAAWWDN	STREME-1	8.6e-010	peak_589	20.41	tp	0
1-STRCACTGARARAAAWWDN	STREME-1	8.6e-010	peak_74	20.41	tp	0
1-STRCACTGARARAAAWWDN	STREME-1	8.6e-010	peak_617	20.39	tp	0
1-STRCACTGARARAAAWWDN	STREME-1	8.6e-010	peak_782	20.36	tp	0
1-STRCACTGARARAAAWWDN	STREME-1	8.6e-010	peak_646	20.36	tp	0
1-STRCACTGARARAAAWWDN	STREME-1	8.6e-010	peak_747	20.35	tp	0
1-STRCACTGARARAAAWWDN	STREME-1	8.6e-010	peak_430	20.33	tp	0
1-STRCACTGARARAAAWWDN	STREME-1	8.6e-010	peak_652	20.29	tp	0
1-STRCACTGARARAAAWWDN	STREME-1	8.6e-010	peak_311	20.24	tp	0
1-STRCACTGARARAAAWWDN	STREME-1	8.6e-010	peak_382	20.22	tp	0
1-STRCACTGARARAAAWWDN	STREME-1	8.6e-010	peak_235	20.22	tp	0
1-STRCACTGARARAAAWWDN	STREME-1	8.6e-010	peak_370	20.18	tp	0
1-STRCACTGARARAAAWWDN	STREME-1	8.6e-010	peak_793	20.18	tp	0
1-STRCACTGARARAAAWWDN	STREME-1	8.6e-010	peak_397	20.07	tp	0
1-STRCACTGARARAAAWWDN	STREME-1	8.6e-010	peak_520	20.04	tp	0
1-STRCACTGARARAAAWWDN	STREME-1	8.6e-010	peak_348	20.04	tp	0
1-STRCACTGARARAAAWWDN	STREME-1	8.6e-010	peak_90	19.92	tp	0
1-STRCACTGARARAAAWWDN	STREME-1	8.6e-010	peak_454	19.92	tp	0
1-STRCACTGARARAAAWWDN	STREME-1	8.6e-010	peak_427	19.89	tp	0
1-STRCACTGARARAAAWWDN	STREME-1	8.6e-010	peak_276	19.75	tp	0
1-STRCACTGARARAAAWWDN	STREME-1	8.6e-010	peak_610	19.74	tp	0
1-STRCACTGARARAAAWWDN	STREME-1	8.6e-010	peak_724	19.70	tp	1
1-STRCACTGARARAAAWWDN	STREME-1	8.6e-010	peak_810	19.57	tp	0
1-STRCACTGARARAAAWWDN	STREME-1	8.6e-010	peak_567	19.56	tp	0
1-STRCACTGARARAAAWWDN	STREME-1	8.6e-010	peak_263	19.55	tp	0
1-STRCACTGARARAAAWWDN	STREME-1	8.6e-010	peak_439	19.52	tp	1
1-STRCACTGARARAAAWWDN	STREME-1	8.6e-010	peak_865	19.52	tp	0
1-STRCACTGARARAAAWWDN	STREME-1	8.6e-010	peak_334	19.52	tp	0
1-STRCACTGARARAAAWWDN	STREME-1	8.6e-010	peak_723	19.50	tp	0
1-STRCACTGARARAAAWWDN	STREME-1	8.6e-010	peak_604	19.49	tp	0
1-STRCACTGARARAAAWWDN	STREME-1	8.6e-010	peak_200	19.48	tp	0
1-STRCACTGARARAAAWWDN	STREME-1	8.6e-010	peak_583	19.40	tp	0
1-STRCACTGARARAAAWWDN	STREME-1	8.6e-010	peak_228	19.37	tp	1
1-STRCACTGARARAAAWWDN	STREME-1	8.6e-010	peak_36	19.36	tp	0
1-STRCACTGARARAAAWWDN	STREME-1	8.6e-010	peak_766	19.35	tp	0
1-STRCACTGARARAAAWWDN	STREME-1	8.6e-010	peak_515	19.35	tp	0
1-STRCACTGARARAAAWWDN	STREME-1	8.6e-010	peak_523	19.34	tp	0
1-STRCACTGARARAAAWWDN	STREME-1	8.6e-010	peak_186	19.29	tp	0
1-STRCACTGARARAAAWWDN	STREME-1	8.6e-010	peak_407	19.27	tp	0
1-STRCACTGARARAAAWWDN	STREME-1	8.6e-010	peak_324	19.25	tp	0
1-STRCACTGARARAAAWWDN	STREME-1	8.6e-010	peak_500	19.24	tp	0
1-STRCACTGARARAAAWWDN	STREME-1	8.6e-010	peak_118	19.13	tp	0
1-STRCACTGARARAAAWWDN	STREME-1	8.6e-010	peak_818	19.10	tp	0
1-STRCACTGARARAAAWWDN	STREME-1	8.6e-010	peak_768	19.08	tp	1
1-STRCACTGARARAAAWWDN	STREME-1	8.6e-010	peak_26	19.01	tp	0
1-STRCACTGARARAAAWWDN	STREME-1	8.6e-010	peak_305	19.00	tp	0
1-STRCACTGARARAAAWWDN	STREME-1	8.6e-010	peak_67	18.92	tp	0
1-STRCACTGARARAAAWWDN	STREME-1	8.6e-010	peak_103	18.92	tp	0
1-STRCACTGARARAAAWWDN	STREME-1	8.6e-010	peak_642	18.89	tp	0
1-STRCACTGARARAAAWWDN	STREME-1	8.6e-010	peak_216	18.86	tp	0
1-STRCACTGARARAAAWWDN	STREME-1	8.6e-010	peak_101	18.81	tp	0
1-STRCACTGARARAAAWWDN	STREME-1	8.6e-010	peak_855	18.79	tp	0
1-STRCACTGARARAAAWWDN	STREME-1	8.6e-010	peak_536	18.77	tp	0
1-STRCACTGARARAAAWWDN	STREME-1	8.6e-010	peak_223	18.77	tp	0
1-STRCACTGARARAAAWWDN	STREME-1	8.6e-010	peak_503	18.73	tp	0
1-STRCACTGARARAAAWWDN	STREME-1	8.6e-010	peak_718	18.68	tp	0
1-STRCACTGARARAAAWWDN	STREME-1	8.6e-010	peak_383	18.67	fp	0
1-STRCACTGARARAAAWWDN	STREME-1	8.6e-010	peak_400	18.57	tp	0
1-STRCACTGARARAAAWWDN	STREME-1	8.6e-010	peak_339	18.51	tp	0
1-STRCACTGARARAAAWWDN	STREME-1	8.6e-010	peak_728	18.50	tp	0
1-STRCACTGARARAAAWWDN	STREME-1	8.6e-010	peak_295	18.49	tp	0
1-STRCACTGARARAAAWWDN	STREME-1	8.6e-010	peak_420	18.48	tp	0
1-STRCACTGARARAAAWWDN	STREME-1	8.6e-010	peak_737	18.46	tp	0
1-STRCACTGARARAAAWWDN	STREME-1	8.6e-010	peak_342	18.42	tp	0
1-STRCACTGARARAAAWWDN	STREME-1	8.6e-010	peak_848	18.36	tp	0
1-STRCACTGARARAAAWWDN	STREME-1	8.6e-010	peak_48	18.34	tp	0
1-STRCACTGARARAAAWWDN	STREME-1	8.6e-010	peak_159	18.33	tp	0
1-STRCACTGARARAAAWWDN	STREME-1	8.6e-010	peak_140	18.32	tp	0
1-STRCACTGARARAAAWWDN	STREME-1	8.6e-010	peak_704	18.30	tp	0
1-STRCACTGARARAAAWWDN	STREME-1	8.6e-010	peak_205	18.26	tp	0
1-STRCACTGARARAAAWWDN	STREME-1	8.6e-010	peak_690	18.24	tp	0
1-STRCACTGARARAAAWWDN	STREME-1	8.6e-010	peak_325	18.17	tp	0
1-STRCACTGARARAAAWWDN	STREME-1	8.6e-010	peak_673	18.05	tp	0
1-STRCACTGARARAAAWWDN	STREME-1	8.6e-010	peak_111	18.02	tp	0
1-STRCACTGARARAAAWWDN	STREME-1	8.6e-010	peak_544	17.98	tp	0
1-STRCACTGARARAAAWWDN	STREME-1	8.6e-010	peak_715	17.98	tp	0
1-STRCACTGARARAAAWWDN	STREME-1	8.6e-010	peak_533	17.94	tp	0
1-STRCACTGARARAAAWWDN	STREME-1	8.6e-010	peak_254	17.94	tp	0
1-STRCACTGARARAAAWWDN	STREME-1	8.6e-010	peak_821	17.93	tp	0
1-STRCACTGARARAAAWWDN	STREME-1	8.6e-010	peak_529	17.89	tp	0
1-STRCACTGARARAAAWWDN	STREME-1	8.6e-010	peak_739	17.84	tp	0
1-STRCACTGARARAAAWWDN	STREME-1	8.6e-010	peak_360	17.81	tp	0
1-STRCACTGARARAAAWWDN	STREME-1	8.6e-010	peak_511	17.81	tp	0
1-STRCACTGARARAAAWWDN	STREME-1	8.6e-010	peak_645	17.80	tp	1
1-STRCACTGARARAAAWWDN	STREME-1	8.6e-010	peak_358	17.77	tp	0
1-STRCACTGARARAAAWWDN	STREME-1	8.6e-010	peak_664	17.77	tp	1
1-STRCACTGARARAAAWWDN	STREME-1	8.6e-010	peak_113	17.72	tp	0
1-STRCACTGARARAAAWWDN	STREME-1	8.6e-010	peak_528	17.70	tp	0
1-STRCACTGARARAAAWWDN	STREME-1	8.6e-010	peak_788	17.70	fp	0
1-STRCACTGARARAAAWWDN	STREME-1	8.6e-010	peak_803	17.70	tp	0
1-STRCACTGARARAAAWWDN	STREME-1	8.6e-010	peak_764	17.69	tp	0
1-STRCACTGARARAAAWWDN	STREME-1	8.6e-010	peak_712	17.64	tp	0
1-STRCACTGARARAAAWWDN	STREME-1	8.6e-010	peak_767	17.53	tp	0
1-STRCACTGARARAAAWWDN	STREME-1	8.6e-010	peak_546	17.52	tp	1
1-STRCACTGARARAAAWWDN	STREME-1	8.6e-010	peak_266	17.51	tp	0
1-STRCACTGARARAAAWWDN	STREME-1	8.6e-010	peak_287	17.50	tp	0
1-STRCACTGARARAAAWWDN	STREME-1	8.6e-010	peak_558	17.47	tp	0
1-STRCACTGARARAAAWWDN	STREME-1	8.6e-010	peak_366	17.46	tp	0
1-STRCACTGARARAAAWWDN	STREME-1	8.6e-010	peak_744	17.41	tp	0
1-STRCACTGARARAAAWWDN	STREME-1	8.6e-010	peak_354	17.35	tp	0
1-STRCACTGARARAAAWWDN	STREME-1	8.6e-010	peak_636	17.34	tp	0
1-STRCACTGARARAAAWWDN	STREME-1	8.6e-010	peak_22	17.32	tp	0
1-STRCACTGARARAAAWWDN	STREME-1	8.6e-010	peak_250	17.26	tp	0
1-STRCACTGARARAAAWWDN	STREME-1	8.6e-010	peak_100	17.24	tp	0
1-STRCACTGARARAAAWWDN	STREME-1	8.6e-010	peak_120	17.22	tp	0
1-STRCACTGARARAAAWWDN	STREME-1	8.6e-010	peak_547	17.15	tp	0
1-STRCACTGARARAAAWWDN	STREME-1	8.6e-010	peak_497	17.14	tp	0
1-STRCACTGARARAAAWWDN	STREME-1	8.6e-010	peak_411	17.09	tp	0
1-STRCACTGARARAAAWWDN	STREME-1	8.6e-010	peak_202	17.08	tp	0
1-STRCACTGARARAAAWWDN	STREME-1	8.6e-010	peak_749	17.06	tp	0
1-STRCACTGARARAAAWWDN	STREME-1	8.6e-010	peak_172	17.01	tp	0
1-STRCACTGARARAAAWWDN	STREME-1	8.6e-010	peak_314	17.00	tp	0
1-STRCACTGARARAAAWWDN	STREME-1	8.6e-010	peak_310	16.98	tp	0
1-STRCACTGARARAAAWWDN	STREME-1	8.6e-010	peak_371	16.98	tp	1
1-STRCACTGARARAAAWWDN	STREME-1	8.6e-010	peak_108	16.94	tp	0
1-STRCACTGARARAAAWWDN	STREME-1	8.6e-010	peak_145	16.93	tp	0
1-STRCACTGARARAAAWWDN	STREME-1	8.6e-010	peak_869	16.90	tp	0
1-STRCACTGARARAAAWWDN	STREME-1	8.6e-010	peak_94	16.79	tp	0
1-STRCACTGARARAAAWWDN	STREME-1	8.6e-010	peak_185	16.79	tp	0
1-STRCACTGARARAAAWWDN	STREME-1	8.6e-010	peak_335	16.76	tp	0
1-STRCACTGARARAAAWWDN	STREME-1	8.6e-010	peak_806	16.74	tp	0
1-STRCACTGARARAAAWWDN	STREME-1	8.6e-010	peak_535	16.70	tp	0
1-STRCACTGARARAAAWWDN	STREME-1	8.6e-010	peak_323	16.67	tp	0
1-STRCACTGARARAAAWWDN	STREME-1	8.6e-010	peak_286	16.67	tp	0
1-STRCACTGARARAAAWWDN	STREME-1	8.6e-010	peak_478	16.58	tp	1
1-STRCACTGARARAAAWWDN	STREME-1	8.6e-010	peak_682	16.54	tp	0
1-STRCACTGARARAAAWWDN	STREME-1	8.6e-010	peak_123	16.51	tp	0
1-STRCACTGARARAAAWWDN	STREME-1	8.6e-010	peak_102	16.48	tp	0
1-STRCACTGARARAAAWWDN	STREME-1	8.6e-010	peak_270	16.41	tp	0
1-STRCACTGARARAAAWWDN	STREME-1	8.6e-010	peak_31	16.34	tp	0
1-STRCACTGARARAAAWWDN	STREME-1	8.6e-010	peak_384	16.33	tp	0
1-STRCACTGARARAAAWWDN	STREME-1	8.6e-010	peak_663	16.21	tp	0
1-STRCACTGARARAAAWWDN	STREME-1	8.6e-010	peak_288	16.06	tp	0
1-STRCACTGARARAAAWWDN	STREME-1	8.6e-010	peak_55	16.01	tp	1
1-STRCACTGARARAAAWWDN	STREME-1	8.6e-010	peak_560	16.00	tp	0
1-STRCACTGARARAAAWWDN	STREME-1	8.6e-010	peak_280	15.98	tp	0
1-STRCACTGARARAAAWWDN	STREME-1	8.6e-010	peak_639	15.95	tp	0
1-STRCACTGARARAAAWWDN	STREME-1	8.6e-010	peak_15	15.90	tp	0
1-STRCACTGARARAAAWWDN	STREME-1	8.6e-010	peak_605	15.89	tp	0
1-STRCACTGARARAAAWWDN	STREME-1	8.6e-010	peak_795	15.87	tp	0
1-STRCACTGARARAAAWWDN	STREME-1	8.6e-010	peak_447	15.86	tp	0
1-STRCACTGARARAAAWWDN	STREME-1	8.6e-010	peak_799	15.79	tp	0
1-STRCACTGARARAAAWWDN	STREME-1	8.6e-010	peak_762	15.74	tp	0
1-STRCACTGARARAAAWWDN	STREME-1	8.6e-010	peak_35	15.71	tp	0
1-STRCACTGARARAAAWWDN	STREME-1	8.6e-010	peak_722	15.64	tp	1
1-STRCACTGARARAAAWWDN	STREME-1	8.6e-010	peak_404	15.62	tp	1
1-STRCACTGARARAAAWWDN	STREME-1	8.6e-010	peak_37	15.58	tp	0
1-STRCACTGARARAAAWWDN	STREME-1	8.6e-010	peak_761	15.12	tp	0
1-STRCACTGARARAAAWWDN	STREME-1	8.6e-010	peak_625	15.11	tp	0
1-STRCACTGARARAAAWWDN	STREME-1	8.6e-010	peak_804	15.11	tp	0
1-STRCACTGARARAAAWWDN	STREME-1	8.6e-010	peak_695	15.09	tp	0
1-STRCACTGARARAAAWWDN	STREME-1	8.6e-010	peak_777	14.96	tp	0
1-STRCACTGARARAAAWWDN	STREME-1	8.6e-010	peak_688	14.95	tp	0
1-STRCACTGARARAAAWWDN	STREME-1	8.6e-010	peak_808	14.94	tp	0
1-STRCACTGARARAAAWWDN	STREME-1	8.6e-010	peak_676	14.88	tp	0
1-STRCACTGARARAAAWWDN	STREME-1	8.6e-010	peak_284	14.88	tp	1
1-STRCACTGARARAAAWWDN	STREME-1	8.6e-010	peak_485	14.83	tp	0
1-STRCACTGARARAAAWWDN	STREME-1	8.6e-010	peak_126	14.79	tp	0
1-STRCACTGARARAAAWWDN	STREME-1	8.6e-010	peak_856	14.73	tp	0
1-STRCACTGARARAAAWWDN	STREME-1	8.6e-010	peak_482	14.64	tp	0
1-STRCACTGARARAAAWWDN	STREME-1	8.6e-010	peak_121	14.49	tp	0
1-STRCACTGARARAAAWWDN	STREME-1	8.6e-010	peak_784	14.44	tp	0
1-STRCACTGARARAAAWWDN	STREME-1	8.6e-010	peak_788	14.33	tp	0
1-STRCACTGARARAAAWWDN	STREME-1	8.6e-010	peak_245	14.32	tp	0
1-STRCACTGARARAAAWWDN	STREME-1	8.6e-010	peak_255	14.31	tp	0
1-STRCACTGARARAAAWWDN	STREME-1	8.6e-010	peak_581	14.31	tp	0
1-STRCACTGARARAAAWWDN	STREME-1	8.6e-010	peak_293	14.18	tp	0
1-STRCACTGARARAAAWWDN	STREME-1	8.6e-010	peak_410	14.17	tp	0
1-STRCACTGARARAAAWWDN	STREME-1	8.6e-010	peak_395	14.17	tp	0
1-STRCACTGARARAAAWWDN	STREME-1	8.6e-010	peak_460	14.11	tp	0
1-STRCACTGARARAAAWWDN	STREME-1	8.6e-010	peak_199	14.06	tp	0
1-STRCACTGARARAAAWWDN	STREME-1	8.6e-010	peak_809	13.98	tp	0
1-STRCACTGARARAAAWWDN	STREME-1	8.6e-010	peak_765	13.93	tp	0
1-STRCACTGARARAAAWWDN	STREME-1	8.6e-010	peak_493	13.92	tp	0
1-STRCACTGARARAAAWWDN	STREME-1	8.6e-010	peak_212	13.90	tp	0
1-STRCACTGARARAAAWWDN	STREME-1	8.6e-010	peak_703	13.78	tp	0
1-STRCACTGARARAAAWWDN	STREME-1	8.6e-010	peak_150	13.77	tp	0
1-STRCACTGARARAAAWWDN	STREME-1	8.6e-010	peak_224	13.69	tp	1
1-STRCACTGARARAAAWWDN	STREME-1	8.6e-010	peak_68	13.68	tp	0
1-STRCACTGARARAAAWWDN	STREME-1	8.6e-010	peak_491	13.65	tp	0
1-STRCACTGARARAAAWWDN	STREME-1	8.6e-010	peak_167	13.53	tp	0
1-STRCACTGARARAAAWWDN	STREME-1	8.6e-010	peak_309	13.53	tp	0
1-STRCACTGARARAAAWWDN	STREME-1	8.6e-010	peak_134	13.52	tp	0
1-STRCACTGARARAAAWWDN	STREME-1	8.6e-010	peak_650	13.49	tp	0
1-STRCACTGARARAAAWWDN	STREME-1	8.6e-010	peak_236	13.46	fp	0
1-STRCACTGARARAAAWWDN	STREME-1	8.6e-010	peak_125	13.45	tp	0
1-STRCACTGARARAAAWWDN	STREME-1	8.6e-010	peak_146	13.39	tp	0
1-STRCACTGARARAAAWWDN	STREME-1	8.6e-010	peak_313	13.14	tp	1
1-STRCACTGARARAAAWWDN	STREME-1	8.6e-010	peak_249	13.11	fp	0
1-STRCACTGARARAAAWWDN	STREME-1	8.6e-010	peak_437	13.01	tp	0
1-STRCACTGARARAAAWWDN	STREME-1	8.6e-010	peak_19	12.99	tp	0
1-STRCACTGARARAAAWWDN	STREME-1	8.6e-010	peak_785	12.96	tp	0
1-STRCACTGARARAAAWWDN	STREME-1	8.6e-010	peak_291	12.93	tp	0
1-STRCACTGARARAAAWWDN	STREME-1	8.6e-010	peak_711	12.80	tp	1
1-STRCACTGARARAAAWWDN	STREME-1	8.6e-010	peak_52	12.78	tp	0
1-STRCACTGARARAAAWWDN	STREME-1	8.6e-010	peak_852	12.75	tp	0
1-STRCACTGARARAAAWWDN	STREME-1	8.6e-010	peak_813	12.73	tp	0
1-STRCACTGARARAAAWWDN	STREME-1	8.6e-010	peak_530	12.67	tp	0
1-STRCACTGARARAAAWWDN	STREME-1	8.6e-010	peak_28	12.62	tp	0
1-STRCACTGARARAAAWWDN	STREME-1	8.6e-010	peak_69	12.61	tp	0
1-STRCACTGARARAAAWWDN	STREME-1	8.6e-010	peak_557	12.58	tp	0
1-STRCACTGARARAAAWWDN	STREME-1	8.6e-010	peak_300	12.48	tp	0
1-STRCACTGARARAAAWWDN	STREME-1	8.6e-010	peak_851	12.39	fp	1
1-STRCACTGARARAAAWWDN	STREME-1	8.6e-010	peak_4	12.38	tp	0
1-STRCACTGARARAAAWWDN	STREME-1	8.6e-010	peak_781	12.35	tp	0
#
2-AAAWAAWAAAYAAATWWWW	STREME-2	1.1e-005	peak_804	21.21	tp	0
2-AAAWAAWAAAYAAATWWWW	STREME-2	1.1e-005	peak_242	19.88	tp	0
2-AAAWAAWAAAYAAATWWWW	STREME-2	1.1e-005	peak_238	19.68	tp	1
2-AAAWAAWAAAYAAATWWWW	STREME-2	1.1e-005	peak_822	19.22	tp	0
2-AAAWAAWAAAYAAATWWWW	STREME-2	1.1e-005	peak_413	18.97	tp	0
2-AAAWAAWAAAYAAATWWWW	STREME-2	1.1e-005	peak_295	18.95	tp	0
2-AAAWAAWAAAYAAATWWWW	STREME-2	1.1e-005	peak_726	18.83	tp	0
2-AAAWAAWAAAYAAATWWWW	STREME-2	1.1e-005	peak_593	18.75	tp	0
2-AAAWAAWAAAYAAATWWWW	STREME-2	1.1e-005	peak_738	18.73	tp	0
2-AAAWAAWAAAYAAATWWWW	STREME-2	1.1e-005	peak_383	18.52	tp	0
2-AAAWAAWAAAYAAATWWWW	STREME-2	1.1e-005	peak_771	18.43	tp	0
2-AAAWAAWAAAYAAATWWWW	STREME-2	1.1e-005	peak_226	18.43	tp	0
2-AAAWAAWAAAYAAATWWWW	STREME-2	1.1e-005	peak_510	18.32	tp	0
2-AAAWAAWAAAYAAATWWWW	STREME-2	1.1e-005	peak_330	18.03	tp	0
2-AAAWAAWAAAYAAATWWWW	STREME-2	1.1e-005	peak_4	17.83	tp	0
2-AAAWAAWAAAYAAATWWWW	STREME-2	1.1e-005	peak_198	17.76	tp	0
2-AAAWAAWAAAYAAATWWWW	STREME-2	1.1e-005	peak_744	17.70	tp	0
2-AAAWAAWAAAYAAATWWWW	STREME-2	1.1e-005	peak_189	17.67	tp	0
2-AAAWAAWAAAYAAATWWWW	STREME-2	1.1e-005	peak_100	17.54	tp	0
2-AAAWAAWAAAYAAATWWWW	STREME-2	1.1e-005	peak_174	17.54	tp	1
2-AAAWAAWAAAYAAATWWWW	STREME-2	1.1e-005	peak_370	17.52	tp	0
2-AAAWAAWAAAYAAATWWWW	STREME-2	1.1e-005	peak_774	17.52	tp	1
2-AAAWAAWAAAYAAATWWWW	STREME-2	1.1e-005	peak_787	17.45	tp	0
2-AAAWAAWAAAYAAATWWWW	STREME-2	1.1e-005	peak_104	17.44	tp	0
2-AAAWAAWAAAYAAATWWWW	STREME-2	1.1e-005	peak_254	17.24	tp	0
2-AAAWAAWAAAYAAATWWWW	STREME-2	1.1e-005	peak_53	17.21	fp	0
2-AAAWAAWAAAYAAATWWWW	STREME-2	1.1e-005	peak_710	17.21	tp	0
2-AAAWAAWAAAYAAATWWWW	STREME-2	1.1e-005	peak_760	17.14	tp	0
2-AAAWAAWAAAYAAATWWWW	STREME-2	1.1e-005	peak_313	17.07	tp	1
2-AAAWAAWAAAYAAATWWWW	STREME-2	1.1e-005	peak_359	17.04	tp	1
2-AAAWAAWAAAYAAATWWWW	STREME-2	1.1e-005	peak_820	16.95	tp	0
2-AAAWAAWAAAYAAATWWWW	STREME-2	1.1e-005	peak_66	16.94	tp	0
2-AAAWAAWAAAYAAATWWWW	STREME-2	1.1e-005	peak_655	16.87	tp	0
2-AAAWAAWAAAYAAATWWWW	STREME-2	1.1e-005	peak_91	16.78	tp	0
2-AAAWAAWAAAYAAATWWWW	STREME-2	1.1e-005	peak_776	16.77	tp	0
2-AAAWAAWAAAYAAATWWWW	STREME-2	1.1e-005	peak_752	16.74	tp	1
2-AAAWAAWAAAYAAATWWWW	STREME-2	1.1e-005	peak_684	16.69	tp	0
2-AAAWAAWAAAYAAATWWWW	STREME-2	1.1e-005	peak_813	16.60	tp	0
2-AAAWAAWAAAYAAATWWWW	STREME-2	1.1e-005	peak_9	16.56	fp	1
2-AAAWAAWAAAYAAATWWWW	STREME-2	1.1e-005	peak_706	16.56	tp	0
2-AAAWAAWAAAYAAATWWWW	STREME-2	1.1e-005	peak_350	16.56	tp	0
2-AAAWAAWAAAYAAATWWWW	STREME-2	1.1e-005	peak_447	16.52	tp	0
2-AAAWAAWAAAYAAATWWWW	STREME-2	1.1e-005	peak_535	16.38	tp	0
2-AAAWAAWAAAYAAATWWWW	STREME-2	1.1e-005	peak_187	16.36	tp	0
2-AAAWAAWAAAYAAATWWWW	STREME-2	1.1e-005	peak_547	16.34	tp	0
2-AAAWAAWAAAYAAATWWWW	STREME-2	1.1e-005	peak_614	16.33	tp	0
2-AAAWAAWAAAYAAATWWWW	STREME-2	1.1e-005	peak_13	16.31	tp	0
2-AAAWAAWAAAYAAATWWWW	STREME-2	1.1e-005	peak_669	16.21	tp	0
2-AAAWAAWAAAYAAATWWWW	STREME-2	1.1e-005	peak_518	16.18	tp	0
2-AAAWAAWAAAYAAATWWWW	STREME-2	1.1e-005	peak_688	16.15	tp	0
2-AAAWAAWAAAYAAATWWWW	STREME-2	1.1e-005	peak_585	16.09	tp	1
2-AAAWAAWAAAYAAATWWWW	STREME-2	1.1e-005	peak_533	16.07	tp	0
2-AAAWAAWAAAYAAATWWWW	STREME-2	1.1e-005	peak_506	16.01	tp	1
2-AAAWAAWAAAYAAATWWWW	STREME-2	1.1e-005	peak_748	15.94	tp	0
2-AAAWAAWAAAYAAATWWWW	STREME-2	1.1e-005	peak_495	15.93	tp	0
2-AAAWAAWAAAYAAATWWWW	STREME-2	1.1e-005	peak_610	15.87	tp	0
2-AAAWAAWAAAYAAATWWWW	STREME-2	1.1e-005	peak_133	15.86	tp	1
2-AAAWAAWAAAYAAATWWWW	STREME-2	1.1e-005	peak_323	15.85	tp	0
2-AAAWAAWAAAYAAATWWWW	STREME-2	1.1e-005	peak_428	15.79	tp	0
2-AAAWAAWAAAYAAATWWWW	STREME-2	1.1e-005	peak_351	15.78	tp	0
2-AAAWAAWAAAYAAATWWWW	STREME-2	1.1e-005	peak_361	15.78	tp	0
2-AAAWAAWAAAYAAATWWWW	STREME-2	1.1e-005	peak_411	15.77	fp	0
2-AAAWAAWAAAYAAATWWWW	STREME-2	1.1e-005	peak_561	15.74	tp	0
2-AAAWAAWAAAYAAATWWWW	STREME-2	1.1e-005	peak_785	15.74	tp	0
2-AAAWAAWAAAYAAATWWWW	STREME-2	1.1e-005	peak_602	15.70	tp	0
2-AAAWAAWAAAYAAATWWWW	STREME-2	1.1e-005	peak_796	15.66	tp	0
2-AAAWAAWAAAYAAATWWWW	STREME-2	1.1e-005	peak_190	15.66	tp	1
2-AAAWAAWAAAYAAATWWWW	STREME-2	1.1e-005	peak_265	15.64	tp	0
2-AAAWAAWAAAYAAATWWWW	STREME-2	1.1e-005	peak_731	15.63	tp	0
2-AAAWAAWAAAYAAATWWWW	STREME-2	1.1e-005	peak_489	15.59	tp	0
2-AAAWAAWAAAYAAATWWWW	STREME-2	1.1e-005	peak_635	15.59	tp	0
2-AAAWAAWAAAYAAATWWWW	STREME-2	1.1e-005	peak_74	15.47	tp	0
2-AAAWAAWAAAYAAATWWWW	STREME-2	1.1e-005	peak_55	15.40	tp	1
2-AAAWAAWAAAYAAATWWWW	STREME-2	1.1e-005	peak_190	15.39	fp	0
2-AAAWAAWAAAYAAATWWWW	STREME-2	1.1e-005	peak_476	15.39	tp	0
2-AAAWAAWAAAYAAATWWWW	STREME-2	1.1e-005	peak_234	15.38	tp	0
2-AAAWAAWAAAYAAATWWWW	STREME-2	1.1e-005	peak_465	15.34	tp	0
2-AAAWAAWAAAYAAATWWWW	STREME-2	1.1e-005	peak_115	15.34	tp	0
2-AAAWAAWAAAYAAATWWWW	STREME-2	1.1e-005	peak_629	15.29	tp	0
2-AAAWAAWAAAYAAATWWWW	STREME-2	1.1e-005	peak_217	15.28	tp	0
2-AAAWAAWAAAYAAATWWWW	STREME-2	1.1e-005	peak_799	15.28	tp	0
2-AAAWAAWAAAYAAATWWWW	STREME-2	1.1e-005	peak_621	15.27	tp	0
2-AAAWAAWAAAYAAATWWWW	STREME-2	1.1e-005	peak_838	15.26	tp	0
2-AAAWAAWAAAYAAATWWWW	STREME-2	1.1e-005	peak_753	15.26	tp	0
2-AAAWAAWAAAYAAATWWWW	STREME-2	1.1e-005	peak_2	15.26	tp	0
2-AAAWAAWAAAYAAATWWWW	STREME-2	1.1e-005	peak_775	15.23	tp	0
2-AAAWAAWAAAYAAATWWWW	STREME-2	1.1e-005	peak_462	15.23	tp	0
2-AAAWAAWAAAYAAATWWWW	STREME-2	1.1e-005	peak_218	15.22	fp	0
2-AAAWAAWAAAYAAATWWWW	STREME-2	1.1e-005	peak_192	15.20	tp	0
2-AAAWAAWAAAYAAATWWWW	STREME-2	1.1e-005	peak_699	15.16	tp	0
2-AAAWAAWAAAYAAATWWWW	STREME-2	1.1e-005	peak_836	15.13	tp	0
2-AAAWAAWAAAYAAATWWWW	STREME-2	1.1e-005	peak_595	15.10	tp	0
2-AAAWAAWAAAYAAATWWWW	STREME-2	1.1e-005	peak_321	15.10	tp	0
2-AAAWAAWAAAYAAATWWWW	STREME-2	1.1e-005	peak_251	15.08	tp	0
2-AAAWAAWAAAYAAATWWWW	STREME-2	1.1e-005	peak_17	15.07	tp	0
2-AAAWAAWAAAYAAATWWWW	STREME-2	1.1e-005	peak_797	14.90	tp	0
2-AAAWAAWAAAYAAATWWWW	STREME-2	1.1e-005	peak_421	14.87	tp	0
2-AAAWAAWAAAYAAATWWWW	STREME-2	1.1e-005	peak_197	14.87	tp	0
2-AAAWAAWAAAYAAATWWWW	STREME-2	1.1e-005	peak_106	14.80	tp	0
2-AAAWAAWAAAYAAATWWWW	STREME-2	1.1e-005	peak_239	14.80	tp	0
2-AAAWAAWAAAYAAATWWWW	STREME-2	1.1e-005	peak_405	14.79	tp	0
2-AAAWAAWAAAYAAATWWWW	STREME-2	1.1e-005	peak_37	14.77	tp	0
2-AAAWAAWAAAYAAATWWWW	STREME-2	1.1e-005	peak_338	14.70	tp	1
2-AAAWAAWAAAYAAATWWWW	STREME-2	1.1e-005	peak_422	14.69	tp	0
2-AAAWAAWAAAYAAATWWWW	STREME-2	1.1e-005	peak_266	14.67	tp	0
2-AAAWAAWAAAYAAATWWWW	STREME-2	1.1e-005	peak_707	14.67	tp	0
2-AAAWAAWAAAYAAATWWWW	STREME-2	1.1e-005	peak_868	14.65	tp	0
2-AAAWAAWAAAYAAATWWWW	STREME-2	1.1e-005	peak_849	14.64	tp	0
2-AAAWAAWAAAYAAATWWWW	STREME-2	1.1e-005	peak_835	14.61	tp	0
2-AAAWAAWAAAYAAATWWWW	STREME-2	1.1e-005	peak_219	14.59	tp	0
2-AAAWAAWAAAYAAATWWWW	STREME-2	1.1e-005	peak_416	14.58	tp	1
2-AAAWAAWAAAYAAATWWWW	STREME-2	1.1e-005	peak_581	14.57	tp	0
2-AAAWAAWAAAYAAATWWWW	STREME-2	1.1e-005	peak_180	14.57	tp	0
2-AAAWAAWAAAYAAATWWWW	STREME-2	1.1e-005	peak_641	14.56	tp	0
2-AAAWAAWAAAYAAATWWWW	STREME-2	1.1e-005	peak_315	14.55	tp	1
2-AAAWAAWAAAYAAATWWWW	STREME-2	1.1e-005	peak_403	14.53	tp	0
2-AAAWAAWAAAYAAATWWWW	STREME-2	1.1e-005	peak_509	14.53	tp	0
2-AAAWAAWAAAYAAATWWWW	STREME-2	1.1e-005	peak_248	14.50	tp	0
2-AAAWAAWAAAYAAATWWWW	STREME-2	1.1e-005	peak_343	14.50	tp	0
2-AAAWAAWAAAYAAATWWWW	STREME-2	1.1e-005	peak_514	14.49	tp	0
2-AAAWAAWAAAYAAATWWWW	STREME-2	1.1e-005	peak_402	14.48	tp	0
2-AAAWAAWAAAYAAATWWWW	STREME-2	1.1e-005	peak_308	14.47	tp	0
2-AAAWAAWAAAYAAATWWWW	STREME-2	1.1e-005	peak_293	14.47	tp	0
2-AAAWAAWAAAYAAATWWWW	STREME-2	1.1e-005	peak_366	14.47	tp	0
2-AAAWAAWAAAYAAATWWWW	STREME-2	1.1e-005	peak_606	14.47	tp	0
2-AAAWAAWAAAYAAATWWWW	STREME-2	1.1e-005	peak_678	14.46	tp	0
2-AAAWAAWAAAYAAATWWWW	STREME-2	1.1e-005	peak_757	14.43	tp	0
2-AAAWAAWAAAYAAATWWWW	STREME-2	1.1e-005	peak_228	14.40	tp	1
2-AAAWAAWAAAYAAATWWWW	STREME-2	1.1e-005	peak_804	14.40	fp	0
2-AAAWAAWAAAYAAATWWWW	STREME-2	1.1e-005	peak_807	14.35	tp	0
2-AAAWAAWAAAYAAATWWWW	STREME-2	1.1e-005	peak_244	14.35	tp	0
2-AAAWAAWAAAYAAATWWWW	STREME-2	1.1e-005	peak_319	14.30	tp	0
2-AAAWAAWAAAYAAATWWWW	STREME-2	1.1e-005	peak_558	14.28	tp	0
2-AAAWAAWAAAYAAATWWWW	STREME-2	1.1e-005	peak_96	14.24	tp	0
2-AAAWAAWAAAYAAATWWWW	STREME-2	1.1e-005	peak_410	14.22	tp	0
2-AAAWAAWAAAYAAATWWWW	STREME-2	1.1e-005	peak_788	14.20	tp	0
2-AAAWAAWAAAYAAATWWWW	STREME-2	1.1e-005	peak_135	14.20	tp	0
2-AAAWAAWAAAYAAATWWWW	STREME-2	1.1e-005	peak_435	14.19	tp	0
2-AAAWAAWAAAYAAATWWWW	STREME-2	1.1e-005	peak_733	14.15	tp	0
2-AAAWAAWAAAYAAATWWWW	STREME-2	1.1e-005	peak_673	14.14	tp	0
2-AAAWAAWAAAYAAATWWWW	STREME-2	1.1e-005	peak_554	14.14	tp	0
2-AAAWAAWAAAYAAATWWWW	STREME-2	1.1e-005	peak_40	14.10	tp	0
2-AAAWAAWAAAYAAATWWWW	STREME-2	1.1e-005	peak_409	14.09	tp	0
2-AAAWAAWAAAYAAATWWWW	STREME-2	1.1e-005	peak_816	14.07	tp	0
2-AAAWAAWAAAYAAATWWWW	STREME-2	1.1e-005	peak_101	14.04	tp	0
2-AAAWAAWAAAYAAATWWWW	STREME-2	1.1e-005	peak_769	14.03	tp	0
2-AAAWAAWAAAYAAATWWWW	STREME-2	1.1e-005	peak_619	14.02	tp	1
2-AAAWAAWAAAYAAATWWWW	STREME-2	1.1e-005	peak_648	14.01	tp	0
2-AAAWAAWAAAYAAATWWWW	STREME-2	1.1e-005	peak_342	13.99	tp	0
2-AAAWAAWAAAYAAATWWWW	STREME-2	1.1e-005	peak_708	13.99	tp	0
2-AAAWAAWAAAYAAATWWWW	STREME-2	1.1e-005	peak_119	13.98	fp	0
2-AAAWAAWAAAYAAATWWWW	STREME-2	1.1e-005	peak_498	13.98	tp	0
2-AAAWAAWAAAYAAATWWWW	STREME-2	1.1e-005	peak_16	13.97	tp	0
2-AAAWAAWAAAYAAATWWWW	STREME-2	1.1e-005	peak_202	13.97	tp	0
2-AAAWAAWAAAYAAATWWWW	STREME-2	1.1e-005	peak_486	13.96	tp	0
2-AAAWAAWAAAYAAATWWWW	STREME-2	1.1e-005	peak_31	13.94	tp	0
2-AAAWAAWAAAYAAATWWWW	STREME-2	1.1e-005	peak_435	13.92	fp	0
2-AAAWAAWAAAYAAATWWWW	STREME-2	1.1e-005	peak_227	13.90	tp	1
2-AAAWAAWAAAYAAATWWWW	STREME-2	1.1e-005	peak_341	13.88	tp	0
2-AAAWAAWAAAYAAATWWWW	STREME-2	1.1e-005	peak_793	13.87	tp	0
2-AAAWAAWAAAYAAATWWWW	STREME-2	1.1e-005	peak_597	13.87	tp	0
2-AAAWAAWAAAYAAATWWWW	STREME-2	1.1e-005	peak_199	13.84	tp	0
2-AAAWAAWAAAYAAATWWWW	STREME-2	1.1e-005	peak_683	13.84	tp	0
2-AAAWAAWAAAYAAATWWWW	STREME-2	1.1e-005	peak_201	13.84	tp	0
2-AAAWAAWAAAYAAATWWWW	STREME-2	1.1e-005	peak_499	13.82	tp	0
2-AAAWAAWAAAYAAATWWWW	STREME-2	1.1e-005	peak_850	13.82	tp	0
2-AAAWAAWAAAYAAATWWWW	STREME-2	1.1e-005	peak_612	13.82	fp	0
2-AAAWAAWAAAYAAATWWWW	STREME-2	1.1e-005	peak_713	13.81	tp	0
2-AAAWAAWAAAYAAATWWWW	STREME-2	1.1e-005	peak_387	13.80	tp	0
2-AAAWAAWAAAYAAATWWWW	STREME-2	1.1e-005	peak_86	13.79	tp	0
2-AAAWAAWAAAYAAATWWWW	STREME-2	1.1e-005	peak_243	13.79	tp	0
2-AAAWAAWAAAYAAATWWWW	STREME-2	1.1e-005	peak_527	13.75	fp	1
2-AAAWAAWAAAYAAATWWWW	STREME-2	1.1e-005	peak_205	13.74	tp	0
2-AAAWAAWAAAYAAATWWWW	STREME-2	1.1e-005	peak_543	13.73	tp	0
2-AAAWAAWAAAYAAATWWWW	STREME-2	1.1e-005	peak_118	13.69	tp	0
2-AAAWAAWAAAYAAATWWWW	STREME-2	1.1e-005	peak_55	13.68	fp	0
2-AAAWAAWAAAYAAATWWWW	STREME-2	1.1e-005	peak_136	13.68	tp	0
2-AAAWAAWAAAYAAATWWWW	STREME-2	1.1e-005	peak_51	13.66	tp	0
2-AAAWAAWAAAYAAATWWWW	STREME-2	1.1e-005	peak_808	13.65	tp	0
2-AAAWAAWAAAYAAATWWWW	STREME-2	1.1e-005	peak_393	13.65	tp	0
2-AAAWAAWAAAYAAATWWWW	STREME-2	1.1e-005	peak_521	13.64	fp	0
2-AAAWAAWAAAYAAATWWWW	STREME-2	1.1e-005	peak_530	13.63	tp	0
2-AAAWAAWAAAYAAATWWWW	STREME-2	1.1e-005	peak_732	13.62	tp	1
2-AAAWAAWAAAYAAATWWWW	STREME-2	1.1e-005	peak_806	13.60	tp	0
2-AAAWAAWAAAYAAATWWWW	STREME-2	1.1e-005	peak_523	13.59	tp	0
2-AAAWAAWAAAYAAATWWWW	STREME-2	1.1e-005	peak_484	13.57	tp	1
2-AAAWAAWAAAYAAATWWWW	STREME-2	1.1e-005	peak_360	13.56	fp	0
2-AAAWAAWAAAYAAATWWWW	STREME-2	1.1e-005	peak_218	13.53	tp	0
2-AAAWAAWAAAYAAATWWWW	STREME-2	1.1e-005	peak_16	13.52	fp	0
2-AAAWAAWAAAYAAATWWWW	STREME-2	1.1e-005	peak_449	13.51	tp	0
2-AAAWAAWAAAYAAATWWWW	STREME-2	1.1e-005	peak_562	13.51	tp	0
2-AAAWAAWAAAYAAATWWWW	STREME-2	1.1e-005	peak_134	13.50	tp	0
2-AAAWAAWAAAYAAATWWWW	STREME-2	1.1e-005	peak_475	13.50	fp	1
2-AAAWAAWAAAYAAATWWWW	STREME-2	1.1e-005	peak_310	13.49	fp	0
2-AAAWAAWAAAYAAATWWWW	STREME-2	1.1e-005	peak_835	13.49	fp	0
2-AAAWAAWAAAYAAATWWWW	STREME-2	1.1e-005	peak_466	13.47	tp	0
2-AAAWAAWAAAYAAATWWWW	STREME-2	1.1e-005	peak_84	13.46	tp	0
2-AAAWAAWAAAYAAATWWWW	STREME-2	1.1e-005	peak_263	13.45	tp	0
2-AAAWAAWAAAYAAATWWWW	STREME-2	1.1e-005	peak_313	13.44	fp	0
2-AAAWAAWAAAYAAATWWWW	STREME-2	1.1e-005	peak_386	13.43	tp	0
2-AAAWAAWAAAYAAATWWWW	STREME-2	1.1e-005	peak_534	13.43	tp	0
2-AAAWAAWAAAYAAATWWWW	STREME-2	1.1e-005	peak_696	13.42	tp	0
2-AAAWAAWAAAYAAATWWWW	STREME-2	1.1e-005	peak_109	13.41	tp	0
2-AAAWAAWAAAYAAATWWWW	STREME-2	1.1e-005	peak_504	13.40	fp	0
2-AAAWAAWAAAYAAATWWWW	STREME-2	1.1e-005	peak_438	13.40	tp	0
2-AAAWAAWAAAYAAATWWWW	STREME-2	1.1e-005	peak_520	13.40	fp	0
2-AAAWAAWAAAYAAATWWWW	STREME-2	1.1e-005	peak_63	13.37	fp	0
2-AAAWAAWAAAYAAATWWWW	STREME-2	1.1e-005	peak_259	13.37	tp	0
2-AAAWAAWAAAYAAATWWWW	STREME-2	1.1e-005	peak_616	13.36	tp	0
2-AAAWAAWAAAYAAATWWWW	STREME-2	1.1e-005	peak_644	13.34	tp	1
2-AAAWAAWAAAYAAATWWWW	STREME-2	1.1e-005	peak_773	13.34	tp	0
2-AAAWAAWAAAYAAATWWWW	STREME-2	1.1e-005	peak_425	13.32	tp	0
2-AAAWAAWAAAYAAATWWWW	STREME-2	1.1e-005	peak_348	13.31	tp	0
2-AAAWAAWAAAYAAATWWWW	STREME-2	1.1e-005	peak_521	13.31	tp	1
2-AAAWAAWAAAYAAATWWWW	STREME-2	1.1e-005	peak_777	13.31	tp	0
2-AAAWAAWAAAYAAATWWWW	STREME-2	1.1e-005	peak_531	13.30	tp	0
2-AAAWAAWAAAYAAATWWWW	STREME-2	1.1e-005	peak_663	13.30	tp	0
2-AAAWAAWAAAYAAATWWWW	STREME-2	1.1e-005	peak_734	13.29	tp	0
2-AAAWAAWAAAYAAATWWWW	STREME-2	1.1e-005	peak_349	13.25	tp	0
2-AAAWAAWAAAYAAATWWWW	STREME-2	1.1e-005	peak_555	13.25	tp	0
2-AAAWAAWAAAYAAATWWWW	STREME-2	1.1e-005	peak_68	13.25	tp	0
2-AAAWAAWAAAYAAATWWWW	STREME-2	1.1e-005	peak_701	13.25	tp	0
2-AAAWAAWAAAYAAATWWWW	STREME-2	1.1e-005	peak_515	13.23	tp	0
2-AAAWAAWAAAYAAATWWWW	STREME-2	1.1e-005	peak_61	13.22	tp	0
2-AAAWAAWAAAYAAATWWWW	STREME-2	1.1e-005	peak_608	13.20	tp	0
2-AAAWAAWAAAYAAATWWWW	STREME-2	1.1e-005	peak_6	13.18	tp	0
2-AAAWAAWAAAYAAATWWWW	STREME-2	1.1e-005	peak_768	13.18	tp	1
2-AAAWAAWAAAYAAATWWWW	STREME-2	1.1e-005	peak_502	13.15	tp	0
2-AAAWAAWAAAYAAATWWWW	STREME-2	1.1e-005	peak_448	13.13	tp	0
2-AAAWAAWAAAYAAATWWWW	STREME-2	1.1e-005	peak_664	13.13	tp	1
2-AAAWAAWAAAYAAATWWWW	STREME-2	1.1e-005	peak_404	13.13	tp	1
2-AAAWAAWAAAYAAATWWWW	STREME-2	1.1e-005	peak_432	13.13	tp	0
2-AAAWAAWAAAYAAATWWWW	STREME-2	1.1e-005	peak_864	13.10	tp	0
2-AAAWAAWAAAYAAATWWWW	STREME-2	1.1e-005	peak_525	13.08	tp	0
2-AAAWAAWAAAYAAATWWWW	STREME-2	1.1e-005	peak_157	13.08	tp	0
2-AAAWAAWAAAYAAATWWWW	STREME-2	1.1e-005	peak_280	13.06	fp	0
2-AAAWAAWAAAYAAATWWWW	STREME-2	1.1e-005	peak_764	13.04	tp	0
2-AAAWAAWAAAYAAATWWWW	STREME-2	1.1e-005	peak_458	13.01	tp	1
2-AAAWAAWAAAYAAATWWWW	STREME-2	1.1e-005	peak_434	13.00	tp	0
2-AAAWAAWAAAYAAATWWWW	STREME-2	1.1e-005	peak_504	12.98	tp	0
2-AAAWAAWAAAYAAATWWWW	STREME-2	1.1e-005	peak_636	12.98	tp	0
2-AAAWAAWAAAYAAATWWWW	STREME-2	1.1e-005	peak_555	12.96	fp	0
2-AAAWAAWAAAYAAATWWWW	STREME-2	1.1e-005	peak_85	12.96	tp	0
2-AAAWAAWAAAYAAATWWWW	STREME-2	1.1e-005	peak_651	12.91	tp	0
2-AAAWAAWAAAYAAATWWWW	STREME-2	1.1e-005	peak_280	12.91	tp	0
2-AAAWAAWAAAYAAATWWWW	STREME-2	1.1e-005	peak_516	12.90	tp	0
2-AAAWAAWAAAYAAATWWWW	STREME-2	1.1e-005	peak_32	12.89	tp	0
2-AAAWAAWAAAYAAATWWWW	STREME-2	1.1e-005	peak_488	12.86	tp	0
2-AAAWAAWAAAYAAATWWWW	STREME-2	1.1e-005	peak_663	12.84	fp	0
2-AAAWAAWAAAYAAATWWWW	STREME-2	1.1e-005	peak_817	12.84	tp	0
2-AAAWAAWAAAYAAATWWWW	STREME-2	1.1e-005	peak_834	12.83	fp	0
2-AAAWAAWAAAYAAATWWWW	STREME-2	1.1e-005	peak_59	12.82	tp	0
2-AAAWAAWAAAYAAATWWWW	STREME-2	1.1e-005	peak_210	12.80	tp	0
2-AAAWAAWAAAYAAATWWWW	STREME-2	1.1e-005	peak_756	12.80	tp	0
2-AAAWAAWAAAYAAATWWWW	STREME-2	1.1e-005	peak_444	12.79	tp	0
2-AAAWAAWAAAYAAATWWWW	STREME-2	1.1e-005	peak_657	12.77	tp	0
2-AAAWAAWAAAYAAATWWWW	STREME-2	1.1e-005	peak_841	12.75	fp	0
2-AAAWAAWAAAYAAATWWWW	STREME-2	1.1e-005	peak_505	12.75	tp	0
2-AAAWAAWAAAYAAATWWWW	STREME-2	1.1e-005	peak_570	12.74	tp	1
2-AAAWAAWAAAYAAATWWWW	STREME-2	1.1e-005	peak_26	12.74	tp	0
2-AAAWAAWAAAYAAATWWWW	STREME-2	1.1e-005	peak_360	12.74	tp	0
2-AAAWAAWAAAYAAATWWWW	STREME-2	1.1e-005	peak_429	12.73	fp	0
2-AAAWAAWAAAYAAATWWWW	STREME-2	1.1e-005	peak_780	12.71	tp	0
2-AAAWAAWAAAYAAATWWWW	STREME-2	1.1e-005	peak_471	12.70	tp	0
2-AAAWAAWAAAYAAATWWWW	STREME-2	1.1e-005	peak_520	12.70	tp	0
2-AAAWAAWAAAYAAATWWWW	STREME-2	1.1e-005	peak_532	12.69	tp	0
2-AAAWAAWAAAYAAATWWWW	STREME-2	1.1e-005	peak_326	12.68	tp	0
2-AAAWAAWAAAYAAATWWWW	STREME-2	1.1e-005	peak_27	12.66	tp	0
2-AAAWAAWAAAYAAATWWWW	STREME-2	1.1e-005	peak_415	12.64	tp	0
2-AAAWAAWAAAYAAATWWWW	STREME-2	1.1e-005	peak_23	12.64	tp	0
2-AAAWAAWAAAYAAATWWWW	STREME-2	1.1e-005	peak_38	12.63	tp	0
2-AAAWAAWAAAYAAATWWWW	STREME-2	1.1e-005	peak_364	12.62	tp	0
2-AAAWAAWAAAYAAATWWWW	STREME-2	1.1e-005	peak_368	12.59	tp	0
2-AAAWAAWAAAYAAATWWWW	STREME-2	1.1e-005	peak_842	12.57	tp	0
2-AAAWAAWAAAYAAATWWWW	STREME-2	1.1e-005	peak_126	12.56	tp	0
2-AAAWAAWAAAYAAATWWWW	STREME-2	1.1e-005	peak_759	12.56	tp	0
2-AAAWAAWAAAYAAATWWWW	STREME-2	1.1e-005	peak_617	12.56	tp	0
2-AAAWAAWAAAYAAATWWWW	STREME-2	1.1e-005	peak_281	12.55	tp	0
2-AAAWAAWAAAYAAATWWWW	STREME-2	1.1e-005	peak_695	12.54	fp	0
2-AAAWAAWAAAYAAATWWWW	STREME-2	1.1e-005	peak_331	12.50	tp	0
2-AAAWAAWAAAYAAATWWWW	STREME-2	1.1e-005	peak_308	12.50	fp	0
2-AAAWAAWAAAYAAATWWWW	STREME-2	1.1e-005	peak_395	12.49	tp	0
2-AAAWAAWAAAYAAATWWWW	STREME-2	1.1e-005	peak_757	12.49	fp	0
2-AAAWAAWAAAYAAATWWWW	STREME-2	1.1e-005	peak_57	12.49	tp	0
2-AAAWAAWAAAYAAATWWWW	STREME-2	1.1e-005	peak_553	12.47	tp	0
2-AAAWAAWAAAYAAATWWWW	STREME-2	1.1e-005	peak_188	12.43	tp	1
2-AAAWAAWAAAYAAATWWWW	STREME-2	1.1e-005	peak_191	12.41	fp	0
2-AAAWAAWAAAYAAATWWWW	STREME-2	1.1e-005	peak_446	12.40	tp	0
2-AAAWAAWAAAYAAATWWWW	STREME-2	1.1e-005	peak_637	12.39	tp	0
2-AAAWAAWAAAYAAATWWWW	STREME-2	1.1e-005	peak_508	12.38	tp	0
2-AAAWAAWAAAYAAATWWWW	STREME-2	1.1e-005	peak_319	12.37	fp	0
2-AAAWAAWAAAYAAATWWWW	STREME-2	1.1e-005	peak_256	12.37	tp	0
2-AAAWAAWAAAYAAATWWWW	STREME-2	1.1e-005	peak_519	12.37	tp	0
2-AAAWAAWAAAYAAATWWWW	STREME-2	1.1e-005	peak_477	12.35	tp	0
2-AAAWAAWAAAYAAATWWWW	STREME-2	1.1e-005	peak_480	12.35	tp	0
2-AAAWAAWAAAYAAATWWWW	STREME-2	1.1e-005	peak_761	12.34	tp	0
2-AAAWAAWAAAYAAATWWWW	STREME-2	1.1e-005	peak_419	12.33	fp	0
2-AAAWAAWAAAYAAATWWWW	STREME-2	1.1e-005	peak_539	12.32	tp	1
2-AAAWAAWAAAYAAATWWWW	STREME-2	1.1e-005	peak_20	12.31	tp	0
2-AAAWAAWAAAYAAATWWWW	STREME-2	1.1e-005	peak_704	12.31	tp	0
2-AAAWAAWAAAYAAATWWWW	STREME-2	1.1e-005	peak_374	12.31	tp	0
2-AAAWAAWAAAYAAATWWWW	STREME-2	1.1e-005	peak_445	12.29	tp	0
2-AAAWAAWAAAYAAATWWWW	STREME-2	1.1e-005	peak_94	12.28	tp	0
2-AAAWAAWAAAYAAATWWWW	STREME-2	1.1e-005	peak_154	12.28	tp	0
2-AAAWAAWAAAYAAATWWWW	STREME-2	1.1e-005	peak_819	12.24	tp	0
2-AAAWAAWAAAYAAATWWWW	STREME-2	1.1e-005	peak_440	12.24	tp	0
2-AAAWAAWAAAYAAATWWWW	STREME-2	1.1e-005	peak_841	12.23	tp	0
2-AAAWAAWAAAYAAATWWWW	STREME-2	1.1e-005	peak_794	12.23	tp	0
2-AAAWAAWAAAYAAATWWWW	STREME-2	1.1e-005	peak_420	12.23	tp	0
2-AAAWAAWAAAYAAATWWWW	STREME-2	1.1e-005	peak_656	12.22	tp	0
2-AAAWAAWAAAYAAATWWWW	STREME-2	1.1e-005	peak_861	12.20	tp	0
2-AAAWAAWAAAYAAATWWWW	STREME-2	1.1e-005	peak_376	12.18	tp	0
2-AAAWAAWAAAYAAATWWWW	STREME-2	1.1e-005	peak_870	12.17	fp	1
2-AAAWAAWAAAYAAATWWWW	STREME-2	1.1e-005	peak_615	12.15	fp	0
2-AAAWAAWAAAYAAATWWWW	STREME-2	1.1e-005	peak_214	12.12	tp	0
2-AAAWAAWAAAYAAATWWWW	STREME-2	1.1e-005	peak_579	12.12	fp	0
2-AAAWAAWAAAYAAATWWWW	STREME-2	1.1e-005	peak_846	12.11	tp	1
2-AAAWAAWAAAYAAATWWWW	STREME-2	1.1e-005	peak_156	12.11	tp	0
2-AAAWAAWAAAYAAATWWWW	STREME-2	1.1e-005	peak_222	12.09	fp	0
2-AAAWAAWAAAYAAATWWWW	STREME-2	1.1e-005	peak_8	12.09	tp	0
2-AAAWAAWAAAYAAATWWWW	STREME-2	1.1e-005	peak_765	12.07	tp	0
2-AAAWAAWAAAYAAATWWWW	STREME-2	1.1e-005	peak_46	12.07	tp	0
2-AAAWAAWAAAYAAATWWWW	STREME-2	1.1e-005	peak_538	12.07	tp	0
2-AAAWAAWAAAYAAATWWWW	STREME-2	1.1e-005	peak_340	12.07	tp	0
2-AAAWAAWAAAYAAATWWWW	STREME-2	1.1e-005	peak_728	12.07	tp	0
2-AAAWAAWAAAYAAATWWWW	STREME-2	1.1e-005	peak_496	12.06	tp	0
2-AAAWAAWAAAYAAATWWWW	STREME-2	1.1e-005	peak_307	12.06	tp	0
2-AAAWAAWAAAYAAATWWWW	STREME-2	1.1e-005	peak_779	12.05	tp	0
2-AAAWAAWAAAYAAATWWWW	STREME-2	1.1e-005	peak_211	12.05	tp	0
2-AAAWAAWAAAYAAATWWWW	STREME-2	1.1e-005	peak_233	12.04	tp	0
2-AAAWAAWAAAYAAATWWWW	STREME-2	1.1e-005	peak_418	12.04	tp	1
2-AAAWAAWAAAYAAATWWWW	STREME-2	1.1e-005	peak_22	12.02	tp	0
2-AAAWAAWAAAYAAATWWWW	STREME-2	1.1e-005	peak_141	12.01	tp	0
2-AAAWAAWAAAYAAATWWWW	STREME-2	1.1e-005	peak_36	12.00	tp	0
2-AAAWAAWAAAYAAATWWWW	STREME-2	1.1e-005	peak_300	12.00	tp	0
2-AAAWAAWAAAYAAATWWWW	STREME-2	1.1e-005	peak_354	11.99	tp	0
2-AAAWAAWAAAYAAATWWWW	STREME-2	1.1e-005	peak_216	11.98	fp	0
2-AAAWAAWAAAYAAATWWWW	STREME-2	1.1e-005	peak_235	11.97	tp	0
2-AAAWAAWAAAYAAATWWWW	STREME-2	1.1e-005	peak_492	11.96	tp	0
2-AAAWAAWAAAYAAATWWWW	STREME-2	1.1e-005	peak_656	11.96	fp	0
2-AAAWAAWAAAYAAATWWWW	STREME-2	1.1e-005	peak_613	11.96	tp	0
2-AAAWAAWAAAYAAATWWWW	STREME-2	1.1e-005	peak_99	11.95	tp	0
2-AAAWAAWAAAYAAATWWWW	STREME-2	1.1e-005	peak_53	11.95	tp	0
2-AAAWAAWAAAYAAATWWWW	STREME-2	1.1e-005	peak_107	11.94	tp	0
2-AAAWAAWAAAYAAATWWWW	STREME-2	1.1e-005	peak_103	11.92	tp	0
2-AAAWAAWAAAYAAATWWWW	STREME-2	1.1e-005	peak_39	11.90	tp	0
2-AAAWAAWAAAYAAATWWWW	STREME-2	1.1e-005	peak_598	11.88	tp	0
2-AAAWAAWAAAYAAATWWWW	STREME-2	1.1e-005	peak_47	11.87	tp	0
2-AAAWAAWAAAYAAATWWWW	STREME-2	1.1e-005	peak_77	11.87	tp	0
2-AAAWAAWAAAYAAATWWWW	STREME-2	1.1e-005	peak_1	11.86	tp	0
2-AAAWAAWAAAYAAATWWWW	STREME-2	1.1e-005	peak_36	11.85	fp	0
2-AAAWAAWAAAYAAATWWWW	STREME-2	1.1e-005	peak_373	11.85	tp	0
2-AAAWAAWAAAYAAATWWWW	STREME-2	1.1e-005	peak_541	11.85	tp	0
2-AAAWAAWAAAYAAATWWWW	STREME-2	1.1e-005	peak_76	11.83	tp	0
2-AAAWAAWAAAYAAATWWWW	STREME-2	1.1e-005	peak_809	11.83	tp	0
2-AAAWAAWAAAYAAATWWWW	STREME-2	1.1e-005	peak_224	11.82	tp	1
2-AAAWAAWAAAYAAATWWWW	STREME-2	1.1e-005	peak_476	11.82	fp	0
2-AAAWAAWAAAYAAATWWWW	STREME-2	1.1e-005	peak_353	11.82	tp	0
2-AAAWAAWAAAYAAATWWWW	STREME-2	1.1e-005	peak_302	11.80	tp	0
2-AAAWAAWAAAYAAATWWWW	STREME-2	1.1e-005	peak_45	11.79	fp	0
2-AAAWAAWAAAYAAATWWWW	STREME-2	1.1e-005	peak_711	11.77	tp	1
2-AAAWAAWAAAYAAATWWWW	STREME-2	1.1e-005	peak_709	11.75	tp	0
2-AAAWAAWAAAYAAATWWWW	STREME-2	1.1e-005	peak_333	11.75	tp	0
2-AAAWAAWAAAYAAATWWWW	STREME-2	1.1e-005	peak_714	11.75	tp	0
2-AAAWAAWAAAYAAATWWWW	STREME-2	1.1e-005	peak_429	11.74	tp	0
2-AAAWAAWAAAYAAATWWWW	STREME-2	1.1e-005	peak_186	11.73	tp	0
2-AAAWAAWAAAYAAATWWWW	STREME-2	1.1e-005	peak_221	11.72	tp	0
2-AAAWAAWAAAYAAATWWWW	STREME-2	1.1e-005	peak_724	11.71	tp	1
2-AAAWAAWAAAYAAATWWWW	STREME-2	1.1e-005	peak_45	11.71	tp	0
2-AAAWAAWAAAYAAATWWWW	STREME-2	1.1e-005	peak_831	11.69	tp	0
2-AAAWAAWAAAYAAATWWWW	STREME-2	1.1e-005	peak_43	11.68	tp	0
2-AAAWAAWAAAYAAATWWWW	STREME-2	1.1e-005	peak_265	11.67	fp	0
2-AAAWAAWAAAYAAATWWWW	STREME-2	1.1e-005	peak_95	11.67	tp	0
2-AAAWAAWAAAYAAATWWWW	STREME-2	1.1e-005	peak_821	11.66	tp	0
2-AAAWAAWAAAYAAATWWWW	STREME-2	1.1e-005	peak_526	11.66	tp	0
2-AAAWAAWAAAYAAATWWWW	STREME-2	1.1e-005	peak_240	11.64	tp	0
2-AAAWAAWAAAYAAATWWWW	STREME-2	1.1e-005	peak_268	11.64	tp	0
2-AAAWAAWAAAYAAATWWWW	STREME-2	1.1e-005	peak_648	11.63	fp	0
2-AAAWAAWAAAYAAATWWWW	STREME-2	1.1e-005	peak_14	11.62	fp	0
2-AAAWAAWAAAYAAATWWWW	STREME-2	1.1e-005	peak_65	11.61	tp	0
2-AAAWAAWAAAYAAATWWWW	STREME-2	1.1e-005	peak_419	11.61	tp	0
2-AAAWAAWAAAYAAATWWWW	STREME-2	1.1e-005	peak_267	11.60	tp	0
2-AAAWAAWAAAYAAATWWWW	STREME-2	1.1e-005	peak_436	11.59	fp	0
2-AAAWAAWAAAYAAATWWWW	STREME-2	1.1e-005	peak_258	11.58	tp	0
2-AAAWAAWAAAYAAATWWWW	STREME-2	1.1e-005	peak_402	11.54	fp	0
2-AAAWAAWAAAYAAATWWWW	STREME-2	1.1e-005	peak_431	11.53	tp	0
2-AAAWAAWAAAYAAATWWWW	STREME-2	1.1e-005	peak_198	11.53	fp	1
2-AAAWAAWAAAYAAATWWWW	STREME-2	1.1e-005	peak_146	11.51	tp	0
2-AAAWAAWAAAYAAATWWWW	STREME-2	1.1e-005	peak_490	11.50	tp	0
2-AAAWAAWAAAYAAATWWWW	STREME-2	1.1e-005	peak_124	11.50	tp	0
2-AAAWAAWAAAYAAATWWWW	STREME-2	1.1e-005	peak_596	11.48	tp	0
2-AAAWAAWAAAYAAATWWWW	STREME-2	1.1e-005	peak_309	11.48	tp	0
2-AAAWAAWAAAYAAATWWWW	STREME-2	1.1e-005	peak_343	11.46	fp	0
2-AAAWAAWAAAYAAATWWWW	STREME-2	1.1e-005	peak_607	11.46	tp	0
2-AAAWAAWAAAYAAATWWWW	STREME-2	1.1e-005	peak_600	11.46	tp	0
2-AAAWAAWAAAYAAATWWWW	STREME-2	1.1e-005	peak_191	11.45	tp	0
2-AAAWAAWAAAYAAATWWWW	STREME-2	1.1e-005	peak_183	11.45	fp	0
2-AAAWAAWAAAYAAATWWWW	STREME-2	1.1e-005	peak_153	11.44	tp	0
2-AAAWAAWAAAYAAATWWWW	STREME-2	1.1e-005	peak_727	11.44	tp	0
2-AAAWAAWAAAYAAATWWWW	STREME-2	1.1e-005	peak_80	11.41	tp	0
2-AAAWAAWAAAYAAATWWWW	STREME-2	1.1e-005	peak_33	11.40	tp	0
2-AAAWAAWAAAYAAATWWWW	STREME-2	1.1e-005	peak_14	11.39	tp	0
2-AAAWAAWAAAYAAATWWWW	STREME-2	1.1e-005	peak_244	11.39	fp	1
2-AAAWAAWAAAYAAATWWWW	STREME-2	1.1e-005	peak_545	11.38	tp	0
2-AAAWAAWAAAYAAATWWWW	STREME-2	1.1e-005	peak_741	11.38	fp	0
2-AAAWAAWAAAYAAATWWWW	STREME-2	1.1e-005	peak_430	11.37	tp	0
2-AAAWAAWAAAYAAATWWWW	STREME-2	1.1e-005	peak_454	11.35	tp	0
2-AAAWAAWAAAYAAATWWWW	STREME-2	1.1e-005	peak_18	11.34	tp	0
2-AAAWAAWAAAYAAATWWWW	STREME-2	1.1e-005	peak_795	11.32	tp	0
2-AAAWAAWAAAYAAATWWWW	STREME-2	1.1e-005	peak_279	11.30	tp	0
2-AAAWAAWAAAYAAATWWWW	STREME-2	1.1e-005	peak_556	11.27	tp	0
2-AAAWAAWAAAYAAATWWWW	STREME-2	1.1e-005	peak_857	11.27	tp	1
2-AAAWAAWAAAYAAATWWWW	STREME-2	1.1e-005	peak_686	11.25	tp	0
2-AAAWAAWAAAYAAATWWWW	STREME-2	1.1e-005	peak_408	11.25	fp	1
2-AAAWAAWAAAYAAATWWWW	STREME-2	1.1e-005	peak_289	11.25	tp	0
2-AAAWAAWAAAYAAATWWWW	STREME-2	1.1e-005	peak_384	11.25	tp	0
2-AAAWAAWAAAYAAATWWWW	STREME-2	1.1e-005	peak_71	11.24	tp	0
2-AAAWAAWAAAYAAATWWWW	STREME-2	1.1e-005	peak_129	11.24	tp	0
2-AAAWAAWAAAYAAATWWWW	STREME-2	1.1e-005	peak_626	11.24	tp	0
2-AAAWAAWAAAYAAATWWWW	STREME-2	1.1e-005	peak_785	11.23	fp	0
2-AAAWAAWAAAYAAATWWWW	STREME-2	1.1e-005	peak_550	11.22	tp	0
2-AAAWAAWAAAYAAATWWWW	STREME-2	1.1e-005	peak_845	11.22	fp	0
2-AAAWAAWAAAYAAATWWWW	STREME-2	1.1e-005	peak_41	11.18	tp	0
2-AAAWAAWAAAYAAATWWWW	STREME-2	1.1e-005	peak_216	11.18	tp	0
2-AAAWAAWAAAYAAATWWWW	STREME-2	1.1e-005	peak_715	11.16	fp	0
2-AAAWAAWAAAYAAATWWWW	STREME-2	1.1e-005	peak_181	11.15	tp	0
2-AAAWAAWAAAYAAATWWWW	STREME-2	1.1e-005	peak_432	11.15	fp	0
2-AAAWAAWAAAYAAATWWWW	STREME-2	1.1e-005	peak_223	11.13	tp	0
2-AAAWAAWAAAYAAATWWWW	STREME-2	1.1e-005	peak_449	11.11	fp	0
2-AAAWAAWAAAYAAATWWWW	STREME-2	1.1e-005	peak_47	11.11	fp	0
2-AAAWAAWAAAYAAATWWWW	STREME-2	1.1e-005	peak_298	11.10	tp	0
2-AAAWAAWAAAYAAATWWWW	STREME-2	1.1e-005	peak_622	11.10	tp	0
2-AAAWAAWAAAYAAATWWWW	STREME-2	1.1e-005	peak_209	11.10	tp	0
2-AAAWAAWAAAYAAATWWWW	STREME-2	1.1e-005	peak_87	11.08	tp	0
2-AAAWAAWAAAYAAATWWWW	STREME-2	1.1e-005	peak_294	11.08	tp	0
2-AAAWAAWAAAYAAATWWWW	STREME-2	1.1e-005	peak_719	11.07	tp	0
2-AAAWAAWAAAYAAATWWWW	STREME-2	1.1e-005	peak_859	11.07	fp	1
2-AAAWAAWAAAYAAATWWWW	STREME-2	1.1e-005	peak_460	11.07	tp	0
2-AAAWAAWAAAYAAATWWWW	STREME-2	1.1e-005	peak_765	11.06	fp	0
2-AAAWAAWAAAYAAATWWWW	STREME-2	1.1e-005	peak_612	11.06	tp	0
2-AAAWAAWAAAYAAATWWWW	STREME-2	1.1e-005	peak_537	11.05	tp	0
2-AAAWAAWAAAYAAATWWWW	STREME-2	1.1e-005	peak_306	11.04	tp	0
2-AAAWAAWAAAYAAATWWWW	STREME-2	1.1e-005	peak_378	11.03	tp	0
2-AAAWAAWAAAYAAATWWWW	STREME-2	1.1e-005	peak_490	11.02	fp	1
2-AAAWAAWAAAYAAATWWWW	STREME-2	1.1e-005	peak_736	11.02	tp	0
2-AAAWAAWAAAYAAATWWWW	STREME-2	1.1e-005	peak_811	11.01	tp	0
2-AAAWAAWAAAYAAATWWWW	STREME-2	1.1e-005	peak_654	10.99	tp	0
2-AAAWAAWAAAYAAATWWWW	STREME-2	1.1e-005	peak_169	10.99	tp	0
2-AAAWAAWAAAYAAATWWWW	STREME-2	1.1e-005	peak_524	10.98	tp	0
2-AAAWAAWAAAYAAATWWWW	STREME-2	1.1e-005	peak_204	10.97	tp	1
2-AAAWAAWAAAYAAATWWWW	STREME-2	1.1e-005	peak_328	10.94	tp	0
2-AAAWAAWAAAYAAATWWWW	STREME-2	1.1e-005	peak_80	10.94	fp	0
2-AAAWAAWAAAYAAATWWWW	STREME-2	1.1e-005	peak_377	10.93	tp	0
2-AAAWAAWAAAYAAATWWWW	STREME-2	1.1e-005	peak_334	10.92	fp	0
2-AAAWAAWAAAYAAATWWWW	STREME-2	1.1e-005	peak_512	10.91	tp	0
2-AAAWAAWAAAYAAATWWWW	STREME-2	1.1e-005	peak_385	10.91	tp	0
2-AAAWAAWAAAYAAATWWWW	STREME-2	1.1e-005	peak_494	10.87	tp	0
2-AAAWAAWAAAYAAATWWWW	STREME-2	1.1e-005	peak_197	10.86	fp	0
2-AAAWAAWAAAYAAATWWWW	STREME-2	1.1e-005	peak_382	10.83	tp	0
2-AAAWAAWAAAYAAATWWWW	STREME-2	1.1e-005	peak_425	10.83	fp	0
2-AAAWAAWAAAYAAATWWWW	STREME-2	1.1e-005	peak_497	10.82	tp	0
2-AAAWAAWAAAYAAATWWWW	STREME-2	1.1e-005	peak_737	10.82	tp	0
2-AAAWAAWAAAYAAATWWWW	STREME-2	1.1e-005	peak_107	10.80	fp	1
2-AAAWAAWAAAYAAATWWWW	STREME-2	1.1e-005	peak_742	10.77	tp	0
2-AAAWAAWAAAYAAATWWWW	STREME-2	1.1e-005	peak_628	10.77	tp	0
2-AAAWAAWAAAYAAATWWWW	STREME-2	1.1e-005	peak_162	10.76	tp	0
2-AAAWAAWAAAYAAATWWWW	STREME-2	1.1e-005	peak_528	10.73	tp	0
2-AAAWAAWAAAYAAATWWWW	STREME-2	1.1e-005	peak_322	10.72	tp	0
2-AAAWAAWAAAYAAATWWWW	STREME-2	1.1e-005	peak_127	10.72	tp	0
2-AAAWAAWAAAYAAATWWWW	STREME-2	1.1e-005	peak_483	10.71	tp	0
#
3-YCGCTCTCYCTCYYKCYC	STREME-3	7.0e-005	peak_1	23.04	tp	0
3-YCGCTCTCYCTCYYKCYC	STREME-3	7.0e-005	peak_297	22.57	tp	0
3-YCGCTCTCYCTCYYKCYC	STREME-3	7.0e-005	peak_429	21.79	tp	0
3-YCGCTCTCYCTCYYKCYC	STREME-3	7.0e-005	peak_25	21.67	fp	0
3-YCGCTCTCYCTCYYKCYC	STREME-3	7.0e-005	peak_748	21.44	tp	0
3-YCGCTCTCYCTCYYKCYC	STREME-3	7.0e-005	peak_704	21.18	tp	0
3-YCGCTCTCYCTCYYKCYC	STREME-3	7.0e-005	peak_566	20.92	tp	0
3-YCGCTCTCYCTCYYKCYC	STREME-3	7.0e-005	peak_484	20.92	tp	1
3-YCGCTCTCYCTCYYKCYC	STREME-3	7.0e-005	peak_680	20.60	tp	0
3-YCGCTCTCYCTCYYKCYC	STREME-3	7.0e-005	peak_864	20.31	fp	0
3-YCGCTCTCYCTCYYKCYC	STREME-3	7.0e-005	peak_804	20.26	tp	0
3-YCGCTCTCYCTCYYKCYC	STREME-3	7.0e-005	peak_328	20.19	tp	0
3-YCGCTCTCYCTCYYKCYC	STREME-3	7.0e-005	peak_42	19.89	tp	0
3-YCGCTCTCYCTCYYKCYC	STREME-3	7.0e-005	peak_296	19.86	tp	0
3-YCGCTCTCYCTCYYKCYC	STREME-3	7.0e-005	peak_427	19.69	tp	0
3-YCGCTCTCYCTCYYKCYC	STREME-3	7.0e-005	peak_49	19.66	tp	0
3-YCGCTCTCYCTCYYKCYC	STREME-3	7.0e-005	peak_776	19.44	tp	0
3-YCGCTCTCYCTCYYKCYC	STREME-3	7.0e-005	peak_342	19.21	tp	0
3-YCGCTCTCYCTCYYKCYC	STREME-3	7.0e-005	peak_633	19.21	tp	0
3-YCGCTCTCYCTCYYKCYC	STREME-3	7.0e-005	peak_113	19.07	tp	0
3-YCGCTCTCYCTCYYKCYC	STREME-3	7.0e-005	peak_22	18.97	tp	0
3-YCGCTCTCYCTCYYKCYC	STREME-3	7.0e-005	peak_110	18.97	tp	0
3-YCGCTCTCYCTCYYKCYC	STREME-3	7.0e-005	peak_546	18.78	tp	1
3-YCGCTCTCYCTCYYKCYC	STREME-3	7.0e-005	peak_182	18.66	tp	1
3-YCGCTCTCYCTCYYKCYC	STREME-3	7.0e-005	peak_675	18.58	tp	0
3-YCGCTCTCYCTCYYKCYC	STREME-3	7.0e-005	peak_671	18.42	tp	0
3-YCGCTCTCYCTCYYKCYC	STREME-3	7.0e-005	peak_746	18.21	tp	0
3-YCGCTCTCYCTCYYKCYC	STREME-3	7.0e-005	peak_159	18.06	tp	0
3-YCGCTCTCYCTCYYKCYC	STREME-3	7.0e-005	peak_690	18.02	tp	0
3-YCGCTCTCYCTCYYKCYC	STREME-3	7.0e-005	peak_801	18.01	tp	0
3-YCGCTCTCYCTCYYKCYC	STREME-3	7.0e-005	peak_261	17.98	tp	0
3-YCGCTCTCYCTCYYKCYC	STREME-3	7.0e-005	peak_761	17.97	tp	0
3-YCGCTCTCYCTCYYKCYC	STREME-3	7.0e-005	peak_596	17.89	tp	0
3-YCGCTCTCYCTCYYKCYC	STREME-3	7.0e-005	peak_373	17.79	tp	0
3-YCGCTCTCYCTCYYKCYC	STREME-3	7.0e-005	peak_792	17.70	tp	0
3-YCGCTCTCYCTCYYKCYC	STREME-3	7.0e-005	peak_107	17.63	tp	0
3-YCGCTCTCYCTCYYKCYC	STREME-3	7.0e-005	peak_197	17.51	tp	0
3-YCGCTCTCYCTCYYKCYC	STREME-3	7.0e-005	peak_223	17.44	tp	0
3-YCGCTCTCYCTCYYKCYC	STREME-3	7.0e-005	peak_258	17.35	tp	0
3-YCGCTCTCYCTCYYKCYC	STREME-3	7.0e-005	peak_554	17.34	tp	0
3-YCGCTCTCYCTCYYKCYC	STREME-3	7.0e-005	peak_720	17.34	tp	1
3-YCGCTCTCYCTCYYKCYC	STREME-3	7.0e-005	peak_69	17.23	tp	0
3-YCGCTCTCYCTCYYKCYC	STREME-3	7.0e-005	peak_803	17.15	tp	0
3-YCGCTCTCYCTCYYKCYC	STREME-3	7.0e-005	peak_73	17.14	tp	0
3-YCGCTCTCYCTCYYKCYC	STREME-3	7.0e-005	peak_126	17.12	tp	0
3-YCGCTCTCYCTCYYKCYC	STREME-3	7.0e-005	peak_544	17.00	tp	0
3-YCGCTCTCYCTCYYKCYC	STREME-3	7.0e-005	peak_407	16.96	tp	0
3-YCGCTCTCYCTCYYKCYC	STREME-3	7.0e-005	peak_733	16.91	tp	0
3-YCGCTCTCYCTCYYKCYC	STREME-3	7.0e-005	peak_793	16.76	tp	0
3-YCGCTCTCYCTCYYKCYC	STREME-3	7.0e-005	peak_795	16.74	tp	0
3-YCGCTCTCYCTCYYKCYC	STREME-3	7.0e-005	peak_753	16.49	tp	0
3-YCGCTCTCYCTCYYKCYC	STREME-3	7.0e-005	peak_229	16.48	tp	0
3-YCGCTCTCYCTCYYKCYC	STREME-3	7.0e-005	peak_68	16.45	tp	0
3-YCGCTCTCYCTCYYKCYC	STREME-3	7.0e-005	peak_794	16.32	tp	0
3-YCGCTCTCYCTCYYKCYC	STREME-3	7.0e-005	peak_597	16.28	tp	0
3-YCGCTCTCYCTCYYKCYC	STREME-3	7.0e-005	peak_62	16.25	fp	0
3-YCGCTCTCYCTCYYKCYC	STREME-3	7.0e-005	peak_364	16.10	tp	0
3-YCGCTCTCYCTCYYKCYC	STREME-3	7.0e-005	peak_425	16.08	tp	0
3-YCGCTCTCYCTCYYKCYC	STREME-3	7.0e-005	peak_201	16.06	tp	0
3-YCGCTCTCYCTCYYKCYC	STREME-3	7.0e-005	peak_722	16.01	tp	1
3-YCGCTCTCYCTCYYKCYC	STREME-3	7.0e-005	peak_193	15.97	tp	0
3-YCGCTCTCYCTCYYKCYC	STREME-3	7.0e-005	peak_642	15.96	tp	0
3-YCGCTCTCYCTCYYKCYC	STREME-3	7.0e-005	peak_195	15.91	tp	0
3-YCGCTCTCYCTCYYKCYC	STREME-3	7.0e-005	peak_431	15.83	tp	0
3-YCGCTCTCYCTCYYKCYC	STREME-3	7.0e-005	peak_48	15.80	tp	0
3-YCGCTCTCYCTCYYKCYC	STREME-3	7.0e-005	peak_374	15.71	tp	0
3-YCGCTCTCYCTCYYKCYC	STREME-3	7.0e-005	peak_788	15.69	tp	0
3-YCGCTCTCYCTCYYKCYC	STREME-3	7.0e-005	peak_219	15.68	tp	0
3-YCGCTCTCYCTCYYKCYC	STREME-3	7.0e-005	peak_57	15.65	tp	0
3-YCGCTCTCYCTCYYKCYC	STREME-3	7.0e-005	peak_712	15.61	tp	0
3-YCGCTCTCYCTCYYKCYC	STREME-3	7.0e-005	peak_283	15.55	tp	0
3-YCGCTCTCYCTCYYKCYC	STREME-3	7.0e-005	peak_240	15.55	tp	0
3-YCGCTCTCYCTCYYKCYC	STREME-3	7.0e-005	peak_730	15.49	tp	0
3-YCGCTCTCYCTCYYKCYC	STREME-3	7.0e-005	peak_557	15.47	tp	0
3-YCGCTCTCYCTCYYKCYC	STREME-3	7.0e-005	peak_334	15.46	tp	0
3-YCGCTCTCYCTCYYKCYC	STREME-3	7.0e-005	peak_248	15.44	tp	0
3-YCGCTCTCYCTCYYKCYC	STREME-3	7.0e-005	peak_348	15.40	tp	0
3-YCGCTCTCYCTCYYKCYC	STREME-3	7.0e-005	peak_764	15.32	tp	0
3-YCGCTCTCYCTCYYKCYC	STREME-3	7.0e-005	peak_360	15.27	tp	0
3-YCGCTCTCYCTCYYKCYC	STREME-3	7.0e-005	peak_669	15.25	tp	0
3-YCGCTCTCYCTCYYKCYC	STREME-3	7.0e-005	peak_60	15.22	tp	1
3-YCGCTCTCYCTCYYKCYC	STREME-3	7.0e-005	peak_530	15.14	tp	0
3-YCGCTCTCYCTCYYKCYC	STREME-3	7.0e-005	peak_336	15.10	tp	0
3-YCGCTCTCYCTCYYKCYC	STREME-3	7.0e-005	peak_828	15.10	tp	0
3-YCGCTCTCYCTCYYKCYC	STREME-3	7.0e-005	peak_252	15.04	tp	0
3-YCGCTCTCYCTCYYKCYC	STREME-3	7.0e-005	peak_663	15.00	tp	0
3-YCGCTCTCYCTCYYKCYC	STREME-3	7.0e-005	peak_752	14.92	tp	1
3-YCGCTCTCYCTCYYKCYC	STREME-3	7.0e-005	peak_284	14.89	tp	1
3-YCGCTCTCYCTCYYKCYC	STREME-3	7.0e-005	peak_778	14.87	tp	0
3-YCGCTCTCYCTCYYKCYC	STREME-3	7.0e-005	peak_709	14.80	tp	0
3-YCGCTCTCYCTCYYKCYC	STREME-3	7.0e-005	peak_236	14.68	tp	0
3-YCGCTCTCYCTCYYKCYC	STREME-3	7.0e-005	peak_393	14.64	tp	0
3-YCGCTCTCYCTCYYKCYC	STREME-3	7.0e-005	peak_784	14.63	tp	0
3-YCGCTCTCYCTCYYKCYC	STREME-3	7.0e-005	peak_54	14.58	fp	1
3-YCGCTCTCYCTCYYKCYC	STREME-3	7.0e-005	peak_420	14.58	tp	0
3-YCGCTCTCYCTCYYKCYC	STREME-3	7.0e-005	peak_526	14.45	tp	0
3-YCGCTCTCYCTCYYKCYC	STREME-3	7.0e-005	peak_281	14.45	tp	0
3-YCGCTCTCYCTCYYKCYC	STREME-3	7.0e-005	peak_727	14.42	tp	0
3-YCGCTCTCYCTCYYKCYC	STREME-3	7.0e-005	peak_791	14.35	tp	0
3-YCGCTCTCYCTCYYKCYC	STREME-3	7.0e-005	peak_603	14.34	tp	0
3-YCGCTCTCYCTCYYKCYC	STREME-3	7.0e-005	peak_77	14.30	tp	0
3-YCGCTCTCYCTCYYKCYC	STREME-3	7.0e-005	peak_576	14.20	tp	0
3-YCGCTCTCYCTCYYKCYC	STREME-3	7.0e-005	peak_109	14.17	tp	0
3-YCGCTCTCYCTCYYKCYC	STREME-3	7.0e-005	peak_416	14.14	tp	1
3-YCGCTCTCYCTCYYKCYC	STREME-3	7.0e-005	peak_320	14.14	tp	0
3-YCGCTCTCYCTCYYKCYC	STREME-3	7.0e-005	peak_442	14.09	tp	0
3-YCGCTCTCYCTCYYKCYC	STREME-3	7.0e-005	peak_380	14.08	tp	1
3-YCGCTCTCYCTCYYKCYC	STREME-3	7.0e-005	peak_742	14.03	fp	0
3-YCGCTCTCYCTCYYKCYC	STREME-3	7.0e-005	peak_583	14.00	tp	0
3-YCGCTCTCYCTCYYKCYC	STREME-3	7.0e-005	peak_459	13.94	tp	0
3-YCGCTCTCYCTCYYKCYC	STREME-3	7.0e-005	peak_469	13.93	tp	0
3-YCGCTCTCYCTCYYKCYC	STREME-3	7.0e-005	peak_815	13.93	tp	0
3-YCGCTCTCYCTCYYKCYC	STREME-3	7.0e-005	peak_711	13.88	tp	1
3-YCGCTCTCYCTCYYKCYC	STREME-3	7.0e-005	peak_571	13.73	fp	0
3-YCGCTCTCYCTCYYKCYC	STREME-3	7.0e-005	peak_601	13.71	fp	0
3-YCGCTCTCYCTCYYKCYC	STREME-3	7.0e-005	peak_158	13.70	tp	0
3-YCGCTCTCYCTCYYKCYC	STREME-3	7.0e-005	peak_184	13.70	fp	0
3-YCGCTCTCYCTCYYKCYC	STREME-3	7.0e-005	peak_698	13.69	tp	1
3-YCGCTCTCYCTCYYKCYC	STREME-3	7.0e-005	peak_345	13.69	fp	0
3-YCGCTCTCYCTCYYKCYC	STREME-3	7.0e-005	peak_250	13.68	tp	0
3-YCGCTCTCYCTCYYKCYC	STREME-3	7.0e-005	peak_485	13.67	tp	0
3-YCGCTCTCYCTCYYKCYC	STREME-3	7.0e-005	peak_214	13.67	fp	0
3-YCGCTCTCYCTCYYKCYC	STREME-3	7.0e-005	peak_98	13.66	tp	0
3-YCGCTCTCYCTCYYKCYC	STREME-3	7.0e-005	peak_487	13.66	tp	0
3-YCGCTCTCYCTCYYKCYC	STREME-3	7.0e-005	peak_263	13.65	tp	0
3-YCGCTCTCYCTCYYKCYC	STREME-3	7.0e-005	peak_363	13.63	tp	0
3-YCGCTCTCYCTCYYKCYC	STREME-3	7.0e-005	peak_267	13.57	tp	0
3-YCGCTCTCYCTCYYKCYC	STREME-3	7.0e-005	peak_647	13.53	tp	0
3-YCGCTCTCYCTCYYKCYC	STREME-3	7.0e-005	peak_739	13.43	fp	0
3-YCGCTCTCYCTCYYKCYC	STREME-3	7.0e-005	peak_410	13.38	tp	0
3-YCGCTCTCYCTCYYKCYC	STREME-3	7.0e-005	peak_567	13.37	tp	0
3-YCGCTCTCYCTCYYKCYC	STREME-3	7.0e-005	peak_78	13.37	tp	0
3-YCGCTCTCYCTCYYKCYC	STREME-3	7.0e-005	peak_755	13.33	tp	0
3-YCGCTCTCYCTCYYKCYC	STREME-3	7.0e-005	peak_228	13.29	tp	1
3-YCGCTCTCYCTCYYKCYC	STREME-3	7.0e-005	peak_244	13.29	tp	0
3-YCGCTCTCYCTCYYKCYC	STREME-3	7.0e-005	peak_856	13.26	tp	0
3-YCGCTCTCYCTCYYKCYC	STREME-3	7.0e-005	peak_224	13.21	tp	1
3-YCGCTCTCYCTCYYKCYC	STREME-3	7.0e-005	peak_226	13.18	tp	0
3-YCGCTCTCYCTCYYKCYC	STREME-3	7.0e-005	peak_480	13.14	tp	0
3-YCGCTCTCYCTCYYKCYC	STREME-3	7.0e-005	peak_327	13.12	tp	0
3-YCGCTCTCYCTCYYKCYC	STREME-3	7.0e-005	peak_245	13.10	tp	0
3-YCGCTCTCYCTCYYKCYC	STREME-3	7.0e-005	peak_848	13.03	tp	0
3-YCGCTCTCYCTCYYKCYC	STREME-3	7.0e-005	peak_561	13.01	tp	0
3-YCGCTCTCYCTCYYKCYC	STREME-3	7.0e-005	peak_472	12.89	fp	0
3-YCGCTCTCYCTCYYKCYC	STREME-3	7.0e-005	peak_808	12.88	tp	0
3-YCGCTCTCYCTCYYKCYC	STREME-3	7.0e-005	peak_747	12.81	fp	0
3-YCGCTCTCYCTCYYKCYC	STREME-3	7.0e-005	peak_104	12.81	tp	0
3-YCGCTCTCYCTCYYKCYC	STREME-3	7.0e-005	peak_239	12.80	tp	0
3-YCGCTCTCYCTCYYKCYC	STREME-3	7.0e-005	peak_399	12.74	fp	0
3-YCGCTCTCYCTCYYKCYC	STREME-3	7.0e-005	peak_821	12.72	tp	0
3-YCGCTCTCYCTCYYKCYC	STREME-3	7.0e-005	peak_331	12.68	tp	0
3-YCGCTCTCYCTCYYKCYC	STREME-3	7.0e-005	peak_502	12.64	fp	0
3-YCGCTCTCYCTCYYKCYC	STREME-3	7.0e-005	peak_358	12.64	tp	0
3-YCGCTCTCYCTCYYKCYC	STREME-3	7.0e-005	peak_628	12.56	tp	0
3-YCGCTCTCYCTCYYKCYC	STREME-3	7.0e-005	peak_721	12.49	tp	0
3-YCGCTCTCYCTCYYKCYC	STREME-3	7.0e-005	peak_584	12.48	tp	0
3-YCGCTCTCYCTCYYKCYC	STREME-3	7.0e-005	peak_274	12.44	tp	0
3-YCGCTCTCYCTCYYKCYC	STREME-3	7.0e-005	peak_440	12.40	tp	0
3-YCGCTCTCYCTCYYKCYC	STREME-3	7.0e-005	peak_681	12.39	tp	1
3-YCGCTCTCYCTCYYKCYC	STREME-3	7.0e-005	peak_621	12.38	tp	0
3-YCGCTCTCYCTCYYKCYC	STREME-3	7.0e-005	peak_242	12.35	tp	0
3-YCGCTCTCYCTCYYKCYC	STREME-3	7.0e-005	peak_128	12.35	tp	0
3-YCGCTCTCYCTCYYKCYC	STREME-3	7.0e-005	peak_646	12.33	fp	0
3-YCGCTCTCYCTCYYKCYC	STREME-3	7.0e-005	peak_679	12.32	tp	0
3-YCGCTCTCYCTCYYKCYC	STREME-3	7.0e-005	peak_535	12.29	tp	0
3-YCGCTCTCYCTCYYKCYC	STREME-3	7.0e-005	peak_496	12.27	tp	0
3-YCGCTCTCYCTCYYKCYC	STREME-3	7.0e-005	peak_515	12.26	tp	0
3-YCGCTCTCYCTCYYKCYC	STREME-3	7.0e-005	peak_293	12.20	tp	0
3-YCGCTCTCYCTCYYKCYC	STREME-3	7.0e-005	peak_454	12.19	tp	0
3-YCGCTCTCYCTCYYKCYC	STREME-3	7.0e-005	peak_565	12.18	tp	0
3-YCGCTCTCYCTCYYKCYC	STREME-3	7.0e-005	peak_617	12.10	tp	0
3-YCGCTCTCYCTCYYKCYC	STREME-3	7.0e-005	peak_164	12.06	tp	0
3-YCGCTCTCYCTCYYKCYC	STREME-3	7.0e-005	peak_520	12.05	tp	0
3-YCGCTCTCYCTCYYKCYC	STREME-3	7.0e-005	peak_759	12.03	tp	0
3-YCGCTCTCYCTCYYKCYC	STREME-3	7.0e-005	peak_461	11.99	tp	0
3-YCGCTCTCYCTCYYKCYC	STREME-3	7.0e-005	peak_84	11.98	fp	0
3-YCGCTCTCYCTCYYKCYC	STREME-3	7.0e-005	peak_528	11.96	tp	0
3-YCGCTCTCYCTCYYKCYC	STREME-3	7.0e-005	peak_437	11.96	tp	0
3-YCGCTCTCYCTCYYKCYC	STREME-3	7.0e-005	peak_718	11.95	tp	0
3-YCGCTCTCYCTCYYKCYC	STREME-3	7.0e-005	peak_533	11.90	tp	0
3-YCGCTCTCYCTCYYKCYC	STREME-3	7.0e-005	peak_500	11.90	fp	0
3-YCGCTCTCYCTCYYKCYC	STREME-3	7.0e-005	peak_558	11.87	tp	0
3-YCGCTCTCYCTCYYKCYC	STREME-3	7.0e-005	peak_169	11.81	tp	0
3-YCGCTCTCYCTCYYKCYC	STREME-3	7.0e-005	peak_369	11.79	tp	0
3-YCGCTCTCYCTCYYKCYC	STREME-3	7.0e-005	peak_474	11.76	tp	1
3-YCGCTCTCYCTCYYKCYC	STREME-3	7.0e-005	peak_562	11.74	tp	0
3-YCGCTCTCYCTCYYKCYC	STREME-3	7.0e-005	peak_715	11.73	tp	0
3-YCGCTCTCYCTCYYKCYC	STREME-3	7.0e-005	peak_388	11.73	tp	0
#
4-GCACAGTGGGVMMD	STREME-4	1.6e-004	peak_49	21.73	tp	0
4-GCACAGTGGGVMMD	STREME-4	1.6e-004	peak_851	21.73	tp	0
4-GCACAGTGGGVMMD	STREME-4	1.6e-004	peak_772	21.05	tp	0
4-GCACAGTGGGVMMD	STREME-4	1.6e-004	peak_816	21.05	tp	0
4-GCACAGTGGGVMMD	STREME-4	1.6e-004	peak_675	20.99	tp	0
4-GCACAGTGGGVMMD	STREME-4	1.6e-004	peak_57	20.99	tp	0
4-GCACAGTGGGVMMD	STREME-4	1.6e-004	peak_197	20.96	tp	0
4-GCACAGTGGGVMMD	STREME-4	1.6e-004	peak_773	20.52	tp	0
4-GCACAGTGGGVMMD	STREME-4	1.6e-004	peak_681	20.32	tp	1
4-GCACAGTGGGVMMD	STREME-4	1.6e-004	peak_850	20.06	tp	0
4-GCACAGTGGGVMMD	STREME-4	1.6e-004	peak_754	20.06	tp	0
4-GCACAGTGGGVMMD	STREME-4	1.6e-004	peak_52	19.96	tp	0
4-GCACAGTGGGVMMD	STREME-4	1.6e-004	peak_683	19.73	tp	0
4-GCACAGTGGGVMMD	STREME-4	1.6e-004	peak_164	19.72	tp	0
4-GCACAGTGGGVMMD	STREME-4	1.6e-004	peak_645	19.47	tp	1
4-GCACAGTGGGVMMD	STREME-4	1.6e-004	peak_548	19.45	tp	0
4-GCACAGTGGGVMMD	STREME-4	1.6e-004	peak_506	19.41	tp	1
4-GCACAGTGGGVMMD	STREME-4	1.6e-004	peak_780	19.31	tp	0
4-GCACAGTGGGVMMD	STREME-4	1.6e-004	peak_214	19.10	tp	0
4-GCACAGTGGGVMMD	STREME-4	1.6e-004	peak_70	19.08	tp	0
4-GCACAGTGGGVMMD	STREME-4	1.6e-004	peak_271	19.05	tp	0
4-GCACAGTGGGVMMD	STREME-4	1.6e-004	peak_1	19.03	tp	0
4-GCACAGTGGGVMMD	STREME-4	1.6e-004	peak_193	18.92	tp	0
4-GCACAGTGGGVMMD	STREME-4	1.6e-004	peak_491	18.81	tp	0
4-GCACAGTGGGVMMD	STREME-4	1.6e-004	peak_54	18.75	tp	0
4-GCACAGTGGGVMMD	STREME-4	1.6e-004	peak_785	18.55	tp	0
4-GCACAGTGGGVMMD	STREME-4	1.6e-004	peak_213	18.40	tp	0
4-GCACAGTGGGVMMD	STREME-4	1.6e-004	peak_105	18.38	tp	0
4-GCACAGTGGGVMMD	STREME-4	1.6e-004	peak_759	18.22	tp	0
4-GCACAGTGGGVMMD	STREME-4	1.6e-004	peak_198	18.06	tp	0
4-GCACAGTGGGVMMD	STREME-4	1.6e-004	peak_864	17.98	tp	0
4-GCACAGTGGGVMMD	STREME-4	1.6e-004	peak_570	17.98	tp	1
4-GCACAGTGGGVMMD	STREME-4	1.6e-004	peak_596	17.98	tp	0
4-GCACAGTGGGVMMD	STREME-4	1.6e-004	peak_733	17.98	tp	0
4-GCACAGTGGGVMMD	STREME-4	1.6e-004	peak_440	17.97	tp	0
4-GCACAGTGGGVMMD	STREME-4	1.6e-004	peak_592	17.89	tp	0
4-GCACAGTGGGVMMD	STREME-4	1.6e-004	peak_815	17.89	tp	0
4-GCACAGTGGGVMMD	STREME-4	1.6e-004	peak_274	17.87	tp	0
4-GCACAGTGGGVMMD	STREME-4	1.6e-004	peak_65	17.87	tp	0
4-GCACAGTGGGVMMD	STREME-4	1.6e-004	peak_657	17.85	tp	0
4-GCACAGTGGGVMMD	STREME-4	1.6e-004	peak_748	17.83	tp	0
4-GCACAGTGGGVMMD	STREME-4	1.6e-004	peak_210	17.80	tp	0
4-GCACAGTGGGVMMD	STREME-4	1.6e-004	peak_515	17.72	tp	0
4-GCACAGTGGGVMMD	STREME-4	1.6e-004	peak_255	17.72	tp	0
4-GCACAGTGGGVMMD	STREME-4	1.6e-004	peak_648	17.63	tp	0
4-GCACAGTGGGVMMD	STREME-4	1.6e-004	peak_135	17.48	tp	0
4-GCACAGTGGGVMMD	STREME-4	1.6e-004	peak_852	17.47	fp	0
4-GCACAGTGGGVMMD	STREME-4	1.6e-004	peak_791	17.42	tp	0
4-GCACAGTGGGVMMD	STREME-4	1.6e-004	peak_563	17.41	tp	0
4-GCACAGTGGGVMMD	STREME-4	1.6e-004	peak_39	17.22	tp	0
4-GCACAGTGGGVMMD	STREME-4	1.6e-004	peak_673	17.19	tp	0
4-GCACAGTGGGVMMD	STREME-4	1.6e-004	peak_102	17.18	tp	0
4-GCACAGTGGGVMMD	STREME-4	1.6e-004	peak_252	17.16	tp	0
4-GCACAGTGGGVMMD	STREME-4	1.6e-004	peak_181	17.11	tp	0
4-GCACAGTGGGVMMD	STREME-4	1.6e-004	peak_809	17.07	tp	0
4-GCACAGTGGGVMMD	STREME-4	1.6e-004	peak_867	16.96	tp	0
4-GCACAGTGGGVMMD	STREME-4	1.6e-004	peak_536	16.52	tp	0
4-GCACAGTGGGVMMD	STREME-4	1.6e-004	peak_498	16.35	tp	0
4-GCACAGTGGGVMMD	STREME-4	1.6e-004	peak_345	16.32	tp	0
4-GCACAGTGGGVMMD	STREME-4	1.6e-004	peak_422	16.31	tp	0
4-GCACAGTGGGVMMD	STREME-4	1.6e-004	peak_209	16.29	tp	0
4-GCACAGTGGGVMMD	STREME-4	1.6e-004	peak_831	16.29	tp	0
4-GCACAGTGGGVMMD	STREME-4	1.6e-004	peak_643	16.25	tp	0
4-GCACAGTGGGVMMD	STREME-4	1.6e-004	peak_140	16.23	tp	0
4-GCACAGTGGGVMMD	STREME-4	1.6e-004	peak_700	16.22	tp	0
4-GCACAGTGGGVMMD	STREME-4	1.6e-004	peak_99	16.12	tp	0
4-GCACAGTGGGVMMD	STREME-4	1.6e-004	peak_373	16.12	tp	0
4-GCACAGTGGGVMMD	STREME-4	1.6e-004	peak_834	16.00	tp	0
4-GCACAGTGGGVMMD	STREME-4	1.6e-004	peak_28	15.94	tp	0
4-GCACAGTGGGVMMD	STREME-4	1.6e-004	peak_495	15.93	tp	0
4-GCACAGTGGGVMMD	STREME-4	1.6e-004	peak_668	15.91	tp	0
4-GCACAGTGGGVMMD	STREME-4	1.6e-004	peak_239	15.85	tp	0
4-GCACAGTGGGVMMD	STREME-4	1.6e-004	peak_674	15.83	tp	1
4-GCACAGTGGGVMMD	STREME-4	1.6e-004	peak_423	15.80	tp	0
4-GCACAGTGGGVMMD	STREME-4	1.6e-004	peak_403	15.78	tp	0
4-GCACAGTGGGVMMD	STREME-4	1.6e-004	peak_91	15.74	tp	0
4-GCACAGTGGGVMMD	STREME-4	1.6e-004	peak_317	15.72	tp	0
4-GCACAGTGGGVMMD	STREME-4	1.6e-004	peak_448	15.71	tp	0
4-GCACAGTGGGVMMD	STREME-4	1.6e-004	peak_600	15.64	tp	0
4-GCACAGTGGGVMMD	STREME-4	1.6e-004	peak_244	15.60	tp	0
4-GCACAGTGGGVMMD	STREME-4	1.6e-004	peak_522	15.57	tp	1
4-GCACAGTGGGVMMD	STREME-4	1.6e-004	peak_833	15.39	tp	0
4-GCACAGTGGGVMMD	STREME-4	1.6e-004	peak_449	15.38	tp	0
4-GCACAGTGGGVMMD	STREME-4	1.6e-004	peak_677	15.36	tp	0
4-GCACAGTGGGVMMD	STREME-4	1.6e-004	peak_18	15.29	tp	0
4-GCACAGTGGGVMMD	STREME-4	1.6e-004	peak_680	15.25	tp	0
4-GCACAGTGGGVMMD	STREME-4	1.6e-004	peak_823	15.19	tp	0
4-GCACAGTGGGVMMD	STREME-4	1.6e-004	peak_153	15.08	tp	0
4-GCACAGTGGGVMMD	STREME-4	1.6e-004	peak_218	15.04	tp	0
4-GCACAGTGGGVMMD	STREME-4	1.6e-004	peak_184	15.04	tp	0
4-GCACAGTGGGVMMD	STREME-4	1.6e-004	peak_844	15.03	fp	0
4-GCACAGTGGGVMMD	STREME-4	1.6e-004	peak_433	15.02	tp	0
4-GCACAGTGGGVMMD	STREME-4	1.6e-004	peak_572	14.88	tp	0
4-GCACAGTGGGVMMD	STREME-4	1.6e-004	peak_358	14.78	tp	0
4-GCACAGTGGGVMMD	STREME-4	1.6e-004	peak_83	14.76	tp	0
4-GCACAGTGGGVMMD	STREME-4	1.6e-004	peak_295	14.76	tp	0
4-GCACAGTGGGVMMD	STREME-4	1.6e-004	peak_786	14.72	tp	0
4-GCACAGTGGGVMMD	STREME-4	1.6e-004	peak_817	14.69	tp	0
4-GCACAGTGGGVMMD	STREME-4	1.6e-004	peak_171	14.60	tp	0
4-GCACAGTGGGVMMD	STREME-4	1.6e-004	peak_446	14.59	tp	0
4-GCACAGTGGGVMMD	STREME-4	1.6e-004	peak_755	14.58	tp	0
4-GCACAGTGGGVMMD	STREME-4	1.6e-004	peak_316	14.54	tp	0
4-GCACAGTGGGVMMD	STREME-4	1.6e-004	peak_502	14.54	tp	0
4-GCACAGTGGGVMMD	STREME-4	1.6e-004	peak_798	14.53	tp	0
4-GCACAGTGGGVMMD	STREME-4	1.6e-004	peak_615	14.50	tp	0
4-GCACAGTGGGVMMD	STREME-4	1.6e-004	peak_59	14.45	tp	0
4-GCACAGTGGGVMMD	STREME-4	1.6e-004	peak_92	14.42	tp	0
4-GCACAGTGGGVMMD	STREME-4	1.6e-004	peak_223	14.42	fp	0
4-GCACAGTGGGVMMD	STREME-4	1.6e-004	peak_635	14.41	tp	0
4-GCACAGTGGGVMMD	STREME-4	1.6e-004	peak_690	14.41	fp	0
4-GCACAGTGGGVMMD	STREME-4	1.6e-004	peak_276	14.40	tp	0
4-GCACAGTGGGVMMD	STREME-4	1.6e-004	peak_725	14.37	tp	0
4-GCACAGTGGGVMMD	STREME-4	1.6e-004	peak_720	14.36	tp	1
4-GCACAGTGGGVMMD	STREME-4	1.6e-004	peak_350	14.24	tp	0
4-GCACAGTGGGVMMD	STREME-4	1.6e-004	peak_859	14.21	tp	0
4-GCACAGTGGGVMMD	STREME-4	1.6e-004	peak_796	14.19	tp	0
4-GCACAGTGGGVMMD	STREME-4	1.6e-004	peak_790	14.09	tp	0
4-GCACAGTGGGVMMD	STREME-4	1.6e-004	peak_392	14.09	fp	0
4-GCACAGTGGGVMMD	STREME-4	1.6e-004	peak_660	14.06	tp	0
4-GCACAGTGGGVMMD	STREME-4	1.6e-004	peak_512	14.04	tp	0
4-GCACAGTGGGVMMD	STREME-4	1.6e-004	peak_545	13.99	tp	0
4-GCACAGTGGGVMMD	STREME-4	1.6e-004	peak_727	13.99	tp	0
4-GCACAGTGGGVMMD	STREME-4	1.6e-004	peak_663	13.99	tp	0
4-GCACAGTGGGVMMD	STREME-4	1.6e-004	peak_747	13.96	tp	0
4-GCACAGTGGGVMMD	STREME-4	1.6e-004	peak_472	13.96	tp	0
4-GCACAGTGGGVMMD	STREME-4	1.6e-004	peak_329	13.95	tp	0
4-GCACAGTGGGVMMD	STREME-4	1.6e-004	peak_451	13.95	tp	0
4-GCACAGTGGGVMMD	STREME-4	1.6e-004	peak_820	13.95	tp	0
4-GCACAGTGGGVMMD	STREME-4	1.6e-004	peak_679	13.91	tp	0
4-GCACAGTGGGVMMD	STREME-4	1.6e-004	peak_709	13.85	tp	0
4-GCACAGTGGGVMMD	STREME-4	1.6e-004	peak_340	13.85	tp	0
4-GCACAGTGGGVMMD	STREME-4	1.6e-004	peak_117	13.83	tp	0
4-GCACAGTGGGVMMD	STREME-4	1.6e-004	peak_361	13.76	tp	0
4-GCACAGTGGGVMMD	STREME-4	1.6e-004	peak_797	13.76	tp	0
4-GCACAGTGGGVMMD	STREME-4	1.6e-004	peak_544	13.73	fp	0
4-GCACAGTGGGVMMD	STREME-4	1.6e-004	peak_471	13.61	tp	0
4-GCACAGTGGGVMMD	STREME-4	1.6e-004	peak_671	13.57	tp	0
4-GCACAGTGGGVMMD	STREME-4	1.6e-004	peak_585	13.55	tp	1
4-GCACAGTGGGVMMD	STREME-4	1.6e-004	peak_410	13.53	tp	0
4-GCACAGTGGGVMMD	STREME-4	1.6e-004	peak_90	13.51	tp	0
4-GCACAGTGGGVMMD	STREME-4	1.6e-004	peak_719	13.50	tp	0
4-GCACAGTGGGVMMD	STREME-4	1.6e-004	peak_130	13.49	tp	1
4-GCACAGTGGGVMMD	STREME-4	1.6e-004	peak_301	13.48	tp	0
4-GCACAGTGGGVMMD	STREME-4	1.6e-004	peak_558	13.47	tp	0
4-GCACAGTGGGVMMD	STREME-4	1.6e-004	peak_360	13.38	tp	0
4-GCACAGTGGGVMMD	STREME-4	1.6e-004	peak_801	13.36	tp	0
4-GCACAGTGGGVMMD	STREME-4	1.6e-004	peak_7	13.31	tp	0
4-GCACAGTGGGVMMD	STREME-4	1.6e-004	peak_805	13.28	tp	0
4-GCACAGTGGGVMMD	STREME-4	1.6e-004	peak_37	13.27	tp	0
4-GCACAGTGGGVMMD	STREME-4	1.6e-004	peak_43	13.26	tp	0
4-GCACAGTGGGVMMD	STREME-4	1.6e-004	peak_109	13.24	tp	0
4-GCACAGTGGGVMMD	STREME-4	1.6e-004	peak_110	13.21	tp	0
4-GCACAGTGGGVMMD	STREME-4	1.6e-004	peak_248	13.17	fp	0
4-GCACAGTGGGVMMD	STREME-4	1.6e-004	peak_206	13.14	tp	1
4-GCACAGTGGGVMMD	STREME-4	1.6e-004	peak_347	13.10	tp	0
4-GCACAGTGGGVMMD	STREME-4	1.6e-004	peak_632	13.10	tp	0
4-GCACAGTGGGVMMD	STREME-4	1.6e-004	peak_602	13.09	fp	0
4-GCACAGTGGGVMMD	STREME-4	1.6e-004	peak_178	13.09	tp	0
4-GCACAGTGGGVMMD	STREME-4	1.6e-004	peak_606	13.06	tp	0
4-GCACAGTGGGVMMD	STREME-4	1.6e-004	peak_16	13.05	tp	0
4-GCACAGTGGGVMMD	STREME-4	1.6e-004	peak_74	13.03	tp	0
4-GCACAGTGGGVMMD	STREME-4	1.6e-004	peak_387	13.03	tp	0
4-GCACAGTGGGVMMD	STREME-4	1.6e-004	peak_302	13.01	tp	0
4-GCACAGTGGGVMMD	STREME-4	1.6e-004	peak_323	12.99	tp	0
4-GCACAGTGGGVMMD	STREME-4	1.6e-004	peak_392	12.93	tp	0
4-GCACAGTGGGVMMD	STREME-4	1.6e-004	peak_434	12.92	tp	0
4-GCACAGTGGGVMMD	STREME-4	1.6e-004	peak_119	12.86	tp	0
4-GCACAGTGGGVMMD	STREME-4	1.6e-004	peak_822	12.82	tp	0
4-GCACAGTGGGVMMD	STREME-4	1.6e-004	peak_228	12.82	tp	1
4-GCACAGTGGGVMMD	STREME-4	1.6e-004	peak_133	12.77	tp	1
4-GCACAGTGGGVMMD	STREME-4	1.6e-004	peak_196	12.74	tp	0
4-GCACAGTGGGVMMD	STREME-4	1.6e-004	peak_542	12.73	tp	0
4-GCACAGTGGGVMMD	STREME-4	1.6e-004	peak_452	12.68	tp	0
4-GCACAGTGGGVMMD	STREME-4	1.6e-004	peak_591	12.54	tp	0
4-GCACAGTGGGVMMD	STREME-4	1.6e-004	peak_742	12.48	tp	0
4-GCACAGTGGGVMMD	STREME-4	1.6e-004	peak_394	12.43	tp	0
4-GCACAGTGGGVMMD	STREME-4	1.6e-004	peak_500	12.43	fp	0
4-GCACAGTGGGVMMD	STREME-4	1.6e-004	peak_343	12.43	tp	0
4-GCACAGTGGGVMMD	STREME-4	1.6e-004	peak_716	12.35	tp	0
4-GCACAGTGGGVMMD	STREME-4	1.6e-004	peak_253	12.32	tp	0
4-GCACAGTGGGVMMD	STREME-4	1.6e-004	peak_511	12.28	tp	0
4-GCACAGTGGGVMMD	STREME-4	1.6e-004	peak_327	12.25	tp	0
4-GCACAGTGGGVMMD	STREME-4	1.6e-004	peak_691	12.18	fp	0
4-GCACAGTGGGVMMD	STREME-4	1.6e-004	peak_678	12.07	tp	0
4-GCACAGTGGGVMMD	STREME-4	1.6e-004	peak_482	12.04	tp	0
4-GCACAGTGGGVMMD	STREME-4	1.6e-004	peak_543	12.02	tp	0
4-GCACAGTGGGVMMD	STREME-4	1.6e-004	peak_78	12.01	tp	0
4-GCACAGTGGGVMMD	STREME-4	1.6e-004	peak_272	11.99	tp	0
4-GCACAGTGGGVMMD	STREME-4	1.6e-004	peak_799	11.95	tp	0
4-GCACAGTGGGVMMD	STREME-4	1.6e-004	peak_485	11.94	tp	0
4-GCACAGTGGGVMMD	STREME-4	1.6e-004	peak_699	11.94	tp	0
4-GCACAGTGGGVMMD	STREME-4	1.6e-004	peak_814	11.93	tp	0
4-GCACAGTGGGVMMD	STREME-4	1.6e-004	peak_406	11.89	tp	0
4-GCACAGTGGGVMMD	STREME-4	1.6e-004	peak_82	11.85	fp	0
4-GCACAGTGGGVMMD	STREME-4	1.6e-004	peak_500	11.85	tp	0
4-GCACAGTGGGVMMD	STREME-4	1.6e-004	peak_249	11.81	tp	0
4-GCACAGTGGGVMMD	STREME-4	1.6e-004	peak_424	11.79	tp	0
4-GCACAGTGGGVMMD	STREME-4	1.6e-004	peak_344	11.77	tp	0
4-GCACAGTGGGVMMD	STREME-4	1.6e-004	peak_503	11.73	fp	0
4-GCACAGTGGGVMMD	STREME-4	1.6e-004	peak_577	11.72	tp	0
4-GCACAGTGGGVMMD	STREME-4	1.6e-004	peak_784	11.70	tp	0
4-GCACAGTGGGVMMD	STREME-4	1.6e-004	peak_339	11.70	fp	0
4-GCACAGTGGGVMMD	STREME-4	1.6e-004	peak_41	11.69	tp	0
4-GCACAGTGGGVMMD	STREME-4	1.6e-004	peak_282	11.65	fp	0
4-GCACAGTGGGVMMD	STREME-4	1.6e-004	peak_620	11.62	fp	0
4-GCACAGTGGGVMMD	STREME-4	1.6e-004	peak_762	11.59	tp	0
4-GCACAGTGGGVMMD	STREME-4	1.6e-004	peak_87	11.59	tp	0
4-GCACAGTGGGVMMD	STREME-4	1.6e-004	peak_138	11.55	tp	0
4-GCACAGTGGGVMMD	STREME-4	1.6e-004	peak_639	11.52	tp	0
4-GCACAGTGGGVMMD	STREME-4	1.6e-004	peak_794	11.46	tp	0
4-GCACAGTGGGVMMD	STREME-4	1.6e-004	peak_320	11.46	tp	0
4-GCACAGTGGGVMMD	STREME-4	1.6e-004	peak_251	11.46	tp	0
4-GCACAGTGGGVMMD	STREME-4	1.6e-004	peak_127	11.46	tp	0
4-GCACAGTGGGVMMD	STREME-4	1.6e-004	peak_77	11.42	tp	0
4-GCACAGTGGGVMMD	STREME-4	1.6e-004	peak_788	11.42	tp	0
4-GCACAGTGGGVMMD	STREME-4	1.6e-004	peak_437	11.42	fp	0
4-GCACAGTGGGVMMD	STREME-4	1.6e-004	peak_433	11.41	fp	0
4-GCACAGTGGGVMMD	STREME-4	1.6e-004	peak_579	11.41	tp	0
4-GCACAGTGGGVMMD	STREME-4	1.6e-004	peak_669	11.39	tp	0
4-GCACAGTGGGVMMD	STREME-4	1.6e-004	peak_115	11.38	tp	0
4-GCACAGTGGGVMMD	STREME-4	1.6e-004	peak_702	11.37	tp	0
4-GCACAGTGGGVMMD	STREME-4	1.6e-004	peak_672	11.37	tp	0
4-GCACAGTGGGVMMD	STREME-4	1.6e-004	peak_321	11.36	tp	0
4-GCACAGTGGGVMMD	STREME-4	1.6e-004	peak_437	11.35	tp	0
4-GCACAGTGGGVMMD	STREME-4	1.6e-004	peak_348	11.34	tp	0
4-GCACAGTGGGVMMD	STREME-4	1.6e-004	peak_53	11.30	tp	0
4-GCACAGTGGGVMMD	STREME-4	1.6e-004	peak_713	11.30	tp	0
4-GCACAGTGGGVMMD	STREME-4	1.6e-004	peak_701	11.25	tp	0
#
5-GCTGCCAGCK	STREME-5	1.8e-004	peak_680	17.22	tp	0
5-GCTGCCAGCK	STREME-5	1.8e-004	peak_689	17.22	tp	1
5-GCTGCCAGCK	STREME-5	1.8e-004	peak_841	16.76	tp	0
5-GCTGCCAGCK	STREME-5	1.8e-004	peak_290	16.76	tp	0
5-GCTGCCAGCK	STREME-5	1.8e-004	peak_275	16.76	tp	0
5-GCTGCCAGCK	STREME-5	1.8e-004	peak_794	16.45	tp	0
5-GCTGCCAGCK	STREME-5	1.8e-004	peak_788	16.45	tp	0
5-GCTGCCAGCK	STREME-5	1.8e-004	peak_377	16.45	tp	0
5-GCTGCCAGCK	STREME-5	1.8e-004	peak_459	16.45	fp	0
5-GCTGCCAGCK	STREME-5	1.8e-004	peak_85	16.06	tp	0
5-GCTGCCAGCK	STREME-5	1.8e-004	peak_230	16.06	tp	0
5-GCTGCCAGCK	STREME-5	1.8e-004	peak_851	16.06	fp	1
5-GCTGCCAGCK	STREME-5	1.8e-004	peak_487	15.99	tp	0
5-GCTGCCAGCK	STREME-5	1.8e-004	peak_309	15.76	tp	0
5-GCTGCCAGCK	STREME-5	1.8e-004	peak_648	15.59	tp	0
5-GCTGCCAGCK	STREME-5	1.8e-004	peak_293	15.59	tp	0
5-GCTGCCAGCK	STREME-5	1.8e-004	peak_83	15.59	fp	0
5-GCTGCCAGCK	STREME-5	1.8e-004	peak_668	15.33	tp	0
5-GCTGCCAGCK	STREME-5	1.8e-004	peak_350	15.33	tp	0
5-GCTGCCAGCK	STREME-5	1.8e-004	peak_383	15.29	tp	0
5-GCTGCCAGCK	STREME-5	1.8e-004	peak_109	15.17	tp	0
5-GCTGCCAGCK	STREME-5	1.8e-004	peak_237	15.17	fp	0
5-GCTGCCAGCK	STREME-5	1.8e-004	peak_321	14.99	tp	0
5-GCTGCCAGCK	STREME-5	1.8e-004	peak_47	14.92	tp	0
5-GCTGCCAGCK	STREME-5	1.8e-004	peak_739	14.92	tp	0
5-GCTGCCAGCK	STREME-5	1.8e-004	peak_517	14.92	tp	0
5-GCTGCCAGCK	STREME-5	1.8e-004	peak_340	14.92	tp	0
5-GCTGCCAGCK	STREME-5	1.8e-004	peak_858	14.92	tp	0
5-GCTGCCAGCK	STREME-5	1.8e-004	peak_46	14.92	tp	0
5-GCTGCCAGCK	STREME-5	1.8e-004	peak_160	14.92	tp	1
5-GCTGCCAGCK	STREME-5	1.8e-004	peak_730	14.87	tp	0
5-GCTGCCAGCK	STREME-5	1.8e-004	peak_262	14.87	tp	1
5-GCTGCCAGCK	STREME-5	1.8e-004	peak_282	14.86	tp	0
5-GCTGCCAGCK	STREME-5	1.8e-004	peak_364	14.86	tp	0
5-GCTGCCAGCK	STREME-5	1.8e-004	peak_775	14.86	tp	0
5-GCTGCCAGCK	STREME-5	1.8e-004	peak_356	14.86	tp	0
5-GCTGCCAGCK	STREME-5	1.8e-004	peak_466	14.86	tp	0
5-GCTGCCAGCK	STREME-5	1.8e-004	peak_634	14.86	tp	0
5-GCTGCCAGCK	STREME-5	1.8e-004	peak_647	14.86	tp	0
5-GCTGCCAGCK	STREME-5	1.8e-004	peak_11	14.86	fp	0
5-GCTGCCAGCK	STREME-5	1.8e-004	peak_155	14.86	fp	0
5-GCTGCCAGCK	STREME-5	1.8e-004	peak_367	14.82	tp	0
5-GCTGCCAGCK	STREME-5	1.8e-004	peak_129	14.82	tp	0
5-GCTGCCAGCK	STREME-5	1.8e-004	peak_90	14.71	tp	0
5-GCTGCCAGCK	STREME-5	1.8e-004	peak_335	14.70	tp	0
5-GCTGCCAGCK	STREME-5	1.8e-004	peak_484	14.70	tp	1
5-GCTGCCAGCK	STREME-5	1.8e-004	peak_300	14.66	tp	0
5-GCTGCCAGCK	STREME-5	1.8e-004	peak_6	14.61	tp	0
5-GCTGCCAGCK	STREME-5	1.8e-004	peak_764	14.61	tp	0
5-GCTGCCAGCK	STREME-5	1.8e-004	peak_665	14.61	fp	0
5-GCTGCCAGCK	STREME-5	1.8e-004	peak_605	14.56	tp	0
5-GCTGCCAGCK	STREME-5	1.8e-004	peak_667	14.56	tp	0
5-GCTGCCAGCK	STREME-5	1.8e-004	peak_777	14.46	tp	0
5-GCTGCCAGCK	STREME-5	1.8e-004	peak_480	14.46	tp	0
5-GCTGCCAGCK	STREME-5	1.8e-004	peak_306	14.46	tp	0
5-GCTGCCAGCK	STREME-5	1.8e-004	peak_337	14.46	tp	0
5-GCTGCCAGCK	STREME-5	1.8e-004	peak_629	14.46	tp	0
5-GCTGCCAGCK	STREME-5	1.8e-004	peak_811	14.46	tp	0
5-GCTGCCAGCK	STREME-5	1.8e-004	peak_501	14.46	tp	0
5-GCTGCCAGCK	STREME-5	1.8e-004	peak_537	14.46	tp	0
5-GCTGCCAGCK	STREME-5	1.8e-004	peak_153	14.30	tp	0
5-GCTGCCAGCK	STREME-5	1.8e-004	peak_283	14.30	tp	0
5-GCTGCCAGCK	STREME-5	1.8e-004	peak_690	14.30	tp	0
5-GCTGCCAGCK	STREME-5	1.8e-004	peak_122	14.30	tp	0
5-GCTGCCAGCK	STREME-5	1.8e-004	peak_253	14.25	tp	0
5-GCTGCCAGCK	STREME-5	1.8e-004	peak_283	14.25	fp	0
5-GCTGCCAGCK	STREME-5	1.8e-004	peak_26	14.24	tp	0
5-GCTGCCAGCK	STREME-5	1.8e-004	peak_215	14.24	tp	0
5-GCTGCCAGCK	STREME-5	1.8e-004	peak_455	14.24	tp	1
5-GCTGCCAGCK	STREME-5	1.8e-004	peak_8	14.21	tp	0
5-GCTGCCAGCK	STREME-5	1.8e-004	peak_164	14.21	tp	0
5-GCTGCCAGCK	STREME-5	1.8e-004	peak_640	14.21	tp	0
5-GCTGCCAGCK	STREME-5	1.8e-004	peak_162	14.21	tp	0
5-GCTGCCAGCK	STREME-5	1.8e-004	peak_673	14.20	tp	0
5-GCTGCCAGCK	STREME-5	1.8e-004	peak_528	14.20	tp	0
5-GCTGCCAGCK	STREME-5	1.8e-004	peak_862	14.20	tp	0
5-GCTGCCAGCK	STREME-5	1.8e-004	peak_532	14.20	tp	0
5-GCTGCCAGCK	STREME-5	1.8e-004	peak_78	14.17	tp	0
5-GCTGCCAGCK	STREME-5	1.8e-004	peak_51	14.16	tp	0
5-GCTGCCAGCK	STREME-5	1.8e-004	peak_852	14.16	tp	0
5-GCTGCCAGCK	STREME-5	1.8e-004	peak_787	14.10	tp	0
5-GCTGCCAGCK	STREME-5	1.8e-004	peak_259	13.99	fp	0
5-GCTGCCAGCK	STREME-5	1.8e-004	peak_583	13.99	fp	0
5-GCTGCCAGCK	STREME-5	1.8e-004	peak_499	13.92	tp	0
5-GCTGCCAGCK	STREME-5	1.8e-004	peak_18	13.92	tp	0
5-GCTGCCAGCK	STREME-5	1.8e-004	peak_173	13.92	tp	0
5-GCTGCCAGCK	STREME-5	1.8e-004	peak_76	13.92	tp	0
5-GCTGCCAGCK	STREME-5	1.8e-004	peak_299	13.92	tp	0
5-GCTGCCAGCK	STREME-5	1.8e-004	peak_471	13.92	tp	0
5-GCTGCCAGCK	STREME-5	1.8e-004	peak_253	13.89	fp	0
5-GCTGCCAGCK	STREME-5	1.8e-004	peak_386	13.86	tp	0
5-GCTGCCAGCK	STREME-5	1.8e-004	peak_844	13.79	fp	0
5-GCTGCCAGCK	STREME-5	1.8e-004	peak_407	13.74	fp	0
5-GCTGCCAGCK	STREME-5	1.8e-004	peak_779	13.73	tp	0
5-GCTGCCAGCK	STREME-5	1.8e-004	peak_707	13.70	tp	0
5-GCTGCCAGCK	STREME-5	1.8e-004	peak_242	13.69	tp	0
5-GCTGCCAGCK	STREME-5	1.8e-004	peak_317	13.53	tp	0
5-GCTGCCAGCK	STREME-5	1.8e-004	peak_130	13.53	tp	1
5-GCTGCCAGCK	STREME-5	1.8e-004	peak_706	13.49	tp	0
5-GCTGCCAGCK	STREME-5	1.8e-004	peak_54	13.49	tp	0
5-GCTGCCAGCK	STREME-5	1.8e-004	peak_797	13.48	tp	0
5-GCTGCCAGCK	STREME-5	1.8e-004	peak_555	13.48	tp	0
5-GCTGCCAGCK	STREME-5	1.8e-004	peak_322	13.45	tp	0
5-GCTGCCAGCK	STREME-5	1.8e-004	peak_327	13.43	tp	0
5-GCTGCCAGCK	STREME-5	1.8e-004	peak_184	13.43	tp	0
5-GCTGCCAGCK	STREME-5	1.8e-004	peak_214	13.43	tp	0
5-GCTGCCAGCK	STREME-5	1.8e-004	peak_623	13.29	tp	0
5-GCTGCCAGCK	STREME-5	1.8e-004	peak_2	13.29	tp	0
5-GCTGCCAGCK	STREME-5	1.8e-004	peak_414	13.29	tp	0
5-GCTGCCAGCK	STREME-5	1.8e-004	peak_620	13.28	tp	0
5-GCTGCCAGCK	STREME-5	1.8e-004	peak_747	13.27	tp	0
5-GCTGCCAGCK	STREME-5	1.8e-004	peak_627	13.27	tp	0
5-GCTGCCAGCK	STREME-5	1.8e-004	peak_508	13.27	tp	0
5-GCTGCCAGCK	STREME-5	1.8e-004	peak_270	13.24	tp	0
5-GCTGCCAGCK	STREME-5	1.8e-004	peak_583	13.24	tp	0
5-GCTGCCAGCK	STREME-5	1.8e-004	peak_519	13.22	tp	0
5-GCTGCCAGCK	STREME-5	1.8e-004	peak_117	13.22	tp	0
5-GCTGCCAGCK	STREME-5	1.8e-004	peak_808	13.22	fp	0
5-GCTGCCAGCK	STREME-5	1.8e-004	peak_617	13.20	tp	0
5-GCTGCCAGCK	STREME-5	1.8e-004	peak_500	13.14	tp	0
5-GCTGCCAGCK	STREME-5	1.8e-004	peak_709	13.14	tp	0
5-GCTGCCAGCK	STREME-5	1.8e-004	peak_6	13.07	fp	0
5-GCTGCCAGCK	STREME-5	1.8e-004	peak_680	13.07	fp	0
5-GCTGCCAGCK	STREME-5	1.8e-004	peak_195	13.03	tp	0
5-GCTGCCAGCK	STREME-5	1.8e-004	peak_730	13.03	fp	0
5-GCTGCCAGCK	STREME-5	1.8e-004	peak_165	13.02	tp	0
5-GCTGCCAGCK	STREME-5	1.8e-004	peak_264	12.99	tp	1
5-GCTGCCAGCK	STREME-5	1.8e-004	peak_108	12.98	tp	0
5-GCTGCCAGCK	STREME-5	1.8e-004	peak_40	12.98	tp	0
5-GCTGCCAGCK	STREME-5	1.8e-004	peak_608	12.86	tp	0
5-GCTGCCAGCK	STREME-5	1.8e-004	peak_300	12.86	fp	0
5-GCTGCCAGCK	STREME-5	1.8e-004	peak_786	12.82	tp	0
5-GCTGCCAGCK	STREME-5	1.8e-004	peak_176	12.82	tp	0
5-GCTGCCAGCK	STREME-5	1.8e-004	peak_63	12.82	tp	0
5-GCTGCCAGCK	STREME-5	1.8e-004	peak_449	12.82	tp	0
5-GCTGCCAGCK	STREME-5	1.8e-004	peak_13	12.82	tp	0
5-GCTGCCAGCK	STREME-5	1.8e-004	peak_287	12.81	tp	0
5-GCTGCCAGCK	STREME-5	1.8e-004	peak_571	12.75	tp	1
5-GCTGCCAGCK	STREME-5	1.8e-004	peak_796	12.74	tp	0
5-GCTGCCAGCK	STREME-5	1.8e-004	peak_716	12.72	tp	0
5-GCTGCCAGCK	STREME-5	1.8e-004	peak_312	12.71	fp	1
5-GCTGCCAGCK	STREME-5	1.8e-004	peak_826	12.71	fp	0
5-GCTGCCAGCK	STREME-5	1.8e-004	peak_410	12.68	tp	0
5-GCTGCCAGCK	STREME-5	1.8e-004	peak_217	12.68	tp	0
5-GCTGCCAGCK	STREME-5	1.8e-004	peak_472	12.62	fp	0
5-GCTGCCAGCK	STREME-5	1.8e-004	peak_696	12.60	tp	0
5-GCTGCCAGCK	STREME-5	1.8e-004	peak_110	12.57	tp	0
5-GCTGCCAGCK	STREME-5	1.8e-004	peak_589	12.56	tp	0
5-GCTGCCAGCK	STREME-5	1.8e-004	peak_770	12.56	tp	0
5-GCTGCCAGCK	STREME-5	1.8e-004	peak_45	12.56	tp	0
5-GCTGCCAGCK	STREME-5	1.8e-004	peak_622	12.56	tp	0
5-GCTGCCAGCK	STREME-5	1.8e-004	peak_361	12.52	tp	0
5-GCTGCCAGCK	STREME-5	1.8e-004	peak_731	12.46	tp	0
5-GCTGCCAGCK	STREME-5	1.8e-004	peak_723	12.46	tp	0
5-GCTGCCAGCK	STREME-5	1.8e-004	peak_328	12.43	tp	0
5-GCTGCCAGCK	STREME-5	1.8e-004	peak_630	12.40	tp	0
5-GCTGCCAGCK	STREME-5	1.8e-004	peak_197	12.39	tp	0
5-GCTGCCAGCK	STREME-5	1.8e-004	peak_755	12.36	tp	0
5-GCTGCCAGCK	STREME-5	1.8e-004	peak_107	12.36	fp	1
5-GCTGCCAGCK	STREME-5	1.8e-004	peak_50	12.36	tp	0
5-GCTGCCAGCK	STREME-5	1.8e-004	peak_422	12.36	tp	0
5-GCTGCCAGCK	STREME-5	1.8e-004	peak_678	12.36	tp	0
5-GCTGCCAGCK	STREME-5	1.8e-004	peak_415	12.36	tp	0
5-GCTGCCAGCK	STREME-5	1.8e-004	peak_512	12.36	tp	0
5-GCTGCCAGCK	STREME-5	1.8e-004	peak_291	12.36	tp	0
5-GCTGCCAGCK	STREME-5	1.8e-004	peak_368	12.36	tp	0
5-GCTGCCAGCK	STREME-5	1.8e-004	peak_578	12.36	tp	0
5-GCTGCCAGCK	STREME-5	1.8e-004	peak_148	12.36	tp	0
5-GCTGCCAGCK	STREME-5	1.8e-004	peak_845	12.36	fp	0
5-GCTGCCAGCK	STREME-5	1.8e-004	peak_816	12.35	tp	0
5-GCTGCCAGCK	STREME-5	1.8e-004	peak_784	12.35	tp	0
5-GCTGCCAGCK	STREME-5	1.8e-004	peak_406	12.35	tp	0
5-GCTGCCAGCK	STREME-5	1.8e-004	peak_637	12.34	tp	0
5-GCTGCCAGCK	STREME-5	1.8e-004	peak_339	12.34	tp	0
5-GCTGCCAGCK	STREME-5	1.8e-004	peak_344	12.31	tp	0
5-GCTGCCAGCK	STREME-5	1.8e-004	peak_357	12.31	tp	0
5-GCTGCCAGCK	STREME-5	1.8e-004	peak_809	12.30	tp	0
5-GCTGCCAGCK	STREME-5	1.8e-004	peak_134	12.30	tp	0
5-GCTGCCAGCK	STREME-5	1.8e-004	peak_177	12.26	tp	0
5-GCTGCCAGCK	STREME-5	1.8e-004	peak_351	12.26	tp	0
5-GCTGCCAGCK	STREME-5	1.8e-004	peak_612	12.25	tp	0
5-GCTGCCAGCK	STREME-5	1.8e-004	peak_286	12.25	tp	0
5-GCTGCCAGCK	STREME-5	1.8e-004	peak_569	12.25	tp	0
5-GCTGCCAGCK	STREME-5	1.8e-004	peak_459	12.25	tp	0
5-GCTGCCAGCK	STREME-5	1.8e-004	peak_255	12.19	tp	0
5-GCTGCCAGCK	STREME-5	1.8e-004	peak_805	12.19	tp	0
5-GCTGCCAGCK	STREME-5	1.8e-004	peak_391	12.15	tp	1
5-GCTGCCAGCK	STREME-5	1.8e-004	peak_359	12.14	tp	1
5-GCTGCCAGCK	STREME-5	1.8e-004	peak_293	12.11	fp	0
5-GCTGCCAGCK	STREME-5	1.8e-004	peak_846	12.11	tp	1
5-GCTGCCAGCK	STREME-5	1.8e-004	peak_688	12.10	tp	0
5-GCTGCCAGCK	STREME-5	1.8e-004	peak_445	12.10	tp	0
5-GCTGCCAGCK	STREME-5	1.8e-004	peak_267	12.10	fp	0
5-GCTGCCAGCK	STREME-5	1.8e-004	peak_461	12.09	tp	0
5-GCTGCCAGCK	STREME-5	1.8e-004	peak_400	12.07	tp	0
5-GCTGCCAGCK	STREME-5	1.8e-004	peak_146	12.07	tp	0
5-GCTGCCAGCK	STREME-5	1.8e-004	peak_475	12.07	fp	1
5-GCTGCCAGCK	STREME-5	1.8e-004	peak_734	12.06	tp	0
5-GCTGCCAGCK	STREME-5	1.8e-004	peak_37	12.05	tp	0
5-GCTGCCAGCK	STREME-5	1.8e-004	peak_495	12.05	tp	0
5-GCTGCCAGCK	STREME-5	1.8e-004	peak_333	12.05	tp	0
5-GCTGCCAGCK	STREME-5	1.8e-004	peak_769	12.05	tp	0
5-GCTGCCAGCK	STREME-5	1.8e-004	peak_264	12.05	fp	1
5-GCTGCCAGCK	STREME-5	1.8e-004	peak_180	12.05	tp	0
5-GCTGCCAGCK	STREME-5	1.8e-004	peak_54	12.03	fp	1
5-GCTGCCAGCK	STREME-5	1.8e-004	peak_590	12.02	tp	0
5-GCTGCCAGCK	STREME-5	1.8e-004	peak_102	12.02	tp	0
5-GCTGCCAGCK	STREME-5	1.8e-004	peak_94	12.02	fp	0
5-GCTGCCAGCK	STREME-5	1.8e-004	peak_684	12.00	tp	0
5-GCTGCCAGCK	STREME-5	1.8e-004	peak_767	12.00	fp	0
5-GCTGCCAGCK	STREME-5	1.8e-004	peak_486	11.99	tp	0
5-GCTGCCAGCK	STREME-5	1.8e-004	peak_485	11.99	tp	0
5-GCTGCCAGCK	STREME-5	1.8e-004	peak_593	11.94	tp	0
5-GCTGCCAGCK	STREME-5	1.8e-004	peak_562	11.91	tp	0
5-GCTGCCAGCK	STREME-5	1.8e-004	peak_60	11.90	fp	1
5-GCTGCCAGCK	STREME-5	1.8e-004	peak_168	11.89	tp	0
5-GCTGCCAGCK	STREME-5	1.8e-004	peak_453	11.89	tp	0
5-GCTGCCAGCK	STREME-5	1.8e-004	peak_451	11.87	tp	0
5-GCTGCCAGCK	STREME-5	1.8e-004	peak_472	11.85	tp	0
5-GCTGCCAGCK	STREME-5	1.8e-004	peak_363	11.85	tp	0
5-GCTGCCAGCK	STREME-5	1.8e-004	peak_732	11.85	tp	1
5-GCTGCCAGCK	STREME-5	1.8e-004	peak_851	11.85	tp	0
5-GCTGCCAGCK	STREME-5	1.8e-004	peak_1	11.85	tp	0
5-GCTGCCAGCK	STREME-5	1.8e-004	peak_602	11.85	tp	0
5-GCTGCCAGCK	STREME-5	1.8e-004	peak_714	11.85	tp	0
5-GCTGCCAGCK	STREME-5	1.8e-004	peak_324	11.84	tp	0
5-GCTGCCAGCK	STREME-5	1.8e-004	peak_572	11.84	tp	0
5-GCTGCCAGCK	STREME-5	1.8e-004	peak_433	11.81	tp	0
5-GCTGCCAGCK	STREME-5	1.8e-004	peak_189	11.81	tp	0
5-GCTGCCAGCK	STREME-5	1.8e-004	peak_599	11.77	tp	0
5-GCTGCCAGCK	STREME-5	1.8e-004	peak_619	11.77	fp	0
5-GCTGCCAGCK	STREME-5	1.8e-004	peak_502	11.74	tp	0
5-GCTGCCAGCK	STREME-5	1.8e-004	peak_345	11.70	tp	0
5-GCTGCCAGCK	STREME-5	1.8e-004	peak_463	11.69	fp	0
5-GCTGCCAGCK	STREME-5	1.8e-004	peak_424	11.68	tp	0
5-GCTGCCAGCK	STREME-5	1.8e-004	peak_672	11.68	fp	0
5-GCTGCCAGCK	STREME-5	1.8e-004	peak_722	11.68	tp	1
5-GCTGCCAGCK	STREME-5	1.8e-004	peak_457	11.64	fp	0
5-GCTGCCAGCK	STREME-5	1.8e-004	peak_93	11.64	fp	0
5-GCTGCCAGCK	STREME-5	1.8e-004	peak_22	11.64	tp	0
5-GCTGCCAGCK	STREME-5	1.8e-004	peak_25	11.60	fp	0
5-GCTGCCAGCK	STREME-5	1.8e-004	peak_692	11.60	tp	0
5-GCTGCCAGCK	STREME-5	1.8e-004	peak_626	11.59	tp	0
5-GCTGCCAGCK	STREME-5	1.8e-004	peak_331	11.59	tp	0
5-GCTGCCAGCK	STREME-5	1.8e-004	peak_580	11.58	tp	1
5-GCTGCCAGCK	STREME-5	1.8e-004	peak_143	11.56	tp	0
5-GCTGCCAGCK	STREME-5	1.8e-004	peak_588	11.56	tp	1
5-GCTGCCAGCK	STREME-5	1.8e-004	peak_537	11.55	fp	0
5-GCTGCCAGCK	STREME-5	1.8e-004	peak_492	11.54	tp	0
5-GCTGCCAGCK	STREME-5	1.8e-004	peak_328	11.54	fp	0
5-GCTGCCAGCK	STREME-5	1.8e-004	peak_826	11.54	tp	0
5-GCTGCCAGCK	STREME-5	1.8e-004	peak_342	11.54	tp	0
5-GCTGCCAGCK	STREME-5	1.8e-004	peak_208	11.47	tp	0
5-GCTGCCAGCK	STREME-5	1.8e-004	peak_496	11.47	tp	0
5-GCTGCCAGCK	STREME-5	1.8e-004	peak_423	11.44	tp	0
5-GCTGCCAGCK	STREME-5	1.8e-004	peak_639	11.44	tp	0
5-GCTGCCAGCK	STREME-5	1.8e-004	peak_42	11.39	fp	0
5-GCTGCCAGCK	STREME-5	1.8e-004	peak_120	11.38	tp	0
5-GCTGCCAGCK	STREME-5	1.8e-004	peak_754	11.38	tp	0
5-GCTGCCAGCK	STREME-5	1.8e-004	peak_392	11.38	fp	0
5-GCTGCCAGCK	STREME-5	1.8e-004	peak_354	11.36	tp	0
5-GCTGCCAGCK	STREME-5	1.8e-004	peak_237	11.36	tp	0
5-GCTGCCAGCK	STREME-5	1.8e-004	peak_131	11.36	tp	0
5-GCTGCCAGCK	STREME-5	1.8e-004	peak_795	11.36	tp	0
5-GCTGCCAGCK	STREME-5	1.8e-004	peak_563	11.36	tp	0
5-GCTGCCAGCK	STREME-5	1.8e-004	peak_597	11.36	tp	0
5-GCTGCCAGCK	STREME-5	1.8e-004	peak_790	11.36	tp	0
5-GCTGCCAGCK	STREME-5	1.8e-004	peak_93	11.34	tp	0
5-GCTGCCAGCK	STREME-5	1.8e-004	peak_325	11.34	fp	0
5-GCTGCCAGCK	STREME-5	1.8e-004	peak_673	11.34	fp	0
5-GCTGCCAGCK	STREME-5	1.8e-004	peak_416	11.34	tp	1
5-GCTGCCAGCK	STREME-5	1.8e-004	peak_37	11.33	fp	0
5-GCTGCCAGCK	STREME-5	1.8e-004	peak_564	11.33	tp	0
5-GCTGCCAGCK	STREME-5	1.8e-004	peak_113	11.33	tp	0
5-GCTGCCAGCK	STREME-5	1.8e-004	peak_97	11.30	tp	0
5-GCTGCCAGCK	STREME-5	1.8e-004	peak_518	11.30	tp	0
5-GCTGCCAGCK	STREME-5	1.8e-004	peak_241	11.30	tp	0
5-GCTGCCAGCK	STREME-5	1.8e-004	peak_15	11.28	tp	0
5-GCTGCCAGCK	STREME-5	1.8e-004	peak_776	11.26	tp	0
5-GCTGCCAGCK	STREME-5	1.8e-004	peak_458	11.26	tp	1
5-GCTGCCAGCK	STREME-5	1.8e-004	peak_778	11.25	tp	0
5-GCTGCCAGCK	STREME-5	1.8e-004	peak_71	11.25	tp	0
5-GCTGCCAGCK	STREME-5	1.8e-004	peak_706	11.24	fp	0
5-GCTGCCAGCK	STREME-5	1.8e-004	peak_468	11.22	tp	0
5-GCTGCCAGCK	STREME-5	1.8e-004	peak_446	11.18	tp	0
5-GCTGCCAGCK	STREME-5	1.8e-004	peak_546	11.18	tp	1
5-GCTGCCAGCK	STREME-5	1.8e-004	peak_850	11.18	tp	0
5-GCTGCCAGCK	STREME-5	1.8e-004	peak_396	11.17	fp	1
5-GCTGCCAGCK	STREME-5	1.8e-004	peak_324	11.15	fp	0
5-GCTGCCAGCK	STREME-5	1.8e-004	peak_182	11.14	tp	1
5-GCTGCCAGCK	STREME-5	1.8e-004	peak_210	11.14	tp	0
5-GCTGCCAGCK	STREME-5	1.8e-004	peak_40	11.13	fp	0
5-GCTGCCAGCK	STREME-5	1.8e-004	peak_367	11.13	fp	0
5-GCTGCCAGCK	STREME-5	1.8e-004	peak_832	11.12	tp	0
5-GCTGCCAGCK	STREME-5	1.8e-004	peak_297	11.12	tp	0
5-GCTGCCAGCK	STREME-5	1.8e-004	peak_767	11.10	tp	0
5-GCTGCCAGCK	STREME-5	1.8e-004	peak_835	11.09	tp	0
5-GCTGCCAGCK	STREME-5	1.8e-004	peak_681	11.09	tp	1
5-GCTGCCAGCK	STREME-5	1.8e-004	peak_379	11.08	tp	0
5-GCTGCCAGCK	STREME-5	1.8e-004	peak_27	11.07	tp	0
5-GCTGCCAGCK	STREME-5	1.8e-004	peak_510	11.07	tp	0
5-GCTGCCAGCK	STREME-5	1.8e-004	peak_409	11.05	tp	0
5-GCTGCCAGCK	STREME-5	1.8e-004	peak_212	11.04	tp	0
5-GCTGCCAGCK	STREME-5	1.8e-004	peak_539	11.00	tp	1
5-GCTGCCAGCK	STREME-5	1.8e-004	peak_55	10.97	tp	1
5-GCTGCCAGCK	STREME-5	1.8e-004	peak_275	10.97	fp	0
5-GCTGCCAGCK	STREME-5	1.8e-004	peak_134	10.97	fp	0
5-GCTGCCAGCK	STREME-5	1.8e-004	peak_3	10.96	tp	0
5-GCTGCCAGCK	STREME-5	1.8e-004	peak_551	10.93	tp	1
5-GCTGCCAGCK	STREME-5	1.8e-004	peak_244	10.93	tp	0
5-GCTGCCAGCK	STREME-5	1.8e-004	peak_470	10.93	tp	0
5-GCTGCCAGCK	STREME-5	1.8e-004	peak_647	10.93	fp	0
5-GCTGCCAGCK	STREME-5	1.8e-004	peak_151	10.92	tp	0
5-GCTGCCAGCK	STREME-5	1.8e-004	peak_231	10.92	tp	0
5-GCTGCCAGCK	STREME-5	1.8e-004	peak_594	10.92	fp	1
5-GCTGCCAGCK	STREME-5	1.8e-004	peak_650	10.88	tp	0
5-GCTGCCAGCK	STREME-5	1.8e-004	peak_649	10.88	tp	0
5-GCTGCCAGCK	STREME-5	1.8e-004	peak_231	10.88	fp	0
5-GCTGCCAGCK	STREME-5	1.8e-004	peak_506	10.87	tp	1
5-GCTGCCAGCK	STREME-5	1.8e-004	peak_861	10.85	tp	0
5-GCTGCCAGCK	STREME-5	1.8e-004	peak_171	10.84	fp	0
5-GCTGCCAGCK	STREME-5	1.8e-004	peak_124	10.79	tp	0
5-GCTGCCAGCK	STREME-5	1.8e-004	peak_792	10.77	tp	0
5-GCTGCCAGCK	STREME-5	1.8e-004	peak_834	10.76	tp	0
5-GCTGCCAGCK	STREME-5	1.8e-004	peak_263	10.76	tp	0
5-GCTGCCAGCK	STREME-5	1.8e-004	peak_593	10.76	fp	0
5-GCTGCCAGCK	STREME-5	1.8e-004	peak_625	10.75	tp	0
5-GCTGCCAGCK	STREME-5	1.8e-004	peak_250	10.73	tp	0
5-GCTGCCAGCK	STREME-5	1.8e-004	peak_615	10.73	fp	0
5-GCTGCCAGCK	STREME-5	1.8e-004	peak_224	10.73	tp	1
5-GCTGCCAGCK	STREME-5	1.8e-004	peak_651	10.72	tp	0
5-GCTGCCAGCK	STREME-5	1.8e-004	peak_660	10.72	tp	0
5-GCTGCCAGCK	STREME-5	1.8e-004	peak_727	10.72	tp	0
5-GCTGCCAGCK	STREME-5	1.8e-004	peak_725	10.72	tp	0
5-GCTGCCAGCK	STREME-5	1.8e-004	peak_733	10.71	fp	0
5-GCTGCCAGCK	STREME-5	1.8e-004	peak_225	10.71	tp	1
5-GCTGCCAGCK	STREME-5	1.8e-004	peak_257	10.69	tp	0
5-GCTGCCAGCK	STREME-5	1.8e-004	peak_463	10.68	tp	0
5-GCTGCCAGCK	STREME-5	1.8e-004	peak_233	10.67	tp	0
5-GCTGCCAGCK	STREME-5	1.8e-004	peak_141	10.67	tp	0
5-GCTGCCAGCK	STREME-5	1.8e-004	peak_625	10.66	fp	0
5-GCTGCCAGCK	STREME-5	1.8e-004	peak_42	10.65	tp	0
5-GCTGCCAGCK	STREME-5	1.8e-004	peak_184	10.62	fp	0
5-GCTGCCAGCK	STREME-5	1.8e-004	peak_346	10.60	tp	0
5-GCTGCCAGCK	STREME-5	1.8e-004	peak_171	10.60	tp	0
5-GCTGCCAGCK	STREME-5	1.8e-004	peak_638	10.59	tp	1
5-GCTGCCAGCK	STREME-5	1.8e-004	peak_399	10.53	tp	0
5-GCTGCCAGCK	STREME-5	1.8e-004	peak_248	10.52	tp	0
5-GCTGCCAGCK	STREME-5	1.8e-004	peak_695	10.51	tp	0
5-GCTGCCAGCK	STREME-5	1.8e-004	peak_150	10.51	tp	0
5-GCTGCCAGCK	STREME-5	1.8e-004	peak_228	10.51	tp	1
5-GCTGCCAGCK	STREME-5	1.8e-004	peak_848	10.48	tp	0
5-GCTGCCAGCK	STREME-5	1.8e-004	peak_181	10.47	tp	0
5-GCTGCCAGCK	STREME-5	1.8e-004	peak_203	10.47	tp	0
5-GCTGCCAGCK	STREME-5	1.8e-004	peak_74	10.47	fp	0
5-GCTGCCAGCK	STREME-5	1.8e-004	peak_603	10.46	tp	0
5-GCTGCCAGCK	STREME-5	1.8e-004	peak_221	10.46	tp	0
5-GCTGCCAGCK	STREME-5	1.8e-004	peak_189	10.46	fp	0
5-GCTGCCAGCK	STREME-5	1.8e-004	peak_636	10.46	tp	0
5-GCTGCCAGCK	STREME-5	1.8e-004	peak_522	10.44	tp	1
5-GCTGCCAGCK	STREME-5	1.8e-004	peak_646	10.43	tp	0
5-GCTGCCAGCK	STREME-5	1.8e-004	peak_406	10.43	fp	1
5-GCTGCCAGCK	STREME-5	1.8e-004	peak_321	10.43	fp	0
5-GCTGCCAGCK	STREME-5	1.8e-004	peak_774	10.42	tp	1
5-GCTGCCAGCK	STREME-5	1.8e-004	peak_278	10.41	tp	0
5-GCTGCCAGCK	STREME-5	1.8e-004	peak_348	10.38	tp	0
5-GCTGCCAGCK	STREME-5	1.8e-004	peak_728	10.37	tp	0
5-GCTGCCAGCK	STREME-5	1.8e-004	peak_195	10.35	fp	0
5-GCTGCCAGCK	STREME-5	1.8e-004	peak_35	10.33	tp	0
5-GCTGCCAGCK	STREME-5	1.8e-004	peak_375	10.33	tp	0
5-GCTGCCAGCK	STREME-5	1.8e-004	peak_676	10.32	tp	0
5-GCTGCCAGCK	STREME-5	1.8e-004	peak_606	10.31	tp	0
5-GCTGCCAGCK	STREME-5	1.8e-004	peak_381	10.29	tp	1
5-GCTGCCAGCK	STREME-5	1.8e-004	peak_153	10.28	fp	0
5-GCTGCCAGCK	STREME-5	1.8e-004	peak_178	10.26	tp	0
5-GCTGCCAGCK	STREME-5	1.8e-004	peak_163	10.26	fp	1
5-GCTGCCAGCK	STREME-5	1.8e-004	peak_756	10.26	tp	0
5-GCTGCCAGCK	STREME-5	1.8e-004	peak_711	10.25	tp	1
5-GCTGCCAGCK	STREME-5	1.8e-004	peak_504	10.25	tp	0
5-GCTGCCAGCK	STREME-5	1.8e-004	peak_465	10.24	tp	0
5-GCTGCCAGCK	STREME-5	1.8e-004	peak_118	10.24	tp	0
5-GCTGCCAGCK	STREME-5	1.8e-004	peak_320	10.23	tp	0
5-GCTGCCAGCK	STREME-5	1.8e-004	peak_402	10.21	tp	0
5-GCTGCCAGCK	STREME-5	1.8e-004	peak_437	10.21	tp	0
5-GCTGCCAGCK	STREME-5	1.8e-004	peak_376	10.20	tp	0
#
6-RCACACACACACRCACAC	STREME-6	3.0e-004	peak_341	28.08	tp	0
6-RCACACACACACRCACAC	STREME-6	3.0e-004	peak_776	26.36	tp	0
6-RCACACACACACRCACAC	STREME-6	3.0e-004	peak_12	26.32	tp	0
6-RCACACACACACRCACAC	STREME-6	3.0e-004	peak_729	26.15	tp	0
6-RCACACACACACRCACAC	STREME-6	3.0e-004	peak_366	25.62	tp	0
6-RCACACACACACRCACAC	STREME-6	3.0e-004	peak_557	24.11	tp	0
6-RCACACACACACRCACAC	STREME-6	3.0e-004	peak_394	23.88	tp	0
6-RCACACACACACRCACAC	STREME-6	3.0e-004	peak_177	23.22	tp	0
6-RCACACACACACRCACAC	STREME-6	3.0e-004	peak_271	23.10	tp	0
6-RCACACACACACRCACAC	STREME-6	3.0e-004	peak_268	22.76	tp	0
6-RCACACACACACRCACAC	STREME-6	3.0e-004	peak_205	22.72	tp	0
6-RCACACACACACRCACAC	STREME-6	3.0e-004	peak_435	22.63	tp	0
6-RCACACACACACRCACAC	STREME-6	3.0e-004	peak_794	22.56	tp	0
6-RCACACACACACRCACAC	STREME-6	3.0e-004	peak_759	22.55	tp	0
6-RCACACACACACRCACAC	STREME-6	3.0e-004	peak_182	22.53	tp	1
6-RCACACACACACRCACAC	STREME-6	3.0e-004	peak_500	22.45	tp	0
6-RCACACACACACRCACAC	STREME-6	3.0e-004	peak_716	22.16	tp	0
6-RCACACACACACRCACAC	STREME-6	3.0e-004	peak_312	21.58	tp	0
6-RCACACACACACRCACAC	STREME-6	3.0e-004	peak_396	21.40	tp	0
6-RCACACACACACRCACAC	STREME-6	3.0e-004	peak_733	21.36	tp	0
6-RCACACACACACRCACAC	STREME-6	3.0e-004	peak_129	21.11	tp	0
6-RCACACACACACRCACAC	STREME-6	3.0e-004	peak_471	21.01	tp	0
6-RCACACACACACRCACAC	STREME-6	3.0e-004	peak_189	20.80	tp	0
6-RCACACACACACRCACAC	STREME-6	3.0e-004	peak_673	20.69	tp	0
6-RCACACACACACRCACAC	STREME-6	3.0e-004	peak_236	20.66	tp	0
6-RCACACACACACRCACAC	STREME-6	3.0e-004	peak_253	20.33	tp	0
6-RCACACACACACRCACAC	STREME-6	3.0e-004	peak_10	20.01	tp	0
6-RCACACACACACRCACAC	STREME-6	3.0e-004	peak_420	19.88	tp	0
6-RCACACACACACRCACAC	STREME-6	3.0e-004	peak_855	19.86	tp	0
6-RCACACACACACRCACAC	STREME-6	3.0e-004	peak_689	19.84	tp	1
6-RCACACACACACRCACAC	STREME-6	3.0e-004	peak_67	19.79	tp	0
6-RCACACACACACRCACAC	STREME-6	3.0e-004	peak_643	19.59	tp	0
6-RCACACACACACRCACAC	STREME-6	3.0e-004	peak_44	19.55	tp	0
6-RCACACACACACRCACAC	STREME-6	3.0e-004	peak_674	19.52	tp	1
6-RCACACACACACRCACAC	STREME-6	3.0e-004	peak_81	19.32	tp	0
6-RCACACACACACRCACAC	STREME-6	3.0e-004	peak_484	19.29	tp	1
6-RCACACACACACRCACAC	STREME-6	3.0e-004	peak_294	19.03	tp	0
6-RCACACACACACRCACAC	STREME-6	3.0e-004	peak_382	18.80	tp	0
6-RCACACACACACRCACAC	STREME-6	3.0e-004	peak_406	18.70	tp	0
6-RCACACACACACRCACAC	STREME-6	3.0e-004	peak_645	18.64	tp	1
6-RCACACACACACRCACAC	STREME-6	3.0e-004	peak_250	18.62	tp	0
6-RCACACACACACRCACAC	STREME-6	3.0e-004	peak_388	18.59	fp	0
6-RCACACACACACRCACAC	STREME-6	3.0e-004	peak_721	18.52	tp	0
6-RCACACACACACRCACAC	STREME-6	3.0e-004	peak_775	18.48	tp	0
6-RCACACACACACRCACAC	STREME-6	3.0e-004	peak_602	18.33	tp	0
6-RCACACACACACRCACAC	STREME-6	3.0e-004	peak_57	18.32	tp	0
6-RCACACACACACRCACAC	STREME-6	3.0e-004	peak_22	18.23	tp	0
6-RCACACACACACRCACAC	STREME-6	3.0e-004	peak_50	18.17	tp	0
6-RCACACACACACRCACAC	STREME-6	3.0e-004	peak_348	18.07	tp	0
6-RCACACACACACRCACAC	STREME-6	3.0e-004	peak_770	17.77	tp	0
6-RCACACACACACRCACAC	STREME-6	3.0e-004	peak_627	17.73	tp	0
6-RCACACACACACRCACAC	STREME-6	3.0e-004	peak_212	17.64	tp	0
6-RCACACACACACRCACAC	STREME-6	3.0e-004	peak_41	17.33	tp	0
6-RCACACACACACRCACAC	STREME-6	3.0e-004	peak_805	17.32	tp	0
6-RCACACACACACRCACAC	STREME-6	3.0e-004	peak_258	17.31	tp	0
6-RCACACACACACRCACAC	STREME-6	3.0e-004	peak_115	17.26	tp	0
6-RCACACACACACRCACAC	STREME-6	3.0e-004	peak_369	17.26	tp	0
6-RCACACACACACRCACAC	STREME-6	3.0e-004	peak_762	17.17	tp	0
6-RCACACACACACRCACAC	STREME-6	3.0e-004	peak_603	17.13	tp	0
6-RCACACACACACRCACAC	STREME-6	3.0e-004	peak_317	17.12	tp	0
6-RCACACACACACRCACAC	STREME-6	3.0e-004	peak_453	17.08	tp	0
6-RCACACACACACRCACAC	STREME-6	3.0e-004	peak_180	16.96	tp	0
6-RCACACACACACRCACAC	STREME-6	3.0e-004	peak_242	16.95	tp	0
6-RCACACACACACRCACAC	STREME-6	3.0e-004	peak_385	16.43	tp	0
6-RCACACACACACRCACAC	STREME-6	3.0e-004	peak_202	16.25	tp	0
6-RCACACACACACRCACAC	STREME-6	3.0e-004	peak_747	16.21	tp	0
6-RCACACACACACRCACAC	STREME-6	3.0e-004	peak_282	16.19	tp	0
6-RCACACACACACRCACAC	STREME-6	3.0e-004	peak_835	16.18	fp	0
6-RCACACACACACRCACAC	STREME-6	3.0e-004	peak_204	16.17	tp	1
6-RCACACACACACRCACAC	STREME-6	3.0e-004	peak_836	16.13	tp	0
6-RCACACACACACRCACAC	STREME-6	3.0e-004	peak_482	16.10	tp	0
6-RCACACACACACRCACAC	STREME-6	3.0e-004	peak_501	15.92	tp	0
6-RCACACACACACRCACAC	STREME-6	3.0e-004	peak_586	15.86	tp	0
6-RCACACACACACRCACAC	STREME-6	3.0e-004	peak_206	15.86	tp	1
6-RCACACACACACRCACAC	STREME-6	3.0e-004	peak_791	15.82	tp	0
6-RCACACACACACRCACAC	STREME-6	3.0e-004	peak_222	15.81	fp	0
6-RCACACACACACRCACAC	STREME-6	3.0e-004	peak_431	15.77	tp	0
6-RCACACACACACRCACAC	STREME-6	3.0e-004	peak_373	15.54	tp	0
6-RCACACACACACRCACAC	STREME-6	3.0e-004	peak_121	15.50	tp	0
6-RCACACACACACRCACAC	STREME-6	3.0e-004	peak_559	15.42	tp	0
6-RCACACACACACRCACAC	STREME-6	3.0e-004	peak_707	15.40	tp	0
6-RCACACACACACRCACAC	STREME-6	3.0e-004	peak_185	15.30	tp	0
6-RCACACACACACRCACAC	STREME-6	3.0e-004	peak_281	15.28	tp	0
6-RCACACACACACRCACAC	STREME-6	3.0e-004	peak_673	15.15	fp	0
6-RCACACACACACRCACAC	STREME-6	3.0e-004	peak_360	15.14	tp	0
6-RCACACACACACRCACAC	STREME-6	3.0e-004	peak_245	15.09	tp	0
6-RCACACACACACRCACAC	STREME-6	3.0e-004	peak_325	14.95	tp	0
6-RCACACACACACRCACAC	STREME-6	3.0e-004	peak_407	14.74	tp	0
6-RCACACACACACRCACAC	STREME-6	3.0e-004	peak_579	14.74	tp	0
6-RCACACACACACRCACAC	STREME-6	3.0e-004	peak_753	14.72	tp	0
6-RCACACACACACRCACAC	STREME-6	3.0e-004	peak_702	14.66	tp	0
6-RCACACACACACRCACAC	STREME-6	3.0e-004	peak_223	14.50	tp	0
6-RCACACACACACRCACAC	STREME-6	3.0e-004	peak_857	14.48	tp	1
6-RCACACACACACRCACAC	STREME-6	3.0e-004	peak_619	14.45	tp	1
6-RCACACACACACRCACAC	STREME-6	3.0e-004	peak_537	14.38	fp	0
6-RCACACACACACRCACAC	STREME-6	3.0e-004	peak_757	14.33	tp	0
6-RCACACACACACRCACAC	STREME-6	3.0e-004	peak_796	14.32	tp	0
6-RCACACACACACRCACAC	STREME-6	3.0e-004	peak_802	14.24	tp	0
6-RCACACACACACRCACAC	STREME-6	3.0e-004	peak_704	14.22	tp	0
6-RCACACACACACRCACAC	STREME-6	3.0e-004	peak_558	14.14	tp	0
6-RCACACACACACRCACAC	STREME-6	3.0e-004	peak_658	14.13	fp	0
6-RCACACACACACRCACAC	STREME-6	3.0e-004	peak_672	14.07	tp	0
6-RCACACACACACRCACAC	STREME-6	3.0e-004	peak_155	14.06	tp	0
6-RCACACACACACRCACAC	STREME-6	3.0e-004	peak_413	13.99	tp	0
6-RCACACACACACRCACAC	STREME-6	3.0e-004	peak_748	13.96	tp	0
6-RCACACACACACRCACAC	STREME-6	3.0e-004	peak_455	13.94	tp	1
6-RCACACACACACRCACAC	STREME-6	3.0e-004	peak_143	13.88	tp	0
6-RCACACACACACRCACAC	STREME-6	3.0e-004	peak_347	13.86	tp	0
6-RCACACACACACRCACAC	STREME-6	3.0e-004	peak_831	13.79	tp	0
6-RCACACACACACRCACAC	STREME-6	3.0e-004	peak_621	13.75	tp	0
6-RCACACACACACRCACAC	STREME-6	3.0e-004	peak_596	13.71	tp	0
6-RCACACACACACRCACAC	STREME-6	3.0e-004	peak_410	13.70	tp	0
6-RCACACACACACRCACAC	STREME-6	3.0e-004	peak_108	13.70	tp	0
6-RCACACACACACRCACAC	STREME-6	3.0e-004	peak_379	13.65	tp	0
6-RCACACACACACRCACAC	STREME-6	3.0e-004	peak_777	13.64	fp	0
6-RCACACACACACRCACAC	STREME-6	3.0e-004	peak_767	13.58	tp	0
6-RCACACACACACRCACAC	STREME-6	3.0e-004	peak_302	13.41	tp	0
6-RCACACACACACRCACAC	STREME-6	3.0e-004	peak_208	13.31	fp	1
6-RCACACACACACRCACAC	STREME-6	3.0e-004	peak_624	13.26	tp	0
6-RCACACACACACRCACAC	STREME-6	3.0e-004	peak_520	13.26	tp	0
6-RCACACACACACRCACAC	STREME-6	3.0e-004	peak_665	13.26	tp	0
6-RCACACACACACRCACAC	STREME-6	3.0e-004	peak_261	13.23	tp	0
6-RCACACACACACRCACAC	STREME-6	3.0e-004	peak_867	13.13	tp	0
6-RCACACACACACRCACAC	STREME-6	3.0e-004	peak_727	13.10	tp	0
6-RCACACACACACRCACAC	STREME-6	3.0e-004	peak_781	13.09	tp	0
6-RCACACACACACRCACAC	STREME-6	3.0e-004	peak_571	13.08	tp	1
6-RCACACACACACRCACAC	STREME-6	3.0e-004	peak_712	13.05	tp	0
6-RCACACACACACRCACAC	STREME-6	3.0e-004	peak_339	13.02	tp	0
6-RCACACACACACRCACAC	STREME-6	3.0e-004	peak_491	13.00	tp	0
6-RCACACACACACRCACAC	STREME-6	3.0e-004	peak_326	13.00	tp	0
6-RCACACACACACRCACAC	STREME-6	3.0e-004	peak_531	12.97	tp	0
6-RCACACACACACRCACAC	STREME-6	3.0e-004	peak_310	12.90	fp	0
6-RCACACACACACRCACAC	STREME-6	3.0e-004	peak_700	12.83	tp	0
6-RCACACACACACRCACAC	STREME-6	3.0e-004	peak_847	12.79	tp	0
6-RCACACACACACRCACAC	STREME-6	3.0e-004	peak_751	12.77	tp	0
6-RCACACACACACRCACAC	STREME-6	3.0e-004	peak_393	12.62	tp	0
6-RCACACACACACRCACAC	STREME-6	3.0e-004	peak_535	12.62	tp	0
6-RCACACACACACRCACAC	STREME-6	3.0e-004	peak_178	12.58	tp	0
6-RCACACACACACRCACAC	STREME-6	3.0e-004	peak_337	12.55	tp	0
6-RCACACACACACRCACAC	STREME-6	3.0e-004	peak_546	12.49	tp	1
6-RCACACACACACRCACAC	STREME-6	3.0e-004	peak_25	12.47	tp	1
6-RCACACACACACRCACAC	STREME-6	3.0e-004	peak_793	12.47	tp	0
6-RCACACACACACRCACAC	STREME-6	3.0e-004	peak_248	12.46	tp	0
6-RCACACACACACRCACAC	STREME-6	3.0e-004	peak_754	12.44	tp	0
6-RCACACACACACRCACAC	STREME-6	3.0e-004	peak_328	12.34	tp	0
6-RCACACACACACRCACAC	STREME-6	3.0e-004	peak_667	12.30	fp	0
6-RCACACACACACRCACAC	STREME-6	3.0e-004	peak_806	12.25	tp	0
6-RCACACACACACRCACAC	STREME-6	3.0e-004	peak_533	12.22	tp	0
6-RCACACACACACRCACAC	STREME-6	3.0e-004	peak_801	12.21	fp	0
6-RCACACACACACRCACAC	STREME-6	3.0e-004	peak_630	12.20	tp	0
6-RCACACACACACRCACAC	STREME-6	3.0e-004	peak_14	12.11	tp	0
6-RCACACACACACRCACAC	STREME-6	3.0e-004	peak_690	12.01	tp	0
6-RCACACACACACRCACAC	STREME-6	3.0e-004	peak_523	12.00	fp	0
6-RCACACACACACRCACAC	STREME-6	3.0e-004	peak_813	11.99	tp	0
6-RCACACACACACRCACAC	STREME-6	3.0e-004	peak_49	11.97	tp	0
6-RCACACACACACRCACAC	STREME-6	3.0e-004	peak_338	11.92	tp	1
6-RCACACACACACRCACAC	STREME-6	3.0e-004	peak_98	11.89	tp	0
6-RCACACACACACRCACAC	STREME-6	3.0e-004	peak_853	11.88	tp	0
6-RCACACACACACRCACAC	STREME-6	3.0e-004	peak_444	11.81	tp	0
6-RCACACACACACRCACAC	STREME-6	3.0e-004	peak_788	11.67	tp	0
6-RCACACACACACRCACAC	STREME-6	3.0e-004	peak_685	11.66	tp	0
#
7-AACAACAACAACAAA	STREME-7	1.2e-003	peak_709	21.76	tp	0
7-AACAACAACAACAAA	STREME-7	1.2e-003	peak_131	21.76	tp	0
7-AACAACAACAACAAA	STREME-7	1.2e-003	peak_5	20.69	tp	0
7-AACAACAACAACAAA	STREME-7	1.2e-003	peak_703	20.44	tp	0
7-AACAACAACAACAAA	STREME-7	1.2e-003	peak_331	20.36	tp	0
7-AACAACAACAACAAA	STREME-7	1.2e-003	peak_492	19.77	tp	0
7-AACAACAACAACAAA	STREME-7	1.2e-003	peak_794	19.41	tp	0
7-AACAACAACAACAAA	STREME-7	1.2e-003	peak_681	19.21	tp	1
7-AACAACAACAACAAA	STREME-7	1.2e-003	peak_208	18.78	tp	0
7-AACAACAACAACAAA	STREME-7	1.2e-003	peak_724	18.73	tp	1
7-AACAACAACAACAAA	STREME-7	1.2e-003	peak_435	18.69	tp	0
7-AACAACAACAACAAA	STREME-7	1.2e-003	peak_841	18.58	tp	0
7-AACAACAACAACAAA	STREME-7	1.2e-003	peak_1	18.33	tp	0
7-AACAACAACAACAAA	STREME-7	1.2e-003	peak_667	18.10	tp	0
7-AACAACAACAACAAA	STREME-7	1.2e-003	peak_821	18.01	tp	0
7-AACAACAACAACAAA	STREME-7	1.2e-003	peak_725	18.01	tp	0
7-AACAACAACAACAAA	STREME-7	1.2e-003	peak_28	17.83	tp	0
7-AACAACAACAACAAA	STREME-7	1.2e-003	peak_715	17.76	tp	0
7-AACAACAACAACAAA	STREME-7	1.2e-003	peak_438	17.72	tp	0
7-AACAACAACAACAAA	STREME-7	1.2e-003	peak_240	17.69	tp	0
7-AACAACAACAACAAA	STREME-7	1.2e-003	peak_817	17.50	tp	0
7-AACAACAACAACAAA	STREME-7	1.2e-003	peak_491	17.37	tp	0
7-AACAACAACAACAAA	STREME-7	1.2e-003	peak_747	17.16	tp	0
7-AACAACAACAACAAA	STREME-7	1.2e-003	peak_164	17.14	tp	0
7-AACAACAACAACAAA	STREME-7	1.2e-003	peak_684	17.10	fp	0
7-AACAACAACAACAAA	STREME-7	1.2e-003	peak_475	17.00	tp	0
7-AACAACAACAACAAA	STREME-7	1.2e-003	peak_639	16.99	tp	0
7-AACAACAACAACAAA	STREME-7	1.2e-003	peak_657	16.88	tp	0
7-AACAACAACAACAAA	STREME-7	1.2e-003	peak_197	16.83	tp	0
7-AACAACAACAACAAA	STREME-7	1.2e-003	peak_530	16.72	tp	0
7-AACAACAACAACAAA	STREME-7	1.2e-003	peak_204	16.64	tp	1
7-AACAACAACAACAAA	STREME-7	1.2e-003	peak_767	16.62	tp	0
7-AACAACAACAACAAA	STREME-7	1.2e-003	peak_784	16.62	tp	0
7-AACAACAACAACAAA	STREME-7	1.2e-003	peak_236	16.61	tp	0
7-AACAACAACAACAAA	STREME-7	1.2e-003	peak_322	16.56	tp	0
7-AACAACAACAACAAA	STREME-7	1.2e-003	peak_57	16.50	tp	0
7-AACAACAACAACAAA	STREME-7	1.2e-003	peak_323	16.47	tp	0
7-AACAACAACAACAAA	STREME-7	1.2e-003	peak_779	16.42	tp	0
7-AACAACAACAACAAA	STREME-7	1.2e-003	peak_59	16.40	tp	0
7-AACAACAACAACAAA	STREME-7	1.2e-003	peak_501	16.36	tp	0
7-AACAACAACAACAAA	STREME-7	1.2e-003	peak_107	16.31	tp	0
7-AACAACAACAACAAA	STREME-7	1.2e-003	peak_189	16.28	tp	0
7-AACAACAACAACAAA	STREME-7	1.2e-003	peak_36	16.17	tp	0
7-AACAACAACAACAAA	STREME-7	1.2e-003	peak_678	16.12	tp	0
7-AACAACAACAACAAA	STREME-7	1.2e-003	peak_104	16.10	tp	0
7-AACAACAACAACAAA	STREME-7	1.2e-003	peak_173	16.09	tp	0
7-AACAACAACAACAAA	STREME-7	1.2e-003	peak_388	16.05	tp	0
7-AACAACAACAACAAA	STREME-7	1.2e-003	peak_489	16.01	tp	0
7-AACAACAACAACAAA	STREME-7	1.2e-003	peak_837	15.96	tp	1
7-AACAACAACAACAAA	STREME-7	1.2e-003	peak_523	15.91	tp	0
7-AACAACAACAACAAA	STREME-7	1.2e-003	peak_615	15.89	tp	0
7-AACAACAACAACAAA	STREME-7	1.2e-003	peak_135	15.77	tp	0
7-AACAACAACAACAAA	STREME-7	1.2e-003	peak_66	15.74	tp	0
7-AACAACAACAACAAA	STREME-7	1.2e-003	peak_807	15.68	tp	0
7-AACAACAACAACAAA	STREME-7	1.2e-003	peak_49	15.68	tp	0
7-AACAACAACAACAAA	STREME-7	1.2e-003	peak_479	15.46	tp	0
7-AACAACAACAACAAA	STREME-7	1.2e-003	peak_114	15.45	tp	0
7-AACAACAACAACAAA	STREME-7	1.2e-003	peak_640	15.40	tp	0
7-AACAACAACAACAAA	STREME-7	1.2e-003	peak_798	15.36	tp	0
7-AACAACAACAACAAA	STREME-7	1.2e-003	peak_394	15.24	tp	0
7-AACAACAACAACAAA	STREME-7	1.2e-003	peak_224	15.16	tp	1
7-AACAACAACAACAAA	STREME-7	1.2e-003	peak_126	15.15	tp	0
7-AACAACAACAACAAA	STREME-7	1.2e-003	peak_296	15.14	tp	0
7-AACAACAACAACAAA	STREME-7	1.2e-003	peak_581	15.10	tp	0
7-AACAACAACAACAAA	STREME-7	1.2e-003	peak_285	15.10	tp	0
7-AACAACAACAACAAA	STREME-7	1.2e-003	peak_743	15.07	tp	0
7-AACAACAACAACAAA	STREME-7	1.2e-003	peak_113	14.99	tp	0
7-AACAACAACAACAAA	STREME-7	1.2e-003	peak_103	14.99	tp	0
7-AACAACAACAACAAA	STREME-7	1.2e-003	peak_148	14.93	tp	0
7-AACAACAACAACAAA	STREME-7	1.2e-003	peak_76	14.88	tp	0
7-AACAACAACAACAAA	STREME-7	1.2e-003	peak_40	14.86	tp	0
7-AACAACAACAACAAA	STREME-7	1.2e-003	peak_353	14.86	tp	0
7-AACAACAACAACAAA	STREME-7	1.2e-003	peak_576	14.77	tp	0
7-AACAACAACAACAAA	STREME-7	1.2e-003	peak_827	14.71	tp	1
7-AACAACAACAACAAA	STREME-7	1.2e-003	peak_566	14.63	tp	0
7-AACAACAACAACAAA	STREME-7	1.2e-003	peak_205	14.62	tp	0
7-AACAACAACAACAAA	STREME-7	1.2e-003	peak_723	14.60	tp	0
7-AACAACAACAACAAA	STREME-7	1.2e-003	peak_400	14.58	tp	0
7-AACAACAACAACAAA	STREME-7	1.2e-003	peak_327	14.51	tp	0
7-AACAACAACAACAAA	STREME-7	1.2e-003	peak_498	14.47	tp	0
7-AACAACAACAACAAA	STREME-7	1.2e-003	peak_96	14.46	tp	0
7-AACAACAACAACAAA	STREME-7	1.2e-003	peak_515	14.46	tp	0
7-AACAACAACAACAAA	STREME-7	1.2e-003	peak_192	14.44	tp	0
7-AACAACAACAACAAA	STREME-7	1.2e-003	peak_831	14.42	tp	0
7-AACAACAACAACAAA	STREME-7	1.2e-003	peak_179	14.42	tp	0
7-AACAACAACAACAAA	STREME-7	1.2e-003	peak_115	14.41	tp	0
7-AACAACAACAACAAA	STREME-7	1.2e-003	peak_655	14.38	tp	0
7-AACAACAACAACAAA	STREME-7	1.2e-003	peak_98	14.37	tp	0
7-AACAACAACAACAAA	STREME-7	1.2e-003	peak_364	14.33	tp	0
7-AACAACAACAACAAA	STREME-7	1.2e-003	peak_125	14.33	tp	0
7-AACAACAACAACAAA	STREME-7	1.2e-003	peak_15	14.31	tp	0
7-AACAACAACAACAAA	STREME-7	1.2e-003	peak_180	14.30	tp	0
7-AACAACAACAACAAA	STREME-7	1.2e-003	peak_768	14.27	tp	1
7-AACAACAACAACAAA	STREME-7	1.2e-003	peak_486	14.26	tp	0
7-AACAACAACAACAAA	STREME-7	1.2e-003	peak_752	14.23	tp	1
7-AACAACAACAACAAA	STREME-7	1.2e-003	peak_531	14.22	tp	0
7-AACAACAACAACAAA	STREME-7	1.2e-003	peak_575	14.20	tp	0
7-AACAACAACAACAAA	STREME-7	1.2e-003	peak_399	14.19	tp	0
7-AACAACAACAACAAA	STREME-7	1.2e-003	peak_282	14.18	tp	0
7-AACAACAACAACAAA	STREME-7	1.2e-003	peak_445	14.17	tp	0
7-AACAACAACAACAAA	STREME-7	1.2e-003	peak_335	14.10	tp	0
7-AACAACAACAACAAA	STREME-7	1.2e-003	peak_105	14.07	fp	0
7-AACAACAACAACAAA	STREME-7	1.2e-003	peak_750	14.06	tp	0
7-AACAACAACAACAAA	STREME-7	1.2e-003	peak_414	14.04	tp	0
7-AACAACAACAACAAA	STREME-7	1.2e-003	peak_495	14.01	tp	0
7-AACAACAACAACAAA	STREME-7	1.2e-003	peak_33	13.95	tp	0
7-AACAACAACAACAAA	STREME-7	1.2e-003	peak_493	13.93	tp	0
7-AACAACAACAACAAA	STREME-7	1.2e-003	peak_738	13.92	tp	0
7-AACAACAACAACAAA	STREME-7	1.2e-003	peak_472	13.90	tp	0
7-AACAACAACAACAAA	STREME-7	1.2e-003	peak_631	13.89	tp	0
7-AACAACAACAACAAA	STREME-7	1.2e-003	peak_247	13.85	tp	0
7-AACAACAACAACAAA	STREME-7	1.2e-003	peak_316	13.85	tp	0
7-AACAACAACAACAAA	STREME-7	1.2e-003	peak_371	13.83	tp	1
7-AACAACAACAACAAA	STREME-7	1.2e-003	peak_753	13.82	tp	0
7-AACAACAACAACAAA	STREME-7	1.2e-003	peak_741	13.81	tp	1
7-AACAACAACAACAAA	STREME-7	1.2e-003	peak_716	13.72	tp	0
7-AACAACAACAACAAA	STREME-7	1.2e-003	peak_787	13.71	tp	0
7-AACAACAACAACAAA	STREME-7	1.2e-003	peak_685	13.66	tp	0
7-AACAACAACAACAAA	STREME-7	1.2e-003	peak_447	13.66	tp	0
7-AACAACAACAACAAA	STREME-7	1.2e-003	peak_493	13.64	fp	1
7-AACAACAACAACAAA	STREME-7	1.2e-003	peak_557	13.63	tp	0
7-AACAACAACAACAAA	STREME-7	1.2e-003	peak_416	13.60	tp	1
7-AACAACAACAACAAA	STREME-7	1.2e-003	peak_68	13.57	tp	0
7-AACAACAACAACAAA	STREME-7	1.2e-003	peak_417	13.57	tp	0
7-AACAACAACAACAAA	STREME-7	1.2e-003	peak_88	13.55	tp	0
7-AACAACAACAACAAA	STREME-7	1.2e-003	peak_196	13.55	tp	0
7-AACAACAACAACAAA	STREME-7	1.2e-003	peak_788	13.54	tp	0
7-AACAACAACAACAAA	STREME-7	1.2e-003	peak_329	13.49	tp	0
7-AACAACAACAACAAA	STREME-7	1.2e-003	peak_260	13.46	tp	0
7-AACAACAACAACAAA	STREME-7	1.2e-003	peak_735	13.45	tp	0
7-AACAACAACAACAAA	STREME-7	1.2e-003	peak_832	13.35	tp	0
7-AACAACAACAACAAA	STREME-7	1.2e-003	peak_773	13.34	tp	0
7-AACAACAACAACAAA	STREME-7	1.2e-003	peak_357	13.25	tp	0
7-AACAACAACAACAAA	STREME-7	1.2e-003	peak_457	13.10	tp	0
7-AACAACAACAACAAA	STREME-7	1.2e-003	peak_481	13.10	tp	0
7-AACAACAACAACAAA	STREME-7	1.2e-003	peak_424	13.06	tp	0
7-AACAACAACAACAAA	STREME-7	1.2e-003	peak_714	13.05	tp	0
7-AACAACAACAACAAA	STREME-7	1.2e-003	peak_673	13.02	tp	0
7-AACAACAACAACAAA	STREME-7	1.2e-003	peak_182	13.00	tp	1
7-AACAACAACAACAAA	STREME-7	1.2e-003	peak_415	12.99	tp	0
7-AACAACAACAACAAA	STREME-7	1.2e-003	peak_345	12.96	tp	0
7-AACAACAACAACAAA	STREME-7	1.2e-003	peak_300	12.95	tp	0
7-AACAACAACAACAAA	STREME-7	1.2e-003	peak_467	12.92	tp	0
7-AACAACAACAACAAA	STREME-7	1.2e-003	peak_261	12.92	tp	0
7-AACAACAACAACAAA	STREME-7	1.2e-003	peak_593	12.92	tp	0
7-AACAACAACAACAAA	STREME-7	1.2e-003	peak_110	12.91	tp	0
7-AACAACAACAACAAA	STREME-7	1.2e-003	peak_684	12.84	tp	0
7-AACAACAACAACAAA	STREME-7	1.2e-003	peak_688	12.78	tp	0
7-AACAACAACAACAAA	STREME-7	1.2e-003	peak_272	12.76	tp	0
7-AACAACAACAACAAA	STREME-7	1.2e-003	peak_274	12.72	tp	0
7-AACAACAACAACAAA	STREME-7	1.2e-003	peak_176	12.69	tp	0
7-AACAACAACAACAAA	STREME-7	1.2e-003	peak_118	12.68	tp	0
7-AACAACAACAACAAA	STREME-7	1.2e-003	peak_339	12.66	tp	0
7-AACAACAACAACAAA	STREME-7	1.2e-003	peak_705	12.63	tp	0
7-AACAACAACAACAAA	STREME-7	1.2e-003	peak_341	12.61	tp	0
7-AACAACAACAACAAA	STREME-7	1.2e-003	peak_407	12.60	tp	0
7-AACAACAACAACAAA	STREME-7	1.2e-003	peak_47	12.59	tp	0
7-AACAACAACAACAAA	STREME-7	1.2e-003	peak_46	12.59	tp	0
7-AACAACAACAACAAA	STREME-7	1.2e-003	peak_259	12.58	tp	0
7-AACAACAACAACAAA	STREME-7	1.2e-003	peak_321	12.56	fp	0
7-AACAACAACAACAAA	STREME-7	1.2e-003	peak_844	12.55	fp	0
7-AACAACAACAACAAA	STREME-7	1.2e-003	peak_273	12.52	tp	0
7-AACAACAACAACAAA	STREME-7	1.2e-003	peak_203	12.50	tp	0
7-AACAACAACAACAAA	STREME-7	1.2e-003	peak_518	12.46	tp	0
7-AACAACAACAACAAA	STREME-7	1.2e-003	peak_168	12.44	tp	0
7-AACAACAACAACAAA	STREME-7	1.2e-003	peak_627	12.40	tp	0
7-AACAACAACAACAAA	STREME-7	1.2e-003	peak_583	12.39	tp	0
7-AACAACAACAACAAA	STREME-7	1.2e-003	peak_624	12.37	fp	0
7-AACAACAACAACAAA	STREME-7	1.2e-003	peak_407	12.35	fp	0
7-AACAACAACAACAAA	STREME-7	1.2e-003	peak_511	12.35	tp	0
7-AACAACAACAACAAA	STREME-7	1.2e-003	peak_369	12.33	tp	0
7-AACAACAACAACAAA	STREME-7	1.2e-003	peak_729	12.29	tp	0
7-AACAACAACAACAAA	STREME-7	1.2e-003	peak_524	12.23	tp	0
7-AACAACAACAACAAA	STREME-7	1.2e-003	peak_428	12.23	fp	0
7-AACAACAACAACAAA	STREME-7	1.2e-003	peak_561	12.22	tp	0
7-AACAACAACAACAAA	STREME-7	1.2e-003	peak_459	12.21	tp	0
7-AACAACAACAACAAA	STREME-7	1.2e-003	peak_77	12.19	tp	0
7-AACAACAACAACAAA	STREME-7	1.2e-003	peak_133	12.18	tp	1
7-AACAACAACAACAAA	STREME-7	1.2e-003	peak_69	12.14	tp	0
7-AACAACAACAACAAA	STREME-7	1.2e-003	peak_80	12.12	tp	0
7-AACAACAACAACAAA	STREME-7	1.2e-003	peak_448	12.09	tp	0
7-AACAACAACAACAAA	STREME-7	1.2e-003	peak_186	12.03	tp	0
7-AACAACAACAACAAA	STREME-7	1.2e-003	peak_78	12.01	tp	0
7-AACAACAACAACAAA	STREME-7	1.2e-003	peak_410	12.01	fp	0
7-AACAACAACAACAAA	STREME-7	1.2e-003	peak_50	12.00	tp	0
7-AACAACAACAACAAA	STREME-7	1.2e-003	peak_362	12.00	tp	0
7-AACAACAACAACAAA	STREME-7	1.2e-003	peak_271	11.98	fp	1
7-AACAACAACAACAAA	STREME-7	1.2e-003	peak_827	11.97	fp	0
7-AACAACAACAACAAA	STREME-7	1.2e-003	peak_360	11.97	tp	0
7-AACAACAACAACAAA	STREME-7	1.2e-003	peak_67	11.85	tp	0
7-AACAACAACAACAAA	STREME-7	1.2e-003	peak_843	11.84	tp	0
7-AACAACAACAACAAA	STREME-7	1.2e-003	peak_6	11.83	tp	0
7-AACAACAACAACAAA	STREME-7	1.2e-003	peak_128	11.82	fp	0
7-AACAACAACAACAAA	STREME-7	1.2e-003	peak_94	11.81	tp	0
7-AACAACAACAACAAA	STREME-7	1.2e-003	peak_294	11.79	tp	0
7-AACAACAACAACAAA	STREME-7	1.2e-003	peak_170	11.79	tp	1
7-AACAACAACAACAAA	STREME-7	1.2e-003	peak_528	11.79	fp	0
7-AACAACAACAACAAA	STREME-7	1.2e-003	peak_218	11.79	tp	0
7-AACAACAACAACAAA	STREME-7	1.2e-003	peak_151	11.77	tp	0
7-AACAACAACAACAAA	STREME-7	1.2e-003	peak_504	11.75	tp	0
7-AACAACAACAACAAA	STREME-7	1.2e-003	peak_759	11.75	tp	0
7-AACAACAACAACAAA	STREME-7	1.2e-003	peak_260	11.73	fp	1
7-AACAACAACAACAAA	STREME-7	1.2e-003	peak_275	11.73	tp	0
7-AACAACAACAACAAA	STREME-7	1.2e-003	peak_686	11.70	tp	0
7-AACAACAACAACAAA	STREME-7	1.2e-003	peak_516	11.67	fp	0
7-AACAACAACAACAAA	STREME-7	1.2e-003	peak_653	11.67	fp	0
7-AACAACAACAACAAA	STREME-7	1.2e-003	peak_704	11.65	tp	0
7-AACAACAACAACAAA	STREME-7	1.2e-003	peak_183	11.61	tp	0
7-AACAACAACAACAAA	STREME-7	1.2e-003	peak_195	11.61	tp	0
7-AACAACAACAACAAA	STREME-7	1.2e-003	peak_612	11.58	tp	0
7-AACAACAACAACAAA	STREME-7	1.2e-003	peak_616	11.57	tp	0
7-AACAACAACAACAAA	STREME-7	1.2e-003	peak_865	11.55	tp	0
7-AACAACAACAACAAA	STREME-7	1.2e-003	peak_469	11.54	tp	0
7-AACAACAACAACAAA	STREME-7	1.2e-003	peak_484	11.50	tp	1
7-AACAACAACAACAAA	STREME-7	1.2e-003	peak_630	11.50	fp	0
7-AACAACAACAACAAA	STREME-7	1.2e-003	peak_386	11.49	tp	0
7-AACAACAACAACAAA	STREME-7	1.2e-003	peak_763	11.48	tp	0
7-AACAACAACAACAAA	STREME-7	1.2e-003	peak_614	11.47	tp	0
7-AACAACAACAACAAA	STREME-7	1.2e-003	peak_423	11.46	tp	0
7-AACAACAACAACAAA	STREME-7	1.2e-003	peak_540	11.43	tp	0
7-AACAACAACAACAAA	STREME-7	1.2e-003	peak_799	11.38	tp	0
7-AACAACAACAACAAA	STREME-7	1.2e-003	peak_574	11.36	tp	0
7-AACAACAACAACAAA	STREME-7	1.2e-003	peak_141	11.35	tp	0
7-AACAACAACAACAAA	STREME-7	1.2e-003	peak_808	11.35	tp	0
7-AACAACAACAACAAA	STREME-7	1.2e-003	peak_636	11.34	tp	0
7-AACAACAACAACAAA	STREME-7	1.2e-003	peak_303	11.34	tp	0
7-AACAACAACAACAAA	STREME-7	1.2e-003	peak_559	11.34	tp	0
7-AACAACAACAACAAA	STREME-7	1.2e-003	peak_2	11.33	tp	0
7-AACAACAACAACAAA	STREME-7	1.2e-003	peak_868	11.31	tp	0
7-AACAACAACAACAAA	STREME-7	1.2e-003	peak_237	11.30	fp	0
7-AACAACAACAACAAA	STREME-7	1.2e-003	peak_241	11.30	fp	0
7-AACAACAACAACAAA	STREME-7	1.2e-003	peak_378	11.29	fp	1
7-AACAACAACAACAAA	STREME-7	1.2e-003	peak_318	11.28	tp	0
7-AACAACAACAACAAA	STREME-7	1.2e-003	peak_550	11.28	tp	0
7-AACAACAACAACAAA	STREME-7	1.2e-003	peak_238	11.27	tp	1
7-AACAACAACAACAAA	STREME-7	1.2e-003	peak_381	11.24	tp	1
7-AACAACAACAACAAA	STREME-7	1.2e-003	peak_632	11.23	tp	0
7-AACAACAACAACAAA	STREME-7	1.2e-003	peak_543	11.23	tp	0
7-AACAACAACAACAAA	STREME-7	1.2e-003	peak_682	11.22	tp	0
7-AACAACAACAACAAA	STREME-7	1.2e-003	peak_603	11.21	tp	0
7-AACAACAACAACAAA	STREME-7	1.2e-003	peak_188	11.10	tp	1
7-AACAACAACAACAAA	STREME-7	1.2e-003	peak_802	11.06	fp	0
7-AACAACAACAACAAA	STREME-7	1.2e-003	peak_591	11.05	tp	0
7-AACAACAACAACAAA	STREME-7	1.2e-003	peak_109	11.05	tp	0
7-AACAACAACAACAAA	STREME-7	1.2e-003	peak_565	11.04	tp	0
7-AACAACAACAACAAA	STREME-7	1.2e-003	peak_683	11.04	tp	0
7-AACAACAACAACAAA	STREME-7	1.2e-003	peak_590	11.01	tp	0
7-AACAACAACAACAAA	STREME-7	1.2e-003	peak_129	11.00	tp	0
7-AACAACAACAACAAA	STREME-7	1.2e-003	peak_651	10.97	tp	0
7-AACAACAACAACAAA	STREME-7	1.2e-003	peak_753	10.96	fp	0
7-AACAACAACAACAAA	STREME-7	1.2e-003	peak_226	10.95	tp	0
7-AACAACAACAACAAA	STREME-7	1.2e-003	peak_549	10.92	tp	0
7-AACAACAACAACAAA	STREME-7	1.2e-003	peak_309	10.90	tp	0
7-AACAACAACAACAAA	STREME-7	1.2e-003	peak_146	10.88	tp	0
7-AACAACAACAACAAA	STREME-7	1.2e-003	peak_295	10.88	tp	0
#
8-DCAGCTGH	STREME-8	1.4e-003	peak_210	14.57	tp	0
8-DCAGCTGH	STREME-8	1.4e-003	peak_430	14.57	tp	0
8-DCAGCTGH	STREME-8	1.4e-003	peak_780	14.57	tp	0
8-DCAGCTGH	STREME-8	1.4e-003	peak_10	14.57	tp	0
8-DCAGCTGH	STREME-8	1.4e-003	peak_703	14.57	tp	0
8-DCAGCTGH	STREME-8	1.4e-003	peak_23	14.57	tp	0
8-DCAGCTGH	STREME-8	1.4e-003	peak_704	14.57	tp	0
8-DCAGCTGH	STREME-8	1.4e-003	peak_127	14.57	tp	0
8-DCAGCTGH	STREME-8	1.4e-003	peak_38	14.57	tp	0
8-DCAGCTGH	STREME-8	1.4e-003	peak_428	14.57	tp	0
8-DCAGCTGH	STREME-8	1.4e-003	peak_658	14.57	tp	0
8-DCAGCTGH	STREME-8	1.4e-003	peak_425	14.57	tp	0
8-DCAGCTGH	STREME-8	1.4e-003	peak_34	13.86	tp	0
8-DCAGCTGH	STREME-8	1.4e-003	peak_208	13.86	tp	0
8-DCAGCTGH	STREME-8	1.4e-003	peak_489	13.86	tp	0
8-DCAGCTGH	STREME-8	1.4e-003	peak_251	13.86	tp	0
8-DCAGCTGH	STREME-8	1.4e-003	peak_207	13.86	tp	0
8-DCAGCTGH	STREME-8	1.4e-003	peak_667	13.86	tp	0
8-DCAGCTGH	STREME-8	1.4e-003	peak_20	13.86	tp	0
8-DCAGCTGH	STREME-8	1.4e-003	peak_419	13.86	tp	0
8-DCAGCTGH	STREME-8	1.4e-003	peak_248	13.86	tp	0
8-DCAGCTGH	STREME-8	1.4e-003	peak_116	13.86	tp	0
8-DCAGCTGH	STREME-8	1.4e-003	peak_171	13.86	tp	0
8-DCAGCTGH	STREME-8	1.4e-003	peak_283	13.86	tp	0
8-DCAGCTGH	STREME-8	1.4e-003	peak_559	13.86	tp	0
8-DCAGCTGH	STREME-8	1.4e-003	peak_740	13.86	tp	0
8-DCAGCTGH	STREME-8	1.4e-003	peak_335	13.86	tp	0
8-DCAGCTGH	STREME-8	1.4e-003	peak_179	13.86	tp	0
8-DCAGCTGH	STREME-8	1.4e-003	peak_128	13.86	tp	0
8-DCAGCTGH	STREME-8	1.4e-003	peak_333	13.86	tp	0
8-DCAGCTGH	STREME-8	1.4e-003	peak_680	13.86	tp	0
8-DCAGCTGH	STREME-8	1.4e-003	peak_801	13.86	tp	0
8-DCAGCTGH	STREME-8	1.4e-003	peak_616	13.86	tp	0
8-DCAGCTGH	STREME-8	1.4e-003	peak_330	13.86	tp	0
8-DCAGCTGH	STREME-8	1.4e-003	peak_523	13.86	fp	0
8-DCAGCTGH	STREME-8	1.4e-003	peak_366	13.86	fp	0
8-DCAGCTGH	STREME-8	1.4e-003	peak_262	13.86	tp	1
8-DCAGCTGH	STREME-8	1.4e-003	peak_238	13.86	tp	1
8-DCAGCTGH	STREME-8	1.4e-003	peak_580	13.86	tp	1
8-DCAGCTGH	STREME-8	1.4e-003	peak_487	13.15	tp	0
8-DCAGCTGH	STREME-8	1.4e-003	peak_558	13.15	tp	0
8-DCAGCTGH	STREME-8	1.4e-003	peak_821	13.15	tp	0
8-DCAGCTGH	STREME-8	1.4e-003	peak_693	13.15	tp	0
8-DCAGCTGH	STREME-8	1.4e-003	peak_62	13.15	tp	0
8-DCAGCTGH	STREME-8	1.4e-003	peak_97	13.15	tp	0
8-DCAGCTGH	STREME-8	1.4e-003	peak_679	13.15	tp	0
8-DCAGCTGH	STREME-8	1.4e-003	peak_307	13.15	tp	0
8-DCAGCTGH	STREME-8	1.4e-003	peak_584	13.15	tp	0
8-DCAGCTGH	STREME-8	1.4e-003	peak_763	13.15	tp	0
8-DCAGCTGH	STREME-8	1.4e-003	peak_199	13.15	tp	0
8-DCAGCTGH	STREME-8	1.4e-003	peak_760	13.15	tp	0
8-DCAGCTGH	STREME-8	1.4e-003	peak_232	13.15	tp	0
8-DCAGCTGH	STREME-8	1.4e-003	peak_176	13.15	tp	0
8-DCAGCTGH	STREME-8	1.4e-003	peak_31	13.15	tp	0
8-DCAGCTGH	STREME-8	1.4e-003	peak_149	13.15	tp	0
8-DCAGCTGH	STREME-8	1.4e-003	peak_87	13.15	tp	0
8-DCAGCTGH	STREME-8	1.4e-003	peak_591	13.15	tp	0
8-DCAGCTGH	STREME-8	1.4e-003	peak_508	13.15	tp	0
8-DCAGCTGH	STREME-8	1.4e-003	peak_115	13.15	tp	0
8-DCAGCTGH	STREME-8	1.4e-003	peak_131	13.15	tp	0
8-DCAGCTGH	STREME-8	1.4e-003	peak_45	13.15	tp	0
8-DCAGCTGH	STREME-8	1.4e-003	peak_590	13.15	tp	0
8-DCAGCTGH	STREME-8	1.4e-003	peak_858	13.15	tp	0
8-DCAGCTGH	STREME-8	1.4e-003	peak_640	13.15	tp	0
8-DCAGCTGH	STREME-8	1.4e-003	peak_556	13.15	tp	0
8-DCAGCTGH	STREME-8	1.4e-003	peak_377	13.15	tp	0
8-DCAGCTGH	STREME-8	1.4e-003	peak_163	13.15	tp	0
8-DCAGCTGH	STREME-8	1.4e-003	peak_813	13.15	tp	0
8-DCAGCTGH	STREME-8	1.4e-003	peak_107	13.15	tp	0
8-DCAGCTGH	STREME-8	1.4e-003	peak_797	13.15	tp	0
8-DCAGCTGH	STREME-8	1.4e-003	peak_40	13.15	tp	0
8-DCAGCTGH	STREME-8	1.4e-003	peak_653	13.15	fp	0
8-DCAGCTGH	STREME-8	1.4e-003	peak_139	13.15	fp	0
8-DCAGCTGH	STREME-8	1.4e-003	peak_214	13.12	tp	0
8-DCAGCTGH	STREME-8	1.4e-003	peak_786	13.12	tp	0
8-DCAGCTGH	STREME-8	1.4e-003	peak_605	13.12	tp	0
8-DCAGCTGH	STREME-8	1.4e-003	peak_620	13.12	tp	0
8-DCAGCTGH	STREME-8	1.4e-003	peak_294	13.12	tp	0
8-DCAGCTGH	STREME-8	1.4e-003	peak_867	13.12	tp	0
8-DCAGCTGH	STREME-8	1.4e-003	peak_650	13.12	tp	0
8-DCAGCTGH	STREME-8	1.4e-003	peak_407	13.12	tp	0
8-DCAGCTGH	STREME-8	1.4e-003	peak_853	13.12	tp	0
8-DCAGCTGH	STREME-8	1.4e-003	peak_272	13.12	tp	0
8-DCAGCTGH	STREME-8	1.4e-003	peak_48	13.12	tp	0
8-DCAGCTGH	STREME-8	1.4e-003	peak_41	13.12	tp	0
8-DCAGCTGH	STREME-8	1.4e-003	peak_814	13.12	tp	0
8-DCAGCTGH	STREME-8	1.4e-003	peak_811	13.12	tp	0
8-DCAGCTGH	STREME-8	1.4e-003	peak_791	13.12	tp	0
8-DCAGCTGH	STREME-8	1.4e-003	peak_862	13.12	fp	0
8-DCAGCTGH	STREME-8	1.4e-003	peak_623	13.12	fp	0
8-DCAGCTGH	STREME-8	1.4e-003	peak_393	13.12	fp	0
8-DCAGCTGH	STREME-8	1.4e-003	peak_352	13.12	fp	0
8-DCAGCTGH	STREME-8	1.4e-003	peak_582	13.12	fp	0
8-DCAGCTGH	STREME-8	1.4e-003	peak_178	13.12	fp	0
8-DCAGCTGH	STREME-8	1.4e-003	peak_287	13.12	fp	0
8-DCAGCTGH	STREME-8	1.4e-003	peak_190	13.12	tp	1
8-DCAGCTGH	STREME-8	1.4e-003	peak_130	13.12	tp	1
8-DCAGCTGH	STREME-8	1.4e-003	peak_133	13.12	tp	1
8-DCAGCTGH	STREME-8	1.4e-003	peak_19	12.42	tp	0
8-DCAGCTGH	STREME-8	1.4e-003	peak_298	12.42	tp	0
8-DCAGCTGH	STREME-8	1.4e-003	peak_738	12.42	tp	0
8-DCAGCTGH	STREME-8	1.4e-003	peak_429	12.42	tp	0
8-DCAGCTGH	STREME-8	1.4e-003	peak_47	12.42	tp	0
8-DCAGCTGH	STREME-8	1.4e-003	peak_759	12.42	tp	0
8-DCAGCTGH	STREME-8	1.4e-003	peak_839	12.42	tp	0
8-DCAGCTGH	STREME-8	1.4e-003	peak_91	12.42	tp	0
8-DCAGCTGH	STREME-8	1.4e-003	peak_488	12.42	tp	0
8-DCAGCTGH	STREME-8	1.4e-003	peak_538	12.42	tp	0
8-DCAGCTGH	STREME-8	1.4e-003	peak_410	12.42	tp	0
8-DCAGCTGH	STREME-8	1.4e-003	peak_448	12.42	tp	0
8-DCAGCTGH	STREME-8	1.4e-003	peak_778	12.42	tp	0
8-DCAGCTGH	STREME-8	1.4e-003	peak_599	12.42	tp	0
8-DCAGCTGH	STREME-8	1.4e-003	peak_446	12.42	tp	0
8-DCAGCTGH	STREME-8	1.4e-003	peak_764	12.42	tp	0
8-DCAGCTGH	STREME-8	1.4e-003	peak_659	12.42	tp	0
8-DCAGCTGH	STREME-8	1.4e-003	peak_452	12.42	tp	0
8-DCAGCTGH	STREME-8	1.4e-003	peak_520	12.42	tp	0
8-DCAGCTGH	STREME-8	1.4e-003	peak_806	12.42	tp	0
8-DCAGCTGH	STREME-8	1.4e-003	peak_745	12.42	tp	0
8-DCAGCTGH	STREME-8	1.4e-003	peak_376	12.42	tp	0
8-DCAGCTGH	STREME-8	1.4e-003	peak_475	12.42	tp	0
8-DCAGCTGH	STREME-8	1.4e-003	peak_627	12.42	tp	0
8-DCAGCTGH	STREME-8	1.4e-003	peak_517	12.42	tp	0
8-DCAGCTGH	STREME-8	1.4e-003	peak_531	12.42	tp	0
8-DCAGCTGH	STREME-8	1.4e-003	peak_246	12.42	tp	0
8-DCAGCTGH	STREME-8	1.4e-003	peak_405	12.42	tp	0
8-DCAGCTGH	STREME-8	1.4e-003	peak_308	12.42	tp	0
8-DCAGCTGH	STREME-8	1.4e-003	peak_154	12.42	tp	0
8-DCAGCTGH	STREME-8	1.4e-003	peak_142	12.42	tp	0
8-DCAGCTGH	STREME-8	1.4e-003	peak_385	12.42	tp	0
8-DCAGCTGH	STREME-8	1.4e-003	peak_367	12.42	tp	0
8-DCAGCTGH	STREME-8	1.4e-003	peak_543	12.42	tp	0
8-DCAGCTGH	STREME-8	1.4e-003	peak_615	12.42	tp	0
8-DCAGCTGH	STREME-8	1.4e-003	peak_476	12.42	tp	0
8-DCAGCTGH	STREME-8	1.4e-003	peak_423	12.42	tp	0
8-DCAGCTGH	STREME-8	1.4e-003	peak_532	12.42	tp	0
8-DCAGCTGH	STREME-8	1.4e-003	peak_146	12.42	tp	0
8-DCAGCTGH	STREME-8	1.4e-003	peak_785	12.42	tp	0
8-DCAGCTGH	STREME-8	1.4e-003	peak_597	12.42	tp	0
8-DCAGCTGH	STREME-8	1.4e-003	peak_46	12.42	tp	0
8-DCAGCTGH	STREME-8	1.4e-003	peak_259	12.42	tp	0
8-DCAGCTGH	STREME-8	1.4e-003	peak_343	12.42	tp	0
8-DCAGCTGH	STREME-8	1.4e-003	peak_166	12.42	tp	0
8-DCAGCTGH	STREME-8	1.4e-003	peak_482	12.42	tp	0
8-DCAGCTGH	STREME-8	1.4e-003	peak_781	12.42	fp	0
8-DCAGCTGH	STREME-8	1.4e-003	peak_346	12.42	fp	0
8-DCAGCTGH	STREME-8	1.4e-003	peak_172	12.42	fp	0
8-DCAGCTGH	STREME-8	1.4e-003	peak_188	12.42	fp	0
8-DCAGCTGH	STREME-8	1.4e-003	peak_277	12.42	fp	0
8-DCAGCTGH	STREME-8	1.4e-003	peak_659	12.42	fp	0
8-DCAGCTGH	STREME-8	1.4e-003	peak_3	12.42	fp	0
8-DCAGCTGH	STREME-8	1.4e-003	peak_680	12.42	fp	0
8-DCAGCTGH	STREME-8	1.4e-003	peak_663	12.42	fp	0
8-DCAGCTGH	STREME-8	1.4e-003	peak_94	12.42	fp	0
8-DCAGCTGH	STREME-8	1.4e-003	peak_197	12.42	fp	0
8-DCAGCTGH	STREME-8	1.4e-003	peak_868	12.42	fp	0
8-DCAGCTGH	STREME-8	1.4e-003	peak_34	12.42	fp	0
8-DCAGCTGH	STREME-8	1.4e-003	peak_538	12.42	fp	0
8-DCAGCTGH	STREME-8	1.4e-003	peak_825	12.42	tp	1
8-DCAGCTGH	STREME-8	1.4e-003	peak_174	12.42	tp	1
8-DCAGCTGH	STREME-8	1.4e-003	peak_837	12.42	tp	1
8-DCAGCTGH	STREME-8	1.4e-003	peak_391	12.42	tp	1
8-DCAGCTGH	STREME-8	1.4e-003	peak_264	12.42	tp	1
8-DCAGCTGH	STREME-8	1.4e-003	peak_182	12.42	tp	1
8-DCAGCTGH	STREME-8	1.4e-003	peak_381	12.42	tp	1
8-DCAGCTGH	STREME-8	1.4e-003	peak_396	12.42	fp	1
8-DCAGCTGH	STREME-8	1.4e-003	peak_312	12.42	fp	1
8-DCAGCTGH	STREME-8	1.4e-003	peak_533	12.42	fp	1
8-DCAGCTGH	STREME-8	1.4e-003	peak_364	11.68	tp	0
8-DCAGCTGH	STREME-8	1.4e-003	peak_788	11.68	tp	0
8-DCAGCTGH	STREME-8	1.4e-003	peak_346	11.68	tp	0
8-DCAGCTGH	STREME-8	1.4e-003	peak_279	11.68	tp	0
8-DCAGCTGH	STREME-8	1.4e-003	peak_71	11.68	tp	0
8-DCAGCTGH	STREME-8	1.4e-003	peak_836	11.68	tp	0
8-DCAGCTGH	STREME-8	1.4e-003	peak_113	11.68	tp	0
8-DCAGCTGH	STREME-8	1.4e-003	peak_13	11.68	tp	0
8-DCAGCTGH	STREME-8	1.4e-003	peak_61	11.68	tp	0
8-DCAGCTGH	STREME-8	1.4e-003	peak_528	11.68	tp	0
8-DCAGCTGH	STREME-8	1.4e-003	peak_76	11.68	tp	0
8-DCAGCTGH	STREME-8	1.4e-003	peak_454	11.68	tp	0
8-DCAGCTGH	STREME-8	1.4e-003	peak_442	11.68	fp	0
8-DCAGCTGH	STREME-8	1.4e-003	peak_404	11.68	tp	1
8-DCAGCTGH	STREME-8	1.4e-003	peak_794	10.58	tp	0
8-DCAGCTGH	STREME-8	1.4e-003	peak_270	10.58	tp	0
8-DCAGCTGH	STREME-8	1.4e-003	peak_665	10.58	tp	0
8-DCAGCTGH	STREME-8	1.4e-003	peak_777	10.58	tp	0
8-DCAGCTGH	STREME-8	1.4e-003	peak_668	10.58	tp	0
8-DCAGCTGH	STREME-8	1.4e-003	peak_369	10.58	tp	0
8-DCAGCTGH	STREME-8	1.4e-003	peak_103	10.58	tp	0
8-DCAGCTGH	STREME-8	1.4e-003	peak_820	10.58	tp	0
8-DCAGCTGH	STREME-8	1.4e-003	peak_726	10.58	tp	0
8-DCAGCTGH	STREME-8	1.4e-003	peak_496	10.58	tp	0
8-DCAGCTGH	STREME-8	1.4e-003	peak_671	10.58	tp	0
8-DCAGCTGH	STREME-8	1.4e-003	peak_696	10.58	tp	0
8-DCAGCTGH	STREME-8	1.4e-003	peak_497	10.58	tp	0
8-DCAGCTGH	STREME-8	1.4e-003	peak_275	10.58	tp	0
8-DCAGCTGH	STREME-8	1.4e-003	peak_656	10.58	tp	0
8-DCAGCTGH	STREME-8	1.4e-003	peak_215	10.58	fp	0
8-DCAGCTGH	STREME-8	1.4e-003	peak_724	10.58	tp	1
8-DCAGCTGH	STREME-8	1.4e-003	peak_1	10.45	tp	0
8-DCAGCTGH	STREME-8	1.4e-003	peak_757	10.45	tp	0
8-DCAGCTGH	STREME-8	1.4e-003	peak_536	10.45	tp	0
8-DCAGCTGH	STREME-8	1.4e-003	peak_652	10.45	tp	0
8-DCAGCTGH	STREME-8	1.4e-003	peak_255	10.45	tp	0
8-DCAGCTGH	STREME-8	1.4e-003	peak_134	10.45	tp	0
8-DCAGCTGH	STREME-8	1.4e-003	peak_554	10.45	tp	0
8-DCAGCTGH	STREME-8	1.4e-003	peak_610	10.45	tp	0
8-DCAGCTGH	STREME-8	1.4e-003	peak_817	10.45	tp	0
8-DCAGCTGH	STREME-8	1.4e-003	peak_342	10.45	tp	0
8-DCAGCTGH	STREME-8	1.4e-003	peak_459	10.45	fp	0
8-DCAGCTGH	STREME-8	1.4e-003	peak_40	10.45	fp	0
8-DCAGCTGH	STREME-8	1.4e-003	peak_827	10.45	tp	1
8-DCAGCTGH	STREME-8	1.4e-003	peak_782	9.87	tp	0
8-DCAGCTGH	STREME-8	1.4e-003	peak_831	9.87	tp	0
8-DCAGCTGH	STREME-8	1.4e-003	peak_365	9.87	tp	0
8-DCAGCTGH	STREME-8	1.4e-003	peak_140	9.87	tp	0
8-DCAGCTGH	STREME-8	1.4e-003	peak_394	9.87	tp	0
8-DCAGCTGH	STREME-8	1.4e-003	peak_800	9.87	tp	0
8-DCAGCTGH	STREME-8	1.4e-003	peak_136	9.87	tp	0
8-DCAGCTGH	STREME-8	1.4e-003	peak_660	9.87	tp	0
8-DCAGCTGH	STREME-8	1.4e-003	peak_432	9.87	tp	0
8-DCAGCTGH	STREME-8	1.4e-003	peak_577	9.87	tp	0
8-DCAGCTGH	STREME-8	1.4e-003	peak_304	9.87	tp	0
8-DCAGCTGH	STREME-8	1.4e-003	peak_301	9.87	tp	0
8-DCAGCTGH	STREME-8	1.4e-003	peak_18	9.87	tp	0
8-DCAGCTGH	STREME-8	1.4e-003	peak_235	9.87	tp	0
8-DCAGCTGH	STREME-8	1.4e-003	peak_694	9.87	tp	0
8-DCAGCTGH	STREME-8	1.4e-003	peak_673	9.87	tp	0
8-DCAGCTGH	STREME-8	1.4e-003	peak_828	9.87	tp	0
8-DCAGCTGH	STREME-8	1.4e-003	peak_691	9.87	tp	0
8-DCAGCTGH	STREME-8	1.4e-003	peak_630	9.87	tp	0
8-DCAGCTGH	STREME-8	1.4e-003	peak_613	9.87	tp	0
8-DCAGCTGH	STREME-8	1.4e-003	peak_317	9.87	tp	0
8-DCAGCTGH	STREME-8	1.4e-003	peak_102	9.87	tp	0
8-DCAGCTGH	STREME-8	1.4e-003	peak_420	9.87	tp	0
8-DCAGCTGH	STREME-8	1.4e-003	peak_862	9.87	tp	0
8-DCAGCTGH	STREME-8	1.4e-003	peak_143	9.87	tp	0
8-DCAGCTGH	STREME-8	1.4e-003	peak_162	9.87	tp	0
8-DCAGCTGH	STREME-8	1.4e-003	peak_282	9.87	fp	0
8-DCAGCTGH	STREME-8	1.4e-003	peak_678	9.87	fp	0
8-DCAGCTGH	STREME-8	1.4e-003	peak_673	9.87	fp	0
8-DCAGCTGH	STREME-8	1.4e-003	peak_858	9.87	fp	0
8-DCAGCTGH	STREME-8	1.4e-003	peak_733	9.87	fp	0
8-DCAGCTGH	STREME-8	1.4e-003	peak_511	9.87	fp	0
8-DCAGCTGH	STREME-8	1.4e-003	peak_369	9.87	fp	0
8-DCAGCTGH	STREME-8	1.4e-003	peak_840	9.87	tp	1
8-DCAGCTGH	STREME-8	1.4e-003	peak_689	9.87	tp	1
8-DCAGCTGH	STREME-8	1.4e-003	peak_674	9.87	tp	1
8-DCAGCTGH	STREME-8	1.4e-003	peak_601	9.87	tp	1
8-DCAGCTGH	STREME-8	1.4e-003	peak_768	9.87	tp	1
8-DCAGCTGH	STREME-8	1.4e-003	peak_153	9.74	tp	0
8-DCAGCTGH	STREME-8	1.4e-003	peak_242	9.74	tp	0
8-DCAGCTGH	STREME-8	1.4e-003	peak_223	9.74	tp	0
8-DCAGCTGH	STREME-8	1.4e-003	peak_775	9.74	tp	0
8-DCAGCTGH	STREME-8	1.4e-003	peak_239	9.74	tp	0
8-DCAGCTGH	STREME-8	1.4e-003	peak_812	9.74	tp	0
8-DCAGCTGH	STREME-8	1.4e-003	peak_593	9.74	tp	0
8-DCAGCTGH	STREME-8	1.4e-003	peak_838	9.74	tp	0
8-DCAGCTGH	STREME-8	1.4e-003	peak_63	9.74	tp	0
8-DCAGCTGH	STREME-8	1.4e-003	peak_169	9.74	tp	0
8-DCAGCTGH	STREME-8	1.4e-003	peak_187	9.74	tp	0
8-DCAGCTGH	STREME-8	1.4e-003	peak_540	9.74	tp	0
8-DCAGCTGH	STREME-8	1.4e-003	peak_851	9.74	tp	0
8-DCAGCTGH	STREME-8	1.4e-003	peak_273	9.74	tp	0
8-DCAGCTGH	STREME-8	1.4e-003	peak_799	9.74	tp	0
8-DCAGCTGH	STREME-8	1.4e-003	peak_320	9.74	fp	0
8-DCAGCTGH	STREME-8	1.4e-003	peak_297	9.74	fp	0
8-DCAGCTGH	STREME-8	1.4e-003	peak_757	9.74	fp	0
8-DCAGCTGH	STREME-8	1.4e-003	peak_128	9.74	fp	0
8-DCAGCTGH	STREME-8	1.4e-003	peak_500	9.74	fp	0
8-DCAGCTGH	STREME-8	1.4e-003	peak_355	9.74	fp	1
8-DCAGCTGH	STREME-8	1.4e-003	peak_859	9.74	fp	1
8-DCAGCTGH	STREME-8	1.4e-003	peak_501	9.74	fp	1
#
9-GCGSCGC	STREME-9	3.8e-003	peak_679	13.95	tp	0
9-GCGSCGC	STREME-9	3.8e-003	peak_504	13.95	tp	0
9-GCGSCGC	STREME-9	3.8e-003	peak_775	13.95	tp	0
9-GCGSCGC	STREME-9	3.8e-003	peak_816	13.95	tp	0
9-GCGSCGC	STREME-9	3.8e-003	peak_853	13.95	tp	0
9-GCGSCGC	STREME-9	3.8e-003	peak_297	13.95	tp	0
9-GCGSCGC	STREME-9	3.8e-003	peak_176	13.95	tp	0
9-GCGSCGC	STREME-9	3.8e-003	peak_149	13.95	tp	0
9-GCGSCGC	STREME-9	3.8e-003	peak_312	13.95	tp	0
9-GCGSCGC	STREME-9	3.8e-003	peak_53	13.95	tp	0
9-GCGSCGC	STREME-9	3.8e-003	peak_399	13.95	tp	0
9-GCGSCGC	STREME-9	3.8e-003	peak_187	13.95	tp	0
9-GCGSCGC	STREME-9	3.8e-003	peak_707	13.95	tp	0
9-GCGSCGC	STREME-9	3.8e-003	peak_733	13.95	fp	0
9-GCGSCGC	STREME-9	3.8e-003	peak_224	13.95	fp	0
9-GCGSCGC	STREME-9	3.8e-003	peak_832	13.95	fp	0
9-GCGSCGC	STREME-9	3.8e-003	peak_588	13.95	tp	1
9-GCGSCGC	STREME-9	3.8e-003	peak_468	13.95	fp	1
9-GCGSCGC	STREME-9	3.8e-003	peak_214	12.01	tp	0
9-GCGSCGC	STREME-9	3.8e-003	peak_298	12.01	tp	0
9-GCGSCGC	STREME-9	3.8e-003	peak_657	12.01	tp	0
9-GCGSCGC	STREME-9	3.8e-003	peak_747	12.01	tp	0
9-GCGSCGC	STREME-9	3.8e-003	peak_670	12.01	tp	0
9-GCGSCGC	STREME-9	3.8e-003	peak_251	12.01	tp	0
9-GCGSCGC	STREME-9	3.8e-003	peak_341	12.01	tp	0
9-GCGSCGC	STREME-9	3.8e-003	peak_749	12.01	tp	0
9-GCGSCGC	STREME-9	3.8e-003	peak_42	12.01	tp	0
9-GCGSCGC	STREME-9	3.8e-003	peak_542	12.01	tp	0
9-GCGSCGC	STREME-9	3.8e-003	peak_2	12.01	tp	0
9-GCGSCGC	STREME-9	3.8e-003	peak_620	12.01	tp	0
9-GCGSCGC	STREME-9	3.8e-003	peak_193	12.01	tp	0
9-GCGSCGC	STREME-9	3.8e-003	peak_663	12.01	tp	0
9-GCGSCGC	STREME-9	3.8e-003	peak_374	12.01	tp	0
9-GCGSCGC	STREME-9	3.8e-003	peak_85	12.01	tp	0
9-GCGSCGC	STREME-9	3.8e-003	peak_28	12.01	tp	0
9-GCGSCGC	STREME-9	3.8e-003	peak_223	12.01	tp	0
9-GCGSCGC	STREME-9	3.8e-003	peak_822	12.01	tp	0
9-GCGSCGC	STREME-9	3.8e-003	peak_586	12.01	tp	0
9-GCGSCGC	STREME-9	3.8e-003	peak_863	12.01	tp	0
9-GCGSCGC	STREME-9	3.8e-003	peak_379	12.01	tp	0
9-GCGSCGC	STREME-9	3.8e-003	peak_90	12.01	tp	0
9-GCGSCGC	STREME-9	3.8e-003	peak_407	12.01	tp	0
9-GCGSCGC	STREME-9	3.8e-003	peak_48	12.01	tp	0
9-GCGSCGC	STREME-9	3.8e-003	peak_219	12.01	tp	0
9-GCGSCGC	STREME-9	3.8e-003	peak_767	12.01	tp	0
9-GCGSCGC	STREME-9	3.8e-003	peak_389	12.01	tp	0
9-GCGSCGC	STREME-9	3.8e-003	peak_593	12.01	tp	0
9-GCGSCGC	STREME-9	3.8e-003	peak_594	12.01	tp	0
9-GCGSCGC	STREME-9	3.8e-003	peak_587	12.01	tp	0
9-GCGSCGC	STREME-9	3.8e-003	peak_337	12.01	tp	0
9-GCGSCGC	STREME-9	3.8e-003	peak_405	12.01	tp	0
9-GCGSCGC	STREME-9	3.8e-003	peak_523	12.01	tp	0
9-GCGSCGC	STREME-9	3.8e-003	peak_241	12.01	tp	0
9-GCGSCGC	STREME-9	3.8e-003	peak_192	12.01	tp	0
9-GCGSCGC	STREME-9	3.8e-003	peak_122	12.01	tp	0
9-GCGSCGC	STREME-9	3.8e-003	peak_99	12.01	tp	0
9-GCGSCGC	STREME-9	3.8e-003	peak_709	12.01	tp	0
9-GCGSCGC	STREME-9	3.8e-003	peak_630	12.01	tp	0
9-GCGSCGC	STREME-9	3.8e-003	peak_115	12.01	tp	0
9-GCGSCGC	STREME-9	3.8e-003	peak_553	12.01	tp	0
9-GCGSCGC	STREME-9	3.8e-003	peak_858	12.01	tp	0
9-GCGSCGC	STREME-9	3.8e-003	peak_459	12.01	tp	0
9-GCGSCGC	STREME-9	3.8e-003	peak_557	12.01	tp	0
9-GCGSCGC	STREME-9	3.8e-003	peak_27	12.01	tp	0
9-GCGSCGC	STREME-9	3.8e-003	peak_342	12.01	tp	0
9-GCGSCGC	STREME-9	3.8e-003	peak_801	12.01	tp	0
9-GCGSCGC	STREME-9	3.8e-003	peak_769	12.01	tp	0
9-GCGSCGC	STREME-9	3.8e-003	peak_129	12.01	tp	0
9-GCGSCGC	STREME-9	3.8e-003	peak_444	12.01	tp	0
9-GCGSCGC	STREME-9	3.8e-003	peak_639	12.01	tp	0
9-GCGSCGC	STREME-9	3.8e-003	peak_468	12.01	tp	0
9-GCGSCGC	STREME-9	3.8e-003	peak_256	12.01	tp	0
9-GCGSCGC	STREME-9	3.8e-003	peak_781	12.01	fp	0
9-GCGSCGC	STREME-9	3.8e-003	peak_839	12.01	fp	0
9-GCGSCGC	STREME-9	3.8e-003	peak_453	12.01	fp	0
9-GCGSCGC	STREME-9	3.8e-003	peak_459	12.01	fp	0
9-GCGSCGC	STREME-9	3.8e-003	peak_185	12.01	fp	0
9-GCGSCGC	STREME-9	3.8e-003	peak_153	12.01	fp	0
9-GCGSCGC	STREME-9	3.8e-003	peak_760	12.01	fp	0
9-GCGSCGC	STREME-9	3.8e-003	peak_680	12.01	fp	0
9-GCGSCGC	STREME-9	3.8e-003	peak_562	12.01	fp	0
9-GCGSCGC	STREME-9	3.8e-003	peak_620	12.01	fp	0
9-GCGSCGC	STREME-9	3.8e-003	peak_300	12.01	fp	0
9-GCGSCGC	STREME-9	3.8e-003	peak_673	12.01	fp	0
9-GCGSCGC	STREME-9	3.8e-003	peak_56	12.01	fp	0
9-GCGSCGC	STREME-9	3.8e-003	peak_767	12.01	fp	0
9-GCGSCGC	STREME-9	3.8e-003	peak_386	12.01	fp	0
9-GCGSCGC	STREME-9	3.8e-003	peak_237	12.01	fp	0
9-GCGSCGC	STREME-9	3.8e-003	peak_76	12.01	fp	0
9-GCGSCGC	STREME-9	3.8e-003	peak_182	12.01	fp	0
9-GCGSCGC	STREME-9	3.8e-003	peak_867	12.01	fp	0
9-GCGSCGC	STREME-9	3.8e-003	peak_276	12.01	fp	0
9-GCGSCGC	STREME-9	3.8e-003	peak_151	12.01	fp	0
9-GCGSCGC	STREME-9	3.8e-003	peak_868	12.01	fp	0
9-GCGSCGC	STREME-9	3.8e-003	peak_572	12.01	fp	0
9-GCGSCGC	STREME-9	3.8e-003	peak_837	12.01	tp	1
9-GCGSCGC	STREME-9	3.8e-003	peak_840	12.01	tp	1
9-GCGSCGC	STREME-9	3.8e-003	peak_689	12.01	tp	1
9-GCGSCGC	STREME-9	3.8e-003	peak_674	12.01	tp	1
9-GCGSCGC	STREME-9	3.8e-003	peak_546	12.01	tp	1
9-GCGSCGC	STREME-9	3.8e-003	peak_851	12.01	fp	1
9-GCGSCGC	STREME-9	3.8e-003	peak_627	12.01	fp	1
9-GCGSCGC	STREME-9	3.8e-003	peak_451	12.01	fp	1
9-GCGSCGC	STREME-9	3.8e-003	peak_469	10.79	tp	0
9-GCGSCGC	STREME-9	3.8e-003	peak_864	10.79	tp	0
9-GCGSCGC	STREME-9	3.8e-003	peak_89	10.79	tp	0
9-GCGSCGC	STREME-9	3.8e-003	peak_318	10.79	tp	0
9-GCGSCGC	STREME-9	3.8e-003	peak_47	10.79	tp	0
9-GCGSCGC	STREME-9	3.8e-003	peak_213	10.79	tp	0
9-GCGSCGC	STREME-9	3.8e-003	peak_839	10.79	tp	0
9-GCGSCGC	STREME-9	3.8e-003	peak_651	10.79	tp	0
9-GCGSCGC	STREME-9	3.8e-003	peak_35	10.79	tp	0
9-GCGSCGC	STREME-9	3.8e-003	peak_608	10.79	tp	0
9-GCGSCGC	STREME-9	3.8e-003	peak_778	10.79	tp	0
9-GCGSCGC	STREME-9	3.8e-003	peak_369	10.79	tp	0
9-GCGSCGC	STREME-9	3.8e-003	peak_307	10.79	tp	0
9-GCGSCGC	STREME-9	3.8e-003	peak_37	10.79	tp	0
9-GCGSCGC	STREME-9	3.8e-003	peak_375	10.79	tp	0
9-GCGSCGC	STREME-9	3.8e-003	peak_77	10.79	tp	0
9-GCGSCGC	STREME-9	3.8e-003	peak_838	10.79	tp	0
9-GCGSCGC	STREME-9	3.8e-003	peak_3	10.79	tp	0
9-GCGSCGC	STREME-9	3.8e-003	peak_729	10.79	tp	0
9-GCGSCGC	STREME-9	3.8e-003	peak_113	10.79	tp	0
9-GCGSCGC	STREME-9	3.8e-003	peak_742	10.79	tp	0
9-GCGSCGC	STREME-9	3.8e-003	peak_317	10.79	tp	0
9-GCGSCGC	STREME-9	3.8e-003	peak_195	10.79	tp	0
9-GCGSCGC	STREME-9	3.8e-003	peak_135	10.79	tp	0
9-GCGSCGC	STREME-9	3.8e-003	peak_726	10.79	tp	0
9-GCGSCGC	STREME-9	3.8e-003	peak_496	10.79	tp	0
9-GCGSCGC	STREME-9	3.8e-003	peak_440	10.79	tp	0
9-GCGSCGC	STREME-9	3.8e-003	peak_715	10.79	tp	0
9-GCGSCGC	STREME-9	3.8e-003	peak_64	10.79	tp	0
9-GCGSCGC	STREME-9	3.8e-003	peak_333	10.79	tp	0
9-GCGSCGC	STREME-9	3.8e-003	peak_392	10.79	tp	0
9-GCGSCGC	STREME-9	3.8e-003	peak_507	10.79	tp	0
9-GCGSCGC	STREME-9	3.8e-003	peak_311	10.79	tp	0
9-GCGSCGC	STREME-9	3.8e-003	peak_420	10.79	tp	0
9-GCGSCGC	STREME-9	3.8e-003	peak_420	10.79	fp	0
9-GCGSCGC	STREME-9	3.8e-003	peak_747	10.79	fp	0
9-GCGSCGC	STREME-9	3.8e-003	peak_288	10.79	fp	0
9-GCGSCGC	STREME-9	3.8e-003	peak_583	10.79	fp	0
9-GCGSCGC	STREME-9	3.8e-003	peak_74	10.79	fp	0
9-GCGSCGC	STREME-9	3.8e-003	peak_232	10.79	fp	0
9-GCGSCGC	STREME-9	3.8e-003	peak_723	10.79	fp	0
9-GCGSCGC	STREME-9	3.8e-003	peak_215	10.79	fp	0
9-GCGSCGC	STREME-9	3.8e-003	peak_657	10.79	fp	0
9-GCGSCGC	STREME-9	3.8e-003	peak_864	10.79	fp	0
9-GCGSCGC	STREME-9	3.8e-003	peak_565	10.79	fp	0
9-GCGSCGC	STREME-9	3.8e-003	peak_714	10.79	fp	0
9-GCGSCGC	STREME-9	3.8e-003	peak_429	10.79	fp	0
9-GCGSCGC	STREME-9	3.8e-003	peak_534	10.79	fp	0
9-GCGSCGC	STREME-9	3.8e-003	peak_149	10.79	fp	0
9-GCGSCGC	STREME-9	3.8e-003	peak_578	10.79	fp	0
9-GCGSCGC	STREME-9	3.8e-003	peak_665	10.79	fp	0
9-GCGSCGC	STREME-9	3.8e-003	peak_275	10.79	fp	0
9-GCGSCGC	STREME-9	3.8e-003	peak_133	10.79	fp	0
9-GCGSCGC	STREME-9	3.8e-003	peak_676	10.79	fp	0
9-GCGSCGC	STREME-9	3.8e-003	peak_407	10.79	fp	0
9-GCGSCGC	STREME-9	3.8e-003	peak_139	10.79	fp	0
9-GCGSCGC	STREME-9	3.8e-003	peak_20	10.79	fp	0
9-GCGSCGC	STREME-9	3.8e-003	peak_369	10.79	fp	0
9-GCGSCGC	STREME-9	3.8e-003	peak_464	10.79	fp	0
9-GCGSCGC	STREME-9	3.8e-003	peak_270	10.79	fp	0
9-GCGSCGC	STREME-9	3.8e-003	peak_217	10.79	fp	0
9-GCGSCGC	STREME-9	3.8e-003	peak_12	10.79	fp	0
9-GCGSCGC	STREME-9	3.8e-003	peak_669	10.79	fp	0
9-GCGSCGC	STREME-9	3.8e-003	peak_404	10.79	tp	1
9-GCGSCGC	STREME-9	3.8e-003	peak_228	10.79	tp	1
9-GCGSCGC	STREME-9	3.8e-003	peak_188	10.79	tp	1
9-GCGSCGC	STREME-9	3.8e-003	peak_416	10.79	tp	1
9-GCGSCGC	STREME-9	3.8e-003	peak_570	10.79	tp	1
9-GCGSCGC	STREME-9	3.8e-003	peak_271	10.79	fp	1
9-GCGSCGC	STREME-9	3.8e-003	peak_484	10.79	fp	1
9-GCGSCGC	STREME-9	3.8e-003	peak_501	10.79	fp	1
9-GCGSCGC	STREME-9	3.8e-003	peak_334	10.06	tp	0
9-GCGSCGC	STREME-9	3.8e-003	peak_270	10.06	tp	0
9-GCGSCGC	STREME-9	3.8e-003	peak_530	10.06	tp	0
9-GCGSCGC	STREME-9	3.8e-003	peak_472	10.06	tp	0
9-GCGSCGC	STREME-9	3.8e-003	peak_167	10.06	tp	0
9-GCGSCGC	STREME-9	3.8e-003	peak_62	10.06	tp	0
9-GCGSCGC	STREME-9	3.8e-003	peak_660	10.06	tp	0
9-GCGSCGC	STREME-9	3.8e-003	peak_632	10.06	tp	0
9-GCGSCGC	STREME-9	3.8e-003	peak_271	10.06	tp	0
9-GCGSCGC	STREME-9	3.8e-003	peak_164	10.06	tp	0
9-GCGSCGC	STREME-9	3.8e-003	peak_301	10.06	tp	0
9-GCGSCGC	STREME-9	3.8e-003	peak_626	10.06	tp	0
9-GCGSCGC	STREME-9	3.8e-003	peak_673	10.06	tp	0
9-GCGSCGC	STREME-9	3.8e-003	peak_83	10.06	tp	0
9-GCGSCGC	STREME-9	3.8e-003	peak_139	10.06	tp	0
9-GCGSCGC	STREME-9	3.8e-003	peak_501	10.06	tp	0
9-GCGSCGC	STREME-9	3.8e-003	peak_641	10.06	tp	0
9-GCGSCGC	STREME-9	3.8e-003	peak_849	10.06	tp	0
9-GCGSCGC	STREME-9	3.8e-003	peak_727	10.06	tp	0
9-GCGSCGC	STREME-9	3.8e-003	peak_862	10.06	tp	0
9-GCGSCGC	STREME-9	3.8e-003	peak_852	10.06	tp	0
9-GCGSCGC	STREME-9	3.8e-003	peak_553	10.06	fp	0
9-GCGSCGC	STREME-9	3.8e-003	peak_546	10.06	fp	0
9-GCGSCGC	STREME-9	3.8e-003	peak_520	10.06	fp	0
9-GCGSCGC	STREME-9	3.8e-003	peak_40	10.06	fp	0
9-GCGSCGC	STREME-9	3.8e-003	peak_142	10.06	fp	0
9-GCGSCGC	STREME-9	3.8e-003	peak_634	10.06	fp	0
9-GCGSCGC	STREME-9	3.8e-003	peak_309	10.06	fp	0
9-GCGSCGC	STREME-9	3.8e-003	peak_751	10.06	fp	0
9-GCGSCGC	STREME-9	3.8e-003	peak_311	10.06	fp	0
9-GCGSCGC	STREME-9	3.8e-003	peak_718	10.06	fp	0
9-GCGSCGC	STREME-9	3.8e-003	peak_223	10.06	fp	0
9-GCGSCGC	STREME-9	3.8e-003	peak_763	10.06	fp	0
9-GCGSCGC	STREME-9	3.8e-003	peak_704	10.06	fp	0
9-GCGSCGC	STREME-9	3.8e-003	peak_828	10.06	fp	0
9-GCGSCGC	STREME-9	3.8e-003	peak_22	10.06	fp	0
9-GCGSCGC	STREME-9	3.8e-003	peak_176	10.06	fp	0
9-GCGSCGC	STREME-9	3.8e-003	peak_219	10.06	fp	0
9-GCGSCGC	STREME-9	3.8e-003	peak_724	10.06	fp	0
9-GCGSCGC	STREME-9	3.8e-003	peak_730	10.06	fp	0
9-GCGSCGC	STREME-9	3.8e-003	peak_204	10.06	fp	0
9-GCGSCGC	STREME-9	3.8e-003	peak_8	10.06	fp	0
9-GCGSCGC	STREME-9	3.8e-003	peak_580	10.06	tp	1
9-GCGSCGC	STREME-9	3.8e-003	peak_478	10.06	tp	1
9-GCGSCGC	STREME-9	3.8e-003	peak_338	10.06	tp	1
9-GCGSCGC	STREME-9	3.8e-003	peak_770	9.99	tp	0
9-GCGSCGC	STREME-9	3.8e-003	peak_105	9.99	tp	0
9-GCGSCGC	STREME-9	3.8e-003	peak_222	9.99	tp	0
9-GCGSCGC	STREME-9	3.8e-003	peak_665	9.99	tp	0
9-GCGSCGC	STREME-9	3.8e-003	peak_792	9.99	tp	0
9-GCGSCGC	STREME-9	3.8e-003	peak_511	9.99	tp	0
9-GCGSCGC	STREME-9	3.8e-003	peak_165	9.99	tp	0
9-GCGSCGC	STREME-9	3.8e-003	peak_203	9.99	tp	0
9-GCGSCGC	STREME-9	3.8e-003	peak_230	9.99	tp	0
9-GCGSCGC	STREME-9	3.8e-003	peak_544	9.99	tp	0
9-GCGSCGC	STREME-9	3.8e-003	peak_646	9.99	tp	0
9-GCGSCGC	STREME-9	3.8e-003	peak_528	9.99	tp	0
9-GCGSCGC	STREME-9	3.8e-003	peak_683	9.99	tp	0
9-GCGSCGC	STREME-9	3.8e-003	peak_88	9.99	tp	0
9-GCGSCGC	STREME-9	3.8e-003	peak_589	9.99	tp	0
9-GCGSCGC	STREME-9	3.8e-003	peak_733	9.99	tp	0
9-GCGSCGC	STREME-9	3.8e-003	peak_357	9.99	tp	0
9-GCGSCGC	STREME-9	3.8e-003	peak_296	9.99	fp	0
9-GCGSCGC	STREME-9	3.8e-003	peak_862	9.99	fp	0
9-GCGSCGC	STREME-9	3.8e-003	peak_416	9.99	fp	0
9-GCGSCGC	STREME-9	3.8e-003	peak_113	9.99	fp	0
9-GCGSCGC	STREME-9	3.8e-003	peak_773	9.99	fp	0
9-GCGSCGC	STREME-9	3.8e-003	peak_681	9.99	fp	0
9-GCGSCGC	STREME-9	3.8e-003	peak_329	9.99	fp	0
9-GCGSCGC	STREME-9	3.8e-003	peak_155	9.99	fp	0
9-GCGSCGC	STREME-9	3.8e-003	peak_491	9.99	fp	0
9-GCGSCGC	STREME-9	3.8e-003	peak_551	9.99	fp	0
9-GCGSCGC	STREME-9	3.8e-003	peak_803	9.99	fp	0
9-GCGSCGC	STREME-9	3.8e-003	peak_34	9.99	fp	0
9-GCGSCGC	STREME-9	3.8e-003	peak_722	9.99	tp	1
9-GCGSCGC	STREME-9	3.8e-003	peak_262	9.99	tp	1
9-GCGSCGC	STREME-9	3.8e-003	peak_782	8.84	tp	0
9-GCGSCGC	STREME-9	3.8e-003	peak_140	8.84	tp	0
9-GCGSCGC	STREME-9	3.8e-003	peak_200	8.84	tp	0
9-GCGSCGC	STREME-9	3.8e-003	peak_834	8.84	tp	0
9-GCGSCGC	STREME-9	3.8e-003	peak_777	8.84	tp	0
9-GCGSCGC	STREME-9	3.8e-003	peak_252	8.84	tp	0
9-GCGSCGC	STREME-9	3.8e-003	peak_242	8.84	tp	0
9-GCGSCGC	STREME-9	3.8e-003	peak_667	8.84	tp	0
9-GCGSCGC	STREME-9	3.8e-003	peak_326	8.84	tp	0
9-GCGSCGC	STREME-9	3.8e-003	peak_764	8.84	tp	0
9-GCGSCGC	STREME-9	3.8e-003	peak_158	8.84	tp	0
9-GCGSCGC	STREME-9	3.8e-003	peak_161	8.84	tp	0
9-GCGSCGC	STREME-9	3.8e-003	peak_650	8.84	tp	0
9-GCGSCGC	STREME-9	3.8e-003	peak_292	8.84	tp	0
9-GCGSCGC	STREME-9	3.8e-003	peak_417	8.84	tp	0
9-GCGSCGC	STREME-9	3.8e-003	peak_49	8.84	tp	0
9-GCGSCGC	STREME-9	3.8e-003	peak_272	8.84	tp	0
9-GCGSCGC	STREME-9	3.8e-003	peak_704	8.84	tp	0
9-GCGSCGC	STREME-9	3.8e-003	peak_18	8.84	tp	0
9-GCGSCGC	STREME-9	3.8e-003	peak_54	8.84	tp	0
9-GCGSCGC	STREME-9	3.8e-003	peak_57	8.84	tp	0
9-GCGSCGC	STREME-9	3.8e-003	peak_386	8.84	tp	0
9-GCGSCGC	STREME-9	3.8e-003	peak_109	8.84	tp	0
9-GCGSCGC	STREME-9	3.8e-003	peak_629	8.84	tp	0
9-GCGSCGC	STREME-9	3.8e-003	peak_283	8.84	tp	0
9-GCGSCGC	STREME-9	3.8e-003	peak_87	8.84	tp	0
9-GCGSCGC	STREME-9	3.8e-003	peak_617	8.84	tp	0
9-GCGSCGC	STREME-9	3.8e-003	peak_151	8.84	tp	0
9-GCGSCGC	STREME-9	3.8e-003	peak_349	8.84	tp	0
9-GCGSCGC	STREME-9	3.8e-003	peak_672	8.84	tp	0
9-GCGSCGC	STREME-9	3.8e-003	peak_184	8.84	tp	0
9-GCGSCGC	STREME-9	3.8e-003	peak_527	8.84	tp	0
9-GCGSCGC	STREME-9	3.8e-003	peak_578	8.84	tp	0
9-GCGSCGC	STREME-9	3.8e-003	peak_470	8.84	tp	0
9-GCGSCGC	STREME-9	3.8e-003	peak_819	8.84	tp	0
9-GCGSCGC	STREME-9	3.8e-003	peak_70	8.84	tp	0
9-GCGSCGC	STREME-9	3.8e-003	peak_462	8.84	tp	0
9-GCGSCGC	STREME-9	3.8e-003	peak_132	8.84	tp	0
9-GCGSCGC	STREME-9	3.8e-003	peak_493	8.84	tp	0
9-GCGSCGC	STREME-9	3.8e-003	peak_293	8.84	tp	0
9-GCGSCGC	STREME-9	3.8e-003	peak_275	8.84	tp	0
9-GCGSCGC	STREME-9	3.8e-003	peak_579	8.84	tp	0
9-GCGSCGC	STREME-9	3.8e-003	peak_330	8.84	tp	0
9-GCGSCGC	STREME-9	3.8e-003	peak_163	8.84	tp	0
9-GCGSCGC	STREME-9	3.8e-003	peak_597	8.84	tp	0
9-GCGSCGC	STREME-9	3.8e-003	peak_46	8.84	tp	0
9-GCGSCGC	STREME-9	3.8e-003	peak_107	8.84	tp	0
9-GCGSCGC	STREME-9	3.8e-003	peak_180	8.84	tp	0
9-GCGSCGC	STREME-9	3.8e-003	peak_606	8.84	fp	0
9-GCGSCGC	STREME-9	3.8e-003	peak_4	8.84	fp	0
9-GCGSCGC	STREME-9	3.8e-003	peak_104	8.84	fp	0
9-GCGSCGC	STREME-9	3.8e-003	peak_7	8.84	fp	0
9-GCGSCGC	STREME-9	3.8e-003	peak_656	8.84	fp	0
9-GCGSCGC	STREME-9	3.8e-003	peak_117	8.84	fp	0
9-GCGSCGC	STREME-9	3.8e-003	peak_37	8.84	fp	0
9-GCGSCGC	STREME-9	3.8e-003	peak_279	8.84	fp	0
9-GCGSCGC	STREME-9	3.8e-003	peak_393	8.84	fp	0
9-GCGSCGC	STREME-9	3.8e-003	peak_811	8.84	fp	0
9-GCGSCGC	STREME-9	3.8e-003	peak_444	8.84	fp	0
9-GCGSCGC	STREME-9	3.8e-003	peak_283	8.84	fp	0
9-GCGSCGC	STREME-9	3.8e-003	peak_3	8.84	fp	0
9-GCGSCGC	STREME-9	3.8e-003	peak_17	8.84	fp	0
9-GCGSCGC	STREME-9	3.8e-003	peak_118	8.84	fp	0
9-GCGSCGC	STREME-9	3.8e-003	peak_605	8.84	fp	0
9-GCGSCGC	STREME-9	3.8e-003	peak_193	8.84	fp	0
9-GCGSCGC	STREME-9	3.8e-003	peak_308	8.84	fp	0
9-GCGSCGC	STREME-9	3.8e-003	peak_411	8.84	fp	0
9-GCGSCGC	STREME-9	3.8e-003	peak_214	8.84	fp	0
9-GCGSCGC	STREME-9	3.8e-003	peak_586	8.84	fp	0
9-GCGSCGC	STREME-9	3.8e-003	peak_168	8.84	fp	0
9-GCGSCGC	STREME-9	3.8e-003	peak_62	8.84	fp	0
9-GCGSCGC	STREME-9	3.8e-003	peak_469	8.84	fp	0
9-GCGSCGC	STREME-9	3.8e-003	peak_13	8.84	fp	0
9-GCGSCGC	STREME-9	3.8e-003	peak_85	8.84	fp	0
9-GCGSCGC	STREME-9	3.8e-003	peak_213	8.84	fp	0
9-GCGSCGC	STREME-9	3.8e-003	peak_672	8.84	fp	0
9-GCGSCGC	STREME-9	3.8e-003	peak_30	8.84	fp	0
9-GCGSCGC	STREME-9	3.8e-003	peak_341	8.84	fp	0
9-GCGSCGC	STREME-9	3.8e-003	peak_225	8.84	tp	1
9-GCGSCGC	STREME-9	3.8e-003	peak_827	8.84	tp	1
9-GCGSCGC	STREME-9	3.8e-003	peak_720	8.84	tp	1
9-GCGSCGC	STREME-9	3.8e-003	peak_204	8.84	tp	1
9-GCGSCGC	STREME-9	3.8e-003	peak_355	8.84	fp	1
9-GCGSCGC	STREME-9	3.8e-003	peak_738	8.05	tp	0
9-GCGSCGC	STREME-9	3.8e-003	peak_693	8.05	tp	0
9-GCGSCGC	STREME-9	3.8e-003	peak_669	8.05	tp	0
9-GCGSCGC	STREME-9	3.8e-003	peak_253	8.05	tp	0
9-GCGSCGC	STREME-9	3.8e-003	peak_20	8.05	tp	0
9-GCGSCGC	STREME-9	3.8e-003	peak_541	8.05	tp	0
9-GCGSCGC	STREME-9	3.8e-003	peak_760	8.05	tp	0
9-GCGSCGC	STREME-9	3.8e-003	peak_512	8.05	tp	0
9-GCGSCGC	STREME-9	3.8e-003	peak_545	8.05	tp	0
9-GCGSCGC	STREME-9	3.8e-003	peak_306	8.05	tp	0
9-GCGSCGC	STREME-9	3.8e-003	peak_178	8.05	tp	0
9-GCGSCGC	STREME-9	3.8e-003	peak_836	8.05	tp	0
9-GCGSCGC	STREME-9	3.8e-003	peak_424	8.05	tp	0
9-GCGSCGC	STREME-9	3.8e-003	peak_4	8.05	tp	0
9-GCGSCGC	STREME-9	3.8e-003	peak_508	8.05	tp	0
9-GCGSCGC	STREME-9	3.8e-003	peak_740	8.05	tp	0
9-GCGSCGC	STREME-9	3.8e-003	peak_367	8.05	tp	0
9-GCGSCGC	STREME-9	3.8e-003	peak_131	8.05	tp	0
9-GCGSCGC	STREME-9	3.8e-003	peak_169	8.05	tp	0
9-GCGSCGC	STREME-9	3.8e-003	peak_750	8.05	tp	0
9-GCGSCGC	STREME-9	3.8e-003	peak_310	8.05	tp	0
9-GCGSCGC	STREME-9	3.8e-003	peak_168	8.05	tp	0
9-GCGSCGC	STREME-9	3.8e-003	peak_303	8.05	tp	0
9-GCGSCGC	STREME-9	3.8e-003	peak_640	8.05	tp	0
9-GCGSCGC	STREME-9	3.8e-003	peak_361	8.05	tp	0
9-GCGSCGC	STREME-9	3.8e-003	peak_377	8.05	tp	0
9-GCGSCGC	STREME-9	3.8e-003	peak_387	8.05	tp	0
9-GCGSCGC	STREME-9	3.8e-003	peak_598	8.05	tp	0
9-GCGSCGC	STREME-9	3.8e-003	peak_471	8.05	tp	0
9-GCGSCGC	STREME-9	3.8e-003	peak_770	8.05	fp	0
9-GCGSCGC	STREME-9	3.8e-003	peak_700	8.05	fp	0
9-GCGSCGC	STREME-9	3.8e-003	peak_561	8.05	fp	0
9-GCGSCGC	STREME-9	3.8e-003	peak_129	8.05	fp	0
9-GCGSCGC	STREME-9	3.8e-003	peak_685	8.05	fp	0
9-GCGSCGC	STREME-9	3.8e-003	peak_776	8.05	fp	0
9-GCGSCGC	STREME-9	3.8e-003	peak_87	8.05	fp	0
9-GCGSCGC	STREME-9	3.8e-003	peak_689	8.05	fp	0
9-GCGSCGC	STREME-9	3.8e-003	peak_661	8.05	fp	0
9-GCGSCGC	STREME-9	3.8e-003	peak_837	8.05	fp	0
9-GCGSCGC	STREME-9	3.8e-003	peak_511	8.05	fp	0
9-GCGSCGC	STREME-9	3.8e-003	peak_290	8.05	fp	0
9-GCGSCGC	STREME-9	3.8e-003	peak_274	8.05	fp	0
9-GCGSCGC	STREME-9	3.8e-003	peak_478	8.05	fp	0
9-GCGSCGC	STREME-9	3.8e-003	peak_321	8.05	fp	0
9-GCGSCGC	STREME-9	3.8e-003	peak_18	8.05	fp	0
9-GCGSCGC	STREME-9	3.8e-003	peak_636	8.05	fp	0
9-GCGSCGC	STREME-9	3.8e-003	peak_264	8.05	tp	1
9-GCGSCGC	STREME-9	3.8e-003	peak_60	8.05	tp	1
9-GCGSCGC	STREME-9	3.8e-003	peak_125	7.62	tp	0
9-GCGSCGC	STREME-9	3.8e-003	peak_97	7.62	tp	0
9-GCGSCGC	STREME-9	3.8e-003	peak_866	7.62	tp	0
9-GCGSCGC	STREME-9	3.8e-003	peak_239	7.62	tp	0
9-GCGSCGC	STREME-9	3.8e-003	peak_329	7.62	tp	0
9-GCGSCGC	STREME-9	3.8e-003	peak_581	7.62	tp	0
9-GCGSCGC	STREME-9	3.8e-003	peak_21	7.62	tp	0
9-GCGSCGC	STREME-9	3.8e-003	peak_495	7.62	tp	0
9-GCGSCGC	STREME-9	3.8e-003	peak_31	7.62	tp	0
9-GCGSCGC	STREME-9	3.8e-003	peak_662	7.62	tp	0
9-GCGSCGC	STREME-9	3.8e-003	peak_635	7.62	tp	0
9-GCGSCGC	STREME-9	3.8e-003	peak_434	7.62	tp	0
9-GCGSCGC	STREME-9	3.8e-003	peak_610	7.62	tp	0
9-GCGSCGC	STREME-9	3.8e-003	peak_412	7.62	tp	0
9-GCGSCGC	STREME-9	3.8e-003	peak_595	7.62	tp	0
9-GCGSCGC	STREME-9	3.8e-003	peak_276	7.62	tp	0
9-GCGSCGC	STREME-9	3.8e-003	peak_811	7.62	tp	0
9-GCGSCGC	STREME-9	3.8e-003	peak_414	7.62	tp	0
9-GCGSCGC	STREME-9	3.8e-003	peak_855	7.62	tp	0
9-GCGSCGC	STREME-9	3.8e-003	peak_226	7.62	tp	0
9-GCGSCGC	STREME-9	3.8e-003	peak_189	7.62	tp	0
9-GCGSCGC	STREME-9	3.8e-003	peak_758	7.62	tp	0
9-GCGSCGC	STREME-9	3.8e-003	peak_40	7.62	tp	0
9-GCGSCGC	STREME-9	3.8e-003	peak_258	7.62	fp	0
9-GCGSCGC	STREME-9	3.8e-003	peak_42	7.62	fp	0
9-GCGSCGC	STREME-9	3.8e-003	peak_786	7.62	fp	0
9-GCGSCGC	STREME-9	3.8e-003	peak_249	7.62	fp	0
9-GCGSCGC	STREME-9	3.8e-003	peak_90	7.62	fp	0
9-GCGSCGC	STREME-9	3.8e-003	peak_571	7.62	fp	0
9-GCGSCGC	STREME-9	3.8e-003	peak_577	7.62	fp	0
9-GCGSCGC	STREME-9	3.8e-003	peak_831	7.62	fp	0
9-GCGSCGC	STREME-9	3.8e-003	peak_486	7.62	fp	0
9-GCGSCGC	STREME-9	3.8e-003	peak_387	7.62	fp	0
9-GCGSCGC	STREME-9	3.8e-003	peak_727	7.62	fp	0
9-GCGSCGC	STREME-9	3.8e-003	peak_616	7.62	fp	0
9-GCGSCGC	STREME-9	3.8e-003	peak_716	7.62	fp	0
9-GCGSCGC	STREME-9	3.8e-003	peak_143	7.62	fp	0
9-GCGSCGC	STREME-9	3.8e-003	peak_170	7.62	tp	1
9-GCGSCGC	STREME-9	3.8e-003	peak_601	7.62	tp	1
9-GCGSCGC	STREME-9	3.8e-003	peak_227	7.62	tp	1
9-GCGSCGC	STREME-9	3.8e-003	peak_599	7.62	fp	1
9-GCGSCGC	STREME-9	3.8e-003	peak_846	7.62	fp	1
#
10-CGCCGCAG	STREME-10	4.7e-003	peak_258	15.96	tp	0
10-CGCCGCAG	STREME-10	4.7e-003	peak_491	15.96	tp	0
10-CGCCGCAG	STREME-10	4.7e-003	peak_253	15.96	tp	0
10-CGCCGCAG	STREME-10	4.7e-003	peak_406	15.96	tp	0
10-CGCCGCAG	STREME-10	4.7e-003	peak_168	15.96	tp	0
10-CGCCGCAG	STREME-10	4.7e-003	peak_342	15.96	tp	0
10-CGCCGCAG	STREME-10	4.7e-003	peak_350	15.96	fp	0
10-CGCCGCAG	STREME-10	4.7e-003	peak_777	14.66	tp	0
10-CGCCGCAG	STREME-10	4.7e-003	peak_788	14.66	tp	0
10-CGCCGCAG	STREME-10	4.7e-003	peak_71	14.66	tp	0
10-CGCCGCAG	STREME-10	4.7e-003	peak_149	14.66	tp	0
10-CGCCGCAG	STREME-10	4.7e-003	peak_591	14.66	tp	0
10-CGCCGCAG	STREME-10	4.7e-003	peak_367	14.66	tp	0
10-CGCCGCAG	STREME-10	4.7e-003	peak_622	14.66	tp	0
10-CGCCGCAG	STREME-10	4.7e-003	peak_336	14.66	tp	0
10-CGCCGCAG	STREME-10	4.7e-003	peak_801	14.66	tp	0
10-CGCCGCAG	STREME-10	4.7e-003	peak_696	14.66	tp	0
10-CGCCGCAG	STREME-10	4.7e-003	peak_163	14.66	tp	0
10-CGCCGCAG	STREME-10	4.7e-003	peak_844	14.66	fp	0
10-CGCCGCAG	STREME-10	4.7e-003	peak_794	14.09	tp	0
10-CGCCGCAG	STREME-10	4.7e-003	peak_663	14.09	tp	0
10-CGCCGCAG	STREME-10	4.7e-003	peak_347	14.09	tp	0
10-CGCCGCAG	STREME-10	4.7e-003	peak_541	14.09	tp	0
10-CGCCGCAG	STREME-10	4.7e-003	peak_248	14.09	tp	0
10-CGCCGCAG	STREME-10	4.7e-003	peak_572	14.09	tp	0
10-CGCCGCAG	STREME-10	4.7e-003	peak_615	14.09	tp	0
10-CGCCGCAG	STREME-10	4.7e-003	peak_672	14.09	tp	0
10-CGCCGCAG	STREME-10	4.7e-003	peak_563	14.09	tp	0
10-CGCCGCAG	STREME-10	4.7e-003	peak_32	14.09	tp	0
10-CGCCGCAG	STREME-10	4.7e-003	peak_643	14.09	fp	0
10-CGCCGCAG	STREME-10	4.7e-003	peak_221	14.09	fp	0
10-CGCCGCAG	STREME-10	4.7e-003	peak_551	14.09	tp	1
10-CGCCGCAG	STREME-10	4.7e-003	peak_501	14.09	fp	1
10-CGCCGCAG	STREME-10	4.7e-003	peak_670	13.62	tp	0
10-CGCCGCAG	STREME-10	4.7e-003	peak_605	13.62	tp	0
10-CGCCGCAG	STREME-10	4.7e-003	peak_282	13.62	tp	0
10-CGCCGCAG	STREME-10	4.7e-003	peak_366	13.62	tp	0
10-CGCCGCAG	STREME-10	4.7e-003	peak_286	13.62	tp	0
10-CGCCGCAG	STREME-10	4.7e-003	peak_704	13.62	tp	0
10-CGCCGCAG	STREME-10	4.7e-003	peak_297	13.62	tp	0
10-CGCCGCAG	STREME-10	4.7e-003	peak_803	13.62	tp	0
10-CGCCGCAG	STREME-10	4.7e-003	peak_53	13.62	tp	0
10-CGCCGCAG	STREME-10	4.7e-003	peak_766	13.62	tp	0
10-CGCCGCAG	STREME-10	4.7e-003	peak_447	13.62	tp	0
10-CGCCGCAG	STREME-10	4.7e-003	peak_462	13.62	tp	0
10-CGCCGCAG	STREME-10	4.7e-003	peak_482	13.62	tp	0
10-CGCCGCAG	STREME-10	4.7e-003	peak_801	13.62	fp	0
10-CGCCGCAG	STREME-10	4.7e-003	peak_680	13.62	fp	0
10-CGCCGCAG	STREME-10	4.7e-003	peak_337	13.62	fp	0
10-CGCCGCAG	STREME-10	4.7e-003	peak_463	13.62	fp	0
10-CGCCGCAG	STREME-10	4.7e-003	peak_681	13.62	tp	1
10-CGCCGCAG	STREME-10	4.7e-003	peak_206	13.62	tp	1
10-CGCCGCAG	STREME-10	4.7e-003	peak_478	13.62	tp	1
10-CGCCGCAG	STREME-10	4.7e-003	peak_110	12.80	tp	0
10-CGCCGCAG	STREME-10	4.7e-003	peak_345	12.80	tp	0
10-CGCCGCAG	STREME-10	4.7e-003	peak_352	12.80	tp	0
10-CGCCGCAG	STREME-10	4.7e-003	peak_806	12.80	tp	0
10-CGCCGCAG	STREME-10	4.7e-003	peak_219	12.80	tp	0
10-CGCCGCAG	STREME-10	4.7e-003	peak_22	12.80	tp	0
10-CGCCGCAG	STREME-10	4.7e-003	peak_74	12.80	fp	0
10-CGCCGCAG	STREME-10	4.7e-003	peak_620	12.80	fp	0
10-CGCCGCAG	STREME-10	4.7e-003	peak_767	12.80	fp	0
10-CGCCGCAG	STREME-10	4.7e-003	peak_853	12.80	fp	0
10-CGCCGCAG	STREME-10	4.7e-003	peak_539	12.80	tp	1
10-CGCCGCAG	STREME-10	4.7e-003	peak_665	12.79	tp	0
10-CGCCGCAG	STREME-10	4.7e-003	peak_499	12.79	tp	0
10-CGCCGCAG	STREME-10	4.7e-003	peak_660	12.79	tp	0
10-CGCCGCAG	STREME-10	4.7e-003	peak_407	12.79	tp	0
10-CGCCGCAG	STREME-10	4.7e-003	peak_467	12.79	tp	0
10-CGCCGCAG	STREME-10	4.7e-003	peak_680	12.79	tp	0
10-CGCCGCAG	STREME-10	4.7e-003	peak_201	12.79	fp	0
10-CGCCGCAG	STREME-10	4.7e-003	peak_90	12.39	tp	0
10-CGCCGCAG	STREME-10	4.7e-003	peak_425	12.39	tp	0
10-CGCCGCAG	STREME-10	4.7e-003	peak_832	12.39	tp	0
10-CGCCGCAG	STREME-10	4.7e-003	peak_689	12.39	tp	1
10-CGCCGCAG	STREME-10	4.7e-003	peak_374	12.37	tp	0
10-CGCCGCAG	STREME-10	4.7e-003	peak_448	12.37	tp	0
10-CGCCGCAG	STREME-10	4.7e-003	peak_511	12.37	tp	0
10-CGCCGCAG	STREME-10	4.7e-003	peak_329	12.37	tp	0
10-CGCCGCAG	STREME-10	4.7e-003	peak_21	12.37	tp	0
10-CGCCGCAG	STREME-10	4.7e-003	peak_802	12.37	tp	0
10-CGCCGCAG	STREME-10	4.7e-003	peak_63	12.37	tp	0
10-CGCCGCAG	STREME-10	4.7e-003	peak_351	12.37	tp	0
10-CGCCGCAG	STREME-10	4.7e-003	peak_604	12.37	tp	0
10-CGCCGCAG	STREME-10	4.7e-003	peak_88	12.37	tp	0
10-CGCCGCAG	STREME-10	4.7e-003	peak_379	12.37	fp	0
10-CGCCGCAG	STREME-10	4.7e-003	peak_466	12.37	fp	0
10-CGCCGCAG	STREME-10	4.7e-003	peak_479	12.32	tp	0
10-CGCCGCAG	STREME-10	4.7e-003	peak_388	12.32	tp	0
10-CGCCGCAG	STREME-10	4.7e-003	peak_296	12.32	tp	0
10-CGCCGCAG	STREME-10	4.7e-003	peak_35	12.32	tp	0
10-CGCCGCAG	STREME-10	4.7e-003	peak_432	12.32	tp	0
10-CGCCGCAG	STREME-10	4.7e-003	peak_721	12.32	tp	0
10-CGCCGCAG	STREME-10	4.7e-003	peak_155	12.32	tp	0
10-CGCCGCAG	STREME-10	4.7e-003	peak_544	12.32	tp	0
10-CGCCGCAG	STREME-10	4.7e-003	peak_99	12.32	tp	0
10-CGCCGCAG	STREME-10	4.7e-003	peak_509	12.32	tp	0
10-CGCCGCAG	STREME-10	4.7e-003	peak_671	12.32	tp	0
10-CGCCGCAG	STREME-10	4.7e-003	peak_844	12.32	tp	0
10-CGCCGCAG	STREME-10	4.7e-003	peak_843	12.32	tp	0
10-CGCCGCAG	STREME-10	4.7e-003	peak_251	12.32	fp	0
10-CGCCGCAG	STREME-10	4.7e-003	peak_132	12.32	fp	0
10-CGCCGCAG	STREME-10	4.7e-003	peak_754	12.32	fp	0
10-CGCCGCAG	STREME-10	4.7e-003	peak_334	12.32	fp	0
10-CGCCGCAG	STREME-10	4.7e-003	peak_674	12.32	tp	1
10-CGCCGCAG	STREME-10	4.7e-003	peak_571	12.32	tp	1
10-CGCCGCAG	STREME-10	4.7e-003	peak_823	12.32	tp	0
10-CGCCGCAG	STREME-10	4.7e-003	peak_309	12.32	tp	0
10-CGCCGCAG	STREME-10	4.7e-003	peak_290	12.32	tp	0
10-CGCCGCAG	STREME-10	4.7e-003	peak_836	12.32	tp	0
10-CGCCGCAG	STREME-10	4.7e-003	peak_523	12.32	tp	0
10-CGCCGCAG	STREME-10	4.7e-003	peak_742	12.32	tp	0
10-CGCCGCAG	STREME-10	4.7e-003	peak_646	12.32	tp	0
10-CGCCGCAG	STREME-10	4.7e-003	peak_639	12.32	tp	0
10-CGCCGCAG	STREME-10	4.7e-003	peak_834	12.32	fp	0
10-CGCCGCAG	STREME-10	4.7e-003	peak_402	12.17	tp	0
10-CGCCGCAG	STREME-10	4.7e-003	peak_239	12.17	tp	0
10-CGCCGCAG	STREME-10	4.7e-003	peak_743	12.17	tp	0
10-CGCCGCAG	STREME-10	4.7e-003	peak_122	12.17	tp	0
10-CGCCGCAG	STREME-10	4.7e-003	peak_67	12.17	fp	0
10-CGCCGCAG	STREME-10	4.7e-003	peak_602	12.17	fp	0
10-CGCCGCAG	STREME-10	4.7e-003	peak_182	12.17	tp	1
10-CGCCGCAG	STREME-10	4.7e-003	peak_325	11.75	tp	0
10-CGCCGCAG	STREME-10	4.7e-003	peak_43	11.75	tp	0
10-CGCCGCAG	STREME-10	4.7e-003	peak_16	11.75	tp	0
10-CGCCGCAG	STREME-10	4.7e-003	peak_220	11.75	tp	0
10-CGCCGCAG	STREME-10	4.7e-003	peak_514	11.75	tp	0
10-CGCCGCAG	STREME-10	4.7e-003	peak_135	11.75	tp	0
10-CGCCGCAG	STREME-10	4.7e-003	peak_540	11.75	tp	0
10-CGCCGCAG	STREME-10	4.7e-003	peak_579	11.75	tp	0
10-CGCCGCAG	STREME-10	4.7e-003	peak_661	11.75	fp	0
10-CGCCGCAG	STREME-10	4.7e-003	peak_487	11.49	tp	0
10-CGCCGCAG	STREME-10	4.7e-003	peak_445	11.49	tp	0
10-CGCCGCAG	STREME-10	4.7e-003	peak_295	11.48	tp	0
10-CGCCGCAG	STREME-10	4.7e-003	peak_275	11.48	tp	0
10-CGCCGCAG	STREME-10	4.7e-003	peak_39	11.48	tp	0
10-CGCCGCAG	STREME-10	4.7e-003	peak_775	11.43	tp	0
10-CGCCGCAG	STREME-10	4.7e-003	peak_716	11.43	tp	0
10-CGCCGCAG	STREME-10	4.7e-003	peak_451	11.43	tp	0
10-CGCCGCAG	STREME-10	4.7e-003	peak_81	11.43	tp	0
10-CGCCGCAG	STREME-10	4.7e-003	peak_750	11.43	tp	0
10-CGCCGCAG	STREME-10	4.7e-003	peak_454	11.43	tp	0
10-CGCCGCAG	STREME-10	4.7e-003	peak_596	11.43	fp	0
10-CGCCGCAG	STREME-10	4.7e-003	peak_826	11.43	fp	0
10-CGCCGCAG	STREME-10	4.7e-003	peak_262	11.43	tp	1
10-CGCCGCAG	STREME-10	4.7e-003	peak_620	11.27	tp	0
10-CGCCGCAG	STREME-10	4.7e-003	peak_62	11.27	tp	0
10-CGCCGCAG	STREME-10	4.7e-003	peak_730	11.27	tp	0
10-CGCCGCAG	STREME-10	4.7e-003	peak_594	11.27	tp	0
10-CGCCGCAG	STREME-10	4.7e-003	peak_113	11.27	tp	0
10-CGCCGCAG	STREME-10	4.7e-003	peak_616	11.27	tp	0
10-CGCCGCAG	STREME-10	4.7e-003	peak_862	11.27	tp	0
10-CGCCGCAG	STREME-10	4.7e-003	peak_513	11.27	fp	0
10-CGCCGCAG	STREME-10	4.7e-003	peak_672	11.27	fp	0
#
11-AAAWGWTTTWAAAWWWWWTW	STREME-11	7.9e-003	peak_28	21.72	tp	0
11-AAAWGWTTTWAAAWWWWWTW	STREME-11	7.9e-003	peak_408	18.04	tp	0
11-AAAWGWTTTWAAAWWWWWTW	STREME-11	7.9e-003	peak_124	17.76	tp	0
11-AAAWGWTTTWAAAWWWWWTW	STREME-11	7.9e-003	peak_168	17.54	tp	0
11-AAAWGWTTTWAAAWWWWWTW	STREME-11	7.9e-003	peak_790	17.26	tp	0
11-AAAWGWTTTWAAAWWWWWTW	STREME-11	7.9e-003	peak_323	17.17	tp	0
11-AAAWGWTTTWAAAWWWWWTW	STREME-11	7.9e-003	peak_598	16.93	tp	0
11-AAAWGWTTTWAAAWWWWWTW	STREME-11	7.9e-003	peak_242	16.93	tp	0
11-AAAWGWTTTWAAAWWWWWTW	STREME-11	7.9e-003	peak_393	16.85	tp	0
11-AAAWGWTTTWAAAWWWWWTW	STREME-11	7.9e-003	peak_200	16.76	tp	0
11-AAAWGWTTTWAAAWWWWWTW	STREME-11	7.9e-003	peak_335	16.72	tp	0
11-AAAWGWTTTWAAAWWWWWTW	STREME-11	7.9e-003	peak_623	16.62	tp	0
11-AAAWGWTTTWAAAWWWWWTW	STREME-11	7.9e-003	peak_588	16.48	tp	1
11-AAAWGWTTTWAAAWWWWWTW	STREME-11	7.9e-003	peak_717	16.34	fp	0
11-AAAWGWTTTWAAAWWWWWTW	STREME-11	7.9e-003	peak_529	16.26	tp	0
11-AAAWGWTTTWAAAWWWWWTW	STREME-11	7.9e-003	peak_454	16.25	tp	0
11-AAAWGWTTTWAAAWWWWWTW	STREME-11	7.9e-003	peak_649	16.16	tp	0
11-AAAWGWTTTWAAAWWWWWTW	STREME-11	7.9e-003	peak_390	15.98	tp	0
11-AAAWGWTTTWAAAWWWWWTW	STREME-11	7.9e-003	peak_156	15.89	tp	0
11-AAAWGWTTTWAAAWWWWWTW	STREME-11	7.9e-003	peak_111	15.82	tp	0
11-AAAWGWTTTWAAAWWWWWTW	STREME-11	7.9e-003	peak_22	15.80	tp	0
11-AAAWGWTTTWAAAWWWWWTW	STREME-11	7.9e-003	peak_8	15.74	tp	0
11-AAAWGWTTTWAAAWWWWWTW	STREME-11	7.9e-003	peak_496	15.74	tp	0
11-AAAWGWTTTWAAAWWWWWTW	STREME-11	7.9e-003	peak_308	15.61	fp	0
11-AAAWGWTTTWAAAWWWWWTW	STREME-11	7.9e-003	peak_211	15.57	fp	1
11-AAAWGWTTTWAAAWWWWWTW	STREME-11	7.9e-003	peak_541	15.52	tp	0
11-AAAWGWTTTWAAAWWWWWTW	STREME-11	7.9e-003	peak_365	15.45	tp	0
11-AAAWGWTTTWAAAWWWWWTW	STREME-11	7.9e-003	peak_583	15.43	tp	0
11-AAAWGWTTTWAAAWWWWWTW	STREME-11	7.9e-003	peak_80	15.33	tp	0
11-AAAWGWTTTWAAAWWWWWTW	STREME-11	7.9e-003	peak_560	15.25	tp	0
11-AAAWGWTTTWAAAWWWWWTW	STREME-11	7.9e-003	peak_227	15.22	fp	0
11-AAAWGWTTTWAAAWWWWWTW	STREME-11	7.9e-003	peak_804	15.18	tp	0
11-AAAWGWTTTWAAAWWWWWTW	STREME-11	7.9e-003	peak_423	15.17	tp	0
11-AAAWGWTTTWAAAWWWWWTW	STREME-11	7.9e-003	peak_351	15.14	tp	0
11-AAAWGWTTTWAAAWWWWWTW	STREME-11	7.9e-003	peak_663	15.12	tp	0
11-AAAWGWTTTWAAAWWWWWTW	STREME-11	7.9e-003	peak_65	15.00	tp	0
11-AAAWGWTTTWAAAWWWWWTW	STREME-11	7.9e-003	peak_402	15.00	tp	0
11-AAAWGWTTTWAAAWWWWWTW	STREME-11	7.9e-003	peak_537	14.95	tp	0
11-AAAWGWTTTWAAAWWWWWTW	STREME-11	7.9e-003	peak_14	14.92	tp	0
11-AAAWGWTTTWAAAWWWWWTW	STREME-11	7.9e-003	peak_209	14.85	tp	0
11-AAAWGWTTTWAAAWWWWWTW	STREME-11	7.9e-003	peak_319	14.80	tp	0
11-AAAWGWTTTWAAAWWWWWTW	STREME-11	7.9e-003	peak_523	14.67	tp	0
11-AAAWGWTTTWAAAWWWWWTW	STREME-11	7.9e-003	peak_807	14.65	tp	0
11-AAAWGWTTTWAAAWWWWWTW	STREME-11	7.9e-003	peak_424	14.65	tp	0
11-AAAWGWTTTWAAAWWWWWTW	STREME-11	7.9e-003	peak_449	14.57	tp	0
11-AAAWGWTTTWAAAWWWWWTW	STREME-11	7.9e-003	peak_198	14.54	tp	0
11-AAAWGWTTTWAAAWWWWWTW	STREME-11	7.9e-003	peak_568	14.53	tp	0
11-AAAWGWTTTWAAAWWWWWTW	STREME-11	7.9e-003	peak_220	14.52	fp	0
11-AAAWGWTTTWAAAWWWWWTW	STREME-11	7.9e-003	peak_597	14.51	tp	0
11-AAAWGWTTTWAAAWWWWWTW	STREME-11	7.9e-003	peak_105	14.51	tp	0
11-AAAWGWTTTWAAAWWWWWTW	STREME-11	7.9e-003	peak_603	14.44	tp	0
11-AAAWGWTTTWAAAWWWWWTW	STREME-11	7.9e-003	peak_211	14.40	tp	0
11-AAAWGWTTTWAAAWWWWWTW	STREME-11	7.9e-003	peak_68	14.35	tp	0
11-AAAWGWTTTWAAAWWWWWTW	STREME-11	7.9e-003	peak_629	14.35	tp	0
11-AAAWGWTTTWAAAWWWWWTW	STREME-11	7.9e-003	peak_46	14.27	tp	0
11-AAAWGWTTTWAAAWWWWWTW	STREME-11	7.9e-003	peak_2	14.25	fp	0
11-AAAWGWTTTWAAAWWWWWTW	STREME-11	7.9e-003	peak_685	14.24	tp	0
11-AAAWGWTTTWAAAWWWWWTW	STREME-11	7.9e-003	peak_356	14.24	tp	0
11-AAAWGWTTTWAAAWWWWWTW	STREME-11	7.9e-003	peak_265	14.21	tp	0
11-AAAWGWTTTWAAAWWWWWTW	STREME-11	7.9e-003	peak_841	14.20	tp	0
11-AAAWGWTTTWAAAWWWWWTW	STREME-11	7.9e-003	peak_836	14.14	tp	0
11-AAAWGWTTTWAAAWWWWWTW	STREME-11	7.9e-003	peak_35	14.12	tp	0
11-AAAWGWTTTWAAAWWWWWTW	STREME-11	7.9e-003	peak_229	14.11	tp	0
11-AAAWGWTTTWAAAWWWWWTW	STREME-11	7.9e-003	peak_5	14.10	tp	0
11-AAAWGWTTTWAAAWWWWWTW	STREME-11	7.9e-003	peak_97	14.10	tp	0
11-AAAWGWTTTWAAAWWWWWTW	STREME-11	7.9e-003	peak_260	14.10	tp	0
11-AAAWGWTTTWAAAWWWWWTW	STREME-11	7.9e-003	peak_555	14.03	tp	0
11-AAAWGWTTTWAAAWWWWWTW	STREME-11	7.9e-003	peak_111	14.02	fp	0
11-AAAWGWTTTWAAAWWWWWTW	STREME-11	7.9e-003	peak_266	14.00	tp	0
11-AAAWGWTTTWAAAWWWWWTW	STREME-11	7.9e-003	peak_208	13.95	tp	0
11-AAAWGWTTTWAAAWWWWWTW	STREME-11	7.9e-003	peak_835	13.90	tp	0
11-AAAWGWTTTWAAAWWWWWTW	STREME-11	7.9e-003	peak_421	13.85	tp	0
11-AAAWGWTTTWAAAWWWWWTW	STREME-11	7.9e-003	peak_320	13.83	tp	0
11-AAAWGWTTTWAAAWWWWWTW	STREME-11	7.9e-003	peak_183	13.82	fp	0
11-AAAWGWTTTWAAAWWWWWTW	STREME-11	7.9e-003	peak_543	13.82	tp	0
11-AAAWGWTTTWAAAWWWWWTW	STREME-11	7.9e-003	peak_651	13.79	tp	0
11-AAAWGWTTTWAAAWWWWWTW	STREME-11	7.9e-003	peak_224	13.78	fp	0
11-AAAWGWTTTWAAAWWWWWTW	STREME-11	7.9e-003	peak_780	13.77	tp	0
11-AAAWGWTTTWAAAWWWWWTW	STREME-11	7.9e-003	peak_773	13.71	fp	0
11-AAAWGWTTTWAAAWWWWWTW	STREME-11	7.9e-003	peak_57	13.70	tp	0
11-AAAWGWTTTWAAAWWWWWTW	STREME-11	7.9e-003	peak_42	13.69	tp	0
11-AAAWGWTTTWAAAWWWWWTW	STREME-11	7.9e-003	peak_696	13.68	tp	0
11-AAAWGWTTTWAAAWWWWWTW	STREME-11	7.9e-003	peak_785	13.67	tp	0
11-AAAWGWTTTWAAAWWWWWTW	STREME-11	7.9e-003	peak_581	13.63	tp	0
11-AAAWGWTTTWAAAWWWWWTW	STREME-11	7.9e-003	peak_448	13.62	tp	0
11-AAAWGWTTTWAAAWWWWWTW	STREME-11	7.9e-003	peak_58	13.62	tp	0
11-AAAWGWTTTWAAAWWWWWTW	STREME-11	7.9e-003	peak_709	13.62	tp	0
11-AAAWGWTTTWAAAWWWWWTW	STREME-11	7.9e-003	peak_148	13.59	tp	0
11-AAAWGWTTTWAAAWWWWWTW	STREME-11	7.9e-003	peak_174	13.58	tp	1
11-AAAWGWTTTWAAAWWWWWTW	STREME-11	7.9e-003	peak_435	13.57	tp	0
11-AAAWGWTTTWAAAWWWWWTW	STREME-11	7.9e-003	peak_532	13.56	tp	0
11-AAAWGWTTTWAAAWWWWWTW	STREME-11	7.9e-003	peak_134	13.54	tp	0
11-AAAWGWTTTWAAAWWWWWTW	STREME-11	7.9e-003	peak_681	13.53	tp	1
11-AAAWGWTTTWAAAWWWWWTW	STREME-11	7.9e-003	peak_321	13.50	tp	0
11-AAAWGWTTTWAAAWWWWWTW	STREME-11	7.9e-003	peak_206	13.49	tp	1
11-AAAWGWTTTWAAAWWWWWTW	STREME-11	7.9e-003	peak_376	13.48	tp	0
11-AAAWGWTTTWAAAWWWWWTW	STREME-11	7.9e-003	peak_249	13.47	tp	0
11-AAAWGWTTTWAAAWWWWWTW	STREME-11	7.9e-003	peak_582	13.41	tp	0
11-AAAWGWTTTWAAAWWWWWTW	STREME-11	7.9e-003	peak_474	13.36	tp	1
11-AAAWGWTTTWAAAWWWWWTW	STREME-11	7.9e-003	peak_849	13.34	tp	0
11-AAAWGWTTTWAAAWWWWWTW	STREME-11	7.9e-003	peak_146	13.31	fp	0
11-AAAWGWTTTWAAAWWWWWTW	STREME-11	7.9e-003	peak_342	13.27	tp	0
11-AAAWGWTTTWAAAWWWWWTW	STREME-11	7.9e-003	peak_59	13.27	tp	0
11-AAAWGWTTTWAAAWWWWWTW	STREME-11	7.9e-003	peak_661	13.25	tp	0
11-AAAWGWTTTWAAAWWWWWTW	STREME-11	7.9e-003	peak_689	13.25	tp	1
11-AAAWGWTTTWAAAWWWWWTW	STREME-11	7.9e-003	peak_494	13.24	tp	0
11-AAAWGWTTTWAAAWWWWWTW	STREME-11	7.9e-003	peak_549	13.23	tp	0
11-AAAWGWTTTWAAAWWWWWTW	STREME-11	7.9e-003	peak_527	13.21	tp	0
11-AAAWGWTTTWAAAWWWWWTW	STREME-11	7.9e-003	peak_11	13.20	tp	0
11-AAAWGWTTTWAAAWWWWWTW	STREME-11	7.9e-003	peak_134	13.15	fp	0
11-AAAWGWTTTWAAAWWWWWTW	STREME-11	7.9e-003	peak_491	13.14	tp	0
11-AAAWGWTTTWAAAWWWWWTW	STREME-11	7.9e-003	peak_802	13.12	tp	0
11-AAAWGWTTTWAAAWWWWWTW	STREME-11	7.9e-003	peak_592	13.12	tp	0
11-AAAWGWTTTWAAAWWWWWTW	STREME-11	7.9e-003	peak_442	13.09	fp	0
11-AAAWGWTTTWAAAWWWWWTW	STREME-11	7.9e-003	peak_45	13.09	tp	0
11-AAAWGWTTTWAAAWWWWWTW	STREME-11	7.9e-003	peak_821	13.04	tp	0
11-AAAWGWTTTWAAAWWWWWTW	STREME-11	7.9e-003	peak_102	13.03	tp	0
11-AAAWGWTTTWAAAWWWWWTW	STREME-11	7.9e-003	peak_163	13.01	tp	0
11-AAAWGWTTTWAAAWWWWWTW	STREME-11	7.9e-003	peak_399	13.00	tp	0
11-AAAWGWTTTWAAAWWWWWTW	STREME-11	7.9e-003	peak_753	13.00	tp	0
11-AAAWGWTTTWAAAWWWWWTW	STREME-11	7.9e-003	peak_505	12.99	tp	0
11-AAAWGWTTTWAAAWWWWWTW	STREME-11	7.9e-003	peak_284	12.99	fp	0
11-AAAWGWTTTWAAAWWWWWTW	STREME-11	7.9e-003	peak_773	12.99	tp	0
11-AAAWGWTTTWAAAWWWWWTW	STREME-11	7.9e-003	peak_34	12.97	tp	0
11-AAAWGWTTTWAAAWWWWWTW	STREME-11	7.9e-003	peak_775	12.97	tp	0
11-AAAWGWTTTWAAAWWWWWTW	STREME-11	7.9e-003	peak_125	12.96	fp	0
11-AAAWGWTTTWAAAWWWWWTW	STREME-11	7.9e-003	peak_678	12.93	tp	0
11-AAAWGWTTTWAAAWWWWWTW	STREME-11	7.9e-003	peak_429	12.92	tp	0
11-AAAWGWTTTWAAAWWWWWTW	STREME-11	7.9e-003	peak_747	12.90	tp	0
11-AAAWGWTTTWAAAWWWWWTW	STREME-11	7.9e-003	peak_372	12.88	tp	1
11-AAAWGWTTTWAAAWWWWWTW	STREME-11	7.9e-003	peak_830	12.87	tp	0
11-AAAWGWTTTWAAAWWWWWTW	STREME-11	7.9e-003	peak_256	12.87	fp	0
11-AAAWGWTTTWAAAWWWWWTW	STREME-11	7.9e-003	peak_438	12.85	fp	0
11-AAAWGWTTTWAAAWWWWWTW	STREME-11	7.9e-003	peak_311	12.84	tp	0
11-AAAWGWTTTWAAAWWWWWTW	STREME-11	7.9e-003	peak_415	12.83	tp	0
11-AAAWGWTTTWAAAWWWWWTW	STREME-11	7.9e-003	peak_762	12.81	tp	0
11-AAAWGWTTTWAAAWWWWWTW	STREME-11	7.9e-003	peak_473	12.80	tp	0
11-AAAWGWTTTWAAAWWWWWTW	STREME-11	7.9e-003	peak_389	12.79	tp	0
11-AAAWGWTTTWAAAWWWWWTW	STREME-11	7.9e-003	peak_515	12.77	tp	0
11-AAAWGWTTTWAAAWWWWWTW	STREME-11	7.9e-003	peak_648	12.75	tp	0
11-AAAWGWTTTWAAAWWWWWTW	STREME-11	7.9e-003	peak_764	12.75	tp	0
11-AAAWGWTTTWAAAWWWWWTW	STREME-11	7.9e-003	peak_373	12.74	tp	0
11-AAAWGWTTTWAAAWWWWWTW	STREME-11	7.9e-003	peak_859	12.73	tp	0
11-AAAWGWTTTWAAAWWWWWTW	STREME-11	7.9e-003	peak_123	12.71	tp	0
11-AAAWGWTTTWAAAWWWWWTW	STREME-11	7.9e-003	peak_404	12.71	fp	0
11-AAAWGWTTTWAAAWWWWWTW	STREME-11	7.9e-003	peak_508	12.69	tp	0
11-AAAWGWTTTWAAAWWWWWTW	STREME-11	7.9e-003	peak_421	12.66	fp	0
11-AAAWGWTTTWAAAWWWWWTW	STREME-11	7.9e-003	peak_386	12.66	tp	0
11-AAAWGWTTTWAAAWWWWWTW	STREME-11	7.9e-003	peak_666	12.64	tp	0
11-AAAWGWTTTWAAAWWWWWTW	STREME-11	7.9e-003	peak_839	12.60	tp	0
11-AAAWGWTTTWAAAWWWWWTW	STREME-11	7.9e-003	peak_860	12.58	tp	0
11-AAAWGWTTTWAAAWWWWWTW	STREME-11	7.9e-003	peak_857	12.55	tp	1
11-AAAWGWTTTWAAAWWWWWTW	STREME-11	7.9e-003	peak_715	12.51	tp	0
11-AAAWGWTTTWAAAWWWWWTW	STREME-11	7.9e-003	peak_141	12.50	tp	0
11-AAAWGWTTTWAAAWWWWWTW	STREME-11	7.9e-003	peak_346	12.50	tp	0
11-AAAWGWTTTWAAAWWWWWTW	STREME-11	7.9e-003	peak_794	12.45	tp	0
11-AAAWGWTTTWAAAWWWWWTW	STREME-11	7.9e-003	peak_175	12.45	tp	0
11-AAAWGWTTTWAAAWWWWWTW	STREME-11	7.9e-003	peak_277	12.45	fp	0
11-AAAWGWTTTWAAAWWWWWTW	STREME-11	7.9e-003	peak_407	12.44	tp	0
11-AAAWGWTTTWAAAWWWWWTW	STREME-11	7.9e-003	peak_513	12.41	tp	0
11-AAAWGWTTTWAAAWWWWWTW	STREME-11	7.9e-003	peak_331	12.41	fp	0
11-AAAWGWTTTWAAAWWWWWTW	STREME-11	7.9e-003	peak_334	12.40	tp	0
11-AAAWGWTTTWAAAWWWWWTW	STREME-11	7.9e-003	peak_433	12.37	tp	0
11-AAAWGWTTTWAAAWWWWWTW	STREME-11	7.9e-003	peak_190	12.36	tp	1
11-AAAWGWTTTWAAAWWWWWTW	STREME-11	7.9e-003	peak_748	12.36	tp	0
11-AAAWGWTTTWAAAWWWWWTW	STREME-11	7.9e-003	peak_506	12.36	fp	0
11-AAAWGWTTTWAAAWWWWWTW	STREME-11	7.9e-003	peak_346	12.34	fp	0
11-AAAWGWTTTWAAAWWWWWTW	STREME-11	7.9e-003	peak_642	12.34	tp	0
11-AAAWGWTTTWAAAWWWWWTW	STREME-11	7.9e-003	peak_756	12.33	tp	0
11-AAAWGWTTTWAAAWWWWWTW	STREME-11	7.9e-003	peak_614	12.33	fp	0
11-AAAWGWTTTWAAAWWWWWTW	STREME-11	7.9e-003	peak_336	12.33	tp	0
11-AAAWGWTTTWAAAWWWWWTW	STREME-11	7.9e-003	peak_640	12.33	tp	0
11-AAAWGWTTTWAAAWWWWWTW	STREME-11	7.9e-003	peak_118	12.28	tp	0
11-AAAWGWTTTWAAAWWWWWTW	STREME-11	7.9e-003	peak_716	12.25	tp	0
11-AAAWGWTTTWAAAWWWWWTW	STREME-11	7.9e-003	peak_266	12.24	fp	0
11-AAAWGWTTTWAAAWWWWWTW	STREME-11	7.9e-003	peak_203	12.22	tp	0
11-AAAWGWTTTWAAAWWWWWTW	STREME-11	7.9e-003	peak_418	12.22	tp	1
11-AAAWGWTTTWAAAWWWWWTW	STREME-11	7.9e-003	peak_75	12.22	tp	0
11-AAAWGWTTTWAAAWWWWWTW	STREME-11	7.9e-003	peak_459	12.21	tp	0
11-AAAWGWTTTWAAAWWWWWTW	STREME-11	7.9e-003	peak_602	12.20	tp	0
11-AAAWGWTTTWAAAWWWWWTW	STREME-11	7.9e-003	peak_815	12.18	tp	0
11-AAAWGWTTTWAAAWWWWWTW	STREME-11	7.9e-003	peak_661	12.17	fp	0
11-AAAWGWTTTWAAAWWWWWTW	STREME-11	7.9e-003	peak_384	12.12	tp	0
11-AAAWGWTTTWAAAWWWWWTW	STREME-11	7.9e-003	peak_544	12.10	tp	0
11-AAAWGWTTTWAAAWWWWWTW	STREME-11	7.9e-003	peak_758	12.10	tp	0
11-AAAWGWTTTWAAAWWWWWTW	STREME-11	7.9e-003	peak_833	12.08	tp	0
11-AAAWGWTTTWAAAWWWWWTW	STREME-11	7.9e-003	peak_166	12.07	tp	0
11-AAAWGWTTTWAAAWWWWWTW	STREME-11	7.9e-003	peak_72	12.05	tp	0
11-AAAWGWTTTWAAAWWWWWTW	STREME-11	7.9e-003	peak_110	12.03	fp	0
11-AAAWGWTTTWAAAWWWWWTW	STREME-11	7.9e-003	peak_436	12.03	tp	0
11-AAAWGWTTTWAAAWWWWWTW	STREME-11	7.9e-003	peak_654	12.00	fp	0
11-AAAWGWTTTWAAAWWWWWTW	STREME-11	7.9e-003	peak_641	11.96	tp	0
11-AAAWGWTTTWAAAWWWWWTW	STREME-11	7.9e-003	peak_274	11.92	fp	0
11-AAAWGWTTTWAAAWWWWWTW	STREME-11	7.9e-003	peak_391	11.91	tp	1
11-AAAWGWTTTWAAAWWWWWTW	STREME-11	7.9e-003	peak_226	11.89	tp	0
11-AAAWGWTTTWAAAWWWWWTW	STREME-11	7.9e-003	peak_216	11.89	tp	0
11-AAAWGWTTTWAAAWWWWWTW	STREME-11	7.9e-003	peak_699	11.89	fp	0
11-AAAWGWTTTWAAAWWWWWTW	STREME-11	7.9e-003	peak_325	11.80	tp	0
11-AAAWGWTTTWAAAWWWWWTW	STREME-11	7.9e-003	peak_171	11.75	tp	0
11-AAAWGWTTTWAAAWWWWWTW	STREME-11	7.9e-003	peak_173	11.75	tp	0
11-AAAWGWTTTWAAAWWWWWTW	STREME-11	7.9e-003	peak_845	11.74	tp	0
11-AAAWGWTTTWAAAWWWWWTW	STREME-11	7.9e-003	peak_382	11.73	tp	0
11-AAAWGWTTTWAAAWWWWWTW	STREME-11	7.9e-003	peak_495	11.72	tp	0
11-AAAWGWTTTWAAAWWWWWTW	STREME-11	7.9e-003	peak_664	11.72	fp	0
11-AAAWGWTTTWAAAWWWWWTW	STREME-11	7.9e-003	peak_556	11.70	tp	0
11-AAAWGWTTTWAAAWWWWWTW	STREME-11	7.9e-003	peak_673	11.69	tp	0
11-AAAWGWTTTWAAAWWWWWTW	STREME-11	7.9e-003	peak_38	11.69	tp	0
11-AAAWGWTTTWAAAWWWWWTW	STREME-11	7.9e-003	peak_514	11.68	tp	0
11-AAAWGWTTTWAAAWWWWWTW	STREME-11	7.9e-003	peak_77	11.68	tp	0
11-AAAWGWTTTWAAAWWWWWTW	STREME-11	7.9e-003	peak_245	11.67	tp	0
11-AAAWGWTTTWAAAWWWWWTW	STREME-11	7.9e-003	peak_278	11.65	tp	0
11-AAAWGWTTTWAAAWWWWWTW	STREME-11	7.9e-003	peak_81	11.65	tp	0
11-AAAWGWTTTWAAAWWWWWTW	STREME-11	7.9e-003	peak_584	11.64	tp	0
11-AAAWGWTTTWAAAWWWWWTW	STREME-11	7.9e-003	peak_116	11.64	tp	0
11-AAAWGWTTTWAAAWWWWWTW	STREME-11	7.9e-003	peak_64	11.63	tp	0
11-AAAWGWTTTWAAAWWWWWTW	STREME-11	7.9e-003	peak_233	11.63	tp	0
11-AAAWGWTTTWAAAWWWWWTW	STREME-11	7.9e-003	peak_657	11.63	tp	0
11-AAAWGWTTTWAAAWWWWWTW	STREME-11	7.9e-003	peak_580	11.62	fp	1
11-AAAWGWTTTWAAAWWWWWTW	STREME-11	7.9e-003	peak_143	11.61	tp	0
11-AAAWGWTTTWAAAWWWWWTW	STREME-11	7.9e-003	peak_553	11.59	tp	0
11-AAAWGWTTTWAAAWWWWWTW	STREME-11	7.9e-003	peak_313	11.58	fp	0
11-AAAWGWTTTWAAAWWWWWTW	STREME-11	7.9e-003	peak_246	11.57	tp	0
11-AAAWGWTTTWAAAWWWWWTW	STREME-11	7.9e-003	peak_702	11.55	fp	0
11-AAAWGWTTTWAAAWWWWWTW	STREME-11	7.9e-003	peak_769	11.55	tp	0
11-AAAWGWTTTWAAAWWWWWTW	STREME-11	7.9e-003	peak_350	11.55	tp	0
11-AAAWGWTTTWAAAWWWWWTW	STREME-11	7.9e-003	peak_384	11.54	fp	1
11-AAAWGWTTTWAAAWWWWWTW	STREME-11	7.9e-003	peak_296	11.54	tp	0
11-AAAWGWTTTWAAAWWWWWTW	STREME-11	7.9e-003	peak_547	11.53	fp	0
11-AAAWGWTTTWAAAWWWWWTW	STREME-11	7.9e-003	peak_517	11.53	tp	0
11-AAAWGWTTTWAAAWWWWWTW	STREME-11	7.9e-003	peak_411	11.52	tp	0
11-AAAWGWTTTWAAAWWWWWTW	STREME-11	7.9e-003	peak_16	11.51	tp	0
11-AAAWGWTTTWAAAWWWWWTW	STREME-11	7.9e-003	peak_263	11.51	tp	0
11-AAAWGWTTTWAAAWWWWWTW	STREME-11	7.9e-003	peak_416	11.50	tp	1
11-AAAWGWTTTWAAAWWWWWTW	STREME-11	7.9e-003	peak_55	11.49	tp	1
11-AAAWGWTTTWAAAWWWWWTW	STREME-11	7.9e-003	peak_575	11.48	tp	0
11-AAAWGWTTTWAAAWWWWWTW	STREME-11	7.9e-003	peak_110	11.45	tp	0
11-AAAWGWTTTWAAAWWWWWTW	STREME-11	7.9e-003	peak_88	11.44	tp	0
11-AAAWGWTTTWAAAWWWWWTW	STREME-11	7.9e-003	peak_103	11.40	tp	0
11-AAAWGWTTTWAAAWWWWWTW	STREME-11	7.9e-003	peak_120	11.40	tp	0
11-AAAWGWTTTWAAAWWWWWTW	STREME-11	7.9e-003	peak_93	11.39	tp	0
11-AAAWGWTTTWAAAWWWWWTW	STREME-11	7.9e-003	peak_425	11.39	tp	0
#
12-AAAACAAAATG	STREME-12	1.4e-002	peak_110	16.52	tp	0
12-AAAACAAAATG	STREME-12	1.4e-002	peak_35	16.52	tp	0
12-AAAACAAAATG	STREME-12	1.4e-002	peak_112	16.52	tp	0
12-AAAACAAAATG	STREME-12	1.4e-002	peak_107	16.52	tp	0
12-AAAACAAAATG	STREME-12	1.4e-002	peak_720	16.52	tp	1
12-AAAACAAAATG	STREME-12	1.4e-002	peak_294	15.88	tp	0
12-AAAACAAAATG	STREME-12	1.4e-002	peak_811	15.88	tp	0
12-AAAACAAAATG	STREME-12	1.4e-002	peak_144	15.88	tp	0
12-AAAACAAAATG	STREME-12	1.4e-002	peak_613	15.56	tp	0
12-AAAACAAAATG	STREME-12	1.4e-002	peak_367	15.56	tp	0
12-AAAACAAAATG	STREME-12	1.4e-002	peak_194	15.56	tp	0
12-AAAACAAAATG	STREME-12	1.4e-002	peak_55	15.56	tp	1
12-AAAACAAAATG	STREME-12	1.4e-002	peak_500	15.14	tp	0
12-AAAACAAAATG	STREME-12	1.4e-002	peak_345	15.14	tp	0
12-AAAACAAAATG	STREME-12	1.4e-002	peak_248	15.14	tp	0
12-AAAACAAAATG	STREME-12	1.4e-002	peak_709	15.14	tp	0
12-AAAACAAAATG	STREME-12	1.4e-002	peak_799	15.14	tp	0
12-AAAACAAAATG	STREME-12	1.4e-002	peak_332	15.12	tp	1
12-AAAACAAAATG	STREME-12	1.4e-002	peak_116	15.10	tp	0
12-AAAACAAAATG	STREME-12	1.4e-002	peak_450	15.09	tp	0
12-AAAACAAAATG	STREME-12	1.4e-002	peak_698	15.09	fp	0
12-AAAACAAAATG	STREME-12	1.4e-002	peak_448	15.09	fp	0
12-AAAACAAAATG	STREME-12	1.4e-002	peak_854	14.92	tp	0
12-AAAACAAAATG	STREME-12	1.4e-002	peak_87	14.92	tp	0
12-AAAACAAAATG	STREME-12	1.4e-002	peak_535	14.59	tp	0
12-AAAACAAAATG	STREME-12	1.4e-002	peak_364	14.59	tp	0
12-AAAACAAAATG	STREME-12	1.4e-002	peak_594	14.47	tp	0
12-AAAACAAAATG	STREME-12	1.4e-002	peak_221	14.47	tp	0
12-AAAACAAAATG	STREME-12	1.4e-002	peak_153	14.45	tp	0
12-AAAACAAAATG	STREME-12	1.4e-002	peak_686	14.45	tp	0
12-AAAACAAAATG	STREME-12	1.4e-002	peak_77	14.45	tp	0
12-AAAACAAAATG	STREME-12	1.4e-002	peak_263	14.45	tp	0
12-AAAACAAAATG	STREME-12	1.4e-002	peak_834	14.26	tp	0
12-AAAACAAAATG	STREME-12	1.4e-002	peak_822	14.26	tp	0
12-AAAACAAAATG	STREME-12	1.4e-002	peak_320	14.26	tp	0
12-AAAACAAAATG	STREME-12	1.4e-002	peak_353	14.17	tp	0
12-AAAACAAAATG	STREME-12	1.4e-002	peak_478	14.17	fp	0
12-AAAACAAAATG	STREME-12	1.4e-002	peak_551	14.17	tp	1
12-AAAACAAAATG	STREME-12	1.4e-002	peak_333	14.16	tp	0
12-AAAACAAAATG	STREME-12	1.4e-002	peak_837	14.16	tp	1
12-AAAACAAAATG	STREME-12	1.4e-002	peak_747	14.06	tp	0
12-AAAACAAAATG	STREME-12	1.4e-002	peak_388	13.91	tp	0
12-AAAACAAAATG	STREME-12	1.4e-002	peak_870	13.91	tp	0
12-AAAACAAAATG	STREME-12	1.4e-002	peak_95	13.91	tp	0
12-AAAACAAAATG	STREME-12	1.4e-002	peak_775	13.91	tp	0
12-AAAACAAAATG	STREME-12	1.4e-002	peak_291	13.91	tp	0
12-AAAACAAAATG	STREME-12	1.4e-002	peak_849	13.91	tp	0
12-AAAACAAAATG	STREME-12	1.4e-002	peak_404	13.72	tp	1
12-AAAACAAAATG	STREME-12	1.4e-002	peak_853	13.71	tp	0
12-AAAACAAAATG	STREME-12	1.4e-002	peak_146	13.71	tp	0
12-AAAACAAAATG	STREME-12	1.4e-002	peak_525	13.71	fp	0
12-AAAACAAAATG	STREME-12	1.4e-002	peak_694	13.69	tp	0
12-AAAACAAAATG	STREME-12	1.4e-002	peak_556	13.69	tp	0
12-AAAACAAAATG	STREME-12	1.4e-002	peak_111	13.27	tp	0
12-AAAACAAAATG	STREME-12	1.4e-002	peak_716	13.27	tp	0
12-AAAACAAAATG	STREME-12	1.4e-002	peak_480	13.20	tp	0
12-AAAACAAAATG	STREME-12	1.4e-002	peak_219	13.20	tp	0
12-AAAACAAAATG	STREME-12	1.4e-002	peak_721	13.20	tp	0
12-AAAACAAAATG	STREME-12	1.4e-002	peak_171	13.20	tp	0
12-AAAACAAAATG	STREME-12	1.4e-002	peak_683	13.20	tp	0
12-AAAACAAAATG	STREME-12	1.4e-002	peak_205	13.19	tp	0
12-AAAACAAAATG	STREME-12	1.4e-002	peak_422	13.19	tp	0
12-AAAACAAAATG	STREME-12	1.4e-002	peak_829	13.19	tp	0
12-AAAACAAAATG	STREME-12	1.4e-002	peak_651	13.19	fp	0
12-AAAACAAAATG	STREME-12	1.4e-002	peak_72	13.19	fp	0
12-AAAACAAAATG	STREME-12	1.4e-002	peak_267	13.17	tp	0
12-AAAACAAAATG	STREME-12	1.4e-002	peak_647	13.17	tp	0
12-AAAACAAAATG	STREME-12	1.4e-002	peak_815	13.17	fp	0
12-AAAACAAAATG	STREME-12	1.4e-002	peak_97	13.16	tp	0
12-AAAACAAAATG	STREME-12	1.4e-002	peak_39	13.16	tp	0
12-AAAACAAAATG	STREME-12	1.4e-002	peak_858	13.16	fp	0
12-AAAACAAAATG	STREME-12	1.4e-002	peak_57	13.10	tp	0
12-AAAACAAAATG	STREME-12	1.4e-002	peak_239	13.00	tp	0
12-AAAACAAAATG	STREME-12	1.4e-002	peak_861	13.00	fp	0
12-AAAACAAAATG	STREME-12	1.4e-002	peak_47	12.98	tp	0
12-AAAACAAAATG	STREME-12	1.4e-002	peak_232	12.94	tp	0
12-AAAACAAAATG	STREME-12	1.4e-002	peak_76	12.94	tp	0
12-AAAACAAAATG	STREME-12	1.4e-002	peak_618	12.94	tp	0
12-AAAACAAAATG	STREME-12	1.4e-002	peak_418	12.94	tp	1
12-AAAACAAAATG	STREME-12	1.4e-002	peak_676	12.88	fp	0
12-AAAACAAAATG	STREME-12	1.4e-002	peak_644	12.88	tp	1
12-AAAACAAAATG	STREME-12	1.4e-002	peak_558	12.84	tp	0
12-AAAACAAAATG	STREME-12	1.4e-002	peak_673	12.84	tp	0
12-AAAACAAAATG	STREME-12	1.4e-002	peak_49	12.84	tp	0
12-AAAACAAAATG	STREME-12	1.4e-002	peak_561	12.84	tp	0
12-AAAACAAAATG	STREME-12	1.4e-002	peak_202	12.84	tp	0
12-AAAACAAAATG	STREME-12	1.4e-002	peak_64	12.83	tp	0
12-AAAACAAAATG	STREME-12	1.4e-002	peak_69	12.83	tp	0
12-AAAACAAAATG	STREME-12	1.4e-002	peak_147	12.68	tp	0
12-AAAACAAAATG	STREME-12	1.4e-002	peak_821	12.68	tp	0
12-AAAACAAAATG	STREME-12	1.4e-002	peak_6	12.68	tp	0
12-AAAACAAAATG	STREME-12	1.4e-002	peak_848	12.66	tp	0
12-AAAACAAAATG	STREME-12	1.4e-002	peak_349	12.65	tp	0
12-AAAACAAAATG	STREME-12	1.4e-002	peak_627	12.63	tp	0
12-AAAACAAAATG	STREME-12	1.4e-002	peak_499	12.57	tp	0
12-AAAACAAAATG	STREME-12	1.4e-002	peak_330	12.53	tp	0
12-AAAACAAAATG	STREME-12	1.4e-002	peak_814	12.52	tp	0
12-AAAACAAAATG	STREME-12	1.4e-002	peak_406	12.52	tp	0
12-AAAACAAAATG	STREME-12	1.4e-002	peak_696	12.52	tp	0
12-AAAACAAAATG	STREME-12	1.4e-002	peak_467	12.52	fp	0
12-AAAACAAAATG	STREME-12	1.4e-002	peak_608	12.52	fp	0
12-AAAACAAAATG	STREME-12	1.4e-002	peak_496	12.52	tp	0
12-AAAACAAAATG	STREME-12	1.4e-002	peak_714	12.52	tp	0
12-AAAACAAAATG	STREME-12	1.4e-002	peak_340	12.52	fp	0
12-AAAACAAAATG	STREME-12	1.4e-002	peak_635	12.51	tp	0
12-AAAACAAAATG	STREME-12	1.4e-002	peak_360	12.51	tp	0
12-AAAACAAAATG	STREME-12	1.4e-002	peak_5	12.51	tp	0
12-AAAACAAAATG	STREME-12	1.4e-002	peak_791	12.51	tp	0
12-AAAACAAAATG	STREME-12	1.4e-002	peak_537	12.51	tp	0
12-AAAACAAAATG	STREME-12	1.4e-002	peak_507	12.51	tp	0
12-AAAACAAAATG	STREME-12	1.4e-002	peak_714	12.51	fp	0
12-AAAACAAAATG	STREME-12	1.4e-002	peak_827	12.49	fp	0
12-AAAACAAAATG	STREME-12	1.4e-002	peak_445	12.47	tp	0
12-AAAACAAAATG	STREME-12	1.4e-002	peak_139	12.47	tp	0
12-AAAACAAAATG	STREME-12	1.4e-002	peak_606	12.47	tp	0
12-AAAACAAAATG	STREME-12	1.4e-002	peak_123	12.47	fp	0
12-AAAACAAAATG	STREME-12	1.4e-002	peak_728	12.36	tp	0
12-AAAACAAAATG	STREME-12	1.4e-002	peak_710	12.36	tp	0
12-AAAACAAAATG	STREME-12	1.4e-002	peak_729	12.33	tp	0
12-AAAACAAAATG	STREME-12	1.4e-002	peak_496	12.33	fp	0
12-AAAACAAAATG	STREME-12	1.4e-002	peak_298	12.33	tp	0
12-AAAACAAAATG	STREME-12	1.4e-002	peak_515	12.33	tp	0
12-AAAACAAAATG	STREME-12	1.4e-002	peak_412	12.33	tp	0
12-AAAACAAAATG	STREME-12	1.4e-002	peak_756	12.30	tp	0
12-AAAACAAAATG	STREME-12	1.4e-002	peak_142	12.30	tp	0
12-AAAACAAAATG	STREME-12	1.4e-002	peak_764	12.30	fp	0
12-AAAACAAAATG	STREME-12	1.4e-002	peak_151	12.24	tp	0
12-AAAACAAAATG	STREME-12	1.4e-002	peak_547	12.24	tp	0
12-AAAACAAAATG	STREME-12	1.4e-002	peak_224	12.24	fp	0
12-AAAACAAAATG	STREME-12	1.4e-002	peak_570	12.24	tp	1
12-AAAACAAAATG	STREME-12	1.4e-002	peak_783	12.23	fp	0
12-AAAACAAAATG	STREME-12	1.4e-002	peak_115	12.20	fp	0
12-AAAACAAAATG	STREME-12	1.4e-002	peak_542	12.19	fp	0
12-AAAACAAAATG	STREME-12	1.4e-002	peak_375	12.13	tp	0
12-AAAACAAAATG	STREME-12	1.4e-002	peak_726	12.13	tp	0
12-AAAACAAAATG	STREME-12	1.4e-002	peak_79	12.13	tp	0
12-AAAACAAAATG	STREME-12	1.4e-002	peak_21	12.04	tp	0
12-AAAACAAAATG	STREME-12	1.4e-002	peak_592	12.04	fp	0
12-AAAACAAAATG	STREME-12	1.4e-002	peak_75	12.01	tp	0
12-AAAACAAAATG	STREME-12	1.4e-002	peak_13	11.99	fp	0
12-AAAACAAAATG	STREME-12	1.4e-002	peak_3	11.99	tp	0
12-AAAACAAAATG	STREME-12	1.4e-002	peak_70	11.99	tp	0
12-AAAACAAAATG	STREME-12	1.4e-002	peak_424	11.91	tp	0
12-AAAACAAAATG	STREME-12	1.4e-002	peak_587	11.87	tp	0
12-AAAACAAAATG	STREME-12	1.4e-002	peak_311	11.87	tp	0
12-AAAACAAAATG	STREME-12	1.4e-002	peak_222	11.84	tp	0
12-AAAACAAAATG	STREME-12	1.4e-002	peak_91	11.84	tp	0
12-AAAACAAAATG	STREME-12	1.4e-002	peak_184	11.80	tp	0
12-AAAACAAAATG	STREME-12	1.4e-002	peak_168	11.79	tp	0
12-AAAACAAAATG	STREME-12	1.4e-002	peak_189	11.79	tp	0
12-AAAACAAAATG	STREME-12	1.4e-002	peak_813	11.79	tp	0
12-AAAACAAAATG	STREME-12	1.4e-002	peak_510	11.79	tp	0
12-AAAACAAAATG	STREME-12	1.4e-002	peak_850	11.78	tp	0
12-AAAACAAAATG	STREME-12	1.4e-002	peak_742	11.78	tp	0
12-AAAACAAAATG	STREME-12	1.4e-002	peak_30	11.78	fp	0
12-AAAACAAAATG	STREME-12	1.4e-002	peak_98	11.77	tp	0
12-AAAACAAAATG	STREME-12	1.4e-002	peak_656	11.77	tp	0
12-AAAACAAAATG	STREME-12	1.4e-002	peak_637	11.77	fp	1
12-AAAACAAAATG	STREME-12	1.4e-002	peak_104	11.77	tp	0
12-AAAACAAAATG	STREME-12	1.4e-002	peak_14	11.77	tp	0
12-AAAACAAAATG	STREME-12	1.4e-002	peak_75	11.77	fp	0
12-AAAACAAAATG	STREME-12	1.4e-002	peak_794	11.76	tp	0
12-AAAACAAAATG	STREME-12	1.4e-002	peak_592	11.76	tp	0
12-AAAACAAAATG	STREME-12	1.4e-002	peak_203	11.76	fp	0
12-AAAACAAAATG	STREME-12	1.4e-002	peak_216	11.72	tp	0
12-AAAACAAAATG	STREME-12	1.4e-002	peak_752	11.72	tp	1
12-AAAACAAAATG	STREME-12	1.4e-002	peak_54	11.69	tp	0
12-AAAACAAAATG	STREME-12	1.4e-002	peak_845	11.67	tp	0
12-AAAACAAAATG	STREME-12	1.4e-002	peak_626	11.67	tp	0
12-AAAACAAAATG	STREME-12	1.4e-002	peak_754	11.64	tp	0
12-AAAACAAAATG	STREME-12	1.4e-002	peak_646	11.60	tp	0
12-AAAACAAAATG	STREME-12	1.4e-002	peak_733	11.60	tp	0
12-AAAACAAAATG	STREME-12	1.4e-002	peak_174	11.59	fp	0
12-AAAACAAAATG	STREME-12	1.4e-002	peak_327	11.59	fp	0
12-AAAACAAAATG	STREME-12	1.4e-002	peak_84	11.57	tp	0
12-AAAACAAAATG	STREME-12	1.4e-002	peak_437	11.57	tp	0
12-AAAACAAAATG	STREME-12	1.4e-002	peak_203	11.57	tp	0
12-AAAACAAAATG	STREME-12	1.4e-002	peak_737	11.57	tp	0
12-AAAACAAAATG	STREME-12	1.4e-002	peak_176	11.56	tp	0
12-AAAACAAAATG	STREME-12	1.4e-002	peak_11	11.56	tp	0
12-AAAACAAAATG	STREME-12	1.4e-002	peak_7	11.54	tp	0
12-AAAACAAAATG	STREME-12	1.4e-002	peak_666	11.49	fp	0
12-AAAACAAAATG	STREME-12	1.4e-002	peak_486	11.46	tp	0
12-AAAACAAAATG	STREME-12	1.4e-002	peak_387	11.46	fp	0
12-AAAACAAAATG	STREME-12	1.4e-002	peak_109	11.45	fp	0
12-AAAACAAAATG	STREME-12	1.4e-002	peak_56	11.44	tp	0
12-AAAACAAAATG	STREME-12	1.4e-002	peak_105	11.41	tp	0
12-AAAACAAAATG	STREME-12	1.4e-002	peak_309	11.40	tp	0
12-AAAACAAAATG	STREME-12	1.4e-002	peak_346	11.40	tp	0
12-AAAACAAAATG	STREME-12	1.4e-002	peak_595	11.36	tp	0
12-AAAACAAAATG	STREME-12	1.4e-002	peak_113	11.36	tp	0
12-AAAACAAAATG	STREME-12	1.4e-002	peak_488	11.27	tp	0
12-AAAACAAAATG	STREME-12	1.4e-002	peak_812	11.27	tp	0
12-AAAACAAAATG	STREME-12	1.4e-002	peak_356	11.27	tp	0
12-AAAACAAAATG	STREME-12	1.4e-002	peak_361	11.27	fp	1
12-AAAACAAAATG	STREME-12	1.4e-002	peak_214	11.25	tp	0
12-AAAACAAAATG	STREME-12	1.4e-002	peak_801	11.25	tp	0
12-AAAACAAAATG	STREME-12	1.4e-002	peak_602	11.25	tp	0
12-AAAACAAAATG	STREME-12	1.4e-002	peak_476	11.25	tp	0
12-AAAACAAAATG	STREME-12	1.4e-002	peak_417	11.24	tp	0
12-AAAACAAAATG	STREME-12	1.4e-002	peak_528	11.24	tp	0
12-AAAACAAAATG	STREME-12	1.4e-002	peak_844	11.24	tp	0
12-AAAACAAAATG	STREME-12	1.4e-002	peak_722	11.20	fp	0
12-AAAACAAAATG	STREME-12	1.4e-002	peak_231	11.19	tp	0
12-AAAACAAAATG	STREME-12	1.4e-002	peak_48	11.17	tp	0
12-AAAACAAAATG	STREME-12	1.4e-002	peak_134	11.17	tp	0
12-AAAACAAAATG	STREME-12	1.4e-002	peak_676	11.16	tp	0
12-AAAACAAAATG	STREME-12	1.4e-002	peak_648	11.15	tp	0
12-AAAACAAAATG	STREME-12	1.4e-002	peak_738	11.14	tp	0
12-AAAACAAAATG	STREME-12	1.4e-002	peak_682	11.14	tp	0
12-AAAACAAAATG	STREME-12	1.4e-002	peak_505	11.14	tp	0
12-AAAACAAAATG	STREME-12	1.4e-002	peak_183	11.14	tp	0
12-AAAACAAAATG	STREME-12	1.4e-002	peak_497	11.14	tp	0
12-AAAACAAAATG	STREME-12	1.4e-002	peak_273	11.11	tp	0
12-AAAACAAAATG	STREME-12	1.4e-002	peak_828	11.11	fp	0
12-AAAACAAAATG	STREME-12	1.4e-002	peak_66	11.09	tp	0
12-AAAACAAAATG	STREME-12	1.4e-002	peak_549	11.09	tp	0
12-AAAACAAAATG	STREME-12	1.4e-002	peak_440	11.09	tp	0
12-AAAACAAAATG	STREME-12	1.4e-002	peak_71	11.08	fp	0
12-AAAACAAAATG	STREME-12	1.4e-002	peak_124	11.07	fp	0
12-AAAACAAAATG	STREME-12	1.4e-002	peak_396	11.04	tp	0
12-AAAACAAAATG	STREME-12	1.4e-002	peak_192	11.02	tp	0
12-AAAACAAAATG	STREME-12	1.4e-002	peak_481	11.00	tp	0
12-AAAACAAAATG	STREME-12	1.4e-002	peak_431	11.00	tp	0
12-AAAACAAAATG	STREME-12	1.4e-002	peak_179	10.94	tp	0
12-AAAACAAAATG	STREME-12	1.4e-002	peak_13	10.94	tp	0
12-AAAACAAAATG	STREME-12	1.4e-002	peak_517	10.94	fp	0
12-AAAACAAAATG	STREME-12	1.4e-002	peak_209	10.94	fp	0
12-AAAACAAAATG	STREME-12	1.4e-002	peak_193	10.93	tp	0
12-AAAACAAAATG	STREME-12	1.4e-002	peak_661	10.93	tp	0
12-AAAACAAAATG	STREME-12	1.4e-002	peak_478	10.93	tp	1
12-AAAACAAAATG	STREME-12	1.4e-002	peak_379	10.93	tp	0
12-AAAACAAAATG	STREME-12	1.4e-002	peak_22	10.93	tp	0
12-AAAACAAAATG	STREME-12	1.4e-002	peak_115	10.91	tp	0
12-AAAACAAAATG	STREME-12	1.4e-002	peak_100	10.91	tp	0
12-AAAACAAAATG	STREME-12	1.4e-002	peak_423	10.91	tp	0
12-AAAACAAAATG	STREME-12	1.4e-002	peak_386	10.91	tp	0
12-AAAACAAAATG	STREME-12	1.4e-002	peak_454	10.91	tp	0
12-AAAACAAAATG	STREME-12	1.4e-002	peak_707	10.91	tp	0
12-AAAACAAAATG	STREME-12	1.4e-002	peak_411	10.89	tp	0
12-AAAACAAAATG	STREME-12	1.4e-002	peak_377	10.89	tp	0
12-AAAACAAAATG	STREME-12	1.4e-002	peak_208	10.82	tp	0
12-AAAACAAAATG	STREME-12	1.4e-002	peak_702	10.82	tp	0
12-AAAACAAAATG	STREME-12	1.4e-002	peak_358	10.78	tp	0
12-AAAACAAAATG	STREME-12	1.4e-002	peak_761	10.78	tp	0
12-AAAACAAAATG	STREME-12	1.4e-002	peak_628	10.78	fp	0
12-AAAACAAAATG	STREME-12	1.4e-002	peak_674	10.78	tp	1
12-AAAACAAAATG	STREME-12	1.4e-002	peak_647	10.75	fp	0
12-AAAACAAAATG	STREME-12	1.4e-002	peak_540	10.75	fp	0
12-AAAACAAAATG	STREME-12	1.4e-002	peak_577	10.73	tp	0
12-AAAACAAAATG	STREME-12	1.4e-002	peak_293	10.73	tp	0
12-AAAACAAAATG	STREME-12	1.4e-002	peak_379	10.73	fp	0
12-AAAACAAAATG	STREME-12	1.4e-002	peak_129	10.72	fp	0
12-AAAACAAAATG	STREME-12	1.4e-002	peak_780	10.72	tp	0
12-AAAACAAAATG	STREME-12	1.4e-002	peak_67	10.70	tp	0
12-AAAACAAAATG	STREME-12	1.4e-002	peak_675	10.70	tp	0
12-AAAACAAAATG	STREME-12	1.4e-002	peak_101	10.68	tp	0
12-AAAACAAAATG	STREME-12	1.4e-002	peak_32	10.68	tp	0
12-AAAACAAAATG	STREME-12	1.4e-002	peak_748	10.65	tp	0
12-AAAACAAAATG	STREME-12	1.4e-002	peak_709	10.65	fp	0
12-AAAACAAAATG	STREME-12	1.4e-002	peak_841	10.64	tp	0
12-AAAACAAAATG	STREME-12	1.4e-002	peak_370	10.64	tp	0
12-AAAACAAAATG	STREME-12	1.4e-002	peak_114	10.64	fp	1
12-AAAACAAAATG	STREME-12	1.4e-002	peak_757	10.58	tp	0
12-AAAACAAAATG	STREME-12	1.4e-002	peak_325	10.58	fp	0
12-AAAACAAAATG	STREME-12	1.4e-002	peak_743	10.58	fp	0
12-AAAACAAAATG	STREME-12	1.4e-002	peak_425	10.56	tp	0
12-AAAACAAAATG	STREME-12	1.4e-002	peak_633	10.53	tp	0
12-AAAACAAAATG	STREME-12	1.4e-002	peak_591	10.49	tp	0
12-AAAACAAAATG	STREME-12	1.4e-002	peak_288	10.49	tp	0
12-AAAACAAAATG	STREME-12	1.4e-002	peak_555	10.43	tp	0
#
13-GAAAAC	STREME-13	1.4e-002	peak_17	10.98	tp	0
13-GAAAAC	STREME-13	1.4e-002	peak_84	10.98	tp	0
13-GAAAAC	STREME-13	1.4e-002	peak_34	10.98	tp	0
13-GAAAAC	STREME-13	1.4e-002	peak_437	10.98	tp	0
13-GAAAAC	STREME-13	1.4e-002	peak_794	10.98	tp	0
13-GAAAAC	STREME-13	1.4e-002	peak_214	10.98	tp	0
13-GAAAAC	STREME-13	1.4e-002	peak_298	10.98	tp	0
13-GAAAAC	STREME-13	1.4e-002	peak_864	10.98	tp	0
13-GAAAAC	STREME-13	1.4e-002	peak_700	10.98	tp	0
13-GAAAAC	STREME-13	1.4e-002	peak_457	10.98	tp	0
13-GAAAAC	STREME-13	1.4e-002	peak_747	10.98	tp	0
13-GAAAAC	STREME-13	1.4e-002	peak_831	10.98	tp	0
13-GAAAAC	STREME-13	1.4e-002	peak_706	10.98	tp	0
13-GAAAAC	STREME-13	1.4e-002	peak_89	10.98	tp	0
13-GAAAAC	STREME-13	1.4e-002	peak_429	10.98	tp	0
13-GAAAAC	STREME-13	1.4e-002	peak_382	10.98	tp	0
13-GAAAAC	STREME-13	1.4e-002	peak_748	10.98	tp	0
13-GAAAAC	STREME-13	1.4e-002	peak_325	10.98	tp	0
13-GAAAAC	STREME-13	1.4e-002	peak_870	10.98	tp	0
13-GAAAAC	STREME-13	1.4e-002	peak_114	10.98	tp	0
13-GAAAAC	STREME-13	1.4e-002	peak_677	10.98	tp	0
13-GAAAAC	STREME-13	1.4e-002	peak_47	10.98	tp	0
13-GAAAAC	STREME-13	1.4e-002	peak_42	10.98	tp	0
13-GAAAAC	STREME-13	1.4e-002	peak_222	10.98	tp	0
13-GAAAAC	STREME-13	1.4e-002	peak_213	10.98	tp	0
13-GAAAAC	STREME-13	1.4e-002	peak_438	10.98	tp	0
13-GAAAAC	STREME-13	1.4e-002	peak_200	10.98	tp	0
13-GAAAAC	STREME-13	1.4e-002	peak_558	10.98	tp	0
13-GAAAAC	STREME-13	1.4e-002	peak_153	10.98	tp	0
13-GAAAAC	STREME-13	1.4e-002	peak_839	10.98	tp	0
13-GAAAAC	STREME-13	1.4e-002	peak_110	10.98	tp	0
13-GAAAAC	STREME-13	1.4e-002	peak_684	10.98	tp	0
13-GAAAAC	STREME-13	1.4e-002	peak_800	10.98	tp	0
13-GAAAAC	STREME-13	1.4e-002	peak_366	10.98	tp	0
13-GAAAAC	STREME-13	1.4e-002	peak_345	10.98	tp	0
13-GAAAAC	STREME-13	1.4e-002	peak_777	10.98	tp	0
13-GAAAAC	STREME-13	1.4e-002	peak_119	10.98	tp	0
13-GAAAAC	STREME-13	1.4e-002	peak_757	10.98	tp	0
13-GAAAAC	STREME-13	1.4e-002	peak_821	10.98	tp	0
13-GAAAAC	STREME-13	1.4e-002	peak_693	10.98	tp	0
13-GAAAAC	STREME-13	1.4e-002	peak_52	10.98	tp	0
13-GAAAAC	STREME-13	1.4e-002	peak_193	10.98	tp	0
13-GAAAAC	STREME-13	1.4e-002	peak_538	10.98	tp	0
13-GAAAAC	STREME-13	1.4e-002	peak_663	10.98	tp	0
13-GAAAAC	STREME-13	1.4e-002	peak_654	10.98	tp	0
13-GAAAAC	STREME-13	1.4e-002	peak_167	10.98	tp	0
13-GAAAAC	STREME-13	1.4e-002	peak_86	10.98	tp	0
13-GAAAAC	STREME-13	1.4e-002	peak_85	10.98	tp	0
13-GAAAAC	STREME-13	1.4e-002	peak_252	10.98	tp	0
13-GAAAAC	STREME-13	1.4e-002	peak_65	10.98	tp	0
13-GAAAAC	STREME-13	1.4e-002	peak_305	10.98	tp	0
13-GAAAAC	STREME-13	1.4e-002	peak_461	10.98	tp	0
13-GAAAAC	STREME-13	1.4e-002	peak_186	10.98	tp	0
13-GAAAAC	STREME-13	1.4e-002	peak_524	10.98	tp	0
13-GAAAAC	STREME-13	1.4e-002	peak_73	10.98	tp	0
13-GAAAAC	STREME-13	1.4e-002	peak_398	10.98	tp	0
13-GAAAAC	STREME-13	1.4e-002	peak_10	10.98	tp	0
13-GAAAAC	STREME-13	1.4e-002	peak_125	10.98	tp	0
13-GAAAAC	STREME-13	1.4e-002	peak_369	10.98	tp	0
13-GAAAAC	STREME-13	1.4e-002	peak_621	10.98	tp	0
13-GAAAAC	STREME-13	1.4e-002	peak_824	10.98	tp	0
13-GAAAAC	STREME-13	1.4e-002	peak_244	10.98	tp	0
13-GAAAAC	STREME-13	1.4e-002	peak_266	10.98	tp	0
13-GAAAAC	STREME-13	1.4e-002	peak_294	10.98	tp	0
13-GAAAAC	STREME-13	1.4e-002	peak_667	10.98	tp	0
13-GAAAAC	STREME-13	1.4e-002	peak_756	10.98	tp	0
13-GAAAAC	STREME-13	1.4e-002	peak_6	10.98	tp	0
13-GAAAAC	STREME-13	1.4e-002	peak_353	10.98	tp	0
13-GAAAAC	STREME-13	1.4e-002	peak_511	10.98	tp	0
13-GAAAAC	STREME-13	1.4e-002	peak_20	10.98	tp	0
13-GAAAAC	STREME-13	1.4e-002	peak_775	10.98	tp	0
13-GAAAAC	STREME-13	1.4e-002	peak_701	10.98	tp	0
13-GAAAAC	STREME-13	1.4e-002	peak_37	10.98	tp	0
13-GAAAAC	STREME-13	1.4e-002	peak_260	10.98	tp	0
13-GAAAAC	STREME-13	1.4e-002	peak_816	10.98	tp	0
13-GAAAAC	STREME-13	1.4e-002	peak_327	10.98	tp	0
13-GAAAAC	STREME-13	1.4e-002	peak_111	10.98	tp	0
13-GAAAAC	STREME-13	1.4e-002	peak_755	10.98	tp	0
13-GAAAAC	STREME-13	1.4e-002	peak_520	10.98	tp	0
13-GAAAAC	STREME-13	1.4e-002	peak_632	10.98	tp	0
13-GAAAAC	STREME-13	1.4e-002	peak_393	10.98	tp	0
13-GAAAAC	STREME-13	1.4e-002	peak_237	10.98	tp	0
13-GAAAAC	STREME-13	1.4e-002	peak_865	10.98	tp	0
13-GAAAAC	STREME-13	1.4e-002	peak_450	10.98	tp	0
13-GAAAAC	STREME-13	1.4e-002	peak_234	10.98	tp	0
13-GAAAAC	STREME-13	1.4e-002	peak_90	10.98	tp	0
13-GAAAAC	STREME-13	1.4e-002	peak_106	10.98	tp	0
13-GAAAAC	STREME-13	1.4e-002	peak_718	10.98	tp	0
13-GAAAAC	STREME-13	1.4e-002	peak_93	10.98	tp	0
13-GAAAAC	STREME-13	1.4e-002	peak_409	10.98	tp	0
13-GAAAAC	STREME-13	1.4e-002	peak_806	10.98	tp	0
13-GAAAAC	STREME-13	1.4e-002	peak_407	10.98	tp	0
13-GAAAAC	STREME-13	1.4e-002	peak_549	10.98	tp	0
13-GAAAAC	STREME-13	1.4e-002	peak_859	10.98	tp	0
13-GAAAAC	STREME-13	1.4e-002	peak_229	10.98	tp	0
13-GAAAAC	STREME-13	1.4e-002	peak_653	10.98	tp	0
13-GAAAAC	STREME-13	1.4e-002	peak_288	10.98	tp	0
13-GAAAAC	STREME-13	1.4e-002	peak_760	10.98	tp	0
13-GAAAAC	STREME-13	1.4e-002	peak_682	10.98	tp	0
13-GAAAAC	STREME-13	1.4e-002	peak_301	10.98	tp	0
13-GAAAAC	STREME-13	1.4e-002	peak_248	10.98	tp	0
13-GAAAAC	STREME-13	1.4e-002	peak_784	10.98	tp	0
13-GAAAAC	STREME-13	1.4e-002	peak_625	10.98	tp	0
13-GAAAAC	STREME-13	1.4e-002	peak_51	10.98	tp	0
13-GAAAAC	STREME-13	1.4e-002	peak_475	10.98	tp	0
13-GAAAAC	STREME-13	1.4e-002	peak_306	10.98	tp	0
13-GAAAAC	STREME-13	1.4e-002	peak_297	10.98	tp	0
13-GAAAAC	STREME-13	1.4e-002	peak_127	10.98	tp	0
13-GAAAAC	STREME-13	1.4e-002	peak_212	10.98	tp	0
13-GAAAAC	STREME-13	1.4e-002	peak_235	10.98	tp	0
13-GAAAAC	STREME-13	1.4e-002	peak_197	10.98	tp	0
13-GAAAAC	STREME-13	1.4e-002	peak_495	10.98	tp	0
13-GAAAAC	STREME-13	1.4e-002	peak_94	10.98	tp	0
13-GAAAAC	STREME-13	1.4e-002	peak_593	10.98	tp	0
13-GAAAAC	STREME-13	1.4e-002	peak_232	10.98	tp	0
13-GAAAAC	STREME-13	1.4e-002	peak_203	10.98	tp	0
13-GAAAAC	STREME-13	1.4e-002	peak_217	10.98	tp	0
13-GAAAAC	STREME-13	1.4e-002	peak_172	10.98	tp	0
13-GAAAAC	STREME-13	1.4e-002	peak_826	10.98	tp	0
13-GAAAAC	STREME-13	1.4e-002	peak_626	10.98	tp	0
13-GAAAAC	STREME-13	1.4e-002	peak_836	10.98	tp	0
13-GAAAAC	STREME-13	1.4e-002	peak_103	10.98	tp	0
13-GAAAAC	STREME-13	1.4e-002	peak_627	10.98	tp	0
13-GAAAAC	STREME-13	1.4e-002	peak_587	10.98	tp	0
13-GAAAAC	STREME-13	1.4e-002	peak_356	10.98	tp	0
13-GAAAAC	STREME-13	1.4e-002	peak_171	10.98	tp	0
13-GAAAAC	STREME-13	1.4e-002	peak_517	10.98	tp	0
13-GAAAAC	STREME-13	1.4e-002	peak_9	10.98	tp	0
13-GAAAAC	STREME-13	1.4e-002	peak_673	10.98	tp	0
13-GAAAAC	STREME-13	1.4e-002	peak_635	10.98	tp	0
13-GAAAAC	STREME-13	1.4e-002	peak_560	10.98	tp	0
13-GAAAAC	STREME-13	1.4e-002	peak_291	10.98	tp	0
13-GAAAAC	STREME-13	1.4e-002	peak_762	10.98	tp	0
13-GAAAAC	STREME-13	1.4e-002	peak_41	10.98	tp	0
13-GAAAAC	STREME-13	1.4e-002	peak_802	10.98	tp	0
13-GAAAAC	STREME-13	1.4e-002	peak_712	10.98	tp	0
13-GAAAAC	STREME-13	1.4e-002	peak_445	10.98	tp	0
13-GAAAAC	STREME-13	1.4e-002	peak_83	10.98	tp	0
13-GAAAAC	STREME-13	1.4e-002	peak_3	10.98	tp	0
13-GAAAAC	STREME-13	1.4e-002	peak_74	10.98	tp	0
13-GAAAAC	STREME-13	1.4e-002	peak_405	10.98	tp	0
13-GAAAAC	STREME-13	1.4e-002	peak_523	10.98	tp	0
13-GAAAAC	STREME-13	1.4e-002	peak_113	10.98	tp	0
13-GAAAAC	STREME-13	1.4e-002	peak_434	10.98	tp	0
13-GAAAAC	STREME-13	1.4e-002	peak_4	10.98	tp	0
13-GAAAAC	STREME-13	1.4e-002	peak_591	10.98	tp	0
13-GAAAAC	STREME-13	1.4e-002	peak_610	10.98	tp	0
13-GAAAAC	STREME-13	1.4e-002	peak_192	10.98	tp	0
13-GAAAAC	STREME-13	1.4e-002	peak_411	10.98	tp	0
13-GAAAAC	STREME-13	1.4e-002	peak_713	10.98	tp	0
13-GAAAAC	STREME-13	1.4e-002	peak_648	10.98	tp	0
13-GAAAAC	STREME-13	1.4e-002	peak_502	10.98	tp	0
13-GAAAAC	STREME-13	1.4e-002	peak_754	10.98	tp	0
13-GAAAAC	STREME-13	1.4e-002	peak_280	10.98	tp	0
13-GAAAAC	STREME-13	1.4e-002	peak_349	10.98	tp	0
13-GAAAAC	STREME-13	1.4e-002	peak_699	10.98	tp	0
13-GAAAAC	STREME-13	1.4e-002	peak_173	10.98	tp	0
13-GAAAAC	STREME-13	1.4e-002	peak_115	10.98	tp	0
13-GAAAAC	STREME-13	1.4e-002	peak_514	10.98	tp	0
13-GAAAAC	STREME-13	1.4e-002	peak_561	10.98	tp	0
13-GAAAAC	STREME-13	1.4e-002	peak_302	10.98	tp	0
13-GAAAAC	STREME-13	1.4e-002	peak_317	10.98	tp	0
13-GAAAAC	STREME-13	1.4e-002	peak_195	10.98	tp	0
13-GAAAAC	STREME-13	1.4e-002	peak_202	10.98	tp	0
13-GAAAAC	STREME-13	1.4e-002	peak_367	10.98	tp	0
13-GAAAAC	STREME-13	1.4e-002	peak_360	10.98	tp	0
13-GAAAAC	STREME-13	1.4e-002	peak_339	10.98	tp	0
13-GAAAAC	STREME-13	1.4e-002	peak_131	10.98	tp	0
13-GAAAAC	STREME-13	1.4e-002	peak_335	10.98	tp	0
13-GAAAAC	STREME-13	1.4e-002	peak_465	10.98	tp	0
13-GAAAAC	STREME-13	1.4e-002	peak_501	10.98	tp	0
13-GAAAAC	STREME-13	1.4e-002	peak_45	10.98	tp	0
13-GAAAAC	STREME-13	1.4e-002	peak_661	10.98	tp	0
13-GAAAAC	STREME-13	1.4e-002	peak_184	10.98	tp	0
13-GAAAAC	STREME-13	1.4e-002	peak_254	10.98	tp	0
13-GAAAAC	STREME-13	1.4e-002	peak_12	10.98	tp	0
13-GAAAAC	STREME-13	1.4e-002	peak_590	10.98	tp	0
13-GAAAAC	STREME-13	1.4e-002	peak_766	10.98	tp	0
13-GAAAAC	STREME-13	1.4e-002	peak_726	10.98	tp	0
13-GAAAAC	STREME-13	1.4e-002	peak_761	10.98	tp	0
13-GAAAAC	STREME-13	1.4e-002	peak_533	10.98	tp	0
13-GAAAAC	STREME-13	1.4e-002	peak_578	10.98	tp	0
13-GAAAAC	STREME-13	1.4e-002	peak_470	10.98	tp	0
13-GAAAAC	STREME-13	1.4e-002	peak_622	10.98	tp	0
13-GAAAAC	STREME-13	1.4e-002	peak_496	10.98	tp	0
13-GAAAAC	STREME-13	1.4e-002	peak_216	10.98	tp	0
13-GAAAAC	STREME-13	1.4e-002	peak_22	10.98	tp	0
13-GAAAAC	STREME-13	1.4e-002	peak_737	10.98	tp	0
13-GAAAAC	STREME-13	1.4e-002	peak_459	10.98	tp	0
13-GAAAAC	STREME-13	1.4e-002	peak_27	10.98	tp	0
13-GAAAAC	STREME-13	1.4e-002	peak_310	10.98	tp	0
13-GAAAAC	STREME-13	1.4e-002	peak_168	10.98	tp	0
13-GAAAAC	STREME-13	1.4e-002	peak_363	10.98	tp	0
13-GAAAAC	STREME-13	1.4e-002	peak_303	10.98	tp	0
13-GAAAAC	STREME-13	1.4e-002	peak_817	10.98	tp	0
13-GAAAAC	STREME-13	1.4e-002	peak_715	10.98	tp	0
13-GAAAAC	STREME-13	1.4e-002	peak_285	10.98	tp	0
13-GAAAAC	STREME-13	1.4e-002	peak_671	10.98	tp	0
13-GAAAAC	STREME-13	1.4e-002	peak_734	10.98	tp	0
13-GAAAAC	STREME-13	1.4e-002	peak_683	10.98	tp	0
13-GAAAAC	STREME-13	1.4e-002	peak_333	10.98	tp	0
13-GAAAAC	STREME-13	1.4e-002	peak_314	10.98	tp	0
13-GAAAAC	STREME-13	1.4e-002	peak_769	10.98	tp	0
13-GAAAAC	STREME-13	1.4e-002	peak_532	10.98	tp	0
13-GAAAAC	STREME-13	1.4e-002	peak_187	10.98	tp	0
13-GAAAAC	STREME-13	1.4e-002	peak_567	10.98	tp	0
13-GAAAAC	STREME-13	1.4e-002	peak_249	10.98	tp	0
13-GAAAAC	STREME-13	1.4e-002	peak_436	10.98	tp	0
13-GAAAAC	STREME-13	1.4e-002	peak_189	10.98	tp	0
13-GAAAAC	STREME-13	1.4e-002	peak_655	10.98	tp	0
13-GAAAAC	STREME-13	1.4e-002	peak_843	10.98	tp	0
13-GAAAAC	STREME-13	1.4e-002	peak_453	10.98	tp	0
13-GAAAAC	STREME-13	1.4e-002	peak_493	10.98	tp	0
13-GAAAAC	STREME-13	1.4e-002	peak_76	10.98	tp	0
13-GAAAAC	STREME-13	1.4e-002	peak_497	10.98	tp	0
13-GAAAAC	STREME-13	1.4e-002	peak_146	10.98	tp	0
13-GAAAAC	STREME-13	1.4e-002	peak_293	10.98	tp	0
13-GAAAAC	STREME-13	1.4e-002	peak_649	10.98	tp	0
13-GAAAAC	STREME-13	1.4e-002	peak_144	10.98	tp	0
13-GAAAAC	STREME-13	1.4e-002	peak_849	10.98	tp	0
13-GAAAAC	STREME-13	1.4e-002	peak_361	10.98	tp	0
13-GAAAAC	STREME-13	1.4e-002	peak_148	10.98	tp	0
13-GAAAAC	STREME-13	1.4e-002	peak_11	10.98	tp	0
13-GAAAAC	STREME-13	1.4e-002	peak_377	10.98	tp	0
13-GAAAAC	STREME-13	1.4e-002	peak_163	10.98	tp	0
13-GAAAAC	STREME-13	1.4e-002	peak_785	10.98	tp	0
13-GAAAAC	STREME-13	1.4e-002	peak_597	10.98	tp	0
13-GAAAAC	STREME-13	1.4e-002	peak_707	10.98	tp	0
13-GAAAAC	STREME-13	1.4e-002	peak_427	10.98	tp	0
13-GAAAAC	STREME-13	1.4e-002	peak_387	10.98	tp	0
13-GAAAAC	STREME-13	1.4e-002	peak_847	10.98	tp	0
13-GAAAAC	STREME-13	1.4e-002	peak_39	10.98	tp	0
13-GAAAAC	STREME-13	1.4e-002	peak_758	10.98	tp	0
13-GAAAAC	STREME-13	1.4e-002	peak_259	10.98	tp	0
13-GAAAAC	STREME-13	1.4e-002	peak_69	10.98	tp	0
13-GAAAAC	STREME-13	1.4e-002	peak_744	10.98	tp	0
13-GAAAAC	STREME-13	1.4e-002	peak_138	10.98	tp	0
13-GAAAAC	STREME-13	1.4e-002	peak_510	10.98	tp	0
13-GAAAAC	STREME-13	1.4e-002	peak_799	10.98	tp	0
13-GAAAAC	STREME-13	1.4e-002	peak_797	10.98	tp	0
13-GAAAAC	STREME-13	1.4e-002	peak_143	10.98	tp	0
13-GAAAAC	STREME-13	1.4e-002	peak_166	10.98	tp	0
13-GAAAAC	STREME-13	1.4e-002	peak_162	10.98	tp	0
13-GAAAAC	STREME-13	1.4e-002	peak_790	10.98	tp	0
13-GAAAAC	STREME-13	1.4e-002	peak_180	10.98	tp	0
13-GAAAAC	STREME-13	1.4e-002	peak_322	10.98	tp	0
13-GAAAAC	STREME-13	1.4e-002	peak_40	10.98	tp	0
13-GAAAAC	STREME-13	1.4e-002	peak_198	10.98	tp	0
13-GAAAAC	STREME-13	1.4e-002	peak_482	10.98	tp	0
13-GAAAAC	STREME-13	1.4e-002	peak_471	10.98	tp	0
13-GAAAAC	STREME-13	1.4e-002	peak_641	10.98	fp	0
13-GAAAAC	STREME-13	1.4e-002	peak_295	10.98	fp	0
13-GAAAAC	STREME-13	1.4e-002	peak_440	10.98	fp	0
13-GAAAAC	STREME-13	1.4e-002	peak_342	10.98	fp	0
13-GAAAAC	STREME-13	1.4e-002	peak_296	10.98	fp	0
13-GAAAAC	STREME-13	1.4e-002	peak_95	10.98	fp	0
13-GAAAAC	STREME-13	1.4e-002	peak_664	10.98	fp	0
13-GAAAAC	STREME-13	1.4e-002	peak_400	10.98	fp	0
13-GAAAAC	STREME-13	1.4e-002	peak_866	10.98	fp	0
13-GAAAAC	STREME-13	1.4e-002	peak_481	10.98	fp	0
13-GAAAAC	STREME-13	1.4e-002	peak_737	10.98	fp	0
13-GAAAAC	STREME-13	1.4e-002	peak_333	10.98	fp	0
13-GAAAAC	STREME-13	1.4e-002	peak_58	10.98	fp	0
13-GAAAAC	STREME-13	1.4e-002	peak_869	10.98	fp	0
13-GAAAAC	STREME-13	1.4e-002	peak_284	10.98	fp	0
13-GAAAAC	STREME-13	1.4e-002	peak_67	10.98	fp	0
13-GAAAAC	STREME-13	1.4e-002	peak_37	10.98	fp	0
13-GAAAAC	STREME-13	1.4e-002	peak_528	10.98	fp	0
13-GAAAAC	STREME-13	1.4e-002	peak_842	10.98	fp	0
13-GAAAAC	STREME-13	1.4e-002	peak_799	10.98	fp	0
13-GAAAAC	STREME-13	1.4e-002	peak_418	10.98	fp	0
13-GAAAAC	STREME-13	1.4e-002	peak_480	10.98	fp	0
13-GAAAAC	STREME-13	1.4e-002	peak_793	10.98	fp	0
13-GAAAAC	STREME-13	1.4e-002	peak_711	10.98	fp	0
13-GAAAAC	STREME-13	1.4e-002	peak_747	10.98	fp	0
13-GAAAAC	STREME-13	1.4e-002	peak_682	10.98	fp	0
13-GAAAAC	STREME-13	1.4e-002	peak_436	10.98	fp	0
13-GAAAAC	STREME-13	1.4e-002	peak_177	10.98	fp	0
13-GAAAAC	STREME-13	1.4e-002	peak_453	10.98	fp	0
13-GAAAAC	STREME-13	1.4e-002	peak_459	10.98	fp	0
13-GAAAAC	STREME-13	1.4e-002	peak_791	10.98	fp	0
13-GAAAAC	STREME-13	1.4e-002	peak_70	10.98	fp	0
13-GAAAAC	STREME-13	1.4e-002	peak_28	10.98	fp	0
13-GAAAAC	STREME-13	1.4e-002	peak_492	10.98	fp	0
13-GAAAAC	STREME-13	1.4e-002	peak_392	10.98	fp	0
13-GAAAAC	STREME-13	1.4e-002	peak_353	10.98	fp	0
13-GAAAAC	STREME-13	1.4e-002	peak_784	10.98	fp	0
13-GAAAAC	STREME-13	1.4e-002	peak_495	10.98	fp	0
13-GAAAAC	STREME-13	1.4e-002	peak_187	10.98	fp	0
13-GAAAAC	STREME-13	1.4e-002	peak_471	10.98	fp	0
13-GAAAAC	STREME-13	1.4e-002	peak_482	10.98	fp	0
13-GAAAAC	STREME-13	1.4e-002	peak_212	10.98	fp	0
13-GAAAAC	STREME-13	1.4e-002	peak_654	10.98	fp	0
13-GAAAAC	STREME-13	1.4e-002	peak_760	10.98	fp	0
13-GAAAAC	STREME-13	1.4e-002	peak_318	10.98	fp	0
13-GAAAAC	STREME-13	1.4e-002	peak_531	10.98	fp	0
13-GAAAAC	STREME-13	1.4e-002	peak_6	10.98	fp	0
13-GAAAAC	STREME-13	1.4e-002	peak_413	10.98	fp	0
13-GAAAAC	STREME-13	1.4e-002	peak_454	10.98	fp	0
13-GAAAAC	STREME-13	1.4e-002	peak_474	10.98	fp	0
13-GAAAAC	STREME-13	1.4e-002	peak_593	10.98	fp	0
13-GAAAAC	STREME-13	1.4e-002	peak_864	10.98	fp	0
13-GAAAAC	STREME-13	1.4e-002	peak_622	10.98	fp	0
13-GAAAAC	STREME-13	1.4e-002	peak_541	10.98	fp	0
13-GAAAAC	STREME-13	1.4e-002	peak_709	10.98	fp	0
13-GAAAAC	STREME-13	1.4e-002	peak_3	10.98	fp	0
13-GAAAAC	STREME-13	1.4e-002	peak_773	10.98	fp	0
13-GAAAAC	STREME-13	1.4e-002	peak_340	10.98	fp	0
13-GAAAAC	STREME-13	1.4e-002	peak_48	10.98	fp	0
13-GAAAAC	STREME-13	1.4e-002	peak_169	10.98	fp	0
13-GAAAAC	STREME-13	1.4e-002	peak_751	10.98	fp	0
13-GAAAAC	STREME-13	1.4e-002	peak_681	10.98	fp	0
13-GAAAAC	STREME-13	1.4e-002	peak_311	10.98	fp	0
13-GAAAAC	STREME-13	1.4e-002	peak_497	10.98	fp	0
13-GAAAAC	STREME-13	1.4e-002	peak_689	10.98	fp	0
13-GAAAAC	STREME-13	1.4e-002	peak_103	10.98	fp	0
13-GAAAAC	STREME-13	1.4e-002	peak_516	10.98	fp	0
13-GAAAAC	STREME-13	1.4e-002	peak_427	10.98	fp	0
13-GAAAAC	STREME-13	1.4e-002	peak_300	10.98	fp	0
13-GAAAAC	STREME-13	1.4e-002	peak_207	10.98	fp	0
13-GAAAAC	STREME-13	1.4e-002	peak_293	10.98	fp	0
13-GAAAAC	STREME-13	1.4e-002	peak_494	10.98	fp	0
13-GAAAAC	STREME-13	1.4e-002	peak_266	10.98	fp	0
13-GAAAAC	STREME-13	1.4e-002	peak_779	10.98	fp	0
13-GAAAAC	STREME-13	1.4e-002	peak_756	10.98	fp	0
13-GAAAAC	STREME-13	1.4e-002	peak_554	10.98	fp	0
13-GAAAAC	STREME-13	1.4e-002	peak_571	10.98	fp	0
13-GAAAAC	STREME-13	1.4e-002	peak_814	10.98	fp	0
13-GAAAAC	STREME-13	1.4e-002	peak_248	10.98	fp	0
13-GAAAAC	STREME-13	1.4e-002	peak_734	10.98	fp	0
13-GAAAAC	STREME-13	1.4e-002	peak_540	10.98	fp	0
13-GAAAAC	STREME-13	1.4e-002	peak_515	10.98	fp	0
13-GAAAAC	STREME-13	1.4e-002	peak_56	10.98	fp	0
13-GAAAAC	STREME-13	1.4e-002	peak_823	10.98	fp	0
13-GAAAAC	STREME-13	1.4e-002	peak_521	10.98	fp	0
13-GAAAAC	STREME-13	1.4e-002	peak_202	10.98	fp	0
13-GAAAAC	STREME-13	1.4e-002	peak_722	10.98	fp	0
13-GAAAAC	STREME-13	1.4e-002	peak_49	10.98	fp	0
13-GAAAAC	STREME-13	1.4e-002	peak_597	10.98	fp	0
13-GAAAAC	STREME-13	1.4e-002	peak_381	10.98	fp	0
13-GAAAAC	STREME-13	1.4e-002	peak_726	10.98	fp	0
13-GAAAAC	STREME-13	1.4e-002	peak_171	10.98	fp	0
13-GAAAAC	STREME-13	1.4e-002	peak_615	10.98	fp	0
13-GAAAAC	STREME-13	1.4e-002	peak_131	10.98	fp	0
13-GAAAAC	STREME-13	1.4e-002	peak_98	10.98	fp	0
13-GAAAAC	STREME-13	1.4e-002	peak_53	10.98	fp	0
13-GAAAAC	STREME-13	1.4e-002	peak_721	10.98	fp	0
13-GAAAAC	STREME-13	1.4e-002	peak_831	10.98	fp	0
13-GAAAAC	STREME-13	1.4e-002	peak_461	10.98	fp	0
13-GAAAAC	STREME-13	1.4e-002	peak_827	10.98	fp	0
13-GAAAAC	STREME-13	1.4e-002	peak_731	10.98	fp	0
13-GAAAAC	STREME-13	1.4e-002	peak_229	10.98	fp	0
13-GAAAAC	STREME-13	1.4e-002	peak_307	10.98	fp	0
13-GAAAAC	STREME-13	1.4e-002	peak_653	10.98	fp	0
13-GAAAAC	STREME-13	1.4e-002	peak_550	10.98	fp	0
13-GAAAAC	STREME-13	1.4e-002	peak_498	10.98	fp	0
13-GAAAAC	STREME-13	1.4e-002	peak_68	10.98	fp	0
13-GAAAAC	STREME-13	1.4e-002	peak_156	10.98	fp	0
13-GAAAAC	STREME-13	1.4e-002	peak_350	10.98	fp	0
13-GAAAAC	STREME-13	1.4e-002	peak_625	10.98	fp	0
13-GAAAAC	STREME-13	1.4e-002	peak_214	10.98	fp	0
13-GAAAAC	STREME-13	1.4e-002	peak_147	10.98	fp	0
13-GAAAAC	STREME-13	1.4e-002	peak_360	10.98	fp	0
13-GAAAAC	STREME-13	1.4e-002	peak_246	10.98	fp	0
13-GAAAAC	STREME-13	1.4e-002	peak_573	10.98	fp	0
13-GAAAAC	STREME-13	1.4e-002	peak_14	10.98	fp	0
13-GAAAAC	STREME-13	1.4e-002	peak_817	10.98	fp	0
13-GAAAAC	STREME-13	1.4e-002	peak_425	10.98	fp	0
13-GAAAAC	STREME-13	1.4e-002	peak_596	10.98	fp	0
13-GAAAAC	STREME-13	1.4e-002	peak_807	10.98	fp	0
13-GAAAAC	STREME-13	1.4e-002	peak_588	10.98	fp	0
13-GAAAAC	STREME-13	1.4e-002	peak_658	10.98	fp	0
13-GAAAAC	STREME-13	1.4e-002	peak_504	10.98	fp	0
13-GAAAAC	STREME-13	1.4e-002	peak_262	10.98	fp	0
13-GAAAAC	STREME-13	1.4e-002	peak_298	10.98	fp	0
13-GAAAAC	STREME-13	1.4e-002	peak_184	10.98	fp	0
13-GAAAAC	STREME-13	1.4e-002	peak_124	10.98	fp	0
13-GAAAAC	STREME-13	1.4e-002	peak_783	10.98	fp	0
13-GAAAAC	STREME-13	1.4e-002	peak_655	10.98	fp	0
13-GAAAAC	STREME-13	1.4e-002	peak_286	10.98	fp	0
13-GAAAAC	STREME-13	1.4e-002	peak_219	10.98	fp	0
13-GAAAAC	STREME-13	1.4e-002	peak_52	10.98	fp	0
13-GAAAAC	STREME-13	1.4e-002	peak_85	10.98	fp	0
13-GAAAAC	STREME-13	1.4e-002	peak_448	10.98	fp	0
13-GAAAAC	STREME-13	1.4e-002	peak_716	10.98	fp	0
13-GAAAAC	STREME-13	1.4e-002	peak_667	10.98	fp	0
13-GAAAAC	STREME-13	1.4e-002	peak_433	10.98	fp	0
13-GAAAAC	STREME-13	1.4e-002	peak_197	10.98	fp	0
13-GAAAAC	STREME-13	1.4e-002	peak_88	10.98	fp	0
13-GAAAAC	STREME-13	1.4e-002	peak_446	10.98	fp	0
13-GAAAAC	STREME-13	1.4e-002	peak_865	10.98	fp	0
13-GAAAAC	STREME-13	1.4e-002	peak_32	10.98	fp	0
13-GAAAAC	STREME-13	1.4e-002	peak_139	10.98	fp	0
13-GAAAAC	STREME-13	1.4e-002	peak_20	10.98	fp	0
13-GAAAAC	STREME-13	1.4e-002	peak_589	10.98	fp	0
13-GAAAAC	STREME-13	1.4e-002	peak_724	10.98	fp	0
13-GAAAAC	STREME-13	1.4e-002	peak_826	10.98	fp	0
13-GAAAAC	STREME-13	1.4e-002	peak_834	10.98	fp	0
13-GAAAAC	STREME-13	1.4e-002	peak_134	10.98	fp	0
13-GAAAAC	STREME-13	1.4e-002	peak_502	10.98	fp	0
13-GAAAAC	STREME-13	1.4e-002	peak_607	10.98	fp	0
13-GAAAAC	STREME-13	1.4e-002	peak_619	10.98	fp	0
13-GAAAAC	STREME-13	1.4e-002	peak_464	10.98	fp	0
13-GAAAAC	STREME-13	1.4e-002	peak_507	10.98	fp	0
13-GAAAAC	STREME-13	1.4e-002	peak_178	10.98	fp	0
13-GAAAAC	STREME-13	1.4e-002	peak_575	10.98	fp	0
13-GAAAAC	STREME-13	1.4e-002	peak_115	10.98	fp	0
13-GAAAAC	STREME-13	1.4e-002	peak_265	10.98	fp	0
13-GAAAAC	STREME-13	1.4e-002	peak_217	10.98	fp	0
13-GAAAAC	STREME-13	1.4e-002	peak_204	10.98	fp	0
13-GAAAAC	STREME-13	1.4e-002	peak_294	10.98	fp	0
13-GAAAAC	STREME-13	1.4e-002	peak_341	10.98	fp	0
13-GAAAAC	STREME-13	1.4e-002	peak_424	10.98	fp	0
13-GAAAAC	STREME-13	1.4e-002	peak_460	10.98	fp	0
13-GAAAAC	STREME-13	1.4e-002	peak_517	10.98	fp	0
13-GAAAAC	STREME-13	1.4e-002	peak_669	10.98	fp	0
13-GAAAAC	STREME-13	1.4e-002	peak_205	10.98	fp	0
13-GAAAAC	STREME-13	1.4e-002	peak_140	10.98	fp	0
13-GAAAAC	STREME-13	1.4e-002	peak_519	10.98	fp	0
13-GAAAAC	STREME-13	1.4e-002	peak_69	10.98	fp	0
13-GAAAAC	STREME-13	1.4e-002	peak_506	10.98	tp	1
13-GAAAAC	STREME-13	1.4e-002	peak_827	10.98	tp	1
13-GAAAAC	STREME-13	1.4e-002	peak_372	10.98	tp	1
13-GAAAAC	STREME-13	1.4e-002	peak_664	10.98	tp	1
13-GAAAAC	STREME-13	1.4e-002	peak_711	10.98	tp	1
13-GAAAAC	STREME-13	1.4e-002	peak_174	10.98	tp	1
13-GAAAAC	STREME-13	1.4e-002	peak_359	10.98	tp	1
13-GAAAAC	STREME-13	1.4e-002	peak_55	10.98	tp	1
13-GAAAAC	STREME-13	1.4e-002	peak_170	10.98	tp	1
13-GAAAAC	STREME-13	1.4e-002	peak_644	10.98	tp	1
13-GAAAAC	STREME-13	1.4e-002	peak_689	10.98	tp	1
13-GAAAAC	STREME-13	1.4e-002	peak_645	10.98	tp	1
13-GAAAAC	STREME-13	1.4e-002	peak_484	10.98	tp	1
13-GAAAAC	STREME-13	1.4e-002	peak_687	10.98	tp	1
13-GAAAAC	STREME-13	1.4e-002	peak_60	10.98	tp	1
13-GAAAAC	STREME-13	1.4e-002	peak_182	10.98	tp	1
13-GAAAAC	STREME-13	1.4e-002	peak_546	10.98	tp	1
13-GAAAAC	STREME-13	1.4e-002	peak_601	10.98	tp	1
13-GAAAAC	STREME-13	1.4e-002	peak_774	10.98	tp	1
13-GAAAAC	STREME-13	1.4e-002	peak_732	10.98	tp	1
13-GAAAAC	STREME-13	1.4e-002	peak_768	10.98	tp	1
13-GAAAAC	STREME-13	1.4e-002	peak_338	10.98	tp	1
13-GAAAAC	STREME-13	1.4e-002	peak_227	10.98	tp	1
13-GAAAAC	STREME-13	1.4e-002	peak_204	10.98	tp	1
13-GAAAAC	STREME-13	1.4e-002	peak_416	10.98	tp	1
13-GAAAAC	STREME-13	1.4e-002	peak_570	10.98	tp	1
13-GAAAAC	STREME-13	1.4e-002	peak_208	10.98	fp	1
13-GAAAAC	STREME-13	1.4e-002	peak_54	10.98	fp	1
13-GAAAAC	STREME-13	1.4e-002	peak_493	10.98	fp	1
13-GAAAAC	STREME-13	1.4e-002	peak_107	10.98	fp	1
13-GAAAAC	STREME-13	1.4e-002	peak_549	10.98	fp	1
13-GAAAAC	STREME-13	1.4e-002	peak_703	10.98	fp	1
13-GAAAAC	STREME-13	1.4e-002	peak_378	10.98	fp	1
13-GAAAAC	STREME-13	1.4e-002	peak_312	10.98	fp	1
13-GAAAAC	STREME-13	1.4e-002	peak_846	10.98	fp	1
13-GAAAAC	STREME-13	1.4e-002	peak_264	10.98	fp	1
13-GAAAAC	STREME-13	1.4e-002	peak_244	10.98	fp	1
13-GAAAAC	STREME-13	1.4e-002	peak_637	10.98	fp	1
13-GAAAAC	STREME-13	1.4e-002	peak_406	10.98	fp	1
#
14-YAGTGTGACCRTW	STREME-14	1.4e-002	peak_307	21.88	tp	0
14-YAGTGTGACCRTW	STREME-14	1.4e-002	peak_78	21.51	tp	0
14-YAGTGTGACCRTW	STREME-14	1.4e-002	peak_475	21.51	tp	0
14-YAGTGTGACCRTW	STREME-14	1.4e-002	peak_256	21.51	tp	0
14-YAGTGTGACCRTW	STREME-14	1.4e-002	peak_208	21.15	tp	0
14-YAGTGTGACCRTW	STREME-14	1.4e-002	peak_326	21.15	tp	0
14-YAGTGTGACCRTW	STREME-14	1.4e-002	peak_313	20.87	tp	1
14-YAGTGTGACCRTW	STREME-14	1.4e-002	peak_451	20.85	tp	0
14-YAGTGTGACCRTW	STREME-14	1.4e-002	peak_401	20.63	tp	1
14-YAGTGTGACCRTW	STREME-14	1.4e-002	peak_355	20.38	tp	0
14-YAGTGTGACCRTW	STREME-14	1.4e-002	peak_432	20.16	tp	0
14-YAGTGTGACCRTW	STREME-14	1.4e-002	peak_637	20.03	tp	0
14-YAGTGTGACCRTW	STREME-14	1.4e-002	peak_713	20.03	tp	0
14-YAGTGTGACCRTW	STREME-14	1.4e-002	peak_519	19.98	tp	0
14-YAGTGTGACCRTW	STREME-14	1.4e-002	peak_446	19.89	tp	0
14-YAGTGTGACCRTW	STREME-14	1.4e-002	peak_194	19.83	tp	0
14-YAGTGTGACCRTW	STREME-14	1.4e-002	peak_14	19.75	tp	0
14-YAGTGTGACCRTW	STREME-14	1.4e-002	peak_217	19.62	tp	0
14-YAGTGTGACCRTW	STREME-14	1.4e-002	peak_565	19.13	tp	0
14-YAGTGTGACCRTW	STREME-14	1.4e-002	peak_191	19.09	tp	0
14-YAGTGTGACCRTW	STREME-14	1.4e-002	peak_460	18.87	tp	0
14-YAGTGTGACCRTW	STREME-14	1.4e-002	peak_387	18.64	tp	0
14-YAGTGTGACCRTW	STREME-14	1.4e-002	peak_556	18.59	tp	0
14-YAGTGTGACCRTW	STREME-14	1.4e-002	peak_383	18.48	tp	0
14-YAGTGTGACCRTW	STREME-14	1.4e-002	peak_452	18.33	tp	0
14-YAGTGTGACCRTW	STREME-14	1.4e-002	peak_254	18.13	tp	0
14-YAGTGTGACCRTW	STREME-14	1.4e-002	peak_362	18.10	tp	0
14-YAGTGTGACCRTW	STREME-14	1.4e-002	peak_86	18.10	tp	0
14-YAGTGTGACCRTW	STREME-14	1.4e-002	peak_824	17.97	tp	0
14-YAGTGTGACCRTW	STREME-14	1.4e-002	peak_450	17.85	tp	0
14-YAGTGTGACCRTW	STREME-14	1.4e-002	peak_417	17.85	tp	0
14-YAGTGTGACCRTW	STREME-14	1.4e-002	peak_89	17.73	tp	0
14-YAGTGTGACCRTW	STREME-14	1.4e-002	peak_127	17.61	tp	0
14-YAGTGTGACCRTW	STREME-14	1.4e-002	peak_188	17.43	tp	1
14-YAGTGTGACCRTW	STREME-14	1.4e-002	peak_730	17.04	fp	0
14-YAGTGTGACCRTW	STREME-14	1.4e-002	peak_227	16.96	tp	1
14-YAGTGTGACCRTW	STREME-14	1.4e-002	peak_569	16.86	tp	0
14-YAGTGTGACCRTW	STREME-14	1.4e-002	peak_166	16.86	tp	0
14-YAGTGTGACCRTW	STREME-14	1.4e-002	peak_221	16.74	tp	0
14-YAGTGTGACCRTW	STREME-14	1.4e-002	peak_411	16.66	tp	0
14-YAGTGTGACCRTW	STREME-14	1.4e-002	peak_192	16.56	tp	0
14-YAGTGTGACCRTW	STREME-14	1.4e-002	peak_563	16.55	tp	0
14-YAGTGTGACCRTW	STREME-14	1.4e-002	peak_867	16.55	tp	0
14-YAGTGTGACCRTW	STREME-14	1.4e-002	peak_564	16.47	tp	0
14-YAGTGTGACCRTW	STREME-14	1.4e-002	peak_232	16.47	tp	0
14-YAGTGTGACCRTW	STREME-14	1.4e-002	peak_545	16.19	tp	0
14-YAGTGTGACCRTW	STREME-14	1.4e-002	peak_638	16.19	tp	1
14-YAGTGTGACCRTW	STREME-14	1.4e-002	peak_46	16.16	tp	0
14-YAGTGTGACCRTW	STREME-14	1.4e-002	peak_3	16.10	tp	0
14-YAGTGTGACCRTW	STREME-14	1.4e-002	peak_213	16.08	tp	0
14-YAGTGTGACCRTW	STREME-14	1.4e-002	peak_196	16.00	tp	0
14-YAGTGTGACCRTW	STREME-14	1.4e-002	peak_577	15.93	fp	0
14-YAGTGTGACCRTW	STREME-14	1.4e-002	peak_103	15.90	fp	0
14-YAGTGTGACCRTW	STREME-14	1.4e-002	peak_608	15.79	tp	0
14-YAGTGTGACCRTW	STREME-14	1.4e-002	peak_318	15.75	tp	0
14-YAGTGTGACCRTW	STREME-14	1.4e-002	peak_599	15.67	tp	0
14-YAGTGTGACCRTW	STREME-14	1.4e-002	peak_465	15.67	tp	0
14-YAGTGTGACCRTW	STREME-14	1.4e-002	peak_176	15.62	tp	0
14-YAGTGTGACCRTW	STREME-14	1.4e-002	peak_540	15.15	tp	0
14-YAGTGTGACCRTW	STREME-14	1.4e-002	peak_175	14.98	tp	0
14-YAGTGTGACCRTW	STREME-14	1.4e-002	peak_270	14.79	tp	0
14-YAGTGTGACCRTW	STREME-14	1.4e-002	peak_19	14.74	tp	0
14-YAGTGTGACCRTW	STREME-14	1.4e-002	peak_786	14.55	tp	0
14-YAGTGTGACCRTW	STREME-14	1.4e-002	peak_251	14.55	tp	0
14-YAGTGTGACCRTW	STREME-14	1.4e-002	peak_137	14.47	tp	1
14-YAGTGTGACCRTW	STREME-14	1.4e-002	peak_445	14.16	tp	0
#
15-AAAATGT	STREME-15	2.3e-002	peak_437	12.01	tp	0
15-AAAATGT	STREME-15	2.3e-002	peak_214	12.01	tp	0
15-AAAATGT	STREME-15	2.3e-002	peak_298	12.01	tp	0
15-AAAATGT	STREME-15	2.3e-002	peak_747	12.01	tp	0
15-AAAATGT	STREME-15	2.3e-002	peak_89	12.01	tp	0
15-AAAATGT	STREME-15	2.3e-002	peak_196	12.01	tp	0
15-AAAATGT	STREME-15	2.3e-002	peak_670	12.01	tp	0
15-AAAATGT	STREME-15	2.3e-002	peak_251	12.01	tp	0
15-AAAATGT	STREME-15	2.3e-002	peak_240	12.01	tp	0
15-AAAATGT	STREME-15	2.3e-002	peak_479	12.01	tp	0
15-AAAATGT	STREME-15	2.3e-002	peak_318	12.01	tp	0
15-AAAATGT	STREME-15	2.3e-002	peak_105	12.01	tp	0
15-AAAATGT	STREME-15	2.3e-002	peak_42	12.01	tp	0
15-AAAATGT	STREME-15	2.3e-002	peak_222	12.01	tp	0
15-AAAATGT	STREME-15	2.3e-002	peak_200	12.01	tp	0
15-AAAATGT	STREME-15	2.3e-002	peak_558	12.01	tp	0
15-AAAATGT	STREME-15	2.3e-002	peak_153	12.01	tp	0
15-AAAATGT	STREME-15	2.3e-002	peak_542	12.01	tp	0
15-AAAATGT	STREME-15	2.3e-002	peak_110	12.01	tp	0
15-AAAATGT	STREME-15	2.3e-002	peak_568	12.01	tp	0
15-AAAATGT	STREME-15	2.3e-002	peak_91	12.01	tp	0
15-AAAATGT	STREME-15	2.3e-002	peak_119	12.01	tp	0
15-AAAATGT	STREME-15	2.3e-002	peak_693	12.01	tp	0
15-AAAATGT	STREME-15	2.3e-002	peak_52	12.01	tp	0
15-AAAATGT	STREME-15	2.3e-002	peak_663	12.01	tp	0
15-AAAATGT	STREME-15	2.3e-002	peak_43	12.01	tp	0
15-AAAATGT	STREME-15	2.3e-002	peak_430	12.01	tp	0
15-AAAATGT	STREME-15	2.3e-002	peak_842	12.01	tp	0
15-AAAATGT	STREME-15	2.3e-002	peak_86	12.01	tp	0
15-AAAATGT	STREME-15	2.3e-002	peak_652	12.01	tp	0
15-AAAATGT	STREME-15	2.3e-002	peak_780	12.01	tp	0
15-AAAATGT	STREME-15	2.3e-002	peak_344	12.01	tp	0
15-AAAATGT	STREME-15	2.3e-002	peak_35	12.01	tp	0
15-AAAATGT	STREME-15	2.3e-002	peak_480	12.01	tp	0
15-AAAATGT	STREME-15	2.3e-002	peak_73	12.01	tp	0
15-AAAATGT	STREME-15	2.3e-002	peak_398	12.01	tp	0
15-AAAATGT	STREME-15	2.3e-002	peak_856	12.01	tp	0
15-AAAATGT	STREME-15	2.3e-002	peak_201	12.01	tp	0
15-AAAATGT	STREME-15	2.3e-002	peak_446	12.01	tp	0
15-AAAATGT	STREME-15	2.3e-002	peak_577	12.01	tp	0
15-AAAATGT	STREME-15	2.3e-002	peak_824	12.01	tp	0
15-AAAATGT	STREME-15	2.3e-002	peak_244	12.01	tp	0
15-AAAATGT	STREME-15	2.3e-002	peak_326	12.01	tp	0
15-AAAATGT	STREME-15	2.3e-002	peak_421	12.01	tp	0
15-AAAATGT	STREME-15	2.3e-002	peak_304	12.01	tp	0
15-AAAATGT	STREME-15	2.3e-002	peak_75	12.01	tp	0
15-AAAATGT	STREME-15	2.3e-002	peak_307	12.01	tp	0
15-AAAATGT	STREME-15	2.3e-002	peak_723	12.01	tp	0
15-AAAATGT	STREME-15	2.3e-002	peak_584	12.01	tp	0
15-AAAATGT	STREME-15	2.3e-002	peak_775	12.01	tp	0
15-AAAATGT	STREME-15	2.3e-002	peak_37	12.01	tp	0
15-AAAATGT	STREME-15	2.3e-002	peak_755	12.01	tp	0
15-AAAATGT	STREME-15	2.3e-002	peak_161	12.01	tp	0
15-AAAATGT	STREME-15	2.3e-002	peak_8	12.01	tp	0
15-AAAATGT	STREME-15	2.3e-002	peak_234	12.01	tp	0
15-AAAATGT	STREME-15	2.3e-002	peak_804	12.01	tp	0
15-AAAATGT	STREME-15	2.3e-002	peak_486	12.01	tp	0
15-AAAATGT	STREME-15	2.3e-002	peak_703	12.01	tp	0
15-AAAATGT	STREME-15	2.3e-002	peak_686	12.01	tp	0
15-AAAATGT	STREME-15	2.3e-002	peak_859	12.01	tp	0
15-AAAATGT	STREME-15	2.3e-002	peak_376	12.01	tp	0
15-AAAATGT	STREME-15	2.3e-002	peak_165	12.01	tp	0
15-AAAATGT	STREME-15	2.3e-002	peak_347	12.01	tp	0
15-AAAATGT	STREME-15	2.3e-002	peak_541	12.01	tp	0
15-AAAATGT	STREME-15	2.3e-002	peak_845	12.01	tp	0
15-AAAATGT	STREME-15	2.3e-002	peak_301	12.01	tp	0
15-AAAATGT	STREME-15	2.3e-002	peak_219	12.01	tp	0
15-AAAATGT	STREME-15	2.3e-002	peak_784	12.01	tp	0
15-AAAATGT	STREME-15	2.3e-002	peak_18	12.01	tp	0
15-AAAATGT	STREME-15	2.3e-002	peak_625	12.01	tp	0
15-AAAATGT	STREME-15	2.3e-002	peak_134	12.01	tp	0
15-AAAATGT	STREME-15	2.3e-002	peak_534	12.01	tp	0
15-AAAATGT	STREME-15	2.3e-002	peak_513	12.01	tp	0
15-AAAATGT	STREME-15	2.3e-002	peak_77	12.01	tp	0
15-AAAATGT	STREME-15	2.3e-002	peak_518	12.01	tp	0
15-AAAATGT	STREME-15	2.3e-002	peak_666	12.01	tp	0
15-AAAATGT	STREME-15	2.3e-002	peak_796	12.01	tp	0
15-AAAATGT	STREME-15	2.3e-002	peak_203	12.01	tp	0
15-AAAATGT	STREME-15	2.3e-002	peak_626	12.01	tp	0
15-AAAATGT	STREME-15	2.3e-002	peak_358	12.01	tp	0
15-AAAATGT	STREME-15	2.3e-002	peak_517	12.01	tp	0
15-AAAATGT	STREME-15	2.3e-002	peak_145	12.01	tp	0
15-AAAATGT	STREME-15	2.3e-002	peak_467	12.01	tp	0
15-AAAATGT	STREME-15	2.3e-002	peak_712	12.01	tp	0
15-AAAATGT	STREME-15	2.3e-002	peak_109	12.01	tp	0
15-AAAATGT	STREME-15	2.3e-002	peak_555	12.01	tp	0
15-AAAATGT	STREME-15	2.3e-002	peak_566	12.01	tp	0
15-AAAATGT	STREME-15	2.3e-002	peak_283	12.01	tp	0
15-AAAATGT	STREME-15	2.3e-002	peak_191	12.01	tp	0
15-AAAATGT	STREME-15	2.3e-002	peak_544	12.01	tp	0
15-AAAATGT	STREME-15	2.3e-002	peak_607	12.01	tp	0
15-AAAATGT	STREME-15	2.3e-002	peak_828	12.01	tp	0
15-AAAATGT	STREME-15	2.3e-002	peak_691	12.01	tp	0
15-AAAATGT	STREME-15	2.3e-002	peak_583	12.01	tp	0
15-AAAATGT	STREME-15	2.3e-002	peak_434	12.01	tp	0
15-AAAATGT	STREME-15	2.3e-002	peak_559	12.01	tp	0
15-AAAATGT	STREME-15	2.3e-002	peak_466	12.01	tp	0
15-AAAATGT	STREME-15	2.3e-002	peak_508	12.01	tp	0
15-AAAATGT	STREME-15	2.3e-002	peak_602	12.01	tp	0
15-AAAATGT	STREME-15	2.3e-002	peak_411	12.01	tp	0
15-AAAATGT	STREME-15	2.3e-002	peak_575	12.01	tp	0
15-AAAATGT	STREME-15	2.3e-002	peak_754	12.01	tp	0
15-AAAATGT	STREME-15	2.3e-002	peak_280	12.01	tp	0
15-AAAATGT	STREME-15	2.3e-002	peak_121	12.01	tp	0
15-AAAATGT	STREME-15	2.3e-002	peak_349	12.01	tp	0
15-AAAATGT	STREME-15	2.3e-002	peak_428	12.01	tp	0
15-AAAATGT	STREME-15	2.3e-002	peak_740	12.01	tp	0
15-AAAATGT	STREME-15	2.3e-002	peak_716	12.01	tp	0
15-AAAATGT	STREME-15	2.3e-002	peak_368	12.01	tp	0
15-AAAATGT	STREME-15	2.3e-002	peak_442	12.01	tp	0
15-AAAATGT	STREME-15	2.3e-002	peak_367	12.01	tp	0
15-AAAATGT	STREME-15	2.3e-002	peak_360	12.01	tp	0
15-AAAATGT	STREME-15	2.3e-002	peak_615	12.01	tp	0
15-AAAATGT	STREME-15	2.3e-002	peak_339	12.01	tp	0
15-AAAATGT	STREME-15	2.3e-002	peak_131	12.01	tp	0
15-AAAATGT	STREME-15	2.3e-002	peak_509	12.01	tp	0
15-AAAATGT	STREME-15	2.3e-002	peak_335	12.01	tp	0
15-AAAATGT	STREME-15	2.3e-002	peak_501	12.01	tp	0
15-AAAATGT	STREME-15	2.3e-002	peak_661	12.01	tp	0
15-AAAATGT	STREME-15	2.3e-002	peak_184	12.01	tp	0
15-AAAATGT	STREME-15	2.3e-002	peak_250	12.01	tp	0
15-AAAATGT	STREME-15	2.3e-002	peak_378	12.01	tp	0
15-AAAATGT	STREME-15	2.3e-002	peak_604	12.01	tp	0
15-AAAATGT	STREME-15	2.3e-002	peak_766	12.01	tp	0
15-AAAATGT	STREME-15	2.3e-002	peak_860	12.01	tp	0
15-AAAATGT	STREME-15	2.3e-002	peak_578	12.01	tp	0
15-AAAATGT	STREME-15	2.3e-002	peak_470	12.01	tp	0
15-AAAATGT	STREME-15	2.3e-002	peak_793	12.01	tp	0
15-AAAATGT	STREME-15	2.3e-002	peak_423	12.01	tp	0
15-AAAATGT	STREME-15	2.3e-002	peak_27	12.01	tp	0
15-AAAATGT	STREME-15	2.3e-002	peak_310	12.01	tp	0
15-AAAATGT	STREME-15	2.3e-002	peak_440	12.01	tp	0
15-AAAATGT	STREME-15	2.3e-002	peak_363	12.01	tp	0
15-AAAATGT	STREME-15	2.3e-002	peak_101	12.01	tp	0
15-AAAATGT	STREME-15	2.3e-002	peak_285	12.01	tp	0
15-AAAATGT	STREME-15	2.3e-002	peak_528	12.01	tp	0
15-AAAATGT	STREME-15	2.3e-002	peak_333	12.01	tp	0
15-AAAATGT	STREME-15	2.3e-002	peak_383	12.01	tp	0
15-AAAATGT	STREME-15	2.3e-002	peak_769	12.01	tp	0
15-AAAATGT	STREME-15	2.3e-002	peak_447	12.01	tp	0
15-AAAATGT	STREME-15	2.3e-002	peak_614	12.01	tp	0
15-AAAATGT	STREME-15	2.3e-002	peak_159	12.01	tp	0
15-AAAATGT	STREME-15	2.3e-002	peak_7	12.01	tp	0
15-AAAATGT	STREME-15	2.3e-002	peak_540	12.01	tp	0
15-AAAATGT	STREME-15	2.3e-002	peak_436	12.01	tp	0
15-AAAATGT	STREME-15	2.3e-002	peak_370	12.01	tp	0
15-AAAATGT	STREME-15	2.3e-002	peak_189	12.01	tp	0
15-AAAATGT	STREME-15	2.3e-002	peak_655	12.01	tp	0
15-AAAATGT	STREME-15	2.3e-002	peak_843	12.01	tp	0
15-AAAATGT	STREME-15	2.3e-002	peak_295	12.01	tp	0
15-AAAATGT	STREME-15	2.3e-002	peak_497	12.01	tp	0
15-AAAATGT	STREME-15	2.3e-002	peak_146	12.01	tp	0
15-AAAATGT	STREME-15	2.3e-002	peak_361	12.01	tp	0
15-AAAATGT	STREME-15	2.3e-002	peak_148	12.01	tp	0
15-AAAATGT	STREME-15	2.3e-002	peak_163	12.01	tp	0
15-AAAATGT	STREME-15	2.3e-002	peak_727	12.01	tp	0
15-AAAATGT	STREME-15	2.3e-002	peak_46	12.01	tp	0
15-AAAATGT	STREME-15	2.3e-002	peak_463	12.01	tp	0
15-AAAATGT	STREME-15	2.3e-002	peak_589	12.01	tp	0
15-AAAATGT	STREME-15	2.3e-002	peak_485	12.01	tp	0
15-AAAATGT	STREME-15	2.3e-002	peak_813	12.01	tp	0
15-AAAATGT	STREME-15	2.3e-002	peak_39	12.01	tp	0
15-AAAATGT	STREME-15	2.3e-002	peak_744	12.01	tp	0
15-AAAATGT	STREME-15	2.3e-002	peak_598	12.01	tp	0
15-AAAATGT	STREME-15	2.3e-002	peak_547	12.01	tp	0
15-AAAATGT	STREME-15	2.3e-002	peak_633	12.01	tp	0
15-AAAATGT	STREME-15	2.3e-002	peak_868	12.01	tp	0
15-AAAATGT	STREME-15	2.3e-002	peak_797	12.01	tp	0
15-AAAATGT	STREME-15	2.3e-002	peak_162	12.01	tp	0
15-AAAATGT	STREME-15	2.3e-002	peak_471	12.01	tp	0
15-AAAATGT	STREME-15	2.3e-002	peak_606	12.01	fp	0
15-AAAATGT	STREME-15	2.3e-002	peak_440	12.01	fp	0
15-AAAATGT	STREME-15	2.3e-002	peak_342	12.01	fp	0
15-AAAATGT	STREME-15	2.3e-002	peak_664	12.01	fp	0
15-AAAATGT	STREME-15	2.3e-002	peak_4	12.01	fp	0
15-AAAATGT	STREME-15	2.3e-002	peak_866	12.01	fp	0
15-AAAATGT	STREME-15	2.3e-002	peak_110	12.01	fp	0
15-AAAATGT	STREME-15	2.3e-002	peak_81	12.01	fp	0
15-AAAATGT	STREME-15	2.3e-002	peak_845	12.01	fp	0
15-AAAATGT	STREME-15	2.3e-002	peak_348	12.01	fp	0
15-AAAATGT	STREME-15	2.3e-002	peak_842	12.01	fp	0
15-AAAATGT	STREME-15	2.3e-002	peak_651	12.01	fp	0
15-AAAATGT	STREME-15	2.3e-002	peak_166	12.01	fp	0
15-AAAATGT	STREME-15	2.3e-002	peak_499	12.01	fp	0
15-AAAATGT	STREME-15	2.3e-002	peak_279	12.01	fp	0
15-AAAATGT	STREME-15	2.3e-002	peak_453	12.01	fp	0
15-AAAATGT	STREME-15	2.3e-002	peak_774	12.01	fp	0
15-AAAATGT	STREME-15	2.3e-002	peak_40	12.01	fp	0
15-AAAATGT	STREME-15	2.3e-002	peak_162	12.01	fp	0
15-AAAATGT	STREME-15	2.3e-002	peak_288	12.01	fp	0
15-AAAATGT	STREME-15	2.3e-002	peak_508	12.01	fp	0
15-AAAATGT	STREME-15	2.3e-002	peak_209	12.01	fp	0
15-AAAATGT	STREME-15	2.3e-002	peak_86	12.01	fp	0
15-AAAATGT	STREME-15	2.3e-002	peak_482	12.01	fp	0
15-AAAATGT	STREME-15	2.3e-002	peak_624	12.01	fp	0
15-AAAATGT	STREME-15	2.3e-002	peak_654	12.01	fp	0
15-AAAATGT	STREME-15	2.3e-002	peak_138	12.01	fp	0
15-AAAATGT	STREME-15	2.3e-002	peak_215	12.01	fp	0
15-AAAATGT	STREME-15	2.3e-002	peak_102	12.01	fp	0
15-AAAATGT	STREME-15	2.3e-002	peak_201	12.01	fp	0
15-AAAATGT	STREME-15	2.3e-002	peak_465	12.01	fp	0
15-AAAATGT	STREME-15	2.3e-002	peak_514	12.01	fp	0
15-AAAATGT	STREME-15	2.3e-002	peak_864	12.01	fp	0
15-AAAATGT	STREME-15	2.3e-002	peak_455	12.01	fp	0
15-AAAATGT	STREME-15	2.3e-002	peak_709	12.01	fp	0
15-AAAATGT	STREME-15	2.3e-002	peak_309	12.01	fp	0
15-AAAATGT	STREME-15	2.3e-002	peak_857	12.01	fp	0
15-AAAATGT	STREME-15	2.3e-002	peak_371	12.01	fp	0
15-AAAATGT	STREME-15	2.3e-002	peak_311	12.01	fp	0
15-AAAATGT	STREME-15	2.3e-002	peak_497	12.01	fp	0
15-AAAATGT	STREME-15	2.3e-002	peak_207	12.01	fp	0
15-AAAATGT	STREME-15	2.3e-002	peak_779	12.01	fp	0
15-AAAATGT	STREME-15	2.3e-002	peak_566	12.01	fp	0
15-AAAATGT	STREME-15	2.3e-002	peak_858	12.01	fp	0
15-AAAATGT	STREME-15	2.3e-002	peak_363	12.01	fp	0
15-AAAATGT	STREME-15	2.3e-002	peak_93	12.01	fp	0
15-AAAATGT	STREME-15	2.3e-002	peak_449	12.01	fp	0
15-AAAATGT	STREME-15	2.3e-002	peak_224	12.01	fp	0
15-AAAATGT	STREME-15	2.3e-002	peak_741	12.01	fp	0
15-AAAATGT	STREME-15	2.3e-002	peak_43	12.01	fp	0
15-AAAATGT	STREME-15	2.3e-002	peak_308	12.01	fp	0
15-AAAATGT	STREME-15	2.3e-002	peak_615	12.01	fp	0
15-AAAATGT	STREME-15	2.3e-002	peak_120	12.01	fp	0
15-AAAATGT	STREME-15	2.3e-002	peak_486	12.01	fp	0
15-AAAATGT	STREME-15	2.3e-002	peak_386	12.01	fp	0
15-AAAATGT	STREME-15	2.3e-002	peak_442	12.01	fp	0
15-AAAATGT	STREME-15	2.3e-002	peak_443	12.01	fp	0
15-AAAATGT	STREME-15	2.3e-002	peak_133	12.01	fp	0
15-AAAATGT	STREME-15	2.3e-002	peak_625	12.01	fp	0
15-AAAATGT	STREME-15	2.3e-002	peak_476	12.01	fp	0
15-AAAATGT	STREME-15	2.3e-002	peak_727	12.01	fp	0
15-AAAATGT	STREME-15	2.3e-002	peak_252	12.01	fp	0
15-AAAATGT	STREME-15	2.3e-002	peak_552	12.01	fp	0
15-AAAATGT	STREME-15	2.3e-002	peak_316	12.01	fp	0
15-AAAATGT	STREME-15	2.3e-002	peak_817	12.01	fp	0
15-AAAATGT	STREME-15	2.3e-002	peak_116	12.01	fp	0
15-AAAATGT	STREME-15	2.3e-002	peak_588	12.01	fp	0
15-AAAATGT	STREME-15	2.3e-002	peak_813	12.01	fp	0
15-AAAATGT	STREME-15	2.3e-002	peak_504	12.01	fp	0
15-AAAATGT	STREME-15	2.3e-002	peak_206	12.01	fp	0
15-AAAATGT	STREME-15	2.3e-002	peak_231	12.01	fp	0
15-AAAATGT	STREME-15	2.3e-002	peak_219	12.01	fp	0
15-AAAATGT	STREME-15	2.3e-002	peak_761	12.01	fp	0
15-AAAATGT	STREME-15	2.3e-002	peak_366	12.01	fp	0
15-AAAATGT	STREME-15	2.3e-002	peak_410	12.01	fp	0
15-AAAATGT	STREME-15	2.3e-002	peak_466	12.01	fp	0
15-AAAATGT	STREME-15	2.3e-002	peak_667	12.01	fp	0
15-AAAATGT	STREME-15	2.3e-002	peak_148	12.01	fp	0
15-AAAATGT	STREME-15	2.3e-002	peak_868	12.01	fp	0
15-AAAATGT	STREME-15	2.3e-002	peak_589	12.01	fp	0
15-AAAATGT	STREME-15	2.3e-002	peak_834	12.01	fp	0
15-AAAATGT	STREME-15	2.3e-002	peak_233	12.01	fp	0
15-AAAATGT	STREME-15	2.3e-002	peak_619	12.01	fp	0
15-AAAATGT	STREME-15	2.3e-002	peak_507	12.01	fp	0
15-AAAATGT	STREME-15	2.3e-002	peak_796	12.01	fp	0
15-AAAATGT	STREME-15	2.3e-002	peak_217	12.01	fp	0
15-AAAATGT	STREME-15	2.3e-002	peak_321	12.01	fp	0
15-AAAATGT	STREME-15	2.3e-002	peak_141	12.01	fp	0
15-AAAATGT	STREME-15	2.3e-002	peak_15	12.01	fp	0
15-AAAATGT	STREME-15	2.3e-002	peak_10	12.01	fp	0
15-AAAATGT	STREME-15	2.3e-002	peak_717	12.01	tp	1
15-AAAATGT	STREME-15	2.3e-002	peak_137	12.01	tp	1
15-AAAATGT	STREME-15	2.3e-002	peak_664	12.01	tp	1
15-AAAATGT	STREME-15	2.3e-002	peak_711	12.01	tp	1
15-AAAATGT	STREME-15	2.3e-002	peak_206	12.01	tp	1
15-AAAATGT	STREME-15	2.3e-002	peak_55	12.01	tp	1
15-AAAATGT	STREME-15	2.3e-002	peak_371	12.01	tp	1
15-AAAATGT	STREME-15	2.3e-002	peak_580	12.01	tp	1
15-AAAATGT	STREME-15	2.3e-002	peak_689	12.01	tp	1
15-AAAATGT	STREME-15	2.3e-002	peak_687	12.01	tp	1
15-AAAATGT	STREME-15	2.3e-002	peak_182	12.01	tp	1
15-AAAATGT	STREME-15	2.3e-002	peak_458	12.01	tp	1
15-AAAATGT	STREME-15	2.3e-002	peak_774	12.01	tp	1
15-AAAATGT	STREME-15	2.3e-002	peak_768	12.01	tp	1
15-AAAATGT	STREME-15	2.3e-002	peak_720	12.01	tp	1
15-AAAATGT	STREME-15	2.3e-002	peak_588	12.01	tp	1
15-AAAATGT	STREME-15	2.3e-002	peak_315	12.01	tp	1
15-AAAATGT	STREME-15	2.3e-002	peak_243	12.01	fp	1
15-AAAATGT	STREME-15	2.3e-002	peak_855	12.01	fp	1
15-AAAATGT	STREME-15	2.3e-002	peak_54	12.01	fp	1
15-AAAATGT	STREME-15	2.3e-002	peak_101	12.01	fp	1
15-AAAATGT	STREME-15	2.3e-002	peak_746	12.01	fp	1
15-AAAATGT	STREME-15	2.3e-002	peak_338	12.01	fp	1
15-AAAATGT	STREME-15	2.3e-002	peak_361	12.01	fp	1
#
16-AAAAAAAA	STREME-16	2.5e-002	peak_429	12.44	tp	0
16-AAAAAAAA	STREME-16	2.5e-002	peak_731	12.44	tp	0
16-AAAAAAAA	STREME-16	2.5e-002	peak_66	12.44	tp	0
16-AAAAAAAA	STREME-16	2.5e-002	peak_861	12.44	tp	0
16-AAAAAAAA	STREME-16	2.5e-002	peak_105	12.44	tp	0
16-AAAAAAAA	STREME-16	2.5e-002	peak_839	12.44	tp	0
16-AAAAAAAA	STREME-16	2.5e-002	peak_491	12.44	tp	0
16-AAAAAAAA	STREME-16	2.5e-002	peak_91	12.44	tp	0
16-AAAAAAAA	STREME-16	2.5e-002	peak_693	12.44	tp	0
16-AAAAAAAA	STREME-16	2.5e-002	peak_296	12.44	tp	0
16-AAAAAAAA	STREME-16	2.5e-002	peak_652	12.44	tp	0
16-AAAAAAAA	STREME-16	2.5e-002	peak_62	12.44	tp	0
16-AAAAAAAA	STREME-16	2.5e-002	peak_344	12.44	tp	0
16-AAAAAAAA	STREME-16	2.5e-002	peak_207	12.44	tp	0
16-AAAAAAAA	STREME-16	2.5e-002	peak_201	12.44	tp	0
16-AAAAAAAA	STREME-16	2.5e-002	peak_573	12.44	tp	0
16-AAAAAAAA	STREME-16	2.5e-002	peak_294	12.44	tp	0
16-AAAAAAAA	STREME-16	2.5e-002	peak_181	12.44	tp	0
16-AAAAAAAA	STREME-16	2.5e-002	peak_421	12.44	tp	0
16-AAAAAAAA	STREME-16	2.5e-002	peak_95	12.44	tp	0
16-AAAAAAAA	STREME-16	2.5e-002	peak_854	12.44	tp	0
16-AAAAAAAA	STREME-16	2.5e-002	peak_804	12.44	tp	0
16-AAAAAAAA	STREME-16	2.5e-002	peak_810	12.44	tp	0
16-AAAAAAAA	STREME-16	2.5e-002	peak_718	12.44	tp	0
16-AAAAAAAA	STREME-16	2.5e-002	peak_199	12.44	tp	0
16-AAAAAAAA	STREME-16	2.5e-002	peak_409	12.44	tp	0
16-AAAAAAAA	STREME-16	2.5e-002	peak_745	12.44	tp	0
16-AAAAAAAA	STREME-16	2.5e-002	peak_329	12.44	tp	0
16-AAAAAAAA	STREME-16	2.5e-002	peak_80	12.44	tp	0
16-AAAAAAAA	STREME-16	2.5e-002	peak_433	12.44	tp	0
16-AAAAAAAA	STREME-16	2.5e-002	peak_78	12.44	tp	0
16-AAAAAAAA	STREME-16	2.5e-002	peak_475	12.44	tp	0
16-AAAAAAAA	STREME-16	2.5e-002	peak_127	12.44	tp	0
16-AAAAAAAA	STREME-16	2.5e-002	peak_215	12.44	tp	0
16-AAAAAAAA	STREME-16	2.5e-002	peak_675	12.44	tp	0
16-AAAAAAAA	STREME-16	2.5e-002	peak_796	12.44	tp	0
16-AAAAAAAA	STREME-16	2.5e-002	peak_203	12.44	tp	0
16-AAAAAAAA	STREME-16	2.5e-002	peak_103	12.44	tp	0
16-AAAAAAAA	STREME-16	2.5e-002	peak_517	12.44	tp	0
16-AAAAAAAA	STREME-16	2.5e-002	peak_211	12.44	tp	0
16-AAAAAAAA	STREME-16	2.5e-002	peak_673	12.44	tp	0
16-AAAAAAAA	STREME-16	2.5e-002	peak_149	12.44	tp	0
16-AAAAAAAA	STREME-16	2.5e-002	peak_798	12.44	tp	0
16-AAAAAAAA	STREME-16	2.5e-002	peak_63	12.44	tp	0
16-AAAAAAAA	STREME-16	2.5e-002	peak_712	12.44	tp	0
16-AAAAAAAA	STREME-16	2.5e-002	peak_109	12.44	tp	0
16-AAAAAAAA	STREME-16	2.5e-002	peak_523	12.44	tp	0
16-AAAAAAAA	STREME-16	2.5e-002	peak_191	12.44	tp	0
16-AAAAAAAA	STREME-16	2.5e-002	peak_449	12.44	tp	0
16-AAAAAAAA	STREME-16	2.5e-002	peak_617	12.44	tp	0
16-AAAAAAAA	STREME-16	2.5e-002	peak_648	12.44	tp	0
16-AAAAAAAA	STREME-16	2.5e-002	peak_709	12.44	tp	0
16-AAAAAAAA	STREME-16	2.5e-002	peak_368	12.44	tp	0
16-AAAAAAAA	STREME-16	2.5e-002	peak_367	12.44	tp	0
16-AAAAAAAA	STREME-16	2.5e-002	peak_339	12.44	tp	0
16-AAAAAAAA	STREME-16	2.5e-002	peak_783	12.44	tp	0
16-AAAAAAAA	STREME-16	2.5e-002	peak_399	12.44	tp	0
16-AAAAAAAA	STREME-16	2.5e-002	peak_179	12.44	tp	0
16-AAAAAAAA	STREME-16	2.5e-002	peak_184	12.44	tp	0
16-AAAAAAAA	STREME-16	2.5e-002	peak_470	12.44	tp	0
16-AAAAAAAA	STREME-16	2.5e-002	peak_397	12.44	tp	0
16-AAAAAAAA	STREME-16	2.5e-002	peak_216	12.44	tp	0
16-AAAAAAAA	STREME-16	2.5e-002	peak_769	12.44	tp	0
16-AAAAAAAA	STREME-16	2.5e-002	peak_507	12.44	tp	0
16-AAAAAAAA	STREME-16	2.5e-002	peak_462	12.44	tp	0
16-AAAAAAAA	STREME-16	2.5e-002	peak_618	12.44	tp	0
16-AAAAAAAA	STREME-16	2.5e-002	peak_146	12.44	tp	0
16-AAAAAAAA	STREME-16	2.5e-002	peak_293	12.44	tp	0
16-AAAAAAAA	STREME-16	2.5e-002	peak_454	12.44	tp	0
16-AAAAAAAA	STREME-16	2.5e-002	peak_597	12.44	tp	0
16-AAAAAAAA	STREME-16	2.5e-002	peak_813	12.44	tp	0
16-AAAAAAAA	STREME-16	2.5e-002	peak_198	12.44	tp	0
16-AAAAAAAA	STREME-16	2.5e-002	peak_815	12.44	tp	0
16-AAAAAAAA	STREME-16	2.5e-002	peak_606	12.44	fp	0
16-AAAAAAAA	STREME-16	2.5e-002	peak_110	12.44	fp	0
16-AAAAAAAA	STREME-16	2.5e-002	peak_336	12.44	fp	0
16-AAAAAAAA	STREME-16	2.5e-002	peak_236	12.44	fp	0
16-AAAAAAAA	STREME-16	2.5e-002	peak_583	12.44	fp	0
16-AAAAAAAA	STREME-16	2.5e-002	peak_390	12.44	fp	0
16-AAAAAAAA	STREME-16	2.5e-002	peak_212	12.44	fp	0
16-AAAAAAAA	STREME-16	2.5e-002	peak_356	12.44	fp	0
16-AAAAAAAA	STREME-16	2.5e-002	peak_531	12.44	fp	0
16-AAAAAAAA	STREME-16	2.5e-002	peak_402	12.44	fp	0
16-AAAAAAAA	STREME-16	2.5e-002	peak_413	12.44	fp	0
16-AAAAAAAA	STREME-16	2.5e-002	peak_3	12.44	fp	0
16-AAAAAAAA	STREME-16	2.5e-002	peak_857	12.44	fp	0
16-AAAAAAAA	STREME-16	2.5e-002	peak_257	12.44	fp	0
16-AAAAAAAA	STREME-16	2.5e-002	peak_663	12.44	fp	0
16-AAAAAAAA	STREME-16	2.5e-002	peak_427	12.44	fp	0
16-AAAAAAAA	STREME-16	2.5e-002	peak_31	12.44	fp	0
16-AAAAAAAA	STREME-16	2.5e-002	peak_779	12.44	fp	0
16-AAAAAAAA	STREME-16	2.5e-002	peak_600	12.44	fp	0
16-AAAAAAAA	STREME-16	2.5e-002	peak_174	12.44	fp	0
16-AAAAAAAA	STREME-16	2.5e-002	peak_441	12.44	fp	0
16-AAAAAAAA	STREME-16	2.5e-002	peak_428	12.44	fp	0
16-AAAAAAAA	STREME-16	2.5e-002	peak_83	12.44	fp	0
16-AAAAAAAA	STREME-16	2.5e-002	peak_68	12.44	fp	0
16-AAAAAAAA	STREME-16	2.5e-002	peak_426	12.44	fp	0
16-AAAAAAAA	STREME-16	2.5e-002	peak_190	12.44	fp	0
16-AAAAAAAA	STREME-16	2.5e-002	peak_94	12.44	fp	0
16-AAAAAAAA	STREME-16	2.5e-002	peak_557	12.44	fp	0
16-AAAAAAAA	STREME-16	2.5e-002	peak_491	12.44	fp	0
16-AAAAAAAA	STREME-16	2.5e-002	peak_822	12.44	fp	0
16-AAAAAAAA	STREME-16	2.5e-002	peak_574	12.44	fp	0
16-AAAAAAAA	STREME-16	2.5e-002	peak_180	12.44	fp	0
16-AAAAAAAA	STREME-16	2.5e-002	peak_530	12.44	fp	0
16-AAAAAAAA	STREME-16	2.5e-002	peak_697	12.44	tp	1
16-AAAAAAAA	STREME-16	2.5e-002	peak_225	12.44	tp	1
16-AAAAAAAA	STREME-16	2.5e-002	peak_404	12.44	tp	1
16-AAAAAAAA	STREME-16	2.5e-002	peak_262	12.44	tp	1
16-AAAAAAAA	STREME-16	2.5e-002	peak_458	12.44	tp	1
16-AAAAAAAA	STREME-16	2.5e-002	peak_224	12.44	tp	1
16-AAAAAAAA	STREME-16	2.5e-002	peak_478	12.44	tp	1
16-AAAAAAAA	STREME-16	2.5e-002	peak_334	10.53	tp	0
16-AAAAAAAA	STREME-16	2.5e-002	peak_19	10.53	tp	0
16-AAAAAAAA	STREME-16	2.5e-002	peak_270	10.53	tp	0
16-AAAAAAAA	STREME-16	2.5e-002	peak_870	10.53	tp	0
16-AAAAAAAA	STREME-16	2.5e-002	peak_318	10.53	tp	0
16-AAAAAAAA	STREME-16	2.5e-002	peak_319	10.53	tp	0
16-AAAAAAAA	STREME-16	2.5e-002	peak_153	10.53	tp	0
16-AAAAAAAA	STREME-16	2.5e-002	peak_110	10.53	tp	0
16-AAAAAAAA	STREME-16	2.5e-002	peak_695	10.53	tp	0
16-AAAAAAAA	STREME-16	2.5e-002	peak_651	10.53	tp	0
16-AAAAAAAA	STREME-16	2.5e-002	peak_779	10.53	tp	0
16-AAAAAAAA	STREME-16	2.5e-002	peak_488	10.53	tp	0
16-AAAAAAAA	STREME-16	2.5e-002	peak_654	10.53	tp	0
16-AAAAAAAA	STREME-16	2.5e-002	peak_374	10.53	tp	0
16-AAAAAAAA	STREME-16	2.5e-002	peak_167	10.53	tp	0
16-AAAAAAAA	STREME-16	2.5e-002	peak_85	10.53	tp	0
16-AAAAAAAA	STREME-16	2.5e-002	peak_499	10.53	tp	0
16-AAAAAAAA	STREME-16	2.5e-002	peak_136	10.53	tp	0
16-AAAAAAAA	STREME-16	2.5e-002	peak_10	10.53	tp	0
16-AAAAAAAA	STREME-16	2.5e-002	peak_125	10.53	tp	0
16-AAAAAAAA	STREME-16	2.5e-002	peak_223	10.53	tp	0
16-AAAAAAAA	STREME-16	2.5e-002	peak_287	10.53	tp	0
16-AAAAAAAA	STREME-16	2.5e-002	peak_157	10.53	tp	0
16-AAAAAAAA	STREME-16	2.5e-002	peak_764	10.53	tp	0
16-AAAAAAAA	STREME-16	2.5e-002	peak_158	10.53	tp	0
16-AAAAAAAA	STREME-16	2.5e-002	peak_260	10.53	tp	0
16-AAAAAAAA	STREME-16	2.5e-002	peak_520	10.53	tp	0
16-AAAAAAAA	STREME-16	2.5e-002	peak_632	10.53	tp	0
16-AAAAAAAA	STREME-16	2.5e-002	peak_550	10.53	tp	0
16-AAAAAAAA	STREME-16	2.5e-002	peak_379	10.53	tp	0
16-AAAAAAAA	STREME-16	2.5e-002	peak_71	10.53	tp	0
16-AAAAAAAA	STREME-16	2.5e-002	peak_49	10.53	tp	0
16-AAAAAAAA	STREME-16	2.5e-002	peak_853	10.53	tp	0
16-AAAAAAAA	STREME-16	2.5e-002	peak_229	10.53	tp	0
16-AAAAAAAA	STREME-16	2.5e-002	peak_435	10.53	tp	0
16-AAAAAAAA	STREME-16	2.5e-002	peak_721	10.53	tp	0
16-AAAAAAAA	STREME-16	2.5e-002	peak_116	10.53	tp	0
16-AAAAAAAA	STREME-16	2.5e-002	peak_637	10.53	tp	0
16-AAAAAAAA	STREME-16	2.5e-002	peak_836	10.53	tp	0
16-AAAAAAAA	STREME-16	2.5e-002	peak_356	10.53	tp	0
16-AAAAAAAA	STREME-16	2.5e-002	peak_57	10.53	tp	0
16-AAAAAAAA	STREME-16	2.5e-002	peak_171	10.53	tp	0
16-AAAAAAAA	STREME-16	2.5e-002	peak_807	10.53	tp	0
16-AAAAAAAA	STREME-16	2.5e-002	peak_805	10.53	tp	0
16-AAAAAAAA	STREME-16	2.5e-002	peak_3	10.53	tp	0
16-AAAAAAAA	STREME-16	2.5e-002	peak_566	10.53	tp	0
16-AAAAAAAA	STREME-16	2.5e-002	peak_691	10.53	tp	0
16-AAAAAAAA	STREME-16	2.5e-002	peak_492	10.53	tp	0
16-AAAAAAAA	STREME-16	2.5e-002	peak_575	10.53	tp	0
16-AAAAAAAA	STREME-16	2.5e-002	peak_173	10.53	tp	0
16-AAAAAAAA	STREME-16	2.5e-002	peak_728	10.53	tp	0
16-AAAAAAAA	STREME-16	2.5e-002	peak_360	10.53	tp	0
16-AAAAAAAA	STREME-16	2.5e-002	peak_746	10.53	tp	0
16-AAAAAAAA	STREME-16	2.5e-002	peak_615	10.53	tp	0
16-AAAAAAAA	STREME-16	2.5e-002	peak_131	10.53	tp	0
16-AAAAAAAA	STREME-16	2.5e-002	peak_30	10.53	tp	0
16-AAAAAAAA	STREME-16	2.5e-002	peak_501	10.53	tp	0
16-AAAAAAAA	STREME-16	2.5e-002	peak_126	10.53	tp	0
16-AAAAAAAA	STREME-16	2.5e-002	peak_553	10.53	tp	0
16-AAAAAAAA	STREME-16	2.5e-002	peak_150	10.53	tp	0
16-AAAAAAAA	STREME-16	2.5e-002	peak_726	10.53	tp	0
16-AAAAAAAA	STREME-16	2.5e-002	peak_406	10.53	tp	0
16-AAAAAAAA	STREME-16	2.5e-002	peak_392	10.53	tp	0
16-AAAAAAAA	STREME-16	2.5e-002	peak_447	10.53	tp	0
16-AAAAAAAA	STREME-16	2.5e-002	peak_540	10.53	tp	0
16-AAAAAAAA	STREME-16	2.5e-002	peak_189	10.53	tp	0
16-AAAAAAAA	STREME-16	2.5e-002	peak_497	10.53	tp	0
16-AAAAAAAA	STREME-16	2.5e-002	peak_377	10.53	tp	0
16-AAAAAAAA	STREME-16	2.5e-002	peak_785	10.53	tp	0
16-AAAAAAAA	STREME-16	2.5e-002	peak_847	10.53	tp	0
16-AAAAAAAA	STREME-16	2.5e-002	peak_797	10.53	tp	0
16-AAAAAAAA	STREME-16	2.5e-002	peak_40	10.53	tp	0
16-AAAAAAAA	STREME-16	2.5e-002	peak_471	10.53	tp	0
16-AAAAAAAA	STREME-16	2.5e-002	peak_414	10.53	fp	0
16-AAAAAAAA	STREME-16	2.5e-002	peak_603	10.53	fp	0
16-AAAAAAAA	STREME-16	2.5e-002	peak_348	10.53	fp	0
16-AAAAAAAA	STREME-16	2.5e-002	peak_127	10.53	fp	0
16-AAAAAAAA	STREME-16	2.5e-002	peak_250	10.53	fp	0
16-AAAAAAAA	STREME-16	2.5e-002	peak_158	10.53	fp	0
16-AAAAAAAA	STREME-16	2.5e-002	peak_401	10.53	fp	0
16-AAAAAAAA	STREME-16	2.5e-002	peak_465	10.53	fp	0
16-AAAAAAAA	STREME-16	2.5e-002	peak_165	10.53	fp	0
16-AAAAAAAA	STREME-16	2.5e-002	peak_2	10.53	fp	0
16-AAAAAAAA	STREME-16	2.5e-002	peak_377	10.53	fp	0
16-AAAAAAAA	STREME-16	2.5e-002	peak_248	10.53	fp	0
16-AAAAAAAA	STREME-16	2.5e-002	peak_691	10.53	fp	0
16-AAAAAAAA	STREME-16	2.5e-002	peak_673	10.53	fp	0
16-AAAAAAAA	STREME-16	2.5e-002	peak_741	10.53	fp	0
16-AAAAAAAA	STREME-16	2.5e-002	peak_171	10.53	fp	0
16-AAAAAAAA	STREME-16	2.5e-002	peak_131	10.53	fp	0
16-AAAAAAAA	STREME-16	2.5e-002	peak_798	10.53	fp	0
16-AAAAAAAA	STREME-16	2.5e-002	peak_472	10.53	fp	0
16-AAAAAAAA	STREME-16	2.5e-002	peak_253	10.53	fp	0
16-AAAAAAAA	STREME-16	2.5e-002	peak_61	10.53	fp	0
16-AAAAAAAA	STREME-16	2.5e-002	peak_736	10.53	fp	0
16-AAAAAAAA	STREME-16	2.5e-002	peak_189	10.53	fp	0
16-AAAAAAAA	STREME-16	2.5e-002	peak_813	10.53	fp	0
16-AAAAAAAA	STREME-16	2.5e-002	peak_359	10.53	fp	0
16-AAAAAAAA	STREME-16	2.5e-002	peak_349	10.53	fp	0
16-AAAAAAAA	STREME-16	2.5e-002	peak_448	10.53	fp	0
16-AAAAAAAA	STREME-16	2.5e-002	peak_446	10.53	fp	0
16-AAAAAAAA	STREME-16	2.5e-002	peak_834	10.53	fp	0
16-AAAAAAAA	STREME-16	2.5e-002	peak_216	10.53	fp	0
16-AAAAAAAA	STREME-16	2.5e-002	peak_722	10.53	tp	1
16-AAAAAAAA	STREME-16	2.5e-002	peak_506	10.53	tp	1
16-AAAAAAAA	STREME-16	2.5e-002	peak_372	10.53	tp	1
16-AAAAAAAA	STREME-16	2.5e-002	peak_638	10.53	tp	1
16-AAAAAAAA	STREME-16	2.5e-002	peak_152	10.53	tp	1
16-AAAAAAAA	STREME-16	2.5e-002	peak_840	10.53	tp	1
16-AAAAAAAA	STREME-16	2.5e-002	peak_464	10.53	tp	1
16-AAAAAAAA	STREME-16	2.5e-002	peak_182	10.53	tp	1
16-AAAAAAAA	STREME-16	2.5e-002	peak_418	10.53	tp	1
16-AAAAAAAA	STREME-16	2.5e-002	peak_720	10.53	tp	1
16-AAAAAAAA	STREME-16	2.5e-002	peak_194	10.53	fp	1
16-AAAAAAAA	STREME-16	2.5e-002	peak_243	10.53	fp	1
16-AAAAAAAA	STREME-16	2.5e-002	peak_50	10.53	fp	1
16-AAAAAAAA	STREME-16	2.5e-002	peak_260	10.53	fp	1
16-AAAAAAAA	STREME-16	2.5e-002	peak_549	10.53	fp	1
16-AAAAAAAA	STREME-16	2.5e-002	peak_755	10.53	fp	1
16-AAAAAAAA	STREME-16	2.5e-002	peak_289	10.26	tp	0
16-AAAAAAAA	STREME-16	2.5e-002	peak_770	10.26	tp	0
16-AAAAAAAA	STREME-16	2.5e-002	peak_823	10.26	tp	0
16-AAAAAAAA	STREME-16	2.5e-002	peak_759	10.26	tp	0
16-AAAAAAAA	STREME-16	2.5e-002	peak_568	10.26	tp	0
16-AAAAAAAA	STREME-16	2.5e-002	peak_472	10.26	tp	0
16-AAAAAAAA	STREME-16	2.5e-002	peak_278	10.26	tp	0
16-AAAAAAAA	STREME-16	2.5e-002	peak_480	10.26	tp	0
16-AAAAAAAA	STREME-16	2.5e-002	peak_156	10.26	tp	0
16-AAAAAAAA	STREME-16	2.5e-002	peak_369	10.26	tp	0
16-AAAAAAAA	STREME-16	2.5e-002	peak_432	10.26	tp	0
16-AAAAAAAA	STREME-16	2.5e-002	peak_667	10.26	tp	0
16-AAAAAAAA	STREME-16	2.5e-002	peak_326	10.26	tp	0
16-AAAAAAAA	STREME-16	2.5e-002	peak_6	10.26	tp	0
16-AAAAAAAA	STREME-16	2.5e-002	peak_324	10.26	tp	0
16-AAAAAAAA	STREME-16	2.5e-002	peak_701	10.26	tp	0
16-AAAAAAAA	STREME-16	2.5e-002	peak_408	10.26	tp	0
16-AAAAAAAA	STREME-16	2.5e-002	peak_56	10.26	tp	0
16-AAAAAAAA	STREME-16	2.5e-002	peak_255	10.26	tp	0
16-AAAAAAAA	STREME-16	2.5e-002	peak_407	10.26	tp	0
16-AAAAAAAA	STREME-16	2.5e-002	peak_23	10.26	tp	0
16-AAAAAAAA	STREME-16	2.5e-002	peak_21	10.26	tp	0
16-AAAAAAAA	STREME-16	2.5e-002	peak_124	10.26	tp	0
16-AAAAAAAA	STREME-16	2.5e-002	peak_18	10.26	tp	0
16-AAAAAAAA	STREME-16	2.5e-002	peak_625	10.26	tp	0
16-AAAAAAAA	STREME-16	2.5e-002	peak_232	10.26	tp	0
16-AAAAAAAA	STREME-16	2.5e-002	peak_145	10.26	tp	0
16-AAAAAAAA	STREME-16	2.5e-002	peak_814	10.26	tp	0
16-AAAAAAAA	STREME-16	2.5e-002	peak_555	10.26	tp	0
16-AAAAAAAA	STREME-16	2.5e-002	peak_405	10.26	tp	0
16-AAAAAAAA	STREME-16	2.5e-002	peak_141	10.26	tp	0
16-AAAAAAAA	STREME-16	2.5e-002	peak_151	10.26	tp	0
16-AAAAAAAA	STREME-16	2.5e-002	peak_302	10.26	tp	0
16-AAAAAAAA	STREME-16	2.5e-002	peak_142	10.26	tp	0
16-AAAAAAAA	STREME-16	2.5e-002	peak_128	10.26	tp	0
16-AAAAAAAA	STREME-16	2.5e-002	peak_750	10.26	tp	0
16-AAAAAAAA	STREME-16	2.5e-002	peak_519	10.26	tp	0
16-AAAAAAAA	STREME-16	2.5e-002	peak_532	10.26	tp	0
16-AAAAAAAA	STREME-16	2.5e-002	peak_257	10.26	tp	0
16-AAAAAAAA	STREME-16	2.5e-002	peak_714	10.26	tp	0
16-AAAAAAAA	STREME-16	2.5e-002	peak_295	10.26	tp	0
16-AAAAAAAA	STREME-16	2.5e-002	peak_606	10.26	tp	0
16-AAAAAAAA	STREME-16	2.5e-002	peak_163	10.26	tp	0
16-AAAAAAAA	STREME-16	2.5e-002	peak_387	10.26	tp	0
16-AAAAAAAA	STREME-16	2.5e-002	peak_789	10.26	fp	0
16-AAAAAAAA	STREME-16	2.5e-002	peak_546	10.26	fp	0
16-AAAAAAAA	STREME-16	2.5e-002	peak_344	10.26	fp	0
16-AAAAAAAA	STREME-16	2.5e-002	peak_398	10.26	fp	0
16-AAAAAAAA	STREME-16	2.5e-002	peak_735	10.26	fp	0
16-AAAAAAAA	STREME-16	2.5e-002	peak_809	10.26	fp	0
16-AAAAAAAA	STREME-16	2.5e-002	peak_790	10.26	fp	0
16-AAAAAAAA	STREME-16	2.5e-002	peak_633	10.26	fp	0
16-AAAAAAAA	STREME-16	2.5e-002	peak_343	10.26	fp	0
16-AAAAAAAA	STREME-16	2.5e-002	peak_689	10.26	fp	0
16-AAAAAAAA	STREME-16	2.5e-002	peak_109	10.26	fp	0
16-AAAAAAAA	STREME-16	2.5e-002	peak_532	10.26	fp	0
16-AAAAAAAA	STREME-16	2.5e-002	peak_41	10.26	fp	0
16-AAAAAAAA	STREME-16	2.5e-002	peak_53	10.26	fp	0
16-AAAAAAAA	STREME-16	2.5e-002	peak_55	10.26	fp	0
16-AAAAAAAA	STREME-16	2.5e-002	peak_556	10.26	fp	0
16-AAAAAAAA	STREME-16	2.5e-002	peak_76	10.26	fp	0
16-AAAAAAAA	STREME-16	2.5e-002	peak_648	10.26	fp	0
16-AAAAAAAA	STREME-16	2.5e-002	peak_560	10.26	fp	0
16-AAAAAAAA	STREME-16	2.5e-002	peak_708	10.26	fp	0
16-AAAAAAAA	STREME-16	2.5e-002	peak_80	10.26	fp	0
16-AAAAAAAA	STREME-16	2.5e-002	peak_526	10.26	fp	0
16-AAAAAAAA	STREME-16	2.5e-002	peak_538	10.26	fp	0
16-AAAAAAAA	STREME-16	2.5e-002	peak_827	10.26	tp	1
16-AAAAAAAA	STREME-16	2.5e-002	peak_107	10.26	fp	1
16-AAAAAAAA	STREME-16	2.5e-002	peak_60	10.26	fp	1
16-AAAAAAAA	STREME-16	2.5e-002	peak_613	10.26	fp	1
16-AAAAAAAA	STREME-16	2.5e-002	peak_163	10.26	fp	1
16-AAAAAAAA	STREME-16	2.5e-002	peak_609	10.26	fp	1
16-AAAAAAAA	STREME-16	2.5e-002	peak_274	9.85	tp	0
16-AAAAAAAA	STREME-16	2.5e-002	peak_786	9.85	tp	0
16-AAAAAAAA	STREME-16	2.5e-002	peak_298	9.85	tp	0
16-AAAAAAAA	STREME-16	2.5e-002	peak_413	9.85	tp	0
16-AAAAAAAA	STREME-16	2.5e-002	peak_384	9.85	tp	0
16-AAAAAAAA	STREME-16	2.5e-002	peak_147	9.85	tp	0
16-AAAAAAAA	STREME-16	2.5e-002	peak_119	9.85	tp	0
16-AAAAAAAA	STREME-16	2.5e-002	peak_821	9.85	tp	0
16-AAAAAAAA	STREME-16	2.5e-002	peak_286	9.85	tp	0
16-AAAAAAAA	STREME-16	2.5e-002	peak_526	9.85	tp	0
16-AAAAAAAA	STREME-16	2.5e-002	peak_504	9.85	tp	0
16-AAAAAAAA	STREME-16	2.5e-002	peak_75	9.85	tp	0
16-AAAAAAAA	STREME-16	2.5e-002	peak_636	9.85	tp	0
16-AAAAAAAA	STREME-16	2.5e-002	peak_375	9.85	tp	0
16-AAAAAAAA	STREME-16	2.5e-002	peak_743	9.85	tp	0
16-AAAAAAAA	STREME-16	2.5e-002	peak_626	9.85	tp	0
16-AAAAAAAA	STREME-16	2.5e-002	peak_820	9.85	tp	0
16-AAAAAAAA	STREME-16	2.5e-002	peak_412	9.85	tp	0
16-AAAAAAAA	STREME-16	2.5e-002	peak_572	9.85	tp	0
16-AAAAAAAA	STREME-16	2.5e-002	peak_561	9.85	tp	0
16-AAAAAAAA	STREME-16	2.5e-002	peak_490	9.85	tp	0
16-AAAAAAAA	STREME-16	2.5e-002	peak_45	9.85	tp	0
16-AAAAAAAA	STREME-16	2.5e-002	peak_414	9.85	tp	0
16-AAAAAAAA	STREME-16	2.5e-002	peak_791	9.85	tp	0
16-AAAAAAAA	STREME-16	2.5e-002	peak_169	9.85	tp	0
16-AAAAAAAA	STREME-16	2.5e-002	peak_444	9.85	tp	0
16-AAAAAAAA	STREME-16	2.5e-002	peak_843	9.85	tp	0
16-AAAAAAAA	STREME-16	2.5e-002	peak_493	9.85	tp	0
16-AAAAAAAA	STREME-16	2.5e-002	peak_707	9.85	tp	0
16-AAAAAAAA	STREME-16	2.5e-002	peak_639	9.85	tp	0
16-AAAAAAAA	STREME-16	2.5e-002	peak_463	9.85	tp	0
16-AAAAAAAA	STREME-16	2.5e-002	peak_589	9.85	tp	0
16-AAAAAAAA	STREME-16	2.5e-002	peak_39	9.85	tp	0
16-AAAAAAAA	STREME-16	2.5e-002	peak_295	9.85	fp	0
16-AAAAAAAA	STREME-16	2.5e-002	peak_242	9.85	fp	0
16-AAAAAAAA	STREME-16	2.5e-002	peak_720	9.85	fp	0
16-AAAAAAAA	STREME-16	2.5e-002	peak_40	9.85	fp	0
16-AAAAAAAA	STREME-16	2.5e-002	peak_482	9.85	fp	0
16-AAAAAAAA	STREME-16	2.5e-002	peak_523	9.85	fp	0
16-AAAAAAAA	STREME-16	2.5e-002	peak_149	9.85	fp	0
16-AAAAAAAA	STREME-16	2.5e-002	peak_539	9.85	fp	0
16-AAAAAAAA	STREME-16	2.5e-002	peak_470	9.85	fp	0
16-AAAAAAAA	STREME-16	2.5e-002	peak_27	9.85	fp	0
16-AAAAAAAA	STREME-16	2.5e-002	peak_274	9.85	fp	0
16-AAAAAAAA	STREME-16	2.5e-002	peak_286	9.85	fp	0
16-AAAAAAAA	STREME-16	2.5e-002	peak_88	9.85	fp	0
16-AAAAAAAA	STREME-16	2.5e-002	peak_233	9.85	fp	0
16-AAAAAAAA	STREME-16	2.5e-002	peak_696	9.85	fp	0
16-AAAAAAAA	STREME-16	2.5e-002	peak_460	9.85	fp	0
16-AAAAAAAA	STREME-16	2.5e-002	peak_174	9.85	tp	1
16-AAAAAAAA	STREME-16	2.5e-002	peak_228	9.85	tp	1
16-AAAAAAAA	STREME-16	2.5e-002	peak_332	9.85	tp	1
16-AAAAAAAA	STREME-16	2.5e-002	peak_338	9.85	tp	1
16-AAAAAAAA	STREME-16	2.5e-002	peak_851	9.85	fp	1
16-AAAAAAAA	STREME-16	2.5e-002	peak_494	9.62	tp	0
16-AAAAAAAA	STREME-16	2.5e-002	peak_24	9.62	tp	0
16-AAAAAAAA	STREME-16	2.5e-002	peak_208	9.62	tp	0
16-AAAAAAAA	STREME-16	2.5e-002	peak_210	9.62	tp	0
16-AAAAAAAA	STREME-16	2.5e-002	peak_114	9.62	tp	0
16-AAAAAAAA	STREME-16	2.5e-002	peak_200	9.62	tp	0
16-AAAAAAAA	STREME-16	2.5e-002	peak_252	9.62	tp	0
16-AAAAAAAA	STREME-16	2.5e-002	peak_448	9.62	tp	0
16-AAAAAAAA	STREME-16	2.5e-002	peak_320	9.62	tp	0
16-AAAAAAAA	STREME-16	2.5e-002	peak_328	9.62	tp	0
16-AAAAAAAA	STREME-16	2.5e-002	peak_865	9.62	tp	0
16-AAAAAAAA	STREME-16	2.5e-002	peak_682	9.62	tp	0
16-AAAAAAAA	STREME-16	2.5e-002	peak_705	9.62	tp	0
16-AAAAAAAA	STREME-16	2.5e-002	peak_235	9.62	tp	0
16-AAAAAAAA	STREME-16	2.5e-002	peak_518	9.62	tp	0
16-AAAAAAAA	STREME-16	2.5e-002	peak_736	9.62	tp	0
16-AAAAAAAA	STREME-16	2.5e-002	peak_828	9.62	tp	0
16-AAAAAAAA	STREME-16	2.5e-002	peak_742	9.62	tp	0
16-AAAAAAAA	STREME-16	2.5e-002	peak_543	9.62	tp	0
16-AAAAAAAA	STREME-16	2.5e-002	peak_250	9.62	tp	0
16-AAAAAAAA	STREME-16	2.5e-002	peak_702	9.62	tp	0
16-AAAAAAAA	STREME-16	2.5e-002	peak_622	9.62	tp	0
16-AAAAAAAA	STREME-16	2.5e-002	peak_473	9.62	tp	0
16-AAAAAAAA	STREME-16	2.5e-002	peak_459	9.62	tp	0
16-AAAAAAAA	STREME-16	2.5e-002	peak_168	9.62	tp	0
16-AAAAAAAA	STREME-16	2.5e-002	peak_183	9.62	tp	0
16-AAAAAAAA	STREME-16	2.5e-002	peak_537	9.62	tp	0
16-AAAAAAAA	STREME-16	2.5e-002	peak_528	9.62	tp	0
16-AAAAAAAA	STREME-16	2.5e-002	peak_314	9.62	tp	0
16-AAAAAAAA	STREME-16	2.5e-002	peak_370	9.62	tp	0
16-AAAAAAAA	STREME-16	2.5e-002	peak_108	9.62	tp	0
16-AAAAAAAA	STREME-16	2.5e-002	peak_361	9.62	tp	0
16-AAAAAAAA	STREME-16	2.5e-002	peak_443	9.62	tp	0
16-AAAAAAAA	STREME-16	2.5e-002	peak_259	9.62	tp	0
16-AAAAAAAA	STREME-16	2.5e-002	peak_799	9.62	tp	0
16-AAAAAAAA	STREME-16	2.5e-002	peak_221	9.62	tp	0
16-AAAAAAAA	STREME-16	2.5e-002	peak_737	9.62	fp	0
16-AAAAAAAA	STREME-16	2.5e-002	peak_701	9.62	fp	0
16-AAAAAAAA	STREME-16	2.5e-002	peak_621	9.62	fp	0
16-AAAAAAAA	STREME-16	2.5e-002	peak_353	9.62	fp	0
16-AAAAAAAA	STREME-16	2.5e-002	peak_199	9.62	fp	0
16-AAAAAAAA	STREME-16	2.5e-002	peak_643	9.62	fp	0
16-AAAAAAAA	STREME-16	2.5e-002	peak_103	9.62	fp	0
16-AAAAAAAA	STREME-16	2.5e-002	peak_661	9.62	fp	0
16-AAAAAAAA	STREME-16	2.5e-002	peak_417	9.62	fp	0
16-AAAAAAAA	STREME-16	2.5e-002	peak_77	9.62	fp	0
16-AAAAAAAA	STREME-16	2.5e-002	peak_386	9.62	fp	0
16-AAAAAAAA	STREME-16	2.5e-002	peak_806	9.62	fp	0
16-AAAAAAAA	STREME-16	2.5e-002	peak_731	9.62	fp	0
16-AAAAAAAA	STREME-16	2.5e-002	peak_479	9.62	fp	0
16-AAAAAAAA	STREME-16	2.5e-002	peak_777	9.62	fp	0
16-AAAAAAAA	STREME-16	2.5e-002	peak_5	9.62	fp	0
16-AAAAAAAA	STREME-16	2.5e-002	peak_431	9.62	fp	0
16-AAAAAAAA	STREME-16	2.5e-002	peak_437	9.62	fp	0
16-AAAAAAAA	STREME-16	2.5e-002	peak_178	9.62	fp	0
16-AAAAAAAA	STREME-16	2.5e-002	peak_294	9.62	fp	0
16-AAAAAAAA	STREME-16	2.5e-002	peak_69	9.62	fp	0
16-AAAAAAAA	STREME-16	2.5e-002	peak_689	9.62	tp	1
16-AAAAAAAA	STREME-16	2.5e-002	peak_208	9.62	fp	1
16-AAAAAAAA	STREME-16	2.5e-002	peak_408	9.62	fp	1
16-AAAAAAAA	STREME-16	2.5e-002	peak_473	9.62	fp	1
16-AAAAAAAA	STREME-16	2.5e-002	peak_211	9.62	fp	1
16-AAAAAAAA	STREME-16	2.5e-002	peak_437	9.27	tp	0
16-AAAAAAAA	STREME-16	2.5e-002	peak_214	9.27	tp	0
16-AAAAAAAA	STREME-16	2.5e-002	peak_1	9.27	tp	0
16-AAAAAAAA	STREME-16	2.5e-002	peak_394	9.27	tp	0
16-AAAAAAAA	STREME-16	2.5e-002	peak_535	9.27	tp	0
16-AAAAAAAA	STREME-16	2.5e-002	peak_558	9.27	tp	0
16-AAAAAAAA	STREME-16	2.5e-002	peak_29	9.27	tp	0
16-AAAAAAAA	STREME-16	2.5e-002	peak_305	9.27	tp	0
16-AAAAAAAA	STREME-16	2.5e-002	peak_59	9.27	tp	0
16-AAAAAAAA	STREME-16	2.5e-002	peak_816	9.27	tp	0
16-AAAAAAAA	STREME-16	2.5e-002	peak_755	9.27	tp	0
16-AAAAAAAA	STREME-16	2.5e-002	peak_120	9.27	tp	0
16-AAAAAAAA	STREME-16	2.5e-002	peak_239	9.27	tp	0
16-AAAAAAAA	STREME-16	2.5e-002	peak_306	9.27	tp	0
16-AAAAAAAA	STREME-16	2.5e-002	peak_694	9.27	tp	0
16-AAAAAAAA	STREME-16	2.5e-002	peak_434	9.27	tp	0
16-AAAAAAAA	STREME-16	2.5e-002	peak_591	9.27	tp	0
16-AAAAAAAA	STREME-16	2.5e-002	peak_53	9.27	tp	0
16-AAAAAAAA	STREME-16	2.5e-002	peak_395	9.27	tp	0
16-AAAAAAAA	STREME-16	2.5e-002	peak_672	9.27	tp	0
16-AAAAAAAA	STREME-16	2.5e-002	peak_710	9.27	tp	0
16-AAAAAAAA	STREME-16	2.5e-002	peak_378	9.27	tp	0
16-AAAAAAAA	STREME-16	2.5e-002	peak_64	9.27	tp	0
16-AAAAAAAA	STREME-16	2.5e-002	peak_76	9.27	tp	0
16-AAAAAAAA	STREME-16	2.5e-002	peak_849	9.27	tp	0
16-AAAAAAAA	STREME-16	2.5e-002	peak_524	9.27	fp	0
16-AAAAAAAA	STREME-16	2.5e-002	peak_67	9.27	fp	0
16-AAAAAAAA	STREME-16	2.5e-002	peak_70	9.27	fp	0
16-AAAAAAAA	STREME-16	2.5e-002	peak_335	9.27	fp	0
16-AAAAAAAA	STREME-16	2.5e-002	peak_723	9.27	fp	0
16-AAAAAAAA	STREME-16	2.5e-002	peak_125	9.27	fp	0
16-AAAAAAAA	STREME-16	2.5e-002	peak_102	9.27	fp	0
16-AAAAAAAA	STREME-16	2.5e-002	peak_164	9.27	fp	0
16-AAAAAAAA	STREME-16	2.5e-002	peak_837	9.27	fp	0
16-AAAAAAAA	STREME-16	2.5e-002	peak_234	9.27	fp	0
16-AAAAAAAA	STREME-16	2.5e-002	peak_430	9.27	fp	0
16-AAAAAAAA	STREME-16	2.5e-002	peak_351	9.27	fp	0
16-AAAAAAAA	STREME-16	2.5e-002	peak_425	9.27	fp	0
16-AAAAAAAA	STREME-16	2.5e-002	peak_176	9.27	fp	0
16-AAAAAAAA	STREME-16	2.5e-002	peak_732	9.27	fp	0
16-AAAAAAAA	STREME-16	2.5e-002	peak_20	9.27	fp	0
16-AAAAAAAA	STREME-16	2.5e-002	peak_334	9.27	fp	0
16-AAAAAAAA	STREME-16	2.5e-002	peak_713	9.27	fp	0
16-AAAAAAAA	STREME-16	2.5e-002	peak_401	9.27	tp	1
16-AAAAAAAA	STREME-16	2.5e-002	peak_741	9.27	tp	1
16-AAAAAAAA	STREME-16	2.5e-002	peak_580	9.27	tp	1
16-AAAAAAAA	STREME-16	2.5e-002	peak_774	9.27	tp	1
16-AAAAAAAA	STREME-16	2.5e-002	peak_732	9.27	tp	1
16-AAAAAAAA	STREME-16	2.5e-002	peak_416	9.27	tp	1
16-AAAAAAAA	STREME-16	2.5e-002	peak_652	9.27	fp	1
16-AAAAAAAA	STREME-16	2.5e-002	peak_516	9.08	tp	0
16-AAAAAAAA	STREME-16	2.5e-002	peak_489	9.08	tp	0
16-AAAAAAAA	STREME-16	2.5e-002	peak_738	9.08	tp	0
16-AAAAAAAA	STREME-16	2.5e-002	peak_382	9.08	tp	0
16-AAAAAAAA	STREME-16	2.5e-002	peak_688	9.08	tp	0
16-AAAAAAAA	STREME-16	2.5e-002	peak_438	9.08	tp	0
16-AAAAAAAA	STREME-16	2.5e-002	peak_623	9.08	tp	0
16-AAAAAAAA	STREME-16	2.5e-002	peak_684	9.08	tp	0
16-AAAAAAAA	STREME-16	2.5e-002	peak_67	9.08	tp	0
16-AAAAAAAA	STREME-16	2.5e-002	peak_2	9.08	tp	0
16-AAAAAAAA	STREME-16	2.5e-002	peak_536	9.08	tp	0
16-AAAAAAAA	STREME-16	2.5e-002	peak_86	9.08	tp	0
16-AAAAAAAA	STREME-16	2.5e-002	peak_422	9.08	tp	0
16-AAAAAAAA	STREME-16	2.5e-002	peak_525	9.08	tp	0
16-AAAAAAAA	STREME-16	2.5e-002	peak_281	9.08	tp	0
16-AAAAAAAA	STREME-16	2.5e-002	peak_209	9.08	tp	0
16-AAAAAAAA	STREME-16	2.5e-002	peak_272	9.08	tp	0
16-AAAAAAAA	STREME-16	2.5e-002	peak_653	9.08	tp	0
16-AAAAAAAA	STREME-16	2.5e-002	peak_54	9.08	tp	0
16-AAAAAAAA	STREME-16	2.5e-002	peak_767	9.08	tp	0
16-AAAAAAAA	STREME-16	2.5e-002	peak_708	9.08	tp	0
16-AAAAAAAA	STREME-16	2.5e-002	peak_197	9.08	tp	0
16-AAAAAAAA	STREME-16	2.5e-002	peak_94	9.08	tp	0
16-AAAAAAAA	STREME-16	2.5e-002	peak_217	9.08	tp	0
16-AAAAAAAA	STREME-16	2.5e-002	peak_172	9.08	tp	0
16-AAAAAAAA	STREME-16	2.5e-002	peak_337	9.08	tp	0
16-AAAAAAAA	STREME-16	2.5e-002	peak_424	9.08	tp	0
16-AAAAAAAA	STREME-16	2.5e-002	peak_531	9.08	tp	0
16-AAAAAAAA	STREME-16	2.5e-002	peak_604	9.08	tp	0
16-AAAAAAAA	STREME-16	2.5e-002	peak_793	9.08	tp	0
16-AAAAAAAA	STREME-16	2.5e-002	peak_102	9.08	tp	0
16-AAAAAAAA	STREME-16	2.5e-002	peak_363	9.08	tp	0
16-AAAAAAAA	STREME-16	2.5e-002	peak_101	9.08	tp	0
16-AAAAAAAA	STREME-16	2.5e-002	peak_123	9.08	tp	0
16-AAAAAAAA	STREME-16	2.5e-002	peak_300	9.08	tp	0
16-AAAAAAAA	STREME-16	2.5e-002	peak_187	9.08	tp	0
16-AAAAAAAA	STREME-16	2.5e-002	peak_311	9.08	tp	0
16-AAAAAAAA	STREME-16	2.5e-002	peak_299	9.08	tp	0
16-AAAAAAAA	STREME-16	2.5e-002	peak_350	9.08	tp	0
16-AAAAAAAA	STREME-16	2.5e-002	peak_427	9.08	tp	0
16-AAAAAAAA	STREME-16	2.5e-002	peak_468	9.08	tp	0
16-AAAAAAAA	STREME-16	2.5e-002	peak_100	9.08	tp	0
16-AAAAAAAA	STREME-16	2.5e-002	peak_357	9.08	tp	0
16-AAAAAAAA	STREME-16	2.5e-002	peak_368	9.08	fp	0
16-AAAAAAAA	STREME-16	2.5e-002	peak_759	9.08	fp	0
16-AAAAAAAA	STREME-16	2.5e-002	peak_333	9.08	fp	0
16-AAAAAAAA	STREME-16	2.5e-002	peak_745	9.08	fp	0
16-AAAAAAAA	STREME-16	2.5e-002	peak_434	9.08	fp	0
16-AAAAAAAA	STREME-16	2.5e-002	peak_227	9.08	fp	0
16-AAAAAAAA	STREME-16	2.5e-002	peak_188	9.08	fp	0
16-AAAAAAAA	STREME-16	2.5e-002	peak_376	9.08	fp	0
16-AAAAAAAA	STREME-16	2.5e-002	peak_820	9.08	fp	0
16-AAAAAAAA	STREME-16	2.5e-002	peak_17	9.08	fp	0
16-AAAAAAAA	STREME-16	2.5e-002	peak_311	9.08	fp	0
16-AAAAAAAA	STREME-16	2.5e-002	peak_605	9.08	fp	0
16-AAAAAAAA	STREME-16	2.5e-002	peak_645	9.08	fp	0
16-AAAAAAAA	STREME-16	2.5e-002	peak_193	9.08	fp	0
16-AAAAAAAA	STREME-16	2.5e-002	peak_381	9.08	fp	0
16-AAAAAAAA	STREME-16	2.5e-002	peak_382	9.08	fp	0
16-AAAAAAAA	STREME-16	2.5e-002	peak_364	9.08	fp	0
16-AAAAAAAA	STREME-16	2.5e-002	peak_412	9.08	fp	0
16-AAAAAAAA	STREME-16	2.5e-002	peak_22	9.08	fp	0
16-AAAAAAAA	STREME-16	2.5e-002	peak_404	9.08	fp	0
16-AAAAAAAA	STREME-16	2.5e-002	peak_716	9.08	fp	0
16-AAAAAAAA	STREME-16	2.5e-002	peak_197	9.08	fp	0
16-AAAAAAAA	STREME-16	2.5e-002	peak_697	9.08	fp	0
16-AAAAAAAA	STREME-16	2.5e-002	peak_766	9.08	fp	0
16-AAAAAAAA	STREME-16	2.5e-002	peak_179	9.08	fp	0
16-AAAAAAAA	STREME-16	2.5e-002	peak_519	9.08	fp	0
16-AAAAAAAA	STREME-16	2.5e-002	peak_313	9.08	tp	1
16-AAAAAAAA	STREME-16	2.5e-002	peak_645	9.08	tp	1
16-AAAAAAAA	STREME-16	2.5e-002	peak_188	9.08	tp	1
16-AAAAAAAA	STREME-16	2.5e-002	peak_384	9.08	fp	1
16-AAAAAAAA	STREME-16	2.5e-002	peak_315	9.08	fp	1
16-AAAAAAAA	STREME-16	2.5e-002	peak_859	9.08	fp	1
16-AAAAAAAA	STREME-16	2.5e-002	peak_794	7.96	tp	0
16-AAAAAAAA	STREME-16	2.5e-002	peak_258	7.96	tp	0
16-AAAAAAAA	STREME-16	2.5e-002	peak_864	7.96	tp	0
16-AAAAAAAA	STREME-16	2.5e-002	peak_706	7.96	tp	0
16-AAAAAAAA	STREME-16	2.5e-002	peak_50	7.96	tp	0
16-AAAAAAAA	STREME-16	2.5e-002	peak_331	7.96	tp	0
16-AAAAAAAA	STREME-16	2.5e-002	peak_353	7.96	tp	0
16-AAAAAAAA	STREME-16	2.5e-002	peak_93	7.96	tp	0
16-AAAAAAAA	STREME-16	2.5e-002	peak_48	7.96	tp	0
16-AAAAAAAA	STREME-16	2.5e-002	peak_219	7.96	tp	0
16-AAAAAAAA	STREME-16	2.5e-002	peak_96	7.96	tp	0
16-AAAAAAAA	STREME-16	2.5e-002	peak_545	7.96	tp	0
16-AAAAAAAA	STREME-16	2.5e-002	peak_176	7.96	tp	0
16-AAAAAAAA	STREME-16	2.5e-002	peak_308	7.96	tp	0
16-AAAAAAAA	STREME-16	2.5e-002	peak_754	7.96	tp	0
16-AAAAAAAA	STREME-16	2.5e-002	peak_13	7.96	tp	0
16-AAAAAAAA	STREME-16	2.5e-002	peak_766	7.96	tp	0
16-AAAAAAAA	STREME-16	2.5e-002	peak_285	7.96	tp	0
16-AAAAAAAA	STREME-16	2.5e-002	peak_696	7.96	tp	0
16-AAAAAAAA	STREME-16	2.5e-002	peak_453	7.96	tp	0
16-AAAAAAAA	STREME-16	2.5e-002	peak_362	7.96	tp	0
16-AAAAAAAA	STREME-16	2.5e-002	peak_88	7.96	tp	0
16-AAAAAAAA	STREME-16	2.5e-002	peak_482	7.96	tp	0
16-AAAAAAAA	STREME-16	2.5e-002	peak_129	7.96	fp	0
16-AAAAAAAA	STREME-16	2.5e-002	peak_740	7.96	fp	0
16-AAAAAAAA	STREME-16	2.5e-002	peak_435	7.96	fp	0
16-AAAAAAAA	STREME-16	2.5e-002	peak_814	7.96	fp	0
16-AAAAAAAA	STREME-16	2.5e-002	peak_715	7.96	fp	0
16-AAAAAAAA	STREME-16	2.5e-002	peak_506	7.96	fp	0
16-AAAAAAAA	STREME-16	2.5e-002	peak_220	7.96	fp	0
16-AAAAAAAA	STREME-16	2.5e-002	peak_298	7.96	fp	0
16-AAAAAAAA	STREME-16	2.5e-002	peak_783	7.96	fp	0
16-AAAAAAAA	STREME-16	2.5e-002	peak_841	7.96	fp	0
16-AAAAAAAA	STREME-16	2.5e-002	peak_517	7.96	fp	0
16-AAAAAAAA	STREME-16	2.5e-002	peak_371	7.96	tp	1
16-AAAAAAAA	STREME-16	2.5e-002	peak_570	7.96	tp	1
16-AAAAAAAA	STREME-16	2.5e-002	peak_378	7.96	fp	1
#
17-AAATGCAAA	STREME-17	2.6e-002	peak_600	15.47	tp	0
17-AAATGCAAA	STREME-17	2.6e-002	peak_210	15.47	tp	0
17-AAATGCAAA	STREME-17	2.6e-002	peak_92	15.47	tp	0
17-AAATGCAAA	STREME-17	2.6e-002	peak_67	15.47	tp	0
17-AAATGCAAA	STREME-17	2.6e-002	peak_422	15.47	tp	0
17-AAATGCAAA	STREME-17	2.6e-002	peak_408	15.47	tp	0
17-AAATGCAAA	STREME-17	2.6e-002	peak_755	15.47	tp	0
17-AAATGCAAA	STREME-17	2.6e-002	peak_433	15.47	tp	0
17-AAATGCAAA	STREME-17	2.6e-002	peak_235	15.47	tp	0
17-AAATGCAAA	STREME-17	2.6e-002	peak_735	15.47	tp	0
17-AAATGCAAA	STREME-17	2.6e-002	peak_217	15.47	tp	0
17-AAATGCAAA	STREME-17	2.6e-002	peak_587	15.47	tp	0
17-AAATGCAAA	STREME-17	2.6e-002	peak_356	15.47	tp	0
17-AAATGCAAA	STREME-17	2.6e-002	peak_358	15.47	tp	0
17-AAATGCAAA	STREME-17	2.6e-002	peak_517	15.47	tp	0
17-AAATGCAAA	STREME-17	2.6e-002	peak_360	15.47	tp	0
17-AAATGCAAA	STREME-17	2.6e-002	peak_490	15.47	tp	0
17-AAATGCAAA	STREME-17	2.6e-002	peak_470	15.47	tp	0
17-AAATGCAAA	STREME-17	2.6e-002	peak_453	15.47	tp	0
17-AAATGCAAA	STREME-17	2.6e-002	peak_362	15.47	tp	0
17-AAATGCAAA	STREME-17	2.6e-002	peak_221	15.47	tp	0
17-AAATGCAAA	STREME-17	2.6e-002	peak_357	15.47	fp	0
17-AAATGCAAA	STREME-17	2.6e-002	peak_178	15.47	fp	0
17-AAATGCAAA	STREME-17	2.6e-002	peak_846	15.47	tp	1
17-AAATGCAAA	STREME-17	2.6e-002	peak_674	15.47	tp	1
17-AAATGCAAA	STREME-17	2.6e-002	peak_84	12.56	tp	0
17-AAATGCAAA	STREME-17	2.6e-002	peak_247	12.56	tp	0
17-AAATGCAAA	STREME-17	2.6e-002	peak_208	12.56	tp	0
17-AAATGCAAA	STREME-17	2.6e-002	peak_98	12.56	tp	0
17-AAATGCAAA	STREME-17	2.6e-002	peak_576	12.56	tp	0
17-AAATGCAAA	STREME-17	2.6e-002	peak_818	12.56	tp	0
17-AAATGCAAA	STREME-17	2.6e-002	peak_745	12.56	tp	0
17-AAATGCAAA	STREME-17	2.6e-002	peak_233	12.56	tp	0
17-AAATGCAAA	STREME-17	2.6e-002	peak_812	12.56	tp	0
17-AAATGCAAA	STREME-17	2.6e-002	peak_767	12.56	tp	0
17-AAATGCAAA	STREME-17	2.6e-002	peak_627	12.56	tp	0
17-AAATGCAAA	STREME-17	2.6e-002	peak_445	12.56	tp	0
17-AAATGCAAA	STREME-17	2.6e-002	peak_283	12.56	tp	0
17-AAATGCAAA	STREME-17	2.6e-002	peak_828	12.56	tp	0
17-AAATGCAAA	STREME-17	2.6e-002	peak_339	12.56	tp	0
17-AAATGCAAA	STREME-17	2.6e-002	peak_399	12.56	tp	0
17-AAATGCAAA	STREME-17	2.6e-002	peak_263	12.56	tp	0
17-AAATGCAAA	STREME-17	2.6e-002	peak_128	12.56	tp	0
17-AAATGCAAA	STREME-17	2.6e-002	peak_680	12.56	tp	0
17-AAATGCAAA	STREME-17	2.6e-002	peak_108	12.56	tp	0
17-AAATGCAAA	STREME-17	2.6e-002	peak_58	12.56	tp	0
17-AAATGCAAA	STREME-17	2.6e-002	peak_100	12.56	tp	0
17-AAATGCAAA	STREME-17	2.6e-002	peak_227	12.56	fp	0
17-AAATGCAAA	STREME-17	2.6e-002	peak_123	12.56	fp	0
17-AAATGCAAA	STREME-17	2.6e-002	peak_47	12.56	fp	0
17-AAATGCAAA	STREME-17	2.6e-002	peak_252	12.56	fp	0
17-AAATGCAAA	STREME-17	2.6e-002	peak_629	12.56	fp	0
17-AAATGCAAA	STREME-17	2.6e-002	peak_555	12.56	fp	0
17-AAATGCAAA	STREME-17	2.6e-002	peak_137	12.56	tp	1
17-AAATGCAAA	STREME-17	2.6e-002	peak_870	12.56	fp	1
17-AAATGCAAA	STREME-17	2.6e-002	peak_782	12.42	tp	0
17-AAATGCAAA	STREME-17	2.6e-002	peak_50	12.42	tp	0
17-AAATGCAAA	STREME-17	2.6e-002	peak_85	12.42	tp	0
17-AAATGCAAA	STREME-17	2.6e-002	peak_504	12.42	tp	0
17-AAATGCAAA	STREME-17	2.6e-002	peak_854	12.42	tp	0
17-AAATGCAAA	STREME-17	2.6e-002	peak_120	12.42	tp	0
17-AAATGCAAA	STREME-17	2.6e-002	peak_615	12.42	tp	0
17-AAATGCAAA	STREME-17	2.6e-002	peak_737	12.42	tp	0
17-AAATGCAAA	STREME-17	2.6e-002	peak_406	12.42	tp	0
17-AAATGCAAA	STREME-17	2.6e-002	peak_734	12.42	tp	0
17-AAATGCAAA	STREME-17	2.6e-002	peak_753	12.42	tp	0
17-AAATGCAAA	STREME-17	2.6e-002	peak_852	12.42	tp	0
17-AAATGCAAA	STREME-17	2.6e-002	peak_687	12.42	fp	0
17-AAATGCAAA	STREME-17	2.6e-002	peak_213	12.42	fp	0
17-AAATGCAAA	STREME-17	2.6e-002	peak_261	12.19	tp	0
17-AAATGCAAA	STREME-17	2.6e-002	peak_242	12.19	tp	0
17-AAATGCAAA	STREME-17	2.6e-002	peak_432	12.19	tp	0
17-AAATGCAAA	STREME-17	2.6e-002	peak_352	12.19	tp	0
17-AAATGCAAA	STREME-17	2.6e-002	peak_441	12.19	tp	0
17-AAATGCAAA	STREME-17	2.6e-002	peak_297	12.19	tp	0
17-AAATGCAAA	STREME-17	2.6e-002	peak_99	12.19	tp	0
17-AAATGCAAA	STREME-17	2.6e-002	peak_317	12.19	tp	0
17-AAATGCAAA	STREME-17	2.6e-002	peak_293	12.19	tp	0
17-AAATGCAAA	STREME-17	2.6e-002	peak_432	12.19	fp	0
17-AAATGCAAA	STREME-17	2.6e-002	peak_716	12.19	fp	0
17-AAATGCAAA	STREME-17	2.6e-002	peak_225	12.19	tp	1
17-AAATGCAAA	STREME-17	2.6e-002	peak_539	12.19	tp	1
17-AAATGCAAA	STREME-17	2.6e-002	peak_315	12.19	fp	1
17-AAATGCAAA	STREME-17	2.6e-002	peak_841	12.02	tp	0
17-AAATGCAAA	STREME-17	2.6e-002	peak_479	12.02	tp	0
17-AAATGCAAA	STREME-17	2.6e-002	peak_669	12.02	tp	0
17-AAATGCAAA	STREME-17	2.6e-002	peak_51	12.02	tp	0
17-AAATGCAAA	STREME-17	2.6e-002	peak_559	12.02	tp	0
17-AAATGCAAA	STREME-17	2.6e-002	peak_4	12.02	tp	0
17-AAATGCAAA	STREME-17	2.6e-002	peak_803	12.02	tp	0
17-AAATGCAAA	STREME-17	2.6e-002	peak_563	12.02	tp	0
17-AAATGCAAA	STREME-17	2.6e-002	peak_123	12.02	tp	0
17-AAATGCAAA	STREME-17	2.6e-002	peak_519	12.02	tp	0
17-AAATGCAAA	STREME-17	2.6e-002	peak_146	12.02	tp	0
17-AAATGCAAA	STREME-17	2.6e-002	peak_779	12.02	fp	0
17-AAATGCAAA	STREME-17	2.6e-002	peak_472	12.02	fp	0
17-AAATGCAAA	STREME-17	2.6e-002	peak_66	12.02	fp	0
17-AAATGCAAA	STREME-17	2.6e-002	peak_558	12.02	fp	1
17-AAATGCAAA	STREME-17	2.6e-002	peak_786	11.97	tp	0
17-AAATGCAAA	STREME-17	2.6e-002	peak_748	11.97	tp	0
17-AAATGCAAA	STREME-17	2.6e-002	peak_759	11.97	tp	0
17-AAATGCAAA	STREME-17	2.6e-002	peak_213	11.97	tp	0
17-AAATGCAAA	STREME-17	2.6e-002	peak_327	11.97	tp	0
17-AAATGCAAA	STREME-17	2.6e-002	peak_549	11.97	tp	0
17-AAATGCAAA	STREME-17	2.6e-002	peak_692	11.97	tp	0
17-AAATGCAAA	STREME-17	2.6e-002	peak_518	11.97	tp	0
17-AAATGCAAA	STREME-17	2.6e-002	peak_566	11.97	tp	0
17-AAATGCAAA	STREME-17	2.6e-002	peak_783	11.97	tp	0
17-AAATGCAAA	STREME-17	2.6e-002	peak_641	11.97	tp	0
17-AAATGCAAA	STREME-17	2.6e-002	peak_361	11.97	tp	0
17-AAATGCAAA	STREME-17	2.6e-002	peak_321	11.97	tp	0
17-AAATGCAAA	STREME-17	2.6e-002	peak_367	11.97	fp	0
17-AAATGCAAA	STREME-17	2.6e-002	peak_358	11.97	fp	0
17-AAATGCAAA	STREME-17	2.6e-002	peak_438	11.97	fp	0
17-AAATGCAAA	STREME-17	2.6e-002	peak_26	11.97	fp	0
17-AAATGCAAA	STREME-17	2.6e-002	peak_494	11.87	tp	0
17-AAATGCAAA	STREME-17	2.6e-002	peak_114	11.87	tp	0
17-AAATGCAAA	STREME-17	2.6e-002	peak_110	11.87	tp	0
17-AAATGCAAA	STREME-17	2.6e-002	peak_35	11.87	tp	0
17-AAATGCAAA	STREME-17	2.6e-002	peak_577	11.87	tp	0
17-AAATGCAAA	STREME-17	2.6e-002	peak_751	11.87	tp	0
17-AAATGCAAA	STREME-17	2.6e-002	peak_197	11.87	tp	0
17-AAATGCAAA	STREME-17	2.6e-002	peak_626	11.87	tp	0
17-AAATGCAAA	STREME-17	2.6e-002	peak_712	11.87	tp	0
17-AAATGCAAA	STREME-17	2.6e-002	peak_423	11.87	tp	0
17-AAATGCAAA	STREME-17	2.6e-002	peak_425	11.87	tp	0
17-AAATGCAAA	STREME-17	2.6e-002	peak_485	11.87	tp	0
17-AAATGCAAA	STREME-17	2.6e-002	peak_598	11.87	tp	0
17-AAATGCAAA	STREME-17	2.6e-002	peak_862	11.87	tp	0
17-AAATGCAAA	STREME-17	2.6e-002	peak_322	11.87	tp	0
17-AAATGCAAA	STREME-17	2.6e-002	peak_789	11.87	fp	0
17-AAATGCAAA	STREME-17	2.6e-002	peak_261	11.87	fp	0
17-AAATGCAAA	STREME-17	2.6e-002	peak_811	11.87	fp	0
17-AAATGCAAA	STREME-17	2.6e-002	peak_569	11.87	fp	0
17-AAATGCAAA	STREME-17	2.6e-002	peak_663	11.87	fp	0
17-AAATGCAAA	STREME-17	2.6e-002	peak_27	11.87	fp	0
17-AAATGCAAA	STREME-17	2.6e-002	peak_150	11.87	fp	0
17-AAATGCAAA	STREME-17	2.6e-002	peak_823	11.73	tp	0
17-AAATGCAAA	STREME-17	2.6e-002	peak_870	11.73	tp	0
17-AAATGCAAA	STREME-17	2.6e-002	peak_491	11.73	tp	0
17-AAATGCAAA	STREME-17	2.6e-002	peak_663	11.73	tp	0
17-AAATGCAAA	STREME-17	2.6e-002	peak_778	11.73	tp	0
17-AAATGCAAA	STREME-17	2.6e-002	peak_10	11.73	tp	0
17-AAATGCAAA	STREME-17	2.6e-002	peak_286	11.73	tp	0
17-AAATGCAAA	STREME-17	2.6e-002	peak_320	11.73	tp	0
17-AAATGCAAA	STREME-17	2.6e-002	peak_477	11.73	tp	0
17-AAATGCAAA	STREME-17	2.6e-002	peak_111	11.73	tp	0
17-AAATGCAAA	STREME-17	2.6e-002	peak_396	11.73	tp	0
17-AAATGCAAA	STREME-17	2.6e-002	peak_513	11.73	tp	0
17-AAATGCAAA	STREME-17	2.6e-002	peak_149	11.73	tp	0
17-AAATGCAAA	STREME-17	2.6e-002	peak_291	11.73	tp	0
17-AAATGCAAA	STREME-17	2.6e-002	peak_386	11.73	tp	0
17-AAATGCAAA	STREME-17	2.6e-002	peak_74	11.73	tp	0
17-AAATGCAAA	STREME-17	2.6e-002	peak_548	11.73	tp	0
17-AAATGCAAA	STREME-17	2.6e-002	peak_544	11.73	tp	0
17-AAATGCAAA	STREME-17	2.6e-002	peak_276	11.73	tp	0
17-AAATGCAAA	STREME-17	2.6e-002	peak_115	11.73	tp	0
17-AAATGCAAA	STREME-17	2.6e-002	peak_395	11.73	tp	0
17-AAATGCAAA	STREME-17	2.6e-002	peak_811	11.73	tp	0
17-AAATGCAAA	STREME-17	2.6e-002	peak_302	11.73	tp	0
17-AAATGCAAA	STREME-17	2.6e-002	peak_685	11.73	tp	0
17-AAATGCAAA	STREME-17	2.6e-002	peak_496	11.73	tp	0
17-AAATGCAAA	STREME-17	2.6e-002	peak_640	11.73	tp	0
17-AAATGCAAA	STREME-17	2.6e-002	peak_507	11.73	tp	0
17-AAATGCAAA	STREME-17	2.6e-002	peak_628	11.73	tp	0
17-AAATGCAAA	STREME-17	2.6e-002	peak_510	11.73	tp	0
17-AAATGCAAA	STREME-17	2.6e-002	peak_86	11.73	fp	0
17-AAATGCAAA	STREME-17	2.6e-002	peak_356	11.73	fp	0
17-AAATGCAAA	STREME-17	2.6e-002	peak_644	11.73	fp	0
17-AAATGCAAA	STREME-17	2.6e-002	peak_775	11.73	fp	0
17-AAATGCAAA	STREME-17	2.6e-002	peak_352	11.73	fp	0
17-AAATGCAAA	STREME-17	2.6e-002	peak_99	11.73	fp	0
17-AAATGCAAA	STREME-17	2.6e-002	peak_748	11.73	fp	0
17-AAATGCAAA	STREME-17	2.6e-002	peak_734	11.73	fp	0
17-AAATGCAAA	STREME-17	2.6e-002	peak_467	11.73	fp	0
17-AAATGCAAA	STREME-17	2.6e-002	peak_831	11.73	fp	0
17-AAATGCAAA	STREME-17	2.6e-002	peak_724	11.73	fp	0
17-AAATGCAAA	STREME-17	2.6e-002	peak_204	11.73	fp	0
17-AAATGCAAA	STREME-17	2.6e-002	peak_681	11.73	tp	1
17-AAATGCAAA	STREME-17	2.6e-002	peak_401	11.73	tp	1
17-AAATGCAAA	STREME-17	2.6e-002	peak_381	11.73	tp	1
17-AAATGCAAA	STREME-17	2.6e-002	peak_244	11.73	fp	1
17-AAATGCAAA	STREME-17	2.6e-002	peak_809	11.64	tp	0
17-AAATGCAAA	STREME-17	2.6e-002	peak_568	11.64	tp	0
17-AAATGCAAA	STREME-17	2.6e-002	peak_643	11.64	tp	0
17-AAATGCAAA	STREME-17	2.6e-002	peak_725	11.64	tp	0
17-AAATGCAAA	STREME-17	2.6e-002	peak_281	11.64	tp	0
17-AAATGCAAA	STREME-17	2.6e-002	peak_266	11.64	tp	0
17-AAATGCAAA	STREME-17	2.6e-002	peak_701	11.64	tp	0
17-AAATGCAAA	STREME-17	2.6e-002	peak_452	11.64	tp	0
17-AAATGCAAA	STREME-17	2.6e-002	peak_301	11.64	tp	0
17-AAATGCAAA	STREME-17	2.6e-002	peak_673	11.64	tp	0
17-AAATGCAAA	STREME-17	2.6e-002	peak_3	11.64	tp	0
17-AAATGCAAA	STREME-17	2.6e-002	peak_729	11.64	tp	0
17-AAATGCAAA	STREME-17	2.6e-002	peak_527	11.64	tp	0
17-AAATGCAAA	STREME-17	2.6e-002	peak_444	11.64	tp	0
17-AAATGCAAA	STREME-17	2.6e-002	peak_597	11.64	tp	0
17-AAATGCAAA	STREME-17	2.6e-002	peak_152	11.64	fp	0
17-AAATGCAAA	STREME-17	2.6e-002	peak_654	11.64	fp	0
17-AAATGCAAA	STREME-17	2.6e-002	peak_248	11.64	fp	0
17-AAATGCAAA	STREME-17	2.6e-002	peak_665	11.64	fp	0
17-AAATGCAAA	STREME-17	2.6e-002	peak_717	11.64	tp	1
17-AAATGCAAA	STREME-17	2.6e-002	peak_521	11.64	tp	1
17-AAATGCAAA	STREME-17	2.6e-002	peak_82	11.64	tp	1
17-AAATGCAAA	STREME-17	2.6e-002	peak_315	11.64	tp	1
17-AAATGCAAA	STREME-17	2.6e-002	peak_194	11.64	fp	1
17-AAATGCAAA	STREME-17	2.6e-002	peak_274	11.57	tp	0
17-AAATGCAAA	STREME-17	2.6e-002	peak_706	11.57	tp	0
17-AAATGCAAA	STREME-17	2.6e-002	peak_500	11.57	tp	0
17-AAATGCAAA	STREME-17	2.6e-002	peak_353	11.57	tp	0
17-AAATGCAAA	STREME-17	2.6e-002	peak_859	11.57	tp	0
17-AAATGCAAA	STREME-17	2.6e-002	peak_721	11.57	tp	0
17-AAATGCAAA	STREME-17	2.6e-002	peak_675	11.57	tp	0
17-AAATGCAAA	STREME-17	2.6e-002	peak_740	11.57	tp	0
17-AAATGCAAA	STREME-17	2.6e-002	peak_333	11.57	fp	0
17-AAATGCAAA	STREME-17	2.6e-002	peak_793	11.57	fp	0
17-AAATGCAAA	STREME-17	2.6e-002	peak_645	11.57	fp	0
17-AAATGCAAA	STREME-17	2.6e-002	peak_794	11.19	tp	0
17-AAATGCAAA	STREME-17	2.6e-002	peak_573	11.19	tp	0
17-AAATGCAAA	STREME-17	2.6e-002	peak_329	11.19	tp	0
17-AAATGCAAA	STREME-17	2.6e-002	peak_176	11.19	tp	0
17-AAATGCAAA	STREME-17	2.6e-002	peak_802	11.19	tp	0
17-AAATGCAAA	STREME-17	2.6e-002	peak_245	11.19	tp	0
17-AAATGCAAA	STREME-17	2.6e-002	peak_466	11.19	tp	0
17-AAATGCAAA	STREME-17	2.6e-002	peak_342	11.19	tp	0
17-AAATGCAAA	STREME-17	2.6e-002	peak_683	11.19	tp	0
17-AAATGCAAA	STREME-17	2.6e-002	peak_804	11.19	fp	0
17-AAATGCAAA	STREME-17	2.6e-002	peak_673	11.19	fp	0
17-AAATGCAAA	STREME-17	2.6e-002	peak_826	11.19	fp	0
17-AAATGCAAA	STREME-17	2.6e-002	peak_535	11.19	fp	1
17-AAATGCAAA	STREME-17	2.6e-002	peak_694	11.19	fp	1
17-AAATGCAAA	STREME-17	2.6e-002	peak_763	11.10	tp	0
17-AAATGCAAA	STREME-17	2.6e-002	peak_705	11.10	tp	0
17-AAATGCAAA	STREME-17	2.6e-002	peak_449	11.10	tp	0
17-AAATGCAAA	STREME-17	2.6e-002	peak_81	11.10	tp	0
17-AAATGCAAA	STREME-17	2.6e-002	peak_377	11.10	tp	0
17-AAATGCAAA	STREME-17	2.6e-002	peak_727	11.10	tp	0
17-AAATGCAAA	STREME-17	2.6e-002	peak_864	11.10	fp	0
17-AAATGCAAA	STREME-17	2.6e-002	peak_632	11.10	fp	0
17-AAATGCAAA	STREME-17	2.6e-002	peak_638	11.10	tp	1
17-AAATGCAAA	STREME-17	2.6e-002	peak_188	11.10	tp	1
17-AAATGCAAA	STREME-17	2.6e-002	peak_546	11.10	tp	1
17-AAATGCAAA	STREME-17	2.6e-002	peak_108	11.10	fp	1
17-AAATGCAAA	STREME-17	2.6e-002	peak_749	11.08	tp	0
17-AAATGCAAA	STREME-17	2.6e-002	peak_695	11.08	tp	0
17-AAATGCAAA	STREME-17	2.6e-002	peak_777	11.08	tp	0
17-AAATGCAAA	STREME-17	2.6e-002	peak_676	11.08	tp	0
17-AAATGCAAA	STREME-17	2.6e-002	peak_788	11.08	tp	0
17-AAATGCAAA	STREME-17	2.6e-002	peak_541	11.08	tp	0
17-AAATGCAAA	STREME-17	2.6e-002	peak_523	11.08	tp	0
17-AAATGCAAA	STREME-17	2.6e-002	peak_565	11.08	fp	0
17-AAATGCAAA	STREME-17	2.6e-002	peak_777	11.08	fp	0
17-AAATGCAAA	STREME-17	2.6e-002	peak_609	11.08	fp	1
17-AAATGCAAA	STREME-17	2.6e-002	peak_489	10.69	tp	0
17-AAATGCAAA	STREME-17	2.6e-002	peak_325	10.69	tp	0
17-AAATGCAAA	STREME-17	2.6e-002	peak_421	10.69	tp	0
17-AAATGCAAA	STREME-17	2.6e-002	peak_512	10.69	tp	0
17-AAATGCAAA	STREME-17	2.6e-002	peak_41	10.69	tp	0
17-AAATGCAAA	STREME-17	2.6e-002	peak_814	10.69	tp	0
17-AAATGCAAA	STREME-17	2.6e-002	peak_848	10.69	tp	0
17-AAATGCAAA	STREME-17	2.6e-002	peak_460	10.69	tp	0
17-AAATGCAAA	STREME-17	2.6e-002	peak_257	10.69	tp	0
17-AAATGCAAA	STREME-17	2.6e-002	peak_815	10.69	tp	0
17-AAATGCAAA	STREME-17	2.6e-002	peak_747	10.69	fp	0
17-AAATGCAAA	STREME-17	2.6e-002	peak_112	10.69	fp	0
17-AAATGCAAA	STREME-17	2.6e-002	peak_444	10.69	fp	0
17-AAATGCAAA	STREME-17	2.6e-002	peak_764	10.69	fp	0
17-AAATGCAAA	STREME-17	2.6e-002	peak_121	10.69	fp	0
17-AAATGCAAA	STREME-17	2.6e-002	peak_703	10.69	fp	1
17-AAATGCAAA	STREME-17	2.6e-002	peak_24	10.67	tp	0
17-AAATGCAAA	STREME-17	2.6e-002	peak_457	10.67	tp	0
17-AAATGCAAA	STREME-17	2.6e-002	peak_306	10.67	tp	0
17-AAATGCAAA	STREME-17	2.6e-002	peak_184	10.67	tp	0
17-AAATGCAAA	STREME-17	2.6e-002	peak_595	10.67	fp	0
17-AAATGCAAA	STREME-17	2.6e-002	peak_15	10.67	fp	0
17-AAATGCAAA	STREME-17	2.6e-002	peak_825	10.67	tp	1
17-AAATGCAAA	STREME-17	2.6e-002	peak_684	10.61	tp	0
17-AAATGCAAA	STREME-17	2.6e-002	peak_91	10.61	tp	0
17-AAATGCAAA	STREME-17	2.6e-002	peak_16	10.61	tp	0
17-AAATGCAAA	STREME-17	2.6e-002	peak_215	10.61	tp	0
17-AAATGCAAA	STREME-17	2.6e-002	peak_212	10.61	tp	0
17-AAATGCAAA	STREME-17	2.6e-002	peak_696	10.61	tp	0
17-AAATGCAAA	STREME-17	2.6e-002	peak_493	10.61	tp	0
17-AAATGCAAA	STREME-17	2.6e-002	peak_845	10.61	fp	0
17-AAATGCAAA	STREME-17	2.6e-002	peak_185	10.61	fp	0
17-AAATGCAAA	STREME-17	2.6e-002	peak_11	10.61	fp	0
17-AAATGCAAA	STREME-17	2.6e-002	peak_184	10.61	fp	0
17-AAATGCAAA	STREME-17	2.6e-002	peak_174	10.61	tp	1
17-AAATGCAAA	STREME-17	2.6e-002	peak_309	10.30	tp	0
17-AAATGCAAA	STREME-17	2.6e-002	peak_157	10.30	tp	0
17-AAATGCAAA	STREME-17	2.6e-002	peak_511	10.30	tp	0
17-AAATGCAAA	STREME-17	2.6e-002	peak_49	10.30	tp	0
17-AAATGCAAA	STREME-17	2.6e-002	peak_83	10.30	tp	0
17-AAATGCAAA	STREME-17	2.6e-002	peak_631	10.30	fp	0
17-AAATGCAAA	STREME-17	2.6e-002	peak_332	10.30	tp	1
17-AAATGCAAA	STREME-17	2.6e-002	peak_437	9.52	tp	0
17-AAATGCAAA	STREME-17	2.6e-002	peak_248	9.52	tp	0
17-AAATGCAAA	STREME-17	2.6e-002	peak_414	9.52	tp	0
17-AAATGCAAA	STREME-17	2.6e-002	peak_567	9.52	tp	0
17-AAATGCAAA	STREME-17	2.6e-002	peak_2	9.52	fp	0
17-AAATGCAAA	STREME-17	2.6e-002	peak_71	9.52	fp	0
17-AAATGCAAA	STREME-17	2.6e-002	peak_522	9.52	tp	1
17-AAATGCAAA	STREME-17	2.6e-002	peak_601	9.52	tp	1
17-AAATGCAAA	STREME-17	2.6e-002	peak_133	9.52	tp	1
17-AAATGCAAA	STREME-17	2.6e-002	peak_140	9.28	tp	0
17-AAATGCAAA	STREME-17	2.6e-002	peak_44	9.28	tp	0
17-AAATGCAAA	STREME-17	2.6e-002	peak_535	9.28	tp	0
17-AAATGCAAA	STREME-17	2.6e-002	peak_668	9.28	tp	0
17-AAATGCAAA	STREME-17	2.6e-002	peak_290	9.28	tp	0
17-AAATGCAAA	STREME-17	2.6e-002	peak_185	9.28	tp	0
17-AAATGCAAA	STREME-17	2.6e-002	peak_54	9.28	tp	0
17-AAATGCAAA	STREME-17	2.6e-002	peak_574	9.28	tp	0
17-AAATGCAAA	STREME-17	2.6e-002	peak_308	9.28	tp	0
17-AAATGCAAA	STREME-17	2.6e-002	peak_561	9.28	tp	0
17-AAATGCAAA	STREME-17	2.6e-002	peak_442	9.28	tp	0
17-AAATGCAAA	STREME-17	2.6e-002	peak_801	9.28	tp	0
17-AAATGCAAA	STREME-17	2.6e-002	peak_668	9.28	fp	0
17-AAATGCAAA	STREME-17	2.6e-002	peak_865	9.28	fp	0
17-AAATGCAAA	STREME-17	2.6e-002	peak_175	9.28	fp	0
17-AAATGCAAA	STREME-17	2.6e-002	peak_752	9.28	tp	1
17-AAATGCAAA	STREME-17	2.6e-002	peak_654	9.11	tp	0
17-AAATGCAAA	STREME-17	2.6e-002	peak_86	9.11	tp	0
17-AAATGCAAA	STREME-17	2.6e-002	peak_72	9.11	tp	0
17-AAATGCAAA	STREME-17	2.6e-002	peak_865	9.11	tp	0
17-AAATGCAAA	STREME-17	2.6e-002	peak_804	9.11	tp	0
17-AAATGCAAA	STREME-17	2.6e-002	peak_617	9.11	tp	0
17-AAATGCAAA	STREME-17	2.6e-002	peak_150	9.11	tp	0
17-AAATGCAAA	STREME-17	2.6e-002	peak_194	9.11	tp	0
17-AAATGCAAA	STREME-17	2.6e-002	peak_708	9.11	fp	0
17-AAATGCAAA	STREME-17	2.6e-002	peak_580	9.11	fp	1
17-AAATGCAAA	STREME-17	2.6e-002	peak_196	9.06	tp	0
17-AAATGCAAA	STREME-17	2.6e-002	peak_438	9.06	tp	0
17-AAATGCAAA	STREME-17	2.6e-002	peak_200	9.06	tp	0
17-AAATGCAAA	STREME-17	2.6e-002	peak_119	9.06	tp	0
17-AAATGCAAA	STREME-17	2.6e-002	peak_499	9.06	tp	0
17-AAATGCAAA	STREME-17	2.6e-002	peak_679	9.06	tp	0
17-AAATGCAAA	STREME-17	2.6e-002	peak_59	9.06	tp	0
17-AAATGCAAA	STREME-17	2.6e-002	peak_631	9.06	tp	0
17-AAATGCAAA	STREME-17	2.6e-002	peak_90	9.06	tp	0
17-AAATGCAAA	STREME-17	2.6e-002	peak_435	9.06	tp	0
17-AAATGCAAA	STREME-17	2.6e-002	peak_126	9.06	tp	0
17-AAATGCAAA	STREME-17	2.6e-002	peak_624	9.06	tp	0
17-AAATGCAAA	STREME-17	2.6e-002	peak_543	9.06	fp	0
17-AAATGCAAA	STREME-17	2.6e-002	peak_740	9.06	fp	0
17-AAATGCAAA	STREME-17	2.6e-002	peak_324	9.06	fp	0
17-AAATGCAAA	STREME-17	2.6e-002	peak_429	9.06	fp	0
17-AAATGCAAA	STREME-17	2.6e-002	peak_411	9.06	fp	0
17-AAATGCAAA	STREME-17	2.6e-002	peak_538	9.06	fp	0
#
18-CCGCCA	STREME-18	2.7e-002	peak_334	12.79	tp	0
18-CCGCCA	STREME-18	2.7e-002	peak_89	12.79	tp	0
18-CCGCCA	STREME-18	2.7e-002	peak_670	12.79	tp	0
18-CCGCCA	STREME-18	2.7e-002	peak_147	12.79	tp	0
18-CCGCCA	STREME-18	2.7e-002	peak_823	12.79	tp	0
18-CCGCCA	STREME-18	2.7e-002	peak_114	12.79	tp	0
18-CCGCCA	STREME-18	2.7e-002	peak_861	12.79	tp	0
18-CCGCCA	STREME-18	2.7e-002	peak_759	12.79	tp	0
18-CCGCCA	STREME-18	2.7e-002	peak_394	12.79	tp	0
18-CCGCCA	STREME-18	2.7e-002	peak_222	12.79	tp	0
18-CCGCCA	STREME-18	2.7e-002	peak_345	12.79	tp	0
18-CCGCCA	STREME-18	2.7e-002	peak_620	12.79	tp	0
18-CCGCCA	STREME-18	2.7e-002	peak_65	12.79	tp	0
18-CCGCCA	STREME-18	2.7e-002	peak_410	12.79	tp	0
18-CCGCCA	STREME-18	2.7e-002	peak_660	12.79	tp	0
18-CCGCCA	STREME-18	2.7e-002	peak_369	12.79	tp	0
18-CCGCCA	STREME-18	2.7e-002	peak_432	12.79	tp	0
18-CCGCCA	STREME-18	2.7e-002	peak_244	12.79	tp	0
18-CCGCCA	STREME-18	2.7e-002	peak_822	12.79	tp	0
18-CCGCCA	STREME-18	2.7e-002	peak_756	12.79	tp	0
18-CCGCCA	STREME-18	2.7e-002	peak_6	12.79	tp	0
18-CCGCCA	STREME-18	2.7e-002	peak_764	12.79	tp	0
18-CCGCCA	STREME-18	2.7e-002	peak_75	12.79	tp	0
18-CCGCCA	STREME-18	2.7e-002	peak_631	12.79	tp	0
18-CCGCCA	STREME-18	2.7e-002	peak_701	12.79	tp	0
18-CCGCCA	STREME-18	2.7e-002	peak_755	12.79	tp	0
18-CCGCCA	STREME-18	2.7e-002	peak_863	12.79	tp	0
18-CCGCCA	STREME-18	2.7e-002	peak_379	12.79	tp	0
18-CCGCCA	STREME-18	2.7e-002	peak_8	12.79	tp	0
18-CCGCCA	STREME-18	2.7e-002	peak_409	12.79	tp	0
18-CCGCCA	STREME-18	2.7e-002	peak_48	12.79	tp	0
18-CCGCCA	STREME-18	2.7e-002	peak_812	12.79	tp	0
18-CCGCCA	STREME-18	2.7e-002	peak_124	12.79	tp	0
18-CCGCCA	STREME-18	2.7e-002	peak_134	12.79	tp	0
18-CCGCCA	STREME-18	2.7e-002	peak_297	12.79	tp	0
18-CCGCCA	STREME-18	2.7e-002	peak_513	12.79	tp	0
18-CCGCCA	STREME-18	2.7e-002	peak_708	12.79	tp	0
18-CCGCCA	STREME-18	2.7e-002	peak_235	12.79	tp	0
18-CCGCCA	STREME-18	2.7e-002	peak_574	12.79	tp	0
18-CCGCCA	STREME-18	2.7e-002	peak_356	12.79	tp	0
18-CCGCCA	STREME-18	2.7e-002	peak_230	12.79	tp	0
18-CCGCCA	STREME-18	2.7e-002	peak_673	12.79	tp	0
18-CCGCCA	STREME-18	2.7e-002	peak_149	12.79	tp	0
18-CCGCCA	STREME-18	2.7e-002	peak_560	12.79	tp	0
18-CCGCCA	STREME-18	2.7e-002	peak_814	12.79	tp	0
18-CCGCCA	STREME-18	2.7e-002	peak_712	12.79	tp	0
18-CCGCCA	STREME-18	2.7e-002	peak_805	12.79	tp	0
18-CCGCCA	STREME-18	2.7e-002	peak_850	12.79	tp	0
18-CCGCCA	STREME-18	2.7e-002	peak_776	12.79	tp	0
18-CCGCCA	STREME-18	2.7e-002	peak_3	12.79	tp	0
18-CCGCCA	STREME-18	2.7e-002	peak_74	12.79	tp	0
18-CCGCCA	STREME-18	2.7e-002	peak_848	12.79	tp	0
18-CCGCCA	STREME-18	2.7e-002	peak_492	12.79	tp	0
18-CCGCCA	STREME-18	2.7e-002	peak_575	12.79	tp	0
18-CCGCCA	STREME-18	2.7e-002	peak_502	12.79	tp	0
18-CCGCCA	STREME-18	2.7e-002	peak_151	12.79	tp	0
18-CCGCCA	STREME-18	2.7e-002	peak_276	12.79	tp	0
18-CCGCCA	STREME-18	2.7e-002	peak_811	12.79	tp	0
18-CCGCCA	STREME-18	2.7e-002	peak_561	12.79	tp	0
18-CCGCCA	STREME-18	2.7e-002	peak_317	12.79	tp	0
18-CCGCCA	STREME-18	2.7e-002	peak_646	12.79	tp	0
18-CCGCCA	STREME-18	2.7e-002	peak_783	12.79	tp	0
18-CCGCCA	STREME-18	2.7e-002	peak_179	12.79	tp	0
18-CCGCCA	STREME-18	2.7e-002	peak_184	12.79	tp	0
18-CCGCCA	STREME-18	2.7e-002	peak_726	12.79	tp	0
18-CCGCCA	STREME-18	2.7e-002	peak_622	12.79	tp	0
18-CCGCCA	STREME-18	2.7e-002	peak_496	12.79	tp	0
18-CCGCCA	STREME-18	2.7e-002	peak_169	12.79	tp	0
18-CCGCCA	STREME-18	2.7e-002	peak_537	12.79	tp	0
18-CCGCCA	STREME-18	2.7e-002	peak_671	12.79	tp	0
18-CCGCCA	STREME-18	2.7e-002	peak_333	12.79	tp	0
18-CCGCCA	STREME-18	2.7e-002	peak_231	12.79	tp	0
18-CCGCCA	STREME-18	2.7e-002	peak_801	12.79	tp	0
18-CCGCCA	STREME-18	2.7e-002	peak_275	12.79	tp	0
18-CCGCCA	STREME-18	2.7e-002	peak_330	12.79	tp	0
18-CCGCCA	STREME-18	2.7e-002	peak_727	12.79	tp	0
18-CCGCCA	STREME-18	2.7e-002	peak_299	12.79	tp	0
18-CCGCCA	STREME-18	2.7e-002	peak_639	12.79	tp	0
18-CCGCCA	STREME-18	2.7e-002	peak_350	12.79	tp	0
18-CCGCCA	STREME-18	2.7e-002	peak_463	12.79	tp	0
18-CCGCCA	STREME-18	2.7e-002	peak_485	12.79	tp	0
18-CCGCCA	STREME-18	2.7e-002	peak_813	12.79	tp	0
18-CCGCCA	STREME-18	2.7e-002	peak_852	12.79	tp	0
18-CCGCCA	STREME-18	2.7e-002	peak_322	12.79	tp	0
18-CCGCCA	STREME-18	2.7e-002	peak_42	12.79	fp	0
18-CCGCCA	STREME-18	2.7e-002	peak_333	12.79	fp	0
18-CCGCCA	STREME-18	2.7e-002	peak_710	12.79	fp	0
18-CCGCCA	STREME-18	2.7e-002	peak_747	12.79	fp	0
18-CCGCCA	STREME-18	2.7e-002	peak_720	12.79	fp	0
18-CCGCCA	STREME-18	2.7e-002	peak_459	12.79	fp	0
18-CCGCCA	STREME-18	2.7e-002	peak_811	12.79	fp	0
18-CCGCCA	STREME-18	2.7e-002	peak_750	12.79	fp	0
18-CCGCCA	STREME-18	2.7e-002	peak_729	12.79	fp	0
18-CCGCCA	STREME-18	2.7e-002	peak_776	12.79	fp	0
18-CCGCCA	STREME-18	2.7e-002	peak_92	12.79	fp	0
18-CCGCCA	STREME-18	2.7e-002	peak_454	12.79	fp	0
18-CCGCCA	STREME-18	2.7e-002	peak_497	12.79	fp	0
18-CCGCCA	STREME-18	2.7e-002	peak_565	12.79	fp	0
18-CCGCCA	STREME-18	2.7e-002	peak_775	12.79	fp	0
18-CCGCCA	STREME-18	2.7e-002	peak_235	12.79	fp	0
18-CCGCCA	STREME-18	2.7e-002	peak_363	12.79	fp	0
18-CCGCCA	STREME-18	2.7e-002	peak_41	12.79	fp	0
18-CCGCCA	STREME-18	2.7e-002	peak_171	12.79	fp	0
18-CCGCCA	STREME-18	2.7e-002	peak_832	12.79	fp	0
18-CCGCCA	STREME-18	2.7e-002	peak_550	12.79	fp	0
18-CCGCCA	STREME-18	2.7e-002	peak_792	12.79	fp	0
18-CCGCCA	STREME-18	2.7e-002	peak_625	12.79	fp	0
18-CCGCCA	STREME-18	2.7e-002	peak_518	12.79	fp	0
18-CCGCCA	STREME-18	2.7e-002	peak_184	12.79	fp	0
18-CCGCCA	STREME-18	2.7e-002	peak_805	12.79	fp	0
18-CCGCCA	STREME-18	2.7e-002	peak_753	12.79	fp	0
18-CCGCCA	STREME-18	2.7e-002	peak_672	12.79	fp	0
18-CCGCCA	STREME-18	2.7e-002	peak_255	12.79	fp	0
18-CCGCCA	STREME-18	2.7e-002	peak_143	12.79	fp	0
18-CCGCCA	STREME-18	2.7e-002	peak_738	12.79	fp	0
18-CCGCCA	STREME-18	2.7e-002	peak_681	12.79	tp	1
18-CCGCCA	STREME-18	2.7e-002	peak_521	12.79	tp	1
18-CCGCCA	STREME-18	2.7e-002	peak_225	12.79	tp	1
18-CCGCCA	STREME-18	2.7e-002	peak_827	12.79	tp	1
18-CCGCCA	STREME-18	2.7e-002	peak_174	12.79	tp	1
18-CCGCCA	STREME-18	2.7e-002	peak_401	12.79	tp	1
18-CCGCCA	STREME-18	2.7e-002	peak_724	12.79	tp	1
18-CCGCCA	STREME-18	2.7e-002	peak_262	12.79	tp	1
18-CCGCCA	STREME-18	2.7e-002	peak_689	12.79	tp	1
18-CCGCCA	STREME-18	2.7e-002	peak_188	12.79	tp	1
18-CCGCCA	STREME-18	2.7e-002	peak_332	12.79	tp	1
18-CCGCCA	STREME-18	2.7e-002	peak_571	12.79	tp	1
18-CCGCCA	STREME-18	2.7e-002	peak_182	12.79	tp	1
18-CCGCCA	STREME-18	2.7e-002	peak_458	12.79	tp	1
18-CCGCCA	STREME-18	2.7e-002	peak_546	12.79	tp	1
18-CCGCCA	STREME-18	2.7e-002	peak_133	12.79	tp	1
18-CCGCCA	STREME-18	2.7e-002	peak_768	12.79	tp	1
18-CCGCCA	STREME-18	2.7e-002	peak_381	12.79	tp	1
18-CCGCCA	STREME-18	2.7e-002	peak_208	12.79	fp	1
18-CCGCCA	STREME-18	2.7e-002	peak_652	12.79	fp	1
18-CCGCCA	STREME-18	2.7e-002	peak_487	12.79	fp	1
18-CCGCCA	STREME-18	2.7e-002	peak_396	12.79	fp	1
18-CCGCCA	STREME-18	2.7e-002	peak_60	12.79	fp	1
18-CCGCCA	STREME-18	2.7e-002	peak_19	12.79	fp	1
18-CCGCCA	STREME-18	2.7e-002	peak_846	12.79	fp	1
18-CCGCCA	STREME-18	2.7e-002	peak_637	12.79	fp	1
#
19-RCTATCGATADC	STREME-19	2.9e-002	peak_541	19.32	tp	0
19-RCTATCGATADC	STREME-19	2.9e-002	peak_156	18.59	tp	0
19-RCTATCGATADC	STREME-19	2.9e-002	peak_505	18.59	tp	0
19-RCTATCGATADC	STREME-19	2.9e-002	peak_362	18.59	tp	0
19-RCTATCGATADC	STREME-19	2.9e-002	peak_575	17.74	tp	0
19-RCTATCGATADC	STREME-19	2.9e-002	peak_117	17.74	tp	0
19-RCTATCGATADC	STREME-19	2.9e-002	peak_359	17.74	tp	1
19-RCTATCGATADC	STREME-19	2.9e-002	peak_260	17.34	tp	0
19-RCTATCGATADC	STREME-19	2.9e-002	peak_807	17.01	tp	0
19-RCTATCGATADC	STREME-19	2.9e-002	peak_418	17.01	tp	1
19-RCTATCGATADC	STREME-19	2.9e-002	peak_859	16.58	tp	0
19-RCTATCGATADC	STREME-19	2.9e-002	peak_99	16.35	tp	0
19-RCTATCGATADC	STREME-19	2.9e-002	peak_655	16.35	tp	0
19-RCTATCGATADC	STREME-19	2.9e-002	peak_8	16.24	tp	0
19-RCTATCGATADC	STREME-19	2.9e-002	peak_454	16.24	tp	0
19-RCTATCGATADC	STREME-19	2.9e-002	peak_195	16.20	tp	0
19-RCTATCGATADC	STREME-19	2.9e-002	peak_466	16.05	tp	0
19-RCTATCGATADC	STREME-19	2.9e-002	peak_71	16.05	fp	0
19-RCTATCGATADC	STREME-19	2.9e-002	peak_805	16.01	tp	0
19-RCTATCGATADC	STREME-19	2.9e-002	peak_256	15.62	tp	0
19-RCTATCGATADC	STREME-19	2.9e-002	peak_175	15.53	tp	0
19-RCTATCGATADC	STREME-19	2.9e-002	peak_713	15.20	tp	0
19-RCTATCGATADC	STREME-19	2.9e-002	peak_259	15.20	tp	0
19-RCTATCGATADC	STREME-19	2.9e-002	peak_545	15.09	tp	0
19-RCTATCGATADC	STREME-19	2.9e-002	peak_651	15.05	tp	0
19-RCTATCGATADC	STREME-19	2.9e-002	peak_88	15.05	tp	0
19-RCTATCGATADC	STREME-19	2.9e-002	peak_775	15.03	tp	0
19-RCTATCGATADC	STREME-19	2.9e-002	peak_529	14.96	tp	0
19-RCTATCGATADC	STREME-19	2.9e-002	peak_227	14.95	tp	1
19-RCTATCGATADC	STREME-19	2.9e-002	peak_742	14.92	tp	0
19-RCTATCGATADC	STREME-19	2.9e-002	peak_390	14.92	tp	0
19-RCTATCGATADC	STREME-19	2.9e-002	peak_405	14.84	tp	0
19-RCTATCGATADC	STREME-19	2.9e-002	peak_651	14.82	fp	0
19-RCTATCGATADC	STREME-19	2.9e-002	peak_486	14.77	tp	0
19-RCTATCGATADC	STREME-19	2.9e-002	peak_93	14.70	tp	0
19-RCTATCGATADC	STREME-19	2.9e-002	peak_37	14.70	tp	0
19-RCTATCGATADC	STREME-19	2.9e-002	peak_825	14.66	tp	1
19-RCTATCGATADC	STREME-19	2.9e-002	peak_64	14.63	tp	0
19-RCTATCGATADC	STREME-19	2.9e-002	peak_275	14.62	tp	0
19-RCTATCGATADC	STREME-19	2.9e-002	peak_229	14.47	tp	0
19-RCTATCGATADC	STREME-19	2.9e-002	peak_341	14.38	tp	0
19-RCTATCGATADC	STREME-19	2.9e-002	peak_97	14.38	tp	0
19-RCTATCGATADC	STREME-19	2.9e-002	peak_154	14.38	tp	0
19-RCTATCGATADC	STREME-19	2.9e-002	peak_673	14.15	fp	0
19-RCTATCGATADC	STREME-19	2.9e-002	peak_116	13.89	tp	0
19-RCTATCGATADC	STREME-19	2.9e-002	peak_849	13.89	tp	0
19-RCTATCGATADC	STREME-19	2.9e-002	peak_614	13.84	tp	0
19-RCTATCGATADC	STREME-19	2.9e-002	peak_821	13.72	tp	0
19-RCTATCGATADC	STREME-19	2.9e-002	peak_679	13.68	fp	1
19-RCTATCGATADC	STREME-19	2.9e-002	peak_45	13.62	tp	0
19-RCTATCGATADC	STREME-19	2.9e-002	peak_562	13.62	tp	0
19-RCTATCGATADC	STREME-19	2.9e-002	peak_329	13.56	tp	0
19-RCTATCGATADC	STREME-19	2.9e-002	peak_571	13.53	fp	0
19-RCTATCGATADC	STREME-19	2.9e-002	peak_105	13.46	fp	0
19-RCTATCGATADC	STREME-19	2.9e-002	peak_612	13.41	tp	0
19-RCTATCGATADC	STREME-19	2.9e-002	peak_424	13.37	tp	0
19-RCTATCGATADC	STREME-19	2.9e-002	peak_428	13.37	tp	0
19-RCTATCGATADC	STREME-19	2.9e-002	peak_802	13.20	tp	0
19-RCTATCGATADC	STREME-19	2.9e-002	peak_420	13.20	fp	0
19-RCTATCGATADC	STREME-19	2.9e-002	peak_521	13.16	tp	1
19-RCTATCGATADC	STREME-19	2.9e-002	peak_363	13.13	tp	0
19-RCTATCGATADC	STREME-19	2.9e-002	peak_85	13.07	tp	0
19-RCTATCGATADC	STREME-19	2.9e-002	peak_771	13.03	tp	0
19-RCTATCGATADC	STREME-19	2.9e-002	peak_189	12.96	tp	0
19-RCTATCGATADC	STREME-19	2.9e-002	peak_758	12.96	tp	0
19-RCTATCGATADC	STREME-19	2.9e-002	peak_697	12.96	tp	1
19-RCTATCGATADC	STREME-19	2.9e-002	peak_577	12.93	tp	0
19-RCTATCGATADC	STREME-19	2.9e-002	peak_464	12.92	tp	1
19-RCTATCGATADC	STREME-19	2.9e-002	peak_839	12.90	tp	0
19-RCTATCGATADC	STREME-19	2.9e-002	peak_841	12.89	tp	0
19-RCTATCGATADC	STREME-19	2.9e-002	peak_459	12.89	tp	0
19-RCTATCGATADC	STREME-19	2.9e-002	peak_741	12.89	tp	1
19-RCTATCGATADC	STREME-19	2.9e-002	peak_597	12.81	tp	0
19-RCTATCGATADC	STREME-19	2.9e-002	peak_232	12.80	tp	0
19-RCTATCGATADC	STREME-19	2.9e-002	peak_510	12.67	tp	0
19-RCTATCGATADC	STREME-19	2.9e-002	peak_203	12.67	tp	0
19-RCTATCGATADC	STREME-19	2.9e-002	peak_261	12.66	tp	0
19-RCTATCGATADC	STREME-19	2.9e-002	peak_621	12.65	tp	0
19-RCTATCGATADC	STREME-19	2.9e-002	peak_119	12.57	tp	0
19-RCTATCGATADC	STREME-19	2.9e-002	peak_538	12.56	tp	0
19-RCTATCGATADC	STREME-19	2.9e-002	peak_487	12.55	tp	0
19-RCTATCGATADC	STREME-19	2.9e-002	peak_146	12.55	tp	0
19-RCTATCGATADC	STREME-19	2.9e-002	peak_484	12.53	fp	1
19-RCTATCGATADC	STREME-19	2.9e-002	peak_364	12.46	fp	0
19-RCTATCGATADC	STREME-19	2.9e-002	peak_483	12.41	tp	0
19-RCTATCGATADC	STREME-19	2.9e-002	peak_125	12.35	tp	0
19-RCTATCGATADC	STREME-19	2.9e-002	peak_752	12.31	tp	1
19-RCTATCGATADC	STREME-19	2.9e-002	peak_153	12.24	tp	0
19-RCTATCGATADC	STREME-19	2.9e-002	peak_17	12.23	tp	0
19-RCTATCGATADC	STREME-19	2.9e-002	peak_39	12.23	tp	0
19-RCTATCGATADC	STREME-19	2.9e-002	peak_569	12.22	tp	0
19-RCTATCGATADC	STREME-19	2.9e-002	peak_194	12.18	tp	0
#
20-GCGGCAAAC	STREME-20	2.9e-002	peak_530	16.97	tp	0
20-GCGGCAAAC	STREME-20	2.9e-002	peak_362	16.97	tp	0
20-GCGGCAAAC	STREME-20	2.9e-002	peak_638	16.97	tp	1
20-GCGGCAAAC	STREME-20	2.9e-002	peak_174	16.97	tp	1
20-GCGGCAAAC	STREME-20	2.9e-002	peak_817	15.95	tp	0
20-GCGGCAAAC	STREME-20	2.9e-002	peak_108	15.95	tp	0
20-GCGGCAAAC	STREME-20	2.9e-002	peak_6	15.17	tp	0
20-GCGGCAAAC	STREME-20	2.9e-002	peak_784	14.63	tp	0
20-GCGGCAAAC	STREME-20	2.9e-002	peak_662	14.51	tp	0
20-GCGGCAAAC	STREME-20	2.9e-002	peak_113	14.51	tp	0
20-GCGGCAAAC	STREME-20	2.9e-002	peak_583	14.51	fp	0
20-GCGGCAAAC	STREME-20	2.9e-002	peak_773	14.45	tp	0
20-GCGGCAAAC	STREME-20	2.9e-002	peak_694	14.45	tp	0
20-GCGGCAAAC	STREME-20	2.9e-002	peak_627	14.45	tp	0
20-GCGGCAAAC	STREME-20	2.9e-002	peak_74	14.45	tp	0
20-GCGGCAAAC	STREME-20	2.9e-002	peak_742	14.45	tp	0
20-GCGGCAAAC	STREME-20	2.9e-002	peak_127	14.45	fp	0
20-GCGGCAAAC	STREME-20	2.9e-002	peak_220	14.15	tp	0
20-GCGGCAAAC	STREME-20	2.9e-002	peak_534	14.15	tp	0
20-GCGGCAAAC	STREME-20	2.9e-002	peak_713	14.15	tp	0
20-GCGGCAAAC	STREME-20	2.9e-002	peak_189	14.15	tp	0
20-GCGGCAAAC	STREME-20	2.9e-002	peak_229	13.86	tp	0
20-GCGGCAAAC	STREME-20	2.9e-002	peak_346	13.60	tp	0
20-GCGGCAAAC	STREME-20	2.9e-002	peak_312	13.60	tp	0
20-GCGGCAAAC	STREME-20	2.9e-002	peak_663	13.51	tp	0
20-GCGGCAAAC	STREME-20	2.9e-002	peak_410	13.51	tp	0
20-GCGGCAAAC	STREME-20	2.9e-002	peak_109	13.51	tp	0
20-GCGGCAAAC	STREME-20	2.9e-002	peak_639	13.51	tp	0
20-GCGGCAAAC	STREME-20	2.9e-002	peak_401	13.49	fp	0
20-GCGGCAAAC	STREME-20	2.9e-002	peak_321	13.19	tp	0
20-GCGGCAAAC	STREME-20	2.9e-002	peak_522	13.19	tp	1
20-GCGGCAAAC	STREME-20	2.9e-002	peak_357	13.03	tp	0
20-GCGGCAAAC	STREME-20	2.9e-002	peak_850	13.03	fp	0
20-GCGGCAAAC	STREME-20	2.9e-002	peak_338	13.03	tp	1
20-GCGGCAAAC	STREME-20	2.9e-002	peak_261	13.00	tp	0
20-GCGGCAAAC	STREME-20	2.9e-002	peak_304	12.71	tp	0
20-GCGGCAAAC	STREME-20	2.9e-002	peak_704	12.71	tp	0
20-GCGGCAAAC	STREME-20	2.9e-002	peak_193	12.57	tp	0
20-GCGGCAAAC	STREME-20	2.9e-002	peak_676	12.57	tp	0
20-GCGGCAAAC	STREME-20	2.9e-002	peak_433	12.57	tp	0
20-GCGGCAAAC	STREME-20	2.9e-002	peak_523	12.57	tp	0
20-GCGGCAAAC	STREME-20	2.9e-002	peak_470	12.57	tp	0
20-GCGGCAAAC	STREME-20	2.9e-002	peak_305	12.57	fp	0
20-GCGGCAAAC	STREME-20	2.9e-002	peak_12	12.49	tp	0
20-GCGGCAAAC	STREME-20	2.9e-002	peak_478	12.49	tp	1
20-GCGGCAAAC	STREME-20	2.9e-002	peak_520	12.39	tp	0
20-GCGGCAAAC	STREME-20	2.9e-002	peak_57	12.39	tp	0
20-GCGGCAAAC	STREME-20	2.9e-002	peak_367	12.39	tp	0
20-GCGGCAAAC	STREME-20	2.9e-002	peak_454	12.36	tp	0
20-GCGGCAAAC	STREME-20	2.9e-002	peak_815	12.36	tp	0
20-GCGGCAAAC	STREME-20	2.9e-002	peak_733	12.16	tp	0
20-GCGGCAAAC	STREME-20	2.9e-002	peak_757	12.14	tp	0
20-GCGGCAAAC	STREME-20	2.9e-002	peak_16	12.14	tp	0
20-GCGGCAAAC	STREME-20	2.9e-002	peak_104	12.14	tp	0
20-GCGGCAAAC	STREME-20	2.9e-002	peak_122	12.14	tp	0
20-GCGGCAAAC	STREME-20	2.9e-002	peak_763	12.14	fp	0
#
21-TATTTTTGAAAATNATW	STREME-21	3.2e-002	peak_554	22.10	tp	0
21-TATTTTTGAAAATNATW	STREME-21	3.2e-002	peak_70	16.34	tp	0
21-TATTTTTGAAAATNATW	STREME-21	3.2e-002	peak_329	16.12	tp	0
21-TATTTTTGAAAATNATW	STREME-21	3.2e-002	peak_835	16.06	tp	0
21-TATTTTTGAAAATNATW	STREME-21	3.2e-002	peak_868	15.65	tp	0
21-TATTTTTGAAAATNATW	STREME-21	3.2e-002	peak_396	15.59	tp	0
21-TATTTTTGAAAATNATW	STREME-21	3.2e-002	peak_695	15.49	tp	0
21-TATTTTTGAAAATNATW	STREME-21	3.2e-002	peak_387	15.45	tp	0
21-TATTTTTGAAAATNATW	STREME-21	3.2e-002	peak_408	15.41	fp	1
21-TATTTTTGAAAATNATW	STREME-21	3.2e-002	peak_736	15.25	tp	0
21-TATTTTTGAAAATNATW	STREME-21	3.2e-002	peak_265	15.24	tp	0
21-TATTTTTGAAAATNATW	STREME-21	3.2e-002	peak_717	14.97	tp	1
21-TATTTTTGAAAATNATW	STREME-21	3.2e-002	peak_415	14.85	tp	0
21-TATTTTTGAAAATNATW	STREME-21	3.2e-002	peak_517	14.66	tp	0
21-TATTTTTGAAAATNATW	STREME-21	3.2e-002	peak_814	14.63	tp	0
21-TATTTTTGAAAATNATW	STREME-21	3.2e-002	peak_119	14.58	tp	0
21-TATTTTTGAAAATNATW	STREME-21	3.2e-002	peak_600	14.39	tp	0
21-TATTTTTGAAAATNATW	STREME-21	3.2e-002	peak_98	14.39	tp	0
21-TATTTTTGAAAATNATW	STREME-21	3.2e-002	peak_468	14.07	tp	0
21-TATTTTTGAAAATNATW	STREME-21	3.2e-002	peak_678	14.04	tp	0
21-TATTTTTGAAAATNATW	STREME-21	3.2e-002	peak_199	13.92	tp	0
21-TATTTTTGAAAATNATW	STREME-21	3.2e-002	peak_700	13.88	fp	0
21-TATTTTTGAAAATNATW	STREME-21	3.2e-002	peak_301	13.81	tp	0
21-TATTTTTGAAAATNATW	STREME-21	3.2e-002	peak_478	13.70	tp	1
21-TATTTTTGAAAATNATW	STREME-21	3.2e-002	peak_274	13.66	tp	0
21-TATTTTTGAAAATNATW	STREME-21	3.2e-002	peak_316	13.47	tp	0
21-TATTTTTGAAAATNATW	STREME-21	3.2e-002	peak_238	13.44	tp	1
21-TATTTTTGAAAATNATW	STREME-21	3.2e-002	peak_859	13.43	tp	0
21-TATTTTTGAAAATNATW	STREME-21	3.2e-002	peak_397	13.32	tp	0
21-TATTTTTGAAAATNATW	STREME-21	3.2e-002	peak_438	13.29	tp	0
21-TATTTTTGAAAATNATW	STREME-21	3.2e-002	peak_410	13.28	tp	0
21-TATTTTTGAAAATNATW	STREME-21	3.2e-002	peak_597	13.28	tp	0
21-TATTTTTGAAAATNATW	STREME-21	3.2e-002	peak_566	13.26	tp	0
21-TATTTTTGAAAATNATW	STREME-21	3.2e-002	peak_559	13.25	tp	0
21-TATTTTTGAAAATNATW	STREME-21	3.2e-002	peak_402	13.19	fp	0
21-TATTTTTGAAAATNATW	STREME-21	3.2e-002	peak_404	13.17	fp	0
21-TATTTTTGAAAATNATW	STREME-21	3.2e-002	peak_613	13.14	tp	0
21-TATTTTTGAAAATNATW	STREME-21	3.2e-002	peak_131	13.11	tp	0
21-TATTTTTGAAAATNATW	STREME-21	3.2e-002	peak_650	12.97	tp	0
21-TATTTTTGAAAATNATW	STREME-21	3.2e-002	peak_475	12.93	tp	0
21-TATTTTTGAAAATNATW	STREME-21	3.2e-002	peak_580	12.86	tp	1
21-TATTTTTGAAAATNATW	STREME-21	3.2e-002	peak_246	12.82	tp	0
21-TATTTTTGAAAATNATW	STREME-21	3.2e-002	peak_404	12.80	tp	1
21-TATTTTTGAAAATNATW	STREME-21	3.2e-002	peak_495	12.79	fp	0
21-TATTTTTGAAAATNATW	STREME-21	3.2e-002	peak_409	12.77	tp	0
21-TATTTTTGAAAATNATW	STREME-21	3.2e-002	peak_223	12.72	tp	0
21-TATTTTTGAAAATNATW	STREME-21	3.2e-002	peak_198	12.64	tp	0
21-TATTTTTGAAAATNATW	STREME-21	3.2e-002	peak_629	12.60	tp	0
21-TATTTTTGAAAATNATW	STREME-21	3.2e-002	peak_633	12.54	tp	0
21-TATTTTTGAAAATNATW	STREME-21	3.2e-002	peak_411	12.48	tp	0
21-TATTTTTGAAAATNATW	STREME-21	3.2e-002	peak_300	12.43	tp	0
21-TATTTTTGAAAATNATW	STREME-21	3.2e-002	peak_379	12.42	fp	0
21-TATTTTTGAAAATNATW	STREME-21	3.2e-002	peak_538	12.41	tp	0
21-TATTTTTGAAAATNATW	STREME-21	3.2e-002	peak_842	12.41	tp	0
21-TATTTTTGAAAATNATW	STREME-21	3.2e-002	peak_753	12.41	tp	0
21-TATTTTTGAAAATNATW	STREME-21	3.2e-002	peak_614	12.40	tp	0
21-TATTTTTGAAAATNATW	STREME-21	3.2e-002	peak_436	12.40	tp	0
21-TATTTTTGAAAATNATW	STREME-21	3.2e-002	peak_256	12.38	tp	0
21-TATTTTTGAAAATNATW	STREME-21	3.2e-002	peak_565	12.37	tp	0
21-TATTTTTGAAAATNATW	STREME-21	3.2e-002	peak_516	12.36	tp	0
21-TATTTTTGAAAATNATW	STREME-21	3.2e-002	peak_367	12.32	tp	0
21-TATTTTTGAAAATNATW	STREME-21	3.2e-002	peak_112	12.29	tp	0
21-TATTTTTGAAAATNATW	STREME-21	3.2e-002	peak_539	12.28	tp	1
21-TATTTTTGAAAATNATW	STREME-21	3.2e-002	peak_366	12.26	tp	0
21-TATTTTTGAAAATNATW	STREME-21	3.2e-002	peak_766	12.22	fp	0
21-TATTTTTGAAAATNATW	STREME-21	3.2e-002	peak_426	12.21	tp	0
21-TATTTTTGAAAATNATW	STREME-21	3.2e-002	peak_830	12.21	tp	0
21-TATTTTTGAAAATNATW	STREME-21	3.2e-002	peak_622	12.20	tp	0
21-TATTTTTGAAAATNATW	STREME-21	3.2e-002	peak_755	12.19	tp	0
21-TATTTTTGAAAATNATW	STREME-21	3.2e-002	peak_213	12.18	tp	0
21-TATTTTTGAAAATNATW	STREME-21	3.2e-002	peak_466	12.14	fp	0
21-TATTTTTGAAAATNATW	STREME-21	3.2e-002	peak_666	12.10	tp	0
21-TATTTTTGAAAATNATW	STREME-21	3.2e-002	peak_63	12.10	tp	0
21-TATTTTTGAAAATNATW	STREME-21	3.2e-002	peak_148	12.07	tp	0
21-TATTTTTGAAAATNATW	STREME-21	3.2e-002	peak_133	12.06	tp	1
21-TATTTTTGAAAATNATW	STREME-21	3.2e-002	peak_104	11.92	tp	0
21-TATTTTTGAAAATNATW	STREME-21	3.2e-002	peak_139	11.90	tp	0
21-TATTTTTGAAAATNATW	STREME-21	3.2e-002	peak_578	11.89	tp	0
21-TATTTTTGAAAATNATW	STREME-21	3.2e-002	peak_171	11.88	tp	0
#
22-GGCGCCAAAAA	STREME-22	4.0e-002	peak_477	19.35	tp	0
22-GGCGCCAAAAA	STREME-22	4.0e-002	peak_628	19.35	tp	0
22-GGCGCCAAAAA	STREME-22	4.0e-002	peak_547	19.35	tp	0
22-GGCGCCAAAAA	STREME-22	4.0e-002	peak_570	19.35	tp	1
22-GGCGCCAAAAA	STREME-22	4.0e-002	peak_273	17.65	tp	0
22-GGCGCCAAAAA	STREME-22	4.0e-002	peak_242	17.13	tp	0
22-GGCGCCAAAAA	STREME-22	4.0e-002	peak_58	17.13	tp	0
22-GGCGCCAAAAA	STREME-22	4.0e-002	peak_268	17.13	tp	0
22-GGCGCCAAAAA	STREME-22	4.0e-002	peak_495	17.07	fp	0
22-GGCGCCAAAAA	STREME-22	4.0e-002	peak_386	16.29	tp	0
22-GGCGCCAAAAA	STREME-22	4.0e-002	peak_659	16.21	tp	0
22-GGCGCCAAAAA	STREME-22	4.0e-002	peak_94	16.20	tp	0
22-GGCGCCAAAAA	STREME-22	4.0e-002	peak_376	15.86	tp	0
22-GGCGCCAAAAA	STREME-22	4.0e-002	peak_69	15.86	tp	0
22-GGCGCCAAAAA	STREME-22	4.0e-002	peak_137	15.86	tp	1
22-GGCGCCAAAAA	STREME-22	4.0e-002	peak_605	15.69	tp	0
22-GGCGCCAAAAA	STREME-22	4.0e-002	peak_497	15.69	tp	0
22-GGCGCCAAAAA	STREME-22	4.0e-002	peak_6	15.36	tp	0
22-GGCGCCAAAAA	STREME-22	4.0e-002	peak_712	15.33	tp	0
22-GGCGCCAAAAA	STREME-22	4.0e-002	peak_196	15.07	tp	0
22-GGCGCCAAAAA	STREME-22	4.0e-002	peak_91	14.92	tp	0
22-GGCGCCAAAAA	STREME-22	4.0e-002	peak_459	14.76	tp	0
22-GGCGCCAAAAA	STREME-22	4.0e-002	peak_16	14.72	tp	0
22-GGCGCCAAAAA	STREME-22	4.0e-002	peak_679	14.72	tp	0
22-GGCGCCAAAAA	STREME-22	4.0e-002	peak_843	14.60	tp	0
22-GGCGCCAAAAA	STREME-22	4.0e-002	peak_820	14.58	tp	0
22-GGCGCCAAAAA	STREME-22	4.0e-002	peak_9	14.50	tp	0
22-GGCGCCAAAAA	STREME-22	4.0e-002	peak_370	14.50	tp	0
22-GGCGCCAAAAA	STREME-22	4.0e-002	peak_736	14.49	tp	0
22-GGCGCCAAAAA	STREME-22	4.0e-002	peak_763	14.49	fp	0
22-GGCGCCAAAAA	STREME-22	4.0e-002	peak_865	14.46	tp	0
22-GGCGCCAAAAA	STREME-22	4.0e-002	peak_48	14.44	tp	0
22-GGCGCCAAAAA	STREME-22	4.0e-002	peak_153	14.42	tp	0
22-GGCGCCAAAAA	STREME-22	4.0e-002	peak_314	14.38	fp	0
22-GGCGCCAAAAA	STREME-22	4.0e-002	peak_44	14.36	tp	0
22-GGCGCCAAAAA	STREME-22	4.0e-002	peak_406	14.11	tp	0
22-GGCGCCAAAAA	STREME-22	4.0e-002	peak_408	14.07	fp	1
22-GGCGCCAAAAA	STREME-22	4.0e-002	peak_37	14.03	tp	0
22-GGCGCCAAAAA	STREME-22	4.0e-002	peak_241	14.03	tp	0
22-GGCGCCAAAAA	STREME-22	4.0e-002	peak_809	14.03	tp	0
22-GGCGCCAAAAA	STREME-22	4.0e-002	peak_657	14.03	tp	0
22-GGCGCCAAAAA	STREME-22	4.0e-002	peak_67	13.99	tp	0
22-GGCGCCAAAAA	STREME-22	4.0e-002	peak_478	13.98	tp	1
22-GGCGCCAAAAA	STREME-22	4.0e-002	peak_758	13.97	fp	0
22-GGCGCCAAAAA	STREME-22	4.0e-002	peak_690	13.94	tp	0
22-GGCGCCAAAAA	STREME-22	4.0e-002	peak_162	13.94	tp	0
22-GGCGCCAAAAA	STREME-22	4.0e-002	peak_317	13.91	fp	0
22-GGCGCCAAAAA	STREME-22	4.0e-002	peak_724	13.88	tp	1
22-GGCGCCAAAAA	STREME-22	4.0e-002	peak_56	13.87	tp	0
22-GGCGCCAAAAA	STREME-22	4.0e-002	peak_742	13.84	tp	0
22-GGCGCCAAAAA	STREME-22	4.0e-002	peak_514	13.80	tp	0
22-GGCGCCAAAAA	STREME-22	4.0e-002	peak_414	13.80	tp	0
22-GGCGCCAAAAA	STREME-22	4.0e-002	peak_329	13.68	fp	0
22-GGCGCCAAAAA	STREME-22	4.0e-002	peak_43	13.63	tp	0
22-GGCGCCAAAAA	STREME-22	4.0e-002	peak_786	13.54	fp	0
22-GGCGCCAAAAA	STREME-22	4.0e-002	peak_755	13.46	tp	0
22-GGCGCCAAAAA	STREME-22	4.0e-002	peak_660	13.45	tp	0
22-GGCGCCAAAAA	STREME-22	4.0e-002	peak_444	13.45	tp	0
22-GGCGCCAAAAA	STREME-22	4.0e-002	peak_617	13.40	tp	0
22-GGCGCCAAAAA	STREME-22	4.0e-002	peak_512	13.33	tp	0
22-GGCGCCAAAAA	STREME-22	4.0e-002	peak_541	13.27	tp	0
22-GGCGCCAAAAA	STREME-22	4.0e-002	peak_213	13.23	tp	0
22-GGCGCCAAAAA	STREME-22	4.0e-002	peak_375	13.22	tp	0
22-GGCGCCAAAAA	STREME-22	4.0e-002	peak_3	13.22	tp	0
22-GGCGCCAAAAA	STREME-22	4.0e-002	peak_126	13.22	tp	0
22-GGCGCCAAAAA	STREME-22	4.0e-002	peak_367	13.22	fp	0
22-GGCGCCAAAAA	STREME-22	4.0e-002	peak_316	13.15	fp	0
22-GGCGCCAAAAA	STREME-22	4.0e-002	peak_706	13.13	tp	0
22-GGCGCCAAAAA	STREME-22	4.0e-002	peak_491	13.13	tp	0
22-GGCGCCAAAAA	STREME-22	4.0e-002	peak_247	13.09	tp	0
22-GGCGCCAAAAA	STREME-22	4.0e-002	peak_669	13.05	tp	0
22-GGCGCCAAAAA	STREME-22	4.0e-002	peak_525	13.05	tp	0
22-GGCGCCAAAAA	STREME-22	4.0e-002	peak_369	13.05	tp	0
22-GGCGCCAAAAA	STREME-22	4.0e-002	peak_278	12.99	fp	0
22-GGCGCCAAAAA	STREME-22	4.0e-002	peak_839	12.89	tp	0
22-GGCGCCAAAAA	STREME-22	4.0e-002	peak_773	12.84	fp	0
22-GGCGCCAAAAA	STREME-22	4.0e-002	peak_564	12.81	tp	0
22-GGCGCCAAAAA	STREME-22	4.0e-002	peak_432	12.75	tp	0
22-GGCGCCAAAAA	STREME-22	4.0e-002	peak_756	12.75	tp	0
22-GGCGCCAAAAA	STREME-22	4.0e-002	peak_620	12.71	tp	0
22-GGCGCCAAAAA	STREME-22	4.0e-002	peak_120	12.70	fp	0
22-GGCGCCAAAAA	STREME-22	4.0e-002	peak_109	12.67	tp	0
22-GGCGCCAAAAA	STREME-22	4.0e-002	peak_86	12.67	tp	0
22-GGCGCCAAAAA	STREME-22	4.0e-002	peak_728	12.67	tp	0
22-GGCGCCAAAAA	STREME-22	4.0e-002	peak_134	12.65	tp	0
22-GGCGCCAAAAA	STREME-22	4.0e-002	peak_848	12.63	tp	0
22-GGCGCCAAAAA	STREME-22	4.0e-002	peak_637	12.61	tp	0
22-GGCGCCAAAAA	STREME-22	4.0e-002	peak_438	12.59	tp	0
22-GGCGCCAAAAA	STREME-22	4.0e-002	peak_771	12.59	tp	0
22-GGCGCCAAAAA	STREME-22	4.0e-002	peak_721	12.58	tp	0
22-GGCGCCAAAAA	STREME-22	4.0e-002	peak_151	12.44	tp	0
22-GGCGCCAAAAA	STREME-22	4.0e-002	peak_544	12.41	tp	0
22-GGCGCCAAAAA	STREME-22	4.0e-002	peak_228	12.40	tp	1
22-GGCGCCAAAAA	STREME-22	4.0e-002	peak_394	12.39	tp	0
22-GGCGCCAAAAA	STREME-22	4.0e-002	peak_461	12.39	tp	0
22-GGCGCCAAAAA	STREME-22	4.0e-002	peak_390	12.39	tp	0
22-GGCGCCAAAAA	STREME-22	4.0e-002	peak_860	12.30	tp	0
22-GGCGCCAAAAA	STREME-22	4.0e-002	peak_30	12.28	tp	0
22-GGCGCCAAAAA	STREME-22	4.0e-002	peak_262	12.27	tp	1
22-GGCGCCAAAAA	STREME-22	4.0e-002	peak_501	12.27	fp	1
22-GGCGCCAAAAA	STREME-22	4.0e-002	peak_723	12.21	fp	0
22-GGCGCCAAAAA	STREME-22	4.0e-002	peak_289	12.21	tp	0
22-GGCGCCAAAAA	STREME-22	4.0e-002	peak_494	12.19	tp	0
22-GGCGCCAAAAA	STREME-22	4.0e-002	peak_779	12.19	tp	0
22-GGCGCCAAAAA	STREME-22	4.0e-002	peak_101	12.19	tp	0
22-GGCGCCAAAAA	STREME-22	4.0e-002	peak_337	12.16	tp	0
22-GGCGCCAAAAA	STREME-22	4.0e-002	peak_737	12.16	tp	0
22-GGCGCCAAAAA	STREME-22	4.0e-002	peak_80	12.14	tp	0
22-GGCGCCAAAAA	STREME-22	4.0e-002	peak_760	12.14	tp	0
22-GGCGCCAAAAA	STREME-22	4.0e-002	peak_797	12.14	fp	0
22-GGCGCCAAAAA	STREME-22	4.0e-002	peak_759	12.14	fp	0
22-GGCGCCAAAAA	STREME-22	4.0e-002	peak_208	12.13	tp	0
22-GGCGCCAAAAA	STREME-22	4.0e-002	peak_199	12.13	tp	0
22-GGCGCCAAAAA	STREME-22	4.0e-002	peak_486	12.01	fp	0
22-GGCGCCAAAAA	STREME-22	4.0e-002	peak_299	12.01	tp	0
22-GGCGCCAAAAA	STREME-22	4.0e-002	peak_353	12.00	tp	0
22-GGCGCCAAAAA	STREME-22	4.0e-002	peak_463	11.94	tp	0
22-GGCGCCAAAAA	STREME-22	4.0e-002	peak_383	11.89	tp	0
22-GGCGCCAAAAA	STREME-22	4.0e-002	peak_398	11.87	fp	0
22-GGCGCCAAAAA	STREME-22	4.0e-002	peak_275	11.86	tp	0
22-GGCGCCAAAAA	STREME-22	4.0e-002	peak_747	11.84	fp	0
22-GGCGCCAAAAA	STREME-22	4.0e-002	peak_864	11.83	tp	0
22-GGCGCCAAAAA	STREME-22	4.0e-002	peak_186	11.83	tp	0
22-GGCGCCAAAAA	STREME-22	4.0e-002	peak_82	11.82	tp	1
22-GGCGCCAAAAA	STREME-22	4.0e-002	peak_712	11.79	fp	0
22-GGCGCCAAAAA	STREME-22	4.0e-002	peak_663	11.77	tp	0
22-GGCGCCAAAAA	STREME-22	4.0e-002	peak_585	11.76	tp	1
22-GGCGCCAAAAA	STREME-22	4.0e-002	peak_669	11.69	fp	0
22-GGCGCCAAAAA	STREME-22	4.0e-002	peak_361	11.68	tp	0
22-GGCGCCAAAAA	STREME-22	4.0e-002	peak_822	11.68	tp	0
22-GGCGCCAAAAA	STREME-22	4.0e-002	peak_448	11.66	tp	0
22-GGCGCCAAAAA	STREME-22	4.0e-002	peak_237	11.66	tp	0
22-GGCGCCAAAAA	STREME-22	4.0e-002	peak_780	11.66	fp	1
22-GGCGCCAAAAA	STREME-22	4.0e-002	peak_693	11.65	tp	0
22-GGCGCCAAAAA	STREME-22	4.0e-002	peak_70	11.61	tp	0
22-GGCGCCAAAAA	STREME-22	4.0e-002	peak_482	11.57	tp	0
22-GGCGCCAAAAA	STREME-22	4.0e-002	peak_334	11.56	tp	0
22-GGCGCCAAAAA	STREME-22	4.0e-002	peak_641	11.56	tp	0
22-GGCGCCAAAAA	STREME-22	4.0e-002	peak_286	11.52	tp	0
22-GGCGCCAAAAA	STREME-22	4.0e-002	peak_146	11.52	tp	0
22-GGCGCCAAAAA	STREME-22	4.0e-002	peak_347	11.49	tp	0
22-GGCGCCAAAAA	STREME-22	4.0e-002	peak_246	11.49	tp	0
22-GGCGCCAAAAA	STREME-22	4.0e-002	peak_252	11.45	tp	0
22-GGCGCCAAAAA	STREME-22	4.0e-002	peak_504	11.44	tp	0
22-GGCGCCAAAAA	STREME-22	4.0e-002	peak_185	11.44	fp	0
22-GGCGCCAAAAA	STREME-22	4.0e-002	peak_592	11.36	tp	0
22-GGCGCCAAAAA	STREME-22	4.0e-002	peak_173	11.32	tp	0
22-GGCGCCAAAAA	STREME-22	4.0e-002	peak_465	11.27	tp	0
22-GGCGCCAAAAA	STREME-22	4.0e-002	peak_269	11.26	tp	1
22-GGCGCCAAAAA	STREME-22	4.0e-002	peak_529	11.23	tp	0
22-GGCGCCAAAAA	STREME-22	4.0e-002	peak_747	11.22	tp	0
22-GGCGCCAAAAA	STREME-22	4.0e-002	peak_401	11.22	tp	1
22-GGCGCCAAAAA	STREME-22	4.0e-002	peak_219	11.22	tp	0
22-GGCGCCAAAAA	STREME-22	4.0e-002	peak_197	11.22	tp	0
22-GGCGCCAAAAA	STREME-22	4.0e-002	peak_249	11.10	tp	0
#
23-TGGCCA	STREME-23	4.0e-002	peak_34	12.19	tp	0
23-TGGCCA	STREME-23	4.0e-002	peak_214	12.19	tp	0
23-TGGCCA	STREME-23	4.0e-002	peak_247	12.19	tp	0
23-TGGCCA	STREME-23	4.0e-002	peak_289	12.19	tp	0
23-TGGCCA	STREME-23	4.0e-002	peak_657	12.19	tp	0
23-TGGCCA	STREME-23	4.0e-002	peak_747	12.19	tp	0
23-TGGCCA	STREME-23	4.0e-002	peak_706	12.19	tp	0
23-TGGCCA	STREME-23	4.0e-002	peak_365	12.19	tp	0
23-TGGCCA	STREME-23	4.0e-002	peak_210	12.19	tp	0
23-TGGCCA	STREME-23	4.0e-002	peak_823	12.19	tp	0
23-TGGCCA	STREME-23	4.0e-002	peak_677	12.19	tp	0
23-TGGCCA	STREME-23	4.0e-002	peak_205	12.19	tp	0
23-TGGCCA	STREME-23	4.0e-002	peak_719	12.19	tp	0
23-TGGCCA	STREME-23	4.0e-002	peak_213	12.19	tp	0
23-TGGCCA	STREME-23	4.0e-002	peak_438	12.19	tp	0
23-TGGCCA	STREME-23	4.0e-002	peak_643	12.19	tp	0
23-TGGCCA	STREME-23	4.0e-002	peak_119	12.19	tp	0
23-TGGCCA	STREME-23	4.0e-002	peak_364	12.19	tp	0
23-TGGCCA	STREME-23	4.0e-002	peak_693	12.19	tp	0
23-TGGCCA	STREME-23	4.0e-002	peak_663	12.19	tp	0
23-TGGCCA	STREME-23	4.0e-002	peak_86	12.19	tp	0
23-TGGCCA	STREME-23	4.0e-002	peak_186	12.19	tp	0
23-TGGCCA	STREME-23	4.0e-002	peak_679	12.19	tp	0
23-TGGCCA	STREME-23	4.0e-002	peak_577	12.19	tp	0
23-TGGCCA	STREME-23	4.0e-002	peak_824	12.19	tp	0
23-TGGCCA	STREME-23	4.0e-002	peak_328	12.19	tp	0
23-TGGCCA	STREME-23	4.0e-002	peak_6	12.19	tp	0
23-TGGCCA	STREME-23	4.0e-002	peak_353	12.19	tp	0
23-TGGCCA	STREME-23	4.0e-002	peak_771	12.19	tp	0
23-TGGCCA	STREME-23	4.0e-002	peak_352	12.19	tp	0
23-TGGCCA	STREME-23	4.0e-002	peak_650	12.19	tp	0
23-TGGCCA	STREME-23	4.0e-002	peak_255	12.19	tp	0
23-TGGCCA	STREME-23	4.0e-002	peak_804	12.19	tp	0
23-TGGCCA	STREME-23	4.0e-002	peak_743	12.19	tp	0
23-TGGCCA	STREME-23	4.0e-002	peak_229	12.19	tp	0
23-TGGCCA	STREME-23	4.0e-002	peak_541	12.19	tp	0
23-TGGCCA	STREME-23	4.0e-002	peak_301	12.19	tp	0
23-TGGCCA	STREME-23	4.0e-002	peak_51	12.19	tp	0
23-TGGCCA	STREME-23	4.0e-002	peak_197	12.19	tp	0
23-TGGCCA	STREME-23	4.0e-002	peak_116	12.19	tp	0
23-TGGCCA	STREME-23	4.0e-002	peak_348	12.19	tp	0
23-TGGCCA	STREME-23	4.0e-002	peak_593	12.19	tp	0
23-TGGCCA	STREME-23	4.0e-002	peak_826	12.19	tp	0
23-TGGCCA	STREME-23	4.0e-002	peak_171	12.19	tp	0
23-TGGCCA	STREME-23	4.0e-002	peak_673	12.19	tp	0
23-TGGCCA	STREME-23	4.0e-002	peak_149	12.19	tp	0
23-TGGCCA	STREME-23	4.0e-002	peak_838	12.19	tp	0
23-TGGCCA	STREME-23	4.0e-002	peak_41	12.19	tp	0
23-TGGCCA	STREME-23	4.0e-002	peak_555	12.19	tp	0
23-TGGCCA	STREME-23	4.0e-002	peak_828	12.19	tp	0
23-TGGCCA	STREME-23	4.0e-002	peak_595	12.19	tp	0
23-TGGCCA	STREME-23	4.0e-002	peak_713	12.19	tp	0
23-TGGCCA	STREME-23	4.0e-002	peak_742	12.19	tp	0
23-TGGCCA	STREME-23	4.0e-002	peak_121	12.19	tp	0
23-TGGCCA	STREME-23	4.0e-002	peak_115	12.19	tp	0
23-TGGCCA	STREME-23	4.0e-002	peak_672	12.19	tp	0
23-TGGCCA	STREME-23	4.0e-002	peak_501	12.19	tp	0
23-TGGCCA	STREME-23	4.0e-002	peak_685	12.19	tp	0
23-TGGCCA	STREME-23	4.0e-002	peak_527	12.19	tp	0
23-TGGCCA	STREME-23	4.0e-002	peak_634	12.19	tp	0
23-TGGCCA	STREME-23	4.0e-002	peak_406	12.19	tp	0
23-TGGCCA	STREME-23	4.0e-002	peak_27	12.19	tp	0
23-TGGCCA	STREME-23	4.0e-002	peak_310	12.19	tp	0
23-TGGCCA	STREME-23	4.0e-002	peak_671	12.19	tp	0
23-TGGCCA	STREME-23	4.0e-002	peak_614	12.19	tp	0
23-TGGCCA	STREME-23	4.0e-002	peak_187	12.19	tp	0
23-TGGCCA	STREME-23	4.0e-002	peak_540	12.19	tp	0
23-TGGCCA	STREME-23	4.0e-002	peak_249	12.19	tp	0
23-TGGCCA	STREME-23	4.0e-002	peak_444	12.19	tp	0
23-TGGCCA	STREME-23	4.0e-002	peak_132	12.19	tp	0
23-TGGCCA	STREME-23	4.0e-002	peak_562	12.19	tp	0
23-TGGCCA	STREME-23	4.0e-002	peak_189	12.19	tp	0
23-TGGCCA	STREME-23	4.0e-002	peak_844	12.19	tp	0
23-TGGCCA	STREME-23	4.0e-002	peak_497	12.19	tp	0
23-TGGCCA	STREME-23	4.0e-002	peak_647	12.19	tp	0
23-TGGCCA	STREME-23	4.0e-002	peak_808	12.19	tp	0
23-TGGCCA	STREME-23	4.0e-002	peak_420	12.19	tp	0
23-TGGCCA	STREME-23	4.0e-002	peak_321	12.19	tp	0
23-TGGCCA	STREME-23	4.0e-002	peak_463	12.19	tp	0
23-TGGCCA	STREME-23	4.0e-002	peak_589	12.19	tp	0
23-TGGCCA	STREME-23	4.0e-002	peak_852	12.19	tp	0
23-TGGCCA	STREME-23	4.0e-002	peak_482	12.19	tp	0
23-TGGCCA	STREME-23	4.0e-002	peak_226	12.19	fp	0
23-TGGCCA	STREME-23	4.0e-002	peak_81	12.19	fp	0
23-TGGCCA	STREME-23	4.0e-002	peak_249	12.19	fp	0
23-TGGCCA	STREME-23	4.0e-002	peak_158	12.19	fp	0
23-TGGCCA	STREME-23	4.0e-002	peak_353	12.19	fp	0
23-TGGCCA	STREME-23	4.0e-002	peak_172	12.19	fp	0
23-TGGCCA	STREME-23	4.0e-002	peak_376	12.19	fp	0
23-TGGCCA	STREME-23	4.0e-002	peak_362	12.19	fp	0
23-TGGCCA	STREME-23	4.0e-002	peak_6	12.19	fp	0
23-TGGCCA	STREME-23	4.0e-002	peak_644	12.19	fp	0
23-TGGCCA	STREME-23	4.0e-002	peak_24	12.19	fp	0
23-TGGCCA	STREME-23	4.0e-002	peak_422	12.19	fp	0
23-TGGCCA	STREME-23	4.0e-002	peak_545	12.19	fp	0
23-TGGCCA	STREME-23	4.0e-002	peak_485	12.19	fp	0
23-TGGCCA	STREME-23	4.0e-002	peak_571	12.19	fp	0
23-TGGCCA	STREME-23	4.0e-002	peak_196	12.19	fp	0
23-TGGCCA	STREME-23	4.0e-002	peak_417	12.19	fp	0
23-TGGCCA	STREME-23	4.0e-002	peak_171	12.19	fp	0
23-TGGCCA	STREME-23	4.0e-002	peak_512	12.19	fp	0
23-TGGCCA	STREME-23	4.0e-002	peak_119	12.19	fp	0
23-TGGCCA	STREME-23	4.0e-002	peak_653	12.19	fp	0
23-TGGCCA	STREME-23	4.0e-002	peak_692	12.19	fp	0
23-TGGCCA	STREME-23	4.0e-002	peak_511	12.19	fp	0
23-TGGCCA	STREME-23	4.0e-002	peak_147	12.19	fp	0
23-TGGCCA	STREME-23	4.0e-002	peak_727	12.19	fp	0
23-TGGCCA	STREME-23	4.0e-002	peak_29	12.19	fp	0
23-TGGCCA	STREME-23	4.0e-002	peak_736	12.19	fp	0
23-TGGCCA	STREME-23	4.0e-002	peak_22	12.19	fp	0
23-TGGCCA	STREME-23	4.0e-002	peak_557	12.19	fp	0
23-TGGCCA	STREME-23	4.0e-002	peak_116	12.19	fp	0
23-TGGCCA	STREME-23	4.0e-002	peak_504	12.19	fp	0
23-TGGCCA	STREME-23	4.0e-002	peak_124	12.19	fp	0
23-TGGCCA	STREME-23	4.0e-002	peak_219	12.19	fp	0
23-TGGCCA	STREME-23	4.0e-002	peak_327	12.19	fp	0
23-TGGCCA	STREME-23	4.0e-002	peak_672	12.19	fp	0
23-TGGCCA	STREME-23	4.0e-002	peak_724	12.19	fp	0
23-TGGCCA	STREME-23	4.0e-002	peak_383	12.19	fp	0
23-TGGCCA	STREME-23	4.0e-002	peak_669	12.19	fp	0
23-TGGCCA	STREME-23	4.0e-002	peak_681	12.19	tp	1
23-TGGCCA	STREME-23	4.0e-002	peak_401	12.19	tp	1
23-TGGCCA	STREME-23	4.0e-002	peak_284	12.19	tp	1
23-TGGCCA	STREME-23	4.0e-002	peak_391	12.19	tp	1
23-TGGCCA	STREME-23	4.0e-002	peak_687	12.19	tp	1
23-TGGCCA	STREME-23	4.0e-002	peak_133	12.19	tp	1
23-TGGCCA	STREME-23	4.0e-002	peak_338	12.19	tp	1
23-TGGCCA	STREME-23	4.0e-002	peak_204	12.19	tp	1
23-TGGCCA	STREME-23	4.0e-002	peak_588	12.19	tp	1
23-TGGCCA	STREME-23	4.0e-002	peak_269	12.19	tp	1
23-TGGCCA	STREME-23	4.0e-002	peak_54	12.19	fp	1
23-TGGCCA	STREME-23	4.0e-002	peak_780	12.19	fp	1
23-TGGCCA	STREME-23	4.0e-002	peak_501	12.19	fp	1
#
24-AAATTGAAA	STREME-24	4.1e-002	peak_706	14.86	tp	0
24-AAATTGAAA	STREME-24	4.1e-002	peak_92	14.86	tp	0
24-AAATTGAAA	STREME-24	4.1e-002	peak_676	14.86	tp	0
24-AAATTGAAA	STREME-24	4.1e-002	peak_788	14.86	tp	0
24-AAATTGAAA	STREME-24	4.1e-002	peak_765	14.86	tp	0
24-AAATTGAAA	STREME-24	4.1e-002	peak_72	14.86	tp	0
24-AAATTGAAA	STREME-24	4.1e-002	peak_125	14.86	tp	0
24-AAATTGAAA	STREME-24	4.1e-002	peak_865	14.86	tp	0
24-AAATTGAAA	STREME-24	4.1e-002	peak_745	14.86	tp	0
24-AAATTGAAA	STREME-24	4.1e-002	peak_859	14.86	tp	0
24-AAATTGAAA	STREME-24	4.1e-002	peak_212	14.86	tp	0
24-AAATTGAAA	STREME-24	4.1e-002	peak_626	14.86	tp	0
24-AAATTGAAA	STREME-24	4.1e-002	peak_83	14.86	tp	0
24-AAATTGAAA	STREME-24	4.1e-002	peak_629	14.86	tp	0
24-AAATTGAAA	STREME-24	4.1e-002	peak_690	14.86	tp	0
24-AAATTGAAA	STREME-24	4.1e-002	peak_139	14.86	tp	0
24-AAATTGAAA	STREME-24	4.1e-002	peak_630	14.86	tp	0
24-AAATTGAAA	STREME-24	4.1e-002	peak_173	14.86	tp	0
24-AAATTGAAA	STREME-24	4.1e-002	peak_685	14.86	tp	0
24-AAATTGAAA	STREME-24	4.1e-002	peak_655	14.86	tp	0
24-AAATTGAAA	STREME-24	4.1e-002	peak_797	14.86	tp	0
24-AAATTGAAA	STREME-24	4.1e-002	peak_682	14.86	fp	0
24-AAATTGAAA	STREME-24	4.1e-002	peak_157	14.86	fp	0
24-AAATTGAAA	STREME-24	4.1e-002	peak_199	14.86	fp	0
24-AAATTGAAA	STREME-24	4.1e-002	peak_248	14.86	fp	0
24-AAATTGAAA	STREME-24	4.1e-002	peak_262	14.86	fp	0
24-AAATTGAAA	STREME-24	4.1e-002	peak_752	14.86	tp	1
24-AAATTGAAA	STREME-24	4.1e-002	peak_644	14.86	tp	1
24-AAATTGAAA	STREME-24	4.1e-002	peak_720	14.86	tp	1
24-AAATTGAAA	STREME-24	4.1e-002	peak_204	14.86	tp	1
24-AAATTGAAA	STREME-24	4.1e-002	peak_34	12.98	tp	0
24-AAATTGAAA	STREME-24	4.1e-002	peak_119	12.98	tp	0
24-AAATTGAAA	STREME-24	4.1e-002	peak_446	12.98	tp	0
24-AAATTGAAA	STREME-24	4.1e-002	peak_818	12.98	tp	0
24-AAATTGAAA	STREME-24	4.1e-002	peak_545	12.98	tp	0
24-AAATTGAAA	STREME-24	4.1e-002	peak_134	12.98	tp	0
24-AAATTGAAA	STREME-24	4.1e-002	peak_767	12.98	tp	0
24-AAATTGAAA	STREME-24	4.1e-002	peak_675	12.98	tp	0
24-AAATTGAAA	STREME-24	4.1e-002	peak_103	12.98	tp	0
24-AAATTGAAA	STREME-24	4.1e-002	peak_716	12.98	tp	0
24-AAATTGAAA	STREME-24	4.1e-002	peak_615	12.98	tp	0
24-AAATTGAAA	STREME-24	4.1e-002	peak_528	12.98	tp	0
24-AAATTGAAA	STREME-24	4.1e-002	peak_869	12.98	tp	0
24-AAATTGAAA	STREME-24	4.1e-002	peak_843	12.98	tp	0
24-AAATTGAAA	STREME-24	4.1e-002	peak_311	12.98	tp	0
24-AAATTGAAA	STREME-24	4.1e-002	peak_862	12.98	tp	0
24-AAATTGAAA	STREME-24	4.1e-002	peak_775	12.98	fp	0
24-AAATTGAAA	STREME-24	4.1e-002	peak_298	12.98	fp	0
24-AAATTGAAA	STREME-24	4.1e-002	peak_410	12.98	fp	0
24-AAATTGAAA	STREME-24	4.1e-002	peak_519	12.98	fp	0
24-AAATTGAAA	STREME-24	4.1e-002	peak_174	12.98	tp	1
24-AAATTGAAA	STREME-24	4.1e-002	peak_522	12.98	tp	1
24-AAATTGAAA	STREME-24	4.1e-002	peak_170	12.98	tp	1
24-AAATTGAAA	STREME-24	4.1e-002	peak_194	12.98	fp	1
24-AAATTGAAA	STREME-24	4.1e-002	peak_218	12.66	tp	0
24-AAATTGAAA	STREME-24	4.1e-002	peak_213	12.66	tp	0
24-AAATTGAAA	STREME-24	4.1e-002	peak_663	12.66	tp	0
24-AAATTGAAA	STREME-24	4.1e-002	peak_86	12.66	tp	0
24-AAATTGAAA	STREME-24	4.1e-002	peak_305	12.66	tp	0
24-AAATTGAAA	STREME-24	4.1e-002	peak_448	12.66	tp	0
24-AAATTGAAA	STREME-24	4.1e-002	peak_833	12.66	tp	0
24-AAATTGAAA	STREME-24	4.1e-002	peak_692	12.66	tp	0
24-AAATTGAAA	STREME-24	4.1e-002	peak_729	12.66	tp	0
24-AAATTGAAA	STREME-24	4.1e-002	peak_502	12.66	tp	0
24-AAATTGAAA	STREME-24	4.1e-002	peak_135	12.66	tp	0
24-AAATTGAAA	STREME-24	4.1e-002	peak_426	12.66	tp	0
24-AAATTGAAA	STREME-24	4.1e-002	peak_444	12.66	tp	0
24-AAATTGAAA	STREME-24	4.1e-002	peak_603	12.66	tp	0
24-AAATTGAAA	STREME-24	4.1e-002	peak_468	12.66	tp	0
24-AAATTGAAA	STREME-24	4.1e-002	peak_813	12.66	tp	0
24-AAATTGAAA	STREME-24	4.1e-002	peak_868	12.66	tp	0
24-AAATTGAAA	STREME-24	4.1e-002	peak_226	12.66	fp	0
24-AAATTGAAA	STREME-24	4.1e-002	peak_135	12.66	fp	0
24-AAATTGAAA	STREME-24	4.1e-002	peak_78	12.66	fp	0
24-AAATTGAAA	STREME-24	4.1e-002	peak_708	12.66	fp	0
24-AAATTGAAA	STREME-24	4.1e-002	peak_808	12.66	fp	0
24-AAATTGAAA	STREME-24	4.1e-002	peak_69	12.66	fp	0
24-AAATTGAAA	STREME-24	4.1e-002	peak_225	12.66	tp	1
24-AAATTGAAA	STREME-24	4.1e-002	peak_478	12.66	tp	1
24-AAATTGAAA	STREME-24	4.1e-002	peak_84	12.63	tp	0
24-AAATTGAAA	STREME-24	4.1e-002	peak_19	12.63	tp	0
24-AAATTGAAA	STREME-24	4.1e-002	peak_542	12.63	tp	0
24-AAATTGAAA	STREME-24	4.1e-002	peak_307	12.63	tp	0
24-AAATTGAAA	STREME-24	4.1e-002	peak_721	12.63	tp	0
24-AAATTGAAA	STREME-24	4.1e-002	peak_297	12.63	tp	0
24-AAATTGAAA	STREME-24	4.1e-002	peak_607	12.63	tp	0
24-AAATTGAAA	STREME-24	4.1e-002	peak_466	12.63	tp	0
24-AAATTGAAA	STREME-24	4.1e-002	peak_648	12.63	tp	0
24-AAATTGAAA	STREME-24	4.1e-002	peak_613	12.63	tp	0
24-AAATTGAAA	STREME-24	4.1e-002	peak_537	12.63	tp	0
24-AAATTGAAA	STREME-24	4.1e-002	peak_493	12.63	tp	0
24-AAATTGAAA	STREME-24	4.1e-002	peak_425	12.63	tp	0
24-AAATTGAAA	STREME-24	4.1e-002	peak_138	12.63	tp	0
24-AAATTGAAA	STREME-24	4.1e-002	peak_634	12.63	fp	0
24-AAATTGAAA	STREME-24	4.1e-002	peak_77	12.63	fp	0
24-AAATTGAAA	STREME-24	4.1e-002	peak_130	12.63	fp	0
24-AAATTGAAA	STREME-24	4.1e-002	peak_433	12.63	fp	0
24-AAATTGAAA	STREME-24	4.1e-002	peak_687	12.63	tp	1
24-AAATTGAAA	STREME-24	4.1e-002	peak_19	12.63	fp	1
24-AAATTGAAA	STREME-24	4.1e-002	peak_859	12.63	fp	1
24-AAATTGAAA	STREME-24	4.1e-002	peak_205	11.90	tp	0
24-AAATTGAAA	STREME-24	4.1e-002	peak_319	11.90	tp	0
24-AAATTGAAA	STREME-24	4.1e-002	peak_374	11.90	tp	0
24-AAATTGAAA	STREME-24	4.1e-002	peak_220	11.90	tp	0
24-AAATTGAAA	STREME-24	4.1e-002	peak_286	11.90	tp	0
24-AAATTGAAA	STREME-24	4.1e-002	peak_621	11.90	tp	0
24-AAATTGAAA	STREME-24	4.1e-002	peak_379	11.90	tp	0
24-AAATTGAAA	STREME-24	4.1e-002	peak_730	11.90	tp	0
24-AAATTGAAA	STREME-24	4.1e-002	peak_845	11.90	tp	0
24-AAATTGAAA	STREME-24	4.1e-002	peak_57	11.90	tp	0
24-AAATTGAAA	STREME-24	4.1e-002	peak_12	11.90	tp	0
24-AAATTGAAA	STREME-24	4.1e-002	peak_639	11.90	tp	0
24-AAATTGAAA	STREME-24	4.1e-002	peak_589	11.90	tp	0
24-AAATTGAAA	STREME-24	4.1e-002	peak_546	11.90	fp	0
24-AAATTGAAA	STREME-24	4.1e-002	peak_458	11.90	fp	0
24-AAATTGAAA	STREME-24	4.1e-002	peak_395	11.90	fp	0
24-AAATTGAAA	STREME-24	4.1e-002	peak_98	11.90	fp	0
24-AAATTGAAA	STREME-24	4.1e-002	peak_332	11.90	tp	1
24-AAATTGAAA	STREME-24	4.1e-002	peak_546	11.90	tp	1
24-AAATTGAAA	STREME-24	4.1e-002	peak_251	11.76	tp	0
24-AAATTGAAA	STREME-24	4.1e-002	peak_632	11.76	tp	0
24-AAATTGAAA	STREME-24	4.1e-002	peak_549	11.76	tp	0
24-AAATTGAAA	STREME-24	4.1e-002	peak_94	11.76	tp	0
24-AAATTGAAA	STREME-24	4.1e-002	peak_814	11.76	tp	0
24-AAATTGAAA	STREME-24	4.1e-002	peak_355	11.76	tp	0
24-AAATTGAAA	STREME-24	4.1e-002	peak_583	11.76	tp	0
24-AAATTGAAA	STREME-24	4.1e-002	peak_753	11.76	tp	0
24-AAATTGAAA	STREME-24	4.1e-002	peak_811	11.76	fp	0
24-AAATTGAAA	STREME-24	4.1e-002	peak_221	11.76	fp	0
24-AAATTGAAA	STREME-24	4.1e-002	peak_585	11.76	tp	1
24-AAATTGAAA	STREME-24	4.1e-002	peak_437	11.72	tp	0
24-AAATTGAAA	STREME-24	4.1e-002	peak_140	11.72	tp	0
24-AAATTGAAA	STREME-24	4.1e-002	peak_44	11.72	tp	0
24-AAATTGAAA	STREME-24	4.1e-002	peak_52	11.72	tp	0
24-AAATTGAAA	STREME-24	4.1e-002	peak_98	11.72	tp	0
24-AAATTGAAA	STREME-24	4.1e-002	peak_260	11.72	tp	0
24-AAATTGAAA	STREME-24	4.1e-002	peak_520	11.72	tp	0
24-AAATTGAAA	STREME-24	4.1e-002	peak_219	11.72	tp	0
24-AAATTGAAA	STREME-24	4.1e-002	peak_812	11.72	tp	0
24-AAATTGAAA	STREME-24	4.1e-002	peak_574	11.72	tp	0
24-AAATTGAAA	STREME-24	4.1e-002	peak_517	11.72	tp	0
24-AAATTGAAA	STREME-24	4.1e-002	peak_467	11.72	tp	0
24-AAATTGAAA	STREME-24	4.1e-002	peak_349	11.72	tp	0
24-AAATTGAAA	STREME-24	4.1e-002	peak_761	11.72	tp	0
24-AAATTGAAA	STREME-24	4.1e-002	peak_256	11.72	tp	0
24-AAATTGAAA	STREME-24	4.1e-002	peak_74	11.72	fp	0
24-AAATTGAAA	STREME-24	4.1e-002	peak_239	11.72	fp	0
24-AAATTGAAA	STREME-24	4.1e-002	peak_734	11.72	fp	0
24-AAATTGAAA	STREME-24	4.1e-002	peak_189	11.72	fp	0
24-AAATTGAAA	STREME-24	4.1e-002	peak_100	11.72	fp	0
24-AAATTGAAA	STREME-24	4.1e-002	peak_20	11.72	fp	0
24-AAATTGAAA	STREME-24	4.1e-002	peak_724	11.72	tp	1
24-AAATTGAAA	STREME-24	4.1e-002	peak_208	11.72	fp	1
24-AAATTGAAA	STREME-24	4.1e-002	peak_384	11.72	fp	1
24-AAATTGAAA	STREME-24	4.1e-002	peak_374	11.72	fp	1
24-AAATTGAAA	STREME-24	4.1e-002	peak_298	11.59	tp	0
24-AAATTGAAA	STREME-24	4.1e-002	peak_748	11.59	tp	0
24-AAATTGAAA	STREME-24	4.1e-002	peak_68	11.59	tp	0
24-AAATTGAAA	STREME-24	4.1e-002	peak_2	11.59	tp	0
24-AAATTGAAA	STREME-24	4.1e-002	peak_207	11.59	tp	0
24-AAATTGAAA	STREME-24	4.1e-002	peak_866	11.59	tp	0
24-AAATTGAAA	STREME-24	4.1e-002	peak_71	11.59	tp	0
24-AAATTGAAA	STREME-24	4.1e-002	peak_441	11.59	tp	0
24-AAATTGAAA	STREME-24	4.1e-002	peak_21	11.59	tp	0
24-AAATTGAAA	STREME-24	4.1e-002	peak_682	11.59	tp	0
24-AAATTGAAA	STREME-24	4.1e-002	peak_248	11.59	tp	0
24-AAATTGAAA	STREME-24	4.1e-002	peak_306	11.59	tp	0
24-AAATTGAAA	STREME-24	4.1e-002	peak_826	11.59	tp	0
24-AAATTGAAA	STREME-24	4.1e-002	peak_358	11.59	tp	0
24-AAATTGAAA	STREME-24	4.1e-002	peak_337	11.59	tp	0
24-AAATTGAAA	STREME-24	4.1e-002	peak_141	11.59	tp	0
24-AAATTGAAA	STREME-24	4.1e-002	peak_728	11.59	tp	0
24-AAATTGAAA	STREME-24	4.1e-002	peak_184	11.59	tp	0
24-AAATTGAAA	STREME-24	4.1e-002	peak_263	11.59	tp	0
24-AAATTGAAA	STREME-24	4.1e-002	peak_793	11.59	tp	0
24-AAATTGAAA	STREME-24	4.1e-002	peak_22	11.59	tp	0
24-AAATTGAAA	STREME-24	4.1e-002	peak_123	11.59	tp	0
24-AAATTGAAA	STREME-24	4.1e-002	peak_314	11.59	tp	0
24-AAATTGAAA	STREME-24	4.1e-002	peak_117	11.59	tp	0
24-AAATTGAAA	STREME-24	4.1e-002	peak_377	11.59	tp	0
24-AAATTGAAA	STREME-24	4.1e-002	peak_454	11.59	tp	0
24-AAATTGAAA	STREME-24	4.1e-002	peak_39	11.59	tp	0
24-AAATTGAAA	STREME-24	4.1e-002	peak_815	11.59	tp	0
24-AAATTGAAA	STREME-24	4.1e-002	peak_482	11.59	tp	0
24-AAATTGAAA	STREME-24	4.1e-002	peak_553	11.59	fp	0
24-AAATTGAAA	STREME-24	4.1e-002	peak_603	11.59	fp	0
24-AAATTGAAA	STREME-24	4.1e-002	peak_67	11.59	fp	0
24-AAATTGAAA	STREME-24	4.1e-002	peak_401	11.59	fp	0
24-AAATTGAAA	STREME-24	4.1e-002	peak_435	11.59	fp	0
24-AAATTGAAA	STREME-24	4.1e-002	peak_224	11.59	fp	0
24-AAATTGAAA	STREME-24	4.1e-002	peak_116	11.59	fp	0
24-AAATTGAAA	STREME-24	4.1e-002	peak_267	11.59	fp	0
24-AAATTGAAA	STREME-24	4.1e-002	peak_655	11.59	fp	0
24-AAATTGAAA	STREME-24	4.1e-002	peak_286	11.59	fp	0
24-AAATTGAAA	STREME-24	4.1e-002	peak_404	11.59	fp	0
24-AAATTGAAA	STREME-24	4.1e-002	peak_80	11.59	fp	0
24-AAATTGAAA	STREME-24	4.1e-002	peak_8	11.59	fp	0
24-AAATTGAAA	STREME-24	4.1e-002	peak_401	11.59	tp	1
24-AAATTGAAA	STREME-24	4.1e-002	peak_82	11.59	tp	1
24-AAATTGAAA	STREME-24	4.1e-002	peak_188	11.59	tp	1
24-AAATTGAAA	STREME-24	4.1e-002	peak_558	11.59	fp	1
24-AAATTGAAA	STREME-24	4.1e-002	peak_211	11.59	fp	1
24-AAATTGAAA	STREME-24	4.1e-002	peak_365	10.78	tp	0
24-AAATTGAAA	STREME-24	4.1e-002	peak_244	10.78	tp	0
24-AAATTGAAA	STREME-24	4.1e-002	peak_504	10.78	tp	0
24-AAATTGAAA	STREME-24	4.1e-002	peak_396	10.78	tp	0
24-AAATTGAAA	STREME-24	4.1e-002	peak_288	10.78	tp	0
24-AAATTGAAA	STREME-24	4.1e-002	peak_154	10.78	tp	0
24-AAATTGAAA	STREME-24	4.1e-002	peak_656	10.78	tp	0
24-AAATTGAAA	STREME-24	4.1e-002	peak_167	10.78	fp	0
24-AAATTGAAA	STREME-24	4.1e-002	peak_748	10.78	fp	0
24-AAATTGAAA	STREME-24	4.1e-002	peak_574	10.78	fp	0
#
25-GCCAAA	STREME-25	4.6e-002	peak_809	11.59	tp	0
25-GCCAAA	STREME-25	4.6e-002	peak_24	11.59	tp	0
25-GCCAAA	STREME-25	4.6e-002	peak_214	11.59	tp	0
25-GCCAAA	STREME-25	4.6e-002	peak_289	11.59	tp	0
25-GCCAAA	STREME-25	4.6e-002	peak_208	11.59	tp	0
25-GCCAAA	STREME-25	4.6e-002	peak_657	11.59	tp	0
25-GCCAAA	STREME-25	4.6e-002	peak_864	11.59	tp	0
25-GCCAAA	STREME-25	4.6e-002	peak_489	11.59	tp	0
25-GCCAAA	STREME-25	4.6e-002	peak_747	11.59	tp	0
25-GCCAAA	STREME-25	4.6e-002	peak_706	11.59	tp	0
25-GCCAAA	STREME-25	4.6e-002	peak_218	11.59	tp	0
25-GCCAAA	STREME-25	4.6e-002	peak_670	11.59	tp	0
25-GCCAAA	STREME-25	4.6e-002	peak_365	11.59	tp	0
25-GCCAAA	STREME-25	4.6e-002	peak_140	11.59	tp	0
25-GCCAAA	STREME-25	4.6e-002	peak_270	11.59	tp	0
25-GCCAAA	STREME-25	4.6e-002	peak_354	11.59	tp	0
25-GCCAAA	STREME-25	4.6e-002	peak_147	11.59	tp	0
25-GCCAAA	STREME-25	4.6e-002	peak_823	11.59	tp	0
25-GCCAAA	STREME-25	4.6e-002	peak_748	11.59	tp	0
25-GCCAAA	STREME-25	4.6e-002	peak_66	11.59	tp	0
25-GCCAAA	STREME-25	4.6e-002	peak_325	11.59	tp	0
25-GCCAAA	STREME-25	4.6e-002	peak_114	11.59	tp	0
25-GCCAAA	STREME-25	4.6e-002	peak_47	11.59	tp	0
25-GCCAAA	STREME-25	4.6e-002	peak_282	11.59	tp	0
25-GCCAAA	STREME-25	4.6e-002	peak_319	11.59	tp	0
25-GCCAAA	STREME-25	4.6e-002	peak_50	11.59	tp	0
25-GCCAAA	STREME-25	4.6e-002	peak_110	11.59	tp	0
25-GCCAAA	STREME-25	4.6e-002	peak_491	11.59	tp	0
25-GCCAAA	STREME-25	4.6e-002	peak_651	11.59	tp	0
25-GCCAAA	STREME-25	4.6e-002	peak_779	11.59	tp	0
25-GCCAAA	STREME-25	4.6e-002	peak_835	11.59	tp	0
25-GCCAAA	STREME-25	4.6e-002	peak_52	11.59	tp	0
25-GCCAAA	STREME-25	4.6e-002	peak_488	11.59	tp	0
25-GCCAAA	STREME-25	4.6e-002	peak_29	11.59	tp	0
25-GCCAAA	STREME-25	4.6e-002	peak_430	11.59	tp	0
25-GCCAAA	STREME-25	4.6e-002	peak_536	11.59	tp	0
25-GCCAAA	STREME-25	4.6e-002	peak_252	11.59	tp	0
25-GCCAAA	STREME-25	4.6e-002	peak_652	11.59	tp	0
25-GCCAAA	STREME-25	4.6e-002	peak_305	11.59	tp	0
25-GCCAAA	STREME-25	4.6e-002	peak_186	11.59	tp	0
25-GCCAAA	STREME-25	4.6e-002	peak_480	11.59	tp	0
25-GCCAAA	STREME-25	4.6e-002	peak_207	11.59	tp	0
25-GCCAAA	STREME-25	4.6e-002	peak_98	11.59	tp	0
25-GCCAAA	STREME-25	4.6e-002	peak_525	11.59	tp	0
25-GCCAAA	STREME-25	4.6e-002	peak_660	11.59	tp	0
25-GCCAAA	STREME-25	4.6e-002	peak_220	11.59	tp	0
25-GCCAAA	STREME-25	4.6e-002	peak_573	11.59	tp	0
25-GCCAAA	STREME-25	4.6e-002	peak_833	11.59	tp	0
25-GCCAAA	STREME-25	4.6e-002	peak_504	11.59	tp	0
25-GCCAAA	STREME-25	4.6e-002	peak_185	11.59	tp	0
25-GCCAAA	STREME-25	4.6e-002	peak_576	11.59	tp	0
25-GCCAAA	STREME-25	4.6e-002	peak_756	11.59	tp	0
25-GCCAAA	STREME-25	4.6e-002	peak_764	11.59	tp	0
25-GCCAAA	STREME-25	4.6e-002	peak_511	11.59	tp	0
25-GCCAAA	STREME-25	4.6e-002	peak_20	11.59	tp	0
25-GCCAAA	STREME-25	4.6e-002	peak_586	11.59	tp	0
25-GCCAAA	STREME-25	4.6e-002	peak_775	11.59	tp	0
25-GCCAAA	STREME-25	4.6e-002	peak_818	11.59	tp	0
25-GCCAAA	STREME-25	4.6e-002	peak_327	11.59	tp	0
25-GCCAAA	STREME-25	4.6e-002	peak_346	11.59	tp	0
25-GCCAAA	STREME-25	4.6e-002	peak_279	11.59	tp	0
25-GCCAAA	STREME-25	4.6e-002	peak_520	11.59	tp	0
25-GCCAAA	STREME-25	4.6e-002	peak_632	11.59	tp	0
25-GCCAAA	STREME-25	4.6e-002	peak_650	11.59	tp	0
25-GCCAAA	STREME-25	4.6e-002	peak_271	11.59	tp	0
25-GCCAAA	STREME-25	4.6e-002	peak_255	11.59	tp	0
25-GCCAAA	STREME-25	4.6e-002	peak_379	11.59	tp	0
25-GCCAAA	STREME-25	4.6e-002	peak_8	11.59	tp	0
25-GCCAAA	STREME-25	4.6e-002	peak_120	11.59	tp	0
25-GCCAAA	STREME-25	4.6e-002	peak_239	11.59	tp	0
25-GCCAAA	STREME-25	4.6e-002	peak_90	11.59	tp	0
25-GCCAAA	STREME-25	4.6e-002	peak_804	11.59	tp	0
25-GCCAAA	STREME-25	4.6e-002	peak_763	11.59	tp	0
25-GCCAAA	STREME-25	4.6e-002	peak_569	11.59	tp	0
25-GCCAAA	STREME-25	4.6e-002	peak_743	11.59	tp	0
25-GCCAAA	STREME-25	4.6e-002	peak_549	11.59	tp	0
25-GCCAAA	STREME-25	4.6e-002	peak_859	11.59	tp	0
25-GCCAAA	STREME-25	4.6e-002	peak_272	11.59	tp	0
25-GCCAAA	STREME-25	4.6e-002	peak_376	11.59	tp	0
25-GCCAAA	STREME-25	4.6e-002	peak_565	11.59	tp	0
25-GCCAAA	STREME-25	4.6e-002	peak_581	11.59	tp	0
25-GCCAAA	STREME-25	4.6e-002	peak_653	11.59	tp	0
25-GCCAAA	STREME-25	4.6e-002	peak_435	11.59	tp	0
25-GCCAAA	STREME-25	4.6e-002	peak_760	11.59	tp	0
25-GCCAAA	STREME-25	4.6e-002	peak_682	11.59	tp	0
25-GCCAAA	STREME-25	4.6e-002	peak_301	11.59	tp	0
25-GCCAAA	STREME-25	4.6e-002	peak_219	11.59	tp	0
25-GCCAAA	STREME-25	4.6e-002	peak_96	11.59	tp	0
25-GCCAAA	STREME-25	4.6e-002	peak_54	11.59	tp	0
25-GCCAAA	STREME-25	4.6e-002	peak_625	11.59	tp	0
25-GCCAAA	STREME-25	4.6e-002	peak_134	11.59	tp	0
25-GCCAAA	STREME-25	4.6e-002	peak_127	11.59	tp	0
25-GCCAAA	STREME-25	4.6e-002	peak_666	11.59	tp	0
25-GCCAAA	STREME-25	4.6e-002	peak_495	11.59	tp	0
25-GCCAAA	STREME-25	4.6e-002	peak_609	11.59	tp	0
25-GCCAAA	STREME-25	4.6e-002	peak_796	11.59	tp	0
25-GCCAAA	STREME-25	4.6e-002	peak_177	11.59	tp	0
25-GCCAAA	STREME-25	4.6e-002	peak_203	11.59	tp	0
25-GCCAAA	STREME-25	4.6e-002	peak_217	11.59	tp	0
25-GCCAAA	STREME-25	4.6e-002	peak_400	11.59	tp	0
25-GCCAAA	STREME-25	4.6e-002	peak_627	11.59	tp	0
25-GCCAAA	STREME-25	4.6e-002	peak_171	11.59	tp	0
25-GCCAAA	STREME-25	4.6e-002	peak_467	11.59	tp	0
25-GCCAAA	STREME-25	4.6e-002	peak_312	11.59	tp	0
25-GCCAAA	STREME-25	4.6e-002	peak_424	11.59	tp	0
25-GCCAAA	STREME-25	4.6e-002	peak_802	11.59	tp	0
25-GCCAAA	STREME-25	4.6e-002	peak_445	11.59	tp	0
25-GCCAAA	STREME-25	4.6e-002	peak_531	11.59	tp	0
25-GCCAAA	STREME-25	4.6e-002	peak_776	11.59	tp	0
25-GCCAAA	STREME-25	4.6e-002	peak_523	11.59	tp	0
25-GCCAAA	STREME-25	4.6e-002	peak_729	11.59	tp	0
25-GCCAAA	STREME-25	4.6e-002	peak_617	11.59	tp	0
25-GCCAAA	STREME-25	4.6e-002	peak_308	11.59	tp	0
25-GCCAAA	STREME-25	4.6e-002	peak_104	11.59	tp	0
25-GCCAAA	STREME-25	4.6e-002	peak_492	11.59	tp	0
25-GCCAAA	STREME-25	4.6e-002	peak_742	11.59	tp	0
25-GCCAAA	STREME-25	4.6e-002	peak_151	11.59	tp	0
25-GCCAAA	STREME-25	4.6e-002	peak_754	11.59	tp	0
25-GCCAAA	STREME-25	4.6e-002	peak_53	11.59	tp	0
25-GCCAAA	STREME-25	4.6e-002	peak_709	11.59	tp	0
25-GCCAAA	STREME-25	4.6e-002	peak_349	11.59	tp	0
25-GCCAAA	STREME-25	4.6e-002	peak_173	11.59	tp	0
25-GCCAAA	STREME-25	4.6e-002	peak_276	11.59	tp	0
25-GCCAAA	STREME-25	4.6e-002	peak_716	11.59	tp	0
25-GCCAAA	STREME-25	4.6e-002	peak_302	11.59	tp	0
25-GCCAAA	STREME-25	4.6e-002	peak_118	11.59	tp	0
25-GCCAAA	STREME-25	4.6e-002	peak_442	11.59	tp	0
25-GCCAAA	STREME-25	4.6e-002	peak_360	11.59	tp	0
25-GCCAAA	STREME-25	4.6e-002	peak_543	11.59	tp	0
25-GCCAAA	STREME-25	4.6e-002	peak_340	11.59	tp	0
25-GCCAAA	STREME-25	4.6e-002	peak_490	11.59	tp	0
25-GCCAAA	STREME-25	4.6e-002	peak_126	11.59	tp	0
25-GCCAAA	STREME-25	4.6e-002	peak_460	11.59	tp	0
25-GCCAAA	STREME-25	4.6e-002	peak_590	11.59	tp	0
25-GCCAAA	STREME-25	4.6e-002	peak_150	11.59	tp	0
25-GCCAAA	STREME-25	4.6e-002	peak_263	11.59	tp	0
25-GCCAAA	STREME-25	4.6e-002	peak_634	11.59	tp	0
25-GCCAAA	STREME-25	4.6e-002	peak_216	11.59	tp	0
25-GCCAAA	STREME-25	4.6e-002	peak_793	11.59	tp	0
25-GCCAAA	STREME-25	4.6e-002	peak_473	11.59	tp	0
25-GCCAAA	STREME-25	4.6e-002	peak_175	11.59	tp	0
25-GCCAAA	STREME-25	4.6e-002	peak_406	11.59	tp	0
25-GCCAAA	STREME-25	4.6e-002	peak_557	11.59	tp	0
25-GCCAAA	STREME-25	4.6e-002	peak_168	11.59	tp	0
25-GCCAAA	STREME-25	4.6e-002	peak_101	11.59	tp	0
25-GCCAAA	STREME-25	4.6e-002	peak_537	11.59	tp	0
25-GCCAAA	STREME-25	4.6e-002	peak_123	11.59	tp	0
25-GCCAAA	STREME-25	4.6e-002	peak_383	11.59	tp	0
25-GCCAAA	STREME-25	4.6e-002	peak_801	11.59	tp	0
25-GCCAAA	STREME-25	4.6e-002	peak_616	11.59	tp	0
25-GCCAAA	STREME-25	4.6e-002	peak_582	11.59	tp	0
25-GCCAAA	STREME-25	4.6e-002	peak_159	11.59	tp	0
25-GCCAAA	STREME-25	4.6e-002	peak_444	11.59	tp	0
25-GCCAAA	STREME-25	4.6e-002	peak_844	11.59	tp	0
25-GCCAAA	STREME-25	4.6e-002	peak_606	11.59	tp	0
25-GCCAAA	STREME-25	4.6e-002	peak_497	11.59	tp	0
25-GCCAAA	STREME-25	4.6e-002	peak_293	11.59	tp	0
25-GCCAAA	STREME-25	4.6e-002	peak_144	11.59	tp	0
25-GCCAAA	STREME-25	4.6e-002	peak_443	11.59	tp	0
25-GCCAAA	STREME-25	4.6e-002	peak_321	11.59	tp	0
25-GCCAAA	STREME-25	4.6e-002	peak_727	11.59	tp	0
25-GCCAAA	STREME-25	4.6e-002	peak_46	11.59	tp	0
25-GCCAAA	STREME-25	4.6e-002	peak_707	11.59	tp	0
25-GCCAAA	STREME-25	4.6e-002	peak_596	11.59	tp	0
25-GCCAAA	STREME-25	4.6e-002	peak_425	11.59	tp	0
25-GCCAAA	STREME-25	4.6e-002	peak_733	11.59	tp	0
25-GCCAAA	STREME-25	4.6e-002	peak_510	11.59	tp	0
25-GCCAAA	STREME-25	4.6e-002	peak_753	11.59	tp	0
25-GCCAAA	STREME-25	4.6e-002	peak_799	11.59	tp	0
25-GCCAAA	STREME-25	4.6e-002	peak_482	11.59	tp	0
25-GCCAAA	STREME-25	4.6e-002	peak_641	11.59	fp	0
25-GCCAAA	STREME-25	4.6e-002	peak_786	11.59	fp	0
25-GCCAAA	STREME-25	4.6e-002	peak_242	11.59	fp	0
25-GCCAAA	STREME-25	4.6e-002	peak_481	11.59	fp	0
25-GCCAAA	STREME-25	4.6e-002	peak_630	11.59	fp	0
25-GCCAAA	STREME-25	4.6e-002	peak_510	11.59	fp	0
25-GCCAAA	STREME-25	4.6e-002	peak_737	11.59	fp	0
25-GCCAAA	STREME-25	4.6e-002	peak_520	11.59	fp	0
25-GCCAAA	STREME-25	4.6e-002	peak_104	11.59	fp	0
25-GCCAAA	STREME-25	4.6e-002	peak_7	11.59	fp	0
25-GCCAAA	STREME-25	4.6e-002	peak_559	11.59	fp	0
25-GCCAAA	STREME-25	4.6e-002	peak_656	11.59	fp	0
25-GCCAAA	STREME-25	4.6e-002	peak_236	11.59	fp	0
25-GCCAAA	STREME-25	4.6e-002	peak_117	11.59	fp	0
25-GCCAAA	STREME-25	4.6e-002	peak_418	11.59	fp	0
25-GCCAAA	STREME-25	4.6e-002	peak_717	11.59	fp	0
25-GCCAAA	STREME-25	4.6e-002	peak_279	11.59	fp	0
25-GCCAAA	STREME-25	4.6e-002	peak_358	11.59	fp	0
25-GCCAAA	STREME-25	4.6e-002	peak_453	11.59	fp	0
25-GCCAAA	STREME-25	4.6e-002	peak_40	11.59	fp	0
25-GCCAAA	STREME-25	4.6e-002	peak_28	11.59	fp	0
25-GCCAAA	STREME-25	4.6e-002	peak_142	11.59	fp	0
25-GCCAAA	STREME-25	4.6e-002	peak_392	11.59	fp	0
25-GCCAAA	STREME-25	4.6e-002	peak_397	11.59	fp	0
25-GCCAAA	STREME-25	4.6e-002	peak_111	11.59	fp	0
25-GCCAAA	STREME-25	4.6e-002	peak_811	11.59	fp	0
25-GCCAAA	STREME-25	4.6e-002	peak_188	11.59	fp	0
25-GCCAAA	STREME-25	4.6e-002	peak_757	11.59	fp	0
25-GCCAAA	STREME-25	4.6e-002	peak_385	11.59	fp	0
25-GCCAAA	STREME-25	4.6e-002	peak_643	11.59	fp	0
25-GCCAAA	STREME-25	4.6e-002	peak_218	11.59	fp	0
25-GCCAAA	STREME-25	4.6e-002	peak_531	11.59	fp	0
25-GCCAAA	STREME-25	4.6e-002	peak_415	11.59	fp	0
25-GCCAAA	STREME-25	4.6e-002	peak_735	11.59	fp	0
25-GCCAAA	STREME-25	4.6e-002	peak_413	11.59	fp	0
25-GCCAAA	STREME-25	4.6e-002	peak_215	11.59	fp	0
25-GCCAAA	STREME-25	4.6e-002	peak_126	11.59	fp	0
25-GCCAAA	STREME-25	4.6e-002	peak_239	11.59	fp	0
25-GCCAAA	STREME-25	4.6e-002	peak_455	11.59	fp	0
25-GCCAAA	STREME-25	4.6e-002	peak_709	11.59	fp	0
25-GCCAAA	STREME-25	4.6e-002	peak_87	11.59	fp	0
25-GCCAAA	STREME-25	4.6e-002	peak_820	11.59	fp	0
25-GCCAAA	STREME-25	4.6e-002	peak_17	11.59	fp	0
25-GCCAAA	STREME-25	4.6e-002	peak_48	11.59	fp	0
25-GCCAAA	STREME-25	4.6e-002	peak_183	11.59	fp	0
25-GCCAAA	STREME-25	4.6e-002	peak_458	11.59	fp	0
25-GCCAAA	STREME-25	4.6e-002	peak_565	11.59	fp	0
25-GCCAAA	STREME-25	4.6e-002	peak_427	11.59	fp	0
25-GCCAAA	STREME-25	4.6e-002	peak_620	11.59	fp	0
25-GCCAAA	STREME-25	4.6e-002	peak_494	11.59	fp	0
25-GCCAAA	STREME-25	4.6e-002	peak_324	11.59	fp	0
25-GCCAAA	STREME-25	4.6e-002	peak_167	11.59	fp	0
25-GCCAAA	STREME-25	4.6e-002	peak_441	11.59	fp	0
25-GCCAAA	STREME-25	4.6e-002	peak_767	11.59	fp	0
25-GCCAAA	STREME-25	4.6e-002	peak_496	11.59	fp	0
25-GCCAAA	STREME-25	4.6e-002	peak_467	11.59	fp	0
25-GCCAAA	STREME-25	4.6e-002	peak_523	11.59	fp	0
25-GCCAAA	STREME-25	4.6e-002	peak_171	11.59	fp	0
25-GCCAAA	STREME-25	4.6e-002	peak_832	11.59	fp	0
25-GCCAAA	STREME-25	4.6e-002	peak_234	11.59	fp	0
25-GCCAAA	STREME-25	4.6e-002	peak_853	11.59	fp	0
25-GCCAAA	STREME-25	4.6e-002	peak_53	11.59	fp	0
25-GCCAAA	STREME-25	4.6e-002	peak_120	11.59	fp	0
25-GCCAAA	STREME-25	4.6e-002	peak_831	11.59	fp	0
25-GCCAAA	STREME-25	4.6e-002	peak_544	11.59	fp	0
25-GCCAAA	STREME-25	4.6e-002	peak_581	11.59	fp	0
25-GCCAAA	STREME-25	4.6e-002	peak_653	11.59	fp	0
25-GCCAAA	STREME-25	4.6e-002	peak_792	11.59	fp	0
25-GCCAAA	STREME-25	4.6e-002	peak_472	11.59	fp	0
25-GCCAAA	STREME-25	4.6e-002	peak_133	11.59	fp	0
25-GCCAAA	STREME-25	4.6e-002	peak_47	11.59	fp	0
25-GCCAAA	STREME-25	4.6e-002	peak_252	11.59	fp	0
25-GCCAAA	STREME-25	4.6e-002	peak_94	11.59	fp	0
25-GCCAAA	STREME-25	4.6e-002	peak_76	11.59	fp	0
25-GCCAAA	STREME-25	4.6e-002	peak_479	11.59	fp	0
25-GCCAAA	STREME-25	4.6e-002	peak_189	11.59	fp	0
25-GCCAAA	STREME-25	4.6e-002	peak_122	11.59	fp	0
25-GCCAAA	STREME-25	4.6e-002	peak_854	11.59	fp	0
25-GCCAAA	STREME-25	4.6e-002	peak_676	11.59	fp	0
25-GCCAAA	STREME-25	4.6e-002	peak_491	11.59	fp	0
25-GCCAAA	STREME-25	4.6e-002	peak_206	11.59	fp	0
25-GCCAAA	STREME-25	4.6e-002	peak_339	11.59	fp	0
25-GCCAAA	STREME-25	4.6e-002	peak_267	11.59	fp	0
25-GCCAAA	STREME-25	4.6e-002	peak_298	11.59	fp	0
25-GCCAAA	STREME-25	4.6e-002	peak_608	11.59	fp	0
25-GCCAAA	STREME-25	4.6e-002	peak_276	11.59	fp	0
25-GCCAAA	STREME-25	4.6e-002	peak_219	11.59	fp	0
25-GCCAAA	STREME-25	4.6e-002	peak_278	11.59	fp	0
25-GCCAAA	STREME-25	4.6e-002	peak_410	11.59	fp	0
25-GCCAAA	STREME-25	4.6e-002	peak_197	11.59	fp	0
25-GCCAAA	STREME-25	4.6e-002	peak_431	11.59	fp	0
25-GCCAAA	STREME-25	4.6e-002	peak_327	11.59	fp	0
25-GCCAAA	STREME-25	4.6e-002	peak_868	11.59	fp	0
25-GCCAAA	STREME-25	4.6e-002	peak_20	11.59	fp	0
25-GCCAAA	STREME-25	4.6e-002	peak_369	11.59	fp	0
25-GCCAAA	STREME-25	4.6e-002	peak_334	11.59	fp	0
25-GCCAAA	STREME-25	4.6e-002	peak_530	11.59	fp	0
25-GCCAAA	STREME-25	4.6e-002	peak_604	11.59	fp	0
25-GCCAAA	STREME-25	4.6e-002	peak_25	11.59	tp	1
25-GCCAAA	STREME-25	4.6e-002	peak_681	11.59	tp	1
25-GCCAAA	STREME-25	4.6e-002	peak_857	11.59	tp	1
25-GCCAAA	STREME-25	4.6e-002	peak_717	11.59	tp	1
25-GCCAAA	STREME-25	4.6e-002	peak_506	11.59	tp	1
25-GCCAAA	STREME-25	4.6e-002	peak_455	11.59	tp	1
25-GCCAAA	STREME-25	4.6e-002	peak_752	11.59	tp	1
25-GCCAAA	STREME-25	4.6e-002	peak_521	11.59	tp	1
25-GCCAAA	STREME-25	4.6e-002	peak_439	11.59	tp	1
25-GCCAAA	STREME-25	4.6e-002	peak_359	11.59	tp	1
25-GCCAAA	STREME-25	4.6e-002	peak_522	11.59	tp	1
25-GCCAAA	STREME-25	4.6e-002	peak_689	11.59	tp	1
25-GCCAAA	STREME-25	4.6e-002	peak_188	11.59	tp	1
25-GCCAAA	STREME-25	4.6e-002	peak_611	11.59	tp	1
25-GCCAAA	STREME-25	4.6e-002	peak_264	11.59	tp	1
25-GCCAAA	STREME-25	4.6e-002	peak_224	11.59	tp	1
25-GCCAAA	STREME-25	4.6e-002	peak_601	11.59	tp	1
25-GCCAAA	STREME-25	4.6e-002	peak_133	11.59	tp	1
25-GCCAAA	STREME-25	4.6e-002	peak_338	11.59	tp	1
25-GCCAAA	STREME-25	4.6e-002	peak_381	11.59	tp	1
25-GCCAAA	STREME-25	4.6e-002	peak_227	11.59	tp	1
25-GCCAAA	STREME-25	4.6e-002	peak_204	11.59	tp	1
25-GCCAAA	STREME-25	4.6e-002	peak_315	11.59	tp	1
25-GCCAAA	STREME-25	4.6e-002	peak_161	11.59	fp	1
25-GCCAAA	STREME-25	4.6e-002	peak_21	11.59	fp	1
25-GCCAAA	STREME-25	4.6e-002	peak_54	11.59	fp	1
25-GCCAAA	STREME-25	4.6e-002	peak_396	11.59	fp	1
25-GCCAAA	STREME-25	4.6e-002	peak_378	11.59	fp	1
25-GCCAAA	STREME-25	4.6e-002	peak_323	11.59	fp	1
25-GCCAAA	STREME-25	4.6e-002	peak_567	11.59	fp	1
25-GCCAAA	STREME-25	4.6e-002	peak_451	11.59	fp	1
25-GCCAAA	STREME-25	4.6e-002	peak_613	11.59	fp	1
25-GCCAAA	STREME-25	4.6e-002	peak_338	11.59	fp	1
25-GCCAAA	STREME-25	4.6e-002	peak_64	11.59	fp	1
25-GCCAAA	STREME-25	4.6e-002	peak_533	11.59	fp	1
25-GCCAAA	STREME-25	4.6e-002	peak_9	11.59	fp	1
#
26-ACATACATATGTATVTAWWT	STREME-26	8.4e-002	peak_465	25.89	tp	0
26-ACATACATATGTATVTAWWT	STREME-26	8.4e-002	peak_702	22.47	tp	0
26-ACATACATATGTATVTAWWT	STREME-26	8.4e-002	peak_681	22.47	tp	1
26-ACATACATATGTATVTAWWT	STREME-26	8.4e-002	peak_98	22.34	tp	0
26-ACATACATATGTATVTAWWT	STREME-26	8.4e-002	peak_410	21.21	tp	0
26-ACATACATATGTATVTAWWT	STREME-26	8.4e-002	peak_214	20.42	tp	0
26-ACATACATATGTATVTAWWT	STREME-26	8.4e-002	peak_110	19.85	tp	0
26-ACATACATATGTATVTAWWT	STREME-26	8.4e-002	peak_660	18.83	tp	0
26-ACATACATATGTATVTAWWT	STREME-26	8.4e-002	peak_848	18.41	tp	0
26-ACATACATATGTATVTAWWT	STREME-26	8.4e-002	peak_167	18.19	tp	0
26-ACATACATATGTATVTAWWT	STREME-26	8.4e-002	peak_605	17.95	tp	0
26-ACATACATATGTATVTAWWT	STREME-26	8.4e-002	peak_124	17.35	fp	0
26-ACATACATATGTATVTAWWT	STREME-26	8.4e-002	peak_297	17.23	tp	0
26-ACATACATATGTATVTAWWT	STREME-26	8.4e-002	peak_797	17.15	tp	0
26-ACATACATATGTATVTAWWT	STREME-26	8.4e-002	peak_551	17.11	tp	1
26-ACATACATATGTATVTAWWT	STREME-26	8.4e-002	peak_601	17.04	tp	1
26-ACATACATATGTATVTAWWT	STREME-26	8.4e-002	peak_327	16.98	tp	0
26-ACATACATATGTATVTAWWT	STREME-26	8.4e-002	peak_718	16.83	tp	0
26-ACATACATATGTATVTAWWT	STREME-26	8.4e-002	peak_735	16.58	tp	0
26-ACATACATATGTATVTAWWT	STREME-26	8.4e-002	peak_369	16.42	tp	0
26-ACATACATATGTATVTAWWT	STREME-26	8.4e-002	peak_824	16.24	tp	0
26-ACATACATATGTATVTAWWT	STREME-26	8.4e-002	peak_115	16.07	tp	0
26-ACATACATATGTATVTAWWT	STREME-26	8.4e-002	peak_312	16.07	tp	0
26-ACATACATATGTATVTAWWT	STREME-26	8.4e-002	peak_662	15.94	tp	0
26-ACATACATATGTATVTAWWT	STREME-26	8.4e-002	peak_156	15.93	tp	0
26-ACATACATATGTATVTAWWT	STREME-26	8.4e-002	peak_150	15.82	tp	0
26-ACATACATATGTATVTAWWT	STREME-26	8.4e-002	peak_757	15.70	tp	0
26-ACATACATATGTATVTAWWT	STREME-26	8.4e-002	peak_73	15.59	tp	0
26-ACATACATATGTATVTAWWT	STREME-26	8.4e-002	peak_639	15.51	tp	0
26-ACATACATATGTATVTAWWT	STREME-26	8.4e-002	peak_194	15.47	tp	0
26-ACATACATATGTATVTAWWT	STREME-26	8.4e-002	peak_169	15.17	tp	0
26-ACATACATATGTATVTAWWT	STREME-26	8.4e-002	peak_108	15.10	tp	0
26-ACATACATATGTATVTAWWT	STREME-26	8.4e-002	peak_76	15.00	tp	0
26-ACATACATATGTATVTAWWT	STREME-26	8.4e-002	peak_18	14.86	fp	0
26-ACATACATATGTATVTAWWT	STREME-26	8.4e-002	peak_697	14.79	fp	0
26-ACATACATATGTATVTAWWT	STREME-26	8.4e-002	peak_489	14.64	fp	0
26-ACATACATATGTATVTAWWT	STREME-26	8.4e-002	peak_677	14.58	tp	0
26-ACATACATATGTATVTAWWT	STREME-26	8.4e-002	peak_182	14.55	tp	1
26-ACATACATATGTATVTAWWT	STREME-26	8.4e-002	peak_578	14.47	tp	0
26-ACATACATATGTATVTAWWT	STREME-26	8.4e-002	peak_329	14.43	tp	0
26-ACATACATATGTATVTAWWT	STREME-26	8.4e-002	peak_53	14.33	tp	0
26-ACATACATATGTATVTAWWT	STREME-26	8.4e-002	peak_440	14.30	tp	0
26-ACATACATATGTATVTAWWT	STREME-26	8.4e-002	peak_181	14.25	tp	0
26-ACATACATATGTATVTAWWT	STREME-26	8.4e-002	peak_853	14.12	tp	0
26-ACATACATATGTATVTAWWT	STREME-26	8.4e-002	peak_152	13.99	fp	0
26-ACATACATATGTATVTAWWT	STREME-26	8.4e-002	peak_623	13.94	tp	0
26-ACATACATATGTATVTAWWT	STREME-26	8.4e-002	peak_69	13.93	tp	0
26-ACATACATATGTATVTAWWT	STREME-26	8.4e-002	peak_324	13.87	tp	0
26-ACATACATATGTATVTAWWT	STREME-26	8.4e-002	peak_215	13.76	tp	0
26-ACATACATATGTATVTAWWT	STREME-26	8.4e-002	peak_313	13.58	tp	1
26-ACATACATATGTATVTAWWT	STREME-26	8.4e-002	peak_180	13.51	fp	0
26-ACATACATATGTATVTAWWT	STREME-26	8.4e-002	peak_663	13.49	tp	0
26-ACATACATATGTATVTAWWT	STREME-26	8.4e-002	peak_141	13.47	tp	0
26-ACATACATATGTATVTAWWT	STREME-26	8.4e-002	peak_321	13.44	tp	0
26-ACATACATATGTATVTAWWT	STREME-26	8.4e-002	peak_756	13.42	tp	0
26-ACATACATATGTATVTAWWT	STREME-26	8.4e-002	peak_471	13.40	tp	0
26-ACATACATATGTATVTAWWT	STREME-26	8.4e-002	peak_600	13.40	tp	0
26-ACATACATATGTATVTAWWT	STREME-26	8.4e-002	peak_118	13.33	fp	0
26-ACATACATATGTATVTAWWT	STREME-26	8.4e-002	peak_147	13.30	fp	0
26-ACATACATATGTATVTAWWT	STREME-26	8.4e-002	peak_826	13.29	tp	0
26-ACATACATATGTATVTAWWT	STREME-26	8.4e-002	peak_159	13.26	tp	0
26-ACATACATATGTATVTAWWT	STREME-26	8.4e-002	peak_138	13.21	tp	0
26-ACATACATATGTATVTAWWT	STREME-26	8.4e-002	peak_300	13.20	tp	0
26-ACATACATATGTATVTAWWT	STREME-26	8.4e-002	peak_788	13.18	tp	0
26-ACATACATATGTATVTAWWT	STREME-26	8.4e-002	peak_318	13.15	tp	0
26-ACATACATATGTATVTAWWT	STREME-26	8.4e-002	peak_541	13.06	tp	0
26-ACATACATATGTATVTAWWT	STREME-26	8.4e-002	peak_67	13.03	tp	0
26-ACATACATATGTATVTAWWT	STREME-26	8.4e-002	peak_348	13.02	fp	0
26-ACATACATATGTATVTAWWT	STREME-26	8.4e-002	peak_217	12.90	fp	0
26-ACATACATATGTATVTAWWT	STREME-26	8.4e-002	peak_644	12.88	tp	1
26-ACATACATATGTATVTAWWT	STREME-26	8.4e-002	peak_8	12.85	tp	0
26-ACATACATATGTATVTAWWT	STREME-26	8.4e-002	peak_754	12.83	fp	0
26-ACATACATATGTATVTAWWT	STREME-26	8.4e-002	peak_685	12.77	tp	0
26-ACATACATATGTATVTAWWT	STREME-26	8.4e-002	peak_421	12.76	fp	0
26-ACATACATATGTATVTAWWT	STREME-26	8.4e-002	peak_520	12.64	tp	0
26-ACATACATATGTATVTAWWT	STREME-26	8.4e-002	peak_475	12.64	tp	0
26-ACATACATATGTATVTAWWT	STREME-26	8.4e-002	peak_277	12.60	tp	0
26-ACATACATATGTATVTAWWT	STREME-26	8.4e-002	peak_633	12.57	tp	0
26-ACATACATATGTATVTAWWT	STREME-26	8.4e-002	peak_761	12.54	tp	0
26-ACATACATATGTATVTAWWT	STREME-26	8.4e-002	peak_667	12.52	tp	0
26-ACATACATATGTATVTAWWT	STREME-26	8.4e-002	peak_221	12.39	tp	0
26-ACATACATATGTATVTAWWT	STREME-26	8.4e-002	peak_346	12.38	fp	0
26-ACATACATATGTATVTAWWT	STREME-26	8.4e-002	peak_189	12.33	fp	0
26-ACATACATATGTATVTAWWT	STREME-26	8.4e-002	peak_788	12.31	fp	0
26-ACATACATATGTATVTAWWT	STREME-26	8.4e-002	peak_812	12.30	tp	0
26-ACATACATATGTATVTAWWT	STREME-26	8.4e-002	peak_814	12.28	tp	0
26-ACATACATATGTATVTAWWT	STREME-26	8.4e-002	peak_488	12.22	tp	0
26-ACATACATATGTATVTAWWT	STREME-26	8.4e-002	peak_416	12.20	tp	1
26-ACATACATATGTATVTAWWT	STREME-26	8.4e-002	peak_497	12.19	tp	0
26-ACATACATATGTATVTAWWT	STREME-26	8.4e-002	peak_602	12.15	tp	0
26-ACATACATATGTATVTAWWT	STREME-26	8.4e-002	peak_793	12.11	tp	0
26-ACATACATATGTATVTAWWT	STREME-26	8.4e-002	peak_487	11.99	tp	0
26-ACATACATATGTATVTAWWT	STREME-26	8.4e-002	peak_279	11.97	tp	0
26-ACATACATATGTATVTAWWT	STREME-26	8.4e-002	peak_177	11.95	tp	0
26-ACATACATATGTATVTAWWT	STREME-26	8.4e-002	peak_845	11.94	tp	0
26-ACATACATATGTATVTAWWT	STREME-26	8.4e-002	peak_553	11.92	tp	0
26-ACATACATATGTATVTAWWT	STREME-26	8.4e-002	peak_673	11.92	tp	0
26-ACATACATATGTATVTAWWT	STREME-26	8.4e-002	peak_654	11.89	fp	0
26-ACATACATATGTATVTAWWT	STREME-26	8.4e-002	peak_743	11.83	tp	0
26-ACATACATATGTATVTAWWT	STREME-26	8.4e-002	peak_101	11.82	fp	1
26-ACATACATATGTATVTAWWT	STREME-26	8.4e-002	peak_393	11.80	tp	0
26-ACATACATATGTATVTAWWT	STREME-26	8.4e-002	peak_714	11.79	tp	0
26-ACATACATATGTATVTAWWT	STREME-26	8.4e-002	peak_849	11.78	tp	0
26-ACATACATATGTATVTAWWT	STREME-26	8.4e-002	peak_574	11.72	tp	0
26-ACATACATATGTATVTAWWT	STREME-26	8.4e-002	peak_482	11.70	tp	0
26-ACATACATATGTATVTAWWT	STREME-26	8.4e-002	peak_307	11.67	tp	0
26-ACATACATATGTATVTAWWT	STREME-26	8.4e-002	peak_859	11.65	fp	1
26-ACATACATATGTATVTAWWT	STREME-26	8.4e-002	peak_48	11.64	tp	0
26-ACATACATATGTATVTAWWT	STREME-26	8.4e-002	peak_736	11.58	tp	0
26-ACATACATATGTATVTAWWT	STREME-26	8.4e-002	peak_556	11.55	tp	0
26-ACATACATATGTATVTAWWT	STREME-26	8.4e-002	peak_435	11.52	tp	0
#
27-CAGTGTTGBMAA	STREME-27	1.2e-001	peak_437	19.99	tp	0
27-CAGTGTTGBMAA	STREME-27	1.2e-001	peak_839	19.99	tp	0
27-CAGTGTTGBMAA	STREME-27	1.2e-001	peak_62	19.09	tp	0
27-CAGTGTTGBMAA	STREME-27	1.2e-001	peak_155	18.99	tp	0
27-CAGTGTTGBMAA	STREME-27	1.2e-001	peak_98	18.09	tp	0
27-CAGTGTTGBMAA	STREME-27	1.2e-001	peak_453	18.09	tp	0
27-CAGTGTTGBMAA	STREME-27	1.2e-001	peak_377	18.09	tp	0
27-CAGTGTTGBMAA	STREME-27	1.2e-001	peak_71	17.88	tp	0
27-CAGTGTTGBMAA	STREME-27	1.2e-001	peak_475	17.88	tp	0
27-CAGTGTTGBMAA	STREME-27	1.2e-001	peak_129	17.88	tp	0
27-CAGTGTTGBMAA	STREME-27	1.2e-001	peak_17	17.51	tp	0
27-CAGTGTTGBMAA	STREME-27	1.2e-001	peak_763	17.51	tp	0
27-CAGTGTTGBMAA	STREME-27	1.2e-001	peak_616	17.51	tp	0
27-CAGTGTTGBMAA	STREME-27	1.2e-001	peak_37	17.42	tp	0
27-CAGTGTTGBMAA	STREME-27	1.2e-001	peak_96	17.42	tp	0
27-CAGTGTTGBMAA	STREME-27	1.2e-001	peak_376	17.32	tp	0
27-CAGTGTTGBMAA	STREME-27	1.2e-001	peak_775	17.22	tp	0
27-CAGTGTTGBMAA	STREME-27	1.2e-001	peak_300	17.22	tp	0
27-CAGTGTTGBMAA	STREME-27	1.2e-001	peak_76	17.22	tp	0
27-CAGTGTTGBMAA	STREME-27	1.2e-001	peak_462	17.21	tp	0
27-CAGTGTTGBMAA	STREME-27	1.2e-001	peak_16	17.09	tp	0
27-CAGTGTTGBMAA	STREME-27	1.2e-001	peak_653	17.09	tp	0
27-CAGTGTTGBMAA	STREME-27	1.2e-001	peak_666	17.09	tp	0
27-CAGTGTTGBMAA	STREME-27	1.2e-001	peak_2	17.05	tp	0
27-CAGTGTTGBMAA	STREME-27	1.2e-001	peak_819	16.85	tp	0
27-CAGTGTTGBMAA	STREME-27	1.2e-001	peak_614	16.85	tp	0
27-CAGTGTTGBMAA	STREME-27	1.2e-001	peak_860	16.72	tp	0
27-CAGTGTTGBMAA	STREME-27	1.2e-001	peak_361	16.52	tp	0
27-CAGTGTTGBMAA	STREME-27	1.2e-001	peak_326	16.52	tp	0
27-CAGTGTTGBMAA	STREME-27	1.2e-001	peak_220	16.31	tp	0
27-CAGTGTTGBMAA	STREME-27	1.2e-001	peak_631	16.30	tp	0
27-CAGTGTTGBMAA	STREME-27	1.2e-001	peak_364	16.29	tp	0
27-CAGTGTTGBMAA	STREME-27	1.2e-001	peak_738	16.15	tp	0
27-CAGTGTTGBMAA	STREME-27	1.2e-001	peak_575	16.15	tp	0
27-CAGTGTTGBMAA	STREME-27	1.2e-001	peak_449	16.06	tp	0
27-CAGTGTTGBMAA	STREME-27	1.2e-001	peak_479	15.93	tp	0
27-CAGTGTTGBMAA	STREME-27	1.2e-001	peak_75	15.86	tp	0
27-CAGTGTTGBMAA	STREME-27	1.2e-001	peak_78	15.85	tp	0
27-CAGTGTTGBMAA	STREME-27	1.2e-001	peak_13	15.82	tp	0
27-CAGTGTTGBMAA	STREME-27	1.2e-001	peak_209	15.74	tp	0
27-CAGTGTTGBMAA	STREME-27	1.2e-001	peak_207	15.65	tp	0
27-CAGTGTTGBMAA	STREME-27	1.2e-001	peak_221	15.64	tp	0
27-CAGTGTTGBMAA	STREME-27	1.2e-001	peak_552	15.62	fp	0
27-CAGTGTTGBMAA	STREME-27	1.2e-001	peak_867	15.62	tp	0
27-CAGTGTTGBMAA	STREME-27	1.2e-001	peak_480	15.58	tp	0
27-CAGTGTTGBMAA	STREME-27	1.2e-001	peak_343	15.38	tp	0
27-CAGTGTTGBMAA	STREME-27	1.2e-001	peak_325	15.32	tp	0
27-CAGTGTTGBMAA	STREME-27	1.2e-001	peak_334	15.32	tp	0
27-CAGTGTTGBMAA	STREME-27	1.2e-001	peak_106	15.23	tp	0
27-CAGTGTTGBMAA	STREME-27	1.2e-001	peak_247	14.95	tp	0
27-CAGTGTTGBMAA	STREME-27	1.2e-001	peak_298	14.95	tp	0
27-CAGTGTTGBMAA	STREME-27	1.2e-001	peak_6	14.76	tp	0
27-CAGTGTTGBMAA	STREME-27	1.2e-001	peak_555	14.76	tp	0
27-CAGTGTTGBMAA	STREME-27	1.2e-001	peak_112	14.57	tp	0
27-CAGTGTTGBMAA	STREME-27	1.2e-001	peak_665	14.55	tp	0
27-CAGTGTTGBMAA	STREME-27	1.2e-001	peak_53	14.54	tp	0
27-CAGTGTTGBMAA	STREME-27	1.2e-001	peak_531	14.53	tp	0
27-CAGTGTTGBMAA	STREME-27	1.2e-001	peak_63	14.50	tp	0
27-CAGTGTTGBMAA	STREME-27	1.2e-001	peak_730	14.43	fp	0
27-CAGTGTTGBMAA	STREME-27	1.2e-001	peak_467	14.41	tp	0
27-CAGTGTTGBMAA	STREME-27	1.2e-001	peak_284	14.41	tp	1
27-CAGTGTTGBMAA	STREME-27	1.2e-001	peak_642	14.24	tp	0
27-CAGTGTTGBMAA	STREME-27	1.2e-001	peak_356	14.19	tp	0
27-CAGTGTTGBMAA	STREME-27	1.2e-001	peak_180	14.19	tp	0
27-CAGTGTTGBMAA	STREME-27	1.2e-001	peak_792	14.09	fp	0
27-CAGTGTTGBMAA	STREME-27	1.2e-001	peak_412	14.02	tp	0
27-CAGTGTTGBMAA	STREME-27	1.2e-001	peak_565	13.83	tp	0
27-CAGTGTTGBMAA	STREME-27	1.2e-001	peak_146	13.77	tp	0
27-CAGTGTTGBMAA	STREME-27	1.2e-001	peak_472	13.75	tp	0
27-CAGTGTTGBMAA	STREME-27	1.2e-001	peak_190	13.75	tp	1
27-CAGTGTTGBMAA	STREME-27	1.2e-001	peak_743	13.74	fp	0
27-CAGTGTTGBMAA	STREME-27	1.2e-001	peak_499	13.73	tp	0
27-CAGTGTTGBMAA	STREME-27	1.2e-001	peak_20	13.65	tp	0
27-CAGTGTTGBMAA	STREME-27	1.2e-001	peak_197	13.62	tp	0
27-CAGTGTTGBMAA	STREME-27	1.2e-001	peak_590	13.62	tp	0
27-CAGTGTTGBMAA	STREME-27	1.2e-001	peak_644	13.54	fp	0
27-CAGTGTTGBMAA	STREME-27	1.2e-001	peak_383	13.53	tp	0
27-CAGTGTTGBMAA	STREME-27	1.2e-001	peak_174	13.53	tp	1
27-CAGTGTTGBMAA	STREME-27	1.2e-001	peak_459	13.50	tp	0
27-CAGTGTTGBMAA	STREME-27	1.2e-001	peak_845	13.46	tp	0
27-CAGTGTTGBMAA	STREME-27	1.2e-001	peak_363	13.43	tp	0
27-CAGTGTTGBMAA	STREME-27	1.2e-001	peak_362	13.36	tp	0
27-CAGTGTTGBMAA	STREME-27	1.2e-001	peak_229	13.32	tp	0
27-CAGTGTTGBMAA	STREME-27	1.2e-001	peak_767	13.27	fp	0
27-CAGTGTTGBMAA	STREME-27	1.2e-001	peak_635	13.25	tp	0
27-CAGTGTTGBMAA	STREME-27	1.2e-001	peak_237	13.17	tp	0
27-CAGTGTTGBMAA	STREME-27	1.2e-001	peak_849	13.13	tp	0
27-CAGTGTTGBMAA	STREME-27	1.2e-001	peak_842	12.99	tp	0
27-CAGTGTTGBMAA	STREME-27	1.2e-001	peak_151	12.99	tp	0
27-CAGTGTTGBMAA	STREME-27	1.2e-001	peak_265	12.88	tp	0
27-CAGTGTTGBMAA	STREME-27	1.2e-001	peak_714	12.84	tp	0
27-CAGTGTTGBMAA	STREME-27	1.2e-001	peak_192	12.78	tp	0
27-CAGTGTTGBMAA	STREME-27	1.2e-001	peak_127	12.63	tp	0
27-CAGTGTTGBMAA	STREME-27	1.2e-001	peak_843	12.62	tp	0
27-CAGTGTTGBMAA	STREME-27	1.2e-001	peak_153	12.56	tp	0
27-CAGTGTTGBMAA	STREME-27	1.2e-001	peak_139	12.56	fp	0
27-CAGTGTTGBMAA	STREME-27	1.2e-001	peak_781	12.51	tp	0
27-CAGTGTTGBMAA	STREME-27	1.2e-001	peak_350	12.50	tp	0
27-CAGTGTTGBMAA	STREME-27	1.2e-001	peak_603	12.49	fp	0
27-CAGTGTTGBMAA	STREME-27	1.2e-001	peak_603	12.33	tp	0
27-CAGTGTTGBMAA	STREME-27	1.2e-001	peak_625	12.26	tp	0
27-CAGTGTTGBMAA	STREME-27	1.2e-001	peak_741	12.26	fp	0
27-CAGTGTTGBMAA	STREME-27	1.2e-001	peak_598	12.25	tp	0
27-CAGTGTTGBMAA	STREME-27	1.2e-001	peak_113	12.12	tp	0
27-CAGTGTTGBMAA	STREME-27	1.2e-001	peak_307	12.09	tp	0
27-CAGTGTTGBMAA	STREME-27	1.2e-001	peak_558	12.07	tp	0
27-CAGTGTTGBMAA	STREME-27	1.2e-001	peak_807	12.06	tp	0
27-CAGTGTTGBMAA	STREME-27	1.2e-001	peak_200	11.93	tp	0
27-CAGTGTTGBMAA	STREME-27	1.2e-001	peak_88	11.91	tp	0
#
28-CACTGTAAA	STREME-28	5.0e-001	peak_600	14.82	tp	0
28-CACTGTAAA	STREME-28	5.0e-001	peak_136	14.82	tp	0
28-CACTGTAAA	STREME-28	5.0e-001	peak_97	14.82	tp	0
28-CACTGTAAA	STREME-28	5.0e-001	peak_612	14.82	tp	0
28-CACTGTAAA	STREME-28	5.0e-001	peak_18	14.82	tp	0
28-CACTGTAAA	STREME-28	5.0e-001	peak_603	14.82	tp	0
28-CACTGTAAA	STREME-28	5.0e-001	peak_600	14.82	fp	0
28-CACTGTAAA	STREME-28	5.0e-001	peak_509	14.82	fp	0
28-CACTGTAAA	STREME-28	5.0e-001	peak_499	13.80	tp	0
28-CACTGTAAA	STREME-28	5.0e-001	peak_331	13.80	tp	0
28-CACTGTAAA	STREME-28	5.0e-001	peak_667	13.80	tp	0
28-CACTGTAAA	STREME-28	5.0e-001	peak_756	13.80	tp	0
28-CACTGTAAA	STREME-28	5.0e-001	peak_171	13.80	tp	0
28-CACTGTAAA	STREME-28	5.0e-001	peak_99	13.80	tp	0
28-CACTGTAAA	STREME-28	5.0e-001	peak_7	13.80	tp	0
28-CACTGTAAA	STREME-28	5.0e-001	peak_830	13.80	fp	0
28-CACTGTAAA	STREME-28	5.0e-001	peak_372	13.80	fp	1
28-CACTGTAAA	STREME-28	5.0e-001	peak_114	13.73	tp	0
28-CACTGTAAA	STREME-28	5.0e-001	peak_818	13.73	tp	0
28-CACTGTAAA	STREME-28	5.0e-001	peak_534	13.73	tp	0
28-CACTGTAAA	STREME-28	5.0e-001	peak_355	13.73	tp	0
28-CACTGTAAA	STREME-28	5.0e-001	peak_591	13.73	tp	0
28-CACTGTAAA	STREME-28	5.0e-001	peak_532	13.73	tp	0
28-CACTGTAAA	STREME-28	5.0e-001	peak_304	13.73	fp	0
28-CACTGTAAA	STREME-28	5.0e-001	peak_571	13.73	tp	1
28-CACTGTAAA	STREME-28	5.0e-001	peak_643	13.41	tp	0
28-CACTGTAAA	STREME-28	5.0e-001	peak_524	13.41	tp	0
28-CACTGTAAA	STREME-28	5.0e-001	peak_781	13.41	tp	0
28-CACTGTAAA	STREME-28	5.0e-001	peak_304	13.41	tp	0
28-CACTGTAAA	STREME-28	5.0e-001	peak_121	13.41	tp	0
28-CACTGTAAA	STREME-28	5.0e-001	peak_813	13.41	tp	0
28-CACTGTAAA	STREME-28	5.0e-001	peak_635	13.41	fp	0
28-CACTGTAAA	STREME-28	5.0e-001	peak_215	13.23	tp	0
28-CACTGTAAA	STREME-28	5.0e-001	peak_83	13.23	tp	0
28-CACTGTAAA	STREME-28	5.0e-001	peak_146	13.23	tp	0
28-CACTGTAAA	STREME-28	5.0e-001	peak_275	13.23	tp	0
28-CACTGTAAA	STREME-28	5.0e-001	peak_157	13.23	fp	0
28-CACTGTAAA	STREME-28	5.0e-001	peak_391	13.23	tp	1
28-CACTGTAAA	STREME-28	5.0e-001	peak_110	13.13	tp	0
28-CACTGTAAA	STREME-28	5.0e-001	peak_207	13.13	tp	0
28-CACTGTAAA	STREME-28	5.0e-001	peak_409	13.13	tp	0
28-CACTGTAAA	STREME-28	5.0e-001	peak_74	13.13	tp	0
28-CACTGTAAA	STREME-28	5.0e-001	peak_246	13.13	tp	0
28-CACTGTAAA	STREME-28	5.0e-001	peak_420	13.13	tp	0
28-CACTGTAAA	STREME-28	5.0e-001	peak_422	13.13	fp	0
28-CACTGTAAA	STREME-28	5.0e-001	peak_625	12.99	tp	0
28-CACTGTAAA	STREME-28	5.0e-001	peak_148	12.99	tp	0
28-CACTGTAAA	STREME-28	5.0e-001	peak_321	12.99	tp	0
28-CACTGTAAA	STREME-28	5.0e-001	peak_42	12.94	tp	0
28-CACTGTAAA	STREME-28	5.0e-001	peak_659	12.94	tp	0
28-CACTGTAAA	STREME-28	5.0e-001	peak_498	12.94	tp	0
28-CACTGTAAA	STREME-28	5.0e-001	peak_735	12.94	tp	0
28-CACTGTAAA	STREME-28	5.0e-001	peak_587	12.94	tp	0
28-CACTGTAAA	STREME-28	5.0e-001	peak_617	12.94	tp	0
28-CACTGTAAA	STREME-28	5.0e-001	peak_349	12.94	tp	0
28-CACTGTAAA	STREME-28	5.0e-001	peak_335	12.94	tp	0
28-CACTGTAAA	STREME-28	5.0e-001	peak_300	12.94	tp	0
28-CACTGTAAA	STREME-28	5.0e-001	peak_540	12.94	fp	0
28-CACTGTAAA	STREME-28	5.0e-001	peak_616	12.94	fp	0
28-CACTGTAAA	STREME-28	5.0e-001	peak_82	12.94	tp	1
28-CACTGTAAA	STREME-28	5.0e-001	peak_588	12.94	tp	1
28-CACTGTAAA	STREME-28	5.0e-001	peak_281	12.85	tp	0
28-CACTGTAAA	STREME-28	5.0e-001	peak_503	12.85	tp	0
28-CACTGTAAA	STREME-28	5.0e-001	peak_462	12.85	tp	0
28-CACTGTAAA	STREME-28	5.0e-001	peak_373	12.85	fp	0
28-CACTGTAAA	STREME-28	5.0e-001	peak_198	12.85	fp	1
28-CACTGTAAA	STREME-28	5.0e-001	peak_328	12.71	fp	0
28-CACTGTAAA	STREME-28	5.0e-001	peak_344	12.39	tp	0
28-CACTGTAAA	STREME-28	5.0e-001	peak_632	12.39	tp	0
28-CACTGTAAA	STREME-28	5.0e-001	peak_396	12.39	tp	0
28-CACTGTAAA	STREME-28	5.0e-001	peak_189	12.39	tp	0
28-CACTGTAAA	STREME-28	5.0e-001	peak_868	12.39	tp	0
28-CACTGTAAA	STREME-28	5.0e-001	peak_287	12.39	fp	0
28-CACTGTAAA	STREME-28	5.0e-001	peak_104	12.33	fp	0
28-CACTGTAAA	STREME-28	5.0e-001	peak_85	12.33	fp	0
28-CACTGTAAA	STREME-28	5.0e-001	peak_353	12.21	tp	0
28-CACTGTAAA	STREME-28	5.0e-001	peak_78	12.21	tp	0
28-CACTGTAAA	STREME-28	5.0e-001	peak_563	12.21	tp	0
28-CACTGTAAA	STREME-28	5.0e-001	peak_739	12.11	tp	0
28-CACTGTAAA	STREME-28	5.0e-001	peak_861	12.05	tp	0
28-CACTGTAAA	STREME-28	5.0e-001	peak_453	12.05	tp	0
28-CACTGTAAA	STREME-28	5.0e-001	peak_163	12.05	tp	0
28-CACTGTAAA	STREME-28	5.0e-001	peak_335	12.05	fp	0
28-CACTGTAAA	STREME-28	5.0e-001	peak_605	12.04	tp	0
28-CACTGTAAA	STREME-28	5.0e-001	peak_577	12.04	tp	0
28-CACTGTAAA	STREME-28	5.0e-001	peak_678	12.04	tp	0
28-CACTGTAAA	STREME-28	5.0e-001	peak_815	12.04	tp	0
28-CACTGTAAA	STREME-28	5.0e-001	peak_93	12.04	fp	0
28-CACTGTAAA	STREME-28	5.0e-001	peak_147	11.97	tp	0
28-CACTGTAAA	STREME-28	5.0e-001	peak_749	11.97	tp	0
28-CACTGTAAA	STREME-28	5.0e-001	peak_378	11.97	tp	0
28-CACTGTAAA	STREME-28	5.0e-001	peak_182	11.97	tp	1
28-CACTGTAAA	STREME-28	5.0e-001	peak_731	11.92	tp	0
28-CACTGTAAA	STREME-28	5.0e-001	peak_574	11.92	tp	0
28-CACTGTAAA	STREME-28	5.0e-001	peak_557	11.92	tp	0
28-CACTGTAAA	STREME-28	5.0e-001	peak_860	11.90	tp	0
28-CACTGTAAA	STREME-28	5.0e-001	peak_371	11.90	fp	0
28-CACTGTAAA	STREME-28	5.0e-001	peak_778	11.85	tp	0
28-CACTGTAAA	STREME-28	5.0e-001	peak_555	11.85	tp	0
28-CACTGTAAA	STREME-28	5.0e-001	peak_492	11.85	tp	0
28-CACTGTAAA	STREME-28	5.0e-001	peak_639	11.85	tp	0
28-CACTGTAAA	STREME-28	5.0e-001	peak_175	11.85	fp	0
28-CACTGTAAA	STREME-28	5.0e-001	peak_292	11.83	tp	0
28-CACTGTAAA	STREME-28	5.0e-001	peak_832	11.83	tp	0
28-CACTGTAAA	STREME-28	5.0e-001	peak_802	11.83	tp	0
28-CACTGTAAA	STREME-28	5.0e-001	peak_858	11.83	tp	0
28-CACTGTAAA	STREME-28	5.0e-001	peak_774	11.83	fp	0
28-CACTGTAAA	STREME-28	5.0e-001	peak_441	11.83	fp	0
28-CACTGTAAA	STREME-28	5.0e-001	peak_133	11.83	fp	0
28-CACTGTAAA	STREME-28	5.0e-001	peak_384	11.76	tp	0
28-CACTGTAAA	STREME-28	5.0e-001	peak_500	11.76	tp	0
28-CACTGTAAA	STREME-28	5.0e-001	peak_848	11.76	tp	0
28-CACTGTAAA	STREME-28	5.0e-001	peak_510	11.76	tp	0
28-CACTGTAAA	STREME-28	5.0e-001	peak_291	11.72	tp	0
28-CACTGTAAA	STREME-28	5.0e-001	peak_537	11.72	tp	0
28-CACTGTAAA	STREME-28	5.0e-001	peak_155	11.72	fp	0
28-CACTGTAAA	STREME-28	5.0e-001	peak_130	11.72	tp	1
28-CACTGTAAA	STREME-28	5.0e-001	peak_746	11.72	fp	1
28-CACTGTAAA	STREME-28	5.0e-001	peak_176	11.58	tp	0
28-CACTGTAAA	STREME-28	5.0e-001	peak_308	11.58	tp	0
28-CACTGTAAA	STREME-28	5.0e-001	peak_30	11.58	tp	0
28-CACTGTAAA	STREME-28	5.0e-001	peak_53	11.58	fp	0
28-CACTGTAAA	STREME-28	5.0e-001	peak_822	11.54	tp	0
28-CACTGTAAA	STREME-28	5.0e-001	peak_41	11.54	tp	0
28-CACTGTAAA	STREME-28	5.0e-001	peak_311	11.54	tp	0
28-CACTGTAAA	STREME-28	5.0e-001	peak_725	11.54	fp	0
28-CACTGTAAA	STREME-28	5.0e-001	peak_338	11.54	fp	1
28-CACTGTAAA	STREME-28	5.0e-001	peak_700	11.53	tp	0
28-CACTGTAAA	STREME-28	5.0e-001	peak_759	11.53	tp	0
28-CACTGTAAA	STREME-28	5.0e-001	peak_651	11.53	tp	0
28-CACTGTAAA	STREME-28	5.0e-001	peak_665	11.53	tp	0
28-CACTGTAAA	STREME-28	5.0e-001	peak_191	11.53	tp	0
28-CACTGTAAA	STREME-28	5.0e-001	peak_187	11.53	fp	0
28-CACTGTAAA	STREME-28	5.0e-001	peak_485	11.53	fp	0
28-CACTGTAAA	STREME-28	5.0e-001	peak_264	11.53	fp	1
28-CACTGTAAA	STREME-28	5.0e-001	peak_201	11.44	tp	0
28-CACTGTAAA	STREME-28	5.0e-001	peak_833	11.44	tp	0
28-CACTGTAAA	STREME-28	5.0e-001	peak_666	11.44	tp	0
28-CACTGTAAA	STREME-28	5.0e-001	peak_513	11.44	fp	0
28-CACTGTAAA	STREME-28	5.0e-001	peak_573	11.40	tp	0
28-CACTGTAAA	STREME-28	5.0e-001	peak_593	11.40	tp	0
28-CACTGTAAA	STREME-28	5.0e-001	peak_805	11.40	tp	0
28-CACTGTAAA	STREME-28	5.0e-001	peak_615	11.40	tp	0
28-CACTGTAAA	STREME-28	5.0e-001	peak_581	11.40	fp	0
28-CACTGTAAA	STREME-28	5.0e-001	peak_708	11.35	tp	0
28-CACTGTAAA	STREME-28	5.0e-001	peak_115	11.35	tp	0
28-CACTGTAAA	STREME-28	5.0e-001	peak_451	11.35	tp	0
