motif_id	motif_alt_id	sequence_name	start	stop	strand	score	p-value	q-value	matched_sequence
homer__NAAACCGGTTCAAACCGGTT_Tcfcp2l1		peak_552	288	307	-	19.5	3.6e-08	0.0176	AAAACCAGCTTAGACCAGCT
homer__NAAACCGGTTCAAACCGGTT_Tcfcp2l1		peak_552	286	305	+	18.2551	1.97e-07	0.048	GAAGCTGGTCTAAGCTGGTT
taipale__GRHL1_full_NAAACCGGTTTN		peak_579	46	57	+	16.6531	1.29e-06	0.441	AAAACCGGTTCA
taipale__TFCP2_full_NCCGGNNNNNNCCGGN_repr		peak_7	13	28	-	16.0918	1.64e-06	0.567	ACTGGTTCAGAGCGGT
taipale__GRHL1_DBD_AACCGGWNNNWCCGGTT_repr		peak_254	104	120	-	16.1837	1.65e-06	0.813	TACTGGTTCTACTGGTT
taipale_cyt_meth__GRHL1_NAACCGGTTN_eDBD_meth_repr		peak_579	47	56	-	14.1224	2.02e-06	0.284	GAACCGGTTT
taipale_cyt_meth__GRHL1_NAACCGGTTN_eDBD		peak_579	47	56	+	15.051	2.02e-06	0.302	AAACCGGTTC
taipale__GRHL1_DBD_NAACCGGTTN_repr		peak_579	47	56	+	16.1939	2.02e-06	0.414	AAACCGGTTC
cisbp__M5928		peak_579	47	56	-	15.9184	2.02e-06	0.293	GAACCGGTTT
taipale__TFCP2_full_NAACCGGTTN		peak_579	47	56	+	15.8878	2.02e-06	0.295	AAACCGGTTC
taipale__GRHL1_full_NAAACCGGTTTN		peak_588	190	201	+	15.8673	2.27e-06	0.441	AAAACCGGTTGT
taipale_cyt_meth__TFCP2_AWCCGGWTNNAWCCGGWT_eDBD		peak_552	288	305	+	15.4343	2.34e-06	0.738	AGCTGGTCTAAGCTGGTT
taipale__TFCP2_full_NCCGGNNNNNNCCGGN_repr		peak_558	173	188	+	15.6429	2.34e-06	0.567	TCCGGTTCAAAATGGA
homer__NAAACCGGTTCAAACCGGTT_Tcfcp2l1		peak_104	303	322	+	15.7959	2.36e-06	0.384	TAGGCCAGTCACAACCAGAT
taipale_cyt_meth__GRHL1_NAACCGGTTN_eDBD_meth_repr		peak_579	47	56	+	14.0816	2.92e-06	0.284	AAACCGGTTC
taipale_cyt_meth__GRHL1_NAACCGGTTN_eDBD		peak_579	47	56	-	15.0306	2.92e-06	0.302	GAACCGGTTT
taipale__GRHL1_DBD_NAACCGGTTN_repr		peak_579	47	56	-	14.9082	2.92e-06	0.414	GAACCGGTTT
cisbp__M5928		peak_579	47	56	+	14.8673	2.92e-06	0.293	AAACCGGTTC
taipale__TFCP2_full_NAACCGGTTN		peak_579	47	56	-	14.8673	2.92e-06	0.295	GAACCGGTTT
taipale__GRHL1_full_NAAACCGGTTTN		peak_506	180	191	+	15.551	3.01e-06	0.441	AAAACAGGTTTA
taipale_cyt_meth__TFCP2_AWCCGGWTNNAWCCGGWT_eDBD		peak_552	288	305	-	15.1414	3.01e-06	0.738	AACCAGCTTAGACCAGCT
taipale_cyt_meth__GRHL1_NAACCGGTTN_eDBD_meth_repr		peak_446	278	287	+	13.5918	3.67e-06	0.284	GAACCGGTTC
taipale_cyt_meth__GRHL1_NAACCGGTTN_eDBD_meth_repr		peak_446	278	287	-	13.5918	3.67e-06	0.284	GAACCGGTTC
taipale_cyt_meth__GRHL1_NAACCGGTTN_eDBD_meth_repr		peak_473	421	430	+	13.5918	3.67e-06	0.284	GAACCGGTTC
taipale_cyt_meth__GRHL1_NAACCGGTTN_eDBD_meth_repr		peak_473	421	430	-	13.5918	3.67e-06	0.284	GAACCGGTTC
taipale_cyt_meth__GRHL1_NAACCGGTTN_eDBD		peak_446	278	287	+	14.4286	3.67e-06	0.302	GAACCGGTTC
taipale_cyt_meth__GRHL1_NAACCGGTTN_eDBD		peak_446	278	287	-	14.4286	3.67e-06	0.302	GAACCGGTTC
taipale_cyt_meth__GRHL1_NAACCGGTTN_eDBD		peak_473	421	430	+	14.4286	3.67e-06	0.302	GAACCGGTTC
taipale_cyt_meth__GRHL1_NAACCGGTTN_eDBD		peak_473	421	430	-	14.4286	3.67e-06	0.302	GAACCGGTTC
cisbp__M5928		peak_446	278	287	+	14.7857	3.67e-06	0.293	GAACCGGTTC
cisbp__M5928		peak_446	278	287	-	14.7857	3.67e-06	0.293	GAACCGGTTC
cisbp__M5928		peak_473	421	430	+	14.7857	3.67e-06	0.293	GAACCGGTTC
cisbp__M5928		peak_473	421	430	-	14.7857	3.67e-06	0.293	GAACCGGTTC
taipale__TFCP2_full_NAACCGGTTN		peak_446	278	287	+	14.7857	3.67e-06	0.295	GAACCGGTTC
taipale__TFCP2_full_NAACCGGTTN		peak_446	278	287	-	14.7857	3.67e-06	0.295	GAACCGGTTC
taipale__TFCP2_full_NAACCGGTTN		peak_473	421	430	+	14.7857	3.67e-06	0.295	GAACCGGTTC
taipale__TFCP2_full_NAACCGGTTN		peak_473	421	430	-	14.7857	3.67e-06	0.295	GAACCGGTTC
taipale__GRHL1_full_NAAACCGGTTTN		peak_579	46	57	-	14.9592	4.66e-06	0.441	TGAACCGGTTTT
taipale__GRHL1_full_NAAACCGGTTTN		peak_588	190	201	-	14.7245	5.46e-06	0.441	ACAACCGGTTTT
homer__NAAACCGGTTCAAACCGGTT_Tcfcp2l1		peak_342	155	174	+	14.6837	5.74e-06	0.523	AAAGCTGGCACAATCTAGTT
taipale__GRHL1_full_NAAACCGGTTTN		peak_330	323	334	-	14.6837	5.76e-06	0.441	AAAACCTGTTTA
taipale__GRHL1_DBD_NAACCGGTTN_repr		peak_446	278	287	+	14.6429	5.88e-06	0.414	GAACCGGTTC
taipale__GRHL1_DBD_NAACCGGTTN_repr		peak_446	278	287	-	14.6429	5.88e-06	0.414	GAACCGGTTC
taipale__GRHL1_DBD_NAACCGGTTN_repr		peak_473	421	430	+	14.6429	5.88e-06	0.414	GAACCGGTTC
taipale__GRHL1_DBD_NAACCGGTTN_repr		peak_473	421	430	-	14.6429	5.88e-06	0.414	GAACCGGTTC
homer__NAAACCGGTTCAAACCGGTT_Tcfcp2l1		peak_266	308	327	-	14.5408	6.38e-06	0.523	TAAACTAGCTTGAACTTGAT
taipale_cyt_meth__GRHL1_NAACCGGTTN_eDBD		peak_69	172	181	-	13.9388	6.79e-06	0.38	CAACCGGTTT
taipale_cyt_meth__GRHL1_NAACCGGTTN_eDBD		peak_588	191	200	-	13.9388	6.79e-06	0.38	CAACCGGTTT
taipale__GRHL1_DBD_NAACCGGTTN_repr		peak_69	172	181	-	14.5918	6.79e-06	0.414	CAACCGGTTT
taipale__GRHL1_DBD_NAACCGGTTN_repr		peak_588	191	200	-	14.5918	6.79e-06	0.414	CAACCGGTTT
taipale_cyt_meth__GRHL1_NAACCGGTTN_eDBD_meth_repr		peak_69	172	181	-	12.949	7.7e-06	0.375	CAACCGGTTT
taipale_cyt_meth__GRHL1_NAACCGGTTN_eDBD_meth_repr		peak_588	191	200	-	12.949	7.7e-06	0.375	CAACCGGTTT
taipale_cyt_meth__GRHL1_NAACCGGTTN_eDBD		peak_69	172	181	+	13.8265	7.7e-06	0.38	AAACCGGTTG
taipale_cyt_meth__GRHL1_NAACCGGTTN_eDBD		peak_588	191	200	+	13.8265	7.7e-06	0.38	AAACCGGTTG
cisbp__M5928		peak_69	172	181	+	13.8673	7.7e-06	0.461	AAACCGGTTG
cisbp__M5928		peak_588	191	200	+	13.8673	7.7e-06	0.461	AAACCGGTTG
taipale__TFCP2_full_NAACCGGTTN		peak_69	172	181	-	13.7959	7.7e-06	0.465	CAACCGGTTT
taipale__TFCP2_full_NAACCGGTTN		peak_588	191	200	-	13.7959	7.7e-06	0.465	CAACCGGTTT
taipale__GRHL1_full_NAAACCGGTTTN		peak_330	323	334	+	14.2449	8.19e-06	0.455	TAAACAGGTTTT
taipale__TFCP2_full_NCCGGNNNNNNCCGGN_repr		peak_277	376	391	-	13.8163	8.58e-06	1	ACCGGACCAGACCGGC
taipale_cyt_meth__GRHL1_NAACCGGTTN_eDBD_meth_repr		peak_69	172	181	+	12.9388	8.61e-06	0.375	AAACCGGTTG
taipale_cyt_meth__GRHL1_NAACCGGTTN_eDBD_meth_repr		peak_588	191	200	+	12.9388	8.61e-06	0.375	AAACCGGTTG
homer__NAAACCGGTTCAAACCGGTT_Tcfcp2l1		peak_289	283	302	+	14.1122	8.67e-06	0.523	CCAACAAGACGCAGCCGGTT
homer__NAAACCGGTTCAAACCGGTT_Tcfcp2l1		peak_104	305	324	-	14.0816	8.86e-06	0.523	AGATCTGGTTGTGACTGGCC
taipale__GRHL1_DBD_AACCGGWNNNWCCGGTT_repr		peak_9	221	237	-	13.7041	9.04e-06	1	TAGCGGTTCGACCAGTT
homer__NAAACCGGTTCAAACCGGTT_Tcfcp2l1		peak_561	431	450	-	14	9.38e-06	0.523	CCCGCCAGACCAGACCAGCT
homer__NAAACCGGTTCAAACCGGTT_Tcfcp2l1		peak_289	285	304	-	13.9592	9.65e-06	0.523	AGAACCGGCTGCGTCTTGTT
taipale__GRHL1_DBD_AACCGGWNNNWCCGGTT_repr		peak_254	104	120	+	13.5714	9.83e-06	1	AACCAGTAGAACCAGTA
taipale_cyt_meth__GRHL1_NAACCGGTTN_eDBD_meth_repr		peak_506	181	190	-	12.9184	9.96e-06	0.375	AAACCTGTTT
taipale_cyt_meth__GRHL1_NAACCGGTTN_eDBD_meth_repr		peak_330	324	333	-	12.9184	9.96e-06	0.375	AAACCTGTTT
taipale__GRHL1_DBD_NAACCGGTTN_repr		peak_69	172	181	+	14.1429	1.03e-05	0.501	AAACCGGTTG
taipale__GRHL1_DBD_NAACCGGTTN_repr		peak_588	191	200	+	14.1429	1.03e-05	0.501	AAACCGGTTG
taipale__GRHL1_full_NAAACCGGTTTN		peak_69	171	182	+	13.7245	1.12e-05	0.455	GAAACCGGTTGT
taipale_cyt_meth__GRHL1_NAACCGGTTN_eDBD_meth_repr		peak_506	181	190	+	12.9082	1.13e-05	0.375	AAACAGGTTT
taipale_cyt_meth__GRHL1_NAACCGGTTN_eDBD_meth_repr		peak_330	324	333	+	12.9082	1.13e-05	0.375	AAACAGGTTT
taipale__TFCP2_full_NCCGGNNNNNNCCGGN_repr		peak_462	150	165	+	13.2347	1.26e-05	1	TCCAGTTGAAATTGGT
cisbp__M5928		peak_473	360	369	-	13.4796	1.29e-05	0.688	GAACTGGTTT
taipale__TFCP2_full_NAACCGGTTN		peak_473	360	369	+	13.4592	1.29e-05	0.672	AAACCAGTTC
taipale_cyt_meth__TFCP2_AWCCGGWTNNAWCCGGWT_eDBD		peak_7	12	29	-	13.2626	1.33e-05	1	CACTGGTTCAGAGCGGTA
taipale__GRHL1_full_NAAACCGGTTTN		peak_69	171	182	-	13.4388	1.36e-05	0.455	ACAACCGGTTTC
homer__NAAACCGGTTCAAACCGGTT_Tcfcp2l1		peak_98	128	147	+	13.4286	1.38e-05	0.672	TAACCCAGCTTAACCCGGTT
taipale__GRHL1_full_NAAACCGGTTTN		peak_102	110	121	+	13.4286	1.38e-05	0.455	AGAACCAGTTTT
taipale_cyt_meth__TFCP2_AWCCGGWTNNAWCCGGWT_eDBD		peak_266	308	325	+	13.1717	1.43e-05	1	ATCAAGTTCAAGCTAGTT
taipale__GRHL1_full_NAAACCGGTTTN		peak_506	180	191	-	13.3776	1.46e-05	0.455	TAAACCTGTTTT
elemento__AACCGGTT		peak_579	48	55	+	16	1.47e-05	0.737	AACCGGTT
elemento__AACCGGTT		peak_579	48	55	-	16	1.47e-05	0.737	AACCGGTT
elemento__AACCGGTT		peak_69	173	180	+	16	1.47e-05	0.737	AACCGGTT
elemento__AACCGGTT		peak_69	173	180	-	16	1.47e-05	0.737	AACCGGTT
elemento__AACCGGTT		peak_588	192	199	+	16	1.47e-05	0.737	AACCGGTT
elemento__AACCGGTT		peak_588	192	199	-	16	1.47e-05	0.737	AACCGGTT
elemento__AACCGGTT		peak_446	279	286	+	16	1.47e-05	0.737	AACCGGTT
elemento__AACCGGTT		peak_446	279	286	-	16	1.47e-05	0.737	AACCGGTT
elemento__AACCGGTT		peak_473	422	429	+	16	1.47e-05	0.737	AACCGGTT
elemento__AACCGGTT		peak_473	422	429	-	16	1.47e-05	0.737	AACCGGTT
taipale__GRHL1_full_NAAACCGGTTTN		peak_446	277	288	+	13.3571	1.48e-05	0.455	CGAACCGGTTCG
taipale__GRHL1_full_NAAACCGGTTTN		peak_446	277	288	-	13.3571	1.48e-05	0.455	CGAACCGGTTCG
taipale__GRHL1_full_NAAACCGGTTTN		peak_63	613	624	+	13.3265	1.51e-05	0.455	ATAACAGGTTTT
homer__NAAACCGGTTCAAACCGGTT_Tcfcp2l1		peak_266	306	325	+	13.2551	1.54e-05	0.683	TTATCAAGTTCAAGCTAGTT
taipale__GRHL1_full_NAAACCGGTTTN		peak_63	613	624	-	13.3163	1.55e-05	0.455	AAAACCTGTTAT
taipale__GRHL1_full_NAAACCGGTTTN		peak_102	110	121	-	13.2347	1.61e-05	0.455	AAAACTGGTTCT
cisbp__M5928		peak_102	111	120	+	13.3776	1.63e-05	0.694	GAACCAGTTT
cisbp__M5928		peak_184	410	419	+	13.3776	1.63e-05	0.694	GAACCAGTTT
taipale__TFCP2_full_NAACCGGTTN		peak_102	111	120	-	13.3469	1.63e-05	0.672	AAACTGGTTC
taipale__TFCP2_full_NAACCGGTTN		peak_184	410	419	-	13.3469	1.63e-05	0.672	AAACTGGTTC
taipale__TFCP2_full_NCCGGNNNNNNCCGGN_repr		peak_222	319	334	+	12.7857	1.67e-05	1	TCCGGTTTAATGTGAT
taipale__GRHL1_full_NAAACCGGTTTN		peak_473	420	431	+	13.1327	1.71e-05	0.455	CGAACCGGTTCA
taipale_cyt_meth__GRHL1_NAACCGGTTN_eDBD_meth_repr		peak_151	200	209	-	12.4184	1.77e-05	0.547	GAACAGGTTT
taipale__TFCP2_full_NAACCGGTTN		peak_69	172	181	+	13.2551	1.81e-05	0.672	AAACCGGTTG
taipale__TFCP2_full_NAACCGGTTN		peak_588	191	200	+	13.2551	1.81e-05	0.672	AAACCGGTTG
homer__NAAACCGGTTCAAACCGGTT_Tcfcp2l1		peak_397	729	748	-	13	1.81e-05	0.705	CCCGCCAGATCTAGCTAGTT
taipale_cyt_meth__TFCP2_AWCCGGWTNNAWCCGGWT_eDBD		peak_7	12	29	+	12.798	1.87e-05	1	TACCGCTCTGAACCAGTG
homer__NAAACCGGTTCAAACCGGTT_Tcfcp2l1		peak_277	375	394	-	12.9388	1.88e-05	0.705	AACACCGGACCAGACCGGCG
taipale_cyt_meth__GRHL1_NAACCGGTTN_eDBD_meth_repr		peak_151	200	209	+	12.3878	1.88e-05	0.547	AAACCTGTTC
cisbp__M5928		peak_69	172	181	-	13.1837	1.88e-05	0.694	CAACCGGTTT
cisbp__M5928		peak_588	191	200	-	13.1837	1.88e-05	0.694	CAACCGGTTT
taipale__GRHL1_full_NAAACCGGTTTN		peak_151	199	210	+	12.9898	1.89e-05	0.455	AAAACCTGTTCG
taipale__GRHL1_full_NAAACCGGTTTN		peak_473	420	431	-	12.9286	1.96e-05	0.455	TGAACCGGTTCG
taipale_cyt_meth__GRHL1_NAACCGGTTN_eDBD		peak_506	181	190	+	12.7143	1.96e-05	0.738	AAACAGGTTT
taipale_cyt_meth__GRHL1_NAACCGGTTN_eDBD		peak_330	324	333	+	12.7143	1.96e-05	0.738	AAACAGGTTT
taipale__GRHL1_full_NAAACCGGTTTN		peak_184	409	420	-	12.898	2.02e-05	0.455	AAAACTGGTTCA
taipale_cyt_meth__TFCP2_AWCCGGWTNNAWCCGGWT_eDBD		peak_342	157	174	+	12.6465	2.07e-05	1	AGCTGGCACAATCTAGTT
taipale__GRHL1_full_NAAACCGGTTTN		peak_344	175	186	-	12.8367	2.08e-05	0.455	AAAACCGGTAAG
taipale__GRHL1_DBD_NAACCGGTTN_repr		peak_473	360	369	+	12.8061	2.08e-05	0.827	AAACCAGTTC
taipale_cyt_meth__GRHL1_NAACCGGTTN_eDBD		peak_506	181	190	-	12.5918	2.1e-05	0.738	AAACCTGTTT
taipale_cyt_meth__GRHL1_NAACCGGTTN_eDBD		peak_330	324	333	-	12.5918	2.1e-05	0.738	AAACCTGTTT
cisbp__M5928		peak_446	365	374	-	13.0612	2.11e-05	0.714	TATCCGGTTT
taipale__GRHL1_DBD_AACCGGWNNNWCCGGTT_repr		peak_9	221	237	+	12.2653	2.15e-05	1	AACTGGTCGAACCGCTA
taipale_cyt_meth__TFCP2_AWCCGGWTNNAWCCGGWT_eDBD		peak_266	308	325	-	12.5758	2.18e-05	1	AACTAGCTTGAACTTGAT
taipale__GRHL1_full_NAAACCGGTTTN		peak_162	280	291	+	12.7041	2.25e-05	0.469	CAAACCAGTTAG
taipale__TFCP2_full_NAACCGGTTN		peak_446	365	374	+	12.9796	2.29e-05	0.685	AAACCGGATA
taipale__GRHL1_DBD_NAACCGGTTN_repr		peak_506	181	190	-	12.6531	2.31e-05	0.827	AAACCTGTTT
taipale__GRHL1_DBD_NAACCGGTTN_repr		peak_330	324	333	-	12.6531	2.31e-05	0.827	AAACCTGTTT
taipale_cyt_meth__TFCP2_AWCCGGWTNNAWCCGGWT_eDBD		peak_277	375	392	-	12.4747	2.34e-05	1	CACCGGACCAGACCGGCG
taipale__GRHL1_full_NAAACCGGTTTN		peak_424	258	269	-	12.6122	2.35e-05	0.471	AAAACCGGTAAA
taipale_cyt_meth__TFCP2_AWCCGGWTNNAWCCGGWT_eDBD		peak_104	305	322	-	12.4242	2.42e-05	1	ATCTGGTTGTGACTGGCC
taipale_cyt_meth__TFCP2_AWCCGGWTNNAWCCGGWT_eDBD		peak_289	285	302	-	12.404	2.45e-05	1	AACCGGCTGCGTCTTGTT
taipale__TFCP2_full_NAACCGGTTN		peak_102	111	120	+	12.4388	2.47e-05	0.685	GAACCAGTTT
taipale__TFCP2_full_NAACCGGTTN		peak_184	410	419	+	12.4388	2.47e-05	0.685	GAACCAGTTT
taipale__GRHL1_DBD_AACCGGWNNNWCCGGTT_repr		peak_313	182	198	-	12.0102	2.48e-05	1	AACGAGTCCAACAGGTA
taipale_cyt_meth__TFCP2_AWCCGGWTNNAWCCGGWT_eDBD		peak_277	375	392	+	12.3838	2.48e-05	1	CGCCGGTCTGGTCCGGTG
homer__NAAACCGGTTCAAACCGGTT_Tcfcp2l1		peak_342	157	176	-	12.449	2.53e-05	0.771	TTAACTAGATTGTGCCAGCT
taipale_cyt_meth__TFCP2_AWCCGGWTNNAWCCGGWT_eDBD		peak_289	285	302	+	12.2828	2.66e-05	1	AACAAGACGCAGCCGGTT
taipale__GRHL1_DBD_NAACCGGTTN_repr		peak_506	181	190	+	12.5714	2.67e-05	0.827	AAACAGGTTT
taipale__GRHL1_DBD_NAACCGGTTN_repr		peak_330	324	333	+	12.5714	2.67e-05	0.827	AAACAGGTTT
cisbp__M5928		peak_102	111	120	-	12.4286	2.67e-05	0.714	AAACTGGTTC
cisbp__M5928		peak_184	410	419	-	12.4286	2.67e-05	0.714	AAACTGGTTC
taipale__GRHL1_full_NAAACCGGTTTN		peak_151	199	210	-	12.3673	2.71e-05	0.513	CGAACAGGTTTT
taipale_cyt_meth__TFCP2_AWCCGGWTNNAWCCGGWT_eDBD		peak_502	162	179	+	12.2525	2.71e-05	1	AACTGCATTTAACTAGAT
homer__NAAACCGGTTCAAACCGGTT_Tcfcp2l1		peak_397	727	746	+	12.2653	2.82e-05	0.771	ACAACTAGCTAGATCTGGCG
taipale_cyt_meth__GRHL1_NAACCGGTTN_eDBD_meth_repr		peak_366	346	355	-	11.898	2.85e-05	0.597	GAACCTGTTC
taipale__TFCP2_full_NAACCGGTTN		peak_547	11	20	+	12.3571	2.86e-05	0.685	GAACCAGTTC
taipale__TFCP2_full_NAACCGGTTN		peak_600	345	354	-	12.3571	2.86e-05	0.685	GAACCAGTTC
taipale_cyt_meth__TFCP2_AWCCGGWTNNAWCCGGWT_eDBD		peak_104	305	322	+	12.1616	2.88e-05	1	GGCCAGTCACAACCAGAT
homer__NAAACCGGTTCAAACCGGTT_Tcfcp2l1		peak_181	52	71	-	12.2041	2.92e-05	0.771	TCGGCCAGATGGAGCCAGAA
taipale_cyt_meth__GRHL1_NAACCGGTTN_eDBD_meth_repr		peak_366	346	355	+	11.8878	2.95e-05	0.597	GAACAGGTTC
cisbp__M5928		peak_547	11	20	-	12.3469	2.95e-05	0.714	GAACTGGTTC
cisbp__M5928		peak_600	345	354	+	12.3469	2.95e-05	0.714	GAACTGGTTC
taipale__GRHL1_DBD_NAACCGGTTN_repr		peak_151	200	209	+	12.3878	2.96e-05	0.827	AAACCTGTTC
taipale__TFCP2_full_NAACCGGTTN		peak_473	360	369	-	12.3265	2.97e-05	0.685	GAACTGGTTT
taipale_cyt_meth__GRHL1_NAACCGGTTN_eDBD		peak_102	111	120	-	12.1633	3.05e-05	0.744	AAACTGGTTC
taipale_cyt_meth__GRHL1_NAACCGGTTN_eDBD		peak_184	410	419	-	12.1633	3.05e-05	0.744	AAACTGGTTC
cisbp__M5928		peak_473	360	369	+	12.3265	3.06e-05	0.714	AAACCAGTTC
taipale_cyt_meth__GRHL1_NAACCGGTTN_eDBD_meth_repr		peak_105	187	196	+	11.8776	3.08e-05	0.597	TAACCTGTTT
homer__NAAACCGGTTCAAACCGGTT_Tcfcp2l1		peak_98	130	149	-	12.0816	3.13e-05	0.771	GCAACCGGGTTAAGCTGGGT
taipale__GRHL1_full_NAAACCGGTTTN		peak_256	37	48	-	12.102	3.14e-05	0.513	AAAACGGGTTTC
taipale_cyt_meth__GRHL1_NAACCGGTTN_eDBD		peak_473	360	369	-	12.1429	3.16e-05	0.744	GAACTGGTTT
homer__NAAACCGGTTCAAACCGGTT_Tcfcp2l1		peak_487	322	341	+	12.0612	3.17e-05	0.771	ACCGCCGGCCGACACCGGCT
taipale__GRHL1_full_NAAACCGGTTTN		peak_473	359	370	+	12.0612	3.19e-05	0.513	TAAACCAGTTCG
taipale__GRHL1_full_NAAACCGGTTTN		peak_321	183	194	-	12.051	3.2e-05	0.513	TAAACCAGTTAA
homer__NAAACCGGTTCAAACCGGTT_Tcfcp2l1		peak_277	373	392	+	12.0408	3.21e-05	0.771	AGCGCCGGTCTGGTCCGGTG
taipale_cyt_meth__GRHL1_NAACCGGTTN_eDBD_meth_repr		peak_500	59	68	+	11.8673	3.22e-05	0.597	TAACAGGTTT
taipale_cyt_meth__GRHL1_NAACCGGTTN_eDBD_meth_repr		peak_63	614	623	+	11.8673	3.22e-05	0.597	TAACAGGTTT
taipale__GRHL1_full_NAAACCGGTTTN		peak_105	186	197	-	12.0408	3.22e-05	0.513	GAAACAGGTTAT
taipale__GRHL1_full_NAAACCGGTTTN		peak_500	58	69	-	12.0306	3.24e-05	0.513	AAAACCTGTTAC
taipale_cyt_meth__TFCP2_AWCCGGWTNNAWCCGGWT_eDBD		peak_342	157	174	-	11.9697	3.28e-05	1	AACTAGATTGTGCCAGCT
taipale__TFCP2_full_NCCGGNNNNNNCCGGN_repr		peak_485	16	31	+	11.6735	3.29e-05	1	ACTTGATTAAACTTGT
taipale__TFCP2_full_NCCGGNNNNNNCCGGN_repr		peak_561	497	512	+	11.6735	3.29e-05	1	ACCGGTCTGATATGGT
homer__NAAACCGGTTCAAACCGGTT_Tcfcp2l1		peak_181	50	69	+	11.9898	3.3e-05	0.771	GCTTCTGGCTCCATCTGGCC
cisbp__M5928		peak_547	11	20	+	12.2449	3.31e-05	0.714	GAACCAGTTC
cisbp__M5928		peak_600	345	354	-	12.2449	3.31e-05	0.714	GAACCAGTTC
taipale__TFCP2_full_NAACCGGTTN		peak_547	11	20	-	12.2449	3.31e-05	0.685	GAACTGGTTC
taipale__TFCP2_full_NAACCGGTTN		peak_518	287	296	+	12.2449	3.31e-05	0.685	AAACCGGCTT
taipale__TFCP2_full_NAACCGGTTN		peak_600	345	354	+	12.2449	3.31e-05	0.685	GAACTGGTTC
taipale__TFCP2_full_NAACCGGTTN		peak_32	351	360	+	12.2449	3.31e-05	0.685	AAACCGGCTT
homer__NAAACCGGTTCAAACCGGTT_Tcfcp2l1		peak_200	1	20	+	11.9796	3.32e-05	0.771	CTGGCCTGACTGAGCCTGCT
taipale_cyt_meth__GRHL1_NAACCGGTTN_eDBD_meth_repr		peak_102	111	120	+	11.8367	3.33e-05	0.597	GAACCAGTTT
taipale_cyt_meth__GRHL1_NAACCGGTTN_eDBD_meth_repr		peak_184	410	419	+	11.8367	3.33e-05	0.597	GAACCAGTTT
taipale_cyt_meth__GRHL1_NAACCGGTTN_eDBD_meth_repr		peak_473	360	369	+	11.7959	3.44e-05	0.597	AAACCAGTTC
taipale_cyt_meth__TFCP2_AWCCGGWTNNAWCCGGWT_eDBD		peak_502	162	179	-	11.8889	3.46e-05	1	ATCTAGTTAAATGCAGTT
taipale__TFCP2_full_NAACCGGTTN		peak_46	181	190	+	12.1633	3.48e-05	0.685	AAACCGGCTC
taipale__TFCP2_full_NCCGGNNNNNNCCGGN_repr		peak_104	306	321	-	11.5714	3.49e-05	1	TCTGGTTGTGACTGGC
taipale__TFCP2_full_NCCGGNNNNNNCCGGN_repr		peak_107	257	272	+	11.5612	3.51e-05	1	ACCAGTTAAAACTGTC
taipale__TFCP2_full_NCCGGNNNNNNCCGGN_repr		peak_404	597	612	+	11.5612	3.51e-05	1	TCCGGTAGAAGTTGGA
cisbp__M5928		peak_321	184	193	+	12.2041	3.52e-05	0.714	TAACTGGTTT
cisbp__M5928		peak_162	281	290	-	12.2041	3.52e-05	0.714	TAACTGGTTT
taipale_cyt_meth__GRHL1_NAACCGGTTN_eDBD_meth_repr		peak_473	360	369	-	11.7857	3.55e-05	0.597	GAACTGGTTT
taipale__GRHL1_full_NAAACCGGTTTN		peak_86	126	137	+	11.8265	3.63e-05	0.514	AAAACCGGTGTT
taipale_cyt_meth__GRHL1_NAACCGGTTN_eDBD		peak_151	200	209	-	12.0918	3.64e-05	0.744	GAACAGGTTT
taipale__TFCP2_full_NAACCGGTTN		peak_321	184	193	-	12.1531	3.69e-05	0.685	AAACCAGTTA
taipale__TFCP2_full_NAACCGGTTN		peak_162	281	290	+	12.1531	3.69e-05	0.685	AAACCAGTTA
taipale__GRHL1_full_NAAACCGGTTTN		peak_184	409	420	+	11.7857	3.69e-05	0.514	TGAACCAGTTTT
cisbp__M5928		peak_518	287	296	-	12.1531	3.72e-05	0.714	AAGCCGGTTT
cisbp__M5928		peak_32	351	360	-	12.1531	3.72e-05	0.714	AAGCCGGTTT
taipale_cyt_meth__GRHL1_NAACCGGTTN_eDBD		peak_151	200	209	+	11.9898	3.75e-05	0.744	AAACCTGTTC
homer__NAAACCGGTTCAAACCGGTT_Tcfcp2l1		peak_316	167	186	-	11.7551	3.77e-05	0.835	GCAGCTGGCCACCACTAGCT
taipale_cyt_meth__GRHL1_NAACCGGTTN_eDBD_meth_repr		peak_102	111	120	-	11.7449	3.77e-05	0.597	AAACTGGTTC
taipale_cyt_meth__GRHL1_NAACCGGTTN_eDBD_meth_repr		peak_184	410	419	-	11.7449	3.77e-05	0.597	AAACTGGTTC
taipale__TFCP2_full_NCCGGNNNNNNCCGGN_repr		peak_98	131	146	-	11.4286	3.79e-05	1	ACCGGGTTAAGCTGGG
taipale__TFCP2_full_NCCGGNNNNNNCCGGN_repr		peak_552	289	304	+	11.4184	3.81e-05	1	GCTGGTCTAAGCTGGT
taipale__GRHL1_full_NAAACCGGTTTN		peak_357	215	226	-	11.7143	3.87e-05	0.514	AAAACTGGTCTT
taipale__GRHL1_DBD_AACCGGWNNNWCCGGTT_repr		peak_446	531	547	-	11.1837	3.91e-05	1	AAGCAGTATTACTAGTT
taipale__TFCP2_full_NCCGGNNNNNNCCGGN_repr		peak_277	376	391	+	11.3673	3.92e-05	1	GCCGGTCTGGTCCGGT
cisbp__M5928		peak_46	181	190	-	12.0714	3.93e-05	0.725	GAGCCGGTTT
taipale_cyt_meth__GRHL1_NAACCGGTTN_eDBD		peak_473	360	369	+	11.949	3.97e-05	0.744	AAACCAGTTC
taipale__TFCP2_full_NCCGGNNNNNNCCGGN_repr		peak_119	189	204	-	11.3265	4.02e-05	1	ACCGGAAATAAGCTGT
taipale__GRHL1_full_NAAACCGGTTTN		peak_366	345	356	+	11.6633	4.03e-05	0.514	AGAACAGGTTCT
taipale__GRHL1_full_NAAACCGGTTTN		peak_486	616	627	+	11.6633	4.03e-05	0.514	AAAACATGTTTA
homer__NAAACCGGTTCAAACCGGTT_Tcfcp2l1		peak_316	165	184	+	11.6224	4.05e-05	0.837	TGAGCTAGTGGTGGCCAGCT
homer__NAAACCGGTTCAAACCGGTT_Tcfcp2l1		peak_200	3	22	-	11.5918	4.12e-05	0.837	GCAGCAGGCTCAGTCAGGCC
cisbp__M5928		peak_76	109	118	+	11.9796	4.14e-05	0.735	AATCTGGTTT
taipale__TFCP2_full_NAACCGGTTN		peak_76	109	118	-	11.9388	4.14e-05	0.741	AAACCAGATT
taipale__TFCP2_full_NCCGGNNNNNNCCGGN_repr		peak_252	82	97	+	11.2551	4.18e-05	1	ACCGGAAAAAGTCAGT
taipale_cyt_meth__GRHL1_NAACCGGTTN_eDBD_meth_repr		peak_500	59	68	-	11.6939	4.23e-05	0.597	AAACCTGTTA
taipale_cyt_meth__GRHL1_NAACCGGTTN_eDBD_meth_repr		peak_63	614	623	-	11.6939	4.23e-05	0.597	AAACCTGTTA
taipale_cyt_meth__GRHL1_NAACCGGTTN_eDBD		peak_102	111	120	+	11.9286	4.26e-05	0.744	GAACCAGTTT
taipale_cyt_meth__GRHL1_NAACCGGTTN_eDBD		peak_184	410	419	+	11.9286	4.26e-05	0.744	GAACCAGTTT
taipale__GRHL1_full_NAAACCGGTTTN		peak_357	215	226	+	11.5714	4.27e-05	0.514	AAGACCAGTTTT
taipale__GRHL1_DBD_AACCGGWNNNWCCGGTT_repr		peak_313	182	198	+	10.9898	4.34e-05	1	TACCTGTTGGACTCGTT
taipale__GRHL1_DBD_NAACCGGTTN_repr		peak_256	38	47	+	11.7143	4.35e-05	0.827	AAACCCGTTT
taipale__GRHL1_DBD_NAACCGGTTN_repr		peak_164	65	74	+	11.7143	4.35e-05	0.827	AAACCCGTTT
taipale__GRHL1_DBD_NAACCGGTTN_repr		peak_382	809	818	+	11.7143	4.35e-05	0.827	AAACCCGTTT
taipale__GRHL1_full_NAAACCGGTTTN		peak_547	10	21	+	11.5102	4.43e-05	0.514	AGAACCAGTTCT
taipale__GRHL1_DBD_NAACCGGTTN_repr		peak_102	111	120	-	11.6633	4.47e-05	0.827	AAACTGGTTC
taipale__GRHL1_DBD_NAACCGGTTN_repr		peak_184	410	419	-	11.6633	4.47e-05	0.827	AAACTGGTTC
homer__NAAACCGGTTCAAACCGGTT_Tcfcp2l1		peak_599	346	365	-	11.4286	4.5e-05	0.878	CGATCATGTGCAAGCCAGCT
taipale__GRHL1_full_NAAACCGGTTTN		peak_11	234	245	-	11.4796	4.52e-05	0.514	AAAACCAGTATT
taipale__GRHL1_full_NAAACCGGTTTN		peak_554	1086	1097	+	11.4796	4.52e-05	0.514	CAAACCAGTTGT
taipale_cyt_meth__GRHL1_NAACCGGTTN_eDBD_meth_repr		peak_105	187	196	-	11.6837	4.54e-05	0.597	AAACAGGTTA
taipale__GRHL1_full_NAAACCGGTTTN		peak_106	337	348	+	11.4694	4.57e-05	0.514	AAAACCTGTCTG
taipale_cyt_meth__GRHL1_NAACCGGTTN_eDBD_meth_repr		peak_256	38	47	-	11.6122	4.65e-05	0.597	AAACGGGTTT
taipale_cyt_meth__GRHL1_NAACCGGTTN_eDBD_meth_repr		peak_164	65	74	-	11.6122	4.65e-05	0.597	AAACGGGTTT
taipale_cyt_meth__GRHL1_NAACCGGTTN_eDBD_meth_repr		peak_382	809	818	-	11.6122	4.65e-05	0.597	AAACGGGTTT
taipale__TFCP2_full_NCCGGNNNNNNCCGGN_repr		peak_332	170	185	+	11.0612	4.67e-05	1	TCCGGTTTGAGCCACC
taipale_cyt_meth__TFCP2_AWCCGGWTNNAWCCGGWT_eDBD		peak_462	149	166	-	11.4242	4.67e-05	1	AACCAATTTCAACTGGAT
taipale__TFCP2_full_NCCGGNNNNNNCCGGN_repr		peak_552	289	304	-	11.0408	4.72e-05	1	ACCAGCTTAGACCAGC
taipale_cyt_meth__GRHL1_NAACCGGTTN_eDBD_meth_repr		peak_256	38	47	+	11.551	4.77e-05	0.597	AAACCCGTTT
taipale_cyt_meth__GRHL1_NAACCGGTTN_eDBD_meth_repr		peak_164	65	74	+	11.551	4.77e-05	0.597	AAACCCGTTT
taipale_cyt_meth__GRHL1_NAACCGGTTN_eDBD_meth_repr		peak_382	809	818	+	11.551	4.77e-05	0.597	AAACCCGTTT
taipale__GRHL1_full_NAAACCGGTTTN		peak_149	21	32	-	11.3878	4.78e-05	0.514	CAAACAAGTTTG
taipale__GRHL1_full_NAAACCGGTTTN		peak_387	214	225	-	11.3673	4.85e-05	0.514	CAAACCAGTTGG
taipale__GRHL1_full_NAAACCGGTTTN		peak_255	291	302	+	11.3673	4.85e-05	0.514	CAAACCAGTTGG
taipale__GRHL1_DBD_AACCGGWNNNWCCGGTT_repr		peak_583	365	381	-	10.7653	4.88e-05	1	AGCGAGTAGCACCGGTT
homer__NAAACCGGTTCAAACCGGTT_Tcfcp2l1		peak_487	324	343	-	11.2653	4.91e-05	0.922	ATAGCCGGTGTCGGCCGGCG
taipale__GRHL1_DBD_NAACCGGTTN_repr		peak_102	111	120	+	11.5204	4.93e-05	0.827	GAACCAGTTT
taipale__GRHL1_DBD_NAACCGGTTN_repr		peak_446	365	374	+	11.5204	4.93e-05	0.827	AAACCGGATA
taipale__GRHL1_DBD_NAACCGGTTN_repr		peak_184	410	419	+	11.5204	4.93e-05	0.827	GAACCAGTTT
taipale_cyt_meth__GRHL1_NAACCGGTTN_eDBD		peak_547	11	20	-	11.5408	4.98e-05	0.744	GAACTGGTTC
taipale_cyt_meth__GRHL1_NAACCGGTTN_eDBD		peak_600	345	354	+	11.5408	4.98e-05	0.744	GAACTGGTTC
taipale__GRHL1_full_NAAACCGGTTTN		peak_415	61	72	+	11.2959	5.04e-05	0.514	AAAACAGGTATA
taipale__GRHL1_full_NAAACCGGTTTN		peak_473	359	370	-	11.2959	5.04e-05	0.514	CGAACTGGTTTA
taipale_cyt_meth__GRHL1_NAACCGGTTN_eDBD		peak_366	346	355	+	11.4898	5.07e-05	0.744	GAACAGGTTC
taipale__GRHL1_full_NAAACCGGTTTN		peak_256	37	48	+	11.2755	5.1e-05	0.514	GAAACCCGTTTT
taipale__GRHL1_full_NAAACCGGTTTN		peak_162	280	291	-	11.2653	5.14e-05	0.514	CTAACTGGTTTG
taipale_cyt_meth__GRHL1_NAACCGGTTN_eDBD_meth_repr		peak_610	394	403	+	11.3367	5.17e-05	0.597	TAACAGGTTC
taipale__GRHL1_DBD_NAACCGGTTN_repr		peak_321	184	193	-	11.449	5.23e-05	0.827	AAACCAGTTA
taipale__GRHL1_DBD_NAACCGGTTN_repr		peak_162	281	290	+	11.449	5.23e-05	0.827	AAACCAGTTA
taipale_cyt_meth__GRHL1_NAACCGGTTN_eDBD_meth_repr		peak_547	11	20	+	11.3061	5.26e-05	0.597	GAACCAGTTC
taipale_cyt_meth__GRHL1_NAACCGGTTN_eDBD_meth_repr		peak_600	345	354	-	11.3061	5.26e-05	0.597	GAACCAGTTC
taipale__GRHL1_full_NAAACCGGTTTN		peak_500	58	69	+	11.1837	5.34e-05	0.515	GTAACAGGTTTT
taipale_cyt_meth__GRHL1_NAACCGGTTN_eDBD		peak_321	184	193	+	11.4694	5.36e-05	0.744	TAACTGGTTT
taipale_cyt_meth__GRHL1_NAACCGGTTN_eDBD		peak_162	281	290	-	11.4694	5.36e-05	0.744	TAACTGGTTT
taipale__GRHL1_full_NAAACCGGTTTN		peak_105	186	197	+	11.1735	5.38e-05	0.515	ATAACCTGTTTC
taipale_cyt_meth__GRHL1_NAACCGGTTN_eDBD		peak_500	59	68	+	11.4184	5.49e-05	0.744	TAACAGGTTT
taipale_cyt_meth__GRHL1_NAACCGGTTN_eDBD		peak_63	614	623	+	11.4184	5.49e-05	0.744	TAACAGGTTT
taipale__GRHL1_DBD_NAACCGGTTN_repr		peak_518	287	296	+	11.3265	5.51e-05	0.827	AAACCGGCTT
taipale__GRHL1_DBD_NAACCGGTTN_repr		peak_32	351	360	+	11.3265	5.51e-05	0.827	AAACCGGCTT
taipale__TFCP2_full_NCCGGNNNNNNCCGGN_repr		peak_18	58	73	+	10.7653	5.51e-05	1	TCTGGTTTACGGCGGA
homer__NAAACCGGTTCAAACCGGTT_Tcfcp2l1		peak_188	226	245	+	11.0306	5.56e-05	0.968	GCAGCCTGAAAAATCCGGCC
homer__NAAACCGGTTCAAACCGGTT_Tcfcp2l1		peak_561	429	448	+	11.0306	5.56e-05	0.968	TCAGCTGGTCTGGTCTGGCG
taipale__GRHL1_full_NAAACCGGTTTN		peak_32	350	361	-	11.102	5.58e-05	0.524	AAAGCCGGTTTG
cisbp__M5928		peak_86	127	136	-	11.5612	5.68e-05	0.878	ACACCGGTTT
taipale_cyt_meth__GRHL1_NAACCGGTTN_eDBD_meth_repr		peak_547	11	20	-	11.2551	5.76e-05	0.597	GAACTGGTTC
taipale_cyt_meth__GRHL1_NAACCGGTTN_eDBD_meth_repr		peak_598	27	36	-	11.2551	5.76e-05	0.597	CAACCTGTTT
taipale_cyt_meth__GRHL1_NAACCGGTTN_eDBD_meth_repr		peak_600	345	354	+	11.2551	5.76e-05	0.597	GAACTGGTTC
taipale_cyt_meth__GRHL1_NAACCGGTTN_eDBD		peak_366	346	355	-	11.3673	5.77e-05	0.744	GAACCTGTTC
taipale__TFCP2_full_NAACCGGTTN		peak_86	127	136	+	11.4694	5.79e-05	0.92	AAACCGGTGT
taipale__GRHL1_full_NAAACCGGTTTN		peak_274	269	280	+	11.0102	5.85e-05	0.526	AAAACAAGTTAT
cisbp__M5928		peak_257	124	133	-	11.4796	5.86e-05	0.878	GCACCGGTTT
taipale_cyt_meth__TFCP2_AWCCGGWTNNAWCCGGWT_eDBD		peak_9	211	228	+	11.0606	5.88e-05	1	AAGAGGTATCAACTGGTC
taipale_cyt_meth__TFCP2_AWCCGGWTNNAWCCGGWT_eDBD		peak_9	211	228	-	11.0404	5.95e-05	1	GACCAGTTGATACCTCTT
taipale__TFCP2_full_NAACCGGTTN		peak_139	257	266	-	11.4082	5.97e-05	0.92	AAACCGGACT
taipale__GRHL1_DBD_NAACCGGTTN_repr		peak_547	11	20	+	11.2551	5.97e-05	0.827	GAACCAGTTC
taipale__GRHL1_DBD_NAACCGGTTN_repr		peak_600	345	354	-	11.2551	5.97e-05	0.827	GAACCAGTTC
taipale_cyt_meth__GRHL1_NAACCGGTTN_eDBD_meth_repr		peak_88	403	412	+	11.2449	5.98e-05	0.597	CAACAGGTTT
taipale_cyt_meth__GRHL1_NAACCGGTTN_eDBD_meth_repr		peak_88	403	412	-	11.2449	5.98e-05	0.597	AAACCTGTTG
taipale_cyt_meth__GRHL1_NAACCGGTTN_eDBD		peak_547	11	20	+	11.3265	5.99e-05	0.744	GAACCAGTTC
taipale_cyt_meth__GRHL1_NAACCGGTTN_eDBD		peak_600	345	354	-	11.3265	5.99e-05	0.744	GAACCAGTTC
taipale__TFCP2_full_NAACCGGTTN		peak_257	124	133	+	11.3878	6.04e-05	0.92	AAACCGGTGC
taipale__GRHL1_full_NAAACCGGTTTN		peak_547	10	21	-	10.9286	6.05e-05	0.526	AGAACTGGTTCT
cisbp__M5928		peak_282	305	314	-	11.4286	6.06e-05	0.878	AAACTGGTTG
taipale__GRHL1_full_NAAACCGGTTTN		peak_164	64	75	-	10.9082	6.11e-05	0.526	GAAACGGGTTTA
taipale__GRHL1_full_NAAACCGGTTTN		peak_446	364	375	+	10.9082	6.11e-05	0.526	CAAACCGGATAG
taipale_cyt_meth__TFCP2_AWCCGGWTNNAWCCGGWT_eDBD		peak_98	130	147	-	10.9899	6.14e-05	1	AACCGGGTTAAGCTGGGT
taipale__TFCP2_full_NAACCGGTTN		peak_282	305	314	+	11.3673	6.15e-05	0.92	CAACCAGTTT
taipale__GRHL1_full_NAAACCGGTTTN		peak_610	393	404	-	10.898	6.18e-05	0.526	AGAACCTGTTAG
taipale__GRHL1_DBD_NAACCGGTTN_repr		peak_282	305	314	+	11.2041	6.22e-05	0.827	CAACCAGTTT
cisbp__M5928		peak_139	257	266	+	11.3673	6.25e-05	0.878	AGTCCGGTTT
taipale__GRHL1_full_NAAACCGGTTTN		peak_554	1086	1097	-	10.8571	6.3e-05	0.526	ACAACTGGTTTG
taipale__GRHL1_DBD_NAACCGGTTN_repr		peak_86	127	136	-	11.1224	6.31e-05	0.827	ACACCGGTTT
taipale_cyt_meth__GRHL1_NAACCGGTTN_eDBD_meth_repr		peak_598	27	36	+	11.2347	6.32e-05	0.597	AAACAGGTTG
taipale_cyt_meth__GRHL1_NAACCGGTTN_eDBD_meth_repr		peak_321	184	193	+	11.2347	6.32e-05	0.597	TAACTGGTTT
taipale_cyt_meth__GRHL1_NAACCGGTTN_eDBD_meth_repr		peak_162	281	290	-	11.2347	6.32e-05	0.597	TAACTGGTTT
taipale_cyt_meth__TFCP2_AWCCGGWTNNAWCCGGWT_eDBD		peak_462	149	166	+	10.9394	6.33e-05	1	ATCCAGTTGAAATTGGTT
homer__NAAACCGGTTCAAACCGGTT_Tcfcp2l1		peak_502	162	181	-	10.7653	6.37e-05	1	AAATCTAGTTAAATGCAGTT
taipale_cyt_meth__GRHL1_NAACCGGTTN_eDBD		peak_105	187	196	+	11.2959	6.41e-05	0.744	TAACCTGTTT
taipale_cyt_meth__GRHL1_NAACCGGTTN_eDBD		peak_105	187	196	-	11.2959	6.41e-05	0.744	AAACAGGTTA
taipale__GRHL1_full_NAAACCGGTTTN		peak_366	345	356	-	10.7959	6.49e-05	0.53	AGAACCTGTTCT
taipale_cyt_meth__TFCP2_AWCCGGWTNNAWCCGGWT_eDBD		peak_456	304	321	-	10.8889	6.53e-05	1	GACCAGATGTGACCACTT
cisbp__M5928		peak_387	215	224	-	11.3265	6.54e-05	0.878	AAACCAGTTG
cisbp__M5928		peak_255	292	301	+	11.3265	6.54e-05	0.878	AAACCAGTTG
cisbp__M5928		peak_554	1087	1096	+	11.3265	6.54e-05	0.878	AAACCAGTTG
taipale_cyt_meth__GRHL1_NAACCGGTTN_eDBD_meth_repr		peak_516	307	316	+	11.2143	6.57e-05	0.597	AAACATGTTT
taipale_cyt_meth__GRHL1_NAACCGGTTN_eDBD_meth_repr		peak_516	307	316	-	11.2143	6.57e-05	0.597	AAACATGTTT
taipale_cyt_meth__GRHL1_NAACCGGTTN_eDBD_meth_repr		peak_486	617	626	+	11.2143	6.57e-05	0.597	AAACATGTTT
taipale_cyt_meth__GRHL1_NAACCGGTTN_eDBD_meth_repr		peak_486	617	626	-	11.2143	6.57e-05	0.597	AAACATGTTT
taipale__GRHL1_full_NAAACCGGTTTN		peak_76	108	119	-	10.7653	6.6e-05	0.53	AAAACCAGATTT
taipale__GRHL1_DBD_NAACCGGTTN_repr		peak_139	257	266	-	11.0816	6.6e-05	0.827	AAACCGGACT
taipale_cyt_meth__TFCP2_AWCCGGWTNNAWCCGGWT_eDBD		peak_397	729	746	-	10.8687	6.61e-05	1	CGCCAGATCTAGCTAGTT
cisbp__M5928		peak_281	48	57	+	11.3061	6.61e-05	0.878	GAACCGGATG
taipale__TFCP2_full_NAACCGGTTN		peak_387	215	224	+	11.2551	6.61e-05	0.92	CAACTGGTTT
taipale__TFCP2_full_NAACCGGTTN		peak_255	292	301	-	11.2551	6.61e-05	0.92	CAACTGGTTT
taipale__TFCP2_full_NAACCGGTTN		peak_554	1087	1096	-	11.2551	6.61e-05	0.92	CAACTGGTTT
taipale_cyt_meth__GRHL1_NAACCGGTTN_eDBD_meth_repr		peak_610	394	403	-	11.2041	6.68e-05	0.597	GAACCTGTTA
taipale__TFCP2_full_NAACCGGTTN		peak_281	48	57	-	11.2347	6.69e-05	0.92	CATCCGGTTC
taipale_cyt_meth__TFCP2_AWCCGGWTNNAWCCGGWT_eDBD		peak_146	85	102	+	10.8485	6.69e-05	1	AGCCGGTTTAATGTTGAT
taipale_cyt_meth__TFCP2_AWCCGGWTNNAWCCGGWT_eDBD		peak_504	525	542	-	10.8485	6.69e-05	1	AGCCGCTTCCGACTGGCA
taipale__TFCP2_full_NCCGGNNNNNNCCGGN_repr		peak_323	159	174	+	10.398	6.75e-05	1	GCCGGATGTAAGCAGT
taipale__GRHL1_DBD_NAACCGGTTN_repr		peak_46	181	190	+	11.0612	6.75e-05	0.827	AAACCGGCTC
cisbp__M5928		peak_370	325	334	+	11.2449	6.85e-05	0.878	GAACCAGTTG
taipale__TFCP2_full_NAACCGGTTN		peak_370	325	334	-	11.1735	6.85e-05	0.92	CAACTGGTTC
taipale_cyt_meth__GRHL1_NAACCGGTTN_eDBD		peak_344	176	185	+	11.2347	6.88e-05	0.744	TTACCGGTTT
taipale_cyt_meth__GRHL1_NAACCGGTTN_eDBD		peak_424	259	268	+	11.2347	6.88e-05	0.744	TTACCGGTTT
taipale__GRHL1_full_NAAACCGGTTTN		peak_125	327	338	-	10.6837	6.88e-05	0.53	AAAACAAGTTCG
taipale_cyt_meth__TFCP2_AWCCGGWTNNAWCCGGWT_eDBD		peak_119	188	205	+	10.798	6.9e-05	1	AACAGCTTATTTCCGGTA
taipale__GRHL1_DBD_NAACCGGTTN_repr		peak_500	59	68	-	11.0306	6.95e-05	0.827	AAACCTGTTA
taipale__GRHL1_DBD_NAACCGGTTN_repr		peak_63	614	623	-	11.0306	6.95e-05	0.827	AAACCTGTTA
cisbp__M5928		peak_344	176	185	+	11.1224	6.96e-05	0.878	TTACCGGTTT
cisbp__M5928		peak_424	259	268	+	11.1224	6.96e-05	0.878	TTACCGGTTT
taipale__GRHL1_DBD_AACCGGWNNNWCCGGTT_repr		peak_385	283	299	-	10.051	7.04e-05	1	AAGTCGTTTTGCGGGTT
taipale__TFCP2_full_NCCGGNNNNNNCCGGN_repr		peak_146	86	101	+	10.3163	7.05e-05	1	GCCGGTTTAATGTTGA
taipale__GRHL1_DBD_NAACCGGTTN_repr		peak_151	200	209	-	11.0204	7.06e-05	0.827	GAACAGGTTT
taipale_cyt_meth__TFCP2_AWCCGGWTNNAWCCGGWT_eDBD		peak_456	304	321	+	10.7576	7.07e-05	1	AAGTGGTCACATCTGGTC
taipale_cyt_meth__GRHL1_NAACCGGTTN_eDBD		peak_256	38	47	-	11.1837	7.11e-05	0.744	AAACGGGTTT
taipale_cyt_meth__GRHL1_NAACCGGTTN_eDBD		peak_164	65	74	-	11.1837	7.11e-05	0.744	AAACGGGTTT
taipale_cyt_meth__GRHL1_NAACCGGTTN_eDBD		peak_382	809	818	-	11.1837	7.11e-05	0.744	AAACGGGTTT
taipale__GRHL1_full_NAAACCGGTTTN		peak_321	183	194	+	10.6122	7.12e-05	0.53	TTAACTGGTTTA
taipale_cyt_meth__TFCP2_AWCCGGWTNNAWCCGGWT_eDBD		peak_547	2	19	-	10.7374	7.16e-05	1	AACTGGTTCTTCCCAGAA
taipale__GRHL1_full_NAAACCGGTTTN		peak_598	26	37	+	10.5918	7.18e-05	0.53	GAAACAGGTTGG
taipale__TFCP2_full_NAACCGGTTN		peak_142	83	92	+	11.0612	7.2e-05	0.93	GAACCGGCTC
taipale_cyt_meth__GRHL1_NAACCGGTTN_eDBD		peak_500	59	68	-	11.1735	7.25e-05	0.744	AAACCTGTTA
taipale_cyt_meth__GRHL1_NAACCGGTTN_eDBD		peak_63	614	623	-	11.1735	7.25e-05	0.744	AAACCTGTTA
taipale__TFCP2_full_NCCGGNNNNNNCCGGN_repr		peak_61	142	157	-	10.2653	7.25e-05	1	TCCGGATTTAGCCTAT
taipale_cyt_meth__GRHL1_NAACCGGTTN_eDBD_meth_repr		peak_321	184	193	-	11.102	7.26e-05	0.624	AAACCAGTTA
taipale_cyt_meth__GRHL1_NAACCGGTTN_eDBD_meth_repr		peak_162	281	290	+	11.102	7.26e-05	0.624	AAACCAGTTA
taipale_cyt_meth__GRHL1_NAACCGGTTN_eDBD		peak_321	184	193	-	11.1327	7.38e-05	0.744	AAACCAGTTA
taipale_cyt_meth__GRHL1_NAACCGGTTN_eDBD		peak_162	281	290	+	11.1327	7.38e-05	0.744	AAACCAGTTA
taipale__GRHL1_full_NAAACCGGTTTN		peak_106	337	348	-	10.5102	7.44e-05	0.53	CAGACAGGTTTT
taipale__GRHL1_DBD_NAACCGGTTN_repr		peak_281	206	215	+	10.9796	7.44e-05	0.827	TAACCGGTCA
homer__NAAACCGGTTCAAACCGGTT_Tcfcp2l1		peak_504	525	544	-	10.449	7.47e-05	1	TAAGCCGCTTCCGACTGGCA
taipale__GRHL1_full_NAAACCGGTTTN		peak_164	64	75	+	10.4898	7.53e-05	0.53	TAAACCCGTTTC
taipale__GRHL1_full_NAAACCGGTTTN		peak_86	126	137	-	10.4898	7.53e-05	0.53	AACACCGGTTTT
taipale_cyt_meth__GRHL1_NAACCGGTTN_eDBD		peak_344	176	185	-	11.1122	7.6e-05	0.744	AAACCGGTAA
taipale_cyt_meth__GRHL1_NAACCGGTTN_eDBD		peak_424	259	268	-	11.1122	7.6e-05	0.744	AAACCGGTAA
taipale__TFCP2_full_NCCGGNNNNNNCCGGN_repr		peak_195	359	374	-	10.1735	7.61e-05	1	ACTGGTTACGTGTGGT
taipale__GRHL1_full_NAAACCGGTTTN		peak_394	167	178	-	10.4592	7.67e-05	0.53	GAAACAAGTTTG
taipale__GRHL1_full_NAAACCGGTTTN		peak_178	254	265	+	10.4592	7.67e-05	0.53	AAAACAAGTTCA
taipale__GRHL1_DBD_NAACCGGTTN_repr		peak_105	187	196	-	10.949	7.67e-05	0.827	AAACAGGTTA
taipale__GRHL1_full_NAAACCGGTTTN		peak_516	306	317	+	10.449	7.72e-05	0.53	CAAACATGTTTA
homer__NAAACCGGTTCAAACCGGTT_Tcfcp2l1		peak_251	395	414	-	10.3776	7.74e-05	1	AACGGCAGCTCAGACTAGTT
taipale_cyt_meth__GRHL1_NAACCGGTTN_eDBD		peak_256	38	47	+	11.0714	7.77e-05	0.744	AAACCCGTTT
taipale_cyt_meth__GRHL1_NAACCGGTTN_eDBD		peak_164	65	74	+	11.0714	7.77e-05	0.744	AAACCCGTTT
taipale_cyt_meth__GRHL1_NAACCGGTTN_eDBD		peak_382	809	818	+	11.0714	7.77e-05	0.744	AAACCCGTTT
taipale__TFCP2_full_NCCGGNNNNNNCCGGN_repr		peak_405	190	205	-	10.1327	7.78e-05	1	TCTGGAAGTAACTTGT
taipale__TFCP2_full_NAACCGGTTN		peak_344	176	185	-	10.9694	7.78e-05	0.93	AAACCGGTAA
taipale__TFCP2_full_NAACCGGTTN		peak_424	259	268	-	10.9694	7.78e-05	0.93	AAACCGGTAA
cisbp__M5928		peak_76	109	118	-	10.9796	7.86e-05	0.966	AAACCAGATT
taipale__GRHL1_full_NAAACCGGTTTN		peak_88	402	413	+	10.4184	7.86e-05	0.53	ACAACAGGTTTC
taipale__GRHL1_DBD_AACCGGWNNNWCCGGTT_repr		peak_579	39	55	+	9.82653	7.87e-05	1	ATCCGCCAAAACCGGTT
taipale_cyt_meth__TFCP2_AWCCGGWTNNAWCCGGWT_eDBD		peak_554	554	571	+	10.5758	7.88e-05	1	CACCGCTATTATCTGGCT
taipale__TFCP2_full_NAACCGGTTN		peak_76	109	118	+	10.949	7.92e-05	0.93	AATCTGGTTT
taipale_cyt_meth__GRHL1_NAACCGGTTN_eDBD		peak_387	215	224	+	11.051	7.95e-05	0.744	CAACTGGTTT
taipale_cyt_meth__GRHL1_NAACCGGTTN_eDBD		peak_255	292	301	-	11.051	7.95e-05	0.744	CAACTGGTTT
taipale_cyt_meth__GRHL1_NAACCGGTTN_eDBD		peak_554	1087	1096	-	11.051	7.95e-05	0.744	CAACTGGTTT
taipale__GRHL1_full_NAAACCGGTTTN		peak_139	256	267	-	10.3878	8.01e-05	0.53	AAAACCGGACTG
taipale_cyt_meth__TFCP2_AWCCGGWTNNAWCCGGWT_eDBD		peak_146	85	102	-	10.5455	8.03e-05	1	ATCAACATTAAACCGGCT
taipale_cyt_meth__GRHL1_NAACCGGTTN_eDBD		peak_88	403	412	+	11	8.06e-05	0.744	CAACAGGTTT
taipale_cyt_meth__GRHL1_NAACCGGTTN_eDBD_meth_repr		peak_106	338	347	+	11.0306	8.1e-05	0.66	AAACCTGTCT
taipale_cyt_meth__GRHL1_NAACCGGTTN_eDBD_meth_repr		peak_172	345	354	+	11.0306	8.1e-05	0.66	AGACCTGTTT
taipale__GRHL1_full_NAAACCGGTTTN		peak_518	286	297	+	10.3571	8.15e-05	0.53	AAAACCGGCTTA
taipale__GRHL1_full_NAAACCGGTTTN		peak_486	616	627	-	10.3571	8.15e-05	0.53	TAAACATGTTTT
taipale__GRHL1_DBD_NAACCGGTTN_repr		peak_105	187	196	+	10.8571	8.15e-05	0.827	TAACCTGTTT
cisbp__M5928		peak_142	83	92	-	10.9388	8.17e-05	0.978	GAGCCGGTTC
taipale_cyt_meth__GRHL1_NAACCGGTTN_eDBD		peak_282	305	314	-	10.9388	8.17e-05	0.744	AAACTGGTTG
homer__NAAACCGGTTCAAACCGGTT_Tcfcp2l1		peak_46	293	312	+	10.2653	8.18e-05	1	TGGGCCAGACACAACAAGAC
taipale__GRHL1_DBD_NAACCGGTTN_repr		peak_366	346	355	-	10.8367	8.25e-05	0.827	GAACCTGTTC
taipale__TFCP2_full_NAACCGGTTN		peak_434	292	301	-	10.8673	8.28e-05	0.93	AATCTGGTTC
taipale_cyt_meth__GRHL1_NAACCGGTTN_eDBD		peak_598	27	36	+	10.8878	8.28e-05	0.744	AAACAGGTTG
taipale__TFCP2_full_NCCGGNNNNNNCCGGN_repr		peak_579	39	54	-	10.0102	8.3e-05	1	ACCGGTTTTGGCGGAT
taipale__GRHL1_DBD_AACCGGWNNNWCCGGTT_repr		peak_414	308	324	+	9.71429	8.32e-05	1	GGCCTGTTCGACGGGTG
taipale__GRHL1_full_NAAACCGGTTTN		peak_172	344	355	-	10.3061	8.35e-05	0.53	GAAACAGGTCTT
taipale_cyt_meth__GRHL1_NAACCGGTTN_eDBD		peak_598	27	36	-	10.8776	8.39e-05	0.744	CAACCTGTTT
taipale_cyt_meth__GRHL1_NAACCGGTTN_eDBD_meth_repr		peak_106	338	347	-	11.0204	8.41e-05	0.66	AGACAGGTTT
taipale_cyt_meth__GRHL1_NAACCGGTTN_eDBD_meth_repr		peak_172	345	354	-	11.0204	8.41e-05	0.66	AAACAGGTCT
taipale__GRHL1_full_NAAACCGGTTTN		peak_406	253	264	+	10.2959	8.41e-05	0.53	AATACAGGTTTA
taipale__GRHL1_full_NAAACCGGTTTN		peak_211	503	514	-	10.2959	8.41e-05	0.53	AGAACAAGTTTG
cisbp__M5928		peak_434	292	301	+	10.898	8.48e-05	0.98	GAACCAGATT
taipale__GRHL1_DBD_NAACCGGTTN_repr		peak_598	27	36	-	10.7857	8.52e-05	0.827	CAACCTGTTT
taipale__TFCP2_full_NCCGGNNNNNNCCGGN_repr		peak_418	133	148	+	9.95918	8.53e-05	1	ACTAGTATAAATAGGT
taipale__GRHL1_DBD_AACCGGWNNNWCCGGTT_repr		peak_366	15	31	+	9.66327	8.53e-05	1	ACCCGGTGTTTCGTGTT
taipale__TFCP2_full_NAACCGGTTN		peak_434	292	301	+	10.8367	8.55e-05	0.93	GAACCAGATT
cisbp__M5928		peak_434	292	301	-	10.8469	8.59e-05	0.98	AATCTGGTTC
taipale__GRHL1_full_NAAACCGGTTTN		peak_516	306	317	-	10.2449	8.6e-05	0.532	TAAACATGTTTG
taipale_cyt_meth__GRHL1_NAACCGGTTN_eDBD		peak_282	305	314	+	10.8367	8.61e-05	0.744	CAACCAGTTT
taipale__GRHL1_DBD_NAACCGGTTN_repr		peak_500	59	68	+	10.7755	8.66e-05	0.827	TAACAGGTTT
taipale__GRHL1_DBD_NAACCGGTTN_repr		peak_63	614	623	+	10.7755	8.66e-05	0.827	TAACAGGTTT
taipale__TFCP2_full_NAACCGGTTN		peak_387	215	224	-	10.8265	8.66e-05	0.93	AAACCAGTTG
taipale__TFCP2_full_NAACCGGTTN		peak_255	292	301	+	10.8265	8.66e-05	0.93	AAACCAGTTG
taipale__TFCP2_full_NAACCGGTTN		peak_554	1087	1096	+	10.8265	8.66e-05	0.93	AAACCAGTTG
taipale__GRHL1_DBD_AACCGGWNNNWCCGGTT_repr		peak_304	3	19	-	9.61224	8.75e-05	1	AAGCCGGCTAACCGGCT
taipale__GRHL1_full_NAAACCGGTTTN		peak_304	87	98	+	10.2041	8.76e-05	0.532	AGAACAGGTTGA
taipale__GRHL1_full_NAAACCGGTTTN		peak_610	393	404	+	10.1939	8.8e-05	0.532	CTAACAGGTTCT
taipale_cyt_meth__GRHL1_NAACCGGTTN_eDBD		peak_610	394	403	+	10.8163	8.9e-05	0.744	TAACAGGTTC
taipale_cyt_meth__GRHL1_NAACCGGTTN_eDBD_meth_repr		peak_126	79	88	+	10.7449	8.92e-05	0.66	GAACAGGTTG
taipale_cyt_meth__GRHL1_NAACCGGTTN_eDBD_meth_repr		peak_304	88	97	+	10.7449	8.92e-05	0.66	GAACAGGTTG
taipale__GRHL1_DBD_NAACCGGTTN_repr		peak_387	215	224	-	10.7551	8.95e-05	0.827	AAACCAGTTG
taipale__GRHL1_DBD_NAACCGGTTN_repr		peak_255	292	301	+	10.7551	8.95e-05	0.827	AAACCAGTTG
taipale__GRHL1_DBD_NAACCGGTTN_repr		peak_366	346	355	+	10.7551	8.95e-05	0.827	GAACAGGTTC
taipale__GRHL1_DBD_NAACCGGTTN_repr		peak_554	1087	1096	+	10.7551	8.95e-05	0.827	AAACCAGTTG
taipale_cyt_meth__GRHL1_NAACCGGTTN_eDBD		peak_281	206	215	-	10.8061	8.99e-05	0.744	TGACCGGTTA
taipale__GRHL1_DBD_NAACCGGTTN_repr		peak_343	225	234	+	10.7449	9.04e-05	0.827	AAACCAGTCC
taipale__GRHL1_full_NAAACCGGTTTN		peak_245	227	238	-	10.1429	9.05e-05	0.536	AGAACAGGTCTT
taipale_cyt_meth__GRHL1_NAACCGGTTN_eDBD		peak_281	206	215	+	10.7959	9.08e-05	0.744	TAACCGGTCA
taipale__GRHL1_full_NAAACCGGTTTN		peak_282	304	315	-	10.1327	9.1e-05	0.536	TAAACTGGTTGA
taipale__GRHL1_DBD_NAACCGGTTN_repr		peak_344	176	185	+	10.7245	9.15e-05	0.827	TTACCGGTTT
taipale__GRHL1_DBD_NAACCGGTTN_repr		peak_424	259	268	+	10.7245	9.15e-05	0.827	TTACCGGTTT
homer__NAAACCGGTTCAAACCGGTT_Tcfcp2l1		peak_361	312	331	+	10.0306	9.16e-05	1	AACACTAGCGCCATCTAGCT
taipale_cyt_meth__GRHL1_NAACCGGTTN_eDBD_meth_repr		peak_126	79	88	-	10.7245	9.22e-05	0.66	CAACCTGTTC
taipale_cyt_meth__GRHL1_NAACCGGTTN_eDBD_meth_repr		peak_304	88	97	-	10.7245	9.22e-05	0.66	CAACCTGTTC
taipale__GRHL1_DBD_NAACCGGTTN_repr		peak_518	287	296	-	10.7143	9.24e-05	0.827	AAGCCGGTTT
taipale__GRHL1_DBD_NAACCGGTTN_repr		peak_32	351	360	-	10.7143	9.24e-05	0.827	AAGCCGGTTT
cisbp__M5928		peak_387	215	224	+	10.7449	9.25e-05	0.985	CAACTGGTTT
cisbp__M5928		peak_255	292	301	-	10.7449	9.25e-05	0.985	CAACTGGTTT
cisbp__M5928		peak_554	1087	1096	-	10.7449	9.25e-05	0.985	CAACTGGTTT
taipale_cyt_meth__TFCP2_AWCCGGWTNNAWCCGGWT_eDBD		peak_438	9	26	-	10.303	9.26e-05	1	CACTAGTACCCACTGGAT
taipale_cyt_meth__TFCP2_AWCCGGWTNNAWCCGGWT_eDBD		peak_179	75	92	-	10.303	9.26e-05	1	TTCTAGTTCTAGCCACTT
taipale_cyt_meth__GRHL1_NAACCGGTTN_eDBD		peak_88	403	412	-	10.7653	9.35e-05	0.744	AAACCTGTTG
taipale__GRHL1_DBD_NAACCGGTTN_repr		peak_88	403	412	+	10.7041	9.43e-05	0.827	CAACAGGTTT
homer__NAAACCGGTTCAAACCGGTT_Tcfcp2l1		peak_188	228	247	-	9.96939	9.43e-05	1	AGGGCCGGATTTTTCAGGCT
taipale__TFCP2_full_NCCGGNNNNNNCCGGN_repr		peak_148	107	122	+	9.76531	9.45e-05	1	AGCGGCTTTAACCGAT
taipale__GRHL1_DBD_NAACCGGTTN_repr		peak_344	176	185	-	10.6837	9.54e-05	0.827	AAACCGGTAA
taipale__GRHL1_DBD_NAACCGGTTN_repr		peak_424	259	268	-	10.6837	9.54e-05	0.827	AAACCGGTAA
homer__NAAACCGGTTCAAACCGGTT_Tcfcp2l1		peak_194	387	406	-	9.93878	9.57e-05	1	GGGTCTAGAGAGAACCAGCA
taipale_cyt_meth__GRHL1_NAACCGGTTN_eDBD		peak_518	287	296	-	10.7347	9.59e-05	0.744	AAGCCGGTTT
taipale_cyt_meth__GRHL1_NAACCGGTTN_eDBD		peak_32	351	360	-	10.7347	9.59e-05	0.744	AAGCCGGTTT
taipale_cyt_meth__TFCP2_AWCCGGWTNNAWCCGGWT_eDBD		peak_397	729	746	+	10.2424	9.59e-05	1	AACTAGCTAGATCTGGCG
taipale__TFCP2_full_NCCGGNNNNNNCCGGN_repr		peak_181	53	68	+	9.73469	9.6e-05	1	TCTGGCTCCATCTGGC
taipale_cyt_meth__GRHL1_NAACCGGTTN_eDBD_meth_repr		peak_344	176	185	+	10.7041	9.61e-05	0.66	TTACCGGTTT
taipale_cyt_meth__GRHL1_NAACCGGTTN_eDBD_meth_repr		peak_424	259	268	+	10.7041	9.61e-05	0.66	TTACCGGTTT
homer__NAAACCGGTTCAAACCGGTT_Tcfcp2l1		peak_142	74	93	-	9.92857	9.62e-05	1	CGAGCCGGTTCCGCCAAGCA
taipale__TFCP2_full_NAACCGGTTN		peak_282	305	314	-	10.7143	9.64e-05	1	AAACTGGTTG
taipale__GRHL1_full_NAAACCGGTTTN		peak_369	361	372	-	10	9.66e-05	0.562	ACAACAGGTTAT
taipale_cyt_meth__GRHL1_NAACCGGTTN_eDBD		peak_387	215	224	-	10.7245	9.81e-05	0.744	AAACCAGTTG
taipale_cyt_meth__GRHL1_NAACCGGTTN_eDBD		peak_255	292	301	+	10.7245	9.81e-05	0.744	AAACCAGTTG
taipale_cyt_meth__GRHL1_NAACCGGTTN_eDBD		peak_554	1087	1096	+	10.7245	9.81e-05	0.744	AAACCAGTTG
taipale__GRHL1_DBD_NAACCGGTTN_repr		peak_106	338	347	+	10.5918	9.85e-05	0.827	AAACCTGTCT
taipale__GRHL1_full_NAAACCGGTTTN		peak_239	107	118	+	9.95918	9.87e-05	0.566	AAAACATGTTAA
taipale_cyt_meth__TFCP2_AWCCGGWTNNAWCCGGWT_eDBD		peak_332	169	186	-	10.1919	9.88e-05	1	TGGTGGCTCAAACCGGAA
taipale__GRHL1_DBD_AACCGGWNNNWCCGGTT_repr		peak_404	318	334	-	9.35714	9.91e-05	1	TACTTGCTTAACCTGTG
taipale__TFCP2_full_NAACCGGTTN		peak_446	365	374	-	10.6633	9.92e-05	1	TATCCGGTTT
taipale_cyt_meth__TFCP2_AWCCGGWTNNAWCCGGWT_eDBD		peak_589	241	258	-	10.1818	9.94e-05	1	AGCCGCTTTGTTCTGGCC
taipale__GRHL1_full_NAAACCGGTTTN		peak_149	21	32	+	9.93878	9.97e-05	0.566	CAAACTTGTTTG
taipale_cyt_meth__GRHL1_NAACCGGTTN_eDBD_meth_repr		peak_282	305	314	+	10.6633	9.97e-05	0.66	CAACCAGTTT
taipale_cyt_meth__TFCP2_AWCCGGWTNNAWCCGGWT_eDBD		peak_119	188	205	-	10.1717	0.0001	1	TACCGGAAATAAGCTGTT
taipale__GRHL1_DBD_NAACCGGTTN_repr		peak_126	79	88	-	10.5204	0.0001	0.827	CAACCTGTTC
taipale__GRHL1_DBD_NAACCGGTTN_repr		peak_304	88	97	-	10.5204	0.0001	0.827	CAACCTGTTC
taipale__GRHL1_DBD_AACCGGWNNNWCCGGTT_repr		peak_504	65	81	-	9.33673	0.0001	1	AACATGGCTAACATGTT
cisbp__M5928		peak_446	365	374	+	10.6531	0.000101	1	AAACCGGATA
taipale__GRHL1_DBD_AACCGGWNNNWCCGGTT_repr		peak_370	73	89	-	9.31633	0.000101	1	AACCCGATTTACTTGCT
taipale__TFCP2_full_NCCGGNNNNNNCCGGN_repr		peak_112	120	135	+	9.63265	0.000101	1	ACCAGTTTAAAACATT
taipale__GRHL1_full_NAAACCGGTTTN		peak_11	234	245	+	9.89796	0.000102	0.568	AATACTGGTTTT
cisbp__M5928		peak_282	305	314	+	10.6429	0.000102	1	CAACCAGTTT
taipale__TFCP2_full_NCCGGNNNNNNCCGGN_repr		peak_354	145	160	-	9.62245	0.000102	1	ACTGGCAAAAACTGCA
homer__NAAACCGGTTCAAACCGGTT_Tcfcp2l1		peak_60	445	464	+	9.80612	0.000102	1	GTTTCCAGCCCTCGCCAGCT
taipale_cyt_meth__GRHL1_NAACCGGTTN_eDBD_meth_repr		peak_387	215	224	-	10.6531	0.000102	0.66	AAACCAGTTG
taipale_cyt_meth__GRHL1_NAACCGGTTN_eDBD_meth_repr		peak_129	278	287	+	10.6531	0.000102	0.66	TAACCTGTTA
taipale_cyt_meth__GRHL1_NAACCGGTTN_eDBD_meth_repr		peak_255	292	301	+	10.6531	0.000102	0.66	AAACCAGTTG
taipale_cyt_meth__GRHL1_NAACCGGTTN_eDBD_meth_repr		peak_554	1087	1096	+	10.6531	0.000102	0.66	AAACCAGTTG
taipale__GRHL1_full_NAAACCGGTTTN		peak_344	175	186	+	9.87755	0.000103	0.568	CTTACCGGTTTT
taipale__GRHL1_DBD_NAACCGGTTN_repr		peak_172	345	354	-	10.5102	0.000103	0.827	AAACAGGTCT
taipale__GRHL1_DBD_NAACCGGTTN_repr		peak_610	394	403	+	10.5102	0.000103	0.827	TAACAGGTTC
homer__NAAACCGGTTCAAACCGGTT_Tcfcp2l1		peak_430	158	177	+	9.77551	0.000103	1	TAAACTTGCACGGGCTTGTT
homer__NAAACCGGTTCAAACCGGTT_Tcfcp2l1		peak_456	302	321	+	9.77551	0.000103	1	TAAAGTGGTCACATCTGGTC
taipale_cyt_meth__GRHL1_NAACCGGTTN_eDBD_meth_repr		peak_129	278	287	-	10.6429	0.000103	0.66	TAACAGGTTA
cisbp__M5928		peak_540	126	135	+	10.6224	0.000104	1	TATCTGGTTT
taipale__TFCP2_full_NCCGGNNNNNNCCGGN_repr		peak_473	423	438	+	9.58163	0.000104	1	ACCGGTTCAATTCATA
taipale__TFCP2_full_NAACCGGTTN		peak_321	184	193	+	10.602	0.000104	1	TAACTGGTTT
taipale__TFCP2_full_NAACCGGTTN		peak_162	281	290	-	10.602	0.000104	1	TAACTGGTTT
taipale__GRHL1_full_NAAACCGGTTTN		peak_88	402	413	-	9.83673	0.000104	0.571	GAAACCTGTTGT
taipale_cyt_meth__TFCP2_AWCCGGWTNNAWCCGGWT_eDBD		peak_333	525	542	+	10.0909	0.000105	1	AACCTGGTCACACTGGAT
taipale__GRHL1_DBD_AACCGGWNNNWCCGGTT_repr		peak_446	531	547	+	9.23469	0.000105	1	AACTAGTAATACTGCTT
taipale__TFCP2_full_NCCGGNNNNNNCCGGN_repr		peak_361	412	427	+	9.56122	0.000105	1	ACCGTTAAAAAGCGGT
taipale_cyt_meth__GRHL1_NAACCGGTTN_eDBD_meth_repr		peak_149	22	31	-	10.6224	0.000105	0.66	AAACAAGTTT
taipale_cyt_meth__GRHL1_NAACCGGTTN_eDBD_meth_repr		peak_394	168	177	-	10.6224	0.000105	0.66	AAACAAGTTT
homer__NAAACCGGTTCAAACCGGTT_Tcfcp2l1		peak_46	295	314	-	9.73469	0.000105	1	GAGTCTTGTTGTGTCTGGCC
taipale_cyt_meth__TFCP2_AWCCGGWTNNAWCCGGWT_eDBD		peak_98	130	147	+	10.0707	0.000106	1	ACCCAGCTTAACCCGGTT
cisbp__M5928		peak_321	184	193	-	10.5918	0.000106	1	AAACCAGTTA
cisbp__M5928		peak_162	281	290	+	10.5918	0.000106	1	AAACCAGTTA
homer__NAAACCGGTTCAAACCGGTT_Tcfcp2l1		peak_516	308	327	-	9.71429	0.000106	1	AAAACATGCCTAAACATGTT
taipale__TFCP2_full_NCCGGNNNNNNCCGGN_repr		peak_46	183	198	+	9.52041	0.000107	1	ACCGGCTCAAACGTCT
taipale__TFCP2_full_NCCGGNNNNNNCCGGN_repr		peak_266	309	324	-	9.52041	0.000107	1	ACTAGCTTGAACTTGA
taipale_cyt_meth__GRHL1_NAACCGGTTN_eDBD_meth_repr		peak_387	215	224	+	10.6122	0.000107	0.66	CAACTGGTTT
taipale_cyt_meth__GRHL1_NAACCGGTTN_eDBD_meth_repr		peak_255	292	301	-	10.6122	0.000107	0.66	CAACTGGTTT
taipale_cyt_meth__GRHL1_NAACCGGTTN_eDBD_meth_repr		peak_554	1087	1096	-	10.6122	0.000107	0.66	CAACTGGTTT
homer__NAAACCGGTTCAAACCGGTT_Tcfcp2l1		peak_502	160	179	+	9.69388	0.000107	1	AAAACTGCATTTAACTAGAT
taipale_cyt_meth__TFCP2_AWCCGGWTNNAWCCGGWT_eDBD		peak_195	358	375	-	10.0404	0.000108	1	CACTGGTTACGTGTGGTT
homer__NAAACCGGTTCAAACCGGTT_Tcfcp2l1		peak_504	523	542	+	9.68367	0.000108	1	ATTGCCAGTCGGAAGCGGCT
taipale__TFCP2_full_NAACCGGTTN		peak_281	48	57	+	10.551	0.000108	1	GAACCGGATG
taipale__TFCP2_full_NAACCGGTTN		peak_540	126	135	-	10.551	0.000108	1	AAACCAGATA
taipale_cyt_meth__GRHL1_NAACCGGTTN_eDBD_meth_repr		peak_282	305	314	-	10.602	0.000108	0.66	AAACTGGTTG
homer__NAAACCGGTTCAAACCGGTT_Tcfcp2l1		peak_554	1118	1137	-	9.67347	0.000109	1	GGAGCCGGTGCGGCCCAGAA
taipale_cyt_meth__TFCP2_AWCCGGWTNNAWCCGGWT_eDBD		peak_504	525	542	+	10.0303	0.000109	1	TGCCAGTCGGAAGCGGCT
homer__NAAACCGGTTCAAACCGGTT_Tcfcp2l1		peak_516	306	325	+	9.66327	0.000109	1	CAAACATGTTTAGGCATGTT
taipale_cyt_meth__GRHL1_NAACCGGTTN_eDBD		peak_357	216	225	-	10.6224	0.000109	0.814	AAACTGGTCT
taipale_cyt_meth__TFCP2_AWCCGGWTNNAWCCGGWT_eDBD		peak_589	241	258	+	10	0.00011	1	GGCCAGAACAAAGCGGCT
taipale_cyt_meth__GRHL1_NAACCGGTTN_eDBD_meth_repr		peak_149	22	31	+	10.5816	0.000111	0.66	AAACTTGTTT
taipale_cyt_meth__GRHL1_NAACCGGTTN_eDBD_meth_repr		peak_394	168	177	+	10.5816	0.000111	0.66	AAACTTGTTT
taipale_cyt_meth__TFCP2_AWCCGGWTNNAWCCGGWT_eDBD		peak_181	52	69	+	9.9899	0.000111	1	TTCTGGCTCCATCTGGCC
taipale_cyt_meth__GRHL1_NAACCGGTTN_eDBD		peak_106	338	347	-	10.5816	0.000111	0.814	AGACAGGTTT
taipale__GRHL1_DBD_NAACCGGTTN_repr		peak_473	360	369	-	10.3776	0.000111	0.861	GAACTGGTTT
taipale__GRHL1_DBD_AACCGGWNNNWCCGGTT_repr		peak_198	102	118	+	9.11224	0.000111	1	TAGCAGTCCAACTGGAT
homer__NAAACCGGTTCAAACCGGTT_Tcfcp2l1		peak_146	85	104	-	9.61224	0.000112	1	TAATCAACATTAAACCGGCT
taipale_cyt_meth__GRHL1_NAACCGGTTN_eDBD		peak_172	345	354	-	10.5714	0.000112	0.814	AAACAGGTCT
taipale_cyt_meth__TFCP2_AWCCGGWTNNAWCCGGWT_eDBD		peak_18	57	74	+	9.9697	0.000112	1	TTCTGGTTTACGGCGGAT
taipale__GRHL1_DBD_AACCGGWNNNWCCGGTT_repr		peak_582	210	226	+	9.09184	0.000112	1	GAGTAGTATAACGGGAT
taipale__GRHL1_DBD_AACCGGWNNNWCCGGTT_repr		peak_493	222	238	+	9.08163	0.000113	1	TACCTGGCAAACGTGTT
taipale__TFCP2_full_NCCGGNNNNNNCCGGN_repr		peak_558	173	188	-	9.41837	0.000113	1	TCCATTTTGAACCGGA
taipale__GRHL1_DBD_NAACCGGTTN_repr		peak_88	403	412	-	10.3367	0.000113	0.861	AAACCTGTTG
taipale__TFCP2_full_NAACCGGTTN		peak_343	225	234	+	10.5	0.000114	1	AAACCAGTCC
taipale__GRHL1_full_NAAACCGGTTTN		peak_281	205	216	+	9.65306	0.000114	0.587	CTAACCGGTCAA
taipale_cyt_meth__GRHL1_NAACCGGTTN_eDBD		peak_610	394	403	-	10.551	0.000114	0.817	GAACCTGTTA
homer__NAAACCGGTTCAAACCGGTT_Tcfcp2l1		peak_179	73	92	+	9.56122	0.000114	1	AAAAGTGGCTAGAACTAGAA
taipale__TFCP2_full_NAACCGGTTN		peak_357	216	225	-	10.4694	0.000115	1	AAACTGGTCT
taipale__GRHL1_full_NAAACCGGTTTN		peak_387	214	225	+	9.64286	0.000115	0.587	CCAACTGGTTTG
taipale__GRHL1_full_NAAACCGGTTTN		peak_129	277	288	-	9.64286	0.000115	0.587	TTAACAGGTTAA
taipale__GRHL1_full_NAAACCGGTTTN		peak_255	291	302	-	9.64286	0.000115	0.587	CCAACTGGTTTG
homer__NAAACCGGTTCAAACCGGTT_Tcfcp2l1		peak_348	65	84	+	9.55102	0.000115	1	AGAAGCAGCGCAAACTGGCA
homer__NAAACCGGTTCAAACCGGTT_Tcfcp2l1		peak_251	393	412	+	9.54082	0.000115	1	CAAACTAGTCTGAGCTGCCG
taipale__TFCP2_full_NCCGGNNNNNNCCGGN_repr		peak_260	75	90	-	9.37755	0.000116	1	TCCGGTTTCTACTTCT
taipale_cyt_meth__TFCP2_AWCCGGWTNNAWCCGGWT_eDBD		peak_332	169	186	+	9.91919	0.000116	1	TTCCGGTTTGAGCCACCA
taipale_cyt_meth__TFCP2_AWCCGGWTNNAWCCGGWT_eDBD		peak_195	358	375	+	9.91919	0.000116	1	AACCACACGTAACCAGTG
taipale__TFCP2_full_NCCGGNNNNNNCCGGN_repr		peak_583	356	371	-	9.36735	0.000116	1	ACCGGTTCCGTTTTGT
taipale_cyt_meth__GRHL1_NAACCGGTTN_eDBD		peak_86	127	136	+	10.5102	0.000116	0.819	AAACCGGTGT
cisbp__M5928		peak_281	48	57	-	10.4694	0.000116	1	CATCCGGTTC
cisbp__M5928		peak_323	149	158	-	10.4694	0.000116	1	AAAGCGGTTT
cisbp__M5928		peak_361	420	429	+	10.4694	0.000116	1	AAAGCGGTTT
cisbp__M5928		peak_280	491	500	-	10.4694	0.000116	1	AAAGCGGTTT
taipale_cyt_meth__TFCP2_AWCCGGWTNNAWCCGGWT_eDBD		peak_554	554	571	-	9.89899	0.000117	1	AGCCAGATAATAGCGGTG
taipale__GRHL1_DBD_AACCGGWNNNWCCGGTT_repr		peak_370	73	89	+	9	0.000117	1	AGCAAGTAAATCGGGTT
taipale__GRHL1_DBD_NAACCGGTTN_repr		peak_598	27	36	+	10.2551	0.000118	0.861	AAACAGGTTG
taipale_cyt_meth__TFCP2_AWCCGGWTNNAWCCGGWT_eDBD		peak_485	15	32	-	9.88889	0.000118	1	CACAAGTTTAATCAAGTT
taipale_cyt_meth__TFCP2_AWCCGGWTNNAWCCGGWT_eDBD		peak_293	69	86	+	9.88889	0.000118	1	AACTGCCACTAACCACTT
taipale__GRHL1_full_NAAACCGGTTTN		peak_518	286	297	-	9.57143	0.000118	0.587	TAAGCCGGTTTT
taipale__GRHL1_full_NAAACCGGTTTN		peak_282	304	315	+	9.57143	0.000118	0.587	TCAACCAGTTTA
taipale__GRHL1_full_NAAACCGGTTTN		peak_172	344	355	+	9.57143	0.000118	0.587	AAGACCTGTTTC
taipale_cyt_meth__TFCP2_AWCCGGWTNNAWCCGGWT_eDBD		peak_107	246	263	-	9.87879	0.000118	1	AACTGGTTAACTGCAGCT
cisbp__M5928		peak_343	225	234	-	10.4286	0.000119	1	GGACTGGTTT
taipale_cyt_meth__TFCP2_AWCCGGWTNNAWCCGGWT_eDBD		peak_561	431	448	-	9.86869	0.000119	1	CGCCAGACCAGACCAGCT
taipale__GRHL1_full_NAAACCGGTTTN		peak_352	348	359	+	9.56122	0.000119	0.587	AAAACAAGTTGG
homer__NAAACCGGTTCAAACCGGTT_Tcfcp2l1		peak_475	157	176	+	9.46939	0.000119	1	GAAGCAAGCACCATCTGGTG
taipale_cyt_meth__TFCP2_AWCCGGWTNNAWCCGGWT_eDBD		peak_547	2	19	+	9.85859	0.00012	1	TTCTGGGAAGAACCAGTT
taipale_cyt_meth__TFCP2_AWCCGGWTNNAWCCGGWT_eDBD		peak_487	324	341	+	9.85859	0.00012	1	CGCCGGCCGACACCGGCT
taipale_cyt_meth__GRHL1_NAACCGGTTN_eDBD_meth_repr		peak_245	228	237	-	10.5306	0.00012	0.704	GAACAGGTCT
cisbp__M5928		peak_357	216	225	+	10.4082	0.00012	1	AGACCAGTTT
taipale__GRHL1_full_NAAACCGGTTTN		peak_361	419	430	-	9.55102	0.00012	0.587	AAAACCGCTTTT
taipale_cyt_meth__GRHL1_NAACCGGTTN_eDBD		peak_172	345	354	+	10.4592	0.00012	0.819	AGACCTGTTT
taipale_cyt_meth__TFCP2_AWCCGGWTNNAWCCGGWT_eDBD		peak_487	324	341	-	9.83838	0.000121	1	AGCCGGTGTCGGCCGGCG
cisbp__M5928		peak_508	225	234	+	10.3878	0.000122	1	GAAGCGGTTT
taipale__TFCP2_full_NCCGGNNNNNNCCGGN_repr		peak_239	82	97	+	9.26531	0.000122	1	AGTGGAACGAACTAGT
taipale__GRHL1_full_NAAACCGGTTTN		peak_402	157	168	+	9.5	0.000123	0.587	TAAACCAGTATA
taipale_cyt_meth__GRHL1_NAACCGGTTN_eDBD		peak_370	325	334	-	10.449	0.000123	0.819	CAACTGGTTC
taipale_cyt_meth__GRHL1_NAACCGGTTN_eDBD		peak_106	338	347	+	10.449	0.000123	0.819	AAACCTGTCT
cisbp__M5928		peak_583	364	373	-	10.3469	0.000123	1	GCACCGGTTC
taipale_cyt_meth__TFCP2_AWCCGGWTNNAWCCGGWT_eDBD		peak_181	52	69	-	9.80808	0.000123	1	GGCCAGATGGAGCCAGAA
taipale__GRHL1_DBD_AACCGGWNNNWCCGGTT_repr		peak_333	526	542	+	8.89796	0.000123	1	ACCTGGTCACACTGGAT
taipale__GRHL1_full_NAAACCGGTTTN		peak_457	156	167	+	9.4898	0.000123	0.587	TTAACCAGTTAA
taipale__GRHL1_full_NAAACCGGTTTN		peak_107	254	265	+	9.4898	0.000123	0.587	TTAACCAGTTAA
taipale__TFCP2_full_NAACCGGTTN		peak_583	364	373	+	10.2857	0.000123	1	GAACCGGTGC
taipale__GRHL1_DBD_NAACCGGTTN_repr		peak_446	365	374	-	10.1939	0.000123	0.861	TATCCGGTTT
taipale__GRHL1_full_NAAACCGGTTTN		peak_32	350	361	+	9.47959	0.000124	0.587	CAAACCGGCTTT
taipale_cyt_meth__GRHL1_NAACCGGTTN_eDBD		peak_357	216	225	+	10.4184	0.000124	0.819	AGACCAGTTT
taipale__TFCP2_full_NCCGGNNNNNNCCGGN_repr		peak_9	262	277	+	9.23469	0.000124	1	ACCAGTAAAAATCGTT
taipale_cyt_meth__GRHL1_NAACCGGTTN_eDBD_meth_repr		peak_344	176	185	-	10.5	0.000125	0.704	AAACCGGTAA
taipale_cyt_meth__GRHL1_NAACCGGTTN_eDBD_meth_repr		peak_245	228	237	+	10.5	0.000125	0.704	AGACCTGTTC
taipale_cyt_meth__GRHL1_NAACCGGTTN_eDBD_meth_repr		peak_424	259	268	-	10.5	0.000125	0.704	AAACCGGTAA
taipale__GRHL1_full_NAAACCGGTTTN		peak_424	258	269	+	9.44898	0.000126	0.588	TTTACCGGTTTT
taipale__TFCP2_full_NAACCGGTTN		peak_518	287	296	-	10.2143	0.000126	1	AAGCCGGTTT
taipale__TFCP2_full_NAACCGGTTN		peak_32	351	360	-	10.2143	0.000126	1	AAGCCGGTTT
taipale_cyt_meth__TFCP2_AWCCGGWTNNAWCCGGWT_eDBD		peak_107	246	263	+	9.76768	0.000126	1	AGCTGCAGTTAACCAGTT
taipale_cyt_meth__TFCP2_AWCCGGWTNNAWCCGGWT_eDBD		peak_561	431	448	+	9.76768	0.000126	1	AGCTGGTCTGGTCTGGCG
taipale_cyt_meth__GRHL1_NAACCGGTTN_eDBD		peak_518	287	296	+	10.4082	0.000126	0.819	AAACCGGCTT
taipale_cyt_meth__GRHL1_NAACCGGTTN_eDBD		peak_32	351	360	+	10.4082	0.000126	0.819	AAACCGGCTT
taipale__TFCP2_full_NCCGGNNNNNNCCGGN_repr		peak_289	286	301	-	9.20408	0.000126	1	ACCGGCTGCGTCTTGT
homer__NAAACCGGTTCAAACCGGTT_Tcfcp2l1		peak_73	252	271	-	9.33673	0.000127	1	GCGAGCAGAGTGAGCCAGCT
taipale__TFCP2_full_NCCGGNNNNNNCCGGN_repr		peak_426	171	186	+	9.19388	0.000127	1	ACTGGAAGAAATAGGA
taipale__GRHL1_DBD_NAACCGGTTN_repr		peak_321	184	193	+	10.1327	0.000127	0.861	TAACTGGTTT
taipale__GRHL1_DBD_NAACCGGTTN_repr		peak_162	281	290	-	10.1327	0.000127	0.861	TAACTGGTTT
taipale__GRHL1_full_NAAACCGGTTTN		peak_369	361	372	+	9.41837	0.000128	0.588	ATAACCTGTTGT
taipale_cyt_meth__TFCP2_AWCCGGWTNNAWCCGGWT_eDBD		peak_18	57	74	-	9.73737	0.000128	1	ATCCGCCGTAAACCAGAA
taipale_cyt_meth__GRHL1_NAACCGGTTN_eDBD_meth_repr		peak_281	206	215	+	10.4592	0.000129	0.704	TAACCGGTCA
taipale_cyt_meth__GRHL1_NAACCGGTTN_eDBD_meth_repr		peak_281	206	215	-	10.4592	0.000129	0.704	TGACCGGTTA
taipale__GRHL1_full_NAAACCGGTTTN		peak_466	360	371	-	9.40816	0.000129	0.588	AGAACCCGTTAT
taipale__GRHL1_DBD_NAACCGGTTN_repr		peak_547	11	20	-	10.1122	0.000129	0.861	GAACTGGTTC
taipale__GRHL1_DBD_NAACCGGTTN_repr		peak_600	345	354	+	10.1122	0.000129	0.861	GAACTGGTTC
taipale__GRHL1_full_NAAACCGGTTTN		peak_304	1	12	+	9.39796	0.000129	0.588	AAAGCCGGTTAG
homer__NAAACCGGTTCAAACCGGTT_Tcfcp2l1		peak_332	169	188	-	9.27551	0.00013	1	AGTGGTGGCTCAAACCGGAA
taipale__GRHL1_DBD_AACCGGWNNNWCCGGTT_repr		peak_344	226	242	-	8.77551	0.000131	1	ACCCAGTGTGACCGCTT
taipale__TFCP2_full_NCCGGNNNNNNCCGGN_repr		peak_389	281	296	+	9.13265	0.000131	1	ACCTGTTCGATTCAGT
taipale__TFCP2_full_NCCGGNNNNNNCCGGN_repr		peak_561	497	512	-	9.13265	0.000131	1	ACCATATCAGACCGGT
taipale_cyt_meth__GRHL1_NAACCGGTTN_eDBD_meth_repr		peak_357	216	225	+	10.4388	0.000131	0.704	AGACCAGTTT
taipale__GRHL1_DBD_NAACCGGTTN_repr		peak_256	38	47	-	10.0714	0.000131	0.861	AAACGGGTTT
taipale__GRHL1_DBD_NAACCGGTTN_repr		peak_164	65	74	-	10.0714	0.000131	0.861	AAACGGGTTT
taipale__GRHL1_DBD_NAACCGGTTN_repr		peak_382	809	818	-	10.0714	0.000131	0.861	AAACGGGTTT
homer__NAAACCGGTTCAAACCGGTT_Tcfcp2l1		peak_468	359	378	-	9.23469	0.000133	1	CAGACTGGCAACCACCGGCG
taipale__GRHL1_DBD_NAACCGGTTN_repr		peak_387	215	224	+	10.0612	0.000133	0.861	CAACTGGTTT
taipale__GRHL1_DBD_NAACCGGTTN_repr		peak_255	292	301	-	10.0612	0.000133	0.861	CAACTGGTTT
taipale__GRHL1_DBD_NAACCGGTTN_repr		peak_554	1087	1096	-	10.0612	0.000133	0.861	CAACTGGTTT
taipale_cyt_meth__TFCP2_AWCCGGWTNNAWCCGGWT_eDBD		peak_179	75	92	+	9.66667	0.000134	1	AAGTGGCTAGAACTAGAA
taipale_cyt_meth__GRHL1_NAACCGGTTN_eDBD		peak_126	79	88	-	10.2755	0.000134	0.83	CAACCTGTTC
taipale_cyt_meth__GRHL1_NAACCGGTTN_eDBD		peak_304	88	97	-	10.2755	0.000134	0.83	CAACCTGTTC
homer__NAAACCGGTTCAAACCGGTT_Tcfcp2l1		peak_130	253	272	+	9.21429	0.000134	1	CCGTCCAGCCTCCACAAGTC
homer__NAAACCGGTTCAAACCGGTT_Tcfcp2l1		peak_609	361	380	+	9.21429	0.000134	1	AGGGCTGGACAAAACAAGAA
taipale__GRHL1_DBD_NAACCGGTTN_repr		peak_86	127	136	+	10.0408	0.000134	0.861	AAACCGGTGT
taipale_cyt_meth__TFCP2_AWCCGGWTNNAWCCGGWT_eDBD		peak_139	248	265	+	9.65657	0.000134	1	TGCTACTACAGTCCGGTT
taipale_cyt_meth__GRHL1_NAACCGGTTN_eDBD		peak_126	79	88	+	10.2653	0.000135	0.83	GAACAGGTTG
taipale_cyt_meth__GRHL1_NAACCGGTTN_eDBD		peak_304	88	97	+	10.2653	0.000135	0.83	GAACAGGTTG
taipale__GRHL1_full_NAAACCGGTTTN		peak_166	503	514	+	9.30612	0.000135	0.608	ATAACCTGTTGG
taipale__TFCP2_full_NAACCGGTTN		peak_273	53	62	-	10.0714	0.000136	1	CAACCGGCTT
taipale__TFCP2_full_NAACCGGTTN		peak_323	149	158	+	10.0714	0.000136	1	AAACCGCTTT
taipale__TFCP2_full_NAACCGGTTN		peak_361	420	429	-	10.0714	0.000136	1	AAACCGCTTT
taipale__TFCP2_full_NAACCGGTTN		peak_265	433	442	+	10.0714	0.000136	1	CAACCGGCTT
taipale__TFCP2_full_NAACCGGTTN		peak_280	491	500	+	10.0714	0.000136	1	AAACCGCTTT
taipale__TFCP2_full_NAACCGGTTN		peak_290	491	500	+	10.0714	0.000136	1	CAACCGGCTT
taipale__TFCP2_full_NAACCGGTTN		peak_88	693	702	+	10.0714	0.000136	1	CAACCGGCTT
taipale__GRHL1_DBD_NAACCGGTTN_repr		peak_357	216	225	+	9.9898	0.000136	0.863	AGACCAGTTT
taipale_cyt_meth__GRHL1_NAACCGGTTN_eDBD_meth_repr		peak_357	216	225	-	10.3878	0.000136	0.704	AAACTGGTCT
taipale__GRHL1_DBD_AACCGGWNNNWCCGGTT_repr		peak_58	710	726	-	8.67347	0.000137	1	ATCTCGCTCTACCTGTT
homer__NAAACCGGTTCAAACCGGTT_Tcfcp2l1		peak_463	255	274	+	9.16327	0.000137	1	CAATCCAGCATAGGCTTGGT
taipale__TFCP2_full_NAACCGGTTN		peak_121	106	115	-	10.0204	0.000137	1	AAACCGGACA
taipale__GRHL1_DBD_AACCGGWNNNWCCGGTT_repr		peak_468	106	122	+	8.66327	0.000138	1	GTCGAGCTTGACGGGTT
cisbp__M5928		peak_402	158	167	-	10.0408	0.000138	1	ATACTGGTTT
cisbp__M5928		peak_11	235	244	+	10.0408	0.000138	1	ATACTGGTTT
cisbp__M5928		peak_518	287	296	+	10.0408	0.000138	1	AAACCGGCTT
cisbp__M5928		peak_32	351	360	+	10.0408	0.000138	1	AAACCGGCTT
homer__NAAACCGGTTCAAACCGGTT_Tcfcp2l1		peak_485	13	32	+	9.15306	0.000138	1	GCAACTTGATTAAACTTGTG
taipale__GRHL1_DBD_NAACCGGTTN_repr		peak_281	206	215	-	9.95918	0.000138	0.863	TGACCGGTTA
taipale__TFCP2_full_NCCGGNNNNNNCCGGN_repr		peak_469	166	181	-	9.02041	0.000138	1	GCCGGAATCACCCGGC
taipale__TFCP2_full_NAACCGGTTN		peak_508	225	234	-	9.9898	0.000139	1	AAACCGCTTC
cisbp__M5928		peak_273	53	62	+	10.0204	0.000139	1	AAGCCGGTTG
cisbp__M5928		peak_265	433	442	-	10.0204	0.000139	1	AAGCCGGTTG
cisbp__M5928		peak_290	491	500	-	10.0204	0.000139	1	AAGCCGGTTG
cisbp__M5928		peak_88	693	702	-	10.0204	0.000139	1	AAGCCGGTTG
taipale_cyt_meth__GRHL1_NAACCGGTTN_eDBD_meth_repr		peak_369	362	371	+	10.2041	0.00014	0.704	TAACCTGTTG
taipale_cyt_meth__GRHL1_NAACCGGTTN_eDBD_meth_repr		peak_166	504	513	+	10.2041	0.00014	0.704	TAACCTGTTG
taipale__TFCP2_full_NCCGGNNNNNNCCGGN_repr		peak_28	23	38	-	9	0.00014	1	TCTGGTATATGACGGT
taipale__TFCP2_full_NCCGGNNNNNNCCGGN_repr		peak_230	46	61	-	9	0.00014	1	TCCGGTTCTAGTTGTT
cisbp__M5928		peak_121	106	115	+	10.0102	0.00014	1	TGTCCGGTTT
homer__NAAACCGGTTCAAACCGGTT_Tcfcp2l1		peak_60	447	466	-	9.11224	0.00014	1	GCAGCTGGCGAGGGCTGGAA
taipale_cyt_meth__GRHL1_NAACCGGTTN_eDBD		peak_46	181	190	-	10.1122	0.000141	0.851	GAGCCGGTTT
taipale__TFCP2_full_NCCGGNNNNNNCCGGN_repr		peak_438	10	25	-	8.97959	0.000141	1	ACTAGTACCCACTGGA
taipale_cyt_meth__GRHL1_NAACCGGTTN_eDBD		peak_370	325	334	+	10.102	0.000142	0.851	GAACCAGTTG
homer__NAAACCGGTTCAAACCGGTT_Tcfcp2l1		peak_469	163	182	+	9.08163	0.000142	1	AGTGCCGGGTGATTCCGGCT
taipale__GRHL1_DBD_AACCGGWNNNWCCGGTT_repr		peak_344	226	242	+	8.58163	0.000143	1	AAGCGGTCACACTGGGT
taipale__TFCP2_full_NCCGGNNNNNNCCGGN_repr		peak_424	261	276	+	8.94898	0.000143	1	ACCGGTTTTAAGATGG
taipale__TFCP2_full_NAACCGGTTN		peak_402	158	167	+	9.92857	0.000143	1	AAACCAGTAT
taipale__TFCP2_full_NAACCGGTTN		peak_11	235	244	-	9.92857	0.000143	1	AAACCAGTAT
taipale_cyt_meth__TFCP2_AWCCGGWTNNAWCCGGWT_eDBD		peak_444	93	110	+	9.52525	0.000144	1	TAGCGGTTTTTGCAGGAT
taipale_cyt_meth__GRHL1_NAACCGGTTN_eDBD_meth_repr		peak_239	108	117	-	10.1735	0.000145	0.704	TAACATGTTT
taipale_cyt_meth__GRHL1_NAACCGGTTN_eDBD_meth_repr		peak_255	125	134	-	10.1735	0.000145	0.704	TAACATGTTT
homer__NAAACCGGTTCAAACCGGTT_Tcfcp2l1		peak_361	314	333	-	9.04082	0.000145	1	AGAGCTAGATGGCGCTAGTG
taipale__GRHL1_DBD_AACCGGWNNNWCCGGTT_repr		peak_473	413	429	+	8.55102	0.000145	1	CACCGCGCGAACCGGTT
taipale_cyt_meth__GRHL1_NAACCGGTTN_eDBD		peak_446	365	374	-	10.0714	0.000145	0.853	TATCCGGTTT
taipale_cyt_meth__GRHL1_NAACCGGTTN_eDBD_meth_repr		peak_370	325	334	+	10.1633	0.000145	0.704	GAACCAGTTG
taipale__GRHL1_DBD_NAACCGGTTN_repr		peak_357	216	225	-	9.86735	0.000146	0.894	AAACTGGTCT
taipale__GRHL1_full_NAAACCGGTTTN		peak_200	196	207	+	9.15306	0.000146	0.639	TAAACAAGTTCT
taipale__GRHL1_DBD_NAACCGGTTN_repr		peak_281	48	57	-	9.85714	0.000146	0.894	CATCCGGTTC
taipale_cyt_meth__GRHL1_NAACCGGTTN_eDBD		peak_457	157	166	-	10.051	0.000147	0.853	TAACTGGTTA
taipale_cyt_meth__GRHL1_NAACCGGTTN_eDBD		peak_107	255	264	-	10.051	0.000147	0.853	TAACTGGTTA
taipale__GRHL1_full_NAAACCGGTTTN		peak_406	253	264	-	9.12245	0.000148	0.639	TAAACCTGTATT
homer__NAAACCGGTTCAAACCGGTT_Tcfcp2l1		peak_240	318	337	-	8.9898	0.000148	1	AAACCCTGCTCAATCCGGGG
taipale__GRHL1_DBD_AACCGGWNNNWCCGGTT_repr		peak_119	179	195	+	8.5	0.000148	1	TGCTTGTTTAACAGCTT
taipale__GRHL1_DBD_AACCGGWNNNWCCGGTT_repr		peak_414	308	324	-	8.5	0.000148	1	CACCCGTCGAACAGGCC
taipale_cyt_meth__GRHL1_NAACCGGTTN_eDBD_meth_repr		peak_211	504	513	-	10.1327	0.000149	0.704	GAACAAGTTT
taipale_cyt_meth__GRHL1_NAACCGGTTN_eDBD_meth_repr		peak_80	697	706	-	10.1327	0.000149	0.704	GAACAAGTTT
taipale__GRHL1_full_NAAACCGGTTTN		peak_359	74	85	+	9.11224	0.000149	0.639	AAAAACGGTTTT
taipale__GRHL1_full_NAAACCGGTTTN		peak_359	74	85	-	9.11224	0.000149	0.639	AAAACCGTTTTT
taipale__GRHL1_full_NAAACCGGTTTN		peak_361	419	430	+	9.11224	0.000149	0.639	AAAAGCGGTTTT
cisbp__M5928		peak_86	127	136	+	9.94898	0.000149	1	AAACCGGTGT
taipale_cyt_meth__TFCP2_AWCCGGWTNNAWCCGGWT_eDBD		peak_485	15	32	+	9.46465	0.000149	1	AACTTGATTAAACTTGTG
homer__NAAACCGGTTCAAACCGGTT_Tcfcp2l1		peak_354	142	161	+	8.96939	0.00015	1	CAGTGCAGTTTTTGCCAGTC
taipale_cyt_meth__GRHL1_NAACCGGTTN_eDBD		peak_343	225	234	-	10.0102	0.00015	0.858	GGACTGGTTT
taipale__GRHL1_DBD_NAACCGGTTN_repr		peak_370	325	334	-	9.79592	0.00015	0.897	CAACTGGTTC
homer__NAAACCGGTTCAAACCGGTT_Tcfcp2l1		peak_485	15	34	-	8.94898	0.000151	1	CTCACAAGTTTAATCAAGTT
homer__NAAACCGGTTCAAACCGGTT_Tcfcp2l1		peak_305	94	113	-	8.94898	0.000151	1	GCGGCTGGCAAGTGCCGGCA
taipale__TFCP2_full_NCCGGNNNNNNCCGGN_repr		peak_579	49	64	+	8.84694	0.000151	1	ACCGGTTCAAGAACGT
taipale_cyt_meth__TFCP2_AWCCGGWTNNAWCCGGWT_eDBD		peak_438	9	26	+	9.44444	0.000151	1	ATCCAGTGGGTACTAGTG
taipale__GRHL1_DBD_NAACCGGTTN_repr		peak_257	124	133	+	9.77551	0.000151	0.897	AAACCGGTGC
taipale_cyt_meth__GRHL1_NAACCGGTTN_eDBD		peak_129	278	287	-	10	0.000152	0.861	TAACAGGTTA
homer__NAAACCGGTTCAAACCGGTT_Tcfcp2l1		peak_456	304	323	-	8.92857	0.000152	1	GTGACCAGATGTGACCACTT
taipale_cyt_meth__GRHL1_NAACCGGTTN_eDBD_meth_repr		peak_200	197	206	+	10.0918	0.000152	0.704	AAACAAGTTC
taipale_cyt_meth__GRHL1_NAACCGGTTN_eDBD_meth_repr		peak_200	197	206	-	10.0918	0.000152	0.704	GAACTTGTTT
taipale_cyt_meth__GRHL1_NAACCGGTTN_eDBD_meth_repr		peak_178	255	264	+	10.0918	0.000152	0.704	AAACAAGTTC
taipale_cyt_meth__GRHL1_NAACCGGTTN_eDBD_meth_repr		peak_178	255	264	-	10.0918	0.000152	0.704	GAACTTGTTT
taipale_cyt_meth__GRHL1_NAACCGGTTN_eDBD_meth_repr		peak_125	328	337	+	10.0918	0.000152	0.704	GAACTTGTTT
taipale_cyt_meth__GRHL1_NAACCGGTTN_eDBD_meth_repr		peak_125	328	337	-	10.0918	0.000152	0.704	AAACAAGTTC
taipale__GRHL1_full_NAAACCGGTTTN		peak_254	111	122	+	9.06122	0.000153	0.644	AGAACCAGTATG
taipale__GRHL1_full_NAAACCGGTTTN		peak_269	188	199	+	9.06122	0.000153	0.644	AAAACCTGTAAT
taipale__TFCP2_full_NAACCGGTTN		peak_86	127	136	-	9.82653	0.000153	1	ACACCGGTTT
taipale__GRHL1_DBD_AACCGGWNNNWCCGGTT_repr		peak_579	39	55	-	8.42857	0.000153	1	AACCGGTTTTGGCGGAT
taipale__GRHL1_DBD_NAACCGGTTN_repr		peak_76	109	118	-	9.7551	0.000153	0.897	AAACCAGATT
taipale__GRHL1_DBD_AACCGGWNNNWCCGGTT_repr		peak_547	58	74	-	8.41837	0.000154	1	GACGTGTACACCCGGCT
taipale_cyt_meth__GRHL1_NAACCGGTTN_eDBD_meth_repr		peak_370	325	334	-	10.0816	0.000154	0.704	CAACTGGTTC
homer__NAAACCGGTTCAAACCGGTT_Tcfcp2l1		peak_333	523	542	+	8.89796	0.000154	1	GCAACCTGGTCACACTGGAT
taipale__GRHL1_DBD_AACCGGWNNNWCCGGTT_repr		peak_583	365	381	+	8.40816	0.000155	1	AACCGGTGCTACTCGCT
taipale__TFCP2_full_NCCGGNNNNNNCCGGN_repr		peak_589	242	257	+	8.79592	0.000155	1	GCCAGAACAAAGCGGC
taipale__TFCP2_full_NCCGGNNNNNNCCGGN_repr		peak_420	113	128	+	8.78571	0.000156	1	ACCAGTTCAAGTTCGT
taipale__GRHL1_full_NAAACCGGTTTN		peak_80	696	707	+	9.0102	0.000156	0.653	AAAACTTGTTCA
taipale__TFCP2_full_NAACCGGTTN		peak_98	112	121	+	9.81633	0.000156	1	AAACCAGCTT
taipale__TFCP2_full_NAACCGGTTN		peak_552	297	306	-	9.81633	0.000156	1	AAACCAGCTT
taipale__TFCP2_full_NAACCGGTTN		peak_184	379	388	+	9.81633	0.000156	1	GAACTAGTTC
taipale__TFCP2_full_NAACCGGTTN		peak_168	378	387	-	9.81633	0.000156	1	AAACCAGCTT
taipale__TFCP2_full_NAACCGGTTN		peak_184	379	388	-	9.81633	0.000156	1	GAACTAGTTC
homer__NAAACCGGTTCAAACCGGTT_Tcfcp2l1		peak_554	1116	1135	+	8.86735	0.000156	1	GGTTCTGGGCCGCACCGGCT
taipale_cyt_meth__GRHL1_NAACCGGTTN_eDBD		peak_86	127	136	-	9.96939	0.000157	0.88	ACACCGGTTT
taipale__TFCP2_full_NCCGGNNNNNNCCGGN_repr		peak_9	212	227	-	8.76531	0.000157	1	ACCAGTTGATACCTCT
taipale_cyt_meth__GRHL1_NAACCGGTTN_eDBD_meth_repr		peak_457	157	166	+	10.0612	0.000157	0.704	TAACCAGTTA
taipale_cyt_meth__GRHL1_NAACCGGTTN_eDBD_meth_repr		peak_107	255	264	+	10.0612	0.000157	0.704	TAACCAGTTA
taipale__GRHL1_full_NAAACCGGTTTN		peak_92	267	278	+	8.9898	0.000158	0.654	AGAACAGGTATA
homer__NAAACCGGTTCAAACCGGTT_Tcfcp2l1		peak_490	258	277	-	8.83673	0.000159	1	AGCAGCAGCTCCAACTGGCA
cisbp__M5928		peak_33	222	231	+	9.84694	0.000159	1	AATCTGGTTG
taipale__TFCP2_full_NCCGGNNNNNNCCGGN_repr		peak_144	70	85	+	8.72449	0.00016	1	ACTGGGAAAAACCAGA
cisbp__M5928		peak_184	379	388	+	9.80612	0.000161	1	GAACTAGTTC
cisbp__M5928		peak_184	379	388	-	9.80612	0.000161	1	GAACTAGTTC
taipale_cyt_meth__GRHL1_NAACCGGTTN_eDBD_meth_repr		peak_415	62	71	-	10.051	0.000161	0.704	ATACCTGTTT
taipale_cyt_meth__GRHL1_NAACCGGTTN_eDBD_meth_repr		peak_211	504	513	+	10.051	0.000161	0.704	AAACTTGTTC
taipale_cyt_meth__GRHL1_NAACCGGTTN_eDBD_meth_repr		peak_80	697	706	+	10.051	0.000161	0.704	AAACTTGTTC
taipale__TFCP2_full_NAACCGGTTN		peak_33	222	231	-	9.76531	0.000161	1	CAACCAGATT
taipale_cyt_meth__GRHL1_NAACCGGTTN_eDBD		peak_245	228	237	-	9.94898	0.000161	0.888	GAACAGGTCT
taipale__GRHL1_full_NAAACCGGTTTN		peak_245	227	238	+	8.93878	0.000161	0.654	AAGACCTGTTCT
taipale__GRHL1_DBD_AACCGGWNNNWCCGGTT_repr		peak_107	256	272	-	8.30612	0.000162	1	GACAGTTTTAACTGGTT
taipale_cyt_meth__GRHL1_NAACCGGTTN_eDBD		peak_257	124	133	+	9.90816	0.000162	0.888	AAACCGGTGC
taipale_cyt_meth__TFCP2_AWCCGGWTNNAWCCGGWT_eDBD		peak_333	525	542	-	9.31313	0.000162	1	ATCCAGTGTGACCAGGTT
taipale__TFCP2_full_NCCGGNNNNNNCCGGN_repr		peak_81	325	340	-	8.69388	0.000163	1	ACGGGATTAATTCGGA
taipale__GRHL1_DBD_NAACCGGTTN_repr		peak_457	157	166	+	9.65306	0.000163	0.897	TAACCAGTTA
taipale__GRHL1_DBD_NAACCGGTTN_repr		peak_107	255	264	+	9.65306	0.000163	0.897	TAACCAGTTA
taipale_cyt_meth__GRHL1_NAACCGGTTN_eDBD_meth_repr		peak_406	254	263	+	10.0408	0.000163	0.704	ATACAGGTTT
taipale_cyt_meth__GRHL1_NAACCGGTTN_eDBD_meth_repr		peak_466	361	370	+	10.0408	0.000163	0.704	TAACGGGTTC
cisbp__M5928		peak_230	54	63	-	9.76531	0.000164	1	ATTCCGGTTC
cisbp__M5928		peak_558	171	180	+	9.76531	0.000164	1	ATTCCGGTTC
cisbp__M5928		peak_104	314	323	-	9.76531	0.000164	1	GATCTGGTTG
taipale__GRHL1_full_NAAACCGGTTTN		peak_457	156	167	-	8.90816	0.000164	0.654	TTAACTGGTTAA
taipale__GRHL1_full_NAAACCGGTTTN		peak_107	254	265	-	8.90816	0.000164	0.654	TTAACTGGTTAA
taipale__GRHL1_full_NAAACCGGTTTN		peak_466	360	371	+	8.90816	0.000164	0.654	ATAACGGGTTCT
taipale__GRHL1_DBD_NAACCGGTTN_repr		peak_282	305	314	-	9.61224	0.000164	0.897	AAACTGGTTG
homer__NAAACCGGTTCAAACCGGTT_Tcfcp2l1		peak_146	83	102	+	8.7551	0.000164	1	ACAGCCGGTTTAATGTTGAT
cisbp__M5928		peak_198	110	119	-	9.7449	0.000165	1	AATCCAGTTG
taipale_cyt_meth__GRHL1_NAACCGGTTN_eDBD		peak_129	278	287	+	9.87755	0.000165	0.888	TAACCTGTTA
taipale__TFCP2_full_NAACCGGTTN		peak_370	325	334	+	9.72449	0.000165	1	GAACCAGTTG
taipale_cyt_meth__GRHL1_NAACCGGTTN_eDBD		peak_446	365	374	+	9.86735	0.000166	0.888	AAACCGGATA
taipale__TFCP2_full_NCCGGNNNNNNCCGGN_repr		peak_234	388	403	+	8.64286	0.000167	1	TCTGGTAAAGGCCGTT
taipale_cyt_meth__GRHL1_NAACCGGTTN_eDBD		peak_245	228	237	+	9.85714	0.000167	0.888	AGACCTGTTC
taipale_cyt_meth__GRHL1_NAACCGGTTN_eDBD_meth_repr		peak_86	127	136	-	10.0306	0.000167	0.704	ACACCGGTTT
taipale_cyt_meth__GRHL1_NAACCGGTTN_eDBD_meth_repr		peak_406	254	263	-	10.0306	0.000167	0.704	AAACCTGTAT
taipale__TFCP2_full_NAACCGGTTN		peak_477	203	212	-	9.70408	0.000167	1	AAACTGGCTT
taipale__GRHL1_full_NAAACCGGTTTN		peak_76	108	119	+	8.84694	0.000168	0.655	AAATCTGGTTTT
taipale_cyt_meth__TFCP2_AWCCGGWTNNAWCCGGWT_eDBD		peak_29	170	187	-	9.25253	0.000168	1	CGCCGGATCTTTCCACTT
taipale__GRHL1_DBD_NAACCGGTTN_repr		peak_257	124	133	-	9.57143	0.000169	0.897	GCACCGGTTT
taipale__GRHL1_DBD_NAACCGGTTN_repr		peak_172	345	354	+	9.57143	0.000169	0.897	AGACCTGTTT
cisbp__M5928		peak_98	112	121	-	9.71429	0.000169	1	AAGCTGGTTT
cisbp__M5928		peak_552	297	306	+	9.71429	0.000169	1	AAGCTGGTTT
cisbp__M5928		peak_168	378	387	+	9.71429	0.000169	1	AAGCTGGTTT
taipale__GRHL1_DBD_AACCGGWNNNWCCGGTT_repr		peak_411	82	98	-	8.21429	0.000169	1	TACCTGTACATCGTGAT
taipale__TFCP2_full_NAACCGGTTN		peak_104	314	323	+	9.68367	0.000169	1	CAACCAGATC
homer__NAAACCGGTTCAAACCGGTT_Tcfcp2l1		peak_198	111	130	-	8.68367	0.00017	1	ATAGCATGCAAAATCCAGTT
homer__NAAACCGGTTCAAACCGGTT_Tcfcp2l1		peak_589	239	258	+	8.68367	0.00017	1	TTGGCCAGAACAAAGCGGCT
elemento__AACCGGTT		peak_516	2	9	+	6.4898	0.00017	1	AACCGGGT
elemento__AACCGGTT		peak_304	3	10	+	6.4898	0.00017	1	AGCCGGTT
elemento__AACCGGTT		peak_516	2	9	-	6.4898	0.00017	1	ACCCGGTT
elemento__AACCGGTT		peak_304	3	10	-	6.4898	0.00017	1	AACCGGCT
elemento__AACCGGTT		peak_7	36	43	+	6.4898	0.00017	1	AACCGGCT
elemento__AACCGGTT		peak_7	36	43	-	6.4898	0.00017	1	AGCCGGTT
elemento__AACCGGTT		peak_281	49	56	+	6.4898	0.00017	1	AACCGGAT
elemento__AACCGGTT		peak_273	54	61	+	6.4898	0.00017	1	AGCCGGTT
elemento__AACCGGTT		peak_281	49	56	-	6.4898	0.00017	1	ATCCGGTT
elemento__AACCGGTT		peak_273	54	61	-	6.4898	0.00017	1	AACCGGCT
elemento__AACCGGTT		peak_142	84	91	+	6.4898	0.00017	1	AACCGGCT
elemento__AACCGGTT		peak_146	85	92	+	6.4898	0.00017	1	AGCCGGTT
elemento__AACCGGTT		peak_142	84	91	-	6.4898	0.00017	1	AGCCGGTT
elemento__AACCGGTT		peak_146	85	92	-	6.4898	0.00017	1	AACCGGCT
elemento__AACCGGTT		peak_359	112	119	+	6.4898	0.00017	1	TACCGGTT
elemento__AACCGGTT		peak_359	112	119	-	6.4898	0.00017	1	AACCGGTA
elemento__AACCGGTT		peak_257	125	132	+	6.4898	0.00017	1	AACCGGTG
elemento__AACCGGTT		peak_86	128	135	+	6.4898	0.00017	1	AACCGGTG
elemento__AACCGGTT		peak_257	125	132	-	6.4898	0.00017	1	CACCGGTT
elemento__AACCGGTT		peak_86	128	135	-	6.4898	0.00017	1	CACCGGTT
elemento__AACCGGTT		peak_98	140	147	+	6.4898	0.00017	1	ACCCGGTT
elemento__AACCGGTT		peak_98	140	147	-	6.4898	0.00017	1	AACCGGGT
elemento__AACCGGTT		peak_344	177	184	+	6.4898	0.00017	1	TACCGGTT
elemento__AACCGGTT		peak_46	182	189	+	6.4898	0.00017	1	AACCGGCT
elemento__AACCGGTT		peak_344	177	184	-	6.4898	0.00017	1	AACCGGTA
elemento__AACCGGTT		peak_46	182	189	-	6.4898	0.00017	1	AGCCGGTT
elemento__AACCGGTT		peak_281	207	214	+	6.4898	0.00017	1	AACCGGTC
elemento__AACCGGTT		peak_281	207	214	-	6.4898	0.00017	1	GACCGGTT
elemento__AACCGGTT		peak_424	260	267	+	6.4898	0.00017	1	TACCGGTT
elemento__AACCGGTT		peak_424	260	267	-	6.4898	0.00017	1	AACCGGTA
elemento__AACCGGTT		peak_518	288	295	+	6.4898	0.00017	1	AACCGGCT
elemento__AACCGGTT		peak_289	295	302	+	6.4898	0.00017	1	AGCCGGTT
elemento__AACCGGTT		peak_518	288	295	-	6.4898	0.00017	1	AGCCGGTT
elemento__AACCGGTT		peak_588	301	308	+	6.4898	0.00017	1	CACCGGTT
elemento__AACCGGTT		peak_289	295	302	-	6.4898	0.00017	1	AACCGGCT
elemento__AACCGGTT		peak_588	301	308	-	6.4898	0.00017	1	AACCGGTG
elemento__AACCGGTT		peak_541	319	326	+	6.4898	0.00017	1	AGCCGGTT
elemento__AACCGGTT		peak_541	319	326	-	6.4898	0.00017	1	AACCGGCT
elemento__AACCGGTT		peak_32	352	359	+	6.4898	0.00017	1	AACCGGCT
elemento__AACCGGTT		peak_32	352	359	-	6.4898	0.00017	1	AGCCGGTT
elemento__AACCGGTT		peak_583	365	372	+	6.4898	0.00017	1	AACCGGTG
elemento__AACCGGTT		peak_446	366	373	+	6.4898	0.00017	1	AACCGGAT
elemento__AACCGGTT		peak_583	365	372	-	6.4898	0.00017	1	CACCGGTT
elemento__AACCGGTT		peak_446	366	373	-	6.4898	0.00017	1	ATCCGGTT
elemento__AACCGGTT		peak_220	425	432	+	6.4898	0.00017	1	AACCGGGT
elemento__AACCGGTT		peak_220	425	432	-	6.4898	0.00017	1	ACCCGGTT
elemento__AACCGGTT		peak_265	434	441	+	6.4898	0.00017	1	AACCGGCT
elemento__AACCGGTT		peak_265	434	441	-	6.4898	0.00017	1	AGCCGGTT
elemento__AACCGGTT		peak_290	492	499	+	6.4898	0.00017	1	AACCGGCT
elemento__AACCGGTT		peak_290	492	499	-	6.4898	0.00017	1	AGCCGGTT
elemento__AACCGGTT		peak_88	694	701	+	6.4898	0.00017	1	AACCGGCT
elemento__AACCGGTT		peak_88	694	701	-	6.4898	0.00017	1	AGCCGGTT
taipale_cyt_meth__GRHL1_NAACCGGTTN_eDBD_meth_repr		peak_415	62	71	+	10.0204	0.00017	0.704	AAACAGGTAT
taipale_cyt_meth__GRHL1_NAACCGGTTN_eDBD_meth_repr		peak_369	362	371	-	10.0204	0.00017	0.704	CAACAGGTTA
taipale_cyt_meth__GRHL1_NAACCGGTTN_eDBD_meth_repr		peak_166	504	513	-	10.0204	0.00017	0.704	CAACAGGTTA
taipale__GRHL1_DBD_NAACCGGTTN_repr		peak_304	2	11	-	9.53061	0.00017	0.897	TAACCGGCTT
cisbp__M5928		peak_536	266	275	-	9.68367	0.00017	1	GTTCCGGTTC
taipale__GRHL1_DBD_AACCGGWNNNWCCGGTT_repr		peak_557	95	111	+	8.19388	0.00017	1	TACCCGCCACACAAGTT
taipale__TFCP2_full_NCCGGNNNNNNCCGGN_repr		peak_397	730	745	-	8.59184	0.000171	1	GCCAGATCTAGCTAGT
taipale_cyt_meth__GRHL1_NAACCGGTTN_eDBD		peak_457	157	166	+	9.83673	0.000171	0.889	TAACCAGTTA
taipale_cyt_meth__GRHL1_NAACCGGTTN_eDBD		peak_107	255	264	+	9.83673	0.000171	0.889	TAACCAGTTA
taipale__GRHL1_DBD_NAACCGGTTN_repr		peak_142	83	92	+	9.5102	0.000172	0.897	GAACCGGCTC
taipale__GRHL1_full_NAAACCGGTTTN		peak_126	78	89	+	8.78571	0.000172	0.655	TGAACAGGTTGG
taipale__GRHL1_full_NAAACCGGTTTN		peak_166	503	514	-	8.78571	0.000172	0.655	CCAACAGGTTAT
taipale_cyt_meth__TFCP2_AWCCGGWTNNAWCCGGWT_eDBD		peak_444	93	110	-	9.19192	0.000173	1	ATCCTGCAAAAACCGCTA
taipale__GRHL1_full_NAAACCGGTTTN		peak_129	277	288	+	8.77551	0.000174	0.655	TTAACCTGTTAA
taipale__TFCP2_full_NCCGGNNNNNNCCGGN_repr		peak_296	120	135	-	8.56122	0.000174	1	ACCAGATAATACGAGT
taipale__TFCP2_full_NAACCGGTTN		peak_230	54	63	+	9.65306	0.000174	1	GAACCGGAAT
taipale__TFCP2_full_NAACCGGTTN		peak_198	110	119	+	9.65306	0.000174	1	CAACTGGATT
taipale__TFCP2_full_NAACCGGTTN		peak_558	171	180	-	9.65306	0.000174	1	GAACCGGAAT
taipale__GRHL1_full_NAAACCGGTTTN		peak_394	167	178	+	8.76531	0.000174	0.655	CAAACTTGTTTC
taipale__GRHL1_full_NAAACCGGTTTN		peak_80	696	707	-	8.76531	0.000174	0.655	TGAACAAGTTTT
homer__NAAACCGGTTCAAACCGGTT_Tcfcp2l1		peak_142	72	91	+	8.62245	0.000174	1	TATGCTTGGCGGAACCGGCT
taipale_cyt_meth__GRHL1_NAACCGGTTN_eDBD_meth_repr		peak_457	157	166	-	10.0102	0.000175	0.713	TAACTGGTTA
taipale_cyt_meth__GRHL1_NAACCGGTTN_eDBD_meth_repr		peak_107	255	264	-	10.0102	0.000175	0.713	TAACTGGTTA
homer__NAAACCGGTTCAAACCGGTT_Tcfcp2l1		peak_305	92	111	+	8.60204	0.000176	1	ATTGCCGGCACTTGCCAGCC
taipale__GRHL1_DBD_NAACCGGTTN_repr		peak_106	338	347	-	9.4898	0.000176	0.897	AGACAGGTTT
taipale__TFCP2_full_NAACCGGTTN		peak_343	363	372	+	9.62245	0.000177	1	AAACTGGCTC
taipale__GRHL1_full_NAAACCGGTTTN		peak_470	347	358	+	8.73469	0.000177	0.655	AAGACAGGTTAC
taipale__GRHL1_DBD_NAACCGGTTN_repr		peak_610	394	403	-	9.47959	0.000177	0.897	GAACCTGTTA
taipale_cyt_meth__GRHL1_NAACCGGTTN_eDBD		peak_46	181	190	+	9.80612	0.000177	0.89	AAACCGGCTC
taipale_cyt_meth__GRHL1_NAACCGGTTN_eDBD		peak_343	225	234	+	9.80612	0.000177	0.89	AAACCAGTCC
taipale__GRHL1_full_NAAACCGGTTTN		peak_281	205	216	-	8.72449	0.000177	0.655	TTGACCGGTTAG
taipale__GRHL1_full_NAAACCGGTTTN		peak_446	364	375	-	8.71429	0.000178	0.655	CTATCCGGTTTG
taipale__GRHL1_DBD_AACCGGWNNNWCCGGTT_repr		peak_504	535	551	+	8.09184	0.000179	1	AAGCGGCTTATCGCGTC
taipale__GRHL1_full_NAAACCGGTTTN		peak_274	269	280	-	8.70408	0.000179	0.655	ATAACTTGTTTT
taipale__TFCP2_full_NCCGGNNNNNNCCGGN_repr		peak_22	239	254	-	8.5	0.000179	1	TCTGGTTATAAAGGGT
taipale__GRHL1_DBD_NAACCGGTTN_repr		peak_273	53	62	-	9.45918	0.000179	0.897	CAACCGGCTT
taipale__GRHL1_DBD_NAACCGGTTN_repr		peak_121	106	115	-	9.45918	0.000179	0.897	AAACCGGACA
taipale__GRHL1_DBD_NAACCGGTTN_repr		peak_265	433	442	+	9.45918	0.000179	0.897	CAACCGGCTT
taipale__GRHL1_DBD_NAACCGGTTN_repr		peak_290	491	500	+	9.45918	0.000179	0.897	CAACCGGCTT
taipale__GRHL1_DBD_NAACCGGTTN_repr		peak_88	693	702	+	9.45918	0.000179	0.897	CAACCGGCTT
taipale__GRHL1_full_NAAACCGGTTTN		peak_328	63	74	-	8.69388	0.000179	0.655	AAAACAGGTGTG
homer__NAAACCGGTTCAAACCGGTT_Tcfcp2l1		peak_457	261	280	+	8.55102	0.00018	1	CAACCCTGCTATCTCCAGCC
taipale__GRHL1_DBD_NAACCGGTTN_repr		peak_561	495	504	+	9.44898	0.00018	0.897	CGACCGGTCT
taipale_cyt_meth__TFCP2_AWCCGGWTNNAWCCGGWT_eDBD		peak_293	69	86	-	9.12121	0.00018	1	AAGTGGTTAGTGGCAGTT
taipale_cyt_meth__TFCP2_AWCCGGWTNNAWCCGGWT_eDBD		peak_589	279	296	-	9.12121	0.00018	1	AACCACTTCGAGCCTCTC
taipale__TFCP2_full_NAACCGGTTN		peak_536	266	275	+	9.57143	0.000182	1	GAACCGGAAC
taipale_cyt_meth__GRHL1_NAACCGGTTN_eDBD_meth_repr		peak_239	108	117	+	9.9898	0.000182	0.723	AAACATGTTA
taipale_cyt_meth__GRHL1_NAACCGGTTN_eDBD_meth_repr		peak_255	125	134	+	9.9898	0.000182	0.723	AAACATGTTA
taipale_cyt_meth__GRHL1_NAACCGGTTN_eDBD_meth_repr		peak_470	348	357	-	9.9898	0.000182	0.723	TAACCTGTCT
cisbp__M5928		peak_477	203	212	+	9.61224	0.000182	1	AAGCCAGTTT
cisbp__M5928		peak_370	325	334	-	9.61224	0.000182	1	CAACTGGTTC
taipale__TFCP2_full_NCCGGNNNNNNCCGGN_repr		peak_332	170	185	-	8.45918	0.000183	1	GGTGGCTCAAACCGGA
taipale_cyt_meth__TFCP2_AWCCGGWTNNAWCCGGWT_eDBD		peak_188	228	245	-	9.09091	0.000183	1	GGCCGGATTTTTCAGGCT
homer__NAAACCGGTTCAAACCGGTT_Tcfcp2l1		peak_361	434	453	+	8.5	0.000184	1	CACACAAGGTGGGACTGGCT
taipale__GRHL1_DBD_AACCGGWNNNWCCGGTT_repr		peak_473	352	368	+	8.02041	0.000184	1	TACCACATAAACCAGTT
taipale__GRHL1_full_NAAACCGGTTTN		peak_200	196	207	-	8.62245	0.000185	0.669	AGAACTTGTTTA
cisbp__M5928		peak_506	181	190	+	9.56122	0.000185	1	AAACAGGTTT
cisbp__M5928		peak_330	324	333	+	9.56122	0.000185	1	AAACAGGTTT
taipale_cyt_meth__TFCP2_AWCCGGWTNNAWCCGGWT_eDBD		peak_323	158	175	-	9.07071	0.000185	1	CACTGCTTACATCCGGCA
taipale_cyt_meth__GRHL1_NAACCGGTTN_eDBD_meth_repr		peak_566	110	119	-	9.97959	0.000185	0.729	TGACAGGTTT
taipale__TFCP2_full_NCCGGNNNNNNCCGGN_repr		peak_605	420	435	-	8.42857	0.000185	1	ACCGGCTTGCATTTGT
taipale__TFCP2_full_NAACCGGTTN		peak_146	84	93	-	9.53061	0.000186	1	AAACCGGCTG
taipale_cyt_meth__GRHL1_NAACCGGTTN_eDBD		peak_149	22	31	+	9.70408	0.000186	0.89	AAACTTGTTT
taipale_cyt_meth__GRHL1_NAACCGGTTN_eDBD		peak_394	168	177	+	9.70408	0.000186	0.89	AAACTTGTTT
taipale__TFCP2_full_NAACCGGTTN		peak_506	181	190	-	9.52041	0.000187	1	AAACCTGTTT
taipale__TFCP2_full_NAACCGGTTN		peak_330	324	333	-	9.52041	0.000187	1	AAACCTGTTT
cisbp__M5928		peak_260	83	92	-	9.54082	0.000187	1	TTTCCGGTTT
cisbp__M5928		peak_474	127	136	-	9.54082	0.000187	1	TTTCCGGTTT
cisbp__M5928		peak_332	168	177	+	9.54082	0.000187	1	TTTCCGGTTT
cisbp__M5928		peak_506	181	190	-	9.54082	0.000187	1	AAACCTGTTT
cisbp__M5928		peak_330	324	333	-	9.54082	0.000187	1	AAACCTGTTT
cisbp__M5928		peak_310	370	379	-	9.54082	0.000187	1	TTTCCGGTTT
homer__NAAACCGGTTCAAACCGGTT_Tcfcp2l1		peak_430	160	179	-	8.44898	0.000188	1	TTAACAAGCCCGTGCAAGTT
taipale__GRHL1_full_NAAACCGGTTTN		peak_600	344	355	-	8.58163	0.000188	0.675	TGAACCAGTTCC
taipale_cyt_meth__GRHL1_NAACCGGTTN_eDBD		peak_561	495	504	+	9.66327	0.000189	0.89	CGACCGGTCT
cisbp__M5928		peak_343	363	372	-	9.53061	0.000189	1	GAGCCAGTTT
taipale__GRHL1_DBD_NAACCGGTTN_repr		peak_245	228	237	+	9.30612	0.00019	0.924	AGACCTGTTC
taipale__GRHL1_DBD_NAACCGGTTN_repr		peak_583	364	373	-	9.30612	0.00019	0.924	GCACCGGTTC
homer__NAAACCGGTTCAAACCGGTT_Tcfcp2l1		peak_487	150	169	-	8.41837	0.00019	1	TGTACTTGCTAAGGCTAGAC
taipale_cyt_meth__TFCP2_AWCCGGWTNNAWCCGGWT_eDBD		peak_188	228	245	+	9.0202	0.00019	1	AGCCTGAAAAATCCGGCC
taipale_cyt_meth__TFCP2_AWCCGGWTNNAWCCGGWT_eDBD		peak_554	1078	1095	+	9.0202	0.00019	1	AACATGGACAAACCAGTT
homer__NAAACCGGTTCAAACCGGTT_Tcfcp2l1		peak_447	227	246	-	8.40816	0.000191	1	CAACCCAGTTAGCACCACTC
taipale__GRHL1_DBD_NAACCGGTTN_repr		peak_281	48	57	+	9.27551	0.000191	0.924	GAACCGGATG
taipale__TFCP2_full_NCCGGNNNNNNCCGGN_repr		peak_432	391	406	+	8.35714	0.000192	1	TCGGGATTAAACTGAA
taipale_cyt_meth__GRHL1_NAACCGGTTN_eDBD_meth_repr		peak_30	5	14	+	9.91837	0.000192	0.737	AAACGTGTTT
taipale_cyt_meth__GRHL1_NAACCGGTTN_eDBD_meth_repr		peak_576	8	17	-	9.91837	0.000192	0.737	AAACGTGTTT
taipale_cyt_meth__GRHL1_NAACCGGTTN_eDBD_meth_repr		peak_556	507	516	+	9.91837	0.000192	0.737	AAACGTGTTT
taipale_cyt_meth__GRHL1_NAACCGGTTN_eDBD		peak_516	307	316	+	9.65306	0.000192	0.89	AAACATGTTT
taipale_cyt_meth__GRHL1_NAACCGGTTN_eDBD		peak_516	307	316	-	9.65306	0.000192	0.89	AAACATGTTT
taipale_cyt_meth__GRHL1_NAACCGGTTN_eDBD		peak_486	617	626	+	9.65306	0.000192	0.89	AAACATGTTT
taipale_cyt_meth__GRHL1_NAACCGGTTN_eDBD		peak_486	617	626	-	9.65306	0.000192	0.89	AAACATGTTT
homer__NAAACCGGTTCAAACCGGTT_Tcfcp2l1		peak_547	2	21	-	8.38776	0.000193	1	AGAACTGGTTCTTCCCAGAA
cisbp__M5928		peak_151	200	209	-	9.47959	0.000194	1	GAACAGGTTT
taipale_cyt_meth__GRHL1_NAACCGGTTN_eDBD_meth_repr		peak_343	225	234	+	9.90816	0.000194	0.738	AAACCAGTCC
taipale__TFCP2_full_NAACCGGTTN		peak_151	200	209	+	9.43878	0.000194	1	AAACCTGTTC
taipale__TFCP2_full_NCCGGNNNNNNCCGGN_repr		peak_502	163	178	-	8.32653	0.000195	1	TCTAGTTAAATGCAGT
taipale__TFCP2_full_NCCGGNNNNNNCCGGN_repr		peak_528	280	295	-	8.32653	0.000195	1	AGTGGTACAAAGTAGT
taipale__TFCP2_full_NCCGGNNNNNNCCGGN_repr		peak_144	70	85	-	8.31633	0.000196	1	TCTGGTTTTTCCCAGT
taipale__TFCP2_full_NAACCGGTTN		peak_304	2	11	-	9.41837	0.000196	1	TAACCGGCTT
taipale_cyt_meth__GRHL1_NAACCGGTTN_eDBD		peak_402	158	167	-	9.64286	0.000196	0.89	ATACTGGTTT
taipale_cyt_meth__GRHL1_NAACCGGTTN_eDBD		peak_11	235	244	+	9.64286	0.000196	0.89	ATACTGGTTT
taipale__TFCP2_full_NCCGGNNNNNNCCGGN_repr		peak_518	289	304	+	8.30612	0.000197	1	ACCGGCTTAAGTTAGG
taipale__GRHL1_DBD_NAACCGGTTN_repr		peak_588	300	309	+	9.2551	0.000197	0.938	CCACCGGTTT
homer__NAAACCGGTTCAAACCGGTT_Tcfcp2l1		peak_250	13	32	+	8.33673	0.000197	1	GGAGGCGGAACCCGCCGGCT
taipale_cyt_meth__GRHL1_NAACCGGTTN_eDBD_meth_repr		peak_343	225	234	-	9.89796	0.000197	0.746	GGACTGGTTT
homer__NAAACCGGTTCAAACCGGTT_Tcfcp2l1		peak_7	10	29	+	8.32653	0.000198	1	CTTACCGCTCTGAACCAGTG
taipale__GRHL1_DBD_NAACCGGTTN_repr		peak_129	278	287	+	9.23469	0.000198	0.938	TAACCTGTTA
taipale__GRHL1_full_NAAACCGGTTTN		peak_121	105	116	-	8.45918	0.000198	0.7	AAAACCGGACAA
taipale__GRHL1_full_NAAACCGGTTTN		peak_434	291	302	+	8.45918	0.000198	0.7	AGAACCAGATTT
taipale_cyt_meth__TFCP2_AWCCGGWTNNAWCCGGWT_eDBD		peak_348	67	84	-	8.93939	0.000199	1	TGCCAGTTTGCGCTGCTT
taipale_cyt_meth__TFCP2_AWCCGGWTNNAWCCGGWT_eDBD		peak_469	165	182	+	8.93939	0.000199	1	TGCCGGGTGATTCCGGCT
taipale_cyt_meth__GRHL1_NAACCGGTTN_eDBD		peak_149	22	31	-	9.61224	0.000199	0.89	AAACAAGTTT
taipale_cyt_meth__GRHL1_NAACCGGTTN_eDBD		peak_394	168	177	-	9.61224	0.000199	0.89	AAACAAGTTT
cisbp__M5928		peak_280	339	348	+	9.43878	0.000199	1	AATCTAGTTT
taipale__GRHL1_full_NAAACCGGTTTN		peak_600	344	355	+	8.44898	0.000199	0.7	GGAACTGGTTCA
homer__NAAACCGGTTCAAACCGGTT_Tcfcp2l1		peak_469	165	184	-	8.30612	0.000199	1	TCAGCCGGAATCACCCGGCA
homer__NAAACCGGTTCAAACCGGTT_Tcfcp2l1		peak_107	256	275	-	8.29592	0.0002	1	CGGGACAGTTTTAACTGGTT
taipale__TFCP2_full_NAACCGGTTN		peak_280	339	348	-	9.39796	0.000201	1	AAACTAGATT
taipale__GRHL1_DBD_NAACCGGTTN_repr		peak_483	5	14	-	9.21429	0.000202	0.947	CAACCGGACT
taipale_cyt_meth__GRHL1_NAACCGGTTN_eDBD		peak_415	62	71	+	9.59184	0.000203	0.89	AAACAGGTAT
taipale_cyt_meth__GRHL1_NAACCGGTTN_eDBD		peak_406	254	263	+	9.59184	0.000203	0.89	ATACAGGTTT
taipale__GRHL1_DBD_AACCGGWNNNWCCGGTT_repr		peak_500	51	67	+	7.80612	0.000203	1	CGCGAGTGTAACAGGTT
taipale__GRHL1_full_NAAACCGGTTTN		peak_370	324	335	+	8.40816	0.000203	0.706	TGAACCAGTTGA
taipale_cyt_meth__GRHL1_NAACCGGTTN_eDBD		peak_369	362	371	-	9.58163	0.000204	0.89	CAACAGGTTA
taipale_cyt_meth__GRHL1_NAACCGGTTN_eDBD		peak_166	504	513	-	9.58163	0.000204	0.89	CAACAGGTTA
taipale__GRHL1_DBD_NAACCGGTTN_repr		peak_370	325	334	+	9.20408	0.000204	0.947	GAACCAGTTG
taipale__TFCP2_full_NAACCGGTTN		peak_260	83	92	+	9.36735	0.000204	1	AAACCGGAAA
taipale__TFCP2_full_NAACCGGTTN		peak_474	127	136	+	9.36735	0.000204	1	AAACCGGAAA
taipale__TFCP2_full_NAACCGGTTN		peak_332	168	177	-	9.36735	0.000204	1	AAACCGGAAA
taipale__TFCP2_full_NAACCGGTTN		peak_310	370	379	+	9.36735	0.000204	1	AAACCGGAAA
taipale_cyt_meth__GRHL1_NAACCGGTTN_eDBD_meth_repr		peak_576	8	17	+	9.84694	0.000204	0.748	AAACACGTTT
taipale_cyt_meth__GRHL1_NAACCGGTTN_eDBD_meth_repr		peak_30	5	14	-	9.84694	0.000204	0.748	AAACACGTTT
taipale_cyt_meth__GRHL1_NAACCGGTTN_eDBD_meth_repr		peak_556	507	516	-	9.84694	0.000204	0.748	AAACACGTTT
cisbp__M5928		peak_357	216	225	-	9.39796	0.000205	1	AAACTGGTCT
taipale__TFCP2_full_NCCGGNNNNNNCCGGN_repr		peak_554	555	570	-	8.22449	0.000205	1	GCCAGATAATAGCGGT
taipale_cyt_meth__GRHL1_NAACCGGTTN_eDBD		peak_561	495	504	-	9.55102	0.000205	0.89	AGACCGGTCG
taipale__TFCP2_full_NCCGGNNNNNNCCGGN_repr		peak_32	261	276	+	8.20408	0.000207	1	ACTGGCAAGAAGAGGT
taipale_cyt_meth__GRHL1_NAACCGGTTN_eDBD		peak_142	83	92	-	9.5102	0.000207	0.89	GAGCCGGTTC
taipale__GRHL1_full_NAAACCGGTTTN		peak_257	123	134	+	8.35714	0.000207	0.716	CAAACCGGTGCA
homer__NAAACCGGTTCAAACCGGTT_Tcfcp2l1		peak_509	297	316	+	8.21429	0.000207	1	CAGTCAAGTTCAATGCTGTT
taipale__GRHL1_DBD_AACCGGWNNNWCCGGTT_repr		peak_557	95	111	-	7.7551	0.000207	1	AACTTGTGTGGCGGGTA
taipale_cyt_meth__GRHL1_NAACCGGTTN_eDBD_meth_repr		peak_466	361	370	-	9.83673	0.000208	0.748	GAACCCGTTA
taipale__GRHL1_DBD_NAACCGGTTN_repr		peak_149	22	31	-	9.18367	0.000208	0.948	AAACAAGTTT
taipale__GRHL1_DBD_NAACCGGTTN_repr		peak_394	168	177	-	9.18367	0.000208	0.948	AAACAAGTTT
homer__NAAACCGGTTCAAACCGGTT_Tcfcp2l1		peak_554	1076	1095	+	8.20408	0.000208	1	CTAACATGGACAAACCAGTT
taipale__GRHL1_DBD_AACCGGWNNNWCCGGTT_repr		peak_30	6	22	+	7.7449	0.000208	1	AACGTGTTTAGCTGCTC
taipale__GRHL1_DBD_AACCGGWNNNWCCGGTT_repr		peak_504	535	551	-	7.7449	0.000208	1	GACGCGATAAGCCGCTT
taipale__TFCP2_full_NCCGGNNNNNNCCGGN_repr		peak_181	53	68	-	8.18367	0.000209	1	GCCAGATGGAGCCAGA
taipale__GRHL1_full_NAAACCGGTTTN		peak_598	26	37	-	8.33673	0.00021	0.72	CCAACCTGTTTC
homer__NAAACCGGTTCAAACCGGTT_Tcfcp2l1		peak_179	75	94	-	8.18367	0.00021	1	GCTTCTAGTTCTAGCCACTT
taipale__GRHL1_DBD_AACCGGWNNNWCCGGTT_repr		peak_223	29	45	-	7.72449	0.00021	1	AGCTGGGTTGCCAGGTT
taipale_cyt_meth__GRHL1_NAACCGGTTN_eDBD_meth_repr		peak_566	110	119	+	9.80612	0.00021	0.748	AAACCTGTCA
cisbp__M5928		peak_139	257	266	-	9.35714	0.000211	1	AAACCGGACT
homer__NAAACCGGTTCAAACCGGTT_Tcfcp2l1		peak_485	25	44	-	8.17347	0.000211	1	GAATCTGGCGCTCACAAGTT
homer__NAAACCGGTTCAAACCGGTT_Tcfcp2l1		peak_235	57	76	-	8.17347	0.000211	1	AAGTCATGCTTTGACCAGTG
taipale__GRHL1_DBD_NAACCGGTTN_repr		peak_46	181	190	-	9.16327	0.000211	0.952	GAGCCGGTTT
homer__NAAACCGGTTCAAACCGGTT_Tcfcp2l1		peak_130	255	274	-	8.16327	0.000212	1	CCGACTTGTGGAGGCTGGAC
taipale__TFCP2_full_NAACCGGTTN		peak_457	157	166	+	9.32653	0.000212	1	TAACCAGTTA
taipale__TFCP2_full_NAACCGGTTN		peak_107	255	264	+	9.32653	0.000212	1	TAACCAGTTA
taipale__GRHL1_DBD_NAACCGGTTN_repr		peak_129	278	287	-	9.15306	0.000213	0.952	TAACAGGTTA
taipale_cyt_meth__GRHL1_NAACCGGTTN_eDBD		peak_415	62	71	-	9.46939	0.000213	0.89	ATACCTGTTT
taipale_cyt_meth__GRHL1_NAACCGGTTN_eDBD		peak_406	254	263	-	9.46939	0.000213	0.89	AAACCTGTAT
taipale_cyt_meth__GRHL1_NAACCGGTTN_eDBD		peak_369	362	371	+	9.46939	0.000213	0.89	TAACCTGTTG
taipale_cyt_meth__GRHL1_NAACCGGTTN_eDBD		peak_166	504	513	+	9.46939	0.000213	0.89	TAACCTGTTG
taipale_cyt_meth__GRHL1_NAACCGGTTN_eDBD_meth_repr		peak_470	348	357	+	9.79592	0.000213	0.748	AGACAGGTTA
taipale__TFCP2_full_NCCGGNNNNNNCCGGN_repr		peak_269	313	328	-	8.13265	0.000214	1	ACTAGTTAAATACGGC
taipale_cyt_meth__TFCP2_AWCCGGWTNNAWCCGGWT_eDBD		peak_323	158	175	+	8.79798	0.000214	1	TGCCGGATGTAAGCAGTG
taipale_cyt_meth__GRHL1_NAACCGGTTN_eDBD_meth_repr		peak_486	808	817	-	9.72449	0.000215	0.748	AAACGGGTCT
taipale__TFCP2_full_NAACCGGTTN		peak_402	158	167	-	9.29592	0.000216	1	ATACTGGTTT
taipale__TFCP2_full_NAACCGGTTN		peak_11	235	244	+	9.29592	0.000216	1	ATACTGGTTT
taipale__TFCP2_full_NCCGGNNNNNNCCGGN_repr		peak_490	259	274	+	8.11224	0.000216	1	GCCAGTTGGAGCTGCT
taipale_cyt_meth__GRHL1_NAACCGGTTN_eDBD_meth_repr		peak_86	127	136	+	9.67347	0.000216	0.748	AAACCGGTGT
homer__NAAACCGGTTCAAACCGGTT_Tcfcp2l1		peak_434	281	300	+	8.11224	0.000217	1	GCACGCTGTTAGAACCAGAT
taipale__GRHL1_full_NAAACCGGTTTN		peak_281	47	58	+	8.2551	0.000217	0.738	AGAACCGGATGA
taipale__GRHL1_DBD_AACCGGWNNNWCCGGTT_repr		peak_134	39	55	+	7.65306	0.000217	1	TGCCAGTCTTACAGGGT
cisbp__M5928		peak_146	84	93	+	9.33673	0.000217	1	CAGCCGGTTT
cisbp__M5928		peak_457	157	166	-	9.33673	0.000217	1	TAACTGGTTA
cisbp__M5928		peak_107	255	264	-	9.33673	0.000217	1	TAACTGGTTA
taipale_cyt_meth__TFCP2_AWCCGGWTNNAWCCGGWT_eDBD		peak_469	165	182	-	8.76768	0.000218	1	AGCCGGAATCACCCGGCA
taipale_cyt_meth__GRHL1_NAACCGGTTN_eDBD_meth_repr		peak_486	808	817	+	9.66327	0.000218	0.748	AGACCCGTTT
taipale__GRHL1_DBD_NAACCGGTTN_repr		peak_304	2	11	+	9.09184	0.000218	0.954	AAGCCGGTTA
taipale__TFCP2_full_NCCGGNNNNNNCCGGN_repr		peak_354	162	177	-	8.09184	0.000218	1	GCCGGAAATCACCAGT
taipale__TFCP2_full_NAACCGGTTN		peak_357	216	225	+	9.28571	0.000218	1	AGACCAGTTT
cisbp__M5928		peak_402	158	167	+	9.32653	0.000218	1	AAACCAGTAT
cisbp__M5928		peak_11	235	244	-	9.32653	0.000218	1	AAACCAGTAT
homer__NAAACCGGTTCAAACCGGTT_Tcfcp2l1		peak_235	55	74	+	8.09184	0.000218	1	AACACTGGTCAAAGCATGAC
taipale__GRHL1_DBD_AACCGGWNNNWCCGGTT_repr		peak_477	284	300	+	7.63265	0.000219	1	GACATGCTGAACTGGCT
taipale__GRHL1_DBD_NAACCGGTTN_repr		peak_369	362	371	-	9.08163	0.000219	0.954	CAACAGGTTA
taipale__GRHL1_DBD_NAACCGGTTN_repr		peak_166	504	513	-	9.08163	0.000219	0.954	CAACAGGTTA
taipale_cyt_meth__GRHL1_NAACCGGTTN_eDBD_meth_repr		peak_210	17	26	+	9.64286	0.000219	0.748	TAACATGTTC
taipale_cyt_meth__GRHL1_NAACCGGTTN_eDBD_meth_repr		peak_246	46	55	-	9.64286	0.000219	0.748	TAACATGTTC
taipale_cyt_meth__GRHL1_NAACCGGTTN_eDBD_meth_repr		peak_504	64	73	-	9.64286	0.000219	0.748	TAACATGTTC
taipale_cyt_meth__GRHL1_NAACCGGTTN_eDBD_meth_repr		peak_7	76	85	-	9.64286	0.000219	0.748	TAACATGTTC
taipale_cyt_meth__GRHL1_NAACCGGTTN_eDBD		peak_402	158	167	+	9.42857	0.00022	0.903	AAACCAGTAT
taipale_cyt_meth__GRHL1_NAACCGGTTN_eDBD		peak_11	235	244	-	9.42857	0.00022	0.903	AAACCAGTAT
taipale__GRHL1_DBD_AACCGGWNNNWCCGGTT_repr		peak_357	14	30	+	7.62245	0.00022	1	TAGGTGTTCCACGGGTT
taipale__GRHL1_full_NAAACCGGTTTN		peak_323	148	159	+	8.22449	0.00022	0.744	CAAACCGCTTTG
taipale__TFCP2_full_NAACCGGTTN		peak_230	54	63	-	9.27551	0.00022	1	ATTCCGGTTC
taipale__TFCP2_full_NAACCGGTTN		peak_558	171	180	+	9.27551	0.00022	1	ATTCCGGTTC
cisbp__M5928		peak_600	181	190	+	9.31633	0.00022	1	GATCCAGATT
taipale_cyt_meth__TFCP2_AWCCGGWTNNAWCCGGWT_eDBD		peak_360	65	82	+	8.73737	0.000221	1	AACTGCCGCAGACTGGAA
homer__NAAACCGGTTCAAACCGGTT_Tcfcp2l1		peak_236	197	216	-	8.06122	0.000221	1	GCGGCCAGCCACAGCTACAT
taipale__TFCP2_full_NAACCGGTTN		peak_600	181	190	-	9.26531	0.000221	1	AATCTGGATC
cisbp__M5928		peak_230	54	63	+	9.30612	0.000221	1	GAACCGGAAT
cisbp__M5928		peak_558	171	180	-	9.30612	0.000221	1	GAACCGGAAT
taipale__TFCP2_full_NAACCGGTTN		peak_483	5	14	-	9.23469	0.000223	1	CAACCGGACT
taipale__TFCP2_full_NAACCGGTTN		peak_139	257	266	+	9.23469	0.000223	1	AGTCCGGTTT
taipale__TFCP2_full_NCCGGNNNNNNCCGGN_repr		peak_605	133	148	+	8.03061	0.000224	1	ACTAGTTAATACCGTA
taipale__TFCP2_full_NCCGGNNNNNNCCGGN_repr		peak_255	284	299	-	8.03061	0.000224	1	ACTGGTTTGGGTCAGC
taipale__TFCP2_full_NAACCGGTTN		peak_488	275	284	+	9.22449	0.000225	1	AAACCAGATG
taipale__TFCP2_full_NAACCGGTTN		peak_543	276	285	+	9.22449	0.000225	1	AAACCAGATG
taipale__GRHL1_DBD_AACCGGWNNNWCCGGTT_repr		peak_461	103	119	-	7.57143	0.000225	1	ATGGGGTTTTTCCGCTT
homer__NAAACCGGTTCAAACCGGTT_Tcfcp2l1		peak_485	23	42	+	8.02041	0.000225	1	TAAACTTGTGAGCGCCAGAT
cisbp__M5928		peak_304	2	11	+	9.28571	0.000225	1	AAGCCGGTTA
taipale_cyt_meth__GRHL1_NAACCGGTTN_eDBD_meth_repr		peak_235	90	99	-	9.58163	0.000225	0.762	CAACCTGTTG
taipale__TFCP2_full_NCCGGNNNNNNCCGGN_repr		peak_457	159	174	+	8.02041	0.000225	1	ACCAGTTAAAGGGAGT
taipale__TFCP2_full_NCCGGNNNNNNCCGGN_repr		peak_536	258	273	-	8.02041	0.000225	1	TCCGGTTCGCAGCAAT
taipale_cyt_meth__TFCP2_AWCCGGWTNNAWCCGGWT_eDBD		peak_348	269	286	+	8.69697	0.000226	1	AACAGGAACAACCCAGAC
taipale__GRHL1_DBD_NAACCGGTTN_repr		peak_146	84	93	-	9.0102	0.000226	0.966	AAACCGGCTG
taipale__GRHL1_DBD_AACCGGWNNNWCCGGTT_repr		peak_58	710	726	+	7.56122	0.000226	1	AACAGGTAGAGCGAGAT
homer__NAAACCGGTTCAAACCGGTT_Tcfcp2l1		peak_198	109	128	+	8.0102	0.000226	1	CCAACTGGATTTTGCATGCT
taipale_cyt_meth__GRHL1_NAACCGGTTN_eDBD_meth_repr		peak_235	90	99	+	9.57143	0.000226	0.762	CAACAGGTTG
homer__NAAACCGGTTCAAACCGGTT_Tcfcp2l1		peak_348	67	86	-	8	0.000227	1	AATGCCAGTTTGCGCTGCTT
homer__NAAACCGGTTCAAACCGGTT_Tcfcp2l1		peak_475	159	178	-	8	0.000227	1	GCCACCAGATGGTGCTTGCT
taipale__GRHL1_DBD_NAACCGGTTN_repr		peak_561	495	504	-	9	0.000227	0.966	AGACCGGTCG
taipale__TFCP2_full_NAACCGGTTN		peak_254	112	121	-	9.21429	0.000228	1	ATACTGGTTC
taipale__TFCP2_full_NAACCGGTTN		peak_457	157	166	-	9.21429	0.000228	1	TAACTGGTTA
taipale__TFCP2_full_NAACCGGTTN		peak_107	255	264	-	9.21429	0.000228	1	TAACTGGTTA
taipale__GRHL1_full_NAAACCGGTTTN		peak_211	503	514	+	8.13265	0.000229	0.765	CAAACTTGTTCT
cisbp__M5928		peak_254	112	121	+	9.2449	0.000229	1	GAACCAGTAT
taipale__GRHL1_DBD_AACCGGWNNNWCCGGTT_repr		peak_55	256	272	-	7.52041	0.00023	1	AACTTTATTAACGGGTT
taipale__GRHL1_full_NAAACCGGTTTN		peak_415	61	72	-	8.12245	0.00023	0.765	TATACCTGTTTT
taipale__GRHL1_DBD_NAACCGGTTN_repr		peak_566	110	119	+	8.96939	0.000231	0.966	AAACCTGTCA
cisbp__M5928		peak_483	5	14	+	9.23469	0.000231	1	AGTCCGGTTG
cisbp__M5928		peak_457	157	166	+	9.23469	0.000231	1	TAACCAGTTA
cisbp__M5928		peak_107	255	264	+	9.23469	0.000231	1	TAACCAGTTA
taipale__GRHL1_full_NAAACCGGTTTN		peak_558	149	160	-	8.11224	0.000231	0.765	AAAACTTGTTGG
taipale__TFCP2_full_NCCGGNNNNNNCCGGN_repr		peak_599	239	254	-	7.95918	0.000232	1	GCTGGCACGAACCGAT
taipale_cyt_meth__GRHL1_NAACCGGTTN_eDBD		peak_257	124	133	-	9.34694	0.000233	0.947	GCACCGGTTT
taipale_cyt_meth__TFCP2_AWCCGGWTNNAWCCGGWT_eDBD		peak_348	67	84	+	8.63636	0.000233	1	AAGCAGCGCAAACTGGCA
taipale_cyt_meth__GRHL1_NAACCGGTTN_eDBD_meth_repr		peak_87	123	132	-	9.55102	0.000234	0.775	CAACATGTTT
taipale__GRHL1_DBD_AACCGGWNNNWCCGGTT_repr		peak_544	12	28	+	7.47959	0.000234	1	TACCTGATTCTCCGGCA
taipale_cyt_meth__TFCP2_AWCCGGWTNNAWCCGGWT_eDBD		peak_139	248	265	-	8.62626	0.000234	1	AACCGGACTGTAGTAGCA
taipale_cyt_meth__TFCP2_AWCCGGWTNNAWCCGGWT_eDBD		peak_554	1078	1095	-	8.62626	0.000234	1	AACTGGTTTGTCCATGTT
taipale__GRHL1_DBD_NAACCGGTTN_repr		peak_245	228	237	-	8.95918	0.000235	0.966	GAACAGGTCT
homer__NAAACCGGTTCAAACCGGTT_Tcfcp2l1		peak_405	187	206	+	7.91837	0.000235	1	AAGACAAGTTACTTCCAGAA
cisbp__M5928		peak_488	275	284	-	9.16327	0.000235	1	CATCTGGTTT
cisbp__M5928		peak_543	276	285	-	9.16327	0.000235	1	CATCTGGTTT
taipale__GRHL1_full_NAAACCGGTTTN		peak_269	188	199	-	8.07143	0.000235	0.772	ATTACAGGTTTT
taipale__TFCP2_full_NCCGGNNNNNNCCGGN_repr		peak_342	158	173	+	7.91837	0.000237	1	GCTGGCACAATCTAGT
taipale__TFCP2_full_NCCGGNNNNNNCCGGN_repr		peak_184	402	417	-	7.91837	0.000237	1	ACTGGTTCAAGTCTAT
taipale_cyt_meth__TFCP2_AWCCGGWTNNAWCCGGWT_eDBD		peak_354	144	161	-	8.60606	0.000237	1	GACTGGCAAAAACTGCAC
taipale_cyt_meth__TFCP2_AWCCGGWTNNAWCCGGWT_eDBD		peak_589	279	296	+	8.60606	0.000237	1	GAGAGGCTCGAAGTGGTT
taipale__GRHL1_DBD_AACCGGWNNNWCCGGTT_repr		peak_573	81	97	-	7.44898	0.000237	1	CAGCTGTTTGGCAGGTC
taipale_cyt_meth__GRHL1_NAACCGGTTN_eDBD		peak_304	2	11	+	9.31633	0.000237	0.947	AAGCCGGTTA
taipale__TFCP2_full_NCCGGNNNNNNCCGGN_repr		peak_456	305	320	-	7.90816	0.000238	1	ACCAGATGTGACCACT
homer__NAAACCGGTTCAAACCGGTT_Tcfcp2l1		peak_286	131	150	-	7.88776	0.000238	1	GGCAGCAGCCAAAACTTGTT
taipale__GRHL1_full_NAAACCGGTTTN		peak_255	124	135	+	8.04082	0.000238	0.774	GAAACATGTTAG
taipale_cyt_meth__GRHL1_NAACCGGTTN_eDBD_meth_repr		peak_87	123	132	+	9.54082	0.000238	0.775	AAACATGTTG
taipale_cyt_meth__GRHL1_NAACCGGTTN_eDBD_meth_repr		peak_257	124	133	-	9.54082	0.000238	0.775	GCACCGGTTT
taipale_cyt_meth__GRHL1_NAACCGGTTN_eDBD_meth_repr		peak_274	270	279	-	9.54082	0.000238	0.775	TAACTTGTTT
taipale__GRHL1_full_NAAACCGGTTTN		peak_154	179	190	+	8.03061	0.000239	0.774	TAAACTGGTCAA
taipale__GRHL1_DBD_AACCGGWNNNWCCGGTT_repr		peak_477	284	300	-	7.42857	0.000239	1	AGCCAGTTCAGCATGTC
homer__NAAACCGGTTCAAACCGGTT_Tcfcp2l1		peak_487	148	167	+	7.86735	0.00024	1	GTGTCTAGCCTTAGCAAGTA
taipale__TFCP2_full_NCCGGNNNNNNCCGGN_repr		peak_547	3	18	-	7.88776	0.00024	1	ACTGGTTCTTCCCAGA
taipale_cyt_meth__GRHL1_NAACCGGTTN_eDBD		peak_566	110	119	-	9.28571	0.00024	0.947	TGACAGGTTT
taipale_cyt_meth__GRHL1_NAACCGGTTN_eDBD		peak_466	361	370	+	9.28571	0.00024	0.947	TAACGGGTTC
taipale_cyt_meth__GRHL1_NAACCGGTTN_eDBD		peak_583	364	373	+	9.28571	0.00024	0.947	GAACCGGTGC
taipale_cyt_meth__GRHL1_NAACCGGTTN_eDBD_meth_repr		peak_92	268	277	+	9.53061	0.00024	0.775	GAACAGGTAT
cisbp__M5928		peak_474	174	183	-	9.12245	0.00024	1	ACACTGGTTT
taipale__TFCP2_full_NAACCGGTTN		peak_237	26	35	-	9.11224	0.00024	1	AAACTGGATG
taipale__TFCP2_full_NAACCGGTTN		peak_46	181	190	-	9.11224	0.00024	1	GAGCCGGTTT
taipale__GRHL1_DBD_NAACCGGTTN_repr		peak_402	158	167	+	8.91837	0.000241	0.966	AAACCAGTAT
taipale__GRHL1_DBD_NAACCGGTTN_repr		peak_200	197	206	+	8.91837	0.000241	0.966	AAACAAGTTC
taipale__GRHL1_DBD_NAACCGGTTN_repr		peak_11	235	244	-	8.91837	0.000241	0.966	AAACCAGTAT
taipale__GRHL1_DBD_NAACCGGTTN_repr		peak_178	255	264	+	8.91837	0.000241	0.966	AAACAAGTTC
taipale__GRHL1_DBD_NAACCGGTTN_repr		peak_125	328	337	-	8.91837	0.000241	0.966	AAACAAGTTC
taipale_cyt_meth__TFCP2_AWCCGGWTNNAWCCGGWT_eDBD		peak_239	81	98	-	8.57576	0.000241	1	TACTAGTTCGTTCCACTG
taipale_cyt_meth__TFCP2_AWCCGGWTNNAWCCGGWT_eDBD		peak_389	280	297	-	8.57576	0.000241	1	AACTGAATCGAACAGGTA
taipale_cyt_meth__GRHL1_NAACCGGTTN_eDBD_meth_repr		peak_92	268	277	-	9.52041	0.000241	0.775	ATACCTGTTC
taipale__GRHL1_DBD_NAACCGGTTN_repr		peak_139	257	266	+	8.90816	0.000242	0.966	AGTCCGGTTT
taipale__TFCP2_full_NCCGGNNNNNNCCGGN_repr		peak_76	199	214	-	7.86735	0.000242	1	TCCGGTCAGAATCGAT
taipale__TFCP2_full_NAACCGGTTN		peak_506	181	190	+	9.09184	0.000243	1	AAACAGGTTT
taipale__TFCP2_full_NAACCGGTTN		peak_330	324	333	+	9.09184	0.000243	1	AAACAGGTTT
homer__NAAACCGGTTCAAACCGGTT_Tcfcp2l1		peak_212	315	334	-	7.83673	0.000243	1	GGTGGCAGTCCTAGCTGGCA
taipale_cyt_meth__TFCP2_AWCCGGWTNNAWCCGGWT_eDBD		peak_280	340	357	-	8.55556	0.000243	1	AGCCACAAGAAACTAGAT
taipale__TFCP2_full_NCCGGNNNNNNCCGGN_repr		peak_418	123	138	-	7.85714	0.000244	1	ACTAGTATAGTCTGTT
taipale__GRHL1_DBD_NAACCGGTTN_repr		peak_142	83	92	-	8.89796	0.000244	0.966	GAGCCGGTTC
cisbp__M5928		peak_510	419	428	-	9.11224	0.000244	1	TAAGCGGTTT
taipale__TFCP2_full_NAACCGGTTN		peak_154	180	189	+	9.08163	0.000244	1	AAACTGGTCA
homer__NAAACCGGTTCAAACCGGTT_Tcfcp2l1		peak_483	440	459	-	7.82653	0.000244	1	CCGACTAGTGTAGAGCAGCC
taipale_cyt_meth__GRHL1_NAACCGGTTN_eDBD		peak_139	257	266	+	9.23469	0.000245	0.958	AGTCCGGTTT
taipale__TFCP2_full_NCCGGNNNNNNCCGGN_repr		peak_9	212	227	+	7.84694	0.000245	1	AGAGGTATCAACTGGT
taipale__GRHL1_full_NAAACCGGTTTN		peak_486	807	818	+	7.96939	0.000245	0.786	AAGACCCGTTTC
homer__NAAACCGGTTCAAACCGGTT_Tcfcp2l1		peak_127	53	72	+	7.81633	0.000245	1	GAAGCCAGCTTAGAGTGGGA
taipale__GRHL1_DBD_AACCGGWNNNWCCGGTT_repr		peak_433	436	452	+	7.36735	0.000246	1	CCCTGGATTTTCCGGCT
taipale__TFCP2_full_NAACCGGTTN		peak_474	174	183	+	9.04082	0.000247	1	AAACCAGTGT
taipale_cyt_meth__TFCP2_AWCCGGWTNNAWCCGGWT_eDBD		peak_434	283	300	-	8.52525	0.000247	1	ATCTGGTTCTAACAGCGT
taipale_cyt_meth__GRHL1_NAACCGGTTN_eDBD_meth_repr		peak_210	17	26	-	9.5	0.000247	0.775	GAACATGTTA
taipale_cyt_meth__GRHL1_NAACCGGTTN_eDBD_meth_repr		peak_246	46	55	+	9.5	0.000247	0.775	GAACATGTTA
taipale_cyt_meth__GRHL1_NAACCGGTTN_eDBD_meth_repr		peak_504	64	73	+	9.5	0.000247	0.775	GAACATGTTA
taipale_cyt_meth__GRHL1_NAACCGGTTN_eDBD_meth_repr		peak_7	76	85	+	9.5	0.000247	0.775	GAACATGTTA
taipale__TFCP2_full_NCCGGNNNNNNCCGGN_repr		peak_397	730	745	+	7.81633	0.000248	1	ACTAGCTAGATCTGGC
taipale__TFCP2_full_NAACCGGTTN		peak_142	83	92	-	9.03061	0.000248	1	GAGCCGGTTC
taipale__GRHL1_full_NAAACCGGTTTN		peak_468	113	124	-	7.93878	0.000248	0.786	AAAACCCGTCAA
cisbp__M5928		peak_237	26	35	+	9.06122	0.000249	1	CATCCAGTTT
taipale__GRHL1_DBD_AACCGGWNNNWCCGGTT_repr		peak_304	2	18	+	7.33673	0.000249	1	AAGCCGGTTAGCCGGCT
taipale__TFCP2_full_NCCGGNNNNNNCCGGN_repr		peak_536	268	283	+	7.80612	0.000249	1	ACCGGAACAAATGGAA
taipale_cyt_meth__GRHL1_NAACCGGTTN_eDBD		peak_154	180	189	+	9.20408	0.00025	0.961	AAACTGGTCA
taipale__GRHL1_DBD_NAACCGGTTN_repr		peak_146	84	93	+	8.84694	0.00025	0.982	CAGCCGGTTT
taipale_cyt_meth__TFCP2_AWCCGGWTNNAWCCGGWT_eDBD		peak_437	44	61	-	8.49495	0.000251	1	GACCAGTACTTAGTTGTT
cisbp__M5928		peak_154	180	189	-	9.05102	0.000251	1	TGACCAGTTT
taipale__GRHL1_full_NAAACCGGTTTN		peak_402	157	168	-	7.91837	0.000251	0.786	TATACTGGTTTA
taipale__GRHL1_DBD_AACCGGWNNNWCCGGTT_repr		peak_328	65	81	-	7.31633	0.000251	1	GACTCGGAAAACAGGTG
taipale__TFCP2_full_NAACCGGTTN		peak_344	176	185	+	9.0102	0.000251	1	TTACCGGTTT
taipale__TFCP2_full_NAACCGGTTN		peak_424	259	268	+	9.0102	0.000251	1	TTACCGGTTT
homer__NAAACCGGTTCAAACCGGTT_Tcfcp2l1		peak_361	436	455	-	7.7449	0.000252	1	GTAGCCAGTCCCACCTTGTG
taipale__GRHL1_DBD_AACCGGWNNNWCCGGTT_repr		peak_561	436	452	+	7.30612	0.000252	1	GTCTGGTCTGGCGGGCT
taipale_cyt_meth__GRHL1_NAACCGGTTN_eDBD		peak_142	83	92	+	9.18367	0.000252	0.961	GAACCGGCTC
taipale__GRHL1_full_NAAACCGGTTTN		peak_556	506	517	-	7.89796	0.000253	0.786	CAAACACGTTTC
taipale__TFCP2_full_NCCGGNNNNNNCCGGN_repr		peak_482	370	385	-	7.76531	0.000254	1	ACTGGTGCTCACCTGT
taipale__GRHL1_full_NAAACCGGTTTN		peak_516	57	68	+	7.88776	0.000254	0.786	AAAACTTGTTGA
taipale__GRHL1_full_NAAACCGGTTTN		peak_286	129	140	-	7.88776	0.000254	0.786	AAAACTTGTTGA
homer__NAAACCGGTTCAAACCGGTT_Tcfcp2l1		peak_73	250	269	+	7.72449	0.000254	1	GCAGCTGGCTCACTCTGCTC
taipale_cyt_meth__GRHL1_NAACCGGTTN_eDBD		peak_235	90	99	+	9.17347	0.000255	0.961	CAACAGGTTG
taipale__GRHL1_full_NAAACCGGTTTN		peak_566	109	120	-	7.87755	0.000256	0.786	ATGACAGGTTTC
taipale__GRHL1_DBD_NAACCGGTTN_repr		peak_470	348	357	-	8.79592	0.000256	0.982	TAACCTGTCT
cisbp__M5928		peak_168	169	178	+	9.02041	0.000256	1	ACACCAGTTT
cisbp__M5928		peak_498	376	385	-	9.02041	0.000256	1	ACACCAGTTT
taipale__TFCP2_full_NCCGGNNNNNNCCGGN_repr		peak_598	154	169	+	7.7449	0.000257	1	ACTGGCAAAAAATAGT
taipale__TFCP2_full_NAACCGGTTN		peak_76	3	12	+	8.97959	0.000257	1	AAACCAGACT
taipale_cyt_meth__GRHL1_NAACCGGTTN_eDBD_meth_repr		peak_337	229	238	+	9.44898	0.000257	0.799	TAACAGGTCC
homer__NAAACCGGTTCAAACCGGTT_Tcfcp2l1		peak_490	256	275	+	7.69388	0.000258	1	GATGCCAGTTGGAGCTGCTG
taipale_cyt_meth__GRHL1_NAACCGGTTN_eDBD		peak_470	348	357	+	9.16327	0.000258	0.961	AGACAGGTTA
taipale__GRHL1_full_NAAACCGGTTTN		peak_218	279	290	+	7.84694	0.000259	0.786	AAAACTCGTTAG
taipale__TFCP2_full_NCCGGNNNNNNCCGGN_repr		peak_592	119	134	+	7.72449	0.000259	1	ACCTGTAAAAACTTCT
taipale__TFCP2_full_NCCGGNNNNNNCCGGN_repr		peak_482	187	202	-	7.72449	0.000259	1	GCTGGTTCCAATTTGT
taipale__GRHL1_DBD_NAACCGGTTN_repr		peak_516	307	316	+	8.76531	0.00026	0.982	AAACATGTTT
taipale__GRHL1_DBD_NAACCGGTTN_repr		peak_516	307	316	-	8.76531	0.00026	0.982	AAACATGTTT
taipale__GRHL1_DBD_NAACCGGTTN_repr		peak_486	617	626	+	8.76531	0.00026	0.982	AAACATGTTT
taipale__GRHL1_DBD_NAACCGGTTN_repr		peak_486	617	626	-	8.76531	0.00026	0.982	AAACATGTTT
homer__NAAACCGGTTCAAACCGGTT_Tcfcp2l1		peak_333	525	544	-	7.67347	0.00026	1	ATATCCAGTGTGACCAGGTT
taipale_cyt_meth__GRHL1_NAACCGGTTN_eDBD_meth_repr		peak_402	158	167	+	9.43878	0.00026	0.799	AAACCAGTAT
taipale_cyt_meth__GRHL1_NAACCGGTTN_eDBD_meth_repr		peak_11	235	244	-	9.43878	0.00026	0.799	AAACCAGTAT
cisbp__M5928		peak_344	176	185	-	9	0.00026	1	AAACCGGTAA
cisbp__M5928		peak_424	259	268	-	9	0.00026	1	AAACCGGTAA
taipale_cyt_meth__TFCP2_AWCCGGWTNNAWCCGGWT_eDBD		peak_29	170	187	+	8.42424	0.00026	1	AAGTGGAAAGATCCGGCG
taipale__GRHL1_full_NAAACCGGTTTN		peak_88	692	703	-	7.83673	0.00026	0.786	AAAGCCGGTTGA
taipale_cyt_meth__GRHL1_NAACCGGTTN_eDBD		peak_470	348	357	-	9.15306	0.000261	0.961	TAACCTGTCT
homer__NAAACCGGTTCAAACCGGTT_Tcfcp2l1		peak_198	190	209	-	7.66327	0.000261	1	AAACCAAGCAACAACCGGAA
taipale__GRHL1_DBD_AACCGGWNNNWCCGGTT_repr		peak_30	6	22	-	7.22449	0.000261	1	GAGCAGCTAAACACGTT
taipale__GRHL1_DBD_AACCGGWNNNWCCGGTT_repr		peak_418	306	322	-	7.22449	0.000261	1	AAGTAGTATAACAAGTG
taipale__GRHL1_full_NAAACCGGTTTN		peak_280	490	501	-	7.82653	0.000262	0.786	AAAAGCGGTTTC
taipale__TFCP2_full_NAACCGGTTN		peak_168	169	178	-	8.92857	0.000262	1	AAACTGGTGT
taipale__TFCP2_full_NAACCGGTTN		peak_498	376	385	+	8.92857	0.000262	1	AAACTGGTGT
taipale_cyt_meth__GRHL1_NAACCGGTTN_eDBD		peak_139	257	266	-	9.14286	0.000263	0.961	AAACCGGACT
taipale_cyt_meth__GRHL1_NAACCGGTTN_eDBD		peak_154	180	189	-	9.12245	0.000264	0.961	TGACCAGTTT
cisbp__M5928		peak_237	26	35	-	8.94898	0.000264	1	AAACTGGATG
taipale__GRHL1_full_NAAACCGGTTTN		peak_486	807	818	-	7.80612	0.000264	0.786	GAAACGGGTCTT
taipale_cyt_meth__TFCP2_AWCCGGWTNNAWCCGGWT_eDBD		peak_437	44	61	+	8.39394	0.000264	1	AACAACTAAGTACTGGTC
taipale__GRHL1_DBD_NAACCGGTTN_repr		peak_415	62	71	-	8.71429	0.000265	0.983	ATACCTGTTT
taipale_cyt_meth__GRHL1_NAACCGGTTN_eDBD_meth_repr		peak_402	158	167	-	9.40816	0.000265	0.805	ATACTGGTTT
taipale_cyt_meth__GRHL1_NAACCGGTTN_eDBD_meth_repr		peak_11	235	244	+	9.40816	0.000265	0.805	ATACTGGTTT
taipale__GRHL1_full_NAAACCGGTTTN		peak_239	107	118	-	7.79592	0.000265	0.786	TTAACATGTTTT
taipale_cyt_meth__GRHL1_NAACCGGTTN_eDBD		peak_304	2	11	-	9.11224	0.000266	0.961	TAACCGGCTT
taipale__GRHL1_DBD_NAACCGGTTN_repr		peak_126	79	88	+	8.70408	0.000266	0.983	GAACAGGTTG
taipale__GRHL1_DBD_NAACCGGTTN_repr		peak_304	88	97	+	8.70408	0.000266	0.983	GAACAGGTTG
taipale__GRHL1_full_NAAACCGGTTTN		peak_323	148	159	-	7.78571	0.000267	0.786	CAAAGCGGTTTG
cisbp__M5928		peak_76	3	12	-	8.92857	0.000268	1	AGTCTGGTTT
taipale_cyt_meth__GRHL1_NAACCGGTTN_eDBD		peak_211	504	513	+	9.10204	0.000268	0.961	AAACTTGTTC
taipale_cyt_meth__GRHL1_NAACCGGTTN_eDBD		peak_80	697	706	+	9.10204	0.000268	0.961	AAACTTGTTC
taipale_cyt_meth__TFCP2_AWCCGGWTNNAWCCGGWT_eDBD		peak_354	144	161	+	8.36364	0.000268	1	GTGCAGTTTTTGCCAGTC
taipale__TFCP2_full_NAACCGGTTN		peak_237	26	35	+	8.88776	0.000269	1	CATCCAGTTT
taipale__GRHL1_DBD_AACCGGWNNNWCCGGTT_repr		peak_125	600	616	+	7.15306	0.000269	1	ATCGAGTTCTACTGGCT
homer__NAAACCGGTTCAAACCGGTT_Tcfcp2l1		peak_7	12	31	-	7.58163	0.00027	1	ATCACTGGTTCAGAGCGGTA
taipale_cyt_meth__GRHL1_NAACCGGTTN_eDBD_meth_repr		peak_154	180	189	-	9.39796	0.00027	0.809	TGACCAGTTT
taipale_cyt_meth__GRHL1_NAACCGGTTN_eDBD_meth_repr		peak_274	270	279	+	9.39796	0.00027	0.809	AAACAAGTTA
taipale_cyt_meth__TFCP2_AWCCGGWTNNAWCCGGWT_eDBD		peak_427	77	94	+	8.35354	0.00027	1	GACCAGTTGTTTCTGCAC
taipale__TFCP2_full_NCCGGNNNNNNCCGGN_repr		peak_357	218	233	+	7.63265	0.00027	1	ACCAGTTTTATGTGTA
cisbp__M5928		peak_254	112	121	-	8.90816	0.000271	1	ATACTGGTTC
cisbp__M5928		peak_46	181	190	+	8.90816	0.000271	1	AAACCGGCTC
taipale__GRHL1_full_NAAACCGGTTTN		peak_246	234	245	+	7.7449	0.000271	0.786	AAAACATGTATT
taipale__GRHL1_full_NAAACCGGTTTN		peak_125	327	338	+	7.7449	0.000271	0.786	CGAACTTGTTTT
taipale_cyt_meth__GRHL1_NAACCGGTTN_eDBD		peak_200	197	206	-	9.08163	0.000271	0.961	GAACTTGTTT
taipale_cyt_meth__GRHL1_NAACCGGTTN_eDBD		peak_178	255	264	-	9.08163	0.000271	0.961	GAACTTGTTT
taipale_cyt_meth__GRHL1_NAACCGGTTN_eDBD		peak_125	328	337	+	9.08163	0.000271	0.961	GAACTTGTTT
taipale__GRHL1_full_NAAACCGGTTTN		peak_566	109	120	+	7.73469	0.000272	0.786	GAAACCTGTCAT
taipale__GRHL1_full_NAAACCGGTTTN		peak_333	205	216	-	7.73469	0.000272	0.786	GAAACGAGTTTA
taipale_cyt_meth__TFCP2_AWCCGGWTNNAWCCGGWT_eDBD		peak_554	1118	1135	-	8.33333	0.000273	1	AGCCGGTGCGGCCCAGAA
homer__NAAACCGGTTCAAACCGGTT_Tcfcp2l1		peak_340	319	338	-	7.55102	0.000273	1	GATGCCAGATCTTTCTGGCG
taipale__GRHL1_full_NAAACCGGTTTN		peak_415	311	322	-	7.72449	0.000274	0.786	AATACCTGTTAA
taipale_cyt_meth__TFCP2_AWCCGGWTNNAWCCGGWT_eDBD		peak_239	81	98	+	8.32323	0.000274	1	CAGTGGAACGAACTAGTA
homer__NAAACCGGTTCAAACCGGTT_Tcfcp2l1		peak_257	22	41	-	7.54082	0.000274	1	GAAGCCTGCCTGATCAAGGA
homer__NAAACCGGTTCAAACCGGTT_Tcfcp2l1		peak_336	335	354	+	7.53061	0.000275	1	GTAGCCAGCAGCCGCCAGCG
homer__NAAACCGGTTCAAACCGGTT_Tcfcp2l1		peak_599	344	363	+	7.53061	0.000275	1	TTAGCTGGCTTGCACATGAT
cisbp__M5928		peak_417	110	119	+	8.88776	0.000276	1	AATGCGGTTT
taipale_cyt_meth__GRHL1_NAACCGGTTN_eDBD_meth_repr		peak_446	365	374	-	9.38776	0.000277	0.823	TATCCGGTTT
taipale__GRHL1_DBD_AACCGGWNNNWCCGGTT_repr		peak_191	215	231	+	7.09184	0.000277	1	TACGTGACTGGCCAGTC
taipale__TFCP2_full_NCCGGNNNNNNCCGGN_repr		peak_547	3	18	+	7.58163	0.000277	1	TCTGGGAAGAACCAGT
taipale__TFCP2_full_NCCGGNNNNNNCCGGN_repr		peak_579	190	205	+	7.58163	0.000277	1	ACTTGACTAAACCGAT
taipale_cyt_meth__GRHL1_NAACCGGTTN_eDBD		peak_281	48	57	-	9.05102	0.000277	0.961	CATCCGGTTC
taipale_cyt_meth__GRHL1_NAACCGGTTN_eDBD		peak_235	90	99	-	9.05102	0.000277	0.961	CAACCTGTTG
taipale__GRHL1_full_NAAACCGGTTTN		peak_474	40	51	+	7.69388	0.000277	0.791	AAAACGGGTCCA
taipale__GRHL1_DBD_NAACCGGTTN_repr		peak_406	254	263	+	8.63265	0.000277	1	ATACAGGTTT
taipale__GRHL1_DBD_NAACCGGTTN_repr		peak_486	808	817	+	8.63265	0.000277	1	AGACCCGTTT
taipale__TFCP2_full_NAACCGGTTN		peak_304	2	11	+	8.82653	0.000278	1	AAGCCGGTTA
taipale__TFCP2_full_NAACCGGTTN		peak_254	112	121	+	8.82653	0.000278	1	GAACCAGTAT
taipale_cyt_meth__TFCP2_AWCCGGWTNNAWCCGGWT_eDBD		peak_389	280	297	+	8.29293	0.000278	1	TACCTGTTCGATTCAGTT
taipale__TFCP2_full_NCCGGNNNNNNCCGGN_repr		peak_213	112	127	-	7.56122	0.00028	1	ACCGCTTGAAACTGAT
taipale__TFCP2_full_NCCGGNNNNNNCCGGN_repr		peak_102	103	118	-	7.55102	0.000281	1	ACTGGTTCTTTTCAGT
cisbp__M5928		peak_488	275	284	+	8.84694	0.000281	1	AAACCAGATG
cisbp__M5928		peak_543	276	285	+	8.84694	0.000281	1	AAACCAGATG
taipale__TFCP2_full_NAACCGGTTN		peak_281	206	215	+	8.79592	0.000282	1	TAACCGGTCA
taipale__GRHL1_DBD_NAACCGGTTN_repr		peak_289	294	303	+	8.58163	0.000282	1	CAGCCGGTTC
taipale_cyt_meth__GRHL1_NAACCGGTTN_eDBD		peak_254	112	121	-	9.04082	0.000282	0.961	ATACTGGTTC
taipale_cyt_meth__GRHL1_NAACCGGTTN_eDBD		peak_486	808	817	-	9.04082	0.000282	0.961	AAACGGGTCT
taipale__TFCP2_full_NCCGGNNNNNNCCGGN_repr		peak_352	121	136	-	7.53061	0.000284	1	ACCAGCTTACACCATT
cisbp__M5928		peak_142	83	92	+	8.82653	0.000284	1	GAACCGGCTC
taipale__GRHL1_full_NAAACCGGTTTN		peak_180	629	640	-	7.63265	0.000284	0.801	AAAACATGTATG
taipale__TFCP2_full_NAACCGGTTN		peak_488	275	284	-	8.77551	0.000285	1	CATCTGGTTT
taipale__TFCP2_full_NAACCGGTTN		peak_543	276	285	-	8.77551	0.000285	1	CATCTGGTTT
cisbp__M5928		peak_257	124	133	+	8.81633	0.000285	1	AAACCGGTGC
taipale__GRHL1_full_NAAACCGGTTTN		peak_343	180	191	-	7.62245	0.000285	0.801	AAAACTCGTTAA
taipale_cyt_meth__GRHL1_NAACCGGTTN_eDBD		peak_566	110	119	+	9.03061	0.000286	0.961	AAACCTGTCA
taipale_cyt_meth__GRHL1_NAACCGGTTN_eDBD		peak_466	361	370	-	9.03061	0.000286	0.961	GAACCCGTTA
taipale__TFCP2_full_NCCGGNNNNNNCCGGN_repr		peak_70	78	93	+	7.5102	0.000286	1	TGCGGTTTGAATTTGA
taipale__GRHL1_DBD_AACCGGWNNNWCCGGTT_repr		peak_558	109	125	-	7.0102	0.000286	1	TCCCGGTGTAACCGCTA
taipale__GRHL1_full_NAAACCGGTTTN		peak_543	275	286	+	7.61224	0.000287	0.801	AAAACCAGATGG
homer__NAAACCGGTTCAAACCGGTT_Tcfcp2l1		peak_332	167	186	+	7.42857	0.000287	1	ATTTCCGGTTTGAGCCACCA
taipale__GRHL1_DBD_NAACCGGTTN_repr		peak_369	362	371	+	8.54082	0.000287	1	TAACCTGTTG
taipale__GRHL1_DBD_NAACCGGTTN_repr		peak_466	361	370	-	8.54082	0.000287	1	GAACCCGTTA
taipale__GRHL1_DBD_NAACCGGTTN_repr		peak_166	504	513	+	8.54082	0.000287	1	TAACCTGTTG
taipale__TFCP2_full_NAACCGGTTN		peak_588	300	309	-	8.7551	0.000287	1	AAACCGGTGG
taipale__GRHL1_DBD_AACCGGWNNNWCCGGTT_repr		peak_166	200	216	+	7	0.000288	1	CGCTTGTTTGTCCAGTC
taipale__GRHL1_full_NAAACCGGTTTN		peak_55	254	265	+	7.60204	0.000288	0.801	CTAACCCGTTAA
homer__NAAACCGGTTCAAACCGGTT_Tcfcp2l1		peak_330	90	109	-	7.41837	0.000288	1	TTACCCAGTCGACGCCAGTG
taipale_cyt_meth__GRHL1_NAACCGGTTN_eDBD		peak_146	84	93	+	9.02041	0.000289	0.961	CAGCCGGTTT
taipale__TFCP2_full_NAACCGGTTN		peak_191	105	114	+	8.7449	0.000289	1	CAACTAGTTC
taipale__TFCP2_full_NAACCGGTTN		peak_547	237	246	+	8.7449	0.000289	1	CAACTAGTTC
cisbp__M5928		peak_191	105	114	-	8.80612	0.000289	1	GAACTAGTTG
cisbp__M5928		peak_547	237	246	-	8.80612	0.000289	1	GAACTAGTTG
taipale__GRHL1_DBD_AACCGGWNNNWCCGGTT_repr		peak_107	256	272	+	6.97959	0.00029	1	AACCAGTTAAAACTGTC
taipale__TFCP2_full_NAACCGGTTN		peak_256	38	47	+	8.73469	0.00029	1	AAACCCGTTT
taipale__TFCP2_full_NAACCGGTTN		peak_164	65	74	+	8.73469	0.00029	1	AAACCCGTTT
taipale__TFCP2_full_NAACCGGTTN		peak_382	809	818	+	8.73469	0.00029	1	AAACCCGTTT
taipale__TFCP2_full_NCCGGNNNNNNCCGGN_repr		peak_444	94	109	-	7.47959	0.00029	1	TCCTGCAAAAACCGCT
taipale_cyt_meth__GRHL1_NAACCGGTTN_eDBD		peak_200	197	206	+	9.0102	0.000291	0.961	AAACAAGTTC
taipale_cyt_meth__GRHL1_NAACCGGTTN_eDBD		peak_178	255	264	+	9.0102	0.000291	0.961	AAACAAGTTC
taipale_cyt_meth__GRHL1_NAACCGGTTN_eDBD		peak_125	328	337	-	9.0102	0.000291	0.961	AAACAAGTTC
taipale__GRHL1_DBD_NAACCGGTTN_repr		peak_457	157	166	-	8.5102	0.000291	1	TAACTGGTTA
taipale__GRHL1_DBD_NAACCGGTTN_repr		peak_107	255	264	-	8.5102	0.000291	1	TAACTGGTTA
taipale__GRHL1_DBD_AACCGGWNNNWCCGGTT_repr		peak_328	65	81	+	6.96939	0.000291	1	CACCTGTTTTCCGAGTC
taipale__TFCP2_full_NAACCGGTTN		peak_257	124	133	-	8.72449	0.000292	1	GCACCGGTTT
taipale__GRHL1_DBD_AACCGGWNNNWCCGGTT_repr		peak_560	231	247	+	6.95918	0.000293	1	GTGCTGATTACCTGGTT
cisbp__M5928		peak_490	8	17	-	8.76531	0.000293	1	ATTCCGGTTG
taipale__TFCP2_full_NAACCGGTTN		peak_406	169	178	-	8.71429	0.000294	1	GAACCAGCTT
taipale_cyt_meth__GRHL1_NAACCGGTTN_eDBD_meth_repr		peak_55	255	264	-	9.34694	0.000295	0.848	TAACGGGTTA
taipale__GRHL1_DBD_NAACCGGTTN_repr		peak_406	254	263	-	8.5	0.000295	1	AAACCTGTAT
cisbp__M5928		peak_588	300	309	+	8.7449	0.000295	1	CCACCGGTTT
taipale__TFCP2_full_NCCGGNNNNNNCCGGN_repr		peak_468	360	375	-	7.43878	0.000296	1	ACTGGCAACCACCGGC
taipale__GRHL1_DBD_NAACCGGTTN_repr		peak_235	90	99	-	8.46939	0.000296	1	CAACCTGTTG
cisbp__M5928		peak_583	364	373	+	8.73469	0.000297	1	GAACCGGTGC
taipale__TFCP2_full_NCCGGNNNNNNCCGGN_repr		peak_170	283	298	+	7.42857	0.000297	1	TCAGGATTAAACTATT
taipale__GRHL1_full_NAAACCGGTTTN		peak_98	111	122	+	7.52041	0.000297	0.819	AAAACCAGCTTT
taipale__GRHL1_DBD_AACCGGWNNNWCCGGTT_repr		peak_569	93	109	-	6.91837	0.000298	1	AGCAAGATCAACATGTT
taipale_cyt_meth__TFCP2_AWCCGGWTNNAWCCGGWT_eDBD		peak_280	340	357	+	8.16162	0.000298	1	ATCTAGTTTCTTGTGGCT
homer__NAAACCGGTTCAAACCGGTT_Tcfcp2l1		peak_438	7	26	+	7.33673	0.000298	1	GCATCCAGTGGGTACTAGTG
taipale__GRHL1_full_NAAACCGGTTTN		peak_510	418	429	+	7.5102	0.000299	0.819	AAAACCGCTTAA
taipale__TFCP2_full_NAACCGGTTN		peak_510	419	428	+	8.68367	0.000299	1	AAACCGCTTA
cisbp__M5928		peak_281	206	215	-	8.72449	0.000299	1	TGACCGGTTA
homer__NAAACCGGTTCAAACCGGTT_Tcfcp2l1		peak_195	358	377	-	7.32653	0.000299	1	CACACTGGTTACGTGTGGTT
taipale_cyt_meth__GRHL1_NAACCGGTTN_eDBD		peak_359	111	120	+	8.9898	0.000299	0.961	CTACCGGTTG
taipale_cyt_meth__GRHL1_NAACCGGTTN_eDBD		peak_359	111	120	-	8.9898	0.000299	0.961	CAACCGGTAG
taipale_cyt_meth__GRHL1_NAACCGGTTN_eDBD		peak_211	504	513	-	8.9898	0.000299	0.961	GAACAAGTTT
taipale_cyt_meth__GRHL1_NAACCGGTTN_eDBD		peak_80	697	706	-	8.9898	0.000299	0.961	GAACAAGTTT
taipale_cyt_meth__TFCP2_AWCCGGWTNNAWCCGGWT_eDBD		peak_73	252	269	+	8.15152	0.000299	1	AGCTGGCTCACTCTGCTC
taipale_cyt_meth__GRHL1_NAACCGGTTN_eDBD_meth_repr		peak_333	206	215	-	9.32653	0.000299	0.848	AAACGAGTTT
taipale__GRHL1_DBD_NAACCGGTTN_repr		peak_337	229	238	+	8.44898	0.000301	1	TAACAGGTCC
taipale__GRHL1_DBD_NAACCGGTTN_repr		peak_92	268	277	-	8.44898	0.000301	1	ATACCTGTTC
taipale__TFCP2_full_NCCGGNNNNNNCCGGN_repr		peak_487	325	340	-	7.39796	0.000301	1	GCCGGTGTCGGCCGGC
taipale__TFCP2_full_NCCGGNNNNNNCCGGN_repr		peak_46	501	516	-	7.39796	0.000301	1	AGTAGTTTAAAGCTGT
taipale_cyt_meth__TFCP2_AWCCGGWTNNAWCCGGWT_eDBD		peak_490	258	275	+	8.13131	0.000302	1	TGCCAGTTGGAGCTGCTG
taipale_cyt_meth__TFCP2_AWCCGGWTNNAWCCGGWT_eDBD		peak_509	299	316	+	8.13131	0.000302	1	GTCAAGTTCAATGCTGTT
taipale_cyt_meth__GRHL1_NAACCGGTTN_eDBD_meth_repr		peak_337	229	238	-	9.31633	0.000302	0.848	GGACCTGTTA
taipale__GRHL1_full_NAAACCGGTTTN		peak_425	300	311	+	7.47959	0.000303	0.819	CAAACACGTTAT
homer__NAAACCGGTTCAAACCGGTT_Tcfcp2l1		peak_589	241	260	-	7.29592	0.000303	1	TTAGCCGCTTTGTTCTGGCC
cisbp__M5928		peak_304	2	11	-	8.68367	0.000303	1	TAACCGGCTT
taipale__TFCP2_full_NAACCGGTTN		peak_583	364	373	-	8.64286	0.000304	1	GCACCGGTTC
taipale_cyt_meth__TFCP2_AWCCGGWTNNAWCCGGWT_eDBD		peak_32	260	277	-	8.12121	0.000304	1	TACCTCTTCTTGCCAGTC
taipale_cyt_meth__GRHL1_NAACCGGTTN_eDBD		peak_92	268	277	+	8.96939	0.000304	0.961	GAACAGGTAT
taipale__GRHL1_full_NAAACCGGTTTN		peak_30	4	15	-	7.46939	0.000304	0.819	TAAACACGTTTC
taipale__GRHL1_DBD_AACCGGWNNNWCCGGTT_repr		peak_493	222	238	-	6.86735	0.000304	1	AACACGTTTGCCAGGTA
taipale__TFCP2_full_NCCGGNNNNNNCCGGN_repr		peak_153	426	441	+	7.37755	0.000304	1	ACTTGAATGAGCGGGT
taipale_cyt_meth__GRHL1_NAACCGGTTN_eDBD		peak_486	808	817	+	8.93878	0.000305	0.961	AGACCCGTTT
homer__NAAACCGGTTCAAACCGGTT_Tcfcp2l1		peak_360	65	84	-	7.27551	0.000305	1	GATTCCAGTCTGCGGCAGTT
homer__NAAACCGGTTCAAACCGGTT_Tcfcp2l1		peak_202	70	89	-	7.27551	0.000305	1	TAGACATGCTGTGACAAGTC
homer__NAAACCGGTTCAAACCGGTT_Tcfcp2l1		peak_194	385	404	+	7.27551	0.000305	1	GTTGCTGGTTCTCTCTAGAC
cisbp__M5928		peak_229	115	124	+	8.64286	0.000305	1	TTACCGGATT
taipale__TFCP2_full_NCCGGNNNNNNCCGGN_repr		peak_414	273	288	+	7.36735	0.000306	1	GCTGGTACCAGTTGGT
taipale__GRHL1_full_NAAACCGGTTTN		peak_98	111	122	-	7.45918	0.000306	0.819	AAAGCTGGTTTT
taipale__GRHL1_full_NAAACCGGTTTN		peak_96	119	130	-	7.45918	0.000306	0.819	AAAACGTGTTAA
taipale_cyt_meth__GRHL1_NAACCGGTTN_eDBD_meth_repr		peak_55	255	264	+	9.28571	0.000306	0.848	TAACCCGTTA
taipale__GRHL1_DBD_AACCGGWNNNWCCGGTT_repr		peak_333	526	542	-	6.84694	0.000307	1	ATCCAGTGTGACCAGGT
taipale_cyt_meth__TFCP2_AWCCGGWTNNAWCCGGWT_eDBD		peak_528	279	296	-	8.10101	0.000307	1	CAGTGGTACAAAGTAGTT
cisbp__M5928		peak_416	12	21	-	8.62245	0.000307	1	TCTCCGGTTT
taipale__GRHL1_DBD_NAACCGGTTN_repr		peak_415	62	71	+	8.41837	0.000307	1	AAACAGGTAT
taipale_cyt_meth__GRHL1_NAACCGGTTN_eDBD_meth_repr		peak_518	287	296	-	9.2449	0.000308	0.848	AAGCCGGTTT
taipale_cyt_meth__GRHL1_NAACCGGTTN_eDBD_meth_repr		peak_32	351	360	-	9.2449	0.000308	0.848	AAGCCGGTTT
taipale__TFCP2_full_NAACCGGTTN		peak_477	292	301	+	8.60204	0.000309	1	GAACTGGCTT
taipale_cyt_meth__GRHL1_NAACCGGTTN_eDBD_meth_repr		peak_476	106	115	-	9.23469	0.000309	0.848	GAACGGGTCT
taipale__GRHL1_DBD_AACCGGWNNNWCCGGTT_repr		peak_544	12	28	-	6.82653	0.000309	1	TGCCGGAGAATCAGGTA
taipale_cyt_meth__GRHL1_NAACCGGTTN_eDBD		peak_273	53	62	+	8.90816	0.00031	0.961	AAGCCGGTTG
taipale_cyt_meth__GRHL1_NAACCGGTTN_eDBD		peak_265	433	442	-	8.90816	0.00031	0.961	AAGCCGGTTG
taipale_cyt_meth__GRHL1_NAACCGGTTN_eDBD		peak_290	491	500	-	8.90816	0.00031	0.961	AAGCCGGTTG
taipale_cyt_meth__GRHL1_NAACCGGTTN_eDBD		peak_88	693	702	-	8.90816	0.00031	0.961	AAGCCGGTTG
taipale__GRHL1_full_NAAACCGGTTTN		peak_415	311	322	+	7.42857	0.00031	0.819	TTAACAGGTATT
taipale_cyt_meth__TFCP2_AWCCGGWTNNAWCCGGWT_eDBD		peak_459	537	554	+	8.08081	0.00031	1	AGCCCGTCGTCACCAGAT
taipale__GRHL1_DBD_AACCGGWNNNWCCGGTT_repr		peak_573	81	97	+	6.81633	0.000311	1	GACCTGCCAAACAGCTG
taipale__TFCP2_full_NAACCGGTTN		peak_490	8	17	+	8.58163	0.000311	1	CAACCGGAAT
taipale__TFCP2_full_NCCGGNNNNNNCCGGN_repr		peak_518	279	294	-	7.32653	0.000311	1	GCCGGTTTTAACAATA
homer__NAAACCGGTTCAAACCGGTT_Tcfcp2l1		peak_348	267	286	+	7.22449	0.000311	1	TCAACAGGAACAACCCAGAC
taipale__GRHL1_DBD_NAACCGGTTN_repr		peak_273	53	62	+	8.39796	0.000312	1	AAGCCGGTTG
taipale__GRHL1_DBD_NAACCGGTTN_repr		peak_370	81	90	-	8.39796	0.000312	1	AAACCCGATT
taipale__GRHL1_DBD_NAACCGGTTN_repr		peak_265	433	442	-	8.39796	0.000312	1	AAGCCGGTTG
taipale__GRHL1_DBD_NAACCGGTTN_repr		peak_290	491	500	-	8.39796	0.000312	1	AAGCCGGTTG
taipale__GRHL1_DBD_NAACCGGTTN_repr		peak_88	693	702	-	8.39796	0.000312	1	AAGCCGGTTG
taipale__TFCP2_full_NCCGGNNNNNNCCGGN_repr		peak_427	78	93	-	7.31633	0.000313	1	TGCAGAAACAACTGGT
taipale__TFCP2_full_NCCGGNNNNNNCCGGN_repr		peak_614	193	208	+	7.31633	0.000313	1	GCCAGTTTGAATTTGA
cisbp__M5928		peak_112	118	127	+	8.58163	0.000313	1	TTACCAGTTT
cisbp__M5928		peak_406	169	178	+	8.58163	0.000313	1	AAGCTGGTTC
taipale__GRHL1_DBD_NAACCGGTTN_repr		peak_235	90	99	+	8.38776	0.000313	1	CAACAGGTTG
taipale_cyt_meth__TFCP2_AWCCGGWTNNAWCCGGWT_eDBD		peak_360	65	82	-	8.06061	0.000313	1	TTCCAGTCTGCGGCAGTT
taipale_cyt_meth__TFCP2_AWCCGGWTNNAWCCGGWT_eDBD		peak_482	369	386	-	8.06061	0.000313	1	TACTGGTGCTCACCTGTG
taipale_cyt_meth__GRHL1_NAACCGGTTN_eDBD		peak_92	268	277	-	8.86735	0.000314	0.966	ATACCTGTTC
taipale_cyt_meth__GRHL1_NAACCGGTTN_eDBD_meth_repr		peak_333	206	215	+	9.21429	0.000314	0.848	AAACTCGTTT
taipale_cyt_meth__GRHL1_NAACCGGTTN_eDBD_meth_repr		peak_518	287	296	+	9.21429	0.000314	0.848	AAACCGGCTT
taipale_cyt_meth__GRHL1_NAACCGGTTN_eDBD_meth_repr		peak_32	351	360	+	9.21429	0.000314	0.848	AAACCGGCTT
taipale__GRHL1_full_NAAACCGGTTTN		peak_168	377	388	-	7.40816	0.000314	0.819	AAAACCAGCTTG
taipale__GRHL1_full_NAAACCGGTTTN		peak_280	490	501	+	7.40816	0.000314	0.819	GAAACCGCTTTT
homer__NAAACCGGTTCAAACCGGTT_Tcfcp2l1		peak_9	211	230	-	7.20408	0.000314	1	TCGACCAGTTGATACCTCTT
taipale__GRHL1_DBD_AACCGGWNNNWCCGGTT_repr		peak_504	65	81	+	6.78571	0.000315	1	AACATGTTAGCCATGTT
taipale__GRHL1_DBD_AACCGGWNNNWCCGGTT_repr		peak_153	604	620	-	6.78571	0.000315	1	AACACGATTTACTTGAT
taipale_cyt_meth__TFCP2_AWCCGGWTNNAWCCGGWT_eDBD		peak_194	387	404	+	8.05051	0.000315	1	TGCTGGTTCTCTCTAGAC
taipale__GRHL1_full_NAAACCGGTTTN		peak_473	436	447	+	7.38776	0.000316	0.819	ATAACTAGTTCG
taipale__GRHL1_DBD_AACCGGWNNNWCCGGTT_repr		peak_121	361	377	-	6.77551	0.000316	1	GACCAGTGTTGCCAGGT
homer__NAAACCGGTTCAAACCGGTT_Tcfcp2l1		peak_184	378	397	+	7.18367	0.000317	1	GGAACTAGTTCGAAAAAGTT
taipale_cyt_meth__TFCP2_AWCCGGWTNNAWCCGGWT_eDBD		peak_260	74	91	+	8.0404	0.000317	1	TAGAAGTAGAAACCGGAA
taipale_cyt_meth__TFCP2_AWCCGGWTNNAWCCGGWT_eDBD		peak_509	299	316	-	8.0404	0.000317	1	AACAGCATTGAACTTGAC
taipale_cyt_meth__TFCP2_AWCCGGWTNNAWCCGGWT_eDBD		peak_251	395	412	-	8.0404	0.000317	1	CGGCAGCTCAGACTAGTT
taipale_cyt_meth__GRHL1_NAACCGGTTN_eDBD_meth_repr		peak_384	4	13	+	9.19388	0.000317	0.848	AAACGGGTCC
taipale_cyt_meth__GRHL1_NAACCGGTTN_eDBD_meth_repr		peak_474	41	50	+	9.19388	0.000317	0.848	AAACGGGTCC
taipale_cyt_meth__GRHL1_NAACCGGTTN_eDBD_meth_repr		peak_446	365	374	+	9.19388	0.000317	0.848	AAACCGGATA
taipale__GRHL1_DBD_AACCGGWNNNWCCGGTT_repr		peak_447	237	253	-	6.76531	0.000317	1	ATGCAGTCAACCCAGTT
cisbp__M5928		peak_280	339	348	-	8.54082	0.000318	1	AAACTAGATT
taipale_cyt_meth__GRHL1_NAACCGGTTN_eDBD		peak_281	48	57	+	8.83673	0.000318	0.975	GAACCGGATG
taipale__TFCP2_full_NCCGGNNNNNNCCGGN_repr		peak_223	260	275	-	7.27551	0.000319	1	GCTGGAATCAACTGTA
taipale__TFCP2_full_NCCGGNNNNNNCCGGN_repr		peak_434	284	299	-	7.27551	0.000319	1	TCTGGTTCTAACAGCG
taipale__GRHL1_DBD_NAACCGGTTN_repr		peak_476	106	115	+	8.36735	0.000319	1	AGACCCGTTC
taipale__GRHL1_full_NAAACCGGTTTN		peak_126	78	89	-	7.36735	0.000319	0.819	CCAACCTGTTCA
taipale__GRHL1_full_NAAACCGGTTTN		peak_55	254	265	-	7.36735	0.000319	0.819	TTAACGGGTTAG
cisbp__M5928		peak_473	437	446	+	8.53061	0.00032	1	TAACTAGTTC
taipale_cyt_meth__GRHL1_NAACCGGTTN_eDBD_meth_repr		peak_384	4	13	-	9.17347	0.00032	0.848	GGACCCGTTT
taipale_cyt_meth__GRHL1_NAACCGGTTN_eDBD_meth_repr		peak_474	41	50	-	9.17347	0.00032	0.848	GGACCCGTTT
taipale_cyt_meth__GRHL1_NAACCGGTTN_eDBD_meth_repr		peak_561	495	504	+	9.17347	0.00032	0.848	CGACCGGTCT
taipale__TFCP2_full_NAACCGGTTN		peak_478	5	14	+	8.52041	0.000321	1	GAACTGGCTC
taipale__TFCP2_full_NAACCGGTTN		peak_280	339	348	+	8.52041	0.000321	1	AATCTAGTTT
taipale__GRHL1_DBD_AACCGGWNNNWCCGGTT_repr		peak_229	116	132	+	6.73469	0.000322	1	TACCGGATTTCTCGGTT
taipale__GRHL1_DBD_NAACCGGTTN_repr		peak_359	111	120	+	8.33673	0.000322	1	CTACCGGTTG
taipale__TFCP2_full_NAACCGGTTN		peak_473	437	446	-	8.5102	0.000322	1	GAACTAGTTA
taipale_cyt_meth__GRHL1_NAACCGGTTN_eDBD_meth_repr		peak_154	180	189	+	9.16327	0.000323	0.848	AAACTGGTCA
taipale_cyt_meth__GRHL1_NAACCGGTTN_eDBD_meth_repr		peak_561	495	504	-	9.16327	0.000323	0.848	AGACCGGTCG
homer__NAAACCGGTTCAAACCGGTT_Tcfcp2l1		peak_427	77	96	-	7.13265	0.000323	1	CGGTGCAGAAACAACTGGTC
homer__NAAACCGGTTCAAACCGGTT_Tcfcp2l1		peak_139	248	267	-	7.13265	0.000323	1	AAAACCGGACTGTAGTAGCA
taipale_cyt_meth__GRHL1_NAACCGGTTN_eDBD		peak_254	112	121	+	8.80612	0.000324	0.98	GAACCAGTAT
taipale_cyt_meth__GRHL1_NAACCGGTTN_eDBD_meth_repr		peak_257	124	133	+	9.14286	0.000325	0.848	AAACCGGTGC
taipale_cyt_meth__TFCP2_AWCCGGWTNNAWCCGGWT_eDBD		peak_490	258	275	-	7.9899	0.000325	1	CAGCAGCTCCAACTGGCA
taipale__TFCP2_full_NAACCGGTTN		peak_229	115	124	-	8.4898	0.000325	1	AATCCGGTAA
taipale__GRHL1_DBD_NAACCGGTTN_repr		peak_55	255	264	+	8.29592	0.000325	1	TAACCCGTTA
cisbp__M5928		peak_477	292	301	-	8.47959	0.000325	1	AAGCCAGTTC
taipale__GRHL1_full_NAAACCGGTTTN		peak_558	149	160	+	7.31633	0.000325	0.819	CCAACAAGTTTT
taipale__GRHL1_full_NAAACCGGTTTN		peak_178	254	265	-	7.31633	0.000325	0.819	TGAACTTGTTTT
taipale__TFCP2_full_NCCGGNNNNNNCCGGN_repr		peak_229	117	132	+	7.22449	0.000326	1	ACCGGATTTCTCGGTT
taipale__TFCP2_full_NCCGGNNNNNNCCGGN_repr		peak_266	309	324	+	7.22449	0.000326	1	TCAAGTTCAAGCTAGT
taipale_cyt_meth__TFCP2_AWCCGGWTNNAWCCGGWT_eDBD		peak_554	1118	1135	+	7.9798	0.000326	1	TTCTGGGCCGCACCGGCT
taipale__TFCP2_full_NAACCGGTTN		peak_416	12	21	+	8.47959	0.000326	1	AAACCGGAGA
taipale_cyt_meth__GRHL1_NAACCGGTTN_eDBD_meth_repr		peak_476	106	115	+	9.13265	0.000327	0.848	AGACCCGTTC
taipale__GRHL1_DBD_AACCGGWNNNWCCGGTT_repr		peak_343	355	371	+	6.69388	0.000327	1	TGCCAGACAAACTGGCT
taipale__GRHL1_DBD_AACCGGWNNNWCCGGTT_repr		peak_185	355	371	+	6.69388	0.000327	1	CACCGGCTTTTCTTGTG
taipale__TFCP2_full_NAACCGGTTN		peak_417	110	119	-	8.46939	0.000327	1	AAACCGCATT
taipale__TFCP2_full_NCCGGNNNNNNCCGGN_repr		peak_282	161	176	+	7.21429	0.000328	1	AGCGGAAACAACCGAA
homer__NAAACCGGTTCAAACCGGTT_Tcfcp2l1		peak_438	9	28	-	7.09184	0.000328	1	ACCACTAGTACCCACTGGAT
homer__NAAACCGGTTCAAACCGGTT_Tcfcp2l1		peak_340	317	336	+	7.09184	0.000328	1	GCCGCCAGAAAGATCTGGCA
taipale__GRHL1_DBD_AACCGGWNNNWCCGGTT_repr		peak_447	237	253	+	6.68367	0.000329	1	AACTGGGTTGACTGCAT
taipale_cyt_meth__TFCP2_AWCCGGWTNNAWCCGGWT_eDBD		peak_405	189	206	+	7.9596	0.00033	1	GACAAGTTACTTCCAGAA
taipale__GRHL1_DBD_AACCGGWNNNWCCGGTT_repr		peak_203	62	78	+	6.67347	0.00033	1	AAGGGGTATGCCCCGTT
taipale_cyt_meth__GRHL1_NAACCGGTTN_eDBD_meth_repr		peak_467	150	159	+	9.05102	0.00033	0.848	TAACAAGTTC
taipale_cyt_meth__GRHL1_NAACCGGTTN_eDBD_meth_repr		peak_578	395	404	-	9.05102	0.00033	0.848	GAACATGTTG
homer__NAAACCGGTTCAAACCGGTT_Tcfcp2l1		peak_279	84	103	+	7.07143	0.000331	1	TGTGCTAGAAAGAGCCAGAA
taipale_cyt_meth__GRHL1_NAACCGGTTN_eDBD		peak_583	364	373	-	8.7449	0.000331	0.98	GCACCGGTTC
taipale__GRHL1_full_NAAACCGGTTTN		peak_304	87	98	-	7.27551	0.000331	0.819	TCAACCTGTTCT
taipale_cyt_meth__TFCP2_AWCCGGWTNNAWCCGGWT_eDBD		peak_348	269	286	-	7.93939	0.000333	1	GTCTGGGTTGTTCCTGTT
taipale_cyt_meth__GRHL1_NAACCGGTTN_eDBD		peak_339	234	243	-	8.73469	0.000334	0.98	TGACTGGTTC
taipale_cyt_meth__GRHL1_NAACCGGTTN_eDBD		peak_422	372	381	+	8.73469	0.000334	0.98	TGACTGGTTC
taipale__GRHL1_DBD_NAACCGGTTN_repr		peak_154	180	189	+	8.2449	0.000334	1	AAACTGGTCA
taipale__TFCP2_full_NAACCGGTTN		peak_112	118	127	-	8.42857	0.000334	1	AAACTGGTAA
taipale__TFCP2_full_NAACCGGTTN		peak_289	294	303	-	8.42857	0.000334	1	GAACCGGCTG
taipale_cyt_meth__GRHL1_NAACCGGTTN_eDBD_meth_repr		peak_578	395	404	+	9.02041	0.000334	0.848	CAACATGTTC
taipale__GRHL1_full_NAAACCGGTTTN		peak_456	7	18	-	7.2551	0.000334	0.819	AGAACAAGTTGG
taipale__GRHL1_DBD_AACCGGWNNNWCCGGTT_repr		peak_349	38	54	+	6.64286	0.000334	1	CACTTGACCACCCTGTT
taipale_cyt_meth__GRHL1_NAACCGGTTN_eDBD		peak_146	46	55	-	8.72449	0.000334	0.98	TAACTGGTCC
homer__NAAACCGGTTCAAACCGGTT_Tcfcp2l1		peak_280	340	359	-	7.04082	0.000335	1	TAAGCCACAAGAAACTAGAT
taipale__GRHL1_full_NAAACCGGTTTN		peak_290	404	415	-	7.2449	0.000335	0.819	AAAACACGTTGG
taipale__GRHL1_full_NAAACCGGTTTN		peak_556	506	517	+	7.2449	0.000335	0.819	GAAACGTGTTTG
cisbp__M5928		peak_151	200	209	+	8.40816	0.000335	1	AAACCTGTTC
cisbp__M5928		peak_442	196	205	-	8.40816	0.000335	1	TTTCCGGTTC
cisbp__M5928		peak_478	5	14	-	8.39796	0.000336	1	GAGCCAGTTC
taipale__GRHL1_DBD_NAACCGGTTN_repr		peak_583	364	373	+	8.22449	0.000336	1	GAACCGGTGC
taipale_cyt_meth__TFCP2_AWCCGGWTNNAWCCGGWT_eDBD		peak_528	279	296	+	7.91919	0.000336	1	AACTACTTTGTACCACTG
cisbp__M5928		peak_462	148	157	+	8.38776	0.000337	1	TATCCAGTTG
taipale_cyt_meth__GRHL1_NAACCGGTTN_eDBD		peak_273	53	62	-	8.69388	0.000338	0.98	CAACCGGCTT
taipale_cyt_meth__GRHL1_NAACCGGTTN_eDBD		peak_265	433	442	+	8.69388	0.000338	0.98	CAACCGGCTT
taipale_cyt_meth__GRHL1_NAACCGGTTN_eDBD		peak_290	491	500	+	8.69388	0.000338	0.98	CAACCGGCTT
taipale_cyt_meth__GRHL1_NAACCGGTTN_eDBD		peak_88	693	702	+	8.69388	0.000338	0.98	CAACCGGCTT
taipale__GRHL1_full_NAAACCGGTTTN		peak_46	180	191	+	7.22449	0.000338	0.819	CAAACCGGCTCA
taipale__GRHL1_full_NAAACCGGTTTN		peak_139	256	267	+	7.22449	0.000338	0.819	CAGTCCGGTTTT
taipale_cyt_meth__TFCP2_AWCCGGWTNNAWCCGGWT_eDBD		peak_423	24	41	+	7.90909	0.000338	1	ATCCGCTTTTCGCTGCAT
taipale_cyt_meth__TFCP2_AWCCGGWTNNAWCCGGWT_eDBD		peak_468	359	376	+	7.90909	0.000338	1	CGCCGGTGGTTGCCAGTC
taipale__GRHL1_DBD_NAACCGGTTN_repr		peak_434	292	301	+	8.20408	0.000338	1	GAACCAGATT
taipale__GRHL1_DBD_AACCGGWNNNWCCGGTT_repr		peak_385	283	299	+	6.61224	0.000338	1	AACCCGCAAAACGACTT
taipale__TFCP2_full_NCCGGNNNNNNCCGGN_repr		peak_444	94	109	+	7.14286	0.000338	1	AGCGGTTTTTGCAGGA
taipale_cyt_meth__GRHL1_NAACCGGTTN_eDBD_meth_repr		peak_583	364	373	-	9.0102	0.000339	0.848	GCACCGGTTC
taipale__GRHL1_full_NAAACCGGTTTN		peak_112	117	128	-	7.21429	0.000339	0.819	TAAACTGGTAAA
taipale__GRHL1_full_NAAACCGGTTTN		peak_251	393	404	+	7.21429	0.000339	0.819	CAAACTAGTCTG
taipale_cyt_meth__GRHL1_NAACCGGTTN_eDBD		peak_588	300	309	-	8.68367	0.00034	0.981	AAACCGGTGG
homer__NAAACCGGTTCAAACCGGTT_Tcfcp2l1		peak_456	222	241	-	7	0.00034	1	GGGACTAGTGTTGGCCACTC
homer__NAAACCGGTTCAAACCGGTT_Tcfcp2l1		peak_589	279	298	-	7	0.00034	1	CCAACCACTTCGAGCCTCTC
taipale__TFCP2_full_NAACCGGTTN		peak_600	181	190	+	8.35714	0.000341	1	GATCCAGATT
taipale__GRHL1_full_NAAACCGGTTTN		peak_168	168	179	+	7.20408	0.000341	0.819	AACACCAGTTTG
taipale_cyt_meth__GRHL1_NAACCGGTTN_eDBD_meth_repr		peak_269	189	198	-	9	0.000341	0.848	TTACAGGTTT
taipale__TFCP2_full_NCCGGNNNNNNCCGGN_repr		peak_462	150	165	-	7.12245	0.000342	1	ACCAATTTCAACTGGA
taipale__TFCP2_full_NAACCGGTTN		peak_198	110	119	-	8.34694	0.000342	1	AATCCAGTTG
taipale__GRHL1_DBD_NAACCGGTTN_repr		peak_154	180	189	-	8.19388	0.000342	1	TGACCAGTTT
taipale__GRHL1_full_NAAACCGGTTTN		peak_330	25	36	+	7.19388	0.000343	0.819	AAAACCGATTCT
taipale__TFCP2_full_NAACCGGTTN		peak_366	346	355	-	8.33673	0.000343	1	GAACCTGTTC
taipale_cyt_meth__GRHL1_NAACCGGTTN_eDBD		peak_337	229	238	+	8.67347	0.000343	0.983	TAACAGGTCC
cisbp__M5928		peak_600	181	190	-	8.36735	0.000343	1	AATCTGGATC
homer__NAAACCGGTTCAAACCGGTT_Tcfcp2l1		peak_456	220	239	+	6.97959	0.000343	1	TAGAGTGGCCAACACTAGTC
taipale__GRHL1_full_NAAACCGGTTTN		peak_552	296	307	-	7.18367	0.000344	0.819	AAAACCAGCTTA
taipale_cyt_meth__TFCP2_AWCCGGWTNNAWCCGGWT_eDBD		peak_296	119	136	+	7.86869	0.000345	1	TACTCGTATTATCTGGTG
taipale__GRHL1_full_NAAACCGGTTTN		peak_559	178	189	-	7.17347	0.000345	0.819	AAAACGAGTTGT
taipale__GRHL1_full_NAAACCGGTTTN		peak_282	238	249	-	7.17347	0.000345	0.819	AAAACAGGGTTT
taipale_cyt_meth__GRHL1_NAACCGGTTN_eDBD_meth_repr		peak_415	312	321	+	8.97959	0.000346	0.848	TAACAGGTAT
homer__NAAACCGGTTCAAACCGGTT_Tcfcp2l1		peak_107	244	263	+	6.95918	0.000346	1	ATAGCTGCAGTTAACCAGTT
taipale__TFCP2_full_NAACCGGTTN		peak_445	183	192	+	8.31633	0.000347	1	AAACTGGCTA
homer__NAAACCGGTTCAAACCGGTT_Tcfcp2l1		peak_18	57	76	-	6.94898	0.000347	1	TAATCCGCCGTAAACCAGAA
taipale__TFCP2_full_NCCGGNNNNNNCCGGN_repr		peak_359	103	118	-	7.08163	0.000348	1	ACCGGTAGATGGCGAA
taipale_cyt_meth__GRHL1_NAACCGGTTN_eDBD_meth_repr		peak_184	379	388	+	8.96939	0.000348	0.848	GAACTAGTTC
taipale_cyt_meth__GRHL1_NAACCGGTTN_eDBD_meth_repr		peak_184	379	388	-	8.96939	0.000348	0.848	GAACTAGTTC
cisbp__M5928		peak_366	346	355	+	8.34694	0.000348	1	GAACAGGTTC
taipale_cyt_meth__TFCP2_AWCCGGWTNNAWCCGGWT_eDBD		peak_260	74	91	-	7.84848	0.000348	1	TTCCGGTTTCTACTTCTA
taipale__GRHL1_full_NAAACCGGTTTN		peak_46	180	191	-	7.15306	0.000348	0.819	TGAGCCGGTTTG
taipale__GRHL1_DBD_AACCGGWNNNWCCGGTT_repr		peak_304	3	19	+	6.54082	0.000349	1	AGCCGGTTAGCCGGCTT
taipale__GRHL1_DBD_AACCGGWNNNWCCGGTT_repr		peak_121	361	377	+	6.54082	0.000349	1	ACCTGGCAACACTGGTC
taipale_cyt_meth__GRHL1_NAACCGGTTN_eDBD_meth_repr		peak_516	58	67	-	8.95918	0.000349	0.848	CAACAAGTTT
taipale_cyt_meth__GRHL1_NAACCGGTTN_eDBD_meth_repr		peak_286	130	139	+	8.95918	0.000349	0.848	CAACAAGTTT
taipale_cyt_meth__GRHL1_NAACCGGTTN_eDBD_meth_repr		peak_558	150	159	+	8.95918	0.000349	0.848	CAACAAGTTT
taipale_cyt_meth__GRHL1_NAACCGGTTN_eDBD_meth_repr		peak_504	453	462	+	8.95918	0.000349	0.848	CAACAAGTTT
taipale__GRHL1_full_NAAACCGGTTTN		peak_237	25	36	-	7.14286	0.00035	0.819	AAAACTGGATGT
taipale__GRHL1_DBD_AACCGGWNNNWCCGGTT_repr		peak_304	89	105	-	6.53061	0.00035	1	TGCGAGCTCAACCTGTT
homer__NAAACCGGTTCAAACCGGTT_Tcfcp2l1		peak_463	257	276	-	6.92857	0.00035	1	TCACCAAGCCTATGCTGGAT
cisbp__M5928		peak_52	35	44	-	8.33673	0.000351	1	AAAGCGGTTG
cisbp__M5928		peak_237	52	61	+	8.33673	0.000351	1	GTTCCGGATT
cisbp__M5928		peak_61	150	159	-	8.33673	0.000351	1	GTTCCGGATT
taipale__GRHL1_DBD_NAACCGGTTN_repr		peak_540	126	135	-	8.13265	0.000351	1	AAACCAGATA
cisbp__M5928		peak_366	346	355	-	8.32653	0.000352	1	GAACCTGTTC
taipale__TFCP2_full_NCCGGNNNNNNCCGGN_repr		peak_490	259	274	-	7.05102	0.000353	1	AGCAGCTCCAACTGGC
homer__NAAACCGGTTCAAACCGGTT_Tcfcp2l1		peak_468	357	376	+	6.90816	0.000353	1	ATCGCCGGTGGTTGCCAGTC
taipale_cyt_meth__TFCP2_AWCCGGWTNNAWCCGGWT_eDBD		peak_251	395	412	+	7.81818	0.000354	1	AACTAGTCTGAGCTGCCG
taipale__TFCP2_full_NCCGGNNNNNNCCGGN_repr		peak_510	127	142	-	7.04082	0.000354	1	ACTGGAAAAAATTTGC
taipale__TFCP2_full_NCCGGNNNNNNCCGGN_repr		peak_184	381	396	+	7.04082	0.000354	1	ACTAGTTCGAAAAAGT
taipale__GRHL1_full_NAAACCGGTTTN		peak_592	51	62	+	7.11224	0.000355	0.819	ATAACAAGTTGT
taipale_cyt_meth__GRHL1_NAACCGGTTN_eDBD_meth_repr		peak_254	112	121	+	8.94898	0.000355	0.848	GAACCAGTAT
taipale_cyt_meth__GRHL1_NAACCGGTTN_eDBD_meth_repr		peak_549	302	311	-	8.94898	0.000355	0.848	AAACAAGTTG
taipale_cyt_meth__GRHL1_NAACCGGTTN_eDBD_meth_repr		peak_352	349	358	+	8.94898	0.000355	0.848	AAACAAGTTG
taipale__GRHL1_DBD_NAACCGGTTN_repr		peak_149	22	31	+	8.12245	0.000355	1	AAACTTGTTT
taipale__GRHL1_DBD_NAACCGGTTN_repr		peak_359	111	120	-	8.12245	0.000355	1	CAACCGGTAG
taipale__GRHL1_DBD_NAACCGGTTN_repr		peak_394	168	177	+	8.12245	0.000355	1	AAACTTGTTT
taipale__TFCP2_full_NCCGGNNNNNNCCGGN_repr		peak_359	113	128	+	7.03061	0.000356	1	ACCGGTTGGTAGCATA
taipale__TFCP2_full_NCCGGNNNNNNCCGGN_repr		peak_234	375	390	+	7.03061	0.000356	1	TCCGGCTGAAATCTCT
taipale__GRHL1_DBD_AACCGGWNNNWCCGGTT_repr		peak_569	93	109	+	6.4898	0.000356	1	AACATGTTGATCTTGCT
taipale__GRHL1_DBD_AACCGGWNNNWCCGGTT_repr		peak_469	166	182	+	6.4898	0.000356	1	GCCGGGTGATTCCGGCT
taipale_cyt_meth__GRHL1_NAACCGGTTN_eDBD		peak_146	84	93	-	8.58163	0.000357	1	AAACCGGCTG
taipale__TFCP2_full_NAACCGGTTN		peak_462	148	157	-	8.26531	0.000357	1	CAACTGGATA
taipale__TFCP2_full_NAACCGGTTN		peak_442	196	205	+	8.26531	0.000357	1	GAACCGGAAA
homer__NAAACCGGTTCAAACCGGTT_Tcfcp2l1		peak_560	240	259	-	6.87755	0.000357	1	AGAAGAAGCGCGAACCAGGT
taipale_cyt_meth__TFCP2_AWCCGGWTNNAWCCGGWT_eDBD		peak_9	230	247	+	7.78788	0.000359	1	AACCGCTATGAACTTCAC
taipale_cyt_meth__GRHL1_NAACCGGTTN_eDBD_meth_repr		peak_549	302	311	+	8.91837	0.00036	0.848	CAACTTGTTT
taipale_cyt_meth__GRHL1_NAACCGGTTN_eDBD_meth_repr		peak_352	349	358	-	8.91837	0.00036	0.848	CAACTTGTTT
taipale__GRHL1_full_NAAACCGGTTTN		peak_413	15	26	+	7.07143	0.00036	0.819	AAAACCGTTTAA
taipale__GRHL1_full_NAAACCGGTTTN		peak_86	143	154	+	7.07143	0.00036	0.819	AAAATCGGTTAA
taipale__GRHL1_full_NAAACCGGTTTN		peak_370	324	335	-	7.07143	0.00036	0.819	TCAACTGGTTCA
taipale__GRHL1_DBD_AACCGGWNNNWCCGGTT_repr		peak_229	116	132	-	6.45918	0.000361	1	AACCGAGAAATCCGGTA
taipale__TFCP2_full_NCCGGNNNNNNCCGGN_repr		peak_604	218	233	-	6.9898	0.000363	1	ACAGGAAGAAACTGAA
taipale__TFCP2_full_NAACCGGTTN		peak_33	222	231	+	8.23469	0.000363	1	AATCTGGTTG
taipale__GRHL1_full_NAAACCGGTTTN		peak_561	494	505	-	7.05102	0.000363	0.819	CAGACCGGTCGT
homer__NAAACCGGTTCAAACCGGTT_Tcfcp2l1		peak_87	149	168	+	6.83673	0.000363	1	GAAACATGCTGAAACAGGGA
taipale_cyt_meth__GRHL1_NAACCGGTTN_eDBD_meth_repr		peak_516	58	67	+	8.90816	0.000363	0.848	AAACTTGTTG
taipale_cyt_meth__GRHL1_NAACCGGTTN_eDBD_meth_repr		peak_286	130	139	-	8.90816	0.000363	0.848	AAACTTGTTG
taipale_cyt_meth__GRHL1_NAACCGGTTN_eDBD_meth_repr		peak_558	150	159	-	8.90816	0.000363	0.848	AAACTTGTTG
taipale_cyt_meth__GRHL1_NAACCGGTTN_eDBD_meth_repr		peak_504	453	462	-	8.90816	0.000363	0.848	AAACTTGTTG
taipale__GRHL1_DBD_NAACCGGTTN_repr		peak_468	114	123	-	8.03061	0.000364	1	AAACCCGTCA
cisbp__M5928		peak_198	110	119	+	8.26531	0.000364	1	CAACTGGATT
taipale__GRHL1_DBD_AACCGGWNNNWCCGGTT_repr		peak_446	270	286	+	6.42857	0.000365	1	CGCATGGCGAACCGGTT
taipale__GRHL1_full_NAAACCGGTTTN		peak_154	179	190	-	7.03061	0.000365	0.819	TTGACCAGTTTA
taipale_cyt_meth__TFCP2_AWCCGGWTNNAWCCGGWT_eDBD		peak_286	131	148	+	7.74747	0.000366	1	AACAAGTTTTGGCTGCTG
taipale_cyt_meth__TFCP2_AWCCGGWTNNAWCCGGWT_eDBD		peak_46	182	199	-	7.74747	0.000366	1	CAGACGTTTGAGCCGGTT
taipale_cyt_meth__TFCP2_AWCCGGWTNNAWCCGGWT_eDBD		peak_405	189	206	-	7.74747	0.000366	1	TTCTGGAAGTAACTTGTC
taipale_cyt_meth__TFCP2_AWCCGGWTNNAWCCGGWT_eDBD		peak_482	369	386	+	7.74747	0.000366	1	CACAGGTGAGCACCAGTA
taipale_cyt_meth__GRHL1_NAACCGGTTN_eDBD_meth_repr		peak_488	6	15	-	8.89796	0.000366	0.848	GAACGTGTTC
taipale_cyt_meth__GRHL1_NAACCGGTTN_eDBD_meth_repr		peak_468	83	92	-	8.89796	0.000366	0.848	GAACGTGTTC
taipale_cyt_meth__GRHL1_NAACCGGTTN_eDBD_meth_repr		peak_322	250	259	-	8.89796	0.000366	0.848	GAACGTGTTC
taipale__GRHL1_DBD_AACCGGWNNNWCCGGTT_repr		peak_387	216	232	+	6.41837	0.000367	1	AACTGGTTTGTATAGTT
taipale__GRHL1_full_NAAACCGGTTTN		peak_30	4	15	+	7.02041	0.000367	0.819	GAAACGTGTTTA
taipale__GRHL1_DBD_NAACCGGTTN_repr		peak_466	361	370	+	8.0102	0.000367	1	TAACGGGTTC
taipale__GRHL1_DBD_NAACCGGTTN_repr		peak_486	808	817	-	8.0102	0.000367	1	AAACGGGTCT
taipale__TFCP2_full_NCCGGNNNNNNCCGGN_repr		peak_479	104	119	-	6.95918	0.000368	1	TCCGGAATAACCCCCT
taipale__TFCP2_full_NCCGGNNNNNNCCGGN_repr		peak_165	122	137	+	6.95918	0.000368	1	GCCGGTTGCATCGGAT
taipale_cyt_meth__TFCP2_AWCCGGWTNNAWCCGGWT_eDBD		peak_504	122	139	+	7.73737	0.000368	1	AACTGGCACAGTGTGGCA
taipale__GRHL1_DBD_AACCGGWNNNWCCGGTT_repr		peak_424	251	267	-	6.40816	0.000368	1	AACCGGTAAATCGTTTT
taipale_cyt_meth__GRHL1_NAACCGGTTN_eDBD_meth_repr		peak_254	112	121	-	8.87755	0.000369	0.848	ATACTGGTTC
taipale_cyt_meth__GRHL1_NAACCGGTTN_eDBD_meth_repr		peak_425	301	310	-	8.87755	0.000369	0.848	TAACGTGTTT
cisbp__M5928		peak_445	183	192	-	8.2551	0.000369	1	TAGCCAGTTT
taipale__GRHL1_full_NAAACCGGTTTN		peak_561	494	505	+	7.0102	0.000369	0.819	ACGACCGGTCTG
taipale__TFCP2_full_NCCGGNNNNNNCCGGN_repr		peak_29	171	186	+	6.94898	0.000369	1	AGTGGAAAGATCCGGC
taipale__TFCP2_full_NAACCGGTTN		peak_427	76	85	-	8.21429	0.00037	1	CAACTGGTCC
taipale__TFCP2_full_NAACCGGTTN		peak_323	149	158	-	8.21429	0.00037	1	AAAGCGGTTT
taipale__TFCP2_full_NAACCGGTTN		peak_361	420	429	+	8.21429	0.00037	1	AAAGCGGTTT
taipale__TFCP2_full_NAACCGGTTN		peak_280	491	500	-	8.21429	0.00037	1	AAAGCGGTTT
homer__NAAACCGGTTCAAACCGGTT_Tcfcp2l1		peak_240	316	335	+	6.78571	0.00037	1	GCCCCCGGATTGAGCAGGGT
taipale__GRHL1_full_NAAACCGGTTTN		peak_476	105	116	+	7	0.000371	0.819	AAGACCCGTTCA
taipale__GRHL1_DBD_NAACCGGTTN_repr		peak_402	158	167	-	7.9898	0.000371	1	ATACTGGTTT
taipale__GRHL1_DBD_NAACCGGTTN_repr		peak_11	235	244	+	7.9898	0.000371	1	ATACTGGTTT
elemento__AACCGGTT		peak_547	12	19	+	6.20408	0.000372	1	AACCAGTT
elemento__AACCGGTT		peak_413	17	24	+	6.20408	0.000372	1	AACCGTTT
elemento__AACCGGTT		peak_547	12	19	-	6.20408	0.000372	1	AACTGGTT
elemento__AACCGGTT		peak_413	17	24	-	6.20408	0.000372	1	AAACGGTT
elemento__AACCGGTT		peak_330	27	34	+	6.20408	0.000372	1	AACCGATT
elemento__AACCGGTT		peak_598	28	35	+	6.20408	0.000372	1	AACAGGTT
elemento__AACCGGTT		peak_330	27	34	-	6.20408	0.000372	1	AATCGGTT
elemento__AACCGGTT		peak_598	28	35	-	6.20408	0.000372	1	AACCTGTT
elemento__AACCGGTT		peak_52	36	43	+	6.20408	0.000372	1	AACCGCTT
elemento__AACCGGTT		peak_256	39	46	+	6.20408	0.000372	1	AACCCGTT
elemento__AACCGGTT		peak_52	36	43	-	6.20408	0.000372	1	AAGCGGTT
elemento__AACCGGTT		peak_256	39	46	-	6.20408	0.000372	1	AACGGGTT
elemento__AACCGGTT		peak_500	60	67	+	6.20408	0.000372	1	AACAGGTT
elemento__AACCGGTT		peak_164	66	73	+	6.20408	0.000372	1	AACCCGTT
elemento__AACCGGTT		peak_500	60	67	-	6.20408	0.000372	1	AACCTGTT
elemento__AACCGGTT		peak_164	66	73	-	6.20408	0.000372	1	AACGGGTT
elemento__AACCGGTT		peak_359	76	83	+	6.20408	0.000372	1	AAACGGTT
elemento__AACCGGTT		peak_126	80	87	+	6.20408	0.000372	1	AACAGGTT
elemento__AACCGGTT		peak_359	76	83	-	6.20408	0.000372	1	AACCGTTT
elemento__AACCGGTT		peak_126	80	87	-	6.20408	0.000372	1	AACCTGTT
elemento__AACCGGTT		peak_304	89	96	+	6.20408	0.000372	1	AACAGGTT
elemento__AACCGGTT		peak_235	91	98	+	6.20408	0.000372	1	AACAGGTT
elemento__AACCGGTT		peak_602	92	99	+	6.20408	0.000372	1	AACCGTTT
elemento__AACCGGTT		peak_232	93	100	+	6.20408	0.000372	1	AACCGCTT
elemento__AACCGGTT		peak_304	89	96	-	6.20408	0.000372	1	AACCTGTT
elemento__AACCGGTT		peak_235	91	98	-	6.20408	0.000372	1	AACCTGTT
elemento__AACCGGTT		peak_602	92	99	-	6.20408	0.000372	1	AAACGGTT
elemento__AACCGGTT		peak_232	93	100	-	6.20408	0.000372	1	AAGCGGTT
elemento__AACCGGTT		peak_102	112	119	+	6.20408	0.000372	1	AACCAGTT
elemento__AACCGGTT		peak_148	116	123	+	6.20408	0.000372	1	AACCGATT
elemento__AACCGGTT		peak_102	112	119	-	6.20408	0.000372	1	AACTGGTT
elemento__AACCGGTT		peak_148	116	123	-	6.20408	0.000372	1	AATCGGTT
elemento__AACCGGTT		peak_86	145	152	+	6.20408	0.000372	1	AATCGGTT
elemento__AACCGGTT		peak_323	150	157	+	6.20408	0.000372	1	AACCGCTT
elemento__AACCGGTT		peak_86	145	152	-	6.20408	0.000372	1	AACCGATT
elemento__AACCGGTT		peak_323	150	157	-	6.20408	0.000372	1	AAGCGGTT
elemento__AACCGGTT		peak_457	158	165	+	6.20408	0.000372	1	AACCAGTT
elemento__AACCGGTT		peak_457	158	165	-	6.20408	0.000372	1	AACTGGTT
elemento__AACCGGTT		peak_194	168	175	+	6.20408	0.000372	1	AATCGGTT
elemento__AACCGGTT		peak_280	170	177	+	6.20408	0.000372	1	AAACGGTT
elemento__AACCGGTT		peak_194	168	175	-	6.20408	0.000372	1	AACCGATT
elemento__AACCGGTT		peak_280	170	177	-	6.20408	0.000372	1	AACCGTTT
elemento__AACCGGTT		peak_506	182	189	+	6.20408	0.000372	1	AACAGGTT
elemento__AACCGGTT		peak_321	185	192	+	6.20408	0.000372	1	AACTGGTT
elemento__AACCGGTT		peak_105	188	195	+	6.20408	0.000372	1	AACCTGTT
elemento__AACCGGTT		peak_506	182	189	-	6.20408	0.000372	1	AACCTGTT
elemento__AACCGGTT		peak_321	185	192	-	6.20408	0.000372	1	AACCAGTT
elemento__AACCGGTT		peak_105	188	195	-	6.20408	0.000372	1	AACAGGTT
elemento__AACCGGTT		peak_579	199	206	+	6.20408	0.000372	1	AACCGATT
elemento__AACCGGTT		peak_151	201	208	+	6.20408	0.000372	1	AACCTGTT
elemento__AACCGGTT		peak_402	203	210	+	6.20408	0.000372	1	AACCGATT
elemento__AACCGGTT		peak_579	199	206	-	6.20408	0.000372	1	AATCGGTT
elemento__AACCGGTT		peak_151	201	208	-	6.20408	0.000372	1	AACAGGTT
elemento__AACCGGTT		peak_402	203	210	-	6.20408	0.000372	1	AATCGGTT
elemento__AACCGGTT		peak_387	216	223	+	6.20408	0.000372	1	AACTGGTT
elemento__AACCGGTT		peak_387	216	223	-	6.20408	0.000372	1	AACCAGTT
elemento__AACCGGTT		peak_355	223	230	+	6.20408	0.000372	1	AACCGATT
elemento__AACCGGTT		peak_508	226	233	+	6.20408	0.000372	1	AAGCGGTT
elemento__AACCGGTT		peak_355	223	230	-	6.20408	0.000372	1	AATCGGTT
elemento__AACCGGTT		peak_508	226	233	-	6.20408	0.000372	1	AACCGCTT
elemento__AACCGGTT		peak_214	241	248	+	6.20408	0.000372	1	AATCGGTT
elemento__AACCGGTT		peak_214	241	248	-	6.20408	0.000372	1	AACCGATT
elemento__AACCGGTT		peak_55	256	263	+	6.20408	0.000372	1	AACCCGTT
elemento__AACCGGTT		peak_107	256	263	+	6.20408	0.000372	1	AACCAGTT
elemento__AACCGGTT		peak_107	256	263	-	6.20408	0.000372	1	AACTGGTT
elemento__AACCGGTT		peak_55	256	263	-	6.20408	0.000372	1	AACGGGTT
elemento__AACCGGTT		peak_129	279	286	+	6.20408	0.000372	1	AACCTGTT
elemento__AACCGGTT		peak_162	282	289	+	6.20408	0.000372	1	AACCAGTT
elemento__AACCGGTT		peak_129	279	286	-	6.20408	0.000372	1	AACAGGTT
elemento__AACCGGTT		peak_162	282	289	-	6.20408	0.000372	1	AACTGGTT
elemento__AACCGGTT		peak_255	293	300	+	6.20408	0.000372	1	AACCAGTT
elemento__AACCGGTT		peak_255	293	300	-	6.20408	0.000372	1	AACTGGTT
elemento__AACCGGTT		peak_282	306	313	+	6.20408	0.000372	1	AACCAGTT
elemento__AACCGGTT		peak_282	306	313	-	6.20408	0.000372	1	AACTGGTT
elemento__AACCGGTT		peak_330	325	332	+	6.20408	0.000372	1	AACAGGTT
elemento__AACCGGTT		peak_370	326	333	+	6.20408	0.000372	1	AACCAGTT
elemento__AACCGGTT		peak_330	325	332	-	6.20408	0.000372	1	AACCTGTT
elemento__AACCGGTT		peak_370	326	333	-	6.20408	0.000372	1	AACTGGTT
elemento__AACCGGTT		peak_600	346	353	+	6.20408	0.000372	1	AACTGGTT
elemento__AACCGGTT		peak_366	347	354	+	6.20408	0.000372	1	AACAGGTT
elemento__AACCGGTT		peak_600	346	353	-	6.20408	0.000372	1	AACCAGTT
elemento__AACCGGTT		peak_366	347	354	-	6.20408	0.000372	1	AACCTGTT
elemento__AACCGGTT		peak_473	361	368	+	6.20408	0.000372	1	AACCAGTT
elemento__AACCGGTT		peak_466	362	369	+	6.20408	0.000372	1	AACGGGTT
elemento__AACCGGTT		peak_369	363	370	+	6.20408	0.000372	1	AACCTGTT
elemento__AACCGGTT		peak_473	361	368	-	6.20408	0.000372	1	AACTGGTT
elemento__AACCGGTT		peak_466	362	369	-	6.20408	0.000372	1	AACCCGTT
elemento__AACCGGTT		peak_369	363	370	-	6.20408	0.000372	1	AACAGGTT
elemento__AACCGGTT		peak_310	387	394	+	6.20408	0.000372	1	AAACGGTT
elemento__AACCGGTT		peak_172	392	399	+	6.20408	0.000372	1	AAGCGGTT
elemento__AACCGGTT		peak_310	387	394	-	6.20408	0.000372	1	AACCGTTT
elemento__AACCGGTT		peak_610	395	402	+	6.20408	0.000372	1	AACAGGTT
elemento__AACCGGTT		peak_513	398	405	+	6.20408	0.000372	1	AAGCGGTT
elemento__AACCGGTT		peak_172	392	399	-	6.20408	0.000372	1	AACCGCTT
elemento__AACCGGTT		peak_610	395	402	-	6.20408	0.000372	1	AACCTGTT
elemento__AACCGGTT		peak_88	404	411	+	6.20408	0.000372	1	AACAGGTT
elemento__AACCGGTT		peak_513	398	405	-	6.20408	0.000372	1	AACCGCTT
elemento__AACCGGTT		peak_88	404	411	-	6.20408	0.000372	1	AACCTGTT
elemento__AACCGGTT		peak_184	411	418	+	6.20408	0.000372	1	AACCAGTT
elemento__AACCGGTT		peak_184	411	418	-	6.20408	0.000372	1	AACTGGTT
elemento__AACCGGTT		peak_510	420	427	+	6.20408	0.000372	1	AACCGCTT
elemento__AACCGGTT		peak_361	421	428	+	6.20408	0.000372	1	AAGCGGTT
elemento__AACCGGTT		peak_87	426	433	+	6.20408	0.000372	1	AACCGTTT
elemento__AACCGGTT		peak_510	420	427	-	6.20408	0.000372	1	AAGCGGTT
elemento__AACCGGTT		peak_510	428	435	+	6.20408	0.000372	1	AACCGTTT
elemento__AACCGGTT		peak_361	421	428	-	6.20408	0.000372	1	AACCGCTT
elemento__AACCGGTT		peak_87	426	433	-	6.20408	0.000372	1	AAACGGTT
elemento__AACCGGTT		peak_510	428	435	-	6.20408	0.000372	1	AAACGGTT
elemento__AACCGGTT		peak_313	472	479	+	6.20408	0.000372	1	AAGCGGTT
elemento__AACCGGTT		peak_313	472	479	-	6.20408	0.000372	1	AACCGCTT
elemento__AACCGGTT		peak_280	492	499	+	6.20408	0.000372	1	AACCGCTT
elemento__AACCGGTT		peak_280	492	499	-	6.20408	0.000372	1	AAGCGGTT
elemento__AACCGGTT		peak_166	505	512	+	6.20408	0.000372	1	AACCTGTT
elemento__AACCGGTT		peak_166	505	512	-	6.20408	0.000372	1	AACAGGTT
elemento__AACCGGTT		peak_504	518	525	+	6.20408	0.000372	1	AACCGATT
elemento__AACCGGTT		peak_504	518	525	-	6.20408	0.000372	1	AATCGGTT
elemento__AACCGGTT		peak_63	615	622	+	6.20408	0.000372	1	AACAGGTT
elemento__AACCGGTT		peak_63	615	622	-	6.20408	0.000372	1	AACCTGTT
elemento__AACCGGTT		peak_382	810	817	+	6.20408	0.000372	1	AACCCGTT
elemento__AACCGGTT		peak_382	810	817	-	6.20408	0.000372	1	AACGGGTT
elemento__AACCGGTT		peak_554	1088	1095	+	6.20408	0.000372	1	AACCAGTT
elemento__AACCGGTT		peak_554	1088	1095	-	6.20408	0.000372	1	AACTGGTT
taipale_cyt_meth__TFCP2_AWCCGGWTNNAWCCGGWT_eDBD		peak_148	106	123	+	7.71717	0.000372	1	TAGCGGCTTTAACCGATT
homer__NAAACCGGTTCAAACCGGTT_Tcfcp2l1		peak_301	162	181	+	6.77551	0.000372	1	GGACCCGGACCACTCCGCTC
taipale__GRHL1_full_NAAACCGGTTTN		peak_76	2	13	+	6.9898	0.000372	0.819	AAAACCAGACTA
taipale__GRHL1_full_NAAACCGGTTTN		peak_136	100	111	-	6.9898	0.000372	0.819	AAAACAGGTGAG
taipale__TFCP2_full_NAACCGGTTN		peak_237	52	61	-	8.19388	0.000372	1	AATCCGGAAC
taipale__TFCP2_full_NAACCGGTTN		peak_61	150	159	+	8.19388	0.000372	1	AATCCGGAAC
taipale__GRHL1_DBD_AACCGGWNNNWCCGGTT_repr		peak_55	256	272	+	6.37755	0.000373	1	AACCCGTTAATAAAGTT
homer__NAAACCGGTTCAAACCGGTT_Tcfcp2l1		peak_234	30	49	-	6.76531	0.000373	1	GATCCTGGCTAGATCATGTC
homer__NAAACCGGTTCAAACCGGTT_Tcfcp2l1		peak_541	333	352	-	6.76531	0.000373	1	CTAGCTAGACTTGGCTTGAA
taipale_cyt_meth__GRHL1_NAACCGGTTN_eDBD_meth_repr		peak_467	150	159	-	8.86735	0.000373	0.854	GAACTTGTTA
taipale__GRHL1_full_NAAACCGGTTTN		peak_498	375	386	-	6.97959	0.000373	0.819	AACACCAGTTTA
taipale_cyt_meth__GRHL1_NAACCGGTTN_eDBD		peak_76	109	118	+	8.47959	0.000374	1	AATCTGGTTT
taipale__GRHL1_full_NAAACCGGTTTN		peak_576	7	18	+	6.96939	0.000375	0.819	GAAACACGTTTC
taipale__GRHL1_full_NAAACCGGTTTN		peak_531	46	57	-	6.96939	0.000375	0.819	ATGACCAGTTAA
taipale__TFCP2_full_NAACCGGTTN		peak_536	266	275	-	8.17347	0.000376	1	GTTCCGGTTC
taipale_cyt_meth__GRHL1_NAACCGGTTN_eDBD		peak_55	255	264	-	8.46939	0.000376	1	TAACGGGTTA
homer__NAAACCGGTTCAAACCGGTT_Tcfcp2l1		peak_107	246	265	-	6.7449	0.000376	1	TTAACTGGTTAACTGCAGCT
homer__NAAACCGGTTCAAACCGGTT_Tcfcp2l1		peak_484	484	503	-	6.7449	0.000376	1	CGAACAGGCGCACAGCGGCC
cisbp__M5928		peak_500	59	68	+	8.20408	0.000377	1	TAACAGGTTT
cisbp__M5928		peak_289	294	303	+	8.20408	0.000377	1	CAGCCGGTTC
cisbp__M5928		peak_63	614	623	+	8.20408	0.000377	1	TAACAGGTTT
taipale__GRHL1_full_NAAACCGGTTTN		peak_343	224	235	+	6.94898	0.000378	0.819	GAAACCAGTCCC
cisbp__M5928		peak_427	76	85	+	8.19388	0.000379	1	GGACCAGTTG
taipale__GRHL1_DBD_NAACCGGTTN_repr		peak_98	112	121	+	7.93878	0.000379	1	AAACCAGCTT
taipale__GRHL1_DBD_NAACCGGTTN_repr		peak_552	297	306	-	7.93878	0.000379	1	AAACCAGCTT
taipale__GRHL1_DBD_NAACCGGTTN_repr		peak_168	378	387	-	7.93878	0.000379	1	AAACCAGCTT
taipale_cyt_meth__TFCP2_AWCCGGWTNNAWCCGGWT_eDBD		peak_250	15	32	+	7.67677	0.000379	1	AGGCGGAACCCGCCGGCT
taipale__TFCP2_full_NCCGGNNNNNNCCGGN_repr		peak_422	352	367	-	6.88776	0.00038	1	GCTGGTTGAAAACGAA
taipale__GRHL1_full_NAAACCGGTTTN		peak_255	124	135	-	6.93878	0.00038	0.819	CTAACATGTTTC
taipale_cyt_meth__GRHL1_NAACCGGTTN_eDBD		peak_384	4	13	+	8.43878	0.00038	1	AAACGGGTCC
taipale_cyt_meth__GRHL1_NAACCGGTTN_eDBD		peak_474	41	50	+	8.43878	0.00038	1	AAACGGGTCC
taipale_cyt_meth__GRHL1_NAACCGGTTN_eDBD		peak_184	379	388	+	8.43878	0.00038	1	GAACTAGTTC
taipale_cyt_meth__GRHL1_NAACCGGTTN_eDBD		peak_184	379	388	-	8.43878	0.00038	1	GAACTAGTTC
homer__NAAACCGGTTCAAACCGGTT_Tcfcp2l1		peak_275	364	383	-	6.71429	0.000381	1	GAGGCCAGCCGCCAGCTGCT
taipale__GRHL1_DBD_AACCGGWNNNWCCGGTT_repr		peak_366	338	354	-	6.32653	0.000381	1	AACCTGTTCTACTGTAT
taipale__GRHL1_full_NAAACCGGTTTN		peak_434	291	302	-	6.92857	0.000381	0.819	AAATCTGGTTCT
taipale__TFCP2_full_NCCGGNNNNNNCCGGN_repr		peak_402	15	30	-	6.87755	0.000381	1	AGCAGTTTGAATTTGT
cisbp__M5928		peak_105	187	196	+	8.18367	0.000382	1	TAACCTGTTT
cisbp__M5928		peak_536	266	275	+	8.17347	0.000383	1	GAACCGGAAC
taipale__GRHL1_full_NAAACCGGTTTN		peak_304	1	12	-	6.91837	0.000383	0.819	CTAACCGGCTTT
taipale__GRHL1_full_NAAACCGGTTTN		peak_415	454	465	-	6.91837	0.000383	0.819	AAAACATGATTG
taipale__GRHL1_DBD_AACCGGWNNNWCCGGTT_repr		peak_166	200	216	-	6.30612	0.000384	1	GACTGGACAAACAAGCG
cisbp__M5928		peak_343	225	234	+	8.16327	0.000385	1	AAACCAGTCC
cisbp__M5928		peak_33	222	231	-	8.16327	0.000385	1	CAACCAGATT
taipale__TFCP2_full_NCCGGNNNNNNCCGGN_repr		peak_291	135	150	+	6.85714	0.000385	1	TCCAGCTTGAGCTCGA
taipale__TFCP2_full_NCCGGNNNNNNCCGGN_repr		peak_340	320	335	+	6.85714	0.000385	1	GCCAGAAAGATCTGGC
taipale__GRHL1_full_NAAACCGGTTTN		peak_400	428	439	+	6.90816	0.000385	0.819	AAAACGGGTCGT
taipale__GRHL1_DBD_NAACCGGTTN_repr		peak_541	318	327	-	7.90816	0.000385	1	TAACCGGCTA
taipale_cyt_meth__TFCP2_AWCCGGWTNNAWCCGGWT_eDBD		peak_579	189	206	+	7.64646	0.000385	1	AACTTGACTAAACCGATT
taipale__TFCP2_full_NAACCGGTTN		peak_500	59	68	-	8.13265	0.000385	1	AAACCTGTTA
taipale__TFCP2_full_NAACCGGTTN		peak_63	614	623	-	8.13265	0.000385	1	AAACCTGTTA
taipale__GRHL1_DBD_AACCGGWNNNWCCGGTT_repr		peak_547	58	74	+	6.29592	0.000386	1	AGCCGGGTGTACACGTC
taipale__GRHL1_DBD_AACCGGWNNNWCCGGTT_repr		peak_424	251	267	+	6.29592	0.000386	1	AAAACGATTTACCGGTT
taipale__GRHL1_full_NAAACCGGTTTN		peak_146	45	56	-	6.89796	0.000386	0.819	ATAACTGGTCCA
taipale__GRHL1_DBD_NAACCGGTTN_repr		peak_33	222	231	-	7.88776	0.000387	1	CAACCAGATT
homer__NAAACCGGTTCAAACCGGTT_Tcfcp2l1		peak_462	147	166	+	6.67347	0.000387	1	ATATCCAGTTGAAATTGGTT
homer__NAAACCGGTTCAAACCGGTT_Tcfcp2l1		peak_195	356	375	+	6.67347	0.000387	1	ATAACCACACGTAACCAGTG
taipale_cyt_meth__GRHL1_NAACCGGTTN_eDBD		peak_476	106	115	-	8.41837	0.000387	1	GAACGGGTCT
taipale_cyt_meth__GRHL1_NAACCGGTTN_eDBD		peak_337	229	238	-	8.41837	0.000387	1	GGACCTGTTA
taipale_cyt_meth__GRHL1_NAACCGGTTN_eDBD		peak_289	294	303	+	8.41837	0.000387	1	CAGCCGGTTC
taipale__GRHL1_full_NAAACCGGTTTN		peak_516	57	68	-	6.88776	0.000387	0.819	TCAACAAGTTTT
taipale__GRHL1_full_NAAACCGGTTTN		peak_286	129	140	+	6.88776	0.000387	0.819	TCAACAAGTTTT
taipale__TFCP2_full_NCCGGNNNNNNCCGGN_repr		peak_543	268	283	-	6.83673	0.000388	1	TCTGGTTTTGCCTTGA
taipale__TFCP2_full_NAACCGGTTN		peak_540	126	135	+	8.12245	0.000388	1	TATCTGGTTT
taipale__GRHL1_full_NAAACCGGTTTN		peak_470	347	358	-	6.87755	0.000388	0.819	GTAACCTGTCTT
taipale_cyt_meth__TFCP2_AWCCGGWTNNAWCCGGWT_eDBD		peak_430	160	177	+	7.62626	0.000389	1	AACTTGCACGGGCTTGTT
taipale_cyt_meth__GRHL1_NAACCGGTTN_eDBD		peak_274	270	279	-	8.40816	0.00039	1	TAACTTGTTT
homer__NAAACCGGTTCAAACCGGTT_Tcfcp2l1		peak_298	67	86	+	6.65306	0.00039	1	CGAGGTGGTTTAGGCTACCT
homer__NAAACCGGTTCAAACCGGTT_Tcfcp2l1		peak_330	88	107	+	6.65306	0.00039	1	CTCACTGGCGTCGACTGGGT
taipale__GRHL1_DBD_NAACCGGTTN_repr		peak_470	348	357	+	7.86735	0.00039	1	AGACAGGTTA
taipale__GRHL1_DBD_AACCGGWNNNWCCGGTT_repr		peak_366	15	31	-	6.26531	0.000391	1	AACACGAAACACCGGGT
taipale_cyt_meth__GRHL1_NAACCGGTTN_eDBD_meth_repr		peak_488	6	15	+	8.82653	0.000391	0.87	GAACACGTTC
taipale_cyt_meth__GRHL1_NAACCGGTTN_eDBD_meth_repr		peak_468	83	92	+	8.82653	0.000391	0.87	GAACACGTTC
taipale_cyt_meth__GRHL1_NAACCGGTTN_eDBD_meth_repr		peak_322	250	259	+	8.82653	0.000391	0.87	GAACACGTTC
taipale_cyt_meth__GRHL1_NAACCGGTTN_eDBD_meth_repr		peak_415	312	321	-	8.82653	0.000391	0.87	ATACCTGTTA
taipale__GRHL1_full_NAAACCGGTTTN		peak_280	168	179	+	6.85714	0.000392	0.819	GAAAACGGTTTG
taipale__GRHL1_full_NAAACCGGTTTN		peak_168	168	179	-	6.85714	0.000392	0.819	CAAACTGGTGTT
taipale__GRHL1_DBD_NAACCGGTTN_repr		peak_527	361	370	+	7.85714	0.000393	1	CGACCAGTTC
taipale__GRHL1_DBD_NAACCGGTTN_repr		peak_211	504	513	+	7.85714	0.000393	1	AAACTTGTTC
taipale__GRHL1_DBD_NAACCGGTTN_repr		peak_80	697	706	+	7.85714	0.000393	1	AAACTTGTTC
cisbp__M5928		peak_540	126	135	-	8.11224	0.000393	1	AAACCAGATA
taipale__TFCP2_full_NAACCGGTTN		peak_235	255	264	-	8.10204	0.000393	1	AATCCAGTCT
taipale__TFCP2_full_NCCGGNNNNNNCCGGN_repr		peak_276	237	252	-	6.80612	0.000394	1	ACCGGAAAGAAAGAGA
taipale_cyt_meth__GRHL1_NAACCGGTTN_eDBD		peak_146	46	55	+	8.37755	0.000394	1	GGACCAGTTA
taipale__TFCP2_full_NCCGGNNNNNNCCGGN_repr		peak_3	542	557	+	6.79592	0.000395	1	TCCAGCTACAACTGAA
taipale_cyt_meth__GRHL1_NAACCGGTTN_eDBD_meth_repr		peak_146	46	55	-	8.81633	0.000395	0.87	TAACTGGTCC
taipale_cyt_meth__GRHL1_NAACCGGTTN_eDBD_meth_repr		peak_339	234	243	-	8.81633	0.000395	0.87	TGACTGGTTC
taipale_cyt_meth__GRHL1_NAACCGGTTN_eDBD_meth_repr		peak_422	372	381	+	8.81633	0.000395	0.87	TGACTGGTTC
taipale__TFCP2_full_NAACCGGTTN		peak_339	234	243	+	8.09184	0.000396	1	GAACCAGTCA
taipale__TFCP2_full_NAACCGGTTN		peak_422	372	381	-	8.09184	0.000396	1	GAACCAGTCA
taipale__TFCP2_full_NAACCGGTTN		peak_473	437	446	+	8.09184	0.000396	1	TAACTAGTTC
taipale__GRHL1_full_NAAACCGGTTTN		peak_215	43	54	+	6.82653	0.000396	0.82	AAAACCCGTCGG
taipale__GRHL1_full_NAAACCGGTTTN		peak_425	300	311	-	6.82653	0.000396	0.82	ATAACGTGTTTG
cisbp__M5928		peak_388	152	161	+	8.08163	0.000397	1	CTTCCGGTTT
cisbp__M5928		peak_579	215	224	-	8.08163	0.000397	1	TATCTAGTTT
taipale__GRHL1_DBD_AACCGGWNNNWCCGGTT_repr		peak_125	600	616	-	6.22449	0.000397	1	AGCCAGTAGAACTCGAT
homer__NAAACCGGTTCAAACCGGTT_Tcfcp2l1		peak_518	286	305	+	6.60204	0.000398	1	AAAACCGGCTTAAGTTAGGT
homer__NAAACCGGTTCAAACCGGTT_Tcfcp2l1		peak_554	1078	1097	-	6.60204	0.000398	1	ACAACTGGTTTGTCCATGTT
taipale__GRHL1_DBD_NAACCGGTTN_repr		peak_56	218	227	-	7.83673	0.000398	1	AATCAGGTTC
taipale__GRHL1_DBD_NAACCGGTTN_repr		peak_339	234	243	+	7.83673	0.000398	1	GAACCAGTCA
taipale__GRHL1_DBD_NAACCGGTTN_repr		peak_422	372	381	-	7.83673	0.000398	1	GAACCAGTCA
taipale__TFCP2_full_NAACCGGTTN		peak_343	225	234	-	8.07143	0.000399	1	GGACTGGTTT
taipale_cyt_meth__GRHL1_NAACCGGTTN_eDBD		peak_339	234	243	+	8.36735	0.000399	1	GAACCAGTCA
taipale_cyt_meth__GRHL1_NAACCGGTTN_eDBD		peak_422	372	381	-	8.36735	0.000399	1	GAACCAGTCA
taipale__TFCP2_full_NCCGGNNNNNNCCGGN_repr		peak_562	163	178	+	6.77551	0.000399	1	ACCGTTAAAAACTGCA
taipale_cyt_meth__GRHL1_NAACCGGTTN_eDBD_meth_repr		peak_96	120	129	+	8.80612	0.000399	0.87	TAACACGTTT
taipale_cyt_meth__GRHL1_NAACCGGTTN_eDBD_meth_repr		peak_269	189	198	+	8.80612	0.000399	0.87	AAACCTGTAA
taipale_cyt_meth__GRHL1_NAACCGGTTN_eDBD_meth_repr		peak_493	230	239	-	8.80612	0.000399	0.87	TAACACGTTT
homer__NAAACCGGTTCAAACCGGTT_Tcfcp2l1		peak_107	254	273	+	6.59184	0.000399	1	TTAACCAGTTAAAACTGTCC
homer__NAAACCGGTTCAAACCGGTT_Tcfcp2l1		peak_114	256	275	-	6.59184	0.000399	1	CGCGGTGGCCCATGCTAGTT
taipale__GRHL1_full_NAAACCGGTTTN		peak_330	25	36	-	6.80612	0.000399	0.823	AGAATCGGTTTT
taipale_cyt_meth__TFCP2_AWCCGGWTNNAWCCGGWT_eDBD		peak_198	111	128	-	7.56566	0.0004	1	AGCATGCAAAATCCAGTT
taipale_cyt_meth__TFCP2_AWCCGGWTNNAWCCGGWT_eDBD		peak_430	160	177	-	7.56566	0.0004	1	AACAAGCCCGTGCAAGTT
taipale__GRHL1_DBD_NAACCGGTTN_repr		peak_576	8	17	+	7.82653	0.0004	1	AAACACGTTT
taipale__GRHL1_DBD_NAACCGGTTN_repr		peak_30	5	14	-	7.82653	0.0004	1	AAACACGTTT
taipale__GRHL1_DBD_NAACCGGTTN_repr		peak_556	507	516	-	7.82653	0.0004	1	AAACACGTTT
cisbp__M5928		peak_473	437	446	-	8.07143	0.000401	1	GAACTAGTTA
cisbp__M5928		peak_404	595	604	+	8.07143	0.000401	1	GATCCGGTAG
homer__NAAACCGGTTCAAACCGGTT_Tcfcp2l1		peak_434	283	302	-	6.58163	0.000401	1	AAATCTGGTTCTAACAGCGT
taipale_cyt_meth__GRHL1_NAACCGGTTN_eDBD		peak_239	108	117	-	8.35714	0.000402	1	TAACATGTTT
taipale_cyt_meth__GRHL1_NAACCGGTTN_eDBD		peak_255	125	134	-	8.35714	0.000402	1	TAACATGTTT
taipale_cyt_meth__GRHL1_NAACCGGTTN_eDBD		peak_55	255	264	+	8.35714	0.000402	1	TAACCCGTTA
taipale_cyt_meth__TFCP2_AWCCGGWTNNAWCCGGWT_eDBD		peak_222	197	214	-	7.55556	0.000402	1	CACAAGATTTAACTACTT
taipale__TFCP2_full_NCCGGNNNNNNCCGGN_repr		peak_436	88	103	+	6.7551	0.000402	1	AGTGGTACAAATCGCT
taipale__GRHL1_DBD_AACCGGWNNNWCCGGTT_repr		peak_426	370	386	+	6.18367	0.000404	1	GAGGGGTAACACTTGTT
taipale__TFCP2_full_NCCGGNNNNNNCCGGN_repr		peak_579	207	222	+	6.7449	0.000404	1	ACTGTAATAAACTAGA
taipale_cyt_meth__GRHL1_NAACCGGTTN_eDBD_meth_repr		peak_527	125	134	+	8.79592	0.000405	0.878	AAACGAGTTC
taipale__GRHL1_DBD_NAACCGGTTN_repr		peak_146	46	55	-	7.80612	0.000405	1	TAACTGGTCC
taipale__TFCP2_full_NAACCGGTTN		peak_146	84	93	+	8.04082	0.000405	1	CAGCCGGTTT
taipale__TFCP2_full_NAACCGGTTN		peak_388	152	161	-	8.04082	0.000405	1	AAACCGGAAG
taipale__TFCP2_full_NAACCGGTTN		peak_251	394	403	+	8.04082	0.000405	1	AAACTAGTCT
taipale__GRHL1_full_NAAACCGGTTTN		peak_254	111	122	-	6.76531	0.000405	0.823	CATACTGGTTCT
taipale__GRHL1_full_NAAACCGGTTTN		peak_332	167	178	-	6.76531	0.000405	0.823	CAAACCGGAAAT
taipale__GRHL1_full_NAAACCGGTTTN		peak_73	374	385	+	6.76531	0.000405	0.823	AAAACAGGTGAA
taipale_cyt_meth__TFCP2_AWCCGGWTNNAWCCGGWT_eDBD		peak_468	359	376	-	7.53535	0.000406	1	GACTGGCAACCACCGGCG
taipale__GRHL1_full_NAAACCGGTTTN		peak_473	436	447	-	6.7551	0.000407	0.823	CGAACTAGTTAT
taipale__TFCP2_full_NAACCGGTTN		peak_541	318	327	-	8.03061	0.000407	1	TAACCGGCTA
homer__NAAACCGGTTCAAACCGGTT_Tcfcp2l1		peak_519	271	290	-	6.54082	0.000407	1	CACAGAAGCCAGGGCCGGAT
taipale_cyt_meth__GRHL1_NAACCGGTTN_eDBD		peak_476	106	115	+	8.33673	0.000408	1	AGACCCGTTC
taipale__TFCP2_full_NCCGGNNNNNNCCGGN_repr		peak_188	229	244	+	6.72449	0.000408	1	GCCTGAAAAATCCGGC
taipale__TFCP2_full_NCCGGNNNNNNCCGGN_repr		peak_107	247	262	-	6.72449	0.000408	1	ACTGGTTAACTGCAGC
taipale_cyt_meth__TFCP2_AWCCGGWTNNAWCCGGWT_eDBD		peak_485	25	42	-	7.52525	0.000408	1	ATCTGGCGCTCACAAGTT
taipale__GRHL1_DBD_NAACCGGTTN_repr		peak_230	54	63	-	7.78571	0.000408	1	ATTCCGGTTC
taipale__GRHL1_DBD_NAACCGGTTN_repr		peak_558	171	180	+	7.78571	0.000408	1	ATTCCGGTTC
taipale__GRHL1_DBD_NAACCGGTTN_repr		peak_56	218	227	+	7.78571	0.000408	1	GAACCTGATT
taipale__GRHL1_full_NAAACCGGTTTN		peak_246	234	245	-	6.7449	0.000409	0.823	AATACATGTTTT
taipale__GRHL1_DBD_AACCGGWNNNWCCGGTT_repr		peak_384	372	388	+	6.15306	0.000409	1	AACGAGTCGGACGTGTG
taipale__TFCP2_full_NCCGGNNNNNNCCGGN_repr		peak_7	13	28	+	6.71429	0.00041	1	ACCGCTCTGAACCAGT
taipale__TFCP2_full_NCCGGNNNNNNCCGGN_repr		peak_333	526	541	+	6.71429	0.00041	1	ACCTGGTCACACTGGA
taipale__GRHL1_full_NAAACCGGTTTN		peak_333	205	216	+	6.73469	0.00041	0.823	TAAACTCGTTTC
cisbp__M5928		peak_305	225	234	+	8.03061	0.000411	1	AAAGTGGTTT
cisbp__M5928		peak_235	255	264	+	8.03061	0.000411	1	AGACTGGATT
taipale__TFCP2_full_NCCGGNNNNNNCCGGN_repr		peak_485	16	31	-	6.70408	0.000412	1	ACAAGTTTAATCAAGT
cisbp__M5928		peak_339	234	243	-	8.02041	0.000412	1	TGACTGGTTC
cisbp__M5928		peak_422	372	381	+	8.02041	0.000412	1	TGACTGGTTC
taipale_cyt_meth__GRHL1_NAACCGGTTN_eDBD		peak_384	4	13	-	8.31633	0.000413	1	GGACCCGTTT
taipale_cyt_meth__GRHL1_NAACCGGTTN_eDBD		peak_474	41	50	-	8.31633	0.000413	1	GGACCCGTTT
taipale__TFCP2_full_NAACCGGTTN		peak_579	215	224	+	8.0102	0.000413	1	AAACTAGATA
taipale__GRHL1_full_NAAACCGGTTTN		peak_105	55	66	+	6.71429	0.000413	0.826	ACAACAAGTTAG
taipale__GRHL1_DBD_AACCGGWNNNWCCGGTT_repr		peak_523	271	287	+	6.12245	0.000414	1	GGCTGGTCGGGCGGGTG
taipale_cyt_meth__TFCP2_AWCCGGWTNNAWCCGGWT_eDBD		peak_9	230	247	-	7.49495	0.000414	1	GTGAAGTTCATAGCGGTT
taipale__GRHL1_full_NAAACCGGTTTN		peak_210	16	27	-	6.70408	0.000415	0.826	AGAACATGTTAC
homer__NAAACCGGTTCAAACCGGTT_Tcfcp2l1		peak_9	209	228	+	6.4898	0.000415	1	TTAAGAGGTATCAACTGGTC
taipale_cyt_meth__GRHL1_NAACCGGTTN_eDBD		peak_427	76	85	-	8.30612	0.000415	1	CAACTGGTCC
taipale__TFCP2_full_NCCGGNNNNNNCCGGN_repr		peak_348	161	176	+	6.68367	0.000415	1	ACTGGAAAAAATCATT
taipale__TFCP2_full_NCCGGNNNNNNCCGGN_repr		peak_578	169	184	-	6.68367	0.000415	1	AGCGGTATTTTCCTGT
taipale__GRHL1_DBD_NAACCGGTTN_repr		peak_384	4	13	+	7.7449	0.000416	1	AAACGGGTCC
taipale__GRHL1_DBD_NAACCGGTTN_repr		peak_474	41	50	+	7.7449	0.000416	1	AAACGGGTCC
taipale_cyt_meth__TFCP2_AWCCGGWTNNAWCCGGWT_eDBD		peak_198	111	128	+	7.48485	0.000416	1	AACTGGATTTTGCATGCT
taipale__GRHL1_full_NAAACCGGTTTN		peak_146	83	94	+	6.69388	0.000417	0.826	ACAGCCGGTTTA
taipale__GRHL1_DBD_AACCGGWNNNWCCGGTT_repr		peak_223	29	45	+	6.10204	0.000417	1	AACCTGGCAACCCAGCT
taipale__TFCP2_full_NAACCGGTTN		peak_151	200	209	-	7.9898	0.000418	1	GAACAGGTTT
taipale_cyt_meth__GRHL1_NAACCGGTTN_eDBD_meth_repr		peak_46	181	190	-	8.7551	0.000418	0.903	GAGCCGGTTT
taipale_cyt_meth__TFCP2_AWCCGGWTNNAWCCGGWT_eDBD		peak_427	77	94	-	7.47475	0.000418	1	GTGCAGAAACAACTGGTC
taipale_cyt_meth__TFCP2_AWCCGGWTNNAWCCGGWT_eDBD		peak_305	94	111	+	7.47475	0.000418	1	TGCCGGCACTTGCCAGCC
taipale__GRHL1_DBD_NAACCGGTTN_repr		peak_427	76	85	-	7.73469	0.000418	1	CAACTGGTCC
taipale__GRHL1_DBD_NAACCGGTTN_repr		peak_168	169	178	+	7.73469	0.000418	1	ACACCAGTTT
taipale__GRHL1_DBD_NAACCGGTTN_repr		peak_498	376	385	-	7.73469	0.000418	1	ACACCAGTTT
taipale_cyt_meth__GRHL1_NAACCGGTTN_eDBD		peak_269	189	198	-	8.29592	0.000419	1	TTACAGGTTT
taipale_cyt_meth__GRHL1_NAACCGGTTN_eDBD		peak_415	312	321	+	8.29592	0.000419	1	TAACAGGTAT
taipale__GRHL1_DBD_AACCGGWNNNWCCGGTT_repr		peak_275	205	221	+	6.09184	0.000419	1	AACCTGAGCAAAGGGTT
taipale__GRHL1_DBD_AACCGGWNNNWCCGGTT_repr		peak_354	453	469	+	6.09184	0.000419	1	TGCTTGTTATTCTTGTT
taipale__TFCP2_full_NAACCGGTTN		peak_404	595	604	-	7.97959	0.000419	1	CTACCGGATC
taipale__GRHL1_DBD_NAACCGGTTN_repr		peak_254	112	121	-	7.72449	0.00042	1	ATACTGGTTC
taipale__GRHL1_DBD_NAACCGGTTN_repr		peak_588	300	309	-	7.72449	0.00042	1	AAACCGGTGG
cisbp__M5928		peak_313	471	480	+	7.97959	0.00042	1	TAAGCGGTTC
taipale__GRHL1_DBD_AACCGGWNNNWCCGGTT_repr		peak_239	91	107	-	6.08163	0.000421	1	TACTGAATTTACTAGTT
taipale__TFCP2_full_NCCGGNNNNNNCCGGN_repr		peak_393	52	67	-	6.65306	0.000421	1	ACCGGCAAACAGCTGA
taipale__GRHL1_full_NAAACCGGTTTN		peak_504	63	74	+	6.66327	0.000422	0.832	CGAACATGTTAG
taipale_cyt_meth__TFCP2_AWCCGGWTNNAWCCGGWT_eDBD		peak_113	140	157	-	7.45455	0.000423	1	AGCCAGCAGTAACCCGAA
taipale__GRHL1_DBD_AACCGGWNNNWCCGGTT_repr		peak_573	315	331	+	6.07143	0.000423	1	AGTTGGTTTCGCCGGTT
taipale__TFCP2_full_NAACCGGTTN		peak_289	294	303	+	7.95918	0.000424	1	CAGCCGGTTC
cisbp__M5928		peak_251	394	403	-	7.96939	0.000424	1	AGACTAGTTT
taipale__TFCP2_full_NCCGGNNNNNNCCGGN_repr		peak_407	116	131	-	6.63265	0.000425	1	TCCGGCTCACAACGTT
taipale__GRHL1_DBD_AACCGGWNNNWCCGGTT_repr		peak_388	153	169	+	6.05102	0.000426	1	TTCCGGTTTGCCTGCTT
taipale__TFCP2_full_NCCGGNNNNNNCCGGN_repr		peak_179	76	91	+	6.62245	0.000427	1	AGTGGCTAGAACTAGA
taipale__TFCP2_full_NCCGGNNNNNNCCGGN_repr		peak_179	76	91	-	6.62245	0.000427	1	TCTAGTTCTAGCCACT
taipale_cyt_meth__GRHL1_NAACCGGTTN_eDBD		peak_588	300	309	+	8.2551	0.000428	1	CCACCGGTTT
taipale__GRHL1_DBD_NAACCGGTTN_repr		peak_76	3	12	+	7.69388	0.000428	1	AAACCAGACT
taipale__GRHL1_DBD_NAACCGGTTN_repr		peak_566	110	119	-	7.69388	0.000428	1	TGACAGGTTT
cisbp__M5928		peak_112	147	156	-	7.94898	0.000429	1	GAAGTGGTTT
taipale_cyt_meth__TFCP2_AWCCGGWTNNAWCCGGWT_eDBD		peak_475	159	176	+	7.42424	0.000429	1	AGCAAGCACCATCTGGTG
taipale__GRHL1_full_NAAACCGGTTTN		peak_265	432	443	-	6.62245	0.000429	0.839	CAAGCCGGTTGA
taipale_cyt_meth__TFCP2_AWCCGGWTNNAWCCGGWT_eDBD		peak_599	346	363	-	7.41414	0.000431	1	ATCATGTGCAAGCCAGCT
taipale__GRHL1_full_NAAACCGGTTTN		peak_280	168	179	-	6.61224	0.000431	0.839	CAAACCGTTTTC
taipale__GRHL1_full_NAAACCGGTTTN		peak_4	450	461	-	6.61224	0.000431	0.839	AAAACGCGTTTC
taipale__GRHL1_DBD_AACCGGWNNNWCCGGTT_repr		peak_401	227	243	+	6.02041	0.000431	1	TACTGCTCAGTCCTGTT
taipale_cyt_meth__TFCP2_AWCCGGWTNNAWCCGGWT_eDBD		peak_46	182	199	+	7.40404	0.000433	1	AACCGGCTCAAACGTCTG
taipale__TFCP2_full_NAACCGGTTN		peak_366	346	355	+	7.90816	0.000433	1	GAACAGGTTC
homer__NAAACCGGTTCAAACCGGTT_Tcfcp2l1		peak_234	28	47	+	6.37755	0.000434	1	TGGACATGATCTAGCCAGGA
homer__NAAACCGGTTCAAACCGGTT_Tcfcp2l1		peak_482	367	386	+	6.37755	0.000434	1	CACACAGGTGAGCACCAGTA
taipale_cyt_meth__GRHL1_NAACCGGTTN_eDBD_meth_repr		peak_146	46	55	+	8.72449	0.000434	0.921	GGACCAGTTA
taipale_cyt_meth__GRHL1_NAACCGGTTN_eDBD_meth_repr		peak_527	125	134	-	8.72449	0.000434	0.921	GAACTCGTTT
taipale_cyt_meth__GRHL1_NAACCGGTTN_eDBD_meth_repr		peak_339	234	243	+	8.72449	0.000434	0.921	GAACCAGTCA
taipale_cyt_meth__GRHL1_NAACCGGTTN_eDBD_meth_repr		peak_422	372	381	-	8.72449	0.000434	0.921	GAACCAGTCA
taipale__TFCP2_full_NCCGGNNNNNNCCGGN_repr		peak_148	107	122	-	6.58163	0.000435	1	ATCGGTTAAAGCCGCT
cisbp__M5928		peak_541	318	327	+	7.92857	0.000435	1	TAGCCGGTTA
taipale__GRHL1_DBD_AACCGGWNNNWCCGGTT_repr		peak_473	352	368	-	6	0.000435	1	AACTGGTTTATGTGGTA
homer__NAAACCGGTTCAAACCGGTT_Tcfcp2l1		peak_250	15	34	-	6.36735	0.000435	1	GCAGCCGGCGGGTTCCGCCT
taipale__TFCP2_full_NAACCGGTTN		peak_52	35	44	+	7.89796	0.000436	1	CAACCGCTTT
homer__NAAACCGGTTCAAACCGGTT_Tcfcp2l1		peak_22	72	91	-	6.35714	0.000437	1	CTTTCCAGCACTGCCCAGCT
taipale_cyt_meth__TFCP2_AWCCGGWTNNAWCCGGWT_eDBD		peak_229	206	223	+	7.38384	0.000437	1	AGCCCGTTTTGACAGGAG
taipale__GRHL1_full_NAAACCGGTTTN		peak_255	24	35	+	6.57143	0.000438	0.839	AAAACTGGTAGC
taipale__GRHL1_full_NAAACCGGTTTN		peak_584	291	302	+	6.57143	0.000438	0.839	AATACCGGTGTT
taipale_cyt_meth__GRHL1_NAACCGGTTN_eDBD		peak_239	108	117	+	8.23469	0.000438	1	AAACATGTTA
taipale_cyt_meth__GRHL1_NAACCGGTTN_eDBD		peak_255	125	134	+	8.23469	0.000438	1	AAACATGTTA
taipale__TFCP2_full_NCCGGNNNNNNCCGGN_repr		peak_603	114	129	-	6.56122	0.000438	1	TCCAGTTGGCAGCGCT
taipale__GRHL1_DBD_NAACCGGTTN_repr		peak_211	504	513	-	7.63265	0.00044	1	GAACAAGTTT
taipale__GRHL1_DBD_NAACCGGTTN_repr		peak_80	697	706	-	7.63265	0.00044	1	GAACAAGTTT
taipale__TFCP2_full_NCCGGNNNNNNCCGGN_repr		peak_81	213	228	+	6.55102	0.00044	1	ACCAGTCCAAACAAAT
cisbp__M5928		peak_146	84	93	-	7.90816	0.000441	1	AAACCGGCTG
taipale_cyt_meth__TFCP2_AWCCGGWTNNAWCCGGWT_eDBD		peak_578	168	185	-	7.36364	0.000441	1	CAGCGGTATTTTCCTGTC
taipale_cyt_meth__GRHL1_NAACCGGTTN_eDBD		peak_112	118	127	-	8.22449	0.000442	1	AAACTGGTAA
taipale__GRHL1_DBD_NAACCGGTTN_repr		peak_104	314	323	+	7.62245	0.000442	1	CAACCAGATC
taipale__GRHL1_DBD_AACCGGWNNNWCCGGTT_repr		peak_388	153	169	-	5.95918	0.000442	1	AAGCAGGCAAACCGGAA
taipale_cyt_meth__TFCP2_AWCCGGWTNNAWCCGGWT_eDBD		peak_485	25	42	+	7.35354	0.000444	1	AACTTGTGAGCGCCAGAT
taipale__GRHL1_full_NAAACCGGTTTN		peak_273	52	63	+	6.53061	0.000444	0.839	TAAGCCGGTTGT
taipale__GRHL1_full_NAAACCGGTTTN		peak_229	114	125	-	6.53061	0.000444	0.839	AAATCCGGTAAG
cisbp__M5928		peak_420	111	120	+	7.88776	0.000445	1	ACACCAGTTC
taipale_cyt_meth__GRHL1_NAACCGGTTN_eDBD_meth_repr		peak_96	120	129	-	8.69388	0.000445	0.935	AAACGTGTTA
taipale_cyt_meth__GRHL1_NAACCGGTTN_eDBD_meth_repr		peak_493	230	239	+	8.69388	0.000445	0.935	AAACGTGTTA
homer__NAAACCGGTTCAAACCGGTT_Tcfcp2l1		peak_212	313	332	+	6.30612	0.000446	1	GCTGCCAGCTAGGACTGCCA
taipale_cyt_meth__GRHL1_NAACCGGTTN_eDBD		peak_274	270	279	+	8.19388	0.000446	1	AAACAAGTTA
taipale_cyt_meth__TFCP2_AWCCGGWTNNAWCCGGWT_eDBD		peak_457	158	175	-	7.34343	0.000446	1	CACTCCCTTTAACTGGTT
taipale__GRHL1_DBD_AACCGGWNNNWCCGGTT_repr		peak_98	130	146	-	5.93878	0.000446	1	ACCGGGTTAAGCTGGGT
taipale__GRHL1_full_NAAACCGGTTTN		peak_235	89	100	+	6.52041	0.000446	0.839	GCAACAGGTTGT
taipale__TFCP2_full_NCCGGNNNNNNCCGGN_repr		peak_342	158	173	-	6.52041	0.000446	1	ACTAGATTGTGCCAGC
taipale__TFCP2_full_NCCGGNNNNNNCCGGN_repr		peak_554	1079	1094	-	6.52041	0.000446	1	ACTGGTTTGTCCATGT
taipale__TFCP2_full_NAACCGGTTN		peak_420	111	120	-	7.82653	0.000447	1	GAACTGGTGT
taipale__GRHL1_DBD_AACCGGWNNNWCCGGTT_repr		peak_347	333	349	+	5.92857	0.000448	1	TACTTGTGCTCCCGGTG
taipale__TFCP2_full_NCCGGNNNNNNCCGGN_repr		peak_201	77	92	+	6.5102	0.000448	1	TGCGGAATGTACTTGT
taipale__GRHL1_DBD_NAACCGGTTN_repr		peak_213	169	178	+	7.59184	0.000449	1	TAACCCGTCC
taipale__GRHL1_full_NAAACCGGTTTN		peak_235	89	100	-	6.5102	0.000449	0.839	ACAACCTGTTGC
taipale__GRHL1_full_NAAACCGGTTTN		peak_474	173	184	+	6.5102	0.000449	0.839	GAAACCAGTGTT
homer__NAAACCGGTTCAAACCGGTT_Tcfcp2l1		peak_509	299	318	-	6.28571	0.000449	1	CCAACAGCATTGAACTTGAC
taipale__GRHL1_DBD_AACCGGWNNNWCCGGTT_repr		peak_105	57	73	-	5.91837	0.00045	1	AACGAATCTAACTTGTT
taipale_cyt_meth__GRHL1_NAACCGGTTN_eDBD_meth_repr		peak_468	114	123	+	8.68367	0.00045	0.937	TGACGGGTTT
taipale_cyt_meth__GRHL1_NAACCGGTTN_eDBD_meth_repr		peak_46	181	190	+	8.68367	0.00045	0.937	AAACCGGCTC
taipale_cyt_meth__GRHL1_NAACCGGTTN_eDBD		peak_76	109	118	-	8.18367	0.00045	1	AAACCAGATT
taipale_cyt_meth__GRHL1_NAACCGGTTN_eDBD		peak_333	206	215	+	8.18367	0.00045	1	AAACTCGTTT
taipale_cyt_meth__TFCP2_AWCCGGWTNNAWCCGGWT_eDBD		peak_250	15	32	-	7.32323	0.00045	1	AGCCGGCGGGTTCCGCCT
taipale_cyt_meth__TFCP2_AWCCGGWTNNAWCCGGWT_eDBD		peak_222	197	214	+	7.32323	0.00045	1	AAGTAGTTAAATCTTGTG
taipale__TFCP2_full_NAACCGGTTN		peak_20	178	187	-	7.80612	0.00045	1	ATACCAGATT
taipale__GRHL1_DBD_AACCGGWNNNWCCGGTT_repr		peak_235	256	272	+	5.90816	0.000451	1	GACTGGATTCTAAGGTT
taipale_cyt_meth__TFCP2_AWCCGGWTNNAWCCGGWT_eDBD		peak_354	161	178	-	7.31313	0.000452	1	CGCCGGAAATCACCAGTG
taipale__TFCP2_full_NCCGGNNNNNNCCGGN_repr		peak_330	133	148	+	6.4898	0.000452	1	GGCGGATTCAATTGGA
taipale__TFCP2_full_NCCGGNNNNNNCCGGN_repr		peak_322	408	423	-	6.4898	0.000452	1	ACTGGTAAAATTTGAA
taipale__GRHL1_full_NAAACCGGTTTN		peak_477	202	213	+	6.4898	0.000452	0.839	CAAGCCAGTTTA
taipale__GRHL1_full_NAAACCGGTTTN		peak_251	393	404	-	6.4898	0.000452	0.839	CAGACTAGTTTG
taipale__TFCP2_full_NAACCGGTTN		peak_477	203	212	+	7.78571	0.000453	1	AAGCCAGTTT
cisbp__M5928		peak_20	178	187	+	7.84694	0.000453	1	AATCTGGTAT
cisbp__M5928		peak_119	289	298	-	7.84694	0.000453	1	GAAGCAGTTT
taipale__GRHL1_full_NAAACCGGTTTN		peak_87	122	133	+	6.47959	0.000454	0.839	GAAACATGTTGA
homer__NAAACCGGTTCAAACCGGTT_Tcfcp2l1		peak_205	117	136	-	6.2551	0.000454	1	AAGTCAAGCTCCTGCCACCT
homer__NAAACCGGTTCAAACCGGTT_Tcfcp2l1		peak_301	164	183	-	6.2551	0.000454	1	GGGAGCGGAGTGGTCCGGGT
taipale__TFCP2_full_NCCGGNNNNNNCCGGN_repr		peak_588	302	317	+	6.47959	0.000454	1	ACCGGTTTCAGTTTTA
taipale_cyt_meth__TFCP2_AWCCGGWTNNAWCCGGWT_eDBD		peak_340	319	336	-	7.30303	0.000454	1	TGCCAGATCTTTCTGGCG
taipale__GRHL1_DBD_AACCGGWNNNWCCGGTT_repr		peak_415	63	79	-	5.88776	0.000455	1	CAGCTGGTATACCTGTT
taipale_cyt_meth__GRHL1_NAACCGGTTN_eDBD_meth_repr		peak_583	364	373	+	8.65306	0.000456	0.945	GAACCGGTGC
cisbp__M5928		peak_289	294	303	-	7.82653	0.000456	1	GAACCGGCTG
homer__NAAACCGGTTCAAACCGGTT_Tcfcp2l1		peak_430	258	277	-	6.2449	0.000456	1	CAAGCCGGGCTGTCCAGGCT
taipale_cyt_meth__GRHL1_NAACCGGTTN_eDBD		peak_527	361	370	-	8.17347	0.000456	1	GAACTGGTCG
taipale__GRHL1_DBD_NAACCGGTTN_repr		peak_516	1	10	-	7.56122	0.000456	1	CACCCGGTTT
taipale__GRHL1_DBD_NAACCGGTTN_repr		peak_274	270	279	+	7.56122	0.000456	1	AAACAAGTTA
taipale__TFCP2_full_NCCGGNNNNNNCCGGN_repr		peak_188	229	244	-	6.46939	0.000456	1	GCCGGATTTTTCAGGC
taipale_cyt_meth__TFCP2_AWCCGGWTNNAWCCGGWT_eDBD		peak_488	276	293	-	7.29293	0.000457	1	ATGAGCATCCATCTGGTT
taipale__GRHL1_DBD_AACCGGWNNNWCCGGTT_repr		peak_117	35	51	-	5.87755	0.000457	1	TCCAGGAATAACGGGTA
taipale__GRHL1_full_NAAACCGGTTTN		peak_254	102	113	+	6.45918	0.000457	0.839	TAAACCAGTAGA
taipale__GRHL1_full_NAAACCGGTTTN		peak_34	250	261	+	6.45918	0.000457	0.839	AAAACATGTATC
cisbp__M5928		peak_588	300	309	-	7.81633	0.000458	1	AAACCGGTGG
homer__NAAACCGGTTCAAACCGGTT_Tcfcp2l1		peak_265	422	441	+	6.23469	0.000458	1	AAAGGCTCATTCAACCGGCT
taipale__GRHL1_DBD_AACCGGWNNNWCCGGTT_repr		peak_156	157	173	-	5.86735	0.000459	1	AACTTGATTAACAGTAT
homer__NAAACCGGTTCAAACCGGTT_Tcfcp2l1		peak_255	281	300	+	6.22449	0.00046	1	AGCGCTGACCCAAACCAGTT
taipale__TFCP2_full_NCCGGNNNNNNCCGGN_repr		peak_376	172	187	+	6.44898	0.00046	1	TCCAGATTTGGCTGAA
cisbp__M5928		peak_51	335	344	-	7.80612	0.000461	1	GCACCAGTTC
taipale__GRHL1_DBD_NAACCGGTTN_repr		peak_430	138	147	+	7.54082	0.000461	1	TAACCTGATT
taipale__GRHL1_DBD_NAACCGGTTN_repr		peak_318	265	274	+	7.54082	0.000461	1	TAACCTGATT
taipale__GRHL1_full_NAAACCGGTTTN		peak_246	45	56	+	6.43878	0.000461	0.839	CGAACATGTTAA
taipale__GRHL1_full_NAAACCGGTTTN		peak_218	279	290	-	6.43878	0.000461	0.839	CTAACGAGTTTT
taipale__GRHL1_full_NAAACCGGTTTN		peak_561	662	673	-	6.43878	0.000461	0.839	ATAACAGGATCT
taipale__TFCP2_full_NAACCGGTTN		peak_51	335	344	+	7.7449	0.000462	1	GAACTGGTGC
taipale_cyt_meth__GRHL1_NAACCGGTTN_eDBD_meth_repr		peak_425	301	310	+	8.62245	0.000463	0.949	AAACACGTTA
taipale_cyt_meth__TFCP2_AWCCGGWTNNAWCCGGWT_eDBD		peak_102	102	119	-	7.26263	0.000463	1	AACTGGTTCTTTTCAGTG
taipale__GRHL1_full_NAAACCGGTTTN		peak_257	123	134	-	6.42857	0.000463	0.839	TGCACCGGTTTG
taipale__GRHL1_full_NAAACCGGTTTN		peak_310	369	380	+	6.42857	0.000463	0.839	CAAACCGGAAAA
taipale__GRHL1_full_NAAACCGGTTTN		peak_498	375	386	+	6.42857	0.000463	0.839	TAAACTGGTGTT
taipale__TFCP2_full_NCCGGNNNNNNCCGGN_repr		peak_164	405	420	+	6.42857	0.000465	1	TCCGGCTTGGTCAGCA
taipale__GRHL1_DBD_NAACCGGTTN_repr		peak_173	104	113	+	7.52041	0.000465	1	GAACCTGATC
taipale__GRHL1_full_NAAACCGGTTTN		peak_36	226	237	-	6.41837	0.000466	0.839	CAAACATGTATG
taipale__GRHL1_DBD_AACCGGWNNNWCCGGTT_repr		peak_480	297	313	-	5.82653	0.000466	1	GACCGCGTTGTCTGGTC
homer__NAAACCGGTTCAAACCGGTT_Tcfcp2l1		peak_462	149	168	-	6.18367	0.000467	1	TTAACCAATTTCAACTGGAT
homer__NAAACCGGTTCAAACCGGTT_Tcfcp2l1		peak_473	388	407	+	6.18367	0.000467	1	ATGGCCTGATAACTCTGGTA
taipale_cyt_meth__GRHL1_NAACCGGTTN_eDBD		peak_576	8	17	+	8.13265	0.000467	1	AAACACGTTT
taipale_cyt_meth__GRHL1_NAACCGGTTN_eDBD		peak_30	5	14	-	8.13265	0.000467	1	AAACACGTTT
taipale_cyt_meth__GRHL1_NAACCGGTTN_eDBD		peak_112	118	127	+	8.13265	0.000467	1	TTACCAGTTT
taipale_cyt_meth__GRHL1_NAACCGGTTN_eDBD		peak_556	507	516	-	8.13265	0.000467	1	AAACACGTTT
taipale__GRHL1_full_NAAACCGGTTTN		peak_486	562	573	+	6.40816	0.000467	0.839	AAATCAAGTTTT
taipale_cyt_meth__TFCP2_AWCCGGWTNNAWCCGGWT_eDBD		peak_578	168	185	+	7.24242	0.000468	1	GACAGGAAAATACCGCTG
taipale_cyt_meth__TFCP2_AWCCGGWTNNAWCCGGWT_eDBD		peak_32	260	277	+	7.24242	0.000468	1	GACTGGCAAGAAGAGGTA
taipale_cyt_meth__GRHL1_NAACCGGTTN_eDBD_meth_repr		peak_415	1	10	+	8.55102	0.000468	0.949	AAACGCGTTT
taipale_cyt_meth__GRHL1_NAACCGGTTN_eDBD_meth_repr		peak_415	1	10	-	8.55102	0.000468	0.949	AAACGCGTTT
taipale_cyt_meth__GRHL1_NAACCGGTTN_eDBD_meth_repr		peak_4	451	460	+	8.55102	0.000468	0.949	AAACGCGTTT
taipale_cyt_meth__GRHL1_NAACCGGTTN_eDBD_meth_repr		peak_4	451	460	-	8.55102	0.000468	0.949	AAACGCGTTT
taipale__TFCP2_full_NCCGGNNNNNNCCGGN_repr		peak_431	213	228	-	6.40816	0.000469	1	AGTGGTACGAAGCGAT
taipale__TFCP2_full_NCCGGNNNNNNCCGGN_repr		peak_141	231	246	-	6.40816	0.000469	1	TCCAGTGTAAAGCTGC
taipale_cyt_meth__GRHL1_NAACCGGTTN_eDBD		peak_30	5	14	+	8.12245	0.000469	1	AAACGTGTTT
taipale_cyt_meth__GRHL1_NAACCGGTTN_eDBD		peak_576	8	17	-	8.12245	0.000469	1	AAACGTGTTT
taipale_cyt_meth__GRHL1_NAACCGGTTN_eDBD		peak_556	507	516	+	8.12245	0.000469	1	AAACGTGTTT
taipale__TFCP2_full_NAACCGGTTN		peak_105	187	196	-	7.70408	0.000469	1	AAACAGGTTA
taipale__TFCP2_full_NAACCGGTTN		peak_477	292	301	-	7.70408	0.000469	1	AAGCCAGTTC
taipale_cyt_meth__GRHL1_NAACCGGTTN_eDBD_meth_repr		peak_139	257	266	+	8.54082	0.00047	0.949	AGTCCGGTTT
taipale_cyt_meth__TFCP2_AWCCGGWTNNAWCCGGWT_eDBD		peak_504	122	139	-	7.23232	0.00047	1	TGCCACACTGTGCCAGTT
taipale_cyt_meth__TFCP2_AWCCGGWTNNAWCCGGWT_eDBD		peak_599	346	363	+	7.23232	0.00047	1	AGCTGGCTTGCACATGAT
taipale__TFCP2_full_NCCGGNNNNNNCCGGN_repr		peak_333	526	541	-	6.39796	0.000471	1	TCCAGTGTGACCAGGT
taipale_cyt_meth__GRHL1_NAACCGGTTN_eDBD		peak_527	361	370	+	8.10204	0.000471	1	CGACCAGTTC
taipale_cyt_meth__GRHL1_NAACCGGTTN_eDBD_meth_repr		peak_139	257	266	-	8.53061	0.000472	0.949	AAACCGGACT
taipale__GRHL1_DBD_AACCGGWNNNWCCGGTT_repr		peak_268	345	361	-	5.79592	0.000472	1	AACAGGTGTATCGGTTT
taipale__TFCP2_full_NAACCGGTTN		peak_299	219	228	-	7.69388	0.000472	1	ATACTGGATT
taipale_cyt_meth__TFCP2_AWCCGGWTNNAWCCGGWT_eDBD		peak_354	161	178	+	7.22222	0.000472	1	CACTGGTGATTTCCGGCG
taipale_cyt_meth__TFCP2_AWCCGGWTNNAWCCGGWT_eDBD		peak_60	447	464	+	7.22222	0.000472	1	TTCCAGCCCTCGCCAGCT
taipale__GRHL1_DBD_NAACCGGTTN_repr		peak_420	111	120	+	7.46939	0.000474	1	ACACCAGTTC
taipale__GRHL1_DBD_NAACCGGTTN_repr		peak_466	300	309	+	7.46939	0.000474	1	CAACCTGATT
cisbp__M5928		peak_299	219	228	+	7.7449	0.000474	1	AATCCAGTAT
taipale__GRHL1_DBD_AACCGGWNNNWCCGGTT_repr		peak_121	98	114	+	5.78571	0.000474	1	CGCCACTTTGTCCGGTT
taipale_cyt_meth__GRHL1_NAACCGGTTN_eDBD		peak_333	206	215	-	8.08163	0.000474	1	AAACGAGTTT
taipale__TFCP2_full_NCCGGNNNNNNCCGGN_repr		peak_235	58	73	+	6.37755	0.000475	1	ACTGGTCAAAGCATGA
taipale__TFCP2_full_NCCGGNNNNNNCCGGN_repr		peak_504	123	138	+	6.37755	0.000475	1	ACTGGCACAGTGTGGC
homer__NAAACCGGTTCAAACCGGTT_Tcfcp2l1		peak_541	331	350	+	6.13265	0.000476	1	TTTTCAAGCCAAGTCTAGCT
taipale__GRHL1_DBD_AACCGGWNNNWCCGGTT_repr		peak_558	109	125	+	5.77551	0.000476	1	TAGCGGTTACACCGGGA
taipale__GRHL1_full_NAAACCGGTTTN		peak_475	35	46	-	6.34694	0.000477	0.846	AAACCCAGTTTA
taipale_cyt_meth__GRHL1_NAACCGGTTN_eDBD_meth_repr		peak_389	279	288	+	8.47959	0.000477	0.955	TTACCTGTTC
taipale__GRHL1_DBD_NAACCGGTTN_repr		peak_76	109	118	+	7.45918	0.000477	1	AATCTGGTTT
taipale__GRHL1_DBD_NAACCGGTTN_repr		peak_289	294	303	-	7.45918	0.000477	1	GAACCGGCTG
homer__NAAACCGGTTCAAACCGGTT_Tcfcp2l1		peak_543	265	284	+	6.12245	0.000478	1	ACTTCAAGGCAAAACCAGAT
taipale__GRHL1_DBD_AACCGGWNNNWCCGGTT_repr		peak_153	604	620	+	5.76531	0.000478	1	ATCAAGTAAATCGTGTT
cisbp__M5928		peak_567	31	40	+	7.72449	0.000478	1	GTACCAGTTG
cisbp__M5928		peak_414	277	286	+	7.72449	0.000478	1	GTACCAGTTG
taipale__TFCP2_full_NAACCGGTTN		peak_98	112	121	-	7.67347	0.000479	1	AAGCTGGTTT
taipale__TFCP2_full_NAACCGGTTN		peak_552	297	306	+	7.67347	0.000479	1	AAGCTGGTTT
taipale__TFCP2_full_NAACCGGTTN		peak_168	378	387	+	7.67347	0.000479	1	AAGCTGGTTT
taipale__TFCP2_full_NCCGGNNNNNNCCGGN_repr		peak_376	77	92	-	6.35714	0.000479	1	AGTGGATTTAACTAAT
taipale__GRHL1_full_NAAACCGGTTTN		peak_243	39	50	-	6.32653	0.00048	0.846	GAAACAGGTGTA
taipale__GRHL1_full_NAAACCGGTTTN		peak_430	137	148	-	6.32653	0.00048	0.846	CAATCAGGTTAA
taipale_cyt_meth__GRHL1_NAACCGGTTN_eDBD_meth_repr		peak_456	8	17	-	8.45918	0.000481	0.955	GAACAAGTTG
taipale_cyt_meth__GRHL1_NAACCGGTTN_eDBD_meth_repr		peak_406	347	356	+	8.45918	0.000481	0.955	GAACAAGTTG
homer__NAAACCGGTTCAAACCGGTT_Tcfcp2l1		peak_354	144	163	-	6.10204	0.000481	1	GTGACTGGCAAAAACTGCAC
taipale_cyt_meth__TFCP2_AWCCGGWTNNAWCCGGWT_eDBD		peak_432	59	76	-	7.18182	0.000481	1	AACCAGCATTTTCCCCTT
taipale_cyt_meth__TFCP2_AWCCGGWTNNAWCCGGWT_eDBD		peak_434	283	300	+	7.18182	0.000481	1	ACGCTGTTAGAACCAGAT
cisbp__M5928		peak_235	255	264	-	7.71429	0.000482	1	AATCCAGTCT
taipale__TFCP2_full_NAACCGGTTN		peak_588	300	309	+	7.65306	0.000483	1	CCACCGGTTT
taipale_cyt_meth__GRHL1_NAACCGGTTN_eDBD		peak_269	189	198	+	8.05102	0.000483	1	AAACCTGTAA
taipale_cyt_meth__GRHL1_NAACCGGTTN_eDBD		peak_415	312	321	-	8.05102	0.000483	1	ATACCTGTTA
taipale_cyt_meth__GRHL1_NAACCGGTTN_eDBD_meth_repr		peak_71	69	78	-	8.44898	0.000483	0.955	TAACAGGTAC
taipale__GRHL1_DBD_NAACCGGTTN_repr		peak_230	54	63	+	7.43878	0.000484	1	GAACCGGAAT
taipale__GRHL1_DBD_NAACCGGTTN_repr		peak_122	98	107	+	7.43878	0.000484	1	GAACAGGATC
taipale__GRHL1_DBD_NAACCGGTTN_repr		peak_558	171	180	-	7.43878	0.000484	1	GAACCGGAAT
taipale__GRHL1_DBD_NAACCGGTTN_repr		peak_488	275	284	+	7.43878	0.000484	1	AAACCAGATG
taipale__GRHL1_DBD_NAACCGGTTN_repr		peak_543	276	285	+	7.43878	0.000484	1	AAACCAGATG
taipale_cyt_meth__TFCP2_AWCCGGWTNNAWCCGGWT_eDBD		peak_312	80	97	-	7.17172	0.000484	1	AAGCGGAAGAATGTAGAT
taipale_cyt_meth__GRHL1_NAACCGGTTN_eDBD		peak_541	318	327	+	8.02041	0.000484	1	TAGCCGGTTA
taipale__GRHL1_full_NAAACCGGTTTN		peak_370	80	91	-	6.30612	0.000484	0.846	GAAACCCGATTT
taipale__GRHL1_full_NAAACCGGTTTN		peak_508	224	235	-	6.30612	0.000484	0.846	CAAACCGCTTCG
taipale__GRHL1_full_NAAACCGGTTTN		peak_588	299	310	-	6.30612	0.000484	0.846	GAAACCGGTGGA
taipale__GRHL1_full_NAAACCGGTTTN		peak_422	371	382	-	6.30612	0.000484	0.846	TGAACCAGTCAA
taipale__TFCP2_full_NCCGGNNNNNNCCGGN_repr		peak_474	129	144	+	6.32653	0.000486	1	ACCGGAAAAGGTCGAA
taipale__TFCP2_full_NCCGGNNNNNNCCGGN_repr		peak_473	391	406	+	6.32653	0.000486	1	GCCTGATAACTCTGGT
taipale_cyt_meth__GRHL1_NAACCGGTTN_eDBD_meth_repr		peak_468	114	123	-	8.43878	0.000486	0.955	AAACCCGTCA
taipale_cyt_meth__TFCP2_AWCCGGWTNNAWCCGGWT_eDBD		peak_447	227	244	+	7.16162	0.000486	1	GAGTGGTGCTAACTGGGT
taipale__GRHL1_full_NAAACCGGTTTN		peak_486	562	573	-	6.29592	0.000486	0.847	AAAACTTGATTT
taipale__GRHL1_DBD_AACCGGWNNNWCCGGTT_repr		peak_273	235	251	+	5.71429	0.000488	1	AACTTGGCTTACATGCT
taipale__TFCP2_full_NAACCGGTTN		peak_256	38	47	-	7.64286	0.000488	1	AAACGGGTTT
taipale__TFCP2_full_NAACCGGTTN		peak_164	65	74	-	7.64286	0.000488	1	AAACGGGTTT
taipale__TFCP2_full_NAACCGGTTN		peak_305	225	234	-	7.64286	0.000488	1	AAACCACTTT
taipale__TFCP2_full_NAACCGGTTN		peak_382	809	818	-	7.64286	0.000488	1	AAACGGGTTT
cisbp__M5928		peak_451	386	395	+	7.66327	0.000489	1	TCACCAGTTT
taipale__TFCP2_full_NCCGGNNNNNNCCGGN_repr		peak_437	45	60	-	6.30612	0.00049	1	ACCAGTACTTAGTTGT
taipale__GRHL1_DBD_NAACCGGTTN_repr		peak_229	115	124	+	7.40816	0.00049	1	TTACCGGATT
taipale__GRHL1_full_NAAACCGGTTTN		peak_198	109	120	-	6.27551	0.00049	0.847	AAATCCAGTTGG
taipale__GRHL1_full_NAAACCGGTTTN		peak_504	452	463	+	6.27551	0.00049	0.847	GCAACAAGTTTG
taipale_cyt_meth__TFCP2_AWCCGGWTNNAWCCGGWT_eDBD		peak_312	80	97	+	7.14141	0.000491	1	ATCTACATTCTTCCGCTT
taipale_cyt_meth__TFCP2_AWCCGGWTNNAWCCGGWT_eDBD		peak_113	140	157	+	7.14141	0.000491	1	TTCGGGTTACTGCTGGCT
taipale_cyt_meth__GRHL1_NAACCGGTTN_eDBD_meth_repr		peak_112	118	127	+	8.41837	0.000492	0.955	TTACCAGTTT
taipale_cyt_meth__GRHL1_NAACCGGTTN_eDBD_meth_repr		peak_473	437	446	+	8.41837	0.000492	0.955	TAACTAGTTC
taipale__GRHL1_DBD_AACCGGWNNNWCCGGTT_repr		peak_451	96	112	+	5.69388	0.000492	1	TACCAGCTTCGCCAGTG
taipale_cyt_meth__GRHL1_NAACCGGTTN_eDBD_meth_repr		peak_359	111	120	+	8.40816	0.000492	0.955	CTACCGGTTG
cisbp__M5928		peak_172	391	400	+	7.65306	0.000492	1	CAAGCGGTTT
taipale_cyt_meth__GRHL1_NAACCGGTTN_eDBD		peak_549	302	311	+	7.9898	0.000493	1	CAACTTGTTT
taipale_cyt_meth__GRHL1_NAACCGGTTN_eDBD		peak_352	349	358	-	7.9898	0.000493	1	CAACTTGTTT
homer__NAAACCGGTTCAAACCGGTT_Tcfcp2l1		peak_202	68	87	+	6.03061	0.000494	1	TTGACTTGTCACAGCATGTC
homer__NAAACCGGTTCAAACCGGTT_Tcfcp2l1		peak_280	338	357	+	6.03061	0.000494	1	TAATCTAGTTTCTTGTGGCT
homer__NAAACCGGTTCAAACCGGTT_Tcfcp2l1		peak_184	380	399	-	6.03061	0.000494	1	ACAACTTTTTCGAACTAGTT
taipale_cyt_meth__GRHL1_NAACCGGTTN_eDBD		peak_427	76	85	+	7.96939	0.000495	1	GGACCAGTTG
taipale__GRHL1_full_NAAACCGGTTTN		peak_493	229	240	+	6.2449	0.000496	0.847	CAAACGTGTTAA
taipale__GRHL1_full_NAAACCGGTTTN		peak_549	301	312	-	6.2449	0.000496	0.847	GAAACAAGTTGC
taipale__GRHL1_full_NAAACCGGTTTN		peak_168	377	388	+	6.2449	0.000496	0.847	CAAGCTGGTTTT
homer__NAAACCGGTTCAAACCGGTT_Tcfcp2l1		peak_29	170	189	-	6.02041	0.000496	1	CGCGCCGGATCTTTCCACTT
taipale_cyt_meth__GRHL1_NAACCGGTTN_eDBD		peak_289	294	303	-	7.95918	0.000496	1	GAACCGGCTG
taipale_cyt_meth__GRHL1_NAACCGGTTN_eDBD_meth_repr		peak_456	8	17	+	8.38776	0.000498	0.955	CAACTTGTTC
taipale_cyt_meth__GRHL1_NAACCGGTTN_eDBD_meth_repr		peak_359	111	120	-	8.38776	0.000498	0.955	CAACCGGTAG
taipale_cyt_meth__GRHL1_NAACCGGTTN_eDBD_meth_repr		peak_406	347	356	-	8.38776	0.000498	0.955	CAACTTGTTC
taipale__GRHL1_full_NAAACCGGTTTN		peak_584	291	302	-	6.23469	0.000498	0.848	AACACCGGTATT
homer__NAAACCGGTTCAAACCGGTT_Tcfcp2l1		peak_447	225	244	+	6.0102	0.000498	1	TAGAGTGGTGCTAACTGGGT
cisbp__M5928		peak_281	206	215	+	7.61224	0.000498	1	TAACCGGTCA
taipale__GRHL1_DBD_AACCGGWNNNWCCGGTT_repr		peak_282	450	466	-	5.65306	0.0005	1	ATGTAGTTCCTCGGGTT
taipale_cyt_meth__TFCP2_AWCCGGWTNNAWCCGGWT_eDBD		peak_200	3	20	-	7.10101	0.0005	1	AGCAGGCTCAGTCAGGCC
taipale__GRHL1_DBD_AACCGGWNNNWCCGGTT_repr		peak_504	93	109	-	5.64286	0.000502	1	GACCGAGCCAACATGTT
taipale__GRHL1_DBD_NAACCGGTTN_repr		peak_260	83	92	+	7.36735	0.000502	1	AAACCGGAAA
taipale__GRHL1_DBD_NAACCGGTTN_repr		peak_254	112	121	+	7.36735	0.000502	1	GAACCAGTAT
taipale__GRHL1_DBD_NAACCGGTTN_repr		peak_474	127	136	+	7.36735	0.000502	1	AAACCGGAAA
taipale__GRHL1_DBD_NAACCGGTTN_repr		peak_332	168	177	-	7.36735	0.000502	1	AAACCGGAAA
taipale__GRHL1_DBD_NAACCGGTTN_repr		peak_310	370	379	+	7.36735	0.000502	1	AAACCGGAAA
cisbp__M5928		peak_477	203	212	-	7.60204	0.000502	1	AAACTGGCTT
homer__NAAACCGGTTCAAACCGGTT_Tcfcp2l1		peak_348	269	288	-	5.9898	0.000502	1	ATGTCTGGGTTGTTCCTGTT
taipale__TFCP2_full_NAACCGGTTN		peak_353	13	22	+	7.59184	0.000503	1	AAACCAGACA
taipale__TFCP2_full_NAACCGGTTN		peak_501	71	80	-	7.59184	0.000503	1	AAACCAGACA
taipale__TFCP2_full_NAACCGGTTN		peak_406	169	178	+	7.59184	0.000503	1	AAGCTGGTTC
taipale__TFCP2_full_NAACCGGTTN		peak_313	471	480	-	7.58163	0.000504	1	GAACCGCTTA
taipale__GRHL1_full_NAAACCGGTTTN		peak_92	267	278	-	6.20408	0.000505	0.854	TATACCTGTTCT
taipale__TFCP2_full_NCCGGNNNNNNCCGGN_repr		peak_59	287	302	-	6.23469	0.000505	1	TCTGGTTAAATATGAA
taipale_cyt_meth__GRHL1_NAACCGGTTN_eDBD		peak_121	106	115	+	7.93878	0.000505	1	TGTCCGGTTT
taipale_cyt_meth__GRHL1_NAACCGGTTN_eDBD		peak_87	123	132	-	7.93878	0.000505	1	CAACATGTTT
taipale__TFCP2_full_NAACCGGTTN		peak_235	255	264	+	7.57143	0.000506	1	AGACTGGATT
taipale__GRHL1_DBD_AACCGGWNNNWCCGGTT_repr		peak_393	27	43	-	5.62245	0.000506	1	TACTCGTTTTACTTGGT
taipale__GRHL1_DBD_AACCGGWNNNWCCGGTT_repr		peak_343	355	371	-	5.62245	0.000506	1	AGCCAGTTTGTCTGGCA
taipale_cyt_meth__GRHL1_NAACCGGTTN_eDBD_meth_repr		peak_588	300	309	+	8.36735	0.000506	0.961	CCACCGGTTT
homer__NAAACCGGTTCAAACCGGTT_Tcfcp2l1		peak_293	69	88	-	5.96939	0.000506	1	CAAAGTGGTTAGTGGCAGTT
cisbp__M5928		peak_353	13	22	-	7.57143	0.000507	1	TGTCTGGTTT
cisbp__M5928		peak_501	71	80	+	7.57143	0.000507	1	TGTCTGGTTT
taipale__TFCP2_full_NCCGGNNNNNNCCGGN_repr		peak_576	320	335	-	6.22449	0.000507	1	TCCAGTTGGGACCCCT
taipale__GRHL1_full_NAAACCGGTTTN		peak_504	63	74	-	6.19388	0.000507	0.854	CTAACATGTTCG
taipale__GRHL1_full_NAAACCGGTTTN		peak_96	119	130	+	6.19388	0.000507	0.854	TTAACACGTTTT
taipale__GRHL1_DBD_NAACCGGTTN_repr		peak_215	44	53	+	7.33673	0.000509	1	AAACCCGTCG
taipale__GRHL1_DBD_NAACCGGTTN_repr		peak_112	118	127	+	7.33673	0.000509	1	TTACCAGTTT
cisbp__M5928		peak_299	219	228	-	7.56122	0.000509	1	ATACTGGATT
taipale__TFCP2_full_NCCGGNNNNNNCCGGN_repr		peak_374	322	337	+	6.21429	0.00051	1	ACTTGTTTAATGTCGT
taipale_cyt_meth__GRHL1_NAACCGGTTN_eDBD		peak_254	103	112	-	7.92857	0.00051	1	CTACTGGTTT
taipale_cyt_meth__TFCP2_AWCCGGWTNNAWCCGGWT_eDBD		peak_143	71	88	+	7.06061	0.00051	1	AAGTGCTTCCATCCACAT
taipale__GRHL1_DBD_NAACCGGTTN_repr		peak_477	203	212	+	7.32653	0.00051	1	AAGCCAGTTT
taipale__TFCP2_full_NAACCGGTTN		peak_567	31	40	-	7.56122	0.00051	1	CAACTGGTAC
taipale__TFCP2_full_NAACCGGTTN		peak_146	46	55	-	7.56122	0.00051	1	TAACTGGTCC
taipale__TFCP2_full_NAACCGGTTN		peak_112	147	156	+	7.56122	0.00051	1	AAACCACTTC
taipale__TFCP2_full_NAACCGGTTN		peak_414	277	286	-	7.56122	0.00051	1	CAACTGGTAC
homer__NAAACCGGTTCAAACCGGTT_Tcfcp2l1		peak_601	121	140	+	5.93878	0.000512	1	AAACCAAGCTGAGTCAAGCA
taipale__TFCP2_full_NCCGGNNNNNNCCGGN_repr		peak_373	96	111	+	6.20408	0.000512	1	ACCTGAAACAGCTGGG
taipale__TFCP2_full_NCCGGNNNNNNCCGGN_repr		peak_32	343	358	-	6.20408	0.000512	1	GCCGGTTTGCATTGCA
taipale__GRHL1_DBD_AACCGGWNNNWCCGGTT_repr		peak_98	130	146	+	5.59184	0.000512	1	ACCCAGCTTAACCCGGT
taipale__GRHL1_full_NAAACCGGTTTN		peak_273	52	63	-	6.17347	0.000512	0.855	ACAACCGGCTTA
taipale_cyt_meth__GRHL1_NAACCGGTTN_eDBD		peak_531	47	56	+	7.90816	0.000513	1	TAACTGGTCA
taipale__GRHL1_DBD_NAACCGGTTN_repr		peak_243	40	49	+	7.31633	0.000513	1	ACACCTGTTT
taipale__GRHL1_DBD_NAACCGGTTN_repr		peak_328	64	73	+	7.31633	0.000513	1	ACACCTGTTT
taipale__GRHL1_DBD_NAACCGGTTN_repr		peak_516	58	67	-	7.31633	0.000513	1	CAACAAGTTT
taipale__GRHL1_DBD_NAACCGGTTN_repr		peak_286	130	139	+	7.31633	0.000513	1	CAACAAGTTT
taipale__GRHL1_DBD_NAACCGGTTN_repr		peak_558	150	159	+	7.31633	0.000513	1	CAACAAGTTT
taipale__GRHL1_DBD_NAACCGGTTN_repr		peak_504	453	462	+	7.31633	0.000513	1	CAACAAGTTT
taipale__GRHL1_full_NAAACCGGTTTN		peak_268	352	363	-	6.16327	0.000514	0.855	AGAACAGGTGTA
taipale_cyt_meth__GRHL1_NAACCGGTTN_eDBD		peak_516	58	67	-	7.89796	0.000514	1	CAACAAGTTT
taipale_cyt_meth__GRHL1_NAACCGGTTN_eDBD		peak_286	130	139	+	7.89796	0.000514	1	CAACAAGTTT
taipale_cyt_meth__GRHL1_NAACCGGTTN_eDBD		peak_558	150	159	+	7.89796	0.000514	1	CAACAAGTTT
taipale_cyt_meth__GRHL1_NAACCGGTTN_eDBD		peak_504	453	462	+	7.89796	0.000514	1	CAACAAGTTT
taipale__TFCP2_full_NAACCGGTTN		peak_451	386	395	-	7.54082	0.000514	1	AAACTGGTGA
taipale__TFCP2_full_NCCGGNNNNNNCCGGN_repr		peak_348	270	285	+	6.19388	0.000514	1	ACAGGAACAACCCAGA
taipale__TFCP2_full_NCCGGNNNNNNCCGGN_repr		peak_269	313	328	+	6.19388	0.000514	1	GCCGTATTTAACTAGT
taipale_cyt_meth__TFCP2_AWCCGGWTNNAWCCGGWT_eDBD		peak_316	167	184	+	7.0404	0.000515	1	AGCTAGTGGTGGCCAGCT
taipale_cyt_meth__TFCP2_AWCCGGWTNNAWCCGGWT_eDBD		peak_60	447	464	-	7.0404	0.000515	1	AGCTGGCGAGGGCTGGAA
taipale_cyt_meth__GRHL1_NAACCGGTTN_eDBD_meth_repr		peak_36	227	236	+	8.34694	0.000516	0.961	ATACATGTTT
taipale_cyt_meth__GRHL1_NAACCGGTTN_eDBD_meth_repr		peak_246	235	244	-	8.34694	0.000516	0.961	ATACATGTTT
taipale_cyt_meth__GRHL1_NAACCGGTTN_eDBD_meth_repr		peak_34	251	260	-	8.34694	0.000516	0.961	ATACATGTTT
taipale_cyt_meth__GRHL1_NAACCGGTTN_eDBD_meth_repr		peak_180	630	639	+	8.34694	0.000516	0.961	ATACATGTTT
taipale__GRHL1_DBD_AACCGGWNNNWCCGGTT_repr		peak_488	172	188	-	5.57143	0.000516	1	AAGTGGATAATCTTGTG
taipale__GRHL1_DBD_AACCGGWNNNWCCGGTT_repr		peak_367	226	242	-	5.57143	0.000516	1	ATCCGCTAAATCGGGAT
taipale__TFCP2_full_NCCGGNNNNNNCCGGN_repr		peak_348	68	83	-	6.18367	0.000516	1	GCCAGTTTGCGCTGCT
taipale__TFCP2_full_NCCGGNNNNNNCCGGN_repr		peak_510	429	444	+	6.18367	0.000516	1	ACCGTTTCGAACGGTT
taipale__GRHL1_full_NAAACCGGTTTN		peak_245	45	56	-	6.14286	0.000517	0.855	AGAACCCGATTT
homer__NAAACCGGTTCAAACCGGTT_Tcfcp2l1		peak_7	48	67	-	5.90816	0.000518	1	AAGGCCAGACCCTGGCGGGT
homer__NAAACCGGTTCAAACCGGTT_Tcfcp2l1		peak_606	297	316	-	5.90816	0.000518	1	CCGCCCAGCGCAGCCCAGCA
cisbp__M5928		peak_359	111	120	+	7.53061	0.000518	1	CTACCGGTTG
taipale_cyt_meth__GRHL1_NAACCGGTTN_eDBD_meth_repr		peak_243	40	49	+	8.33673	0.000518	0.961	ACACCTGTTT
taipale_cyt_meth__GRHL1_NAACCGGTTN_eDBD_meth_repr		peak_328	64	73	+	8.33673	0.000518	0.961	ACACCTGTTT
taipale_cyt_meth__GRHL1_NAACCGGTTN_eDBD_meth_repr		peak_71	69	78	+	8.33673	0.000518	0.961	GTACCTGTTA
taipale__GRHL1_DBD_NAACCGGTTN_repr		peak_98	139	148	-	7.29592	0.000519	1	CAACCGGGTT
taipale__GRHL1_DBD_NAACCGGTTN_repr		peak_343	225	234	-	7.29592	0.000519	1	GGACTGGTTT
taipale__GRHL1_DBD_NAACCGGTTN_repr		peak_541	318	327	+	7.29592	0.000519	1	TAGCCGGTTA
taipale_cyt_meth__GRHL1_NAACCGGTTN_eDBD		peak_516	58	67	+	7.87755	0.000519	1	AAACTTGTTG
taipale_cyt_meth__GRHL1_NAACCGGTTN_eDBD		peak_286	130	139	-	7.87755	0.000519	1	AAACTTGTTG
taipale_cyt_meth__GRHL1_NAACCGGTTN_eDBD		peak_558	150	159	-	7.87755	0.000519	1	AAACTTGTTG
taipale_cyt_meth__GRHL1_NAACCGGTTN_eDBD		peak_434	292	301	-	7.87755	0.000519	1	AATCTGGTTC
taipale_cyt_meth__GRHL1_NAACCGGTTN_eDBD		peak_504	453	462	-	7.87755	0.000519	1	AAACTTGTTG
taipale__GRHL1_full_NAAACCGGTTTN		peak_540	125	136	-	6.13265	0.000519	0.855	TAAACCAGATAC
cisbp__M5928		peak_232	92	101	-	7.52041	0.00052	1	GAAGCGGTTA
cisbp__M5928		peak_477	292	301	+	7.52041	0.00052	1	GAACTGGCTT
taipale__GRHL1_full_NAAACCGGTTTN		peak_555	189	200	-	6.12245	0.000522	0.855	AATACCCGTTAA
taipale__GRHL1_full_NAAACCGGTTTN		peak_592	371	382	-	6.12245	0.000522	0.855	AAAACCCGTAGT
cisbp__M5928		peak_168	169	178	-	7.5102	0.000522	1	AAACTGGTGT
cisbp__M5928		peak_498	376	385	+	7.5102	0.000522	1	AAACTGGTGT
taipale__TFCP2_full_NAACCGGTTN		peak_273	53	62	+	7.5	0.000523	1	AAGCCGGTTG
taipale__TFCP2_full_NAACCGGTTN		peak_281	206	215	-	7.5	0.000523	1	TGACCGGTTA
taipale__TFCP2_full_NAACCGGTTN		peak_265	433	442	-	7.5	0.000523	1	AAGCCGGTTG
taipale__TFCP2_full_NAACCGGTTN		peak_290	491	500	-	7.5	0.000523	1	AAGCCGGTTG
taipale__TFCP2_full_NAACCGGTTN		peak_88	693	702	-	7.5	0.000523	1	AAGCCGGTTG
taipale__TFCP2_full_NCCGGNNNNNNCCGGN_repr		peak_330	316	331	-	6.15306	0.000523	1	ACCTGTTTATATCGTA
taipale__GRHL1_DBD_NAACCGGTTN_repr		peak_44	11	20	+	7.26531	0.000524	1	CTACCAGTTT
taipale__GRHL1_DBD_NAACCGGTTN_repr		peak_255	25	34	-	7.26531	0.000524	1	CTACCAGTTT
taipale__GRHL1_DBD_AACCGGWNNNWCCGGTT_repr		peak_468	106	122	-	5.53061	0.000525	1	AACCCGTCAAGCTCGAC
taipale_cyt_meth__GRHL1_NAACCGGTTN_eDBD_meth_repr		peak_246	235	244	+	8.32653	0.000525	0.961	AAACATGTAT
taipale_cyt_meth__GRHL1_NAACCGGTTN_eDBD_meth_repr		peak_36	227	236	-	8.32653	0.000525	0.961	AAACATGTAT
taipale_cyt_meth__GRHL1_NAACCGGTTN_eDBD_meth_repr		peak_34	251	260	+	8.32653	0.000525	0.961	AAACATGTAT
taipale_cyt_meth__GRHL1_NAACCGGTTN_eDBD_meth_repr		peak_180	630	639	-	8.32653	0.000525	0.961	AAACATGTAT
taipale__TFCP2_full_NCCGGNNNNNNCCGGN_repr		peak_255	294	309	+	6.14286	0.000525	1	ACCAGTTGGAAACTTT
taipale__GRHL1_full_NAAACCGGTTTN		peak_184	288	299	+	6.10204	0.000526	0.855	TAAACAAGATTT
taipale_cyt_meth__GRHL1_NAACCGGTTN_eDBD		peak_98	112	121	-	7.84694	0.000526	1	AAGCTGGTTT
taipale_cyt_meth__GRHL1_NAACCGGTTN_eDBD		peak_552	297	306	+	7.84694	0.000526	1	AAGCTGGTTT
taipale_cyt_meth__GRHL1_NAACCGGTTN_eDBD		peak_168	378	387	+	7.84694	0.000526	1	AAGCTGGTTT
cisbp__M5928		peak_98	112	121	+	7.5	0.000528	1	AAACCAGCTT
cisbp__M5928		peak_361	135	144	+	7.5	0.000528	1	ATACTAGTTT
cisbp__M5928		peak_552	297	306	-	7.5	0.000528	1	AAACCAGCTT
cisbp__M5928		peak_168	378	387	-	7.5	0.000528	1	AAACCAGCTT
homer__NAAACCGGTTCAAACCGGTT_Tcfcp2l1		peak_589	277	296	+	5.85714	0.000528	1	ACGAGAGGCTCGAAGTGGTT
taipale__TFCP2_full_NCCGGNNNNNNCCGGN_repr		peak_427	78	93	+	6.13265	0.000528	1	ACCAGTTGTTTCTGCA
taipale__TFCP2_full_NCCGGNNNNNNCCGGN_repr		peak_456	305	320	+	6.13265	0.000528	1	AGTGGTCACATCTGGT
taipale__TFCP2_full_NAACCGGTTN		peak_359	111	120	-	7.46939	0.000529	1	CAACCGGTAG
taipale__GRHL1_full_NAAACCGGTTTN		peak_230	53	64	+	6.09184	0.000529	0.855	AGAACCGGAATC
taipale__GRHL1_full_NAAACCGGTTTN		peak_594	71	82	-	6.09184	0.000529	0.855	ATAACCAGTGTT
taipale_cyt_meth__TFCP2_AWCCGGWTNNAWCCGGWT_eDBD		peak_201	76	93	-	6.9798	0.00053	1	GACAAGTACATTCCGCAA
taipale__TFCP2_full_NCCGGNNNNNNCCGGN_repr		peak_213	112	127	+	6.12245	0.00053	1	ATCAGTTTCAAGCGGT
taipale__TFCP2_full_NCCGGNNNNNNCCGGN_repr		peak_25	233	248	+	6.12245	0.00053	1	TCTGGCTTAATATGAT
cisbp__M5928		peak_290	476	485	+	7.47959	0.000531	1	GTACTGGATT
taipale__GRHL1_full_NAAACCGGTTTN		peak_493	229	240	-	6.08163	0.000531	0.855	TTAACACGTTTG
taipale__GRHL1_full_NAAACCGGTTTN		peak_63	414	425	+	6.08163	0.000531	0.855	ATAACTGGTACA
homer__NAAACCGGTTCAAACCGGTT_Tcfcp2l1		peak_518	288	307	-	5.83673	0.000532	1	ACACCTAACTTAAGCCGGTT
taipale__GRHL1_DBD_NAACCGGTTN_repr		peak_7	35	44	-	7.22449	0.000532	1	CAGCCGGTTA
taipale__TFCP2_full_NAACCGGTTN		peak_299	219	228	+	7.44898	0.000533	1	AATCCAGTAT
taipale__TFCP2_full_NAACCGGTTN		peak_119	289	298	+	7.44898	0.000533	1	AAACTGCTTC
taipale_cyt_meth__GRHL1_NAACCGGTTN_eDBD		peak_87	123	132	+	7.82653	0.000533	1	AAACATGTTG
taipale_cyt_meth__GRHL1_NAACCGGTTN_eDBD		peak_56	218	227	-	7.82653	0.000533	1	AATCAGGTTC
homer__NAAACCGGTTCAAACCGGTT_Tcfcp2l1		peak_430	256	275	+	5.82653	0.000534	1	ACAGCCTGGACAGCCCGGCT
taipale__GRHL1_full_NAAACCGGTTTN		peak_576	7	18	-	6.07143	0.000534	0.855	GAAACGTGTTTC
taipale__GRHL1_full_NAAACCGGTTTN		peak_389	278	289	-	6.07143	0.000534	0.855	CGAACAGGTAAA
taipale__GRHL1_full_NAAACCGGTTTN		peak_310	385	396	+	6.07143	0.000534	0.855	AAAAACGGTTGT
taipale_cyt_meth__TFCP2_AWCCGGWTNNAWCCGGWT_eDBD		peak_73	252	269	-	6.9596	0.000535	1	GAGCAGAGTGAGCCAGCT
taipale_cyt_meth__TFCP2_AWCCGGWTNNAWCCGGWT_eDBD		peak_488	276	293	+	6.9596	0.000535	1	AACCAGATGGATGCTCAT
taipale__TFCP2_full_NCCGGNNNNNNCCGGN_repr		peak_605	133	148	-	6.10204	0.000535	1	TACGGTATTAACTAGT
taipale__GRHL1_DBD_NAACCGGTTN_repr		peak_7	35	44	+	7.21429	0.000535	1	TAACCGGCTG
taipale__GRHL1_DBD_AACCGGWNNNWCCGGTT_repr		peak_214	128	144	+	5.47959	0.000535	1	AAGCTGTATATCAAGAA
homer__NAAACCGGTTCAAACCGGTT_Tcfcp2l1		peak_323	158	177	-	5.81633	0.000536	1	TGCACTGCTTACATCCGGCA
homer__NAAACCGGTTCAAACCGGTT_Tcfcp2l1		peak_236	195	214	+	5.81633	0.000536	1	TTATGTAGCTGTGGCTGGCC
taipale__TFCP2_full_NCCGGNNNNNNCCGGN_repr		peak_389	281	296	-	6.09184	0.000537	1	ACTGAATCGAACAGGT
taipale_cyt_meth__GRHL1_NAACCGGTTN_eDBD_meth_repr		peak_389	279	288	-	8.30612	0.000538	0.971	GAACAGGTAA
taipale_cyt_meth__GRHL1_NAACCGGTTN_eDBD		peak_44	11	20	-	7.81633	0.000538	1	AAACTGGTAG
taipale_cyt_meth__GRHL1_NAACCGGTTN_eDBD		peak_255	25	34	+	7.81633	0.000538	1	AAACTGGTAG
taipale__TFCP2_full_NCCGGNNNNNNCCGGN_repr		peak_104	306	321	+	6.08163	0.000539	1	GCCAGTCACAACCAGA
cisbp__M5928		peak_146	46	55	+	7.45918	0.00054	1	GGACCAGTTA
cisbp__M5928		peak_20	178	187	-	7.45918	0.00054	1	ATACCAGATT
taipale_cyt_meth__TFCP2_AWCCGGWTNNAWCCGGWT_eDBD		peak_102	102	119	+	6.93939	0.00054	1	CACTGAAAAGAACCAGTT
taipale_cyt_meth__TFCP2_AWCCGGWTNNAWCCGGWT_eDBD		peak_279	86	103	-	6.93939	0.00054	1	TTCTGGCTCTTTCTAGCA
taipale_cyt_meth__TFCP2_AWCCGGWTNNAWCCGGWT_eDBD		peak_286	131	148	-	6.93939	0.00054	1	CAGCAGCCAAAACTTGTT
taipale_cyt_meth__TFCP2_AWCCGGWTNNAWCCGGWT_eDBD		peak_516	308	325	+	6.93939	0.00054	1	AACATGTTTAGGCATGTT
taipale_cyt_meth__TFCP2_AWCCGGWTNNAWCCGGWT_eDBD		peak_517	321	338	+	6.93939	0.00054	1	CGGCGGATCCGACCGCTC
taipale__TFCP2_full_NAACCGGTTN		peak_229	115	124	+	7.40816	0.000541	1	TTACCGGATT
taipale__GRHL1_DBD_AACCGGWNNNWCCGGTT_repr		peak_81	344	360	+	5.44898	0.000542	1	TACATGTGTGTCTGGTG
taipale__GRHL1_full_NAAACCGGTTTN		peak_578	240	251	-	6.03061	0.000542	0.862	AAAACACGTATG
taipale__TFCP2_full_NCCGGNNNNNNCCGGN_repr		peak_486	810	825	-	6.07143	0.000542	1	ACCGAAAGAAACGGGT
homer__NAAACCGGTTCAAACCGGTT_Tcfcp2l1		peak_561	496	515	-	5.78571	0.000542	1	TGTACCATATCAGACCGGTC
taipale__GRHL1_DBD_NAACCGGTTN_repr		peak_434	292	301	-	7.19388	0.000542	1	AATCTGGTTC
taipale__GRHL1_DBD_NAACCGGTTN_repr		peak_561	663	672	-	7.19388	0.000542	1	TAACAGGATC
taipale_cyt_meth__GRHL1_NAACCGGTTN_eDBD_meth_repr		peak_343	181	190	+	8.28571	0.000542	0.971	TAACGAGTTT
taipale_cyt_meth__GRHL1_NAACCGGTTN_eDBD_meth_repr		peak_512	181	190	+	8.28571	0.000542	0.971	TAACATGTCT
taipale_cyt_meth__GRHL1_NAACCGGTTN_eDBD_meth_repr		peak_218	280	289	-	8.28571	0.000542	0.971	TAACGAGTTT
taipale__TFCP2_full_NAACCGGTTN		peak_168	169	178	+	7.39796	0.000543	1	ACACCAGTTT
taipale__TFCP2_full_NAACCGGTTN		peak_498	376	385	-	7.39796	0.000543	1	ACACCAGTTT
taipale__GRHL1_DBD_NAACCGGTTN_repr		peak_333	206	215	+	7.18367	0.000543	1	AAACTCGTTT
taipale_cyt_meth__TFCP2_AWCCGGWTNNAWCCGGWT_eDBD		peak_305	94	111	-	6.91919	0.000545	1	GGCTGGCAAGTGCCGGCA
taipale__GRHL1_full_NAAACCGGTTTN		peak_146	83	94	-	6.0102	0.000546	0.862	TAAACCGGCTGT
taipale__GRHL1_full_NAAACCGGTTTN		peak_343	180	191	+	6.0102	0.000546	0.862	TTAACGAGTTTT
taipale_cyt_meth__GRHL1_NAACCGGTTN_eDBD		peak_549	302	311	-	7.78571	0.000546	1	AAACAAGTTG
taipale_cyt_meth__GRHL1_NAACCGGTTN_eDBD		peak_352	349	358	+	7.78571	0.000546	1	AAACAAGTTG
homer__NAAACCGGTTCAAACCGGTT_Tcfcp2l1		peak_257	20	39	+	5.76531	0.000546	1	GCTCCTTGATCAGGCAGGCT
taipale__GRHL1_DBD_AACCGGWNNNWCCGGTT_repr		peak_321	185	201	+	5.42857	0.000546	1	AACTGGTTTATCAATAT
cisbp__M5928		peak_598	27	36	+	7.42857	0.000546	1	AAACAGGTTG
cisbp__M5928		peak_420	111	120	-	7.42857	0.000546	1	GAACTGGTGT
cisbp__M5928		peak_584	292	301	-	7.42857	0.000546	1	ACACCGGTAT
taipale__TFCP2_full_NCCGGNNNNNNCCGGN_repr		peak_231	9	24	+	6.05102	0.000547	1	GCCAGATCAGACCAAA
taipale__TFCP2_full_NCCGGNNNNNNCCGGN_repr		peak_349	84	99	-	6.05102	0.000547	1	TCTGGAAACAATCGAT
taipale__TFCP2_full_NCCGGNNNNNNCCGGN_repr		peak_33	345	360	-	6.05102	0.000547	1	TCCGGCTTTCGCTGAA
taipale_cyt_meth__GRHL1_NAACCGGTTN_eDBD_meth_repr		peak_427	76	85	+	8.27551	0.000547	0.971	GGACCAGTTG
taipale_cyt_meth__GRHL1_NAACCGGTTN_eDBD_meth_repr		peak_473	437	446	-	8.27551	0.000547	0.971	GAACTAGTTA
taipale__GRHL1_full_NAAACCGGTTTN		peak_476	105	116	-	6	0.000548	0.862	TGAACGGGTCTT
taipale__GRHL1_full_NAAACCGGTTTN		peak_474	126	137	+	6	0.000548	0.862	TAAACCGGAAAA
taipale__GRHL1_DBD_NAACCGGTTN_repr		peak_536	266	275	+	7.17347	0.000548	1	GAACCGGAAC
taipale__GRHL1_DBD_AACCGGWNNNWCCGGTT_repr		peak_411	82	98	+	5.41837	0.000548	1	ATCACGATGTACAGGTA
taipale__GRHL1_DBD_AACCGGWNNNWCCGGTT_repr		peak_406	339	355	+	5.41837	0.000548	1	GACATATTGAACAAGTT
taipale__TFCP2_full_NAACCGGTTN		peak_361	135	144	-	7.38776	0.000548	1	AAACTAGTAT
taipale__TFCP2_full_NCCGGNNNNNNCCGGN_repr		peak_198	191	206	+	6.04082	0.000549	1	TCCGGTTGTTGCTTGG
taipale__TFCP2_full_NCCGGNNNNNNCCGGN_repr		peak_387	207	222	-	6.04082	0.000549	1	ACCAGTTGGATATGCA
taipale_cyt_meth__TFCP2_AWCCGGWTNNAWCCGGWT_eDBD		peak_340	319	336	+	6.89899	0.00055	1	CGCCAGAAAGATCTGGCA
taipale_cyt_meth__TFCP2_AWCCGGWTNNAWCCGGWT_eDBD		peak_459	537	554	-	6.89899	0.00055	1	ATCTGGTGACGACGGGCT
taipale_cyt_meth__GRHL1_NAACCGGTTN_eDBD		peak_473	437	446	+	7.76531	0.000551	1	TAACTAGTTC
taipale_cyt_meth__GRHL1_NAACCGGTTN_eDBD_meth_repr		peak_281	48	57	+	8.2551	0.000551	0.971	GAACCGGATG
taipale_cyt_meth__GRHL1_NAACCGGTTN_eDBD_meth_repr		peak_290	405	414	+	8.2551	0.000551	0.971	CAACGTGTTT
taipale__GRHL1_DBD_AACCGGWNNNWCCGGTT_repr		peak_119	179	195	-	5.39796	0.000553	1	AAGCTGTTAAACAAGCA
cisbp__M5928		peak_229	115	124	-	7.41837	0.000553	1	AATCCGGTAA
cisbp__M5928		peak_406	169	178	-	7.41837	0.000553	1	GAACCAGCTT
taipale_cyt_meth__TFCP2_AWCCGGWTNNAWCCGGWT_eDBD		peak_432	59	76	+	6.88889	0.000553	1	AAGGGGAAAATGCTGGTT
taipale__TFCP2_full_NCCGGNNNNNNCCGGN_repr		peak_561	432	447	+	6.02041	0.000554	1	GCTGGTCTGGTCTGGC
taipale__GRHL1_DBD_AACCGGWNNNWCCGGTT_repr		peak_304	2	18	-	5.38776	0.000555	1	AGCCGGCTAACCGGCTT
taipale__GRHL1_DBD_AACCGGWNNNWCCGGTT_repr		peak_242	344	360	-	5.38776	0.000555	1	TACTCGTTTTACCTCAT
taipale__GRHL1_full_NAAACCGGTTTN		peak_282	238	249	+	5.96939	0.000555	0.871	AAACCCTGTTTT
taipale__TFCP2_full_NAACCGGTTN		peak_359	75	84	-	7.36735	0.000555	1	AAACCGTTTT
taipale__TFCP2_full_NAACCGGTTN		peak_280	169	178	-	7.36735	0.000555	1	AAACCGTTTT
taipale__TFCP2_full_NAACCGGTTN		peak_290	476	485	-	7.36735	0.000555	1	AATCCAGTAC
taipale_cyt_meth__TFCP2_AWCCGGWTNNAWCCGGWT_eDBD		peak_31	377	394	-	6.87879	0.000555	1	CGCTGGAACATTGCAGTT
taipale__GRHL1_DBD_NAACCGGTTN_repr		peak_239	108	117	+	7.14286	0.000555	1	AAACATGTTA
taipale__GRHL1_DBD_NAACCGGTTN_repr		peak_255	125	134	+	7.14286	0.000555	1	AAACATGTTA
taipale_cyt_meth__GRHL1_NAACCGGTTN_eDBD		peak_210	17	26	+	7.7551	0.000556	1	TAACATGTTC
taipale_cyt_meth__GRHL1_NAACCGGTTN_eDBD		peak_246	46	55	-	7.7551	0.000556	1	TAACATGTTC
taipale_cyt_meth__GRHL1_NAACCGGTTN_eDBD		peak_504	64	73	-	7.7551	0.000556	1	TAACATGTTC
taipale_cyt_meth__GRHL1_NAACCGGTTN_eDBD		peak_7	76	85	-	7.7551	0.000556	1	TAACATGTTC
taipale_cyt_meth__GRHL1_NAACCGGTTN_eDBD		peak_468	114	123	+	7.7551	0.000556	1	TGACGGGTTT
cisbp__M5928		peak_455	167	176	+	7.40816	0.000557	1	TTTCCGGTTG
cisbp__M5928		peak_474	174	183	+	7.40816	0.000557	1	AAACCAGTGT
cisbp__M5928		peak_88	403	412	-	7.40816	0.000557	1	AAACCTGTTG
taipale_cyt_meth__GRHL1_NAACCGGTTN_eDBD_meth_repr		peak_527	361	370	+	8.2449	0.000557	0.971	CGACCAGTTC
taipale_cyt_meth__TFCP2_AWCCGGWTNNAWCCGGWT_eDBD		peak_279	37	54	+	6.86869	0.000558	1	GTCAAGAAGTTTCTGGTT
taipale_cyt_meth__TFCP2_AWCCGGWTNNAWCCGGWT_eDBD		peak_296	119	136	-	6.86869	0.000558	1	CACCAGATAATACGAGTA
taipale_cyt_meth__TFCP2_AWCCGGWTNNAWCCGGWT_eDBD		peak_475	159	176	-	6.86869	0.000558	1	CACCAGATGGTGCTTGCT
taipale__GRHL1_DBD_NAACCGGTTN_repr		peak_359	75	84	+	7.13265	0.000559	1	AAAACGGTTT
taipale__GRHL1_DBD_NAACCGGTTN_repr		peak_280	169	178	+	7.13265	0.000559	1	AAAACGGTTT
taipale__TFCP2_full_NAACCGGTTN		peak_359	75	84	+	7.35714	0.000559	1	AAAACGGTTT
taipale__TFCP2_full_NAACCGGTTN		peak_280	169	178	+	7.35714	0.000559	1	AAAACGGTTT
taipale__TFCP2_full_NAACCGGTTN		peak_172	391	400	-	7.35714	0.000559	1	AAACCGCTTG
homer__NAAACCGGTTCAAACCGGTT_Tcfcp2l1		peak_504	122	141	-	5.69388	0.000561	1	CTTGCCACACTGTGCCAGTT
taipale__GRHL1_full_NAAACCGGTTTN		peak_112	117	128	+	5.93878	0.000561	0.876	TTTACCAGTTTA
taipale__TFCP2_full_NAACCGGTTN		peak_598	27	36	-	7.34694	0.000562	1	CAACCTGTTT
taipale_cyt_meth__GRHL1_NAACCGGTTN_eDBD		peak_63	415	424	+	7.7449	0.000562	1	TAACTGGTAC
taipale_cyt_meth__GRHL1_NAACCGGTTN_eDBD_meth_repr		peak_281	48	57	-	8.23469	0.000563	0.971	CATCCGGTTC
taipale_cyt_meth__GRHL1_NAACCGGTTN_eDBD_meth_repr		peak_56	218	227	+	8.23469	0.000563	0.971	GAACCTGATT
taipale_cyt_meth__TFCP2_AWCCGGWTNNAWCCGGWT_eDBD		peak_144	69	86	+	6.84848	0.000563	1	CACTGGGAAAAACCAGAG
taipale__GRHL1_DBD_AACCGGWNNNWCCGGTT_repr		peak_157	56	72	+	5.34694	0.000564	1	CAGCTGTTCTGCCGCTT
taipale__GRHL1_DBD_AACCGGWNNNWCCGGTT_repr		peak_422	335	351	-	5.34694	0.000564	1	GAGAAGTTTTACAGGGT
homer__NAAACCGGTTCAAACCGGTT_Tcfcp2l1		peak_554	552	571	+	5.67347	0.000565	1	TACACCGCTATTATCTGGCT
cisbp__M5928		peak_126	79	88	+	7.34694	0.000565	1	GAACAGGTTG
cisbp__M5928		peak_304	88	97	+	7.34694	0.000565	1	GAACAGGTTG
taipale__GRHL1_full_NAAACCGGTTTN		peak_146	45	56	+	5.91837	0.000565	0.876	TGGACCAGTTAT
taipale__GRHL1_DBD_NAACCGGTTN_repr		peak_490	8	17	+	7.12245	0.000566	1	CAACCGGAAT
taipale__GRHL1_DBD_NAACCGGTTN_repr		peak_467	150	159	+	7.12245	0.000566	1	TAACAAGTTC
taipale_cyt_meth__GRHL1_NAACCGGTTN_eDBD		peak_121	106	115	-	7.72449	0.000566	1	AAACCGGACA
taipale_cyt_meth__GRHL1_NAACCGGTTN_eDBD_meth_repr		peak_142	83	92	-	8.22449	0.000567	0.971	GAGCCGGTTC
taipale_cyt_meth__GRHL1_NAACCGGTTN_eDBD_meth_repr		peak_527	361	370	-	8.22449	0.000567	0.971	GAACTGGTCG
homer__NAAACCGGTTCAAACCGGTT_Tcfcp2l1		peak_279	37	56	-	5.66327	0.000567	1	AGAACCAGAAACTTCTTGAC
taipale__TFCP2_full_NAACCGGTTN		peak_20	178	187	+	7.33673	0.000567	1	AATCTGGTAT
taipale__TFCP2_full_NAACCGGTTN		peak_584	292	301	+	7.33673	0.000567	1	ATACCGGTGT
taipale__GRHL1_DBD_NAACCGGTTN_repr		peak_121	106	115	+	7.11224	0.000568	1	TGTCCGGTTT
taipale__GRHL1_DBD_NAACCGGTTN_repr		peak_98	139	148	+	7.11224	0.000568	1	AACCCGGTTG
taipale__TFCP2_full_NCCGGNNNNNNCCGGN_repr		peak_139	249	264	-	5.95918	0.000568	1	ACCGGACTGTAGTAGC
taipale__GRHL1_DBD_AACCGGWNNNWCCGGTT_repr		peak_380	215	231	-	5.32653	0.000568	1	AGCTAGAATAGCTGGTG
taipale_cyt_meth__TFCP2_AWCCGGWTNNAWCCGGWT_eDBD		peak_195	337	354	+	6.82828	0.000569	1	AACTCGATTTTGCCACTT
taipale__GRHL1_DBD_AACCGGWNNNWCCGGTT_repr		peak_470	370	386	-	5.31633	0.000571	1	TCCTTGCTTTTCAAGTT
taipale_cyt_meth__GRHL1_NAACCGGTTN_eDBD		peak_44	11	20	+	7.71429	0.000571	1	CTACCAGTTT
taipale_cyt_meth__GRHL1_NAACCGGTTN_eDBD		peak_255	25	34	-	7.71429	0.000571	1	CTACCAGTTT
taipale_cyt_meth__GRHL1_NAACCGGTTN_eDBD		peak_467	150	159	+	7.71429	0.000571	1	TAACAAGTTC
taipale_cyt_meth__TFCP2_AWCCGGWTNNAWCCGGWT_eDBD		peak_128	5	22	-	6.81818	0.000571	1	AACCCGCAGAAACTGCAA
taipale_cyt_meth__TFCP2_AWCCGGWTNNAWCCGGWT_eDBD		peak_144	69	86	-	6.81818	0.000571	1	CTCTGGTTTTTCCCAGTG
taipale_cyt_meth__TFCP2_AWCCGGWTNNAWCCGGWT_eDBD		peak_301	164	181	+	6.81818	0.000571	1	ACCCGGACCACTCCGCTC
taipale__TFCP2_full_NAACCGGTTN		peak_420	111	120	+	7.31633	0.000572	1	ACACCAGTTC
taipale__GRHL1_full_NAAACCGGTTTN		peak_352	73	84	+	5.88776	0.000572	0.876	AAAACAGGGTTC
cisbp__M5928		peak_98	325	334	+	7.32653	0.000572	1	ATTCTGGTTC
taipale__TFCP2_full_NCCGGNNNNNNCCGGN_repr		peak_72	245	260	-	5.93878	0.000573	1	ACCGGCGTAAACACGC
taipale_cyt_meth__GRHL1_NAACCGGTTN_eDBD		peak_531	47	56	-	7.70408	0.000574	1	TGACCAGTTA
taipale__GRHL1_full_NAAACCGGTTTN		peak_359	110	121	-	5.87755	0.000574	0.876	CCAACCGGTAGA
cisbp__M5928		peak_76	350	359	-	7.30612	0.000575	1	AATCTAGTTG
taipale__GRHL1_DBD_AACCGGWNNNWCCGGTT_repr		peak_404	318	334	+	5.29592	0.000575	1	CACAGGTTAAGCAAGTA
homer__NAAACCGGTTCAAACCGGTT_Tcfcp2l1		peak_583	233	252	-	5.62245	0.000576	1	GAAAATAGCCCCATCCTGCT
homer__NAAACCGGTTCAAACCGGTT_Tcfcp2l1		peak_554	554	573	-	5.62245	0.000576	1	ATAGCCAGATAATAGCGGTG
taipale__GRHL1_DBD_NAACCGGTTN_repr		peak_415	312	321	-	7.09184	0.000576	1	ATACCTGTTA
cisbp__M5928		peak_44	11	20	-	7.29592	0.000576	1	AAACTGGTAG
cisbp__M5928		peak_255	25	34	+	7.29592	0.000576	1	AAACTGGTAG
taipale__GRHL1_full_NAAACCGGTTTN		peak_352	348	359	-	5.86735	0.000576	0.876	CCAACTTGTTTT
taipale_cyt_meth__TFCP2_AWCCGGWTNNAWCCGGWT_eDBD		peak_279	37	54	-	6.79798	0.000577	1	AACCAGAAACTTCTTGAC
taipale_cyt_meth__GRHL1_NAACCGGTTN_eDBD_meth_repr		peak_374	320	329	+	8.20408	0.000577	0.971	GGACTTGTTT
taipale_cyt_meth__GRHL1_NAACCGGTTN_eDBD_meth_repr		peak_374	320	329	-	8.20408	0.000577	0.971	AAACAAGTCC
taipale__GRHL1_DBD_AACCGGWNNNWCCGGTT_repr		peak_167	61	77	-	5.28571	0.000577	1	TACCGATTTGACAAGCT
taipale__GRHL1_DBD_AACCGGWNNNWCCGGTT_repr		peak_603	205	221	-	5.28571	0.000577	1	CACGGGCAGCACTAGTT
taipale__GRHL1_DBD_NAACCGGTTN_repr		peak_384	4	13	-	7.08163	0.000578	1	GGACCCGTTT
taipale__GRHL1_DBD_NAACCGGTTN_repr		peak_474	41	50	-	7.08163	0.000578	1	GGACCCGTTT
homer__NAAACCGGTTCAAACCGGTT_Tcfcp2l1		peak_263	410	429	-	5.61224	0.000578	1	TCATCCTGGCGCAGCTGGCA
taipale__GRHL1_full_NAAACCGGTTTN		peak_399	117	128	-	5.85714	0.000579	0.876	AAAACGCGTTAA
taipale_cyt_meth__TFCP2_AWCCGGWTNNAWCCGGWT_eDBD		peak_423	24	41	-	6.78788	0.000579	1	ATGCAGCGAAAAGCGGAT
taipale_cyt_meth__TFCP2_AWCCGGWTNNAWCCGGWT_eDBD		peak_558	172	189	+	6.78788	0.000579	1	TTCCGGTTCAAAATGGAA
taipale__GRHL1_DBD_AACCGGWNNNWCCGGTT_repr		peak_203	62	78	-	5.27551	0.00058	1	AACGGGGCATACCCCTT
taipale__GRHL1_DBD_AACCGGWNNNWCCGGTT_repr		peak_418	274	290	+	5.27551	0.00058	1	TTGCTGTTCTACAGGCT
taipale__GRHL1_full_NAAACCGGTTTN		peak_242	351	362	+	5.84694	0.00058	0.876	AAAACGAGTATG
taipale_cyt_meth__GRHL1_NAACCGGTTN_eDBD		peak_71	69	78	-	7.69388	0.000581	1	TAACAGGTAC
taipale_cyt_meth__GRHL1_NAACCGGTTN_eDBD		peak_541	318	327	-	7.69388	0.000581	1	TAACCGGCTA
taipale__GRHL1_DBD_NAACCGGTTN_repr		peak_404	595	604	-	7.07143	0.000581	1	CTACCGGATC
taipale__TFCP2_full_NAACCGGTTN		peak_330	26	35	+	7.28571	0.000581	1	AAACCGATTC
taipale__TFCP2_full_NAACCGGTTN		peak_474	174	183	-	7.28571	0.000581	1	ACACTGGTTT
taipale__GRHL1_DBD_AACCGGWNNNWCCGGTT_repr		peak_516	422	438	-	5.26531	0.000582	1	TCCCCGTTCGACGGCTT
taipale_cyt_meth__TFCP2_AWCCGGWTNNAWCCGGWT_eDBD		peak_316	167	184	-	6.77778	0.000582	1	AGCTGGCCACCACTAGCT
taipale_cyt_meth__TFCP2_AWCCGGWTNNAWCCGGWT_eDBD		peak_223	234	251	+	6.77778	0.000582	1	TTCAGCTTTTTTCTGGCT
cisbp__M5928		peak_388	152	161	-	7.2551	0.000583	1	AAACCGGAAG
taipale__GRHL1_DBD_NAACCGGTTN_repr		peak_477	292	301	-	7.06122	0.000583	1	AAGCCAGTTC
homer__NAAACCGGTTCAAACCGGTT_Tcfcp2l1		peak_360	63	82	+	5.58163	0.000584	1	GCAACTGCCGCAGACTGGAA
homer__NAAACCGGTTCAAACCGGTT_Tcfcp2l1		peak_504	120	139	+	5.58163	0.000584	1	TGAACTGGCACAGTGTGGCA
taipale__GRHL1_full_NAAACCGGTTTN		peak_94	42	53	-	5.82653	0.000585	0.876	AAAAACAGTTTG
taipale__GRHL1_full_NAAACCGGTTTN		peak_438	212	223	-	5.82653	0.000585	0.876	AAAACCATTTTG
taipale__GRHL1_full_NAAACCGGTTTN		peak_435	279	290	+	5.82653	0.000585	0.876	AAAATCAGTTTG
taipale__GRHL1_full_NAAACCGGTTTN		peak_46	411	422	-	5.82653	0.000585	0.876	AAAACCATTTTG
taipale_cyt_meth__GRHL1_NAACCGGTTN_eDBD_meth_repr		peak_142	83	92	+	8.19388	0.000585	0.971	GAACCGGCTC
taipale_cyt_meth__GRHL1_NAACCGGTTN_eDBD_meth_repr		peak_427	76	85	-	8.19388	0.000585	0.971	CAACTGGTCC
taipale_cyt_meth__GRHL1_NAACCGGTTN_eDBD_meth_repr		peak_56	218	227	-	8.19388	0.000585	0.971	AATCAGGTTC
taipale_cyt_meth__TFCP2_AWCCGGWTNNAWCCGGWT_eDBD		peak_387	182	199	-	6.76768	0.000585	1	AACTGCATTAGGCTCGTA
taipale_cyt_meth__TFCP2_AWCCGGWTNNAWCCGGWT_eDBD		peak_473	390	407	+	6.76768	0.000585	1	GGCCTGATAACTCTGGTA
taipale__TFCP2_full_NAACCGGTTN		peak_266	317	326	-	7.27551	0.000585	1	AAACTAGCTT
taipale__TFCP2_full_NCCGGNNNNNNCCGGN_repr		peak_466	302	317	+	5.88776	0.000586	1	ACCTGATTAAGTGAGT
taipale__TFCP2_full_NCCGGNNNNNNCCGGN_repr		peak_600	347	362	+	5.88776	0.000586	1	ACTGGTTCAAATGAAA
taipale__TFCP2_full_NCCGGNNNNNNCCGGN_repr		peak_593	408	423	-	5.88776	0.000586	1	ACTGGAATGGGCTACA
taipale__TFCP2_full_NAACCGGTTN		peak_126	79	88	-	7.26531	0.000587	1	CAACCTGTTC
taipale__TFCP2_full_NAACCGGTTN		peak_304	88	97	-	7.26531	0.000587	1	CAACCTGTTC
taipale__GRHL1_full_NAAACCGGTTTN		peak_552	296	307	+	5.81633	0.000588	0.876	TAAGCTGGTTTT
homer__NAAACCGGTTCAAACCGGTT_Tcfcp2l1		peak_139	246	265	+	5.56122	0.000589	1	GTTGCTACTACAGTCCGGTT
taipale__GRHL1_DBD_AACCGGWNNNWCCGGTT_repr		peak_191	7	23	-	5.23469	0.000589	1	GGCTGGACAAACCTGAA
taipale__GRHL1_DBD_AACCGGWNNNWCCGGTT_repr		peak_541	338	354	+	5.23469	0.000589	1	GCCAAGTCTAGCTAGTT
taipale__GRHL1_DBD_NAACCGGTTN_repr		peak_268	353	362	+	7.05102	0.000589	1	ACACCTGTTC
taipale__GRHL1_full_NAAACCGGTTTN		peak_531	46	57	+	5.80612	0.00059	0.876	TTAACTGGTCAT
taipale__GRHL1_full_NAAACCGGTTTN		peak_339	233	244	+	5.80612	0.00059	0.876	GGAACCAGTCAA
taipale_cyt_meth__GRHL1_NAACCGGTTN_eDBD		peak_467	150	159	-	7.66327	0.00059	1	GAACTTGTTA
taipale_cyt_meth__TFCP2_AWCCGGWTNNAWCCGGWT_eDBD		peak_321	93	110	-	6.74747	0.00059	1	CACTGGCTCTCTGTAGTT
taipale__TFCP2_full_NCCGGNNNNNNCCGGN_repr		peak_222	198	213	+	5.86735	0.000591	1	AGTAGTTAAATCTTGT
taipale__TFCP2_full_NCCGGNNNNNNCCGGN_repr		peak_387	217	232	+	5.86735	0.000591	1	ACTGGTTTGTATAGTT
taipale__GRHL1_DBD_AACCGGWNNNWCCGGTT_repr		peak_7	27	43	+	5.22449	0.000591	1	GTGATGACTAACCGGCT
taipale__GRHL1_full_NAAACCGGTTTN		peak_370	80	91	+	5.79592	0.000592	0.876	AAATCGGGTTTC
cisbp__M5928		peak_273	53	62	-	7.22449	0.000593	1	CAACCGGCTT
cisbp__M5928		peak_254	103	112	-	7.22449	0.000593	1	CTACTGGTTT
cisbp__M5928		peak_265	433	442	+	7.22449	0.000593	1	CAACCGGCTT
cisbp__M5928		peak_290	491	500	+	7.22449	0.000593	1	CAACCGGCTT
cisbp__M5928		peak_404	629	638	+	7.22449	0.000593	1	GATCTAGTTG
cisbp__M5928		peak_88	693	702	+	7.22449	0.000593	1	CAACCGGCTT
taipale__GRHL1_full_NAAACCGGTTTN		peak_578	394	405	+	5.78571	0.000595	0.876	ACAACATGTTCG
taipale_cyt_meth__TFCP2_AWCCGGWTNNAWCCGGWT_eDBD		peak_265	424	441	-	6.72727	0.000596	1	AGCCGGTTGAATGAGCCT
taipale__TFCP2_full_NAACCGGTTN		peak_44	11	20	+	7.23469	0.000596	1	CTACCAGTTT
taipale__TFCP2_full_NAACCGGTTN		peak_255	25	34	-	7.23469	0.000596	1	CTACCAGTTT
taipale_cyt_meth__GRHL1_NAACCGGTTN_eDBD_meth_repr		peak_304	2	11	-	8.17347	0.000596	0.971	TAACCGGCTT
taipale_cyt_meth__GRHL1_NAACCGGTTN_eDBD_meth_repr		peak_531	47	56	-	8.17347	0.000596	0.971	TGACCAGTTA
taipale_cyt_meth__GRHL1_NAACCGGTTN_eDBD_meth_repr		peak_290	405	414	-	8.17347	0.000596	0.971	AAACACGTTG
cisbp__M5928		peak_254	103	112	+	7.19388	0.000598	1	AAACCAGTAG
homer__NAAACCGGTTCAAACCGGTT_Tcfcp2l1		peak_277	370	389	-	5.52041	0.000598	1	CGGACCAGACCGGCGCTGCC
homer__NAAACCGGTTCAAACCGGTT_Tcfcp2l1		peak_459	535	554	+	5.52041	0.000598	1	CAAGCCCGTCGTCACCAGAT
taipale__GRHL1_DBD_AACCGGWNNNWCCGGTT_repr		peak_313	472	488	-	5.19388	0.000598	1	AGCCGCAAGAACCGCTT
taipale__TFCP2_full_NCCGGNNNNNNCCGGN_repr		peak_558	110	125	+	5.83673	0.000598	1	AGCGGTTACACCGGGA
taipale__TFCP2_full_NCCGGNNNNNNCCGGN_repr		peak_74	106	121	-	5.83673	0.000598	1	ACCAGTATGTGTTGGC
taipale_cyt_meth__GRHL1_NAACCGGTTN_eDBD		peak_230	54	63	-	7.64286	0.000599	1	ATTCCGGTTC
taipale_cyt_meth__GRHL1_NAACCGGTTN_eDBD		peak_558	171	180	+	7.64286	0.000599	1	ATTCCGGTTC
taipale__GRHL1_full_NAAACCGGTTTN		peak_246	45	56	-	5.76531	0.0006	0.876	TTAACATGTTCG
taipale__GRHL1_full_NAAACCGGTTTN		peak_56	217	228	+	5.76531	0.0006	0.876	TGAACCTGATTA
taipale__TFCP2_full_NAACCGGTTN		peak_98	325	334	-	7.22449	0.000601	1	GAACCAGAAT
taipale__TFCP2_full_NAACCGGTTN		peak_76	350	359	+	7.22449	0.000601	1	CAACTAGATT
taipale__TFCP2_full_NCCGGNNNNNNCCGGN_repr		peak_296	120	135	+	5.82653	0.000601	1	ACTCGTATTATCTGGT
taipale__TFCP2_full_NCCGGNNNNNNCCGGN_repr		peak_517	322	337	+	5.82653	0.000601	1	GGCGGATCCGACCGCT
taipale__TFCP2_full_NCCGGNNNNNNCCGGN_repr		peak_194	388	403	+	5.82653	0.000601	1	GCTGGTTCTCTCTAGA
taipale_cyt_meth__GRHL1_NAACCGGTTN_eDBD		peak_477	203	212	+	7.63265	0.000602	1	AAGCCAGTTT
taipale__GRHL1_full_NAAACCGGTTTN		peak_74	285	296	+	5.7551	0.000602	0.876	AAAAAAGGTTTA
taipale__GRHL1_full_NAAACCGGTTTN		peak_229	427	438	-	5.7551	0.000602	0.876	AAAACAGTTTTA
taipale__GRHL1_full_NAAACCGGTTTN		peak_4	450	461	+	5.7551	0.000602	0.876	GAAACGCGTTTT
taipale_cyt_meth__GRHL1_NAACCGGTTN_eDBD_meth_repr		peak_112	118	127	-	8.16327	0.000603	0.971	AAACTGGTAA
taipale__GRHL1_DBD_AACCGGWNNNWCCGGTT_repr		peak_331	215	231	+	5.17347	0.000603	1	TACCAGTGTCACGAGCT
cisbp__M5928		peak_502	171	180	+	7.18367	0.000603	1	TAACTAGATT
cisbp__M5928		peak_342	166	175	-	7.18367	0.000603	1	TAACTAGATT
cisbp__M5928		peak_527	361	370	-	7.18367	0.000603	1	GAACTGGTCG
taipale__TFCP2_full_NAACCGGTTN		peak_254	103	112	+	7.21429	0.000603	1	AAACCAGTAG
taipale__TFCP2_full_NCCGGNNNNNNCCGGN_repr		peak_517	186	201	-	5.81633	0.000604	1	ACTAGTGTGAACTAAT
taipale__TFCP2_full_NCCGGNNNNNNCCGGN_repr		peak_282	297	312	-	5.81633	0.000604	1	ACTGGTTGAATTTAAA
taipale__TFCP2_full_NCCGGNNNNNNCCGGN_repr		peak_487	325	340	+	5.81633	0.000604	1	GCCGGCCGACACCGGC
homer__NAAACCGGTTCAAACCGGTT_Tcfcp2l1		peak_131	274	293	-	5.4898	0.000604	1	CAAGCTGGCTAGAACAGAAT
homer__NAAACCGGTTCAAACCGGTT_Tcfcp2l1		peak_115	432	451	+	5.4898	0.000604	1	AGAGCTTGCTTAGAGAAGAT
taipale__GRHL1_DBD_AACCGGWNNNWCCGGTT_repr		peak_584	284	300	+	5.16327	0.000606	1	GAGAAGAAATACCGGTG
taipale__TFCP2_full_NCCGGNNNNNNCCGGN_repr		peak_384	157	172	-	5.80612	0.000606	1	ACTGGAAATAACTTTA
taipale__GRHL1_full_NAAACCGGTTTN		peak_7	75	86	+	5.73469	0.000606	0.876	GGAACATGTTAG
taipale__GRHL1_full_NAAACCGGTTTN		peak_430	137	148	+	5.73469	0.000606	0.876	TTAACCTGATTG
taipale_cyt_meth__TFCP2_AWCCGGWTNNAWCCGGWT_eDBD		peak_609	363	380	-	6.68687	0.000607	1	TTCTTGTTTTGTCCAGCC
taipale_cyt_meth__GRHL1_NAACCGGTTN_eDBD_meth_repr		peak_474	217	226	-	8.15306	0.000608	0.971	ATACAGGTCT
cisbp__M5928		peak_266	317	326	+	7.17347	0.000608	1	AAGCTAGTTT
taipale_cyt_meth__GRHL1_NAACCGGTTN_eDBD		peak_168	169	178	-	7.62245	0.000608	1	AAACTGGTGT
taipale_cyt_meth__GRHL1_NAACCGGTTN_eDBD		peak_498	376	385	+	7.62245	0.000608	1	AAACTGGTGT
taipale_cyt_meth__GRHL1_NAACCGGTTN_eDBD		peak_473	437	446	-	7.62245	0.000608	1	GAACTAGTTA
taipale__GRHL1_full_NAAACCGGTTTN		peak_260	82	93	+	5.72449	0.000608	0.876	GAAACCGGAAAG
taipale__GRHL1_full_NAAACCGGTTTN		peak_429	314	325	+	5.72449	0.000608	0.876	AAAACTTGTATC
taipale__GRHL1_full_NAAACCGGTTTN		peak_504	452	463	-	5.72449	0.000608	0.876	CAAACTTGTTGC
taipale__TFCP2_full_NCCGGNNNNNNCCGGN_repr		peak_438	10	25	+	5.79592	0.000609	1	TCCAGTGGGTACTAGT
homer__NAAACCGGTTCAAACCGGTT_Tcfcp2l1		peak_369	351	370	+	5.46939	0.000609	1	CGCCCCTGCGATAACCTGTT
cisbp__M5928		peak_222	317	326	+	7.16327	0.000609	1	CCTCCGGTTT
taipale__TFCP2_full_NAACCGGTTN		peak_455	167	176	-	7.19388	0.00061	1	CAACCGGAAA
taipale__GRHL1_DBD_NAACCGGTTN_repr		peak_359	75	84	-	6.97959	0.00061	1	AAACCGTTTT
taipale__GRHL1_DBD_NAACCGGTTN_repr		peak_280	169	178	-	6.97959	0.00061	1	AAACCGTTTT
taipale_cyt_meth__TFCP2_AWCCGGWTNNAWCCGGWT_eDBD		peak_301	164	181	-	6.67677	0.00061	1	GAGCGGAGTGGTCCGGGT
taipale__GRHL1_DBD_AACCGGWNNNWCCGGTT_repr		peak_275	205	221	-	5.14286	0.00061	1	AACCCTTTGCTCAGGTT
homer__NAAACCGGTTCAAACCGGTT_Tcfcp2l1		peak_611	266	285	+	5.45918	0.000611	1	CAGTGTGGCCAGTTCCGGCA
taipale__TFCP2_full_NAACCGGTTN		peak_191	105	114	-	7.18367	0.000612	1	GAACTAGTTG
taipale__TFCP2_full_NAACCGGTTN		peak_388	152	161	+	7.18367	0.000612	1	CTTCCGGTTT
taipale__TFCP2_full_NAACCGGTTN		peak_547	237	246	-	7.18367	0.000612	1	GAACTAGTTG
taipale_cyt_meth__GRHL1_NAACCGGTTN_eDBD		peak_210	17	26	-	7.61224	0.000612	1	GAACATGTTA
taipale_cyt_meth__GRHL1_NAACCGGTTN_eDBD		peak_246	46	55	+	7.61224	0.000612	1	GAACATGTTA
taipale_cyt_meth__GRHL1_NAACCGGTTN_eDBD		peak_504	64	73	+	7.61224	0.000612	1	GAACATGTTA
taipale_cyt_meth__GRHL1_NAACCGGTTN_eDBD		peak_7	76	85	+	7.61224	0.000612	1	GAACATGTTA
taipale_cyt_meth__TFCP2_AWCCGGWTNNAWCCGGWT_eDBD		peak_418	132	149	-	6.66667	0.000613	1	AACCTATTTATACTAGTA
taipale_cyt_meth__GRHL1_NAACCGGTTN_eDBD_meth_repr		peak_474	217	226	+	8.14286	0.000613	0.971	AGACCTGTAT
homer__NAAACCGGTTCAAACCGGTT_Tcfcp2l1		peak_71	60	79	-	5.44898	0.000614	1	CTAACAGGTACAGGGCTGCC
taipale__TFCP2_full_NCCGGNNNNNNCCGGN_repr		peak_364	252	267	-	5.77551	0.000614	1	ACTAGTAAAAACTTTA
taipale__GRHL1_DBD_NAACCGGTTN_repr		peak_239	108	117	-	6.96939	0.000615	1	TAACATGTTT
taipale__GRHL1_DBD_NAACCGGTTN_repr		peak_255	125	134	-	6.96939	0.000615	1	TAACATGTTT
taipale__GRHL1_DBD_NAACCGGTTN_repr		peak_584	292	301	-	6.96939	0.000615	1	ACACCGGTAT
taipale__GRHL1_full_NAAACCGGTTTN		peak_591	95	106	+	5.69388	0.000616	0.876	AAAGCGGGTTTT
homer__NAAACCGGTTCAAACCGGTT_Tcfcp2l1		peak_106	38	57	+	5.43878	0.000616	1	CAGTCCAGCTAGTACCAATT
homer__NAAACCGGTTCAAACCGGTT_Tcfcp2l1		peak_127	55	74	-	5.43878	0.000616	1	TTTCCCACTCTAAGCTGGCT
homer__NAAACCGGTTCAAACCGGTT_Tcfcp2l1		peak_29	249	268	-	5.43878	0.000616	1	CAAGCAACCAGCAGCCAGTA
taipale__TFCP2_full_NCCGGNNNNNNCCGGN_repr		peak_229	207	222	-	5.76531	0.000617	1	TCCTGTCAAAACGGGC
taipale__TFCP2_full_NAACCGGTTN		peak_232	92	101	+	7.16327	0.000617	1	TAACCGCTTC
taipale__GRHL1_DBD_AACCGGWNNNWCCGGTT_repr		peak_183	346	362	-	5.11224	0.000618	1	GACGTGTTTTTCTAGAA
taipale__GRHL1_full_NAAACCGGTTTN		peak_56	217	228	-	5.68367	0.000618	0.876	TAATCAGGTTCA
homer__NAAACCGGTTCAAACCGGTT_Tcfcp2l1		peak_517	41	60	-	5.42857	0.000618	1	CCCACAGCCACGGACCGGCC
homer__NAAACCGGTTCAAACCGGTT_Tcfcp2l1		peak_239	79	98	+	5.42857	0.000618	1	CACAGTGGAACGAACTAGTA
homer__NAAACCGGTTCAAACCGGTT_Tcfcp2l1		peak_121	358	377	+	5.42857	0.000618	1	CGCACCTGGCAACACTGGTC
taipale_cyt_meth__GRHL1_NAACCGGTTN_eDBD		peak_7	35	44	-	7.60204	0.000619	1	CAGCCGGTTA
taipale_cyt_meth__GRHL1_NAACCGGTTN_eDBD		peak_254	103	112	+	7.60204	0.000619	1	AAACCAGTAG
taipale_cyt_meth__GRHL1_NAACCGGTTN_eDBD		peak_56	218	227	+	7.60204	0.000619	1	GAACCTGATT
taipale__TFCP2_full_NCCGGNNNNNNCCGGN_repr		peak_89	3	18	-	5.7551	0.000619	1	ACTAGTTAACAGTGCT
taipale__TFCP2_full_NAACCGGTTN		peak_222	317	326	-	7.15306	0.000619	1	AAACCGGAGG
taipale_cyt_meth__GRHL1_NAACCGGTTN_eDBD_meth_repr		peak_76	109	118	-	8.13265	0.00062	0.971	AAACCAGATT
homer__NAAACCGGTTCAAACCGGTT_Tcfcp2l1		peak_483	438	457	+	5.41837	0.00062	1	TTGGCTGCTCTACACTAGTC
taipale__GRHL1_full_NAAACCGGTTTN		peak_43	201	212	-	5.67347	0.000621	0.876	AAAAACGGTCTT
cisbp__M5928		peak_44	11	20	+	7.12245	0.000621	1	CTACCAGTTT
cisbp__M5928		peak_255	25	34	-	7.12245	0.000621	1	CTACCAGTTT
taipale__TFCP2_full_NAACCGGTTN		peak_404	629	638	-	7.14286	0.000622	1	CAACTAGATC
taipale__GRHL1_DBD_NAACCGGTTN_repr		peak_537	118	127	+	6.92857	0.000622	1	AAACAGGACC
taipale__GRHL1_DBD_AACCGGWNNNWCCGGTT_repr		peak_244	320	336	-	5.09184	0.000623	1	AACCACTCGAACAAGTA
taipale_cyt_meth__GRHL1_NAACCGGTTN_eDBD_meth_repr		peak_531	47	56	+	8.12245	0.000624	0.971	TAACTGGTCA
taipale_cyt_meth__TFCP2_AWCCGGWTNNAWCCGGWT_eDBD		peak_561	496	513	-	6.62626	0.000624	1	TACCATATCAGACCGGTC
taipale__GRHL1_DBD_AACCGGWNNNWCCGGTT_repr		peak_561	436	452	-	5.08163	0.000625	1	AGCCCGCCAGACCAGAC
homer__NAAACCGGTTCAAACCGGTT_Tcfcp2l1		peak_298	69	88	-	5.39796	0.000625	1	TTAGGTAGCCTAAACCACCT
taipale__TFCP2_full_NAACCGGTTN		peak_370	81	90	-	7.13265	0.000627	1	AAACCCGATT
taipale__TFCP2_full_NAACCGGTTN		peak_342	166	175	+	7.13265	0.000627	1	AATCTAGTTA
taipale__TFCP2_full_NAACCGGTTN		peak_502	171	180	-	7.13265	0.000627	1	AATCTAGTTA
taipale__TFCP2_full_NAACCGGTTN		peak_104	314	323	-	7.13265	0.000627	1	GATCTGGTTG
taipale_cyt_meth__TFCP2_AWCCGGWTNNAWCCGGWT_eDBD		peak_279	86	103	+	6.61616	0.000627	1	TGCTAGAAAGAGCCAGAA
taipale__TFCP2_full_NCCGGNNNNNNCCGGN_repr		peak_330	91	106	+	5.72449	0.000627	1	ACTGGCGTCGACTGGG
cisbp__M5928		peak_149	22	31	+	7.10204	0.000628	1	AAACTTGTTT
cisbp__M5928		peak_185	52	61	-	7.10204	0.000628	1	TTTCTGGTTT
cisbp__M5928		peak_394	168	177	+	7.10204	0.000628	1	AAACTTGTTT
cisbp__M5928		peak_609	298	307	+	7.10204	0.000628	1	TTTCTGGTTT
cisbp__M5928		peak_364	360	369	-	7.10204	0.000628	1	TTTCTGGTTT
cisbp__M5928		peak_342	466	475	-	7.10204	0.000628	1	TTTCTGGTTT
taipale_cyt_meth__GRHL1_NAACCGGTTN_eDBD		peak_243	40	49	-	7.57143	0.000628	1	AAACAGGTGT
taipale_cyt_meth__GRHL1_NAACCGGTTN_eDBD		peak_328	64	73	-	7.57143	0.000628	1	AAACAGGTGT
taipale_cyt_meth__GRHL1_NAACCGGTTN_eDBD		peak_389	279	288	+	7.57143	0.000628	1	TTACCTGTTC
taipale__TFCP2_full_NAACCGGTTN		peak_254	103	112	-	7.12245	0.000629	1	CTACTGGTTT
homer__NAAACCGGTTCAAACCGGTT_Tcfcp2l1		peak_402	355	374	-	5.37755	0.00063	1	AAATCAAGTGAGCTCCGGCG
taipale__TFCP2_full_NCCGGNNNNNNCCGGN_repr		peak_578	169	184	+	5.71429	0.00063	1	ACAGGAAAATACCGCT
taipale__GRHL1_full_NAAACCGGTTTN		peak_234	324	335	-	5.63265	0.00063	0.876	AAAACAAGTGTT
homer__NAAACCGGTTCAAACCGGTT_Tcfcp2l1		peak_18	55	74	+	5.36735	0.000632	1	GCTTCTGGTTTACGGCGGAT
taipale__GRHL1_full_NAAACCGGTTTN		peak_558	170	181	-	5.62245	0.000633	0.876	TGAACCGGAATG
taipale__GRHL1_full_NAAACCGGTTTN		peak_343	362	373	-	5.62245	0.000633	0.876	AGAGCCAGTTTG
taipale__TFCP2_full_NCCGGNNNNNNCCGGN_repr		peak_354	162	177	+	5.70408	0.000633	1	ACTGGTGATTTCCGGC
taipale__TFCP2_full_NCCGGNNNNNNCCGGN_repr		peak_473	391	406	-	5.70408	0.000633	1	ACCAGAGTTATCAGGC
taipale_cyt_meth__GRHL1_NAACCGGTTN_eDBD_meth_repr		peak_512	181	190	-	8.10204	0.000633	0.971	AGACATGTTA
taipale_cyt_meth__GRHL1_NAACCGGTTN_eDBD_meth_repr		peak_251	394	403	+	8.10204	0.000633	0.971	AAACTAGTCT
taipale_cyt_meth__GRHL1_NAACCGGTTN_eDBD_meth_repr		peak_251	394	403	-	8.10204	0.000633	0.971	AGACTAGTTT
taipale_cyt_meth__GRHL1_NAACCGGTTN_eDBD		peak_527	125	134	-	7.56122	0.000633	1	GAACTCGTTT
taipale_cyt_meth__GRHL1_NAACCGGTTN_eDBD		peak_434	292	301	+	7.56122	0.000633	1	GAACCAGATT
taipale__GRHL1_DBD_NAACCGGTTN_repr		peak_87	123	132	-	6.89796	0.000634	1	CAACATGTTT
taipale__GRHL1_full_NAAACCGGTTTN		peak_406	346	357	+	5.61224	0.000635	0.876	TGAACAAGTTGG
taipale__TFCP2_full_NAACCGGTTN		peak_508	225	234	+	7.11224	0.000635	1	GAAGCGGTTT
taipale__GRHL1_DBD_AACCGGWNNNWCCGGTT_repr		peak_366	338	354	+	5.04082	0.000635	1	ATACAGTAGAACAGGTT
taipale_cyt_meth__GRHL1_NAACCGGTTN_eDBD		peak_389	279	288	-	7.55102	0.000635	1	GAACAGGTAA
taipale__TFCP2_full_NCCGGNNNNNNCCGGN_repr		peak_311	114	129	-	5.69388	0.000635	1	GCCGGTTCACAGAGTT
taipale_cyt_meth__TFCP2_AWCCGGWTNNAWCCGGWT_eDBD		peak_194	387	404	-	6.58586	0.000636	1	GTCTAGAGAGAACCAGCA
taipale_cyt_meth__GRHL1_NAACCGGTTN_eDBD_meth_repr		peak_76	109	118	+	8.09184	0.000636	0.971	AATCTGGTTT
taipale_cyt_meth__GRHL1_NAACCGGTTN_eDBD_meth_repr		peak_213	169	178	+	8.09184	0.000636	0.971	TAACCCGTCC
taipale_cyt_meth__GRHL1_NAACCGGTTN_eDBD_meth_repr		peak_276	357	366	-	8.09184	0.000636	0.971	TGACCCGTTC
cisbp__M5928		peak_191	105	114	+	7.07143	0.000637	1	CAACTAGTTC
cisbp__M5928		peak_547	237	246	+	7.07143	0.000637	1	CAACTAGTTC
cisbp__M5928		peak_610	394	403	+	7.07143	0.000637	1	TAACAGGTTC
taipale_cyt_meth__GRHL1_NAACCGGTTN_eDBD		peak_230	54	63	+	7.54082	0.000637	1	GAACCGGAAT
taipale_cyt_meth__GRHL1_NAACCGGTTN_eDBD		peak_558	171	180	-	7.54082	0.000637	1	GAACCGGAAT
taipale__GRHL1_full_NAAACCGGTTTN		peak_71	68	79	-	5.60204	0.000637	0.876	CTAACAGGTACA
taipale__TFCP2_full_NAACCGGTTN		peak_44	11	20	-	7.10204	0.000639	1	AAACTGGTAG
taipale__TFCP2_full_NAACCGGTTN		peak_255	25	34	+	7.10204	0.000639	1	AAACTGGTAG
taipale__GRHL1_DBD_NAACCGGTTN_repr		peak_269	189	198	+	6.87755	0.000639	1	AAACCTGTAA
homer__NAAACCGGTTCAAACCGGTT_Tcfcp2l1		peak_138	133	152	+	5.33673	0.000639	1	TAAAGCGGCGATAGCTAGCG
homer__NAAACCGGTTCAAACCGGTT_Tcfcp2l1		peak_156	357	376	-	5.33673	0.000639	1	CTTTCCAGCTATGTCAAGTA
cisbp__M5928		peak_99	206	215	-	7.06122	0.00064	1	TTTCCGGATT
taipale__GRHL1_full_NAAACCGGTTTN		peak_7	352	363	-	5.59184	0.00064	0.876	TAAACAAGTCAA
taipale__GRHL1_DBD_AACCGGWNNNWCCGGTT_repr		peak_158	73	89	-	5.02041	0.00064	1	CAGCTGTTTCACTTGTC
taipale_cyt_meth__GRHL1_NAACCGGTTN_eDBD_meth_repr		peak_215	44	53	-	8.06122	0.000641	0.971	CGACGGGTTT
taipale__GRHL1_full_NAAACCGGTTTN		peak_361	134	145	-	5.58163	0.000642	0.876	GAAACTAGTATT
taipale_cyt_meth__TFCP2_AWCCGGWTNNAWCCGGWT_eDBD		peak_423	223	240	-	6.56566	0.000642	1	AACTACTTTTTACTTCTT
taipale_cyt_meth__TFCP2_AWCCGGWTNNAWCCGGWT_eDBD		peak_473	390	407	-	6.56566	0.000642	1	TACCAGAGTTATCAGGCC
taipale__GRHL1_DBD_AACCGGWNNNWCCGGTT_repr		peak_579	48	64	-	5.0102	0.000642	1	ACGTTCTTGAACCGGTT
taipale_cyt_meth__GRHL1_NAACCGGTTN_eDBD		peak_251	394	403	-	7.53061	0.000643	1	AGACTAGTTT
taipale__GRHL1_DBD_NAACCGGTTN_repr		peak_92	268	277	+	6.86735	0.000643	1	GAACAGGTAT
taipale__GRHL1_DBD_NAACCGGTTN_repr		peak_549	302	311	-	6.86735	0.000643	1	AAACAAGTTG
taipale__GRHL1_DBD_NAACCGGTTN_repr		peak_352	349	358	+	6.86735	0.000643	1	AAACAAGTTG
taipale__TFCP2_full_NCCGGNNNNNNCCGGN_repr		peak_397	149	164	+	5.66327	0.000644	1	ACCTGTAACAATTTGT
taipale_cyt_meth__GRHL1_NAACCGGTTN_eDBD_meth_repr		peak_400	429	438	+	8.05102	0.000644	0.971	AAACGGGTCG
taipale_cyt_meth__TFCP2_AWCCGGWTNNAWCCGGWT_eDBD		peak_213	111	128	-	6.55556	0.000645	1	TACCGCTTGAAACTGATA
taipale_cyt_meth__TFCP2_AWCCGGWTNNAWCCGGWT_eDBD		peak_516	308	325	-	6.55556	0.000645	1	AACATGCCTAAACATGTT
cisbp__M5928		peak_104	314	323	+	7.03061	0.000645	1	CAACCAGATC
taipale__TFCP2_full_NCCGGNNNNNNCCGGN_repr		peak_22	356	371	+	5.65306	0.000646	1	AGCTGTTCAAAATAGT
taipale__GRHL1_full_NAAACCGGTTTN		peak_405	187	198	+	5.56122	0.000647	0.876	AAGACAAGTTAC
taipale__GRHL1_DBD_AACCGGWNNNWCCGGTT_repr		peak_387	216	232	-	4.9898	0.000648	1	AACTATACAAACCAGTT
taipale_cyt_meth__TFCP2_AWCCGGWTNNAWCCGGWT_eDBD		peak_457	158	175	+	6.54545	0.000648	1	AACCAGTTAAAGGGAGTG
taipale_cyt_meth__TFCP2_AWCCGGWTNNAWCCGGWT_eDBD		peak_252	221	238	-	6.54545	0.000648	1	AAGCAGTGCATACTTGAA
taipale_cyt_meth__TFCP2_AWCCGGWTNNAWCCGGWT_eDBD		peak_517	321	338	-	6.54545	0.000648	1	GAGCGGTCGGATCCGCCG
homer__NAAACCGGTTCAAACCGGTT_Tcfcp2l1		peak_188	236	255	+	5.29592	0.000649	1	AAATCCGGCCCTGGCCTTTT
homer__NAAACCGGTTCAAACCGGTT_Tcfcp2l1		peak_265	424	443	-	5.29592	0.000649	1	CAAGCCGGTTGAATGAGCCT
cisbp__M5928		peak_149	22	31	-	7.02041	0.000649	1	AAACAAGTTT
cisbp__M5928		peak_394	168	177	-	7.02041	0.000649	1	AAACAAGTTT
cisbp__M5928		peak_200	197	206	-	7.02041	0.000649	1	GAACTTGTTT
cisbp__M5928		peak_178	255	264	-	7.02041	0.000649	1	GAACTTGTTT
cisbp__M5928		peak_125	328	337	+	7.02041	0.000649	1	GAACTTGTTT
taipale__TFCP2_full_NCCGGNNNNNNCCGGN_repr		peak_389	193	208	+	5.64286	0.000649	1	TCTGGTAAAAATTATT
taipale__TFCP2_full_NCCGGNNNNNNCCGGN_repr		peak_406	535	550	+	5.64286	0.000649	1	AGCGGAATAAACAACA
taipale__GRHL1_DBD_NAACCGGTTN_repr		peak_374	320	329	-	6.85714	0.00065	1	AAACAAGTCC
taipale_cyt_meth__GRHL1_NAACCGGTTN_eDBD		peak_477	203	212	-	7.52041	0.00065	1	AAACTGGCTT
taipale_cyt_meth__GRHL1_NAACCGGTTN_eDBD		peak_251	394	403	+	7.52041	0.00065	1	AAACTAGTCT
taipale__GRHL1_full_NAAACCGGTTTN		peak_336	26	37	+	5.55102	0.00065	0.876	CAAACAGGTGAA
taipale__GRHL1_full_NAAACCGGTTTN		peak_200	384	395	-	5.55102	0.00065	0.876	AAAACTAGTCAC
taipale__GRHL1_DBD_AACCGGWNNNWCCGGTT_repr		peak_555	182	198	+	4.97959	0.00065	1	ATGCAGGTTAACGGGTA
taipale__GRHL1_DBD_AACCGGWNNNWCCGGTT_repr		peak_418	306	322	+	4.97959	0.00065	1	CACTTGTTATACTACTT
taipale_cyt_meth__GRHL1_NAACCGGTTN_eDBD_meth_repr		peak_304	2	11	+	8.02041	0.00065	0.971	AAGCCGGTTA
cisbp__M5928		peak_572	24	33	+	7.0102	0.000651	1	TATCTGGATC
taipale_cyt_meth__TFCP2_AWCCGGWTNNAWCCGGWT_eDBD		peak_609	363	380	+	6.53535	0.000651	1	GGCTGGACAAAACAAGAA
taipale_cyt_meth__TFCP2_AWCCGGWTNNAWCCGGWT_eDBD		peak_31	377	394	+	6.53535	0.000651	1	AACTGCAATGTTCCAGCG
homer__NAAACCGGTTCAAACCGGTT_Tcfcp2l1		peak_611	272	291	-	5.28571	0.000651	1	TGCAGTTGCCGGAACTGGCC
taipale__TFCP2_full_NCCGGNNNNNNCCGGN_repr		peak_195	182	197	+	5.63265	0.000652	1	TCTGGAATTGTGTAGT
taipale__TFCP2_full_NCCGGNNNNNNCCGGN_repr		peak_223	235	250	-	5.63265	0.000652	1	GCCAGAAAAAAGCTGA
taipale__TFCP2_full_NCCGGNNNNNNCCGGN_repr		peak_365	351	366	-	5.63265	0.000652	1	GCTGGAACGAGATGGA
taipale__TFCP2_full_NCCGGNNNNNNCCGGN_repr		peak_361	422	437	+	5.63265	0.000652	1	AGCGGTTTTAATCACA
taipale__GRHL1_full_NAAACCGGTTTN		peak_313	470	481	-	5.54082	0.000652	0.876	AGAACCGCTTAT
homer__NAAACCGGTTCAAACCGGTT_Tcfcp2l1		peak_555	321	340	-	5.27551	0.000654	1	TCACCCGCTTCCCGCTAGCC
taipale__GRHL1_full_NAAACCGGTTTN		peak_384	3	14	+	5.53061	0.000654	0.876	CAAACGGGTCCC
taipale__GRHL1_full_NAAACCGGTTTN		peak_466	299	310	+	5.53061	0.000654	0.876	ACAACCTGATTA
taipale__GRHL1_full_NAAACCGGTTTN		peak_180	629	640	+	5.53061	0.000654	0.876	CATACATGTTTT
cisbp__M5928		peak_517	25	34	+	7	0.000654	1	TTTCCAGTTT
cisbp__M5928		peak_384	165	174	+	7	0.000654	1	TTTCCAGTTT
cisbp__M5928		peak_589	206	215	+	7	0.000654	1	TTTCCAGTTT
taipale__GRHL1_DBD_NAACCGGTTN_repr		peak_516	1	10	+	6.84694	0.000655	1	AAACCGGGTG
taipale__GRHL1_DBD_NAACCGGTTN_repr		peak_245	46	55	-	6.84694	0.000655	1	GAACCCGATT
taipale_cyt_meth__GRHL1_NAACCGGTTN_eDBD_meth_repr		peak_213	169	178	-	8.0102	0.000655	0.971	GGACGGGTTA
taipale_cyt_meth__GRHL1_NAACCGGTTN_eDBD_meth_repr		peak_276	357	366	+	8.0102	0.000655	0.971	GAACGGGTCA
taipale__GRHL1_DBD_AACCGGWNNNWCCGGTT_repr		peak_67	135	151	+	4.95918	0.000655	1	GGCCAGTGTGACCGTTT
taipale__TFCP2_full_NAACCGGTTN		peak_527	361	370	+	7.03061	0.000656	1	CGACCAGTTC
taipale__TFCP2_full_NAACCGGTTN		peak_610	394	403	-	7.03061	0.000656	1	GAACCTGTTA
homer__NAAACCGGTTCAAACCGGTT_Tcfcp2l1		peak_601	149	168	+	5.26531	0.000656	1	AAGACTTGAGCAAGCAAGGC
taipale_cyt_meth__GRHL1_NAACCGGTTN_eDBD		peak_468	114	123	-	7.5102	0.000657	1	AAACCCGTCA
taipale__GRHL1_DBD_AACCGGWNNNWCCGGTT_repr		peak_3	252	268	+	4.94898	0.000658	1	AACCTGGCCAACCTTTT
taipale__GRHL1_DBD_AACCGGWNNNWCCGGTT_repr		peak_220	340	356	-	4.94898	0.000658	1	AAGTCGCATTGCCGGTA
taipale__GRHL1_DBD_NAACCGGTTN_repr		peak_269	189	198	-	6.83673	0.000658	1	TTACAGGTTT
taipale_cyt_meth__GRHL1_NAACCGGTTN_eDBD_meth_repr		peak_588	300	309	-	8	0.000658	0.971	AAACCGGTGG
taipale_cyt_meth__GRHL1_NAACCGGTTN_eDBD_meth_repr		peak_400	429	438	-	8	0.000658	0.971	CGACCCGTTT
taipale__TFCP2_full_NAACCGGTTN		peak_177	113	122	-	7.0102	0.000658	1	GTACCGGCTT
cisbp__M5928		peak_63	415	424	-	6.9898	0.000659	1	GTACCAGTTA
taipale__GRHL1_full_NAAACCGGTTTN		peak_353	12	23	+	5.5102	0.000659	0.876	AAAACCAGACAG
taipale_cyt_meth__TFCP2_AWCCGGWTNNAWCCGGWT_eDBD		peak_46	52	69	-	6.50505	0.00066	1	AAGCGGCAGATTCTGCTC
cisbp__M5928		peak_56	218	227	+	6.97959	0.000662	1	GAACCTGATT
taipale__GRHL1_full_NAAACCGGTTTN		peak_318	6	17	-	5.5	0.000662	0.876	AAGACCAGTAAG
taipale__GRHL1_full_NAAACCGGTTTN		peak_184	378	389	+	5.5	0.000662	0.876	GGAACTAGTTCG
taipale_cyt_meth__GRHL1_NAACCGGTTN_eDBD_meth_repr		peak_215	44	53	+	7.9898	0.000662	0.971	AAACCCGTCG
taipale_cyt_meth__GRHL1_NAACCGGTTN_eDBD_meth_repr		peak_343	181	190	-	7.9898	0.000662	0.971	AAACTCGTTA
taipale_cyt_meth__GRHL1_NAACCGGTTN_eDBD_meth_repr		peak_218	280	289	+	7.9898	0.000662	0.971	AAACTCGTTA
taipale_cyt_meth__TFCP2_AWCCGGWTNNAWCCGGWT_eDBD		peak_252	221	238	+	6.49495	0.000663	1	TTCAAGTATGCACTGCTT
taipale_cyt_meth__GRHL1_NAACCGGTTN_eDBD		peak_527	125	134	+	7.47959	0.000664	1	AAACGAGTTC
taipale__GRHL1_full_NAAACCGGTTTN		peak_576	155	166	-	5.4898	0.000664	0.876	AAAACATGTACA
taipale__GRHL1_full_NAAACCGGTTTN		peak_21	194	205	+	5.4898	0.000664	0.876	AAAACATGTACA
taipale_cyt_meth__GRHL1_NAACCGGTTN_eDBD_meth_repr		peak_243	40	49	-	7.96939	0.000665	0.971	AAACAGGTGT
taipale_cyt_meth__GRHL1_NAACCGGTTN_eDBD_meth_repr		peak_328	64	73	-	7.96939	0.000665	0.971	AAACAGGTGT
taipale__GRHL1_DBD_NAACCGGTTN_repr		peak_146	46	55	+	6.81633	0.000666	1	GGACCAGTTA
cisbp__M5928		peak_330	249	258	+	6.95918	0.000666	1	AATCTAGATT
cisbp__M5928		peak_330	249	258	-	6.95918	0.000666	1	AATCTAGATT
cisbp__M5928		peak_234	264	273	+	6.95918	0.000666	1	AATCTAGATT
cisbp__M5928		peak_234	264	273	-	6.95918	0.000666	1	AATCTAGATT
homer__NAAACCGGTTCAAACCGGTT_Tcfcp2l1		peak_71	58	77	+	5.22449	0.000666	1	GCGGCAGCCCTGTACCTGTT
taipale__TFCP2_full_NAACCGGTTN		peak_438	272	281	-	6.9898	0.000666	1	TAACCAGCTT
taipale__TFCP2_full_NAACCGGTTN		peak_361	336	345	+	6.9898	0.000666	1	TAACCAGCTT
taipale_cyt_meth__TFCP2_AWCCGGWTNNAWCCGGWT_eDBD		peak_517	41	58	-	6.48485	0.000666	1	CACAGCCACGGACCGGCC
taipale__GRHL1_full_NAAACCGGTTTN		peak_559	178	189	+	5.47959	0.000667	0.876	ACAACTCGTTTT
taipale__GRHL1_full_NAAACCGGTTTN		peak_508	224	235	+	5.47959	0.000667	0.876	CGAAGCGGTTTG
taipale__GRHL1_full_NAAACCGGTTTN		peak_579	241	252	-	5.47959	0.000667	0.876	ACAACCAGTAAG
taipale__GRHL1_full_NAAACCGGTTTN		peak_354	294	305	+	5.47959	0.000667	0.876	TATACAAGTTTA
taipale__TFCP2_full_NAACCGGTTN		peak_149	22	31	+	6.97959	0.000668	1	AAACTTGTTT
taipale__TFCP2_full_NAACCGGTTN		peak_394	168	177	+	6.97959	0.000668	1	AAACTTGTTT
taipale__TFCP2_full_NCCGGNNNNNNCCGGN_repr		peak_179	157	172	+	5.57143	0.000669	1	TCCGGATAAATTTAAA
taipale__GRHL1_DBD_NAACCGGTTN_repr		peak_81	211	220	+	6.80612	0.000669	1	ATACCAGTCC
taipale__GRHL1_full_NAAACCGGTTTN		peak_33	221	232	+	5.46939	0.000669	0.876	AAATCTGGTTGA
taipale__GRHL1_full_NAAACCGGTTTN		peak_488	274	285	+	5.46939	0.000669	0.876	GAAACCAGATGG
taipale_cyt_meth__TFCP2_AWCCGGWTNNAWCCGGWT_eDBD		peak_576	319	336	+	6.47475	0.000669	1	GAGGGGTCCCAACTGGAG
homer__NAAACCGGTTCAAACCGGTT_Tcfcp2l1		peak_473	390	409	-	5.20408	0.000671	1	TTTACCAGAGTTATCAGGCC
taipale__TFCP2_full_NAACCGGTTN		peak_572	24	33	-	6.96939	0.000671	1	GATCCAGATA
taipale__TFCP2_full_NCCGGNNNNNNCCGGN_repr		peak_234	327	342	+	5.56122	0.000672	1	ACTTGTTTTAAACAGC
taipale__GRHL1_full_NAAACCGGTTTN		peak_365	274	285	-	5.45918	0.000672	0.876	GTAACTAGTTAG
taipale__GRHL1_full_NAAACCGGTTTN		peak_583	363	374	+	5.45918	0.000672	0.876	GGAACCGGTGCT
taipale__GRHL1_DBD_NAACCGGTTN_repr		peak_477	203	212	-	6.79592	0.000672	1	AAACTGGCTT
homer__NAAACCGGTTCAAACCGGTT_Tcfcp2l1		peak_279	86	105	-	5.19388	0.000673	1	TCTTCTGGCTCTTTCTAGCA
cisbp__M5928		peak_63	415	424	+	6.93878	0.000673	1	TAACTGGTAC
cisbp__M5928		peak_211	504	513	-	6.93878	0.000673	1	GAACAAGTTT
cisbp__M5928		peak_80	697	706	-	6.93878	0.000673	1	GAACAAGTTT
taipale__GRHL1_DBD_AACCGGWNNNWCCGGTT_repr		peak_508	131	147	+	4.88776	0.000673	1	CACCAGACTACCCAGAC
taipale_cyt_meth__GRHL1_NAACCGGTTN_eDBD_meth_repr		peak_592	52	61	+	7.90816	0.000673	0.971	TAACAAGTTG
taipale__GRHL1_full_NAAACCGGTTTN		peak_474	173	184	-	5.44898	0.000674	0.876	AACACTGGTTTC
cisbp__M5928		peak_404	159	168	-	6.92857	0.000674	1	CATCCAGTTG
taipale__TFCP2_full_NCCGGNNNNNNCCGGN_repr		peak_239	82	97	-	5.55102	0.000674	1	ACTAGTTCGTTCCACT
taipale__TFCP2_full_NCCGGNNNNNNCCGGN_repr		peak_69	174	189	+	5.55102	0.000674	1	ACCGGTTGTGAGGCGA
taipale__TFCP2_full_NAACCGGTTN		peak_359	111	120	+	6.94898	0.000675	1	CTACCGGTTG
taipale_cyt_meth__GRHL1_NAACCGGTTN_eDBD_meth_repr		peak_285	524	533	+	7.88776	0.000675	0.971	GTACCTGTTG
taipale__GRHL1_full_NAAACCGGTTTN		peak_361	134	145	+	5.43878	0.000676	0.876	AATACTAGTTTC
taipale__GRHL1_full_NAAACCGGTTTN		peak_578	394	405	-	5.43878	0.000676	0.876	CGAACATGTTGT
taipale__GRHL1_DBD_AACCGGWNNNWCCGGTT_repr		peak_311	123	139	-	4.87755	0.000676	1	CACCTTTATTGCCGGTT
taipale__GRHL1_DBD_NAACCGGTTN_repr		peak_339	234	243	-	6.78571	0.000676	1	TGACTGGTTC
taipale__GRHL1_DBD_NAACCGGTTN_repr		peak_422	372	381	+	6.78571	0.000676	1	TGACTGGTTC
taipale_cyt_meth__GRHL1_NAACCGGTTN_eDBD		peak_474	217	226	-	7.44898	0.000676	1	ATACAGGTCT
cisbp__M5928		peak_359	111	120	-	6.91837	0.000677	1	CAACCGGTAG
taipale__TFCP2_full_NCCGGNNNNNNCCGGN_repr		peak_527	216	231	-	5.54082	0.000677	1	AGCGGTATAAAGAGTA
taipale__TFCP2_full_NCCGGNNNNNNCCGGN_repr		peak_473	401	416	+	5.54082	0.000677	1	TCTGGTAAAAAGCACC
taipale_cyt_meth__GRHL1_NAACCGGTTN_eDBD_meth_repr		peak_106	66	75	+	7.87755	0.000677	0.971	CAACATGTTG
taipale_cyt_meth__GRHL1_NAACCGGTTN_eDBD_meth_repr		peak_106	66	75	-	7.87755	0.000677	0.971	CAACATGTTG
taipale_cyt_meth__GRHL1_NAACCGGTTN_eDBD_meth_repr		peak_569	92	101	+	7.87755	0.000677	0.971	CAACATGTTG
taipale_cyt_meth__GRHL1_NAACCGGTTN_eDBD_meth_repr		peak_504	92	101	+	7.87755	0.000677	0.971	CAACATGTTG
taipale_cyt_meth__GRHL1_NAACCGGTTN_eDBD_meth_repr		peak_569	92	101	-	7.87755	0.000677	0.971	CAACATGTTG
taipale_cyt_meth__GRHL1_NAACCGGTTN_eDBD_meth_repr		peak_504	92	101	-	7.87755	0.000677	0.971	CAACATGTTG
taipale_cyt_meth__GRHL1_NAACCGGTTN_eDBD_meth_repr		peak_142	191	200	+	7.87755	0.000677	0.971	CAACATGTTG
taipale_cyt_meth__GRHL1_NAACCGGTTN_eDBD_meth_repr		peak_142	191	200	-	7.87755	0.000677	0.971	CAACATGTTG
taipale__GRHL1_full_NAAACCGGTTTN		peak_388	151	162	-	5.42857	0.000679	0.876	CAAACCGGAAGT
taipale__TFCP2_full_NAACCGGTTN		peak_185	52	61	+	6.93878	0.00068	1	AAACCAGAAA
taipale__TFCP2_full_NAACCGGTTN		peak_404	159	168	+	6.93878	0.00068	1	CAACTGGATG
taipale__TFCP2_full_NAACCGGTTN		peak_609	298	307	-	6.93878	0.00068	1	AAACCAGAAA
taipale__TFCP2_full_NAACCGGTTN		peak_364	360	369	+	6.93878	0.00068	1	AAACCAGAAA
taipale__TFCP2_full_NAACCGGTTN		peak_342	466	475	+	6.93878	0.00068	1	AAACCAGAAA
cisbp__M5928		peak_146	46	55	-	6.90816	0.00068	1	TAACTGGTCC
cisbp__M5928		peak_561	380	389	-	6.90816	0.00068	1	GCACTGGTTG
taipale__GRHL1_DBD_AACCGGWNNNWCCGGTT_repr		peak_483	54	70	+	4.85714	0.000681	1	GGCCCGACGGACCGGCG
taipale_cyt_meth__GRHL1_NAACCGGTTN_eDBD_meth_repr		peak_105	56	65	-	7.86735	0.000681	0.971	TAACTTGTTG
taipale_cyt_meth__GRHL1_NAACCGGTTN_eDBD_meth_repr		peak_599	209	218	-	7.86735	0.000681	0.971	TAACTTGTTG
taipale_cyt_meth__GRHL1_NAACCGGTTN_eDBD_meth_repr		peak_18	343	352	-	7.86735	0.000681	0.971	TAACTTGTTG
taipale__GRHL1_full_NAAACCGGTTTN		peak_36	226	237	+	5.41837	0.000681	0.876	CATACATGTTTG
taipale__GRHL1_full_NAAACCGGTTTN		peak_155	221	232	-	5.41837	0.000681	0.876	AAAACAAGTAGT
taipale__GRHL1_DBD_NAACCGGTTN_repr		peak_400	429	438	-	6.76531	0.000682	1	CGACCCGTTT
taipale_cyt_meth__GRHL1_NAACCGGTTN_eDBD		peak_483	5	14	-	7.42857	0.000683	1	CAACCGGACT
taipale_cyt_meth__GRHL1_NAACCGGTTN_eDBD		peak_71	69	78	+	7.42857	0.000683	1	GTACCTGTTA
taipale__TFCP2_full_NCCGGNNNNNNCCGGN_repr		peak_348	260	275	-	5.52041	0.000683	1	TCCTGTTGAAGATTGT
homer__NAAACCGGTTCAAACCGGTT_Tcfcp2l1		peak_255	283	302	-	5.15306	0.000683	1	CCAACTGGTTTGGGTCAGCG
taipale_cyt_meth__GRHL1_NAACCGGTTN_eDBD_meth_repr		peak_454	82	91	+	7.85714	0.000685	0.971	GTACATGTTT
taipale_cyt_meth__GRHL1_NAACCGGTTN_eDBD_meth_repr		peak_576	156	165	+	7.85714	0.000685	0.971	GTACATGTTT
taipale_cyt_meth__GRHL1_NAACCGGTTN_eDBD_meth_repr		peak_21	195	204	-	7.85714	0.000685	0.971	GTACATGTTT
taipale_cyt_meth__GRHL1_NAACCGGTTN_eDBD		peak_483	5	14	+	7.40816	0.000685	1	AGTCCGGTTG
taipale_cyt_meth__GRHL1_NAACCGGTTN_eDBD		peak_474	174	183	+	7.40816	0.000685	1	AAACCAGTGT
taipale_cyt_meth__TFCP2_AWCCGGWTNNAWCCGGWT_eDBD		peak_361	411	428	-	6.42424	0.000685	1	AACCGCTTTTTAACGGTA
taipale__TFCP2_full_NCCGGNNNNNNCCGGN_repr		peak_191	107	122	+	5.5102	0.000686	1	ACTAGTTCGATATTGA
taipale_cyt_meth__GRHL1_NAACCGGTTN_eDBD_meth_repr		peak_415	399	408	-	7.84694	0.000686	0.971	GCACCTGTTT
taipale__GRHL1_full_NAAACCGGTTTN		peak_318	264	275	-	5.39796	0.000687	0.876	GAATCAGGTTAA
taipale__GRHL1_DBD_NAACCGGTTN_repr		peak_198	110	119	+	6.7449	0.000688	1	CAACTGGATT
taipale__TFCP2_full_NAACCGGTTN		peak_97	58	67	-	6.91837	0.000689	1	GATCCAGTCC
taipale__TFCP2_full_NAACCGGTTN		peak_330	249	258	+	6.91837	0.000689	1	AATCTAGATT
taipale__TFCP2_full_NAACCGGTTN		peak_330	249	258	-	6.91837	0.000689	1	AATCTAGATT
taipale__TFCP2_full_NAACCGGTTN		peak_234	264	273	+	6.91837	0.000689	1	AATCTAGATT
taipale__TFCP2_full_NAACCGGTTN		peak_234	264	273	-	6.91837	0.000689	1	AATCTAGATT
taipale__TFCP2_full_NAACCGGTTN		peak_88	403	412	+	6.91837	0.000689	1	CAACAGGTTT
taipale__TFCP2_full_NAACCGGTTN		peak_63	415	424	-	6.91837	0.000689	1	GTACCAGTTA
taipale__GRHL1_DBD_NAACCGGTTN_repr		peak_237	26	35	+	6.73469	0.000689	1	CATCCAGTTT
cisbp__M5928		peak_177	113	122	+	6.88776	0.000689	1	AAGCCGGTAC
cisbp__M5928		peak_361	135	144	-	6.88776	0.000689	1	AAACTAGTAT
taipale__GRHL1_full_NAAACCGGTTTN		peak_490	7	18	+	5.38776	0.000689	0.876	ACAACCGGAATG
taipale__GRHL1_full_NAAACCGGTTTN		peak_328	63	74	+	5.38776	0.000689	0.876	CACACCTGTTTT
taipale__GRHL1_full_NAAACCGGTTTN		peak_213	168	179	+	5.38776	0.000689	0.876	ATAACCCGTCCG
taipale_cyt_meth__GRHL1_NAACCGGTTN_eDBD		peak_456	8	17	+	7.38776	0.00069	1	CAACTTGTTC
taipale_cyt_meth__GRHL1_NAACCGGTTN_eDBD		peak_584	292	301	+	7.38776	0.00069	1	ATACCGGTGT
taipale_cyt_meth__GRHL1_NAACCGGTTN_eDBD		peak_406	347	356	-	7.38776	0.00069	1	CAACTTGTTC
taipale_cyt_meth__GRHL1_NAACCGGTTN_eDBD		peak_63	415	424	-	7.38776	0.00069	1	GTACCAGTTA
taipale_cyt_meth__TFCP2_AWCCGGWTNNAWCCGGWT_eDBD		peak_281	402	419	-	6.40404	0.000691	1	AACCGCAGCTAGCAGGCA
cisbp__M5928		peak_218	166	175	+	6.87755	0.000691	1	GATCTAGATT
taipale__TFCP2_full_NCCGGNNNNNNCCGGN_repr		peak_347	10	25	+	5.4898	0.000692	1	ACCGGTATTATATTTT
taipale__GRHL1_full_NAAACCGGTTTN		peak_210	16	27	+	5.37755	0.000692	0.876	GTAACATGTTCT
taipale__GRHL1_full_NAAACCGGTTTN		peak_592	51	62	-	5.37755	0.000692	0.876	ACAACTTGTTAT
taipale__GRHL1_full_NAAACCGGTTTN		peak_268	217	228	-	5.37755	0.000692	0.876	AAAACAGGAATC
taipale__GRHL1_full_NAAACCGGTTTN		peak_374	319	330	-	5.37755	0.000692	0.876	TAAACAAGTCCA
taipale_cyt_meth__GRHL1_NAACCGGTTN_eDBD_meth_repr		peak_278	236	245	+	7.83673	0.000693	0.971	GAACATGTAT
taipale_cyt_meth__GRHL1_NAACCGGTTN_eDBD_meth_repr		peak_376	335	344	+	7.83673	0.000693	0.971	GAACATGTAT
taipale__GRHL1_DBD_NAACCGGTTN_repr		peak_184	379	388	+	6.72449	0.000693	1	GAACTAGTTC
taipale__GRHL1_DBD_NAACCGGTTN_repr		peak_184	379	388	-	6.72449	0.000693	1	GAACTAGTTC
taipale__TFCP2_full_NAACCGGTTN		peak_115	1	10	+	6.90816	0.000693	1	TAACCAGCTC
taipale__TFCP2_full_NAACCGGTTN		peak_63	415	424	+	6.90816	0.000693	1	TAACTGGTAC
taipale_cyt_meth__TFCP2_AWCCGGWTNNAWCCGGWT_eDBD		peak_72	244	261	+	6.39394	0.000694	1	AGCGTGTTTACGCCGGTG
taipale__TFCP2_full_NCCGGNNNNNNCCGGN_repr		peak_581	94	109	-	5.47959	0.000695	1	ACCTGCTCAATTTTGT
taipale__GRHL1_DBD_AACCGGWNNNWCCGGTT_repr		peak_157	56	72	-	4.80612	0.000695	1	AAGCGGCAGAACAGCTG
taipale_cyt_meth__GRHL1_NAACCGGTTN_eDBD_meth_repr		peak_191	105	114	-	7.82653	0.000695	0.971	GAACTAGTTG
taipale_cyt_meth__GRHL1_NAACCGGTTN_eDBD_meth_repr		peak_547	237	246	-	7.82653	0.000695	0.971	GAACTAGTTG
taipale_cyt_meth__GRHL1_NAACCGGTTN_eDBD_meth_repr		peak_285	524	533	-	7.82653	0.000695	0.971	CAACAGGTAC
taipale__TFCP2_full_NAACCGGTTN		peak_211	504	513	+	6.89796	0.000695	1	AAACTTGTTC
taipale__TFCP2_full_NAACCGGTTN		peak_80	697	706	+	6.89796	0.000695	1	AAACTTGTTC
homer__NAAACCGGTTCAAACCGGTT_Tcfcp2l1		peak_13	119	138	+	5.10204	0.000696	1	TTGGCAAGTGCGCTCCAGTA
homer__NAAACCGGTTCAAACCGGTT_Tcfcp2l1		peak_103	165	184	+	5.10204	0.000696	1	CCAGCCAGATGTAAACAGAC
taipale_cyt_meth__GRHL1_NAACCGGTTN_eDBD		peak_191	105	114	+	7.34694	0.000697	1	CAACTAGTTC
taipale_cyt_meth__GRHL1_NAACCGGTTN_eDBD		peak_547	237	246	+	7.34694	0.000697	1	CAACTAGTTC
taipale__GRHL1_DBD_AACCGGWNNNWCCGGTT_repr		peak_403	13	29	-	4.79592	0.000697	1	AACCGAAATCTCCAGTA
taipale__GRHL1_DBD_AACCGGWNNNWCCGGTT_repr		peak_474	42	58	-	4.79592	0.000697	1	AAGGTGGTGGACCCGTT
taipale__GRHL1_DBD_AACCGGWNNNWCCGGTT_repr		peak_323	168	184	-	4.79592	0.000697	1	TTCGGGTTGCACTGCTT
taipale__TFCP2_full_NAACCGGTTN		peak_99	206	215	+	6.88776	0.000697	1	AATCCGGAAA
taipale_cyt_meth__TFCP2_AWCCGGWTNNAWCCGGWT_eDBD		peak_576	319	336	-	6.38384	0.000697	1	CTCCAGTTGGGACCCCTC
taipale_cyt_meth__GRHL1_NAACCGGTTN_eDBD_meth_repr		peak_278	236	245	-	7.81633	0.000698	0.971	ATACATGTTC
taipale_cyt_meth__GRHL1_NAACCGGTTN_eDBD_meth_repr		peak_376	335	344	-	7.81633	0.000698	0.971	ATACATGTTC
taipale_cyt_meth__GRHL1_NAACCGGTTN_eDBD_meth_repr		peak_63	415	424	+	7.81633	0.000698	0.971	TAACTGGTAC
homer__NAAACCGGTTCAAACCGGTT_Tcfcp2l1		peak_220	240	259	-	5.09184	0.000699	1	GCGGGAGGTCTCAACCTGCG
taipale_cyt_meth__GRHL1_NAACCGGTTN_eDBD_meth_repr		peak_268	353	362	+	7.80612	0.000699	0.971	ACACCTGTTC
taipale__GRHL1_DBD_NAACCGGTTN_repr		peak_210	17	26	+	6.70408	0.000699	1	TAACATGTTC
taipale__GRHL1_DBD_NAACCGGTTN_repr		peak_246	46	55	-	6.70408	0.000699	1	TAACATGTTC
taipale__GRHL1_DBD_NAACCGGTTN_repr		peak_504	64	73	-	6.70408	0.000699	1	TAACATGTTC
taipale__GRHL1_DBD_NAACCGGTTN_repr		peak_7	76	85	-	6.70408	0.000699	1	TAACATGTTC
cisbp__M5928		peak_423	23	32	-	6.85714	0.0007	1	AAAGCGGATC
cisbp__M5928		peak_251	394	403	+	6.85714	0.0007	1	AAACTAGTCT
homer__NAAACCGGTTCAAACCGGTT_Tcfcp2l1		peak_579	187	206	+	5.08163	0.000701	1	CTAACTTGACTAAACCGATT
taipale_cyt_meth__GRHL1_NAACCGGTTN_eDBD		peak_215	44	53	-	7.33673	0.000702	1	CGACGGGTTT
taipale_cyt_meth__GRHL1_NAACCGGTTN_eDBD		peak_474	217	226	+	7.33673	0.000702	1	AGACCTGTAT
taipale_cyt_meth__GRHL1_NAACCGGTTN_eDBD		peak_578	395	404	+	7.33673	0.000702	1	CAACATGTTC
cisbp__M5928		peak_56	218	227	-	6.84694	0.000703	1	AATCAGGTTC
cisbp__M5928		peak_438	272	281	+	6.84694	0.000703	1	AAGCTGGTTA
cisbp__M5928		peak_361	336	345	-	6.84694	0.000703	1	AAGCTGGTTA
taipale__TFCP2_full_NAACCGGTTN		peak_361	135	144	+	6.86735	0.000703	1	ATACTAGTTT
taipale__TFCP2_full_NCCGGNNNNNNCCGGN_repr		peak_456	26	41	+	5.44898	0.000703	1	TCCGGCCAAAACTAAA
taipale_cyt_meth__GRHL1_NAACCGGTTN_eDBD_meth_repr		peak_44	11	20	+	7.79592	0.000704	0.971	CTACCAGTTT
taipale_cyt_meth__GRHL1_NAACCGGTTN_eDBD_meth_repr		peak_255	25	34	-	7.79592	0.000704	0.971	CTACCAGTTT
taipale_cyt_meth__GRHL1_NAACCGGTTN_eDBD_meth_repr		peak_454	82	91	-	7.79592	0.000704	0.971	AAACATGTAC
taipale_cyt_meth__GRHL1_NAACCGGTTN_eDBD_meth_repr		peak_191	105	114	+	7.79592	0.000704	0.971	CAACTAGTTC
taipale_cyt_meth__GRHL1_NAACCGGTTN_eDBD_meth_repr		peak_576	156	165	-	7.79592	0.000704	0.971	AAACATGTAC
taipale_cyt_meth__GRHL1_NAACCGGTTN_eDBD_meth_repr		peak_21	195	204	+	7.79592	0.000704	0.971	AAACATGTAC
taipale_cyt_meth__GRHL1_NAACCGGTTN_eDBD_meth_repr		peak_547	237	246	+	7.79592	0.000704	0.971	CAACTAGTTC
taipale__GRHL1_DBD_NAACCGGTTN_repr		peak_333	206	215	-	6.68367	0.000704	1	AAACGAGTTT
taipale_cyt_meth__TFCP2_AWCCGGWTNNAWCCGGWT_eDBD		peak_447	227	244	-	6.36364	0.000704	1	ACCCAGTTAGCACCACTC
taipale_cyt_meth__TFCP2_AWCCGGWTNNAWCCGGWT_eDBD		peak_561	496	513	+	6.36364	0.000704	1	GACCGGTCTGATATGGTA
taipale__GRHL1_full_NAAACCGGTTTN		peak_415	84	95	+	5.32653	0.000705	0.885	AGAACAAGATTG
homer__NAAACCGGTTCAAACCGGTT_Tcfcp2l1		peak_29	168	187	+	5.06122	0.000706	1	CTAAGTGGAAAGATCCGGCG
taipale__GRHL1_DBD_NAACCGGTTN_repr		peak_388	152	161	-	6.67347	0.000707	1	AAACCGGAAG
taipale__GRHL1_full_NAAACCGGTTTN		peak_13	263	274	+	5.31633	0.000708	0.885	CAAACAGCTTTT
taipale__GRHL1_full_NAAACCGGTTTN		peak_429	314	325	-	5.31633	0.000708	0.885	GATACAAGTTTT
taipale__GRHL1_DBD_AACCGGWNNNWCCGGTT_repr		peak_415	63	79	+	4.7551	0.000708	1	AACAGGTATACCAGCTG
taipale__GRHL1_DBD_AACCGGWNNNWCCGGTT_repr		peak_214	128	144	-	4.7551	0.000708	1	TTCTTGATATACAGCTT
taipale__GRHL1_DBD_AACCGGWNNNWCCGGTT_repr		peak_508	131	147	-	4.7551	0.000708	1	GTCTGGGTAGTCTGGTG
homer__NAAACCGGTTCAAACCGGTT_Tcfcp2l1		peak_87	151	170	-	5.05102	0.000709	1	TCTCCCTGTTTCAGCATGTT
homer__NAAACCGGTTCAAACCGGTT_Tcfcp2l1		peak_263	408	427	+	5.05102	0.000709	1	TCTGCCAGCTGCGCCAGGAT
taipale__TFCP2_full_NCCGGNNNNNNCCGGN_repr		peak_396	160	175	+	5.42857	0.000709	1	AGTGGAAAAAAACAGT
taipale__GRHL1_DBD_NAACCGGTTN_repr		peak_323	149	158	+	6.66327	0.000709	1	AAACCGCTTT
taipale__GRHL1_DBD_NAACCGGTTN_repr		peak_323	149	158	-	6.66327	0.000709	1	AAAGCGGTTT
taipale__GRHL1_DBD_NAACCGGTTN_repr		peak_361	420	429	+	6.66327	0.000709	1	AAAGCGGTTT
taipale__GRHL1_DBD_NAACCGGTTN_repr		peak_361	420	429	-	6.66327	0.000709	1	AAACCGCTTT
taipale__GRHL1_DBD_NAACCGGTTN_repr		peak_280	491	500	+	6.66327	0.000709	1	AAACCGCTTT
taipale__GRHL1_DBD_NAACCGGTTN_repr		peak_280	491	500	-	6.66327	0.000709	1	AAAGCGGTTT
taipale_cyt_meth__GRHL1_NAACCGGTTN_eDBD_meth_repr		peak_266	89	98	-	7.77551	0.00071	0.971	TTACAGGTTA
taipale_cyt_meth__TFCP2_AWCCGGWTNNAWCCGGWT_eDBD		peak_223	234	251	-	6.34343	0.00071	1	AGCCAGAAAAAAGCTGAA
taipale_cyt_meth__GRHL1_NAACCGGTTN_eDBD		peak_567	31	40	-	7.32653	0.000711	1	CAACTGGTAC
taipale_cyt_meth__GRHL1_NAACCGGTTN_eDBD		peak_414	277	286	-	7.32653	0.000711	1	CAACTGGTAC
taipale__GRHL1_full_NAAACCGGTTTN		peak_474	40	51	-	5.30612	0.000711	0.885	TGGACCCGTTTT
taipale__GRHL1_full_NAAACCGGTTTN		peak_467	149	160	+	5.30612	0.000711	0.885	TTAACAAGTTCC
taipale__GRHL1_full_NAAACCGGTTTN		peak_590	221	232	-	5.30612	0.000711	0.885	AAAACTTGTAAT
cisbp__M5928		peak_76	3	12	+	6.81633	0.000711	1	AAACCAGACT
cisbp__M5928		peak_97	58	67	+	6.81633	0.000711	1	GGACTGGATC
homer__NAAACCGGTTCAAACCGGTT_Tcfcp2l1		peak_188	238	257	-	5.04082	0.000711	1	AAAAAAGGCCAGGGCCGGAT
taipale_cyt_meth__GRHL1_NAACCGGTTN_eDBD_meth_repr		peak_266	89	98	+	7.76531	0.000713	0.971	TAACCTGTAA
taipale_cyt_meth__GRHL1_NAACCGGTTN_eDBD_meth_repr		peak_254	103	112	+	7.76531	0.000713	0.971	AAACCAGTAG
homer__NAAACCGGTTCAAACCGGTT_Tcfcp2l1		peak_543	267	286	-	5.03061	0.000714	1	CCATCTGGTTTTGCCTTGAA
taipale_cyt_meth__GRHL1_NAACCGGTTN_eDBD		peak_98	112	121	+	7.30612	0.000714	1	AAACCAGCTT
taipale_cyt_meth__GRHL1_NAACCGGTTN_eDBD		peak_552	297	306	-	7.30612	0.000714	1	AAACCAGCTT
taipale_cyt_meth__GRHL1_NAACCGGTTN_eDBD		peak_168	378	387	-	7.30612	0.000714	1	AAACCAGCTT
taipale__TFCP2_full_NAACCGGTTN		peak_218	166	175	-	6.83673	0.000715	1	AATCTAGATC
taipale__GRHL1_DBD_NAACCGGTTN_repr		peak_474	174	183	+	6.65306	0.000715	1	AAACCAGTGT
taipale__GRHL1_DBD_NAACCGGTTN_repr		peak_55	255	264	-	6.65306	0.000715	1	TAACGGGTTA
taipale__GRHL1_DBD_NAACCGGTTN_repr		peak_389	279	288	+	6.65306	0.000715	1	TTACCTGTTC
taipale__TFCP2_full_NCCGGNNNNNNCCGGN_repr		peak_475	160	175	-	5.40816	0.000715	1	ACCAGATGGTGCTTGC
taipale__TFCP2_full_NCCGGNNNNNNCCGGN_repr		peak_332	160	175	-	5.40816	0.000715	1	ACCGGAAATGAAAAGT
taipale__TFCP2_full_NCCGGNNNNNNCCGGN_repr		peak_282	307	322	+	5.40816	0.000715	1	ACCAGTTTAAGATTCA
taipale__GRHL1_DBD_AACCGGWNNNWCCGGTT_repr		peak_185	84	100	-	4.72449	0.000717	1	TAGTCGATATACAGGTG
taipale__GRHL1_DBD_AACCGGWNNNWCCGGTT_repr		peak_282	136	152	-	4.72449	0.000717	1	CGCCGGTGCAACATGTG
taipale__GRHL1_DBD_AACCGGWNNNWCCGGTT_repr		peak_489	265	281	+	4.72449	0.000717	1	GAGTGGGTTTTCAGCTT
homer__NAAACCGGTTCAAACCGGTT_Tcfcp2l1		peak_521	78	97	-	5.02041	0.000717	1	GAAGGCAGAGGCTGCTGGTC
homer__NAAACCGGTTCAAACCGGTT_Tcfcp2l1		peak_268	473	492	+	5.02041	0.000717	1	CACACCAGTCTCGGCCATTC
taipale_cyt_meth__TFCP2_AWCCGGWTNNAWCCGGWT_eDBD		peak_603	113	130	+	6.32323	0.000717	1	CAGCGCTGCCAACTGGAC
taipale__GRHL1_DBD_NAACCGGTTN_repr		peak_76	207	216	+	6.64286	0.000717	1	TGACCGGATA
taipale__TFCP2_full_NAACCGGTTN		peak_517	25	34	-	6.82653	0.000718	1	AAACTGGAAA
taipale__TFCP2_full_NAACCGGTTN		peak_384	165	174	-	6.82653	0.000718	1	AAACTGGAAA
taipale__TFCP2_full_NAACCGGTTN		peak_589	206	215	-	6.82653	0.000718	1	AAACTGGAAA
taipale__TFCP2_full_NCCGGNNNNNNCCGGN_repr		peak_554	555	570	+	5.39796	0.000718	1	ACCGCTATTATCTGGC
taipale__GRHL1_full_NAAACCGGTTTN		peak_427	75	86	-	5.27551	0.000719	0.893	ACAACTGGTCCA
taipale__GRHL1_DBD_AACCGGWNNNWCCGGTT_repr		peak_126	71	87	-	4.71429	0.000719	1	AACCTGTTCAAAAAGTG
taipale_cyt_meth__TFCP2_AWCCGGWTNNAWCCGGWT_eDBD		peak_579	29	46	+	6.31313	0.00072	1	CGCCGGAGCGATCCGCCA
taipale_cyt_meth__TFCP2_AWCCGGWTNNAWCCGGWT_eDBD		peak_483	440	457	+	6.31313	0.00072	1	GGCTGCTCTACACTAGTC
taipale__GRHL1_DBD_NAACCGGTTN_repr		peak_578	395	404	+	6.63265	0.000721	1	CAACATGTTC
taipale_cyt_meth__GRHL1_NAACCGGTTN_eDBD_meth_repr		peak_282	3	12	+	7.7551	0.000721	0.971	GAACGTGTTG
taipale_cyt_meth__GRHL1_NAACCGGTTN_eDBD_meth_repr		peak_354	295	304	+	7.7551	0.000721	0.971	ATACAAGTTT
taipale_cyt_meth__GRHL1_NAACCGGTTN_eDBD_meth_repr		peak_429	315	324	-	7.7551	0.000721	0.971	ATACAAGTTT
taipale__TFCP2_full_NCCGGNNNNNNCCGGN_repr		peak_3	532	547	-	5.38776	0.000721	1	GCTGGATCAAAACATT
taipale__TFCP2_full_NAACCGGTTN		peak_56	218	227	+	6.81633	0.000722	1	GAACCTGATT
homer__NAAACCGGTTCAAACCGGTT_Tcfcp2l1		peak_42	7	26	-	5	0.000722	1	AAAACTGGCCCCTGCTGATT
taipale__GRHL1_DBD_AACCGGWNNNWCCGGTT_repr		peak_549	63	79	+	4.70408	0.000722	1	TAGTCGTTAGCCCAGTT
taipale__GRHL1_DBD_AACCGGWNNNWCCGGTT_repr		peak_198	102	118	-	4.70408	0.000722	1	ATCCAGTTGGACTGCTA
cisbp__M5928		peak_469	51	60	-	6.79592	0.000723	1	AAAGCAGTTC
cisbp__M5928		peak_365	275	284	+	6.79592	0.000723	1	TAACTAGTTA
cisbp__M5928		peak_365	275	284	-	6.79592	0.000723	1	TAACTAGTTA
taipale_cyt_meth__TFCP2_AWCCGGWTNNAWCCGGWT_eDBD		peak_107	256	273	-	6.30303	0.000723	1	GGACAGTTTTAACTGGTT
taipale_cyt_meth__GRHL1_NAACCGGTTN_eDBD		peak_7	35	44	+	7.28571	0.000723	1	TAACCGGCTG
taipale__GRHL1_DBD_NAACCGGTTN_repr		peak_415	312	321	+	6.62245	0.000724	1	TAACAGGTAT
taipale_cyt_meth__GRHL1_NAACCGGTTN_eDBD_meth_repr		peak_254	103	112	-	7.7449	0.000724	0.971	CTACTGGTTT
taipale_cyt_meth__GRHL1_NAACCGGTTN_eDBD_meth_repr		peak_168	169	178	+	7.7449	0.000724	0.971	ACACCAGTTT
taipale_cyt_meth__GRHL1_NAACCGGTTN_eDBD_meth_repr		peak_498	376	385	-	7.7449	0.000724	0.971	ACACCAGTTT
taipale_cyt_meth__GRHL1_NAACCGGTTN_eDBD_meth_repr		peak_63	415	424	-	7.7449	0.000724	0.971	GTACCAGTTA
taipale__GRHL1_DBD_AACCGGWNNNWCCGGTT_repr		peak_539	44	60	-	4.69388	0.000725	1	TTCTTGTATTTCCTGCT
taipale__GRHL1_full_NAAACCGGTTTN		peak_343	224	235	-	5.2551	0.000725	0.895	GGGACTGGTTTC
taipale__GRHL1_full_NAAACCGGTTTN		peak_184	378	389	-	5.2551	0.000725	0.895	CGAACTAGTTCC
taipale__TFCP2_full_NCCGGNNNNNNCCGGN_repr		peak_504	526	541	+	5.36735	0.000727	1	GCCAGTCGGAAGCGGC
taipale_cyt_meth__GRHL1_NAACCGGTTN_eDBD		peak_285	524	533	-	7.27551	0.000728	1	CAACAGGTAC
taipale__GRHL1_DBD_AACCGGWNNNWCCGGTT_repr		peak_126	71	87	+	4.68367	0.000728	1	CACTTTTTGAACAGGTT
taipale__GRHL1_DBD_AACCGGWNNNWCCGGTT_repr		peak_185	355	371	-	4.68367	0.000728	1	CACAAGAAAAGCCGGTG
taipale__TFCP2_full_NAACCGGTTN		peak_88	403	412	-	6.80612	0.000728	1	AAACCTGTTG
taipale_cyt_meth__GRHL1_NAACCGGTTN_eDBD_meth_repr		peak_105	56	65	+	7.73469	0.000728	0.971	CAACAAGTTA
taipale_cyt_meth__GRHL1_NAACCGGTTN_eDBD_meth_repr		peak_599	209	218	+	7.73469	0.000728	0.971	CAACAAGTTA
taipale_cyt_meth__GRHL1_NAACCGGTTN_eDBD_meth_repr		peak_18	343	352	+	7.73469	0.000728	0.971	CAACAAGTTA
taipale__GRHL1_full_NAAACCGGTTTN		peak_237	25	36	+	5.2449	0.000728	0.895	ACATCCAGTTTT
taipale__GRHL1_full_NAAACCGGTTTN		peak_290	490	501	-	5.2449	0.000728	0.895	TAAGCCGGTTGC
taipale__GRHL1_DBD_NAACCGGTTN_repr		peak_254	103	112	+	6.60204	0.000729	1	AAACCAGTAG
cisbp__M5928		peak_115	1	10	-	6.76531	0.00073	1	GAGCTGGTTA
cisbp__M5928		peak_173	104	113	-	6.76531	0.00073	1	GATCAGGTTC
cisbp__M5928		peak_98	325	334	-	6.76531	0.00073	1	GAACCAGAAT
taipale__TFCP2_full_NAACCGGTTN		peak_146	46	55	+	6.79592	0.00073	1	GGACCAGTTA
taipale_cyt_meth__TFCP2_AWCCGGWTNNAWCCGGWT_eDBD		peak_558	172	189	-	6.27273	0.000733	1	TTCCATTTTGAACCGGAA
taipale__TFCP2_full_NCCGGNNNNNNCCGGN_repr		peak_273	55	70	+	5.34694	0.000734	1	GCCGGTTGTAATTATT
taipale__GRHL1_DBD_NAACCGGTTN_repr		peak_483	5	14	+	6.59184	0.000734	1	AGTCCGGTTG
taipale__GRHL1_DBD_NAACCGGTTN_repr		peak_330	26	35	+	6.59184	0.000734	1	AAACCGATTC
taipale__GRHL1_DBD_NAACCGGTTN_repr		peak_474	174	183	-	6.59184	0.000734	1	ACACTGGTTT
taipale__TFCP2_full_NAACCGGTTN		peak_365	275	284	+	6.78571	0.000735	1	TAACTAGTTA
taipale__TFCP2_full_NAACCGGTTN		peak_365	275	284	-	6.78571	0.000735	1	TAACTAGTTA
taipale__TFCP2_full_NAACCGGTTN		peak_561	380	389	+	6.78571	0.000735	1	CAACCAGTGC
taipale_cyt_meth__GRHL1_NAACCGGTTN_eDBD_meth_repr		peak_365	275	284	+	7.72449	0.000735	0.971	TAACTAGTTA
taipale_cyt_meth__GRHL1_NAACCGGTTN_eDBD_meth_repr		peak_365	275	284	-	7.72449	0.000735	0.971	TAACTAGTTA
taipale_cyt_meth__GRHL1_NAACCGGTTN_eDBD_meth_repr		peak_558	314	323	-	7.72449	0.000735	0.971	CAACGTGTTC
taipale_cyt_meth__GRHL1_NAACCGGTTN_eDBD		peak_406	169	178	+	7.2449	0.000736	1	AAGCTGGTTC
taipale__GRHL1_DBD_AACCGGWNNNWCCGGTT_repr		peak_430	259	275	+	4.65306	0.000736	1	GCCTGGACAGCCCGGCT
taipale__GRHL1_DBD_AACCGGWNNNWCCGGTT_repr		peak_584	284	300	-	4.65306	0.000736	1	CACCGGTATTTCTTCTC
taipale__GRHL1_full_NAAACCGGTTTN		peak_365	274	285	+	5.21429	0.000737	0.898	CTAACTAGTTAC
taipale_cyt_meth__TFCP2_AWCCGGWTNNAWCCGGWT_eDBD		peak_418	132	149	+	6.26263	0.000737	1	TACTAGTATAAATAGGTT
cisbp__M5928		peak_122	98	107	-	6.7449	0.000737	1	GATCCTGTTC
cisbp__M5928		peak_88	403	412	+	6.7449	0.000737	1	CAACAGGTTT
homer__NAAACCGGTTCAAACCGGTT_Tcfcp2l1		peak_405	189	208	-	4.93878	0.000738	1	GTTTCTGGAAGTAACTTGTC
homer__NAAACCGGTTCAAACCGGTT_Tcfcp2l1		peak_272	446	465	+	4.93878	0.000738	1	CAGCCCACTTTGCGCAAGCT
taipale_cyt_meth__GRHL1_NAACCGGTTN_eDBD		peak_400	429	438	-	7.22449	0.000739	1	CGACCCGTTT
taipale__GRHL1_DBD_AACCGGWNNNWCCGGTT_repr		peak_115	280	296	-	4.64286	0.000739	1	AACCTCAATAACCCGCT
taipale__GRHL1_full_NAAACCGGTTTN		peak_591	95	106	-	5.20408	0.000739	0.898	AAAACCCGCTTT
taipale__GRHL1_DBD_NAACCGGTTN_repr		peak_591	96	105	-	6.58163	0.000739	1	AAACCCGCTT
taipale_cyt_meth__TFCP2_AWCCGGWTNNAWCCGGWT_eDBD		peak_88	694	711	-	6.25253	0.00074	1	TGCACGAAAAAGCCGGTT
cisbp__M5928		peak_598	27	36	-	6.72449	0.000742	1	CAACCTGTTT
taipale_cyt_meth__GRHL1_NAACCGGTTN_eDBD_meth_repr		peak_44	11	20	-	7.71429	0.000742	0.971	AAACTGGTAG
taipale_cyt_meth__GRHL1_NAACCGGTTN_eDBD_meth_repr		peak_255	25	34	+	7.71429	0.000742	0.971	AAACTGGTAG
taipale_cyt_meth__GRHL1_NAACCGGTTN_eDBD_meth_repr		peak_122	98	107	-	7.71429	0.000742	0.971	GATCCTGTTC
taipale__TFCP2_full_NAACCGGTTN		peak_251	394	403	-	6.7449	0.000742	1	AGACTAGTTT
taipale_cyt_meth__GRHL1_NAACCGGTTN_eDBD		peak_191	105	114	-	7.21429	0.000742	1	GAACTAGTTG
taipale_cyt_meth__GRHL1_NAACCGGTTN_eDBD		peak_547	237	246	-	7.21429	0.000742	1	GAACTAGTTG
taipale_cyt_meth__GRHL1_NAACCGGTTN_eDBD		peak_400	429	438	+	7.21429	0.000742	1	AAACGGGTCG
taipale__TFCP2_full_NCCGGNNNNNNCCGGN_repr		peak_312	81	96	-	5.31633	0.000743	1	AGCGGAAGAATGTAGA
taipale__TFCP2_full_NCCGGNNNNNNCCGGN_repr		peak_90	115	130	+	5.31633	0.000743	1	GGCGGATTTAGTCGGA
taipale_cyt_meth__TFCP2_AWCCGGWTNNAWCCGGWT_eDBD		peak_579	29	46	-	6.24242	0.000743	1	TGGCGGATCGCTCCGGCG
taipale_cyt_meth__TFCP2_AWCCGGWTNNAWCCGGWT_eDBD		peak_265	424	441	+	6.24242	0.000743	1	AGGCTCATTCAACCGGCT
taipale__GRHL1_full_NAAACCGGTTTN		peak_477	202	213	-	5.18367	0.000744	0.898	TAAACTGGCTTG
taipale_cyt_meth__GRHL1_NAACCGGTTN_eDBD		peak_173	104	113	-	7.20408	0.000745	1	GATCAGGTTC
taipale_cyt_meth__GRHL1_NAACCGGTTN_eDBD		peak_578	395	404	-	7.20408	0.000745	1	GAACATGTTG
taipale__TFCP2_full_NCCGGNNNNNNCCGGN_repr		peak_280	391	406	-	5.30612	0.000746	1	TCCAGACGAAACTATT
taipale__TFCP2_full_NAACCGGTTN		peak_173	104	113	+	6.73469	0.000746	1	GAACCTGATC
taipale__TFCP2_full_NAACCGGTTN		peak_98	325	334	+	6.73469	0.000746	1	ATTCTGGTTC
taipale_cyt_meth__GRHL1_NAACCGGTTN_eDBD_meth_repr		peak_173	104	113	+	7.70408	0.000746	0.971	GAACCTGATC
taipale_cyt_meth__GRHL1_NAACCGGTTN_eDBD_meth_repr		peak_173	104	113	-	7.70408	0.000746	0.971	GATCAGGTTC
cisbp__M5928		peak_603	122	131	-	6.69388	0.000747	1	AGTCCAGTTG
cisbp__M5928		peak_105	187	196	-	6.69388	0.000747	1	AAACAGGTTA
taipale__GRHL1_DBD_NAACCGGTTN_repr		peak_531	47	56	-	6.57143	0.000747	1	TGACCAGTTA
taipale__GRHL1_DBD_NAACCGGTTN_repr		peak_200	197	206	-	6.57143	0.000747	1	GAACTTGTTT
taipale__GRHL1_DBD_NAACCGGTTN_repr		peak_474	217	226	-	6.57143	0.000747	1	ATACAGGTCT
taipale__GRHL1_DBD_NAACCGGTTN_repr		peak_178	255	264	-	6.57143	0.000747	1	GAACTTGTTT
taipale__GRHL1_DBD_NAACCGGTTN_repr		peak_125	328	337	+	6.57143	0.000747	1	GAACTTGTTT
taipale__GRHL1_DBD_NAACCGGTTN_repr		peak_276	357	366	-	6.57143	0.000747	1	TGACCCGTTC
homer__NAAACCGGTTCAAACCGGTT_Tcfcp2l1		peak_82	49	68	-	4.89796	0.000749	1	CGTGCATGCGCCATCTTGTT
taipale__TFCP2_full_NCCGGNNNNNNCCGGN_repr		peak_9	221	236	-	5.29592	0.000749	1	AGCGGTTCGACCAGTT
taipale__TFCP2_full_NAACCGGTTN		peak_188	237	246	+	6.72449	0.000749	1	AATCCGGCCC
taipale_cyt_meth__TFCP2_AWCCGGWTNNAWCCGGWT_eDBD		peak_387	182	199	+	6.22222	0.00075	1	TACGAGCCTAATGCAGTT
taipale_cyt_meth__TFCP2_AWCCGGWTNNAWCCGGWT_eDBD		peak_229	206	223	-	6.22222	0.00075	1	CTCCTGTCAAAACGGGCT
taipale_cyt_meth__TFCP2_AWCCGGWTNNAWCCGGWT_eDBD		peak_107	256	273	+	6.22222	0.00075	1	AACCAGTTAAAACTGTCC
taipale__GRHL1_full_NAAACCGGTTTN		peak_245	45	56	+	5.16327	0.000751	0.898	AAATCGGGTTCT
taipale__GRHL1_full_NAAACCGGTTTN		peak_322	249	260	-	5.16327	0.000751	0.898	AGAACGTGTTCG
taipale__TFCP2_full_NCCGGNNNNNNCCGGN_repr		peak_524	146	161	-	5.28571	0.000752	1	TCAGGATTAAAGTAGG
taipale_cyt_meth__GRHL1_NAACCGGTTN_eDBD		peak_540	126	135	+	7.18367	0.000753	1	TATCTGGTTT
taipale__GRHL1_DBD_AACCGGWNNNWCCGGTT_repr		peak_128	45	61	+	4.59184	0.000753	1	TTCAAGTTTGTCTTGTT
taipale__GRHL1_DBD_AACCGGWNNNWCCGGTT_repr		peak_191	215	231	-	4.59184	0.000753	1	GACTGGCCAGTCACGTA
taipale__GRHL1_DBD_AACCGGWNNNWCCGGTT_repr		peak_510	428	444	-	4.59184	0.000753	1	AACCGTTCGAAACGGTT
taipale_cyt_meth__TFCP2_AWCCGGWTNNAWCCGGWT_eDBD		peak_148	106	123	-	6.21212	0.000754	1	AATCGGTTAAAGCCGCTA
taipale_cyt_meth__TFCP2_AWCCGGWTNNAWCCGGWT_eDBD		peak_69	173	190	-	6.21212	0.000754	1	ATCGCCTCACAACCGGTT
taipale_cyt_meth__TFCP2_AWCCGGWTNNAWCCGGWT_eDBD		peak_579	189	206	-	6.21212	0.000754	1	AATCGGTTTAGTCAAGTT
taipale_cyt_meth__TFCP2_AWCCGGWTNNAWCCGGWT_eDBD		peak_543	267	284	-	6.21212	0.000754	1	ATCTGGTTTTGCCTTGAA
taipale_cyt_meth__TFCP2_AWCCGGWTNNAWCCGGWT_eDBD		peak_456	294	311	-	6.21212	0.000754	1	GACCACTTTAATGCCGTA
taipale__TFCP2_full_NAACCGGTTN		peak_7	35	44	+	6.70408	0.000754	1	TAACCGGCTG
taipale__GRHL1_full_NAAACCGGTTTN		peak_183	353	364	+	5.14286	0.000756	0.898	AAAACACGTCAG
taipale_cyt_meth__GRHL1_NAACCGGTTN_eDBD		peak_456	8	17	-	7.16327	0.000756	1	GAACAAGTTG
taipale_cyt_meth__GRHL1_NAACCGGTTN_eDBD		peak_406	347	356	+	7.16327	0.000756	1	GAACAAGTTG
taipale__GRHL1_DBD_AACCGGWNNNWCCGGTT_repr		peak_488	172	188	+	4.58163	0.000756	1	CACAAGATTATCCACTT
taipale__GRHL1_DBD_AACCGGWNNNWCCGGTT_repr		peak_473	361	377	-	4.58163	0.000756	1	CGCCTATCGAACTGGTT
taipale_cyt_meth__TFCP2_AWCCGGWTNNAWCCGGWT_eDBD		peak_330	90	107	+	6.20202	0.000757	1	CACTGGCGTCGACTGGGT
taipale_cyt_meth__TFCP2_AWCCGGWTNNAWCCGGWT_eDBD		peak_423	223	240	+	6.20202	0.000757	1	AAGAAGTAAAAAGTAGTT
homer__NAAACCGGTTCAAACCGGTT_Tcfcp2l1		peak_517	321	340	-	4.86735	0.000757	1	CGGAGCGGTCGGATCCGCCG
homer__NAAACCGGTTCAAACCGGTT_Tcfcp2l1		peak_336	337	356	-	4.86735	0.000757	1	TTCGCTGGCGGCTGCTGGCT
cisbp__M5928		peak_237	52	61	-	6.67347	0.000758	1	AATCCGGAAC
cisbp__M5928		peak_500	59	68	-	6.67347	0.000758	1	AAACCTGTTA
cisbp__M5928		peak_61	150	159	+	6.67347	0.000758	1	AATCCGGAAC
cisbp__M5928		peak_276	245	254	+	6.67347	0.000758	1	TTTCCGGTTA
cisbp__M5928		peak_410	255	264	-	6.67347	0.000758	1	TAAGTGGTTT
cisbp__M5928		peak_320	335	344	+	6.67347	0.000758	1	TAAGTGGTTT
cisbp__M5928		peak_63	614	623	-	6.67347	0.000758	1	AAACCTGTTA
taipale__TFCP2_full_NCCGGNNNNNNCCGGN_repr		peak_29	171	186	-	5.26531	0.000759	1	GCCGGATCTTTCCACT
taipale_cyt_meth__GRHL1_NAACCGGTTN_eDBD_meth_repr		peak_592	52	61	-	7.69388	0.000759	0.971	CAACTTGTTA
taipale_cyt_meth__GRHL1_NAACCGGTTN_eDBD_meth_repr		peak_122	98	107	+	7.69388	0.000759	0.971	GAACAGGATC
taipale_cyt_meth__GRHL1_NAACCGGTTN_eDBD_meth_repr		peak_474	174	183	-	7.69388	0.000759	0.971	ACACTGGTTT
taipale_cyt_meth__GRHL1_NAACCGGTTN_eDBD_meth_repr		peak_437	283	292	+	7.69388	0.000759	0.971	TAACAAGTCT
taipale_cyt_meth__GRHL1_NAACCGGTTN_eDBD_meth_repr		peak_354	295	304	-	7.69388	0.000759	0.971	AAACTTGTAT
taipale_cyt_meth__GRHL1_NAACCGGTTN_eDBD_meth_repr		peak_429	315	324	+	7.69388	0.000759	0.971	AAACTTGTAT
taipale_cyt_meth__GRHL1_NAACCGGTTN_eDBD_meth_repr		peak_261	332	341	-	7.69388	0.000759	0.971	CGACCTGTTG
taipale__TFCP2_full_NAACCGGTTN		peak_76	3	12	-	6.69388	0.000759	1	AGTCTGGTTT
taipale__TFCP2_full_NAACCGGTTN		peak_603	122	131	+	6.69388	0.000759	1	CAACTGGACT
taipale__TFCP2_full_NAACCGGTTN		peak_105	187	196	+	6.69388	0.000759	1	TAACCTGTTT
taipale__GRHL1_DBD_AACCGGWNNNWCCGGTT_repr		peak_349	38	54	-	4.57143	0.000759	1	AACAGGGTGGTCAAGTG
taipale__GRHL1_DBD_AACCGGWNNNWCCGGTT_repr		peak_221	279	295	-	4.57143	0.000759	1	GAGCTGAGCAACCGCAT
taipale__GRHL1_DBD_NAACCGGTTN_repr		peak_235	255	264	-	6.54082	0.00076	1	AATCCAGTCT
homer__NAAACCGGTTCAAACCGGTT_Tcfcp2l1		peak_599	92	111	+	4.85714	0.00076	1	GAAGCCAGGCCGATCCAATC
taipale_cyt_meth__TFCP2_AWCCGGWTNNAWCCGGWT_eDBD		peak_200	3	20	+	6.19192	0.00076	1	GGCCTGACTGAGCCTGCT
taipale__TFCP2_full_NCCGGNNNNNNCCGGN_repr		peak_97	60	75	+	5.2551	0.000762	1	ACTGGATCCGCATGGA
taipale__TFCP2_full_NCCGGNNNNNNCCGGN_repr		peak_340	320	335	-	5.2551	0.000762	1	GCCAGATCTTTCTGGC
taipale__TFCP2_full_NAACCGGTTN		peak_147	252	261	+	6.68367	0.000762	1	AAACTAGATG
taipale__TFCP2_full_NAACCGGTTN		peak_343	363	372	-	6.68367	0.000762	1	GAGCCAGTTT
homer__NAAACCGGTTCAAACCGGTT_Tcfcp2l1		peak_561	494	513	+	4.84694	0.000763	1	ACGACCGGTCTGATATGGTA
taipale__GRHL1_DBD_NAACCGGTTN_repr		peak_343	363	372	+	6.53061	0.000763	1	AAACTGGCTC
cisbp__M5928		peak_561	495	504	-	6.65306	0.000763	1	AGACCGGTCG
taipale__GRHL1_full_NAAACCGGTTTN		peak_13	263	274	-	5.11224	0.000763	0.898	AAAAGCTGTTTG
taipale_cyt_meth__TFCP2_AWCCGGWTNNAWCCGGWT_eDBD		peak_46	52	69	+	6.18182	0.000764	1	GAGCAGAATCTGCCGCTT
taipale_cyt_meth__GRHL1_NAACCGGTTN_eDBD_meth_repr		peak_203	40	49	-	7.68367	0.000765	0.971	TAACGGGTAT
taipale_cyt_meth__GRHL1_NAACCGGTTN_eDBD_meth_repr		peak_430	138	147	+	7.68367	0.000765	0.971	TAACCTGATT
taipale_cyt_meth__GRHL1_NAACCGGTTN_eDBD_meth_repr		peak_555	190	199	+	7.68367	0.000765	0.971	TAACGGGTAT
taipale_cyt_meth__GRHL1_NAACCGGTTN_eDBD_meth_repr		peak_318	265	274	+	7.68367	0.000765	0.971	TAACCTGATT
taipale_cyt_meth__GRHL1_NAACCGGTTN_eDBD_meth_repr		peak_203	274	283	+	7.68367	0.000765	0.971	TAACGGGTAT
taipale_cyt_meth__GRHL1_NAACCGGTTN_eDBD_meth_repr		peak_558	314	323	+	7.68367	0.000765	0.971	GAACACGTTG
taipale_cyt_meth__GRHL1_NAACCGGTTN_eDBD_meth_repr		peak_261	332	341	+	7.68367	0.000765	0.971	CAACAGGTCG
taipale_cyt_meth__GRHL1_NAACCGGTTN_eDBD		peak_122	98	107	+	7.12245	0.000765	1	GAACAGGATC
taipale__GRHL1_DBD_AACCGGWNNNWCCGGTT_repr		peak_370	317	333	-	4.55102	0.000765	1	AACTGGTTCATAAGCTT
taipale__GRHL1_DBD_NAACCGGTTN_repr		peak_76	207	216	-	6.5102	0.000766	1	TATCCGGTCA
taipale__GRHL1_full_NAAACCGGTTTN		peak_278	235	246	+	5.10204	0.000767	0.898	AGAACATGTATA
taipale__TFCP2_full_NAACCGGTTN		peak_42	16	25	-	6.66327	0.000768	1	AAACTGGCCC
taipale__TFCP2_full_NAACCGGTTN		peak_149	22	31	-	6.66327	0.000768	1	AAACAAGTTT
taipale__TFCP2_full_NAACCGGTTN		peak_394	168	177	-	6.66327	0.000768	1	AAACAAGTTT
taipale__GRHL1_DBD_AACCGGWNNNWCCGGTT_repr		peak_516	422	438	+	4.54082	0.000768	1	AAGCCGTCGAACGGGGA
taipale__TFCP2_full_NCCGGNNNNNNCCGGN_repr		peak_333	296	311	-	5.23469	0.000768	1	TCTGGTTCTAATCTTA
homer__NAAACCGGTTCAAACCGGTT_Tcfcp2l1		peak_516	256	275	-	4.82653	0.000768	1	TATTCATGTATAAACAAGCT
cisbp__M5928		peak_7	21	30	-	6.63265	0.00077	1	TCACTGGTTC
cisbp__M5928		peak_486	283	292	-	6.63265	0.00077	1	TAAGCGGATT
taipale_cyt_meth__TFCP2_AWCCGGWTNNAWCCGGWT_eDBD		peak_19	264	281	+	6.16162	0.000771	1	AAGTGCTTTTTACTTGTA
taipale_cyt_meth__TFCP2_AWCCGGWTNNAWCCGGWT_eDBD		peak_156	357	374	+	6.16162	0.000771	1	TACTTGACATAGCTGGAA
taipale_cyt_meth__TFCP2_AWCCGGWTNNAWCCGGWT_eDBD		peak_605	419	436	+	6.16162	0.000771	1	AACAAATGCAAGCCGGTC
homer__NAAACCGGTTCAAACCGGTT_Tcfcp2l1		peak_437	44	63	-	4.81633	0.000771	1	GGGACCAGTACTTAGTTGTT
homer__NAAACCGGTTCAAACCGGTT_Tcfcp2l1		peak_440	85	104	-	4.81633	0.000771	1	CGGGCAAGTTCAGTGCTGTG
homer__NAAACCGGTTCAAACCGGTT_Tcfcp2l1		peak_575	246	265	-	4.81633	0.000771	1	GGAGCATGTGTAGGCCACTC
homer__NAAACCGGTTCAAACCGGTT_Tcfcp2l1		peak_484	386	405	-	4.81633	0.000771	1	CATACAAGTGCGGTCCACTC
taipale__GRHL1_DBD_AACCGGWNNNWCCGGTT_repr		peak_433	436	452	-	4.53061	0.000771	1	AGCCGGAAAATCCAGGG
taipale_cyt_meth__GRHL1_NAACCGGTTN_eDBD		peak_215	44	53	+	7.10204	0.000771	1	AAACCCGTCG
taipale__TFCP2_full_NCCGGNNNNNNCCGGN_repr		peak_504	301	316	-	5.22449	0.000771	1	ACAAGATTAAATCGAT
taipale__TFCP2_full_NAACCGGTTN		peak_7	35	44	-	6.65306	0.000772	1	CAGCCGGTTA
taipale__TFCP2_full_NAACCGGTTN		peak_237	52	61	+	6.65306	0.000772	1	GTTCCGGATT
taipale__TFCP2_full_NAACCGGTTN		peak_61	150	159	-	6.65306	0.000772	1	GTTCCGGATT
taipale__TFCP2_full_NAACCGGTTN		peak_527	361	370	-	6.65306	0.000772	1	GAACTGGTCG
taipale__TFCP2_full_NAACCGGTTN		peak_200	385	394	-	6.65306	0.000772	1	AAACTAGTCA
taipale__GRHL1_full_NAAACCGGTTTN		peak_191	104	115	-	5.08163	0.000772	0.898	CGAACTAGTTGA
taipale__GRHL1_full_NAAACCGGTTTN		peak_527	360	371	-	5.08163	0.000772	0.898	AGAACTGGTCGC
taipale__TFCP2_full_NAACCGGTTN		peak_490	8	17	-	6.64286	0.000773	1	ATTCCGGTTG
taipale__TFCP2_full_NAACCGGTTN		peak_164	77	86	-	6.64286	0.000773	1	GAACCGGCGT
homer__NAAACCGGTTCAAACCGGTT_Tcfcp2l1		peak_144	269	288	+	4.80612	0.000774	1	AAGGCAGGCACGTAGTGGCC
cisbp__M5928		peak_147	252	261	-	6.62245	0.000774	1	CATCTAGTTT
taipale_cyt_meth__TFCP2_AWCCGGWTNNAWCCGGWT_eDBD		peak_517	41	58	+	6.15152	0.000774	1	GGCCGGTCCGTGGCTGTG
taipale__TFCP2_full_NCCGGNNNNNNCCGGN_repr		peak_480	7	22	+	5.21429	0.000775	1	GCTGGTTGTGAGAGGA
taipale__TFCP2_full_NCCGGNNNNNNCCGGN_repr		peak_11	237	252	+	5.21429	0.000775	1	ACTGGTTTTCATCTCT
taipale__GRHL1_full_NAAACCGGTTTN		peak_400	428	439	-	5.07143	0.000775	0.898	ACGACCCGTTTT
taipale__GRHL1_full_NAAACCGGTTTN		peak_420	110	121	+	5.06122	0.000777	0.898	AACACCAGTTCA
taipale__GRHL1_full_NAAACCGGTTTN		peak_401	234	245	-	5.06122	0.000777	0.898	AGAACAGGACTG
taipale_cyt_meth__GRHL1_NAACCGGTTN_eDBD		peak_122	98	107	-	7.08163	0.000777	1	GATCCTGTTC
taipale_cyt_meth__GRHL1_NAACCGGTTN_eDBD		peak_474	174	183	-	7.08163	0.000777	1	ACACTGGTTT
taipale_cyt_meth__GRHL1_NAACCGGTTN_eDBD		peak_9	220	229	+	7.08163	0.000777	1	CAACTGGTCG
taipale__TFCP2_full_NCCGGNNNNNNCCGGN_repr		peak_579	207	222	-	5.20408	0.000778	1	TCTAGTTTATTACAGT
taipale__GRHL1_DBD_NAACCGGTTN_repr		peak_430	138	147	-	6.47959	0.000779	1	AATCAGGTTA
taipale__GRHL1_DBD_NAACCGGTTN_repr		peak_318	265	274	-	6.47959	0.000779	1	AATCAGGTTA
taipale__GRHL1_DBD_NAACCGGTTN_repr		peak_251	394	403	+	6.47959	0.000779	1	AAACTAGTCT
taipale__GRHL1_DBD_NAACCGGTTN_repr		peak_473	437	446	+	6.47959	0.000779	1	TAACTAGTTC
taipale__GRHL1_DBD_AACCGGWNNNWCCGGTT_repr		peak_300	292	308	+	4.5	0.00078	1	AAGTGGCTGGGCTGGTG
cisbp__M5928		peak_200	385	394	+	6.61224	0.000781	1	TGACTAGTTT
cisbp__M5928		peak_290	476	485	-	6.61224	0.000781	1	AATCCAGTAC
taipale__GRHL1_DBD_NAACCGGTTN_repr		peak_476	106	115	-	6.45918	0.000782	1	GAACGGGTCT
taipale__GRHL1_DBD_AACCGGWNNNWCCGGTT_repr		peak_493	231	247	-	4.4898	0.000783	1	CTGTGGATTAACACGTT
taipale__GRHL1_full_NAAACCGGTTTN		peak_397	534	545	-	5.04082	0.000784	0.898	AAAACACGTCCT
taipale_cyt_meth__TFCP2_AWCCGGWTNNAWCCGGWT_eDBD		peak_361	411	428	+	6.12121	0.000785	1	TACCGTTAAAAAGCGGTT
homer__NAAACCGGTTCAAACCGGTT_Tcfcp2l1		peak_575	244	263	+	4.76531	0.000785	1	AAGAGTGGCCTACACATGCT
homer__NAAACCGGTTCAAACCGGTT_Tcfcp2l1		peak_114	254	273	+	4.76531	0.000785	1	ATAACTAGCATGGGCCACCG
taipale__GRHL1_DBD_NAACCGGTTN_repr		peak_531	47	56	+	6.44898	0.000785	1	TAACTGGTCA
taipale__GRHL1_DBD_NAACCGGTTN_repr		peak_87	123	132	+	6.44898	0.000785	1	AAACATGTTG
cisbp__M5928		peak_610	394	403	-	6.59184	0.000786	1	GAACCTGTTA
taipale__GRHL1_full_NAAACCGGTTTN		peak_594	71	82	+	5.03061	0.000787	0.898	AACACTGGTTAT
taipale__GRHL1_full_NAAACCGGTTTN		peak_391	294	305	-	5.03061	0.000787	0.898	ATTACAGGTTGT
taipale__GRHL1_full_NAAACCGGTTTN		peak_354	294	305	-	5.03061	0.000787	0.898	TAAACTTGTATA
taipale__TFCP2_full_NCCGGNNNNNNCCGGN_repr		peak_332	206	221	-	5.17347	0.000787	1	ACCGGAAATATACCGA
taipale_cyt_meth__GRHL1_NAACCGGTTN_eDBD		peak_276	357	366	-	7.04082	0.000788	1	TGACCCGTTC
taipale__TFCP2_full_NAACCGGTTN		peak_478	5	14	-	6.60204	0.000788	1	GAGCCAGTTC
taipale__TFCP2_full_NAACCGGTTN		peak_134	14	23	-	6.60204	0.000788	1	AATCTGGTCA
taipale_cyt_meth__TFCP2_AWCCGGWTNNAWCCGGWT_eDBD		peak_199	79	96	-	6.11111	0.000788	1	AAGTCGATTGAACTGCAT
taipale__GRHL1_DBD_AACCGGWNNNWCCGGTT_repr		peak_483	54	70	-	4.46939	0.000789	1	CGCCGGTCCGTCGGGCC
taipale__GRHL1_DBD_AACCGGWNNNWCCGGTT_repr		peak_384	372	388	-	4.46939	0.000789	1	CACACGTCCGACTCGTT
taipale__GRHL1_DBD_AACCGGWNNNWCCGGTT_repr		peak_473	413	429	-	4.46939	0.000789	1	AACCGGTTCGCGCGGTG
taipale__TFCP2_full_NAACCGGTTN		peak_290	476	485	+	6.59184	0.000789	1	GTACTGGATT
taipale_cyt_meth__GRHL1_NAACCGGTTN_eDBD_meth_repr		peak_282	3	12	-	7.65306	0.00079	0.991	CAACACGTTC
taipale_cyt_meth__GRHL1_NAACCGGTTN_eDBD_meth_repr		peak_559	179	188	-	7.65306	0.00079	0.991	AAACGAGTTG
taipale_cyt_meth__GRHL1_NAACCGGTTN_eDBD_meth_repr		peak_405	188	197	-	7.65306	0.00079	0.991	TAACTTGTCT
taipale_cyt_meth__GRHL1_NAACCGGTTN_eDBD_meth_repr		peak_7	353	362	+	7.65306	0.00079	0.991	TGACTTGTTT
taipale__GRHL1_full_NAAACCGGTTTN		peak_127	3	14	+	5.02041	0.00079	0.898	AAAAATGGTTTA
taipale__GRHL1_full_NAAACCGGTTTN		peak_7	75	86	-	5.02041	0.00079	0.898	CTAACATGTTCC
taipale__GRHL1_full_NAAACCGGTTTN		peak_468	113	124	+	5.02041	0.00079	0.898	TTGACGGGTTTT
taipale__GRHL1_full_NAAACCGGTTTN		peak_108	193	204	-	5.02041	0.00079	0.898	AAAAATGGTTTA
taipale__GRHL1_full_NAAACCGGTTTN		peak_125	341	352	-	5.02041	0.00079	0.898	AAAACTGATTTA
taipale__GRHL1_full_NAAACCGGTTTN		peak_229	428	439	+	5.02041	0.00079	0.898	AAAACTGTTTTA
taipale__TFCP2_full_NCCGGNNNNNNCCGGN_repr		peak_447	228	243	+	5.16327	0.000791	1	AGTGGTGCTAACTGGG
homer__NAAACCGGTTCAAACCGGTT_Tcfcp2l1		peak_13	121	140	-	4.7449	0.000791	1	ATTACTGGAGCGCACTTGCC
homer__NAAACCGGTTCAAACCGGTT_Tcfcp2l1		peak_424	260	279	-	4.7449	0.000791	1	AGACCATCTTAAAACCGGTA
taipale_cyt_meth__GRHL1_NAACCGGTTN_eDBD		peak_213	169	178	+	7.03061	0.000791	1	TAACCCGTCC
taipale_cyt_meth__GRHL1_NAACCGGTTN_eDBD		peak_477	292	301	-	7.03061	0.000791	1	AAGCCAGTTC
taipale_cyt_meth__GRHL1_NAACCGGTTN_eDBD		peak_261	332	341	+	7.03061	0.000791	1	CAACAGGTCG
cisbp__M5928		peak_164	77	86	+	6.58163	0.000792	1	ACGCCGGTTC
cisbp__M5928		peak_381	194	203	-	6.58163	0.000792	1	ACACTAGTTT
taipale_cyt_meth__TFCP2_AWCCGGWTNNAWCCGGWT_eDBD		peak_178	119	136	+	6.10101	0.000792	1	AACCCCCTCCAAGCGCTT
taipale__GRHL1_DBD_NAACCGGTTN_repr		peak_527	125	134	+	6.41837	0.000792	1	AAACGAGTTC
homer__NAAACCGGTTCAAACCGGTT_Tcfcp2l1		peak_343	65	84	+	4.73469	0.000794	1	CTACCCTGTAAAATCCGGGA
taipale__GRHL1_DBD_NAACCGGTTN_repr		peak_191	105	114	+	6.40816	0.000795	1	CAACTAGTTC
taipale__GRHL1_DBD_NAACCGGTTN_repr		peak_547	237	246	+	6.40816	0.000795	1	CAACTAGTTC
taipale__TFCP2_full_NAACCGGTTN		peak_112	118	127	+	6.58163	0.000795	1	TTACCAGTTT
taipale__TFCP2_full_NAACCGGTTN		peak_200	197	206	+	6.58163	0.000795	1	AAACAAGTTC
taipale__TFCP2_full_NAACCGGTTN		peak_178	255	264	+	6.58163	0.000795	1	AAACAAGTTC
taipale__TFCP2_full_NAACCGGTTN		peak_125	328	337	-	6.58163	0.000795	1	AAACAAGTTC
taipale__TFCP2_full_NAACCGGTTN		peak_561	495	504	+	6.58163	0.000795	1	CGACCGGTCT
taipale__GRHL1_DBD_AACCGGWNNNWCCGGTT_repr		peak_422	26	42	+	4.44898	0.000795	1	CAGCTGATTCTCAGGTA
taipale__GRHL1_DBD_AACCGGWNNNWCCGGTT_repr		peak_100	34	50	-	4.44898	0.000795	1	GCGCGGTCACACTAGTC
taipale__GRHL1_DBD_AACCGGWNNNWCCGGTT_repr		peak_412	547	563	-	4.44898	0.000795	1	TACGGGCCAAACAGCTG
taipale_cyt_meth__TFCP2_AWCCGGWTNNAWCCGGWT_eDBD		peak_288	85	102	+	6.09091	0.000795	1	AACCGGCAGACTCTACAA
taipale_cyt_meth__TFCP2_AWCCGGWTNNAWCCGGWT_eDBD		peak_19	264	281	-	6.09091	0.000795	1	TACAAGTAAAAAGCACTT
taipale_cyt_meth__TFCP2_AWCCGGWTNNAWCCGGWT_eDBD		peak_156	357	374	-	6.09091	0.000795	1	TTCCAGCTATGTCAAGTA
taipale_cyt_meth__GRHL1_NAACCGGTTN_eDBD_meth_repr		peak_434	292	301	+	7.64286	0.000796	0.994	GAACCAGATT
taipale_cyt_meth__GRHL1_NAACCGGTTN_eDBD_meth_repr		peak_15	301	310	+	7.64286	0.000796	0.994	GGACAGGTAT
homer__NAAACCGGTTCAAACCGGTT_Tcfcp2l1		peak_427	75	94	+	4.72449	0.000797	1	TGGACCAGTTGTTTCTGCAC
taipale_cyt_meth__GRHL1_NAACCGGTTN_eDBD		peak_536	266	275	-	7.02041	0.000797	1	GTTCCGGTTC
taipale_cyt_meth__GRHL1_NAACCGGTTN_eDBD		peak_285	524	533	+	7.02041	0.000797	1	GTACCTGTTG
cisbp__M5928		peak_490	8	17	+	6.57143	0.000797	1	CAACCGGAAT
cisbp__M5928		peak_134	14	23	+	6.57143	0.000797	1	TGACCAGATT
cisbp__M5928		peak_426	105	114	-	6.57143	0.000797	1	TAAGCAGTTT
cisbp__M5928		peak_342	166	175	+	6.57143	0.000797	1	AATCTAGTTA
cisbp__M5928		peak_502	171	180	-	6.57143	0.000797	1	AATCTAGTTA
cisbp__M5928		peak_510	205	214	-	6.57143	0.000797	1	TAAGCAGTTT
taipale__TFCP2_full_NCCGGNNNNNNCCGGN_repr		peak_447	151	166	+	5.14286	0.000797	1	TGCAGTTTAAAATGAT
taipale_cyt_meth__GRHL1_NAACCGGTTN_eDBD_meth_repr		peak_15	301	310	-	7.63265	0.000798	0.994	ATACCTGTCC
taipale__GRHL1_DBD_AACCGGWNNNWCCGGTT_repr		peak_252	255	271	-	4.43878	0.000798	1	AACGTGGATATCTGGAA
taipale_cyt_meth__TFCP2_AWCCGGWTNNAWCCGGWT_eDBD		peak_374	321	338	+	6.08081	0.000799	1	GACTTGTTTAATGTCGTT
taipale__GRHL1_full_NAAACCGGTTTN		peak_535	215	226	+	4.9898	0.000799	0.898	AAAACATGATAA
taipale__GRHL1_full_NAAACCGGTTTN		peak_542	298	309	-	4.9898	0.000799	0.898	CAAACAAGTACA
homer__NAAACCGGTTCAAACCGGTT_Tcfcp2l1		peak_517	39	58	+	4.71429	0.000799	1	GTGGCCGGTCCGTGGCTGTG
homer__NAAACCGGTTCAAACCGGTT_Tcfcp2l1		peak_343	75	94	+	4.71429	0.000799	1	AAATCCGGGAACGGCCAGGA
homer__NAAACCGGTTCAAACCGGTT_Tcfcp2l1		peak_558	172	191	-	4.71429	0.000799	1	CATTCCATTTTGAACCGGAA
homer__NAAACCGGTTCAAACCGGTT_Tcfcp2l1		peak_611	270	289	+	4.71429	0.000799	1	GTGGCCAGTTCCGGCAACTG
homer__NAAACCGGTTCAAACCGGTT_Tcfcp2l1		peak_156	355	374	+	4.71429	0.000799	1	GTTACTTGACATAGCTGGAA
taipale__GRHL1_DBD_NAACCGGTTN_repr		peak_508	225	234	-	6.39796	0.0008	1	AAACCGCTTC
taipale__GRHL1_DBD_NAACCGGTTN_repr		peak_337	229	238	-	6.39796	0.0008	1	GGACCTGTTA
taipale__TFCP2_full_NAACCGGTTN		peak_502	171	180	+	6.57143	0.0008	1	TAACTAGATT
taipale__TFCP2_full_NAACCGGTTN		peak_342	166	175	-	6.57143	0.0008	1	TAACTAGATT
taipale__TFCP2_full_NCCGGNNNNNNCCGGN_repr		peak_531	274	289	+	5.13265	0.000801	1	AGCTGTTAAAACTGCC
taipale__GRHL1_DBD_AACCGGWNNNWCCGGTT_repr		peak_479	104	120	+	4.42857	0.000801	1	AGGGGGTTATTCCGGAA
taipale__GRHL1_DBD_AACCGGWNNNWCCGGTT_repr		peak_270	330	346	-	4.42857	0.000801	1	CACCTGTCTCGCTTGAT
cisbp__M5928		peak_112	118	127	-	6.56122	0.000802	1	AAACTGGTAA
homer__NAAACCGGTTCAAACCGGTT_Tcfcp2l1		peak_22	70	89	+	4.70408	0.000802	1	TCAGCTGGGCAGTGCTGGAA
taipale__GRHL1_full_NAAACCGGTTTN		peak_388	344	355	+	4.97959	0.000803	0.898	AAAACCAGGTAA
taipale__GRHL1_full_NAAACCGGTTTN		peak_583	363	374	-	4.97959	0.000803	0.898	AGCACCGGTTCC
taipale__TFCP2_full_NAACCGGTTN		peak_106	338	347	+	6.56122	0.000803	1	AAACCTGTCT
taipale_cyt_meth__GRHL1_NAACCGGTTN_eDBD		peak_177	113	122	+	7.0102	0.000804	1	AAGCCGGTAC
taipale_cyt_meth__GRHL1_NAACCGGTTN_eDBD		peak_430	138	147	-	7.0102	0.000804	1	AATCAGGTTA
taipale_cyt_meth__GRHL1_NAACCGGTTN_eDBD		peak_213	169	178	-	7.0102	0.000804	1	GGACGGGTTA
taipale_cyt_meth__GRHL1_NAACCGGTTN_eDBD		peak_318	265	274	-	7.0102	0.000804	1	AATCAGGTTA
taipale_cyt_meth__GRHL1_NAACCGGTTN_eDBD		peak_343	363	372	-	7.0102	0.000804	1	GAGCCAGTTT
taipale__TFCP2_full_NCCGGNNNNNNCCGGN_repr		peak_442	188	203	-	5.12245	0.000804	1	TCCGGTTCGAGTCCAA
taipale__TFCP2_full_NCCGGNNNNNNCCGGN_repr		peak_602	245	260	-	5.12245	0.000804	1	TCTGGTTTCAAACAAC
taipale__GRHL1_DBD_AACCGGWNNNWCCGGTT_repr		peak_237	44	60	+	4.41837	0.000804	1	GGGGCGTTGTTCCGGAT
taipale__GRHL1_DBD_AACCGGWNNNWCCGGTT_repr		peak_134	39	55	-	4.41837	0.000804	1	ACCCTGTAAGACTGGCA
taipale__GRHL1_DBD_AACCGGWNNNWCCGGTT_repr		peak_160	93	109	-	4.41837	0.000804	1	TTTCGGTTTATCTTGTT
cisbp__M5928		peak_7	35	44	+	6.55102	0.000805	1	TAACCGGCTG
cisbp__M5928		peak_579	242	251	+	6.55102	0.000805	1	TTACTGGTTG
homer__NAAACCGGTTCAAACCGGTT_Tcfcp2l1		peak_198	188	207	+	4.69388	0.000805	1	GCTTCCGGTTGTTGCTTGGT
taipale__GRHL1_DBD_NAACCGGTTN_repr		peak_406	169	178	-	6.38776	0.000805	1	GAACCAGCTT
taipale__GRHL1_DBD_NAACCGGTTN_repr		peak_15	301	310	-	6.38776	0.000805	1	ATACCTGTCC
taipale_cyt_meth__TFCP2_AWCCGGWTNNAWCCGGWT_eDBD		peak_143	71	88	-	6.06061	0.000806	1	ATGTGGATGGAAGCACTT
taipale_cyt_meth__TFCP2_AWCCGGWTNNAWCCGGWT_eDBD		peak_313	472	489	+	6.06061	0.000806	1	AAGCGGTTCTTGCGGCTC
taipale__TFCP2_full_NAACCGGTTN		peak_7	21	30	+	6.55102	0.000806	1	GAACCAGTGA
taipale__TFCP2_full_NCCGGNNNNNNCCGGN_repr		peak_367	85	100	+	5.11224	0.000807	1	TCTAGATACTACCGAT
cisbp__M5928		peak_483	5	14	-	6.54082	0.000808	1	CAACCGGACT
cisbp__M5928		peak_188	237	246	-	6.54082	0.000808	1	GGGCCGGATT
homer__NAAACCGGTTCAAACCGGTT_Tcfcp2l1		peak_144	67	86	+	4.68367	0.000808	1	AGCACTGGGAAAAACCAGAG
taipale_cyt_meth__GRHL1_NAACCGGTTN_eDBD		peak_173	104	113	+	7	0.000808	1	GAACCTGATC
taipale_cyt_meth__GRHL1_NAACCGGTTN_eDBD		peak_420	111	120	-	7	0.000808	1	GAACTGGTGT
taipale_cyt_meth__GRHL1_NAACCGGTTN_eDBD		peak_276	357	366	+	7	0.000808	1	GAACGGGTCA
taipale__GRHL1_full_NAAACCGGTTTN		peak_322	249	260	+	4.95918	0.000809	0.898	CGAACACGTTCT
taipale__GRHL1_full_NAAACCGGTTTN		peak_172	390	401	-	4.95918	0.000809	0.898	CAAACCGCTTGA
taipale__GRHL1_DBD_NAACCGGTTN_repr		peak_605	428	437	-	6.37755	0.000809	1	CGACCGGCTT
taipale_cyt_meth__TFCP2_AWCCGGWTNNAWCCGGWT_eDBD		peak_69	173	190	+	6.05051	0.00081	1	AACCGGTTGTGAGGCGAT
taipale_cyt_meth__TFCP2_AWCCGGWTNNAWCCGGWT_eDBD		peak_198	190	207	+	6.05051	0.00081	1	TTCCGGTTGTTGCTTGGT
taipale__TFCP2_full_NAACCGGTTN		peak_276	245	254	-	6.54082	0.00081	1	TAACCGGAAA
taipale__GRHL1_DBD_AACCGGWNNNWCCGGTT_repr		peak_207	122	138	-	4.39796	0.00081	1	GATCGGGTTATCGGGTA
taipale__GRHL1_DBD_AACCGGWNNNWCCGGTT_repr		peak_340	259	275	+	4.39796	0.00081	1	AGCCTGCTGAACGTGAC
taipale__GRHL1_full_NAAACCGGTTTN		peak_43	201	212	+	4.94898	0.000811	0.898	AAGACCGTTTTT
taipale__GRHL1_full_NAAACCGGTTTN		peak_513	396	407	-	4.94898	0.000811	0.898	ATAACCGCTTAA
cisbp__M5928		peak_154	180	189	+	6.53061	0.000812	1	AAACTGGTCA
taipale__GRHL1_DBD_NAACCGGTTN_repr		peak_122	98	107	-	6.36735	0.000812	1	GATCCTGTTC
taipale_cyt_meth__TFCP2_AWCCGGWTNNAWCCGGWT_eDBD		peak_374	321	338	-	6.0404	0.000813	1	AACGACATTAAACAAGTC
taipale__TFCP2_full_NCCGGNNNNNNCCGGN_repr		peak_473	413	428	-	5.09184	0.000814	1	ACCGGTTCGCGCGGTG
homer__NAAACCGGTTCAAACCGGTT_Tcfcp2l1		peak_541	335	354	+	4.66327	0.000814	1	CAAGCCAAGTCTAGCTAGTT
taipale__GRHL1_full_NAAACCGGTTTN		peak_33	221	232	-	4.93878	0.000814	0.898	TCAACCAGATTT
taipale__GRHL1_DBD_NAACCGGTTN_repr		peak_71	69	78	-	6.35714	0.000814	1	TAACAGGTAC
taipale_cyt_meth__GRHL1_NAACCGGTTN_eDBD_meth_repr		peak_146	84	93	+	7.58163	0.000815	1	CAGCCGGTTT
taipale__TFCP2_full_NAACCGGTTN		peak_423	23	32	-	6.53061	0.000815	1	AAAGCGGATC
taipale__TFCP2_full_NAACCGGTTN		peak_260	83	92	-	6.53061	0.000815	1	TTTCCGGTTT
taipale__TFCP2_full_NAACCGGTTN		peak_474	127	136	-	6.53061	0.000815	1	TTTCCGGTTT
taipale__TFCP2_full_NAACCGGTTN		peak_332	168	177	+	6.53061	0.000815	1	TTTCCGGTTT
taipale__TFCP2_full_NAACCGGTTN		peak_56	218	227	-	6.53061	0.000815	1	AATCAGGTTC
taipale__TFCP2_full_NAACCGGTTN		peak_310	370	379	-	6.53061	0.000815	1	TTTCCGGTTT
cisbp__M5928		peak_260	83	92	+	6.52041	0.000816	1	AAACCGGAAA
cisbp__M5928		peak_474	127	136	+	6.52041	0.000816	1	AAACCGGAAA
cisbp__M5928		peak_332	168	177	-	6.52041	0.000816	1	AAACCGGAAA
cisbp__M5928		peak_310	370	379	+	6.52041	0.000816	1	AAACCGGAAA
taipale_cyt_meth__GRHL1_NAACCGGTTN_eDBD		peak_567	31	40	+	6.97959	0.000816	1	GTACCAGTTG
taipale_cyt_meth__GRHL1_NAACCGGTTN_eDBD		peak_414	277	286	+	6.97959	0.000816	1	GTACCAGTTG
taipale__GRHL1_DBD_AACCGGWNNNWCCGGTT_repr		peak_466	292	308	+	4.37755	0.000817	1	CAGCCGAACAACCTGAT
homer__NAAACCGGTTCAAACCGGTT_Tcfcp2l1		peak_275	49	68	+	4.65306	0.000817	1	TGCCCCTGACTACGCTGGTC
taipale_cyt_meth__TFCP2_AWCCGGWTNNAWCCGGWT_eDBD		peak_456	294	311	+	6.0303	0.000817	1	TACGGCATTAAAGTGGTC
taipale_cyt_meth__TFCP2_AWCCGGWTNNAWCCGGWT_eDBD		peak_46	295	312	-	6.0303	0.000817	1	GTCTTGTTGTGTCTGGCC
taipale__GRHL1_full_NAAACCGGTTTN		peak_44	10	21	-	4.92857	0.000817	0.898	TAAACTGGTAGC
taipale__GRHL1_full_NAAACCGGTTTN		peak_177	112	123	+	4.92857	0.000817	0.898	AAAGCCGGTACG
taipale__GRHL1_full_NAAACCGGTTTN		peak_555	189	200	+	4.92857	0.000817	0.898	TTAACGGGTATT
taipale__GRHL1_full_NAAACCGGTTTN		peak_310	385	396	-	4.92857	0.000817	0.898	ACAACCGTTTTT
taipale__TFCP2_full_NCCGGNNNNNNCCGGN_repr		peak_11	260	275	-	5.08163	0.000817	1	AGCGGAACAAACGTGG
taipale__TFCP2_full_NAACCGGTTN		peak_483	5	14	+	6.52041	0.000819	1	AGTCCGGTTG
taipale__TFCP2_full_NAACCGGTTN		peak_177	113	122	+	6.52041	0.000819	1	AAGCCGGTAC
taipale__GRHL1_full_NAAACCGGTTTN		peak_595	74	85	-	4.91837	0.00082	0.898	GAAACAGGGTTG
taipale__GRHL1_full_NAAACCGGTTTN		peak_62	609	620	+	4.91837	0.00082	0.898	AAAACTGGTGGG
taipale__GRHL1_DBD_AACCGGWNNNWCCGGTT_repr		peak_587	207	223	+	4.36735	0.00082	1	TCCTAGCCTTACATGTT
cisbp__M5928		peak_256	38	47	-	6.5102	0.00082	1	AAACGGGTTT
cisbp__M5928		peak_164	65	74	-	6.5102	0.00082	1	AAACGGGTTT
cisbp__M5928		peak_106	338	347	-	6.5102	0.00082	1	AGACAGGTTT
cisbp__M5928		peak_382	809	818	-	6.5102	0.00082	1	AAACGGGTTT
homer__NAAACCGGTTCAAACCGGTT_Tcfcp2l1		peak_201	115	134	-	4.64286	0.00082	1	CAATCTGTTTGAAGCTAGCA
homer__NAAACCGGTTCAAACCGGTT_Tcfcp2l1		peak_389	280	299	-	4.64286	0.00082	1	AAAACTGAATCGAACAGGTA
homer__NAAACCGGTTCAAACCGGTT_Tcfcp2l1		peak_555	319	338	+	4.64286	0.00082	1	ATGGCTAGCGGGAAGCGGGT
taipale__GRHL1_DBD_NAACCGGTTN_repr		peak_207	129	138	+	6.33673	0.00082	1	TAACCCGATC
taipale__GRHL1_DBD_NAACCGGTTN_repr		peak_605	428	437	+	6.33673	0.00082	1	AAGCCGGTCG
taipale_cyt_meth__TFCP2_AWCCGGWTNNAWCCGGWT_eDBD		peak_108	44	61	+	6.0202	0.000821	1	ACCCTGTACACTCCGCTT
taipale_cyt_meth__TFCP2_AWCCGGWTNNAWCCGGWT_eDBD		peak_321	93	110	+	6.0202	0.000821	1	AACTACAGAGAGCCAGTG
taipale_cyt_meth__TFCP2_AWCCGGWTNNAWCCGGWT_eDBD		peak_255	283	300	+	6.0202	0.000821	1	CGCTGACCCAAACCAGTT
taipale_cyt_meth__TFCP2_AWCCGGWTNNAWCCGGWT_eDBD		peak_361	314	331	+	6.0202	0.000821	1	CACTAGCGCCATCTAGCT
taipale_cyt_meth__GRHL1_NAACCGGTTN_eDBD		peak_415	399	408	+	6.96939	0.000821	1	AAACAGGTGC
taipale_cyt_meth__GRHL1_NAACCGGTTN_eDBD_meth_repr		peak_273	53	62	+	7.57143	0.000821	1	AAGCCGGTTG
taipale_cyt_meth__GRHL1_NAACCGGTTN_eDBD_meth_repr		peak_265	433	442	-	7.57143	0.000821	1	AAGCCGGTTG
taipale_cyt_meth__GRHL1_NAACCGGTTN_eDBD_meth_repr		peak_290	491	500	-	7.57143	0.000821	1	AAGCCGGTTG
taipale_cyt_meth__GRHL1_NAACCGGTTN_eDBD_meth_repr		peak_88	693	702	-	7.57143	0.000821	1	AAGCCGGTTG
taipale__GRHL1_DBD_AACCGGWNNNWCCGGTT_repr		peak_103	133	149	+	4.35714	0.000823	1	AAGGTGTTAGTCTGGGT
taipale__GRHL1_DBD_AACCGGWNNNWCCGGTT_repr		peak_103	133	149	-	4.35714	0.000823	1	ACCCAGACTAACACCTT
cisbp__M5928		peak_97	58	67	-	6.5	0.000823	1	GATCCAGTCC
cisbp__M5928		peak_603	204	213	-	6.5	0.000823	1	GCACTAGTTT
homer__NAAACCGGTTCAAACCGGTT_Tcfcp2l1		peak_516	254	273	+	4.63265	0.000823	1	TAAGCTTGTTTATACATGAA
homer__NAAACCGGTTCAAACCGGTT_Tcfcp2l1		peak_484	482	501	+	4.63265	0.000823	1	GTGGCCGCTGTGCGCCTGTT
taipale__GRHL1_full_NAAACCGGTTTN		peak_413	15	26	-	4.90816	0.000824	0.898	TTAAACGGTTTT
taipale__GRHL1_full_NAAACCGGTTTN		peak_203	39	50	+	4.90816	0.000824	0.898	CATACCCGTTAA
taipale__GRHL1_full_NAAACCGGTTTN		peak_229	114	125	+	4.90816	0.000824	0.898	CTTACCGGATTT
taipale__GRHL1_full_NAAACCGGTTTN		peak_86	143	154	-	4.90816	0.000824	0.898	TTAACCGATTTT
taipale__GRHL1_full_NAAACCGGTTTN		peak_510	418	429	-	4.90816	0.000824	0.898	TTAAGCGGTTTT
taipale__GRHL1_DBD_NAACCGGTTN_repr		peak_274	270	279	-	6.32653	0.000824	1	TAACTTGTTT
taipale__GRHL1_DBD_NAACCGGTTN_repr		peak_261	332	341	+	6.32653	0.000824	1	CAACAGGTCG
taipale__TFCP2_full_NCCGGNNNNNNCCGGN_repr		peak_579	30	45	+	5.06122	0.000824	1	GCCGGAGCGATCCGCC
taipale_cyt_meth__TFCP2_AWCCGGWTNNAWCCGGWT_eDBD		peak_301	169	186	+	6.0101	0.000824	1	GACCACTCCGCTCCCGTC
taipale_cyt_meth__TFCP2_AWCCGGWTNNAWCCGGWT_eDBD		peak_72	244	261	-	6.0101	0.000824	1	CACCGGCGTAAACACGCT
taipale_cyt_meth__GRHL1_NAACCGGTTN_eDBD_meth_repr		peak_434	292	301	-	7.56122	0.000825	1	AATCTGGTTC
homer__NAAACCGGTTCAAACCGGTT_Tcfcp2l1		peak_12	115	134	+	4.62245	0.000826	1	GAAAAAGGTTAGAGCAAGTT
taipale__GRHL1_DBD_AACCGGWNNNWCCGGTT_repr		peak_218	272	288	-	4.34694	0.000826	1	AACGAGTTTTGCAGGGG
taipale__GRHL1_full_NAAACCGGTTTN		peak_590	221	232	+	4.89796	0.000827	0.898	ATTACAAGTTTT
taipale__GRHL1_full_NAAACCGGTTTN		peak_466	299	310	-	4.89796	0.000827	0.898	TAATCAGGTTGT
taipale__TFCP2_full_NAACCGGTTN		peak_381	194	203	+	6.5	0.000827	1	AAACTAGTGT
taipale_cyt_meth__TFCP2_AWCCGGWTNNAWCCGGWT_eDBD		peak_235	57	74	+	6	0.000828	1	CACTGGTCAAAGCATGAC
cisbp__M5928		peak_256	38	47	+	6.4898	0.000829	1	AAACCCGTTT
cisbp__M5928		peak_28	31	40	-	6.4898	0.000829	1	TATCTGGTAT
cisbp__M5928		peak_164	65	74	+	6.4898	0.000829	1	AAACCCGTTT
cisbp__M5928		peak_121	106	115	-	6.4898	0.000829	1	AAACCGGACA
cisbp__M5928		peak_172	345	354	+	6.4898	0.000829	1	AGACCTGTTT
cisbp__M5928		peak_382	809	818	+	6.4898	0.000829	1	AAACCCGTTT
taipale__GRHL1_DBD_NAACCGGTTN_repr		peak_280	511	520	-	6.31633	0.00083	1	AAACCCGCTC
taipale__GRHL1_full_NAAACCGGTTTN		peak_89	42	53	+	4.88776	0.000831	0.898	AAAATCTGTTTA
taipale__GRHL1_full_NAAACCGGTTTN		peak_87	122	133	-	4.88776	0.000831	0.898	TCAACATGTTTC
taipale__GRHL1_full_NAAACCGGTTTN		peak_540	137	148	-	4.88776	0.000831	0.898	AAAACCTATTTA
taipale__GRHL1_full_NAAACCGGTTTN		peak_390	190	201	+	4.88776	0.000831	0.898	AAAACCTTTTTA
taipale__GRHL1_full_NAAACCGGTTTN		peak_253	219	230	-	4.88776	0.000831	0.898	AAAACCTTTTTA
taipale_cyt_meth__GRHL1_NAACCGGTTN_eDBD		peak_260	83	92	-	6.94898	0.000831	1	TTTCCGGTTT
taipale_cyt_meth__GRHL1_NAACCGGTTN_eDBD		peak_474	127	136	-	6.94898	0.000831	1	TTTCCGGTTT
taipale_cyt_meth__GRHL1_NAACCGGTTN_eDBD		peak_332	168	177	+	6.94898	0.000831	1	TTTCCGGTTT
taipale_cyt_meth__GRHL1_NAACCGGTTN_eDBD		peak_365	275	284	+	6.94898	0.000831	1	TAACTAGTTA
taipale_cyt_meth__GRHL1_NAACCGGTTN_eDBD		peak_365	275	284	-	6.94898	0.000831	1	TAACTAGTTA
taipale_cyt_meth__GRHL1_NAACCGGTTN_eDBD		peak_374	320	329	+	6.94898	0.000831	1	GGACTTGTTT
taipale_cyt_meth__GRHL1_NAACCGGTTN_eDBD		peak_268	353	362	-	6.94898	0.000831	1	GAACAGGTGT
taipale_cyt_meth__GRHL1_NAACCGGTTN_eDBD		peak_310	370	379	-	6.94898	0.000831	1	TTTCCGGTTT
taipale_cyt_meth__TFCP2_AWCCGGWTNNAWCCGGWT_eDBD		peak_195	337	354	-	5.9899	0.000832	1	AAGTGGCAAAATCGAGTT
taipale_cyt_meth__TFCP2_AWCCGGWTNNAWCCGGWT_eDBD		peak_484	484	501	-	5.9899	0.000832	1	AACAGGCGCACAGCGGCC
taipale__TFCP2_full_NAACCGGTTN		peak_423	23	32	+	6.4898	0.000832	1	GATCCGCTTT
cisbp__M5928		peak_42	16	25	+	6.47959	0.000832	1	GGGCCAGTTT
taipale__GRHL1_DBD_AACCGGWNNNWCCGGTT_repr		peak_461	103	119	+	4.32653	0.000832	1	AAGCGGAAAAACCCCAT
taipale_cyt_meth__GRHL1_NAACCGGTTN_eDBD_meth_repr		peak_273	53	62	-	7.55102	0.000833	1	CAACCGGCTT
taipale_cyt_meth__GRHL1_NAACCGGTTN_eDBD_meth_repr		peak_559	179	188	+	7.55102	0.000833	1	CAACTCGTTT
taipale_cyt_meth__GRHL1_NAACCGGTTN_eDBD_meth_repr		peak_265	433	442	+	7.55102	0.000833	1	CAACCGGCTT
taipale_cyt_meth__GRHL1_NAACCGGTTN_eDBD_meth_repr		peak_290	491	500	+	7.55102	0.000833	1	CAACCGGCTT
taipale_cyt_meth__GRHL1_NAACCGGTTN_eDBD_meth_repr		peak_88	693	702	+	7.55102	0.000833	1	CAACCGGCTT
taipale__GRHL1_full_NAAACCGGTTTN		peak_391	294	305	+	4.87755	0.000834	0.898	ACAACCTGTAAT
cisbp__M5928		peak_7	35	44	-	6.46939	0.000834	1	CAGCCGGTTA
cisbp__M5928		peak_343	363	372	+	6.46939	0.000834	1	AAACTGGCTC
taipale__TFCP2_full_NCCGGNNNNNNCCGGN_repr		peak_290	483	498	-	5.03061	0.000834	1	GCCGGTTGCAAATAAT
taipale_cyt_meth__GRHL1_NAACCGGTTN_eDBD		peak_536	266	275	+	6.93878	0.000835	1	GAACCGGAAC
taipale__GRHL1_DBD_AACCGGWNNNWCCGGTT_repr		peak_549	72	88	+	4.31633	0.000835	1	GCCCAGTTACGCCAGTG
taipale__GRHL1_full_NAAACCGGTTTN		peak_527	124	135	+	4.86735	0.000837	0.898	GAAACGAGTTCC
taipale__GRHL1_full_NAAACCGGTTTN		peak_88	692	703	+	4.86735	0.000837	0.898	TCAACCGGCTTT
taipale__GRHL1_DBD_NAACCGGTTN_repr		peak_237	26	35	-	6.29592	0.000837	1	AAACTGGATG
taipale__GRHL1_DBD_NAACCGGTTN_repr		peak_177	113	122	+	6.29592	0.000837	1	AAGCCGGTAC
taipale__GRHL1_DBD_AACCGGWNNNWCCGGTT_repr		peak_191	7	23	+	4.30612	0.000839	1	TTCAGGTTTGTCCAGCC
cisbp__M5928		peak_527	361	370	+	6.45918	0.000839	1	CGACCAGTTC
taipale_cyt_meth__TFCP2_AWCCGGWTNNAWCCGGWT_eDBD		peak_361	314	331	-	5.9697	0.000839	1	AGCTAGATGGCGCTAGTG
taipale_cyt_meth__GRHL1_NAACCGGTTN_eDBD_meth_repr		peak_146	84	93	-	7.54082	0.00084	1	AAACCGGCTG
taipale_cyt_meth__GRHL1_NAACCGGTTN_eDBD_meth_repr		peak_397	535	544	+	7.54082	0.00084	1	GGACGTGTTT
taipale__GRHL1_full_NAAACCGGTTTN		peak_281	47	58	-	4.85714	0.00084	0.898	TCATCCGGTTCT
taipale__GRHL1_full_NAAACCGGTTTN		peak_602	90	101	+	4.85714	0.00084	0.898	CAAACCGTTTGT
taipale__GRHL1_full_NAAACCGGTTTN		peak_533	290	301	-	4.85714	0.00084	0.898	AAAACCGATATT
taipale__TFCP2_full_NCCGGNNNNNNCCGGN_repr		peak_81	325	340	+	5.0102	0.000841	1	TCCGAATTAATCCCGT
taipale__GRHL1_DBD_AACCGGWNNNWCCGGTT_repr		peak_582	210	226	-	4.29592	0.000842	1	ATCCCGTTATACTACTC
taipale__GRHL1_DBD_AACCGGWNNNWCCGGTT_repr		peak_446	270	286	-	4.29592	0.000842	1	AACCGGTTCGCCATGCG
taipale__GRHL1_DBD_NAACCGGTTN_repr		peak_173	104	113	-	6.28571	0.000842	1	GATCAGGTTC
taipale__GRHL1_DBD_NAACCGGTTN_repr		peak_198	110	119	-	6.28571	0.000842	1	AATCCAGTTG
taipale__GRHL1_DBD_NAACCGGTTN_repr		peak_285	524	533	-	6.28571	0.000842	1	CAACAGGTAC
taipale_cyt_meth__GRHL1_NAACCGGTTN_eDBD		peak_430	138	147	+	6.92857	0.000842	1	TAACCTGATT
taipale_cyt_meth__GRHL1_NAACCGGTTN_eDBD		peak_145	160	169	-	6.92857	0.000842	1	TTACTGGTTA
taipale_cyt_meth__GRHL1_NAACCGGTTN_eDBD		peak_318	265	274	+	6.92857	0.000842	1	TAACCTGATT
taipale__TFCP2_full_NAACCGGTTN		peak_154	180	189	-	6.45918	0.000843	1	TGACCAGTTT
taipale__GRHL1_full_NAAACCGGTTTN		peak_468	82	93	+	4.84694	0.000844	0.898	CGAACACGTTCG
homer__NAAACCGGTTCAAACCGGTT_Tcfcp2l1		peak_117	134	153	-	4.56122	0.000844	1	CCATCCAGCCATATCCGTCC
homer__NAAACCGGTTCAAACCGGTT_Tcfcp2l1		peak_593	405	424	+	4.56122	0.000844	1	GCGTGTAGCCCATTCCAGTA
taipale__TFCP2_full_NCCGGNNNNNNCCGGN_repr		peak_558	163	178	-	5	0.000845	1	ACCGGAATGACTTACT
cisbp__M5928		peak_572	24	33	-	6.44898	0.000845	1	GATCCAGATA
cisbp__M5928		peak_394	114	123	+	6.44898	0.000845	1	AATGTGGTTT
taipale_cyt_meth__GRHL1_NAACCGGTTN_eDBD		peak_261	332	341	-	6.91837	0.000846	1	CGACCTGTTG
taipale_cyt_meth__GRHL1_NAACCGGTTN_eDBD		peak_343	363	372	+	6.91837	0.000846	1	AAACTGGCTC
taipale__TFCP2_full_NAACCGGTTN		peak_442	196	205	-	6.44898	0.000847	1	TTTCCGGTTC
homer__NAAACCGGTTCAAACCGGTT_Tcfcp2l1		peak_42	5	24	+	4.55102	0.000847	1	GTAATCAGCAGGGGCCAGTT
taipale__GRHL1_DBD_NAACCGGTTN_repr		peak_30	5	14	+	6.26531	0.000848	1	AAACGTGTTT
taipale__GRHL1_DBD_NAACCGGTTN_repr		peak_576	8	17	-	6.26531	0.000848	1	AAACGTGTTT
taipale__GRHL1_DBD_NAACCGGTTN_repr		peak_556	507	516	+	6.26531	0.000848	1	AAACGTGTTT
cisbp__M5928		peak_177	113	122	-	6.43878	0.000848	1	GTACCGGCTT
cisbp__M5928		peak_442	196	205	+	6.43878	0.000848	1	GAACCGGAAA
taipale__GRHL1_DBD_AACCGGWNNNWCCGGTT_repr		peak_592	311	327	-	4.27551	0.000848	1	GGCCAGGGTTGCCGGAT
taipale__TFCP2_full_NCCGGNNNNNNCCGGN_repr		peak_570	32	47	-	4.9898	0.000848	1	ACCAGAATCACACAGT
taipale__GRHL1_full_NAAACCGGTTTN		peak_63	414	425	-	4.82653	0.00085	0.898	TGTACCAGTTAT
taipale__GRHL1_DBD_AACCGGWNNNWCCGGTT_repr		peak_293	25	41	+	4.26531	0.000851	1	TTCGTGTCTGCCCGGCT
taipale__GRHL1_DBD_AACCGGWNNNWCCGGTT_repr		peak_65	67	83	+	4.26531	0.000851	1	TTGTGGTTATTCGTGTT
taipale__TFCP2_full_NAACCGGTTN		peak_572	24	33	+	6.43878	0.000852	1	TATCTGGATC
taipale__TFCP2_full_NCCGGNNNNNNCCGGN_repr		peak_127	56	71	+	4.97959	0.000852	1	GCCAGCTTAGAGTGGG
taipale__TFCP2_full_NCCGGNNNNNNCCGGN_repr		peak_479	308	323	+	4.97959	0.000852	1	AGTGGTTTATGCTGTA
taipale__TFCP2_full_NAACCGGTTN		peak_469	51	60	+	6.42857	0.000853	1	GAACTGCTTT
taipale__GRHL1_DBD_NAACCGGTTN_repr		peak_260	83	92	-	6.2551	0.000853	1	TTTCCGGTTT
taipale__GRHL1_DBD_NAACCGGTTN_repr		peak_474	127	136	-	6.2551	0.000853	1	TTTCCGGTTT
taipale__GRHL1_DBD_NAACCGGTTN_repr		peak_332	168	177	+	6.2551	0.000853	1	TTTCCGGTTT
taipale__GRHL1_DBD_NAACCGGTTN_repr		peak_549	302	311	+	6.2551	0.000853	1	CAACTTGTTT
taipale__GRHL1_DBD_NAACCGGTTN_repr		peak_352	349	358	-	6.2551	0.000853	1	CAACTTGTTT
taipale__GRHL1_DBD_NAACCGGTTN_repr		peak_310	370	379	-	6.2551	0.000853	1	TTTCCGGTTT
cisbp__M5928		peak_584	292	301	+	6.42857	0.000853	1	ATACCGGTGT
homer__NAAACCGGTTCAAACCGGTT_Tcfcp2l1		peak_131	272	291	+	4.53061	0.000853	1	TCATTCTGTTCTAGCCAGCT
homer__NAAACCGGTTCAAACCGGTT_Tcfcp2l1		peak_432	355	374	-	4.53061	0.000853	1	TCGGCCGCTCAACGCCAGCG
taipale__GRHL1_full_NAAACCGGTTTN		peak_203	39	50	-	4.81633	0.000854	0.898	TTAACGGGTATG
taipale__GRHL1_full_NAAACCGGTTTN		peak_602	90	101	-	4.81633	0.000854	0.898	ACAAACGGTTTG
taipale__GRHL1_full_NAAACCGGTTTN		peak_299	218	229	-	4.81633	0.000854	0.898	AATACTGGATTG
taipale_cyt_meth__GRHL1_NAACCGGTTN_eDBD		peak_488	6	15	+	6.90816	0.000854	1	GAACACGTTC
taipale_cyt_meth__GRHL1_NAACCGGTTN_eDBD		peak_243	40	49	+	6.90816	0.000854	1	ACACCTGTTT
taipale_cyt_meth__GRHL1_NAACCGGTTN_eDBD		peak_328	64	73	+	6.90816	0.000854	1	ACACCTGTTT
taipale_cyt_meth__GRHL1_NAACCGGTTN_eDBD		peak_468	83	92	+	6.90816	0.000854	1	GAACACGTTC
taipale_cyt_meth__GRHL1_NAACCGGTTN_eDBD		peak_322	250	259	+	6.90816	0.000854	1	GAACACGTTC
taipale__GRHL1_DBD_AACCGGWNNNWCCGGTT_repr		peak_603	205	221	+	4.2551	0.000855	1	AACTAGTGCTGCCCGTG
taipale__TFCP2_full_NCCGGNNNNNNCCGGN_repr		peak_437	134	149	+	4.96939	0.000855	1	AGTGGATCAGATCGAT
taipale__TFCP2_full_NCCGGNNNNNNCCGGN_repr		peak_431	138	153	+	4.96939	0.000855	1	ACTGGCTTTAAAAGAT
taipale__TFCP2_full_NCCGGNNNNNNCCGGN_repr		peak_415	153	168	+	4.96939	0.000855	1	TGCTGTTTAAACCTTT
taipale__TFCP2_full_NCCGGNNNNNNCCGGN_repr		peak_449	200	215	-	4.96939	0.000855	1	ACCGGGATAAAATCGA
homer__NAAACCGGTTCAAACCGGTT_Tcfcp2l1		peak_595	74	93	+	4.52041	0.000856	1	CAACCCTGTTTCGTGTTGTT
taipale__GRHL1_DBD_NAACCGGTTN_repr		peak_536	266	275	-	6.23469	0.000857	1	GTTCCGGTTC
taipale__TFCP2_full_NAACCGGTTN		peak_28	31	40	+	6.41837	0.000858	1	ATACCAGATA
taipale__TFCP2_full_NAACCGGTTN		peak_603	204	213	+	6.41837	0.000858	1	AAACTAGTGC
taipale_cyt_meth__TFCP2_AWCCGGWTNNAWCCGGWT_eDBD		peak_367	94	111	+	5.91919	0.000858	1	TACCGATAATAGCTAGAT
taipale__TFCP2_full_NCCGGNNNNNNCCGGN_repr		peak_470	290	305	-	4.95918	0.000859	1	ACTGGTACAGTGGGCT
taipale__TFCP2_full_NCCGGNNNNNNCCGGN_repr		peak_88	685	700	-	4.95918	0.000859	1	GCCGGTTGAAGGCAAC
taipale_cyt_meth__GRHL1_NAACCGGTTN_eDBD_meth_repr		peak_399	118	127	+	7.5102	0.000859	1	TAACGCGTTT
taipale_cyt_meth__GRHL1_NAACCGGTTN_eDBD_meth_repr		peak_405	188	197	+	7.5102	0.000859	1	AGACAAGTTA
taipale_cyt_meth__GRHL1_NAACCGGTTN_eDBD_meth_repr		peak_7	353	362	-	7.5102	0.000859	1	AAACAAGTCA
taipale__TFCP2_full_NAACCGGTTN		peak_121	106	115	+	6.40816	0.00086	1	TGTCCGGTTT
taipale__GRHL1_full_NAAACCGGTTTN		peak_567	30	41	+	4.79592	0.00086	0.898	AGTACCAGTTGA
taipale__GRHL1_full_NAAACCGGTTTN		peak_475	35	46	+	4.79592	0.00086	0.898	TAAACTGGGTTT
cisbp__M5928		peak_147	252	261	+	6.40816	0.000861	1	AAACTAGATG
cisbp__M5928		peak_322	329	338	+	6.40816	0.000861	1	ACTCTGGTTC
taipale__GRHL1_DBD_AACCGGWNNNWCCGGTT_repr		peak_549	63	79	-	4.23469	0.000861	1	AACTGGGCTAACGACTA
taipale_cyt_meth__TFCP2_AWCCGGWTNNAWCCGGWT_eDBD		peak_199	79	96	+	5.90909	0.000862	1	ATGCAGTTCAATCGACTT
homer__NAAACCGGTTCAAACCGGTT_Tcfcp2l1		peak_579	189	208	-	4.5	0.000862	1	GTAATCGGTTTAGTCAAGTT
taipale_cyt_meth__GRHL1_NAACCGGTTN_eDBD		peak_488	6	15	-	6.89796	0.000863	1	GAACGTGTTC
taipale_cyt_meth__GRHL1_NAACCGGTTN_eDBD		peak_370	81	90	+	6.89796	0.000863	1	AATCGGGTTT
taipale_cyt_meth__GRHL1_NAACCGGTTN_eDBD		peak_468	83	92	-	6.89796	0.000863	1	GAACGTGTTC
taipale_cyt_meth__GRHL1_NAACCGGTTN_eDBD		peak_322	250	259	-	6.89796	0.000863	1	GAACGTGTTC
taipale_cyt_meth__GRHL1_NAACCGGTTN_eDBD		peak_477	292	301	+	6.89796	0.000863	1	GAACTGGCTT
taipale__GRHL1_full_NAAACCGGTTTN		peak_52	34	45	-	4.78571	0.000863	0.898	AAAAGCGGTTGC
taipale__GRHL1_full_NAAACCGGTTTN		peak_198	109	120	+	4.78571	0.000863	0.898	CCAACTGGATTT
taipale__GRHL1_DBD_NAACCGGTTN_repr		peak_229	115	124	-	6.21429	0.000864	1	AATCCGGTAA
taipale__GRHL1_DBD_AACCGGWNNNWCCGGTT_repr		peak_54	459	475	-	4.22449	0.000864	1	TTCTCGTTCCTCTGGAT
homer__NAAACCGGTTCAAACCGGTT_Tcfcp2l1		peak_32	260	279	-	4.4898	0.000865	1	CTTACCTCTTCTTGCCAGTC
cisbp__M5928		peak_478	5	14	+	6.38776	0.000866	1	GAACTGGCTC
taipale__GRHL1_full_NAAACCGGTTTN		peak_467	149	160	-	4.77551	0.000866	0.898	GGAACTTGTTAA
taipale__GRHL1_DBD_NAACCGGTTN_repr		peak_425	301	310	+	6.20408	0.000867	1	AAACACGTTA
taipale__GRHL1_DBD_AACCGGWNNNWCCGGTT_repr		peak_281	207	223	-	4.21429	0.000868	1	CAATCGATTGACCGGTT
homer__NAAACCGGTTCAAACCGGTT_Tcfcp2l1		peak_482	369	388	-	4.47959	0.000868	1	GCTACTGGTGCTCACCTGTG
taipale__TFCP2_full_NAACCGGTTN		peak_516	1	10	-	6.38776	0.000869	1	CACCCGGTTT
taipale__TFCP2_full_NAACCGGTTN		peak_97	58	67	+	6.38776	0.000869	1	GGACTGGATC
taipale__TFCP2_full_NCCGGNNNNNNCCGGN_repr		peak_288	76	91	-	4.92857	0.000869	1	GCCGGTTAAGTGTCGA
taipale__TFCP2_full_NCCGGNNNNNNCCGGN_repr		peak_469	166	181	+	4.92857	0.000869	1	GCCGGGTGATTCCGGC
taipale__GRHL1_full_NAAACCGGTTTN		peak_129	124	135	+	4.76531	0.00087	0.898	CAAACAGATTTG
taipale__GRHL1_full_NAAACCGGTTTN		peak_391	163	174	+	4.76531	0.00087	0.898	CAAATAGGTTTG
taipale__GRHL1_full_NAAACCGGTTTN		peak_62	389	400	-	4.76531	0.00087	0.898	ATATCAGGTTCA
taipale__GRHL1_full_NAAACCGGTTTN		peak_87	424	435	-	4.76531	0.00087	0.898	AGAAACGGTTAA
taipale_cyt_meth__GRHL1_NAACCGGTTN_eDBD		peak_81	211	220	-	6.88776	0.00087	1	GGACTGGTAT
homer__NAAACCGGTTCAAACCGGTT_Tcfcp2l1		peak_149	21	40	+	4.46939	0.000872	1	CAAACTTGTTTGCTCAACTT
homer__NAAACCGGTTCAAACCGGTT_Tcfcp2l1		peak_88	684	703	-	4.46939	0.000872	1	AAAGCCGGTTGAAGGCAACT
taipale_cyt_meth__GRHL1_NAACCGGTTN_eDBD_meth_repr		peak_121	106	115	+	7.5	0.000873	1	TGTCCGGTTT
taipale_cyt_meth__GRHL1_NAACCGGTTN_eDBD_meth_repr		peak_430	138	147	-	7.5	0.000873	1	AATCAGGTTA
taipale_cyt_meth__GRHL1_NAACCGGTTN_eDBD_meth_repr		peak_318	265	274	-	7.5	0.000873	1	AATCAGGTTA
taipale__GRHL1_full_NAAACCGGTTTN		peak_476	86	97	+	4.7551	0.000873	0.898	ACAACTAGTTGT
taipale__GRHL1_full_NAAACCGGTTTN		peak_476	86	97	-	4.7551	0.000873	0.898	ACAACTAGTTGT
taipale__GRHL1_full_NAAACCGGTTTN		peak_265	432	443	+	4.7551	0.000873	0.898	TCAACCGGCTTG
taipale_cyt_meth__TFCP2_AWCCGGWTNNAWCCGGWT_eDBD		peak_339	7	24	-	5.87879	0.000873	1	GACTCGATAGCGCTGGTC
taipale_cyt_meth__TFCP2_AWCCGGWTNNAWCCGGWT_eDBD		peak_130	255	272	-	5.87879	0.000873	1	GACTTGTGGAGGCTGGAC
taipale__TFCP2_full_NAACCGGTTN		peak_598	27	36	+	6.37755	0.000874	1	AAACAGGTTG
taipale__GRHL1_DBD_AACCGGWNNNWCCGGTT_repr		peak_272	536	552	-	4.19388	0.000874	1	GACCCGTGCTGCGTGAT
taipale__GRHL1_DBD_NAACCGGTTN_repr		peak_98	112	121	-	6.18367	0.000876	1	AAGCTGGTTT
taipale__GRHL1_DBD_NAACCGGTTN_repr		peak_388	152	161	+	6.18367	0.000876	1	CTTCCGGTTT
taipale__GRHL1_DBD_NAACCGGTTN_repr		peak_552	297	306	+	6.18367	0.000876	1	AAGCTGGTTT
taipale__GRHL1_DBD_NAACCGGTTN_repr		peak_168	378	387	+	6.18367	0.000876	1	AAGCTGGTTT
taipale_cyt_meth__TFCP2_AWCCGGWTNNAWCCGGWT_eDBD		peak_424	260	277	+	5.86869	0.000877	1	TACCGGTTTTAAGATGGT
taipale_cyt_meth__TFCP2_AWCCGGWTNNAWCCGGWT_eDBD		peak_484	484	501	+	5.86869	0.000877	1	GGCCGCTGTGCGCCTGTT
taipale_cyt_meth__GRHL1_NAACCGGTTN_eDBD		peak_266	89	98	-	6.87755	0.000877	1	TTACAGGTTA
taipale_cyt_meth__GRHL1_NAACCGGTTN_eDBD		peak_9	220	229	-	6.87755	0.000877	1	CGACCAGTTG
homer__NAAACCGGTTCAAACCGGTT_Tcfcp2l1		peak_579	27	46	+	4.44898	0.000878	1	CCCGCCGGAGCGATCCGCCA
taipale__TFCP2_full_NAACCGGTTN		peak_81	211	220	+	6.36735	0.000879	1	ATACCAGTCC
taipale__TFCP2_full_NAACCGGTTN		peak_579	242	251	-	6.36735	0.000879	1	CAACCAGTAA
taipale__GRHL1_full_NAAACCGGTTTN		peak_588	56	67	-	4.73469	0.00088	0.899	AAAACTGGGTAT
taipale__GRHL1_full_NAAACCGGTTTN		peak_145	159	170	+	4.73469	0.00088	0.899	GTAACCAGTAAA
taipale_cyt_meth__GRHL1_NAACCGGTTN_eDBD_meth_repr		peak_268	353	362	-	7.47959	0.00088	1	GAACAGGTGT
taipale__TFCP2_full_NCCGGNNNNNNCCGGN_repr		peak_561	432	447	-	4.89796	0.00088	1	GCCAGACCAGACCAGC
taipale__GRHL1_DBD_NAACCGGTTN_repr		peak_62	390	399	+	6.16327	0.00088	1	GAACCTGATA
taipale__GRHL1_DBD_AACCGGWNNNWCCGGTT_repr		peak_281	207	223	+	4.17347	0.000881	1	AACCGGTCAATCGATTG
taipale__GRHL1_DBD_AACCGGWNNNWCCGGTT_repr		peak_385	337	353	+	4.17347	0.000881	1	AGGTTGTTGTTCTTGTT
homer__NAAACCGGTTCAAACCGGTT_Tcfcp2l1		peak_56	23	42	+	4.43878	0.000881	1	AAAGCTTGGGTTAACAGGAT
taipale_cyt_meth__TFCP2_AWCCGGWTNNAWCCGGWT_eDBD		peak_281	402	419	+	5.85859	0.000881	1	TGCCTGCTAGCTGCGGTT
cisbp__M5928		peak_447	149	158	+	6.34694	0.000882	1	AATGCAGTTT
cisbp__M5928		peak_502	161	170	-	6.34694	0.000882	1	AATGCAGTTT
cisbp__M5928		peak_562	171	180	-	6.34694	0.000882	1	AATGCAGTTT
cisbp__M5928		peak_339	234	243	+	6.34694	0.000882	1	GAACCAGTCA
cisbp__M5928		peak_422	372	381	-	6.34694	0.000882	1	GAACCAGTCA
taipale__TFCP2_full_NCCGGNNNNNNCCGGN_repr		peak_291	135	150	-	4.88776	0.000884	1	TCGAGCTCAAGCTGGA
taipale_cyt_meth__GRHL1_NAACCGGTTN_eDBD		peak_229	115	124	+	6.86735	0.000884	1	TTACCGGATT
taipale_cyt_meth__GRHL1_NAACCGGTTN_eDBD		peak_168	169	178	+	6.86735	0.000884	1	ACACCAGTTT
taipale_cyt_meth__GRHL1_NAACCGGTTN_eDBD		peak_374	320	329	-	6.86735	0.000884	1	AAACAAGTCC
taipale_cyt_meth__GRHL1_NAACCGGTTN_eDBD		peak_498	376	385	-	6.86735	0.000884	1	ACACCAGTTT
homer__NAAACCGGTTCAAACCGGTT_Tcfcp2l1		peak_281	400	419	+	4.42857	0.000884	1	TATGCCTGCTAGCTGCGGTT
taipale__GRHL1_DBD_NAACCGGTTN_repr		peak_203	40	49	+	6.15306	0.000885	1	ATACCCGTTA
taipale__GRHL1_DBD_NAACCGGTTN_repr		peak_243	40	49	-	6.15306	0.000885	1	AAACAGGTGT
taipale__GRHL1_DBD_NAACCGGTTN_repr		peak_328	64	73	-	6.15306	0.000885	1	AAACAGGTGT
taipale__GRHL1_DBD_NAACCGGTTN_repr		peak_112	118	127	-	6.15306	0.000885	1	AAACTGGTAA
taipale__GRHL1_DBD_NAACCGGTTN_repr		peak_555	190	199	-	6.15306	0.000885	1	ATACCCGTTA
taipale__GRHL1_DBD_NAACCGGTTN_repr		peak_203	274	283	-	6.15306	0.000885	1	ATACCCGTTA
taipale__GRHL1_full_NAAACCGGTTTN		peak_587	214	225	-	4.71429	0.000885	0.899	CAAACATGTAAG
taipale__GRHL1_full_NAAACCGGTTTN		peak_558	313	324	+	4.71429	0.000885	0.899	AGAACACGTTGA
cisbp__M5928		peak_413	315	324	-	6.33673	0.000886	1	AAAGCGGTAT
taipale_cyt_meth__GRHL1_NAACCGGTTN_eDBD_meth_repr		peak_437	283	292	-	7.46939	0.000887	1	AGACTTGTTA
taipale__GRHL1_DBD_NAACCGGTTN_repr		peak_438	272	281	-	6.14286	0.000888	1	TAACCAGCTT
taipale__GRHL1_DBD_NAACCGGTTN_repr		peak_361	336	345	+	6.14286	0.000888	1	TAACCAGCTT
taipale__TFCP2_full_NAACCGGTTN		peak_147	252	261	-	6.34694	0.000888	1	CATCTAGTTT
taipale__GRHL1_full_NAAACCGGTTTN		peak_168	275	286	+	4.70408	0.000889	0.899	AAAACATGTAGT
taipale__GRHL1_full_NAAACCGGTTTN		peak_561	662	673	+	4.70408	0.000889	0.899	AGATCCTGTTAT
taipale_cyt_meth__TFCP2_AWCCGGWTNNAWCCGGWT_eDBD		peak_201	76	93	+	5.83838	0.000889	1	TTGCGGAATGTACTTGTC
taipale_cyt_meth__TFCP2_AWCCGGWTNNAWCCGGWT_eDBD		peak_184	380	397	-	5.83838	0.000889	1	AACTTTTTCGAACTAGTT
taipale__TFCP2_full_NAACCGGTTN		peak_322	329	338	-	6.33673	0.00089	1	GAACCAGAGT
taipale_cyt_meth__GRHL1_NAACCGGTTN_eDBD_meth_repr		peak_203	40	49	+	7.45918	0.000892	1	ATACCCGTTA
taipale_cyt_meth__GRHL1_NAACCGGTTN_eDBD_meth_repr		peak_555	190	199	-	7.45918	0.000892	1	ATACCCGTTA
taipale_cyt_meth__GRHL1_NAACCGGTTN_eDBD_meth_repr		peak_203	274	283	-	7.45918	0.000892	1	ATACCCGTTA
taipale__GRHL1_full_NAAACCGGTTTN		peak_384	3	14	-	4.69388	0.000892	0.899	GGGACCCGTTTG
taipale__GRHL1_full_NAAACCGGTTTN		peak_474	216	227	-	4.69388	0.000892	0.899	CATACAGGTCTC
taipale__TFCP2_full_NAACCGGTTN		peak_391	88	97	+	6.32653	0.000893	1	AAACCAGTGG
taipale_cyt_meth__TFCP2_AWCCGGWTNNAWCCGGWT_eDBD		peak_603	113	130	-	5.82828	0.000893	1	GTCCAGTTGGCAGCGCTG
taipale_cyt_meth__TFCP2_AWCCGGWTNNAWCCGGWT_eDBD		peak_543	267	284	+	5.82828	0.000893	1	TTCAAGGCAAAACCAGAT
cisbp__M5928		peak_333	304	313	-	6.32653	0.000893	1	GCTCTGGTTC
homer__NAAACCGGTTCAAACCGGTT_Tcfcp2l1		peak_106	302	321	+	4.39796	0.000894	1	TTGCCCAGCCATCCCCAGTT
taipale__TFCP2_full_NAACCGGTTN		peak_76	207	216	-	6.31633	0.000895	1	TATCCGGTCA
taipale__GRHL1_DBD_NAACCGGTTN_repr		peak_427	76	85	+	6.12245	0.000895	1	GGACCAGTTG
taipale__GRHL1_DBD_NAACCGGTTN_repr		peak_254	103	112	-	6.12245	0.000895	1	CTACTGGTTT
taipale__GRHL1_full_NAAACCGGTTTN		peak_419	224	235	-	4.68367	0.000896	0.899	AAAGCAAGTTTA
taipale__GRHL1_full_NAAACCGGTTTN		peak_18	342	353	+	4.68367	0.000896	0.899	GCAACAAGTTAT
taipale_cyt_meth__TFCP2_AWCCGGWTNNAWCCGGWT_eDBD		peak_330	90	107	-	5.81818	0.000897	1	ACCCAGTCGACGCCAGTG
taipale_cyt_meth__TFCP2_AWCCGGWTNNAWCCGGWT_eDBD		peak_611	268	285	-	5.81818	0.000897	1	TGCCGGAACTGGCCACAC
taipale_cyt_meth__TFCP2_AWCCGGWTNNAWCCGGWT_eDBD		peak_212	315	332	-	5.81818	0.000897	1	TGGCAGTCCTAGCTGGCA
taipale_cyt_meth__TFCP2_AWCCGGWTNNAWCCGGWT_eDBD		peak_483	440	457	-	5.81818	0.000897	1	GACTAGTGTAGAGCAGCC
taipale_cyt_meth__TFCP2_AWCCGGWTNNAWCCGGWT_eDBD		peak_313	472	489	-	5.81818	0.000897	1	GAGCCGCAAGAACCGCTT
taipale_cyt_meth__GRHL1_NAACCGGTTN_eDBD_meth_repr		peak_479	228	237	+	7.43878	0.000898	1	AAACGAGTCT
taipale_cyt_meth__GRHL1_NAACCGGTTN_eDBD_meth_repr		peak_415	399	408	+	7.43878	0.000898	1	AAACAGGTGC
cisbp__M5928		peak_208	76	85	+	6.30612	0.000898	1	ACTCCAGTTC
cisbp__M5928		peak_391	88	97	-	6.30612	0.000898	1	CCACTGGTTT
taipale_cyt_meth__GRHL1_NAACCGGTTN_eDBD		peak_584	292	301	-	6.84694	0.000898	1	ACACCGGTAT
taipale__GRHL1_full_NAAACCGGTTTN		peak_359	110	121	+	4.67347	0.000898	0.899	TCTACCGGTTGG
taipale__GRHL1_full_NAAACCGGTTTN		peak_332	167	178	+	4.67347	0.000898	0.899	ATTTCCGGTTTG
taipale__TFCP2_full_NAACCGGTTN		peak_122	98	107	+	6.30612	0.0009	1	GAACAGGATC
homer__NAAACCGGTTCAAACCGGTT_Tcfcp2l1		peak_364	107	126	+	4.37755	0.0009	1	CTAGCTTGCGATAAGCAGTC
homer__NAAACCGGTTCAAACCGGTT_Tcfcp2l1		peak_457	263	282	-	4.37755	0.0009	1	TCGGCTGGAGATAGCAGGGT
taipale_cyt_meth__TFCP2_AWCCGGWTNNAWCCGGWT_eDBD		peak_184	380	397	+	5.80808	0.000901	1	AACTAGTTCGAAAAAGTT
taipale__GRHL1_DBD_AACCGGWNNNWCCGGTT_repr		peak_283	88	104	-	4.11224	0.000901	1	CAGTTGTTGTTCTTGTT
taipale__GRHL1_full_NAAACCGGTTTN		peak_104	313	324	+	4.66327	0.000902	0.899	ACAACCAGATCT
taipale_cyt_meth__GRHL1_NAACCGGTTN_eDBD_meth_repr		peak_370	81	90	+	7.42857	0.000902	1	AATCGGGTTT
taipale_cyt_meth__GRHL1_NAACCGGTTN_eDBD_meth_repr		peak_397	535	544	-	7.42857	0.000902	1	AAACACGTCC
taipale__TFCP2_full_NCCGGNNNNNNCCGGN_repr		peak_579	30	45	-	4.83673	0.000902	1	GGCGGATCGCTCCGGC
cisbp__M5928		peak_81	211	220	-	6.29592	0.000902	1	GGACTGGTAT
cisbp__M5928		peak_51	335	344	+	6.29592	0.000902	1	GAACTGGTGC
taipale__GRHL1_DBD_NAACCGGTTN_repr		peak_584	292	301	+	6.10204	0.000903	1	ATACCGGTGT
homer__NAAACCGGTTCAAACCGGTT_Tcfcp2l1		peak_521	122	141	+	4.36735	0.000903	1	GACTCCTGCGGCAGCAGGAC
homer__NAAACCGGTTCAAACCGGTT_Tcfcp2l1		peak_40	213	232	-	4.36735	0.000903	1	CAGTCTGGCAGCGCCCTGCA
taipale_cyt_meth__GRHL1_NAACCGGTTN_eDBD		peak_96	120	129	+	6.83673	0.000904	1	TAACACGTTT
taipale_cyt_meth__GRHL1_NAACCGGTTN_eDBD		peak_493	230	239	-	6.83673	0.000904	1	TAACACGTTT
taipale_cyt_meth__GRHL1_NAACCGGTTN_eDBD		peak_15	301	310	+	6.83673	0.000904	1	GGACAGGTAT
taipale__GRHL1_full_NAAACCGGTTTN		peak_591	3	14	+	4.65306	0.000904	0.899	AAAAACAGTTTC
taipale__GRHL1_full_NAAACCGGTTTN		peak_57	345	356	+	4.65306	0.000904	0.899	AAAACCAATTTC
taipale__GRHL1_DBD_AACCGGWNNNWCCGGTT_repr		peak_311	123	139	+	4.10204	0.000905	1	AACCGGCAATAAAGGTG
taipale__GRHL1_DBD_AACCGGWNNNWCCGGTT_repr		peak_340	259	275	-	4.10204	0.000905	1	GTCACGTTCAGCAGGCT
taipale__GRHL1_DBD_AACCGGWNNNWCCGGTT_repr		peak_370	317	333	+	4.10204	0.000905	1	AAGCTTATGAACCAGTT
taipale__TFCP2_full_NCCGGNNNNNNCCGGN_repr		peak_107	257	272	-	4.82653	0.000906	1	GACAGTTTTAACTGGT
homer__NAAACCGGTTCAAACCGGTT_Tcfcp2l1		peak_364	109	128	-	4.35714	0.000907	1	AGGACTGCTTATCGCAAGCT
homer__NAAACCGGTTCAAACCGGTT_Tcfcp2l1		peak_558	170	189	+	4.35714	0.000907	1	CATTCCGGTTCAAAATGGAA
homer__NAAACCGGTTCAAACCGGTT_Tcfcp2l1		peak_280	388	407	+	4.35714	0.000907	1	AAAAATAGTTTCGTCTGGAC
homer__NAAACCGGTTCAAACCGGTT_Tcfcp2l1		peak_605	417	436	+	4.35714	0.000907	1	GCAACAAATGCAAGCCGGTC
taipale__GRHL1_full_NAAACCGGTTTN		peak_220	423	434	+	4.64286	0.000907	0.899	ATAACCGGGTAC
taipale_cyt_meth__GRHL1_NAACCGGTTN_eDBD_meth_repr		peak_474	174	183	+	7.38776	0.000907	1	AAACCAGTGT
taipale__GRHL1_DBD_AACCGGWNNNWCCGGTT_repr		peak_474	42	58	+	4.09184	0.000908	1	AACGGGTCCACCACCTT
taipale__GRHL1_DBD_AACCGGWNNNWCCGGTT_repr		peak_352	75	91	-	4.09184	0.000908	1	GCCCAGAGAACCCTGTT
taipale__GRHL1_DBD_AACCGGWNNNWCCGGTT_repr		peak_244	320	336	+	4.09184	0.000908	1	TACTTGTTCGAGTGGTT
taipale__GRHL1_DBD_AACCGGWNNNWCCGGTT_repr		peak_88	395	411	+	4.09184	0.000908	1	AGCTACAACAACAGGTT
taipale__TFCP2_full_NAACCGGTTN		peak_438	272	281	+	6.28571	0.000908	1	AAGCTGGTTA
taipale__TFCP2_full_NAACCGGTTN		peak_361	336	345	-	6.28571	0.000908	1	AAGCTGGTTA
taipale_cyt_meth__TFCP2_AWCCGGWTNNAWCCGGWT_eDBD		peak_149	23	40	+	5.78788	0.000909	1	AACTTGTTTGCTCAACTT
taipale_cyt_meth__TFCP2_AWCCGGWTNNAWCCGGWT_eDBD		peak_592	53	70	+	5.78788	0.000909	1	AACAAGTTGTCGCGAGTT
taipale__TFCP2_full_NCCGGNNNNNNCCGGN_repr		peak_260	75	90	+	4.81633	0.000909	1	AGAAGTAGAAACCGGA
taipale__TFCP2_full_NCCGGNNNNNNCCGGN_repr		peak_289	296	311	+	4.81633	0.000909	1	GCCGGTTCTGTGTGAA
taipale__TFCP2_full_NCCGGNNNNNNCCGGN_repr		peak_433	478	493	-	4.81633	0.000909	1	TCTGGTTAAACTCTGC
homer__NAAACCGGTTCAAACCGGTT_Tcfcp2l1		peak_94	189	208	+	4.34694	0.00091	1	AAAACTAGCCGCATCCTTTT
taipale_cyt_meth__GRHL1_NAACCGGTTN_eDBD		peak_229	115	124	-	6.82653	0.00091	1	AATCCGGTAA
taipale_cyt_meth__GRHL1_NAACCGGTTN_eDBD		peak_425	301	310	-	6.82653	0.00091	1	TAACGTGTTT
taipale__GRHL1_full_NAAACCGGTTTN		peak_94	65	76	+	4.63265	0.00091	0.899	AAAACAGGCTGT
taipale__GRHL1_full_NAAACCGGTTTN		peak_313	470	481	+	4.63265	0.00091	0.899	ATAAGCGGTTCT
taipale_cyt_meth__GRHL1_NAACCGGTTN_eDBD_meth_repr		peak_370	81	90	-	7.35714	0.000911	1	AAACCCGATT
taipale__GRHL1_DBD_AACCGGWNNNWCCGGTT_repr		peak_549	72	88	-	4.08163	0.000911	1	CACTGGCGTAACTGGGC
taipale__GRHL1_DBD_NAACCGGTTN_repr		peak_353	13	22	+	6.07143	0.000912	1	AAACCAGACA
taipale__GRHL1_DBD_NAACCGGTTN_repr		peak_501	71	80	-	6.07143	0.000912	1	AAACCAGACA
taipale_cyt_meth__TFCP2_AWCCGGWTNNAWCCGGWT_eDBD		peak_71	60	77	-	5.77778	0.000913	1	AACAGGTACAGGGCTGCC
homer__NAAACCGGTTCAAACCGGTT_Tcfcp2l1		peak_149	23	42	-	4.33673	0.000913	1	GCAAGTTGAGCAAACAAGTT
taipale__TFCP2_full_NCCGGNNNNNNCCGGN_repr		peak_61	152	167	+	4.80612	0.000913	1	TCCGGAACAGTGATGA
taipale__GRHL1_full_NAAACCGGTTTN		peak_226	179	190	+	4.62245	0.000913	0.899	TATACAGGTATG
taipale__GRHL1_full_NAAACCGGTTTN		peak_184	288	299	-	4.62245	0.000913	0.899	AAATCTTGTTTA
taipale_cyt_meth__GRHL1_NAACCGGTTN_eDBD_meth_repr		peak_168	169	178	-	7.33673	0.000914	1	AAACTGGTGT
taipale_cyt_meth__GRHL1_NAACCGGTTN_eDBD_meth_repr		peak_498	376	385	+	7.33673	0.000914	1	AAACTGGTGT
cisbp__M5928		peak_314	151	160	-	6.26531	0.000914	1	GATGCAGTTT
taipale__GRHL1_DBD_AACCGGWNNNWCCGGTT_repr		peak_525	419	435	+	4.07143	0.000915	1	ATCTTCTTCTTCCTGTT
taipale_cyt_meth__TFCP2_AWCCGGWTNNAWCCGGWT_eDBD		peak_394	183	200	+	5.76768	0.000917	1	TTCCGCTTATTTCATGTT
taipale__GRHL1_full_NAAACCGGTTTN		peak_276	356	367	+	4.61224	0.000917	0.901	CGAACGGGTCAG
taipale__GRHL1_DBD_AACCGGWNNNWCCGGTT_repr		peak_559	180	196	+	4.06122	0.000918	1	AACTCGTTTTATTTGTT
cisbp__M5928		peak_594	72	81	+	6.2551	0.000918	1	ACACTGGTTA
cisbp__M5928		peak_195	367	376	-	6.2551	0.000918	1	ACACTGGTTA
taipale_cyt_meth__GRHL1_NAACCGGTTN_eDBD		peak_343	181	190	+	6.78571	0.000919	1	TAACGAGTTT
taipale_cyt_meth__GRHL1_NAACCGGTTN_eDBD		peak_218	280	289	-	6.78571	0.000919	1	TAACGAGTTT
taipale__TFCP2_full_NAACCGGTTN		peak_500	59	68	+	6.26531	0.000919	1	TAACAGGTTT
taipale__TFCP2_full_NAACCGGTTN		peak_339	234	243	-	6.26531	0.000919	1	TGACTGGTTC
taipale__TFCP2_full_NAACCGGTTN		peak_422	372	381	+	6.26531	0.000919	1	TGACTGGTTC
taipale__TFCP2_full_NAACCGGTTN		peak_63	614	623	+	6.26531	0.000919	1	TAACAGGTTT
taipale__GRHL1_full_NAAACCGGTTTN		peak_34	250	261	-	4.60204	0.00092	0.902	GATACATGTTTT
taipale_cyt_meth__TFCP2_AWCCGGWTNNAWCCGGWT_eDBD		peak_22	342	359	-	5.75758	0.000921	1	AGCTGCTAAAAGCAAGTA
taipale_cyt_meth__GRHL1_NAACCGGTTN_eDBD_meth_repr		peak_399	118	127	-	7.32653	0.000922	1	AAACGCGTTA
taipale_cyt_meth__GRHL1_NAACCGGTTN_eDBD_meth_repr		peak_479	228	237	-	7.32653	0.000922	1	AGACTCGTTT
taipale_cyt_meth__GRHL1_NAACCGGTTN_eDBD_meth_repr		peak_391	295	304	-	7.32653	0.000922	1	TTACAGGTTG
homer__NAAACCGGTTCAAACCGGTT_Tcfcp2l1		peak_369	155	174	+	4.30612	0.000923	1	CACTGCAGACCTTGCCAGAT
homer__NAAACCGGTTCAAACCGGTT_Tcfcp2l1		peak_587	268	287	-	4.30612	0.000923	1	TGGGCCGGCCAATTGTTGCT
taipale__GRHL1_DBD_NAACCGGTTN_repr		peak_475	36	45	-	6.04082	0.000923	1	AACCCAGTTT
taipale__GRHL1_DBD_NAACCGGTTN_repr		peak_62	390	399	-	6.04082	0.000923	1	TATCAGGTTC
taipale__TFCP2_full_NCCGGNNNNNNCCGGN_repr		peak_354	145	160	+	4.77551	0.000924	1	TGCAGTTTTTGCCAGT
taipale_cyt_meth__TFCP2_AWCCGGWTNNAWCCGGWT_eDBD		peak_470	299	316	-	5.74747	0.000925	1	GGCCACAGCTGACTGGTA
taipale_cyt_meth__TFCP2_AWCCGGWTNNAWCCGGWT_eDBD		peak_404	596	613	+	5.74747	0.000925	1	ATCCGGTAGAAGTTGGAG
cisbp__M5928		peak_76	207	216	+	6.2449	0.000925	1	TGACCGGATA
cisbp__M5928		peak_513	397	406	+	6.2449	0.000925	1	TAAGCGGTTA
taipale__GRHL1_DBD_NAACCGGTTN_repr		peak_96	120	129	+	6.03061	0.000925	1	TAACACGTTT
taipale__GRHL1_DBD_NAACCGGTTN_repr		peak_493	230	239	-	6.03061	0.000925	1	TAACACGTTT
homer__NAAACCGGTTCAAACCGGTT_Tcfcp2l1		peak_373	166	185	-	4.29592	0.000926	1	AAAACAACAAGCGGCTAGTT
taipale__GRHL1_full_NAAACCGGTTTN		peak_427	75	86	+	4.58163	0.000927	0.907	TGGACCAGTTGT
taipale__TFCP2_full_NCCGGNNNNNNCCGGN_repr		peak_371	226	241	+	4.76531	0.000928	1	TCTAGTTAGCACTGTA
taipale_cyt_meth__GRHL1_NAACCGGTTN_eDBD		peak_203	40	49	-	6.76531	0.000928	1	TAACGGGTAT
taipale_cyt_meth__GRHL1_NAACCGGTTN_eDBD		peak_540	126	135	-	6.76531	0.000928	1	AAACCAGATA
taipale_cyt_meth__GRHL1_NAACCGGTTN_eDBD		peak_343	181	190	-	6.76531	0.000928	1	AAACTCGTTA
taipale_cyt_meth__GRHL1_NAACCGGTTN_eDBD		peak_555	190	199	+	6.76531	0.000928	1	TAACGGGTAT
taipale_cyt_meth__GRHL1_NAACCGGTTN_eDBD		peak_203	274	283	+	6.76531	0.000928	1	TAACGGGTAT
taipale_cyt_meth__GRHL1_NAACCGGTTN_eDBD		peak_218	280	289	+	6.76531	0.000928	1	AAACTCGTTA
taipale_cyt_meth__GRHL1_NAACCGGTTN_eDBD		peak_488	275	284	-	6.76531	0.000928	1	CATCTGGTTT
taipale_cyt_meth__GRHL1_NAACCGGTTN_eDBD		peak_543	276	285	-	6.76531	0.000928	1	CATCTGGTTT
taipale_cyt_meth__GRHL1_NAACCGGTTN_eDBD		peak_605	428	437	+	6.76531	0.000928	1	AAGCCGGTCG
taipale__GRHL1_DBD_AACCGGWNNNWCCGGTT_repr		peak_430	259	275	-	4.03061	0.000929	1	AGCCGGGCTGTCCAGGC
taipale_cyt_meth__TFCP2_AWCCGGWTNNAWCCGGWT_eDBD		peak_128	5	22	+	5.73737	0.000929	1	TTGCAGTTTCTGCGGGTT
cisbp__M5928		peak_359	75	84	+	6.23469	0.000929	1	AAAACGGTTT
cisbp__M5928		peak_280	169	178	+	6.23469	0.000929	1	AAAACGGTTT
homer__NAAACCGGTTCAAACCGGTT_Tcfcp2l1		peak_286	129	148	+	4.28571	0.000929	1	TCAACAAGTTTTGGCTGCTG
homer__NAAACCGGTTCAAACCGGTT_Tcfcp2l1		peak_587	266	285	+	4.28571	0.000929	1	GCAGCAACAATTGGCCGGCC
taipale__TFCP2_full_NAACCGGTTN		peak_531	47	56	+	6.2551	0.00093	1	TAACTGGTCA
taipale__TFCP2_full_NAACCGGTTN		peak_410	255	264	+	6.2551	0.00093	1	AAACCACTTA
taipale__TFCP2_full_NAACCGGTTN		peak_333	304	313	+	6.2551	0.00093	1	GAACCAGAGC
taipale__TFCP2_full_NAACCGGTTN		peak_320	335	344	-	6.2551	0.00093	1	AAACCACTTA
taipale_cyt_meth__GRHL1_NAACCGGTTN_eDBD		peak_266	89	98	+	6.7551	0.000931	1	TAACCTGTAA
taipale__GRHL1_DBD_NAACCGGTTN_repr		peak_488	6	15	+	6.0102	0.000932	1	GAACACGTTC
taipale__GRHL1_DBD_NAACCGGTTN_repr		peak_468	83	92	+	6.0102	0.000932	1	GAACACGTTC
taipale__GRHL1_DBD_NAACCGGTTN_repr		peak_322	250	259	+	6.0102	0.000932	1	GAACACGTTC
taipale__GRHL1_DBD_NAACCGGTTN_repr		peak_220	424	433	-	6.0102	0.000932	1	TACCCGGTTA
taipale__TFCP2_full_NCCGGNNNNNNCCGGN_repr		peak_280	331	346	-	4.7551	0.000932	1	ACTAGATTAAAATTTT
homer__NAAACCGGTTCAAACCGGTT_Tcfcp2l1		peak_275	51	70	-	4.27551	0.000933	1	TGGACCAGCGTAGTCAGGGG
taipale__TFCP2_full_NAACCGGTTN		peak_466	361	370	-	6.2449	0.000933	1	GAACCCGTTA
taipale_cyt_meth__TFCP2_AWCCGGWTNNAWCCGGWT_eDBD		peak_142	74	91	-	5.72727	0.000933	1	AGCCGGTTCCGCCAAGCA
cisbp__M5928		peak_383	165	174	+	6.22449	0.000933	1	GAAGCGGTCT
cisbp__M5928		peak_177	410	419	-	6.22449	0.000933	1	GAAGCGGTCT
cisbp__M5928		peak_446	713	722	+	6.22449	0.000933	1	ATTCCAGTTG
taipale_cyt_meth__GRHL1_NAACCGGTTN_eDBD_meth_repr		peak_196	31	40	+	7.30612	0.000933	1	TAACAGGTAG
taipale_cyt_meth__GRHL1_NAACCGGTTN_eDBD_meth_repr		peak_121	106	115	-	7.30612	0.000933	1	AAACCGGACA
taipale_cyt_meth__GRHL1_NAACCGGTTN_eDBD_meth_repr		peak_587	215	224	+	7.30612	0.000933	1	TTACATGTTT
taipale_cyt_meth__GRHL1_NAACCGGTTN_eDBD_meth_repr		peak_58	709	718	+	7.30612	0.000933	1	TAACAGGTAG
taipale__GRHL1_full_NAAACCGGTTTN		peak_318	264	275	+	4.56122	0.000934	0.91	TTAACCTGATTC
taipale_cyt_meth__GRHL1_NAACCGGTTN_eDBD		peak_260	83	92	+	6.7449	0.000934	1	AAACCGGAAA
taipale_cyt_meth__GRHL1_NAACCGGTTN_eDBD		peak_474	127	136	+	6.7449	0.000934	1	AAACCGGAAA
taipale_cyt_meth__GRHL1_NAACCGGTTN_eDBD		peak_332	168	177	-	6.7449	0.000934	1	AAACCGGAAA
taipale_cyt_meth__GRHL1_NAACCGGTTN_eDBD		peak_310	370	379	+	6.7449	0.000934	1	AAACCGGAAA
taipale__GRHL1_DBD_NAACCGGTTN_repr		peak_527	361	370	-	6	0.000934	1	GAACTGGTCG
taipale__TFCP2_full_NCCGGNNNNNNCCGGN_repr		peak_607	232	247	+	4.7449	0.000936	1	TCTAGTTCCAAAAAGT
taipale_cyt_meth__GRHL1_NAACCGGTTN_eDBD_meth_repr		peak_567	31	40	+	7.29592	0.000936	1	GTACCAGTTG
taipale_cyt_meth__GRHL1_NAACCGGTTN_eDBD_meth_repr		peak_336	27	36	-	7.29592	0.000936	1	TCACCTGTTT
taipale_cyt_meth__GRHL1_NAACCGGTTN_eDBD_meth_repr		peak_136	101	110	+	7.29592	0.000936	1	TCACCTGTTT
taipale_cyt_meth__GRHL1_NAACCGGTTN_eDBD_meth_repr		peak_414	277	286	+	7.29592	0.000936	1	GTACCAGTTG
taipale_cyt_meth__GRHL1_NAACCGGTTN_eDBD_meth_repr		peak_73	375	384	-	7.29592	0.000936	1	TCACCTGTTT
homer__NAAACCGGTTCAAACCGGTT_Tcfcp2l1		peak_321	91	110	+	4.26531	0.000936	1	CTAACTACAGAGAGCCAGTG
taipale__TFCP2_full_NAACCGGTTN		peak_208	76	85	-	6.22449	0.000937	1	GAACTGGAGT
taipale_cyt_meth__TFCP2_AWCCGGWTNNAWCCGGWT_eDBD		peak_69	67	84	+	5.71717	0.000937	1	ATGCGATTTAATCTTGTT
taipale__GRHL1_DBD_AACCGGWNNNWCCGGTT_repr		peak_500	51	67	-	4	0.000939	1	AACCTGTTACACTCGCG
homer__NAAACCGGTTCAAACCGGTT_Tcfcp2l1		peak_220	238	257	+	4.2551	0.000939	1	GCCGCAGGTTGAGACCTCCC
homer__NAAACCGGTTCAAACCGGTT_Tcfcp2l1		peak_115	434	453	-	4.2551	0.000939	1	ATATCTTCTCTAAGCAAGCT
taipale__TFCP2_full_NCCGGNNNNNNCCGGN_repr		peak_348	270	285	-	4.73469	0.000939	1	TCTGGGTTGTTCCTGT
taipale_cyt_meth__GRHL1_NAACCGGTTN_eDBD		peak_15	301	310	-	6.72449	0.00094	1	ATACCTGTCC
taipale__GRHL1_DBD_NAACCGGTTN_repr		peak_456	8	17	+	5.9898	0.00094	1	CAACTTGTTC
taipale__GRHL1_DBD_NAACCGGTTN_repr		peak_442	196	205	-	5.9898	0.00094	1	TTTCCGGTTC
taipale__GRHL1_DBD_NAACCGGTTN_repr		peak_406	347	356	-	5.9898	0.00094	1	CAACTTGTTC
taipale__GRHL1_full_NAAACCGGTTTN		peak_454	81	92	-	4.54082	0.000941	0.91	AAAACATGTACC
taipale__GRHL1_full_NAAACCGGTTTN		peak_173	103	114	+	4.54082	0.000941	0.91	AGAACCTGATCC
taipale__GRHL1_full_NAAACCGGTTTN		peak_337	228	239	+	4.54082	0.000941	0.91	GTAACAGGTCCC
taipale__GRHL1_full_NAAACCGGTTTN		peak_125	293	304	-	4.54082	0.000941	0.91	CATACAAGTTAT
taipale_cyt_meth__TFCP2_AWCCGGWTNNAWCCGGWT_eDBD		peak_235	57	74	-	5.70707	0.000941	1	GTCATGCTTTGACCAGTG
taipale_cyt_meth__TFCP2_AWCCGGWTNNAWCCGGWT_eDBD		peak_456	222	239	-	5.70707	0.000941	1	GACTAGTGTTGGCCACTC
taipale__TFCP2_full_NAACCGGTTN		peak_594	72	81	-	6.21429	0.000943	1	TAACCAGTGT
taipale__TFCP2_full_NAACCGGTTN		peak_584	292	301	-	6.21429	0.000943	1	ACACCGGTAT
taipale__TFCP2_full_NAACCGGTTN		peak_51	335	344	-	6.21429	0.000943	1	GCACCAGTTC
taipale__TFCP2_full_NAACCGGTTN		peak_195	367	376	+	6.21429	0.000943	1	TAACCAGTGT
taipale__TFCP2_full_NAACCGGTTN		peak_62	610	619	+	6.21429	0.000943	1	AAACTGGTGG
taipale__GRHL1_DBD_AACCGGWNNNWCCGGTT_repr		peak_484	59	75	-	3.9898	0.000943	1	AACCCGACGTCCATGTG
taipale__GRHL1_DBD_AACCGGWNNNWCCGGTT_repr		peak_468	299	315	+	3.9898	0.000943	1	AACACGACTAACCTCTG
homer__NAAACCGGTTCAAACCGGTT_Tcfcp2l1		peak_595	76	95	-	4.2449	0.000943	1	CAAACAACACGAAACAGGGT
homer__NAAACCGGTTCAAACCGGTT_Tcfcp2l1		peak_583	231	250	+	4.2449	0.000943	1	CAAGCAGGATGGGGCTATTT
homer__NAAACCGGTTCAAACCGGTT_Tcfcp2l1		peak_470	297	316	+	4.2449	0.000943	1	TGTACCAGTCAGCTGTGGCC
cisbp__M5928		peak_257	15	24	-	6.20408	0.000943	1	GGAGCGGTTC
cisbp__M5928		peak_359	75	84	-	6.20408	0.000943	1	AAACCGTTTT
cisbp__M5928		peak_323	149	158	+	6.20408	0.000943	1	AAACCGCTTT
cisbp__M5928		peak_280	169	178	-	6.20408	0.000943	1	AAACCGTTTT
cisbp__M5928		peak_361	420	429	-	6.20408	0.000943	1	AAACCGCTTT
cisbp__M5928		peak_280	491	500	+	6.20408	0.000943	1	AAACCGCTTT
cisbp__M5928		peak_62	610	619	-	6.20408	0.000943	1	CCACCAGTTT
taipale__TFCP2_full_NCCGGNNNNNNCCGGN_repr		peak_103	168	183	+	4.72449	0.000943	1	GCCAGATGTAAACAGA
taipale__TFCP2_full_NCCGGNNNNNNCCGGN_repr		peak_332	216	231	+	4.72449	0.000943	1	TCCGGTAGATGGTGTA
taipale__TFCP2_full_NCCGGNNNNNNCCGGN_repr		peak_429	220	235	+	4.72449	0.000943	1	ACTGGCGTAAACAACT
taipale__TFCP2_full_NCCGGNNNNNNCCGGN_repr		peak_497	300	315	-	4.72449	0.000943	1	AGCGGTTATAACACGC
taipale__TFCP2_full_NCCGGNNNNNNCCGGN_repr		peak_371	441	456	+	4.72449	0.000943	1	TGTGGTAAAATGCGGC
taipale__GRHL1_full_NAAACCGGTTTN		peak_280	338	349	-	4.53061	0.000944	0.91	GAAACTAGATTA
taipale__GRHL1_full_NAAACCGGTTTN		peak_422	371	382	+	4.53061	0.000944	0.91	TTGACTGGTTCA
taipale_cyt_meth__GRHL1_NAACCGGTTN_eDBD		peak_145	160	169	+	6.71429	0.000946	1	TAACCAGTAA
taipale_cyt_meth__GRHL1_NAACCGGTTN_eDBD		peak_425	301	310	+	6.71429	0.000946	1	AAACACGTTA
taipale__TFCP2_full_NCCGGNNNNNNCCGGN_repr		peak_60	459	474	-	4.71429	0.000947	1	ACTGGATGGCAGCTGG
taipale__TFCP2_full_NCCGGNNNNNNCCGGN_repr		peak_290	493	508	+	4.71429	0.000947	1	ACCGGCTTATTATTGC
taipale__TFCP2_full_NAACCGGTTN		peak_130	110	119	-	6.20408	0.000947	1	AAACCAGCAT
taipale__TFCP2_full_NAACCGGTTN		peak_486	283	292	+	6.20408	0.000947	1	AATCCGCTTA
taipale__GRHL1_DBD_NAACCGGTTN_repr		peak_328	185	194	+	5.96939	0.000947	1	AAGCCCGTTT
taipale__GRHL1_DBD_NAACCGGTTN_repr		peak_229	205	214	+	5.96939	0.000947	1	AAGCCCGTTT
cisbp__M5928		peak_130	110	119	+	6.19388	0.000948	1	ATGCTGGTTT
taipale__GRHL1_full_NAAACCGGTTTN		peak_266	88	99	+	4.52041	0.000948	0.91	TTAACCTGTAAA
taipale__GRHL1_full_NAAACCGGTTTN		peak_355	221	232	+	4.52041	0.000948	0.91	CAAACCGATTGA
taipale__TFCP2_full_NAACCGGTTN		peak_333	206	215	+	6.19388	0.000949	1	AAACTCGTTT
homer__NAAACCGGTTCAAACCGGTT_Tcfcp2l1		peak_138	135	154	-	4.22449	0.000949	1	TGCGCTAGCTATCGCCGCTT
homer__NAAACCGGTTCAAACCGGTT_Tcfcp2l1		peak_354	161	180	-	4.22449	0.000949	1	ACCGCCGGAAATCACCAGTG
taipale_cyt_meth__TFCP2_AWCCGGWTNNAWCCGGWT_eDBD		peak_361	436	453	-	5.68687	0.000949	1	AGCCAGTCCCACCTTGTG
taipale_cyt_meth__TFCP2_AWCCGGWTNNAWCCGGWT_eDBD		peak_60	468	485	-	5.68687	0.000949	1	AACAGCGGCGGACTGGAT
taipale__TFCP2_full_NCCGGNNNNNNCCGGN_repr		peak_609	364	379	-	4.70408	0.000951	1	TCTTGTTTTGTCCAGC
taipale_cyt_meth__GRHL1_NAACCGGTTN_eDBD		peak_370	81	90	-	6.70408	0.000952	1	AAACCCGATT
taipale_cyt_meth__GRHL1_NAACCGGTTN_eDBD		peak_96	120	129	-	6.70408	0.000952	1	AAACGTGTTA
taipale_cyt_meth__GRHL1_NAACCGGTTN_eDBD		peak_493	230	239	+	6.70408	0.000952	1	AAACGTGTTA
cisbp__M5928		peak_531	47	56	-	6.18367	0.000953	1	TGACCAGTTA
cisbp__M5928		peak_327	351	360	-	6.18367	0.000953	1	TCTCTGGTTT
homer__NAAACCGGTTCAAACCGGTT_Tcfcp2l1		peak_521	76	95	+	4.21429	0.000953	1	AGGACCAGCAGCCTCTGCCT
homer__NAAACCGGTTCAAACCGGTT_Tcfcp2l1		peak_142	193	212	+	4.21429	0.000953	1	ACATGTTGCTGCAGCTAGCA
homer__NAAACCGGTTCAAACCGGTT_Tcfcp2l1		peak_519	269	288	+	4.21429	0.000953	1	TGATCCGGCCCTGGCTTCTG
homer__NAAACCGGTTCAAACCGGTT_Tcfcp2l1		peak_492	537	556	-	4.21429	0.000953	1	GAAACGAGACGAGACAAGCC
taipale__GRHL1_DBD_NAACCGGTTN_repr		peak_63	415	424	-	5.95918	0.000953	1	GTACCAGTTA
taipale_cyt_meth__GRHL1_NAACCGGTTN_eDBD_meth_repr		peak_244	319	328	-	7.2449	0.000953	1	GAACAAGTAT
taipale__GRHL1_DBD_AACCGGWNNNWCCGGTT_repr		peak_469	166	182	-	3.95918	0.000953	1	AGCCGGAATCACCCGGC
taipale_cyt_meth__TFCP2_AWCCGGWTNNAWCCGGWT_eDBD		peak_558	99	116	-	5.67677	0.000954	1	AACCGCTATCAGTCAGTC
taipale_cyt_meth__TFCP2_AWCCGGWTNNAWCCGGWT_eDBD		peak_46	295	312	+	5.67677	0.000954	1	GGCCAGACACAACAAGAC
taipale_cyt_meth__TFCP2_AWCCGGWTNNAWCCGGWT_eDBD		peak_404	596	613	-	5.67677	0.000954	1	CTCCAACTTCTACCGGAT
taipale__TFCP2_full_NCCGGNNNNNNCCGGN_repr		peak_415	54	69	-	4.69388	0.000955	1	ACCTGTTTTAGGGGGG
taipale__TFCP2_full_NCCGGNNNNNNCCGGN_repr		peak_391	80	95	-	4.69388	0.000955	1	ACTGGTTTCAGTAAGG
taipale__TFCP2_full_NCCGGNNNNNNCCGGN_repr		peak_46	173	188	-	4.69388	0.000955	1	GCCGGTTTGAATTCAA
taipale__TFCP2_full_NCCGGNNNNNNCCGGN_repr		peak_609	364	379	+	4.69388	0.000955	1	GCTGGACAAAACAAGA
homer__NAAACCGGTTCAAACCGGTT_Tcfcp2l1		peak_377	155	174	+	4.20408	0.000956	1	GAGGGCGGAAACGGCCAGAG
homer__NAAACCGGTTCAAACCGGTT_Tcfcp2l1		peak_144	271	290	-	4.20408	0.000956	1	ATGGCCACTACGTGCCTGCC
taipale__TFCP2_full_NAACCGGTTN		peak_214	240	249	-	6.18367	0.000957	1	GAACCGATTC
taipale__TFCP2_full_NAACCGGTTN		peak_610	394	403	+	6.18367	0.000957	1	TAACAGGTTC
taipale_cyt_meth__GRHL1_NAACCGGTTN_eDBD_meth_repr		peak_192	265	274	+	7.22449	0.000957	1	ATACAAGTTC
taipale_cyt_meth__GRHL1_NAACCGGTTN_eDBD_meth_repr		peak_542	299	308	+	7.22449	0.000957	1	GTACTTGTTT
taipale_cyt_meth__GRHL1_NAACCGGTTN_eDBD_meth_repr		peak_113	434	443	-	7.22449	0.000957	1	ATACAAGTTC
taipale__GRHL1_full_NAAACCGGTTTN		peak_142	82	93	-	4.4898	0.000958	0.91	CGAGCCGGTTCC
taipale_cyt_meth__GRHL1_NAACCGGTTN_eDBD_meth_repr		peak_420	111	120	+	7.21429	0.000959	1	ACACCAGTTC
taipale__TFCP2_full_NCCGGNNNNNNCCGGN_repr		peak_562	163	178	-	4.68367	0.000959	1	TGCAGTTTTTAACGGT
taipale__GRHL1_DBD_NAACCGGTTN_repr		peak_451	386	395	+	5.93878	0.000959	1	TCACCAGTTT
taipale_cyt_meth__GRHL1_NAACCGGTTN_eDBD		peak_198	110	119	+	6.68367	0.000959	1	CAACTGGATT
taipale_cyt_meth__GRHL1_NAACCGGTTN_eDBD		peak_406	169	178	-	6.68367	0.000959	1	GAACCAGCTT
taipale_cyt_meth__GRHL1_NAACCGGTTN_eDBD		peak_81	211	220	+	6.68367	0.000959	1	ATACCAGTCC
homer__NAAACCGGTTCAAACCGGTT_Tcfcp2l1		peak_323	156	175	+	4.19388	0.00096	1	TTTGCCGGATGTAAGCAGTG
taipale__GRHL1_DBD_AACCGGWNNNWCCGGTT_repr		peak_509	109	125	+	3.93878	0.00096	1	AACCTATTTAGCCAGAG
taipale__GRHL1_DBD_AACCGGWNNNWCCGGTT_repr		peak_167	348	364	-	3.93878	0.00096	1	AGCTGGCGCAGCGTGTT
cisbp__M5928		peak_330	26	35	-	6.15306	0.000962	1	GAATCGGTTT
taipale__GRHL1_full_NAAACCGGTTTN		peak_579	197	208	+	4.47959	0.000962	0.91	TAAACCGATTAC
taipale__GRHL1_full_NAAACCGGTTTN		peak_415	454	465	+	4.47959	0.000962	0.91	CAATCATGTTTT
taipale__TFCP2_full_NAACCGGTTN		peak_404	159	168	-	6.17347	0.000962	1	CATCCAGTTG
taipale_cyt_meth__TFCP2_AWCCGGWTNNAWCCGGWT_eDBD		peak_42	7	24	-	5.65657	0.000962	1	AACTGGCCCCTGCTGATT
taipale__TFCP2_full_NCCGGNNNNNNCCGGN_repr		peak_329	336	351	-	4.67347	0.000963	1	AGCGGCTCGCACTGAA
taipale__TFCP2_full_NCCGGNNNNNNCCGGN_repr		peak_251	396	411	+	4.67347	0.000963	1	ACTAGTCTGAGCTGCC
taipale_cyt_meth__GRHL1_NAACCGGTTN_eDBD_meth_repr		peak_192	265	274	-	7.20408	0.000963	1	GAACTTGTAT
taipale_cyt_meth__GRHL1_NAACCGGTTN_eDBD_meth_repr		peak_542	299	308	-	7.20408	0.000963	1	AAACAAGTAC
taipale_cyt_meth__GRHL1_NAACCGGTTN_eDBD_meth_repr		peak_113	434	443	+	7.20408	0.000963	1	GAACTTGTAT
taipale__GRHL1_full_NAAACCGGTTTN		peak_364	359	370	+	4.46939	0.000965	0.91	AAAACCAGAAAA
taipale_cyt_meth__GRHL1_NAACCGGTTN_eDBD		peak_177	113	122	-	6.66327	0.000965	1	GTACCGGCTT
taipale_cyt_meth__TFCP2_AWCCGGWTNNAWCCGGWT_eDBD		peak_394	183	200	-	5.64646	0.000966	1	AACATGAAATAAGCGGAA
taipale_cyt_meth__GRHL1_NAACCGGTTN_eDBD_meth_repr		peak_567	31	40	-	7.19388	0.000966	1	CAACTGGTAC
taipale_cyt_meth__GRHL1_NAACCGGTTN_eDBD_meth_repr		peak_414	277	286	-	7.19388	0.000966	1	CAACTGGTAC
taipale__TFCP2_full_NCCGGNNNNNNCCGGN_repr		peak_198	6	21	-	4.66327	0.000966	1	GCCGGTTATCACAGAA
taipale__TFCP2_full_NCCGGNNNNNNCCGGN_repr		peak_552	120	135	-	4.66327	0.000966	1	TCTAGTGTAAACTTAT
taipale__TFCP2_full_NCCGGNNNNNNCCGGN_repr		peak_583	366	381	+	4.66327	0.000966	1	ACCGGTGCTACTCGCT
cisbp__M5928		peak_311	122	131	-	6.14286	0.000967	1	TTGCCGGTTC
cisbp__M5928		peak_438	272	281	-	6.14286	0.000967	1	TAACCAGCTT
cisbp__M5928		peak_361	336	345	+	6.14286	0.000967	1	TAACCAGCTT
cisbp__M5928		peak_379	358	367	-	6.14286	0.000967	1	TCTCCGGATT
taipale__GRHL1_DBD_NAACCGGTTN_repr		peak_406	169	178	+	5.91837	0.000968	1	AAGCTGGTTC
taipale__GRHL1_DBD_NAACCGGTTN_repr		peak_51	335	344	-	5.91837	0.000968	1	GCACCAGTTC
taipale__GRHL1_DBD_AACCGGWNNNWCCGGTT_repr		peak_63	72	88	+	3.91837	0.000968	1	AAGGCGCTCTTCCGCTT
taipale_cyt_meth__GRHL1_NAACCGGTTN_eDBD_meth_repr		peak_244	319	328	+	7.18367	0.000969	1	ATACTTGTTC
taipale_cyt_meth__GRHL1_NAACCGGTTN_eDBD		peak_33	222	231	+	6.65306	0.000969	1	AATCTGGTTG
taipale__GRHL1_full_NAAACCGGTTTN		peak_112	146	157	+	4.45918	0.000969	0.91	AAAACCACTTCT
taipale__GRHL1_full_NAAACCGGTTTN		peak_442	195	206	+	4.45918	0.000969	0.91	CGAACCGGAAAT
cisbp__M5928		peak_404	159	168	+	6.13265	0.000969	1	CAACTGGATG
taipale__TFCP2_full_NCCGGNNNNNNCCGGN_repr		peak_425	128	143	-	4.65306	0.00097	1	TCTGGTAGCGGCCGAC
taipale__TFCP2_full_NCCGGNNNNNNCCGGN_repr		peak_98	280	295	+	4.65306	0.00097	1	ACCGGCAATTACTATT
taipale_cyt_meth__GRHL1_NAACCGGTTN_eDBD_meth_repr		peak_145	160	169	+	7.17347	0.000971	1	TAACCAGTAA
taipale__GRHL1_DBD_AACCGGWNNNWCCGGTT_repr		peak_555	332	348	-	3.90816	0.000971	1	CCCCTGTTTCACCCGCT
taipale__GRHL1_full_NAAACCGGTTTN		peak_89	42	53	-	4.44898	0.000972	0.91	TAAACAGATTTT
taipale__GRHL1_full_NAAACCGGTTTN		peak_105	55	66	-	4.44898	0.000972	0.91	CTAACTTGTTGT
taipale__GRHL1_full_NAAACCGGTTTN		peak_540	137	148	+	4.44898	0.000972	0.91	TAAATAGGTTTT
taipale__GRHL1_full_NAAACCGGTTTN		peak_390	190	201	-	4.44898	0.000972	0.91	TAAAAAGGTTTT
taipale__GRHL1_full_NAAACCGGTTTN		peak_253	219	230	+	4.44898	0.000972	0.91	TAAAAAGGTTTT
taipale__GRHL1_full_NAAACCGGTTTN		peak_381	297	308	-	4.44898	0.000972	0.91	AGAACAAGTAAT
homer__NAAACCGGTTCAAACCGGTT_Tcfcp2l1		peak_373	164	183	+	4.15306	0.000973	1	AAAACTAGCCGCTTGTTGTT
homer__NAAACCGGTTCAAACCGGTT_Tcfcp2l1		peak_380	203	222	+	4.15306	0.000973	1	TCAGCTATTCCACACCAGCT
cisbp__M5928		peak_347	113	122	-	6.12245	0.000973	1	TAGCCAGTTG
taipale__TFCP2_full_NCCGGNNNNNNCCGGN_repr		peak_230	56	71	+	4.64286	0.000974	1	ACCGGAATCCGTTTGA
taipale__TFCP2_full_NCCGGNNNNNNCCGGN_repr		peak_5	129	144	+	4.64286	0.000974	1	CCCAGAACAAACTTGT
taipale__TFCP2_full_NCCGGNNNNNNCCGGN_repr		peak_301	165	180	-	4.64286	0.000974	1	AGCGGAGTGGTCCGGG
taipale__TFCP2_full_NCCGGNNNNNNCCGGN_repr		peak_46	296	311	-	4.64286	0.000974	1	TCTTGTTGTGTCTGGC
taipale_cyt_meth__TFCP2_AWCCGGWTNNAWCCGGWT_eDBD		peak_592	53	70	-	5.62626	0.000975	1	AACTCGCGACAACTTGTT
taipale_cyt_meth__TFCP2_AWCCGGWTNNAWCCGGWT_eDBD		peak_558	99	116	+	5.62626	0.000975	1	GACTGACTGATAGCGGTT
taipale__TFCP2_full_NAACCGGTTN		peak_426	105	114	+	6.14286	0.000975	1	AAACTGCTTA
taipale__TFCP2_full_NAACCGGTTN		peak_347	113	122	+	6.14286	0.000975	1	CAACTGGCTA
taipale__TFCP2_full_NAACCGGTTN		peak_311	122	131	+	6.14286	0.000975	1	GAACCGGCAA
taipale__TFCP2_full_NAACCGGTTN		peak_510	205	214	+	6.14286	0.000975	1	AAACTGCTTA
taipale__GRHL1_DBD_AACCGGWNNNWCCGGTT_repr		peak_559	180	196	-	3.89796	0.000975	1	AACAAATAAAACGAGTT
taipale__GRHL1_full_NAAACCGGTTTN		peak_122	97	108	+	4.43878	0.000975	0.911	GGAACAGGATCG
homer__NAAACCGGTTCAAACCGGTT_Tcfcp2l1		peak_222	197	216	-	4.14286	0.000977	1	GTCACAAGATTTAACTACTT
homer__NAAACCGGTTCAAACCGGTT_Tcfcp2l1		peak_3	347	366	-	4.14286	0.000977	1	TGAGCAAGACGAAACTACGT
cisbp__M5928		peak_157	102	111	-	6.11224	0.000977	1	GTGCTGGTTT
taipale_cyt_meth__GRHL1_NAACCGGTTN_eDBD		peak_415	1	10	+	6.60204	0.000979	1	AAACGCGTTT
taipale_cyt_meth__GRHL1_NAACCGGTTN_eDBD		peak_415	1	10	-	6.60204	0.000979	1	AAACGCGTTT
taipale_cyt_meth__GRHL1_NAACCGGTTN_eDBD		peak_466	300	309	-	6.60204	0.000979	1	AATCAGGTTG
taipale_cyt_meth__GRHL1_NAACCGGTTN_eDBD		peak_4	451	460	+	6.60204	0.000979	1	AAACGCGTTT
taipale_cyt_meth__GRHL1_NAACCGGTTN_eDBD		peak_4	451	460	-	6.60204	0.000979	1	AAACGCGTTT
taipale__TFCP2_full_NAACCGGTTN		peak_475	36	45	-	6.13265	0.00098	1	AACCCAGTTT
taipale__TFCP2_full_NAACCGGTTN		peak_172	345	354	-	6.13265	0.00098	1	AAACAGGTCT
taipale__GRHL1_DBD_NAACCGGTTN_repr		peak_415	399	408	+	5.88776	0.00098	1	AAACAGGTGC
homer__NAAACCGGTTCAAACCGGTT_Tcfcp2l1		peak_470	299	318	-	4.13265	0.00098	1	GCGGCCACAGCTGACTGGTA
taipale_cyt_meth__GRHL1_NAACCGGTTN_eDBD_meth_repr		peak_196	31	40	-	7.16327	0.000982	1	CTACCTGTTA
taipale_cyt_meth__GRHL1_NAACCGGTTN_eDBD_meth_repr		peak_269	50	59	-	7.16327	0.000982	1	TAACAAGTCC
taipale_cyt_meth__GRHL1_NAACCGGTTN_eDBD_meth_repr		peak_226	180	189	-	7.16327	0.000982	1	ATACCTGTAT
taipale_cyt_meth__GRHL1_NAACCGGTTN_eDBD_meth_repr		peak_58	709	718	-	7.16327	0.000982	1	CTACCTGTTA
taipale__TFCP2_full_NAACCGGTTN		peak_157	102	111	+	6.12245	0.000982	1	AAACCAGCAC
taipale__TFCP2_full_NAACCGGTTN		peak_25	231	240	+	6.12245	0.000982	1	GATCTGGCTT
taipale__GRHL1_full_NAAACCGGTTTN		peak_488	5	16	+	4.41837	0.000982	0.914	TGAACACGTTCG
taipale__GRHL1_full_NAAACCGGTTTN		peak_474	333	344	-	4.41837	0.000982	0.914	AATACAAGTTGT
taipale__GRHL1_DBD_AACCGGWNNNWCCGGTT_repr		peak_484	59	75	+	3.87755	0.000982	1	CACATGGACGTCGGGTT
taipale__GRHL1_DBD_AACCGGWNNNWCCGGTT_repr		peak_191	128	144	-	3.87755	0.000982	1	AGGGGGCTTTACAGGAC
taipale__GRHL1_DBD_AACCGGWNNNWCCGGTT_repr		peak_114	247	263	+	3.87755	0.000982	1	AAGGGGTATAACTAGCA
taipale__TFCP2_full_NCCGGNNNNNNCCGGN_repr		peak_141	313	328	+	4.62245	0.000982	1	ACTAGATATATCAGAT
taipale__TFCP2_full_NCCGGNNNNNNCCGGN_repr		peak_121	361	376	-	4.62245	0.000982	1	ACCAGTGTTGCCAGGT
taipale_cyt_meth__TFCP2_AWCCGGWTNNAWCCGGWT_eDBD		peak_108	44	61	-	5.60606	0.000983	1	AAGCGGAGTGTACAGGGT
homer__NAAACCGGTTCAAACCGGTT_Tcfcp2l1		peak_172	281	300	+	4.12245	0.000984	1	TGGGCCAGGGAAGGCAAGAC
cisbp__M5928		peak_348	76	85	-	6.09184	0.000984	1	ATGCCAGTTT
taipale__GRHL1_DBD_NAACCGGTTN_repr		peak_115	1	10	+	5.87755	0.000985	1	TAACCAGCTC
taipale__TFCP2_full_NAACCGGTTN		peak_476	87	96	+	6.11224	0.000986	1	CAACTAGTTG
taipale__TFCP2_full_NAACCGGTTN		peak_476	87	96	-	6.11224	0.000986	1	CAACTAGTTG
taipale__GRHL1_DBD_AACCGGWNNNWCCGGTT_repr		peak_403	13	29	+	3.86735	0.000986	1	TACTGGAGATTTCGGTT
taipale__GRHL1_DBD_AACCGGWNNNWCCGGTT_repr		peak_496	170	186	-	3.86735	0.000986	1	TGGCGGACTGACTTGTC
taipale__GRHL1_DBD_AACCGGWNNNWCCGGTT_repr		peak_170	273	289	+	3.86735	0.000986	1	ATCCTAAATATCAGGAT
elemento__AACCGGTT		peak_99	2	9	+	-3.02041	0.000986	1	ATCCGGGT
elemento__AACCGGTT		peak_483	6	13	+	-3.02041	0.000986	1	GTCCGGTT
elemento__AACCGGTT		peak_87	7	14	+	-3.02041	0.000986	1	ACCCGGTA
elemento__AACCGGTT		peak_490	9	16	+	-3.02041	0.000986	1	AACCGGAA
elemento__AACCGGTT		peak_347	9	16	+	-3.02041	0.000986	1	CACCGGTA
elemento__AACCGGTT		peak_99	2	9	-	-3.02041	0.000986	1	ACCCGGAT
elemento__AACCGGTT		peak_304	11	18	+	-3.02041	0.000986	1	AGCCGGCT
elemento__AACCGGTT		peak_483	6	13	-	-3.02041	0.000986	1	AACCGGAC
elemento__AACCGGTT		peak_416	13	20	+	-3.02041	0.000986	1	AACCGGAG
elemento__AACCGGTT		peak_87	7	14	-	-3.02041	0.000986	1	TACCGGGT
elemento__AACCGGTT		peak_366	15	22	+	-3.02041	0.000986	1	ACCCGGTG
elemento__AACCGGTT		peak_198	15	22	+	-3.02041	0.000986	1	AACCGGCG
elemento__AACCGGTT		peak_490	9	16	-	-3.02041	0.000986	1	TTCCGGTT
elemento__AACCGGTT		peak_347	9	16	-	-3.02041	0.000986	1	TACCGGTG
elemento__AACCGGTT		peak_304	11	18	-	-3.02041	0.000986	1	AGCCGGCT
elemento__AACCGGTT		peak_416	13	20	-	-3.02041	0.000986	1	CTCCGGTT
elemento__AACCGGTT		peak_191	20	27	+	-3.02041	0.000986	1	AGCCGGGT
elemento__AACCGGTT		peak_366	15	22	-	-3.02041	0.000986	1	CACCGGGT
elemento__AACCGGTT		peak_198	15	22	-	-3.02041	0.000986	1	CGCCGGTT
elemento__AACCGGTT		peak_191	20	27	-	-3.02041	0.000986	1	ACCCGGCT
elemento__AACCGGTT		peak_468	45	52	+	-3.02041	0.000986	1	TGCCGGTT
elemento__AACCGGTT		peak_468	45	52	-	-3.02041	0.000986	1	AACCGGCA
elemento__AACCGGTT		peak_265	53	60	+	-3.02041	0.000986	1	CACCGGCT
elemento__AACCGGTT		peak_230	55	62	+	-3.02041	0.000986	1	AACCGGAA
elemento__AACCGGTT		peak_547	58	65	+	-3.02041	0.000986	1	AGCCGGGT
elemento__AACCGGTT		peak_265	53	60	-	-3.02041	0.000986	1	AGCCGGTG
elemento__AACCGGTT		peak_230	55	62	-	-3.02041	0.000986	1	TTCCGGTT
elemento__AACCGGTT		peak_547	58	65	-	-3.02041	0.000986	1	ACCCGGCT
elemento__AACCGGTT		peak_223	66	73	+	-3.02041	0.000986	1	AGCCGGGT
elemento__AACCGGTT		peak_60	68	75	+	-3.02041	0.000986	1	AGCCGGTG
elemento__AACCGGTT		peak_497	72	79	+	-3.02041	0.000986	1	CACCGGCT
elemento__AACCGGTT		peak_223	66	73	-	-3.02041	0.000986	1	ACCCGGCT
elemento__AACCGGTT		peak_60	68	75	-	-3.02041	0.000986	1	CACCGGCT
elemento__AACCGGTT		peak_279	77	84	+	-3.02041	0.000986	1	AGCCGGCT
elemento__AACCGGTT		peak_164	78	85	+	-3.02041	0.000986	1	CGCCGGTT
elemento__AACCGGTT		peak_497	72	79	-	-3.02041	0.000986	1	AGCCGGTG
elemento__AACCGGTT		peak_260	84	91	+	-3.02041	0.000986	1	AACCGGAA
elemento__AACCGGTT		peak_279	77	84	-	-3.02041	0.000986	1	AGCCGGCT
elemento__AACCGGTT		peak_288	85	92	+	-3.02041	0.000986	1	AACCGGCA
elemento__AACCGGTT		peak_164	78	85	-	-3.02041	0.000986	1	AACCGGCG
elemento__AACCGGTT		peak_260	84	91	-	-3.02041	0.000986	1	TTCCGGTT
elemento__AACCGGTT		peak_288	85	92	-	-3.02041	0.000986	1	TGCCGGTT
elemento__AACCGGTT		peak_121	107	114	+	-3.02041	0.000986	1	GTCCGGTT
elemento__AACCGGTT		peak_121	107	114	-	-3.02041	0.000986	1	AACCGGAC
elemento__AACCGGTT		peak_177	114	121	+	-3.02041	0.000986	1	AGCCGGTA
elemento__AACCGGTT		peak_229	116	123	+	-3.02041	0.000986	1	TACCGGAT
elemento__AACCGGTT		peak_177	114	121	-	-3.02041	0.000986	1	TACCGGCT
elemento__AACCGGTT		peak_165	121	128	+	-3.02041	0.000986	1	CGCCGGTT
elemento__AACCGGTT		peak_229	116	123	-	-3.02041	0.000986	1	ATCCGGTA
elemento__AACCGGTT		peak_311	123	130	+	-3.02041	0.000986	1	AACCGGCA
elemento__AACCGGTT		peak_474	128	135	+	-3.02041	0.000986	1	AACCGGAA
elemento__AACCGGTT		peak_165	121	128	-	-3.02041	0.000986	1	AACCGGCG
elemento__AACCGGTT		peak_311	123	130	-	-3.02041	0.000986	1	TGCCGGTT
elemento__AACCGGTT		peak_474	128	135	-	-3.02041	0.000986	1	TTCCGGTT
elemento__AACCGGTT		peak_388	153	160	+	-3.02041	0.000986	1	TTCCGGTT
elemento__AACCGGTT		peak_388	153	160	-	-3.02041	0.000986	1	AACCGGAA
elemento__AACCGGTT		peak_455	168	175	+	-3.02041	0.000986	1	TTCCGGTT
elemento__AACCGGTT		peak_332	169	176	+	-3.02041	0.000986	1	TTCCGGTT
elemento__AACCGGTT		peak_558	172	179	+	-3.02041	0.000986	1	TTCCGGTT
elemento__AACCGGTT		peak_455	168	175	-	-3.02041	0.000986	1	AACCGGAA
elemento__AACCGGTT		peak_332	169	176	-	-3.02041	0.000986	1	AACCGGAA
elemento__AACCGGTT		peak_558	172	179	-	-3.02041	0.000986	1	AACCGGAA
elemento__AACCGGTT		peak_198	190	197	+	-3.02041	0.000986	1	TTCCGGTT
elemento__AACCGGTT		peak_442	197	204	+	-3.02041	0.000986	1	AACCGGAA
elemento__AACCGGTT		peak_198	190	197	-	-3.02041	0.000986	1	AACCGGAA
elemento__AACCGGTT		peak_326	201	208	+	-3.02041	0.000986	1	TACCGGTG
elemento__AACCGGTT		peak_442	197	204	-	-3.02041	0.000986	1	TTCCGGTT
elemento__AACCGGTT		peak_326	201	208	-	-3.02041	0.000986	1	CACCGGTA
elemento__AACCGGTT		peak_76	208	215	+	-3.02041	0.000986	1	GACCGGAT
elemento__AACCGGTT		peak_76	208	215	-	-3.02041	0.000986	1	ATCCGGTC
elemento__AACCGGTT		peak_546	220	227	+	-3.02041	0.000986	1	GCCCGGTT
elemento__AACCGGTT		peak_168	222	229	+	-3.02041	0.000986	1	AACCGGGG
elemento__AACCGGTT		peak_273	224	231	+	-3.02041	0.000986	1	TCCCGGTT
elemento__AACCGGTT		peak_530	224	231	+	-3.02041	0.000986	1	TACCGGTG
elemento__AACCGGTT		peak_546	220	227	-	-3.02041	0.000986	1	AACCGGGC
elemento__AACCGGTT		peak_168	222	229	-	-3.02041	0.000986	1	CCCCGGTT
elemento__AACCGGTT		peak_273	224	231	-	-3.02041	0.000986	1	AACCGGGA
elemento__AACCGGTT		peak_268	231	238	+	-3.02041	0.000986	1	AACCGGAA
elemento__AACCGGTT		peak_530	224	231	-	-3.02041	0.000986	1	CACCGGTA
elemento__AACCGGTT		peak_268	231	238	-	-3.02041	0.000986	1	TTCCGGTT
elemento__AACCGGTT		peak_276	246	253	+	-3.02041	0.000986	1	TTCCGGTT
elemento__AACCGGTT		peak_276	246	253	-	-3.02041	0.000986	1	AACCGGAA
elemento__AACCGGTT		peak_139	258	265	+	-3.02041	0.000986	1	GTCCGGTT
elemento__AACCGGTT		peak_139	258	265	-	-3.02041	0.000986	1	AACCGGAC
elemento__AACCGGTT		peak_536	267	274	+	-3.02041	0.000986	1	AACCGGAA
elemento__AACCGGTT		peak_536	267	274	-	-3.02041	0.000986	1	TTCCGGTT
elemento__AACCGGTT		peak_584	293	300	+	-3.02041	0.000986	1	TACCGGTG
elemento__AACCGGTT		peak_95	296	303	+	-3.02041	0.000986	1	TGCCGGTT
elemento__AACCGGTT		peak_584	293	300	-	-3.02041	0.000986	1	CACCGGTA
elemento__AACCGGTT		peak_260	301	308	+	-3.02041	0.000986	1	TACCGGGT
elemento__AACCGGTT		peak_95	296	303	-	-3.02041	0.000986	1	AACCGGCA
elemento__AACCGGTT		peak_260	301	308	-	-3.02041	0.000986	1	ACCCGGTA
elemento__AACCGGTT		peak_222	318	325	+	-3.02041	0.000986	1	CTCCGGTT
elemento__AACCGGTT		peak_573	324	331	+	-3.02041	0.000986	1	CGCCGGTT
elemento__AACCGGTT		peak_222	318	325	-	-3.02041	0.000986	1	AACCGGAG
elemento__AACCGGTT		peak_573	324	331	-	-3.02041	0.000986	1	AACCGGCG
elemento__AACCGGTT		peak_487	334	341	+	-3.02041	0.000986	1	CACCGGCT
elemento__AACCGGTT		peak_487	334	341	-	-3.02041	0.000986	1	AGCCGGTG
elemento__AACCGGTT		peak_185	355	362	+	-3.02041	0.000986	1	CACCGGCT
elemento__AACCGGTT		peak_185	355	362	-	-3.02041	0.000986	1	AGCCGGTG
elemento__AACCGGTT		peak_310	371	378	+	-3.02041	0.000986	1	AACCGGAA
elemento__AACCGGTT		peak_310	371	378	-	-3.02041	0.000986	1	TTCCGGTT
elemento__AACCGGTT		peak_366	407	414	+	-3.02041	0.000986	1	GACCGGCT
elemento__AACCGGTT		peak_366	407	414	-	-3.02041	0.000986	1	AGCCGGTC
elemento__AACCGGTT		peak_605	429	436	+	-3.02041	0.000986	1	AGCCGGTC
elemento__AACCGGTT		peak_605	429	436	-	-3.02041	0.000986	1	GACCGGCT
elemento__AACCGGTT		peak_561	496	503	+	-3.02041	0.000986	1	GACCGGTC
elemento__AACCGGTT		peak_561	496	503	-	-3.02041	0.000986	1	GACCGGTC
elemento__AACCGGTT		peak_125	570	577	+	-3.02041	0.000986	1	GACCGGTG
elemento__AACCGGTT		peak_125	570	577	-	-3.02041	0.000986	1	CACCGGTC
elemento__AACCGGTT		peak_404	596	603	+	-3.02041	0.000986	1	ATCCGGTA
elemento__AACCGGTT		peak_404	596	603	-	-3.02041	0.000986	1	TACCGGAT
elemento__AACCGGTT		peak_285	702	709	+	-3.02041	0.000986	1	CGCCGGTT
elemento__AACCGGTT		peak_285	702	709	-	-3.02041	0.000986	1	AACCGGCG
elemento__AACCGGTT		peak_554	1128	1135	+	-3.02041	0.000986	1	CACCGGCT
elemento__AACCGGTT		peak_554	1128	1135	-	-3.02041	0.000986	1	AGCCGGTG
taipale_cyt_meth__GRHL1_NAACCGGTTN_eDBD_meth_repr		peak_117	34	43	-	7.15306	0.000987	1	TAACGGGTAC
taipale_cyt_meth__GRHL1_NAACCGGTTN_eDBD_meth_repr		peak_538	60	69	-	7.15306	0.000987	1	TAACGGGTAC
taipale_cyt_meth__GRHL1_NAACCGGTTN_eDBD_meth_repr		peak_226	180	189	+	7.15306	0.000987	1	ATACAGGTAT
taipale_cyt_meth__GRHL1_NAACCGGTTN_eDBD_meth_repr		peak_62	390	399	-	7.15306	0.000987	1	TATCAGGTTC
taipale_cyt_meth__GRHL1_NAACCGGTTN_eDBD		peak_516	1	10	-	6.58163	0.000988	1	CACCCGGTTT
taipale_cyt_meth__GRHL1_NAACCGGTTN_eDBD		peak_105	56	65	-	6.58163	0.000988	1	TAACTTGTTG
taipale_cyt_meth__GRHL1_NAACCGGTTN_eDBD		peak_599	209	218	-	6.58163	0.000988	1	TAACTTGTTG
taipale_cyt_meth__GRHL1_NAACCGGTTN_eDBD		peak_354	295	304	-	6.58163	0.000988	1	AAACTTGTAT
taipale_cyt_meth__GRHL1_NAACCGGTTN_eDBD		peak_429	315	324	+	6.58163	0.000988	1	AAACTTGTAT
taipale_cyt_meth__GRHL1_NAACCGGTTN_eDBD		peak_18	343	352	-	6.58163	0.000988	1	TAACTTGTTG
taipale__GRHL1_full_NAAACCGGTTTN		peak_305	224	235	-	4.39796	0.000989	0.915	TAAACCACTTTA
taipale__GRHL1_full_NAAACCGGTTTN		peak_62	389	400	+	4.39796	0.000989	0.915	TGAACCTGATAT
taipale__GRHL1_DBD_AACCGGWNNNWCCGGTT_repr		peak_611	263	279	+	3.85714	0.00099	1	GCGCAGTGTGGCCAGTT
taipale__TFCP2_full_NCCGGNNNNNNCCGGN_repr		peak_143	1	16	+	4.60204	0.00099	1	ACCAGCATGAAACACT
taipale_cyt_meth__GRHL1_NAACCGGTTN_eDBD		peak_237	26	35	-	6.57143	0.000991	1	AAACTGGATG
taipale_cyt_meth__GRHL1_NAACCGGTTN_eDBD		peak_592	52	61	-	6.57143	0.000991	1	CAACTTGTTA
taipale__GRHL1_DBD_NAACCGGTTN_repr		peak_434	48	57	-	5.86735	0.000991	1	TGACCAGTCC
taipale__GRHL1_DBD_NAACCGGTTN_repr		peak_184	289	298	+	5.86735	0.000991	1	AAACAAGATT
taipale__GRHL1_DBD_NAACCGGTTN_repr		peak_62	610	619	-	5.86735	0.000991	1	CCACCAGTTT
taipale_cyt_meth__TFCP2_AWCCGGWTNNAWCCGGWT_eDBD		peak_88	694	711	+	5.58586	0.000992	1	AACCGGCTTTTTCGTGCA
cisbp__M5928		peak_347	8	17	+	6.07143	0.000992	1	TCACCGGTAT
cisbp__M5928		peak_476	87	96	+	6.07143	0.000992	1	CAACTAGTTG
cisbp__M5928		peak_476	87	96	-	6.07143	0.000992	1	CAACTAGTTG
cisbp__M5928		peak_350	169	178	-	6.07143	0.000992	1	CATGCGGTTT
taipale_cyt_meth__GRHL1_NAACCGGTTN_eDBD		peak_605	428	437	-	6.56122	0.000993	1	CGACCGGCTT
taipale__GRHL1_DBD_AACCGGWNNNWCCGGTT_repr		peak_561	445	461	+	3.84694	0.000993	1	GGCGGGCTCGTCTAGTC
taipale__GRHL1_DBD_AACCGGWNNNWCCGGTT_repr		peak_466	544	560	-	3.84694	0.000993	1	TTGTTGTTTTACCTGTG
taipale__TFCP2_full_NAACCGGTTN		peak_25	231	240	-	6.10204	0.000994	1	AAGCCAGATC
taipale__GRHL1_full_NAAACCGGTTTN		peak_523	83	94	+	4.38776	0.000994	0.915	AAAACAGATTAT
taipale__GRHL1_full_NAAACCGGTTTN		peak_266	88	99	-	4.38776	0.000994	0.915	TTTACAGGTTAA
taipale__GRHL1_full_NAAACCGGTTTN		peak_446	248	259	+	4.38776	0.000994	0.915	AATACCCGTCTA
taipale__TFCP2_full_NCCGGNNNNNNCCGGN_repr		peak_352	121	136	+	4.59184	0.000994	1	AATGGTGTAAGCTGGT
taipale__TFCP2_full_NCCGGNNNNNNCCGGN_repr		peak_502	163	178	+	4.59184	0.000994	1	ACTGCATTTAACTAGA
taipale_cyt_meth__GRHL1_NAACCGGTTN_eDBD_meth_repr		peak_145	160	169	-	7.14286	0.000995	1	TTACTGGTTA
taipale_cyt_meth__GRHL1_NAACCGGTTN_eDBD_meth_repr		peak_391	295	304	+	7.14286	0.000995	1	CAACCTGTAA
taipale_cyt_meth__GRHL1_NAACCGGTTN_eDBD_meth_repr		peak_584	292	301	-	7.14286	0.000995	1	ACACCGGTAT
taipale_cyt_meth__GRHL1_NAACCGGTTN_eDBD_meth_repr		peak_561	663	672	-	7.14286	0.000995	1	TAACAGGATC
cisbp__M5928		peak_67	343	352	-	6.06122	0.000995	1	TGAGCGGTTT
taipale_cyt_meth__TFCP2_AWCCGGWTNNAWCCGGWT_eDBD		peak_235	91	108	-	5.57576	0.000996	1	AACTCCAAACAACCTGTT
taipale__TFCP2_full_NAACCGGTTN		peak_337	18	27	+	6.09184	0.000996	1	GAACTAGCTC
taipale__TFCP2_full_NAACCGGTTN		peak_348	76	85	+	6.09184	0.000996	1	AAACTGGCAT
taipale__GRHL1_full_NAAACCGGTTTN		peak_18	342	353	-	4.37755	0.000997	0.916	ATAACTTGTTGC
taipale__GRHL1_DBD_AACCGGWNNNWCCGGTT_repr		peak_161	180	196	-	3.83673	0.000997	1	GAGCTGTACGTCTGGAA
taipale_cyt_meth__GRHL1_NAACCGGTTN_eDBD		peak_237	26	35	+	6.55102	0.000997	1	CATCCAGTTT
homer__NAAACCGGTTCAAACCGGTT_Tcfcp2l1		peak_222	195	214	+	4.08163	0.000998	1	TTAAGTAGTTAAATCTTGTG
cisbp__M5928		peak_594	72	81	-	6.05102	0.000999	1	TAACCAGTGT
cisbp__M5928		peak_369	362	371	+	6.05102	0.000999	1	TAACCTGTTG
cisbp__M5928		peak_195	367	376	+	6.05102	0.000999	1	TAACCAGTGT
cisbp__M5928		peak_166	504	513	+	6.05102	0.000999	1	TAACCTGTTG
cisbp__M5928		peak_404	595	604	-	6.05102	0.000999	1	CTACCGGATC

# FIMO (Find Individual Motif Occurrences): Version 5.5.9 compiled on May 27 2026 at 12:34:00
# The format of this file is described at https://meme-suite.org/meme/doc/fimo-output-format.html#tsv_results.
# fimo --verbosity 1 --thresh 1e-3 --oc data/motif2_grh_confounds/fimo_grh data/motif2_grh_confounds/grh_matrices.meme data/chapter3/Trh_Tgo_joint_peaks_filt_raw.fa
