motif_ID	motif_ALT_ID	motif_P-value	seq_ID	seq_Score	seq_Class	is_holdout?
1-TRCACTGARARAAAWDD	STREME-1	9.5e-009	peak_283	22.11	tp	0
1-TRCACTGARARAAAWDD	STREME-1	9.5e-009	peak_534	22.03	tp	0
1-TRCACTGARARAAAWDD	STREME-1	9.5e-009	peak_25	21.89	tp	1
1-TRCACTGARARAAAWDD	STREME-1	9.5e-009	peak_329	21.84	tp	0
1-TRCACTGARARAAAWDD	STREME-1	9.5e-009	peak_416	21.66	tp	1
1-TRCACTGARARAAAWDD	STREME-1	9.5e-009	peak_179	21.62	tp	0
1-TRCACTGARARAAAWDD	STREME-1	9.5e-009	peak_847	21.62	tp	0
1-TRCACTGARARAAAWDD	STREME-1	9.5e-009	peak_248	21.47	tp	0
1-TRCACTGARARAAAWDD	STREME-1	9.5e-009	peak_249	21.47	tp	0
1-TRCACTGARARAAAWDD	STREME-1	9.5e-009	peak_401	21.25	tp	1
1-TRCACTGARARAAAWDD	STREME-1	9.5e-009	peak_223	20.98	tp	0
1-TRCACTGARARAAAWDD	STREME-1	9.5e-009	peak_857	20.96	tp	1
1-TRCACTGARARAAAWDD	STREME-1	9.5e-009	peak_44	20.94	tp	0
1-TRCACTGARARAAAWDD	STREME-1	9.5e-009	peak_686	20.93	tp	0
1-TRCACTGARARAAAWDD	STREME-1	9.5e-009	peak_730	20.80	tp	0
1-TRCACTGARARAAAWDD	STREME-1	9.5e-009	peak_321	20.79	tp	0
1-TRCACTGARARAAAWDD	STREME-1	9.5e-009	peak_5	20.72	tp	0
1-TRCACTGARARAAAWDD	STREME-1	9.5e-009	peak_619	20.49	tp	1
1-TRCACTGARARAAAWDD	STREME-1	9.5e-009	peak_303	20.46	tp	0
1-TRCACTGARARAAAWDD	STREME-1	9.5e-009	peak_836	20.32	tp	0
1-TRCACTGARARAAAWDD	STREME-1	9.5e-009	peak_269	20.31	tp	1
1-TRCACTGARARAAAWDD	STREME-1	9.5e-009	peak_747	20.27	tp	0
1-TRCACTGARARAAAWDD	STREME-1	9.5e-009	peak_463	20.16	tp	0
1-TRCACTGARARAAAWDD	STREME-1	9.5e-009	peak_734	20.16	tp	0
1-TRCACTGARARAAAWDD	STREME-1	9.5e-009	peak_90	20.14	tp	0
1-TRCACTGARARAAAWDD	STREME-1	9.5e-009	peak_427	20.07	tp	0
1-TRCACTGARARAAAWDD	STREME-1	9.5e-009	peak_664	20.07	tp	1
1-TRCACTGARARAAAWDD	STREME-1	9.5e-009	peak_51	20.07	tp	0
1-TRCACTGARARAAAWDD	STREME-1	9.5e-009	peak_294	20.06	tp	0
1-TRCACTGARARAAAWDD	STREME-1	9.5e-009	peak_328	20.04	tp	0
1-TRCACTGARARAAAWDD	STREME-1	9.5e-009	peak_582	19.96	tp	0
1-TRCACTGARARAAAWDD	STREME-1	9.5e-009	peak_526	19.93	tp	0
1-TRCACTGARARAAAWDD	STREME-1	9.5e-009	peak_792	19.92	tp	0
1-TRCACTGARARAAAWDD	STREME-1	9.5e-009	peak_774	19.89	tp	1
1-TRCACTGARARAAAWDD	STREME-1	9.5e-009	peak_81	19.86	tp	0
1-TRCACTGARARAAAWDD	STREME-1	9.5e-009	peak_225	19.82	tp	1
1-TRCACTGARARAAAWDD	STREME-1	9.5e-009	peak_12	19.79	tp	0
1-TRCACTGARARAAAWDD	STREME-1	9.5e-009	peak_388	19.79	fp	0
1-TRCACTGARARAAAWDD	STREME-1	9.5e-009	peak_649	19.77	tp	0
1-TRCACTGARARAAAWDD	STREME-1	9.5e-009	peak_7	19.71	tp	0
1-TRCACTGARARAAAWDD	STREME-1	9.5e-009	peak_617	19.59	tp	0
1-TRCACTGARARAAAWDD	STREME-1	9.5e-009	peak_782	19.51	tp	0
1-TRCACTGARARAAAWDD	STREME-1	9.5e-009	peak_473	19.51	tp	0
1-TRCACTGARARAAAWDD	STREME-1	9.5e-009	peak_663	19.49	tp	0
1-TRCACTGARARAAAWDD	STREME-1	9.5e-009	peak_641	19.46	tp	0
1-TRCACTGARARAAAWDD	STREME-1	9.5e-009	peak_550	19.37	tp	0
1-TRCACTGARARAAAWDD	STREME-1	9.5e-009	peak_388	19.37	tp	0
1-TRCACTGARARAAAWDD	STREME-1	9.5e-009	peak_618	19.34	tp	0
1-TRCACTGARARAAAWDD	STREME-1	9.5e-009	peak_646	19.23	tp	0
1-TRCACTGARARAAAWDD	STREME-1	9.5e-009	peak_630	19.22	tp	0
1-TRCACTGARARAAAWDD	STREME-1	9.5e-009	peak_687	19.17	tp	1
1-TRCACTGARARAAAWDD	STREME-1	9.5e-009	peak_177	19.11	tp	0
1-TRCACTGARARAAAWDD	STREME-1	9.5e-009	peak_439	19.04	tp	1
1-TRCACTGARARAAAWDD	STREME-1	9.5e-009	peak_544	19.01	tp	0
1-TRCACTGARARAAAWDD	STREME-1	9.5e-009	peak_644	18.95	tp	1
1-TRCACTGARARAAAWDD	STREME-1	9.5e-009	peak_332	18.90	tp	1
1-TRCACTGARARAAAWDD	STREME-1	9.5e-009	peak_276	18.87	tp	0
1-TRCACTGARARAAAWDD	STREME-1	9.5e-009	peak_766	18.83	tp	0
1-TRCACTGARARAAAWDD	STREME-1	9.5e-009	peak_496	18.73	tp	0
1-TRCACTGARARAAAWDD	STREME-1	9.5e-009	peak_311	18.72	tp	0
1-TRCACTGARARAAAWDD	STREME-1	9.5e-009	peak_589	18.70	tp	0
1-TRCACTGARARAAAWDD	STREME-1	9.5e-009	peak_705	18.65	tp	0
1-TRCACTGARARAAAWDD	STREME-1	9.5e-009	peak_348	18.58	tp	0
1-TRCACTGARARAAAWDD	STREME-1	9.5e-009	peak_793	18.56	tp	0
1-TRCACTGARARAAAWDD	STREME-1	9.5e-009	peak_767	18.48	tp	0
1-TRCACTGARARAAAWDD	STREME-1	9.5e-009	peak_204	18.48	tp	1
1-TRCACTGARARAAAWDD	STREME-1	9.5e-009	peak_335	18.46	tp	0
1-TRCACTGARARAAAWDD	STREME-1	9.5e-009	peak_195	18.44	tp	0
1-TRCACTGARARAAAWDD	STREME-1	9.5e-009	peak_226	18.44	tp	0
1-TRCACTGARARAAAWDD	STREME-1	9.5e-009	peak_33	18.41	tp	0
1-TRCACTGARARAAAWDD	STREME-1	9.5e-009	peak_690	18.40	tp	0
1-TRCACTGARARAAAWDD	STREME-1	9.5e-009	peak_165	18.39	tp	0
1-TRCACTGARARAAAWDD	STREME-1	9.5e-009	peak_716	18.39	tp	0
1-TRCACTGARARAAAWDD	STREME-1	9.5e-009	peak_704	18.37	tp	0
1-TRCACTGARARAAAWDD	STREME-1	9.5e-009	peak_67	18.37	tp	0
1-TRCACTGARARAAAWDD	STREME-1	9.5e-009	peak_228	18.32	tp	1
1-TRCACTGARARAAAWDD	STREME-1	9.5e-009	peak_400	18.32	tp	0
1-TRCACTGARARAAAWDD	STREME-1	9.5e-009	peak_103	18.22	tp	0
1-TRCACTGARARAAAWDD	STREME-1	9.5e-009	peak_673	18.17	tp	0
1-TRCACTGARARAAAWDD	STREME-1	9.5e-009	peak_407	18.10	tp	0
1-TRCACTGARARAAAWDD	STREME-1	9.5e-009	peak_74	18.10	tp	0
1-TRCACTGARARAAAWDD	STREME-1	9.5e-009	peak_365	18.07	tp	0
1-TRCACTGARARAAAWDD	STREME-1	9.5e-009	peak_435	18.02	tp	0
1-TRCACTGARARAAAWDD	STREME-1	9.5e-009	peak_305	17.97	tp	0
1-TRCACTGARARAAAWDD	STREME-1	9.5e-009	peak_108	17.94	tp	0
1-TRCACTGARARAAAWDD	STREME-1	9.5e-009	peak_623	17.92	tp	0
1-TRCACTGARARAAAWDD	STREME-1	9.5e-009	peak_26	17.90	tp	0
1-TRCACTGARARAAAWDD	STREME-1	9.5e-009	peak_810	17.89	tp	0
1-TRCACTGARARAAAWDD	STREME-1	9.5e-009	peak_636	17.88	tp	0
1-TRCACTGARARAAAWDD	STREME-1	9.5e-009	peak_346	17.86	tp	0
1-TRCACTGARARAAAWDD	STREME-1	9.5e-009	peak_520	17.83	tp	0
1-TRCACTGARARAAAWDD	STREME-1	9.5e-009	peak_258	17.80	tp	0
1-TRCACTGARARAAAWDD	STREME-1	9.5e-009	peak_794	17.80	tp	0
1-TRCACTGARARAAAWDD	STREME-1	9.5e-009	peak_728	17.74	tp	0
1-TRCACTGARARAAAWDD	STREME-1	9.5e-009	peak_777	17.71	tp	0
1-TRCACTGARARAAAWDD	STREME-1	9.5e-009	peak_370	17.68	tp	0
1-TRCACTGARARAAAWDD	STREME-1	9.5e-009	peak_60	17.65	tp	1
1-TRCACTGARARAAAWDD	STREME-1	9.5e-009	peak_503	17.64	tp	0
1-TRCACTGARARAAAWDD	STREME-1	9.5e-009	peak_753	17.64	tp	0
1-TRCACTGARARAAAWDD	STREME-1	9.5e-009	peak_352	17.63	tp	0
1-TRCACTGARARAAAWDD	STREME-1	9.5e-009	peak_22	17.59	tp	0
1-TRCACTGARARAAAWDD	STREME-1	9.5e-009	peak_403	17.55	tp	0
1-TRCACTGARARAAAWDD	STREME-1	9.5e-009	peak_554	17.55	tp	0
1-TRCACTGARARAAAWDD	STREME-1	9.5e-009	peak_324	17.52	tp	0
1-TRCACTGARARAAAWDD	STREME-1	9.5e-009	peak_36	17.50	tp	0
1-TRCACTGARARAAAWDD	STREME-1	9.5e-009	peak_187	17.46	tp	0
1-TRCACTGARARAAAWDD	STREME-1	9.5e-009	peak_855	17.45	tp	0
1-TRCACTGARARAAAWDD	STREME-1	9.5e-009	peak_145	17.42	tp	0
1-TRCACTGARARAAAWDD	STREME-1	9.5e-009	peak_280	17.41	tp	0
1-TRCACTGARARAAAWDD	STREME-1	9.5e-009	peak_118	17.40	tp	0
1-TRCACTGARARAAAWDD	STREME-1	9.5e-009	peak_235	17.39	tp	0
1-TRCACTGARARAAAWDD	STREME-1	9.5e-009	peak_354	17.36	tp	0
1-TRCACTGARARAAAWDD	STREME-1	9.5e-009	peak_234	17.32	tp	0
1-TRCACTGARARAAAWDD	STREME-1	9.5e-009	peak_263	17.24	tp	0
1-TRCACTGARARAAAWDD	STREME-1	9.5e-009	peak_818	17.23	tp	0
1-TRCACTGARARAAAWDD	STREME-1	9.5e-009	peak_314	17.21	tp	0
1-TRCACTGARARAAAWDD	STREME-1	9.5e-009	peak_15	17.17	tp	0
1-TRCACTGARARAAAWDD	STREME-1	9.5e-009	peak_31	17.03	tp	0
1-TRCACTGARARAAAWDD	STREME-1	9.5e-009	peak_724	17.02	tp	1
1-TRCACTGARARAAAWDD	STREME-1	9.5e-009	peak_430	16.97	tp	0
1-TRCACTGARARAAAWDD	STREME-1	9.5e-009	peak_216	16.97	tp	0
1-TRCACTGARARAAAWDD	STREME-1	9.5e-009	peak_611	16.97	tp	1
1-TRCACTGARARAAAWDD	STREME-1	9.5e-009	peak_529	16.94	tp	0
1-TRCACTGARARAAAWDD	STREME-1	9.5e-009	peak_266	16.93	tp	0
1-TRCACTGARARAAAWDD	STREME-1	9.5e-009	peak_500	16.93	tp	0
1-TRCACTGARARAAAWDD	STREME-1	9.5e-009	peak_744	16.89	tp	0
1-TRCACTGARARAAAWDD	STREME-1	9.5e-009	peak_645	16.87	tp	1
1-TRCACTGARARAAAWDD	STREME-1	9.5e-009	peak_523	16.69	tp	0
1-TRCACTGARARAAAWDD	STREME-1	9.5e-009	peak_536	16.68	tp	0
1-TRCACTGARARAAAWDD	STREME-1	9.5e-009	peak_408	16.57	tp	0
1-TRCACTGARARAAAWDD	STREME-1	9.5e-009	peak_865	16.56	tp	0
1-TRCACTGARARAAAWDD	STREME-1	9.5e-009	peak_820	16.55	tp	0
1-TRCACTGARARAAAWDD	STREME-1	9.5e-009	peak_658	16.55	tp	0
1-TRCACTGARARAAAWDD	STREME-1	9.5e-009	peak_382	16.50	tp	0
1-TRCACTGARARAAAWDD	STREME-1	9.5e-009	peak_535	16.48	tp	0
1-TRCACTGARARAAAWDD	STREME-1	9.5e-009	peak_806	16.47	tp	0
1-TRCACTGARARAAAWDD	STREME-1	9.5e-009	peak_240	16.46	tp	0
1-TRCACTGARARAAAWDD	STREME-1	9.5e-009	peak_399	16.45	tp	0
1-TRCACTGARARAAAWDD	STREME-1	9.5e-009	peak_111	16.44	tp	0
1-TRCACTGARARAAAWDD	STREME-1	9.5e-009	peak_497	16.42	tp	0
1-TRCACTGARARAAAWDD	STREME-1	9.5e-009	peak_397	16.38	tp	0
1-TRCACTGARARAAAWDD	STREME-1	9.5e-009	peak_737	16.38	tp	0
1-TRCACTGARARAAAWDD	STREME-1	9.5e-009	peak_200	16.33	tp	0
1-TRCACTGARARAAAWDD	STREME-1	9.5e-009	peak_270	16.33	tp	0
1-TRCACTGARARAAAWDD	STREME-1	9.5e-009	peak_604	16.33	tp	0
1-TRCACTGARARAAAWDD	STREME-1	9.5e-009	peak_420	16.32	tp	0
1-TRCACTGARARAAAWDD	STREME-1	9.5e-009	peak_546	16.31	tp	1
1-TRCACTGARARAAAWDD	STREME-1	9.5e-009	peak_723	16.30	tp	0
1-TRCACTGARARAAAWDD	STREME-1	9.5e-009	peak_803	16.29	tp	0
1-TRCACTGARARAAAWDD	STREME-1	9.5e-009	peak_366	16.25	tp	0
1-TRCACTGARARAAAWDD	STREME-1	9.5e-009	peak_101	16.25	tp	0
1-TRCACTGARARAAAWDD	STREME-1	9.5e-009	peak_610	16.18	tp	0
1-TRCACTGARARAAAWDD	STREME-1	9.5e-009	peak_695	16.18	tp	0
1-TRCACTGARARAAAWDD	STREME-1	9.5e-009	peak_583	16.12	tp	0
1-TRCACTGARARAAAWDD	STREME-1	9.5e-009	peak_342	16.10	tp	0
1-TRCACTGARARAAAWDD	STREME-1	9.5e-009	peak_325	16.05	tp	0
1-TRCACTGARARAAAWDD	STREME-1	9.5e-009	peak_339	16.04	tp	0
1-TRCACTGARARAAAWDD	STREME-1	9.5e-009	peak_688	15.99	tp	0
1-TRCACTGARARAAAWDD	STREME-1	9.5e-009	peak_761	15.89	tp	0
1-TRCACTGARARAAAWDD	STREME-1	9.5e-009	peak_768	15.87	tp	1
1-TRCACTGARARAAAWDD	STREME-1	9.5e-009	peak_808	15.82	tp	0
1-TRCACTGARARAAAWDD	STREME-1	9.5e-009	peak_159	15.82	tp	0
1-TRCACTGARARAAAWDD	STREME-1	9.5e-009	peak_113	15.74	tp	0
1-TRCACTGARARAAAWDD	STREME-1	9.5e-009	peak_358	15.73	tp	0
1-TRCACTGARARAAAWDD	STREME-1	9.5e-009	peak_287	15.72	tp	0
1-TRCACTGARARAAAWDD	STREME-1	9.5e-009	peak_722	15.66	tp	1
1-TRCACTGARARAAAWDD	STREME-1	9.5e-009	peak_749	15.66	tp	0
1-TRCACTGARARAAAWDD	STREME-1	9.5e-009	peak_334	15.58	tp	0
1-TRCACTGARARAAAWDD	STREME-1	9.5e-009	peak_533	15.55	tp	0
1-TRCACTGARARAAAWDD	STREME-1	9.5e-009	peak_186	15.49	tp	0
1-TRCACTGARARAAAWDD	STREME-1	9.5e-009	peak_37	15.33	tp	0
1-TRCACTGARARAAAWDD	STREME-1	9.5e-009	peak_764	15.25	tp	0
1-TRCACTGARARAAAWDD	STREME-1	9.5e-009	peak_185	15.12	tp	0
1-TRCACTGARARAAAWDD	STREME-1	9.5e-009	peak_286	15.08	tp	0
1-TRCACTGARARAAAWDD	STREME-1	9.5e-009	peak_454	15.05	tp	0
1-TRCACTGARARAAAWDD	STREME-1	9.5e-009	peak_515	15.04	tp	0
1-TRCACTGARARAAAWDD	STREME-1	9.5e-009	peak_254	15.01	tp	0
1-TRCACTGARARAAAWDD	STREME-1	9.5e-009	peak_652	14.99	tp	0
1-TRCACTGARARAAAWDD	STREME-1	9.5e-009	peak_411	14.97	tp	0
1-TRCACTGARARAAAWDD	STREME-1	9.5e-009	peak_715	14.96	tp	0
1-TRCACTGARARAAAWDD	STREME-1	9.5e-009	peak_642	14.92	tp	0
1-TRCACTGARARAAAWDD	STREME-1	9.5e-009	peak_804	14.89	tp	0
1-TRCACTGARARAAAWDD	STREME-1	9.5e-009	peak_765	14.89	tp	0
1-TRCACTGARARAAAWDD	STREME-1	9.5e-009	peak_267	14.88	tp	0
1-TRCACTGARARAAAWDD	STREME-1	9.5e-009	peak_371	14.86	tp	1
1-TRCACTGARARAAAWDD	STREME-1	9.5e-009	peak_795	14.72	tp	0
1-TRCACTGARARAAAWDD	STREME-1	9.5e-009	peak_605	14.63	tp	0
1-TRCACTGARARAAAWDD	STREME-1	9.5e-009	peak_295	14.57	tp	0
1-TRCACTGARARAAAWDD	STREME-1	9.5e-009	peak_172	14.52	tp	0
1-TRCACTGARARAAAWDD	STREME-1	9.5e-009	peak_35	14.49	tp	0
1-TRCACTGARARAAAWDD	STREME-1	9.5e-009	peak_869	14.37	tp	0
1-TRCACTGARARAAAWDD	STREME-1	9.5e-009	peak_639	14.35	tp	0
1-TRCACTGARARAAAWDD	STREME-1	9.5e-009	peak_202	14.34	tp	0
1-TRCACTGARARAAAWDD	STREME-1	9.5e-009	peak_94	14.27	tp	0
1-TRCACTGARARAAAWDD	STREME-1	9.5e-009	peak_682	14.23	tp	0
1-TRCACTGARARAAAWDD	STREME-1	9.5e-009	peak_478	14.23	tp	1
1-TRCACTGARARAAAWDD	STREME-1	9.5e-009	peak_48	14.22	tp	0
1-TRCACTGARARAAAWDD	STREME-1	9.5e-009	peak_310	14.14	tp	0
1-TRCACTGARARAAAWDD	STREME-1	9.5e-009	peak_547	14.12	tp	0
1-TRCACTGARARAAAWDD	STREME-1	9.5e-009	peak_788	13.99	tp	0
1-TRCACTGARARAAAWDD	STREME-1	9.5e-009	peak_650	13.88	tp	0
1-TRCACTGARARAAAWDD	STREME-1	9.5e-009	peak_567	13.87	tp	0
1-TRCACTGARARAAAWDD	STREME-1	9.5e-009	peak_821	13.84	tp	0
1-TRCACTGARARAAAWDD	STREME-1	9.5e-009	peak_384	13.82	tp	0
1-TRCACTGARARAAAWDD	STREME-1	9.5e-009	peak_120	13.81	tp	0
1-TRCACTGARARAAAWDD	STREME-1	9.5e-009	peak_703	13.80	tp	0
1-TRCACTGARARAAAWDD	STREME-1	9.5e-009	peak_718	13.78	tp	0
1-TRCACTGARARAAAWDD	STREME-1	9.5e-009	peak_250	13.59	tp	0
1-TRCACTGARARAAAWDD	STREME-1	9.5e-009	peak_288	13.59	tp	0
1-TRCACTGARARAAAWDD	STREME-1	9.5e-009	peak_560	13.56	tp	0
#
2-CAGTGTGACCAG	STREME-2	3.3e-003	peak_600	21.57	tp	0
2-CAGTGTGACCAG	STREME-2	3.3e-003	peak_446	21.57	tp	0
2-CAGTGTGACCAG	STREME-2	3.3e-003	peak_577	21.57	tp	0
2-CAGTGTGACCAG	STREME-2	3.3e-003	peak_637	21.57	tp	0
2-CAGTGTGACCAG	STREME-2	3.3e-003	peak_713	21.57	tp	0
2-CAGTGTGACCAG	STREME-2	3.3e-003	peak_313	19.90	tp	1
2-CAGTGTGACCAG	STREME-2	3.3e-003	peak_355	19.38	tp	0
2-CAGTGTGACCAG	STREME-2	3.3e-003	peak_665	19.31	tp	0
2-CAGTGTGACCAG	STREME-2	3.3e-003	peak_450	19.31	tp	0
2-CAGTGTGACCAG	STREME-2	3.3e-003	peak_417	19.31	tp	0
2-CAGTGTGACCAG	STREME-2	3.3e-003	peak_387	19.01	tp	0
2-CAGTGTGACCAG	STREME-2	3.3e-003	peak_867	18.35	tp	0
2-CAGTGTGACCAG	STREME-2	3.3e-003	peak_606	18.35	tp	0
2-CAGTGTGACCAG	STREME-2	3.3e-003	peak_91	18.11	tp	0
2-CAGTGTGACCAG	STREME-2	3.3e-003	peak_432	18.05	tp	0
2-CAGTGTGACCAG	STREME-2	3.3e-003	peak_569	17.85	tp	0
2-CAGTGTGACCAG	STREME-2	3.3e-003	peak_166	17.85	tp	0
2-CAGTGTGACCAG	STREME-2	3.3e-003	peak_89	17.64	tp	0
2-CAGTGTGACCAG	STREME-2	3.3e-003	peak_86	17.64	tp	0
2-CAGTGTGACCAG	STREME-2	3.3e-003	peak_307	17.52	tp	0
2-CAGTGTGACCAG	STREME-2	3.3e-003	peak_255	17.52	tp	0
2-CAGTGTGACCAG	STREME-2	3.3e-003	peak_78	17.52	tp	0
2-CAGTGTGACCAG	STREME-2	3.3e-003	peak_475	17.52	tp	0
2-CAGTGTGACCAG	STREME-2	3.3e-003	peak_451	17.52	tp	0
2-CAGTGTGACCAG	STREME-2	3.3e-003	peak_256	17.52	tp	0
2-CAGTGTGACCAG	STREME-2	3.3e-003	peak_452	17.12	tp	0
2-CAGTGTGACCAG	STREME-2	3.3e-003	peak_824	17.01	tp	0
2-CAGTGTGACCAG	STREME-2	3.3e-003	peak_137	16.73	tp	1
2-CAGTGTGACCAG	STREME-2	3.3e-003	peak_213	16.61	tp	0
2-CAGTGTGACCAG	STREME-2	3.3e-003	peak_512	16.42	tp	0
2-CAGTGTGACCAG	STREME-2	3.3e-003	peak_546	16.38	tp	1
2-CAGTGTGACCAG	STREME-2	3.3e-003	peak_361	16.34	tp	0
2-CAGTGTGACCAG	STREME-2	3.3e-003	peak_188	16.18	fp	0
2-CAGTGTGACCAG	STREME-2	3.3e-003	peak_565	16.15	tp	0
2-CAGTGTGACCAG	STREME-2	3.3e-003	peak_362	16.15	tp	0
2-CAGTGTGACCAG	STREME-2	3.3e-003	peak_221	16.09	tp	0
2-CAGTGTGACCAG	STREME-2	3.3e-003	peak_391	15.99	tp	1
2-CAGTGTGACCAG	STREME-2	3.3e-003	peak_629	15.96	tp	0
2-CAGTGTGACCAG	STREME-2	3.3e-003	peak_191	15.96	tp	0
2-CAGTGTGACCAG	STREME-2	3.3e-003	peak_130	15.95	tp	1
2-CAGTGTGACCAG	STREME-2	3.3e-003	peak_564	15.93	tp	0
2-CAGTGTGACCAG	STREME-2	3.3e-003	peak_232	15.93	tp	0
2-CAGTGTGACCAG	STREME-2	3.3e-003	peak_3	15.93	tp	0
2-CAGTGTGACCAG	STREME-2	3.3e-003	peak_127	15.79	tp	0
2-CAGTGTGACCAG	STREME-2	3.3e-003	peak_175	15.79	tp	0
2-CAGTGTGACCAG	STREME-2	3.3e-003	peak_208	15.73	tp	0
2-CAGTGTGACCAG	STREME-2	3.3e-003	peak_326	15.73	tp	0
2-CAGTGTGACCAG	STREME-2	3.3e-003	peak_401	15.73	tp	1
2-CAGTGTGACCAG	STREME-2	3.3e-003	peak_797	15.61	tp	0
2-CAGTGTGACCAG	STREME-2	3.3e-003	peak_196	15.40	tp	0
2-CAGTGTGACCAG	STREME-2	3.3e-003	peak_786	15.30	tp	0
2-CAGTGTGACCAG	STREME-2	3.3e-003	peak_188	15.26	tp	1
2-CAGTGTGACCAG	STREME-2	3.3e-003	peak_519	15.26	tp	0
2-CAGTGTGACCAG	STREME-2	3.3e-003	peak_194	15.26	tp	0
2-CAGTGTGACCAG	STREME-2	3.3e-003	peak_462	15.08	tp	0
2-CAGTGTGACCAG	STREME-2	3.3e-003	peak_308	14.82	fp	0
2-CAGTGTGACCAG	STREME-2	3.3e-003	peak_176	14.63	tp	0
2-CAGTGTGACCAG	STREME-2	3.3e-003	peak_257	14.63	tp	0
2-CAGTGTGACCAG	STREME-2	3.3e-003	peak_155	14.61	tp	0
2-CAGTGTGACCAG	STREME-2	3.3e-003	peak_449	14.61	tp	0
2-CAGTGTGACCAG	STREME-2	3.3e-003	peak_300	14.61	tp	0
2-CAGTGTGACCAG	STREME-2	3.3e-003	peak_545	14.60	tp	0
2-CAGTGTGACCAG	STREME-2	3.3e-003	peak_491	14.41	tp	0
2-CAGTGTGACCAG	STREME-2	3.3e-003	peak_813	14.38	tp	0
2-CAGTGTGACCAG	STREME-2	3.3e-003	peak_603	14.35	fp	0
2-CAGTGTGACCAG	STREME-2	3.3e-003	peak_14	14.34	tp	0
2-CAGTGTGACCAG	STREME-2	3.3e-003	peak_31	14.18	tp	0
2-CAGTGTGACCAG	STREME-2	3.3e-003	peak_479	14.12	tp	0
2-CAGTGTGACCAG	STREME-2	3.3e-003	peak_386	14.05	tp	0
2-CAGTGTGACCAG	STREME-2	3.3e-003	peak_383	13.79	tp	0
2-CAGTGTGACCAG	STREME-2	3.3e-003	peak_100	13.79	tp	0
2-CAGTGTGACCAG	STREME-2	3.3e-003	peak_569	13.79	fp	0
2-CAGTGTGACCAG	STREME-2	3.3e-003	peak_227	13.74	tp	1
2-CAGTGTGACCAG	STREME-2	3.3e-003	peak_848	13.72	fp	0
2-CAGTGTGACCAG	STREME-2	3.3e-003	peak_755	13.66	tp	0
2-CAGTGTGACCAG	STREME-2	3.3e-003	peak_83	13.66	tp	0
2-CAGTGTGACCAG	STREME-2	3.3e-003	peak_357	13.66	tp	0
2-CAGTGTGACCAG	STREME-2	3.3e-003	peak_723	13.60	tp	0
2-CAGTGTGACCAG	STREME-2	3.3e-003	peak_617	13.51	tp	0
2-CAGTGTGACCAG	STREME-2	3.3e-003	peak_485	13.51	tp	0
2-CAGTGTGACCAG	STREME-2	3.3e-003	peak_666	13.49	tp	0
2-CAGTGTGACCAG	STREME-2	3.3e-003	peak_657	13.48	tp	0
#
3-CTGGCAACC	STREME-3	3.3e-003	peak_354	17.03	tp	0
3-CTGGCAACC	STREME-3	3.3e-003	peak_282	17.03	tp	0
3-CTGGCAACC	STREME-3	3.3e-003	peak_50	17.03	tp	0
3-CTGGCAACC	STREME-3	3.3e-003	peak_290	17.03	tp	0
3-CTGGCAACC	STREME-3	3.3e-003	peak_379	17.03	tp	0
3-CTGGCAACC	STREME-3	3.3e-003	peak_368	17.03	tp	0
3-CTGGCAACC	STREME-3	3.3e-003	peak_646	17.03	tp	0
3-CTGGCAACC	STREME-3	3.3e-003	peak_168	17.03	tp	0
3-CTGGCAACC	STREME-3	3.3e-003	peak_480	17.03	fp	0
3-CTGGCAACC	STREME-3	3.3e-003	peak_131	17.03	fp	0
3-CTGGCAACC	STREME-3	3.3e-003	peak_807	17.03	fp	0
3-CTGGCAACC	STREME-3	3.3e-003	peak_208	14.48	tp	0
3-CTGGCAACC	STREME-3	3.3e-003	peak_422	14.48	tp	0
3-CTGGCAACC	STREME-3	3.3e-003	peak_678	14.48	tp	0
3-CTGGCAACC	STREME-3	3.3e-003	peak_659	14.48	tp	0
3-CTGGCAACC	STREME-3	3.3e-003	peak_237	14.48	tp	0
3-CTGGCAACC	STREME-3	3.3e-003	peak_512	14.48	tp	0
3-CTGGCAACC	STREME-3	3.3e-003	peak_176	14.48	tp	0
3-CTGGCAACC	STREME-3	3.3e-003	peak_118	14.48	tp	0
3-CTGGCAACC	STREME-3	3.3e-003	peak_13	14.48	tp	0
3-CTGGCAACC	STREME-3	3.3e-003	peak_622	14.48	tp	0
3-CTGGCAACC	STREME-3	3.3e-003	peak_148	14.48	tp	0
3-CTGGCAACC	STREME-3	3.3e-003	peak_597	14.48	tp	0
3-CTGGCAACC	STREME-3	3.3e-003	peak_523	14.48	fp	0
3-CTGGCAACC	STREME-3	3.3e-003	peak_149	14.48	fp	0
3-CTGGCAACC	STREME-3	3.3e-003	peak_446	14.48	tp	0
3-CTGGCAACC	STREME-3	3.3e-003	peak_6	14.48	tp	0
3-CTGGCAACC	STREME-3	3.3e-003	peak_51	14.48	tp	0
3-CTGGCAACC	STREME-3	3.3e-003	peak_246	14.48	tp	0
3-CTGGCAACC	STREME-3	3.3e-003	peak_300	13.53	tp	0
3-CTGGCAACC	STREME-3	3.3e-003	peak_647	13.53	tp	0
3-CTGGCAACC	STREME-3	3.3e-003	peak_812	13.42	tp	0
3-CTGGCAACC	STREME-3	3.3e-003	peak_162	13.42	tp	0
3-CTGGCAACC	STREME-3	3.3e-003	peak_786	13.42	tp	0
3-CTGGCAACC	STREME-3	3.3e-003	peak_181	13.42	tp	0
3-CTGGCAACC	STREME-3	3.3e-003	peak_415	13.42	tp	0
3-CTGGCAACC	STREME-3	3.3e-003	peak_517	13.42	tp	0
3-CTGGCAACC	STREME-3	3.3e-003	peak_291	13.42	tp	0
3-CTGGCAACC	STREME-3	3.3e-003	peak_63	13.42	tp	0
3-CTGGCAACC	STREME-3	3.3e-003	peak_795	13.42	tp	0
3-CTGGCAACC	STREME-3	3.3e-003	peak_563	13.42	tp	0
3-CTGGCAACC	STREME-3	3.3e-003	peak_578	13.42	tp	0
3-CTGGCAACC	STREME-3	3.3e-003	peak_189	13.42	tp	0
3-CTGGCAACC	STREME-3	3.3e-003	peak_546	13.42	fp	0
3-CTGGCAACC	STREME-3	3.3e-003	peak_275	13.42	fp	0
3-CTGGCAACC	STREME-3	3.3e-003	peak_160	13.42	tp	1
3-CTGGCAACC	STREME-3	3.3e-003	peak_730	13.23	tp	0
3-CTGGCAACC	STREME-3	3.3e-003	peak_463	13.23	tp	0
3-CTGGCAACC	STREME-3	3.3e-003	peak_722	13.23	tp	1
3-CTGGCAACC	STREME-3	3.3e-003	peak_359	13.23	tp	1
3-CTGGCAACC	STREME-3	3.3e-003	peak_356	13.21	tp	0
3-CTGGCAACC	STREME-3	3.3e-003	peak_514	13.21	tp	0
3-CTGGCAACC	STREME-3	3.3e-003	peak_367	13.21	tp	0
3-CTGGCAACC	STREME-3	3.3e-003	peak_180	13.21	tp	0
3-CTGGCAACC	STREME-3	3.3e-003	peak_282	13.21	fp	0
3-CTGGCAACC	STREME-3	3.3e-003	peak_218	13.16	tp	0
3-CTGGCAACC	STREME-3	3.3e-003	peak_593	13.16	tp	0
3-CTGGCAACC	STREME-3	3.3e-003	peak_159	13.16	tp	0
3-CTGGCAACC	STREME-3	3.3e-003	peak_377	13.16	tp	0
3-CTGGCAACC	STREME-3	3.3e-003	peak_78	13.16	fp	0
3-CTGGCAACC	STREME-3	3.3e-003	peak_550	13.02	tp	0
3-CTGGCAACC	STREME-3	3.3e-003	peak_663	12.99	tp	0
3-CTGGCAACC	STREME-3	3.3e-003	peak_328	12.99	tp	0
3-CTGGCAACC	STREME-3	3.3e-003	peak_301	12.99	tp	0
3-CTGGCAACC	STREME-3	3.3e-003	peak_424	12.99	tp	0
3-CTGGCAACC	STREME-3	3.3e-003	peak_678	12.99	fp	0
3-CTGGCAACC	STREME-3	3.3e-003	peak_841	12.53	tp	0
3-CTGGCAACC	STREME-3	3.3e-003	peak_373	12.53	tp	0
3-CTGGCAACC	STREME-3	3.3e-003	peak_479	12.53	fp	0
3-CTGGCAACC	STREME-3	3.3e-003	peak_599	12.50	tp	0
3-CTGGCAACC	STREME-3	3.3e-003	peak_37	12.50	tp	0
3-CTGGCAACC	STREME-3	3.3e-003	peak_495	12.50	tp	0
3-CTGGCAACC	STREME-3	3.3e-003	peak_141	12.50	tp	0
3-CTGGCAACC	STREME-3	3.3e-003	peak_759	12.50	fp	0
3-CTGGCAACC	STREME-3	3.3e-003	peak_60	12.50	tp	1
3-CTGGCAACC	STREME-3	3.3e-003	peak_809	12.50	tp	0
3-CTGGCAACC	STREME-3	3.3e-003	peak_642	12.50	tp	0
3-CTGGCAACC	STREME-3	3.3e-003	peak_151	12.50	tp	0
3-CTGGCAACC	STREME-3	3.3e-003	peak_459	12.50	tp	0
3-CTGGCAACC	STREME-3	3.3e-003	peak_376	12.50	fp	0
3-CTGGCAACC	STREME-3	3.3e-003	peak_522	12.50	tp	1
3-CTGGCAACC	STREME-3	3.3e-003	peak_499	12.13	tp	0
3-CTGGCAACC	STREME-3	3.3e-003	peak_480	12.13	tp	0
3-CTGGCAACC	STREME-3	3.3e-003	peak_337	12.13	tp	0
3-CTGGCAACC	STREME-3	3.3e-003	peak_340	12.13	tp	0
3-CTGGCAACC	STREME-3	3.3e-003	peak_537	12.13	tp	0
3-CTGGCAACC	STREME-3	3.3e-003	peak_377	12.13	fp	0
3-CTGGCAACC	STREME-3	3.3e-003	peak_203	12.13	fp	0
3-CTGGCAACC	STREME-3	3.3e-003	peak_264	12.13	tp	1
3-CTGGCAACC	STREME-3	3.3e-003	peak_747	11.91	tp	0
3-CTGGCAACC	STREME-3	3.3e-003	peak_263	11.91	tp	0
3-CTGGCAACC	STREME-3	3.3e-003	peak_85	11.91	fp	0
3-CTGGCAACC	STREME-3	3.3e-003	peak_519	11.91	fp	0
3-CTGGCAACC	STREME-3	3.3e-003	peak_571	11.91	tp	1
3-CTGGCAACC	STREME-3	3.3e-003	peak_203	11.76	tp	0
3-CTGGCAACC	STREME-3	3.3e-003	peak_617	11.76	tp	0
3-CTGGCAACC	STREME-3	3.3e-003	peak_131	11.76	tp	0
3-CTGGCAACC	STREME-3	3.3e-003	peak_501	11.76	tp	0
3-CTGGCAACC	STREME-3	3.3e-003	peak_790	11.76	tp	0
3-CTGGCAACC	STREME-3	3.3e-003	peak_288	11.76	fp	0
3-CTGGCAACC	STREME-3	3.3e-003	peak_118	11.76	fp	0
3-CTGGCAACC	STREME-3	3.3e-003	peak_775	11.71	tp	0
3-CTGGCAACC	STREME-3	3.3e-003	peak_724	11.71	tp	1
3-CTGGCAACC	STREME-3	3.3e-003	peak_231	11.51	tp	0
#
4-AAAAAAAAACAAAACAAAW	STREME-4	3.8e-003	peak_104	19.97	tp	0
4-AAAAAAAAACAAAACAAAW	STREME-4	3.8e-003	peak_293	18.41	fp	0
4-AAAAAAAAACAAAACAAAW	STREME-4	3.8e-003	peak_683	17.65	tp	0
4-AAAAAAAAACAAAACAAAW	STREME-4	3.8e-003	peak_776	16.65	tp	0
4-AAAAAAAAACAAAACAAAW	STREME-4	3.8e-003	peak_293	16.44	tp	0
4-AAAAAAAAACAAAACAAAW	STREME-4	3.8e-003	peak_729	16.29	tp	0
4-AAAAAAAAACAAAACAAAW	STREME-4	3.8e-003	peak_312	16.18	tp	0
4-AAAAAAAAACAAAACAAAW	STREME-4	3.8e-003	peak_669	15.99	tp	0
4-AAAAAAAAACAAAACAAAW	STREME-4	3.8e-003	peak_96	15.94	tp	0
4-AAAAAAAAACAAAACAAAW	STREME-4	3.8e-003	peak_774	15.48	tp	1
4-AAAAAAAAACAAAACAAAW	STREME-4	3.8e-003	peak_788	15.42	tp	0
4-AAAAAAAAACAAAACAAAW	STREME-4	3.8e-003	peak_49	15.34	tp	0
4-AAAAAAAAACAAAACAAAW	STREME-4	3.8e-003	peak_492	15.29	tp	0
4-AAAAAAAAACAAAACAAAW	STREME-4	3.8e-003	peak_281	15.06	tp	0
4-AAAAAAAAACAAAACAAAW	STREME-4	3.8e-003	peak_518	15.06	tp	0
4-AAAAAAAAACAAAACAAAW	STREME-4	3.8e-003	peak_712	15.05	tp	0
4-AAAAAAAAACAAAACAAAW	STREME-4	3.8e-003	peak_33	14.92	tp	0
4-AAAAAAAAACAAAACAAAW	STREME-4	3.8e-003	peak_447	14.90	tp	0
4-AAAAAAAAACAAAACAAAW	STREME-4	3.8e-003	peak_678	14.89	fp	0
4-AAAAAAAAACAAAACAAAW	STREME-4	3.8e-003	peak_706	14.88	tp	0
4-AAAAAAAAACAAAACAAAW	STREME-4	3.8e-003	peak_706	14.75	fp	0
4-AAAAAAAAACAAAACAAAW	STREME-4	3.8e-003	peak_709	14.70	tp	0
4-AAAAAAAAACAAAACAAAW	STREME-4	3.8e-003	peak_205	14.70	tp	0
4-AAAAAAAAACAAAACAAAW	STREME-4	3.8e-003	peak_217	14.69	tp	0
4-AAAAAAAAACAAAACAAAW	STREME-4	3.8e-003	peak_854	14.69	fp	0
4-AAAAAAAAACAAAACAAAW	STREME-4	3.8e-003	peak_714	14.69	fp	0
4-AAAAAAAAACAAAACAAAW	STREME-4	3.8e-003	peak_482	14.57	tp	0
4-AAAAAAAAACAAAACAAAW	STREME-4	3.8e-003	peak_838	14.56	tp	0
4-AAAAAAAAACAAAACAAAW	STREME-4	3.8e-003	peak_361	14.51	tp	0
4-AAAAAAAAACAAAACAAAW	STREME-4	3.8e-003	peak_615	14.49	fp	0
4-AAAAAAAAACAAAACAAAW	STREME-4	3.8e-003	peak_261	14.49	fp	0
4-AAAAAAAAACAAAACAAAW	STREME-4	3.8e-003	peak_388	14.47	tp	0
4-AAAAAAAAACAAAACAAAW	STREME-4	3.8e-003	peak_673	14.41	tp	0
4-AAAAAAAAACAAAACAAAW	STREME-4	3.8e-003	peak_213	14.38	fp	0
4-AAAAAAAAACAAAACAAAW	STREME-4	3.8e-003	peak_841	14.38	fp	0
4-AAAAAAAAACAAAACAAAW	STREME-4	3.8e-003	peak_491	14.30	fp	0
4-AAAAAAAAACAAAACAAAW	STREME-4	3.8e-003	peak_727	14.29	tp	0
4-AAAAAAAAACAAAACAAAW	STREME-4	3.8e-003	peak_721	14.29	tp	0
4-AAAAAAAAACAAAACAAAW	STREME-4	3.8e-003	peak_23	14.29	tp	0
4-AAAAAAAAACAAAACAAAW	STREME-4	3.8e-003	peak_760	14.20	tp	0
4-AAAAAAAAACAAAACAAAW	STREME-4	3.8e-003	peak_109	14.18	tp	0
4-AAAAAAAAACAAAACAAAW	STREME-4	3.8e-003	peak_720	14.15	fp	0
4-AAAAAAAAACAAAACAAAW	STREME-4	3.8e-003	peak_581	14.10	fp	0
4-AAAAAAAAACAAAACAAAW	STREME-4	3.8e-003	peak_855	14.10	tp	0
4-AAAAAAAAACAAAACAAAW	STREME-4	3.8e-003	peak_813	14.01	tp	0
4-AAAAAAAAACAAAACAAAW	STREME-4	3.8e-003	peak_395	13.98	tp	0
4-AAAAAAAAACAAAACAAAW	STREME-4	3.8e-003	peak_360	13.97	fp	0
4-AAAAAAAAACAAAACAAAW	STREME-4	3.8e-003	peak_28	13.95	tp	0
4-AAAAAAAAACAAAACAAAW	STREME-4	3.8e-003	peak_3	13.79	tp	0
4-AAAAAAAAACAAAACAAAW	STREME-4	3.8e-003	peak_663	13.74	fp	0
4-AAAAAAAAACAAAACAAAW	STREME-4	3.8e-003	peak_338	13.72	tp	1
4-AAAAAAAAACAAAACAAAW	STREME-4	3.8e-003	peak_682	13.71	tp	0
4-AAAAAAAAACAAAACAAAW	STREME-4	3.8e-003	peak_22	13.71	tp	0
4-AAAAAAAAACAAAACAAAW	STREME-4	3.8e-003	peak_595	13.67	tp	0
4-AAAAAAAAACAAAACAAAW	STREME-4	3.8e-003	peak_685	13.64	tp	0
4-AAAAAAAAACAAAACAAAW	STREME-4	3.8e-003	peak_822	13.63	tp	0
4-AAAAAAAAACAAAACAAAW	STREME-4	3.8e-003	peak_353	13.60	tp	0
4-AAAAAAAAACAAAACAAAW	STREME-4	3.8e-003	peak_273	13.59	fp	0
4-AAAAAAAAACAAAACAAAW	STREME-4	3.8e-003	peak_140	13.57	tp	0
4-AAAAAAAAACAAAACAAAW	STREME-4	3.8e-003	peak_780	13.52	tp	0
4-AAAAAAAAACAAAACAAAW	STREME-4	3.8e-003	peak_556	13.49	tp	0
4-AAAAAAAAACAAAACAAAW	STREME-4	3.8e-003	peak_488	13.47	fp	0
4-AAAAAAAAACAAAACAAAW	STREME-4	3.8e-003	peak_409	13.40	tp	0
4-AAAAAAAAACAAAACAAAW	STREME-4	3.8e-003	peak_414	13.39	fp	0
4-AAAAAAAAACAAAACAAAW	STREME-4	3.8e-003	peak_195	13.39	tp	0
4-AAAAAAAAACAAAACAAAW	STREME-4	3.8e-003	peak_196	13.38	tp	0
4-AAAAAAAAACAAAACAAAW	STREME-4	3.8e-003	peak_836	13.38	tp	0
4-AAAAAAAAACAAAACAAAW	STREME-4	3.8e-003	peak_81	13.38	tp	0
4-AAAAAAAAACAAAACAAAW	STREME-4	3.8e-003	peak_318	13.25	tp	0
4-AAAAAAAAACAAAACAAAW	STREME-4	3.8e-003	peak_40	13.23	tp	0
4-AAAAAAAAACAAAACAAAW	STREME-4	3.8e-003	peak_849	13.21	fp	0
4-AAAAAAAAACAAAACAAAW	STREME-4	3.8e-003	peak_799	13.17	tp	0
4-AAAAAAAAACAAAACAAAW	STREME-4	3.8e-003	peak_566	13.17	tp	0
4-AAAAAAAAACAAAACAAAW	STREME-4	3.8e-003	peak_475	13.11	tp	0
4-AAAAAAAAACAAAACAAAW	STREME-4	3.8e-003	peak_528	13.07	tp	0
4-AAAAAAAAACAAAACAAAW	STREME-4	3.8e-003	peak_829	13.07	tp	0
4-AAAAAAAAACAAAACAAAW	STREME-4	3.8e-003	peak_422	13.07	tp	0
4-AAAAAAAAACAAAACAAAW	STREME-4	3.8e-003	peak_544	13.06	fp	0
4-AAAAAAAAACAAAACAAAW	STREME-4	3.8e-003	peak_479	12.98	tp	0
4-AAAAAAAAACAAAACAAAW	STREME-4	3.8e-003	peak_94	12.96	tp	0
4-AAAAAAAAACAAAACAAAW	STREME-4	3.8e-003	peak_787	12.95	tp	0
4-AAAAAAAAACAAAACAAAW	STREME-4	3.8e-003	peak_179	12.94	tp	0
4-AAAAAAAAACAAAACAAAW	STREME-4	3.8e-003	peak_410	12.91	tp	0
4-AAAAAAAAACAAAACAAAW	STREME-4	3.8e-003	peak_402	12.89	fp	0
4-AAAAAAAAACAAAACAAAW	STREME-4	3.8e-003	peak_817	12.88	fp	0
4-AAAAAAAAACAAAACAAAW	STREME-4	3.8e-003	peak_530	12.87	tp	0
4-AAAAAAAAACAAAACAAAW	STREME-4	3.8e-003	peak_547	12.86	tp	0
4-AAAAAAAAACAAAACAAAW	STREME-4	3.8e-003	peak_171	12.80	tp	0
4-AAAAAAAAACAAAACAAAW	STREME-4	3.8e-003	peak_454	12.73	fp	0
4-AAAAAAAAACAAAACAAAW	STREME-4	3.8e-003	peak_285	12.72	tp	0
4-AAAAAAAAACAAAACAAAW	STREME-4	3.8e-003	peak_794	12.70	tp	0
4-AAAAAAAAACAAAACAAAW	STREME-4	3.8e-003	peak_743	12.69	tp	0
4-AAAAAAAAACAAAACAAAW	STREME-4	3.8e-003	peak_779	12.68	tp	0
4-AAAAAAAAACAAAACAAAW	STREME-4	3.8e-003	peak_555	12.65	fp	0
4-AAAAAAAAACAAAACAAAW	STREME-4	3.8e-003	peak_555	12.62	tp	0
4-AAAAAAAAACAAAACAAAW	STREME-4	3.8e-003	peak_795	12.61	tp	0
4-AAAAAAAAACAAAACAAAW	STREME-4	3.8e-003	peak_201	12.61	tp	0
4-AAAAAAAAACAAAACAAAW	STREME-4	3.8e-003	peak_753	12.60	tp	0
4-AAAAAAAAACAAAACAAAW	STREME-4	3.8e-003	peak_258	12.57	fp	0
4-AAAAAAAAACAAAACAAAW	STREME-4	3.8e-003	peak_820	12.57	fp	0
4-AAAAAAAAACAAAACAAAW	STREME-4	3.8e-003	peak_188	12.51	fp	0
4-AAAAAAAAACAAAACAAAW	STREME-4	3.8e-003	peak_510	12.50	fp	0
4-AAAAAAAAACAAAACAAAW	STREME-4	3.8e-003	peak_526	12.50	tp	0
4-AAAAAAAAACAAAACAAAW	STREME-4	3.8e-003	peak_505	12.50	fp	0
4-AAAAAAAAACAAAACAAAW	STREME-4	3.8e-003	peak_359	12.48	tp	1
4-AAAAAAAAACAAAACAAAW	STREME-4	3.8e-003	peak_271	12.46	tp	0
4-AAAAAAAAACAAAACAAAW	STREME-4	3.8e-003	peak_236	12.45	tp	0
4-AAAAAAAAACAAAACAAAW	STREME-4	3.8e-003	peak_870	12.44	fp	1
4-AAAAAAAAACAAAACAAAW	STREME-4	3.8e-003	peak_319	12.39	tp	0
4-AAAAAAAAACAAAACAAAW	STREME-4	3.8e-003	peak_769	12.39	tp	0
4-AAAAAAAAACAAAACAAAW	STREME-4	3.8e-003	peak_620	12.38	tp	0
4-AAAAAAAAACAAAACAAAW	STREME-4	3.8e-003	peak_180	12.35	tp	0
4-AAAAAAAAACAAAACAAAW	STREME-4	3.8e-003	peak_341	12.34	tp	0
4-AAAAAAAAACAAAACAAAW	STREME-4	3.8e-003	peak_861	12.33	tp	0
4-AAAAAAAAACAAAACAAAW	STREME-4	3.8e-003	peak_870	12.32	tp	0
4-AAAAAAAAACAAAACAAAW	STREME-4	3.8e-003	peak_857	12.31	tp	1
4-AAAAAAAAACAAAACAAAW	STREME-4	3.8e-003	peak_260	12.31	tp	0
4-AAAAAAAAACAAAACAAAW	STREME-4	3.8e-003	peak_125	12.29	tp	0
4-AAAAAAAAACAAAACAAAW	STREME-4	3.8e-003	peak_827	12.24	tp	1
4-AAAAAAAAACAAAACAAAW	STREME-4	3.8e-003	peak_523	12.22	fp	0
4-AAAAAAAAACAAAACAAAW	STREME-4	3.8e-003	peak_18	12.21	tp	0
4-AAAAAAAAACAAAACAAAW	STREME-4	3.8e-003	peak_338	12.21	fp	1
4-AAAAAAAAACAAAACAAAW	STREME-4	3.8e-003	peak_461	12.17	tp	0
4-AAAAAAAAACAAAACAAAW	STREME-4	3.8e-003	peak_216	12.16	tp	0
4-AAAAAAAAACAAAACAAAW	STREME-4	3.8e-003	peak_499	12.16	tp	0
4-AAAAAAAAACAAAACAAAW	STREME-4	3.8e-003	peak_831	12.16	tp	0
4-AAAAAAAAACAAAACAAAW	STREME-4	3.8e-003	peak_153	12.14	tp	0
4-AAAAAAAAACAAAACAAAW	STREME-4	3.8e-003	peak_510	12.13	tp	0
4-AAAAAAAAACAAAACAAAW	STREME-4	3.8e-003	peak_394	12.11	tp	0
4-AAAAAAAAACAAAACAAAW	STREME-4	3.8e-003	peak_568	12.08	fp	0
4-AAAAAAAAACAAAACAAAW	STREME-4	3.8e-003	peak_684	12.06	fp	0
4-AAAAAAAAACAAAACAAAW	STREME-4	3.8e-003	peak_496	12.04	fp	0
4-AAAAAAAAACAAAACAAAW	STREME-4	3.8e-003	peak_103	12.04	fp	0
4-AAAAAAAAACAAAACAAAW	STREME-4	3.8e-003	peak_360	12.02	tp	0
4-AAAAAAAAACAAAACAAAW	STREME-4	3.8e-003	peak_353	12.01	fp	0
4-AAAAAAAAACAAAACAAAW	STREME-4	3.8e-003	peak_796	11.99	tp	0
4-AAAAAAAAACAAAACAAAW	STREME-4	3.8e-003	peak_339	11.95	tp	0
4-AAAAAAAAACAAAACAAAW	STREME-4	3.8e-003	peak_437	11.95	tp	0
4-AAAAAAAAACAAAACAAAW	STREME-4	3.8e-003	peak_697	11.94	tp	1
4-AAAAAAAAACAAAACAAAW	STREME-4	3.8e-003	peak_223	11.92	tp	0
4-AAAAAAAAACAAAACAAAW	STREME-4	3.8e-003	peak_79	11.90	tp	0
4-AAAAAAAAACAAAACAAAW	STREME-4	3.8e-003	peak_210	11.89	tp	0
4-AAAAAAAAACAAAACAAAW	STREME-4	3.8e-003	peak_835	11.89	tp	0
4-AAAAAAAAACAAAACAAAW	STREME-4	3.8e-003	peak_355	11.87	tp	0
4-AAAAAAAAACAAAACAAAW	STREME-4	3.8e-003	peak_219	11.87	fp	0
4-AAAAAAAAACAAAACAAAW	STREME-4	3.8e-003	peak_656	11.86	tp	0
4-AAAAAAAAACAAAACAAAW	STREME-4	3.8e-003	peak_728	11.85	fp	0
4-AAAAAAAAACAAAACAAAW	STREME-4	3.8e-003	peak_161	11.83	tp	0
4-AAAAAAAAACAAAACAAAW	STREME-4	3.8e-003	peak_49	11.80	fp	0
4-AAAAAAAAACAAAACAAAW	STREME-4	3.8e-003	peak_251	11.80	tp	0
4-AAAAAAAAACAAAACAAAW	STREME-4	3.8e-003	peak_186	11.80	fp	1
4-AAAAAAAAACAAAACAAAW	STREME-4	3.8e-003	peak_413	11.75	tp	0
4-AAAAAAAAACAAAACAAAW	STREME-4	3.8e-003	peak_646	11.74	tp	0
4-AAAAAAAAACAAAACAAAW	STREME-4	3.8e-003	peak_366	11.74	fp	0
4-AAAAAAAAACAAAACAAAW	STREME-4	3.8e-003	peak_752	11.73	tp	1
4-AAAAAAAAACAAAACAAAW	STREME-4	3.8e-003	peak_821	11.73	tp	0
4-AAAAAAAAACAAAACAAAW	STREME-4	3.8e-003	peak_146	11.73	fp	0
4-AAAAAAAAACAAAACAAAW	STREME-4	3.8e-003	peak_224	11.73	tp	1
4-AAAAAAAAACAAAACAAAW	STREME-4	3.8e-003	peak_77	11.71	tp	0
4-AAAAAAAAACAAAACAAAW	STREME-4	3.8e-003	peak_745	11.70	tp	0
4-AAAAAAAAACAAAACAAAW	STREME-4	3.8e-003	peak_45	11.69	tp	0
4-AAAAAAAAACAAAACAAAW	STREME-4	3.8e-003	peak_549	11.68	tp	0
4-AAAAAAAAACAAAACAAAW	STREME-4	3.8e-003	peak_707	11.68	tp	0
4-AAAAAAAAACAAAACAAAW	STREME-4	3.8e-003	peak_254	11.67	tp	0
4-AAAAAAAAACAAAACAAAW	STREME-4	3.8e-003	peak_423	11.67	tp	0
4-AAAAAAAAACAAAACAAAW	STREME-4	3.8e-003	peak_322	11.65	tp	0
4-AAAAAAAAACAAAACAAAW	STREME-4	3.8e-003	peak_204	11.65	tp	1
4-AAAAAAAAACAAAACAAAW	STREME-4	3.8e-003	peak_234	11.64	tp	0
4-AAAAAAAAACAAAACAAAW	STREME-4	3.8e-003	peak_6	11.60	tp	0
4-AAAAAAAAACAAAACAAAW	STREME-4	3.8e-003	peak_650	11.58	tp	0
4-AAAAAAAAACAAAACAAAW	STREME-4	3.8e-003	peak_273	11.58	tp	0
4-AAAAAAAAACAAAACAAAW	STREME-4	3.8e-003	peak_132	11.57	tp	0
4-AAAAAAAAACAAAACAAAW	STREME-4	3.8e-003	peak_673	11.57	fp	0
4-AAAAAAAAACAAAACAAAW	STREME-4	3.8e-003	peak_804	11.55	tp	0
4-AAAAAAAAACAAAACAAAW	STREME-4	3.8e-003	peak_859	11.54	tp	0
4-AAAAAAAAACAAAACAAAW	STREME-4	3.8e-003	peak_535	11.54	tp	0
4-AAAAAAAAACAAAACAAAW	STREME-4	3.8e-003	peak_379	11.50	tp	0
4-AAAAAAAAACAAAACAAAW	STREME-4	3.8e-003	peak_294	11.46	fp	0
4-AAAAAAAAACAAAACAAAW	STREME-4	3.8e-003	peak_710	11.44	tp	0
4-AAAAAAAAACAAAACAAAW	STREME-4	3.8e-003	peak_757	11.43	tp	0
4-AAAAAAAAACAAAACAAAW	STREME-4	3.8e-003	peak_219	11.41	tp	0
4-AAAAAAAAACAAAACAAAW	STREME-4	3.8e-003	peak_741	11.40	fp	0
4-AAAAAAAAACAAAACAAAW	STREME-4	3.8e-003	peak_702	11.38	tp	0
4-AAAAAAAAACAAAACAAAW	STREME-4	3.8e-003	peak_65	11.36	tp	0
4-AAAAAAAAACAAAACAAAW	STREME-4	3.8e-003	peak_704	11.34	tp	0
4-AAAAAAAAACAAAACAAAW	STREME-4	3.8e-003	peak_75	11.34	fp	0
4-AAAAAAAAACAAAACAAAW	STREME-4	3.8e-003	peak_248	11.33	fp	0
4-AAAAAAAAACAAAACAAAW	STREME-4	3.8e-003	peak_457	11.32	fp	0
4-AAAAAAAAACAAAACAAAW	STREME-4	3.8e-003	peak_561	11.31	tp	0
4-AAAAAAAAACAAAACAAAW	STREME-4	3.8e-003	peak_545	11.29	tp	0
4-AAAAAAAAACAAAACAAAW	STREME-4	3.8e-003	peak_220	11.28	tp	0
4-AAAAAAAAACAAAACAAAW	STREME-4	3.8e-003	peak_860	11.28	tp	0
4-AAAAAAAAACAAAACAAAW	STREME-4	3.8e-003	peak_169	11.27	tp	0
4-AAAAAAAAACAAAACAAAW	STREME-4	3.8e-003	peak_31	11.27	fp	0
4-AAAAAAAAACAAAACAAAW	STREME-4	3.8e-003	peak_74	11.26	tp	0
4-AAAAAAAAACAAAACAAAW	STREME-4	3.8e-003	peak_616	11.25	tp	0
4-AAAAAAAAACAAAACAAAW	STREME-4	3.8e-003	peak_675	11.24	fp	0
4-AAAAAAAAACAAAACAAAW	STREME-4	3.8e-003	peak_418	11.23	tp	1
4-AAAAAAAAACAAAACAAAW	STREME-4	3.8e-003	peak_807	11.22	tp	0
4-AAAAAAAAACAAAACAAAW	STREME-4	3.8e-003	peak_645	11.20	fp	0
4-AAAAAAAAACAAAACAAAW	STREME-4	3.8e-003	peak_63	11.20	tp	0
4-AAAAAAAAACAAAACAAAW	STREME-4	3.8e-003	peak_798	11.18	tp	0
4-AAAAAAAAACAAAACAAAW	STREME-4	3.8e-003	peak_96	11.18	fp	0
4-AAAAAAAAACAAAACAAAW	STREME-4	3.8e-003	peak_688	11.17	fp	0
4-AAAAAAAAACAAAACAAAW	STREME-4	3.8e-003	peak_127	11.17	tp	0
4-AAAAAAAAACAAAACAAAW	STREME-4	3.8e-003	peak_424	11.17	tp	0
4-AAAAAAAAACAAAACAAAW	STREME-4	3.8e-003	peak_837	11.14	tp	1
4-AAAAAAAAACAAAACAAAW	STREME-4	3.8e-003	peak_16	11.10	fp	0
4-AAAAAAAAACAAAACAAAW	STREME-4	3.8e-003	peak_39	11.08	fp	0
4-AAAAAAAAACAAAACAAAW	STREME-4	3.8e-003	peak_46	11.07	tp	0
4-AAAAAAAAACAAAACAAAW	STREME-4	3.8e-003	peak_225	11.06	fp	0
4-AAAAAAAAACAAAACAAAW	STREME-4	3.8e-003	peak_93	11.05	tp	0
4-AAAAAAAAACAAAACAAAW	STREME-4	3.8e-003	peak_82	11.01	tp	1
4-AAAAAAAAACAAAACAAAW	STREME-4	3.8e-003	peak_95	11.01	tp	0
4-AAAAAAAAACAAAACAAAW	STREME-4	3.8e-003	peak_16	11.01	tp	0
4-AAAAAAAAACAAAACAAAW	STREME-4	3.8e-003	peak_415	11.00	tp	0
4-AAAAAAAAACAAAACAAAW	STREME-4	3.8e-003	peak_435	10.99	tp	0
4-AAAAAAAAACAAAACAAAW	STREME-4	3.8e-003	peak_498	10.98	fp	0
4-AAAAAAAAACAAAACAAAW	STREME-4	3.8e-003	peak_587	10.96	tp	0
4-AAAAAAAAACAAAACAAAW	STREME-4	3.8e-003	peak_438	10.94	fp	0
4-AAAAAAAAACAAAACAAAW	STREME-4	3.8e-003	peak_657	10.92	tp	0
4-AAAAAAAAACAAAACAAAW	STREME-4	3.8e-003	peak_585	10.92	tp	1
4-AAAAAAAAACAAAACAAAW	STREME-4	3.8e-003	peak_462	10.92	fp	0
4-AAAAAAAAACAAAACAAAW	STREME-4	3.8e-003	peak_86	10.90	fp	0
4-AAAAAAAAACAAAACAAAW	STREME-4	3.8e-003	peak_444	10.88	fp	0
4-AAAAAAAAACAAAACAAAW	STREME-4	3.8e-003	peak_460	10.87	fp	0
4-AAAAAAAAACAAAACAAAW	STREME-4	3.8e-003	peak_615	10.86	tp	0
4-AAAAAAAAACAAAACAAAW	STREME-4	3.8e-003	peak_70	10.85	tp	0
4-AAAAAAAAACAAAACAAAW	STREME-4	3.8e-003	peak_299	10.82	tp	0
4-AAAAAAAAACAAAACAAAW	STREME-4	3.8e-003	peak_647	10.80	fp	0
4-AAAAAAAAACAAAACAAAW	STREME-4	3.8e-003	peak_690	10.80	fp	0
4-AAAAAAAAACAAAACAAAW	STREME-4	3.8e-003	peak_335	10.79	fp	0
4-AAAAAAAAACAAAACAAAW	STREME-4	3.8e-003	peak_256	10.79	tp	0
4-AAAAAAAAACAAAACAAAW	STREME-4	3.8e-003	peak_684	10.78	tp	0
4-AAAAAAAAACAAAACAAAW	STREME-4	3.8e-003	peak_541	10.78	tp	0
4-AAAAAAAAACAAAACAAAW	STREME-4	3.8e-003	peak_191	10.78	tp	0
4-AAAAAAAAACAAAACAAAW	STREME-4	3.8e-003	peak_164	10.77	tp	0
4-AAAAAAAAACAAAACAAAW	STREME-4	3.8e-003	peak_182	10.76	tp	1
4-AAAAAAAAACAAAACAAAW	STREME-4	3.8e-003	peak_199	10.76	tp	0
4-AAAAAAAAACAAAACAAAW	STREME-4	3.8e-003	peak_688	10.75	tp	0
4-AAAAAAAAACAAAACAAAW	STREME-4	3.8e-003	peak_435	10.72	fp	0
4-AAAAAAAAACAAAACAAAW	STREME-4	3.8e-003	peak_57	10.71	tp	0
4-AAAAAAAAACAAAACAAAW	STREME-4	3.8e-003	peak_375	10.70	tp	0
4-AAAAAAAAACAAAACAAAW	STREME-4	3.8e-003	peak_415	10.70	fp	0
4-AAAAAAAAACAAAACAAAW	STREME-4	3.8e-003	peak_689	10.70	tp	1
4-AAAAAAAAACAAAACAAAW	STREME-4	3.8e-003	peak_11	10.70	tp	0
4-AAAAAAAAACAAAACAAAW	STREME-4	3.8e-003	peak_244	10.65	tp	0
4-AAAAAAAAACAAAACAAAW	STREME-4	3.8e-003	peak_427	10.65	tp	0
4-AAAAAAAAACAAAACAAAW	STREME-4	3.8e-003	peak_481	10.64	tp	0
4-AAAAAAAAACAAAACAAAW	STREME-4	3.8e-003	peak_631	10.64	fp	0
4-AAAAAAAAACAAAACAAAW	STREME-4	3.8e-003	peak_496	10.64	tp	0
4-AAAAAAAAACAAAACAAAW	STREME-4	3.8e-003	peak_52	10.63	tp	0
4-AAAAAAAAACAAAACAAAW	STREME-4	3.8e-003	peak_126	10.62	fp	0
4-AAAAAAAAACAAAACAAAW	STREME-4	3.8e-003	peak_80	10.60	tp	0
4-AAAAAAAAACAAAACAAAW	STREME-4	3.8e-003	peak_414	10.60	tp	0
4-AAAAAAAAACAAAACAAAW	STREME-4	3.8e-003	peak_239	10.59	tp	0
4-AAAAAAAAACAAAACAAAW	STREME-4	3.8e-003	peak_258	10.58	tp	0
4-AAAAAAAAACAAAACAAAW	STREME-4	3.8e-003	peak_748	10.58	tp	0
4-AAAAAAAAACAAAACAAAW	STREME-4	3.8e-003	peak_123	10.58	tp	0
4-AAAAAAAAACAAAACAAAW	STREME-4	3.8e-003	peak_2	10.56	fp	0
4-AAAAAAAAACAAAACAAAW	STREME-4	3.8e-003	peak_576	10.55	tp	0
4-AAAAAAAAACAAAACAAAW	STREME-4	3.8e-003	peak_128	10.54	tp	0
4-AAAAAAAAACAAAACAAAW	STREME-4	3.8e-003	peak_638	10.52	tp	1
4-AAAAAAAAACAAAACAAAW	STREME-4	3.8e-003	peak_263	10.52	tp	0
4-AAAAAAAAACAAAACAAAW	STREME-4	3.8e-003	peak_809	10.52	tp	0
4-AAAAAAAAACAAAACAAAW	STREME-4	3.8e-003	peak_663	10.51	tp	0
4-AAAAAAAAACAAAACAAAW	STREME-4	3.8e-003	peak_636	10.49	fp	0
4-AAAAAAAAACAAAACAAAW	STREME-4	3.8e-003	peak_582	10.48	tp	0
4-AAAAAAAAACAAAACAAAW	STREME-4	3.8e-003	peak_407	10.47	tp	0
4-AAAAAAAAACAAAACAAAW	STREME-4	3.8e-003	peak_224	10.46	fp	0
4-AAAAAAAAACAAAACAAAW	STREME-4	3.8e-003	peak_834	10.44	tp	0
4-AAAAAAAAACAAAACAAAW	STREME-4	3.8e-003	peak_493	10.44	tp	0
4-AAAAAAAAACAAAACAAAW	STREME-4	3.8e-003	peak_72	10.43	fp	0
4-AAAAAAAAACAAAACAAAW	STREME-4	3.8e-003	peak_367	10.43	fp	0
4-AAAAAAAAACAAAACAAAW	STREME-4	3.8e-003	peak_651	10.43	tp	0
4-AAAAAAAAACAAAACAAAW	STREME-4	3.8e-003	peak_395	10.42	fp	0
4-AAAAAAAAACAAAACAAAW	STREME-4	3.8e-003	peak_157	10.41	tp	0
4-AAAAAAAAACAAAACAAAW	STREME-4	3.8e-003	peak_363	10.40	tp	0
4-AAAAAAAAACAAAACAAAW	STREME-4	3.8e-003	peak_323	10.40	tp	0
4-AAAAAAAAACAAAACAAAW	STREME-4	3.8e-003	peak_614	10.38	tp	0
4-AAAAAAAAACAAAACAAAW	STREME-4	3.8e-003	peak_783	10.37	tp	0
4-AAAAAAAAACAAAACAAAW	STREME-4	3.8e-003	peak_308	10.33	fp	0
4-AAAAAAAAACAAAACAAAW	STREME-4	3.8e-003	peak_699	10.30	fp	0
4-AAAAAAAAACAAAACAAAW	STREME-4	3.8e-003	peak_501	10.29	fp	1
4-AAAAAAAAACAAAACAAAW	STREME-4	3.8e-003	peak_817	10.29	tp	0
4-AAAAAAAAACAAAACAAAW	STREME-4	3.8e-003	peak_864	10.29	tp	0
4-AAAAAAAAACAAAACAAAW	STREME-4	3.8e-003	peak_42	10.26	tp	0
4-AAAAAAAAACAAAACAAAW	STREME-4	3.8e-003	peak_162	10.26	tp	0
4-AAAAAAAAACAAAACAAAW	STREME-4	3.8e-003	peak_21	10.26	tp	0
4-AAAAAAAAACAAAACAAAW	STREME-4	3.8e-003	peak_756	10.25	tp	0
4-AAAAAAAAACAAAACAAAW	STREME-4	3.8e-003	peak_286	10.24	tp	0
4-AAAAAAAAACAAAACAAAW	STREME-4	3.8e-003	peak_560	10.22	tp	0
#
5-CAGCCCTG	STREME-5	9.0e-003	peak_738	15.89	tp	0
5-CAGCCCTG	STREME-5	9.0e-003	peak_318	15.89	tp	0
5-CAGCCCTG	STREME-5	9.0e-003	peak_42	15.89	tp	0
5-CAGCCCTG	STREME-5	9.0e-003	peak_438	15.89	tp	0
5-CAGCCCTG	STREME-5	9.0e-003	peak_200	15.89	tp	0
5-CAGCCCTG	STREME-5	9.0e-003	peak_2	15.89	tp	0
5-CAGCCCTG	STREME-5	9.0e-003	peak_538	15.89	tp	0
5-CAGCCCTG	STREME-5	9.0e-003	peak_480	15.89	tp	0
5-CAGCCCTG	STREME-5	9.0e-003	peak_584	15.89	tp	0
5-CAGCCCTG	STREME-5	9.0e-003	peak_565	15.89	tp	0
5-CAGCCCTG	STREME-5	9.0e-003	peak_627	15.89	tp	0
5-CAGCCCTG	STREME-5	9.0e-003	peak_802	15.89	tp	0
5-CAGCCCTG	STREME-5	9.0e-003	peak_449	15.89	tp	0
5-CAGCCCTG	STREME-5	9.0e-003	peak_713	15.89	tp	0
5-CAGCCCTG	STREME-5	9.0e-003	peak_575	15.89	tp	0
5-CAGCCCTG	STREME-5	9.0e-003	peak_184	15.89	tp	0
5-CAGCCCTG	STREME-5	9.0e-003	peak_634	15.89	tp	0
5-CAGCCCTG	STREME-5	9.0e-003	peak_578	15.89	tp	0
5-CAGCCCTG	STREME-5	9.0e-003	peak_819	15.89	tp	0
5-CAGCCCTG	STREME-5	9.0e-003	peak_123	15.89	tp	0
5-CAGCCCTG	STREME-5	9.0e-003	peak_614	15.89	tp	0
5-CAGCCCTG	STREME-5	9.0e-003	peak_46	15.89	tp	0
5-CAGCCCTG	STREME-5	9.0e-003	peak_88	15.89	tp	0
5-CAGCCCTG	STREME-5	9.0e-003	peak_797	15.89	tp	0
5-CAGCCCTG	STREME-5	9.0e-003	peak_118	15.89	fp	0
5-CAGCCCTG	STREME-5	9.0e-003	peak_814	15.89	fp	0
5-CAGCCCTG	STREME-5	9.0e-003	peak_639	15.89	fp	0
5-CAGCCCTG	STREME-5	9.0e-003	peak_357	15.89	fp	0
5-CAGCCCTG	STREME-5	9.0e-003	peak_469	15.89	fp	0
5-CAGCCCTG	STREME-5	9.0e-003	peak_174	15.89	tp	1
5-CAGCCCTG	STREME-5	9.0e-003	peak_262	15.89	tp	1
5-CAGCCCTG	STREME-5	9.0e-003	peak_206	15.89	tp	1
5-CAGCCCTG	STREME-5	9.0e-003	peak_474	15.89	tp	1
5-CAGCCCTG	STREME-5	9.0e-003	peak_458	15.89	tp	1
5-CAGCCCTG	STREME-5	9.0e-003	peak_301	15.89	fp	1
5-CAGCCCTG	STREME-5	9.0e-003	peak_267	11.78	tp	0
5-CAGCCCTG	STREME-5	9.0e-003	peak_378	11.78	tp	0
5-CAGCCCTG	STREME-5	9.0e-003	peak_616	11.78	tp	0
5-CAGCCCTG	STREME-5	9.0e-003	peak_131	11.78	fp	0
5-CAGCCCTG	STREME-5	9.0e-003	peak_188	11.78	tp	1
5-CAGCCCTG	STREME-5	9.0e-003	peak_130	11.78	tp	1
5-CAGCCCTG	STREME-5	9.0e-003	peak_542	11.59	tp	0
5-CAGCCCTG	STREME-5	9.0e-003	peak_486	11.59	tp	0
5-CAGCCCTG	STREME-5	9.0e-003	peak_489	11.41	tp	0
5-CAGCCCTG	STREME-5	9.0e-003	peak_365	11.41	tp	0
5-CAGCCCTG	STREME-5	9.0e-003	peak_47	11.41	tp	0
5-CAGCCCTG	STREME-5	9.0e-003	peak_402	11.41	tp	0
5-CAGCCCTG	STREME-5	9.0e-003	peak_771	11.41	tp	0
5-CAGCCCTG	STREME-5	9.0e-003	peak_745	11.41	tp	0
5-CAGCCCTG	STREME-5	9.0e-003	peak_124	11.41	tp	0
5-CAGCCCTG	STREME-5	9.0e-003	peak_306	11.41	tp	0
5-CAGCCCTG	STREME-5	9.0e-003	peak_518	11.41	tp	0
5-CAGCCCTG	STREME-5	9.0e-003	peak_3	11.41	tp	0
5-CAGCCCTG	STREME-5	9.0e-003	peak_412	11.41	tp	0
5-CAGCCCTG	STREME-5	9.0e-003	peak_367	11.41	tp	0
5-CAGCCCTG	STREME-5	9.0e-003	peak_13	11.41	tp	0
5-CAGCCCTG	STREME-5	9.0e-003	peak_189	11.41	tp	0
5-CAGCCCTG	STREME-5	9.0e-003	peak_361	11.41	tp	0
5-CAGCCCTG	STREME-5	9.0e-003	peak_786	11.41	fp	0
5-CAGCCCTG	STREME-5	9.0e-003	peak_546	11.41	fp	0
5-CAGCCCTG	STREME-5	9.0e-003	peak_569	11.41	fp	0
5-CAGCCCTG	STREME-5	9.0e-003	peak_113	11.41	fp	0
5-CAGCCCTG	STREME-5	9.0e-003	peak_445	11.41	fp	0
5-CAGCCCTG	STREME-5	9.0e-003	peak_615	11.41	fp	0
5-CAGCCCTG	STREME-5	9.0e-003	peak_13	11.41	fp	0
5-CAGCCCTG	STREME-5	9.0e-003	peak_34	11.41	fp	0
5-CAGCCCTG	STREME-5	9.0e-003	peak_225	11.41	tp	1
5-CAGCCCTG	STREME-5	9.0e-003	peak_741	11.41	tp	1
#
6-CCACTGTRC	STREME-6	1.1e-002	peak_809	16.36	tp	0
6-CCACTGTRC	STREME-6	1.1e-002	peak_274	16.36	tp	0
6-CCACTGTRC	STREME-6	1.1e-002	peak_786	16.36	tp	0
6-CCACTGTRC	STREME-6	1.1e-002	peak_700	16.36	tp	0
6-CCACTGTRC	STREME-6	1.1e-002	peak_677	16.36	tp	0
6-CCACTGTRC	STREME-6	1.1e-002	peak_213	16.36	tp	0
6-CCACTGTRC	STREME-6	1.1e-002	peak_153	16.36	tp	0
6-CCACTGTRC	STREME-6	1.1e-002	peak_643	16.36	tp	0
6-CCACTGTRC	STREME-6	1.1e-002	peak_316	16.36	tp	0
6-CCACTGTRC	STREME-6	1.1e-002	peak_252	16.36	tp	0
6-CCACTGTRC	STREME-6	1.1e-002	peak_65	16.36	tp	0
6-CCACTGTRC	STREME-6	1.1e-002	peak_28	16.36	tp	0
6-CCACTGTRC	STREME-6	1.1e-002	peak_833	16.36	tp	0
6-CCACTGTRC	STREME-6	1.1e-002	peak_239	16.36	tp	0
6-CCACTGTRC	STREME-6	1.1e-002	peak_859	16.36	tp	0
6-CCACTGTRC	STREME-6	1.1e-002	peak_495	16.36	tp	0
6-CCACTGTRC	STREME-6	1.1e-002	peak_178	16.36	tp	0
6-CCACTGTRC	STREME-6	1.1e-002	peak_673	16.36	tp	0
6-CCACTGTRC	STREME-6	1.1e-002	peak_548	16.36	tp	0
6-CCACTGTRC	STREME-6	1.1e-002	peak_648	16.36	tp	0
6-CCACTGTRC	STREME-6	1.1e-002	peak_99	16.36	tp	0
6-CCACTGTRC	STREME-6	1.1e-002	peak_754	16.36	tp	0
6-CCACTGTRC	STREME-6	1.1e-002	peak_572	16.36	tp	0
6-CCACTGTRC	STREME-6	1.1e-002	peak_817	16.36	tp	0
6-CCACTGTRC	STREME-6	1.1e-002	peak_671	16.36	tp	0
6-CCACTGTRC	STREME-6	1.1e-002	peak_373	16.36	tp	0
6-CCACTGTRC	STREME-6	1.1e-002	peak_138	16.36	tp	0
6-CCACTGTRC	STREME-6	1.1e-002	peak_790	16.36	tp	0
6-CCACTGTRC	STREME-6	1.1e-002	peak_471	16.36	tp	0
6-CCACTGTRC	STREME-6	1.1e-002	peak_646	16.36	fp	0
6-CCACTGTRC	STREME-6	1.1e-002	peak_393	16.36	fp	0
6-CCACTGTRC	STREME-6	1.1e-002	peak_828	16.36	fp	0
6-CCACTGTRC	STREME-6	1.1e-002	peak_252	16.36	fp	0
6-CCACTGTRC	STREME-6	1.1e-002	peak_716	16.36	fp	0
6-CCACTGTRC	STREME-6	1.1e-002	peak_585	16.36	tp	1
6-CCACTGTRC	STREME-6	1.1e-002	peak_133	16.36	tp	1
6-CCACTGTRC	STREME-6	1.1e-002	peak_720	16.36	tp	1
6-CCACTGTRC	STREME-6	1.1e-002	peak_214	15.25	tp	0
6-CCACTGTRC	STREME-6	1.1e-002	peak_1	15.25	tp	0
6-CCACTGTRC	STREME-6	1.1e-002	peak_657	15.25	tp	0
6-CCACTGTRC	STREME-6	1.1e-002	peak_864	15.25	tp	0
6-CCACTGTRC	STREME-6	1.1e-002	peak_831	15.25	tp	0
6-CCACTGTRC	STREME-6	1.1e-002	peak_210	15.25	tp	0
6-CCACTGTRC	STREME-6	1.1e-002	peak_748	15.25	tp	0
6-CCACTGTRC	STREME-6	1.1e-002	peak_759	15.25	tp	0
6-CCACTGTRC	STREME-6	1.1e-002	peak_105	15.25	tp	0
6-CCACTGTRC	STREME-6	1.1e-002	peak_515	15.25	tp	0
6-CCACTGTRC	STREME-6	1.1e-002	peak_52	15.25	tp	0
6-CCACTGTRC	STREME-6	1.1e-002	peak_193	15.25	tp	0
6-CCACTGTRC	STREME-6	1.1e-002	peak_663	15.25	tp	0
6-CCACTGTRC	STREME-6	1.1e-002	peak_772	15.25	tp	0
6-CCACTGTRC	STREME-6	1.1e-002	peak_536	15.25	tp	0
6-CCACTGTRC	STREME-6	1.1e-002	peak_773	15.25	tp	0
6-CCACTGTRC	STREME-6	1.1e-002	peak_780	15.25	tp	0
6-CCACTGTRC	STREME-6	1.1e-002	peak_209	15.25	tp	0
6-CCACTGTRC	STREME-6	1.1e-002	peak_660	15.25	tp	0
6-CCACTGTRC	STREME-6	1.1e-002	peak_446	15.25	tp	0
6-CCACTGTRC	STREME-6	1.1e-002	peak_181	15.25	tp	0
6-CCACTGTRC	STREME-6	1.1e-002	peak_816	15.25	tp	0
6-CCACTGTRC	STREME-6	1.1e-002	peak_271	15.25	tp	0
6-CCACTGTRC	STREME-6	1.1e-002	peak_164	15.25	tp	0
6-CCACTGTRC	STREME-6	1.1e-002	peak_49	15.25	tp	0
6-CCACTGTRC	STREME-6	1.1e-002	peak_433	15.25	tp	0
6-CCACTGTRC	STREME-6	1.1e-002	peak_54	15.25	tp	0
6-CCACTGTRC	STREME-6	1.1e-002	peak_197	15.25	tp	0
6-CCACTGTRC	STREME-6	1.1e-002	peak_675	15.25	tp	0
6-CCACTGTRC	STREME-6	1.1e-002	peak_796	15.25	tp	0
6-CCACTGTRC	STREME-6	1.1e-002	peak_57	15.25	tp	0
6-CCACTGTRC	STREME-6	1.1e-002	peak_850	15.25	tp	0
6-CCACTGTRC	STREME-6	1.1e-002	peak_113	15.25	tp	0
6-CCACTGTRC	STREME-6	1.1e-002	peak_360	15.25	tp	0
6-CCACTGTRC	STREME-6	1.1e-002	peak_615	15.25	tp	0
6-CCACTGTRC	STREME-6	1.1e-002	peak_563	15.25	tp	0
6-CCACTGTRC	STREME-6	1.1e-002	peak_135	15.25	tp	0
6-CCACTGTRC	STREME-6	1.1e-002	peak_791	15.25	tp	0
6-CCACTGTRC	STREME-6	1.1e-002	peak_423	15.25	tp	0
6-CCACTGTRC	STREME-6	1.1e-002	peak_70	15.25	tp	0
6-CCACTGTRC	STREME-6	1.1e-002	peak_440	15.25	tp	0
6-CCACTGTRC	STREME-6	1.1e-002	peak_683	15.25	tp	0
6-CCACTGTRC	STREME-6	1.1e-002	peak_851	15.25	tp	0
6-CCACTGTRC	STREME-6	1.1e-002	peak_785	15.25	tp	0
6-CCACTGTRC	STREME-6	1.1e-002	peak_596	15.25	tp	0
6-CCACTGTRC	STREME-6	1.1e-002	peak_733	15.25	tp	0
6-CCACTGTRC	STREME-6	1.1e-002	peak_592	15.25	tp	0
6-CCACTGTRC	STREME-6	1.1e-002	peak_198	15.25	tp	0
6-CCACTGTRC	STREME-6	1.1e-002	peak_815	15.25	tp	0
6-CCACTGTRC	STREME-6	1.1e-002	peak_850	15.25	fp	0
6-CCACTGTRC	STREME-6	1.1e-002	peak_309	15.25	fp	0
6-CCACTGTRC	STREME-6	1.1e-002	peak_754	15.25	fp	0
6-CCACTGTRC	STREME-6	1.1e-002	peak_681	15.25	tp	1
6-CCACTGTRC	STREME-6	1.1e-002	peak_506	15.25	tp	1
6-CCACTGTRC	STREME-6	1.1e-002	peak_522	15.25	tp	1
6-CCACTGTRC	STREME-6	1.1e-002	peak_645	15.25	tp	1
6-CCACTGTRC	STREME-6	1.1e-002	peak_674	15.25	tp	1
6-CCACTGTRC	STREME-6	1.1e-002	peak_571	15.25	tp	1
6-CCACTGTRC	STREME-6	1.1e-002	peak_570	15.25	tp	1
6-CCACTGTRC	STREME-6	1.1e-002	peak_140	14.32	tp	0
6-CCACTGTRC	STREME-6	1.1e-002	peak_59	14.32	tp	0
6-CCACTGTRC	STREME-6	1.1e-002	peak_403	14.32	tp	0
6-CCACTGTRC	STREME-6	1.1e-002	peak_39	14.32	tp	0
6-CCACTGTRC	STREME-6	1.1e-002	peak_731	13.77	tp	0
6-CCACTGTRC	STREME-6	1.1e-002	peak_92	13.77	tp	0
6-CCACTGTRC	STREME-6	1.1e-002	peak_719	13.77	tp	0
6-CCACTGTRC	STREME-6	1.1e-002	peak_344	13.77	tp	0
6-CCACTGTRC	STREME-6	1.1e-002	peak_448	13.77	tp	0
6-CCACTGTRC	STREME-6	1.1e-002	peak_331	13.77	tp	0
6-CCACTGTRC	STREME-6	1.1e-002	peak_667	13.77	tp	0
6-CCACTGTRC	STREME-6	1.1e-002	peak_632	13.77	tp	0
6-CCACTGTRC	STREME-6	1.1e-002	peak_396	13.77	tp	0
6-CCACTGTRC	STREME-6	1.1e-002	peak_498	13.77	tp	0
6-CCACTGTRC	STREME-6	1.1e-002	peak_171	13.77	tp	0
6-CCACTGTRC	STREME-6	1.1e-002	peak_798	13.77	tp	0
6-CCACTGTRC	STREME-6	1.1e-002	peak_83	13.77	tp	0
6-CCACTGTRC	STREME-6	1.1e-002	peak_87	13.77	tp	0
6-CCACTGTRC	STREME-6	1.1e-002	peak_7	13.77	tp	0
6-CCACTGTRC	STREME-6	1.1e-002	peak_295	13.77	tp	0
6-CCACTGTRC	STREME-6	1.1e-002	peak_868	13.77	tp	0
6-CCACTGTRC	STREME-6	1.1e-002	peak_653	13.77	fp	0
6-CCACTGTRC	STREME-6	1.1e-002	peak_206	13.77	tp	1
6-CCACTGTRC	STREME-6	1.1e-002	peak_19	13.77	fp	1
6-CCACTGTRC	STREME-6	1.1e-002	peak_823	12.66	tp	0
6-CCACTGTRC	STREME-6	1.1e-002	peak_110	12.66	tp	0
6-CCACTGTRC	STREME-6	1.1e-002	peak_422	12.66	tp	0
6-CCACTGTRC	STREME-6	1.1e-002	peak_452	12.66	tp	0
6-CCACTGTRC	STREME-6	1.1e-002	peak_806	12.66	tp	0
6-CCACTGTRC	STREME-6	1.1e-002	peak_18	12.66	tp	0
6-CCACTGTRC	STREME-6	1.1e-002	peak_390	12.66	tp	0
6-CCACTGTRC	STREME-6	1.1e-002	peak_275	12.66	fp	0
6-CCACTGTRC	STREME-6	1.1e-002	peak_130	12.66	fp	0
6-CCACTGTRC	STREME-6	1.1e-002	peak_147	12.66	fp	0
6-CCACTGTRC	STREME-6	1.1e-002	peak_452	12.66	fp	0
6-CCACTGTRC	STREME-6	1.1e-002	peak_55	12.66	tp	1
6-CCACTGTRC	STREME-6	1.1e-002	peak_637	12.66	fp	1
6-CCACTGTRC	STREME-6	1.1e-002	peak_329	12.19	tp	0
6-CCACTGTRC	STREME-6	1.1e-002	peak_42	12.07	tp	0
6-CCACTGTRC	STREME-6	1.1e-002	peak_29	12.07	tp	0
6-CCACTGTRC	STREME-6	1.1e-002	peak_669	12.07	tp	0
6-CCACTGTRC	STREME-6	1.1e-002	peak_678	12.07	tp	0
6-CCACTGTRC	STREME-6	1.1e-002	peak_699	12.07	tp	0
6-CCACTGTRC	STREME-6	1.1e-002	peak_811	12.07	tp	0
6-CCACTGTRC	STREME-6	1.1e-002	peak_532	12.07	tp	0
6-CCACTGTRC	STREME-6	1.1e-002	peak_304	12.07	fp	0
6-CCACTGTRC	STREME-6	1.1e-002	peak_133	12.07	fp	0
6-CCACTGTRC	STREME-6	1.1e-002	peak_552	12.07	tp	1
6-CCACTGTRC	STREME-6	1.1e-002	peak_394	12.05	tp	0
6-CCACTGTRC	STREME-6	1.1e-002	peak_542	12.05	tp	0
6-CCACTGTRC	STREME-6	1.1e-002	peak_379	12.05	tp	0
6-CCACTGTRC	STREME-6	1.1e-002	peak_578	12.05	tp	0
6-CCACTGTRC	STREME-6	1.1e-002	peak_858	12.05	tp	0
6-CCACTGTRC	STREME-6	1.1e-002	peak_246	12.05	fp	0
6-CCACTGTRC	STREME-6	1.1e-002	peak_752	12.05	tp	1
6-CCACTGTRC	STREME-6	1.1e-002	peak_524	12.02	tp	0
6-CCACTGTRC	STREME-6	1.1e-002	peak_781	12.02	tp	0
6-CCACTGTRC	STREME-6	1.1e-002	peak_97	12.02	tp	0
6-CCACTGTRC	STREME-6	1.1e-002	peak_304	12.02	tp	0
6-CCACTGTRC	STREME-6	1.1e-002	peak_735	12.02	tp	0
6-CCACTGTRC	STREME-6	1.1e-002	peak_191	12.02	tp	0
6-CCACTGTRC	STREME-6	1.1e-002	peak_121	12.02	tp	0
6-CCACTGTRC	STREME-6	1.1e-002	peak_115	12.02	tp	0
6-CCACTGTRC	STREME-6	1.1e-002	peak_300	12.02	tp	0
6-CCACTGTRC	STREME-6	1.1e-002	peak_37	12.02	fp	0
6-CCACTGTRC	STREME-6	1.1e-002	peak_790	12.02	fp	0
6-CCACTGTRC	STREME-6	1.1e-002	peak_679	12.02	fp	1
6-CCACTGTRC	STREME-6	1.1e-002	peak_473	12.02	fp	1
#
7-CBCTCTCKCTCTCKCTCTC	STREME-7	1.4e-002	peak_49	24.50	tp	0
7-CBCTCTCKCTCTCKCTCTC	STREME-7	1.4e-002	peak_1	24.31	tp	0
7-CBCTCTCKCTCTCKCTCTC	STREME-7	1.4e-002	peak_596	24.24	tp	0
7-CBCTCTCKCTCTCKCTCTC	STREME-7	1.4e-002	peak_427	24.22	tp	0
7-CBCTCTCKCTCTCKCTCTC	STREME-7	1.4e-002	peak_788	23.82	tp	0
7-CBCTCTCKCTCTCKCTCTC	STREME-7	1.4e-002	peak_393	23.57	fp	0
7-CBCTCTCKCTCTCKCTCTC	STREME-7	1.4e-002	peak_261	23.01	tp	0
7-CBCTCTCKCTCTCKCTCTC	STREME-7	1.4e-002	peak_748	22.98	tp	0
7-CBCTCTCKCTCTCKCTCTC	STREME-7	1.4e-002	peak_22	22.58	tp	0
7-CBCTCTCKCTCTCKCTCTC	STREME-7	1.4e-002	peak_50	22.49	tp	0
7-CBCTCTCKCTCTCKCTCTC	STREME-7	1.4e-002	peak_520	22.46	tp	0
7-CBCTCTCKCTCTCKCTCTC	STREME-7	1.4e-002	peak_393	22.37	tp	0
7-CBCTCTCKCTCTCKCTCTC	STREME-7	1.4e-002	peak_603	22.08	tp	0
7-CBCTCTCKCTCTCKCTCTC	STREME-7	1.4e-002	peak_767	21.98	tp	0
7-CBCTCTCKCTCTCKCTCTC	STREME-7	1.4e-002	peak_778	21.60	tp	0
7-CBCTCTCKCTCTCKCTCTC	STREME-7	1.4e-002	peak_801	21.32	tp	0
7-CBCTCTCKCTCTCKCTCTC	STREME-7	1.4e-002	peak_219	21.26	tp	0
7-CBCTCTCKCTCTCKCTCTC	STREME-7	1.4e-002	peak_126	21.05	tp	0
7-CBCTCTCKCTCTCKCTCTC	STREME-7	1.4e-002	peak_182	20.87	tp	1
7-CBCTCTCKCTCTCKCTCTC	STREME-7	1.4e-002	peak_431	20.76	tp	0
7-CBCTCTCKCTCTCKCTCTC	STREME-7	1.4e-002	peak_546	20.75	tp	1
7-CBCTCTCKCTCTCKCTCTC	STREME-7	1.4e-002	peak_107	20.27	tp	0
7-CBCTCTCKCTCTCKCTCTC	STREME-7	1.4e-002	peak_643	20.07	tp	0
7-CBCTCTCKCTCTCKCTCTC	STREME-7	1.4e-002	peak_373	19.95	tp	0
7-CBCTCTCKCTCTCKCTCTC	STREME-7	1.4e-002	peak_752	19.90	tp	1
7-CBCTCTCKCTCTCKCTCTC	STREME-7	1.4e-002	peak_792	19.82	tp	0
7-CBCTCTCKCTCTCKCTCTC	STREME-7	1.4e-002	peak_68	19.79	tp	0
7-CBCTCTCKCTCTCKCTCTC	STREME-7	1.4e-002	peak_429	19.69	tp	0
7-CBCTCTCKCTCTCKCTCTC	STREME-7	1.4e-002	peak_673	19.49	tp	0
7-CBCTCTCKCTCTCKCTCTC	STREME-7	1.4e-002	peak_223	19.48	tp	0
7-CBCTCTCKCTCTCKCTCTC	STREME-7	1.4e-002	peak_716	19.44	tp	0
7-CBCTCTCKCTCTCKCTCTC	STREME-7	1.4e-002	peak_746	19.30	tp	0
7-CBCTCTCKCTCTCKCTCTC	STREME-7	1.4e-002	peak_420	19.20	tp	0
7-CBCTCTCKCTCTCKCTCTC	STREME-7	1.4e-002	peak_296	19.18	tp	0
7-CBCTCTCKCTCTCKCTCTC	STREME-7	1.4e-002	peak_283	19.17	tp	0
7-CBCTCTCKCTCTCKCTCTC	STREME-7	1.4e-002	peak_795	19.00	tp	0
7-CBCTCTCKCTCTCKCTCTC	STREME-7	1.4e-002	peak_621	18.96	tp	0
7-CBCTCTCKCTCTCKCTCTC	STREME-7	1.4e-002	peak_42	18.76	tp	0
7-CBCTCTCKCTCTCKCTCTC	STREME-7	1.4e-002	peak_680	18.64	tp	0
7-CBCTCTCKCTCTCKCTCTC	STREME-7	1.4e-002	peak_726	18.60	tp	0
7-CBCTCTCKCTCTCKCTCTC	STREME-7	1.4e-002	peak_776	18.56	tp	0
7-CBCTCTCKCTCTCKCTCTC	STREME-7	1.4e-002	peak_342	18.49	tp	0
7-CBCTCTCKCTCTCKCTCTC	STREME-7	1.4e-002	peak_794	18.46	tp	0
7-CBCTCTCKCTCTCKCTCTC	STREME-7	1.4e-002	peak_721	18.31	tp	0
7-CBCTCTCKCTCTCKCTCTC	STREME-7	1.4e-002	peak_690	18.29	tp	0
7-CBCTCTCKCTCTCKCTCTC	STREME-7	1.4e-002	peak_793	18.28	tp	0
7-CBCTCTCKCTCTCKCTCTC	STREME-7	1.4e-002	peak_98	18.18	tp	0
7-CBCTCTCKCTCTCKCTCTC	STREME-7	1.4e-002	peak_197	18.15	tp	0
7-CBCTCTCKCTCTCKCTCTC	STREME-7	1.4e-002	peak_796	18.12	tp	0
7-CBCTCTCKCTCTCKCTCTC	STREME-7	1.4e-002	peak_761	17.95	tp	0
7-CBCTCTCKCTCTCKCTCTC	STREME-7	1.4e-002	peak_566	17.87	tp	0
7-CBCTCTCKCTCTCKCTCTC	STREME-7	1.4e-002	peak_804	17.83	tp	0
7-CBCTCTCKCTCTCKCTCTC	STREME-7	1.4e-002	peak_857	17.82	tp	1
7-CBCTCTCKCTCTCKCTCTC	STREME-7	1.4e-002	peak_253	17.78	fp	0
7-CBCTCTCKCTCTCKCTCTC	STREME-7	1.4e-002	peak_113	17.74	tp	0
7-CBCTCTCKCTCTCKCTCTC	STREME-7	1.4e-002	peak_797	17.70	tp	0
7-CBCTCTCKCTCTCKCTCTC	STREME-7	1.4e-002	peak_108	17.66	tp	0
7-CBCTCTCKCTCTCKCTCTC	STREME-7	1.4e-002	peak_484	17.66	tp	1
7-CBCTCTCKCTCTCKCTCTC	STREME-7	1.4e-002	peak_229	17.54	tp	0
7-CBCTCTCKCTCTCKCTCTC	STREME-7	1.4e-002	peak_704	17.33	tp	0
7-CBCTCTCKCTCTCKCTCTC	STREME-7	1.4e-002	peak_328	17.21	tp	0
7-CBCTCTCKCTCTCKCTCTC	STREME-7	1.4e-002	peak_633	17.20	tp	0
7-CBCTCTCKCTCTCKCTCTC	STREME-7	1.4e-002	peak_663	16.97	tp	0
7-CBCTCTCKCTCTCKCTCTC	STREME-7	1.4e-002	peak_730	16.87	tp	0
7-CBCTCTCKCTCTCKCTCTC	STREME-7	1.4e-002	peak_544	16.78	tp	0
7-CBCTCTCKCTCTCKCTCTC	STREME-7	1.4e-002	peak_410	16.77	tp	0
7-CBCTCTCKCTCTCKCTCTC	STREME-7	1.4e-002	peak_297	16.13	tp	0
7-CBCTCTCKCTCTCKCTCTC	STREME-7	1.4e-002	peak_554	16.07	tp	0
7-CBCTCTCKCTCTCKCTCTC	STREME-7	1.4e-002	peak_669	16.06	tp	0
7-CBCTCTCKCTCTCKCTCTC	STREME-7	1.4e-002	peak_271	15.84	tp	0
7-CBCTCTCKCTCTCKCTCTC	STREME-7	1.4e-002	peak_722	15.38	tp	1
7-CBCTCTCKCTCTCKCTCTC	STREME-7	1.4e-002	peak_388	15.35	tp	0
7-CBCTCTCKCTCTCKCTCTC	STREME-7	1.4e-002	peak_784	15.17	tp	0
#
8-CAGGGGCGTAGKCV	STREME-8	1.4e-002	peak_620	23.95	tp	0
8-CAGGGGCGTAGKCV	STREME-8	1.4e-002	peak_116	23.95	tp	0
8-CAGGGGCGTAGKCV	STREME-8	1.4e-002	peak_148	23.95	tp	0
8-CAGGGGCGTAGKCV	STREME-8	1.4e-002	peak_386	23.59	tp	0
8-CAGGGGCGTAGKCV	STREME-8	1.4e-002	peak_706	22.92	tp	0
8-CAGGGGCGTAGKCV	STREME-8	1.4e-002	peak_495	21.94	tp	0
8-CAGGGGCGTAGKCV	STREME-8	1.4e-002	peak_624	21.87	tp	0
8-CAGGGGCGTAGKCV	STREME-8	1.4e-002	peak_844	20.76	tp	0
8-CAGGGGCGTAGKCV	STREME-8	1.4e-002	peak_803	20.72	tp	0
8-CAGGGGCGTAGKCV	STREME-8	1.4e-002	peak_436	20.72	tp	0
8-CAGGGGCGTAGKCV	STREME-8	1.4e-002	peak_142	20.31	tp	0
8-CAGGGGCGTAGKCV	STREME-8	1.4e-002	peak_564	20.26	tp	0
8-CAGGGGCGTAGKCV	STREME-8	1.4e-002	peak_56	20.21	fp	0
8-CAGGGGCGTAGKCV	STREME-8	1.4e-002	peak_489	19.18	tp	0
8-CAGGGGCGTAGKCV	STREME-8	1.4e-002	peak_333	18.75	tp	0
8-CAGGGGCGTAGKCV	STREME-8	1.4e-002	peak_441	18.64	tp	0
8-CAGGGGCGTAGKCV	STREME-8	1.4e-002	peak_467	18.63	tp	0
8-CAGGGGCGTAGKCV	STREME-8	1.4e-002	peak_364	18.61	tp	0
8-CAGGGGCGTAGKCV	STREME-8	1.4e-002	peak_606	18.37	tp	0
8-CAGGGGCGTAGKCV	STREME-8	1.4e-002	peak_801	17.96	tp	0
8-CAGGGGCGTAGKCV	STREME-8	1.4e-002	peak_272	17.50	tp	0
8-CAGGGGCGTAGKCV	STREME-8	1.4e-002	peak_62	17.45	tp	0
8-CAGGGGCGTAGKCV	STREME-8	1.4e-002	peak_158	17.24	tp	0
8-CAGGGGCGTAGKCV	STREME-8	1.4e-002	peak_282	17.15	tp	0
8-CAGGGGCGTAGKCV	STREME-8	1.4e-002	peak_47	17.05	tp	0
8-CAGGGGCGTAGKCV	STREME-8	1.4e-002	peak_571	16.92	tp	1
8-CAGGGGCGTAGKCV	STREME-8	1.4e-002	peak_201	16.83	tp	0
8-CAGGGGCGTAGKCV	STREME-8	1.4e-002	peak_546	16.83	tp	1
8-CAGGGGCGTAGKCV	STREME-8	1.4e-002	peak_747	16.82	tp	0
8-CAGGGGCGTAGKCV	STREME-8	1.4e-002	peak_172	16.81	tp	0
8-CAGGGGCGTAGKCV	STREME-8	1.4e-002	peak_380	16.81	tp	1
8-CAGGGGCGTAGKCV	STREME-8	1.4e-002	peak_296	16.59	tp	0
8-CAGGGGCGTAGKCV	STREME-8	1.4e-002	peak_502	16.53	tp	0
8-CAGGGGCGTAGKCV	STREME-8	1.4e-002	peak_340	16.53	tp	0
8-CAGGGGCGTAGKCV	STREME-8	1.4e-002	peak_248	16.36	tp	0
8-CAGGGGCGTAGKCV	STREME-8	1.4e-002	peak_261	16.32	tp	0
8-CAGGGGCGTAGKCV	STREME-8	1.4e-002	peak_448	16.31	tp	0
8-CAGGGGCGTAGKCV	STREME-8	1.4e-002	peak_527	16.13	tp	0
8-CAGGGGCGTAGKCV	STREME-8	1.4e-002	peak_673	16.05	tp	0
8-CAGGGGCGTAGKCV	STREME-8	1.4e-002	peak_593	15.98	tp	0
8-CAGGGGCGTAGKCV	STREME-8	1.4e-002	peak_789	15.91	tp	0
8-CAGGGGCGTAGKCV	STREME-8	1.4e-002	peak_853	15.85	tp	0
8-CAGGGGCGTAGKCV	STREME-8	1.4e-002	peak_64	15.74	tp	0
8-CAGGGGCGTAGKCV	STREME-8	1.4e-002	peak_433	15.70	tp	0
8-CAGGGGCGTAGKCV	STREME-8	1.4e-002	peak_7	15.61	tp	0
8-CAGGGGCGTAGKCV	STREME-8	1.4e-002	peak_764	15.56	tp	0
8-CAGGGGCGTAGKCV	STREME-8	1.4e-002	peak_538	15.52	tp	0
8-CAGGGGCGTAGKCV	STREME-8	1.4e-002	peak_751	15.17	tp	0
8-CAGGGGCGTAGKCV	STREME-8	1.4e-002	peak_425	15.10	tp	0
8-CAGGGGCGTAGKCV	STREME-8	1.4e-002	peak_484	14.92	tp	1
8-CAGGGGCGTAGKCV	STREME-8	1.4e-002	peak_105	14.89	fp	0
8-CAGGGGCGTAGKCV	STREME-8	1.4e-002	peak_557	14.74	tp	0
8-CAGGGGCGTAGKCV	STREME-8	1.4e-002	peak_195	14.46	fp	0
8-CAGGGGCGTAGKCV	STREME-8	1.4e-002	peak_472	14.34	tp	0
8-CAGGGGCGTAGKCV	STREME-8	1.4e-002	peak_257	14.17	tp	0
8-CAGGGGCGTAGKCV	STREME-8	1.4e-002	peak_391	14.13	tp	1
8-CAGGGGCGTAGKCV	STREME-8	1.4e-002	peak_473	14.00	tp	0
8-CAGGGGCGTAGKCV	STREME-8	1.4e-002	peak_482	13.96	tp	0
8-CAGGGGCGTAGKCV	STREME-8	1.4e-002	peak_800	13.86	tp	0
8-CAGGGGCGTAGKCV	STREME-8	1.4e-002	peak_289	13.75	tp	0
8-CAGGGGCGTAGKCV	STREME-8	1.4e-002	peak_861	13.67	tp	0
8-CAGGGGCGTAGKCV	STREME-8	1.4e-002	peak_247	13.60	tp	0
8-CAGGGGCGTAGKCV	STREME-8	1.4e-002	peak_870	13.39	tp	0
8-CAGGGGCGTAGKCV	STREME-8	1.4e-002	peak_290	13.37	fp	0
8-CAGGGGCGTAGKCV	STREME-8	1.4e-002	peak_93	13.24	tp	0
8-CAGGGGCGTAGKCV	STREME-8	1.4e-002	peak_275	13.18	tp	0
8-CAGGGGCGTAGKCV	STREME-8	1.4e-002	peak_254	13.00	tp	0
8-CAGGGGCGTAGKCV	STREME-8	1.4e-002	peak_350	12.92	tp	0
8-CAGGGGCGTAGKCV	STREME-8	1.4e-002	peak_487	12.91	tp	0
8-CAGGGGCGTAGKCV	STREME-8	1.4e-002	peak_394	12.87	tp	0
8-CAGGGGCGTAGKCV	STREME-8	1.4e-002	peak_747	12.86	fp	0
8-CAGGGGCGTAGKCV	STREME-8	1.4e-002	peak_810	12.76	tp	0
8-CAGGGGCGTAGKCV	STREME-8	1.4e-002	peak_286	12.59	tp	0
8-CAGGGGCGTAGKCV	STREME-8	1.4e-002	peak_187	12.43	tp	0
8-CAGGGGCGTAGKCV	STREME-8	1.4e-002	peak_190	12.40	tp	1
8-CAGGGGCGTAGKCV	STREME-8	1.4e-002	peak_540	12.29	tp	0
8-CAGGGGCGTAGKCV	STREME-8	1.4e-002	peak_326	12.23	tp	0
#
9-ATATAAATATATATWWAAWT	STREME-9	1.5e-002	peak_326	21.75	tp	0
9-ATATAAATATATATWWAAWT	STREME-9	1.5e-002	peak_593	19.22	tp	0
9-ATATAAATATATATWWAAWT	STREME-9	1.5e-002	peak_256	18.60	tp	0
9-ATATAAATATATATWWAAWT	STREME-9	1.5e-002	peak_558	17.47	tp	0
9-ATATAAATATATATWWAAWT	STREME-9	1.5e-002	peak_735	17.30	tp	0
9-ATATAAATATATATWWAAWT	STREME-9	1.5e-002	peak_797	17.10	tp	0
9-ATATAAATATATATWWAAWT	STREME-9	1.5e-002	peak_317	16.75	tp	0
9-ATATAAATATATATWWAAWT	STREME-9	1.5e-002	peak_410	16.63	tp	0
9-ATATAAATATATATWWAAWT	STREME-9	1.5e-002	peak_295	16.62	tp	0
9-ATATAAATATATATWWAAWT	STREME-9	1.5e-002	peak_440	16.54	tp	0
9-ATATAAATATATATWWAAWT	STREME-9	1.5e-002	peak_76	16.48	tp	0
9-ATATAAATATATATWWAAWT	STREME-9	1.5e-002	peak_670	16.36	fp	0
9-ATATAAATATATATWWAAWT	STREME-9	1.5e-002	peak_520	16.18	tp	0
9-ATATAAATATATATWWAAWT	STREME-9	1.5e-002	peak_819	16.13	tp	0
9-ATATAAATATATATWWAAWT	STREME-9	1.5e-002	peak_686	16.10	tp	0
9-ATATAAATATATATWWAAWT	STREME-9	1.5e-002	peak_277	15.99	fp	0
9-ATATAAATATATATWWAAWT	STREME-9	1.5e-002	peak_356	15.96	tp	0
9-ATATAAATATATATWWAAWT	STREME-9	1.5e-002	peak_251	15.91	tp	0
9-ATATAAATATATATWWAAWT	STREME-9	1.5e-002	peak_630	15.70	fp	0
9-ATATAAATATATATWWAAWT	STREME-9	1.5e-002	peak_337	15.60	tp	0
9-ATATAAATATATATWWAAWT	STREME-9	1.5e-002	peak_848	15.50	tp	0
9-ATATAAATATATATWWAAWT	STREME-9	1.5e-002	peak_651	15.43	tp	0
9-ATATAAATATATATWWAAWT	STREME-9	1.5e-002	peak_846	15.19	tp	1
9-ATATAAATATATATWWAAWT	STREME-9	1.5e-002	peak_673	15.18	tp	0
9-ATATAAATATATATWWAAWT	STREME-9	1.5e-002	peak_465	15.16	tp	0
9-ATATAAATATATATWWAAWT	STREME-9	1.5e-002	peak_99	15.00	tp	0
9-ATATAAATATATATWWAAWT	STREME-9	1.5e-002	peak_509	15.00	tp	0
9-ATATAAATATATATWWAAWT	STREME-9	1.5e-002	peak_141	14.95	tp	0
9-ATATAAATATATATWWAAWT	STREME-9	1.5e-002	peak_150	14.94	tp	0
9-ATATAAATATATATWWAAWT	STREME-9	1.5e-002	peak_715	14.94	tp	0
9-ATATAAATATATATWWAAWT	STREME-9	1.5e-002	peak_391	14.93	tp	1
9-ATATAAATATATATWWAAWT	STREME-9	1.5e-002	peak_775	14.89	tp	0
9-ATATAAATATATATWWAAWT	STREME-9	1.5e-002	peak_836	14.89	tp	0
9-ATATAAATATATATWWAAWT	STREME-9	1.5e-002	peak_209	14.87	tp	0
9-ATATAAATATATATWWAAWT	STREME-9	1.5e-002	peak_655	14.75	tp	0
9-ATATAAATATATATWWAAWT	STREME-9	1.5e-002	peak_853	14.69	tp	0
9-ATATAAATATATATWWAAWT	STREME-9	1.5e-002	peak_16	14.65	tp	0
9-ATATAAATATATATWWAAWT	STREME-9	1.5e-002	peak_817	14.58	tp	0
9-ATATAAATATATATWWAAWT	STREME-9	1.5e-002	peak_77	14.52	fp	0
9-ATATAAATATATATWWAAWT	STREME-9	1.5e-002	peak_713	14.51	tp	0
9-ATATAAATATATATWWAAWT	STREME-9	1.5e-002	peak_64	14.48	tp	0
9-ATATAAATATATATWWAAWT	STREME-9	1.5e-002	peak_373	14.47	fp	0
9-ATATAAATATATATWWAAWT	STREME-9	1.5e-002	peak_718	14.45	tp	0
9-ATATAAATATATATWWAAWT	STREME-9	1.5e-002	peak_86	14.45	tp	0
9-ATATAAATATATATWWAAWT	STREME-9	1.5e-002	peak_330	14.37	tp	0
9-ATATAAATATATATWWAAWT	STREME-9	1.5e-002	peak_625	14.31	tp	0
9-ATATAAATATATATWWAAWT	STREME-9	1.5e-002	peak_449	14.28	fp	0
9-ATATAAATATATATWWAAWT	STREME-9	1.5e-002	peak_154	14.20	tp	0
9-ATATAAATATATATWWAAWT	STREME-9	1.5e-002	peak_454	14.13	fp	0
9-ATATAAATATATATWWAAWT	STREME-9	1.5e-002	peak_574	14.04	fp	0
9-ATATAAATATATATWWAAWT	STREME-9	1.5e-002	peak_312	13.99	tp	0
9-ATATAAATATATATWWAAWT	STREME-9	1.5e-002	peak_551	13.96	fp	0
9-ATATAAATATATATWWAAWT	STREME-9	1.5e-002	peak_764	13.96	tp	0
9-ATATAAATATATATWWAAWT	STREME-9	1.5e-002	peak_19	13.92	tp	0
9-ATATAAATATATATWWAAWT	STREME-9	1.5e-002	peak_504	13.90	tp	0
9-ATATAAATATATATWWAAWT	STREME-9	1.5e-002	peak_814	13.85	tp	0
9-ATATAAATATATATWWAAWT	STREME-9	1.5e-002	peak_444	13.85	tp	0
9-ATATAAATATATATWWAAWT	STREME-9	1.5e-002	peak_242	13.83	tp	0
9-ATATAAATATATATWWAAWT	STREME-9	1.5e-002	peak_108	13.83	tp	0
9-ATATAAATATATATWWAAWT	STREME-9	1.5e-002	peak_312	13.81	fp	1
9-ATATAAATATATATWWAAWT	STREME-9	1.5e-002	peak_67	13.79	tp	0
9-ATATAAATATATATWWAAWT	STREME-9	1.5e-002	peak_167	13.70	tp	0
9-ATATAAATATATATWWAAWT	STREME-9	1.5e-002	peak_489	13.67	fp	0
9-ATATAAATATATATWWAAWT	STREME-9	1.5e-002	peak_435	13.67	tp	0
9-ATATAAATATATATWWAAWT	STREME-9	1.5e-002	peak_489	13.58	tp	0
9-ATATAAATATATATWWAAWT	STREME-9	1.5e-002	peak_112	13.53	tp	0
9-ATATAAATATATATWWAAWT	STREME-9	1.5e-002	peak_613	13.51	tp	0
9-ATATAAATATATATWWAAWT	STREME-9	1.5e-002	peak_297	13.48	tp	0
9-ATATAAATATATATWWAAWT	STREME-9	1.5e-002	peak_650	13.47	tp	0
9-ATATAAATATATATWWAAWT	STREME-9	1.5e-002	peak_153	13.40	tp	0
9-ATATAAATATATATWWAAWT	STREME-9	1.5e-002	peak_197	13.38	tp	0
9-ATATAAATATATATWWAAWT	STREME-9	1.5e-002	peak_702	13.38	tp	0
9-ATATAAATATATATWWAAWT	STREME-9	1.5e-002	peak_681	13.38	tp	1
9-ATATAAATATATATWWAAWT	STREME-9	1.5e-002	peak_771	13.38	tp	0
9-ATATAAATATATATWWAAWT	STREME-9	1.5e-002	peak_328	13.38	tp	0
9-ATATAAATATATATWWAAWT	STREME-9	1.5e-002	peak_98	13.36	tp	0
9-ATATAAATATATATWWAAWT	STREME-9	1.5e-002	peak_709	13.35	tp	0
9-ATATAAATATATATWWAAWT	STREME-9	1.5e-002	peak_298	13.33	tp	0
9-ATATAAATATATATWWAAWT	STREME-9	1.5e-002	peak_96	13.30	tp	0
9-ATATAAATATATATWWAAWT	STREME-9	1.5e-002	peak_553	13.21	tp	0
9-ATATAAATATATATWWAAWT	STREME-9	1.5e-002	peak_321	13.15	tp	0
9-ATATAAATATATATWWAAWT	STREME-9	1.5e-002	peak_793	13.13	tp	0
9-ATATAAATATATATWWAAWT	STREME-9	1.5e-002	peak_300	13.13	tp	0
9-ATATAAATATATATWWAAWT	STREME-9	1.5e-002	peak_340	13.13	tp	0
9-ATATAAATATATATWWAAWT	STREME-9	1.5e-002	peak_454	13.12	tp	0
9-ATATAAATATATATWWAAWT	STREME-9	1.5e-002	peak_256	13.09	fp	0
9-ATATAAATATATATWWAAWT	STREME-9	1.5e-002	peak_11	13.08	tp	0
9-ATATAAATATATATWWAAWT	STREME-9	1.5e-002	peak_714	13.07	tp	0
9-ATATAAATATATATWWAAWT	STREME-9	1.5e-002	peak_734	13.03	tp	0
9-ATATAAATATATATWWAAWT	STREME-9	1.5e-002	peak_77	13.02	tp	0
9-ATATAAATATATATWWAAWT	STREME-9	1.5e-002	peak_284	12.98	tp	1
9-ATATAAATATATATWWAAWT	STREME-9	1.5e-002	peak_532	12.98	tp	0
9-ATATAAATATATATWWAAWT	STREME-9	1.5e-002	peak_350	12.94	tp	0
9-ATATAAATATATATWWAAWT	STREME-9	1.5e-002	peak_796	12.93	tp	0
9-ATATAAATATATATWWAAWT	STREME-9	1.5e-002	peak_422	12.90	fp	0
9-ATATAAATATATATWWAAWT	STREME-9	1.5e-002	peak_181	12.87	fp	0
9-ATATAAATATATATWWAAWT	STREME-9	1.5e-002	peak_652	12.82	fp	1
9-ATATAAATATATATWWAAWT	STREME-9	1.5e-002	peak_351	12.81	tp	0
9-ATATAAATATATATWWAAWT	STREME-9	1.5e-002	peak_600	12.81	tp	0
9-ATATAAATATATATWWAAWT	STREME-9	1.5e-002	peak_104	12.77	tp	0
9-ATATAAATATATATWWAAWT	STREME-9	1.5e-002	peak_327	12.77	tp	0
9-ATATAAATATATATWWAAWT	STREME-9	1.5e-002	peak_562	12.75	tp	0
9-ATATAAATATATATWWAAWT	STREME-9	1.5e-002	peak_545	12.73	fp	0
9-ATATAAATATATATWWAAWT	STREME-9	1.5e-002	peak_682	12.71	tp	0
9-ATATAAATATATATWWAAWT	STREME-9	1.5e-002	peak_597	12.65	tp	0
9-ATATAAATATATATWWAAWT	STREME-9	1.5e-002	peak_152	12.65	tp	1
9-ATATAAATATATATWWAAWT	STREME-9	1.5e-002	peak_277	12.62	tp	0
9-ATATAAATATATATWWAAWT	STREME-9	1.5e-002	peak_403	12.59	tp	0
9-ATATAAATATATATWWAAWT	STREME-9	1.5e-002	peak_405	12.58	tp	0
9-ATATAAATATATATWWAAWT	STREME-9	1.5e-002	peak_81	12.57	tp	0
9-ATATAAATATATATWWAAWT	STREME-9	1.5e-002	peak_482	12.56	tp	0
9-ATATAAATATATATWWAAWT	STREME-9	1.5e-002	peak_226	12.55	tp	0
9-ATATAAATATATATWWAAWT	STREME-9	1.5e-002	peak_551	12.54	tp	1
9-ATATAAATATATATWWAAWT	STREME-9	1.5e-002	peak_733	12.51	tp	0
9-ATATAAATATATATWWAAWT	STREME-9	1.5e-002	peak_343	12.43	tp	0
9-ATATAAATATATATWWAAWT	STREME-9	1.5e-002	peak_239	12.39	fp	0
9-ATATAAATATATATWWAAWT	STREME-9	1.5e-002	peak_12	12.38	fp	0
9-ATATAAATATATATWWAAWT	STREME-9	1.5e-002	peak_124	12.31	fp	0
9-ATATAAATATATATWWAAWT	STREME-9	1.5e-002	peak_156	12.29	tp	0
9-ATATAAATATATATWWAAWT	STREME-9	1.5e-002	peak_447	12.27	tp	0
9-ATATAAATATATATWWAAWT	STREME-9	1.5e-002	peak_670	12.26	tp	0
9-ATATAAATATATATWWAAWT	STREME-9	1.5e-002	peak_179	12.18	tp	0
9-ATATAAATATATATWWAAWT	STREME-9	1.5e-002	peak_48	12.14	fp	0
9-ATATAAATATATATWWAAWT	STREME-9	1.5e-002	peak_110	12.12	tp	0
9-ATATAAATATATATWWAAWT	STREME-9	1.5e-002	peak_56	12.12	tp	0
9-ATATAAATATATATWWAAWT	STREME-9	1.5e-002	peak_73	12.08	tp	0
9-ATATAAATATATATWWAAWT	STREME-9	1.5e-002	peak_616	12.08	tp	0
9-ATATAAATATATATWWAAWT	STREME-9	1.5e-002	peak_98	12.07	fp	0
9-ATATAAATATATATWWAAWT	STREME-9	1.5e-002	peak_359	12.07	tp	1
9-ATATAAATATATATWWAAWT	STREME-9	1.5e-002	peak_451	12.06	tp	0
9-ATATAAATATATATWWAAWT	STREME-9	1.5e-002	peak_791	12.05	tp	0
9-ATATAAATATATATWWAAWT	STREME-9	1.5e-002	peak_684	12.05	tp	0
9-ATATAAATATATATWWAAWT	STREME-9	1.5e-002	peak_866	12.04	tp	0
9-ATATAAATATATATWWAAWT	STREME-9	1.5e-002	peak_230	12.04	tp	0
9-ATATAAATATATATWWAAWT	STREME-9	1.5e-002	peak_600	12.00	fp	0
9-ATATAAATATATATWWAAWT	STREME-9	1.5e-002	peak_61	11.99	tp	0
9-ATATAAATATATATWWAAWT	STREME-9	1.5e-002	peak_122	11.99	tp	0
9-ATATAAATATATATWWAAWT	STREME-9	1.5e-002	peak_581	11.99	tp	0
9-ATATAAATATATATWWAAWT	STREME-9	1.5e-002	peak_655	11.98	fp	0
9-ATATAAATATATATWWAAWT	STREME-9	1.5e-002	peak_335	11.96	tp	0
9-ATATAAATATATATWWAAWT	STREME-9	1.5e-002	peak_385	11.94	tp	0
9-ATATAAATATATATWWAAWT	STREME-9	1.5e-002	peak_313	11.92	fp	0
9-ATATAAATATATATWWAAWT	STREME-9	1.5e-002	peak_320	11.90	tp	0
9-ATATAAATATATATWWAAWT	STREME-9	1.5e-002	peak_136	11.90	tp	0
9-ATATAAATATATATWWAAWT	STREME-9	1.5e-002	peak_216	11.89	tp	0
9-ATATAAATATATATWWAAWT	STREME-9	1.5e-002	peak_373	11.89	tp	0
9-ATATAAATATATATWWAAWT	STREME-9	1.5e-002	peak_430	11.88	fp	0
9-ATATAAATATATATWWAAWT	STREME-9	1.5e-002	peak_752	11.87	tp	1
9-ATATAAATATATATWWAAWT	STREME-9	1.5e-002	peak_665	11.86	tp	0
9-ATATAAATATATATWWAAWT	STREME-9	1.5e-002	peak_66	11.86	tp	0
9-ATATAAATATATATWWAAWT	STREME-9	1.5e-002	peak_384	11.84	fp	1
9-ATATAAATATATATWWAAWT	STREME-9	1.5e-002	peak_178	11.84	tp	0
9-ATATAAATATATATWWAAWT	STREME-9	1.5e-002	peak_342	11.83	tp	0
9-ATATAAATATATATWWAAWT	STREME-9	1.5e-002	peak_722	11.83	tp	1
9-ATATAAATATATATWWAAWT	STREME-9	1.5e-002	peak_68	11.83	fp	0
9-ATATAAATATATATWWAAWT	STREME-9	1.5e-002	peak_348	11.80	tp	0
9-ATATAAATATATATWWAAWT	STREME-9	1.5e-002	peak_159	11.80	tp	0
9-ATATAAATATATATWWAAWT	STREME-9	1.5e-002	peak_164	11.80	tp	0
9-ATATAAATATATATWWAAWT	STREME-9	1.5e-002	peak_464	11.78	fp	0
9-ATATAAATATATATWWAAWT	STREME-9	1.5e-002	peak_619	11.78	tp	1
9-ATATAAATATATATWWAAWT	STREME-9	1.5e-002	peak_265	11.77	fp	0
9-ATATAAATATATATWWAAWT	STREME-9	1.5e-002	peak_374	11.76	fp	1
9-ATATAAATATATATWWAAWT	STREME-9	1.5e-002	peak_176	11.75	tp	0
9-ATATAAATATATATWWAAWT	STREME-9	1.5e-002	peak_785	11.71	tp	0
9-ATATAAATATATATWWAAWT	STREME-9	1.5e-002	peak_265	11.69	tp	0
9-ATATAAATATATATWWAAWT	STREME-9	1.5e-002	peak_191	11.69	tp	0
9-ATATAAATATATATWWAAWT	STREME-9	1.5e-002	peak_175	11.68	tp	0
9-ATATAAATATATATWWAAWT	STREME-9	1.5e-002	peak_491	11.68	tp	0
9-ATATAAATATATATWWAAWT	STREME-9	1.5e-002	peak_192	11.67	tp	0
9-ATATAAATATATATWWAAWT	STREME-9	1.5e-002	peak_642	11.66	tp	0
9-ATATAAATATATATWWAAWT	STREME-9	1.5e-002	peak_601	11.65	tp	1
9-ATATAAATATATATWWAAWT	STREME-9	1.5e-002	peak_814	11.63	fp	0
9-ATATAAATATATATWWAAWT	STREME-9	1.5e-002	peak_806	11.63	tp	0
9-ATATAAATATATATWWAAWT	STREME-9	1.5e-002	peak_336	11.62	fp	0
9-ATATAAATATATATWWAAWT	STREME-9	1.5e-002	peak_816	11.62	tp	0
9-ATATAAATATATATWWAAWT	STREME-9	1.5e-002	peak_650	11.60	fp	1
9-ATATAAATATATATWWAAWT	STREME-9	1.5e-002	peak_129	11.60	tp	0
9-ATATAAATATATATWWAAWT	STREME-9	1.5e-002	peak_794	11.60	tp	0
9-ATATAAATATATATWWAAWT	STREME-9	1.5e-002	peak_785	11.59	fp	0
9-ATATAAATATATATWWAAWT	STREME-9	1.5e-002	peak_432	11.59	tp	0
9-ATATAAATATATATWWAAWT	STREME-9	1.5e-002	peak_198	11.58	tp	0
9-ATATAAATATATATWWAAWT	STREME-9	1.5e-002	peak_761	11.56	tp	0
9-ATATAAATATATATWWAAWT	STREME-9	1.5e-002	peak_8	11.55	tp	0
9-ATATAAATATATATWWAAWT	STREME-9	1.5e-002	peak_608	11.49	tp	0
9-ATATAAATATATATWWAAWT	STREME-9	1.5e-002	peak_757	11.48	tp	0
9-ATATAAATATATATWWAAWT	STREME-9	1.5e-002	peak_701	11.48	tp	0
9-ATATAAATATATATWWAAWT	STREME-9	1.5e-002	peak_115	11.48	tp	0
9-ATATAAATATATATWWAAWT	STREME-9	1.5e-002	peak_689	11.47	tp	1
9-ATATAAATATATATWWAAWT	STREME-9	1.5e-002	peak_47	11.47	tp	0
9-ATATAAATATATATWWAAWT	STREME-9	1.5e-002	peak_726	11.47	tp	0
9-ATATAAATATATATWWAAWT	STREME-9	1.5e-002	peak_596	11.46	fp	0
9-ATATAAATATATATWWAAWT	STREME-9	1.5e-002	peak_134	11.44	tp	0
9-ATATAAATATATATWWAAWT	STREME-9	1.5e-002	peak_719	11.42	tp	0
9-ATATAAATATATATWWAAWT	STREME-9	1.5e-002	peak_426	11.41	tp	0
9-ATATAAATATATATWWAAWT	STREME-9	1.5e-002	peak_244	11.39	fp	1
9-ATATAAATATATATWWAAWT	STREME-9	1.5e-002	peak_366	11.37	tp	0
9-ATATAAATATATATWWAAWT	STREME-9	1.5e-002	peak_123	11.37	tp	0
9-ATATAAATATATATWWAAWT	STREME-9	1.5e-002	peak_716	11.35	tp	0
9-ATATAAATATATATWWAAWT	STREME-9	1.5e-002	peak_387	11.34	tp	0
9-ATATAAATATATATWWAAWT	STREME-9	1.5e-002	peak_224	11.32	tp	1
9-ATATAAATATATATWWAAWT	STREME-9	1.5e-002	peak_386	11.31	fp	0
9-ATATAAATATATATWWAAWT	STREME-9	1.5e-002	peak_765	11.31	tp	0
9-ATATAAATATATATWWAAWT	STREME-9	1.5e-002	peak_476	11.29	fp	0
9-ATATAAATATATATWWAAWT	STREME-9	1.5e-002	peak_443	11.27	tp	0
9-ATATAAATATATATWWAAWT	STREME-9	1.5e-002	peak_680	11.26	fp	0
9-ATATAAATATATATWWAAWT	STREME-9	1.5e-002	peak_389	11.23	fp	0
9-ATATAAATATATATWWAAWT	STREME-9	1.5e-002	peak_40	11.23	tp	0
9-ATATAAATATATATWWAAWT	STREME-9	1.5e-002	peak_65	11.22	tp	0
9-ATATAAATATATATWWAAWT	STREME-9	1.5e-002	peak_614	11.19	tp	0
9-ATATAAATATATATWWAAWT	STREME-9	1.5e-002	peak_861	11.18	tp	0
9-ATATAAATATATATWWAAWT	STREME-9	1.5e-002	peak_217	11.18	tp	0
9-ATATAAATATATATWWAAWT	STREME-9	1.5e-002	peak_710	11.16	tp	0
9-ATATAAATATATATWWAAWT	STREME-9	1.5e-002	peak_52	11.15	tp	0
9-ATATAAATATATATWWAAWT	STREME-9	1.5e-002	peak_279	11.13	fp	0
9-ATATAAATATATATWWAAWT	STREME-9	1.5e-002	peak_75	11.12	tp	0
9-ATATAAATATATATWWAAWT	STREME-9	1.5e-002	peak_811	11.11	tp	0
9-ATATAAATATATATWWAAWT	STREME-9	1.5e-002	peak_449	11.10	tp	0
9-ATATAAATATATATWWAAWT	STREME-9	1.5e-002	peak_502	11.10	tp	0
9-ATATAAATATATATWWAAWT	STREME-9	1.5e-002	peak_71	11.09	fp	0
9-ATATAAATATATATWWAAWT	STREME-9	1.5e-002	peak_234	11.08	tp	0
9-ATATAAATATATATWWAAWT	STREME-9	1.5e-002	peak_779	11.05	tp	0
9-ATATAAATATATATWWAAWT	STREME-9	1.5e-002	peak_367	11.04	tp	0
9-ATATAAATATATATWWAAWT	STREME-9	1.5e-002	peak_450	11.03	tp	0
9-ATATAAATATATATWWAAWT	STREME-9	1.5e-002	peak_416	11.03	tp	1
9-ATATAAATATATATWWAAWT	STREME-9	1.5e-002	peak_160	11.02	tp	1
9-ATATAAATATATATWWAAWT	STREME-9	1.5e-002	peak_122	11.02	fp	0
9-ATATAAATATATATWWAAWT	STREME-9	1.5e-002	peak_318	11.01	tp	0
9-ATATAAATATATATWWAAWT	STREME-9	1.5e-002	peak_338	11.01	tp	1
9-ATATAAATATATATWWAAWT	STREME-9	1.5e-002	peak_415	11.01	tp	0
9-ATATAAATATATATWWAAWT	STREME-9	1.5e-002	peak_307	11.01	fp	0
9-ATATAAATATATATWWAAWT	STREME-9	1.5e-002	peak_357	11.00	fp	0
9-ATATAAATATATATWWAAWT	STREME-9	1.5e-002	peak_181	11.00	tp	0
9-ATATAAATATATATWWAAWT	STREME-9	1.5e-002	peak_697	10.98	fp	0
9-ATATAAATATATATWWAAWT	STREME-9	1.5e-002	peak_616	10.97	fp	0
9-ATATAAATATATATWWAAWT	STREME-9	1.5e-002	peak_815	10.97	tp	0
9-ATATAAATATATATWWAAWT	STREME-9	1.5e-002	peak_537	10.95	tp	0
9-ATATAAATATATATWWAAWT	STREME-9	1.5e-002	peak_433	10.94	tp	0
9-ATATAAATATATATWWAAWT	STREME-9	1.5e-002	peak_490	10.93	tp	0
9-ATATAAATATATATWWAAWT	STREME-9	1.5e-002	peak_57	10.91	tp	0
9-ATATAAATATATATWWAAWT	STREME-9	1.5e-002	peak_422	10.89	tp	0
9-ATATAAATATATATWWAAWT	STREME-9	1.5e-002	peak_205	10.88	fp	0
9-ATATAAATATATATWWAAWT	STREME-9	1.5e-002	peak_813	10.88	tp	0
9-ATATAAATATATATWWAAWT	STREME-9	1.5e-002	peak_61	10.88	fp	0
9-ATATAAATATATATWWAAWT	STREME-9	1.5e-002	peak_313	10.87	tp	1
9-ATATAAATATATATWWAAWT	STREME-9	1.5e-002	peak_520	10.85	fp	0
9-ATATAAATATATATWWAAWT	STREME-9	1.5e-002	peak_816	10.84	fp	0
9-ATATAAATATATATWWAAWT	STREME-9	1.5e-002	peak_44	10.84	fp	0
9-ATATAAATATATATWWAAWT	STREME-9	1.5e-002	peak_462	10.83	tp	0
9-ATATAAATATATATWWAAWT	STREME-9	1.5e-002	peak_31	10.81	tp	0
9-ATATAAATATATATWWAAWT	STREME-9	1.5e-002	peak_234	10.81	fp	0
9-ATATAAATATATATWWAAWT	STREME-9	1.5e-002	peak_324	10.80	tp	0
9-ATATAAATATATATWWAAWT	STREME-9	1.5e-002	peak_384	10.79	tp	0
9-ATATAAATATATATWWAAWT	STREME-9	1.5e-002	peak_695	10.77	tp	0
9-ATATAAATATATATWWAAWT	STREME-9	1.5e-002	peak_91	10.76	tp	0
9-ATATAAATATATATWWAAWT	STREME-9	1.5e-002	peak_185	10.75	tp	0
9-ATATAAATATATATWWAAWT	STREME-9	1.5e-002	peak_69	10.73	fp	0
9-ATATAAATATATATWWAAWT	STREME-9	1.5e-002	peak_20	10.72	tp	0
9-ATATAAATATATATWWAAWT	STREME-9	1.5e-002	peak_738	10.72	tp	0
9-ATATAAATATATATWWAAWT	STREME-9	1.5e-002	peak_581	10.70	fp	0
9-ATATAAATATATATWWAAWT	STREME-9	1.5e-002	peak_27	10.68	tp	0
9-ATATAAATATATATWWAAWT	STREME-9	1.5e-002	peak_40	10.67	fp	0
9-ATATAAATATATATWWAAWT	STREME-9	1.5e-002	peak_448	10.66	tp	0
9-ATATAAATATATATWWAAWT	STREME-9	1.5e-002	peak_114	10.65	tp	0
9-ATATAAATATATATWWAAWT	STREME-9	1.5e-002	peak_70	10.65	tp	0
9-ATATAAATATATATWWAAWT	STREME-9	1.5e-002	peak_211	10.64	tp	0
9-ATATAAATATATATWWAAWT	STREME-9	1.5e-002	peak_583	10.64	tp	0
9-ATATAAATATATATWWAAWT	STREME-9	1.5e-002	peak_50	10.64	tp	0
9-ATATAAATATATATWWAAWT	STREME-9	1.5e-002	peak_2	10.63	tp	0
9-ATATAAATATATATWWAAWT	STREME-9	1.5e-002	peak_645	10.63	tp	1
9-ATATAAATATATATWWAAWT	STREME-9	1.5e-002	peak_210	10.61	fp	0
9-ATATAAATATATATWWAAWT	STREME-9	1.5e-002	peak_50	10.61	fp	1
9-ATATAAATATATATWWAAWT	STREME-9	1.5e-002	peak_747	10.61	tp	0
9-ATATAAATATATATWWAAWT	STREME-9	1.5e-002	peak_138	10.60	tp	0
9-ATATAAATATATATWWAAWT	STREME-9	1.5e-002	peak_776	10.58	tp	0
9-ATATAAATATATATWWAAWT	STREME-9	1.5e-002	peak_219	10.58	tp	0
9-ATATAAATATATATWWAAWT	STREME-9	1.5e-002	peak_146	10.58	tp	0
9-ATATAAATATATATWWAAWT	STREME-9	1.5e-002	peak_276	10.58	tp	0
9-ATATAAATATATATWWAAWT	STREME-9	1.5e-002	peak_378	10.56	tp	0
9-ATATAAATATATATWWAAWT	STREME-9	1.5e-002	peak_752	10.56	fp	0
9-ATATAAATATATATWWAAWT	STREME-9	1.5e-002	peak_240	10.56	tp	0
9-ATATAAATATATATWWAAWT	STREME-9	1.5e-002	peak_106	10.56	tp	0
#
10-ATCTAATCAAT	STREME-10	1.7e-002	peak_167	20.89	tp	0
10-ATCTAATCAAT	STREME-10	1.7e-002	peak_792	20.89	tp	0
10-ATCTAATCAAT	STREME-10	1.7e-002	peak_793	20.89	tp	0
10-ATCTAATCAAT	STREME-10	1.7e-002	peak_470	15.85	fp	0
10-ATCTAATCAAT	STREME-10	1.7e-002	peak_834	15.77	tp	0
10-ATCTAATCAAT	STREME-10	1.7e-002	peak_727	15.55	tp	0
10-ATCTAATCAAT	STREME-10	1.7e-002	peak_137	15.41	tp	1
10-ATCTAATCAAT	STREME-10	1.7e-002	peak_825	15.40	tp	1
10-ATCTAATCAAT	STREME-10	1.7e-002	peak_161	15.34	tp	0
10-ATCTAATCAAT	STREME-10	1.7e-002	peak_783	15.34	tp	0
10-ATCTAATCAAT	STREME-10	1.7e-002	peak_16	15.34	fp	0
10-ATCTAATCAAT	STREME-10	1.7e-002	peak_738	15.15	tp	0
10-ATCTAATCAAT	STREME-10	1.7e-002	peak_67	15.12	tp	0
10-ATCTAATCAAT	STREME-10	1.7e-002	peak_589	15.12	fp	0
10-ATCTAATCAAT	STREME-10	1.7e-002	peak_564	15.08	tp	0
10-ATCTAATCAAT	STREME-10	1.7e-002	peak_680	15.06	tp	0
10-ATCTAATCAAT	STREME-10	1.7e-002	peak_289	15.06	fp	0
10-ATCTAATCAAT	STREME-10	1.7e-002	peak_84	15.06	fp	0
10-ATCTAATCAAT	STREME-10	1.7e-002	peak_607	14.97	fp	0
10-ATCTAATCAAT	STREME-10	1.7e-002	peak_220	14.57	tp	0
10-ATCTAATCAAT	STREME-10	1.7e-002	peak_637	14.57	tp	0
10-ATCTAATCAAT	STREME-10	1.7e-002	peak_168	14.57	fp	0
10-ATCTAATCAAT	STREME-10	1.7e-002	peak_313	14.57	tp	1
10-ATCTAATCAAT	STREME-10	1.7e-002	peak_866	14.50	tp	0
10-ATCTAATCAAT	STREME-10	1.7e-002	peak_595	14.50	tp	0
10-ATCTAATCAAT	STREME-10	1.7e-002	peak_747	13.99	tp	0
10-ATCTAATCAAT	STREME-10	1.7e-002	peak_260	13.99	tp	0
10-ATCTAATCAAT	STREME-10	1.7e-002	peak_5	13.86	tp	0
10-ATCTAATCAAT	STREME-10	1.7e-002	peak_346	13.45	tp	0
10-ATCTAATCAAT	STREME-10	1.7e-002	peak_785	11.80	fp	0
10-ATCTAATCAAT	STREME-10	1.7e-002	peak_256	11.80	fp	0
10-ATCTAATCAAT	STREME-10	1.7e-002	peak_173	11.10	tp	0
10-ATCTAATCAAT	STREME-10	1.7e-002	peak_400	11.02	tp	0
10-ATCTAATCAAT	STREME-10	1.7e-002	peak_716	11.02	fp	0
10-ATCTAATCAAT	STREME-10	1.7e-002	peak_321	10.95	tp	0
10-ATCTAATCAAT	STREME-10	1.7e-002	peak_785	10.93	tp	0
10-ATCTAATCAAT	STREME-10	1.7e-002	peak_649	10.85	tp	0
10-ATCTAATCAAT	STREME-10	1.7e-002	peak_853	10.68	tp	0
10-ATCTAATCAAT	STREME-10	1.7e-002	peak_30	10.65	tp	0
10-ATCTAATCAAT	STREME-10	1.7e-002	peak_194	10.65	tp	0
10-ATCTAATCAAT	STREME-10	1.7e-002	peak_178	10.65	fp	0
10-ATCTAATCAAT	STREME-10	1.7e-002	peak_99	10.65	tp	0
10-ATCTAATCAAT	STREME-10	1.7e-002	peak_330	10.60	tp	0
10-ATCTAATCAAT	STREME-10	1.7e-002	peak_121	10.59	fp	0
10-ATCTAATCAAT	STREME-10	1.7e-002	peak_369	10.56	tp	0
10-ATCTAATCAAT	STREME-10	1.7e-002	peak_365	10.52	tp	0
10-ATCTAATCAAT	STREME-10	1.7e-002	peak_734	10.52	tp	0
10-ATCTAATCAAT	STREME-10	1.7e-002	peak_338	10.52	fp	1
10-ATCTAATCAAT	STREME-10	1.7e-002	peak_587	10.50	tp	0
10-ATCTAATCAAT	STREME-10	1.7e-002	peak_253	10.45	tp	0
10-ATCTAATCAAT	STREME-10	1.7e-002	peak_95	10.44	tp	0
10-ATCTAATCAAT	STREME-10	1.7e-002	peak_120	10.44	tp	0
10-ATCTAATCAAT	STREME-10	1.7e-002	peak_597	10.44	tp	0
10-ATCTAATCAAT	STREME-10	1.7e-002	peak_235	10.44	tp	0
10-ATCTAATCAAT	STREME-10	1.7e-002	peak_200	10.42	tp	0
10-ATCTAATCAAT	STREME-10	1.7e-002	peak_93	10.42	fp	0
10-ATCTAATCAAT	STREME-10	1.7e-002	peak_303	10.42	fp	0
10-ATCTAATCAAT	STREME-10	1.7e-002	peak_645	10.42	tp	1
10-ATCTAATCAAT	STREME-10	1.7e-002	peak_85	10.39	tp	0
10-ATCTAATCAAT	STREME-10	1.7e-002	peak_755	10.36	tp	0
10-ATCTAATCAAT	STREME-10	1.7e-002	peak_136	10.35	tp	0
10-ATCTAATCAAT	STREME-10	1.7e-002	peak_224	10.35	tp	1
10-ATCTAATCAAT	STREME-10	1.7e-002	peak_420	10.35	tp	0
10-ATCTAATCAAT	STREME-10	1.7e-002	peak_675	10.31	fp	0
10-ATCTAATCAAT	STREME-10	1.7e-002	peak_484	10.30	tp	1
10-ATCTAATCAAT	STREME-10	1.7e-002	peak_843	10.30	tp	0
10-ATCTAATCAAT	STREME-10	1.7e-002	peak_747	10.30	fp	0
10-ATCTAATCAAT	STREME-10	1.7e-002	peak_576	10.29	tp	0
10-ATCTAATCAAT	STREME-10	1.7e-002	peak_658	10.25	tp	0
10-ATCTAATCAAT	STREME-10	1.7e-002	peak_528	10.19	fp	0
10-ATCTAATCAAT	STREME-10	1.7e-002	peak_266	10.18	tp	0
10-ATCTAATCAAT	STREME-10	1.7e-002	peak_753	10.18	tp	0
10-ATCTAATCAAT	STREME-10	1.7e-002	peak_22	10.17	tp	0
10-ATCTAATCAAT	STREME-10	1.7e-002	peak_635	10.16	tp	0
10-ATCTAATCAAT	STREME-10	1.7e-002	peak_737	10.15	tp	0
10-ATCTAATCAAT	STREME-10	1.7e-002	peak_39	10.15	tp	0
10-ATCTAATCAAT	STREME-10	1.7e-002	peak_525	10.14	tp	0
10-ATCTAATCAAT	STREME-10	1.7e-002	peak_804	10.13	tp	0
10-ATCTAATCAAT	STREME-10	1.7e-002	peak_115	10.13	fp	0
10-ATCTAATCAAT	STREME-10	1.7e-002	peak_382	10.12	tp	0
10-ATCTAATCAAT	STREME-10	1.7e-002	peak_155	10.09	tp	0
10-ATCTAATCAAT	STREME-10	1.7e-002	peak_490	10.09	tp	0
10-ATCTAATCAAT	STREME-10	1.7e-002	peak_51	10.08	tp	0
10-ATCTAATCAAT	STREME-10	1.7e-002	peak_632	10.08	tp	0
10-ATCTAATCAAT	STREME-10	1.7e-002	peak_468	10.08	tp	0
10-ATCTAATCAAT	STREME-10	1.7e-002	peak_799	10.08	tp	0
10-ATCTAATCAAT	STREME-10	1.7e-002	peak_217	10.08	tp	0
10-ATCTAATCAAT	STREME-10	1.7e-002	peak_290	10.08	tp	0
10-ATCTAATCAAT	STREME-10	1.7e-002	peak_383	10.07	fp	0
10-ATCTAATCAAT	STREME-10	1.7e-002	peak_478	10.07	tp	1
10-ATCTAATCAAT	STREME-10	1.7e-002	peak_394	10.05	tp	0
10-ATCTAATCAAT	STREME-10	1.7e-002	peak_869	10.05	tp	0
10-ATCTAATCAAT	STREME-10	1.7e-002	peak_208	10.04	tp	0
10-ATCTAATCAAT	STREME-10	1.7e-002	peak_130	10.04	tp	1
10-ATCTAATCAAT	STREME-10	1.7e-002	peak_309	10.04	tp	0
#
11-GTTATCGATA	STREME-11	2.9e-002	peak_17	18.60	tp	0
11-GTTATCGATA	STREME-11	2.9e-002	peak_841	18.60	tp	0
11-GTTATCGATA	STREME-11	2.9e-002	peak_19	18.60	tp	0
11-GTTATCGATA	STREME-11	2.9e-002	peak_156	18.60	tp	0
11-GTTATCGATA	STREME-11	2.9e-002	peak_8	18.60	tp	0
11-GTTATCGATA	STREME-11	2.9e-002	peak_229	18.60	tp	0
11-GTTATCGATA	STREME-11	2.9e-002	peak_545	18.60	tp	0
11-GTTATCGATA	STREME-11	2.9e-002	peak_116	18.60	tp	0
11-GTTATCGATA	STREME-11	2.9e-002	peak_807	18.60	tp	0
11-GTTATCGATA	STREME-11	2.9e-002	peak_405	18.60	tp	0
11-GTTATCGATA	STREME-11	2.9e-002	peak_466	18.60	tp	0
11-GTTATCGATA	STREME-11	2.9e-002	peak_505	18.60	tp	0
11-GTTATCGATA	STREME-11	2.9e-002	peak_459	18.60	tp	0
11-GTTATCGATA	STREME-11	2.9e-002	peak_383	18.60	tp	0
11-GTTATCGATA	STREME-11	2.9e-002	peak_562	18.60	tp	0
11-GTTATCGATA	STREME-11	2.9e-002	peak_655	18.60	tp	0
11-GTTATCGATA	STREME-11	2.9e-002	peak_849	18.60	tp	0
11-GTTATCGATA	STREME-11	2.9e-002	peak_362	18.60	tp	0
11-GTTATCGATA	STREME-11	2.9e-002	peak_39	18.60	tp	0
11-GTTATCGATA	STREME-11	2.9e-002	peak_256	18.60	tp	0
11-GTTATCGATA	STREME-11	2.9e-002	peak_256	18.60	fp	0
11-GTTATCGATA	STREME-11	2.9e-002	peak_825	18.60	tp	1
11-GTTATCGATA	STREME-11	2.9e-002	peak_741	18.60	tp	1
11-GTTATCGATA	STREME-11	2.9e-002	peak_418	18.60	tp	1
11-GTTATCGATA	STREME-11	2.9e-002	peak_541	17.38	tp	0
11-GTTATCGATA	STREME-11	2.9e-002	peak_124	17.38	tp	0
11-GTTATCGATA	STREME-11	2.9e-002	peak_555	17.38	tp	0
11-GTTATCGATA	STREME-11	2.9e-002	peak_713	17.38	tp	0
11-GTTATCGATA	STREME-11	2.9e-002	peak_575	17.38	tp	0
11-GTTATCGATA	STREME-11	2.9e-002	peak_195	17.38	tp	0
11-GTTATCGATA	STREME-11	2.9e-002	peak_117	17.38	tp	0
11-GTTATCGATA	STREME-11	2.9e-002	peak_259	17.38	tp	0
11-GTTATCGATA	STREME-11	2.9e-002	peak_359	17.38	tp	1
11-GTTATCGATA	STREME-11	2.9e-002	peak_651	16.08	tp	0
11-GTTATCGATA	STREME-11	2.9e-002	peak_125	16.08	tp	0
11-GTTATCGATA	STREME-11	2.9e-002	peak_146	16.08	tp	0
11-GTTATCGATA	STREME-11	2.9e-002	peak_454	16.08	tp	0
11-GTTATCGATA	STREME-11	2.9e-002	peak_88	16.08	tp	0
11-GTTATCGATA	STREME-11	2.9e-002	peak_222	15.84	tp	0
11-GTTATCGATA	STREME-11	2.9e-002	peak_558	15.84	tp	0
11-GTTATCGATA	STREME-11	2.9e-002	peak_189	15.84	tp	0
11-GTTATCGATA	STREME-11	2.9e-002	peak_758	15.84	tp	0
11-GTTATCGATA	STREME-11	2.9e-002	peak_697	15.84	tp	1
11-GTTATCGATA	STREME-11	2.9e-002	peak_341	15.39	tp	0
11-GTTATCGATA	STREME-11	2.9e-002	peak_97	15.39	tp	0
11-GTTATCGATA	STREME-11	2.9e-002	peak_859	15.39	tp	0
11-GTTATCGATA	STREME-11	2.9e-002	peak_428	15.39	tp	0
11-GTTATCGATA	STREME-11	2.9e-002	peak_154	15.39	tp	0
11-GTTATCGATA	STREME-11	2.9e-002	peak_95	15.39	fp	0
11-GTTATCGATA	STREME-11	2.9e-002	peak_692	15.06	tp	0
11-GTTATCGATA	STREME-11	2.9e-002	peak_232	15.06	tp	0
11-GTTATCGATA	STREME-11	2.9e-002	peak_99	14.64	tp	0
#
12-CACRCACACACACACACACD	STREME-12	3.2e-002	peak_759	26.42	tp	0
12-CACRCACACACACACACACD	STREME-12	3.2e-002	peak_729	26.13	tp	0
12-CACRCACACACACACACACD	STREME-12	3.2e-002	peak_366	26.11	tp	0
12-CACRCACACACACACACACD	STREME-12	3.2e-002	peak_341	25.94	tp	0
12-CACRCACACACACACACACD	STREME-12	3.2e-002	peak_271	25.87	tp	0
12-CACRCACACACACACACACD	STREME-12	3.2e-002	peak_776	25.16	tp	0
12-CACRCACACACACACACACD	STREME-12	3.2e-002	peak_394	24.71	tp	0
12-CACRCACACACACACACACD	STREME-12	3.2e-002	peak_557	22.94	tp	0
12-CACRCACACACACACACACD	STREME-12	3.2e-002	peak_268	22.92	tp	0
12-CACRCACACACACACACACD	STREME-12	3.2e-002	peak_182	22.51	tp	1
12-CACRCACACACACACACACD	STREME-12	3.2e-002	peak_733	22.03	tp	0
12-CACRCACACACACACACACD	STREME-12	3.2e-002	peak_12	21.80	tp	0
12-CACRCACACACACACACACD	STREME-12	3.2e-002	peak_236	21.36	tp	0
12-CACRCACACACACACACACD	STREME-12	3.2e-002	peak_500	21.33	tp	0
12-CACRCACACACACACACACD	STREME-12	3.2e-002	peak_205	21.01	tp	0
12-CACRCACACACACACACACD	STREME-12	3.2e-002	peak_716	20.20	tp	0
12-CACRCACACACACACACACD	STREME-12	3.2e-002	peak_643	20.13	tp	0
12-CACRCACACACACACACACD	STREME-12	3.2e-002	peak_673	20.00	tp	0
12-CACRCACACACACACACACD	STREME-12	3.2e-002	peak_471	19.79	tp	0
12-CACRCACACACACACACACD	STREME-12	3.2e-002	peak_721	19.63	tp	0
12-CACRCACACACACACACACD	STREME-12	3.2e-002	peak_121	19.46	tp	0
12-CACRCACACACACACACACD	STREME-12	3.2e-002	peak_406	19.45	tp	0
12-CACRCACACACACACACACD	STREME-12	3.2e-002	peak_627	19.35	tp	0
12-CACRCACACACACACACACD	STREME-12	3.2e-002	peak_602	19.25	tp	0
12-CACRCACACACACACACACD	STREME-12	3.2e-002	peak_348	19.16	tp	0
12-CACRCACACACACACACACD	STREME-12	3.2e-002	peak_396	18.98	tp	0
12-CACRCACACACACACACACD	STREME-12	3.2e-002	peak_177	18.73	tp	0
12-CACRCACACACACACACACD	STREME-12	3.2e-002	peak_206	18.66	tp	1
12-CACRCACACACACACACACD	STREME-12	3.2e-002	peak_482	18.57	tp	0
12-CACRCACACACACACACACD	STREME-12	3.2e-002	peak_258	18.55	tp	0
12-CACRCACACACACACACACD	STREME-12	3.2e-002	peak_794	18.54	tp	0
12-CACRCACACACACACACACD	STREME-12	3.2e-002	peak_775	18.33	tp	0
12-CACRCACACACACACACACD	STREME-12	3.2e-002	peak_49	18.32	tp	0
12-CACRCACACACACACACACD	STREME-12	3.2e-002	peak_253	18.31	tp	0
12-CACRCACACACACACACACD	STREME-12	3.2e-002	peak_317	18.06	tp	0
12-CACRCACACACACACACACD	STREME-12	3.2e-002	peak_248	17.89	tp	0
12-CACRCACACACACACACACD	STREME-12	3.2e-002	peak_531	17.85	tp	0
12-CACRCACACACACACACACD	STREME-12	3.2e-002	peak_770	17.68	tp	0
12-CACRCACACACACACACACD	STREME-12	3.2e-002	peak_189	17.67	tp	0
12-CACRCACACACACACACACD	STREME-12	3.2e-002	peak_41	17.63	tp	0
12-CACRCACACACACACACACD	STREME-12	3.2e-002	peak_435	17.61	tp	0
12-CACRCACACACACACACACD	STREME-12	3.2e-002	peak_747	17.49	tp	0
12-CACRCACACACACACACACD	STREME-12	3.2e-002	peak_250	17.48	tp	0
12-CACRCACACACACACACACD	STREME-12	3.2e-002	peak_382	17.46	tp	0
12-CACRCACACACACACACACD	STREME-12	3.2e-002	peak_271	17.40	fp	1
12-CACRCACACACACACACACD	STREME-12	3.2e-002	peak_413	17.28	tp	0
12-CACRCACACACACACACACD	STREME-12	3.2e-002	peak_223	17.17	tp	0
12-CACRCACACACACACACACD	STREME-12	3.2e-002	peak_180	17.15	tp	0
12-CACRCACACACACACACACD	STREME-12	3.2e-002	peak_673	17.06	fp	0
12-CACRCACACACACACACACD	STREME-12	3.2e-002	peak_836	17.00	tp	0
12-CACRCACACACACACACACD	STREME-12	3.2e-002	peak_81	16.98	tp	0
12-CACRCACACACACACACACD	STREME-12	3.2e-002	peak_312	16.87	tp	0
12-CACRCACACACACACACACD	STREME-12	3.2e-002	peak_689	16.69	tp	1
12-CACRCACACACACACACACD	STREME-12	3.2e-002	peak_129	16.57	tp	0
12-CACRCACACACACACACACD	STREME-12	3.2e-002	peak_294	16.51	tp	0
12-CACRCACACACACACACACD	STREME-12	3.2e-002	peak_360	16.35	tp	0
12-CACRCACACACACACACACD	STREME-12	3.2e-002	peak_420	16.30	tp	0
12-CACRCACACACACACACACD	STREME-12	3.2e-002	peak_245	16.27	tp	0
12-CACRCACACACACACACACD	STREME-12	3.2e-002	peak_339	16.21	tp	0
12-CACRCACACACACACACACD	STREME-12	3.2e-002	peak_67	16.21	tp	0
12-CACRCACACACACACACACD	STREME-12	3.2e-002	peak_242	16.18	tp	0
12-CACRCACACACACACACACD	STREME-12	3.2e-002	peak_586	16.15	tp	0
12-CACRCACACACACACACACD	STREME-12	3.2e-002	peak_501	16.08	tp	0
12-CACRCACACACACACACACD	STREME-12	3.2e-002	peak_407	16.01	tp	0
12-CACRCACACACACACACACD	STREME-12	3.2e-002	peak_178	15.92	tp	0
12-CACRCACACACACACACACD	STREME-12	3.2e-002	peak_593	15.90	tp	0
12-CACRCACACACACACACACD	STREME-12	3.2e-002	peak_855	15.82	tp	0
12-CACRCACACACACACACACD	STREME-12	3.2e-002	peak_341	15.78	fp	0
12-CACRCACACACACACACACD	STREME-12	3.2e-002	peak_455	15.70	tp	1
12-CACRCACACACACACACACD	STREME-12	3.2e-002	peak_204	15.59	tp	1
12-CACRCACACACACACACACD	STREME-12	3.2e-002	peak_44	15.54	tp	0
12-CACRCACACACACACACACD	STREME-12	3.2e-002	peak_579	15.54	tp	0
12-CACRCACACACACACACACD	STREME-12	3.2e-002	peak_185	15.35	tp	0
12-CACRCACACACACACACACD	STREME-12	3.2e-002	peak_672	15.20	tp	0
12-CACRCACACACACACACACD	STREME-12	3.2e-002	peak_674	15.19	tp	1
12-CACRCACACACACACACACD	STREME-12	3.2e-002	peak_347	15.18	tp	0
12-CACRCACACACACACACACD	STREME-12	3.2e-002	peak_748	15.15	tp	0
12-CACRCACACACACACACACD	STREME-12	3.2e-002	peak_164	15.12	tp	0
12-CACRCACACACACACACACD	STREME-12	3.2e-002	peak_302	15.06	tp	0
12-CACRCACACACACACACACD	STREME-12	3.2e-002	peak_645	15.03	tp	1
12-CACRCACACACACACACACD	STREME-12	3.2e-002	peak_869	15.03	tp	0
12-CACRCACACACACACACACD	STREME-12	3.2e-002	peak_57	15.00	tp	0
12-CACRCACACACACACACACD	STREME-12	3.2e-002	peak_665	14.98	tp	0
12-CACRCACACACACACACACD	STREME-12	3.2e-002	peak_791	14.87	tp	0
12-CACRCACACACACACACACD	STREME-12	3.2e-002	peak_431	14.79	tp	0
12-CACRCACACACACACACACD	STREME-12	3.2e-002	peak_212	14.79	tp	0
#
13-ATATTTAAAWTKATTTWATA	STREME-13	5.9e-002	peak_291	21.64	tp	0
13-ATATTTAAAWTKATTTWATA	STREME-13	5.9e-002	peak_370	21.64	tp	0
13-ATATTTAAAWTKATTTWATA	STREME-13	5.9e-002	peak_466	18.73	tp	0
13-ATATTTAAAWTKATTTWATA	STREME-13	5.9e-002	peak_110	18.08	fp	0
13-ATATTTAAAWTKATTTWATA	STREME-13	5.9e-002	peak_68	17.15	tp	0
13-ATATTTAAAWTKATTTWATA	STREME-13	5.9e-002	peak_71	16.98	tp	0
13-ATATTTAAAWTKATTTWATA	STREME-13	5.9e-002	peak_207	16.89	tp	0
13-ATATTTAAAWTKATTTWATA	STREME-13	5.9e-002	peak_555	16.59	tp	0
13-ATATTTAAAWTKATTTWATA	STREME-13	5.9e-002	peak_136	16.52	fp	0
13-ATATTTAAAWTKATTTWATA	STREME-13	5.9e-002	peak_755	16.45	tp	0
13-ATATTTAAAWTKATTTWATA	STREME-13	5.9e-002	peak_260	16.44	tp	0
13-ATATTTAAAWTKATTTWATA	STREME-13	5.9e-002	peak_218	16.41	tp	0
13-ATATTTAAAWTKATTTWATA	STREME-13	5.9e-002	peak_93	16.36	tp	0
13-ATATTTAAAWTKATTTWATA	STREME-13	5.9e-002	peak_187	16.26	tp	0
13-ATATTTAAAWTKATTTWATA	STREME-13	5.9e-002	peak_605	16.26	tp	0
13-ATATTTAAAWTKATTTWATA	STREME-13	5.9e-002	peak_808	16.10	tp	0
13-ATATTTAAAWTKATTTWATA	STREME-13	5.9e-002	peak_794	15.91	tp	0
13-ATATTTAAAWTKATTTWATA	STREME-13	5.9e-002	peak_249	15.87	fp	0
13-ATATTTAAAWTKATTTWATA	STREME-13	5.9e-002	peak_866	15.79	fp	0
13-ATATTTAAAWTKATTTWATA	STREME-13	5.9e-002	peak_719	15.77	tp	0
13-ATATTTAAAWTKATTTWATA	STREME-13	5.9e-002	peak_535	15.76	tp	0
13-ATATTTAAAWTKATTTWATA	STREME-13	5.9e-002	peak_850	15.68	tp	0
13-ATATTTAAAWTKATTTWATA	STREME-13	5.9e-002	peak_797	15.65	fp	0
13-ATATTTAAAWTKATTTWATA	STREME-13	5.9e-002	peak_499	15.55	tp	0
13-ATATTTAAAWTKATTTWATA	STREME-13	5.9e-002	peak_38	15.53	tp	0
13-ATATTTAAAWTKATTTWATA	STREME-13	5.9e-002	peak_405	15.45	tp	0
13-ATATTTAAAWTKATTTWATA	STREME-13	5.9e-002	peak_359	15.27	tp	1
13-ATATTTAAAWTKATTTWATA	STREME-13	5.9e-002	peak_286	15.14	tp	0
13-ATATTTAAAWTKATTTWATA	STREME-13	5.9e-002	peak_101	15.00	tp	0
13-ATATTTAAAWTKATTTWATA	STREME-13	5.9e-002	peak_569	14.98	tp	0
13-ATATTTAAAWTKATTTWATA	STREME-13	5.9e-002	peak_814	14.97	fp	0
13-ATATTTAAAWTKATTTWATA	STREME-13	5.9e-002	peak_409	14.95	tp	0
13-ATATTTAAAWTKATTTWATA	STREME-13	5.9e-002	peak_708	14.94	fp	0
13-ATATTTAAAWTKATTTWATA	STREME-13	5.9e-002	peak_598	14.93	tp	0
13-ATATTTAAAWTKATTTWATA	STREME-13	5.9e-002	peak_541	14.93	tp	0
13-ATATTTAAAWTKATTTWATA	STREME-13	5.9e-002	peak_506	14.83	tp	1
13-ATATTTAAAWTKATTTWATA	STREME-13	5.9e-002	peak_2	14.79	tp	0
13-ATATTTAAAWTKATTTWATA	STREME-13	5.9e-002	peak_103	14.77	tp	0
13-ATATTTAAAWTKATTTWATA	STREME-13	5.9e-002	peak_175	14.77	tp	0
13-ATATTTAAAWTKATTTWATA	STREME-13	5.9e-002	peak_210	14.65	tp	0
13-ATATTTAAAWTKATTTWATA	STREME-13	5.9e-002	peak_792	14.62	fp	0
13-ATATTTAAAWTKATTTWATA	STREME-13	5.9e-002	peak_72	14.62	tp	0
13-ATATTTAAAWTKATTTWATA	STREME-13	5.9e-002	peak_560	14.61	tp	0
13-ATATTTAAAWTKATTTWATA	STREME-13	5.9e-002	peak_428	14.56	tp	0
13-ATATTTAAAWTKATTTWATA	STREME-13	5.9e-002	peak_807	14.50	tp	0
13-ATATTTAAAWTKATTTWATA	STREME-13	5.9e-002	peak_756	14.47	tp	0
13-ATATTTAAAWTKATTTWATA	STREME-13	5.9e-002	peak_64	14.45	tp	0
13-ATATTTAAAWTKATTTWATA	STREME-13	5.9e-002	peak_859	14.44	tp	0
13-ATATTTAAAWTKATTTWATA	STREME-13	5.9e-002	peak_189	14.37	tp	0
13-ATATTTAAAWTKATTTWATA	STREME-13	5.9e-002	peak_349	14.32	tp	0
13-ATATTTAAAWTKATTTWATA	STREME-13	5.9e-002	peak_446	14.24	fp	0
13-ATATTTAAAWTKATTTWATA	STREME-13	5.9e-002	peak_65	14.18	tp	0
13-ATATTTAAAWTKATTTWATA	STREME-13	5.9e-002	peak_649	14.14	tp	0
13-ATATTTAAAWTKATTTWATA	STREME-13	5.9e-002	peak_18	14.13	tp	0
13-ATATTTAAAWTKATTTWATA	STREME-13	5.9e-002	peak_153	14.09	tp	0
13-ATATTTAAAWTKATTTWATA	STREME-13	5.9e-002	peak_350	14.06	tp	0
13-ATATTTAAAWTKATTTWATA	STREME-13	5.9e-002	peak_146	13.96	tp	0
13-ATATTTAAAWTKATTTWATA	STREME-13	5.9e-002	peak_513	13.95	tp	0
13-ATATTTAAAWTKATTTWATA	STREME-13	5.9e-002	peak_178	13.89	tp	0
13-ATATTTAAAWTKATTTWATA	STREME-13	5.9e-002	peak_710	13.85	tp	0
13-ATATTTAAAWTKATTTWATA	STREME-13	5.9e-002	peak_172	13.84	tp	0
13-ATATTTAAAWTKATTTWATA	STREME-13	5.9e-002	peak_196	13.82	tp	0
13-ATATTTAAAWTKATTTWATA	STREME-13	5.9e-002	peak_351	13.73	tp	0
13-ATATTTAAAWTKATTTWATA	STREME-13	5.9e-002	peak_497	13.71	tp	0
13-ATATTTAAAWTKATTTWATA	STREME-13	5.9e-002	peak_639	13.66	tp	0
13-ATATTTAAAWTKATTTWATA	STREME-13	5.9e-002	peak_573	13.63	tp	0
13-ATATTTAAAWTKATTTWATA	STREME-13	5.9e-002	peak_475	13.62	tp	0
13-ATATTTAAAWTKATTTWATA	STREME-13	5.9e-002	peak_446	13.59	tp	0
13-ATATTTAAAWTKATTTWATA	STREME-13	5.9e-002	peak_613	13.56	tp	0
13-ATATTTAAAWTKATTTWATA	STREME-13	5.9e-002	peak_740	13.48	tp	0
13-ATATTTAAAWTKATTTWATA	STREME-13	5.9e-002	peak_731	13.47	tp	0
13-ATATTTAAAWTKATTTWATA	STREME-13	5.9e-002	peak_708	13.47	tp	0
13-ATATTTAAAWTKATTTWATA	STREME-13	5.9e-002	peak_521	13.47	tp	1
13-ATATTTAAAWTKATTTWATA	STREME-13	5.9e-002	peak_125	13.45	tp	0
13-ATATTTAAAWTKATTTWATA	STREME-13	5.9e-002	peak_643	13.34	fp	0
13-ATATTTAAAWTKATTTWATA	STREME-13	5.9e-002	peak_242	13.33	tp	0
13-ATATTTAAAWTKATTTWATA	STREME-13	5.9e-002	peak_402	13.29	tp	0
13-ATATTTAAAWTKATTTWATA	STREME-13	5.9e-002	peak_532	13.28	fp	0
13-ATATTTAAAWTKATTTWATA	STREME-13	5.9e-002	peak_706	13.24	tp	0
13-ATATTTAAAWTKATTTWATA	STREME-13	5.9e-002	peak_257	13.24	tp	0
13-ATATTTAAAWTKATTTWATA	STREME-13	5.9e-002	peak_603	13.23	fp	0
13-ATATTTAAAWTKATTTWATA	STREME-13	5.9e-002	peak_595	13.18	tp	0
13-ATATTTAAAWTKATTTWATA	STREME-13	5.9e-002	peak_436	13.17	tp	0
13-ATATTTAAAWTKATTTWATA	STREME-13	5.9e-002	peak_810	13.16	tp	0
13-ATATTTAAAWTKATTTWATA	STREME-13	5.9e-002	peak_686	13.15	tp	0
13-ATATTTAAAWTKATTTWATA	STREME-13	5.9e-002	peak_626	13.15	tp	0
13-ATATTTAAAWTKATTTWATA	STREME-13	5.9e-002	peak_648	13.14	tp	0
13-ATATTTAAAWTKATTTWATA	STREME-13	5.9e-002	peak_420	13.12	tp	0
13-ATATTTAAAWTKATTTWATA	STREME-13	5.9e-002	peak_831	13.11	tp	0
13-ATATTTAAAWTKATTTWATA	STREME-13	5.9e-002	peak_824	13.11	tp	0
13-ATATTTAAAWTKATTTWATA	STREME-13	5.9e-002	peak_321	13.11	tp	0
13-ATATTTAAAWTKATTTWATA	STREME-13	5.9e-002	peak_204	13.09	tp	1
13-ATATTTAAAWTKATTTWATA	STREME-13	5.9e-002	peak_678	13.06	tp	0
13-ATATTTAAAWTKATTTWATA	STREME-13	5.9e-002	peak_487	13.05	tp	0
13-ATATTTAAAWTKATTTWATA	STREME-13	5.9e-002	peak_404	13.05	tp	1
13-ATATTTAAAWTKATTTWATA	STREME-13	5.9e-002	peak_737	13.00	tp	0
13-ATATTTAAAWTKATTTWATA	STREME-13	5.9e-002	peak_794	12.99	fp	0
13-ATATTTAAAWTKATTTWATA	STREME-13	5.9e-002	peak_136	12.95	tp	0
13-ATATTTAAAWTKATTTWATA	STREME-13	5.9e-002	peak_243	12.94	tp	0
13-ATATTTAAAWTKATTTWATA	STREME-13	5.9e-002	peak_337	12.93	tp	0
13-ATATTTAAAWTKATTTWATA	STREME-13	5.9e-002	peak_372	12.92	tp	1
13-ATATTTAAAWTKATTTWATA	STREME-13	5.9e-002	peak_683	12.85	tp	0
13-ATATTTAAAWTKATTTWATA	STREME-13	5.9e-002	peak_117	12.85	tp	0
13-ATATTTAAAWTKATTTWATA	STREME-13	5.9e-002	peak_238	12.83	fp	0
13-ATATTTAAAWTKATTTWATA	STREME-13	5.9e-002	peak_597	12.82	fp	0
13-ATATTTAAAWTKATTTWATA	STREME-13	5.9e-002	peak_540	12.82	fp	0
13-ATATTTAAAWTKATTTWATA	STREME-13	5.9e-002	peak_263	12.80	tp	0
13-ATATTTAAAWTKATTTWATA	STREME-13	5.9e-002	peak_770	12.76	tp	0
13-ATATTTAAAWTKATTTWATA	STREME-13	5.9e-002	peak_113	12.72	tp	0
13-ATATTTAAAWTKATTTWATA	STREME-13	5.9e-002	peak_80	12.71	tp	0
13-ATATTTAAAWTKATTTWATA	STREME-13	5.9e-002	peak_12	12.70	tp	0
13-ATATTTAAAWTKATTTWATA	STREME-13	5.9e-002	peak_393	12.69	tp	0
13-ATATTTAAAWTKATTTWATA	STREME-13	5.9e-002	peak_614	12.69	tp	0
13-ATATTTAAAWTKATTTWATA	STREME-13	5.9e-002	peak_441	12.68	tp	0
13-ATATTTAAAWTKATTTWATA	STREME-13	5.9e-002	peak_743	12.67	tp	0
13-ATATTTAAAWTKATTTWATA	STREME-13	5.9e-002	peak_556	12.61	fp	0
13-ATATTTAAAWTKATTTWATA	STREME-13	5.9e-002	peak_523	12.61	tp	0
13-ATATTTAAAWTKATTTWATA	STREME-13	5.9e-002	peak_324	12.61	tp	0
13-ATATTTAAAWTKATTTWATA	STREME-13	5.9e-002	peak_554	12.60	tp	0
13-ATATTTAAAWTKATTTWATA	STREME-13	5.9e-002	peak_49	12.56	tp	0
13-ATATTTAAAWTKATTTWATA	STREME-13	5.9e-002	peak_637	12.52	tp	0
13-ATATTTAAAWTKATTTWATA	STREME-13	5.9e-002	peak_358	12.50	fp	0
13-ATATTTAAAWTKATTTWATA	STREME-13	5.9e-002	peak_868	12.43	tp	0
13-ATATTTAAAWTKATTTWATA	STREME-13	5.9e-002	peak_487	12.42	fp	1
13-ATATTTAAAWTKATTTWATA	STREME-13	5.9e-002	peak_534	12.33	tp	0
13-ATATTTAAAWTKATTTWATA	STREME-13	5.9e-002	peak_845	12.33	tp	0
13-ATATTTAAAWTKATTTWATA	STREME-13	5.9e-002	peak_747	12.31	tp	0
13-ATATTTAAAWTKATTTWATA	STREME-13	5.9e-002	peak_527	12.31	tp	0
#
14-RGCRGCGRCKNCGGCAGCGS	STREME-14	5.9e-002	peak_213	25.03	tp	0
14-RGCRGCGRCKNCGGCAGCGS	STREME-14	5.9e-002	peak_747	22.62	tp	0
14-RGCRGCGRCKNCGGCAGCGS	STREME-14	5.9e-002	peak_335	22.31	tp	0
14-RGCRGCGRCKNCGGCAGCGS	STREME-14	5.9e-002	peak_730	22.18	tp	0
14-RGCRGCGRCKNCGGCAGCGS	STREME-14	5.9e-002	peak_416	20.96	tp	1
14-RGCRGCGRCKNCGGCAGCGS	STREME-14	5.9e-002	peak_731	20.71	tp	0
14-RGCRGCGRCKNCGGCAGCGS	STREME-14	5.9e-002	peak_788	20.67	tp	0
14-RGCRGCGRCKNCGGCAGCGS	STREME-14	5.9e-002	peak_709	20.23	tp	0
14-RGCRGCGRCKNCGGCAGCGS	STREME-14	5.9e-002	peak_777	20.18	tp	0
14-RGCRGCGRCKNCGGCAGCGS	STREME-14	5.9e-002	peak_680	20.10	tp	0
14-RGCRGCGRCKNCGGCAGCGS	STREME-14	5.9e-002	peak_184	19.75	tp	0
14-RGCRGCGRCKNCGGCAGCGS	STREME-14	5.9e-002	peak_90	19.15	tp	0
14-RGCRGCGRCKNCGGCAGCGS	STREME-14	5.9e-002	peak_78	18.21	fp	0
14-RGCRGCGRCKNCGGCAGCGS	STREME-14	5.9e-002	peak_282	17.81	fp	0
14-RGCRGCGRCKNCGGCAGCGS	STREME-14	5.9e-002	peak_851	17.62	tp	0
14-RGCRGCGRCKNCGGCAGCGS	STREME-14	5.9e-002	peak_242	17.38	tp	0
14-RGCRGCGRCKNCGGCAGCGS	STREME-14	5.9e-002	peak_605	17.24	tp	0
14-RGCRGCGRCKNCGGCAGCGS	STREME-14	5.9e-002	peak_344	16.98	tp	0
14-RGCRGCGRCKNCGGCAGCGS	STREME-14	5.9e-002	peak_519	16.84	tp	0
14-RGCRGCGRCKNCGGCAGCGS	STREME-14	5.9e-002	peak_129	16.72	tp	0
14-RGCRGCGRCKNCGGCAGCGS	STREME-14	5.9e-002	peak_224	16.72	tp	1
14-RGCRGCGRCKNCGGCAGCGS	STREME-14	5.9e-002	peak_369	16.43	tp	0
14-RGCRGCGRCKNCGGCAGCGS	STREME-14	5.9e-002	peak_109	16.42	tp	0
14-RGCRGCGRCKNCGGCAGCGS	STREME-14	5.9e-002	peak_704	16.37	fp	0
14-RGCRGCGRCKNCGGCAGCGS	STREME-14	5.9e-002	peak_110	16.35	tp	0
14-RGCRGCGRCKNCGGCAGCGS	STREME-14	5.9e-002	peak_706	16.33	tp	0
14-RGCRGCGRCKNCGGCAGCGS	STREME-14	5.9e-002	peak_248	16.31	tp	0
14-RGCRGCGRCKNCGGCAGCGS	STREME-14	5.9e-002	peak_680	16.30	fp	0
14-RGCRGCGRCKNCGGCAGCGS	STREME-14	5.9e-002	peak_669	16.25	tp	0
14-RGCRGCGRCKNCGGCAGCGS	STREME-14	5.9e-002	peak_57	16.24	tp	0
14-RGCRGCGRCKNCGGCAGCGS	STREME-14	5.9e-002	peak_27	16.18	tp	0
14-RGCRGCGRCKNCGGCAGCGS	STREME-14	5.9e-002	peak_801	15.94	tp	0
14-RGCRGCGRCKNCGGCAGCGS	STREME-14	5.9e-002	peak_261	15.92	tp	0
14-RGCRGCGRCKNCGGCAGCGS	STREME-14	5.9e-002	peak_40	15.85	tp	0
14-RGCRGCGRCKNCGGCAGCGS	STREME-14	5.9e-002	peak_276	15.83	tp	0
14-RGCRGCGRCKNCGGCAGCGS	STREME-14	5.9e-002	peak_537	15.80	tp	0
14-RGCRGCGRCKNCGGCAGCGS	STREME-14	5.9e-002	peak_432	15.74	tp	0
14-RGCRGCGRCKNCGGCAGCGS	STREME-14	5.9e-002	peak_730	15.52	fp	0
14-RGCRGCGRCKNCGGCAGCGS	STREME-14	5.9e-002	peak_54	15.46	tp	0
14-RGCRGCGRCKNCGGCAGCGS	STREME-14	5.9e-002	peak_716	15.44	tp	0
14-RGCRGCGRCKNCGGCAGCGS	STREME-14	5.9e-002	peak_667	15.41	fp	0
14-RGCRGCGRCKNCGGCAGCGS	STREME-14	5.9e-002	peak_663	15.28	tp	0
14-RGCRGCGRCKNCGGCAGCGS	STREME-14	5.9e-002	peak_672	15.24	tp	0
14-RGCRGCGRCKNCGGCAGCGS	STREME-14	5.9e-002	peak_153	15.17	tp	0
14-RGCRGCGRCKNCGGCAGCGS	STREME-14	5.9e-002	peak_747	15.15	fp	0
14-RGCRGCGRCKNCGGCAGCGS	STREME-14	5.9e-002	peak_361	15.12	tp	0
14-RGCRGCGRCKNCGGCAGCGS	STREME-14	5.9e-002	peak_103	15.11	tp	0
14-RGCRGCGRCKNCGGCAGCGS	STREME-14	5.9e-002	peak_240	15.08	tp	0
14-RGCRGCGRCKNCGGCAGCGS	STREME-14	5.9e-002	peak_407	15.04	tp	0
14-RGCRGCGRCKNCGGCAGCGS	STREME-14	5.9e-002	peak_253	15.02	fp	0
14-RGCRGCGRCKNCGGCAGCGS	STREME-14	5.9e-002	peak_84	15.00	fp	0
14-RGCRGCGRCKNCGGCAGCGS	STREME-14	5.9e-002	peak_392	15.00	tp	0
14-RGCRGCGRCKNCGGCAGCGS	STREME-14	5.9e-002	peak_400	14.91	tp	0
14-RGCRGCGRCKNCGGCAGCGS	STREME-14	5.9e-002	peak_536	14.76	tp	0
14-RGCRGCGRCKNCGGCAGCGS	STREME-14	5.9e-002	peak_665	14.75	tp	0
14-RGCRGCGRCKNCGGCAGCGS	STREME-14	5.9e-002	peak_641	14.61	tp	0
14-RGCRGCGRCKNCGGCAGCGS	STREME-14	5.9e-002	peak_726	14.55	tp	0
14-RGCRGCGRCKNCGGCAGCGS	STREME-14	5.9e-002	peak_253	14.50	tp	0
14-RGCRGCGRCKNCGGCAGCGS	STREME-14	5.9e-002	peak_93	14.49	fp	0
14-RGCRGCGRCKNCGGCAGCGS	STREME-14	5.9e-002	peak_667	14.41	tp	0
14-RGCRGCGRCKNCGGCAGCGS	STREME-14	5.9e-002	peak_388	14.37	tp	0
14-RGCRGCGRCKNCGGCAGCGS	STREME-14	5.9e-002	peak_851	14.36	fp	1
14-RGCRGCGRCKNCGGCAGCGS	STREME-14	5.9e-002	peak_219	14.28	tp	0
14-RGCRGCGRCKNCGGCAGCGS	STREME-14	5.9e-002	peak_293	14.22	tp	0
14-RGCRGCGRCKNCGGCAGCGS	STREME-14	5.9e-002	peak_537	14.21	fp	0
14-RGCRGCGRCKNCGGCAGCGS	STREME-14	5.9e-002	peak_602	14.20	tp	0
14-RGCRGCGRCKNCGGCAGCGS	STREME-14	5.9e-002	peak_287	14.19	tp	0
14-RGCRGCGRCKNCGGCAGCGS	STREME-14	5.9e-002	peak_620	14.18	tp	0
14-RGCRGCGRCKNCGGCAGCGS	STREME-14	5.9e-002	peak_164	14.13	fp	0
14-RGCRGCGRCKNCGGCAGCGS	STREME-14	5.9e-002	peak_48	13.97	tp	0
14-RGCRGCGRCKNCGGCAGCGS	STREME-14	5.9e-002	peak_496	13.93	tp	0
14-RGCRGCGRCKNCGGCAGCGS	STREME-14	5.9e-002	peak_711	13.92	tp	1
14-RGCRGCGRCKNCGGCAGCGS	STREME-14	5.9e-002	peak_657	13.88	tp	0
14-RGCRGCGRCKNCGGCAGCGS	STREME-14	5.9e-002	peak_675	13.84	fp	0
14-RGCRGCGRCKNCGGCAGCGS	STREME-14	5.9e-002	peak_270	13.81	tp	0
14-RGCRGCGRCKNCGGCAGCGS	STREME-14	5.9e-002	peak_348	13.80	tp	0
14-RGCRGCGRCKNCGGCAGCGS	STREME-14	5.9e-002	peak_718	13.79	tp	0
14-RGCRGCGRCKNCGGCAGCGS	STREME-14	5.9e-002	peak_283	13.67	tp	0
14-RGCRGCGRCKNCGGCAGCGS	STREME-14	5.9e-002	peak_44	13.61	fp	0
14-RGCRGCGRCKNCGGCAGCGS	STREME-14	5.9e-002	peak_15	13.58	tp	0
14-RGCRGCGRCKNCGGCAGCGS	STREME-14	5.9e-002	peak_491	13.56	fp	0
14-RGCRGCGRCKNCGGCAGCGS	STREME-14	5.9e-002	peak_250	13.53	fp	0
14-RGCRGCGRCKNCGGCAGCGS	STREME-14	5.9e-002	peak_487	13.52	tp	0
14-RGCRGCGRCKNCGGCAGCGS	STREME-14	5.9e-002	peak_241	13.52	fp	0
14-RGCRGCGRCKNCGGCAGCGS	STREME-14	5.9e-002	peak_93	13.50	tp	0
14-RGCRGCGRCKNCGGCAGCGS	STREME-14	5.9e-002	peak_620	13.50	fp	0
14-RGCRGCGRCKNCGGCAGCGS	STREME-14	5.9e-002	peak_749	13.48	tp	0
14-RGCRGCGRCKNCGGCAGCGS	STREME-14	5.9e-002	peak_676	13.44	tp	0
14-RGCRGCGRCKNCGGCAGCGS	STREME-14	5.9e-002	peak_509	13.42	tp	0
14-RGCRGCGRCKNCGGCAGCGS	STREME-14	5.9e-002	peak_481	13.41	tp	0
14-RGCRGCGRCKNCGGCAGCGS	STREME-14	5.9e-002	peak_204	13.40	tp	1
14-RGCRGCGRCKNCGGCAGCGS	STREME-14	5.9e-002	peak_317	13.35	tp	0
14-RGCRGCGRCKNCGGCAGCGS	STREME-14	5.9e-002	peak_164	13.30	tp	0
14-RGCRGCGRCKNCGGCAGCGS	STREME-14	5.9e-002	peak_383	13.29	tp	0
14-RGCRGCGRCKNCGGCAGCGS	STREME-14	5.9e-002	peak_350	13.28	tp	0
14-RGCRGCGRCKNCGGCAGCGS	STREME-14	5.9e-002	peak_778	13.27	fp	0
14-RGCRGCGRCKNCGGCAGCGS	STREME-14	5.9e-002	peak_840	13.25	tp	1
14-RGCRGCGRCKNCGGCAGCGS	STREME-14	5.9e-002	peak_616	13.18	fp	0
14-RGCRGCGRCKNCGGCAGCGS	STREME-14	5.9e-002	peak_85	13.17	tp	0
14-RGCRGCGRCKNCGGCAGCGS	STREME-14	5.9e-002	peak_823	13.13	fp	0
14-RGCRGCGRCKNCGGCAGCGS	STREME-14	5.9e-002	peak_56	13.08	tp	0
14-RGCRGCGRCKNCGGCAGCGS	STREME-14	5.9e-002	peak_246	13.04	tp	0
14-RGCRGCGRCKNCGGCAGCGS	STREME-14	5.9e-002	peak_461	13.02	tp	0
14-RGCRGCGRCKNCGGCAGCGS	STREME-14	5.9e-002	peak_379	12.97	tp	0
14-RGCRGCGRCKNCGGCAGCGS	STREME-14	5.9e-002	peak_23	12.94	fp	0
14-RGCRGCGRCKNCGGCAGCGS	STREME-14	5.9e-002	peak_72	12.94	tp	0
14-RGCRGCGRCKNCGGCAGCGS	STREME-14	5.9e-002	peak_746	12.90	tp	0
14-RGCRGCGRCKNCGGCAGCGS	STREME-14	5.9e-002	peak_511	12.88	tp	0
14-RGCRGCGRCKNCGGCAGCGS	STREME-14	5.9e-002	peak_610	12.87	tp	0
14-RGCRGCGRCKNCGGCAGCGS	STREME-14	5.9e-002	peak_207	12.85	tp	0
14-RGCRGCGRCKNCGGCAGCGS	STREME-14	5.9e-002	peak_714	12.85	tp	0
14-RGCRGCGRCKNCGGCAGCGS	STREME-14	5.9e-002	peak_772	12.85	tp	0
14-RGCRGCGRCKNCGGCAGCGS	STREME-14	5.9e-002	peak_727	12.84	tp	0
14-RGCRGCGRCKNCGGCAGCGS	STREME-14	5.9e-002	peak_790	12.75	tp	0
14-RGCRGCGRCKNCGGCAGCGS	STREME-14	5.9e-002	peak_778	12.66	tp	0
14-RGCRGCGRCKNCGGCAGCGS	STREME-14	5.9e-002	peak_462	12.64	tp	0
14-RGCRGCGRCKNCGGCAGCGS	STREME-14	5.9e-002	peak_297	12.62	tp	0
14-RGCRGCGRCKNCGGCAGCGS	STREME-14	5.9e-002	peak_333	12.59	fp	0
14-RGCRGCGRCKNCGGCAGCGS	STREME-14	5.9e-002	peak_636	12.53	tp	0
14-RGCRGCGRCKNCGGCAGCGS	STREME-14	5.9e-002	peak_643	12.53	tp	0
14-RGCRGCGRCKNCGGCAGCGS	STREME-14	5.9e-002	peak_374	12.52	tp	0
14-RGCRGCGRCKNCGGCAGCGS	STREME-14	5.9e-002	peak_567	12.50	tp	0
14-RGCRGCGRCKNCGGCAGCGS	STREME-14	5.9e-002	peak_728	12.48	tp	0
14-RGCRGCGRCKNCGGCAGCGS	STREME-14	5.9e-002	peak_660	12.47	fp	0
14-RGCRGCGRCKNCGGCAGCGS	STREME-14	5.9e-002	peak_576	12.45	tp	0
14-RGCRGCGRCKNCGGCAGCGS	STREME-14	5.9e-002	peak_775	12.44	tp	0
14-RGCRGCGRCKNCGGCAGCGS	STREME-14	5.9e-002	peak_832	12.40	tp	0
14-RGCRGCGRCKNCGGCAGCGS	STREME-14	5.9e-002	peak_22	12.39	tp	0
14-RGCRGCGRCKNCGGCAGCGS	STREME-14	5.9e-002	peak_601	12.36	tp	1
14-RGCRGCGRCKNCGGCAGCGS	STREME-14	5.9e-002	peak_764	12.34	tp	0
14-RGCRGCGRCKNCGGCAGCGS	STREME-14	5.9e-002	peak_480	12.32	fp	0
14-RGCRGCGRCKNCGGCAGCGS	STREME-14	5.9e-002	peak_290	12.31	tp	0
14-RGCRGCGRCKNCGGCAGCGS	STREME-14	5.9e-002	peak_116	12.31	tp	0
14-RGCRGCGRCKNCGGCAGCGS	STREME-14	5.9e-002	peak_241	12.30	tp	0
#
15-ACAGCTGT	STREME-15	1.2e-001	peak_437	13.88	tp	0
15-ACAGCTGT	STREME-15	1.2e-001	peak_487	13.88	tp	0
15-ACAGCTGT	STREME-15	1.2e-001	peak_558	13.88	tp	0
15-ACAGCTGT	STREME-15	1.2e-001	peak_821	13.88	tp	0
15-ACAGCTGT	STREME-15	1.2e-001	peak_693	13.88	tp	0
15-ACAGCTGT	STREME-15	1.2e-001	peak_788	13.88	tp	0
15-ACAGCTGT	STREME-15	1.2e-001	peak_62	13.88	tp	0
15-ACAGCTGT	STREME-15	1.2e-001	peak_10	13.88	tp	0
15-ACAGCTGT	STREME-15	1.2e-001	peak_97	13.88	tp	0
15-ACAGCTGT	STREME-15	1.2e-001	peak_679	13.88	tp	0
15-ACAGCTGT	STREME-15	1.2e-001	peak_307	13.88	tp	0
15-ACAGCTGT	STREME-15	1.2e-001	peak_584	13.88	tp	0
15-ACAGCTGT	STREME-15	1.2e-001	peak_865	13.88	tp	0
15-ACAGCTGT	STREME-15	1.2e-001	peak_763	13.88	tp	0
15-ACAGCTGT	STREME-15	1.2e-001	peak_199	13.88	tp	0
15-ACAGCTGT	STREME-15	1.2e-001	peak_760	13.88	tp	0
15-ACAGCTGT	STREME-15	1.2e-001	peak_232	13.88	tp	0
15-ACAGCTGT	STREME-15	1.2e-001	peak_176	13.88	tp	0
15-ACAGCTGT	STREME-15	1.2e-001	peak_31	13.88	tp	0
15-ACAGCTGT	STREME-15	1.2e-001	peak_171	13.88	tp	0
15-ACAGCTGT	STREME-15	1.2e-001	peak_149	13.88	tp	0
15-ACAGCTGT	STREME-15	1.2e-001	peak_87	13.88	tp	0
15-ACAGCTGT	STREME-15	1.2e-001	peak_591	13.88	tp	0
15-ACAGCTGT	STREME-15	1.2e-001	peak_508	13.88	tp	0
15-ACAGCTGT	STREME-15	1.2e-001	peak_115	13.88	tp	0
15-ACAGCTGT	STREME-15	1.2e-001	peak_131	13.88	tp	0
15-ACAGCTGT	STREME-15	1.2e-001	peak_335	13.88	tp	0
15-ACAGCTGT	STREME-15	1.2e-001	peak_45	13.88	tp	0
15-ACAGCTGT	STREME-15	1.2e-001	peak_590	13.88	tp	0
15-ACAGCTGT	STREME-15	1.2e-001	peak_858	13.88	tp	0
15-ACAGCTGT	STREME-15	1.2e-001	peak_640	13.88	tp	0
15-ACAGCTGT	STREME-15	1.2e-001	peak_556	13.88	tp	0
15-ACAGCTGT	STREME-15	1.2e-001	peak_377	13.88	tp	0
15-ACAGCTGT	STREME-15	1.2e-001	peak_163	13.88	tp	0
15-ACAGCTGT	STREME-15	1.2e-001	peak_813	13.88	tp	0
15-ACAGCTGT	STREME-15	1.2e-001	peak_107	13.88	tp	0
15-ACAGCTGT	STREME-15	1.2e-001	peak_797	13.88	tp	0
15-ACAGCTGT	STREME-15	1.2e-001	peak_40	13.88	tp	0
15-ACAGCTGT	STREME-15	1.2e-001	peak_508	13.88	fp	0
15-ACAGCTGT	STREME-15	1.2e-001	peak_601	13.88	fp	0
15-ACAGCTGT	STREME-15	1.2e-001	peak_343	13.88	fp	0
15-ACAGCTGT	STREME-15	1.2e-001	peak_673	13.88	fp	0
15-ACAGCTGT	STREME-15	1.2e-001	peak_363	13.88	fp	0
15-ACAGCTGT	STREME-15	1.2e-001	peak_797	13.88	fp	0
15-ACAGCTGT	STREME-15	1.2e-001	peak_404	13.88	fp	0
15-ACAGCTGT	STREME-15	1.2e-001	peak_626	13.88	fp	0
15-ACAGCTGT	STREME-15	1.2e-001	peak_115	13.88	fp	0
15-ACAGCTGT	STREME-15	1.2e-001	peak_517	13.88	fp	0
15-ACAGCTGT	STREME-15	1.2e-001	peak_679	13.88	fp	1
15-ACAGCTGT	STREME-15	1.2e-001	peak_101	13.88	fp	1
15-ACAGCTGT	STREME-15	1.2e-001	peak_19	12.61	tp	0
15-ACAGCTGT	STREME-15	1.2e-001	peak_298	12.61	tp	0
15-ACAGCTGT	STREME-15	1.2e-001	peak_738	12.61	tp	0
15-ACAGCTGT	STREME-15	1.2e-001	peak_429	12.61	tp	0
15-ACAGCTGT	STREME-15	1.2e-001	peak_47	12.61	tp	0
15-ACAGCTGT	STREME-15	1.2e-001	peak_759	12.61	tp	0
15-ACAGCTGT	STREME-15	1.2e-001	peak_839	12.61	tp	0
15-ACAGCTGT	STREME-15	1.2e-001	peak_91	12.61	tp	0
15-ACAGCTGT	STREME-15	1.2e-001	peak_488	12.61	tp	0
15-ACAGCTGT	STREME-15	1.2e-001	peak_538	12.61	tp	0
15-ACAGCTGT	STREME-15	1.2e-001	peak_410	12.61	tp	0
15-ACAGCTGT	STREME-15	1.2e-001	peak_448	12.61	tp	0
15-ACAGCTGT	STREME-15	1.2e-001	peak_778	12.61	tp	0
15-ACAGCTGT	STREME-15	1.2e-001	peak_599	12.61	tp	0
15-ACAGCTGT	STREME-15	1.2e-001	peak_446	12.61	tp	0
15-ACAGCTGT	STREME-15	1.2e-001	peak_764	12.61	tp	0
15-ACAGCTGT	STREME-15	1.2e-001	peak_659	12.61	tp	0
15-ACAGCTGT	STREME-15	1.2e-001	peak_452	12.61	tp	0
15-ACAGCTGT	STREME-15	1.2e-001	peak_520	12.61	tp	0
15-ACAGCTGT	STREME-15	1.2e-001	peak_806	12.61	tp	0
15-ACAGCTGT	STREME-15	1.2e-001	peak_745	12.61	tp	0
15-ACAGCTGT	STREME-15	1.2e-001	peak_272	12.61	tp	0
15-ACAGCTGT	STREME-15	1.2e-001	peak_376	12.61	tp	0
15-ACAGCTGT	STREME-15	1.2e-001	peak_475	12.61	tp	0
15-ACAGCTGT	STREME-15	1.2e-001	peak_627	12.61	tp	0
15-ACAGCTGT	STREME-15	1.2e-001	peak_517	12.61	tp	0
15-ACAGCTGT	STREME-15	1.2e-001	peak_41	12.61	tp	0
15-ACAGCTGT	STREME-15	1.2e-001	peak_814	12.61	tp	0
15-ACAGCTGT	STREME-15	1.2e-001	peak_531	12.61	tp	0
15-ACAGCTGT	STREME-15	1.2e-001	peak_246	12.61	tp	0
15-ACAGCTGT	STREME-15	1.2e-001	peak_405	12.61	tp	0
15-ACAGCTGT	STREME-15	1.2e-001	peak_308	12.61	tp	0
15-ACAGCTGT	STREME-15	1.2e-001	peak_648	12.61	tp	0
15-ACAGCTGT	STREME-15	1.2e-001	peak_38	12.61	tp	0
15-ACAGCTGT	STREME-15	1.2e-001	peak_154	12.61	tp	0
15-ACAGCTGT	STREME-15	1.2e-001	peak_142	12.61	tp	0
15-ACAGCTGT	STREME-15	1.2e-001	peak_385	12.61	tp	0
15-ACAGCTGT	STREME-15	1.2e-001	peak_367	12.61	tp	0
15-ACAGCTGT	STREME-15	1.2e-001	peak_543	12.61	tp	0
15-ACAGCTGT	STREME-15	1.2e-001	peak_615	12.61	tp	0
15-ACAGCTGT	STREME-15	1.2e-001	peak_476	12.61	tp	0
15-ACAGCTGT	STREME-15	1.2e-001	peak_423	12.61	tp	0
15-ACAGCTGT	STREME-15	1.2e-001	peak_532	12.61	tp	0
15-ACAGCTGT	STREME-15	1.2e-001	peak_146	12.61	tp	0
15-ACAGCTGT	STREME-15	1.2e-001	peak_785	12.61	tp	0
15-ACAGCTGT	STREME-15	1.2e-001	peak_597	12.61	tp	0
15-ACAGCTGT	STREME-15	1.2e-001	peak_46	12.61	tp	0
15-ACAGCTGT	STREME-15	1.2e-001	peak_259	12.61	tp	0
15-ACAGCTGT	STREME-15	1.2e-001	peak_343	12.61	tp	0
15-ACAGCTGT	STREME-15	1.2e-001	peak_166	12.61	tp	0
15-ACAGCTGT	STREME-15	1.2e-001	peak_482	12.61	tp	0
15-ACAGCTGT	STREME-15	1.2e-001	peak_862	12.61	fp	0
15-ACAGCTGT	STREME-15	1.2e-001	peak_288	12.61	fp	0
15-ACAGCTGT	STREME-15	1.2e-001	peak_129	12.61	fp	0
15-ACAGCTGT	STREME-15	1.2e-001	peak_785	12.61	fp	0
15-ACAGCTGT	STREME-15	1.2e-001	peak_784	12.61	fp	0
15-ACAGCTGT	STREME-15	1.2e-001	peak_2	12.61	fp	0
15-ACAGCTGT	STREME-15	1.2e-001	peak_429	12.61	fp	0
15-ACAGCTGT	STREME-15	1.2e-001	peak_532	12.61	fp	0
15-ACAGCTGT	STREME-15	1.2e-001	peak_417	12.61	fp	0
15-ACAGCTGT	STREME-15	1.2e-001	peak_827	12.61	fp	0
15-ACAGCTGT	STREME-15	1.2e-001	peak_307	12.61	fp	0
15-ACAGCTGT	STREME-15	1.2e-001	peak_298	12.61	fp	0
15-ACAGCTGT	STREME-15	1.2e-001	peak_303	12.61	fp	0
15-ACAGCTGT	STREME-15	1.2e-001	peak_865	12.61	fp	0
15-ACAGCTGT	STREME-15	1.2e-001	peak_563	12.61	fp	0
15-ACAGCTGT	STREME-15	1.2e-001	peak_270	12.61	fp	0
15-ACAGCTGT	STREME-15	1.2e-001	peak_825	12.61	tp	1
15-ACAGCTGT	STREME-15	1.2e-001	peak_174	12.61	tp	1
15-ACAGCTGT	STREME-15	1.2e-001	peak_837	12.61	tp	1
15-ACAGCTGT	STREME-15	1.2e-001	peak_391	12.61	tp	1
15-ACAGCTGT	STREME-15	1.2e-001	peak_190	12.61	tp	1
15-ACAGCTGT	STREME-15	1.2e-001	peak_264	12.61	tp	1
15-ACAGCTGT	STREME-15	1.2e-001	peak_182	12.61	tp	1
15-ACAGCTGT	STREME-15	1.2e-001	peak_133	12.61	tp	1
15-ACAGCTGT	STREME-15	1.2e-001	peak_381	12.61	tp	1
15-ACAGCTGT	STREME-15	1.2e-001	peak_364	11.34	tp	0
15-ACAGCTGT	STREME-15	1.2e-001	peak_346	11.34	tp	0
15-ACAGCTGT	STREME-15	1.2e-001	peak_279	11.34	tp	0
15-ACAGCTGT	STREME-15	1.2e-001	peak_71	11.34	tp	0
15-ACAGCTGT	STREME-15	1.2e-001	peak_836	11.34	tp	0
15-ACAGCTGT	STREME-15	1.2e-001	peak_113	11.34	tp	0
15-ACAGCTGT	STREME-15	1.2e-001	peak_740	11.34	tp	0
15-ACAGCTGT	STREME-15	1.2e-001	peak_13	11.34	tp	0
15-ACAGCTGT	STREME-15	1.2e-001	peak_61	11.34	tp	0
15-ACAGCTGT	STREME-15	1.2e-001	peak_528	11.34	tp	0
15-ACAGCTGT	STREME-15	1.2e-001	peak_76	11.34	tp	0
15-ACAGCTGT	STREME-15	1.2e-001	peak_454	11.34	tp	0
15-ACAGCTGT	STREME-15	1.2e-001	peak_641	11.34	fp	0
15-ACAGCTGT	STREME-15	1.2e-001	peak_597	11.34	fp	0
15-ACAGCTGT	STREME-15	1.2e-001	peak_190	11.34	fp	0
15-ACAGCTGT	STREME-15	1.2e-001	peak_143	11.34	fp	0
15-ACAGCTGT	STREME-15	1.2e-001	peak_208	11.34	fp	1
15-ACAGCTGT	STREME-15	1.2e-001	peak_558	11.34	fp	1
